Optimize a Clifford + T circuit.
Input filename = /home/ryo-mtmt/TOpt/forme/tpar_benchmark/gf2^9_mult.tfc
Number of unknown gates = 0
Number of unknown qubit labels = 0
Circuit filename: /home/ryo-mtmt/TOpt/forme/tpar_benchmark/gf2^9_mult.tfc

n 27
n_x 27
n_y 0
n_z 0
m 201
[0] = H 19
[1] = H 20
[2] = H 21
[3] = H 22
[4] = H 23
[5] = H 24
[6] = H 25
[7] = H 26
[8] = CCZ 9 11 19
[9] = CCZ 8 12 19
[10] = CCZ 7 13 19
[11] = CCZ 6 14 19
[12] = CCZ 5 15 19
[13] = CCZ 4 16 19
[14] = CCZ 3 17 19
[15] = CCZ 2 18 19
[16] = CCZ 9 12 20
[17] = CCZ 8 13 20
[18] = CCZ 7 14 20
[19] = CCZ 6 15 20
[20] = CCZ 5 16 20
[21] = CCZ 4 17 20
[22] = CCZ 3 18 20
[23] = CCZ 9 13 21
[24] = CCZ 8 14 21
[25] = CCZ 7 15 21
[26] = CCZ 6 16 21
[27] = CCZ 5 17 21
[28] = CCZ 4 18 21
[29] = CCZ 9 14 22
[30] = CCZ 8 15 22
[31] = CCZ 7 16 22
[32] = CCZ 6 17 22
[33] = CCZ 5 18 22
[34] = CCZ 9 15 23
[35] = CCZ 8 16 23
[36] = CCZ 7 17 23
[37] = CCZ 6 18 23
[38] = CCZ 9 16 24
[39] = CCZ 8 17 24
[40] = CCZ 7 18 24
[41] = CCZ 9 17 25
[42] = CCZ 8 18 25
[43] = CCZ 9 18 26
[44] = H 19
[45] = H 20
[46] = H 21
[47] = H 22
[48] = H 23
[49] = H 24
[50] = H 25
[51] = H 26
[52] = CNOT 21 26
[53] = CNOT 20 25
[54] = CNOT 19 24
[55] = CNOT 27 23
[56] = CNOT 26 22
[57] = CNOT 25 21
[58] = CNOT 24 20
[59] = CNOT 23 19
[60] = H 19
[61] = H 20
[62] = H 21
[63] = H 22
[64] = H 23
[65] = H 24
[66] = H 25
[67] = H 26
[68] = H 27
[69] = CCZ 9 10 27
[70] = CCZ 8 11 27
[71] = CCZ 7 12 27
[72] = CCZ 6 13 27
[73] = CCZ 5 14 27
[74] = CCZ 4 15 27
[75] = CCZ 3 16 27
[76] = CCZ 2 17 27
[77] = CCZ 1 18 27
[78] = CCZ 8 10 26
[79] = CCZ 7 11 26
[80] = CCZ 6 12 26
[81] = CCZ 5 13 26
[82] = CCZ 4 14 26
[83] = CCZ 3 15 26
[84] = CCZ 2 16 26
[85] = CCZ 1 17 26
[86] = CCZ 7 10 25
[87] = CCZ 6 11 25
[88] = CCZ 5 12 25
[89] = CCZ 4 13 25
[90] = CCZ 3 14 25
[91] = CCZ 2 15 25
[92] = CCZ 1 16 25
[93] = CCZ 6 10 24
[94] = CCZ 5 11 24
[95] = CCZ 4 12 24
[96] = CCZ 3 13 24
[97] = CCZ 2 14 24
[98] = CCZ 1 15 24
[99] = CCZ 5 10 23
[100] = CCZ 4 11 23
[101] = CCZ 3 12 23
[102] = CCZ 2 13 23
[103] = CCZ 1 14 23
[104] = CCZ 4 10 22
[105] = CCZ 3 11 22
[106] = CCZ 2 12 22
[107] = CCZ 1 13 22
[108] = CCZ 3 10 21
[109] = CCZ 2 11 21
[110] = CCZ 1 12 21
[111] = CCZ 2 10 20
[112] = CCZ 1 11 20
[113] = CCZ 1 10 19
[114] = H 19
[115] = H 20
[116] = H 21
[117] = H 22
[118] = H 23
[119] = H 24
[120] = H 25
[121] = H 26
[122] = H 27

Algorithm used: todd

UniversalOptimize begin.
	Gate synthesis begin.

--- Testing Hamming Distance Version ---
in LempelX2_M4RI_Hamming　安定版　m4ri
		Round = 0 (Start m: 171)
--- Hamming Distance Stats ---
 Dist 1: 266 pairs
 Dist 2: 1485 pairs
 Dist 3: 3028 pairs
 Dist 4: 6354 pairs
 Dist 5: 3024 pairs
 Dist 6: 378 pairs
-------------------------------
  [HIT!] Dist=1 | Deleted: 8 cols
>> Round 0 Result: Hit Rate = 100% (1/1)
		Round = 1 (Start m: 163)
--- Hamming Distance Stats ---
 Dist 1: 198 pairs
 Dist 2: 1137 pairs
 Dist 3: 2342 pairs
 Dist 4: 5278 pairs
 Dist 5: 3390 pairs
 Dist 6: 796 pairs
 Dist 7: 62 pairs
-------------------------------
  [HIT!] Dist=1 | Deleted: 6 cols
>> Round 1 Result: Hit Rate = 100% (1/1)
		Round = 2 (Start m: 157)
--- Hamming Distance Stats ---
 Dist 1: 159 pairs
 Dist 2: 941 pairs
 Dist 3: 2050 pairs
 Dist 4: 4567 pairs
 Dist 5: 3427 pairs
 Dist 6: 994 pairs
 Dist 7: 106 pairs
 Dist 8: 2 pairs
-------------------------------
  [HIT!] Dist=1 | Deleted: 2 cols
>> Round 2 Result: Hit Rate = 33.3333% (1/3)
		Round = 3 (Start m: 155)
--- Hamming Distance Stats ---
 Dist 1: 158 pairs
 Dist 2: 781 pairs
 Dist 3: 1743 pairs
 Dist 4: 3909 pairs
 Dist 5: 3354 pairs
 Dist 6: 1586 pairs
 Dist 7: 371 pairs
 Dist 8: 33 pairs
-------------------------------
  [HIT!] Dist=1 | Deleted: 2 cols
>> Round 3 Result: Hit Rate = 14.2857% (1/7)
		Round = 4 (Start m: 153)
--- Hamming Distance Stats ---
 Dist 1: 137 pairs
 Dist 2: 543 pairs
 Dist 3: 1372 pairs
 Dist 4: 2884 pairs
 Dist 5: 3254 pairs
 Dist 6: 2192 pairs
 Dist 7: 998 pairs
 Dist 8: 229 pairs
 Dist 9: 19 pairs
-------------------------------
  [HIT!] Dist=1 | Deleted: 2 cols
>> Round 4 Result: Hit Rate = 5% (1/20)
		Round = 5 (Start m: 151)
--- Hamming Distance Stats ---
 Dist 1: 136 pairs
 Dist 2: 468 pairs
 Dist 3: 1205 pairs
 Dist 4: 2638 pairs
 Dist 5: 2696 pairs
 Dist 6: 2181 pairs
 Dist 7: 1297 pairs
 Dist 8: 568 pairs
 Dist 9: 126 pairs
 Dist 10: 10 pairs
-------------------------------
  [HIT!] Dist=1 | Deleted: 4 cols
>> Round 5 Result: Hit Rate = 2.85714% (1/35)
		Round = 6 (Start m: 147)
--- Hamming Distance Stats ---
 Dist 1: 126 pairs
 Dist 2: 387 pairs
 Dist 3: 1124 pairs
 Dist 4: 2306 pairs
 Dist 5: 2590 pairs
 Dist 6: 2123 pairs
 Dist 7: 1319 pairs
 Dist 8: 582 pairs
 Dist 9: 152 pairs
 Dist 10: 21 pairs
 Dist 11: 1 pairs
-------------------------------
  [HIT!] Dist=2 | Deleted: 2 cols
>> Round 6 Result: Hit Rate = 0.724638% (1/138)
		Round = 7 (Start m: 145)
--- Hamming Distance Stats ---
 Dist 1: 116 pairs
 Dist 2: 346 pairs
 Dist 3: 1045 pairs
 Dist 4: 2232 pairs
 Dist 5: 2498 pairs
 Dist 6: 2056 pairs
 Dist 7: 1280 pairs
 Dist 8: 607 pairs
 Dist 9: 202 pairs
 Dist 10: 53 pairs
 Dist 11: 5 pairs
-------------------------------
  [HIT!] Dist=2 | Deleted: 2 cols
>> Round 7 Result: Hit Rate = 0.8% (1/125)
		Round = 8 (Start m: 143)
--- Hamming Distance Stats ---
 Dist 1: 111 pairs
 Dist 2: 316 pairs
 Dist 3: 943 pairs
 Dist 4: 2029 pairs
 Dist 5: 2344 pairs
 Dist 6: 1991 pairs
 Dist 7: 1317 pairs
 Dist 8: 717 pairs
 Dist 9: 299 pairs
 Dist 10: 78 pairs
 Dist 11: 8 pairs
-------------------------------
  [HIT!] Dist=1 | Deleted: 2 cols
>> Round 8 Result: Hit Rate = 1.5873% (1/63)
		Round = 9 (Start m: 141)
--- Hamming Distance Stats ---
 Dist 1: 108 pairs
 Dist 2: 310 pairs
 Dist 3: 907 pairs
 Dist 4: 1936 pairs
 Dist 5: 2415 pairs
 Dist 6: 2011 pairs
 Dist 7: 1375 pairs
 Dist 8: 633 pairs
 Dist 9: 159 pairs
 Dist 10: 16 pairs
-------------------------------
  [HIT!] Dist=2 | Deleted: 2 cols
>> Round 9 Result: Hit Rate = 0.292398% (1/342)
		Round = 10 (Start m: 139)
--- Hamming Distance Stats ---
 Dist 1: 104 pairs
 Dist 2: 289 pairs
 Dist 3: 828 pairs
 Dist 4: 1773 pairs
 Dist 5: 2318 pairs
 Dist 6: 2029 pairs
 Dist 7: 1400 pairs
 Dist 8: 645 pairs
 Dist 9: 176 pairs
 Dist 10: 27 pairs
 Dist 11: 2 pairs
-------------------------------
  [HIT!] Dist=4 | Deleted: 2 cols
>> Round 10 Result: Hit Rate = 0.0775795% (1/1289)
		Round = 11 (Start m: 137)
--- Hamming Distance Stats ---
 Dist 1: 84 pairs
 Dist 2: 225 pairs
 Dist 3: 622 pairs
 Dist 4: 1412 pairs
 Dist 5: 2011 pairs
 Dist 6: 2019 pairs
 Dist 7: 1575 pairs
 Dist 8: 849 pairs
 Dist 9: 369 pairs
 Dist 10: 125 pairs
 Dist 11: 25 pairs
-------------------------------
  [HIT!] Dist=9 | Deleted: 2 cols
>> Round 11 Result: Hit Rate = 0.0113379% (1/8820)
		Round = 12 (Start m: 135)
--- Hamming Distance Stats ---
 Dist 1: 77 pairs
 Dist 2: 208 pairs
 Dist 3: 566 pairs
 Dist 4: 1291 pairs
 Dist 5: 1879 pairs
 Dist 6: 1930 pairs
 Dist 7: 1561 pairs
 Dist 8: 905 pairs
 Dist 9: 435 pairs
 Dist 10: 151 pairs
 Dist 11: 37 pairs
 Dist 12: 4 pairs
 Dist 13: 1 pairs
-------------------------------
>> Round 12 Result: Hit Rate = 0% (0/9045)

=== Final Performance Statistics ===
Hamming time:   6 ms
Chi time:       3575 ms
Nullspace time: 56084 ms
Total attempts: 19889 (Success: 12)
END OF LEMPELX2 安定版
Total LempelX2_M4RI_Hamming time: 60424 ms
Hamming result size: 135 columns
		TODD executed in 60.3481 seconds.
		Total time: 60.3486s
	Gate synthesis end.
	Input has T-Count zero. Outputting the input.
	Gate synthesis begin.

--- Testing Hamming Distance Version ---
in LempelX2_M4RI_Hamming　安定版　m4ri
		Round = 0 (Start m: 180)
--- Hamming Distance Stats ---
 Dist 1: 176 pairs
 Dist 2: 928 pairs
 Dist 3: 1580 pairs
 Dist 4: 2672 pairs
 Dist 5: 4464 pairs
 Dist 6: 4116 pairs
 Dist 7: 1864 pairs
 Dist 8: 310 pairs
-------------------------------
  [HIT!] Dist=1 | Deleted: 4 cols
>> Round 0 Result: Hit Rate = 33.3333% (1/3)
		Round = 1 (Start m: 176)
--- Hamming Distance Stats ---
 Dist 1: 154 pairs
 Dist 2: 738 pairs
 Dist 3: 1470 pairs
 Dist 4: 2430 pairs
 Dist 5: 3856 pairs
 Dist 6: 3904 pairs
 Dist 7: 2182 pairs
 Dist 8: 600 pairs
 Dist 9: 66 pairs
-------------------------------
  [HIT!] Dist=1 | Deleted: 6 cols
>> Round 1 Result: Hit Rate = 25% (1/4)
		Round = 2 (Start m: 170)
--- Hamming Distance Stats ---
 Dist 1: 145 pairs
 Dist 2: 628 pairs
 Dist 3: 1302 pairs
 Dist 4: 2127 pairs
 Dist 5: 3290 pairs
 Dist 6: 3563 pairs
 Dist 7: 2324 pairs
 Dist 8: 842 pairs
 Dist 9: 139 pairs
 Dist 10: 5 pairs
-------------------------------
  [HIT!] Dist=1 | Deleted: 2 cols
>> Round 2 Result: Hit Rate = 20% (1/5)
		Round = 3 (Start m: 168)
--- Hamming Distance Stats ---
 Dist 1: 129 pairs
 Dist 2: 534 pairs
 Dist 3: 1082 pairs
 Dist 4: 1865 pairs
 Dist 5: 2979 pairs
 Dist 6: 3518 pairs
 Dist 7: 2542 pairs
 Dist 8: 1091 pairs
 Dist 9: 260 pairs
 Dist 10: 28 pairs
-------------------------------
  [HIT!] Dist=1 | Deleted: 2 cols
>> Round 3 Result: Hit Rate = 33.3333% (1/3)
		Round = 4 (Start m: 166)
--- Hamming Distance Stats ---
 Dist 1: 138 pairs
 Dist 2: 416 pairs
 Dist 3: 858 pairs
 Dist 4: 1445 pairs
 Dist 5: 2317 pairs
 Dist 6: 3020 pairs
 Dist 7: 2876 pairs
 Dist 8: 1792 pairs
 Dist 9: 679 pairs
 Dist 10: 142 pairs
 Dist 11: 12 pairs
-------------------------------
  [HIT!] Dist=1 | Deleted: 6 cols
>> Round 4 Result: Hit Rate = 25% (1/4)
		Round = 5 (Start m: 160)
--- Hamming Distance Stats ---
 Dist 1: 123 pairs
 Dist 2: 348 pairs
 Dist 3: 661 pairs
 Dist 4: 1149 pairs
 Dist 5: 1865 pairs
 Dist 6: 2587 pairs
 Dist 7: 2752 pairs
 Dist 8: 1938 pairs
 Dist 9: 920 pairs
 Dist 10: 307 pairs
 Dist 11: 63 pairs
 Dist 12: 7 pairs
-------------------------------
  [HIT!] Dist=1 | Deleted: 6 cols
>> Round 5 Result: Hit Rate = 50% (1/2)
		Round = 6 (Start m: 154)
--- Hamming Distance Stats ---
 Dist 1: 102 pairs
 Dist 2: 306 pairs
 Dist 3: 650 pairs
 Dist 4: 1141 pairs
 Dist 5: 1764 pairs
 Dist 6: 2146 pairs
 Dist 7: 2123 pairs
 Dist 8: 1731 pairs
 Dist 9: 1133 pairs
 Dist 10: 508 pairs
 Dist 11: 143 pairs
 Dist 12: 29 pairs
 Dist 13: 5 pairs
-------------------------------
  [HIT!] Dist=2 | Deleted: 2 cols
>> Round 6 Result: Hit Rate = 0.657895% (1/152)
		Round = 7 (Start m: 152)
--- Hamming Distance Stats ---
 Dist 1: 84 pairs
 Dist 2: 241 pairs
 Dist 3: 588 pairs
 Dist 4: 1070 pairs
 Dist 5: 1652 pairs
 Dist 6: 2071 pairs
 Dist 7: 2129 pairs
 Dist 8: 1750 pairs
 Dist 9: 1141 pairs
 Dist 10: 523 pairs
 Dist 11: 163 pairs
 Dist 12: 46 pairs
 Dist 13: 15 pairs
 Dist 14: 3 pairs
-------------------------------
  [HIT!] Dist=3 | Deleted: 2 cols
>> Round 7 Result: Hit Rate = 0.206612% (1/484)
		Round = 8 (Start m: 150)
--- Hamming Distance Stats ---
 Dist 1: 82 pairs
 Dist 2: 238 pairs
 Dist 3: 571 pairs
 Dist 4: 1010 pairs
 Dist 5: 1536 pairs
 Dist 6: 1888 pairs
 Dist 7: 1904 pairs
 Dist 8: 1589 pairs
 Dist 9: 1143 pairs
 Dist 10: 657 pairs
 Dist 11: 300 pairs
 Dist 12: 145 pairs
 Dist 13: 67 pairs
 Dist 14: 29 pairs
 Dist 15: 13 pairs
 Dist 16: 3 pairs
-------------------------------
  [HIT!] Dist=1 | Deleted: 2 cols
>> Round 8 Result: Hit Rate = 6.66667% (1/15)
		Round = 9 (Start m: 148)
--- Hamming Distance Stats ---
 Dist 1: 83 pairs
 Dist 2: 243 pairs
 Dist 3: 615 pairs
 Dist 4: 1082 pairs
 Dist 5: 1649 pairs
 Dist 6: 1988 pairs
 Dist 7: 1935 pairs
 Dist 8: 1516 pairs
 Dist 9: 968 pairs
 Dist 10: 480 pairs
 Dist 11: 193 pairs
 Dist 12: 80 pairs
 Dist 13: 30 pairs
 Dist 14: 13 pairs
 Dist 15: 3 pairs
-------------------------------
  [HIT!] Dist=2 | Deleted: 2 cols
>> Round 9 Result: Hit Rate = 0.4329% (1/231)
		Round = 10 (Start m: 146)
--- Hamming Distance Stats ---
 Dist 1: 76 pairs
 Dist 2: 216 pairs
 Dist 3: 552 pairs
 Dist 4: 1024 pairs
 Dist 5: 1594 pairs
 Dist 6: 1925 pairs
 Dist 7: 1868 pairs
 Dist 8: 1474 pairs
 Dist 9: 997 pairs
 Dist 10: 521 pairs
 Dist 11: 209 pairs
 Dist 12: 85 pairs
 Dist 13: 29 pairs
 Dist 14: 12 pairs
 Dist 15: 3 pairs
-------------------------------
>> Round 10 Result: Hit Rate = 0% (0/10585)

=== Final Performance Statistics ===
Hamming time:   6 ms
Chi time:       2172 ms
Nullspace time: 33132 ms
Total attempts: 11488 (Success: 10)
END OF LEMPELX2 安定版
Total LempelX2_M4RI_Hamming time: 35751 ms
Hamming result size: 146 columns
		TODD executed in 35.7051 seconds.
		Total time: 35.7055s
	Gate synthesis end.
	Total time: 97.0032s
UniversalOptimize end.
Output circuit:
n 27
n_x 27
n_y 0
n_z 0
m 5701
[0] = H 19
[1] = H 20
[2] = H 21
[3] = H 22
[4] = H 23
[5] = H 24
[6] = H 25
[7] = H 26
[8] = CNOT 1 18
[9] = T 1
[10] = S 1
[11] = CNOT 1 18
[12] = CNOT 9 11
[13] = T 9
[14] = S 9
[15] = CNOT 9 19
[16] = T 9
[17] = CNOT 9 19
[18] = CNOT 9 11
[19] = CNOT 11 19
[20] = T 11
[21] = S 11
[22] = CNOT 11 19
[23] = CNOT 9 25
[24] = T 9
[25] = S 9
[26] = CNOT 9 25
[27] = T 1
[28] = Z 1
[29] = CNOT 8 12
[30] = CNOT 8 18
[31] = CNOT 8 24
[32] = T 8
[33] = CNOT 8 24
[34] = CNOT 8 21
[35] = T 8
[36] = CNOT 8 21
[37] = CNOT 8 18
[38] = CNOT 8 16
[39] = CNOT 8 19
[40] = T 8
[41] = CNOT 8 19
[42] = CNOT 8 12
[43] = CNOT 14 16
[44] = CNOT 14 20
[45] = T 14
[46] = S 14
[47] = CNOT 14 20
[48] = CNOT 14 16
[49] = CNOT 8 14
[50] = CNOT 8 18
[51] = CNOT 8 20
[52] = T 8
[53] = CNOT 8 20
[54] = CNOT 8 18
[55] = CNOT 8 16
[56] = CNOT 8 14
[57] = CNOT 8 11
[58] = T 8
[59] = S 8
[60] = CNOT 8 11
[61] = CNOT 7 13
[62] = CNOT 7 20
[63] = T 7
[64] = S 7
[65] = Z 7
[66] = CNOT 7 19
[67] = T 7
[68] = CNOT 7 20
[69] = CNOT 7 19
[70] = CNOT 7 13
[71] = CNOT 13 19
[72] = CNOT 13 20
[73] = T 13
[74] = S 13
[75] = Z 13
[76] = CNOT 13 20
[77] = CNOT 13 19
[78] = CNOT 12 19
[79] = CNOT 12 20
[80] = T 12
[81] = S 12
[82] = CNOT 12 20
[83] = CNOT 12 19
[84] = CNOT 8 12
[85] = CNOT 8 17
[86] = CNOT 8 18
[87] = CNOT 8 24
[88] = T 8
[89] = CNOT 8 24
[90] = CNOT 8 17
[91] = CNOT 8 12
[92] = CNOT 12 14
[93] = T 12
[94] = Z 12
[95] = CNOT 12 14
[96] = CNOT 6 9
[97] = CNOT 6 18
[98] = CNOT 6 19
[99] = CNOT 6 20
[100] = T 6
[101] = CNOT 6 20
[102] = CNOT 6 18
[103] = CNOT 6 14
[104] = T 6
[105] = CNOT 6 19
[106] = CNOT 7 9
[107] = CNOT 7 12
[108] = CNOT 7 24
[109] = T 7
[110] = CNOT 7 24
[111] = CNOT 7 12
[112] = CNOT 7 9
[113] = CNOT 6 18
[114] = CNOT 6 20
[115] = T 6
[116] = CNOT 6 20
[117] = CNOT 6 18
[118] = CNOT 6 14
[119] = CNOT 6 9
[120] = CNOT 3 16
[121] = T 3
[122] = S 3
[123] = CNOT 3 16
[124] = CNOT 5 7
[125] = CNOT 5 12
[126] = CNOT 5 15
[127] = CNOT 5 16
[128] = T 5
[129] = CNOT 5 19
[130] = T 5
[131] = CNOT 5 19
[132] = CNOT 5 15
[133] = CNOT 5 7
[134] = CNOT 7 12
[135] = CNOT 7 15
[136] = CNOT 7 16
[137] = CNOT 7 19
[138] = T 7
[139] = CNOT 7 19
[140] = CNOT 7 16
[141] = CNOT 7 15
[142] = CNOT 7 12
[143] = CNOT 5 7
[144] = CNOT 5 14
[145] = CNOT 5 18
[146] = CNOT 5 20
[147] = T 5
[148] = CNOT 5 20
[149] = CNOT 5 18
[150] = CNOT 5 12
[151] = CNOT 5 7
[152] = CNOT 9 10
[153] = T 9
[154] = S 9
[155] = CNOT 9 10
[156] = T 10
[157] = Z 10
[158] = CNOT 4 12
[159] = CNOT 4 16
[160] = CNOT 4 18
[161] = CNOT 4 20
[162] = T 4
[163] = CNOT 4 19
[164] = T 4
[165] = CNOT 4 16
[166] = CNOT 7 12
[167] = CNOT 7 16
[168] = CNOT 7 19
[169] = CNOT 7 20
[170] = T 7
[171] = CNOT 7 20
[172] = CNOT 7 19
[173] = CNOT 7 16
[174] = CNOT 7 12
[175] = T 4
[176] = CNOT 4 20
[177] = CNOT 4 19
[178] = CNOT 4 18
[179] = CNOT 4 12
[180] = CNOT 3 7
[181] = CNOT 3 17
[182] = CNOT 3 18
[183] = T 3
[184] = CNOT 3 17
[185] = T 3
[186] = Z 3
[187] = CNOT 3 19
[188] = T 3
[189] = CNOT 3 7
[190] = CNOT 7 17
[191] = CNOT 7 19
[192] = T 7
[193] = S 7
[194] = Z 7
[195] = CNOT 7 19
[196] = CNOT 7 17
[197] = CNOT 3 7
[198] = CNOT 3 17
[199] = T 3
[200] = CNOT 3 19
[201] = CNOT 3 18
[202] = CNOT 3 17
[203] = CNOT 3 7
[204] = CNOT 2 17
[205] = CNOT 2 18
[206] = T 2
[207] = S 2
[208] = Z 2
[209] = CNOT 2 18
[210] = CNOT 8 25
[211] = T 8
[212] = CNOT 8 25
[213] = CNOT 8 12
[214] = CNOT 8 17
[215] = T 8
[216] = CNOT 8 18
[217] = CNOT 8 17
[218] = CNOT 8 12
[219] = CNOT 2 19
[220] = T 2
[221] = S 2
[222] = Z 2
[223] = CNOT 2 17
[224] = CNOT 17 25
[225] = T 17
[226] = S 17
[227] = CNOT 17 25
[228] = CNOT 2 17
[229] = CNOT 2 18
[230] = T 2
[231] = CNOT 2 19
[232] = CNOT 2 18
[233] = CNOT 2 17
[234] = CNOT 8 25
[235] = T 8
[236] = S 8
[237] = CNOT 8 25
[238] = CNOT 9 12
[239] = CNOT 9 18
[240] = T 9
[241] = S 9
[242] = Z 9
[243] = CNOT 9 20
[244] = T 9
[245] = CNOT 9 20
[246] = CNOT 9 18
[247] = CNOT 9 12
[248] = CNOT 18 25
[249] = T 18
[250] = S 18
[251] = CNOT 18 25
[252] = CNOT 7 12
[253] = CNOT 7 16
[254] = CNOT 7 24
[255] = T 7
[256] = CNOT 7 24
[257] = CNOT 8 13
[258] = T 8
[259] = S 8
[260] = CNOT 8 20
[261] = T 8
[262] = CNOT 8 20
[263] = CNOT 8 13
[264] = CNOT 7 13
[265] = CNOT 7 21
[266] = T 7
[267] = CNOT 7 21
[268] = CNOT 7 16
[269] = CNOT 7 13
[270] = CNOT 8 14
[271] = CNOT 8 18
[272] = CNOT 8 19
[273] = T 8
[274] = CNOT 8 18
[275] = CNOT 8 14
[276] = CNOT 5 18
[277] = CNOT 5 21
[278] = CNOT 5 22
[279] = T 5
[280] = CNOT 5 22
[281] = CNOT 5 21
[282] = CNOT 7 14
[283] = CNOT 7 20
[284] = T 7
[285] = CNOT 7 20
[286] = CNOT 7 14
[287] = CNOT 7 12
[288] = CNOT 12 14
[289] = CNOT 12 20
[290] = T 12
[291] = Z 12
[292] = CNOT 12 20
[293] = CNOT 12 14
[294] = CNOT 9 26
[295] = T 9
[296] = S 9
[297] = CNOT 6 15
[298] = T 6
[299] = S 6
[300] = CNOT 6 20
[301] = T 6
[302] = CNOT 6 20
[303] = CNOT 6 15
[304] = CNOT 15 20
[305] = T 15
[306] = S 15
[307] = CNOT 15 20
[308] = CNOT 6 14
[309] = CNOT 6 18
[310] = CNOT 6 19
[311] = T 6
[312] = CNOT 6 18
[313] = CNOT 4 15
[314] = T 4
[315] = S 4
[316] = CNOT 4 15
[317] = CNOT 5 7
[318] = CNOT 5 12
[319] = CNOT 5 19
[320] = T 5
[321] = CNOT 5 19
[322] = CNOT 5 18
[323] = CNOT 5 16
[324] = CNOT 5 14
[325] = CNOT 18 26
[326] = T 18
[327] = S 18
[328] = CNOT 18 26
[329] = CNOT 5 20
[330] = T 5
[331] = CNOT 5 20
[332] = CNOT 5 12
[333] = CNOT 5 7
[334] = CNOT 4 12
[335] = CNOT 4 17
[336] = CNOT 4 18
[337] = T 4
[338] = CNOT 4 20
[339] = T 4
[340] = CNOT 4 20
[341] = CNOT 4 18
[342] = CNOT 4 17
[343] = CNOT 4 12
[344] = CNOT 12 17
[345] = CNOT 12 18
[346] = CNOT 12 20
[347] = T 12
[348] = CNOT 12 20
[349] = CNOT 12 18
[350] = CNOT 12 17
[351] = CNOT 9 18
[352] = T 9
[353] = CNOT 9 26
[354] = CNOT 9 18
[355] = CNOT 3 18
[356] = T 3
[357] = S 3
[358] = Z 3
[359] = CNOT 3 20
[360] = T 3
[361] = CNOT 3 18
[362] = T 20
[363] = S 20
[364] = Z 20
[365] = T 3
[366] = S 3
[367] = CNOT 3 20
[368] = CNOT 7 9
[369] = CNOT 7 12
[370] = CNOT 7 13
[371] = CNOT 7 16
[372] = CNOT 7 21
[373] = T 7
[374] = CNOT 7 21
[375] = T 7
[376] = CNOT 7 9
[377] = T 7
[378] = CNOT 7 16
[379] = CNOT 7 13
[380] = T 26
[381] = CNOT 8 16
[382] = CNOT 8 20
[383] = CNOT 8 21
[384] = T 8
[385] = CNOT 8 21
[386] = CNOT 8 20
[387] = CNOT 8 19
[388] = CNOT 8 14
[389] = CNOT 8 18
[390] = T 8
[391] = CNOT 8 16
[392] = CNOT 16 19
[393] = CNOT 16 20
[394] = T 16
[395] = CNOT 16 20
[396] = CNOT 16 19
[397] = CNOT 8 19
[398] = CNOT 8 20
[399] = CNOT 8 21
[400] = T 8
[401] = CNOT 8 20
[402] = CNOT 8 19
[403] = CNOT 8 18
[404] = CNOT 8 14
[405] = CNOT 7 18
[406] = CNOT 7 24
[407] = T 7
[408] = CNOT 7 24
[409] = CNOT 7 18
[410] = CNOT 7 9
[411] = CNOT 7 15
[412] = CNOT 7 16
[413] = CNOT 7 21
[414] = T 7
[415] = CNOT 7 21
[416] = CNOT 7 16
[417] = CNOT 7 15
[418] = CNOT 7 12
[419] = CNOT 12 15
[420] = CNOT 12 16
[421] = T 12
[422] = S 12
[423] = Z 12
[424] = CNOT 12 16
[425] = CNOT 12 15
[426] = CNOT 7 12
[427] = T 7
[428] = CNOT 7 9
[429] = CNOT 7 14
[430] = CNOT 7 16
[431] = CNOT 7 18
[432] = CNOT 7 21
[433] = CNOT 7 22
[434] = T 7
[435] = CNOT 7 22
[436] = CNOT 7 21
[437] = CNOT 7 18
[438] = CNOT 7 16
[439] = CNOT 7 14
[440] = CNOT 7 12
[441] = CNOT 6 16
[442] = CNOT 6 18
[443] = CNOT 6 20
[444] = CNOT 6 21
[445] = T 6
[446] = CNOT 6 16
[447] = CNOT 5 7
[448] = CNOT 5 12
[449] = CNOT 5 18
[450] = CNOT 5 22
[451] = T 5
[452] = CNOT 5 22
[453] = CNOT 5 18
[454] = T 6
[455] = CNOT 6 21
[456] = CNOT 6 20
[457] = CNOT 6 19
[458] = CNOT 6 18
[459] = CNOT 6 14
[460] = CNOT 5 17
[461] = T 5
[462] = CNOT 5 21
[463] = T 5
[464] = CNOT 5 17
[465] = CNOT 5 7
[466] = CNOT 7 12
[467] = CNOT 7 17
[468] = CNOT 7 21
[469] = T 7
[470] = CNOT 7 21
[471] = CNOT 7 17
[472] = CNOT 7 12
[473] = CNOT 5 7
[474] = T 5
[475] = CNOT 5 21
[476] = CNOT 5 12
[477] = CNOT 4 12
[478] = T 4
[479] = S 4
[480] = CNOT 4 18
[481] = CNOT 4 21
[482] = T 4
[483] = CNOT 4 18
[484] = CNOT 4 12
[485] = CNOT 12 17
[486] = CNOT 12 18
[487] = CNOT 12 24
[488] = T 12
[489] = CNOT 12 24
[490] = CNOT 12 18
[491] = CNOT 12 17
[492] = CNOT 4 12
[493] = T 4
[494] = S 4
[495] = Z 4
[496] = CNOT 4 21
[497] = CNOT 4 12
[498] = CNOT 9 17
[499] = CNOT 9 25
[500] = T 9
[501] = CNOT 9 25
[502] = CNOT 9 17
[503] = CNOT 5 12
[504] = CNOT 5 14
[505] = CNOT 5 22
[506] = T 5
[507] = CNOT 5 22
[508] = CNOT 5 14
[509] = CNOT 9 14
[510] = CNOT 9 22
[511] = T 9
[512] = CNOT 9 22
[513] = CNOT 9 14
[514] = CNOT 5 16
[515] = CNOT 5 19
[516] = CNOT 5 20
[517] = CNOT 5 21
[518] = T 5
[519] = CNOT 5 20
[520] = CNOT 5 19
[521] = CNOT 5 12
[522] = CNOT 5 7
[523] = T 17
[524] = S 17
[525] = Z 17
[526] = CNOT 8 12
[527] = CNOT 8 15
[528] = CNOT 8 16
[529] = T 8
[530] = CNOT 8 22
[531] = T 8
[532] = CNOT 8 15
[533] = CNOT 8 12
[534] = CNOT 12 15
[535] = CNOT 12 16
[536] = CNOT 12 21
[537] = CNOT 12 22
[538] = T 12
[539] = CNOT 12 22
[540] = CNOT 12 21
[541] = CNOT 12 16
[542] = CNOT 12 15
[543] = CNOT 8 12
[544] = T 8
[545] = CNOT 8 22
[546] = CNOT 8 21
[547] = CNOT 8 16
[548] = CNOT 8 12
[549] = CNOT 8 18
[550] = T 8
[551] = S 8
[552] = Z 8
[553] = CNOT 8 18
[554] = CNOT 7 12
[555] = CNOT 7 21
[556] = CNOT 7 22
[557] = T 7
[558] = CNOT 7 22
[559] = CNOT 7 21
[560] = CNOT 7 12
[561] = CNOT 12 21
[562] = CNOT 12 22
[563] = T 12
[564] = S 12
[565] = CNOT 12 22
[566] = CNOT 12 21
[567] = CNOT 7 9
[568] = CNOT 7 12
[569] = CNOT 7 16
[570] = CNOT 7 24
[571] = T 7
[572] = CNOT 7 24
[573] = CNOT 7 16
[574] = CNOT 7 12
[575] = CNOT 7 9
[576] = CNOT 6 9
[577] = CNOT 6 17
[578] = T 6
[579] = S 6
[580] = Z 6
[581] = CNOT 6 22
[582] = T 6
[583] = CNOT 6 17
[584] = CNOT 6 9
[585] = CNOT 9 17
[586] = CNOT 9 22
[587] = T 9
[588] = S 9
[589] = Z 9
[590] = CNOT 9 22
[591] = CNOT 9 17
[592] = CNOT 6 9
[593] = T 6
[594] = S 6
[595] = Z 6
[596] = CNOT 6 22
[597] = CNOT 6 9
[598] = CNOT 5 22
[599] = T 5
[600] = CNOT 5 21
[601] = CNOT 5 16
[602] = CNOT 5 18
[603] = T 5
[604] = S 5
[605] = Z 5
[606] = CNOT 5 22
[607] = CNOT 5 7
[608] = CNOT 5 12
[609] = CNOT 5 14
[610] = CNOT 5 16
[611] = CNOT 5 19
[612] = CNOT 5 20
[613] = CNOT 5 21
[614] = T 5
[615] = CNOT 5 21
[616] = CNOT 5 20
[617] = CNOT 5 19
[618] = CNOT 5 18
[619] = CNOT 5 16
[620] = CNOT 5 14
[621] = CNOT 5 12
[622] = CNOT 5 7
[623] = CNOT 5 22
[624] = T 5
[625] = S 5
[626] = CNOT 5 22
[627] = CNOT 12 24
[628] = T 12
[629] = CNOT 12 24
[630] = CNOT 7 12
[631] = CNOT 7 15
[632] = CNOT 7 16
[633] = CNOT 7 21
[634] = CNOT 7 23
[635] = T 7
[636] = CNOT 7 9
[637] = T 7
[638] = CNOT 7 15
[639] = CNOT 7 9
[640] = T 7
[641] = CNOT 6 13
[642] = T 6
[643] = S 6
[644] = CNOT 6 13
[645] = CNOT 8 16
[646] = CNOT 8 23
[647] = T 8
[648] = CNOT 8 16
[649] = CNOT 7 9
[650] = T 7
[651] = CNOT 7 23
[652] = CNOT 7 21
[653] = CNOT 7 16
[654] = CNOT 7 9
[655] = T 8
[656] = S 8
[657] = CNOT 8 23
[658] = CNOT 7 17
[659] = T 7
[660] = Z 7
[661] = CNOT 7 12
[662] = CNOT 7 23
[663] = T 7
[664] = CNOT 7 17
[665] = CNOT 17 23
[666] = T 17
[667] = S 17
[668] = CNOT 17 23
[669] = T 7
[670] = S 7
[671] = Z 7
[672] = CNOT 7 23
[673] = CNOT 6 14
[674] = CNOT 6 16
[675] = CNOT 6 19
[676] = CNOT 6 20
[677] = T 6
[678] = CNOT 6 20
[679] = CNOT 6 19
[680] = CNOT 6 14
[681] = CNOT 6 18
[682] = CNOT 6 23
[683] = T 6
[684] = CNOT 6 18
[685] = CNOT 6 16
[686] = CNOT 16 18
[687] = CNOT 16 23
[688] = T 16
[689] = S 16
[690] = Z 16
[691] = CNOT 16 23
[692] = CNOT 16 18
[693] = CNOT 6 16
[694] = T 6
[695] = S 6
[696] = Z 6
[697] = CNOT 6 23
[698] = CNOT 6 16
[699] = CNOT 9 14
[700] = CNOT 9 18
[701] = CNOT 9 19
[702] = CNOT 9 20
[703] = T 9
[704] = CNOT 9 20
[705] = CNOT 9 19
[706] = CNOT 9 18
[707] = CNOT 9 14
[708] = S 5
[709] = S 7
[710] = Z 7
[711] = S 9
[712] = S 11
[713] = Z 11
[714] = S 13
[715] = Z 13
[716] = S 14
[717] = Z 14
[718] = Z 15
[719] = S 16
[720] = Z 16
[721] = S 18
[722] = S 19
[723] = Z 19
[724] = S 21
[725] = S 23
[726] = Z 23
[727] = S 25
[728] = CNOT 2 18
[729] = Z 2
[730] = CNOT 2 18
[731] = CNOT 2 19
[732] = Z 2
[733] = CNOT 2 19
[734] = CNOT 3 7
[735] = Z 3
[736] = CNOT 3 7
[737] = CNOT 3 17
[738] = S 3
[739] = Z 3
[740] = CNOT 3 17
[741] = CNOT 3 19
[742] = S 3
[743] = Z 3
[744] = CNOT 3 19
[745] = CNOT 4 17
[746] = S 4
[747] = Z 4
[748] = CNOT 4 17
[749] = CNOT 4 18
[750] = S 4
[751] = Z 4
[752] = CNOT 4 18
[753] = CNOT 4 21
[754] = Z 4
[755] = CNOT 4 21
[756] = CNOT 5 14
[757] = S 5
[758] = Z 5
[759] = CNOT 5 14
[760] = CNOT 5 16
[761] = S 5
[762] = CNOT 5 16
[763] = CNOT 5 17
[764] = S 5
[765] = Z 5
[766] = CNOT 5 17
[767] = CNOT 5 18
[768] = S 5
[769] = Z 5
[770] = CNOT 5 18
[771] = CNOT 5 20
[772] = S 5
[773] = Z 5
[774] = CNOT 5 20
[775] = CNOT 5 21
[776] = Z 5
[777] = CNOT 5 21
[778] = CNOT 6 9
[779] = S 6
[780] = CNOT 6 9
[781] = CNOT 6 16
[782] = S 6
[783] = Z 6
[784] = CNOT 6 16
[785] = CNOT 6 17
[786] = Z 6
[787] = CNOT 6 17
[788] = CNOT 6 21
[789] = S 6
[790] = CNOT 6 21
[791] = CNOT 6 22
[792] = Z 6
[793] = CNOT 6 22
[794] = CNOT 6 23
[795] = Z 6
[796] = CNOT 6 23
[797] = CNOT 7 9
[798] = S 7
[799] = CNOT 7 9
[800] = CNOT 7 12
[801] = S 7
[802] = CNOT 7 12
[803] = CNOT 7 13
[804] = Z 7
[805] = CNOT 7 13
[806] = CNOT 7 15
[807] = Z 7
[808] = CNOT 7 15
[809] = CNOT 7 17
[810] = S 7
[811] = Z 7
[812] = CNOT 7 17
[813] = CNOT 7 18
[814] = Z 7
[815] = CNOT 7 18
[816] = CNOT 7 19
[817] = Z 7
[818] = CNOT 7 19
[819] = CNOT 7 20
[820] = S 7
[821] = CNOT 7 20
[822] = CNOT 7 21
[823] = S 7
[824] = CNOT 7 21
[825] = CNOT 7 24
[826] = Z 7
[827] = CNOT 7 24
[828] = CNOT 8 12
[829] = Z 8
[830] = CNOT 8 12
[831] = CNOT 8 14
[832] = S 8
[833] = Z 8
[834] = CNOT 8 14
[835] = CNOT 8 16
[836] = Z 8
[837] = CNOT 8 16
[838] = CNOT 8 17
[839] = S 8
[840] = Z 8
[841] = CNOT 8 17
[842] = CNOT 8 19
[843] = S 8
[844] = Z 8
[845] = CNOT 8 19
[846] = CNOT 8 20
[847] = S 8
[848] = Z 8
[849] = CNOT 8 20
[850] = CNOT 8 24
[851] = S 8
[852] = Z 8
[853] = CNOT 8 24
[854] = CNOT 9 12
[855] = S 9
[856] = Z 9
[857] = CNOT 9 12
[858] = CNOT 9 14
[859] = Z 9
[860] = CNOT 9 14
[861] = CNOT 9 15
[862] = S 9
[863] = CNOT 9 15
[864] = CNOT 9 16
[865] = Z 9
[866] = CNOT 9 16
[867] = CNOT 9 18
[868] = S 9
[869] = CNOT 9 18
[870] = CNOT 9 19
[871] = Z 9
[872] = CNOT 9 19
[873] = CNOT 9 20
[874] = S 9
[875] = Z 9
[876] = CNOT 9 20
[877] = CNOT 9 21
[878] = Z 9
[879] = CNOT 9 21
[880] = CNOT 9 23
[881] = S 9
[882] = CNOT 9 23
[883] = CNOT 9 24
[884] = S 9
[885] = Z 9
[886] = CNOT 9 24
[887] = CNOT 12 15
[888] = Z 12
[889] = CNOT 12 15
[890] = CNOT 12 19
[891] = S 12
[892] = Z 12
[893] = CNOT 12 19
[894] = CNOT 12 21
[895] = S 12
[896] = Z 12
[897] = CNOT 12 21
[898] = CNOT 12 23
[899] = Z 12
[900] = CNOT 12 23
[901] = CNOT 13 19
[902] = Z 13
[903] = CNOT 13 19
[904] = CNOT 14 16
[905] = S 14
[906] = CNOT 14 16
[907] = CNOT 14 18
[908] = Z 14
[909] = CNOT 14 18
[910] = CNOT 14 19
[911] = S 14
[912] = Z 14
[913] = CNOT 14 19
[914] = CNOT 14 20
[915] = Z 14
[916] = CNOT 14 20
[917] = CNOT 14 21
[918] = S 14
[919] = CNOT 14 21
[920] = CNOT 15 16
[921] = Z 15
[922] = CNOT 15 16
[923] = CNOT 15 21
[924] = Z 15
[925] = CNOT 15 21
[926] = CNOT 15 23
[927] = S 15
[928] = CNOT 15 23
[929] = CNOT 16 18
[930] = S 16
[931] = CNOT 16 18
[932] = CNOT 16 20
[933] = S 16
[934] = Z 16
[935] = CNOT 16 20
[936] = CNOT 16 22
[937] = S 16
[938] = CNOT 16 22
[939] = CNOT 16 23
[940] = Z 16
[941] = CNOT 16 23
[942] = CNOT 16 24
[943] = S 16
[944] = Z 16
[945] = CNOT 16 24
[946] = CNOT 17 19
[947] = S 17
[948] = CNOT 17 19
[949] = CNOT 17 20
[950] = S 17
[951] = Z 17
[952] = CNOT 17 20
[953] = CNOT 17 21
[954] = S 17
[955] = Z 17
[956] = CNOT 17 21
[957] = CNOT 17 22
[958] = Z 17
[959] = CNOT 17 22
[960] = CNOT 17 24
[961] = S 17
[962] = Z 17
[963] = CNOT 17 24
[964] = CNOT 18 19
[965] = S 18
[966] = Z 18
[967] = CNOT 18 19
[968] = CNOT 18 20
[969] = S 18
[970] = Z 18
[971] = CNOT 18 20
[972] = CNOT 18 23
[973] = Z 18
[974] = CNOT 18 23
[975] = CNOT 18 24
[976] = Z 18
[977] = CNOT 18 24
[978] = CNOT 19 20
[979] = Z 19
[980] = CNOT 19 20
[981] = CNOT 19 21
[982] = S 19
[983] = CNOT 19 21
[984] = CNOT 20 21
[985] = S 20
[986] = CNOT 20 21
[987] = CNOT 21 23
[988] = Z 21
[989] = CNOT 21 23
[990] = CNOT 3 7
[991] = CNOT 3 17
[992] = S 3
[993] = Z 3
[994] = CNOT 3 17
[995] = CNOT 3 19
[996] = S 3
[997] = Z 3
[998] = CNOT 3 19
[999] = CNOT 3 7
[1000] = CNOT 3 17
[1001] = CNOT 3 18
[1002] = S 3
[1003] = Z 3
[1004] = CNOT 3 17
[1005] = CNOT 3 19
[1006] = S 3
[1007] = Z 3
[1008] = CNOT 3 19
[1009] = CNOT 3 18
[1010] = CNOT 4 12
[1011] = CNOT 4 16
[1012] = S 4
[1013] = Z 4
[1014] = CNOT 4 16
[1015] = CNOT 4 17
[1016] = S 4
[1017] = Z 4
[1018] = CNOT 4 17
[1019] = CNOT 4 18
[1020] = S 4
[1021] = CNOT 4 18
[1022] = CNOT 4 19
[1023] = S 4
[1024] = Z 4
[1025] = CNOT 4 19
[1026] = CNOT 4 20
[1027] = Z 4
[1028] = CNOT 4 20
[1029] = CNOT 4 12
[1030] = CNOT 4 16
[1031] = CNOT 4 18
[1032] = S 4
[1033] = Z 4
[1034] = CNOT 4 18
[1035] = CNOT 4 20
[1036] = S 4
[1037] = Z 4
[1038] = CNOT 4 20
[1039] = CNOT 4 16
[1040] = CNOT 4 17
[1041] = CNOT 4 18
[1042] = S 4
[1043] = Z 4
[1044] = CNOT 4 17
[1045] = CNOT 4 19
[1046] = S 4
[1047] = Z 4
[1048] = CNOT 4 19
[1049] = CNOT 4 20
[1050] = Z 4
[1051] = CNOT 4 18
[1052] = CNOT 4 19
[1053] = S 4
[1054] = Z 4
[1055] = CNOT 4 20
[1056] = CNOT 4 19
[1057] = CNOT 5 7
[1058] = CNOT 5 12
[1059] = Z 5
[1060] = CNOT 5 12
[1061] = CNOT 5 14
[1062] = Z 5
[1063] = CNOT 5 14
[1064] = CNOT 5 15
[1065] = S 5
[1066] = Z 5
[1067] = CNOT 5 15
[1068] = CNOT 5 16
[1069] = S 5
[1070] = CNOT 5 16
[1071] = CNOT 5 17
[1072] = S 5
[1073] = Z 5
[1074] = CNOT 5 17
[1075] = CNOT 5 18
[1076] = Z 5
[1077] = CNOT 5 18
[1078] = CNOT 5 19
[1079] = Z 5
[1080] = CNOT 5 19
[1081] = CNOT 5 20
[1082] = Z 5
[1083] = CNOT 5 20
[1084] = CNOT 5 21
[1085] = Z 5
[1086] = CNOT 5 21
[1087] = CNOT 5 22
[1088] = S 5
[1089] = Z 5
[1090] = CNOT 5 22
[1091] = CNOT 5 7
[1092] = CNOT 5 12
[1093] = CNOT 5 14
[1094] = Z 5
[1095] = CNOT 5 14
[1096] = CNOT 5 15
[1097] = S 5
[1098] = Z 5
[1099] = CNOT 5 15
[1100] = CNOT 5 16
[1101] = S 5
[1102] = CNOT 5 16
[1103] = CNOT 5 17
[1104] = S 5
[1105] = Z 5
[1106] = CNOT 5 17
[1107] = CNOT 5 18
[1108] = Z 5
[1109] = CNOT 5 18
[1110] = CNOT 5 19
[1111] = Z 5
[1112] = CNOT 5 19
[1113] = CNOT 5 20
[1114] = Z 5
[1115] = CNOT 5 20
[1116] = CNOT 5 21
[1117] = Z 5
[1118] = CNOT 5 21
[1119] = CNOT 5 22
[1120] = S 5
[1121] = Z 5
[1122] = CNOT 5 22
[1123] = CNOT 5 12
[1124] = CNOT 5 14
[1125] = CNOT 5 16
[1126] = Z 5
[1127] = CNOT 5 16
[1128] = CNOT 5 18
[1129] = Z 5
[1130] = CNOT 5 18
[1131] = CNOT 5 19
[1132] = S 5
[1133] = Z 5
[1134] = CNOT 5 19
[1135] = CNOT 5 20
[1136] = S 5
[1137] = Z 5
[1138] = CNOT 5 20
[1139] = CNOT 5 21
[1140] = S 5
[1141] = Z 5
[1142] = CNOT 5 21
[1143] = CNOT 5 22
[1144] = S 5
[1145] = Z 5
[1146] = CNOT 5 22
[1147] = CNOT 5 14
[1148] = CNOT 5 15
[1149] = CNOT 5 16
[1150] = S 5
[1151] = Z 5
[1152] = CNOT 5 15
[1153] = CNOT 5 18
[1154] = Z 5
[1155] = CNOT 5 18
[1156] = CNOT 5 19
[1157] = Z 5
[1158] = CNOT 5 19
[1159] = CNOT 5 20
[1160] = S 5
[1161] = Z 5
[1162] = CNOT 5 20
[1163] = CNOT 5 21
[1164] = Z 5
[1165] = CNOT 5 21
[1166] = CNOT 5 22
[1167] = S 5
[1168] = Z 5
[1169] = CNOT 5 22
[1170] = CNOT 5 16
[1171] = CNOT 5 18
[1172] = CNOT 5 19
[1173] = S 5
[1174] = Z 5
[1175] = CNOT 5 19
[1176] = CNOT 5 20
[1177] = S 5
[1178] = Z 5
[1179] = CNOT 5 20
[1180] = CNOT 5 21
[1181] = S 5
[1182] = Z 5
[1183] = CNOT 5 21
[1184] = CNOT 5 18
[1185] = CNOT 5 19
[1186] = CNOT 5 20
[1187] = S 5
[1188] = Z 5
[1189] = CNOT 5 20
[1190] = CNOT 5 21
[1191] = S 5
[1192] = Z 5
[1193] = CNOT 5 19
[1194] = CNOT 5 20
[1195] = S 5
[1196] = Z 5
[1197] = CNOT 5 20
[1198] = CNOT 5 22
[1199] = S 5
[1200] = Z 5
[1201] = CNOT 5 22
[1202] = CNOT 5 21
[1203] = CNOT 6 9
[1204] = CNOT 6 14
[1205] = S 6
[1206] = Z 6
[1207] = CNOT 6 14
[1208] = CNOT 6 18
[1209] = S 6
[1210] = Z 6
[1211] = CNOT 6 18
[1212] = CNOT 6 19
[1213] = S 6
[1214] = Z 6
[1215] = CNOT 6 19
[1216] = CNOT 6 20
[1217] = S 6
[1218] = Z 6
[1219] = CNOT 6 20
[1220] = CNOT 6 9
[1221] = CNOT 6 14
[1222] = CNOT 6 16
[1223] = S 6
[1224] = Z 6
[1225] = CNOT 6 16
[1226] = CNOT 6 18
[1227] = Z 6
[1228] = CNOT 6 18
[1229] = CNOT 6 19
[1230] = Z 6
[1231] = CNOT 6 19
[1232] = CNOT 6 20
[1233] = Z 6
[1234] = CNOT 6 20
[1235] = CNOT 6 21
[1236] = S 6
[1237] = Z 6
[1238] = CNOT 6 21
[1239] = CNOT 6 14
[1240] = CNOT 6 16
[1241] = CNOT 6 18
[1242] = S 6
[1243] = Z 6
[1244] = CNOT 6 18
[1245] = CNOT 6 19
[1246] = S 6
[1247] = Z 6
[1248] = CNOT 6 19
[1249] = CNOT 6 20
[1250] = S 6
[1251] = Z 6
[1252] = CNOT 6 20
[1253] = CNOT 6 16
[1254] = CNOT 6 18
[1255] = CNOT 6 19
[1256] = Z 6
[1257] = CNOT 6 19
[1258] = CNOT 6 20
[1259] = Z 6
[1260] = CNOT 6 20
[1261] = CNOT 6 21
[1262] = S 6
[1263] = Z 6
[1264] = CNOT 6 21
[1265] = CNOT 6 18
[1266] = CNOT 6 19
[1267] = CNOT 6 20
[1268] = Z 6
[1269] = CNOT 6 20
[1270] = CNOT 6 21
[1271] = S 6
[1272] = Z 6
[1273] = CNOT 6 19
[1274] = CNOT 6 20
[1275] = S 6
[1276] = Z 6
[1277] = CNOT 6 21
[1278] = CNOT 6 20
[1279] = CNOT 7 9
[1280] = CNOT 7 13
[1281] = S 7
[1282] = Z 7
[1283] = CNOT 7 13
[1284] = CNOT 7 15
[1285] = S 7
[1286] = Z 7
[1287] = CNOT 7 15
[1288] = CNOT 7 16
[1289] = S 7
[1290] = CNOT 7 16
[1291] = CNOT 7 21
[1292] = Z 7
[1293] = CNOT 7 21
[1294] = CNOT 7 23
[1295] = S 7
[1296] = Z 7
[1297] = CNOT 7 23
[1298] = CNOT 7 24
[1299] = S 7
[1300] = Z 7
[1301] = CNOT 7 24
[1302] = CNOT 7 9
[1303] = CNOT 7 12
[1304] = CNOT 7 13
[1305] = Z 7
[1306] = CNOT 7 13
[1307] = CNOT 7 14
[1308] = S 7
[1309] = CNOT 7 14
[1310] = CNOT 7 15
[1311] = S 7
[1312] = CNOT 7 15
[1313] = CNOT 7 16
[1314] = Z 7
[1315] = CNOT 7 16
[1316] = CNOT 7 18
[1317] = S 7
[1318] = CNOT 7 18
[1319] = CNOT 7 19
[1320] = S 7
[1321] = CNOT 7 19
[1322] = CNOT 7 20
[1323] = S 7
[1324] = CNOT 7 20
[1325] = CNOT 7 21
[1326] = S 7
[1327] = CNOT 7 21
[1328] = CNOT 7 22
[1329] = Z 7
[1330] = CNOT 7 22
[1331] = CNOT 7 23
[1332] = Z 7
[1333] = CNOT 7 23
[1334] = CNOT 7 24
[1335] = Z 7
[1336] = CNOT 7 24
[1337] = CNOT 7 12
[1338] = CNOT 7 13
[1339] = CNOT 7 16
[1340] = Z 7
[1341] = CNOT 7 16
[1342] = CNOT 7 21
[1343] = S 7
[1344] = Z 7
[1345] = CNOT 7 21
[1346] = CNOT 7 13
[1347] = CNOT 7 14
[1348] = CNOT 7 16
[1349] = Z 7
[1350] = CNOT 7 16
[1351] = CNOT 7 18
[1352] = Z 7
[1353] = CNOT 7 18
[1354] = CNOT 7 19
[1355] = S 7
[1356] = Z 7
[1357] = CNOT 7 19
[1358] = CNOT 7 20
[1359] = S 7
[1360] = Z 7
[1361] = CNOT 7 20
[1362] = CNOT 7 21
[1363] = S 7
[1364] = Z 7
[1365] = CNOT 7 21
[1366] = CNOT 7 22
[1367] = S 7
[1368] = Z 7
[1369] = CNOT 7 22
[1370] = CNOT 7 14
[1371] = CNOT 7 15
[1372] = CNOT 7 16
[1373] = S 7
[1374] = CNOT 7 16
[1375] = CNOT 7 19
[1376] = S 7
[1377] = Z 7
[1378] = CNOT 7 19
[1379] = CNOT 7 21
[1380] = S 7
[1381] = Z 7
[1382] = CNOT 7 21
[1383] = CNOT 7 23
[1384] = S 7
[1385] = Z 7
[1386] = CNOT 7 23
[1387] = CNOT 7 15
[1388] = CNOT 7 16
[1389] = CNOT 7 18
[1390] = Z 7
[1391] = CNOT 7 18
[1392] = CNOT 7 19
[1393] = S 7
[1394] = CNOT 7 19
[1395] = CNOT 7 20
[1396] = Z 7
[1397] = CNOT 7 20
[1398] = CNOT 7 21
[1399] = S 7
[1400] = Z 7
[1401] = CNOT 7 21
[1402] = CNOT 7 23
[1403] = Z 7
[1404] = CNOT 7 23
[1405] = CNOT 7 24
[1406] = S 7
[1407] = Z 7
[1408] = CNOT 7 24
[1409] = CNOT 7 16
[1410] = CNOT 7 17
[1411] = CNOT 7 18
[1412] = S 7
[1413] = Z 7
[1414] = CNOT 7 18
[1415] = CNOT 7 21
[1416] = S 7
[1417] = Z 7
[1418] = CNOT 7 21
[1419] = CNOT 7 17
[1420] = CNOT 7 18
[1421] = CNOT 7 19
[1422] = Z 7
[1423] = CNOT 7 19
[1424] = CNOT 7 20
[1425] = S 7
[1426] = Z 7
[1427] = CNOT 7 20
[1428] = CNOT 7 21
[1429] = S 7
[1430] = Z 7
[1431] = CNOT 7 21
[1432] = CNOT 7 22
[1433] = S 7
[1434] = Z 7
[1435] = CNOT 7 22
[1436] = CNOT 7 18
[1437] = CNOT 7 19
[1438] = CNOT 7 20
[1439] = Z 7
[1440] = CNOT 7 20
[1441] = CNOT 7 21
[1442] = S 7
[1443] = Z 7
[1444] = CNOT 7 19
[1445] = CNOT 7 20
[1446] = S 7
[1447] = Z 7
[1448] = CNOT 7 20
[1449] = CNOT 7 22
[1450] = S 7
[1451] = Z 7
[1452] = CNOT 7 22
[1453] = CNOT 7 23
[1454] = Z 7
[1455] = CNOT 7 23
[1456] = CNOT 7 21
[1457] = CNOT 8 12
[1458] = CNOT 8 15
[1459] = S 8
[1460] = Z 8
[1461] = CNOT 8 15
[1462] = CNOT 8 16
[1463] = Z 8
[1464] = CNOT 8 16
[1465] = CNOT 8 17
[1466] = S 8
[1467] = Z 8
[1468] = CNOT 8 17
[1469] = CNOT 8 18
[1470] = Z 8
[1471] = CNOT 8 18
[1472] = CNOT 8 21
[1473] = Z 8
[1474] = CNOT 8 21
[1475] = CNOT 8 22
[1476] = S 8
[1477] = Z 8
[1478] = CNOT 8 22
[1479] = CNOT 8 24
[1480] = S 8
[1481] = Z 8
[1482] = CNOT 8 24
[1483] = CNOT 8 12
[1484] = CNOT 8 14
[1485] = CNOT 8 16
[1486] = S 8
[1487] = Z 8
[1488] = CNOT 8 16
[1489] = CNOT 8 18
[1490] = Z 8
[1491] = CNOT 8 18
[1492] = CNOT 8 19
[1493] = S 8
[1494] = Z 8
[1495] = CNOT 8 19
[1496] = CNOT 8 20
[1497] = S 8
[1498] = Z 8
[1499] = CNOT 8 20
[1500] = CNOT 8 14
[1501] = CNOT 8 15
[1502] = CNOT 8 16
[1503] = S 8
[1504] = Z 8
[1505] = CNOT 8 16
[1506] = CNOT 8 21
[1507] = S 8
[1508] = Z 8
[1509] = CNOT 8 21
[1510] = CNOT 8 15
[1511] = CNOT 8 16
[1512] = CNOT 8 18
[1513] = S 8
[1514] = Z 8
[1515] = CNOT 8 18
[1516] = CNOT 8 19
[1517] = S 8
[1518] = Z 8
[1519] = CNOT 8 19
[1520] = CNOT 8 20
[1521] = S 8
[1522] = Z 8
[1523] = CNOT 8 20
[1524] = CNOT 8 21
[1525] = Z 8
[1526] = CNOT 8 21
[1527] = CNOT 8 22
[1528] = S 8
[1529] = Z 8
[1530] = CNOT 8 22
[1531] = CNOT 8 16
[1532] = CNOT 8 17
[1533] = CNOT 8 18
[1534] = S 8
[1535] = Z 8
[1536] = CNOT 8 17
[1537] = CNOT 8 19
[1538] = S 8
[1539] = Z 8
[1540] = CNOT 8 19
[1541] = CNOT 8 20
[1542] = S 8
[1543] = Z 8
[1544] = CNOT 8 20
[1545] = CNOT 8 21
[1546] = S 8
[1547] = Z 8
[1548] = CNOT 8 21
[1549] = CNOT 8 24
[1550] = S 8
[1551] = Z 8
[1552] = CNOT 8 24
[1553] = CNOT 8 18
[1554] = CNOT 8 19
[1555] = CNOT 8 20
[1556] = S 8
[1557] = Z 8
[1558] = CNOT 8 20
[1559] = CNOT 8 21
[1560] = S 8
[1561] = Z 8
[1562] = CNOT 8 19
[1563] = CNOT 8 20
[1564] = S 8
[1565] = Z 8
[1566] = CNOT 8 20
[1567] = CNOT 8 22
[1568] = S 8
[1569] = Z 8
[1570] = CNOT 8 22
[1571] = CNOT 8 21
[1572] = CNOT 9 12
[1573] = CNOT 9 13
[1574] = S 9
[1575] = Z 9
[1576] = CNOT 9 13
[1577] = CNOT 9 15
[1578] = S 9
[1579] = Z 9
[1580] = CNOT 9 15
[1581] = CNOT 9 16
[1582] = S 9
[1583] = CNOT 9 16
[1584] = CNOT 9 21
[1585] = Z 9
[1586] = CNOT 9 21
[1587] = CNOT 9 23
[1588] = S 9
[1589] = Z 9
[1590] = CNOT 9 23
[1591] = CNOT 9 24
[1592] = S 9
[1593] = Z 9
[1594] = CNOT 9 24
[1595] = CNOT 9 12
[1596] = CNOT 9 13
[1597] = CNOT 9 16
[1598] = S 9
[1599] = Z 9
[1600] = CNOT 9 16
[1601] = CNOT 9 13
[1602] = CNOT 9 14
[1603] = CNOT 9 18
[1604] = S 9
[1605] = Z 9
[1606] = CNOT 9 18
[1607] = CNOT 9 19
[1608] = S 9
[1609] = Z 9
[1610] = CNOT 9 19
[1611] = CNOT 9 20
[1612] = S 9
[1613] = Z 9
[1614] = CNOT 9 20
[1615] = CNOT 9 14
[1616] = CNOT 9 15
[1617] = CNOT 9 16
[1618] = S 9
[1619] = Z 9
[1620] = CNOT 9 16
[1621] = CNOT 9 21
[1622] = S 9
[1623] = Z 9
[1624] = CNOT 9 15
[1625] = CNOT 9 16
[1626] = Z 9
[1627] = CNOT 9 21
[1628] = CNOT 9 23
[1629] = S 9
[1630] = Z 9
[1631] = CNOT 9 23
[1632] = CNOT 9 16
[1633] = CNOT 9 18
[1634] = CNOT 9 19
[1635] = S 9
[1636] = Z 9
[1637] = CNOT 9 19
[1638] = CNOT 9 20
[1639] = Z 9
[1640] = CNOT 9 18
[1641] = CNOT 9 19
[1642] = S 9
[1643] = Z 9
[1644] = CNOT 9 20
[1645] = CNOT 9 19
[1646] = CNOT 9 21
[1647] = CNOT 9 23
[1648] = S 9
[1649] = Z 9
[1650] = CNOT 9 23
[1651] = CNOT 9 21
[1652] = CNOT 12 13
[1653] = CNOT 12 16
[1654] = Z 12
[1655] = CNOT 12 16
[1656] = CNOT 12 21
[1657] = S 12
[1658] = Z 12
[1659] = CNOT 12 21
[1660] = CNOT 12 13
[1661] = CNOT 12 14
[1662] = CNOT 12 16
[1663] = Z 12
[1664] = CNOT 12 16
[1665] = CNOT 12 18
[1666] = Z 12
[1667] = CNOT 12 18
[1668] = CNOT 12 19
[1669] = S 12
[1670] = Z 12
[1671] = CNOT 12 19
[1672] = CNOT 12 21
[1673] = S 12
[1674] = Z 12
[1675] = CNOT 12 21
[1676] = CNOT 12 22
[1677] = S 12
[1678] = Z 12
[1679] = CNOT 12 22
[1680] = CNOT 12 14
[1681] = CNOT 12 15
[1682] = CNOT 12 19
[1683] = S 12
[1684] = Z 12
[1685] = CNOT 12 19
[1686] = CNOT 12 21
[1687] = S 12
[1688] = CNOT 12 21
[1689] = CNOT 12 22
[1690] = S 12
[1691] = Z 12
[1692] = CNOT 12 22
[1693] = CNOT 12 23
[1694] = S 12
[1695] = Z 12
[1696] = CNOT 12 23
[1697] = CNOT 12 15
[1698] = CNOT 12 16
[1699] = CNOT 12 18
[1700] = S 12
[1701] = CNOT 12 18
[1702] = CNOT 12 20
[1703] = S 12
[1704] = CNOT 12 20
[1705] = CNOT 12 21
[1706] = S 12
[1707] = CNOT 12 21
[1708] = CNOT 12 22
[1709] = Z 12
[1710] = CNOT 12 22
[1711] = CNOT 12 23
[1712] = Z 12
[1713] = CNOT 12 23
[1714] = CNOT 12 24
[1715] = S 12
[1716] = Z 12
[1717] = CNOT 12 24
[1718] = CNOT 12 16
[1719] = CNOT 12 17
[1720] = CNOT 12 18
[1721] = S 12
[1722] = CNOT 12 18
[1723] = CNOT 12 20
[1724] = S 12
[1725] = Z 12
[1726] = CNOT 12 20
[1727] = CNOT 12 21
[1728] = S 12
[1729] = Z 12
[1730] = CNOT 12 21
[1731] = CNOT 12 24
[1732] = S 12
[1733] = Z 12
[1734] = CNOT 12 24
[1735] = CNOT 12 17
[1736] = CNOT 12 18
[1737] = CNOT 12 19
[1738] = Z 12
[1739] = CNOT 12 19
[1740] = CNOT 12 21
[1741] = Z 12
[1742] = CNOT 12 21
[1743] = CNOT 12 22
[1744] = S 12
[1745] = Z 12
[1746] = CNOT 12 22
[1747] = CNOT 12 24
[1748] = Z 12
[1749] = CNOT 12 24
[1750] = CNOT 12 18
[1751] = CNOT 12 19
[1752] = CNOT 12 21
[1753] = S 12
[1754] = Z 12
[1755] = CNOT 12 19
[1756] = CNOT 12 20
[1757] = S 12
[1758] = Z 12
[1759] = CNOT 12 20
[1760] = CNOT 12 23
[1761] = Z 12
[1762] = CNOT 12 23
[1763] = CNOT 12 21
[1764] = CNOT 13 16
[1765] = CNOT 13 21
[1766] = S 13
[1767] = Z 13
[1768] = CNOT 13 21
[1769] = CNOT 13 16
[1770] = CNOT 14 16
[1771] = CNOT 14 19
[1772] = Z 14
[1773] = CNOT 14 19
[1774] = CNOT 14 21
[1775] = Z 14
[1776] = CNOT 14 21
[1777] = CNOT 14 22
[1778] = S 14
[1779] = Z 14
[1780] = CNOT 14 22
[1781] = CNOT 14 16
[1782] = CNOT 14 18
[1783] = CNOT 14 21
[1784] = S 14
[1785] = CNOT 14 21
[1786] = CNOT 14 22
[1787] = S 14
[1788] = Z 14
[1789] = CNOT 14 22
[1790] = CNOT 14 18
[1791] = CNOT 14 19
[1792] = CNOT 14 20
[1793] = S 14
[1794] = CNOT 14 20
[1795] = CNOT 14 21
[1796] = Z 14
[1797] = CNOT 14 19
[1798] = CNOT 14 20
[1799] = Z 14
[1800] = CNOT 14 20
[1801] = CNOT 14 22
[1802] = S 14
[1803] = Z 14
[1804] = CNOT 14 22
[1805] = CNOT 14 21
[1806] = CNOT 15 16
[1807] = CNOT 15 19
[1808] = S 15
[1809] = Z 15
[1810] = CNOT 15 19
[1811] = CNOT 15 21
[1812] = S 15
[1813] = CNOT 15 21
[1814] = CNOT 15 22
[1815] = S 15
[1816] = Z 15
[1817] = CNOT 15 22
[1818] = CNOT 15 23
[1819] = S 15
[1820] = Z 15
[1821] = CNOT 15 23
[1822] = CNOT 15 16
[1823] = CNOT 15 21
[1824] = CNOT 15 22
[1825] = S 15
[1826] = Z 15
[1827] = CNOT 15 22
[1828] = CNOT 15 23
[1829] = S 15
[1830] = Z 15
[1831] = CNOT 15 23
[1832] = CNOT 15 21
[1833] = CNOT 16 18
[1834] = CNOT 16 19
[1835] = Z 16
[1836] = CNOT 16 19
[1837] = CNOT 16 20
[1838] = S 16
[1839] = CNOT 16 20
[1840] = CNOT 16 21
[1841] = Z 16
[1842] = CNOT 16 21
[1843] = CNOT 16 22
[1844] = S 16
[1845] = Z 16
[1846] = CNOT 16 22
[1847] = CNOT 16 18
[1848] = CNOT 16 19
[1849] = CNOT 16 21
[1850] = Z 16
[1851] = CNOT 16 19
[1852] = CNOT 16 20
[1853] = Z 16
[1854] = CNOT 16 20
[1855] = CNOT 16 22
[1856] = S 16
[1857] = CNOT 16 22
[1858] = CNOT 16 23
[1859] = Z 16
[1860] = CNOT 16 23
[1861] = CNOT 16 21
[1862] = CNOT 17 18
[1863] = CNOT 17 19
[1864] = S 17
[1865] = Z 17
[1866] = CNOT 17 19
[1867] = CNOT 17 20
[1868] = S 17
[1869] = Z 17
[1870] = CNOT 17 20
[1871] = CNOT 17 24
[1872] = S 17
[1873] = Z 17
[1874] = CNOT 17 24
[1875] = CNOT 17 18
[1876] = CNOT 18 19
[1877] = CNOT 18 21
[1878] = Z 18
[1879] = CNOT 18 19
[1880] = CNOT 18 20
[1881] = Z 18
[1882] = CNOT 18 20
[1883] = CNOT 18 22
[1884] = S 18
[1885] = Z 18
[1886] = CNOT 18 22
[1887] = CNOT 18 21
[1888] = CNOT 19 20
[1889] = CNOT 19 21
[1890] = S 19
[1891] = CNOT 19 21
[1892] = CNOT 19 20
[1893] = CNOT 10 9
[1894] = CNOT 11 8
[1895] = CNOT 12 7
[1896] = CNOT 13 6
[1897] = CNOT 14 5
[1898] = CNOT 15 4
[1899] = CNOT 16 3
[1900] = CNOT 17 2
[1901] = CNOT 18 1
[1902] = H 19
[1903] = H 20
[1904] = H 21
[1905] = H 22
[1906] = H 23
[1907] = H 24
[1908] = H 25
[1909] = H 26
[1910] = CNOT 21 26
[1911] = CNOT 20 25
[1912] = CNOT 19 24
[1913] = CNOT 27 23
[1914] = CNOT 26 22
[1915] = CNOT 25 21
[1916] = CNOT 24 20
[1917] = CNOT 23 19
[1918] = H 19
[1919] = H 20
[1920] = H 21
[1921] = H 22
[1922] = H 23
[1923] = H 24
[1924] = H 25
[1925] = H 26
[1926] = H 27
[1927] = CNOT 1 5
[1928] = CNOT 1 27
[1929] = T 1
[1930] = S 1
[1931] = CNOT 1 5
[1932] = CNOT 10 27
[1933] = T 10
[1934] = S 10
[1935] = CNOT 10 27
[1936] = CNOT 1 2
[1937] = CNOT 1 3
[1938] = CNOT 1 9
[1939] = CNOT 1 10
[1940] = CNOT 1 16
[1941] = CNOT 1 17
[1942] = CNOT 1 20
[1943] = T 1
[1944] = CNOT 1 17
[1945] = CNOT 1 16
[1946] = CNOT 1 10
[1947] = CNOT 1 9
[1948] = CNOT 1 3
[1949] = CNOT 1 2
[1950] = CNOT 9 27
[1951] = T 9
[1952] = Z 9
[1953] = CNOT 9 27
[1954] = CNOT 11 27
[1955] = T 11
[1956] = CNOT 11 27
[1957] = CNOT 3 6
[1958] = CNOT 3 8
[1959] = CNOT 3 11
[1960] = CNOT 3 27
[1961] = T 3
[1962] = CNOT 3 27
[1963] = CNOT 3 11
[1964] = CNOT 3 8
[1965] = CNOT 3 6
[1966] = T 8
[1967] = Z 8
[1968] = CNOT 12 27
[1969] = T 12
[1970] = S 12
[1971] = Z 12
[1972] = CNOT 12 27
[1973] = CNOT 1 6
[1974] = CNOT 1 13
[1975] = CNOT 1 22
[1976] = T 1
[1977] = CNOT 1 22
[1978] = CNOT 1 20
[1979] = CNOT 1 13
[1980] = CNOT 1 6
[1981] = CNOT 7 27
[1982] = T 7
[1983] = CNOT 7 27
[1984] = CNOT 13 27
[1985] = T 13
[1986] = S 13
[1987] = CNOT 13 27
[1988] = CNOT 6 13
[1989] = CNOT 6 27
[1990] = T 6
[1991] = CNOT 6 27
[1992] = CNOT 6 13
[1993] = T 6
[1994] = CNOT 1 5
[1995] = CNOT 1 14
[1996] = T 1
[1997] = CNOT 1 5
[1998] = T 1
[1999] = Z 1
[2000] = CNOT 1 14
[2001] = CNOT 1 20
[2002] = CNOT 1 22
[2003] = T 1
[2004] = CNOT 1 22
[2005] = CNOT 1 20
[2006] = CNOT 2 3
[2007] = CNOT 2 9
[2008] = CNOT 2 10
[2009] = CNOT 2 16
[2010] = CNOT 2 17
[2011] = CNOT 2 20
[2012] = CNOT 2 21
[2013] = CNOT 2 27
[2014] = T 2
[2015] = CNOT 2 21
[2016] = CNOT 2 20
[2017] = CNOT 2 17
[2018] = CNOT 2 16
[2019] = CNOT 2 10
[2020] = CNOT 2 9
[2021] = CNOT 2 3
[2022] = CNOT 4 15
[2023] = CNOT 4 27
[2024] = T 4
[2025] = CNOT 4 27
[2026] = CNOT 4 15
[2027] = T 4
[2028] = S 4
[2029] = CNOT 16 27
[2030] = T 16
[2031] = Z 16
[2032] = CNOT 16 27
[2033] = CNOT 3 16
[2034] = CNOT 3 27
[2035] = T 3
[2036] = CNOT 3 16
[2037] = T 3
[2038] = S 3
[2039] = CNOT 3 27
[2040] = CNOT 17 27
[2041] = T 17
[2042] = Z 17
[2043] = CNOT 17 27
[2044] = CNOT 2 17
[2045] = T 2
[2046] = S 2
[2047] = CNOT 2 27
[2048] = CNOT 2 17
[2049] = T 2
[2050] = Z 2
[2051] = CNOT 18 27
[2052] = T 18
[2053] = Z 18
[2054] = CNOT 18 27
[2055] = CNOT 1 18
[2056] = T 1
[2057] = S 1
[2058] = Z 1
[2059] = CNOT 1 18
[2060] = CNOT 6 13
[2061] = CNOT 6 20
[2062] = CNOT 6 22
[2063] = CNOT 6 27
[2064] = T 6
[2065] = CNOT 6 27
[2066] = CNOT 6 22
[2067] = CNOT 6 20
[2068] = CNOT 6 13
[2069] = CNOT 8 9
[2070] = CNOT 8 10
[2071] = CNOT 8 27
[2072] = T 8
[2073] = CNOT 8 26
[2074] = T 8
[2075] = CNOT 8 10
[2076] = CNOT 8 9
[2077] = CNOT 9 10
[2078] = CNOT 9 26
[2079] = CNOT 9 27
[2080] = T 9
[2081] = CNOT 9 27
[2082] = CNOT 9 26
[2083] = CNOT 9 10
[2084] = T 8
[2085] = Z 8
[2086] = CNOT 8 27
[2087] = CNOT 8 26
[2088] = CNOT 2 3
[2089] = CNOT 2 5
[2090] = CNOT 2 16
[2091] = CNOT 2 17
[2092] = CNOT 2 19
[2093] = CNOT 2 20
[2094] = CNOT 2 27
[2095] = T 2
[2096] = CNOT 2 20
[2097] = CNOT 2 19
[2098] = CNOT 2 17
[2099] = CNOT 2 16
[2100] = CNOT 2 5
[2101] = CNOT 2 3
[2102] = CNOT 2 7
[2103] = CNOT 2 8
[2104] = CNOT 2 11
[2105] = T 2
[2106] = CNOT 2 26
[2107] = T 2
[2108] = CNOT 2 7
[2109] = T 2
[2110] = CNOT 2 11
[2111] = CNOT 2 8
[2112] = CNOT 2 7
[2113] = T 2
[2114] = CNOT 2 26
[2115] = CNOT 2 6
[2116] = CNOT 2 12
[2117] = CNOT 2 20
[2118] = T 2
[2119] = CNOT 2 26
[2120] = T 2
[2121] = CNOT 2 6
[2122] = T 2
[2123] = CNOT 2 12
[2124] = CNOT 2 7
[2125] = CNOT 2 6
[2126] = T 2
[2127] = CNOT 2 27
[2128] = CNOT 2 26
[2129] = CNOT 2 20
[2130] = CNOT 2 6
[2131] = CNOT 1 2
[2132] = CNOT 1 3
[2133] = CNOT 1 5
[2134] = CNOT 1 9
[2135] = CNOT 1 10
[2136] = CNOT 1 16
[2137] = CNOT 1 17
[2138] = CNOT 1 19
[2139] = CNOT 1 20
[2140] = T 1
[2141] = CNOT 1 19
[2142] = CNOT 1 17
[2143] = CNOT 1 16
[2144] = CNOT 1 10
[2145] = CNOT 1 9
[2146] = CNOT 1 5
[2147] = CNOT 1 3
[2148] = CNOT 1 2
[2149] = CNOT 4 5
[2150] = CNOT 4 6
[2151] = CNOT 4 13
[2152] = CNOT 4 20
[2153] = CNOT 4 27
[2154] = T 4
[2155] = CNOT 4 26
[2156] = T 4
[2157] = CNOT 4 5
[2158] = T 4
[2159] = CNOT 4 13
[2160] = CNOT 4 6
[2161] = CNOT 4 5
[2162] = T 4
[2163] = CNOT 3 5
[2164] = CNOT 3 6
[2165] = CNOT 3 14
[2166] = CNOT 3 16
[2167] = CNOT 3 20
[2168] = CNOT 3 27
[2169] = T 3
[2170] = CNOT 3 27
[2171] = CNOT 3 20
[2172] = CNOT 3 16
[2173] = CNOT 3 14
[2174] = CNOT 3 6
[2175] = CNOT 3 5
[2176] = CNOT 4 14
[2177] = T 4
[2178] = CNOT 4 27
[2179] = CNOT 4 26
[2180] = CNOT 4 20
[2181] = CNOT 4 14
[2182] = CNOT 4 5
[2183] = CNOT 5 14
[2184] = CNOT 5 20
[2185] = CNOT 5 26
[2186] = CNOT 5 27
[2187] = T 5
[2188] = CNOT 5 27
[2189] = CNOT 5 26
[2190] = CNOT 5 20
[2191] = CNOT 5 14
[2192] = CNOT 2 3
[2193] = CNOT 2 16
[2194] = CNOT 2 17
[2195] = CNOT 2 20
[2196] = CNOT 2 21
[2197] = CNOT 2 26
[2198] = CNOT 2 27
[2199] = T 2
[2200] = CNOT 2 26
[2201] = CNOT 2 3
[2202] = CNOT 2 9
[2203] = CNOT 2 10
[2204] = T 2
[2205] = CNOT 2 21
[2206] = CNOT 2 17
[2207] = CNOT 2 10
[2208] = CNOT 2 9
[2209] = CNOT 3 4
[2210] = CNOT 3 15
[2211] = CNOT 3 21
[2212] = CNOT 3 27
[2213] = T 3
[2214] = CNOT 3 26
[2215] = T 3
[2216] = CNOT 3 21
[2217] = CNOT 3 15
[2218] = CNOT 3 4
[2219] = CNOT 4 15
[2220] = CNOT 4 21
[2221] = CNOT 4 26
[2222] = CNOT 4 27
[2223] = T 4
[2224] = CNOT 4 26
[2225] = CNOT 4 21
[2226] = CNOT 4 15
[2227] = T 3
[2228] = S 3
[2229] = CNOT 3 27
[2230] = CNOT 3 26
[2231] = CNOT 2 3
[2232] = T 2
[2233] = CNOT 2 26
[2234] = T 2
[2235] = CNOT 2 3
[2236] = CNOT 2 17
[2237] = CNOT 2 21
[2238] = T 2
[2239] = CNOT 2 21
[2240] = CNOT 2 20
[2241] = CNOT 2 17
[2242] = CNOT 2 16
[2243] = T 2
[2244] = Z 2
[2245] = CNOT 2 26
[2246] = CNOT 1 6
[2247] = CNOT 1 13
[2248] = T 1
[2249] = CNOT 1 13
[2250] = CNOT 1 6
[2251] = CNOT 2 20
[2252] = CNOT 2 22
[2253] = T 2
[2254] = CNOT 2 22
[2255] = CNOT 1 3
[2256] = CNOT 1 16
[2257] = CNOT 1 26
[2258] = T 1
[2259] = CNOT 2 16
[2260] = CNOT 2 17
[2261] = CNOT 2 26
[2262] = T 2
[2263] = CNOT 2 27
[2264] = CNOT 2 26
[2265] = CNOT 2 20
[2266] = CNOT 2 17
[2267] = CNOT 2 16
[2268] = CNOT 1 2
[2269] = CNOT 1 17
[2270] = T 1
[2271] = CNOT 1 26
[2272] = CNOT 1 16
[2273] = CNOT 1 3
[2274] = CNOT 1 2
[2275] = CNOT 16 20
[2276] = CNOT 16 25
[2277] = CNOT 16 27
[2278] = T 16
[2279] = CNOT 16 27
[2280] = CNOT 16 25
[2281] = CNOT 16 20
[2282] = CNOT 2 7
[2283] = CNOT 2 9
[2284] = CNOT 2 10
[2285] = CNOT 2 27
[2286] = T 2
[2287] = CNOT 2 25
[2288] = T 2
[2289] = CNOT 2 7
[2290] = T 2
[2291] = CNOT 2 10
[2292] = CNOT 2 9
[2293] = CNOT 2 7
[2294] = T 2
[2295] = CNOT 2 25
[2296] = CNOT 2 12
[2297] = CNOT 2 20
[2298] = CNOT 2 22
[2299] = T 2
[2300] = CNOT 2 22
[2301] = CNOT 2 20
[2302] = CNOT 2 12
[2303] = CNOT 2 7
[2304] = CNOT 3 8
[2305] = CNOT 3 11
[2306] = CNOT 3 25
[2307] = CNOT 3 27
[2308] = T 3
[2309] = CNOT 3 6
[2310] = T 3
[2311] = CNOT 3 27
[2312] = CNOT 3 25
[2313] = CNOT 3 11
[2314] = CNOT 3 8
[2315] = CNOT 3 6
[2316] = CNOT 6 25
[2317] = CNOT 6 27
[2318] = T 6
[2319] = S 6
[2320] = CNOT 6 27
[2321] = CNOT 6 25
[2322] = CNOT 4 5
[2323] = CNOT 4 7
[2324] = CNOT 4 12
[2325] = CNOT 4 20
[2326] = T 4
[2327] = CNOT 4 25
[2328] = T 4
[2329] = CNOT 4 5
[2330] = T 4
[2331] = CNOT 4 12
[2332] = CNOT 4 7
[2333] = CNOT 4 5
[2334] = T 4
[2335] = CNOT 4 27
[2336] = CNOT 4 25
[2337] = CNOT 4 20
[2338] = CNOT 4 5
[2339] = CNOT 2 4
[2340] = CNOT 2 6
[2341] = CNOT 2 13
[2342] = CNOT 2 21
[2343] = T 2
[2344] = CNOT 2 21
[2345] = CNOT 2 20
[2346] = CNOT 2 25
[2347] = T 2
[2348] = CNOT 2 4
[2349] = T 2
[2350] = CNOT 2 27
[2351] = CNOT 2 25
[2352] = CNOT 2 20
[2353] = CNOT 2 13
[2354] = CNOT 2 6
[2355] = CNOT 1 2
[2356] = CNOT 1 3
[2357] = CNOT 1 5
[2358] = CNOT 1 16
[2359] = CNOT 1 19
[2360] = T 1
[2361] = CNOT 1 19
[2362] = CNOT 1 17
[2363] = CNOT 1 16
[2364] = CNOT 1 5
[2365] = CNOT 1 3
[2366] = CNOT 1 2
[2367] = CNOT 5 6
[2368] = CNOT 5 14
[2369] = CNOT 5 16
[2370] = CNOT 5 20
[2371] = CNOT 5 27
[2372] = T 5
[2373] = CNOT 5 25
[2374] = T 5
[2375] = CNOT 5 27
[2376] = CNOT 5 25
[2377] = CNOT 5 20
[2378] = CNOT 5 16
[2379] = CNOT 5 14
[2380] = CNOT 5 6
[2381] = CNOT 3 5
[2382] = CNOT 3 6
[2383] = CNOT 3 14
[2384] = CNOT 3 16
[2385] = CNOT 3 20
[2386] = CNOT 3 25
[2387] = CNOT 3 27
[2388] = T 3
[2389] = CNOT 3 27
[2390] = CNOT 3 25
[2391] = CNOT 3 20
[2392] = CNOT 3 16
[2393] = CNOT 3 14
[2394] = CNOT 3 6
[2395] = CNOT 3 5
[2396] = CNOT 2 9
[2397] = CNOT 2 10
[2398] = CNOT 2 16
[2399] = CNOT 2 17
[2400] = CNOT 2 20
[2401] = CNOT 2 27
[2402] = T 2
[2403] = CNOT 2 20
[2404] = CNOT 2 17
[2405] = CNOT 2 16
[2406] = CNOT 2 10
[2407] = CNOT 2 9
[2408] = CNOT 2 15
[2409] = T 2
[2410] = S 2
[2411] = Z 2
[2412] = CNOT 2 25
[2413] = T 2
[2414] = CNOT 2 25
[2415] = CNOT 2 15
[2416] = CNOT 15 25
[2417] = CNOT 15 27
[2418] = T 15
[2419] = S 15
[2420] = Z 15
[2421] = CNOT 15 27
[2422] = CNOT 15 25
[2423] = CNOT 16 20
[2424] = CNOT 16 27
[2425] = T 16
[2426] = S 16
[2427] = CNOT 16 27
[2428] = CNOT 16 20
[2429] = CNOT 7 12
[2430] = CNOT 7 20
[2431] = CNOT 7 22
[2432] = CNOT 7 27
[2433] = T 7
[2434] = CNOT 7 27
[2435] = CNOT 7 22
[2436] = CNOT 7 20
[2437] = CNOT 7 12
[2438] = CNOT 1 3
[2439] = CNOT 1 16
[2440] = CNOT 1 25
[2441] = T 1
[2442] = CNOT 1 25
[2443] = CNOT 1 20
[2444] = CNOT 1 16
[2445] = CNOT 1 3
[2446] = CNOT 1 7
[2447] = CNOT 1 12
[2448] = CNOT 1 21
[2449] = T 1
[2450] = CNOT 1 21
[2451] = CNOT 1 12
[2452] = CNOT 1 7
[2453] = CNOT 1 20
[2454] = CNOT 1 25
[2455] = T 1
[2456] = CNOT 1 25
[2457] = CNOT 1 20
[2458] = CNOT 2 6
[2459] = CNOT 2 9
[2460] = CNOT 2 10
[2461] = CNOT 2 20
[2462] = T 2
[2463] = CNOT 2 24
[2464] = T 2
[2465] = CNOT 2 6
[2466] = T 2
[2467] = CNOT 2 10
[2468] = CNOT 2 9
[2469] = CNOT 2 6
[2470] = T 2
[2471] = CNOT 2 24
[2472] = CNOT 2 6
[2473] = CNOT 5 8
[2474] = CNOT 5 11
[2475] = CNOT 5 20
[2476] = CNOT 5 27
[2477] = T 5
[2478] = CNOT 5 24
[2479] = T 5
[2480] = CNOT 5 11
[2481] = CNOT 5 8
[2482] = CNOT 8 11
[2483] = CNOT 8 20
[2484] = CNOT 8 24
[2485] = CNOT 8 27
[2486] = T 8
[2487] = CNOT 8 27
[2488] = CNOT 8 24
[2489] = CNOT 8 20
[2490] = CNOT 8 11
[2491] = T 5
[2492] = CNOT 5 27
[2493] = CNOT 5 24
[2494] = CNOT 5 20
[2495] = CNOT 2 4
[2496] = CNOT 2 7
[2497] = CNOT 2 12
[2498] = T 2
[2499] = CNOT 2 20
[2500] = CNOT 2 21
[2501] = CNOT 2 24
[2502] = T 2
[2503] = CNOT 2 4
[2504] = T 2
[2505] = CNOT 2 24
[2506] = CNOT 2 21
[2507] = CNOT 2 12
[2508] = CNOT 2 7
[2509] = CNOT 1 7
[2510] = CNOT 1 12
[2511] = T 1
[2512] = CNOT 1 12
[2513] = CNOT 1 7
[2514] = CNOT 3 4
[2515] = CNOT 3 6
[2516] = CNOT 3 13
[2517] = CNOT 3 21
[2518] = CNOT 3 27
[2519] = T 3
[2520] = CNOT 3 24
[2521] = T 3
[2522] = CNOT 3 13
[2523] = CNOT 3 6
[2524] = CNOT 3 4
[2525] = CNOT 4 6
[2526] = CNOT 4 13
[2527] = CNOT 4 21
[2528] = CNOT 4 24
[2529] = CNOT 4 27
[2530] = T 4
[2531] = CNOT 4 27
[2532] = CNOT 4 24
[2533] = CNOT 4 21
[2534] = CNOT 4 13
[2535] = CNOT 4 6
[2536] = CNOT 3 4
[2537] = T 3
[2538] = CNOT 3 24
[2539] = CNOT 3 4
[2540] = CNOT 2 4
[2541] = CNOT 2 5
[2542] = CNOT 2 14
[2543] = CNOT 2 20
[2544] = T 2
[2545] = CNOT 2 24
[2546] = T 2
[2547] = CNOT 2 24
[2548] = CNOT 2 20
[2549] = CNOT 2 14
[2550] = CNOT 2 5
[2551] = CNOT 2 4
[2552] = CNOT 4 5
[2553] = CNOT 4 14
[2554] = CNOT 4 20
[2555] = CNOT 4 24
[2556] = CNOT 4 27
[2557] = T 4
[2558] = CNOT 4 27
[2559] = CNOT 4 24
[2560] = CNOT 4 20
[2561] = CNOT 4 14
[2562] = CNOT 4 5
[2563] = CNOT 1 8
[2564] = CNOT 1 11
[2565] = CNOT 1 20
[2566] = T 1
[2567] = CNOT 1 20
[2568] = CNOT 1 11
[2569] = CNOT 1 8
[2570] = CNOT 1 4
[2571] = CNOT 1 15
[2572] = CNOT 1 21
[2573] = T 1
[2574] = CNOT 1 24
[2575] = T 1
[2576] = CNOT 1 15
[2577] = CNOT 1 4
[2578] = CNOT 4 15
[2579] = CNOT 4 21
[2580] = CNOT 4 24
[2581] = CNOT 4 27
[2582] = T 4
[2583] = CNOT 4 24
[2584] = CNOT 4 15
[2585] = T 1
[2586] = CNOT 1 24
[2587] = CNOT 1 21
[2588] = CNOT 1 8
[2589] = CNOT 1 11
[2590] = T 1
[2591] = CNOT 1 11
[2592] = CNOT 1 8
[2593] = CNOT 5 9
[2594] = CNOT 5 10
[2595] = CNOT 5 20
[2596] = CNOT 5 27
[2597] = T 5
[2598] = CNOT 5 27
[2599] = CNOT 5 20
[2600] = CNOT 5 10
[2601] = CNOT 5 9
[2602] = CNOT 1 9
[2603] = CNOT 1 10
[2604] = CNOT 1 20
[2605] = CNOT 1 23
[2606] = T 1
[2607] = CNOT 1 5
[2608] = T 1
[2609] = CNOT 1 23
[2610] = CNOT 1 10
[2611] = CNOT 1 9
[2612] = CNOT 1 5
[2613] = CNOT 5 20
[2614] = CNOT 5 23
[2615] = CNOT 5 27
[2616] = T 5
[2617] = CNOT 5 27
[2618] = CNOT 5 23
[2619] = CNOT 5 20
[2620] = CNOT 4 8
[2621] = CNOT 4 11
[2622] = T 4
[2623] = CNOT 4 23
[2624] = T 4
[2625] = CNOT 4 27
[2626] = CNOT 4 23
[2627] = CNOT 4 21
[2628] = CNOT 4 11
[2629] = CNOT 4 8
[2630] = CNOT 8 11
[2631] = CNOT 8 21
[2632] = CNOT 8 23
[2633] = CNOT 8 27
[2634] = T 8
[2635] = CNOT 8 27
[2636] = CNOT 8 23
[2637] = CNOT 8 21
[2638] = CNOT 8 11
[2639] = CNOT 2 8
[2640] = CNOT 2 11
[2641] = CNOT 2 21
[2642] = T 2
[2643] = CNOT 2 21
[2644] = CNOT 2 11
[2645] = CNOT 2 8
[2646] = CNOT 3 4
[2647] = CNOT 3 7
[2648] = CNOT 3 12
[2649] = T 3
[2650] = CNOT 3 23
[2651] = T 3
[2652] = CNOT 3 12
[2653] = CNOT 3 7
[2654] = CNOT 3 4
[2655] = CNOT 4 7
[2656] = CNOT 4 12
[2657] = CNOT 4 21
[2658] = CNOT 4 23
[2659] = CNOT 4 27
[2660] = T 4
[2661] = CNOT 4 27
[2662] = CNOT 4 23
[2663] = CNOT 4 21
[2664] = CNOT 4 12
[2665] = CNOT 4 7
[2666] = CNOT 3 4
[2667] = T 3
[2668] = CNOT 3 27
[2669] = CNOT 3 23
[2670] = CNOT 3 21
[2671] = CNOT 3 4
[2672] = CNOT 2 3
[2673] = CNOT 2 5
[2674] = CNOT 2 9
[2675] = CNOT 2 10
[2676] = CNOT 2 16
[2677] = CNOT 2 17
[2678] = CNOT 2 19
[2679] = CNOT 2 20
[2680] = T 2
[2681] = CNOT 2 20
[2682] = CNOT 2 19
[2683] = CNOT 2 17
[2684] = CNOT 2 16
[2685] = CNOT 2 10
[2686] = CNOT 2 9
[2687] = CNOT 2 5
[2688] = CNOT 2 3
[2689] = CNOT 2 6
[2690] = CNOT 2 13
[2691] = CNOT 2 21
[2692] = CNOT 2 23
[2693] = T 2
[2694] = CNOT 2 13
[2695] = CNOT 2 6
[2696] = CNOT 6 13
[2697] = CNOT 6 21
[2698] = CNOT 6 23
[2699] = CNOT 6 27
[2700] = T 6
[2701] = CNOT 6 27
[2702] = CNOT 6 23
[2703] = CNOT 6 21
[2704] = CNOT 6 13
[2705] = T 2
[2706] = CNOT 2 23
[2707] = CNOT 2 21
[2708] = CNOT 1 5
[2709] = CNOT 1 14
[2710] = T 1
[2711] = CNOT 1 14
[2712] = CNOT 1 5
[2713] = CNOT 14 20
[2714] = CNOT 14 23
[2715] = CNOT 14 27
[2716] = T 14
[2717] = CNOT 14 27
[2718] = CNOT 14 23
[2719] = CNOT 14 20
[2720] = CNOT 1 14
[2721] = CNOT 1 23
[2722] = T 1
[2723] = CNOT 1 14
[2724] = T 1
[2725] = CNOT 1 27
[2726] = CNOT 1 23
[2727] = CNOT 1 20
[2728] = CNOT 4 9
[2729] = CNOT 4 10
[2730] = CNOT 4 27
[2731] = T 4
[2732] = CNOT 4 22
[2733] = T 4
[2734] = CNOT 4 10
[2735] = CNOT 4 9
[2736] = CNOT 9 10
[2737] = CNOT 9 22
[2738] = CNOT 9 27
[2739] = T 9
[2740] = CNOT 9 27
[2741] = CNOT 9 22
[2742] = CNOT 9 10
[2743] = T 4
[2744] = S 4
[2745] = Z 4
[2746] = CNOT 4 27
[2747] = CNOT 4 22
[2748] = CNOT 2 7
[2749] = CNOT 2 12
[2750] = CNOT 2 20
[2751] = T 2
[2752] = CNOT 2 27
[2753] = CNOT 2 20
[2754] = CNOT 2 12
[2755] = CNOT 2 7
[2756] = CNOT 3 8
[2757] = CNOT 3 11
[2758] = CNOT 3 22
[2759] = CNOT 3 27
[2760] = T 3
[2761] = CNOT 3 11
[2762] = CNOT 3 8
[2763] = CNOT 8 11
[2764] = CNOT 8 22
[2765] = CNOT 8 27
[2766] = T 8
[2767] = CNOT 8 27
[2768] = CNOT 8 22
[2769] = CNOT 8 11
[2770] = T 3
[2771] = S 3
[2772] = Z 3
[2773] = CNOT 3 27
[2774] = CNOT 3 22
[2775] = S 1
[2776] = Z 1
[2777] = Z 3
[2778] = S 5
[2779] = Z 5
[2780] = Z 7
[2781] = S 9
[2782] = Z 9
[2783] = S 10
[2784] = Z 11
[2785] = S 12
[2786] = S 13
[2787] = S 15
[2788] = S 16
[2789] = Z 16
[2790] = Z 17
[2791] = S 19
[2792] = S 23
[2793] = Z 23
[2794] = S 24
[2795] = S 25
[2796] = CNOT 1 3
[2797] = S 1
[2798] = CNOT 1 3
[2799] = CNOT 1 7
[2800] = S 1
[2801] = Z 1
[2802] = CNOT 1 7
[2803] = CNOT 1 8
[2804] = S 1
[2805] = Z 1
[2806] = CNOT 1 8
[2807] = CNOT 1 9
[2808] = Z 1
[2809] = CNOT 1 9
[2810] = CNOT 1 10
[2811] = Z 1
[2812] = CNOT 1 10
[2813] = CNOT 1 11
[2814] = S 1
[2815] = Z 1
[2816] = CNOT 1 11
[2817] = CNOT 1 12
[2818] = S 1
[2819] = Z 1
[2820] = CNOT 1 12
[2821] = CNOT 1 14
[2822] = Z 1
[2823] = CNOT 1 14
[2824] = CNOT 1 16
[2825] = S 1
[2826] = CNOT 1 16
[2827] = CNOT 1 18
[2828] = Z 1
[2829] = CNOT 1 18
[2830] = CNOT 1 20
[2831] = S 1
[2832] = CNOT 1 20
[2833] = CNOT 1 21
[2834] = S 1
[2835] = Z 1
[2836] = CNOT 1 21
[2837] = CNOT 1 22
[2838] = S 1
[2839] = Z 1
[2840] = CNOT 1 22
[2841] = CNOT 1 24
[2842] = S 1
[2843] = Z 1
[2844] = CNOT 1 24
[2845] = CNOT 1 25
[2846] = S 1
[2847] = Z 1
[2848] = CNOT 1 25
[2849] = CNOT 1 26
[2850] = S 1
[2851] = CNOT 1 26
[2852] = CNOT 1 27
[2853] = S 1
[2854] = Z 1
[2855] = CNOT 1 27
[2856] = CNOT 2 5
[2857] = Z 2
[2858] = CNOT 2 5
[2859] = CNOT 2 6
[2860] = S 2
[2861] = CNOT 2 6
[2862] = CNOT 2 9
[2863] = Z 2
[2864] = CNOT 2 9
[2865] = CNOT 2 10
[2866] = Z 2
[2867] = CNOT 2 10
[2868] = CNOT 2 13
[2869] = Z 2
[2870] = CNOT 2 13
[2871] = CNOT 2 14
[2872] = S 2
[2873] = CNOT 2 14
[2874] = CNOT 2 15
[2875] = Z 2
[2876] = CNOT 2 15
[2877] = CNOT 2 17
[2878] = Z 2
[2879] = CNOT 2 17
[2880] = CNOT 2 19
[2881] = S 2
[2882] = CNOT 2 19
[2883] = CNOT 2 20
[2884] = S 2
[2885] = Z 2
[2886] = CNOT 2 20
[2887] = CNOT 2 21
[2888] = S 2
[2889] = Z 2
[2890] = CNOT 2 21
[2891] = CNOT 2 22
[2892] = S 2
[2893] = Z 2
[2894] = CNOT 2 22
[2895] = CNOT 2 23
[2896] = S 2
[2897] = Z 2
[2898] = CNOT 2 23
[2899] = CNOT 2 24
[2900] = S 2
[2901] = Z 2
[2902] = CNOT 2 24
[2903] = CNOT 3 4
[2904] = S 3
[2905] = Z 3
[2906] = CNOT 3 4
[2907] = CNOT 3 5
[2908] = S 3
[2909] = Z 3
[2910] = CNOT 3 5
[2911] = CNOT 3 7
[2912] = S 3
[2913] = CNOT 3 7
[2914] = CNOT 3 9
[2915] = S 3
[2916] = CNOT 3 9
[2917] = CNOT 3 10
[2918] = S 3
[2919] = CNOT 3 10
[2920] = CNOT 3 12
[2921] = S 3
[2922] = CNOT 3 12
[2923] = CNOT 3 13
[2924] = S 3
[2925] = CNOT 3 13
[2926] = CNOT 3 14
[2927] = Z 3
[2928] = CNOT 3 14
[2929] = CNOT 3 16
[2930] = Z 3
[2931] = CNOT 3 16
[2932] = CNOT 3 19
[2933] = S 3
[2934] = CNOT 3 19
[2935] = CNOT 3 21
[2936] = Z 3
[2937] = CNOT 3 21
[2938] = CNOT 3 22
[2939] = Z 3
[2940] = CNOT 3 22
[2941] = CNOT 3 25
[2942] = S 3
[2943] = CNOT 3 25
[2944] = CNOT 3 26
[2945] = Z 3
[2946] = CNOT 3 26
[2947] = CNOT 4 5
[2948] = S 4
[2949] = CNOT 4 5
[2950] = CNOT 4 6
[2951] = S 4
[2952] = CNOT 4 6
[2953] = CNOT 4 7
[2954] = S 4
[2955] = CNOT 4 7
[2956] = CNOT 4 9
[2957] = S 4
[2958] = Z 4
[2959] = CNOT 4 9
[2960] = CNOT 4 10
[2961] = S 4
[2962] = Z 4
[2963] = CNOT 4 10
[2964] = CNOT 4 12
[2965] = S 4
[2966] = CNOT 4 12
[2967] = CNOT 4 13
[2968] = S 4
[2969] = CNOT 4 13
[2970] = CNOT 4 14
[2971] = Z 4
[2972] = CNOT 4 14
[2973] = CNOT 4 15
[2974] = S 4
[2975] = Z 4
[2976] = CNOT 4 15
[2977] = CNOT 4 21
[2978] = S 4
[2979] = Z 4
[2980] = CNOT 4 21
[2981] = CNOT 4 22
[2982] = Z 4
[2983] = CNOT 4 22
[2984] = CNOT 4 23
[2985] = S 4
[2986] = CNOT 4 23
[2987] = CNOT 4 24
[2988] = S 4
[2989] = Z 4
[2990] = CNOT 4 24
[2991] = CNOT 4 25
[2992] = S 4
[2993] = CNOT 4 25
[2994] = CNOT 4 26
[2995] = S 4
[2996] = CNOT 4 26
[2997] = CNOT 4 27
[2998] = Z 4
[2999] = CNOT 4 27
[3000] = CNOT 5 6
[3001] = S 5
[3002] = CNOT 5 6
[3003] = CNOT 5 7
[3004] = S 5
[3005] = CNOT 5 7
[3006] = CNOT 5 9
[3007] = Z 5
[3008] = CNOT 5 9
[3009] = CNOT 5 10
[3010] = Z 5
[3011] = CNOT 5 10
[3012] = CNOT 5 12
[3013] = S 5
[3014] = CNOT 5 12
[3015] = CNOT 5 13
[3016] = S 5
[3017] = CNOT 5 13
[3018] = CNOT 5 14
[3019] = S 5
[3020] = CNOT 5 14
[3021] = CNOT 5 16
[3022] = S 5
[3023] = CNOT 5 16
[3024] = CNOT 5 17
[3025] = S 5
[3026] = CNOT 5 17
[3027] = CNOT 5 19
[3028] = S 5
[3029] = CNOT 5 19
[3030] = CNOT 5 20
[3031] = S 5
[3032] = Z 5
[3033] = CNOT 5 20
[3034] = CNOT 5 23
[3035] = S 5
[3036] = Z 5
[3037] = CNOT 5 23
[3038] = CNOT 5 25
[3039] = Z 5
[3040] = CNOT 5 25
[3041] = CNOT 5 27
[3042] = S 5
[3043] = Z 5
[3044] = CNOT 5 27
[3045] = CNOT 6 7
[3046] = S 6
[3047] = CNOT 6 7
[3048] = CNOT 6 9
[3049] = S 6
[3050] = CNOT 6 9
[3051] = CNOT 6 10
[3052] = S 6
[3053] = CNOT 6 10
[3054] = CNOT 6 12
[3055] = S 6
[3056] = CNOT 6 12
[3057] = CNOT 6 13
[3058] = S 6
[3059] = CNOT 6 13
[3060] = CNOT 6 20
[3061] = S 6
[3062] = Z 6
[3063] = CNOT 6 20
[3064] = CNOT 6 21
[3065] = S 6
[3066] = Z 6
[3067] = CNOT 6 21
[3068] = CNOT 6 24
[3069] = S 6
[3070] = CNOT 6 24
[3071] = CNOT 6 25
[3072] = Z 6
[3073] = CNOT 6 25
[3074] = CNOT 6 26
[3075] = S 6
[3076] = CNOT 6 26
[3077] = CNOT 6 27
[3078] = Z 6
[3079] = CNOT 6 27
[3080] = CNOT 7 12
[3081] = S 7
[3082] = Z 7
[3083] = CNOT 7 12
[3084] = CNOT 7 20
[3085] = S 7
[3086] = CNOT 7 20
[3087] = CNOT 7 21
[3088] = S 7
[3089] = Z 7
[3090] = CNOT 7 21
[3091] = CNOT 7 23
[3092] = S 7
[3093] = CNOT 7 23
[3094] = CNOT 7 24
[3095] = S 7
[3096] = CNOT 7 24
[3097] = CNOT 8 9
[3098] = S 8
[3099] = Z 8
[3100] = CNOT 8 9
[3101] = CNOT 8 10
[3102] = S 8
[3103] = Z 8
[3104] = CNOT 8 10
[3105] = CNOT 8 22
[3106] = S 8
[3107] = Z 8
[3108] = CNOT 8 22
[3109] = CNOT 8 26
[3110] = Z 8
[3111] = CNOT 8 26
[3112] = CNOT 8 27
[3113] = S 8
[3114] = CNOT 8 27
[3115] = CNOT 9 10
[3116] = S 9
[3117] = CNOT 9 10
[3118] = CNOT 9 19
[3119] = S 9
[3120] = CNOT 9 19
[3121] = CNOT 9 20
[3122] = S 9
[3123] = Z 9
[3124] = CNOT 9 20
[3125] = CNOT 9 21
[3126] = S 9
[3127] = Z 9
[3128] = CNOT 9 21
[3129] = CNOT 9 22
[3130] = S 9
[3131] = Z 9
[3132] = CNOT 9 22
[3133] = CNOT 9 23
[3134] = S 9
[3135] = CNOT 9 23
[3136] = CNOT 9 24
[3137] = S 9
[3138] = CNOT 9 24
[3139] = CNOT 9 26
[3140] = S 9
[3141] = Z 9
[3142] = CNOT 9 26
[3143] = CNOT 10 19
[3144] = S 10
[3145] = CNOT 10 19
[3146] = CNOT 10 20
[3147] = S 10
[3148] = Z 10
[3149] = CNOT 10 20
[3150] = CNOT 10 21
[3151] = S 10
[3152] = Z 10
[3153] = CNOT 10 21
[3154] = CNOT 10 22
[3155] = S 10
[3156] = Z 10
[3157] = CNOT 10 22
[3158] = CNOT 10 23
[3159] = S 10
[3160] = CNOT 10 23
[3161] = CNOT 10 24
[3162] = S 10
[3163] = CNOT 10 24
[3164] = CNOT 10 26
[3165] = S 10
[3166] = Z 10
[3167] = CNOT 10 26
[3168] = CNOT 11 22
[3169] = S 11
[3170] = Z 11
[3171] = CNOT 11 22
[3172] = CNOT 12 20
[3173] = S 12
[3174] = CNOT 12 20
[3175] = CNOT 12 21
[3176] = S 12
[3177] = Z 12
[3178] = CNOT 12 21
[3179] = CNOT 12 23
[3180] = S 12
[3181] = CNOT 12 23
[3182] = CNOT 12 24
[3183] = S 12
[3184] = CNOT 12 24
[3185] = CNOT 12 25
[3186] = S 12
[3187] = CNOT 12 25
[3188] = CNOT 12 26
[3189] = S 12
[3190] = CNOT 12 26
[3191] = CNOT 13 21
[3192] = S 13
[3193] = Z 13
[3194] = CNOT 13 21
[3195] = CNOT 13 24
[3196] = S 13
[3197] = CNOT 13 24
[3198] = CNOT 13 25
[3199] = S 13
[3200] = CNOT 13 25
[3201] = CNOT 13 26
[3202] = S 13
[3203] = CNOT 13 26
[3204] = CNOT 14 20
[3205] = Z 14
[3206] = CNOT 14 20
[3207] = CNOT 14 23
[3208] = S 14
[3209] = Z 14
[3210] = CNOT 14 23
[3211] = CNOT 14 24
[3212] = S 14
[3213] = CNOT 14 24
[3214] = CNOT 14 25
[3215] = Z 14
[3216] = CNOT 14 25
[3217] = CNOT 14 27
[3218] = S 14
[3219] = CNOT 14 27
[3220] = CNOT 15 21
[3221] = S 15
[3222] = CNOT 15 21
[3223] = CNOT 15 25
[3224] = Z 15
[3225] = CNOT 15 25
[3226] = CNOT 15 27
[3227] = Z 15
[3228] = CNOT 15 27
[3229] = CNOT 16 19
[3230] = S 16
[3231] = CNOT 16 19
[3232] = CNOT 16 21
[3233] = Z 16
[3234] = CNOT 16 21
[3235] = CNOT 16 25
[3236] = Z 16
[3237] = CNOT 16 25
[3238] = CNOT 16 26
[3239] = S 16
[3240] = CNOT 16 26
[3241] = CNOT 17 19
[3242] = S 17
[3243] = CNOT 17 19
[3244] = CNOT 17 21
[3245] = Z 17
[3246] = CNOT 17 21
[3247] = CNOT 19 20
[3248] = S 19
[3249] = CNOT 19 20
[3250] = CNOT 19 27
[3251] = S 19
[3252] = CNOT 19 27
[3253] = CNOT 20 21
[3254] = Z 20
[3255] = CNOT 20 21
[3256] = CNOT 20 24
[3257] = S 20
[3258] = Z 20
[3259] = CNOT 20 24
[3260] = CNOT 20 25
[3261] = S 20
[3262] = CNOT 20 25
[3263] = CNOT 20 26
[3264] = S 20
[3265] = CNOT 20 26
[3266] = CNOT 21 23
[3267] = Z 21
[3268] = CNOT 21 23
[3269] = CNOT 21 24
[3270] = S 21
[3271] = Z 21
[3272] = CNOT 21 24
[3273] = CNOT 21 26
[3274] = S 21
[3275] = Z 21
[3276] = CNOT 21 26
[3277] = CNOT 21 27
[3278] = S 21
[3279] = CNOT 21 27
[3280] = CNOT 22 27
[3281] = S 22
[3282] = CNOT 22 27
[3283] = CNOT 23 27
[3284] = Z 23
[3285] = CNOT 23 27
[3286] = CNOT 24 27
[3287] = Z 24
[3288] = CNOT 24 27
[3289] = CNOT 25 27
[3290] = S 25
[3291] = Z 25
[3292] = CNOT 25 27
[3293] = CNOT 26 27
[3294] = Z 26
[3295] = CNOT 26 27
[3296] = CNOT 1 2
[3297] = CNOT 1 3
[3298] = Z 1
[3299] = CNOT 1 3
[3300] = CNOT 1 5
[3301] = S 1
[3302] = Z 1
[3303] = CNOT 1 5
[3304] = CNOT 1 9
[3305] = S 1
[3306] = Z 1
[3307] = CNOT 1 9
[3308] = CNOT 1 10
[3309] = S 1
[3310] = Z 1
[3311] = CNOT 1 10
[3312] = CNOT 1 16
[3313] = Z 1
[3314] = CNOT 1 16
[3315] = CNOT 1 17
[3316] = Z 1
[3317] = CNOT 1 17
[3318] = CNOT 1 19
[3319] = S 1
[3320] = Z 1
[3321] = CNOT 1 19
[3322] = CNOT 1 20
[3323] = Z 1
[3324] = CNOT 1 20
[3325] = CNOT 1 27
[3326] = Z 1
[3327] = CNOT 1 27
[3328] = CNOT 1 2
[3329] = CNOT 1 3
[3330] = CNOT 1 5
[3331] = S 1
[3332] = Z 1
[3333] = CNOT 1 5
[3334] = CNOT 1 9
[3335] = S 1
[3336] = Z 1
[3337] = CNOT 1 9
[3338] = CNOT 1 10
[3339] = S 1
[3340] = Z 1
[3341] = CNOT 1 10
[3342] = CNOT 1 16
[3343] = S 1
[3344] = CNOT 1 16
[3345] = CNOT 1 17
[3346] = Z 1
[3347] = CNOT 1 17
[3348] = CNOT 1 19
[3349] = S 1
[3350] = Z 1
[3351] = CNOT 1 19
[3352] = CNOT 1 20
[3353] = S 1
[3354] = CNOT 1 20
[3355] = CNOT 1 26
[3356] = S 1
[3357] = Z 1
[3358] = CNOT 1 26
[3359] = CNOT 1 27
[3360] = S 1
[3361] = CNOT 1 27
[3362] = CNOT 1 3
[3363] = CNOT 1 4
[3364] = CNOT 1 15
[3365] = S 1
[3366] = Z 1
[3367] = CNOT 1 15
[3368] = CNOT 1 21
[3369] = S 1
[3370] = Z 1
[3371] = CNOT 1 21
[3372] = CNOT 1 27
[3373] = S 1
[3374] = Z 1
[3375] = CNOT 1 27
[3376] = CNOT 1 4
[3377] = CNOT 1 5
[3378] = CNOT 1 9
[3379] = S 1
[3380] = Z 1
[3381] = CNOT 1 9
[3382] = CNOT 1 10
[3383] = S 1
[3384] = Z 1
[3385] = CNOT 1 10
[3386] = CNOT 1 14
[3387] = S 1
[3388] = Z 1
[3389] = CNOT 1 14
[3390] = CNOT 1 16
[3391] = S 1
[3392] = Z 1
[3393] = CNOT 1 16
[3394] = CNOT 1 17
[3395] = S 1
[3396] = Z 1
[3397] = CNOT 1 17
[3398] = CNOT 1 19
[3399] = S 1
[3400] = Z 1
[3401] = CNOT 1 19
[3402] = CNOT 1 20
[3403] = Z 1
[3404] = CNOT 1 20
[3405] = CNOT 1 5
[3406] = CNOT 1 6
[3407] = CNOT 1 13
[3408] = S 1
[3409] = Z 1
[3410] = CNOT 1 13
[3411] = CNOT 1 20
[3412] = S 1
[3413] = Z 1
[3414] = CNOT 1 20
[3415] = CNOT 1 27
[3416] = S 1
[3417] = Z 1
[3418] = CNOT 1 27
[3419] = CNOT 1 6
[3420] = CNOT 1 7
[3421] = CNOT 1 12
[3422] = S 1
[3423] = Z 1
[3424] = CNOT 1 12
[3425] = CNOT 1 27
[3426] = S 1
[3427] = Z 1
[3428] = CNOT 1 27
[3429] = CNOT 1 7
[3430] = CNOT 1 8
[3431] = CNOT 1 11
[3432] = S 1
[3433] = Z 1
[3434] = CNOT 1 11
[3435] = CNOT 1 27
[3436] = S 1
[3437] = Z 1
[3438] = CNOT 1 27
[3439] = CNOT 1 8
[3440] = CNOT 1 9
[3441] = CNOT 1 10
[3442] = Z 1
[3443] = CNOT 1 10
[3444] = CNOT 1 16
[3445] = S 1
[3446] = Z 1
[3447] = CNOT 1 16
[3448] = CNOT 1 17
[3449] = S 1
[3450] = Z 1
[3451] = CNOT 1 17
[3452] = CNOT 1 20
[3453] = Z 1
[3454] = CNOT 1 20
[3455] = CNOT 1 23
[3456] = S 1
[3457] = Z 1
[3458] = CNOT 1 23
[3459] = CNOT 1 27
[3460] = Z 1
[3461] = CNOT 1 27
[3462] = CNOT 1 9
[3463] = CNOT 1 10
[3464] = CNOT 1 16
[3465] = S 1
[3466] = Z 1
[3467] = CNOT 1 16
[3468] = CNOT 1 17
[3469] = S 1
[3470] = Z 1
[3471] = CNOT 1 17
[3472] = CNOT 1 20
[3473] = Z 1
[3474] = CNOT 1 20
[3475] = CNOT 1 23
[3476] = S 1
[3477] = Z 1
[3478] = CNOT 1 23
[3479] = CNOT 1 27
[3480] = Z 1
[3481] = CNOT 1 10
[3482] = CNOT 1 11
[3483] = S 1
[3484] = Z 1
[3485] = CNOT 1 11
[3486] = CNOT 1 12
[3487] = S 1
[3488] = Z 1
[3489] = CNOT 1 27
[3490] = CNOT 1 12
[3491] = CNOT 1 13
[3492] = CNOT 1 20
[3493] = S 1
[3494] = Z 1
[3495] = CNOT 1 20
[3496] = CNOT 1 27
[3497] = S 1
[3498] = Z 1
[3499] = CNOT 1 27
[3500] = CNOT 1 13
[3501] = CNOT 1 14
[3502] = CNOT 1 20
[3503] = S 1
[3504] = Z 1
[3505] = CNOT 1 20
[3506] = CNOT 1 14
[3507] = CNOT 1 15
[3508] = CNOT 1 21
[3509] = S 1
[3510] = Z 1
[3511] = CNOT 1 21
[3512] = CNOT 1 27
[3513] = S 1
[3514] = Z 1
[3515] = CNOT 1 27
[3516] = CNOT 1 15
[3517] = CNOT 1 16
[3518] = CNOT 1 17
[3519] = Z 1
[3520] = CNOT 1 17
[3521] = CNOT 1 19
[3522] = S 1
[3523] = Z 1
[3524] = CNOT 1 19
[3525] = CNOT 1 20
[3526] = S 1
[3527] = CNOT 1 20
[3528] = CNOT 1 26
[3529] = S 1
[3530] = Z 1
[3531] = CNOT 1 26
[3532] = CNOT 1 27
[3533] = S 1
[3534] = CNOT 1 27
[3535] = CNOT 1 16
[3536] = CNOT 1 17
[3537] = CNOT 1 19
[3538] = S 1
[3539] = Z 1
[3540] = CNOT 1 19
[3541] = CNOT 1 20
[3542] = Z 1
[3543] = CNOT 1 20
[3544] = CNOT 1 27
[3545] = Z 1
[3546] = CNOT 1 27
[3547] = CNOT 1 17
[3548] = CNOT 1 19
[3549] = CNOT 1 20
[3550] = S 1
[3551] = Z 1
[3552] = CNOT 1 20
[3553] = CNOT 1 27
[3554] = S 1
[3555] = Z 1
[3556] = CNOT 1 27
[3557] = CNOT 1 19
[3558] = CNOT 1 20
[3559] = CNOT 1 22
[3560] = S 1
[3561] = Z 1
[3562] = CNOT 1 22
[3563] = CNOT 1 23
[3564] = Z 1
[3565] = CNOT 1 23
[3566] = CNOT 1 25
[3567] = S 1
[3568] = Z 1
[3569] = CNOT 1 25
[3570] = CNOT 1 26
[3571] = S 1
[3572] = Z 1
[3573] = CNOT 1 26
[3574] = CNOT 1 20
[3575] = CNOT 1 21
[3576] = CNOT 1 24
[3577] = S 1
[3578] = Z 1
[3579] = CNOT 1 24
[3580] = CNOT 1 27
[3581] = Z 1
[3582] = CNOT 1 21
[3583] = CNOT 1 22
[3584] = S 1
[3585] = Z 1
[3586] = CNOT 1 22
[3587] = CNOT 1 23
[3588] = Z 1
[3589] = CNOT 1 23
[3590] = CNOT 1 24
[3591] = S 1
[3592] = Z 1
[3593] = CNOT 1 24
[3594] = CNOT 1 25
[3595] = S 1
[3596] = Z 1
[3597] = CNOT 1 25
[3598] = CNOT 1 26
[3599] = S 1
[3600] = Z 1
[3601] = CNOT 1 27
[3602] = CNOT 1 26
[3603] = CNOT 2 3
[3604] = CNOT 2 5
[3605] = Z 2
[3606] = CNOT 2 5
[3607] = CNOT 2 9
[3608] = Z 2
[3609] = CNOT 2 9
[3610] = CNOT 2 10
[3611] = Z 2
[3612] = CNOT 2 10
[3613] = CNOT 2 16
[3614] = S 2
[3615] = Z 2
[3616] = CNOT 2 16
[3617] = CNOT 2 19
[3618] = Z 2
[3619] = CNOT 2 19
[3620] = CNOT 2 20
[3621] = S 2
[3622] = Z 2
[3623] = CNOT 2 20
[3624] = CNOT 2 21
[3625] = S 2
[3626] = Z 2
[3627] = CNOT 2 21
[3628] = CNOT 2 26
[3629] = S 2
[3630] = Z 2
[3631] = CNOT 2 26
[3632] = CNOT 2 27
[3633] = S 2
[3634] = Z 2
[3635] = CNOT 2 27
[3636] = CNOT 2 3
[3637] = CNOT 2 4
[3638] = CNOT 2 5
[3639] = S 2
[3640] = Z 2
[3641] = CNOT 2 5
[3642] = CNOT 2 6
[3643] = S 2
[3644] = Z 2
[3645] = CNOT 2 6
[3646] = CNOT 2 7
[3647] = S 2
[3648] = Z 2
[3649] = CNOT 2 7
[3650] = CNOT 2 12
[3651] = S 2
[3652] = Z 2
[3653] = CNOT 2 12
[3654] = CNOT 2 13
[3655] = S 2
[3656] = Z 2
[3657] = CNOT 2 13
[3658] = CNOT 2 14
[3659] = S 2
[3660] = Z 2
[3661] = CNOT 2 14
[3662] = CNOT 2 20
[3663] = Z 2
[3664] = CNOT 2 20
[3665] = CNOT 2 21
[3666] = S 2
[3667] = Z 2
[3668] = CNOT 2 21
[3669] = CNOT 2 24
[3670] = S 2
[3671] = Z 2
[3672] = CNOT 2 24
[3673] = CNOT 2 27
[3674] = S 2
[3675] = CNOT 2 27
[3676] = CNOT 2 4
[3677] = CNOT 2 5
[3678] = CNOT 2 9
[3679] = S 2
[3680] = Z 2
[3681] = CNOT 2 9
[3682] = CNOT 2 10
[3683] = S 2
[3684] = Z 2
[3685] = CNOT 2 10
[3686] = CNOT 2 14
[3687] = S 2
[3688] = Z 2
[3689] = CNOT 2 14
[3690] = CNOT 2 16
[3691] = Z 2
[3692] = CNOT 2 16
[3693] = CNOT 2 17
[3694] = Z 2
[3695] = CNOT 2 17
[3696] = CNOT 2 19
[3697] = Z 2
[3698] = CNOT 2 19
[3699] = CNOT 2 20
[3700] = S 2
[3701] = CNOT 2 20
[3702] = CNOT 2 27
[3703] = S 2
[3704] = CNOT 2 27
[3705] = CNOT 2 5
[3706] = CNOT 2 6
[3707] = CNOT 2 7
[3708] = S 2
[3709] = Z 2
[3710] = CNOT 2 7
[3711] = CNOT 2 9
[3712] = S 2
[3713] = Z 2
[3714] = CNOT 2 9
[3715] = CNOT 2 10
[3716] = S 2
[3717] = Z 2
[3718] = CNOT 2 10
[3719] = CNOT 2 12
[3720] = S 2
[3721] = Z 2
[3722] = CNOT 2 12
[3723] = CNOT 2 13
[3724] = Z 2
[3725] = CNOT 2 13
[3726] = CNOT 2 21
[3727] = S 2
[3728] = Z 2
[3729] = CNOT 2 21
[3730] = CNOT 2 24
[3731] = S 2
[3732] = Z 2
[3733] = CNOT 2 24
[3734] = CNOT 2 25
[3735] = S 2
[3736] = Z 2
[3737] = CNOT 2 25
[3738] = CNOT 2 26
[3739] = S 2
[3740] = Z 2
[3741] = CNOT 2 26
[3742] = CNOT 2 27
[3743] = S 2
[3744] = Z 2
[3745] = CNOT 2 27
[3746] = CNOT 2 6
[3747] = CNOT 2 7
[3748] = CNOT 2 8
[3749] = S 2
[3750] = Z 2
[3751] = CNOT 2 8
[3752] = CNOT 2 9
[3753] = S 2
[3754] = Z 2
[3755] = CNOT 2 9
[3756] = CNOT 2 10
[3757] = S 2
[3758] = Z 2
[3759] = CNOT 2 10
[3760] = CNOT 2 11
[3761] = S 2
[3762] = Z 2
[3763] = CNOT 2 11
[3764] = CNOT 2 20
[3765] = S 2
[3766] = CNOT 2 20
[3767] = CNOT 2 21
[3768] = S 2
[3769] = Z 2
[3770] = CNOT 2 21
[3771] = CNOT 2 24
[3772] = S 2
[3773] = Z 2
[3774] = CNOT 2 24
[3775] = CNOT 2 25
[3776] = S 2
[3777] = Z 2
[3778] = CNOT 2 25
[3779] = CNOT 2 26
[3780] = Z 2
[3781] = CNOT 2 26
[3782] = CNOT 2 27
[3783] = S 2
[3784] = CNOT 2 27
[3785] = CNOT 2 7
[3786] = CNOT 2 8
[3787] = CNOT 2 11
[3788] = Z 2
[3789] = CNOT 2 11
[3790] = CNOT 2 26
[3791] = S 2
[3792] = Z 2
[3793] = CNOT 2 26
[3794] = CNOT 2 27
[3795] = Z 2
[3796] = CNOT 2 27
[3797] = CNOT 2 8
[3798] = CNOT 2 9
[3799] = CNOT 2 10
[3800] = Z 2
[3801] = CNOT 2 10
[3802] = CNOT 2 16
[3803] = S 2
[3804] = CNOT 2 16
[3805] = CNOT 2 17
[3806] = S 2
[3807] = CNOT 2 17
[3808] = CNOT 2 19
[3809] = S 2
[3810] = Z 2
[3811] = CNOT 2 19
[3812] = CNOT 2 21
[3813] = S 2
[3814] = Z 2
[3815] = CNOT 2 21
[3816] = CNOT 2 24
[3817] = S 2
[3818] = Z 2
[3819] = CNOT 2 24
[3820] = CNOT 2 25
[3821] = S 2
[3822] = Z 2
[3823] = CNOT 2 25
[3824] = CNOT 2 27
[3825] = Z 2
[3826] = CNOT 2 27
[3827] = CNOT 2 9
[3828] = CNOT 2 10
[3829] = CNOT 2 16
[3830] = S 2
[3831] = CNOT 2 16
[3832] = CNOT 2 17
[3833] = S 2
[3834] = CNOT 2 17
[3835] = CNOT 2 19
[3836] = S 2
[3837] = Z 2
[3838] = CNOT 2 19
[3839] = CNOT 2 21
[3840] = S 2
[3841] = Z 2
[3842] = CNOT 2 21
[3843] = CNOT 2 24
[3844] = S 2
[3845] = Z 2
[3846] = CNOT 2 24
[3847] = CNOT 2 25
[3848] = S 2
[3849] = Z 2
[3850] = CNOT 2 25
[3851] = CNOT 2 27
[3852] = Z 2
[3853] = CNOT 2 27
[3854] = CNOT 2 10
[3855] = CNOT 2 11
[3856] = CNOT 2 26
[3857] = S 2
[3858] = Z 2
[3859] = CNOT 2 26
[3860] = CNOT 2 27
[3861] = Z 2
[3862] = CNOT 2 27
[3863] = CNOT 2 11
[3864] = CNOT 2 12
[3865] = CNOT 2 20
[3866] = S 2
[3867] = CNOT 2 20
[3868] = CNOT 2 21
[3869] = S 2
[3870] = Z 2
[3871] = CNOT 2 21
[3872] = CNOT 2 24
[3873] = S 2
[3874] = Z 2
[3875] = CNOT 2 24
[3876] = CNOT 2 26
[3877] = S 2
[3878] = Z 2
[3879] = CNOT 2 26
[3880] = CNOT 2 12
[3881] = CNOT 2 13
[3882] = CNOT 2 20
[3883] = S 2
[3884] = Z 2
[3885] = CNOT 2 20
[3886] = CNOT 2 21
[3887] = S 2
[3888] = Z 2
[3889] = CNOT 2 21
[3890] = CNOT 2 25
[3891] = S 2
[3892] = Z 2
[3893] = CNOT 2 25
[3894] = CNOT 2 27
[3895] = Z 2
[3896] = CNOT 2 27
[3897] = CNOT 2 13
[3898] = CNOT 2 14
[3899] = CNOT 2 20
[3900] = S 2
[3901] = Z 2
[3902] = CNOT 2 20
[3903] = CNOT 2 27
[3904] = S 2
[3905] = Z 2
[3906] = CNOT 2 27
[3907] = CNOT 2 14
[3908] = CNOT 2 16
[3909] = CNOT 2 17
[3910] = Z 2
[3911] = CNOT 2 17
[3912] = CNOT 2 19
[3913] = Z 2
[3914] = CNOT 2 19
[3915] = CNOT 2 20
[3916] = S 2
[3917] = CNOT 2 20
[3918] = CNOT 2 21
[3919] = Z 2
[3920] = CNOT 2 21
[3921] = CNOT 2 26
[3922] = Z 2
[3923] = CNOT 2 26
[3924] = CNOT 2 27
[3925] = S 2
[3926] = CNOT 2 27
[3927] = CNOT 2 16
[3928] = CNOT 2 17
[3929] = CNOT 2 19
[3930] = Z 2
[3931] = CNOT 2 19
[3932] = CNOT 2 20
[3933] = Z 2
[3934] = CNOT 2 20
[3935] = CNOT 2 21
[3936] = Z 2
[3937] = CNOT 2 21
[3938] = CNOT 2 26
[3939] = Z 2
[3940] = CNOT 2 26
[3941] = CNOT 2 17
[3942] = CNOT 2 19
[3943] = CNOT 2 20
[3944] = Z 2
[3945] = CNOT 2 20
[3946] = CNOT 2 27
[3947] = Z 2
[3948] = CNOT 2 27
[3949] = CNOT 2 19
[3950] = CNOT 2 20
[3951] = CNOT 2 21
[3952] = Z 2
[3953] = CNOT 2 21
[3954] = CNOT 2 22
[3955] = S 2
[3956] = Z 2
[3957] = CNOT 2 22
[3958] = CNOT 2 24
[3959] = Z 2
[3960] = CNOT 2 24
[3961] = CNOT 2 25
[3962] = S 2
[3963] = Z 2
[3964] = CNOT 2 25
[3965] = CNOT 2 27
[3966] = S 2
[3967] = CNOT 2 27
[3968] = CNOT 2 20
[3969] = CNOT 2 21
[3970] = CNOT 2 23
[3971] = S 2
[3972] = Z 2
[3973] = CNOT 2 23
[3974] = CNOT 2 24
[3975] = S 2
[3976] = Z 2
[3977] = CNOT 2 24
[3978] = CNOT 2 26
[3979] = S 2
[3980] = Z 2
[3981] = CNOT 2 26
[3982] = CNOT 2 27
[3983] = S 2
[3984] = Z 2
[3985] = CNOT 2 21
[3986] = CNOT 2 22
[3987] = S 2
[3988] = Z 2
[3989] = CNOT 2 22
[3990] = CNOT 2 23
[3991] = S 2
[3992] = Z 2
[3993] = CNOT 2 23
[3994] = CNOT 2 24
[3995] = S 2
[3996] = CNOT 2 24
[3997] = CNOT 2 25
[3998] = S 2
[3999] = CNOT 2 27
[4000] = CNOT 2 25
[4001] = CNOT 3 4
[4002] = CNOT 3 6
[4003] = S 3
[4004] = Z 3
[4005] = CNOT 3 6
[4006] = CNOT 3 7
[4007] = S 3
[4008] = Z 3
[4009] = CNOT 3 7
[4010] = CNOT 3 12
[4011] = S 3
[4012] = Z 3
[4013] = CNOT 3 12
[4014] = CNOT 3 13
[4015] = S 3
[4016] = Z 3
[4017] = CNOT 3 13
[4018] = CNOT 3 15
[4019] = S 3
[4020] = Z 3
[4021] = CNOT 3 15
[4022] = CNOT 3 23
[4023] = S 3
[4024] = Z 3
[4025] = CNOT 3 23
[4026] = CNOT 3 24
[4027] = S 3
[4028] = Z 3
[4029] = CNOT 3 24
[4030] = CNOT 3 4
[4031] = CNOT 3 5
[4032] = CNOT 3 6
[4033] = S 3
[4034] = Z 3
[4035] = CNOT 3 6
[4036] = CNOT 3 9
[4037] = S 3
[4038] = Z 3
[4039] = CNOT 3 9
[4040] = CNOT 3 10
[4041] = S 3
[4042] = Z 3
[4043] = CNOT 3 10
[4044] = CNOT 3 14
[4045] = S 3
[4046] = Z 3
[4047] = CNOT 3 14
[4048] = CNOT 3 16
[4049] = S 3
[4050] = CNOT 3 16
[4051] = CNOT 3 17
[4052] = Z 3
[4053] = CNOT 3 17
[4054] = CNOT 3 19
[4055] = Z 3
[4056] = CNOT 3 19
[4057] = CNOT 3 20
[4058] = S 3
[4059] = CNOT 3 20
[4060] = CNOT 3 27
[4061] = S 3
[4062] = CNOT 3 27
[4063] = CNOT 3 5
[4064] = CNOT 3 6
[4065] = CNOT 3 8
[4066] = S 3
[4067] = Z 3
[4068] = CNOT 3 8
[4069] = CNOT 3 11
[4070] = S 3
[4071] = Z 3
[4072] = CNOT 3 11
[4073] = CNOT 3 13
[4074] = S 3
[4075] = Z 3
[4076] = CNOT 3 13
[4077] = CNOT 3 14
[4078] = S 3
[4079] = Z 3
[4080] = CNOT 3 14
[4081] = CNOT 3 16
[4082] = S 3
[4083] = Z 3
[4084] = CNOT 3 16
[4085] = CNOT 3 20
[4086] = S 3
[4087] = Z 3
[4088] = CNOT 3 20
[4089] = CNOT 3 21
[4090] = S 3
[4091] = Z 3
[4092] = CNOT 3 21
[4093] = CNOT 3 25
[4094] = S 3
[4095] = Z 3
[4096] = CNOT 3 25
[4097] = CNOT 3 27
[4098] = S 3
[4099] = CNOT 3 27
[4100] = CNOT 3 6
[4101] = CNOT 3 7
[4102] = CNOT 3 12
[4103] = S 3
[4104] = Z 3
[4105] = CNOT 3 12
[4106] = CNOT 3 21
[4107] = S 3
[4108] = Z 3
[4109] = CNOT 3 21
[4110] = CNOT 3 27
[4111] = S 3
[4112] = Z 3
[4113] = CNOT 3 27
[4114] = CNOT 3 7
[4115] = CNOT 3 8
[4116] = CNOT 3 11
[4117] = Z 3
[4118] = CNOT 3 11
[4119] = CNOT 3 25
[4120] = S 3
[4121] = Z 3
[4122] = CNOT 3 25
[4123] = CNOT 3 27
[4124] = Z 3
[4125] = CNOT 3 27
[4126] = CNOT 3 8
[4127] = CNOT 3 9
[4128] = CNOT 3 10
[4129] = Z 3
[4130] = CNOT 3 10
[4131] = CNOT 3 16
[4132] = Z 3
[4133] = CNOT 3 16
[4134] = CNOT 3 17
[4135] = Z 3
[4136] = CNOT 3 17
[4137] = CNOT 3 19
[4138] = S 3
[4139] = Z 3
[4140] = CNOT 3 19
[4141] = CNOT 3 20
[4142] = Z 3
[4143] = CNOT 3 20
[4144] = CNOT 3 27
[4145] = Z 3
[4146] = CNOT 3 27
[4147] = CNOT 3 9
[4148] = CNOT 3 10
[4149] = CNOT 3 16
[4150] = Z 3
[4151] = CNOT 3 16
[4152] = CNOT 3 17
[4153] = Z 3
[4154] = CNOT 3 17
[4155] = CNOT 3 19
[4156] = S 3
[4157] = Z 3
[4158] = CNOT 3 19
[4159] = CNOT 3 20
[4160] = Z 3
[4161] = CNOT 3 20
[4162] = CNOT 3 27
[4163] = Z 3
[4164] = CNOT 3 27
[4165] = CNOT 3 10
[4166] = CNOT 3 11
[4167] = CNOT 3 25
[4168] = S 3
[4169] = Z 3
[4170] = CNOT 3 25
[4171] = CNOT 3 27
[4172] = Z 3
[4173] = CNOT 3 27
[4174] = CNOT 3 11
[4175] = CNOT 3 12
[4176] = CNOT 3 21
[4177] = S 3
[4178] = Z 3
[4179] = CNOT 3 21
[4180] = CNOT 3 27
[4181] = S 3
[4182] = Z 3
[4183] = CNOT 3 27
[4184] = CNOT 3 12
[4185] = CNOT 3 13
[4186] = CNOT 3 21
[4187] = S 3
[4188] = Z 3
[4189] = CNOT 3 21
[4190] = CNOT 3 27
[4191] = S 3
[4192] = Z 3
[4193] = CNOT 3 27
[4194] = CNOT 3 13
[4195] = CNOT 3 14
[4196] = CNOT 3 16
[4197] = S 3
[4198] = Z 3
[4199] = CNOT 3 16
[4200] = CNOT 3 20
[4201] = S 3
[4202] = Z 3
[4203] = CNOT 3 20
[4204] = CNOT 3 27
[4205] = S 3
[4206] = Z 3
[4207] = CNOT 3 27
[4208] = CNOT 3 14
[4209] = CNOT 3 15
[4210] = CNOT 3 21
[4211] = S 3
[4212] = Z 3
[4213] = CNOT 3 21
[4214] = CNOT 3 27
[4215] = S 3
[4216] = Z 3
[4217] = CNOT 3 27
[4218] = CNOT 3 15
[4219] = CNOT 3 16
[4220] = CNOT 3 19
[4221] = Z 3
[4222] = CNOT 3 19
[4223] = CNOT 3 20
[4224] = S 3
[4225] = CNOT 3 20
[4226] = CNOT 3 21
[4227] = S 3
[4228] = Z 3
[4229] = CNOT 3 21
[4230] = CNOT 3 25
[4231] = S 3
[4232] = Z 3
[4233] = CNOT 3 25
[4234] = CNOT 3 26
[4235] = Z 3
[4236] = CNOT 3 26
[4237] = CNOT 3 16
[4238] = CNOT 3 17
[4239] = CNOT 3 19
[4240] = Z 3
[4241] = CNOT 3 19
[4242] = CNOT 3 21
[4243] = S 3
[4244] = Z 3
[4245] = CNOT 3 21
[4246] = CNOT 3 26
[4247] = S 3
[4248] = Z 3
[4249] = CNOT 3 26
[4250] = CNOT 3 17
[4251] = CNOT 3 19
[4252] = CNOT 3 20
[4253] = Z 3
[4254] = CNOT 3 20
[4255] = CNOT 3 27
[4256] = Z 3
[4257] = CNOT 3 27
[4258] = CNOT 3 19
[4259] = CNOT 3 20
[4260] = CNOT 3 21
[4261] = S 3
[4262] = Z 3
[4263] = CNOT 3 21
[4264] = CNOT 3 25
[4265] = S 3
[4266] = Z 3
[4267] = CNOT 3 25
[4268] = CNOT 3 26
[4269] = Z 3
[4270] = CNOT 3 26
[4271] = CNOT 3 27
[4272] = S 3
[4273] = CNOT 3 27
[4274] = CNOT 3 20
[4275] = CNOT 3 21
[4276] = CNOT 3 23
[4277] = S 3
[4278] = Z 3
[4279] = CNOT 3 23
[4280] = CNOT 3 24
[4281] = S 3
[4282] = Z 3
[4283] = CNOT 3 24
[4284] = CNOT 3 26
[4285] = S 3
[4286] = Z 3
[4287] = CNOT 3 26
[4288] = CNOT 3 27
[4289] = S 3
[4290] = Z 3
[4291] = CNOT 3 21
[4292] = CNOT 3 23
[4293] = S 3
[4294] = Z 3
[4295] = CNOT 3 23
[4296] = CNOT 3 24
[4297] = S 3
[4298] = Z 3
[4299] = CNOT 3 24
[4300] = CNOT 3 25
[4301] = Z 3
[4302] = CNOT 3 27
[4303] = CNOT 3 25
[4304] = CNOT 4 5
[4305] = CNOT 4 6
[4306] = S 4
[4307] = Z 4
[4308] = CNOT 4 6
[4309] = CNOT 4 7
[4310] = S 4
[4311] = Z 4
[4312] = CNOT 4 7
[4313] = CNOT 4 12
[4314] = S 4
[4315] = Z 4
[4316] = CNOT 4 12
[4317] = CNOT 4 13
[4318] = S 4
[4319] = Z 4
[4320] = CNOT 4 13
[4321] = CNOT 4 14
[4322] = Z 4
[4323] = CNOT 4 14
[4324] = CNOT 4 20
[4325] = S 4
[4326] = Z 4
[4327] = CNOT 4 20
[4328] = CNOT 4 24
[4329] = S 4
[4330] = Z 4
[4331] = CNOT 4 24
[4332] = CNOT 4 25
[4333] = S 4
[4334] = Z 4
[4335] = CNOT 4 25
[4336] = CNOT 4 26
[4337] = S 4
[4338] = Z 4
[4339] = CNOT 4 26
[4340] = CNOT 4 27
[4341] = S 4
[4342] = Z 4
[4343] = CNOT 4 27
[4344] = CNOT 4 5
[4345] = CNOT 4 6
[4346] = CNOT 4 20
[4347] = Z 4
[4348] = CNOT 4 20
[4349] = CNOT 4 21
[4350] = Z 4
[4351] = CNOT 4 21
[4352] = CNOT 4 24
[4353] = S 4
[4354] = Z 4
[4355] = CNOT 4 24
[4356] = CNOT 4 26
[4357] = S 4
[4358] = Z 4
[4359] = CNOT 4 26
[4360] = CNOT 4 6
[4361] = CNOT 4 7
[4362] = CNOT 4 20
[4363] = Z 4
[4364] = CNOT 4 20
[4365] = CNOT 4 21
[4366] = Z 4
[4367] = CNOT 4 21
[4368] = CNOT 4 23
[4369] = S 4
[4370] = Z 4
[4371] = CNOT 4 23
[4372] = CNOT 4 25
[4373] = S 4
[4374] = Z 4
[4375] = CNOT 4 25
[4376] = CNOT 4 7
[4377] = CNOT 4 8
[4378] = CNOT 4 11
[4379] = S 4
[4380] = Z 4
[4381] = CNOT 4 11
[4382] = CNOT 4 21
[4383] = S 4
[4384] = Z 4
[4385] = CNOT 4 21
[4386] = CNOT 4 27
[4387] = S 4
[4388] = Z 4
[4389] = CNOT 4 27
[4390] = CNOT 4 8
[4391] = CNOT 4 9
[4392] = CNOT 4 10
[4393] = S 4
[4394] = Z 4
[4395] = CNOT 4 10
[4396] = CNOT 4 27
[4397] = S 4
[4398] = Z 4
[4399] = CNOT 4 9
[4400] = CNOT 4 10
[4401] = S 4
[4402] = Z 4
[4403] = CNOT 4 27
[4404] = CNOT 4 10
[4405] = CNOT 4 11
[4406] = CNOT 4 21
[4407] = S 4
[4408] = Z 4
[4409] = CNOT 4 21
[4410] = CNOT 4 27
[4411] = S 4
[4412] = Z 4
[4413] = CNOT 4 27
[4414] = CNOT 4 11
[4415] = CNOT 4 12
[4416] = CNOT 4 20
[4417] = Z 4
[4418] = CNOT 4 20
[4419] = CNOT 4 21
[4420] = Z 4
[4421] = CNOT 4 21
[4422] = CNOT 4 23
[4423] = S 4
[4424] = Z 4
[4425] = CNOT 4 23
[4426] = CNOT 4 25
[4427] = S 4
[4428] = Z 4
[4429] = CNOT 4 25
[4430] = CNOT 4 12
[4431] = CNOT 4 13
[4432] = CNOT 4 20
[4433] = Z 4
[4434] = CNOT 4 20
[4435] = CNOT 4 21
[4436] = Z 4
[4437] = CNOT 4 21
[4438] = CNOT 4 24
[4439] = S 4
[4440] = Z 4
[4441] = CNOT 4 24
[4442] = CNOT 4 26
[4443] = S 4
[4444] = Z 4
[4445] = CNOT 4 26
[4446] = CNOT 4 13
[4447] = CNOT 4 14
[4448] = CNOT 4 20
[4449] = Z 4
[4450] = CNOT 4 20
[4451] = CNOT 4 24
[4452] = S 4
[4453] = Z 4
[4454] = CNOT 4 24
[4455] = CNOT 4 27
[4456] = Z 4
[4457] = CNOT 4 27
[4458] = CNOT 4 14
[4459] = CNOT 4 15
[4460] = CNOT 4 21
[4461] = S 4
[4462] = CNOT 4 21
[4463] = CNOT 4 24
[4464] = S 4
[4465] = Z 4
[4466] = CNOT 4 24
[4467] = CNOT 4 26
[4468] = S 4
[4469] = Z 4
[4470] = CNOT 4 26
[4471] = CNOT 4 15
[4472] = CNOT 4 20
[4473] = CNOT 4 24
[4474] = S 4
[4475] = Z 4
[4476] = CNOT 4 24
[4477] = CNOT 4 25
[4478] = Z 4
[4479] = CNOT 4 25
[4480] = CNOT 4 26
[4481] = Z 4
[4482] = CNOT 4 26
[4483] = CNOT 4 27
[4484] = S 4
[4485] = CNOT 4 27
[4486] = CNOT 4 20
[4487] = CNOT 4 21
[4488] = CNOT 4 23
[4489] = Z 4
[4490] = CNOT 4 23
[4491] = CNOT 4 24
[4492] = S 4
[4493] = CNOT 4 24
[4494] = CNOT 4 26
[4495] = S 4
[4496] = Z 4
[4497] = CNOT 4 26
[4498] = CNOT 4 27
[4499] = S 4
[4500] = Z 4
[4501] = CNOT 4 21
[4502] = CNOT 4 23
[4503] = Z 4
[4504] = CNOT 4 23
[4505] = CNOT 4 25
[4506] = Z 4
[4507] = CNOT 4 25
[4508] = CNOT 4 26
[4509] = S 4
[4510] = CNOT 4 27
[4511] = CNOT 4 26
[4512] = CNOT 5 6
[4513] = CNOT 5 13
[4514] = S 5
[4515] = Z 5
[4516] = CNOT 5 13
[4517] = CNOT 5 14
[4518] = Z 5
[4519] = CNOT 5 14
[4520] = CNOT 5 16
[4521] = Z 5
[4522] = CNOT 5 16
[4523] = CNOT 5 20
[4524] = S 5
[4525] = CNOT 5 20
[4526] = CNOT 5 25
[4527] = S 5
[4528] = Z 5
[4529] = CNOT 5 25
[4530] = CNOT 5 27
[4531] = S 5
[4532] = CNOT 5 27
[4533] = CNOT 5 6
[4534] = CNOT 5 7
[4535] = CNOT 5 12
[4536] = S 5
[4537] = Z 5
[4538] = CNOT 5 12
[4539] = CNOT 5 20
[4540] = S 5
[4541] = Z 5
[4542] = CNOT 5 20
[4543] = CNOT 5 27
[4544] = S 5
[4545] = Z 5
[4546] = CNOT 5 27
[4547] = CNOT 5 7
[4548] = CNOT 5 8
[4549] = CNOT 5 11
[4550] = S 5
[4551] = Z 5
[4552] = CNOT 5 11
[4553] = CNOT 5 20
[4554] = S 5
[4555] = Z 5
[4556] = CNOT 5 20
[4557] = CNOT 5 27
[4558] = S 5
[4559] = Z 5
[4560] = CNOT 5 27
[4561] = CNOT 5 8
[4562] = CNOT 5 9
[4563] = CNOT 5 10
[4564] = Z 5
[4565] = CNOT 5 10
[4566] = CNOT 5 16
[4567] = S 5
[4568] = Z 5
[4569] = CNOT 5 16
[4570] = CNOT 5 17
[4571] = S 5
[4572] = Z 5
[4573] = CNOT 5 17
[4574] = CNOT 5 19
[4575] = S 5
[4576] = Z 5
[4577] = CNOT 5 19
[4578] = CNOT 5 20
[4579] = Z 5
[4580] = CNOT 5 20
[4581] = CNOT 5 27
[4582] = Z 5
[4583] = CNOT 5 27
[4584] = CNOT 5 9
[4585] = CNOT 5 10
[4586] = CNOT 5 16
[4587] = S 5
[4588] = Z 5
[4589] = CNOT 5 16
[4590] = CNOT 5 17
[4591] = S 5
[4592] = Z 5
[4593] = CNOT 5 17
[4594] = CNOT 5 19
[4595] = S 5
[4596] = Z 5
[4597] = CNOT 5 19
[4598] = CNOT 5 20
[4599] = Z 5
[4600] = CNOT 5 20
[4601] = CNOT 5 27
[4602] = Z 5
[4603] = CNOT 5 27
[4604] = CNOT 5 10
[4605] = CNOT 5 11
[4606] = CNOT 5 20
[4607] = S 5
[4608] = Z 5
[4609] = CNOT 5 20
[4610] = CNOT 5 27
[4611] = S 5
[4612] = Z 5
[4613] = CNOT 5 27
[4614] = CNOT 5 11
[4615] = CNOT 5 12
[4616] = CNOT 5 20
[4617] = S 5
[4618] = Z 5
[4619] = CNOT 5 20
[4620] = CNOT 5 27
[4621] = S 5
[4622] = Z 5
[4623] = CNOT 5 27
[4624] = CNOT 5 12
[4625] = CNOT 5 13
[4626] = CNOT 5 20
[4627] = S 5
[4628] = Z 5
[4629] = CNOT 5 20
[4630] = CNOT 5 27
[4631] = S 5
[4632] = Z 5
[4633] = CNOT 5 27
[4634] = CNOT 5 13
[4635] = CNOT 5 14
[4636] = CNOT 5 16
[4637] = Z 5
[4638] = CNOT 5 16
[4639] = CNOT 5 20
[4640] = S 5
[4641] = Z 5
[4642] = CNOT 5 20
[4643] = CNOT 5 24
[4644] = S 5
[4645] = Z 5
[4646] = CNOT 5 24
[4647] = CNOT 5 25
[4648] = S 5
[4649] = Z 5
[4650] = CNOT 5 25
[4651] = CNOT 5 26
[4652] = S 5
[4653] = Z 5
[4654] = CNOT 5 26
[4655] = CNOT 5 27
[4656] = Z 5
[4657] = CNOT 5 27
[4658] = CNOT 5 14
[4659] = CNOT 5 16
[4660] = CNOT 5 17
[4661] = Z 5
[4662] = CNOT 5 17
[4663] = CNOT 5 19
[4664] = Z 5
[4665] = CNOT 5 19
[4666] = CNOT 5 25
[4667] = S 5
[4668] = Z 5
[4669] = CNOT 5 25
[4670] = CNOT 5 16
[4671] = CNOT 5 17
[4672] = CNOT 5 19
[4673] = Z 5
[4674] = CNOT 5 19
[4675] = CNOT 5 20
[4676] = Z 5
[4677] = CNOT 5 20
[4678] = CNOT 5 27
[4679] = Z 5
[4680] = CNOT 5 27
[4681] = CNOT 5 17
[4682] = CNOT 5 19
[4683] = CNOT 5 20
[4684] = Z 5
[4685] = CNOT 5 20
[4686] = CNOT 5 27
[4687] = Z 5
[4688] = CNOT 5 27
[4689] = CNOT 5 19
[4690] = CNOT 5 20
[4691] = CNOT 5 23
[4692] = S 5
[4693] = Z 5
[4694] = CNOT 5 23
[4695] = CNOT 5 24
[4696] = Z 5
[4697] = CNOT 5 24
[4698] = CNOT 5 25
[4699] = Z 5
[4700] = CNOT 5 25
[4701] = CNOT 5 26
[4702] = Z 5
[4703] = CNOT 5 26
[4704] = CNOT 5 27
[4705] = S 5
[4706] = Z 5
[4707] = CNOT 5 20
[4708] = CNOT 5 23
[4709] = S 5
[4710] = Z 5
[4711] = CNOT 5 23
[4712] = CNOT 5 24
[4713] = Z 5
[4714] = CNOT 5 24
[4715] = CNOT 5 25
[4716] = Z 5
[4717] = CNOT 5 25
[4718] = CNOT 5 26
[4719] = Z 5
[4720] = CNOT 5 27
[4721] = CNOT 5 26
[4722] = CNOT 6 7
[4723] = CNOT 6 12
[4724] = S 6
[4725] = Z 6
[4726] = CNOT 6 12
[4727] = CNOT 6 20
[4728] = S 6
[4729] = Z 6
[4730] = CNOT 6 20
[4731] = CNOT 6 27
[4732] = S 6
[4733] = Z 6
[4734] = CNOT 6 27
[4735] = CNOT 6 7
[4736] = CNOT 6 8
[4737] = CNOT 6 11
[4738] = S 6
[4739] = Z 6
[4740] = CNOT 6 11
[4741] = CNOT 6 27
[4742] = S 6
[4743] = Z 6
[4744] = CNOT 6 27
[4745] = CNOT 6 8
[4746] = CNOT 6 9
[4747] = CNOT 6 10
[4748] = S 6
[4749] = Z 6
[4750] = CNOT 6 10
[4751] = CNOT 6 20
[4752] = S 6
[4753] = Z 6
[4754] = CNOT 6 20
[4755] = CNOT 6 27
[4756] = S 6
[4757] = Z 6
[4758] = CNOT 6 27
[4759] = CNOT 6 9
[4760] = CNOT 6 10
[4761] = CNOT 6 20
[4762] = S 6
[4763] = Z 6
[4764] = CNOT 6 20
[4765] = CNOT 6 27
[4766] = S 6
[4767] = Z 6
[4768] = CNOT 6 10
[4769] = CNOT 6 11
[4770] = S 6
[4771] = Z 6
[4772] = CNOT 6 27
[4773] = CNOT 6 11
[4774] = CNOT 6 12
[4775] = CNOT 6 20
[4776] = S 6
[4777] = Z 6
[4778] = CNOT 6 20
[4779] = CNOT 6 27
[4780] = S 6
[4781] = Z 6
[4782] = CNOT 6 27
[4783] = CNOT 6 12
[4784] = CNOT 6 13
[4785] = CNOT 6 21
[4786] = S 6
[4787] = CNOT 6 21
[4788] = CNOT 6 22
[4789] = S 6
[4790] = Z 6
[4791] = CNOT 6 22
[4792] = CNOT 6 23
[4793] = S 6
[4794] = Z 6
[4795] = CNOT 6 23
[4796] = CNOT 6 24
[4797] = S 6
[4798] = Z 6
[4799] = CNOT 6 24
[4800] = CNOT 6 25
[4801] = S 6
[4802] = Z 6
[4803] = CNOT 6 25
[4804] = CNOT 6 26
[4805] = S 6
[4806] = Z 6
[4807] = CNOT 6 26
[4808] = CNOT 6 13
[4809] = CNOT 6 14
[4810] = CNOT 6 16
[4811] = Z 6
[4812] = CNOT 6 16
[4813] = CNOT 6 20
[4814] = Z 6
[4815] = CNOT 6 20
[4816] = CNOT 6 25
[4817] = S 6
[4818] = Z 6
[4819] = CNOT 6 25
[4820] = CNOT 6 27
[4821] = Z 6
[4822] = CNOT 6 27
[4823] = CNOT 6 14
[4824] = CNOT 6 16
[4825] = CNOT 6 20
[4826] = Z 6
[4827] = CNOT 6 20
[4828] = CNOT 6 25
[4829] = S 6
[4830] = Z 6
[4831] = CNOT 6 25
[4832] = CNOT 6 27
[4833] = Z 6
[4834] = CNOT 6 27
[4835] = CNOT 6 16
[4836] = CNOT 6 20
[4837] = CNOT 6 22
[4838] = S 6
[4839] = Z 6
[4840] = CNOT 6 22
[4841] = CNOT 6 24
[4842] = S 6
[4843] = Z 6
[4844] = CNOT 6 24
[4845] = CNOT 6 25
[4846] = Z 6
[4847] = CNOT 6 25
[4848] = CNOT 6 26
[4849] = Z 6
[4850] = CNOT 6 26
[4851] = CNOT 6 27
[4852] = S 6
[4853] = Z 6
[4854] = CNOT 6 27
[4855] = CNOT 6 20
[4856] = CNOT 6 21
[4857] = CNOT 6 23
[4858] = S 6
[4859] = Z 6
[4860] = CNOT 6 23
[4861] = CNOT 6 24
[4862] = S 6
[4863] = Z 6
[4864] = CNOT 6 24
[4865] = CNOT 6 27
[4866] = S 6
[4867] = CNOT 6 21
[4868] = CNOT 6 22
[4869] = S 6
[4870] = Z 6
[4871] = CNOT 6 22
[4872] = CNOT 6 23
[4873] = S 6
[4874] = Z 6
[4875] = CNOT 6 23
[4876] = CNOT 6 24
[4877] = Z 6
[4878] = CNOT 6 24
[4879] = CNOT 6 26
[4880] = Z 6
[4881] = CNOT 6 27
[4882] = CNOT 6 26
[4883] = CNOT 7 8
[4884] = CNOT 7 11
[4885] = S 7
[4886] = Z 7
[4887] = CNOT 7 11
[4888] = CNOT 7 27
[4889] = S 7
[4890] = Z 7
[4891] = CNOT 7 27
[4892] = CNOT 7 8
[4893] = CNOT 7 9
[4894] = CNOT 7 10
[4895] = S 7
[4896] = Z 7
[4897] = CNOT 7 10
[4898] = CNOT 7 27
[4899] = S 7
[4900] = Z 7
[4901] = CNOT 7 9
[4902] = CNOT 7 10
[4903] = S 7
[4904] = Z 7
[4905] = CNOT 7 10
[4906] = CNOT 7 11
[4907] = S 7
[4908] = Z 7
[4909] = CNOT 7 27
[4910] = CNOT 7 11
[4911] = CNOT 7 12
[4912] = CNOT 7 20
[4913] = S 7
[4914] = Z 7
[4915] = CNOT 7 20
[4916] = CNOT 7 21
[4917] = S 7
[4918] = CNOT 7 21
[4919] = CNOT 7 22
[4920] = S 7
[4921] = Z 7
[4922] = CNOT 7 22
[4923] = CNOT 7 23
[4924] = S 7
[4925] = Z 7
[4926] = CNOT 7 23
[4927] = CNOT 7 24
[4928] = S 7
[4929] = Z 7
[4930] = CNOT 7 24
[4931] = CNOT 7 25
[4932] = S 7
[4933] = Z 7
[4934] = CNOT 7 25
[4935] = CNOT 7 26
[4936] = S 7
[4937] = Z 7
[4938] = CNOT 7 26
[4939] = CNOT 7 27
[4940] = S 7
[4941] = Z 7
[4942] = CNOT 7 27
[4943] = CNOT 7 12
[4944] = CNOT 7 20
[4945] = CNOT 7 22
[4946] = S 7
[4947] = Z 7
[4948] = CNOT 7 22
[4949] = CNOT 7 25
[4950] = S 7
[4951] = Z 7
[4952] = CNOT 7 25
[4953] = CNOT 7 26
[4954] = S 7
[4955] = Z 7
[4956] = CNOT 7 26
[4957] = CNOT 7 27
[4958] = S 7
[4959] = Z 7
[4960] = CNOT 7 27
[4961] = CNOT 7 20
[4962] = CNOT 7 21
[4963] = CNOT 7 23
[4964] = S 7
[4965] = Z 7
[4966] = CNOT 7 23
[4967] = CNOT 7 24
[4968] = S 7
[4969] = Z 7
[4970] = CNOT 7 24
[4971] = CNOT 7 27
[4972] = S 7
[4973] = CNOT 7 21
[4974] = CNOT 7 22
[4975] = S 7
[4976] = Z 7
[4977] = CNOT 7 22
[4978] = CNOT 7 23
[4979] = S 7
[4980] = Z 7
[4981] = CNOT 7 23
[4982] = CNOT 7 24
[4983] = S 7
[4984] = Z 7
[4985] = CNOT 7 24
[4986] = CNOT 7 25
[4987] = Z 7
[4988] = CNOT 7 25
[4989] = CNOT 7 26
[4990] = Z 7
[4991] = CNOT 7 27
[4992] = CNOT 7 26
[4993] = CNOT 8 9
[4994] = CNOT 8 10
[4995] = S 8
[4996] = Z 8
[4997] = CNOT 8 10
[4998] = CNOT 8 27
[4999] = S 8
[5000] = Z 8
[5001] = CNOT 8 9
[5002] = CNOT 8 10
[5003] = S 8
[5004] = Z 8
[5005] = CNOT 8 27
[5006] = CNOT 8 10
[5007] = CNOT 8 11
[5008] = CNOT 8 20
[5009] = Z 8
[5010] = CNOT 8 20
[5011] = CNOT 8 21
[5012] = Z 8
[5013] = CNOT 8 21
[5014] = CNOT 8 22
[5015] = S 8
[5016] = Z 8
[5017] = CNOT 8 22
[5018] = CNOT 8 23
[5019] = S 8
[5020] = Z 8
[5021] = CNOT 8 23
[5022] = CNOT 8 24
[5023] = S 8
[5024] = Z 8
[5025] = CNOT 8 24
[5026] = CNOT 8 25
[5027] = S 8
[5028] = Z 8
[5029] = CNOT 8 25
[5030] = CNOT 8 26
[5031] = S 8
[5032] = Z 8
[5033] = CNOT 8 26
[5034] = CNOT 8 27
[5035] = S 8
[5036] = Z 8
[5037] = CNOT 8 27
[5038] = CNOT 8 11
[5039] = CNOT 8 20
[5040] = CNOT 8 24
[5041] = S 8
[5042] = Z 8
[5043] = CNOT 8 24
[5044] = CNOT 8 27
[5045] = Z 8
[5046] = CNOT 8 27
[5047] = CNOT 8 20
[5048] = CNOT 8 21
[5049] = CNOT 8 23
[5050] = S 8
[5051] = Z 8
[5052] = CNOT 8 23
[5053] = CNOT 8 27
[5054] = Z 8
[5055] = CNOT 8 21
[5056] = CNOT 8 22
[5057] = S 8
[5058] = Z 8
[5059] = CNOT 8 22
[5060] = CNOT 8 23
[5061] = S 8
[5062] = Z 8
[5063] = CNOT 8 23
[5064] = CNOT 8 24
[5065] = S 8
[5066] = Z 8
[5067] = CNOT 8 24
[5068] = CNOT 8 25
[5069] = S 8
[5070] = Z 8
[5071] = CNOT 8 27
[5072] = CNOT 8 25
[5073] = CNOT 9 10
[5074] = CNOT 9 16
[5075] = S 9
[5076] = CNOT 9 16
[5077] = CNOT 9 17
[5078] = S 9
[5079] = CNOT 9 17
[5080] = CNOT 9 19
[5081] = S 9
[5082] = Z 9
[5083] = CNOT 9 19
[5084] = CNOT 9 20
[5085] = Z 9
[5086] = CNOT 9 20
[5087] = CNOT 9 21
[5088] = S 9
[5089] = Z 9
[5090] = CNOT 9 21
[5091] = CNOT 9 22
[5092] = S 9
[5093] = Z 9
[5094] = CNOT 9 22
[5095] = CNOT 9 23
[5096] = S 9
[5097] = Z 9
[5098] = CNOT 9 23
[5099] = CNOT 9 24
[5100] = S 9
[5101] = Z 9
[5102] = CNOT 9 24
[5103] = CNOT 9 25
[5104] = S 9
[5105] = Z 9
[5106] = CNOT 9 25
[5107] = CNOT 9 26
[5108] = S 9
[5109] = Z 9
[5110] = CNOT 9 26
[5111] = CNOT 9 27
[5112] = S 9
[5113] = CNOT 9 27
[5114] = CNOT 9 10
[5115] = CNOT 9 16
[5116] = CNOT 9 17
[5117] = S 9
[5118] = CNOT 9 17
[5119] = CNOT 9 19
[5120] = S 9
[5121] = Z 9
[5122] = CNOT 9 19
[5123] = CNOT 9 20
[5124] = S 9
[5125] = CNOT 9 20
[5126] = CNOT 9 21
[5127] = S 9
[5128] = Z 9
[5129] = CNOT 9 21
[5130] = CNOT 9 27
[5131] = S 9
[5132] = CNOT 9 27
[5133] = CNOT 9 16
[5134] = CNOT 9 17
[5135] = CNOT 9 19
[5136] = S 9
[5137] = Z 9
[5138] = CNOT 9 19
[5139] = CNOT 9 20
[5140] = S 9
[5141] = CNOT 9 20
[5142] = CNOT 9 21
[5143] = S 9
[5144] = Z 9
[5145] = CNOT 9 21
[5146] = CNOT 9 27
[5147] = S 9
[5148] = CNOT 9 27
[5149] = CNOT 9 17
[5150] = CNOT 9 19
[5151] = CNOT 9 20
[5152] = S 9
[5153] = Z 9
[5154] = CNOT 9 20
[5155] = CNOT 9 27
[5156] = S 9
[5157] = Z 9
[5158] = CNOT 9 27
[5159] = CNOT 9 19
[5160] = CNOT 9 20
[5161] = CNOT 9 21
[5162] = S 9
[5163] = Z 9
[5164] = CNOT 9 21
[5165] = CNOT 9 23
[5166] = S 9
[5167] = Z 9
[5168] = CNOT 9 23
[5169] = CNOT 9 24
[5170] = S 9
[5171] = Z 9
[5172] = CNOT 9 24
[5173] = CNOT 9 27
[5174] = Z 9
[5175] = CNOT 9 20
[5176] = CNOT 9 21
[5177] = S 9
[5178] = Z 9
[5179] = CNOT 9 21
[5180] = CNOT 9 22
[5181] = S 9
[5182] = Z 9
[5183] = CNOT 9 22
[5184] = CNOT 9 23
[5185] = S 9
[5186] = Z 9
[5187] = CNOT 9 23
[5188] = CNOT 9 24
[5189] = S 9
[5190] = Z 9
[5191] = CNOT 9 24
[5192] = CNOT 9 25
[5193] = S 9
[5194] = Z 9
[5195] = CNOT 9 25
[5196] = CNOT 9 26
[5197] = S 9
[5198] = Z 9
[5199] = CNOT 9 27
[5200] = CNOT 9 26
[5201] = CNOT 10 16
[5202] = CNOT 10 17
[5203] = S 10
[5204] = CNOT 10 17
[5205] = CNOT 10 19
[5206] = S 10
[5207] = Z 10
[5208] = CNOT 10 19
[5209] = CNOT 10 20
[5210] = S 10
[5211] = CNOT 10 20
[5212] = CNOT 10 21
[5213] = S 10
[5214] = Z 10
[5215] = CNOT 10 21
[5216] = CNOT 10 27
[5217] = S 10
[5218] = CNOT 10 27
[5219] = CNOT 10 16
[5220] = CNOT 10 17
[5221] = CNOT 10 19
[5222] = S 10
[5223] = Z 10
[5224] = CNOT 10 19
[5225] = CNOT 10 20
[5226] = S 10
[5227] = CNOT 10 20
[5228] = CNOT 10 21
[5229] = S 10
[5230] = Z 10
[5231] = CNOT 10 21
[5232] = CNOT 10 27
[5233] = S 10
[5234] = CNOT 10 27
[5235] = CNOT 10 17
[5236] = CNOT 10 19
[5237] = CNOT 10 20
[5238] = S 10
[5239] = Z 10
[5240] = CNOT 10 20
[5241] = CNOT 10 27
[5242] = S 10
[5243] = Z 10
[5244] = CNOT 10 27
[5245] = CNOT 10 19
[5246] = CNOT 10 20
[5247] = CNOT 10 21
[5248] = S 10
[5249] = Z 10
[5250] = CNOT 10 21
[5251] = CNOT 10 23
[5252] = S 10
[5253] = Z 10
[5254] = CNOT 10 23
[5255] = CNOT 10 24
[5256] = S 10
[5257] = Z 10
[5258] = CNOT 10 24
[5259] = CNOT 10 27
[5260] = Z 10
[5261] = CNOT 10 20
[5262] = CNOT 10 21
[5263] = S 10
[5264] = Z 10
[5265] = CNOT 10 21
[5266] = CNOT 10 22
[5267] = S 10
[5268] = Z 10
[5269] = CNOT 10 22
[5270] = CNOT 10 23
[5271] = S 10
[5272] = Z 10
[5273] = CNOT 10 23
[5274] = CNOT 10 24
[5275] = S 10
[5276] = Z 10
[5277] = CNOT 10 24
[5278] = CNOT 10 25
[5279] = S 10
[5280] = Z 10
[5281] = CNOT 10 25
[5282] = CNOT 10 26
[5283] = S 10
[5284] = Z 10
[5285] = CNOT 10 27
[5286] = CNOT 10 26
[5287] = CNOT 11 20
[5288] = CNOT 11 24
[5289] = S 11
[5290] = Z 11
[5291] = CNOT 11 24
[5292] = CNOT 11 27
[5293] = Z 11
[5294] = CNOT 11 27
[5295] = CNOT 11 20
[5296] = CNOT 11 21
[5297] = CNOT 11 23
[5298] = S 11
[5299] = Z 11
[5300] = CNOT 11 23
[5301] = CNOT 11 27
[5302] = Z 11
[5303] = CNOT 11 21
[5304] = CNOT 11 22
[5305] = S 11
[5306] = Z 11
[5307] = CNOT 11 22
[5308] = CNOT 11 23
[5309] = S 11
[5310] = Z 11
[5311] = CNOT 11 23
[5312] = CNOT 11 24
[5313] = S 11
[5314] = Z 11
[5315] = CNOT 11 24
[5316] = CNOT 11 25
[5317] = S 11
[5318] = Z 11
[5319] = CNOT 11 25
[5320] = CNOT 11 26
[5321] = S 11
[5322] = Z 11
[5323] = CNOT 11 27
[5324] = CNOT 11 26
[5325] = CNOT 12 20
[5326] = CNOT 12 22
[5327] = S 12
[5328] = Z 12
[5329] = CNOT 12 22
[5330] = CNOT 12 25
[5331] = S 12
[5332] = Z 12
[5333] = CNOT 12 25
[5334] = CNOT 12 26
[5335] = S 12
[5336] = Z 12
[5337] = CNOT 12 26
[5338] = CNOT 12 27
[5339] = S 12
[5340] = Z 12
[5341] = CNOT 12 27
[5342] = CNOT 12 20
[5343] = CNOT 12 21
[5344] = CNOT 12 23
[5345] = S 12
[5346] = Z 12
[5347] = CNOT 12 23
[5348] = CNOT 12 24
[5349] = S 12
[5350] = Z 12
[5351] = CNOT 12 24
[5352] = CNOT 12 27
[5353] = S 12
[5354] = CNOT 12 21
[5355] = CNOT 12 22
[5356] = S 12
[5357] = Z 12
[5358] = CNOT 12 22
[5359] = CNOT 12 23
[5360] = S 12
[5361] = Z 12
[5362] = CNOT 12 23
[5363] = CNOT 12 24
[5364] = S 12
[5365] = Z 12
[5366] = CNOT 12 24
[5367] = CNOT 12 25
[5368] = S 12
[5369] = Z 12
[5370] = CNOT 12 25
[5371] = CNOT 12 26
[5372] = S 12
[5373] = Z 12
[5374] = CNOT 12 27
[5375] = CNOT 12 26
[5376] = CNOT 13 20
[5377] = CNOT 13 22
[5378] = S 13
[5379] = Z 13
[5380] = CNOT 13 22
[5381] = CNOT 13 25
[5382] = S 13
[5383] = Z 13
[5384] = CNOT 13 25
[5385] = CNOT 13 26
[5386] = S 13
[5387] = Z 13
[5388] = CNOT 13 26
[5389] = CNOT 13 20
[5390] = CNOT 13 21
[5391] = CNOT 13 23
[5392] = S 13
[5393] = Z 13
[5394] = CNOT 13 23
[5395] = CNOT 13 24
[5396] = S 13
[5397] = Z 13
[5398] = CNOT 13 24
[5399] = CNOT 13 27
[5400] = S 13
[5401] = CNOT 13 21
[5402] = CNOT 13 22
[5403] = S 13
[5404] = Z 13
[5405] = CNOT 13 22
[5406] = CNOT 13 23
[5407] = S 13
[5408] = Z 13
[5409] = CNOT 13 23
[5410] = CNOT 13 24
[5411] = S 13
[5412] = Z 13
[5413] = CNOT 13 24
[5414] = CNOT 13 25
[5415] = S 13
[5416] = Z 13
[5417] = CNOT 13 25
[5418] = CNOT 13 26
[5419] = S 13
[5420] = Z 13
[5421] = CNOT 13 27
[5422] = CNOT 13 26
[5423] = CNOT 14 16
[5424] = CNOT 14 20
[5425] = Z 14
[5426] = CNOT 14 20
[5427] = CNOT 14 25
[5428] = S 14
[5429] = Z 14
[5430] = CNOT 14 25
[5431] = CNOT 14 27
[5432] = Z 14
[5433] = CNOT 14 27
[5434] = CNOT 14 16
[5435] = CNOT 14 20
[5436] = CNOT 14 23
[5437] = S 14
[5438] = Z 14
[5439] = CNOT 14 23
[5440] = CNOT 14 24
[5441] = S 14
[5442] = Z 14
[5443] = CNOT 14 24
[5444] = CNOT 14 25
[5445] = S 14
[5446] = Z 14
[5447] = CNOT 14 25
[5448] = CNOT 14 26
[5449] = S 14
[5450] = Z 14
[5451] = CNOT 14 26
[5452] = CNOT 14 27
[5453] = Z 14
[5454] = CNOT 14 20
[5455] = CNOT 14 23
[5456] = S 14
[5457] = Z 14
[5458] = CNOT 14 23
[5459] = CNOT 14 24
[5460] = S 14
[5461] = Z 14
[5462] = CNOT 14 24
[5463] = CNOT 14 25
[5464] = S 14
[5465] = Z 14
[5466] = CNOT 14 25
[5467] = CNOT 14 26
[5468] = S 14
[5469] = Z 14
[5470] = CNOT 14 27
[5471] = CNOT 14 26
[5472] = CNOT 15 21
[5473] = CNOT 15 24
[5474] = S 15
[5475] = Z 15
[5476] = CNOT 15 24
[5477] = CNOT 15 26
[5478] = S 15
[5479] = Z 15
[5480] = CNOT 15 26
[5481] = CNOT 15 27
[5482] = S 15
[5483] = CNOT 15 21
[5484] = CNOT 15 24
[5485] = S 15
[5486] = Z 15
[5487] = CNOT 15 24
[5488] = CNOT 15 26
[5489] = S 15
[5490] = Z 15
[5491] = CNOT 15 27
[5492] = CNOT 15 26
[5493] = CNOT 16 17
[5494] = CNOT 16 19
[5495] = Z 16
[5496] = CNOT 16 19
[5497] = CNOT 16 20
[5498] = Z 16
[5499] = CNOT 16 20
[5500] = CNOT 16 21
[5501] = Z 16
[5502] = CNOT 16 21
[5503] = CNOT 16 26
[5504] = Z 16
[5505] = CNOT 16 26
[5506] = CNOT 16 27
[5507] = Z 16
[5508] = CNOT 16 27
[5509] = CNOT 16 17
[5510] = CNOT 16 19
[5511] = CNOT 16 20
[5512] = Z 16
[5513] = CNOT 16 20
[5514] = CNOT 16 27
[5515] = Z 16
[5516] = CNOT 16 27
[5517] = CNOT 16 19
[5518] = CNOT 16 20
[5519] = CNOT 16 21
[5520] = Z 16
[5521] = CNOT 16 21
[5522] = CNOT 16 25
[5523] = Z 16
[5524] = CNOT 16 25
[5525] = CNOT 16 26
[5526] = S 16
[5527] = CNOT 16 20
[5528] = CNOT 16 21
[5529] = S 16
[5530] = Z 16
[5531] = CNOT 16 26
[5532] = CNOT 16 27
[5533] = Z 16
[5534] = CNOT 16 21
[5535] = CNOT 16 25
[5536] = Z 16
[5537] = CNOT 16 25
[5538] = CNOT 16 26
[5539] = S 16
[5540] = CNOT 16 27
[5541] = CNOT 16 26
[5542] = CNOT 17 19
[5543] = CNOT 17 20
[5544] = Z 17
[5545] = CNOT 17 20
[5546] = CNOT 17 27
[5547] = Z 17
[5548] = CNOT 17 27
[5549] = CNOT 17 19
[5550] = CNOT 17 20
[5551] = CNOT 17 21
[5552] = Z 17
[5553] = CNOT 17 21
[5554] = CNOT 17 26
[5555] = Z 17
[5556] = CNOT 17 26
[5557] = CNOT 17 27
[5558] = Z 17
[5559] = CNOT 17 27
[5560] = CNOT 17 20
[5561] = CNOT 17 21
[5562] = CNOT 17 26
[5563] = S 17
[5564] = Z 17
[5565] = CNOT 17 26
[5566] = CNOT 17 27
[5567] = Z 17
[5568] = CNOT 17 21
[5569] = CNOT 17 26
[5570] = Z 17
[5571] = CNOT 17 27
[5572] = CNOT 17 26
[5573] = CNOT 19 20
[5574] = CNOT 19 27
[5575] = Z 19
[5576] = CNOT 19 27
[5577] = CNOT 19 20
[5578] = CNOT 20 21
[5579] = CNOT 20 26
[5580] = S 20
[5581] = Z 20
[5582] = CNOT 20 26
[5583] = CNOT 20 27
[5584] = Z 20
[5585] = CNOT 20 21
[5586] = CNOT 20 22
[5587] = S 20
[5588] = CNOT 20 22
[5589] = CNOT 20 23
[5590] = S 20
[5591] = CNOT 20 23
[5592] = CNOT 20 25
[5593] = S 20
[5594] = Z 20
[5595] = CNOT 20 25
[5596] = CNOT 20 26
[5597] = S 20
[5598] = CNOT 20 27
[5599] = CNOT 20 26
[5600] = CNOT 21 26
[5601] = CNOT 21 27
[5602] = Z 21
[5603] = CNOT 21 27
[5604] = CNOT 21 26
[5605] = CNOT 10 9
[5606] = CNOT 11 8
[5607] = CNOT 12 7
[5608] = CNOT 13 6
[5609] = CNOT 14 5
[5610] = CNOT 15 4
[5611] = CNOT 16 3
[5612] = CNOT 17 2
[5613] = CNOT 18 1
[5614] = H 19
[5615] = H 20
[5616] = H 21
[5617] = H 22
[5618] = H 23
[5619] = H 24
[5620] = H 25
[5621] = H 26
[5622] = H 27
Gate distributions:
Input:
Operator distribution:
Total number of qubits = 27
Number of `data' qubits = 27
Number of `Toff_n' ancillas = 0
Number of Hadamard ancillas = 0
Hadamard ancilla cap = 0
Number of {CNOT,T} partitions = 3
T count = 567
Cost estimation = 283542
	id	Count
	0	0
	1	0
	2	0
	3	34
	4	8
	5	0
	6	0
	7	0
	8	0
	9	0
	10	81
	11	0
	12	0
	13	0
	14	0
	15	0
	16	0
	17	0
	18	0
Output:
Operator distribution:
Total number of qubits = 27
Number of `data' qubits = 27
Number of `Toff_n' ancillas = 0
Number of Hadamard ancillas = 0
Hadamard ancilla cap = 0
Number of {CNOT,T} partitions = 3
T count = 281
Cost estimation = 145842
	id	Count
	0	0
	1	0
	2	0
	3	34
	4	3584
	5	281
	6	0
	7	0
	8	0
	9	0
	10	0
	11	816
	12	0
	13	908
	14	0
	15	0
	16	0
	17	0
	18	0
Output T Count (SQC_Circuit) = 281
Output T Count (PhasePolynomial) = 281
Fail count = 0

Execution time: 97.0033s
Number of LCL errors: 0
Number of LCL warnings: 0
