Optimize a Clifford + T circuit.
Input filename = /home/ryo-mtmt/TOpt/forme/tpar_benchmark/mod_adder_1024.tfc
Number of unknown gates = 0
Number of unknown qubit labels = 0
Circuit filename: /home/ryo-mtmt/TOpt/forme/tpar_benchmark/mod_adder_1024.tfc

n 28
n_x 28
n_y 0
n_z 0
m 901
[0] = CNOT 20 10
[1] = H 20
[2] = CCZ 9 19 20
[3] = H 20
[4] = CNOT 19 9
[5] = H 21
[6] = CCZ 8 18 21
[7] = H 21
[8] = H 20
[9] = CCZ 21 19 20
[10] = H 20
[11] = H 21
[12] = CCZ 8 18 21
[13] = H 21
[14] = H 19
[15] = CCZ 8 18 19
[16] = H 19
[17] = CNOT 18 8
[18] = H 22
[19] = CCZ 7 17 22
[20] = H 22
[21] = H 21
[22] = CCZ 22 18 21
[23] = H 21
[24] = H 20
[25] = CCZ 21 19 20
[26] = H 20
[27] = H 21
[28] = CCZ 22 18 21
[29] = H 21
[30] = H 22
[31] = CCZ 7 17 22
[32] = H 22
[33] = H 21
[34] = CCZ 7 17 21
[35] = H 21
[36] = H 19
[37] = CCZ 21 18 19
[38] = H 19
[39] = H 21
[40] = CCZ 7 17 21
[41] = H 21
[42] = H 18
[43] = CCZ 7 17 18
[44] = H 18
[45] = CNOT 17 7
[46] = H 23
[47] = CCZ 6 16 23
[48] = H 23
[49] = H 22
[50] = CCZ 23 17 22
[51] = H 22
[52] = H 21
[53] = CCZ 22 18 21
[54] = H 21
[55] = H 20
[56] = CCZ 21 19 20
[57] = H 20
[58] = H 21
[59] = CCZ 22 18 21
[60] = H 21
[61] = H 22
[62] = CCZ 23 17 22
[63] = H 22
[64] = H 23
[65] = CCZ 6 16 23
[66] = H 23
[67] = H 22
[68] = CCZ 6 16 22
[69] = H 22
[70] = H 21
[71] = CCZ 22 17 21
[72] = H 21
[73] = H 19
[74] = CCZ 21 18 19
[75] = H 19
[76] = H 21
[77] = CCZ 22 17 21
[78] = H 21
[79] = H 22
[80] = CCZ 6 16 22
[81] = H 22
[82] = H 21
[83] = CCZ 6 16 21
[84] = H 21
[85] = H 18
[86] = CCZ 21 17 18
[87] = H 18
[88] = H 21
[89] = CCZ 6 16 21
[90] = H 21
[91] = H 17
[92] = CCZ 6 16 17
[93] = H 17
[94] = CNOT 16 6
[95] = H 24
[96] = CCZ 5 15 24
[97] = H 24
[98] = H 23
[99] = CCZ 24 16 23
[100] = H 23
[101] = H 22
[102] = CCZ 23 17 22
[103] = H 22
[104] = H 21
[105] = CCZ 22 18 21
[106] = H 21
[107] = H 20
[108] = CCZ 21 19 20
[109] = H 20
[110] = H 21
[111] = CCZ 22 18 21
[112] = H 21
[113] = H 22
[114] = CCZ 23 17 22
[115] = H 22
[116] = H 23
[117] = CCZ 24 16 23
[118] = H 23
[119] = H 24
[120] = CCZ 5 15 24
[121] = H 24
[122] = H 23
[123] = CCZ 5 15 23
[124] = H 23
[125] = H 22
[126] = CCZ 23 16 22
[127] = H 22
[128] = H 21
[129] = CCZ 22 17 21
[130] = H 21
[131] = H 19
[132] = CCZ 21 18 19
[133] = H 19
[134] = H 21
[135] = CCZ 22 17 21
[136] = H 21
[137] = H 22
[138] = CCZ 23 16 22
[139] = H 22
[140] = H 23
[141] = CCZ 5 15 23
[142] = H 23
[143] = H 22
[144] = CCZ 5 15 22
[145] = H 22
[146] = H 21
[147] = CCZ 22 16 21
[148] = H 21
[149] = H 18
[150] = CCZ 21 17 18
[151] = H 18
[152] = H 21
[153] = CCZ 22 16 21
[154] = H 21
[155] = H 22
[156] = CCZ 5 15 22
[157] = H 22
[158] = H 21
[159] = CCZ 5 15 21
[160] = H 21
[161] = H 17
[162] = CCZ 21 16 17
[163] = H 17
[164] = H 21
[165] = CCZ 5 15 21
[166] = H 21
[167] = H 16
[168] = CCZ 5 15 16
[169] = H 16
[170] = CNOT 15 5
[171] = H 25
[172] = CCZ 4 14 25
[173] = H 25
[174] = H 24
[175] = CCZ 25 15 24
[176] = H 24
[177] = H 23
[178] = CCZ 24 16 23
[179] = H 23
[180] = H 22
[181] = CCZ 23 17 22
[182] = H 22
[183] = H 21
[184] = CCZ 22 18 21
[185] = H 21
[186] = H 20
[187] = CCZ 21 19 20
[188] = H 20
[189] = H 21
[190] = CCZ 22 18 21
[191] = H 21
[192] = H 22
[193] = CCZ 23 17 22
[194] = H 22
[195] = H 23
[196] = CCZ 24 16 23
[197] = H 23
[198] = H 24
[199] = CCZ 25 15 24
[200] = H 24
[201] = H 25
[202] = CCZ 4 14 25
[203] = H 25
[204] = H 24
[205] = CCZ 4 14 24
[206] = H 24
[207] = H 23
[208] = CCZ 24 15 23
[209] = H 23
[210] = H 22
[211] = CCZ 23 16 22
[212] = H 22
[213] = H 21
[214] = CCZ 22 17 21
[215] = H 21
[216] = H 19
[217] = CCZ 21 18 19
[218] = H 19
[219] = H 21
[220] = CCZ 22 17 21
[221] = H 21
[222] = H 22
[223] = CCZ 23 16 22
[224] = H 22
[225] = H 23
[226] = CCZ 24 15 23
[227] = H 23
[228] = H 24
[229] = CCZ 4 14 24
[230] = H 24
[231] = H 23
[232] = CCZ 4 14 23
[233] = H 23
[234] = H 22
[235] = CCZ 23 15 22
[236] = H 22
[237] = H 21
[238] = CCZ 22 16 21
[239] = H 21
[240] = H 18
[241] = CCZ 21 17 18
[242] = H 18
[243] = H 21
[244] = CCZ 22 16 21
[245] = H 21
[246] = H 22
[247] = CCZ 23 15 22
[248] = H 22
[249] = H 23
[250] = CCZ 4 14 23
[251] = H 23
[252] = H 22
[253] = CCZ 4 14 22
[254] = H 22
[255] = H 21
[256] = CCZ 22 15 21
[257] = H 21
[258] = H 17
[259] = CCZ 21 16 17
[260] = H 17
[261] = H 21
[262] = CCZ 22 15 21
[263] = H 21
[264] = H 22
[265] = CCZ 4 14 22
[266] = H 22
[267] = H 21
[268] = CCZ 4 14 21
[269] = H 21
[270] = H 16
[271] = CCZ 21 15 16
[272] = H 16
[273] = H 21
[274] = CCZ 4 14 21
[275] = H 21
[276] = H 15
[277] = CCZ 4 14 15
[278] = H 15
[279] = CNOT 14 4
[280] = H 26
[281] = CCZ 3 13 26
[282] = H 26
[283] = H 25
[284] = CCZ 26 14 25
[285] = H 25
[286] = H 24
[287] = CCZ 25 15 24
[288] = H 24
[289] = H 23
[290] = CCZ 24 16 23
[291] = H 23
[292] = H 22
[293] = CCZ 23 17 22
[294] = H 22
[295] = H 21
[296] = CCZ 22 18 21
[297] = H 21
[298] = H 20
[299] = CCZ 21 19 20
[300] = H 20
[301] = H 21
[302] = CCZ 22 18 21
[303] = H 21
[304] = H 22
[305] = CCZ 23 17 22
[306] = H 22
[307] = H 23
[308] = CCZ 24 16 23
[309] = H 23
[310] = H 24
[311] = CCZ 25 15 24
[312] = H 24
[313] = H 25
[314] = CCZ 26 14 25
[315] = H 25
[316] = H 26
[317] = CCZ 3 13 26
[318] = H 26
[319] = H 25
[320] = CCZ 3 13 25
[321] = H 25
[322] = H 24
[323] = CCZ 25 14 24
[324] = H 24
[325] = H 23
[326] = CCZ 24 15 23
[327] = H 23
[328] = H 22
[329] = CCZ 23 16 22
[330] = H 22
[331] = H 21
[332] = CCZ 22 17 21
[333] = H 21
[334] = H 19
[335] = CCZ 21 18 19
[336] = H 19
[337] = H 21
[338] = CCZ 22 17 21
[339] = H 21
[340] = H 22
[341] = CCZ 23 16 22
[342] = H 22
[343] = H 23
[344] = CCZ 24 15 23
[345] = H 23
[346] = H 24
[347] = CCZ 25 14 24
[348] = H 24
[349] = H 25
[350] = CCZ 3 13 25
[351] = H 25
[352] = H 24
[353] = CCZ 3 13 24
[354] = H 24
[355] = H 23
[356] = CCZ 24 14 23
[357] = H 23
[358] = H 22
[359] = CCZ 23 15 22
[360] = H 22
[361] = H 21
[362] = CCZ 22 16 21
[363] = H 21
[364] = H 18
[365] = CCZ 21 17 18
[366] = H 18
[367] = H 21
[368] = CCZ 22 16 21
[369] = H 21
[370] = H 22
[371] = CCZ 23 15 22
[372] = H 22
[373] = H 23
[374] = CCZ 24 14 23
[375] = H 23
[376] = H 24
[377] = CCZ 3 13 24
[378] = H 24
[379] = H 23
[380] = CCZ 3 13 23
[381] = H 23
[382] = H 22
[383] = CCZ 23 14 22
[384] = H 22
[385] = H 21
[386] = CCZ 22 15 21
[387] = H 21
[388] = H 17
[389] = CCZ 21 16 17
[390] = H 17
[391] = H 21
[392] = CCZ 22 15 21
[393] = H 21
[394] = H 22
[395] = CCZ 23 14 22
[396] = H 22
[397] = H 23
[398] = CCZ 3 13 23
[399] = H 23
[400] = H 22
[401] = CCZ 3 13 22
[402] = H 22
[403] = H 21
[404] = CCZ 22 14 21
[405] = H 21
[406] = H 16
[407] = CCZ 21 15 16
[408] = H 16
[409] = H 21
[410] = CCZ 22 14 21
[411] = H 21
[412] = H 22
[413] = CCZ 3 13 22
[414] = H 22
[415] = H 21
[416] = CCZ 3 13 21
[417] = H 21
[418] = H 15
[419] = CCZ 21 14 15
[420] = H 15
[421] = H 21
[422] = CCZ 3 13 21
[423] = H 21
[424] = H 14
[425] = CCZ 3 13 14
[426] = H 14
[427] = CNOT 13 3
[428] = H 27
[429] = CCZ 2 12 27
[430] = H 27
[431] = H 26
[432] = CCZ 27 13 26
[433] = H 26
[434] = H 25
[435] = CCZ 26 14 25
[436] = H 25
[437] = H 24
[438] = CCZ 25 15 24
[439] = H 24
[440] = H 23
[441] = CCZ 24 16 23
[442] = H 23
[443] = H 22
[444] = CCZ 23 17 22
[445] = H 22
[446] = H 21
[447] = CCZ 22 18 21
[448] = H 21
[449] = H 20
[450] = CCZ 21 19 20
[451] = H 20
[452] = H 21
[453] = CCZ 22 18 21
[454] = H 21
[455] = H 22
[456] = CCZ 23 17 22
[457] = H 22
[458] = H 23
[459] = CCZ 24 16 23
[460] = H 23
[461] = H 24
[462] = CCZ 25 15 24
[463] = H 24
[464] = H 25
[465] = CCZ 26 14 25
[466] = H 25
[467] = H 26
[468] = CCZ 27 13 26
[469] = H 26
[470] = H 27
[471] = CCZ 2 12 27
[472] = H 27
[473] = H 26
[474] = CCZ 2 12 26
[475] = H 26
[476] = H 25
[477] = CCZ 26 13 25
[478] = H 25
[479] = H 24
[480] = CCZ 25 14 24
[481] = H 24
[482] = H 23
[483] = CCZ 24 15 23
[484] = H 23
[485] = H 22
[486] = CCZ 23 16 22
[487] = H 22
[488] = H 21
[489] = CCZ 22 17 21
[490] = H 21
[491] = H 19
[492] = CCZ 21 18 19
[493] = H 19
[494] = H 21
[495] = CCZ 22 17 21
[496] = H 21
[497] = H 22
[498] = CCZ 23 16 22
[499] = H 22
[500] = H 23
[501] = CCZ 24 15 23
[502] = H 23
[503] = H 24
[504] = CCZ 25 14 24
[505] = H 24
[506] = H 25
[507] = CCZ 26 13 25
[508] = H 25
[509] = H 26
[510] = CCZ 2 12 26
[511] = H 26
[512] = H 25
[513] = CCZ 2 12 25
[514] = H 25
[515] = H 24
[516] = CCZ 25 13 24
[517] = H 24
[518] = H 23
[519] = CCZ 24 14 23
[520] = H 23
[521] = H 22
[522] = CCZ 23 15 22
[523] = H 22
[524] = H 21
[525] = CCZ 22 16 21
[526] = H 21
[527] = H 18
[528] = CCZ 21 17 18
[529] = H 18
[530] = H 21
[531] = CCZ 22 16 21
[532] = H 21
[533] = H 22
[534] = CCZ 23 15 22
[535] = H 22
[536] = H 23
[537] = CCZ 24 14 23
[538] = H 23
[539] = H 24
[540] = CCZ 25 13 24
[541] = H 24
[542] = H 25
[543] = CCZ 2 12 25
[544] = H 25
[545] = H 24
[546] = CCZ 2 12 24
[547] = H 24
[548] = H 23
[549] = CCZ 24 13 23
[550] = H 23
[551] = H 22
[552] = CCZ 23 14 22
[553] = H 22
[554] = H 21
[555] = CCZ 22 15 21
[556] = H 21
[557] = H 17
[558] = CCZ 21 16 17
[559] = H 17
[560] = H 21
[561] = CCZ 22 15 21
[562] = H 21
[563] = H 22
[564] = CCZ 23 14 22
[565] = H 22
[566] = H 23
[567] = CCZ 24 13 23
[568] = H 23
[569] = H 24
[570] = CCZ 2 12 24
[571] = H 24
[572] = H 23
[573] = CCZ 2 12 23
[574] = H 23
[575] = H 22
[576] = CCZ 23 13 22
[577] = H 22
[578] = H 21
[579] = CCZ 22 14 21
[580] = H 21
[581] = H 16
[582] = CCZ 21 15 16
[583] = H 16
[584] = H 21
[585] = CCZ 22 14 21
[586] = H 21
[587] = H 22
[588] = CCZ 23 13 22
[589] = H 22
[590] = H 23
[591] = CCZ 2 12 23
[592] = H 23
[593] = H 22
[594] = CCZ 2 12 22
[595] = H 22
[596] = H 21
[597] = CCZ 22 13 21
[598] = H 21
[599] = H 15
[600] = CCZ 21 14 15
[601] = H 15
[602] = H 21
[603] = CCZ 22 13 21
[604] = H 21
[605] = H 22
[606] = CCZ 2 12 22
[607] = H 22
[608] = H 21
[609] = CCZ 2 12 21
[610] = H 21
[611] = H 14
[612] = CCZ 21 13 14
[613] = H 14
[614] = H 21
[615] = CCZ 2 12 21
[616] = H 21
[617] = H 13
[618] = CCZ 2 12 13
[619] = H 13
[620] = CNOT 12 2
[621] = H 28
[622] = CCZ 1 11 28
[623] = H 28
[624] = H 27
[625] = CCZ 28 12 27
[626] = H 27
[627] = H 26
[628] = CCZ 27 13 26
[629] = H 26
[630] = H 25
[631] = CCZ 26 14 25
[632] = H 25
[633] = H 24
[634] = CCZ 25 15 24
[635] = H 24
[636] = H 23
[637] = CCZ 24 16 23
[638] = H 23
[639] = H 22
[640] = CCZ 23 17 22
[641] = H 22
[642] = H 21
[643] = CCZ 22 18 21
[644] = H 21
[645] = H 20
[646] = CCZ 21 19 20
[647] = H 20
[648] = H 21
[649] = CCZ 22 18 21
[650] = H 21
[651] = H 22
[652] = CCZ 23 17 22
[653] = H 22
[654] = H 23
[655] = CCZ 24 16 23
[656] = H 23
[657] = H 24
[658] = CCZ 25 15 24
[659] = H 24
[660] = H 25
[661] = CCZ 26 14 25
[662] = H 25
[663] = H 26
[664] = CCZ 27 13 26
[665] = H 26
[666] = H 27
[667] = CCZ 28 12 27
[668] = H 27
[669] = H 28
[670] = CCZ 1 11 28
[671] = H 28
[672] = H 27
[673] = CCZ 1 11 27
[674] = H 27
[675] = H 26
[676] = CCZ 27 12 26
[677] = H 26
[678] = H 25
[679] = CCZ 26 13 25
[680] = H 25
[681] = H 24
[682] = CCZ 25 14 24
[683] = H 24
[684] = H 23
[685] = CCZ 24 15 23
[686] = H 23
[687] = H 22
[688] = CCZ 23 16 22
[689] = H 22
[690] = H 21
[691] = CCZ 22 17 21
[692] = H 21
[693] = H 19
[694] = CCZ 21 18 19
[695] = H 19
[696] = H 21
[697] = CCZ 22 17 21
[698] = H 21
[699] = H 22
[700] = CCZ 23 16 22
[701] = H 22
[702] = H 23
[703] = CCZ 24 15 23
[704] = H 23
[705] = H 24
[706] = CCZ 25 14 24
[707] = H 24
[708] = H 25
[709] = CCZ 26 13 25
[710] = H 25
[711] = H 26
[712] = CCZ 27 12 26
[713] = H 26
[714] = H 27
[715] = CCZ 1 11 27
[716] = H 27
[717] = H 26
[718] = CCZ 1 11 26
[719] = H 26
[720] = H 25
[721] = CCZ 26 12 25
[722] = H 25
[723] = H 24
[724] = CCZ 25 13 24
[725] = H 24
[726] = H 23
[727] = CCZ 24 14 23
[728] = H 23
[729] = H 22
[730] = CCZ 23 15 22
[731] = H 22
[732] = H 21
[733] = CCZ 22 16 21
[734] = H 21
[735] = H 18
[736] = CCZ 21 17 18
[737] = H 18
[738] = H 21
[739] = CCZ 22 16 21
[740] = H 21
[741] = H 22
[742] = CCZ 23 15 22
[743] = H 22
[744] = H 23
[745] = CCZ 24 14 23
[746] = H 23
[747] = H 24
[748] = CCZ 25 13 24
[749] = H 24
[750] = H 25
[751] = CCZ 26 12 25
[752] = H 25
[753] = H 26
[754] = CCZ 1 11 26
[755] = H 26
[756] = H 25
[757] = CCZ 1 11 25
[758] = H 25
[759] = H 24
[760] = CCZ 25 12 24
[761] = H 24
[762] = H 23
[763] = CCZ 24 13 23
[764] = H 23
[765] = H 22
[766] = CCZ 23 14 22
[767] = H 22
[768] = H 21
[769] = CCZ 22 15 21
[770] = H 21
[771] = H 17
[772] = CCZ 21 16 17
[773] = H 17
[774] = H 21
[775] = CCZ 22 15 21
[776] = H 21
[777] = H 22
[778] = CCZ 23 14 22
[779] = H 22
[780] = H 23
[781] = CCZ 24 13 23
[782] = H 23
[783] = H 24
[784] = CCZ 25 12 24
[785] = H 24
[786] = H 25
[787] = CCZ 1 11 25
[788] = H 25
[789] = H 24
[790] = CCZ 1 11 24
[791] = H 24
[792] = H 23
[793] = CCZ 24 12 23
[794] = H 23
[795] = H 22
[796] = CCZ 23 13 22
[797] = H 22
[798] = H 21
[799] = CCZ 22 14 21
[800] = H 21
[801] = H 16
[802] = CCZ 21 15 16
[803] = H 16
[804] = H 21
[805] = CCZ 22 14 21
[806] = H 21
[807] = H 22
[808] = CCZ 23 13 22
[809] = H 22
[810] = H 23
[811] = CCZ 24 12 23
[812] = H 23
[813] = H 24
[814] = CCZ 1 11 24
[815] = H 24
[816] = H 23
[817] = CCZ 1 11 23
[818] = H 23
[819] = H 22
[820] = CCZ 23 12 22
[821] = H 22
[822] = H 21
[823] = CCZ 22 13 21
[824] = H 21
[825] = H 15
[826] = CCZ 21 14 15
[827] = H 15
[828] = H 21
[829] = CCZ 22 13 21
[830] = H 21
[831] = H 22
[832] = CCZ 23 12 22
[833] = H 22
[834] = H 23
[835] = CCZ 1 11 23
[836] = H 23
[837] = H 22
[838] = CCZ 1 11 22
[839] = H 22
[840] = H 21
[841] = CCZ 22 12 21
[842] = H 21
[843] = H 14
[844] = CCZ 21 13 14
[845] = H 14
[846] = H 21
[847] = CCZ 22 12 21
[848] = H 21
[849] = H 22
[850] = CCZ 1 11 22
[851] = H 22
[852] = H 21
[853] = CCZ 1 11 21
[854] = H 21
[855] = H 13
[856] = CCZ 21 12 13
[857] = H 13
[858] = H 21
[859] = CCZ 1 11 21
[860] = H 21
[861] = H 12
[862] = CCZ 1 11 12
[863] = H 12
[864] = CNOT 11 1

Algorithm used: todd

UniversalOptimize begin.
	Gate synthesis begin.

--- Testing Hamming Distance Version ---
in LempelX2_M4RI_Hamming　安定版　m4ri
		Round = 0 (Start m: 42)
--- Hamming Distance Stats ---
 Dist 1: 40 pairs
 Dist 2: 177 pairs
 Dist 3: 264 pairs
 Dist 4: 240 pairs
 Dist 5: 112 pairs
 Dist 6: 28 pairs
-------------------------------
>> Round 0 Result: Hit Rate = 0% (0/861)

=== Final Performance Statistics ===
Hamming time:   0 ms
Chi time:       60 ms
Nullspace time: 877 ms
Total attempts: 861 (Success: 0)
END OF LEMPELX2 安定版
Total LempelX2_M4RI_Hamming time: 951 ms
Hamming result size: 42 columns
		TODD executed in 0.948425 seconds.
		Total time: 0.948519s
	Gate synthesis end.
	Gate synthesis begin.

--- Testing Hamming Distance Version ---
in LempelX2_M4RI_Hamming　安定版　m4ri
		Round = 0 (Start m: 7)
--- Hamming Distance Stats ---
 Dist 1: 7 pairs
 Dist 2: 7 pairs
 Dist 3: 5 pairs
 Dist 4: 2 pairs
-------------------------------
>> Round 0 Result: Hit Rate = 0% (0/21)

=== Final Performance Statistics ===
Hamming time:   0 ms
Chi time:       1 ms
Nullspace time: 5 ms
Total attempts: 21 (Success: 0)
END OF LEMPELX2 安定版
Total LempelX2_M4RI_Hamming time: 7 ms
Hamming result size: 7 columns
		TODD executed in 0.007338 seconds.
		Total time: 0.007356s
	Gate synthesis end.
	Gate synthesis begin.

--- Testing Hamming Distance Version ---
in LempelX2_M4RI_Hamming　安定版　m4ri
		Round = 0 (Start m: 10)
--- Hamming Distance Stats ---
 Dist 1: 10 pairs
 Dist 2: 13 pairs
 Dist 3: 13 pairs
 Dist 4: 7 pairs
 Dist 5: 2 pairs
-------------------------------
>> Round 0 Result: Hit Rate = 0% (0/45)

=== Final Performance Statistics ===
Hamming time:   0 ms
Chi time:       3 ms
Nullspace time: 14 ms
Total attempts: 45 (Success: 0)
END OF LEMPELX2 安定版
Total LempelX2_M4RI_Hamming time: 18 ms
Hamming result size: 10 columns
		TODD executed in 0.018201 seconds.
		Total time: 0.018226s
	Gate synthesis end.
	Gate synthesis begin.

--- Testing Hamming Distance Version ---
in LempelX2_M4RI_Hamming　安定版　m4ri
		Round = 0 (Start m: 7)
--- Hamming Distance Stats ---
 Dist 1: 9 pairs
 Dist 2: 9 pairs
 Dist 3: 3 pairs
-------------------------------
>> Round 0 Result: Hit Rate = 0% (0/21)

=== Final Performance Statistics ===
Hamming time:   0 ms
Chi time:       1 ms
Nullspace time: 6 ms
Total attempts: 21 (Success: 0)
END OF LEMPELX2 安定版
Total LempelX2_M4RI_Hamming time: 8 ms
Hamming result size: 7 columns
		TODD executed in 0.008104 seconds.
		Total time: 0.008122s
	Gate synthesis end.
	Gate synthesis begin.

--- Testing Hamming Distance Version ---
in LempelX2_M4RI_Hamming　安定版　m4ri
		Round = 0 (Start m: 5)
--- Hamming Distance Stats ---
 Dist 1: 3 pairs
 Dist 2: 3 pairs
 Dist 3: 3 pairs
 Dist 4: 1 pairs
-------------------------------
>> Round 0 Result: Hit Rate = 0% (0/10)

=== Final Performance Statistics ===
Hamming time:   0 ms
Chi time:       0 ms
Nullspace time: 2 ms
Total attempts: 10 (Success: 0)
END OF LEMPELX2 安定版
Total LempelX2_M4RI_Hamming time: 3 ms
Hamming result size: 5 columns
		TODD executed in 0.003202 seconds.
		Total time: 0.003217s
	Gate synthesis end.
	Gate synthesis begin.

--- Testing Hamming Distance Version ---
in LempelX2_M4RI_Hamming　安定版　m4ri
		Round = 0 (Start m: 6)
--- Hamming Distance Stats ---
 Dist 1: 4 pairs
 Dist 2: 5 pairs
 Dist 3: 4 pairs
 Dist 4: 2 pairs
-------------------------------
>> Round 0 Result: Hit Rate = 0% (0/15)

=== Final Performance Statistics ===
Hamming time:   0 ms
Chi time:       1 ms
Nullspace time: 3 ms
Total attempts: 15 (Success: 0)
END OF LEMPELX2 安定版
Total LempelX2_M4RI_Hamming time: 4 ms
Hamming result size: 6 columns
		TODD executed in 0.004727 seconds.
		Total time: 0.004743s
	Gate synthesis end.
	Gate synthesis begin.

--- Testing Hamming Distance Version ---
in LempelX2_M4RI_Hamming　安定版　m4ri
		Round = 0 (Start m: 5)
--- Hamming Distance Stats ---
 Dist 1: 5 pairs
 Dist 2: 4 pairs
 Dist 3: 1 pairs
-------------------------------
>> Round 0 Result: Hit Rate = 0% (0/10)

=== Final Performance Statistics ===
Hamming time:   0 ms
Chi time:       0 ms
Nullspace time: 2 ms
Total attempts: 10 (Success: 0)
END OF LEMPELX2 安定版
Total LempelX2_M4RI_Hamming time: 3 ms
Hamming result size: 5 columns
		TODD executed in 0.003374 seconds.
		Total time: 0.003387s
	Gate synthesis end.
	Gate synthesis begin.

--- Testing Hamming Distance Version ---
in LempelX2_M4RI_Hamming　安定版　m4ri
		Round = 0 (Start m: 13)
--- Hamming Distance Stats ---
 Dist 1: 14 pairs
 Dist 2: 20 pairs
 Dist 3: 24 pairs
 Dist 4: 16 pairs
 Dist 5: 4 pairs
-------------------------------
  [HIT!] Dist=2 | Deleted: 3 cols
>> Round 0 Result: Hit Rate = 3.0303% (1/33)
		Round = 1 (Start m: 10)
--- Hamming Distance Stats ---
 Dist 1: 7 pairs
 Dist 2: 9 pairs
 Dist 3: 11 pairs
 Dist 4: 10 pairs
 Dist 5: 6 pairs
 Dist 6: 2 pairs
-------------------------------
>> Round 1 Result: Hit Rate = 0% (0/45)

=== Final Performance Statistics ===
Hamming time:   0 ms
Chi time:       5 ms
Nullspace time: 28 ms
Total attempts: 78 (Success: 1)
END OF LEMPELX2 安定版
Total LempelX2_M4RI_Hamming time: 35 ms
Hamming result size: 10 columns
		TODD executed in 0.035523 seconds.
		Total time: 0.03555s
	Gate synthesis end.
	Gate synthesis begin.

--- Testing Hamming Distance Version ---
in LempelX2_M4RI_Hamming　安定版　m4ri
		Round = 0 (Start m: 3)
--- Hamming Distance Stats ---
 Dist 1: 2 pairs
 Dist 2: 1 pairs
-------------------------------
>> Round 0 Result: Hit Rate = 0% (0/3)

=== Final Performance Statistics ===
Hamming time:   0 ms
Chi time:       0 ms
Nullspace time: 0 ms
Total attempts: 3 (Success: 0)
END OF LEMPELX2 安定版
Total LempelX2_M4RI_Hamming time: 0 ms
Hamming result size: 3 columns
		TODD executed in 0.000783 seconds.
		Total time: 0.000793s
	Gate synthesis end.
	Gate synthesis begin.

--- Testing Hamming Distance Version ---
in LempelX2_M4RI_Hamming　安定版　m4ri
		Round = 0 (Start m: 6)
--- Hamming Distance Stats ---
 Dist 1: 7 pairs
 Dist 2: 6 pairs
 Dist 3: 2 pairs
-------------------------------
>> Round 0 Result: Hit Rate = 0% (0/15)

=== Final Performance Statistics ===
Hamming time:   0 ms
Chi time:       0 ms
Nullspace time: 4 ms
Total attempts: 15 (Success: 0)
END OF LEMPELX2 安定版
Total LempelX2_M4RI_Hamming time: 5 ms
Hamming result size: 6 columns
		TODD executed in 0.005366 seconds.
		Total time: 0.005381s
	Gate synthesis end.
	Gate synthesis begin.

--- Testing Hamming Distance Version ---
in LempelX2_M4RI_Hamming　安定版　m4ri
		Round = 0 (Start m: 5)
--- Hamming Distance Stats ---
 Dist 1: 3 pairs
 Dist 2: 3 pairs
 Dist 3: 3 pairs
 Dist 4: 1 pairs
-------------------------------
>> Round 0 Result: Hit Rate = 0% (0/10)

=== Final Performance Statistics ===
Hamming time:   0 ms
Chi time:       0 ms
Nullspace time: 2 ms
Total attempts: 10 (Success: 0)
END OF LEMPELX2 安定版
Total LempelX2_M4RI_Hamming time: 3 ms
Hamming result size: 5 columns
		TODD executed in 0.003183 seconds.
		Total time: 0.003196s
	Gate synthesis end.
	Gate synthesis begin.

--- Testing Hamming Distance Version ---
in LempelX2_M4RI_Hamming　安定版　m4ri
		Round = 0 (Start m: 4)
--- Hamming Distance Stats ---
 Dist 1: 3 pairs
 Dist 2: 3 pairs
-------------------------------
>> Round 0 Result: Hit Rate = 0% (0/6)

=== Final Performance Statistics ===
Hamming time:   0 ms
Chi time:       0 ms
Nullspace time: 1 ms
Total attempts: 6 (Success: 0)
END OF LEMPELX2 安定版
Total LempelX2_M4RI_Hamming time: 1 ms
Hamming result size: 4 columns
		TODD executed in 0.001721 seconds.
		Total time: 0.001735s
	Gate synthesis end.
	Gate synthesis begin.

--- Testing Hamming Distance Version ---
in LempelX2_M4RI_Hamming　安定版　m4ri
		Round = 0 (Start m: 6)
--- Hamming Distance Stats ---
 Dist 1: 4 pairs
 Dist 2: 5 pairs
 Dist 3: 4 pairs
 Dist 4: 2 pairs
-------------------------------
>> Round 0 Result: Hit Rate = 0% (0/15)

=== Final Performance Statistics ===
Hamming time:   0 ms
Chi time:       0 ms
Nullspace time: 3 ms
Total attempts: 15 (Success: 0)
END OF LEMPELX2 安定版
Total LempelX2_M4RI_Hamming time: 4 ms
Hamming result size: 6 columns
		TODD executed in 0.004595 seconds.
		Total time: 0.004611s
	Gate synthesis end.
	Gate synthesis begin.

--- Testing Hamming Distance Version ---
in LempelX2_M4RI_Hamming　安定版　m4ri
		Round = 0 (Start m: 4)
--- Hamming Distance Stats ---
 Dist 1: 3 pairs
 Dist 2: 2 pairs
 Dist 3: 1 pairs
-------------------------------
>> Round 0 Result: Hit Rate = 0% (0/6)

=== Final Performance Statistics ===
Hamming time:   0 ms
Chi time:       0 ms
Nullspace time: 1 ms
Total attempts: 6 (Success: 0)
END OF LEMPELX2 安定版
Total LempelX2_M4RI_Hamming time: 1 ms
Hamming result size: 4 columns
		TODD executed in 0.001723 seconds.
		Total time: 0.001734s
	Gate synthesis end.
	Gate synthesis begin.

--- Testing Hamming Distance Version ---
in LempelX2_M4RI_Hamming　安定版　m4ri
		Round = 0 (Start m: 5)
--- Hamming Distance Stats ---
 Dist 1: 5 pairs
 Dist 2: 4 pairs
 Dist 3: 1 pairs
-------------------------------
>> Round 0 Result: Hit Rate = 0% (0/10)

=== Final Performance Statistics ===
Hamming time:   0 ms
Chi time:       0 ms
Nullspace time: 2 ms
Total attempts: 10 (Success: 0)
END OF LEMPELX2 安定版
Total LempelX2_M4RI_Hamming time: 3 ms
Hamming result size: 5 columns
		TODD executed in 0.003427 seconds.
		Total time: 0.003442s
	Gate synthesis end.
	Gate synthesis begin.

--- Testing Hamming Distance Version ---
in LempelX2_M4RI_Hamming　安定版　m4ri
		Round = 0 (Start m: 6)
--- Hamming Distance Stats ---
 Dist 1: 3 pairs
 Dist 2: 4 pairs
 Dist 3: 6 pairs
 Dist 4: 2 pairs
-------------------------------
>> Round 0 Result: Hit Rate = 0% (0/15)

=== Final Performance Statistics ===
Hamming time:   0 ms
Chi time:       1 ms
Nullspace time: 3 ms
Total attempts: 15 (Success: 0)
END OF LEMPELX2 安定版
Total LempelX2_M4RI_Hamming time: 5 ms
Hamming result size: 6 columns
		TODD executed in 0.005154 seconds.
		Total time: 0.005169s
	Gate synthesis end.
	Gate synthesis begin.

--- Testing Hamming Distance Version ---
in LempelX2_M4RI_Hamming　安定版　m4ri
		Round = 0 (Start m: 6)
--- Hamming Distance Stats ---
 Dist 1: 4 pairs
 Dist 2: 5 pairs
 Dist 3: 4 pairs
 Dist 4: 2 pairs
-------------------------------
>> Round 0 Result: Hit Rate = 0% (0/15)

=== Final Performance Statistics ===
Hamming time:   0 ms
Chi time:       1 ms
Nullspace time: 3 ms
Total attempts: 15 (Success: 0)
END OF LEMPELX2 安定版
Total LempelX2_M4RI_Hamming time: 4 ms
Hamming result size: 6 columns
		TODD executed in 0.004687 seconds.
		Total time: 0.004703s
	Gate synthesis end.
	Gate synthesis begin.

--- Testing Hamming Distance Version ---
in LempelX2_M4RI_Hamming　安定版　m4ri
		Round = 0 (Start m: 5)
--- Hamming Distance Stats ---
 Dist 1: 5 pairs
 Dist 2: 4 pairs
 Dist 3: 1 pairs
-------------------------------
>> Round 0 Result: Hit Rate = 0% (0/10)

=== Final Performance Statistics ===
Hamming time:   0 ms
Chi time:       0 ms
Nullspace time: 2 ms
Total attempts: 10 (Success: 0)
END OF LEMPELX2 安定版
Total LempelX2_M4RI_Hamming time: 3 ms
Hamming result size: 5 columns
		TODD executed in 0.003322 seconds.
		Total time: 0.003337s
	Gate synthesis end.
	Gate synthesis begin.

--- Testing Hamming Distance Version ---
in LempelX2_M4RI_Hamming　安定版　m4ri
		Round = 0 (Start m: 13)
--- Hamming Distance Stats ---
 Dist 1: 14 pairs
 Dist 2: 20 pairs
 Dist 3: 24 pairs
 Dist 4: 16 pairs
 Dist 5: 4 pairs
-------------------------------
  [HIT!] Dist=2 | Deleted: 3 cols
>> Round 0 Result: Hit Rate = 3.0303% (1/33)
		Round = 1 (Start m: 10)
--- Hamming Distance Stats ---
 Dist 1: 7 pairs
 Dist 2: 9 pairs
 Dist 3: 11 pairs
 Dist 4: 10 pairs
 Dist 5: 6 pairs
 Dist 6: 2 pairs
-------------------------------
>> Round 1 Result: Hit Rate = 0% (0/45)

=== Final Performance Statistics ===
Hamming time:   0 ms
Chi time:       5 ms
Nullspace time: 28 ms
Total attempts: 78 (Success: 1)
END OF LEMPELX2 安定版
Total LempelX2_M4RI_Hamming time: 34 ms
Hamming result size: 10 columns
		TODD executed in 0.034759 seconds.
		Total time: 0.034785s
	Gate synthesis end.
	Gate synthesis begin.

--- Testing Hamming Distance Version ---
in LempelX2_M4RI_Hamming　安定版　m4ri
		Round = 0 (Start m: 3)
--- Hamming Distance Stats ---
 Dist 1: 2 pairs
 Dist 2: 1 pairs
-------------------------------
>> Round 0 Result: Hit Rate = 0% (0/3)

=== Final Performance Statistics ===
Hamming time:   0 ms
Chi time:       0 ms
Nullspace time: 0 ms
Total attempts: 3 (Success: 0)
END OF LEMPELX2 安定版
Total LempelX2_M4RI_Hamming time: 0 ms
Hamming result size: 3 columns
		TODD executed in 0.000785 seconds.
		Total time: 0.000796s
	Gate synthesis end.
	Gate synthesis begin.

--- Testing Hamming Distance Version ---
in LempelX2_M4RI_Hamming　安定版　m4ri
		Round = 0 (Start m: 4)
--- Hamming Distance Stats ---
 Dist 1: 3 pairs
 Dist 2: 2 pairs
 Dist 3: 1 pairs
-------------------------------
>> Round 0 Result: Hit Rate = 0% (0/6)

=== Final Performance Statistics ===
Hamming time:   0 ms
Chi time:       0 ms
Nullspace time: 1 ms
Total attempts: 6 (Success: 0)
END OF LEMPELX2 安定版
Total LempelX2_M4RI_Hamming time: 1 ms
Hamming result size: 4 columns
		TODD executed in 0.001739 seconds.
		Total time: 0.00175s
	Gate synthesis end.
	Gate synthesis begin.

--- Testing Hamming Distance Version ---
in LempelX2_M4RI_Hamming　安定版　m4ri
		Round = 0 (Start m: 6)
--- Hamming Distance Stats ---
 Dist 1: 7 pairs
 Dist 2: 6 pairs
 Dist 3: 2 pairs
-------------------------------
>> Round 0 Result: Hit Rate = 0% (0/15)

=== Final Performance Statistics ===
Hamming time:   0 ms
Chi time:       0 ms
Nullspace time: 4 ms
Total attempts: 15 (Success: 0)
END OF LEMPELX2 安定版
Total LempelX2_M4RI_Hamming time: 5 ms
Hamming result size: 6 columns
		TODD executed in 0.005381 seconds.
		Total time: 0.005396s
	Gate synthesis end.
	Gate synthesis begin.

--- Testing Hamming Distance Version ---
in LempelX2_M4RI_Hamming　安定版　m4ri
		Round = 0 (Start m: 5)
--- Hamming Distance Stats ---
 Dist 1: 3 pairs
 Dist 2: 3 pairs
 Dist 3: 3 pairs
 Dist 4: 1 pairs
-------------------------------
>> Round 0 Result: Hit Rate = 0% (0/10)

=== Final Performance Statistics ===
Hamming time:   0 ms
Chi time:       0 ms
Nullspace time: 2 ms
Total attempts: 10 (Success: 0)
END OF LEMPELX2 安定版
Total LempelX2_M4RI_Hamming time: 3 ms
Hamming result size: 5 columns
		TODD executed in 0.003178 seconds.
		Total time: 0.003192s
	Gate synthesis end.
	Gate synthesis begin.

--- Testing Hamming Distance Version ---
in LempelX2_M4RI_Hamming　安定版　m4ri
		Round = 0 (Start m: 4)
--- Hamming Distance Stats ---
 Dist 1: 3 pairs
 Dist 2: 3 pairs
-------------------------------
>> Round 0 Result: Hit Rate = 0% (0/6)

=== Final Performance Statistics ===
Hamming time:   0 ms
Chi time:       0 ms
Nullspace time: 1 ms
Total attempts: 6 (Success: 0)
END OF LEMPELX2 安定版
Total LempelX2_M4RI_Hamming time: 1 ms
Hamming result size: 4 columns
		TODD executed in 0.001703 seconds.
		Total time: 0.001715s
	Gate synthesis end.
	Gate synthesis begin.

--- Testing Hamming Distance Version ---
in LempelX2_M4RI_Hamming　安定版　m4ri
		Round = 0 (Start m: 4)
--- Hamming Distance Stats ---
 Dist 1: 3 pairs
 Dist 2: 3 pairs
-------------------------------
>> Round 0 Result: Hit Rate = 0% (0/6)

=== Final Performance Statistics ===
Hamming time:   0 ms
Chi time:       0 ms
Nullspace time: 1 ms
Total attempts: 6 (Success: 0)
END OF LEMPELX2 安定版
Total LempelX2_M4RI_Hamming time: 1 ms
Hamming result size: 4 columns
		TODD executed in 0.001717 seconds.
		Total time: 0.001728s
	Gate synthesis end.
	Gate synthesis begin.

--- Testing Hamming Distance Version ---
in LempelX2_M4RI_Hamming　安定版　m4ri
		Round = 0 (Start m: 6)
--- Hamming Distance Stats ---
 Dist 1: 4 pairs
 Dist 2: 5 pairs
 Dist 3: 4 pairs
 Dist 4: 2 pairs
-------------------------------
>> Round 0 Result: Hit Rate = 0% (0/15)

=== Final Performance Statistics ===
Hamming time:   0 ms
Chi time:       1 ms
Nullspace time: 3 ms
Total attempts: 15 (Success: 0)
END OF LEMPELX2 安定版
Total LempelX2_M4RI_Hamming time: 4 ms
Hamming result size: 6 columns
		TODD executed in 0.00455 seconds.
		Total time: 0.004565s
	Gate synthesis end.
	Gate synthesis begin.

--- Testing Hamming Distance Version ---
in LempelX2_M4RI_Hamming　安定版　m4ri
		Round = 0 (Start m: 4)
--- Hamming Distance Stats ---
 Dist 1: 3 pairs
 Dist 2: 2 pairs
 Dist 3: 1 pairs
-------------------------------
>> Round 0 Result: Hit Rate = 0% (0/6)

=== Final Performance Statistics ===
Hamming time:   0 ms
Chi time:       0 ms
Nullspace time: 1 ms
Total attempts: 6 (Success: 0)
END OF LEMPELX2 安定版
Total LempelX2_M4RI_Hamming time: 1 ms
Hamming result size: 4 columns
		TODD executed in 0.001734 seconds.
		Total time: 0.001748s
	Gate synthesis end.
	Gate synthesis begin.

--- Testing Hamming Distance Version ---
in LempelX2_M4RI_Hamming　安定版　m4ri
		Round = 0 (Start m: 4)
--- Hamming Distance Stats ---
 Dist 1: 3 pairs
 Dist 2: 2 pairs
 Dist 3: 1 pairs
-------------------------------
>> Round 0 Result: Hit Rate = 0% (0/6)

=== Final Performance Statistics ===
Hamming time:   0 ms
Chi time:       0 ms
Nullspace time: 1 ms
Total attempts: 6 (Success: 0)
END OF LEMPELX2 安定版
Total LempelX2_M4RI_Hamming time: 1 ms
Hamming result size: 4 columns
		TODD executed in 0.001744 seconds.
		Total time: 0.001756s
	Gate synthesis end.
	Gate synthesis begin.

--- Testing Hamming Distance Version ---
in LempelX2_M4RI_Hamming　安定版　m4ri
		Round = 0 (Start m: 5)
--- Hamming Distance Stats ---
 Dist 1: 5 pairs
 Dist 2: 4 pairs
 Dist 3: 1 pairs
-------------------------------
>> Round 0 Result: Hit Rate = 0% (0/10)

=== Final Performance Statistics ===
Hamming time:   0 ms
Chi time:       0 ms
Nullspace time: 2 ms
Total attempts: 10 (Success: 0)
END OF LEMPELX2 安定版
Total LempelX2_M4RI_Hamming time: 3 ms
Hamming result size: 5 columns
		TODD executed in 0.003321 seconds.
		Total time: 0.003334s
	Gate synthesis end.
	Gate synthesis begin.

--- Testing Hamming Distance Version ---
in LempelX2_M4RI_Hamming　安定版　m4ri
		Round = 0 (Start m: 6)
--- Hamming Distance Stats ---
 Dist 1: 3 pairs
 Dist 2: 4 pairs
 Dist 3: 6 pairs
 Dist 4: 2 pairs
-------------------------------
>> Round 0 Result: Hit Rate = 0% (0/15)

=== Final Performance Statistics ===
Hamming time:   0 ms
Chi time:       1 ms
Nullspace time: 3 ms
Total attempts: 15 (Success: 0)
END OF LEMPELX2 安定版
Total LempelX2_M4RI_Hamming time: 5 ms
Hamming result size: 6 columns
		TODD executed in 0.005163 seconds.
		Total time: 0.005178s
	Gate synthesis end.
	Gate synthesis begin.

--- Testing Hamming Distance Version ---
in LempelX2_M4RI_Hamming　安定版　m4ri
		Round = 0 (Start m: 4)
--- Hamming Distance Stats ---
 Dist 1: 3 pairs
 Dist 2: 3 pairs
-------------------------------
>> Round 0 Result: Hit Rate = 0% (0/6)

=== Final Performance Statistics ===
Hamming time:   0 ms
Chi time:       0 ms
Nullspace time: 1 ms
Total attempts: 6 (Success: 0)
END OF LEMPELX2 安定版
Total LempelX2_M4RI_Hamming time: 1 ms
Hamming result size: 4 columns
		TODD executed in 0.001726 seconds.
		Total time: 0.001738s
	Gate synthesis end.
	Gate synthesis begin.

--- Testing Hamming Distance Version ---
in LempelX2_M4RI_Hamming　安定版　m4ri
		Round = 0 (Start m: 6)
--- Hamming Distance Stats ---
 Dist 1: 4 pairs
 Dist 2: 5 pairs
 Dist 3: 4 pairs
 Dist 4: 2 pairs
-------------------------------
>> Round 0 Result: Hit Rate = 0% (0/15)

=== Final Performance Statistics ===
Hamming time:   0 ms
Chi time:       1 ms
Nullspace time: 3 ms
Total attempts: 15 (Success: 0)
END OF LEMPELX2 安定版
Total LempelX2_M4RI_Hamming time: 4 ms
Hamming result size: 6 columns
		TODD executed in 0.004593 seconds.
		Total time: 0.004609s
	Gate synthesis end.
	Gate synthesis begin.

--- Testing Hamming Distance Version ---
in LempelX2_M4RI_Hamming　安定版　m4ri
		Round = 0 (Start m: 4)
--- Hamming Distance Stats ---
 Dist 1: 3 pairs
 Dist 2: 2 pairs
 Dist 3: 1 pairs
-------------------------------
>> Round 0 Result: Hit Rate = 0% (0/6)

=== Final Performance Statistics ===
Hamming time:   0 ms
Chi time:       0 ms
Nullspace time: 1 ms
Total attempts: 6 (Success: 0)
END OF LEMPELX2 安定版
Total LempelX2_M4RI_Hamming time: 1 ms
Hamming result size: 4 columns
		TODD executed in 0.001738 seconds.
		Total time: 0.00175s
	Gate synthesis end.
	Gate synthesis begin.

--- Testing Hamming Distance Version ---
in LempelX2_M4RI_Hamming　安定版　m4ri
		Round = 0 (Start m: 5)
--- Hamming Distance Stats ---
 Dist 1: 5 pairs
 Dist 2: 4 pairs
 Dist 3: 1 pairs
-------------------------------
>> Round 0 Result: Hit Rate = 0% (0/10)

=== Final Performance Statistics ===
Hamming time:   0 ms
Chi time:       0 ms
Nullspace time: 2 ms
Total attempts: 10 (Success: 0)
END OF LEMPELX2 安定版
Total LempelX2_M4RI_Hamming time: 3 ms
Hamming result size: 5 columns
		TODD executed in 0.003312 seconds.
		Total time: 0.003326s
	Gate synthesis end.
	Gate synthesis begin.

--- Testing Hamming Distance Version ---
in LempelX2_M4RI_Hamming　安定版　m4ri
		Round = 0 (Start m: 6)
--- Hamming Distance Stats ---
 Dist 1: 3 pairs
 Dist 2: 4 pairs
 Dist 3: 6 pairs
 Dist 4: 2 pairs
-------------------------------
>> Round 0 Result: Hit Rate = 0% (0/15)

=== Final Performance Statistics ===
Hamming time:   0 ms
Chi time:       1 ms
Nullspace time: 3 ms
Total attempts: 15 (Success: 0)
END OF LEMPELX2 安定版
Total LempelX2_M4RI_Hamming time: 5 ms
Hamming result size: 6 columns
		TODD executed in 0.005101 seconds.
		Total time: 0.005117s
	Gate synthesis end.
	Gate synthesis begin.

--- Testing Hamming Distance Version ---
in LempelX2_M4RI_Hamming　安定版　m4ri
		Round = 0 (Start m: 6)
--- Hamming Distance Stats ---
 Dist 1: 4 pairs
 Dist 2: 5 pairs
 Dist 3: 4 pairs
 Dist 4: 2 pairs
-------------------------------
>> Round 0 Result: Hit Rate = 0% (0/15)

=== Final Performance Statistics ===
Hamming time:   0 ms
Chi time:       1 ms
Nullspace time: 3 ms
Total attempts: 15 (Success: 0)
END OF LEMPELX2 安定版
Total LempelX2_M4RI_Hamming time: 4 ms
Hamming result size: 6 columns
		TODD executed in 0.004633 seconds.
		Total time: 0.004648s
	Gate synthesis end.
	Gate synthesis begin.

--- Testing Hamming Distance Version ---
in LempelX2_M4RI_Hamming　安定版　m4ri
		Round = 0 (Start m: 5)
--- Hamming Distance Stats ---
 Dist 1: 5 pairs
 Dist 2: 4 pairs
 Dist 3: 1 pairs
-------------------------------
>> Round 0 Result: Hit Rate = 0% (0/10)

=== Final Performance Statistics ===
Hamming time:   0 ms
Chi time:       0 ms
Nullspace time: 2 ms
Total attempts: 10 (Success: 0)
END OF LEMPELX2 安定版
Total LempelX2_M4RI_Hamming time: 3 ms
Hamming result size: 5 columns
		TODD executed in 0.003259 seconds.
		Total time: 0.003272s
	Gate synthesis end.
	Gate synthesis begin.

--- Testing Hamming Distance Version ---
in LempelX2_M4RI_Hamming　安定版　m4ri
		Round = 0 (Start m: 13)
--- Hamming Distance Stats ---
 Dist 1: 14 pairs
 Dist 2: 20 pairs
 Dist 3: 24 pairs
 Dist 4: 16 pairs
 Dist 5: 4 pairs
-------------------------------
  [HIT!] Dist=2 | Deleted: 3 cols
>> Round 0 Result: Hit Rate = 3.0303% (1/33)
		Round = 1 (Start m: 10)
--- Hamming Distance Stats ---
 Dist 1: 7 pairs
 Dist 2: 9 pairs
 Dist 3: 11 pairs
 Dist 4: 10 pairs
 Dist 5: 6 pairs
 Dist 6: 2 pairs
-------------------------------
>> Round 1 Result: Hit Rate = 0% (0/45)

=== Final Performance Statistics ===
Hamming time:   0 ms
Chi time:       5 ms
Nullspace time: 27 ms
Total attempts: 78 (Success: 1)
END OF LEMPELX2 安定版
Total LempelX2_M4RI_Hamming time: 33 ms
Hamming result size: 10 columns
		TODD executed in 0.033937 seconds.
		Total time: 0.033965s
	Gate synthesis end.
	Gate synthesis begin.

--- Testing Hamming Distance Version ---
in LempelX2_M4RI_Hamming　安定版　m4ri
		Round = 0 (Start m: 3)
--- Hamming Distance Stats ---
 Dist 1: 2 pairs
 Dist 2: 1 pairs
-------------------------------
>> Round 0 Result: Hit Rate = 0% (0/3)

=== Final Performance Statistics ===
Hamming time:   0 ms
Chi time:       0 ms
Nullspace time: 0 ms
Total attempts: 3 (Success: 0)
END OF LEMPELX2 安定版
Total LempelX2_M4RI_Hamming time: 0 ms
Hamming result size: 3 columns
		TODD executed in 0.000784 seconds.
		Total time: 0.000794s
	Gate synthesis end.
	Gate synthesis begin.

--- Testing Hamming Distance Version ---
in LempelX2_M4RI_Hamming　安定版　m4ri
		Round = 0 (Start m: 4)
--- Hamming Distance Stats ---
 Dist 1: 3 pairs
 Dist 2: 2 pairs
 Dist 3: 1 pairs
-------------------------------
>> Round 0 Result: Hit Rate = 0% (0/6)

=== Final Performance Statistics ===
Hamming time:   0 ms
Chi time:       0 ms
Nullspace time: 1 ms
Total attempts: 6 (Success: 0)
END OF LEMPELX2 安定版
Total LempelX2_M4RI_Hamming time: 1 ms
Hamming result size: 4 columns
		TODD executed in 0.001723 seconds.
		Total time: 0.001734s
	Gate synthesis end.
	Gate synthesis begin.

--- Testing Hamming Distance Version ---
in LempelX2_M4RI_Hamming　安定版　m4ri
		Round = 0 (Start m: 4)
--- Hamming Distance Stats ---
 Dist 1: 3 pairs
 Dist 2: 2 pairs
 Dist 3: 1 pairs
-------------------------------
>> Round 0 Result: Hit Rate = 0% (0/6)

=== Final Performance Statistics ===
Hamming time:   0 ms
Chi time:       0 ms
Nullspace time: 1 ms
Total attempts: 6 (Success: 0)
END OF LEMPELX2 安定版
Total LempelX2_M4RI_Hamming time: 1 ms
Hamming result size: 4 columns
		TODD executed in 0.001756 seconds.
		Total time: 0.001768s
	Gate synthesis end.
	Gate synthesis begin.

--- Testing Hamming Distance Version ---
in LempelX2_M4RI_Hamming　安定版　m4ri
		Round = 0 (Start m: 6)
--- Hamming Distance Stats ---
 Dist 1: 7 pairs
 Dist 2: 6 pairs
 Dist 3: 2 pairs
-------------------------------
>> Round 0 Result: Hit Rate = 0% (0/15)

=== Final Performance Statistics ===
Hamming time:   0 ms
Chi time:       1 ms
Nullspace time: 4 ms
Total attempts: 15 (Success: 0)
END OF LEMPELX2 安定版
Total LempelX2_M4RI_Hamming time: 5 ms
Hamming result size: 6 columns
		TODD executed in 0.005426 seconds.
		Total time: 0.005442s
	Gate synthesis end.
	Gate synthesis begin.

--- Testing Hamming Distance Version ---
in LempelX2_M4RI_Hamming　安定版　m4ri
		Round = 0 (Start m: 5)
--- Hamming Distance Stats ---
 Dist 1: 3 pairs
 Dist 2: 3 pairs
 Dist 3: 3 pairs
 Dist 4: 1 pairs
-------------------------------
>> Round 0 Result: Hit Rate = 0% (0/10)

=== Final Performance Statistics ===
Hamming time:   0 ms
Chi time:       0 ms
Nullspace time: 2 ms
Total attempts: 10 (Success: 0)
END OF LEMPELX2 安定版
Total LempelX2_M4RI_Hamming time: 3 ms
Hamming result size: 5 columns
		TODD executed in 0.003171 seconds.
		Total time: 0.003185s
	Gate synthesis end.
	Gate synthesis begin.

--- Testing Hamming Distance Version ---
in LempelX2_M4RI_Hamming　安定版　m4ri
		Round = 0 (Start m: 4)
--- Hamming Distance Stats ---
 Dist 1: 3 pairs
 Dist 2: 3 pairs
-------------------------------
>> Round 0 Result: Hit Rate = 0% (0/6)

=== Final Performance Statistics ===
Hamming time:   0 ms
Chi time:       0 ms
Nullspace time: 1 ms
Total attempts: 6 (Success: 0)
END OF LEMPELX2 安定版
Total LempelX2_M4RI_Hamming time: 1 ms
Hamming result size: 4 columns
		TODD executed in 0.001732 seconds.
		Total time: 0.001743s
	Gate synthesis end.
	Gate synthesis begin.

--- Testing Hamming Distance Version ---
in LempelX2_M4RI_Hamming　安定版　m4ri
		Round = 0 (Start m: 4)
--- Hamming Distance Stats ---
 Dist 1: 3 pairs
 Dist 2: 3 pairs
-------------------------------
>> Round 0 Result: Hit Rate = 0% (0/6)

=== Final Performance Statistics ===
Hamming time:   0 ms
Chi time:       0 ms
Nullspace time: 1 ms
Total attempts: 6 (Success: 0)
END OF LEMPELX2 安定版
Total LempelX2_M4RI_Hamming time: 1 ms
Hamming result size: 4 columns
		TODD executed in 0.001672 seconds.
		Total time: 0.001684s
	Gate synthesis end.
	Gate synthesis begin.

--- Testing Hamming Distance Version ---
in LempelX2_M4RI_Hamming　安定版　m4ri
		Round = 0 (Start m: 4)
--- Hamming Distance Stats ---
 Dist 1: 3 pairs
 Dist 2: 3 pairs
-------------------------------
>> Round 0 Result: Hit Rate = 0% (0/6)

=== Final Performance Statistics ===
Hamming time:   0 ms
Chi time:       0 ms
Nullspace time: 1 ms
Total attempts: 6 (Success: 0)
END OF LEMPELX2 安定版
Total LempelX2_M4RI_Hamming time: 1 ms
Hamming result size: 4 columns
		TODD executed in 0.001651 seconds.
		Total time: 0.001661s
	Gate synthesis end.
	Gate synthesis begin.

--- Testing Hamming Distance Version ---
in LempelX2_M4RI_Hamming　安定版　m4ri
		Round = 0 (Start m: 6)
--- Hamming Distance Stats ---
 Dist 1: 4 pairs
 Dist 2: 5 pairs
 Dist 3: 4 pairs
 Dist 4: 2 pairs
-------------------------------
>> Round 0 Result: Hit Rate = 0% (0/15)

=== Final Performance Statistics ===
Hamming time:   0 ms
Chi time:       1 ms
Nullspace time: 3 ms
Total attempts: 15 (Success: 0)
END OF LEMPELX2 安定版
Total LempelX2_M4RI_Hamming time: 4 ms
Hamming result size: 6 columns
		TODD executed in 0.004434 seconds.
		Total time: 0.00445s
	Gate synthesis end.
	Gate synthesis begin.

--- Testing Hamming Distance Version ---
in LempelX2_M4RI_Hamming　安定版　m4ri
		Round = 0 (Start m: 4)
--- Hamming Distance Stats ---
 Dist 1: 3 pairs
 Dist 2: 2 pairs
 Dist 3: 1 pairs
-------------------------------
>> Round 0 Result: Hit Rate = 0% (0/6)

=== Final Performance Statistics ===
Hamming time:   0 ms
Chi time:       0 ms
Nullspace time: 1 ms
Total attempts: 6 (Success: 0)
END OF LEMPELX2 安定版
Total LempelX2_M4RI_Hamming time: 1 ms
Hamming result size: 4 columns
		TODD executed in 0.001713 seconds.
		Total time: 0.001724s
	Gate synthesis end.
	Gate synthesis begin.

--- Testing Hamming Distance Version ---
in LempelX2_M4RI_Hamming　安定版　m4ri
		Round = 0 (Start m: 4)
--- Hamming Distance Stats ---
 Dist 1: 3 pairs
 Dist 2: 2 pairs
 Dist 3: 1 pairs
-------------------------------
>> Round 0 Result: Hit Rate = 0% (0/6)

=== Final Performance Statistics ===
Hamming time:   0 ms
Chi time:       0 ms
Nullspace time: 1 ms
Total attempts: 6 (Success: 0)
END OF LEMPELX2 安定版
Total LempelX2_M4RI_Hamming time: 1 ms
Hamming result size: 4 columns
		TODD executed in 0.001742 seconds.
		Total time: 0.001753s
	Gate synthesis end.
	Gate synthesis begin.

--- Testing Hamming Distance Version ---
in LempelX2_M4RI_Hamming　安定版　m4ri
		Round = 0 (Start m: 4)
--- Hamming Distance Stats ---
 Dist 1: 3 pairs
 Dist 2: 2 pairs
 Dist 3: 1 pairs
-------------------------------
>> Round 0 Result: Hit Rate = 0% (0/6)

=== Final Performance Statistics ===
Hamming time:   0 ms
Chi time:       0 ms
Nullspace time: 1 ms
Total attempts: 6 (Success: 0)
END OF LEMPELX2 安定版
Total LempelX2_M4RI_Hamming time: 1 ms
Hamming result size: 4 columns
		TODD executed in 0.001759 seconds.
		Total time: 0.001771s
	Gate synthesis end.
	Gate synthesis begin.

--- Testing Hamming Distance Version ---
in LempelX2_M4RI_Hamming　安定版　m4ri
		Round = 0 (Start m: 5)
--- Hamming Distance Stats ---
 Dist 1: 5 pairs
 Dist 2: 4 pairs
 Dist 3: 1 pairs
-------------------------------
>> Round 0 Result: Hit Rate = 0% (0/10)

=== Final Performance Statistics ===
Hamming time:   0 ms
Chi time:       0 ms
Nullspace time: 2 ms
Total attempts: 10 (Success: 0)
END OF LEMPELX2 安定版
Total LempelX2_M4RI_Hamming time: 3 ms
Hamming result size: 5 columns
		TODD executed in 0.003339 seconds.
		Total time: 0.003352s
	Gate synthesis end.
	Gate synthesis begin.

--- Testing Hamming Distance Version ---
in LempelX2_M4RI_Hamming　安定版　m4ri
		Round = 0 (Start m: 6)
--- Hamming Distance Stats ---
 Dist 1: 3 pairs
 Dist 2: 4 pairs
 Dist 3: 6 pairs
 Dist 4: 2 pairs
-------------------------------
>> Round 0 Result: Hit Rate = 0% (0/15)

=== Final Performance Statistics ===
Hamming time:   0 ms
Chi time:       1 ms
Nullspace time: 3 ms
Total attempts: 15 (Success: 0)
END OF LEMPELX2 安定版
Total LempelX2_M4RI_Hamming time: 5 ms
Hamming result size: 6 columns
		TODD executed in 0.005194 seconds.
		Total time: 0.00521s
	Gate synthesis end.
	Gate synthesis begin.

--- Testing Hamming Distance Version ---
in LempelX2_M4RI_Hamming　安定版　m4ri
		Round = 0 (Start m: 4)
--- Hamming Distance Stats ---
 Dist 1: 3 pairs
 Dist 2: 3 pairs
-------------------------------
>> Round 0 Result: Hit Rate = 0% (0/6)

=== Final Performance Statistics ===
Hamming time:   0 ms
Chi time:       0 ms
Nullspace time: 1 ms
Total attempts: 6 (Success: 0)
END OF LEMPELX2 安定版
Total LempelX2_M4RI_Hamming time: 1 ms
Hamming result size: 4 columns
		TODD executed in 0.001722 seconds.
		Total time: 0.001733s
	Gate synthesis end.
	Gate synthesis begin.

--- Testing Hamming Distance Version ---
in LempelX2_M4RI_Hamming　安定版　m4ri
		Round = 0 (Start m: 4)
--- Hamming Distance Stats ---
 Dist 1: 3 pairs
 Dist 2: 3 pairs
-------------------------------
>> Round 0 Result: Hit Rate = 0% (0/6)

=== Final Performance Statistics ===
Hamming time:   0 ms
Chi time:       0 ms
Nullspace time: 1 ms
Total attempts: 6 (Success: 0)
END OF LEMPELX2 安定版
Total LempelX2_M4RI_Hamming time: 1 ms
Hamming result size: 4 columns
		TODD executed in 0.001669 seconds.
		Total time: 0.001681s
	Gate synthesis end.
	Gate synthesis begin.

--- Testing Hamming Distance Version ---
in LempelX2_M4RI_Hamming　安定版　m4ri
		Round = 0 (Start m: 6)
--- Hamming Distance Stats ---
 Dist 1: 4 pairs
 Dist 2: 5 pairs
 Dist 3: 4 pairs
 Dist 4: 2 pairs
-------------------------------
>> Round 0 Result: Hit Rate = 0% (0/15)

=== Final Performance Statistics ===
Hamming time:   0 ms
Chi time:       1 ms
Nullspace time: 3 ms
Total attempts: 15 (Success: 0)
END OF LEMPELX2 安定版
Total LempelX2_M4RI_Hamming time: 4 ms
Hamming result size: 6 columns
		TODD executed in 0.004506 seconds.
		Total time: 0.004521s
	Gate synthesis end.
	Gate synthesis begin.

--- Testing Hamming Distance Version ---
in LempelX2_M4RI_Hamming　安定版　m4ri
		Round = 0 (Start m: 4)
--- Hamming Distance Stats ---
 Dist 1: 3 pairs
 Dist 2: 2 pairs
 Dist 3: 1 pairs
-------------------------------
>> Round 0 Result: Hit Rate = 0% (0/6)

=== Final Performance Statistics ===
Hamming time:   0 ms
Chi time:       0 ms
Nullspace time: 1 ms
Total attempts: 6 (Success: 0)
END OF LEMPELX2 安定版
Total LempelX2_M4RI_Hamming time: 1 ms
Hamming result size: 4 columns
		TODD executed in 0.001704 seconds.
		Total time: 0.001717s
	Gate synthesis end.
	Gate synthesis begin.

--- Testing Hamming Distance Version ---
in LempelX2_M4RI_Hamming　安定版　m4ri
		Round = 0 (Start m: 4)
--- Hamming Distance Stats ---
 Dist 1: 3 pairs
 Dist 2: 2 pairs
 Dist 3: 1 pairs
-------------------------------
>> Round 0 Result: Hit Rate = 0% (0/6)

=== Final Performance Statistics ===
Hamming time:   0 ms
Chi time:       0 ms
Nullspace time: 1 ms
Total attempts: 6 (Success: 0)
END OF LEMPELX2 安定版
Total LempelX2_M4RI_Hamming time: 1 ms
Hamming result size: 4 columns
		TODD executed in 0.001692 seconds.
		Total time: 0.001703s
	Gate synthesis end.
	Gate synthesis begin.

--- Testing Hamming Distance Version ---
in LempelX2_M4RI_Hamming　安定版　m4ri
		Round = 0 (Start m: 5)
--- Hamming Distance Stats ---
 Dist 1: 5 pairs
 Dist 2: 4 pairs
 Dist 3: 1 pairs
-------------------------------
>> Round 0 Result: Hit Rate = 0% (0/10)

=== Final Performance Statistics ===
Hamming time:   0 ms
Chi time:       0 ms
Nullspace time: 2 ms
Total attempts: 10 (Success: 0)
END OF LEMPELX2 安定版
Total LempelX2_M4RI_Hamming time: 3 ms
Hamming result size: 5 columns
		TODD executed in 0.003288 seconds.
		Total time: 0.003301s
	Gate synthesis end.
	Gate synthesis begin.

--- Testing Hamming Distance Version ---
in LempelX2_M4RI_Hamming　安定版　m4ri
		Round = 0 (Start m: 6)
--- Hamming Distance Stats ---
 Dist 1: 3 pairs
 Dist 2: 4 pairs
 Dist 3: 6 pairs
 Dist 4: 2 pairs
-------------------------------
>> Round 0 Result: Hit Rate = 0% (0/15)

=== Final Performance Statistics ===
Hamming time:   0 ms
Chi time:       1 ms
Nullspace time: 3 ms
Total attempts: 15 (Success: 0)
END OF LEMPELX2 安定版
Total LempelX2_M4RI_Hamming time: 5 ms
Hamming result size: 6 columns
		TODD executed in 0.005105 seconds.
		Total time: 0.005121s
	Gate synthesis end.
	Gate synthesis begin.

--- Testing Hamming Distance Version ---
in LempelX2_M4RI_Hamming　安定版　m4ri
		Round = 0 (Start m: 4)
--- Hamming Distance Stats ---
 Dist 1: 3 pairs
 Dist 2: 3 pairs
-------------------------------
>> Round 0 Result: Hit Rate = 0% (0/6)

=== Final Performance Statistics ===
Hamming time:   0 ms
Chi time:       0 ms
Nullspace time: 1 ms
Total attempts: 6 (Success: 0)
END OF LEMPELX2 安定版
Total LempelX2_M4RI_Hamming time: 1 ms
Hamming result size: 4 columns
		TODD executed in 0.001721 seconds.
		Total time: 0.001733s
	Gate synthesis end.
	Gate synthesis begin.

--- Testing Hamming Distance Version ---
in LempelX2_M4RI_Hamming　安定版　m4ri
		Round = 0 (Start m: 6)
--- Hamming Distance Stats ---
 Dist 1: 4 pairs
 Dist 2: 5 pairs
 Dist 3: 4 pairs
 Dist 4: 2 pairs
-------------------------------
>> Round 0 Result: Hit Rate = 0% (0/15)

=== Final Performance Statistics ===
Hamming time:   0 ms
Chi time:       1 ms
Nullspace time: 3 ms
Total attempts: 15 (Success: 0)
END OF LEMPELX2 安定版
Total LempelX2_M4RI_Hamming time: 4 ms
Hamming result size: 6 columns
		TODD executed in 0.004568 seconds.
		Total time: 0.004583s
	Gate synthesis end.
	Gate synthesis begin.

--- Testing Hamming Distance Version ---
in LempelX2_M4RI_Hamming　安定版　m4ri
		Round = 0 (Start m: 4)
--- Hamming Distance Stats ---
 Dist 1: 3 pairs
 Dist 2: 2 pairs
 Dist 3: 1 pairs
-------------------------------
>> Round 0 Result: Hit Rate = 0% (0/6)

=== Final Performance Statistics ===
Hamming time:   0 ms
Chi time:       0 ms
Nullspace time: 1 ms
Total attempts: 6 (Success: 0)
END OF LEMPELX2 安定版
Total LempelX2_M4RI_Hamming time: 1 ms
Hamming result size: 4 columns
		TODD executed in 0.001727 seconds.
		Total time: 0.001738s
	Gate synthesis end.
	Gate synthesis begin.

--- Testing Hamming Distance Version ---
in LempelX2_M4RI_Hamming　安定版　m4ri
		Round = 0 (Start m: 5)
--- Hamming Distance Stats ---
 Dist 1: 5 pairs
 Dist 2: 4 pairs
 Dist 3: 1 pairs
-------------------------------
>> Round 0 Result: Hit Rate = 0% (0/10)

=== Final Performance Statistics ===
Hamming time:   0 ms
Chi time:       0 ms
Nullspace time: 2 ms
Total attempts: 10 (Success: 0)
END OF LEMPELX2 安定版
Total LempelX2_M4RI_Hamming time: 3 ms
Hamming result size: 5 columns
		TODD executed in 0.003288 seconds.
		Total time: 0.003301s
	Gate synthesis end.
	Gate synthesis begin.

--- Testing Hamming Distance Version ---
in LempelX2_M4RI_Hamming　安定版　m4ri
		Round = 0 (Start m: 6)
--- Hamming Distance Stats ---
 Dist 1: 3 pairs
 Dist 2: 4 pairs
 Dist 3: 6 pairs
 Dist 4: 2 pairs
-------------------------------
>> Round 0 Result: Hit Rate = 0% (0/15)

=== Final Performance Statistics ===
Hamming time:   0 ms
Chi time:       1 ms
Nullspace time: 3 ms
Total attempts: 15 (Success: 0)
END OF LEMPELX2 安定版
Total LempelX2_M4RI_Hamming time: 5 ms
Hamming result size: 6 columns
		TODD executed in 0.005112 seconds.
		Total time: 0.005128s
	Gate synthesis end.
	Gate synthesis begin.

--- Testing Hamming Distance Version ---
in LempelX2_M4RI_Hamming　安定版　m4ri
		Round = 0 (Start m: 6)
--- Hamming Distance Stats ---
 Dist 1: 4 pairs
 Dist 2: 5 pairs
 Dist 3: 4 pairs
 Dist 4: 2 pairs
-------------------------------
>> Round 0 Result: Hit Rate = 0% (0/15)

=== Final Performance Statistics ===
Hamming time:   0 ms
Chi time:       1 ms
Nullspace time: 3 ms
Total attempts: 15 (Success: 0)
END OF LEMPELX2 安定版
Total LempelX2_M4RI_Hamming time: 4 ms
Hamming result size: 6 columns
		TODD executed in 0.004636 seconds.
		Total time: 0.004651s
	Gate synthesis end.
	Gate synthesis begin.

--- Testing Hamming Distance Version ---
in LempelX2_M4RI_Hamming　安定版　m4ri
		Round = 0 (Start m: 5)
--- Hamming Distance Stats ---
 Dist 1: 5 pairs
 Dist 2: 4 pairs
 Dist 3: 1 pairs
-------------------------------
>> Round 0 Result: Hit Rate = 0% (0/10)

=== Final Performance Statistics ===
Hamming time:   0 ms
Chi time:       0 ms
Nullspace time: 2 ms
Total attempts: 10 (Success: 0)
END OF LEMPELX2 安定版
Total LempelX2_M4RI_Hamming time: 3 ms
Hamming result size: 5 columns
		TODD executed in 0.003258 seconds.
		Total time: 0.003271s
	Gate synthesis end.
	Gate synthesis begin.

--- Testing Hamming Distance Version ---
in LempelX2_M4RI_Hamming　安定版　m4ri
		Round = 0 (Start m: 13)
--- Hamming Distance Stats ---
 Dist 1: 14 pairs
 Dist 2: 20 pairs
 Dist 3: 24 pairs
 Dist 4: 16 pairs
 Dist 5: 4 pairs
-------------------------------
  [HIT!] Dist=2 | Deleted: 3 cols
>> Round 0 Result: Hit Rate = 3.0303% (1/33)
		Round = 1 (Start m: 10)
--- Hamming Distance Stats ---
 Dist 1: 7 pairs
 Dist 2: 9 pairs
 Dist 3: 11 pairs
 Dist 4: 10 pairs
 Dist 5: 6 pairs
 Dist 6: 2 pairs
-------------------------------
>> Round 1 Result: Hit Rate = 0% (0/45)

=== Final Performance Statistics ===
Hamming time:   0 ms
Chi time:       5 ms
Nullspace time: 26 ms
Total attempts: 78 (Success: 1)
END OF LEMPELX2 安定版
Total LempelX2_M4RI_Hamming time: 33 ms
Hamming result size: 10 columns
		TODD executed in 0.033008 seconds.
		Total time: 0.033037s
	Gate synthesis end.
	Gate synthesis begin.

--- Testing Hamming Distance Version ---
in LempelX2_M4RI_Hamming　安定版　m4ri
		Round = 0 (Start m: 3)
--- Hamming Distance Stats ---
 Dist 1: 2 pairs
 Dist 2: 1 pairs
-------------------------------
>> Round 0 Result: Hit Rate = 0% (0/3)

=== Final Performance Statistics ===
Hamming time:   0 ms
Chi time:       0 ms
Nullspace time: 0 ms
Total attempts: 3 (Success: 0)
END OF LEMPELX2 安定版
Total LempelX2_M4RI_Hamming time: 0 ms
Hamming result size: 3 columns
		TODD executed in 0.000797 seconds.
		Total time: 0.000809s
	Gate synthesis end.
	Gate synthesis begin.

--- Testing Hamming Distance Version ---
in LempelX2_M4RI_Hamming　安定版　m4ri
		Round = 0 (Start m: 4)
--- Hamming Distance Stats ---
 Dist 1: 3 pairs
 Dist 2: 2 pairs
 Dist 3: 1 pairs
-------------------------------
>> Round 0 Result: Hit Rate = 0% (0/6)

=== Final Performance Statistics ===
Hamming time:   0 ms
Chi time:       0 ms
Nullspace time: 1 ms
Total attempts: 6 (Success: 0)
END OF LEMPELX2 安定版
Total LempelX2_M4RI_Hamming time: 1 ms
Hamming result size: 4 columns
		TODD executed in 0.001676 seconds.
		Total time: 0.001687s
	Gate synthesis end.
	Gate synthesis begin.

--- Testing Hamming Distance Version ---
in LempelX2_M4RI_Hamming　安定版　m4ri
		Round = 0 (Start m: 4)
--- Hamming Distance Stats ---
 Dist 1: 3 pairs
 Dist 2: 2 pairs
 Dist 3: 1 pairs
-------------------------------
>> Round 0 Result: Hit Rate = 0% (0/6)

=== Final Performance Statistics ===
Hamming time:   0 ms
Chi time:       0 ms
Nullspace time: 1 ms
Total attempts: 6 (Success: 0)
END OF LEMPELX2 安定版
Total LempelX2_M4RI_Hamming time: 1 ms
Hamming result size: 4 columns
		TODD executed in 0.0017 seconds.
		Total time: 0.00171s
	Gate synthesis end.
	Gate synthesis begin.

--- Testing Hamming Distance Version ---
in LempelX2_M4RI_Hamming　安定版　m4ri
		Round = 0 (Start m: 4)
--- Hamming Distance Stats ---
 Dist 1: 3 pairs
 Dist 2: 2 pairs
 Dist 3: 1 pairs
-------------------------------
>> Round 0 Result: Hit Rate = 0% (0/6)

=== Final Performance Statistics ===
Hamming time:   0 ms
Chi time:       0 ms
Nullspace time: 1 ms
Total attempts: 6 (Success: 0)
END OF LEMPELX2 安定版
Total LempelX2_M4RI_Hamming time: 1 ms
Hamming result size: 4 columns
		TODD executed in 0.001729 seconds.
		Total time: 0.00174s
	Gate synthesis end.
	Gate synthesis begin.

--- Testing Hamming Distance Version ---
in LempelX2_M4RI_Hamming　安定版　m4ri
		Round = 0 (Start m: 6)
--- Hamming Distance Stats ---
 Dist 1: 7 pairs
 Dist 2: 6 pairs
 Dist 3: 2 pairs
-------------------------------
>> Round 0 Result: Hit Rate = 0% (0/15)

=== Final Performance Statistics ===
Hamming time:   0 ms
Chi time:       1 ms
Nullspace time: 4 ms
Total attempts: 15 (Success: 0)
END OF LEMPELX2 安定版
Total LempelX2_M4RI_Hamming time: 5 ms
Hamming result size: 6 columns
		TODD executed in 0.005445 seconds.
		Total time: 0.005459s
	Gate synthesis end.
	Gate synthesis begin.

--- Testing Hamming Distance Version ---
in LempelX2_M4RI_Hamming　安定版　m4ri
		Round = 0 (Start m: 5)
--- Hamming Distance Stats ---
 Dist 1: 3 pairs
 Dist 2: 3 pairs
 Dist 3: 3 pairs
 Dist 4: 1 pairs
-------------------------------
>> Round 0 Result: Hit Rate = 0% (0/10)

=== Final Performance Statistics ===
Hamming time:   0 ms
Chi time:       0 ms
Nullspace time: 2 ms
Total attempts: 10 (Success: 0)
END OF LEMPELX2 安定版
Total LempelX2_M4RI_Hamming time: 3 ms
Hamming result size: 5 columns
		TODD executed in 0.00316 seconds.
		Total time: 0.003173s
	Gate synthesis end.
	Gate synthesis begin.

--- Testing Hamming Distance Version ---
in LempelX2_M4RI_Hamming　安定版　m4ri
		Round = 0 (Start m: 4)
--- Hamming Distance Stats ---
 Dist 1: 3 pairs
 Dist 2: 3 pairs
-------------------------------
>> Round 0 Result: Hit Rate = 0% (0/6)

=== Final Performance Statistics ===
Hamming time:   0 ms
Chi time:       0 ms
Nullspace time: 1 ms
Total attempts: 6 (Success: 0)
END OF LEMPELX2 安定版
Total LempelX2_M4RI_Hamming time: 1 ms
Hamming result size: 4 columns
		TODD executed in 0.001697 seconds.
		Total time: 0.001709s
	Gate synthesis end.
	Gate synthesis begin.

--- Testing Hamming Distance Version ---
in LempelX2_M4RI_Hamming　安定版　m4ri
		Round = 0 (Start m: 4)
--- Hamming Distance Stats ---
 Dist 1: 3 pairs
 Dist 2: 3 pairs
-------------------------------
>> Round 0 Result: Hit Rate = 0% (0/6)

=== Final Performance Statistics ===
Hamming time:   0 ms
Chi time:       0 ms
Nullspace time: 1 ms
Total attempts: 6 (Success: 0)
END OF LEMPELX2 安定版
Total LempelX2_M4RI_Hamming time: 1 ms
Hamming result size: 4 columns
		TODD executed in 0.001665 seconds.
		Total time: 0.001676s
	Gate synthesis end.
	Gate synthesis begin.

--- Testing Hamming Distance Version ---
in LempelX2_M4RI_Hamming　安定版　m4ri
		Round = 0 (Start m: 4)
--- Hamming Distance Stats ---
 Dist 1: 3 pairs
 Dist 2: 3 pairs
-------------------------------
>> Round 0 Result: Hit Rate = 0% (0/6)

=== Final Performance Statistics ===
Hamming time:   0 ms
Chi time:       0 ms
Nullspace time: 1 ms
Total attempts: 6 (Success: 0)
END OF LEMPELX2 安定版
Total LempelX2_M4RI_Hamming time: 1 ms
Hamming result size: 4 columns
		TODD executed in 0.001638 seconds.
		Total time: 0.001648s
	Gate synthesis end.
	Gate synthesis begin.

--- Testing Hamming Distance Version ---
in LempelX2_M4RI_Hamming　安定版　m4ri
		Round = 0 (Start m: 4)
--- Hamming Distance Stats ---
 Dist 1: 3 pairs
 Dist 2: 3 pairs
-------------------------------
>> Round 0 Result: Hit Rate = 0% (0/6)

=== Final Performance Statistics ===
Hamming time:   0 ms
Chi time:       0 ms
Nullspace time: 1 ms
Total attempts: 6 (Success: 0)
END OF LEMPELX2 安定版
Total LempelX2_M4RI_Hamming time: 1 ms
Hamming result size: 4 columns
		TODD executed in 0.001623 seconds.
		Total time: 0.001634s
	Gate synthesis end.
	Gate synthesis begin.

--- Testing Hamming Distance Version ---
in LempelX2_M4RI_Hamming　安定版　m4ri
		Round = 0 (Start m: 6)
--- Hamming Distance Stats ---
 Dist 1: 4 pairs
 Dist 2: 5 pairs
 Dist 3: 4 pairs
 Dist 4: 2 pairs
-------------------------------
>> Round 0 Result: Hit Rate = 0% (0/15)

=== Final Performance Statistics ===
Hamming time:   0 ms
Chi time:       1 ms
Nullspace time: 3 ms
Total attempts: 15 (Success: 0)
END OF LEMPELX2 安定版
Total LempelX2_M4RI_Hamming time: 4 ms
Hamming result size: 6 columns
		TODD executed in 0.004383 seconds.
		Total time: 0.004398s
	Gate synthesis end.
	Gate synthesis begin.

--- Testing Hamming Distance Version ---
in LempelX2_M4RI_Hamming　安定版　m4ri
		Round = 0 (Start m: 4)
--- Hamming Distance Stats ---
 Dist 1: 3 pairs
 Dist 2: 2 pairs
 Dist 3: 1 pairs
-------------------------------
>> Round 0 Result: Hit Rate = 0% (0/6)

=== Final Performance Statistics ===
Hamming time:   0 ms
Chi time:       0 ms
Nullspace time: 1 ms
Total attempts: 6 (Success: 0)
END OF LEMPELX2 安定版
Total LempelX2_M4RI_Hamming time: 1 ms
Hamming result size: 4 columns
		TODD executed in 0.001657 seconds.
		Total time: 0.001668s
	Gate synthesis end.
	Gate synthesis begin.

--- Testing Hamming Distance Version ---
in LempelX2_M4RI_Hamming　安定版　m4ri
		Round = 0 (Start m: 4)
--- Hamming Distance Stats ---
 Dist 1: 3 pairs
 Dist 2: 2 pairs
 Dist 3: 1 pairs
-------------------------------
>> Round 0 Result: Hit Rate = 0% (0/6)

=== Final Performance Statistics ===
Hamming time:   0 ms
Chi time:       0 ms
Nullspace time: 1 ms
Total attempts: 6 (Success: 0)
END OF LEMPELX2 安定版
Total LempelX2_M4RI_Hamming time: 1 ms
Hamming result size: 4 columns
		TODD executed in 0.00165 seconds.
		Total time: 0.001661s
	Gate synthesis end.
	Gate synthesis begin.

--- Testing Hamming Distance Version ---
in LempelX2_M4RI_Hamming　安定版　m4ri
		Round = 0 (Start m: 4)
--- Hamming Distance Stats ---
 Dist 1: 3 pairs
 Dist 2: 2 pairs
 Dist 3: 1 pairs
-------------------------------
>> Round 0 Result: Hit Rate = 0% (0/6)

=== Final Performance Statistics ===
Hamming time:   0 ms
Chi time:       0 ms
Nullspace time: 1 ms
Total attempts: 6 (Success: 0)
END OF LEMPELX2 安定版
Total LempelX2_M4RI_Hamming time: 1 ms
Hamming result size: 4 columns
		TODD executed in 0.001692 seconds.
		Total time: 0.001703s
	Gate synthesis end.
	Gate synthesis begin.

--- Testing Hamming Distance Version ---
in LempelX2_M4RI_Hamming　安定版　m4ri
		Round = 0 (Start m: 4)
--- Hamming Distance Stats ---
 Dist 1: 3 pairs
 Dist 2: 2 pairs
 Dist 3: 1 pairs
-------------------------------
>> Round 0 Result: Hit Rate = 0% (0/6)

=== Final Performance Statistics ===
Hamming time:   0 ms
Chi time:       0 ms
Nullspace time: 1 ms
Total attempts: 6 (Success: 0)
END OF LEMPELX2 安定版
Total LempelX2_M4RI_Hamming time: 1 ms
Hamming result size: 4 columns
		TODD executed in 0.001713 seconds.
		Total time: 0.001724s
	Gate synthesis end.
	Gate synthesis begin.

--- Testing Hamming Distance Version ---
in LempelX2_M4RI_Hamming　安定版　m4ri
		Round = 0 (Start m: 5)
--- Hamming Distance Stats ---
 Dist 1: 5 pairs
 Dist 2: 4 pairs
 Dist 3: 1 pairs
-------------------------------
>> Round 0 Result: Hit Rate = 0% (0/10)

=== Final Performance Statistics ===
Hamming time:   0 ms
Chi time:       0 ms
Nullspace time: 2 ms
Total attempts: 10 (Success: 0)
END OF LEMPELX2 安定版
Total LempelX2_M4RI_Hamming time: 3 ms
Hamming result size: 5 columns
		TODD executed in 0.003395 seconds.
		Total time: 0.003408s
	Gate synthesis end.
	Gate synthesis begin.

--- Testing Hamming Distance Version ---
in LempelX2_M4RI_Hamming　安定版　m4ri
		Round = 0 (Start m: 6)
--- Hamming Distance Stats ---
 Dist 1: 3 pairs
 Dist 2: 4 pairs
 Dist 3: 6 pairs
 Dist 4: 2 pairs
-------------------------------
>> Round 0 Result: Hit Rate = 0% (0/15)

=== Final Performance Statistics ===
Hamming time:   0 ms
Chi time:       1 ms
Nullspace time: 3 ms
Total attempts: 15 (Success: 0)
END OF LEMPELX2 安定版
Total LempelX2_M4RI_Hamming time: 5 ms
Hamming result size: 6 columns
		TODD executed in 0.005195 seconds.
		Total time: 0.00521s
	Gate synthesis end.
	Gate synthesis begin.

--- Testing Hamming Distance Version ---
in LempelX2_M4RI_Hamming　安定版　m4ri
		Round = 0 (Start m: 4)
--- Hamming Distance Stats ---
 Dist 1: 3 pairs
 Dist 2: 3 pairs
-------------------------------
>> Round 0 Result: Hit Rate = 0% (0/6)

=== Final Performance Statistics ===
Hamming time:   0 ms
Chi time:       0 ms
Nullspace time: 1 ms
Total attempts: 6 (Success: 0)
END OF LEMPELX2 安定版
Total LempelX2_M4RI_Hamming time: 1 ms
Hamming result size: 4 columns
		TODD executed in 0.001702 seconds.
		Total time: 0.001713s
	Gate synthesis end.
	Gate synthesis begin.

--- Testing Hamming Distance Version ---
in LempelX2_M4RI_Hamming　安定版　m4ri
		Round = 0 (Start m: 4)
--- Hamming Distance Stats ---
 Dist 1: 3 pairs
 Dist 2: 3 pairs
-------------------------------
>> Round 0 Result: Hit Rate = 0% (0/6)

=== Final Performance Statistics ===
Hamming time:   0 ms
Chi time:       0 ms
Nullspace time: 1 ms
Total attempts: 6 (Success: 0)
END OF LEMPELX2 安定版
Total LempelX2_M4RI_Hamming time: 1 ms
Hamming result size: 4 columns
		TODD executed in 0.001655 seconds.
		Total time: 0.001666s
	Gate synthesis end.
	Gate synthesis begin.

--- Testing Hamming Distance Version ---
in LempelX2_M4RI_Hamming　安定版　m4ri
		Round = 0 (Start m: 4)
--- Hamming Distance Stats ---
 Dist 1: 3 pairs
 Dist 2: 3 pairs
-------------------------------
>> Round 0 Result: Hit Rate = 0% (0/6)

=== Final Performance Statistics ===
Hamming time:   0 ms
Chi time:       0 ms
Nullspace time: 1 ms
Total attempts: 6 (Success: 0)
END OF LEMPELX2 安定版
Total LempelX2_M4RI_Hamming time: 1 ms
Hamming result size: 4 columns
		TODD executed in 0.001631 seconds.
		Total time: 0.001643s
	Gate synthesis end.
	Gate synthesis begin.

--- Testing Hamming Distance Version ---
in LempelX2_M4RI_Hamming　安定版　m4ri
		Round = 0 (Start m: 6)
--- Hamming Distance Stats ---
 Dist 1: 4 pairs
 Dist 2: 5 pairs
 Dist 3: 4 pairs
 Dist 4: 2 pairs
-------------------------------
>> Round 0 Result: Hit Rate = 0% (0/15)

=== Final Performance Statistics ===
Hamming time:   0 ms
Chi time:       1 ms
Nullspace time: 3 ms
Total attempts: 15 (Success: 0)
END OF LEMPELX2 安定版
Total LempelX2_M4RI_Hamming time: 4 ms
Hamming result size: 6 columns
		TODD executed in 0.004436 seconds.
		Total time: 0.004451s
	Gate synthesis end.
	Gate synthesis begin.

--- Testing Hamming Distance Version ---
in LempelX2_M4RI_Hamming　安定版　m4ri
		Round = 0 (Start m: 4)
--- Hamming Distance Stats ---
 Dist 1: 3 pairs
 Dist 2: 2 pairs
 Dist 3: 1 pairs
-------------------------------
>> Round 0 Result: Hit Rate = 0% (0/6)

=== Final Performance Statistics ===
Hamming time:   0 ms
Chi time:       0 ms
Nullspace time: 1 ms
Total attempts: 6 (Success: 0)
END OF LEMPELX2 安定版
Total LempelX2_M4RI_Hamming time: 1 ms
Hamming result size: 4 columns
		TODD executed in 0.001648 seconds.
		Total time: 0.001659s
	Gate synthesis end.
	Gate synthesis begin.

--- Testing Hamming Distance Version ---
in LempelX2_M4RI_Hamming　安定版　m4ri
		Round = 0 (Start m: 4)
--- Hamming Distance Stats ---
 Dist 1: 3 pairs
 Dist 2: 2 pairs
 Dist 3: 1 pairs
-------------------------------
>> Round 0 Result: Hit Rate = 0% (0/6)

=== Final Performance Statistics ===
Hamming time:   0 ms
Chi time:       0 ms
Nullspace time: 1 ms
Total attempts: 6 (Success: 0)
END OF LEMPELX2 安定版
Total LempelX2_M4RI_Hamming time: 1 ms
Hamming result size: 4 columns
		TODD executed in 0.001667 seconds.
		Total time: 0.001678s
	Gate synthesis end.
	Gate synthesis begin.

--- Testing Hamming Distance Version ---
in LempelX2_M4RI_Hamming　安定版　m4ri
		Round = 0 (Start m: 4)
--- Hamming Distance Stats ---
 Dist 1: 3 pairs
 Dist 2: 2 pairs
 Dist 3: 1 pairs
-------------------------------
>> Round 0 Result: Hit Rate = 0% (0/6)

=== Final Performance Statistics ===
Hamming time:   0 ms
Chi time:       0 ms
Nullspace time: 1 ms
Total attempts: 6 (Success: 0)
END OF LEMPELX2 安定版
Total LempelX2_M4RI_Hamming time: 1 ms
Hamming result size: 4 columns
		TODD executed in 0.001706 seconds.
		Total time: 0.001718s
	Gate synthesis end.
	Gate synthesis begin.

--- Testing Hamming Distance Version ---
in LempelX2_M4RI_Hamming　安定版　m4ri
		Round = 0 (Start m: 5)
--- Hamming Distance Stats ---
 Dist 1: 5 pairs
 Dist 2: 4 pairs
 Dist 3: 1 pairs
-------------------------------
>> Round 0 Result: Hit Rate = 0% (0/10)

=== Final Performance Statistics ===
Hamming time:   0 ms
Chi time:       0 ms
Nullspace time: 2 ms
Total attempts: 10 (Success: 0)
END OF LEMPELX2 安定版
Total LempelX2_M4RI_Hamming time: 3 ms
Hamming result size: 5 columns
		TODD executed in 0.003316 seconds.
		Total time: 0.003329s
	Gate synthesis end.
	Gate synthesis begin.

--- Testing Hamming Distance Version ---
in LempelX2_M4RI_Hamming　安定版　m4ri
		Round = 0 (Start m: 6)
--- Hamming Distance Stats ---
 Dist 1: 3 pairs
 Dist 2: 4 pairs
 Dist 3: 6 pairs
 Dist 4: 2 pairs
-------------------------------
>> Round 0 Result: Hit Rate = 0% (0/15)

=== Final Performance Statistics ===
Hamming time:   0 ms
Chi time:       1 ms
Nullspace time: 3 ms
Total attempts: 15 (Success: 0)
END OF LEMPELX2 安定版
Total LempelX2_M4RI_Hamming time: 5 ms
Hamming result size: 6 columns
		TODD executed in 0.005139 seconds.
		Total time: 0.005154s
	Gate synthesis end.
	Gate synthesis begin.

--- Testing Hamming Distance Version ---
in LempelX2_M4RI_Hamming　安定版　m4ri
		Round = 0 (Start m: 4)
--- Hamming Distance Stats ---
 Dist 1: 3 pairs
 Dist 2: 3 pairs
-------------------------------
>> Round 0 Result: Hit Rate = 0% (0/6)

=== Final Performance Statistics ===
Hamming time:   0 ms
Chi time:       0 ms
Nullspace time: 1 ms
Total attempts: 6 (Success: 0)
END OF LEMPELX2 安定版
Total LempelX2_M4RI_Hamming time: 1 ms
Hamming result size: 4 columns
		TODD executed in 0.001672 seconds.
		Total time: 0.001683s
	Gate synthesis end.
	Gate synthesis begin.

--- Testing Hamming Distance Version ---
in LempelX2_M4RI_Hamming　安定版　m4ri
		Round = 0 (Start m: 4)
--- Hamming Distance Stats ---
 Dist 1: 3 pairs
 Dist 2: 3 pairs
-------------------------------
>> Round 0 Result: Hit Rate = 0% (0/6)

=== Final Performance Statistics ===
Hamming time:   0 ms
Chi time:       0 ms
Nullspace time: 1 ms
Total attempts: 6 (Success: 0)
END OF LEMPELX2 安定版
Total LempelX2_M4RI_Hamming time: 1 ms
Hamming result size: 4 columns
		TODD executed in 0.00164 seconds.
		Total time: 0.001649s
	Gate synthesis end.
	Gate synthesis begin.

--- Testing Hamming Distance Version ---
in LempelX2_M4RI_Hamming　安定版　m4ri
		Round = 0 (Start m: 6)
--- Hamming Distance Stats ---
 Dist 1: 4 pairs
 Dist 2: 5 pairs
 Dist 3: 4 pairs
 Dist 4: 2 pairs
-------------------------------
>> Round 0 Result: Hit Rate = 0% (0/15)

=== Final Performance Statistics ===
Hamming time:   0 ms
Chi time:       1 ms
Nullspace time: 3 ms
Total attempts: 15 (Success: 0)
END OF LEMPELX2 安定版
Total LempelX2_M4RI_Hamming time: 4 ms
Hamming result size: 6 columns
		TODD executed in 0.004452 seconds.
		Total time: 0.004467s
	Gate synthesis end.
	Gate synthesis begin.

--- Testing Hamming Distance Version ---
in LempelX2_M4RI_Hamming　安定版　m4ri
		Round = 0 (Start m: 4)
--- Hamming Distance Stats ---
 Dist 1: 3 pairs
 Dist 2: 2 pairs
 Dist 3: 1 pairs
-------------------------------
>> Round 0 Result: Hit Rate = 0% (0/6)

=== Final Performance Statistics ===
Hamming time:   0 ms
Chi time:       0 ms
Nullspace time: 1 ms
Total attempts: 6 (Success: 0)
END OF LEMPELX2 安定版
Total LempelX2_M4RI_Hamming time: 1 ms
Hamming result size: 4 columns
		TODD executed in 0.001659 seconds.
		Total time: 0.00167s
	Gate synthesis end.
	Gate synthesis begin.

--- Testing Hamming Distance Version ---
in LempelX2_M4RI_Hamming　安定版　m4ri
		Round = 0 (Start m: 4)
--- Hamming Distance Stats ---
 Dist 1: 3 pairs
 Dist 2: 2 pairs
 Dist 3: 1 pairs
-------------------------------
>> Round 0 Result: Hit Rate = 0% (0/6)

=== Final Performance Statistics ===
Hamming time:   0 ms
Chi time:       0 ms
Nullspace time: 1 ms
Total attempts: 6 (Success: 0)
END OF LEMPELX2 安定版
Total LempelX2_M4RI_Hamming time: 1 ms
Hamming result size: 4 columns
		TODD executed in 0.001691 seconds.
		Total time: 0.001702s
	Gate synthesis end.
	Gate synthesis begin.

--- Testing Hamming Distance Version ---
in LempelX2_M4RI_Hamming　安定版　m4ri
		Round = 0 (Start m: 5)
--- Hamming Distance Stats ---
 Dist 1: 5 pairs
 Dist 2: 4 pairs
 Dist 3: 1 pairs
-------------------------------
>> Round 0 Result: Hit Rate = 0% (0/10)

=== Final Performance Statistics ===
Hamming time:   0 ms
Chi time:       0 ms
Nullspace time: 2 ms
Total attempts: 10 (Success: 0)
END OF LEMPELX2 安定版
Total LempelX2_M4RI_Hamming time: 3 ms
Hamming result size: 5 columns
		TODD executed in 0.00325 seconds.
		Total time: 0.003263s
	Gate synthesis end.
	Gate synthesis begin.

--- Testing Hamming Distance Version ---
in LempelX2_M4RI_Hamming　安定版　m4ri
		Round = 0 (Start m: 6)
--- Hamming Distance Stats ---
 Dist 1: 3 pairs
 Dist 2: 4 pairs
 Dist 3: 6 pairs
 Dist 4: 2 pairs
-------------------------------
>> Round 0 Result: Hit Rate = 0% (0/15)

=== Final Performance Statistics ===
Hamming time:   0 ms
Chi time:       1 ms
Nullspace time: 3 ms
Total attempts: 15 (Success: 0)
END OF LEMPELX2 安定版
Total LempelX2_M4RI_Hamming time: 5 ms
Hamming result size: 6 columns
		TODD executed in 0.005101 seconds.
		Total time: 0.005117s
	Gate synthesis end.
	Gate synthesis begin.

--- Testing Hamming Distance Version ---
in LempelX2_M4RI_Hamming　安定版　m4ri
		Round = 0 (Start m: 4)
--- Hamming Distance Stats ---
 Dist 1: 3 pairs
 Dist 2: 3 pairs
-------------------------------
>> Round 0 Result: Hit Rate = 0% (0/6)

=== Final Performance Statistics ===
Hamming time:   0 ms
Chi time:       0 ms
Nullspace time: 1 ms
Total attempts: 6 (Success: 0)
END OF LEMPELX2 安定版
Total LempelX2_M4RI_Hamming time: 1 ms
Hamming result size: 4 columns
		TODD executed in 0.001668 seconds.
		Total time: 0.001679s
	Gate synthesis end.
	Gate synthesis begin.

--- Testing Hamming Distance Version ---
in LempelX2_M4RI_Hamming　安定版　m4ri
		Round = 0 (Start m: 6)
--- Hamming Distance Stats ---
 Dist 1: 4 pairs
 Dist 2: 5 pairs
 Dist 3: 4 pairs
 Dist 4: 2 pairs
-------------------------------
>> Round 0 Result: Hit Rate = 0% (0/15)

=== Final Performance Statistics ===
Hamming time:   0 ms
Chi time:       1 ms
Nullspace time: 3 ms
Total attempts: 15 (Success: 0)
END OF LEMPELX2 安定版
Total LempelX2_M4RI_Hamming time: 4 ms
Hamming result size: 6 columns
		TODD executed in 0.004528 seconds.
		Total time: 0.004543s
	Gate synthesis end.
	Gate synthesis begin.

--- Testing Hamming Distance Version ---
in LempelX2_M4RI_Hamming　安定版　m4ri
		Round = 0 (Start m: 4)
--- Hamming Distance Stats ---
 Dist 1: 3 pairs
 Dist 2: 2 pairs
 Dist 3: 1 pairs
-------------------------------
>> Round 0 Result: Hit Rate = 0% (0/6)

=== Final Performance Statistics ===
Hamming time:   0 ms
Chi time:       0 ms
Nullspace time: 1 ms
Total attempts: 6 (Success: 0)
END OF LEMPELX2 安定版
Total LempelX2_M4RI_Hamming time: 1 ms
Hamming result size: 4 columns
		TODD executed in 0.001683 seconds.
		Total time: 0.001694s
	Gate synthesis end.
	Gate synthesis begin.

--- Testing Hamming Distance Version ---
in LempelX2_M4RI_Hamming　安定版　m4ri
		Round = 0 (Start m: 5)
--- Hamming Distance Stats ---
 Dist 1: 5 pairs
 Dist 2: 4 pairs
 Dist 3: 1 pairs
-------------------------------
>> Round 0 Result: Hit Rate = 0% (0/10)

=== Final Performance Statistics ===
Hamming time:   0 ms
Chi time:       0 ms
Nullspace time: 2 ms
Total attempts: 10 (Success: 0)
END OF LEMPELX2 安定版
Total LempelX2_M4RI_Hamming time: 3 ms
Hamming result size: 5 columns
		TODD executed in 0.003253 seconds.
		Total time: 0.003265s
	Gate synthesis end.
	Gate synthesis begin.

--- Testing Hamming Distance Version ---
in LempelX2_M4RI_Hamming　安定版　m4ri
		Round = 0 (Start m: 6)
--- Hamming Distance Stats ---
 Dist 1: 3 pairs
 Dist 2: 4 pairs
 Dist 3: 6 pairs
 Dist 4: 2 pairs
-------------------------------
>> Round 0 Result: Hit Rate = 0% (0/15)

=== Final Performance Statistics ===
Hamming time:   0 ms
Chi time:       1 ms
Nullspace time: 3 ms
Total attempts: 15 (Success: 0)
END OF LEMPELX2 安定版
Total LempelX2_M4RI_Hamming time: 4 ms
Hamming result size: 6 columns
		TODD executed in 0.00499 seconds.
		Total time: 0.005007s
	Gate synthesis end.
	Gate synthesis begin.

--- Testing Hamming Distance Version ---
in LempelX2_M4RI_Hamming　安定版　m4ri
		Round = 0 (Start m: 6)
--- Hamming Distance Stats ---
 Dist 1: 4 pairs
 Dist 2: 5 pairs
 Dist 3: 4 pairs
 Dist 4: 2 pairs
-------------------------------
>> Round 0 Result: Hit Rate = 0% (0/15)

=== Final Performance Statistics ===
Hamming time:   0 ms
Chi time:       1 ms
Nullspace time: 3 ms
Total attempts: 15 (Success: 0)
END OF LEMPELX2 安定版
Total LempelX2_M4RI_Hamming time: 4 ms
Hamming result size: 6 columns
		TODD executed in 0.004548 seconds.
		Total time: 0.004564s
	Gate synthesis end.
	Gate synthesis begin.

--- Testing Hamming Distance Version ---
in LempelX2_M4RI_Hamming　安定版　m4ri
		Round = 0 (Start m: 5)
--- Hamming Distance Stats ---
 Dist 1: 5 pairs
 Dist 2: 4 pairs
 Dist 3: 1 pairs
-------------------------------
>> Round 0 Result: Hit Rate = 0% (0/10)

=== Final Performance Statistics ===
Hamming time:   0 ms
Chi time:       0 ms
Nullspace time: 2 ms
Total attempts: 10 (Success: 0)
END OF LEMPELX2 安定版
Total LempelX2_M4RI_Hamming time: 3 ms
Hamming result size: 5 columns
		TODD executed in 0.003232 seconds.
		Total time: 0.003245s
	Gate synthesis end.
	Gate synthesis begin.

--- Testing Hamming Distance Version ---
in LempelX2_M4RI_Hamming　安定版　m4ri
		Round = 0 (Start m: 13)
--- Hamming Distance Stats ---
 Dist 1: 14 pairs
 Dist 2: 20 pairs
 Dist 3: 24 pairs
 Dist 4: 16 pairs
 Dist 5: 4 pairs
-------------------------------
  [HIT!] Dist=2 | Deleted: 3 cols
>> Round 0 Result: Hit Rate = 3.0303% (1/33)
		Round = 1 (Start m: 10)
--- Hamming Distance Stats ---
 Dist 1: 7 pairs
 Dist 2: 9 pairs
 Dist 3: 11 pairs
 Dist 4: 10 pairs
 Dist 5: 6 pairs
 Dist 6: 2 pairs
-------------------------------
>> Round 1 Result: Hit Rate = 0% (0/45)

=== Final Performance Statistics ===
Hamming time:   0 ms
Chi time:       5 ms
Nullspace time: 25 ms
Total attempts: 78 (Success: 1)
END OF LEMPELX2 安定版
Total LempelX2_M4RI_Hamming time: 32 ms
Hamming result size: 10 columns
		TODD executed in 0.032129 seconds.
		Total time: 0.032159s
	Gate synthesis end.
	Gate synthesis begin.

--- Testing Hamming Distance Version ---
in LempelX2_M4RI_Hamming　安定版　m4ri
		Round = 0 (Start m: 3)
--- Hamming Distance Stats ---
 Dist 1: 2 pairs
 Dist 2: 1 pairs
-------------------------------
>> Round 0 Result: Hit Rate = 0% (0/3)

=== Final Performance Statistics ===
Hamming time:   0 ms
Chi time:       0 ms
Nullspace time: 0 ms
Total attempts: 3 (Success: 0)
END OF LEMPELX2 安定版
Total LempelX2_M4RI_Hamming time: 0 ms
Hamming result size: 3 columns
		TODD executed in 0.000775 seconds.
		Total time: 0.000785s
	Gate synthesis end.
	Gate synthesis begin.

--- Testing Hamming Distance Version ---
in LempelX2_M4RI_Hamming　安定版　m4ri
		Round = 0 (Start m: 4)
--- Hamming Distance Stats ---
 Dist 1: 3 pairs
 Dist 2: 2 pairs
 Dist 3: 1 pairs
-------------------------------
>> Round 0 Result: Hit Rate = 0% (0/6)

=== Final Performance Statistics ===
Hamming time:   0 ms
Chi time:       0 ms
Nullspace time: 1 ms
Total attempts: 6 (Success: 0)
END OF LEMPELX2 安定版
Total LempelX2_M4RI_Hamming time: 1 ms
Hamming result size: 4 columns
		TODD executed in 0.001643 seconds.
		Total time: 0.001655s
	Gate synthesis end.
	Gate synthesis begin.

--- Testing Hamming Distance Version ---
in LempelX2_M4RI_Hamming　安定版　m4ri
		Round = 0 (Start m: 4)
--- Hamming Distance Stats ---
 Dist 1: 3 pairs
 Dist 2: 2 pairs
 Dist 3: 1 pairs
-------------------------------
>> Round 0 Result: Hit Rate = 0% (0/6)

=== Final Performance Statistics ===
Hamming time:   0 ms
Chi time:       0 ms
Nullspace time: 1 ms
Total attempts: 6 (Success: 0)
END OF LEMPELX2 安定版
Total LempelX2_M4RI_Hamming time: 1 ms
Hamming result size: 4 columns
		TODD executed in 0.001679 seconds.
		Total time: 0.00169s
	Gate synthesis end.
	Gate synthesis begin.

--- Testing Hamming Distance Version ---
in LempelX2_M4RI_Hamming　安定版　m4ri
		Round = 0 (Start m: 4)
--- Hamming Distance Stats ---
 Dist 1: 3 pairs
 Dist 2: 2 pairs
 Dist 3: 1 pairs
-------------------------------
>> Round 0 Result: Hit Rate = 0% (0/6)

=== Final Performance Statistics ===
Hamming time:   0 ms
Chi time:       0 ms
Nullspace time: 1 ms
Total attempts: 6 (Success: 0)
END OF LEMPELX2 安定版
Total LempelX2_M4RI_Hamming time: 1 ms
Hamming result size: 4 columns
		TODD executed in 0.001713 seconds.
		Total time: 0.001724s
	Gate synthesis end.
	Gate synthesis begin.

--- Testing Hamming Distance Version ---
in LempelX2_M4RI_Hamming　安定版　m4ri
		Round = 0 (Start m: 4)
--- Hamming Distance Stats ---
 Dist 1: 3 pairs
 Dist 2: 2 pairs
 Dist 3: 1 pairs
-------------------------------
>> Round 0 Result: Hit Rate = 0% (0/6)

=== Final Performance Statistics ===
Hamming time:   0 ms
Chi time:       0 ms
Nullspace time: 1 ms
Total attempts: 6 (Success: 0)
END OF LEMPELX2 安定版
Total LempelX2_M4RI_Hamming time: 1 ms
Hamming result size: 4 columns
		TODD executed in 0.001734 seconds.
		Total time: 0.001746s
	Gate synthesis end.
	Gate synthesis begin.

--- Testing Hamming Distance Version ---
in LempelX2_M4RI_Hamming　安定版　m4ri
		Round = 0 (Start m: 6)
--- Hamming Distance Stats ---
 Dist 1: 7 pairs
 Dist 2: 6 pairs
 Dist 3: 2 pairs
-------------------------------
>> Round 0 Result: Hit Rate = 0% (0/15)

=== Final Performance Statistics ===
Hamming time:   0 ms
Chi time:       0 ms
Nullspace time: 4 ms
Total attempts: 15 (Success: 0)
END OF LEMPELX2 安定版
Total LempelX2_M4RI_Hamming time: 5 ms
Hamming result size: 6 columns
		TODD executed in 0.005425 seconds.
		Total time: 0.005439s
	Gate synthesis end.
	Gate synthesis begin.

--- Testing Hamming Distance Version ---
in LempelX2_M4RI_Hamming　安定版　m4ri
		Round = 0 (Start m: 5)
--- Hamming Distance Stats ---
 Dist 1: 3 pairs
 Dist 2: 3 pairs
 Dist 3: 3 pairs
 Dist 4: 1 pairs
-------------------------------
>> Round 0 Result: Hit Rate = 0% (0/10)

=== Final Performance Statistics ===
Hamming time:   0 ms
Chi time:       0 ms
Nullspace time: 2 ms
Total attempts: 10 (Success: 0)
END OF LEMPELX2 安定版
Total LempelX2_M4RI_Hamming time: 3 ms
Hamming result size: 5 columns
		TODD executed in 0.003168 seconds.
		Total time: 0.003181s
	Gate synthesis end.
	Gate synthesis begin.

--- Testing Hamming Distance Version ---
in LempelX2_M4RI_Hamming　安定版　m4ri
		Round = 0 (Start m: 4)
--- Hamming Distance Stats ---
 Dist 1: 3 pairs
 Dist 2: 3 pairs
-------------------------------
>> Round 0 Result: Hit Rate = 0% (0/6)

=== Final Performance Statistics ===
Hamming time:   0 ms
Chi time:       0 ms
Nullspace time: 1 ms
Total attempts: 6 (Success: 0)
END OF LEMPELX2 安定版
Total LempelX2_M4RI_Hamming time: 1 ms
Hamming result size: 4 columns
		TODD executed in 0.001699 seconds.
		Total time: 0.001711s
	Gate synthesis end.
	Gate synthesis begin.

--- Testing Hamming Distance Version ---
in LempelX2_M4RI_Hamming　安定版　m4ri
		Round = 0 (Start m: 4)
--- Hamming Distance Stats ---
 Dist 1: 3 pairs
 Dist 2: 3 pairs
-------------------------------
>> Round 0 Result: Hit Rate = 0% (0/6)

=== Final Performance Statistics ===
Hamming time:   0 ms
Chi time:       0 ms
Nullspace time: 1 ms
Total attempts: 6 (Success: 0)
END OF LEMPELX2 安定版
Total LempelX2_M4RI_Hamming time: 1 ms
Hamming result size: 4 columns
		TODD executed in 0.001687 seconds.
		Total time: 0.001698s
	Gate synthesis end.
	Gate synthesis begin.

--- Testing Hamming Distance Version ---
in LempelX2_M4RI_Hamming　安定版　m4ri
		Round = 0 (Start m: 4)
--- Hamming Distance Stats ---
 Dist 1: 3 pairs
 Dist 2: 3 pairs
-------------------------------
>> Round 0 Result: Hit Rate = 0% (0/6)

=== Final Performance Statistics ===
Hamming time:   0 ms
Chi time:       0 ms
Nullspace time: 1 ms
Total attempts: 6 (Success: 0)
END OF LEMPELX2 安定版
Total LempelX2_M4RI_Hamming time: 1 ms
Hamming result size: 4 columns
		TODD executed in 0.001645 seconds.
		Total time: 0.001657s
	Gate synthesis end.
	Gate synthesis begin.

--- Testing Hamming Distance Version ---
in LempelX2_M4RI_Hamming　安定版　m4ri
		Round = 0 (Start m: 4)
--- Hamming Distance Stats ---
 Dist 1: 3 pairs
 Dist 2: 3 pairs
-------------------------------
>> Round 0 Result: Hit Rate = 0% (0/6)

=== Final Performance Statistics ===
Hamming time:   0 ms
Chi time:       0 ms
Nullspace time: 1 ms
Total attempts: 6 (Success: 0)
END OF LEMPELX2 安定版
Total LempelX2_M4RI_Hamming time: 1 ms
Hamming result size: 4 columns
		TODD executed in 0.001608 seconds.
		Total time: 0.001619s
	Gate synthesis end.
	Gate synthesis begin.

--- Testing Hamming Distance Version ---
in LempelX2_M4RI_Hamming　安定版　m4ri
		Round = 0 (Start m: 4)
--- Hamming Distance Stats ---
 Dist 1: 3 pairs
 Dist 2: 3 pairs
-------------------------------
>> Round 0 Result: Hit Rate = 0% (0/6)

=== Final Performance Statistics ===
Hamming time:   0 ms
Chi time:       0 ms
Nullspace time: 1 ms
Total attempts: 6 (Success: 0)
END OF LEMPELX2 安定版
Total LempelX2_M4RI_Hamming time: 1 ms
Hamming result size: 4 columns
		TODD executed in 0.001621 seconds.
		Total time: 0.001633s
	Gate synthesis end.
	Gate synthesis begin.

--- Testing Hamming Distance Version ---
in LempelX2_M4RI_Hamming　安定版　m4ri
		Round = 0 (Start m: 6)
--- Hamming Distance Stats ---
 Dist 1: 4 pairs
 Dist 2: 5 pairs
 Dist 3: 4 pairs
 Dist 4: 2 pairs
-------------------------------
>> Round 0 Result: Hit Rate = 0% (0/15)

=== Final Performance Statistics ===
Hamming time:   0 ms
Chi time:       1 ms
Nullspace time: 2 ms
Total attempts: 15 (Success: 0)
END OF LEMPELX2 安定版
Total LempelX2_M4RI_Hamming time: 4 ms
Hamming result size: 6 columns
		TODD executed in 0.004263 seconds.
		Total time: 0.004278s
	Gate synthesis end.
	Gate synthesis begin.

--- Testing Hamming Distance Version ---
in LempelX2_M4RI_Hamming　安定版　m4ri
		Round = 0 (Start m: 4)
--- Hamming Distance Stats ---
 Dist 1: 3 pairs
 Dist 2: 2 pairs
 Dist 3: 1 pairs
-------------------------------
>> Round 0 Result: Hit Rate = 0% (0/6)

=== Final Performance Statistics ===
Hamming time:   0 ms
Chi time:       0 ms
Nullspace time: 1 ms
Total attempts: 6 (Success: 0)
END OF LEMPELX2 安定版
Total LempelX2_M4RI_Hamming time: 1 ms
Hamming result size: 4 columns
		TODD executed in 0.001618 seconds.
		Total time: 0.001629s
	Gate synthesis end.
	Gate synthesis begin.

--- Testing Hamming Distance Version ---
in LempelX2_M4RI_Hamming　安定版　m4ri
		Round = 0 (Start m: 4)
--- Hamming Distance Stats ---
 Dist 1: 3 pairs
 Dist 2: 2 pairs
 Dist 3: 1 pairs
-------------------------------
>> Round 0 Result: Hit Rate = 0% (0/6)

=== Final Performance Statistics ===
Hamming time:   0 ms
Chi time:       0 ms
Nullspace time: 1 ms
Total attempts: 6 (Success: 0)
END OF LEMPELX2 安定版
Total LempelX2_M4RI_Hamming time: 1 ms
Hamming result size: 4 columns
		TODD executed in 0.001627 seconds.
		Total time: 0.001638s
	Gate synthesis end.
	Gate synthesis begin.

--- Testing Hamming Distance Version ---
in LempelX2_M4RI_Hamming　安定版　m4ri
		Round = 0 (Start m: 4)
--- Hamming Distance Stats ---
 Dist 1: 3 pairs
 Dist 2: 2 pairs
 Dist 3: 1 pairs
-------------------------------
>> Round 0 Result: Hit Rate = 0% (0/6)

=== Final Performance Statistics ===
Hamming time:   0 ms
Chi time:       0 ms
Nullspace time: 1 ms
Total attempts: 6 (Success: 0)
END OF LEMPELX2 安定版
Total LempelX2_M4RI_Hamming time: 1 ms
Hamming result size: 4 columns
		TODD executed in 0.001667 seconds.
		Total time: 0.001679s
	Gate synthesis end.
	Gate synthesis begin.

--- Testing Hamming Distance Version ---
in LempelX2_M4RI_Hamming　安定版　m4ri
		Round = 0 (Start m: 4)
--- Hamming Distance Stats ---
 Dist 1: 3 pairs
 Dist 2: 2 pairs
 Dist 3: 1 pairs
-------------------------------
>> Round 0 Result: Hit Rate = 0% (0/6)

=== Final Performance Statistics ===
Hamming time:   0 ms
Chi time:       0 ms
Nullspace time: 1 ms
Total attempts: 6 (Success: 0)
END OF LEMPELX2 安定版
Total LempelX2_M4RI_Hamming time: 1 ms
Hamming result size: 4 columns
		TODD executed in 0.001706 seconds.
		Total time: 0.001719s
	Gate synthesis end.
	Gate synthesis begin.

--- Testing Hamming Distance Version ---
in LempelX2_M4RI_Hamming　安定版　m4ri
		Round = 0 (Start m: 4)
--- Hamming Distance Stats ---
 Dist 1: 3 pairs
 Dist 2: 2 pairs
 Dist 3: 1 pairs
-------------------------------
>> Round 0 Result: Hit Rate = 0% (0/6)

=== Final Performance Statistics ===
Hamming time:   0 ms
Chi time:       0 ms
Nullspace time: 1 ms
Total attempts: 6 (Success: 0)
END OF LEMPELX2 安定版
Total LempelX2_M4RI_Hamming time: 1 ms
Hamming result size: 4 columns
		TODD executed in 0.001721 seconds.
		Total time: 0.001733s
	Gate synthesis end.
	Gate synthesis begin.

--- Testing Hamming Distance Version ---
in LempelX2_M4RI_Hamming　安定版　m4ri
		Round = 0 (Start m: 5)
--- Hamming Distance Stats ---
 Dist 1: 5 pairs
 Dist 2: 4 pairs
 Dist 3: 1 pairs
-------------------------------
>> Round 0 Result: Hit Rate = 0% (0/10)

=== Final Performance Statistics ===
Hamming time:   0 ms
Chi time:       0 ms
Nullspace time: 2 ms
Total attempts: 10 (Success: 0)
END OF LEMPELX2 安定版
Total LempelX2_M4RI_Hamming time: 3 ms
Hamming result size: 5 columns
		TODD executed in 0.003332 seconds.
		Total time: 0.003345s
	Gate synthesis end.
	Gate synthesis begin.

--- Testing Hamming Distance Version ---
in LempelX2_M4RI_Hamming　安定版　m4ri
		Round = 0 (Start m: 6)
--- Hamming Distance Stats ---
 Dist 1: 3 pairs
 Dist 2: 4 pairs
 Dist 3: 6 pairs
 Dist 4: 2 pairs
-------------------------------
>> Round 0 Result: Hit Rate = 0% (0/15)

=== Final Performance Statistics ===
Hamming time:   0 ms
Chi time:       0 ms
Nullspace time: 3 ms
Total attempts: 15 (Success: 0)
END OF LEMPELX2 安定版
Total LempelX2_M4RI_Hamming time: 5 ms
Hamming result size: 6 columns
		TODD executed in 0.00512 seconds.
		Total time: 0.005136s
	Gate synthesis end.
	Gate synthesis begin.

--- Testing Hamming Distance Version ---
in LempelX2_M4RI_Hamming　安定版　m4ri
		Round = 0 (Start m: 4)
--- Hamming Distance Stats ---
 Dist 1: 3 pairs
 Dist 2: 3 pairs
-------------------------------
>> Round 0 Result: Hit Rate = 0% (0/6)

=== Final Performance Statistics ===
Hamming time:   0 ms
Chi time:       0 ms
Nullspace time: 1 ms
Total attempts: 6 (Success: 0)
END OF LEMPELX2 安定版
Total LempelX2_M4RI_Hamming time: 1 ms
Hamming result size: 4 columns
		TODD executed in 0.001689 seconds.
		Total time: 0.0017s
	Gate synthesis end.
	Gate synthesis begin.

--- Testing Hamming Distance Version ---
in LempelX2_M4RI_Hamming　安定版　m4ri
		Round = 0 (Start m: 4)
--- Hamming Distance Stats ---
 Dist 1: 3 pairs
 Dist 2: 3 pairs
-------------------------------
>> Round 0 Result: Hit Rate = 0% (0/6)

=== Final Performance Statistics ===
Hamming time:   0 ms
Chi time:       0 ms
Nullspace time: 1 ms
Total attempts: 6 (Success: 0)
END OF LEMPELX2 安定版
Total LempelX2_M4RI_Hamming time: 1 ms
Hamming result size: 4 columns
		TODD executed in 0.001668 seconds.
		Total time: 0.00168s
	Gate synthesis end.
	Gate synthesis begin.

--- Testing Hamming Distance Version ---
in LempelX2_M4RI_Hamming　安定版　m4ri
		Round = 0 (Start m: 4)
--- Hamming Distance Stats ---
 Dist 1: 3 pairs
 Dist 2: 3 pairs
-------------------------------
>> Round 0 Result: Hit Rate = 0% (0/6)

=== Final Performance Statistics ===
Hamming time:   0 ms
Chi time:       0 ms
Nullspace time: 1 ms
Total attempts: 6 (Success: 0)
END OF LEMPELX2 安定版
Total LempelX2_M4RI_Hamming time: 1 ms
Hamming result size: 4 columns
		TODD executed in 0.001634 seconds.
		Total time: 0.001645s
	Gate synthesis end.
	Gate synthesis begin.

--- Testing Hamming Distance Version ---
in LempelX2_M4RI_Hamming　安定版　m4ri
		Round = 0 (Start m: 4)
--- Hamming Distance Stats ---
 Dist 1: 3 pairs
 Dist 2: 3 pairs
-------------------------------
>> Round 0 Result: Hit Rate = 0% (0/6)

=== Final Performance Statistics ===
Hamming time:   0 ms
Chi time:       0 ms
Nullspace time: 1 ms
Total attempts: 6 (Success: 0)
END OF LEMPELX2 安定版
Total LempelX2_M4RI_Hamming time: 1 ms
Hamming result size: 4 columns
		TODD executed in 0.001616 seconds.
		Total time: 0.001629s
	Gate synthesis end.
	Gate synthesis begin.

--- Testing Hamming Distance Version ---
in LempelX2_M4RI_Hamming　安定版　m4ri
		Round = 0 (Start m: 6)
--- Hamming Distance Stats ---
 Dist 1: 4 pairs
 Dist 2: 5 pairs
 Dist 3: 4 pairs
 Dist 4: 2 pairs
-------------------------------
>> Round 0 Result: Hit Rate = 0% (0/15)

=== Final Performance Statistics ===
Hamming time:   0 ms
Chi time:       1 ms
Nullspace time: 3 ms
Total attempts: 15 (Success: 0)
END OF LEMPELX2 安定版
Total LempelX2_M4RI_Hamming time: 4 ms
Hamming result size: 6 columns
		TODD executed in 0.004336 seconds.
		Total time: 0.004351s
	Gate synthesis end.
	Gate synthesis begin.

--- Testing Hamming Distance Version ---
in LempelX2_M4RI_Hamming　安定版　m4ri
		Round = 0 (Start m: 4)
--- Hamming Distance Stats ---
 Dist 1: 3 pairs
 Dist 2: 2 pairs
 Dist 3: 1 pairs
-------------------------------
>> Round 0 Result: Hit Rate = 0% (0/6)

=== Final Performance Statistics ===
Hamming time:   0 ms
Chi time:       0 ms
Nullspace time: 1 ms
Total attempts: 6 (Success: 0)
END OF LEMPELX2 安定版
Total LempelX2_M4RI_Hamming time: 1 ms
Hamming result size: 4 columns
		TODD executed in 0.001643 seconds.
		Total time: 0.001654s
	Gate synthesis end.
	Gate synthesis begin.

--- Testing Hamming Distance Version ---
in LempelX2_M4RI_Hamming　安定版　m4ri
		Round = 0 (Start m: 4)
--- Hamming Distance Stats ---
 Dist 1: 3 pairs
 Dist 2: 2 pairs
 Dist 3: 1 pairs
-------------------------------
>> Round 0 Result: Hit Rate = 0% (0/6)

=== Final Performance Statistics ===
Hamming time:   0 ms
Chi time:       0 ms
Nullspace time: 1 ms
Total attempts: 6 (Success: 0)
END OF LEMPELX2 安定版
Total LempelX2_M4RI_Hamming time: 1 ms
Hamming result size: 4 columns
		TODD executed in 0.001637 seconds.
		Total time: 0.001649s
	Gate synthesis end.
	Gate synthesis begin.

--- Testing Hamming Distance Version ---
in LempelX2_M4RI_Hamming　安定版　m4ri
		Round = 0 (Start m: 4)
--- Hamming Distance Stats ---
 Dist 1: 3 pairs
 Dist 2: 2 pairs
 Dist 3: 1 pairs
-------------------------------
>> Round 0 Result: Hit Rate = 0% (0/6)

=== Final Performance Statistics ===
Hamming time:   0 ms
Chi time:       0 ms
Nullspace time: 1 ms
Total attempts: 6 (Success: 0)
END OF LEMPELX2 安定版
Total LempelX2_M4RI_Hamming time: 1 ms
Hamming result size: 4 columns
		TODD executed in 0.001674 seconds.
		Total time: 0.001685s
	Gate synthesis end.
	Gate synthesis begin.

--- Testing Hamming Distance Version ---
in LempelX2_M4RI_Hamming　安定版　m4ri
		Round = 0 (Start m: 4)
--- Hamming Distance Stats ---
 Dist 1: 3 pairs
 Dist 2: 2 pairs
 Dist 3: 1 pairs
-------------------------------
>> Round 0 Result: Hit Rate = 0% (0/6)

=== Final Performance Statistics ===
Hamming time:   0 ms
Chi time:       0 ms
Nullspace time: 1 ms
Total attempts: 6 (Success: 0)
END OF LEMPELX2 安定版
Total LempelX2_M4RI_Hamming time: 1 ms
Hamming result size: 4 columns
		TODD executed in 0.001704 seconds.
		Total time: 0.001715s
	Gate synthesis end.
	Gate synthesis begin.

--- Testing Hamming Distance Version ---
in LempelX2_M4RI_Hamming　安定版　m4ri
		Round = 0 (Start m: 5)
--- Hamming Distance Stats ---
 Dist 1: 5 pairs
 Dist 2: 4 pairs
 Dist 3: 1 pairs
-------------------------------
>> Round 0 Result: Hit Rate = 0% (0/10)

=== Final Performance Statistics ===
Hamming time:   0 ms
Chi time:       0 ms
Nullspace time: 2 ms
Total attempts: 10 (Success: 0)
END OF LEMPELX2 安定版
Total LempelX2_M4RI_Hamming time: 3 ms
Hamming result size: 5 columns
		TODD executed in 0.003313 seconds.
		Total time: 0.003327s
	Gate synthesis end.
	Gate synthesis begin.

--- Testing Hamming Distance Version ---
in LempelX2_M4RI_Hamming　安定版　m4ri
		Round = 0 (Start m: 6)
--- Hamming Distance Stats ---
 Dist 1: 3 pairs
 Dist 2: 4 pairs
 Dist 3: 6 pairs
 Dist 4: 2 pairs
-------------------------------
>> Round 0 Result: Hit Rate = 0% (0/15)

=== Final Performance Statistics ===
Hamming time:   0 ms
Chi time:       1 ms
Nullspace time: 3 ms
Total attempts: 15 (Success: 0)
END OF LEMPELX2 安定版
Total LempelX2_M4RI_Hamming time: 5 ms
Hamming result size: 6 columns
		TODD executed in 0.00516 seconds.
		Total time: 0.005175s
	Gate synthesis end.
	Gate synthesis begin.

--- Testing Hamming Distance Version ---
in LempelX2_M4RI_Hamming　安定版　m4ri
		Round = 0 (Start m: 4)
--- Hamming Distance Stats ---
 Dist 1: 3 pairs
 Dist 2: 3 pairs
-------------------------------
>> Round 0 Result: Hit Rate = 0% (0/6)

=== Final Performance Statistics ===
Hamming time:   0 ms
Chi time:       0 ms
Nullspace time: 1 ms
Total attempts: 6 (Success: 0)
END OF LEMPELX2 安定版
Total LempelX2_M4RI_Hamming time: 1 ms
Hamming result size: 4 columns
		TODD executed in 0.00169 seconds.
		Total time: 0.001701s
	Gate synthesis end.
	Gate synthesis begin.

--- Testing Hamming Distance Version ---
in LempelX2_M4RI_Hamming　安定版　m4ri
		Round = 0 (Start m: 4)
--- Hamming Distance Stats ---
 Dist 1: 3 pairs
 Dist 2: 3 pairs
-------------------------------
>> Round 0 Result: Hit Rate = 0% (0/6)

=== Final Performance Statistics ===
Hamming time:   0 ms
Chi time:       0 ms
Nullspace time: 1 ms
Total attempts: 6 (Success: 0)
END OF LEMPELX2 安定版
Total LempelX2_M4RI_Hamming time: 1 ms
Hamming result size: 4 columns
		TODD executed in 0.001646 seconds.
		Total time: 0.001657s
	Gate synthesis end.
	Gate synthesis begin.

--- Testing Hamming Distance Version ---
in LempelX2_M4RI_Hamming　安定版　m4ri
		Round = 0 (Start m: 4)
--- Hamming Distance Stats ---
 Dist 1: 3 pairs
 Dist 2: 3 pairs
-------------------------------
>> Round 0 Result: Hit Rate = 0% (0/6)

=== Final Performance Statistics ===
Hamming time:   0 ms
Chi time:       0 ms
Nullspace time: 1 ms
Total attempts: 6 (Success: 0)
END OF LEMPELX2 安定版
Total LempelX2_M4RI_Hamming time: 1 ms
Hamming result size: 4 columns
		TODD executed in 0.001629 seconds.
		Total time: 0.00164s
	Gate synthesis end.
	Gate synthesis begin.

--- Testing Hamming Distance Version ---
in LempelX2_M4RI_Hamming　安定版　m4ri
		Round = 0 (Start m: 6)
--- Hamming Distance Stats ---
 Dist 1: 4 pairs
 Dist 2: 5 pairs
 Dist 3: 4 pairs
 Dist 4: 2 pairs
-------------------------------
>> Round 0 Result: Hit Rate = 0% (0/15)

=== Final Performance Statistics ===
Hamming time:   0 ms
Chi time:       1 ms
Nullspace time: 3 ms
Total attempts: 15 (Success: 0)
END OF LEMPELX2 安定版
Total LempelX2_M4RI_Hamming time: 4 ms
Hamming result size: 6 columns
		TODD executed in 0.004397 seconds.
		Total time: 0.004413s
	Gate synthesis end.
	Gate synthesis begin.

--- Testing Hamming Distance Version ---
in LempelX2_M4RI_Hamming　安定版　m4ri
		Round = 0 (Start m: 4)
--- Hamming Distance Stats ---
 Dist 1: 3 pairs
 Dist 2: 2 pairs
 Dist 3: 1 pairs
-------------------------------
>> Round 0 Result: Hit Rate = 0% (0/6)

=== Final Performance Statistics ===
Hamming time:   0 ms
Chi time:       0 ms
Nullspace time: 1 ms
Total attempts: 6 (Success: 0)
END OF LEMPELX2 安定版
Total LempelX2_M4RI_Hamming time: 1 ms
Hamming result size: 4 columns
		TODD executed in 0.001642 seconds.
		Total time: 0.001653s
	Gate synthesis end.
	Gate synthesis begin.

--- Testing Hamming Distance Version ---
in LempelX2_M4RI_Hamming　安定版　m4ri
		Round = 0 (Start m: 4)
--- Hamming Distance Stats ---
 Dist 1: 3 pairs
 Dist 2: 2 pairs
 Dist 3: 1 pairs
-------------------------------
>> Round 0 Result: Hit Rate = 0% (0/6)

=== Final Performance Statistics ===
Hamming time:   0 ms
Chi time:       0 ms
Nullspace time: 1 ms
Total attempts: 6 (Success: 0)
END OF LEMPELX2 安定版
Total LempelX2_M4RI_Hamming time: 1 ms
Hamming result size: 4 columns
		TODD executed in 0.001659 seconds.
		Total time: 0.00167s
	Gate synthesis end.
	Gate synthesis begin.

--- Testing Hamming Distance Version ---
in LempelX2_M4RI_Hamming　安定版　m4ri
		Round = 0 (Start m: 4)
--- Hamming Distance Stats ---
 Dist 1: 3 pairs
 Dist 2: 2 pairs
 Dist 3: 1 pairs
-------------------------------
>> Round 0 Result: Hit Rate = 0% (0/6)

=== Final Performance Statistics ===
Hamming time:   0 ms
Chi time:       0 ms
Nullspace time: 1 ms
Total attempts: 6 (Success: 0)
END OF LEMPELX2 安定版
Total LempelX2_M4RI_Hamming time: 1 ms
Hamming result size: 4 columns
		TODD executed in 0.001687 seconds.
		Total time: 0.001698s
	Gate synthesis end.
	Gate synthesis begin.

--- Testing Hamming Distance Version ---
in LempelX2_M4RI_Hamming　安定版　m4ri
		Round = 0 (Start m: 5)
--- Hamming Distance Stats ---
 Dist 1: 5 pairs
 Dist 2: 4 pairs
 Dist 3: 1 pairs
-------------------------------
>> Round 0 Result: Hit Rate = 0% (0/10)

=== Final Performance Statistics ===
Hamming time:   0 ms
Chi time:       0 ms
Nullspace time: 2 ms
Total attempts: 10 (Success: 0)
END OF LEMPELX2 安定版
Total LempelX2_M4RI_Hamming time: 3 ms
Hamming result size: 5 columns
		TODD executed in 0.003271 seconds.
		Total time: 0.003284s
	Gate synthesis end.
	Gate synthesis begin.

--- Testing Hamming Distance Version ---
in LempelX2_M4RI_Hamming　安定版　m4ri
		Round = 0 (Start m: 6)
--- Hamming Distance Stats ---
 Dist 1: 3 pairs
 Dist 2: 4 pairs
 Dist 3: 6 pairs
 Dist 4: 2 pairs
-------------------------------
>> Round 0 Result: Hit Rate = 0% (0/15)

=== Final Performance Statistics ===
Hamming time:   0 ms
Chi time:       1 ms
Nullspace time: 3 ms
Total attempts: 15 (Success: 0)
END OF LEMPELX2 安定版
Total LempelX2_M4RI_Hamming time: 5 ms
Hamming result size: 6 columns
		TODD executed in 0.005125 seconds.
		Total time: 0.005141s
	Gate synthesis end.
	Gate synthesis begin.

--- Testing Hamming Distance Version ---
in LempelX2_M4RI_Hamming　安定版　m4ri
		Round = 0 (Start m: 4)
--- Hamming Distance Stats ---
 Dist 1: 3 pairs
 Dist 2: 3 pairs
-------------------------------
>> Round 0 Result: Hit Rate = 0% (0/6)

=== Final Performance Statistics ===
Hamming time:   0 ms
Chi time:       0 ms
Nullspace time: 1 ms
Total attempts: 6 (Success: 0)
END OF LEMPELX2 安定版
Total LempelX2_M4RI_Hamming time: 1 ms
Hamming result size: 4 columns
		TODD executed in 0.001659 seconds.
		Total time: 0.001671s
	Gate synthesis end.
	Gate synthesis begin.

--- Testing Hamming Distance Version ---
in LempelX2_M4RI_Hamming　安定版　m4ri
		Round = 0 (Start m: 4)
--- Hamming Distance Stats ---
 Dist 1: 3 pairs
 Dist 2: 3 pairs
-------------------------------
>> Round 0 Result: Hit Rate = 0% (0/6)

=== Final Performance Statistics ===
Hamming time:   0 ms
Chi time:       0 ms
Nullspace time: 1 ms
Total attempts: 6 (Success: 0)
END OF LEMPELX2 安定版
Total LempelX2_M4RI_Hamming time: 1 ms
Hamming result size: 4 columns
		TODD executed in 0.001623 seconds.
		Total time: 0.001634s
	Gate synthesis end.
	Gate synthesis begin.

--- Testing Hamming Distance Version ---
in LempelX2_M4RI_Hamming　安定版　m4ri
		Round = 0 (Start m: 6)
--- Hamming Distance Stats ---
 Dist 1: 4 pairs
 Dist 2: 5 pairs
 Dist 3: 4 pairs
 Dist 4: 2 pairs
-------------------------------
>> Round 0 Result: Hit Rate = 0% (0/15)

=== Final Performance Statistics ===
Hamming time:   0 ms
Chi time:       1 ms
Nullspace time: 3 ms
Total attempts: 15 (Success: 0)
END OF LEMPELX2 安定版
Total LempelX2_M4RI_Hamming time: 4 ms
Hamming result size: 6 columns
		TODD executed in 0.004432 seconds.
		Total time: 0.004448s
	Gate synthesis end.
	Gate synthesis begin.

--- Testing Hamming Distance Version ---
in LempelX2_M4RI_Hamming　安定版　m4ri
		Round = 0 (Start m: 4)
--- Hamming Distance Stats ---
 Dist 1: 3 pairs
 Dist 2: 2 pairs
 Dist 3: 1 pairs
-------------------------------
>> Round 0 Result: Hit Rate = 0% (0/6)

=== Final Performance Statistics ===
Hamming time:   0 ms
Chi time:       0 ms
Nullspace time: 1 ms
Total attempts: 6 (Success: 0)
END OF LEMPELX2 安定版
Total LempelX2_M4RI_Hamming time: 1 ms
Hamming result size: 4 columns
		TODD executed in 0.001661 seconds.
		Total time: 0.001672s
	Gate synthesis end.
	Gate synthesis begin.

--- Testing Hamming Distance Version ---
in LempelX2_M4RI_Hamming　安定版　m4ri
		Round = 0 (Start m: 4)
--- Hamming Distance Stats ---
 Dist 1: 3 pairs
 Dist 2: 2 pairs
 Dist 3: 1 pairs
-------------------------------
>> Round 0 Result: Hit Rate = 0% (0/6)

=== Final Performance Statistics ===
Hamming time:   0 ms
Chi time:       0 ms
Nullspace time: 1 ms
Total attempts: 6 (Success: 0)
END OF LEMPELX2 安定版
Total LempelX2_M4RI_Hamming time: 1 ms
Hamming result size: 4 columns
		TODD executed in 0.001675 seconds.
		Total time: 0.001686s
	Gate synthesis end.
	Gate synthesis begin.

--- Testing Hamming Distance Version ---
in LempelX2_M4RI_Hamming　安定版　m4ri
		Round = 0 (Start m: 5)
--- Hamming Distance Stats ---
 Dist 1: 5 pairs
 Dist 2: 4 pairs
 Dist 3: 1 pairs
-------------------------------
>> Round 0 Result: Hit Rate = 0% (0/10)

=== Final Performance Statistics ===
Hamming time:   0 ms
Chi time:       0 ms
Nullspace time: 2 ms
Total attempts: 10 (Success: 0)
END OF LEMPELX2 安定版
Total LempelX2_M4RI_Hamming time: 3 ms
Hamming result size: 5 columns
		TODD executed in 0.00326 seconds.
		Total time: 0.003273s
	Gate synthesis end.
	Gate synthesis begin.

--- Testing Hamming Distance Version ---
in LempelX2_M4RI_Hamming　安定版　m4ri
		Round = 0 (Start m: 6)
--- Hamming Distance Stats ---
 Dist 1: 3 pairs
 Dist 2: 4 pairs
 Dist 3: 6 pairs
 Dist 4: 2 pairs
-------------------------------
>> Round 0 Result: Hit Rate = 0% (0/15)

=== Final Performance Statistics ===
Hamming time:   0 ms
Chi time:       1 ms
Nullspace time: 3 ms
Total attempts: 15 (Success: 0)
END OF LEMPELX2 安定版
Total LempelX2_M4RI_Hamming time: 5 ms
Hamming result size: 6 columns
		TODD executed in 0.00504 seconds.
		Total time: 0.005058s
	Gate synthesis end.
	Gate synthesis begin.

--- Testing Hamming Distance Version ---
in LempelX2_M4RI_Hamming　安定版　m4ri
		Round = 0 (Start m: 4)
--- Hamming Distance Stats ---
 Dist 1: 3 pairs
 Dist 2: 3 pairs
-------------------------------
>> Round 0 Result: Hit Rate = 0% (0/6)

=== Final Performance Statistics ===
Hamming time:   0 ms
Chi time:       0 ms
Nullspace time: 1 ms
Total attempts: 6 (Success: 0)
END OF LEMPELX2 安定版
Total LempelX2_M4RI_Hamming time: 1 ms
Hamming result size: 4 columns
		TODD executed in 0.00164 seconds.
		Total time: 0.001651s
	Gate synthesis end.
	Gate synthesis begin.

--- Testing Hamming Distance Version ---
in LempelX2_M4RI_Hamming　安定版　m4ri
		Round = 0 (Start m: 6)
--- Hamming Distance Stats ---
 Dist 1: 4 pairs
 Dist 2: 5 pairs
 Dist 3: 4 pairs
 Dist 4: 2 pairs
-------------------------------
>> Round 0 Result: Hit Rate = 0% (0/15)

=== Final Performance Statistics ===
Hamming time:   0 ms
Chi time:       1 ms
Nullspace time: 3 ms
Total attempts: 15 (Success: 0)
END OF LEMPELX2 安定版
Total LempelX2_M4RI_Hamming time: 4 ms
Hamming result size: 6 columns
		TODD executed in 0.004478 seconds.
		Total time: 0.004493s
	Gate synthesis end.
	Gate synthesis begin.

--- Testing Hamming Distance Version ---
in LempelX2_M4RI_Hamming　安定版　m4ri
		Round = 0 (Start m: 4)
--- Hamming Distance Stats ---
 Dist 1: 3 pairs
 Dist 2: 2 pairs
 Dist 3: 1 pairs
-------------------------------
>> Round 0 Result: Hit Rate = 0% (0/6)

=== Final Performance Statistics ===
Hamming time:   0 ms
Chi time:       0 ms
Nullspace time: 1 ms
Total attempts: 6 (Success: 0)
END OF LEMPELX2 安定版
Total LempelX2_M4RI_Hamming time: 1 ms
Hamming result size: 4 columns
		TODD executed in 0.001673 seconds.
		Total time: 0.001684s
	Gate synthesis end.
	Gate synthesis begin.

--- Testing Hamming Distance Version ---
in LempelX2_M4RI_Hamming　安定版　m4ri
		Round = 0 (Start m: 5)
--- Hamming Distance Stats ---
 Dist 1: 5 pairs
 Dist 2: 4 pairs
 Dist 3: 1 pairs
-------------------------------
>> Round 0 Result: Hit Rate = 0% (0/10)

=== Final Performance Statistics ===
Hamming time:   0 ms
Chi time:       0 ms
Nullspace time: 2 ms
Total attempts: 10 (Success: 0)
END OF LEMPELX2 安定版
Total LempelX2_M4RI_Hamming time: 3 ms
Hamming result size: 5 columns
		TODD executed in 0.003218 seconds.
		Total time: 0.00323s
	Gate synthesis end.
	Gate synthesis begin.

--- Testing Hamming Distance Version ---
in LempelX2_M4RI_Hamming　安定版　m4ri
		Round = 0 (Start m: 6)
--- Hamming Distance Stats ---
 Dist 1: 3 pairs
 Dist 2: 4 pairs
 Dist 3: 6 pairs
 Dist 4: 2 pairs
-------------------------------
>> Round 0 Result: Hit Rate = 0% (0/15)

=== Final Performance Statistics ===
Hamming time:   0 ms
Chi time:       1 ms
Nullspace time: 3 ms
Total attempts: 15 (Success: 0)
END OF LEMPELX2 安定版
Total LempelX2_M4RI_Hamming time: 4 ms
Hamming result size: 6 columns
		TODD executed in 0.004922 seconds.
		Total time: 0.004939s
	Gate synthesis end.
	Gate synthesis begin.

--- Testing Hamming Distance Version ---
in LempelX2_M4RI_Hamming　安定版　m4ri
		Round = 0 (Start m: 6)
--- Hamming Distance Stats ---
 Dist 1: 4 pairs
 Dist 2: 5 pairs
 Dist 3: 4 pairs
 Dist 4: 2 pairs
-------------------------------
>> Round 0 Result: Hit Rate = 0% (0/15)

=== Final Performance Statistics ===
Hamming time:   0 ms
Chi time:       1 ms
Nullspace time: 3 ms
Total attempts: 15 (Success: 0)
END OF LEMPELX2 安定版
Total LempelX2_M4RI_Hamming time: 4 ms
Hamming result size: 6 columns
		TODD executed in 0.004501 seconds.
		Total time: 0.004516s
	Gate synthesis end.
	Gate synthesis begin.

--- Testing Hamming Distance Version ---
in LempelX2_M4RI_Hamming　安定版　m4ri
		Round = 0 (Start m: 5)
--- Hamming Distance Stats ---
 Dist 1: 5 pairs
 Dist 2: 4 pairs
 Dist 3: 1 pairs
-------------------------------
>> Round 0 Result: Hit Rate = 0% (0/10)

=== Final Performance Statistics ===
Hamming time:   0 ms
Chi time:       0 ms
Nullspace time: 2 ms
Total attempts: 10 (Success: 0)
END OF LEMPELX2 安定版
Total LempelX2_M4RI_Hamming time: 3 ms
Hamming result size: 5 columns
		TODD executed in 0.003166 seconds.
		Total time: 0.003179s
	Gate synthesis end.
	Gate synthesis begin.

--- Testing Hamming Distance Version ---
in LempelX2_M4RI_Hamming　安定版　m4ri
		Round = 0 (Start m: 13)
--- Hamming Distance Stats ---
 Dist 1: 14 pairs
 Dist 2: 20 pairs
 Dist 3: 24 pairs
 Dist 4: 16 pairs
 Dist 5: 4 pairs
-------------------------------
  [HIT!] Dist=2 | Deleted: 3 cols
>> Round 0 Result: Hit Rate = 3.0303% (1/33)
		Round = 1 (Start m: 10)
--- Hamming Distance Stats ---
 Dist 1: 7 pairs
 Dist 2: 9 pairs
 Dist 3: 11 pairs
 Dist 4: 10 pairs
 Dist 5: 6 pairs
 Dist 6: 2 pairs
-------------------------------
>> Round 1 Result: Hit Rate = 0% (0/45)

=== Final Performance Statistics ===
Hamming time:   0 ms
Chi time:       5 ms
Nullspace time: 24 ms
Total attempts: 78 (Success: 1)
END OF LEMPELX2 安定版
Total LempelX2_M4RI_Hamming time: 31 ms
Hamming result size: 10 columns
		TODD executed in 0.031196 seconds.
		Total time: 0.031224s
	Gate synthesis end.
	Gate synthesis begin.

--- Testing Hamming Distance Version ---
in LempelX2_M4RI_Hamming　安定版　m4ri
		Round = 0 (Start m: 3)
--- Hamming Distance Stats ---
 Dist 1: 2 pairs
 Dist 2: 1 pairs
-------------------------------
>> Round 0 Result: Hit Rate = 0% (0/3)

=== Final Performance Statistics ===
Hamming time:   0 ms
Chi time:       0 ms
Nullspace time: 0 ms
Total attempts: 3 (Success: 0)
END OF LEMPELX2 安定版
Total LempelX2_M4RI_Hamming time: 0 ms
Hamming result size: 3 columns
		TODD executed in 0.0008 seconds.
		Total time: 0.000811s
	Gate synthesis end.
	Gate synthesis begin.

--- Testing Hamming Distance Version ---
in LempelX2_M4RI_Hamming　安定版　m4ri
		Round = 0 (Start m: 4)
--- Hamming Distance Stats ---
 Dist 1: 3 pairs
 Dist 2: 2 pairs
 Dist 3: 1 pairs
-------------------------------
>> Round 0 Result: Hit Rate = 0% (0/6)

=== Final Performance Statistics ===
Hamming time:   0 ms
Chi time:       0 ms
Nullspace time: 1 ms
Total attempts: 6 (Success: 0)
END OF LEMPELX2 安定版
Total LempelX2_M4RI_Hamming time: 1 ms
Hamming result size: 4 columns
		TODD executed in 0.001629 seconds.
		Total time: 0.00164s
	Gate synthesis end.
	Gate synthesis begin.

--- Testing Hamming Distance Version ---
in LempelX2_M4RI_Hamming　安定版　m4ri
		Round = 0 (Start m: 4)
--- Hamming Distance Stats ---
 Dist 1: 3 pairs
 Dist 2: 2 pairs
 Dist 3: 1 pairs
-------------------------------
>> Round 0 Result: Hit Rate = 0% (0/6)

=== Final Performance Statistics ===
Hamming time:   0 ms
Chi time:       0 ms
Nullspace time: 1 ms
Total attempts: 6 (Success: 0)
END OF LEMPELX2 安定版
Total LempelX2_M4RI_Hamming time: 1 ms
Hamming result size: 4 columns
		TODD executed in 0.001638 seconds.
		Total time: 0.00165s
	Gate synthesis end.
	Gate synthesis begin.

--- Testing Hamming Distance Version ---
in LempelX2_M4RI_Hamming　安定版　m4ri
		Round = 0 (Start m: 4)
--- Hamming Distance Stats ---
 Dist 1: 3 pairs
 Dist 2: 2 pairs
 Dist 3: 1 pairs
-------------------------------
>> Round 0 Result: Hit Rate = 0% (0/6)

=== Final Performance Statistics ===
Hamming time:   0 ms
Chi time:       0 ms
Nullspace time: 1 ms
Total attempts: 6 (Success: 0)
END OF LEMPELX2 安定版
Total LempelX2_M4RI_Hamming time: 1 ms
Hamming result size: 4 columns
		TODD executed in 0.001685 seconds.
		Total time: 0.001696s
	Gate synthesis end.
	Gate synthesis begin.

--- Testing Hamming Distance Version ---
in LempelX2_M4RI_Hamming　安定版　m4ri
		Round = 0 (Start m: 4)
--- Hamming Distance Stats ---
 Dist 1: 3 pairs
 Dist 2: 2 pairs
 Dist 3: 1 pairs
-------------------------------
>> Round 0 Result: Hit Rate = 0% (0/6)

=== Final Performance Statistics ===
Hamming time:   0 ms
Chi time:       0 ms
Nullspace time: 1 ms
Total attempts: 6 (Success: 0)
END OF LEMPELX2 安定版
Total LempelX2_M4RI_Hamming time: 1 ms
Hamming result size: 4 columns
		TODD executed in 0.001686 seconds.
		Total time: 0.001697s
	Gate synthesis end.
	Gate synthesis begin.

--- Testing Hamming Distance Version ---
in LempelX2_M4RI_Hamming　安定版　m4ri
		Round = 0 (Start m: 4)
--- Hamming Distance Stats ---
 Dist 1: 3 pairs
 Dist 2: 2 pairs
 Dist 3: 1 pairs
-------------------------------
>> Round 0 Result: Hit Rate = 0% (0/6)

=== Final Performance Statistics ===
Hamming time:   0 ms
Chi time:       0 ms
Nullspace time: 1 ms
Total attempts: 6 (Success: 0)
END OF LEMPELX2 安定版
Total LempelX2_M4RI_Hamming time: 1 ms
Hamming result size: 4 columns
		TODD executed in 0.001721 seconds.
		Total time: 0.001732s
	Gate synthesis end.
	Gate synthesis begin.

--- Testing Hamming Distance Version ---
in LempelX2_M4RI_Hamming　安定版　m4ri
		Round = 0 (Start m: 5)
--- Hamming Distance Stats ---
 Dist 1: 5 pairs
 Dist 2: 4 pairs
 Dist 3: 1 pairs
-------------------------------
>> Round 0 Result: Hit Rate = 0% (0/10)

=== Final Performance Statistics ===
Hamming time:   0 ms
Chi time:       0 ms
Nullspace time: 2 ms
Total attempts: 10 (Success: 0)
END OF LEMPELX2 安定版
Total LempelX2_M4RI_Hamming time: 3 ms
Hamming result size: 5 columns
		TODD executed in 0.003352 seconds.
		Total time: 0.003366s
	Gate synthesis end.
	Gate synthesis begin.

--- Testing Hamming Distance Version ---
in LempelX2_M4RI_Hamming　安定版　m4ri
		Round = 0 (Start m: 5)
--- Hamming Distance Stats ---
 Dist 1: 3 pairs
 Dist 2: 3 pairs
 Dist 3: 3 pairs
 Dist 4: 1 pairs
-------------------------------
>> Round 0 Result: Hit Rate = 0% (0/10)

=== Final Performance Statistics ===
Hamming time:   0 ms
Chi time:       0 ms
Nullspace time: 2 ms
Total attempts: 10 (Success: 0)
END OF LEMPELX2 安定版
Total LempelX2_M4RI_Hamming time: 3 ms
Hamming result size: 5 columns
		TODD executed in 0.00318 seconds.
		Total time: 0.003194s
	Gate synthesis end.
	Gate synthesis begin.

--- Testing Hamming Distance Version ---
in LempelX2_M4RI_Hamming　安定版　m4ri
		Round = 0 (Start m: 4)
--- Hamming Distance Stats ---
 Dist 1: 3 pairs
 Dist 2: 3 pairs
-------------------------------
>> Round 0 Result: Hit Rate = 0% (0/6)

=== Final Performance Statistics ===
Hamming time:   0 ms
Chi time:       0 ms
Nullspace time: 1 ms
Total attempts: 6 (Success: 0)
END OF LEMPELX2 安定版
Total LempelX2_M4RI_Hamming time: 1 ms
Hamming result size: 4 columns
		TODD executed in 0.001685 seconds.
		Total time: 0.001697s
	Gate synthesis end.
	Gate synthesis begin.

--- Testing Hamming Distance Version ---
in LempelX2_M4RI_Hamming　安定版　m4ri
		Round = 0 (Start m: 4)
--- Hamming Distance Stats ---
 Dist 1: 3 pairs
 Dist 2: 3 pairs
-------------------------------
>> Round 0 Result: Hit Rate = 0% (0/6)

=== Final Performance Statistics ===
Hamming time:   0 ms
Chi time:       0 ms
Nullspace time: 1 ms
Total attempts: 6 (Success: 0)
END OF LEMPELX2 安定版
Total LempelX2_M4RI_Hamming time: 1 ms
Hamming result size: 4 columns
		TODD executed in 0.001678 seconds.
		Total time: 0.00169s
	Gate synthesis end.
	Gate synthesis begin.

--- Testing Hamming Distance Version ---
in LempelX2_M4RI_Hamming　安定版　m4ri
		Round = 0 (Start m: 4)
--- Hamming Distance Stats ---
 Dist 1: 3 pairs
 Dist 2: 3 pairs
-------------------------------
>> Round 0 Result: Hit Rate = 0% (0/6)

=== Final Performance Statistics ===
Hamming time:   0 ms
Chi time:       0 ms
Nullspace time: 1 ms
Total attempts: 6 (Success: 0)
END OF LEMPELX2 安定版
Total LempelX2_M4RI_Hamming time: 1 ms
Hamming result size: 4 columns
		TODD executed in 0.001645 seconds.
		Total time: 0.001656s
	Gate synthesis end.
	Gate synthesis begin.

--- Testing Hamming Distance Version ---
in LempelX2_M4RI_Hamming　安定版　m4ri
		Round = 0 (Start m: 4)
--- Hamming Distance Stats ---
 Dist 1: 3 pairs
 Dist 2: 3 pairs
-------------------------------
>> Round 0 Result: Hit Rate = 0% (0/6)

=== Final Performance Statistics ===
Hamming time:   0 ms
Chi time:       0 ms
Nullspace time: 1 ms
Total attempts: 6 (Success: 0)
END OF LEMPELX2 安定版
Total LempelX2_M4RI_Hamming time: 1 ms
Hamming result size: 4 columns
		TODD executed in 0.001592 seconds.
		Total time: 0.001603s
	Gate synthesis end.
	Gate synthesis begin.

--- Testing Hamming Distance Version ---
in LempelX2_M4RI_Hamming　安定版　m4ri
		Round = 0 (Start m: 4)
--- Hamming Distance Stats ---
 Dist 1: 3 pairs
 Dist 2: 3 pairs
-------------------------------
>> Round 0 Result: Hit Rate = 0% (0/6)

=== Final Performance Statistics ===
Hamming time:   0 ms
Chi time:       0 ms
Nullspace time: 1 ms
Total attempts: 6 (Success: 0)
END OF LEMPELX2 安定版
Total LempelX2_M4RI_Hamming time: 1 ms
Hamming result size: 4 columns
		TODD executed in 0.001577 seconds.
		Total time: 0.001588s
	Gate synthesis end.
	Gate synthesis begin.

--- Testing Hamming Distance Version ---
in LempelX2_M4RI_Hamming　安定版　m4ri
		Round = 0 (Start m: 4)
--- Hamming Distance Stats ---
 Dist 1: 3 pairs
 Dist 2: 3 pairs
-------------------------------
>> Round 0 Result: Hit Rate = 0% (0/6)

=== Final Performance Statistics ===
Hamming time:   0 ms
Chi time:       0 ms
Nullspace time: 1 ms
Total attempts: 6 (Success: 0)
END OF LEMPELX2 安定版
Total LempelX2_M4RI_Hamming time: 1 ms
Hamming result size: 4 columns
		TODD executed in 0.001558 seconds.
		Total time: 0.001569s
	Gate synthesis end.
	Gate synthesis begin.

--- Testing Hamming Distance Version ---
in LempelX2_M4RI_Hamming　安定版　m4ri
		Round = 0 (Start m: 7)
--- Hamming Distance Stats ---
 Dist 1: 6 pairs
 Dist 2: 6 pairs
 Dist 3: 6 pairs
 Dist 4: 3 pairs
-------------------------------
>> Round 0 Result: Hit Rate = 0% (0/21)

=== Final Performance Statistics ===
Hamming time:   0 ms
Chi time:       1 ms
Nullspace time: 4 ms
Total attempts: 21 (Success: 0)
END OF LEMPELX2 安定版
Total LempelX2_M4RI_Hamming time: 5 ms
Hamming result size: 7 columns
		TODD executed in 0.005828 seconds.
		Total time: 0.005845s
	Gate synthesis end.
	Gate synthesis begin.

--- Testing Hamming Distance Version ---
in LempelX2_M4RI_Hamming　安定版　m4ri
		Round = 0 (Start m: 4)
--- Hamming Distance Stats ---
 Dist 1: 3 pairs
 Dist 2: 2 pairs
 Dist 3: 1 pairs
-------------------------------
>> Round 0 Result: Hit Rate = 0% (0/6)

=== Final Performance Statistics ===
Hamming time:   0 ms
Chi time:       0 ms
Nullspace time: 1 ms
Total attempts: 6 (Success: 0)
END OF LEMPELX2 安定版
Total LempelX2_M4RI_Hamming time: 1 ms
Hamming result size: 4 columns
		TODD executed in 0.001588 seconds.
		Total time: 0.001599s
	Gate synthesis end.
	Gate synthesis begin.

--- Testing Hamming Distance Version ---
in LempelX2_M4RI_Hamming　安定版　m4ri
		Round = 0 (Start m: 4)
--- Hamming Distance Stats ---
 Dist 1: 3 pairs
 Dist 2: 2 pairs
 Dist 3: 1 pairs
-------------------------------
>> Round 0 Result: Hit Rate = 0% (0/6)

=== Final Performance Statistics ===
Hamming time:   0 ms
Chi time:       0 ms
Nullspace time: 1 ms
Total attempts: 6 (Success: 0)
END OF LEMPELX2 安定版
Total LempelX2_M4RI_Hamming time: 1 ms
Hamming result size: 4 columns
		TODD executed in 0.0016 seconds.
		Total time: 0.001612s
	Gate synthesis end.
	Gate synthesis begin.

--- Testing Hamming Distance Version ---
in LempelX2_M4RI_Hamming　安定版　m4ri
		Round = 0 (Start m: 4)
--- Hamming Distance Stats ---
 Dist 1: 3 pairs
 Dist 2: 2 pairs
 Dist 3: 1 pairs
-------------------------------
>> Round 0 Result: Hit Rate = 0% (0/6)

=== Final Performance Statistics ===
Hamming time:   0 ms
Chi time:       0 ms
Nullspace time: 1 ms
Total attempts: 6 (Success: 0)
END OF LEMPELX2 安定版
Total LempelX2_M4RI_Hamming time: 1 ms
Hamming result size: 4 columns
		TODD executed in 0.001621 seconds.
		Total time: 0.001632s
	Gate synthesis end.
	Gate synthesis begin.

--- Testing Hamming Distance Version ---
in LempelX2_M4RI_Hamming　安定版　m4ri
		Round = 0 (Start m: 4)
--- Hamming Distance Stats ---
 Dist 1: 3 pairs
 Dist 2: 2 pairs
 Dist 3: 1 pairs
-------------------------------
>> Round 0 Result: Hit Rate = 0% (0/6)

=== Final Performance Statistics ===
Hamming time:   0 ms
Chi time:       0 ms
Nullspace time: 1 ms
Total attempts: 6 (Success: 0)
END OF LEMPELX2 安定版
Total LempelX2_M4RI_Hamming time: 1 ms
Hamming result size: 4 columns
		TODD executed in 0.001648 seconds.
		Total time: 0.001659s
	Gate synthesis end.
	Gate synthesis begin.

--- Testing Hamming Distance Version ---
in LempelX2_M4RI_Hamming　安定版　m4ri
		Round = 0 (Start m: 4)
--- Hamming Distance Stats ---
 Dist 1: 3 pairs
 Dist 2: 2 pairs
 Dist 3: 1 pairs
-------------------------------
>> Round 0 Result: Hit Rate = 0% (0/6)

=== Final Performance Statistics ===
Hamming time:   0 ms
Chi time:       0 ms
Nullspace time: 1 ms
Total attempts: 6 (Success: 0)
END OF LEMPELX2 安定版
Total LempelX2_M4RI_Hamming time: 1 ms
Hamming result size: 4 columns
		TODD executed in 0.001681 seconds.
		Total time: 0.001692s
	Gate synthesis end.
	Gate synthesis begin.

--- Testing Hamming Distance Version ---
in LempelX2_M4RI_Hamming　安定版　m4ri
		Round = 0 (Start m: 4)
--- Hamming Distance Stats ---
 Dist 1: 3 pairs
 Dist 2: 2 pairs
 Dist 3: 1 pairs
-------------------------------
>> Round 0 Result: Hit Rate = 0% (0/6)

=== Final Performance Statistics ===
Hamming time:   0 ms
Chi time:       0 ms
Nullspace time: 1 ms
Total attempts: 6 (Success: 0)
END OF LEMPELX2 安定版
Total LempelX2_M4RI_Hamming time: 1 ms
Hamming result size: 4 columns
		TODD executed in 0.001697 seconds.
		Total time: 0.001709s
	Gate synthesis end.
	Gate synthesis begin.

--- Testing Hamming Distance Version ---
in LempelX2_M4RI_Hamming　安定版　m4ri
		Round = 0 (Start m: 5)
--- Hamming Distance Stats ---
 Dist 1: 5 pairs
 Dist 2: 4 pairs
 Dist 3: 1 pairs
-------------------------------
>> Round 0 Result: Hit Rate = 0% (0/10)

=== Final Performance Statistics ===
Hamming time:   0 ms
Chi time:       0 ms
Nullspace time: 2 ms
Total attempts: 10 (Success: 0)
END OF LEMPELX2 安定版
Total LempelX2_M4RI_Hamming time: 3 ms
Hamming result size: 5 columns
		TODD executed in 0.003306 seconds.
		Total time: 0.003318s
	Gate synthesis end.
	Gate synthesis begin.

--- Testing Hamming Distance Version ---
in LempelX2_M4RI_Hamming　安定版　m4ri
		Round = 0 (Start m: 5)
--- Hamming Distance Stats ---
 Dist 1: 3 pairs
 Dist 2: 3 pairs
 Dist 3: 3 pairs
 Dist 4: 1 pairs
-------------------------------
>> Round 0 Result: Hit Rate = 0% (0/10)

=== Final Performance Statistics ===
Hamming time:   0 ms
Chi time:       0 ms
Nullspace time: 2 ms
Total attempts: 10 (Success: 0)
END OF LEMPELX2 安定版
Total LempelX2_M4RI_Hamming time: 3 ms
Hamming result size: 5 columns
		TODD executed in 0.003141 seconds.
		Total time: 0.003155s
	Gate synthesis end.
	Gate synthesis begin.

--- Testing Hamming Distance Version ---
in LempelX2_M4RI_Hamming　安定版　m4ri
		Round = 0 (Start m: 4)
--- Hamming Distance Stats ---
 Dist 1: 3 pairs
 Dist 2: 3 pairs
-------------------------------
>> Round 0 Result: Hit Rate = 0% (0/6)

=== Final Performance Statistics ===
Hamming time:   0 ms
Chi time:       0 ms
Nullspace time: 1 ms
Total attempts: 6 (Success: 0)
END OF LEMPELX2 安定版
Total LempelX2_M4RI_Hamming time: 1 ms
Hamming result size: 4 columns
		TODD executed in 0.001711 seconds.
		Total time: 0.001722s
	Gate synthesis end.
	Gate synthesis begin.

--- Testing Hamming Distance Version ---
in LempelX2_M4RI_Hamming　安定版　m4ri
		Round = 0 (Start m: 4)
--- Hamming Distance Stats ---
 Dist 1: 3 pairs
 Dist 2: 3 pairs
-------------------------------
>> Round 0 Result: Hit Rate = 0% (0/6)

=== Final Performance Statistics ===
Hamming time:   0 ms
Chi time:       0 ms
Nullspace time: 1 ms
Total attempts: 6 (Success: 0)
END OF LEMPELX2 安定版
Total LempelX2_M4RI_Hamming time: 1 ms
Hamming result size: 4 columns
		TODD executed in 0.001653 seconds.
		Total time: 0.001664s
	Gate synthesis end.
	Gate synthesis begin.

--- Testing Hamming Distance Version ---
in LempelX2_M4RI_Hamming　安定版　m4ri
		Round = 0 (Start m: 4)
--- Hamming Distance Stats ---
 Dist 1: 3 pairs
 Dist 2: 3 pairs
-------------------------------
>> Round 0 Result: Hit Rate = 0% (0/6)

=== Final Performance Statistics ===
Hamming time:   0 ms
Chi time:       0 ms
Nullspace time: 1 ms
Total attempts: 6 (Success: 0)
END OF LEMPELX2 安定版
Total LempelX2_M4RI_Hamming time: 1 ms
Hamming result size: 4 columns
		TODD executed in 0.001622 seconds.
		Total time: 0.001633s
	Gate synthesis end.
	Gate synthesis begin.

--- Testing Hamming Distance Version ---
in LempelX2_M4RI_Hamming　安定版　m4ri
		Round = 0 (Start m: 4)
--- Hamming Distance Stats ---
 Dist 1: 3 pairs
 Dist 2: 3 pairs
-------------------------------
>> Round 0 Result: Hit Rate = 0% (0/6)

=== Final Performance Statistics ===
Hamming time:   0 ms
Chi time:       0 ms
Nullspace time: 1 ms
Total attempts: 6 (Success: 0)
END OF LEMPELX2 安定版
Total LempelX2_M4RI_Hamming time: 1 ms
Hamming result size: 4 columns
		TODD executed in 0.001589 seconds.
		Total time: 0.0016s
	Gate synthesis end.
	Gate synthesis begin.

--- Testing Hamming Distance Version ---
in LempelX2_M4RI_Hamming　安定版　m4ri
		Round = 0 (Start m: 4)
--- Hamming Distance Stats ---
 Dist 1: 3 pairs
 Dist 2: 3 pairs
-------------------------------
>> Round 0 Result: Hit Rate = 0% (0/6)

=== Final Performance Statistics ===
Hamming time:   0 ms
Chi time:       0 ms
Nullspace time: 1 ms
Total attempts: 6 (Success: 0)
END OF LEMPELX2 安定版
Total LempelX2_M4RI_Hamming time: 1 ms
Hamming result size: 4 columns
		TODD executed in 0.00157 seconds.
		Total time: 0.001581s
	Gate synthesis end.
	Gate synthesis begin.

--- Testing Hamming Distance Version ---
in LempelX2_M4RI_Hamming　安定版　m4ri
		Round = 0 (Start m: 7)
--- Hamming Distance Stats ---
 Dist 1: 6 pairs
 Dist 2: 6 pairs
 Dist 3: 6 pairs
 Dist 4: 3 pairs
-------------------------------
>> Round 0 Result: Hit Rate = 0% (0/21)

=== Final Performance Statistics ===
Hamming time:   0 ms
Chi time:       1 ms
Nullspace time: 4 ms
Total attempts: 21 (Success: 0)
END OF LEMPELX2 安定版
Total LempelX2_M4RI_Hamming time: 5 ms
Hamming result size: 7 columns
		TODD executed in 0.005961 seconds.
		Total time: 0.005977s
	Gate synthesis end.
	Gate synthesis begin.

--- Testing Hamming Distance Version ---
in LempelX2_M4RI_Hamming　安定版　m4ri
		Round = 0 (Start m: 4)
--- Hamming Distance Stats ---
 Dist 1: 3 pairs
 Dist 2: 2 pairs
 Dist 3: 1 pairs
-------------------------------
>> Round 0 Result: Hit Rate = 0% (0/6)

=== Final Performance Statistics ===
Hamming time:   0 ms
Chi time:       0 ms
Nullspace time: 1 ms
Total attempts: 6 (Success: 0)
END OF LEMPELX2 安定版
Total LempelX2_M4RI_Hamming time: 1 ms
Hamming result size: 4 columns
		TODD executed in 0.001576 seconds.
		Total time: 0.001587s
	Gate synthesis end.
	Gate synthesis begin.

--- Testing Hamming Distance Version ---
in LempelX2_M4RI_Hamming　安定版　m4ri
		Round = 0 (Start m: 4)
--- Hamming Distance Stats ---
 Dist 1: 3 pairs
 Dist 2: 2 pairs
 Dist 3: 1 pairs
-------------------------------
>> Round 0 Result: Hit Rate = 0% (0/6)

=== Final Performance Statistics ===
Hamming time:   0 ms
Chi time:       0 ms
Nullspace time: 1 ms
Total attempts: 6 (Success: 0)
END OF LEMPELX2 安定版
Total LempelX2_M4RI_Hamming time: 1 ms
Hamming result size: 4 columns
		TODD executed in 0.001599 seconds.
		Total time: 0.001609s
	Gate synthesis end.
	Gate synthesis begin.

--- Testing Hamming Distance Version ---
in LempelX2_M4RI_Hamming　安定版　m4ri
		Round = 0 (Start m: 4)
--- Hamming Distance Stats ---
 Dist 1: 3 pairs
 Dist 2: 2 pairs
 Dist 3: 1 pairs
-------------------------------
>> Round 0 Result: Hit Rate = 0% (0/6)

=== Final Performance Statistics ===
Hamming time:   0 ms
Chi time:       0 ms
Nullspace time: 1 ms
Total attempts: 6 (Success: 0)
END OF LEMPELX2 安定版
Total LempelX2_M4RI_Hamming time: 1 ms
Hamming result size: 4 columns
		TODD executed in 0.001635 seconds.
		Total time: 0.001646s
	Gate synthesis end.
	Gate synthesis begin.

--- Testing Hamming Distance Version ---
in LempelX2_M4RI_Hamming　安定版　m4ri
		Round = 0 (Start m: 4)
--- Hamming Distance Stats ---
 Dist 1: 3 pairs
 Dist 2: 2 pairs
 Dist 3: 1 pairs
-------------------------------
>> Round 0 Result: Hit Rate = 0% (0/6)

=== Final Performance Statistics ===
Hamming time:   0 ms
Chi time:       0 ms
Nullspace time: 1 ms
Total attempts: 6 (Success: 0)
END OF LEMPELX2 安定版
Total LempelX2_M4RI_Hamming time: 1 ms
Hamming result size: 4 columns
		TODD executed in 0.001652 seconds.
		Total time: 0.001663s
	Gate synthesis end.
	Gate synthesis begin.

--- Testing Hamming Distance Version ---
in LempelX2_M4RI_Hamming　安定版　m4ri
		Round = 0 (Start m: 4)
--- Hamming Distance Stats ---
 Dist 1: 3 pairs
 Dist 2: 2 pairs
 Dist 3: 1 pairs
-------------------------------
>> Round 0 Result: Hit Rate = 0% (0/6)

=== Final Performance Statistics ===
Hamming time:   0 ms
Chi time:       0 ms
Nullspace time: 1 ms
Total attempts: 6 (Success: 0)
END OF LEMPELX2 安定版
Total LempelX2_M4RI_Hamming time: 1 ms
Hamming result size: 4 columns
		TODD executed in 0.001682 seconds.
		Total time: 0.001693s
	Gate synthesis end.
	Gate synthesis begin.

--- Testing Hamming Distance Version ---
in LempelX2_M4RI_Hamming　安定版　m4ri
		Round = 0 (Start m: 5)
--- Hamming Distance Stats ---
 Dist 1: 5 pairs
 Dist 2: 4 pairs
 Dist 3: 1 pairs
-------------------------------
>> Round 0 Result: Hit Rate = 0% (0/10)

=== Final Performance Statistics ===
Hamming time:   0 ms
Chi time:       0 ms
Nullspace time: 2 ms
Total attempts: 10 (Success: 0)
END OF LEMPELX2 安定版
Total LempelX2_M4RI_Hamming time: 3 ms
Hamming result size: 5 columns
		TODD executed in 0.003278 seconds.
		Total time: 0.003292s
	Gate synthesis end.
	Gate synthesis begin.

--- Testing Hamming Distance Version ---
in LempelX2_M4RI_Hamming　安定版　m4ri
		Round = 0 (Start m: 5)
--- Hamming Distance Stats ---
 Dist 1: 3 pairs
 Dist 2: 3 pairs
 Dist 3: 3 pairs
 Dist 4: 1 pairs
-------------------------------
>> Round 0 Result: Hit Rate = 0% (0/10)

=== Final Performance Statistics ===
Hamming time:   0 ms
Chi time:       0 ms
Nullspace time: 2 ms
Total attempts: 10 (Success: 0)
END OF LEMPELX2 安定版
Total LempelX2_M4RI_Hamming time: 3 ms
Hamming result size: 5 columns
		TODD executed in 0.003094 seconds.
		Total time: 0.003109s
	Gate synthesis end.
	Gate synthesis begin.

--- Testing Hamming Distance Version ---
in LempelX2_M4RI_Hamming　安定版　m4ri
		Round = 0 (Start m: 4)
--- Hamming Distance Stats ---
 Dist 1: 3 pairs
 Dist 2: 3 pairs
-------------------------------
>> Round 0 Result: Hit Rate = 0% (0/6)

=== Final Performance Statistics ===
Hamming time:   0 ms
Chi time:       0 ms
Nullspace time: 1 ms
Total attempts: 6 (Success: 0)
END OF LEMPELX2 安定版
Total LempelX2_M4RI_Hamming time: 1 ms
Hamming result size: 4 columns
		TODD executed in 0.001653 seconds.
		Total time: 0.001665s
	Gate synthesis end.
	Gate synthesis begin.

--- Testing Hamming Distance Version ---
in LempelX2_M4RI_Hamming　安定版　m4ri
		Round = 0 (Start m: 4)
--- Hamming Distance Stats ---
 Dist 1: 3 pairs
 Dist 2: 3 pairs
-------------------------------
>> Round 0 Result: Hit Rate = 0% (0/6)

=== Final Performance Statistics ===
Hamming time:   0 ms
Chi time:       0 ms
Nullspace time: 1 ms
Total attempts: 6 (Success: 0)
END OF LEMPELX2 安定版
Total LempelX2_M4RI_Hamming time: 1 ms
Hamming result size: 4 columns
		TODD executed in 0.001634 seconds.
		Total time: 0.001645s
	Gate synthesis end.
	Gate synthesis begin.

--- Testing Hamming Distance Version ---
in LempelX2_M4RI_Hamming　安定版　m4ri
		Round = 0 (Start m: 4)
--- Hamming Distance Stats ---
 Dist 1: 3 pairs
 Dist 2: 3 pairs
-------------------------------
>> Round 0 Result: Hit Rate = 0% (0/6)

=== Final Performance Statistics ===
Hamming time:   0 ms
Chi time:       0 ms
Nullspace time: 1 ms
Total attempts: 6 (Success: 0)
END OF LEMPELX2 安定版
Total LempelX2_M4RI_Hamming time: 1 ms
Hamming result size: 4 columns
		TODD executed in 0.001611 seconds.
		Total time: 0.001622s
	Gate synthesis end.
	Gate synthesis begin.

--- Testing Hamming Distance Version ---
in LempelX2_M4RI_Hamming　安定版　m4ri
		Round = 0 (Start m: 4)
--- Hamming Distance Stats ---
 Dist 1: 3 pairs
 Dist 2: 3 pairs
-------------------------------
>> Round 0 Result: Hit Rate = 0% (0/6)

=== Final Performance Statistics ===
Hamming time:   0 ms
Chi time:       0 ms
Nullspace time: 1 ms
Total attempts: 6 (Success: 0)
END OF LEMPELX2 安定版
Total LempelX2_M4RI_Hamming time: 1 ms
Hamming result size: 4 columns
		TODD executed in 0.001582 seconds.
		Total time: 0.001593s
	Gate synthesis end.
	Gate synthesis begin.

--- Testing Hamming Distance Version ---
in LempelX2_M4RI_Hamming　安定版　m4ri
		Round = 0 (Start m: 7)
--- Hamming Distance Stats ---
 Dist 1: 6 pairs
 Dist 2: 6 pairs
 Dist 3: 6 pairs
 Dist 4: 3 pairs
-------------------------------
>> Round 0 Result: Hit Rate = 0% (0/21)

=== Final Performance Statistics ===
Hamming time:   0 ms
Chi time:       1 ms
Nullspace time: 4 ms
Total attempts: 21 (Success: 0)
END OF LEMPELX2 安定版
Total LempelX2_M4RI_Hamming time: 6 ms
Hamming result size: 7 columns
		TODD executed in 0.006039 seconds.
		Total time: 0.006056s
	Gate synthesis end.
	Gate synthesis begin.

--- Testing Hamming Distance Version ---
in LempelX2_M4RI_Hamming　安定版　m4ri
		Round = 0 (Start m: 4)
--- Hamming Distance Stats ---
 Dist 1: 3 pairs
 Dist 2: 2 pairs
 Dist 3: 1 pairs
-------------------------------
>> Round 0 Result: Hit Rate = 0% (0/6)

=== Final Performance Statistics ===
Hamming time:   0 ms
Chi time:       0 ms
Nullspace time: 1 ms
Total attempts: 6 (Success: 0)
END OF LEMPELX2 安定版
Total LempelX2_M4RI_Hamming time: 1 ms
Hamming result size: 4 columns
		TODD executed in 0.00161 seconds.
		Total time: 0.001622s
	Gate synthesis end.
	Gate synthesis begin.

--- Testing Hamming Distance Version ---
in LempelX2_M4RI_Hamming　安定版　m4ri
		Round = 0 (Start m: 4)
--- Hamming Distance Stats ---
 Dist 1: 3 pairs
 Dist 2: 2 pairs
 Dist 3: 1 pairs
-------------------------------
>> Round 0 Result: Hit Rate = 0% (0/6)

=== Final Performance Statistics ===
Hamming time:   0 ms
Chi time:       0 ms
Nullspace time: 1 ms
Total attempts: 6 (Success: 0)
END OF LEMPELX2 安定版
Total LempelX2_M4RI_Hamming time: 1 ms
Hamming result size: 4 columns
		TODD executed in 0.001617 seconds.
		Total time: 0.001628s
	Gate synthesis end.
	Gate synthesis begin.

--- Testing Hamming Distance Version ---
in LempelX2_M4RI_Hamming　安定版　m4ri
		Round = 0 (Start m: 4)
--- Hamming Distance Stats ---
 Dist 1: 3 pairs
 Dist 2: 2 pairs
 Dist 3: 1 pairs
-------------------------------
>> Round 0 Result: Hit Rate = 0% (0/6)

=== Final Performance Statistics ===
Hamming time:   0 ms
Chi time:       0 ms
Nullspace time: 1 ms
Total attempts: 6 (Success: 0)
END OF LEMPELX2 安定版
Total LempelX2_M4RI_Hamming time: 1 ms
Hamming result size: 4 columns
		TODD executed in 0.001652 seconds.
		Total time: 0.001663s
	Gate synthesis end.
	Gate synthesis begin.

--- Testing Hamming Distance Version ---
in LempelX2_M4RI_Hamming　安定版　m4ri
		Round = 0 (Start m: 4)
--- Hamming Distance Stats ---
 Dist 1: 3 pairs
 Dist 2: 2 pairs
 Dist 3: 1 pairs
-------------------------------
>> Round 0 Result: Hit Rate = 0% (0/6)

=== Final Performance Statistics ===
Hamming time:   0 ms
Chi time:       0 ms
Nullspace time: 1 ms
Total attempts: 6 (Success: 0)
END OF LEMPELX2 安定版
Total LempelX2_M4RI_Hamming time: 1 ms
Hamming result size: 4 columns
		TODD executed in 0.001668 seconds.
		Total time: 0.001679s
	Gate synthesis end.
	Gate synthesis begin.

--- Testing Hamming Distance Version ---
in LempelX2_M4RI_Hamming　安定版　m4ri
		Round = 0 (Start m: 5)
--- Hamming Distance Stats ---
 Dist 1: 5 pairs
 Dist 2: 4 pairs
 Dist 3: 1 pairs
-------------------------------
>> Round 0 Result: Hit Rate = 0% (0/10)

=== Final Performance Statistics ===
Hamming time:   0 ms
Chi time:       0 ms
Nullspace time: 2 ms
Total attempts: 10 (Success: 0)
END OF LEMPELX2 安定版
Total LempelX2_M4RI_Hamming time: 3 ms
Hamming result size: 5 columns
		TODD executed in 0.00325 seconds.
		Total time: 0.003263s
	Gate synthesis end.
	Gate synthesis begin.

--- Testing Hamming Distance Version ---
in LempelX2_M4RI_Hamming　安定版　m4ri
		Round = 0 (Start m: 5)
--- Hamming Distance Stats ---
 Dist 1: 3 pairs
 Dist 2: 3 pairs
 Dist 3: 3 pairs
 Dist 4: 1 pairs
-------------------------------
>> Round 0 Result: Hit Rate = 0% (0/10)

=== Final Performance Statistics ===
Hamming time:   0 ms
Chi time:       0 ms
Nullspace time: 2 ms
Total attempts: 10 (Success: 0)
END OF LEMPELX2 安定版
Total LempelX2_M4RI_Hamming time: 3 ms
Hamming result size: 5 columns
		TODD executed in 0.003065 seconds.
		Total time: 0.003077s
	Gate synthesis end.
	Gate synthesis begin.

--- Testing Hamming Distance Version ---
in LempelX2_M4RI_Hamming　安定版　m4ri
		Round = 0 (Start m: 4)
--- Hamming Distance Stats ---
 Dist 1: 3 pairs
 Dist 2: 3 pairs
-------------------------------
>> Round 0 Result: Hit Rate = 0% (0/6)

=== Final Performance Statistics ===
Hamming time:   0 ms
Chi time:       0 ms
Nullspace time: 1 ms
Total attempts: 6 (Success: 0)
END OF LEMPELX2 安定版
Total LempelX2_M4RI_Hamming time: 1 ms
Hamming result size: 4 columns
		TODD executed in 0.001647 seconds.
		Total time: 0.001659s
	Gate synthesis end.
	Gate synthesis begin.

--- Testing Hamming Distance Version ---
in LempelX2_M4RI_Hamming　安定版　m4ri
		Round = 0 (Start m: 4)
--- Hamming Distance Stats ---
 Dist 1: 3 pairs
 Dist 2: 3 pairs
-------------------------------
>> Round 0 Result: Hit Rate = 0% (0/6)

=== Final Performance Statistics ===
Hamming time:   0 ms
Chi time:       0 ms
Nullspace time: 1 ms
Total attempts: 6 (Success: 0)
END OF LEMPELX2 安定版
Total LempelX2_M4RI_Hamming time: 1 ms
Hamming result size: 4 columns
		TODD executed in 0.001636 seconds.
		Total time: 0.001648s
	Gate synthesis end.
	Gate synthesis begin.

--- Testing Hamming Distance Version ---
in LempelX2_M4RI_Hamming　安定版　m4ri
		Round = 0 (Start m: 4)
--- Hamming Distance Stats ---
 Dist 1: 3 pairs
 Dist 2: 3 pairs
-------------------------------
>> Round 0 Result: Hit Rate = 0% (0/6)

=== Final Performance Statistics ===
Hamming time:   0 ms
Chi time:       0 ms
Nullspace time: 1 ms
Total attempts: 6 (Success: 0)
END OF LEMPELX2 安定版
Total LempelX2_M4RI_Hamming time: 1 ms
Hamming result size: 4 columns
		TODD executed in 0.001599 seconds.
		Total time: 0.001611s
	Gate synthesis end.
	Gate synthesis begin.

--- Testing Hamming Distance Version ---
in LempelX2_M4RI_Hamming　安定版　m4ri
		Round = 0 (Start m: 7)
--- Hamming Distance Stats ---
 Dist 1: 6 pairs
 Dist 2: 6 pairs
 Dist 3: 6 pairs
 Dist 4: 3 pairs
-------------------------------
>> Round 0 Result: Hit Rate = 0% (0/21)

=== Final Performance Statistics ===
Hamming time:   0 ms
Chi time:       1 ms
Nullspace time: 4 ms
Total attempts: 21 (Success: 0)
END OF LEMPELX2 安定版
Total LempelX2_M4RI_Hamming time: 6 ms
Hamming result size: 7 columns
		TODD executed in 0.006126 seconds.
		Total time: 0.006143s
	Gate synthesis end.
	Gate synthesis begin.

--- Testing Hamming Distance Version ---
in LempelX2_M4RI_Hamming　安定版　m4ri
		Round = 0 (Start m: 4)
--- Hamming Distance Stats ---
 Dist 1: 3 pairs
 Dist 2: 2 pairs
 Dist 3: 1 pairs
-------------------------------
>> Round 0 Result: Hit Rate = 0% (0/6)

=== Final Performance Statistics ===
Hamming time:   0 ms
Chi time:       0 ms
Nullspace time: 1 ms
Total attempts: 6 (Success: 0)
END OF LEMPELX2 安定版
Total LempelX2_M4RI_Hamming time: 1 ms
Hamming result size: 4 columns
		TODD executed in 0.001613 seconds.
		Total time: 0.001623s
	Gate synthesis end.
	Gate synthesis begin.

--- Testing Hamming Distance Version ---
in LempelX2_M4RI_Hamming　安定版　m4ri
		Round = 0 (Start m: 4)
--- Hamming Distance Stats ---
 Dist 1: 3 pairs
 Dist 2: 2 pairs
 Dist 3: 1 pairs
-------------------------------
>> Round 0 Result: Hit Rate = 0% (0/6)

=== Final Performance Statistics ===
Hamming time:   0 ms
Chi time:       0 ms
Nullspace time: 1 ms
Total attempts: 6 (Success: 0)
END OF LEMPELX2 安定版
Total LempelX2_M4RI_Hamming time: 1 ms
Hamming result size: 4 columns
		TODD executed in 0.001635 seconds.
		Total time: 0.001646s
	Gate synthesis end.
	Gate synthesis begin.

--- Testing Hamming Distance Version ---
in LempelX2_M4RI_Hamming　安定版　m4ri
		Round = 0 (Start m: 4)
--- Hamming Distance Stats ---
 Dist 1: 3 pairs
 Dist 2: 2 pairs
 Dist 3: 1 pairs
-------------------------------
>> Round 0 Result: Hit Rate = 0% (0/6)

=== Final Performance Statistics ===
Hamming time:   0 ms
Chi time:       0 ms
Nullspace time: 1 ms
Total attempts: 6 (Success: 0)
END OF LEMPELX2 安定版
Total LempelX2_M4RI_Hamming time: 1 ms
Hamming result size: 4 columns
		TODD executed in 0.00165 seconds.
		Total time: 0.001661s
	Gate synthesis end.
	Gate synthesis begin.

--- Testing Hamming Distance Version ---
in LempelX2_M4RI_Hamming　安定版　m4ri
		Round = 0 (Start m: 5)
--- Hamming Distance Stats ---
 Dist 1: 5 pairs
 Dist 2: 4 pairs
 Dist 3: 1 pairs
-------------------------------
>> Round 0 Result: Hit Rate = 0% (0/10)

=== Final Performance Statistics ===
Hamming time:   0 ms
Chi time:       0 ms
Nullspace time: 2 ms
Total attempts: 10 (Success: 0)
END OF LEMPELX2 安定版
Total LempelX2_M4RI_Hamming time: 3 ms
Hamming result size: 5 columns
		TODD executed in 0.003224 seconds.
		Total time: 0.003236s
	Gate synthesis end.
	Gate synthesis begin.

--- Testing Hamming Distance Version ---
in LempelX2_M4RI_Hamming　安定版　m4ri
		Round = 0 (Start m: 5)
--- Hamming Distance Stats ---
 Dist 1: 3 pairs
 Dist 2: 3 pairs
 Dist 3: 3 pairs
 Dist 4: 1 pairs
-------------------------------
>> Round 0 Result: Hit Rate = 0% (0/10)

=== Final Performance Statistics ===
Hamming time:   0 ms
Chi time:       0 ms
Nullspace time: 2 ms
Total attempts: 10 (Success: 0)
END OF LEMPELX2 安定版
Total LempelX2_M4RI_Hamming time: 3 ms
Hamming result size: 5 columns
		TODD executed in 0.003029 seconds.
		Total time: 0.003043s
	Gate synthesis end.
	Gate synthesis begin.

--- Testing Hamming Distance Version ---
in LempelX2_M4RI_Hamming　安定版　m4ri
		Round = 0 (Start m: 4)
--- Hamming Distance Stats ---
 Dist 1: 3 pairs
 Dist 2: 3 pairs
-------------------------------
>> Round 0 Result: Hit Rate = 0% (0/6)

=== Final Performance Statistics ===
Hamming time:   0 ms
Chi time:       0 ms
Nullspace time: 1 ms
Total attempts: 6 (Success: 0)
END OF LEMPELX2 安定版
Total LempelX2_M4RI_Hamming time: 1 ms
Hamming result size: 4 columns
		TODD executed in 0.001638 seconds.
		Total time: 0.001649s
	Gate synthesis end.
	Gate synthesis begin.

--- Testing Hamming Distance Version ---
in LempelX2_M4RI_Hamming　安定版　m4ri
		Round = 0 (Start m: 4)
--- Hamming Distance Stats ---
 Dist 1: 3 pairs
 Dist 2: 3 pairs
-------------------------------
>> Round 0 Result: Hit Rate = 0% (0/6)

=== Final Performance Statistics ===
Hamming time:   0 ms
Chi time:       0 ms
Nullspace time: 1 ms
Total attempts: 6 (Success: 0)
END OF LEMPELX2 安定版
Total LempelX2_M4RI_Hamming time: 1 ms
Hamming result size: 4 columns
		TODD executed in 0.001609 seconds.
		Total time: 0.001621s
	Gate synthesis end.
	Gate synthesis begin.

--- Testing Hamming Distance Version ---
in LempelX2_M4RI_Hamming　安定版　m4ri
		Round = 0 (Start m: 7)
--- Hamming Distance Stats ---
 Dist 1: 6 pairs
 Dist 2: 6 pairs
 Dist 3: 6 pairs
 Dist 4: 3 pairs
-------------------------------
>> Round 0 Result: Hit Rate = 0% (0/21)

=== Final Performance Statistics ===
Hamming time:   0 ms
Chi time:       1 ms
Nullspace time: 4 ms
Total attempts: 21 (Success: 0)
END OF LEMPELX2 安定版
Total LempelX2_M4RI_Hamming time: 6 ms
Hamming result size: 7 columns
		TODD executed in 0.006162 seconds.
		Total time: 0.00618s
	Gate synthesis end.
	Gate synthesis begin.

--- Testing Hamming Distance Version ---
in LempelX2_M4RI_Hamming　安定版　m4ri
		Round = 0 (Start m: 4)
--- Hamming Distance Stats ---
 Dist 1: 3 pairs
 Dist 2: 2 pairs
 Dist 3: 1 pairs
-------------------------------
>> Round 0 Result: Hit Rate = 0% (0/6)

=== Final Performance Statistics ===
Hamming time:   0 ms
Chi time:       0 ms
Nullspace time: 1 ms
Total attempts: 6 (Success: 0)
END OF LEMPELX2 安定版
Total LempelX2_M4RI_Hamming time: 1 ms
Hamming result size: 4 columns
		TODD executed in 0.001634 seconds.
		Total time: 0.001646s
	Gate synthesis end.
	Gate synthesis begin.

--- Testing Hamming Distance Version ---
in LempelX2_M4RI_Hamming　安定版　m4ri
		Round = 0 (Start m: 4)
--- Hamming Distance Stats ---
 Dist 1: 3 pairs
 Dist 2: 2 pairs
 Dist 3: 1 pairs
-------------------------------
>> Round 0 Result: Hit Rate = 0% (0/6)

=== Final Performance Statistics ===
Hamming time:   0 ms
Chi time:       0 ms
Nullspace time: 1 ms
Total attempts: 6 (Success: 0)
END OF LEMPELX2 安定版
Total LempelX2_M4RI_Hamming time: 1 ms
Hamming result size: 4 columns
		TODD executed in 0.001642 seconds.
		Total time: 0.001654s
	Gate synthesis end.
	Gate synthesis begin.

--- Testing Hamming Distance Version ---
in LempelX2_M4RI_Hamming　安定版　m4ri
		Round = 0 (Start m: 5)
--- Hamming Distance Stats ---
 Dist 1: 5 pairs
 Dist 2: 4 pairs
 Dist 3: 1 pairs
-------------------------------
>> Round 0 Result: Hit Rate = 0% (0/10)

=== Final Performance Statistics ===
Hamming time:   0 ms
Chi time:       0 ms
Nullspace time: 2 ms
Total attempts: 10 (Success: 0)
END OF LEMPELX2 安定版
Total LempelX2_M4RI_Hamming time: 3 ms
Hamming result size: 5 columns
		TODD executed in 0.003182 seconds.
		Total time: 0.003195s
	Gate synthesis end.
	Gate synthesis begin.

--- Testing Hamming Distance Version ---
in LempelX2_M4RI_Hamming　安定版　m4ri
		Round = 0 (Start m: 5)
--- Hamming Distance Stats ---
 Dist 1: 3 pairs
 Dist 2: 3 pairs
 Dist 3: 3 pairs
 Dist 4: 1 pairs
-------------------------------
>> Round 0 Result: Hit Rate = 0% (0/10)

=== Final Performance Statistics ===
Hamming time:   0 ms
Chi time:       0 ms
Nullspace time: 2 ms
Total attempts: 10 (Success: 0)
END OF LEMPELX2 安定版
Total LempelX2_M4RI_Hamming time: 3 ms
Hamming result size: 5 columns
		TODD executed in 0.003017 seconds.
		Total time: 0.003032s
	Gate synthesis end.
	Gate synthesis begin.

--- Testing Hamming Distance Version ---
in LempelX2_M4RI_Hamming　安定版　m4ri
		Round = 0 (Start m: 4)
--- Hamming Distance Stats ---
 Dist 1: 3 pairs
 Dist 2: 3 pairs
-------------------------------
>> Round 0 Result: Hit Rate = 0% (0/6)

=== Final Performance Statistics ===
Hamming time:   0 ms
Chi time:       0 ms
Nullspace time: 1 ms
Total attempts: 6 (Success: 0)
END OF LEMPELX2 安定版
Total LempelX2_M4RI_Hamming time: 1 ms
Hamming result size: 4 columns
		TODD executed in 0.001624 seconds.
		Total time: 0.001635s
	Gate synthesis end.
	Gate synthesis begin.

--- Testing Hamming Distance Version ---
in LempelX2_M4RI_Hamming　安定版　m4ri
		Round = 0 (Start m: 7)
--- Hamming Distance Stats ---
 Dist 1: 6 pairs
 Dist 2: 6 pairs
 Dist 3: 6 pairs
 Dist 4: 3 pairs
-------------------------------
>> Round 0 Result: Hit Rate = 0% (0/21)

=== Final Performance Statistics ===
Hamming time:   0 ms
Chi time:       1 ms
Nullspace time: 4 ms
Total attempts: 21 (Success: 0)
END OF LEMPELX2 安定版
Total LempelX2_M4RI_Hamming time: 6 ms
Hamming result size: 7 columns
		TODD executed in 0.006229 seconds.
		Total time: 0.006246s
	Gate synthesis end.
	Gate synthesis begin.

--- Testing Hamming Distance Version ---
in LempelX2_M4RI_Hamming　安定版　m4ri
		Round = 0 (Start m: 4)
--- Hamming Distance Stats ---
 Dist 1: 3 pairs
 Dist 2: 2 pairs
 Dist 3: 1 pairs
-------------------------------
>> Round 0 Result: Hit Rate = 0% (0/6)

=== Final Performance Statistics ===
Hamming time:   0 ms
Chi time:       0 ms
Nullspace time: 1 ms
Total attempts: 6 (Success: 0)
END OF LEMPELX2 安定版
Total LempelX2_M4RI_Hamming time: 1 ms
Hamming result size: 4 columns
		TODD executed in 0.001627 seconds.
		Total time: 0.001638s
	Gate synthesis end.
	Gate synthesis begin.

--- Testing Hamming Distance Version ---
in LempelX2_M4RI_Hamming　安定版　m4ri
		Round = 0 (Start m: 5)
--- Hamming Distance Stats ---
 Dist 1: 5 pairs
 Dist 2: 4 pairs
 Dist 3: 1 pairs
-------------------------------
>> Round 0 Result: Hit Rate = 0% (0/10)

=== Final Performance Statistics ===
Hamming time:   0 ms
Chi time:       0 ms
Nullspace time: 2 ms
Total attempts: 10 (Success: 0)
END OF LEMPELX2 安定版
Total LempelX2_M4RI_Hamming time: 3 ms
Hamming result size: 5 columns
		TODD executed in 0.003165 seconds.
		Total time: 0.003179s
	Gate synthesis end.
	Gate synthesis begin.

--- Testing Hamming Distance Version ---
in LempelX2_M4RI_Hamming　安定版　m4ri
		Round = 0 (Start m: 5)
--- Hamming Distance Stats ---
 Dist 1: 3 pairs
 Dist 2: 3 pairs
 Dist 3: 3 pairs
 Dist 4: 1 pairs
-------------------------------
>> Round 0 Result: Hit Rate = 0% (0/10)

=== Final Performance Statistics ===
Hamming time:   0 ms
Chi time:       0 ms
Nullspace time: 2 ms
Total attempts: 10 (Success: 0)
END OF LEMPELX2 安定版
Total LempelX2_M4RI_Hamming time: 2 ms
Hamming result size: 5 columns
		TODD executed in 0.00297 seconds.
		Total time: 0.002983s
	Gate synthesis end.
	Gate synthesis begin.

--- Testing Hamming Distance Version ---
in LempelX2_M4RI_Hamming　安定版　m4ri
		Round = 0 (Start m: 7)
--- Hamming Distance Stats ---
 Dist 1: 6 pairs
 Dist 2: 6 pairs
 Dist 3: 6 pairs
 Dist 4: 3 pairs
-------------------------------
>> Round 0 Result: Hit Rate = 0% (0/21)

=== Final Performance Statistics ===
Hamming time:   0 ms
Chi time:       1 ms
Nullspace time: 4 ms
Total attempts: 21 (Success: 0)
END OF LEMPELX2 安定版
Total LempelX2_M4RI_Hamming time: 6 ms
Hamming result size: 7 columns
		TODD executed in 0.006348 seconds.
		Total time: 0.006366s
	Gate synthesis end.
	Gate synthesis begin.

--- Testing Hamming Distance Version ---
in LempelX2_M4RI_Hamming　安定版　m4ri
		Round = 0 (Start m: 5)
--- Hamming Distance Stats ---
 Dist 1: 5 pairs
 Dist 2: 4 pairs
 Dist 3: 1 pairs
-------------------------------
>> Round 0 Result: Hit Rate = 0% (0/10)

=== Final Performance Statistics ===
Hamming time:   0 ms
Chi time:       0 ms
Nullspace time: 2 ms
Total attempts: 10 (Success: 0)
END OF LEMPELX2 安定版
Total LempelX2_M4RI_Hamming time: 3 ms
Hamming result size: 5 columns
		TODD executed in 0.003121 seconds.
		Total time: 0.003134s
	Gate synthesis end.
	Gate synthesis begin.

--- Testing Hamming Distance Version ---
in LempelX2_M4RI_Hamming　安定版　m4ri
		Round = 0 (Start m: 10)
--- Hamming Distance Stats ---
 Dist 1: 13 pairs
 Dist 2: 16 pairs
 Dist 3: 12 pairs
 Dist 4: 4 pairs
-------------------------------
  [HIT!] Dist=1 | Deleted: 5 cols
>> Round 0 Result: Hit Rate = 33.3333% (1/3)
		Round = 1 (Start m: 5)
--- Hamming Distance Stats ---
 Dist 1: 4 pairs
 Dist 2: 3 pairs
 Dist 3: 2 pairs
 Dist 4: 1 pairs
-------------------------------
>> Round 1 Result: Hit Rate = 0% (0/10)

=== Final Performance Statistics ===
Hamming time:   0 ms
Chi time:       0 ms
Nullspace time: 3 ms
Total attempts: 13 (Success: 1)
END OF LEMPELX2 安定版
Total LempelX2_M4RI_Hamming time: 4 ms
Hamming result size: 5 columns
		TODD executed in 0.004193 seconds.
		Total time: 0.004212s
	Gate synthesis end.
	Total time: 71.7692s
UniversalOptimize end.
Output circuit:
n 28
n_x 28
n_y 0
n_z 0
m 5301
[0] = H 21
[1] = H 22
[2] = H 23
[3] = H 24
[4] = H 25
[5] = H 26
[6] = H 27
[7] = H 28
[8] = T 9
[9] = T 19
[10] = T 8
[11] = S 8
[12] = T 21
[13] = CNOT 8 18
[14] = CNOT 8 21
[15] = T 8
[16] = CNOT 8 18
[17] = CNOT 18 21
[18] = T 18
[19] = S 18
[20] = CNOT 18 21
[21] = T 8
[22] = S 8
[23] = CNOT 8 21
[24] = T 7
[25] = Z 7
[26] = T 22
[27] = CNOT 7 17
[28] = CNOT 7 22
[29] = T 7
[30] = CNOT 7 17
[31] = CNOT 17 22
[32] = T 17
[33] = S 17
[34] = CNOT 17 22
[35] = T 7
[36] = S 7
[37] = CNOT 7 22
[38] = T 6
[39] = S 6
[40] = Z 6
[41] = T 23
[42] = CNOT 6 16
[43] = CNOT 6 23
[44] = T 6
[45] = CNOT 6 16
[46] = CNOT 16 23
[47] = T 16
[48] = S 16
[49] = CNOT 16 23
[50] = T 6
[51] = S 6
[52] = CNOT 6 23
[53] = T 5
[54] = T 24
[55] = CNOT 5 15
[56] = CNOT 5 24
[57] = T 5
[58] = CNOT 5 15
[59] = CNOT 15 24
[60] = T 15
[61] = S 15
[62] = CNOT 15 24
[63] = T 5
[64] = S 5
[65] = CNOT 5 24
[66] = T 4
[67] = S 4
[68] = T 25
[69] = CNOT 4 14
[70] = CNOT 4 25
[71] = T 4
[72] = CNOT 4 14
[73] = CNOT 14 25
[74] = T 14
[75] = S 14
[76] = CNOT 14 25
[77] = T 4
[78] = S 4
[79] = CNOT 4 25
[80] = T 3
[81] = Z 3
[82] = T 26
[83] = CNOT 3 13
[84] = CNOT 3 26
[85] = T 3
[86] = CNOT 3 13
[87] = CNOT 13 26
[88] = T 13
[89] = S 13
[90] = CNOT 13 26
[91] = T 3
[92] = S 3
[93] = CNOT 3 26
[94] = T 2
[95] = S 2
[96] = Z 2
[97] = T 27
[98] = CNOT 2 12
[99] = CNOT 2 27
[100] = T 2
[101] = CNOT 2 12
[102] = CNOT 12 27
[103] = T 12
[104] = S 12
[105] = CNOT 12 27
[106] = T 2
[107] = S 2
[108] = CNOT 2 27
[109] = T 1
[110] = T 28
[111] = CNOT 1 11
[112] = CNOT 1 28
[113] = T 1
[114] = CNOT 1 11
[115] = CNOT 11 28
[116] = T 11
[117] = S 11
[118] = CNOT 11 28
[119] = T 1
[120] = S 1
[121] = CNOT 1 28
[122] = S 11
[123] = S 12
[124] = S 13
[125] = S 14
[126] = S 15
[127] = S 16
[128] = S 17
[129] = S 18
[130] = CNOT 1 11
[131] = S 1
[132] = CNOT 1 11
[133] = CNOT 2 12
[134] = S 2
[135] = CNOT 2 12
[136] = CNOT 3 13
[137] = S 3
[138] = CNOT 3 13
[139] = CNOT 4 14
[140] = S 4
[141] = CNOT 4 14
[142] = CNOT 5 15
[143] = S 5
[144] = CNOT 5 15
[145] = CNOT 6 16
[146] = S 6
[147] = CNOT 6 16
[148] = CNOT 7 17
[149] = S 7
[150] = CNOT 7 17
[151] = CNOT 8 18
[152] = S 8
[153] = CNOT 8 18
[154] = CNOT 20 10
[155] = CNOT 19 9
[156] = CNOT 18 8
[157] = CNOT 17 7
[158] = CNOT 16 6
[159] = CNOT 15 5
[160] = CNOT 14 4
[161] = CNOT 13 3
[162] = CNOT 12 2
[163] = CNOT 11 1
[164] = H 20
[165] = H 21
[166] = H 22
[167] = H 23
[168] = H 24
[169] = H 25
[170] = H 26
[171] = H 27
[172] = H 28
[173] = T 20
[174] = S 20
[175] = CNOT 9 19
[176] = CNOT 9 20
[177] = T 9
[178] = S 9
[179] = Z 9
[180] = CNOT 9 19
[181] = T 9
[182] = S 9
[183] = Z 9
[184] = CNOT 9 20
[185] = T 21
[186] = CNOT 19 21
[187] = T 19
[188] = S 19
[189] = CNOT 19 20
[190] = T 19
[191] = CNOT 19 21
[192] = CNOT 19 20
[193] = CNOT 20 21
[194] = T 20
[195] = S 20
[196] = CNOT 20 21
[197] = Z 9
[198] = Z 19
[199] = S 22
[200] = S 23
[201] = S 24
[202] = S 25
[203] = S 26
[204] = S 27
[205] = S 28
[206] = CNOT 9 19
[207] = Z 9
[208] = CNOT 9 19
[209] = CNOT 19 20
[210] = Z 19
[211] = CNOT 19 20
[212] = H 21
[213] = H 19
[214] = CNOT 8 18
[215] = CNOT 8 21
[216] = T 8
[217] = S 8
[218] = Z 8
[219] = CNOT 8 18
[220] = T 8
[221] = S 8
[222] = Z 8
[223] = CNOT 8 21
[224] = CNOT 8 18
[225] = T 8
[226] = CNOT 8 18
[227] = T 19
[228] = Z 19
[229] = T 18
[230] = Z 18
[231] = CNOT 18 19
[232] = T 18
[233] = Z 18
[234] = CNOT 18 19
[235] = CNOT 8 18
[236] = CNOT 8 19
[237] = T 8
[238] = S 8
[239] = Z 8
[240] = CNOT 8 18
[241] = T 8
[242] = S 8
[243] = Z 8
[244] = CNOT 8 19
[245] = CNOT 18 21
[246] = CNOT 18 22
[247] = T 18
[248] = CNOT 18 22
[249] = CNOT 18 21
[250] = CNOT 21 22
[251] = T 21
[252] = S 21
[253] = CNOT 21 22
[254] = S 21
[255] = CNOT 18 21
[256] = Z 18
[257] = CNOT 18 21
[258] = CNOT 18 22
[259] = S 18
[260] = H 19
[261] = H 21
[262] = T 21
[263] = T 19
[264] = CNOT 19 21
[265] = T 19
[266] = S 19
[267] = CNOT 19 20
[268] = T 19
[269] = CNOT 19 21
[270] = T 19
[271] = S 19
[272] = CNOT 19 20
[273] = CNOT 20 21
[274] = T 20
[275] = S 20
[276] = CNOT 20 21
[277] = T 20
[278] = H 21
[279] = H 19
[280] = CNOT 18 21
[281] = T 18
[282] = Z 18
[283] = CNOT 18 22
[284] = T 18
[285] = S 18
[286] = Z 18
[287] = CNOT 18 21
[288] = CNOT 21 22
[289] = T 21
[290] = S 21
[291] = Z 21
[292] = CNOT 21 22
[293] = T 18
[294] = Z 18
[295] = T 19
[296] = S 21
[297] = Z 21
[298] = Z 22
[299] = H 22
[300] = CNOT 17 22
[301] = T 17
[302] = Z 17
[303] = CNOT 17 22
[304] = CNOT 7 17
[305] = CNOT 7 22
[306] = T 7
[307] = S 7
[308] = Z 7
[309] = CNOT 7 17
[310] = T 7
[311] = S 7
[312] = Z 7
[313] = CNOT 7 22
[314] = CNOT 17 21
[315] = T 17
[316] = Z 17
[317] = CNOT 17 21
[318] = CNOT 7 17
[319] = CNOT 7 21
[320] = T 7
[321] = S 7
[322] = Z 7
[323] = CNOT 7 17
[324] = T 7
[325] = S 7
[326] = Z 7
[327] = CNOT 7 21
[328] = Z 7
[329] = S 17
[330] = Z 21
[331] = S 22
[332] = Z 22
[333] = CNOT 7 17
[334] = S 7
[335] = Z 7
[336] = CNOT 7 17
[337] = H 21
[338] = T 21
[339] = CNOT 18 21
[340] = T 18
[341] = S 18
[342] = CNOT 18 19
[343] = T 18
[344] = CNOT 18 21
[345] = T 18
[346] = S 18
[347] = CNOT 18 19
[348] = CNOT 19 21
[349] = T 19
[350] = S 19
[351] = CNOT 19 21
[352] = H 19
[353] = H 21
[354] = H 18
[355] = T 19
[356] = T 7
[357] = S 7
[358] = CNOT 22 23
[359] = T 22
[360] = S 22
[361] = CNOT 22 23
[362] = CNOT 17 22
[363] = T 17
[364] = S 17
[365] = CNOT 17 22
[366] = CNOT 17 18
[367] = CNOT 17 21
[368] = T 17
[369] = S 17
[370] = Z 17
[371] = CNOT 17 21
[372] = CNOT 17 18
[373] = T 21
[374] = Z 21
[375] = CNOT 18 21
[376] = T 18
[377] = CNOT 18 21
[378] = CNOT 7 18
[379] = CNOT 7 21
[380] = T 7
[381] = S 7
[382] = Z 7
[383] = CNOT 7 17
[384] = T 7
[385] = CNOT 7 21
[386] = CNOT 7 18
[387] = CNOT 7 17
[388] = CNOT 17 22
[389] = CNOT 17 23
[390] = T 17
[391] = CNOT 17 23
[392] = CNOT 17 22
[393] = Z 17
[394] = Z 18
[395] = CNOT 7 17
[396] = S 7
[397] = Z 7
[398] = CNOT 7 17
[399] = CNOT 17 18
[400] = S 17
[401] = Z 17
[402] = CNOT 17 18
[403] = CNOT 17 21
[404] = S 17
[405] = Z 17
[406] = CNOT 17 21
[407] = CNOT 17 23
[408] = S 17
[409] = CNOT 17 23
[410] = CNOT 7 17
[411] = CNOT 7 18
[412] = S 7
[413] = Z 7
[414] = CNOT 7 18
[415] = CNOT 7 21
[416] = S 7
[417] = Z 7
[418] = CNOT 7 21
[419] = CNOT 7 17
[420] = CNOT 17 23
[421] = H 18
[422] = H 22
[423] = CNOT 18 21
[424] = CNOT 18 22
[425] = T 18
[426] = CNOT 18 22
[427] = T 18
[428] = S 18
[429] = CNOT 18 21
[430] = CNOT 21 22
[431] = T 21
[432] = S 21
[433] = CNOT 21 22
[434] = S 18
[435] = S 22
[436] = CNOT 18 22
[437] = S 18
[438] = H 21
[439] = T 21
[440] = CNOT 19 21
[441] = T 19
[442] = S 19
[443] = CNOT 19 20
[444] = T 19
[445] = CNOT 19 21
[446] = T 19
[447] = S 19
[448] = CNOT 19 20
[449] = CNOT 20 21
[450] = T 20
[451] = S 20
[452] = CNOT 20 21
[453] = T 20
[454] = H 21
[455] = H 19
[456] = CNOT 18 21
[457] = T 18
[458] = Z 18
[459] = CNOT 18 22
[460] = T 18
[461] = S 18
[462] = Z 18
[463] = CNOT 18 21
[464] = CNOT 21 22
[465] = T 21
[466] = S 21
[467] = Z 21
[468] = CNOT 21 22
[469] = T 18
[470] = Z 18
[471] = T 19
[472] = S 21
[473] = Z 21
[474] = Z 22
[475] = H 22
[476] = CNOT 17 22
[477] = T 17
[478] = Z 17
[479] = CNOT 17 23
[480] = T 17
[481] = S 17
[482] = Z 17
[483] = CNOT 17 22
[484] = CNOT 22 23
[485] = T 22
[486] = S 22
[487] = Z 22
[488] = CNOT 22 23
[489] = T 17
[490] = Z 17
[491] = S 22
[492] = Z 22
[493] = Z 23
[494] = H 23
[495] = CNOT 16 23
[496] = T 16
[497] = Z 16
[498] = CNOT 16 23
[499] = CNOT 6 16
[500] = CNOT 6 23
[501] = T 6
[502] = S 6
[503] = Z 6
[504] = CNOT 6 16
[505] = T 6
[506] = S 6
[507] = Z 6
[508] = CNOT 6 23
[509] = CNOT 16 22
[510] = T 16
[511] = Z 16
[512] = CNOT 16 22
[513] = CNOT 6 16
[514] = CNOT 6 22
[515] = T 6
[516] = S 6
[517] = Z 6
[518] = CNOT 6 16
[519] = T 6
[520] = S 6
[521] = Z 6
[522] = CNOT 6 22
[523] = Z 6
[524] = S 16
[525] = Z 22
[526] = S 23
[527] = Z 23
[528] = CNOT 6 16
[529] = S 6
[530] = Z 6
[531] = CNOT 6 16
[532] = H 22
[533] = CNOT 17 21
[534] = CNOT 17 22
[535] = T 17
[536] = CNOT 17 22
[537] = T 17
[538] = S 17
[539] = CNOT 17 21
[540] = CNOT 21 22
[541] = T 21
[542] = S 21
[543] = CNOT 21 22
[544] = T 17
[545] = S 22
[546] = CNOT 17 22
[547] = S 17
[548] = H 21
[549] = T 21
[550] = CNOT 18 21
[551] = T 18
[552] = S 18
[553] = CNOT 18 19
[554] = T 18
[555] = CNOT 18 21
[556] = T 18
[557] = S 18
[558] = CNOT 18 19
[559] = CNOT 19 21
[560] = T 19
[561] = S 19
[562] = CNOT 19 21
[563] = H 19
[564] = H 21
[565] = H 18
[566] = CNOT 17 21
[567] = T 17
[568] = Z 17
[569] = CNOT 17 22
[570] = T 17
[571] = S 17
[572] = Z 17
[573] = CNOT 17 21
[574] = CNOT 21 22
[575] = T 21
[576] = S 21
[577] = Z 21
[578] = CNOT 21 22
[579] = T 17
[580] = Z 17
[581] = T 18
[582] = T 19
[583] = S 21
[584] = Z 21
[585] = Z 22
[586] = H 22
[587] = CNOT 16 22
[588] = T 16
[589] = Z 16
[590] = CNOT 16 22
[591] = CNOT 6 16
[592] = CNOT 6 22
[593] = T 6
[594] = S 6
[595] = Z 6
[596] = CNOT 6 16
[597] = T 6
[598] = S 6
[599] = Z 6
[600] = CNOT 6 22
[601] = CNOT 16 21
[602] = T 16
[603] = Z 16
[604] = CNOT 16 21
[605] = CNOT 6 16
[606] = CNOT 6 21
[607] = T 6
[608] = S 6
[609] = Z 6
[610] = CNOT 6 16
[611] = T 6
[612] = S 6
[613] = Z 6
[614] = CNOT 6 21
[615] = Z 6
[616] = S 16
[617] = Z 21
[618] = S 22
[619] = Z 22
[620] = CNOT 6 16
[621] = S 6
[622] = Z 6
[623] = CNOT 6 16
[624] = H 21
[625] = T 21
[626] = CNOT 17 21
[627] = T 17
[628] = S 17
[629] = CNOT 17 18
[630] = T 17
[631] = CNOT 17 21
[632] = T 17
[633] = S 17
[634] = CNOT 17 18
[635] = CNOT 18 21
[636] = T 18
[637] = S 18
[638] = CNOT 18 21
[639] = H 18
[640] = H 21
[641] = H 17
[642] = T 18
[643] = T 6
[644] = S 6
[645] = CNOT 23 24
[646] = T 23
[647] = S 23
[648] = CNOT 23 24
[649] = CNOT 16 23
[650] = T 16
[651] = S 16
[652] = CNOT 16 23
[653] = CNOT 16 17
[654] = CNOT 16 21
[655] = T 16
[656] = S 16
[657] = Z 16
[658] = CNOT 16 21
[659] = CNOT 16 17
[660] = T 21
[661] = Z 21
[662] = CNOT 17 21
[663] = T 17
[664] = CNOT 17 21
[665] = CNOT 6 17
[666] = CNOT 6 21
[667] = T 6
[668] = S 6
[669] = Z 6
[670] = CNOT 6 16
[671] = T 6
[672] = CNOT 6 21
[673] = CNOT 6 17
[674] = CNOT 6 16
[675] = CNOT 16 23
[676] = CNOT 16 24
[677] = T 16
[678] = CNOT 16 24
[679] = CNOT 16 23
[680] = Z 16
[681] = Z 17
[682] = CNOT 6 16
[683] = S 6
[684] = Z 6
[685] = CNOT 6 16
[686] = CNOT 16 17
[687] = S 16
[688] = Z 16
[689] = CNOT 16 17
[690] = CNOT 16 21
[691] = S 16
[692] = Z 16
[693] = CNOT 16 21
[694] = CNOT 16 24
[695] = S 16
[696] = CNOT 16 24
[697] = CNOT 6 16
[698] = CNOT 6 17
[699] = S 6
[700] = Z 6
[701] = CNOT 6 17
[702] = CNOT 6 21
[703] = S 6
[704] = Z 6
[705] = CNOT 6 21
[706] = CNOT 6 16
[707] = CNOT 16 24
[708] = H 17
[709] = H 23
[710] = CNOT 17 22
[711] = CNOT 17 23
[712] = T 17
[713] = CNOT 17 23
[714] = T 17
[715] = S 17
[716] = CNOT 17 22
[717] = CNOT 22 23
[718] = T 22
[719] = S 22
[720] = CNOT 22 23
[721] = S 17
[722] = S 23
[723] = CNOT 17 23
[724] = S 17
[725] = H 22
[726] = CNOT 18 21
[727] = CNOT 18 22
[728] = T 18
[729] = CNOT 18 22
[730] = T 18
[731] = S 18
[732] = CNOT 18 21
[733] = CNOT 21 22
[734] = T 21
[735] = S 21
[736] = CNOT 21 22
[737] = T 18
[738] = S 22
[739] = CNOT 18 22
[740] = S 18
[741] = H 21
[742] = T 21
[743] = CNOT 19 21
[744] = T 19
[745] = S 19
[746] = CNOT 19 20
[747] = T 19
[748] = CNOT 19 21
[749] = T 19
[750] = S 19
[751] = CNOT 19 20
[752] = CNOT 20 21
[753] = T 20
[754] = S 20
[755] = CNOT 20 21
[756] = T 20
[757] = H 21
[758] = H 19
[759] = CNOT 18 21
[760] = T 18
[761] = Z 18
[762] = CNOT 18 22
[763] = T 18
[764] = S 18
[765] = Z 18
[766] = CNOT 18 21
[767] = CNOT 21 22
[768] = T 21
[769] = S 21
[770] = Z 21
[771] = CNOT 21 22
[772] = T 18
[773] = Z 18
[774] = T 19
[775] = S 21
[776] = Z 21
[777] = Z 22
[778] = H 22
[779] = CNOT 17 22
[780] = T 17
[781] = Z 17
[782] = CNOT 17 23
[783] = T 17
[784] = S 17
[785] = Z 17
[786] = CNOT 17 22
[787] = CNOT 22 23
[788] = T 22
[789] = S 22
[790] = Z 22
[791] = CNOT 22 23
[792] = T 17
[793] = Z 17
[794] = S 22
[795] = Z 22
[796] = Z 23
[797] = H 23
[798] = CNOT 16 23
[799] = T 16
[800] = Z 16
[801] = CNOT 16 24
[802] = T 16
[803] = S 16
[804] = Z 16
[805] = CNOT 16 23
[806] = CNOT 23 24
[807] = T 23
[808] = S 23
[809] = Z 23
[810] = CNOT 23 24
[811] = T 16
[812] = Z 16
[813] = S 23
[814] = Z 23
[815] = Z 24
[816] = H 24
[817] = CNOT 15 24
[818] = T 15
[819] = Z 15
[820] = CNOT 15 24
[821] = CNOT 5 15
[822] = CNOT 5 24
[823] = T 5
[824] = S 5
[825] = Z 5
[826] = CNOT 5 15
[827] = T 5
[828] = S 5
[829] = Z 5
[830] = CNOT 5 24
[831] = CNOT 15 23
[832] = T 15
[833] = Z 15
[834] = CNOT 15 23
[835] = CNOT 5 15
[836] = CNOT 5 23
[837] = T 5
[838] = S 5
[839] = Z 5
[840] = CNOT 5 15
[841] = T 5
[842] = S 5
[843] = Z 5
[844] = CNOT 5 23
[845] = Z 5
[846] = S 15
[847] = Z 23
[848] = S 24
[849] = Z 24
[850] = CNOT 5 15
[851] = S 5
[852] = Z 5
[853] = CNOT 5 15
[854] = H 23
[855] = CNOT 16 22
[856] = CNOT 16 23
[857] = T 16
[858] = CNOT 16 23
[859] = T 16
[860] = S 16
[861] = CNOT 16 22
[862] = CNOT 22 23
[863] = T 22
[864] = S 22
[865] = CNOT 22 23
[866] = T 16
[867] = S 23
[868] = CNOT 16 23
[869] = S 16
[870] = H 22
[871] = CNOT 17 21
[872] = CNOT 17 22
[873] = T 17
[874] = CNOT 17 22
[875] = T 17
[876] = S 17
[877] = CNOT 17 21
[878] = CNOT 21 22
[879] = T 21
[880] = S 21
[881] = CNOT 21 22
[882] = T 17
[883] = S 22
[884] = CNOT 17 22
[885] = S 17
[886] = H 21
[887] = T 21
[888] = CNOT 18 21
[889] = T 18
[890] = S 18
[891] = CNOT 18 19
[892] = T 18
[893] = CNOT 18 21
[894] = T 18
[895] = S 18
[896] = CNOT 18 19
[897] = CNOT 19 21
[898] = T 19
[899] = S 19
[900] = CNOT 19 21
[901] = H 19
[902] = H 21
[903] = H 18
[904] = CNOT 17 21
[905] = T 17
[906] = Z 17
[907] = CNOT 17 22
[908] = T 17
[909] = S 17
[910] = Z 17
[911] = CNOT 17 21
[912] = CNOT 21 22
[913] = T 21
[914] = S 21
[915] = Z 21
[916] = CNOT 21 22
[917] = T 17
[918] = Z 17
[919] = T 18
[920] = T 19
[921] = S 21
[922] = Z 21
[923] = Z 22
[924] = H 22
[925] = CNOT 16 22
[926] = T 16
[927] = Z 16
[928] = CNOT 16 23
[929] = T 16
[930] = S 16
[931] = Z 16
[932] = CNOT 16 22
[933] = CNOT 22 23
[934] = T 22
[935] = S 22
[936] = Z 22
[937] = CNOT 22 23
[938] = T 16
[939] = Z 16
[940] = S 22
[941] = Z 22
[942] = Z 23
[943] = H 23
[944] = CNOT 15 23
[945] = T 15
[946] = Z 15
[947] = CNOT 15 23
[948] = CNOT 5 15
[949] = CNOT 5 23
[950] = T 5
[951] = S 5
[952] = Z 5
[953] = CNOT 5 15
[954] = T 5
[955] = S 5
[956] = Z 5
[957] = CNOT 5 23
[958] = CNOT 15 22
[959] = T 15
[960] = Z 15
[961] = CNOT 15 22
[962] = CNOT 5 15
[963] = CNOT 5 22
[964] = T 5
[965] = S 5
[966] = Z 5
[967] = CNOT 5 15
[968] = T 5
[969] = S 5
[970] = Z 5
[971] = CNOT 5 22
[972] = Z 5
[973] = S 15
[974] = Z 22
[975] = S 23
[976] = Z 23
[977] = CNOT 5 15
[978] = S 5
[979] = Z 5
[980] = CNOT 5 15
[981] = H 22
[982] = CNOT 16 21
[983] = CNOT 16 22
[984] = T 16
[985] = CNOT 16 22
[986] = T 16
[987] = S 16
[988] = CNOT 16 21
[989] = CNOT 21 22
[990] = T 21
[991] = S 21
[992] = CNOT 21 22
[993] = T 16
[994] = S 22
[995] = CNOT 16 22
[996] = S 16
[997] = H 21
[998] = T 21
[999] = CNOT 17 21
[1000] = T 17
[1001] = S 17
[1002] = CNOT 17 18
[1003] = T 17
[1004] = CNOT 17 21
[1005] = T 17
[1006] = S 17
[1007] = CNOT 17 18
[1008] = CNOT 18 21
[1009] = T 18
[1010] = S 18
[1011] = CNOT 18 21
[1012] = H 18
[1013] = H 21
[1014] = H 17
[1015] = CNOT 16 21
[1016] = T 16
[1017] = Z 16
[1018] = CNOT 16 22
[1019] = T 16
[1020] = S 16
[1021] = Z 16
[1022] = CNOT 16 21
[1023] = CNOT 21 22
[1024] = T 21
[1025] = S 21
[1026] = Z 21
[1027] = CNOT 21 22
[1028] = T 16
[1029] = Z 16
[1030] = T 17
[1031] = T 18
[1032] = S 21
[1033] = Z 21
[1034] = Z 22
[1035] = H 22
[1036] = CNOT 15 22
[1037] = T 15
[1038] = Z 15
[1039] = CNOT 15 22
[1040] = CNOT 5 15
[1041] = CNOT 5 22
[1042] = T 5
[1043] = S 5
[1044] = Z 5
[1045] = CNOT 5 15
[1046] = T 5
[1047] = S 5
[1048] = Z 5
[1049] = CNOT 5 22
[1050] = CNOT 15 21
[1051] = T 15
[1052] = Z 15
[1053] = CNOT 15 21
[1054] = CNOT 5 15
[1055] = CNOT 5 21
[1056] = T 5
[1057] = S 5
[1058] = Z 5
[1059] = CNOT 5 15
[1060] = T 5
[1061] = S 5
[1062] = Z 5
[1063] = CNOT 5 21
[1064] = Z 5
[1065] = S 15
[1066] = Z 21
[1067] = S 22
[1068] = Z 22
[1069] = CNOT 5 15
[1070] = S 5
[1071] = Z 5
[1072] = CNOT 5 15
[1073] = H 21
[1074] = T 21
[1075] = CNOT 16 21
[1076] = T 16
[1077] = S 16
[1078] = CNOT 16 17
[1079] = T 16
[1080] = CNOT 16 21
[1081] = T 16
[1082] = S 16
[1083] = CNOT 16 17
[1084] = CNOT 17 21
[1085] = T 17
[1086] = S 17
[1087] = CNOT 17 21
[1088] = H 17
[1089] = H 21
[1090] = H 16
[1091] = T 17
[1092] = T 5
[1093] = S 5
[1094] = CNOT 24 25
[1095] = T 24
[1096] = S 24
[1097] = CNOT 24 25
[1098] = CNOT 15 24
[1099] = T 15
[1100] = S 15
[1101] = CNOT 15 24
[1102] = CNOT 15 16
[1103] = CNOT 15 21
[1104] = T 15
[1105] = S 15
[1106] = Z 15
[1107] = CNOT 15 21
[1108] = CNOT 15 16
[1109] = T 21
[1110] = Z 21
[1111] = CNOT 16 21
[1112] = T 16
[1113] = CNOT 16 21
[1114] = CNOT 5 16
[1115] = CNOT 5 21
[1116] = T 5
[1117] = S 5
[1118] = Z 5
[1119] = CNOT 5 15
[1120] = T 5
[1121] = CNOT 5 21
[1122] = CNOT 5 16
[1123] = CNOT 5 15
[1124] = CNOT 15 24
[1125] = CNOT 15 25
[1126] = T 15
[1127] = CNOT 15 25
[1128] = CNOT 15 24
[1129] = Z 15
[1130] = Z 16
[1131] = CNOT 5 15
[1132] = S 5
[1133] = Z 5
[1134] = CNOT 5 15
[1135] = CNOT 15 16
[1136] = S 15
[1137] = Z 15
[1138] = CNOT 15 16
[1139] = CNOT 15 21
[1140] = S 15
[1141] = Z 15
[1142] = CNOT 15 21
[1143] = CNOT 15 25
[1144] = S 15
[1145] = CNOT 15 25
[1146] = CNOT 5 15
[1147] = CNOT 5 16
[1148] = S 5
[1149] = Z 5
[1150] = CNOT 5 16
[1151] = CNOT 5 21
[1152] = S 5
[1153] = Z 5
[1154] = CNOT 5 21
[1155] = CNOT 5 15
[1156] = CNOT 15 25
[1157] = H 16
[1158] = H 24
[1159] = CNOT 16 23
[1160] = CNOT 16 24
[1161] = T 16
[1162] = CNOT 16 24
[1163] = T 16
[1164] = S 16
[1165] = CNOT 16 23
[1166] = CNOT 23 24
[1167] = T 23
[1168] = S 23
[1169] = CNOT 23 24
[1170] = S 16
[1171] = S 24
[1172] = CNOT 16 24
[1173] = S 16
[1174] = H 23
[1175] = CNOT 17 22
[1176] = CNOT 17 23
[1177] = T 17
[1178] = CNOT 17 23
[1179] = T 17
[1180] = S 17
[1181] = CNOT 17 22
[1182] = CNOT 22 23
[1183] = T 22
[1184] = S 22
[1185] = CNOT 22 23
[1186] = T 17
[1187] = S 23
[1188] = CNOT 17 23
[1189] = S 17
[1190] = H 22
[1191] = CNOT 18 21
[1192] = CNOT 18 22
[1193] = T 18
[1194] = CNOT 18 22
[1195] = T 18
[1196] = S 18
[1197] = CNOT 18 21
[1198] = CNOT 21 22
[1199] = T 21
[1200] = S 21
[1201] = CNOT 21 22
[1202] = T 18
[1203] = S 22
[1204] = CNOT 18 22
[1205] = S 18
[1206] = H 21
[1207] = T 21
[1208] = CNOT 19 21
[1209] = T 19
[1210] = S 19
[1211] = CNOT 19 20
[1212] = T 19
[1213] = CNOT 19 21
[1214] = T 19
[1215] = S 19
[1216] = CNOT 19 20
[1217] = CNOT 20 21
[1218] = T 20
[1219] = S 20
[1220] = CNOT 20 21
[1221] = T 20
[1222] = H 21
[1223] = H 19
[1224] = CNOT 18 21
[1225] = T 18
[1226] = Z 18
[1227] = CNOT 18 22
[1228] = T 18
[1229] = S 18
[1230] = Z 18
[1231] = CNOT 18 21
[1232] = CNOT 21 22
[1233] = T 21
[1234] = S 21
[1235] = Z 21
[1236] = CNOT 21 22
[1237] = T 18
[1238] = Z 18
[1239] = T 19
[1240] = S 21
[1241] = Z 21
[1242] = Z 22
[1243] = H 22
[1244] = CNOT 17 22
[1245] = T 17
[1246] = Z 17
[1247] = CNOT 17 23
[1248] = T 17
[1249] = S 17
[1250] = Z 17
[1251] = CNOT 17 22
[1252] = CNOT 22 23
[1253] = T 22
[1254] = S 22
[1255] = Z 22
[1256] = CNOT 22 23
[1257] = T 17
[1258] = Z 17
[1259] = S 22
[1260] = Z 22
[1261] = Z 23
[1262] = H 23
[1263] = CNOT 16 23
[1264] = T 16
[1265] = Z 16
[1266] = CNOT 16 24
[1267] = T 16
[1268] = S 16
[1269] = Z 16
[1270] = CNOT 16 23
[1271] = CNOT 23 24
[1272] = T 23
[1273] = S 23
[1274] = Z 23
[1275] = CNOT 23 24
[1276] = T 16
[1277] = Z 16
[1278] = S 23
[1279] = Z 23
[1280] = Z 24
[1281] = H 24
[1282] = CNOT 15 24
[1283] = T 15
[1284] = Z 15
[1285] = CNOT 15 25
[1286] = T 15
[1287] = S 15
[1288] = Z 15
[1289] = CNOT 15 24
[1290] = CNOT 24 25
[1291] = T 24
[1292] = S 24
[1293] = Z 24
[1294] = CNOT 24 25
[1295] = T 15
[1296] = Z 15
[1297] = S 24
[1298] = Z 24
[1299] = Z 25
[1300] = H 25
[1301] = CNOT 14 25
[1302] = T 14
[1303] = Z 14
[1304] = CNOT 14 25
[1305] = CNOT 4 14
[1306] = CNOT 4 25
[1307] = T 4
[1308] = S 4
[1309] = Z 4
[1310] = CNOT 4 14
[1311] = T 4
[1312] = S 4
[1313] = Z 4
[1314] = CNOT 4 25
[1315] = CNOT 14 24
[1316] = T 14
[1317] = Z 14
[1318] = CNOT 14 24
[1319] = CNOT 4 14
[1320] = CNOT 4 24
[1321] = T 4
[1322] = S 4
[1323] = Z 4
[1324] = CNOT 4 14
[1325] = T 4
[1326] = S 4
[1327] = Z 4
[1328] = CNOT 4 24
[1329] = Z 4
[1330] = S 14
[1331] = Z 24
[1332] = S 25
[1333] = Z 25
[1334] = CNOT 4 14
[1335] = S 4
[1336] = Z 4
[1337] = CNOT 4 14
[1338] = H 24
[1339] = CNOT 15 23
[1340] = CNOT 15 24
[1341] = T 15
[1342] = CNOT 15 24
[1343] = T 15
[1344] = S 15
[1345] = CNOT 15 23
[1346] = CNOT 23 24
[1347] = T 23
[1348] = S 23
[1349] = CNOT 23 24
[1350] = T 15
[1351] = S 24
[1352] = CNOT 15 24
[1353] = S 15
[1354] = H 23
[1355] = CNOT 16 22
[1356] = CNOT 16 23
[1357] = T 16
[1358] = CNOT 16 23
[1359] = T 16
[1360] = S 16
[1361] = CNOT 16 22
[1362] = CNOT 22 23
[1363] = T 22
[1364] = S 22
[1365] = CNOT 22 23
[1366] = T 16
[1367] = S 23
[1368] = CNOT 16 23
[1369] = S 16
[1370] = H 22
[1371] = CNOT 17 21
[1372] = CNOT 17 22
[1373] = T 17
[1374] = CNOT 17 22
[1375] = T 17
[1376] = S 17
[1377] = CNOT 17 21
[1378] = CNOT 21 22
[1379] = T 21
[1380] = S 21
[1381] = CNOT 21 22
[1382] = T 17
[1383] = S 22
[1384] = CNOT 17 22
[1385] = S 17
[1386] = H 21
[1387] = T 21
[1388] = CNOT 18 21
[1389] = T 18
[1390] = S 18
[1391] = CNOT 18 19
[1392] = T 18
[1393] = CNOT 18 21
[1394] = T 18
[1395] = S 18
[1396] = CNOT 18 19
[1397] = CNOT 19 21
[1398] = T 19
[1399] = S 19
[1400] = CNOT 19 21
[1401] = H 19
[1402] = H 21
[1403] = H 18
[1404] = CNOT 17 21
[1405] = T 17
[1406] = Z 17
[1407] = CNOT 17 22
[1408] = T 17
[1409] = S 17
[1410] = Z 17
[1411] = CNOT 17 21
[1412] = CNOT 21 22
[1413] = T 21
[1414] = S 21
[1415] = Z 21
[1416] = CNOT 21 22
[1417] = T 17
[1418] = Z 17
[1419] = T 18
[1420] = T 19
[1421] = S 21
[1422] = Z 21
[1423] = Z 22
[1424] = H 22
[1425] = CNOT 16 22
[1426] = T 16
[1427] = Z 16
[1428] = CNOT 16 23
[1429] = T 16
[1430] = S 16
[1431] = Z 16
[1432] = CNOT 16 22
[1433] = CNOT 22 23
[1434] = T 22
[1435] = S 22
[1436] = Z 22
[1437] = CNOT 22 23
[1438] = T 16
[1439] = Z 16
[1440] = S 22
[1441] = Z 22
[1442] = Z 23
[1443] = H 23
[1444] = CNOT 15 23
[1445] = T 15
[1446] = Z 15
[1447] = CNOT 15 24
[1448] = T 15
[1449] = S 15
[1450] = Z 15
[1451] = CNOT 15 23
[1452] = CNOT 23 24
[1453] = T 23
[1454] = S 23
[1455] = Z 23
[1456] = CNOT 23 24
[1457] = T 15
[1458] = Z 15
[1459] = S 23
[1460] = Z 23
[1461] = Z 24
[1462] = H 24
[1463] = CNOT 14 24
[1464] = T 14
[1465] = Z 14
[1466] = CNOT 14 24
[1467] = CNOT 4 14
[1468] = CNOT 4 24
[1469] = T 4
[1470] = S 4
[1471] = Z 4
[1472] = CNOT 4 14
[1473] = T 4
[1474] = S 4
[1475] = Z 4
[1476] = CNOT 4 24
[1477] = CNOT 14 23
[1478] = T 14
[1479] = Z 14
[1480] = CNOT 14 23
[1481] = CNOT 4 14
[1482] = CNOT 4 23
[1483] = T 4
[1484] = S 4
[1485] = Z 4
[1486] = CNOT 4 14
[1487] = T 4
[1488] = S 4
[1489] = Z 4
[1490] = CNOT 4 23
[1491] = Z 4
[1492] = S 14
[1493] = Z 23
[1494] = S 24
[1495] = Z 24
[1496] = CNOT 4 14
[1497] = S 4
[1498] = Z 4
[1499] = CNOT 4 14
[1500] = H 23
[1501] = CNOT 15 22
[1502] = CNOT 15 23
[1503] = T 15
[1504] = CNOT 15 23
[1505] = T 15
[1506] = S 15
[1507] = CNOT 15 22
[1508] = CNOT 22 23
[1509] = T 22
[1510] = S 22
[1511] = CNOT 22 23
[1512] = T 15
[1513] = S 23
[1514] = CNOT 15 23
[1515] = S 15
[1516] = H 22
[1517] = CNOT 16 21
[1518] = CNOT 16 22
[1519] = T 16
[1520] = CNOT 16 22
[1521] = T 16
[1522] = S 16
[1523] = CNOT 16 21
[1524] = CNOT 21 22
[1525] = T 21
[1526] = S 21
[1527] = CNOT 21 22
[1528] = T 16
[1529] = S 22
[1530] = CNOT 16 22
[1531] = S 16
[1532] = H 21
[1533] = T 21
[1534] = CNOT 17 21
[1535] = T 17
[1536] = S 17
[1537] = CNOT 17 18
[1538] = T 17
[1539] = CNOT 17 21
[1540] = T 17
[1541] = S 17
[1542] = CNOT 17 18
[1543] = CNOT 18 21
[1544] = T 18
[1545] = S 18
[1546] = CNOT 18 21
[1547] = H 18
[1548] = H 21
[1549] = H 17
[1550] = CNOT 16 21
[1551] = T 16
[1552] = Z 16
[1553] = CNOT 16 22
[1554] = T 16
[1555] = S 16
[1556] = Z 16
[1557] = CNOT 16 21
[1558] = CNOT 21 22
[1559] = T 21
[1560] = S 21
[1561] = Z 21
[1562] = CNOT 21 22
[1563] = T 16
[1564] = Z 16
[1565] = T 17
[1566] = T 18
[1567] = S 21
[1568] = Z 21
[1569] = Z 22
[1570] = H 22
[1571] = CNOT 15 22
[1572] = T 15
[1573] = Z 15
[1574] = CNOT 15 23
[1575] = T 15
[1576] = S 15
[1577] = Z 15
[1578] = CNOT 15 22
[1579] = CNOT 22 23
[1580] = T 22
[1581] = S 22
[1582] = Z 22
[1583] = CNOT 22 23
[1584] = T 15
[1585] = Z 15
[1586] = S 22
[1587] = Z 22
[1588] = Z 23
[1589] = H 23
[1590] = CNOT 14 23
[1591] = T 14
[1592] = Z 14
[1593] = CNOT 14 23
[1594] = CNOT 4 14
[1595] = CNOT 4 23
[1596] = T 4
[1597] = S 4
[1598] = Z 4
[1599] = CNOT 4 14
[1600] = T 4
[1601] = S 4
[1602] = Z 4
[1603] = CNOT 4 23
[1604] = CNOT 14 22
[1605] = T 14
[1606] = Z 14
[1607] = CNOT 14 22
[1608] = CNOT 4 14
[1609] = CNOT 4 22
[1610] = T 4
[1611] = S 4
[1612] = Z 4
[1613] = CNOT 4 14
[1614] = T 4
[1615] = S 4
[1616] = Z 4
[1617] = CNOT 4 22
[1618] = Z 4
[1619] = S 14
[1620] = Z 22
[1621] = S 23
[1622] = Z 23
[1623] = CNOT 4 14
[1624] = S 4
[1625] = Z 4
[1626] = CNOT 4 14
[1627] = H 22
[1628] = CNOT 15 21
[1629] = CNOT 15 22
[1630] = T 15
[1631] = CNOT 15 22
[1632] = T 15
[1633] = S 15
[1634] = CNOT 15 21
[1635] = CNOT 21 22
[1636] = T 21
[1637] = S 21
[1638] = CNOT 21 22
[1639] = T 15
[1640] = S 22
[1641] = CNOT 15 22
[1642] = S 15
[1643] = H 21
[1644] = T 21
[1645] = CNOT 16 21
[1646] = T 16
[1647] = S 16
[1648] = CNOT 16 17
[1649] = T 16
[1650] = CNOT 16 21
[1651] = T 16
[1652] = S 16
[1653] = CNOT 16 17
[1654] = CNOT 17 21
[1655] = T 17
[1656] = S 17
[1657] = CNOT 17 21
[1658] = H 17
[1659] = H 21
[1660] = H 16
[1661] = CNOT 15 21
[1662] = T 15
[1663] = Z 15
[1664] = CNOT 15 22
[1665] = T 15
[1666] = S 15
[1667] = Z 15
[1668] = CNOT 15 21
[1669] = CNOT 21 22
[1670] = T 21
[1671] = S 21
[1672] = Z 21
[1673] = CNOT 21 22
[1674] = T 15
[1675] = Z 15
[1676] = T 16
[1677] = T 17
[1678] = S 21
[1679] = Z 21
[1680] = Z 22
[1681] = H 22
[1682] = CNOT 14 22
[1683] = T 14
[1684] = Z 14
[1685] = CNOT 14 22
[1686] = CNOT 4 14
[1687] = CNOT 4 22
[1688] = T 4
[1689] = S 4
[1690] = Z 4
[1691] = CNOT 4 14
[1692] = T 4
[1693] = S 4
[1694] = Z 4
[1695] = CNOT 4 22
[1696] = CNOT 14 21
[1697] = T 14
[1698] = Z 14
[1699] = CNOT 14 21
[1700] = CNOT 4 14
[1701] = CNOT 4 21
[1702] = T 4
[1703] = S 4
[1704] = Z 4
[1705] = CNOT 4 14
[1706] = T 4
[1707] = S 4
[1708] = Z 4
[1709] = CNOT 4 21
[1710] = Z 4
[1711] = S 14
[1712] = Z 21
[1713] = S 22
[1714] = Z 22
[1715] = CNOT 4 14
[1716] = S 4
[1717] = Z 4
[1718] = CNOT 4 14
[1719] = H 21
[1720] = T 21
[1721] = CNOT 15 21
[1722] = T 15
[1723] = S 15
[1724] = CNOT 15 16
[1725] = T 15
[1726] = CNOT 15 21
[1727] = T 15
[1728] = S 15
[1729] = CNOT 15 16
[1730] = CNOT 16 21
[1731] = T 16
[1732] = S 16
[1733] = CNOT 16 21
[1734] = H 16
[1735] = H 21
[1736] = H 15
[1737] = T 16
[1738] = T 4
[1739] = S 4
[1740] = CNOT 25 26
[1741] = T 25
[1742] = S 25
[1743] = CNOT 25 26
[1744] = CNOT 14 25
[1745] = T 14
[1746] = S 14
[1747] = CNOT 14 25
[1748] = CNOT 14 15
[1749] = CNOT 14 21
[1750] = T 14
[1751] = S 14
[1752] = Z 14
[1753] = CNOT 14 21
[1754] = CNOT 14 15
[1755] = T 21
[1756] = Z 21
[1757] = CNOT 15 21
[1758] = T 15
[1759] = CNOT 15 21
[1760] = CNOT 4 15
[1761] = CNOT 4 21
[1762] = T 4
[1763] = S 4
[1764] = Z 4
[1765] = CNOT 4 14
[1766] = T 4
[1767] = CNOT 4 21
[1768] = CNOT 4 15
[1769] = CNOT 4 14
[1770] = CNOT 14 25
[1771] = CNOT 14 26
[1772] = T 14
[1773] = CNOT 14 26
[1774] = CNOT 14 25
[1775] = Z 14
[1776] = Z 15
[1777] = CNOT 4 14
[1778] = S 4
[1779] = Z 4
[1780] = CNOT 4 14
[1781] = CNOT 14 15
[1782] = S 14
[1783] = Z 14
[1784] = CNOT 14 15
[1785] = CNOT 14 21
[1786] = S 14
[1787] = Z 14
[1788] = CNOT 14 21
[1789] = CNOT 14 26
[1790] = S 14
[1791] = CNOT 14 26
[1792] = CNOT 4 14
[1793] = CNOT 4 15
[1794] = S 4
[1795] = Z 4
[1796] = CNOT 4 15
[1797] = CNOT 4 21
[1798] = S 4
[1799] = Z 4
[1800] = CNOT 4 21
[1801] = CNOT 4 14
[1802] = CNOT 14 26
[1803] = H 15
[1804] = H 25
[1805] = CNOT 15 24
[1806] = CNOT 15 25
[1807] = T 15
[1808] = CNOT 15 25
[1809] = T 15
[1810] = S 15
[1811] = CNOT 15 24
[1812] = CNOT 24 25
[1813] = T 24
[1814] = S 24
[1815] = CNOT 24 25
[1816] = S 15
[1817] = S 25
[1818] = CNOT 15 25
[1819] = S 15
[1820] = H 24
[1821] = CNOT 16 23
[1822] = CNOT 16 24
[1823] = T 16
[1824] = CNOT 16 24
[1825] = T 16
[1826] = S 16
[1827] = CNOT 16 23
[1828] = CNOT 23 24
[1829] = T 23
[1830] = S 23
[1831] = CNOT 23 24
[1832] = T 16
[1833] = S 24
[1834] = CNOT 16 24
[1835] = S 16
[1836] = H 23
[1837] = CNOT 17 22
[1838] = CNOT 17 23
[1839] = T 17
[1840] = CNOT 17 23
[1841] = T 17
[1842] = S 17
[1843] = CNOT 17 22
[1844] = CNOT 22 23
[1845] = T 22
[1846] = S 22
[1847] = CNOT 22 23
[1848] = T 17
[1849] = S 23
[1850] = CNOT 17 23
[1851] = S 17
[1852] = H 22
[1853] = CNOT 18 21
[1854] = CNOT 18 22
[1855] = T 18
[1856] = CNOT 18 22
[1857] = T 18
[1858] = S 18
[1859] = CNOT 18 21
[1860] = CNOT 21 22
[1861] = T 21
[1862] = S 21
[1863] = CNOT 21 22
[1864] = T 18
[1865] = S 22
[1866] = CNOT 18 22
[1867] = S 18
[1868] = H 21
[1869] = T 21
[1870] = CNOT 19 21
[1871] = T 19
[1872] = S 19
[1873] = CNOT 19 20
[1874] = T 19
[1875] = CNOT 19 21
[1876] = T 19
[1877] = S 19
[1878] = CNOT 19 20
[1879] = CNOT 20 21
[1880] = T 20
[1881] = S 20
[1882] = CNOT 20 21
[1883] = T 20
[1884] = H 21
[1885] = H 19
[1886] = CNOT 18 21
[1887] = T 18
[1888] = Z 18
[1889] = CNOT 18 22
[1890] = T 18
[1891] = S 18
[1892] = Z 18
[1893] = CNOT 18 21
[1894] = CNOT 21 22
[1895] = T 21
[1896] = S 21
[1897] = Z 21
[1898] = CNOT 21 22
[1899] = T 18
[1900] = Z 18
[1901] = T 19
[1902] = S 21
[1903] = Z 21
[1904] = Z 22
[1905] = H 22
[1906] = CNOT 17 22
[1907] = T 17
[1908] = Z 17
[1909] = CNOT 17 23
[1910] = T 17
[1911] = S 17
[1912] = Z 17
[1913] = CNOT 17 22
[1914] = CNOT 22 23
[1915] = T 22
[1916] = S 22
[1917] = Z 22
[1918] = CNOT 22 23
[1919] = T 17
[1920] = Z 17
[1921] = S 22
[1922] = Z 22
[1923] = Z 23
[1924] = H 23
[1925] = CNOT 16 23
[1926] = T 16
[1927] = Z 16
[1928] = CNOT 16 24
[1929] = T 16
[1930] = S 16
[1931] = Z 16
[1932] = CNOT 16 23
[1933] = CNOT 23 24
[1934] = T 23
[1935] = S 23
[1936] = Z 23
[1937] = CNOT 23 24
[1938] = T 16
[1939] = Z 16
[1940] = S 23
[1941] = Z 23
[1942] = Z 24
[1943] = H 24
[1944] = CNOT 15 24
[1945] = T 15
[1946] = Z 15
[1947] = CNOT 15 25
[1948] = T 15
[1949] = S 15
[1950] = Z 15
[1951] = CNOT 15 24
[1952] = CNOT 24 25
[1953] = T 24
[1954] = S 24
[1955] = Z 24
[1956] = CNOT 24 25
[1957] = T 15
[1958] = Z 15
[1959] = S 24
[1960] = Z 24
[1961] = Z 25
[1962] = H 25
[1963] = CNOT 14 25
[1964] = T 14
[1965] = Z 14
[1966] = CNOT 14 26
[1967] = T 14
[1968] = S 14
[1969] = Z 14
[1970] = CNOT 14 25
[1971] = CNOT 25 26
[1972] = T 25
[1973] = S 25
[1974] = Z 25
[1975] = CNOT 25 26
[1976] = T 14
[1977] = Z 14
[1978] = S 25
[1979] = Z 25
[1980] = Z 26
[1981] = H 26
[1982] = CNOT 13 26
[1983] = T 13
[1984] = Z 13
[1985] = CNOT 13 26
[1986] = CNOT 3 13
[1987] = CNOT 3 26
[1988] = T 3
[1989] = S 3
[1990] = Z 3
[1991] = CNOT 3 13
[1992] = T 3
[1993] = S 3
[1994] = Z 3
[1995] = CNOT 3 26
[1996] = CNOT 13 25
[1997] = T 13
[1998] = Z 13
[1999] = CNOT 13 25
[2000] = CNOT 3 13
[2001] = CNOT 3 25
[2002] = T 3
[2003] = S 3
[2004] = Z 3
[2005] = CNOT 3 13
[2006] = T 3
[2007] = S 3
[2008] = Z 3
[2009] = CNOT 3 25
[2010] = Z 3
[2011] = S 13
[2012] = Z 25
[2013] = S 26
[2014] = Z 26
[2015] = CNOT 3 13
[2016] = S 3
[2017] = Z 3
[2018] = CNOT 3 13
[2019] = H 25
[2020] = CNOT 14 24
[2021] = CNOT 14 25
[2022] = T 14
[2023] = CNOT 14 25
[2024] = T 14
[2025] = S 14
[2026] = CNOT 14 24
[2027] = CNOT 24 25
[2028] = T 24
[2029] = S 24
[2030] = CNOT 24 25
[2031] = T 14
[2032] = S 25
[2033] = CNOT 14 25
[2034] = S 14
[2035] = H 24
[2036] = CNOT 15 23
[2037] = CNOT 15 24
[2038] = T 15
[2039] = CNOT 15 24
[2040] = T 15
[2041] = S 15
[2042] = CNOT 15 23
[2043] = CNOT 23 24
[2044] = T 23
[2045] = S 23
[2046] = CNOT 23 24
[2047] = T 15
[2048] = S 24
[2049] = CNOT 15 24
[2050] = S 15
[2051] = H 23
[2052] = CNOT 16 22
[2053] = CNOT 16 23
[2054] = T 16
[2055] = CNOT 16 23
[2056] = T 16
[2057] = S 16
[2058] = CNOT 16 22
[2059] = CNOT 22 23
[2060] = T 22
[2061] = S 22
[2062] = CNOT 22 23
[2063] = T 16
[2064] = S 23
[2065] = CNOT 16 23
[2066] = S 16
[2067] = H 22
[2068] = CNOT 17 21
[2069] = CNOT 17 22
[2070] = T 17
[2071] = CNOT 17 22
[2072] = T 17
[2073] = S 17
[2074] = CNOT 17 21
[2075] = CNOT 21 22
[2076] = T 21
[2077] = S 21
[2078] = CNOT 21 22
[2079] = T 17
[2080] = S 22
[2081] = CNOT 17 22
[2082] = S 17
[2083] = H 21
[2084] = T 21
[2085] = CNOT 18 21
[2086] = T 18
[2087] = S 18
[2088] = CNOT 18 19
[2089] = T 18
[2090] = CNOT 18 21
[2091] = T 18
[2092] = S 18
[2093] = CNOT 18 19
[2094] = CNOT 19 21
[2095] = T 19
[2096] = S 19
[2097] = CNOT 19 21
[2098] = H 19
[2099] = H 21
[2100] = H 18
[2101] = CNOT 17 21
[2102] = T 17
[2103] = Z 17
[2104] = CNOT 17 22
[2105] = T 17
[2106] = S 17
[2107] = Z 17
[2108] = CNOT 17 21
[2109] = CNOT 21 22
[2110] = T 21
[2111] = S 21
[2112] = Z 21
[2113] = CNOT 21 22
[2114] = T 17
[2115] = Z 17
[2116] = T 18
[2117] = T 19
[2118] = S 21
[2119] = Z 21
[2120] = Z 22
[2121] = H 22
[2122] = CNOT 16 22
[2123] = T 16
[2124] = Z 16
[2125] = CNOT 16 23
[2126] = T 16
[2127] = S 16
[2128] = Z 16
[2129] = CNOT 16 22
[2130] = CNOT 22 23
[2131] = T 22
[2132] = S 22
[2133] = Z 22
[2134] = CNOT 22 23
[2135] = T 16
[2136] = Z 16
[2137] = S 22
[2138] = Z 22
[2139] = Z 23
[2140] = H 23
[2141] = CNOT 15 23
[2142] = T 15
[2143] = Z 15
[2144] = CNOT 15 24
[2145] = T 15
[2146] = S 15
[2147] = Z 15
[2148] = CNOT 15 23
[2149] = CNOT 23 24
[2150] = T 23
[2151] = S 23
[2152] = Z 23
[2153] = CNOT 23 24
[2154] = T 15
[2155] = Z 15
[2156] = S 23
[2157] = Z 23
[2158] = Z 24
[2159] = H 24
[2160] = CNOT 14 24
[2161] = T 14
[2162] = Z 14
[2163] = CNOT 14 25
[2164] = T 14
[2165] = S 14
[2166] = Z 14
[2167] = CNOT 14 24
[2168] = CNOT 24 25
[2169] = T 24
[2170] = S 24
[2171] = Z 24
[2172] = CNOT 24 25
[2173] = T 14
[2174] = Z 14
[2175] = S 24
[2176] = Z 24
[2177] = Z 25
[2178] = H 25
[2179] = CNOT 13 25
[2180] = T 13
[2181] = Z 13
[2182] = CNOT 13 25
[2183] = CNOT 3 13
[2184] = CNOT 3 25
[2185] = T 3
[2186] = S 3
[2187] = Z 3
[2188] = CNOT 3 13
[2189] = T 3
[2190] = S 3
[2191] = Z 3
[2192] = CNOT 3 25
[2193] = CNOT 13 24
[2194] = T 13
[2195] = Z 13
[2196] = CNOT 13 24
[2197] = CNOT 3 13
[2198] = CNOT 3 24
[2199] = T 3
[2200] = S 3
[2201] = Z 3
[2202] = CNOT 3 13
[2203] = T 3
[2204] = S 3
[2205] = Z 3
[2206] = CNOT 3 24
[2207] = Z 3
[2208] = S 13
[2209] = Z 24
[2210] = S 25
[2211] = Z 25
[2212] = CNOT 3 13
[2213] = S 3
[2214] = Z 3
[2215] = CNOT 3 13
[2216] = H 24
[2217] = CNOT 14 23
[2218] = CNOT 14 24
[2219] = T 14
[2220] = CNOT 14 24
[2221] = T 14
[2222] = S 14
[2223] = CNOT 14 23
[2224] = CNOT 23 24
[2225] = T 23
[2226] = S 23
[2227] = CNOT 23 24
[2228] = T 14
[2229] = S 24
[2230] = CNOT 14 24
[2231] = S 14
[2232] = H 23
[2233] = CNOT 15 22
[2234] = CNOT 15 23
[2235] = T 15
[2236] = CNOT 15 23
[2237] = T 15
[2238] = S 15
[2239] = CNOT 15 22
[2240] = CNOT 22 23
[2241] = T 22
[2242] = S 22
[2243] = CNOT 22 23
[2244] = T 15
[2245] = S 23
[2246] = CNOT 15 23
[2247] = S 15
[2248] = H 22
[2249] = CNOT 16 21
[2250] = CNOT 16 22
[2251] = T 16
[2252] = CNOT 16 22
[2253] = T 16
[2254] = S 16
[2255] = CNOT 16 21
[2256] = CNOT 21 22
[2257] = T 21
[2258] = S 21
[2259] = CNOT 21 22
[2260] = T 16
[2261] = S 22
[2262] = CNOT 16 22
[2263] = S 16
[2264] = H 21
[2265] = T 21
[2266] = CNOT 17 21
[2267] = T 17
[2268] = S 17
[2269] = CNOT 17 18
[2270] = T 17
[2271] = CNOT 17 21
[2272] = T 17
[2273] = S 17
[2274] = CNOT 17 18
[2275] = CNOT 18 21
[2276] = T 18
[2277] = S 18
[2278] = CNOT 18 21
[2279] = H 18
[2280] = H 21
[2281] = H 17
[2282] = CNOT 16 21
[2283] = T 16
[2284] = Z 16
[2285] = CNOT 16 22
[2286] = T 16
[2287] = S 16
[2288] = Z 16
[2289] = CNOT 16 21
[2290] = CNOT 21 22
[2291] = T 21
[2292] = S 21
[2293] = Z 21
[2294] = CNOT 21 22
[2295] = T 16
[2296] = Z 16
[2297] = T 17
[2298] = T 18
[2299] = S 21
[2300] = Z 21
[2301] = Z 22
[2302] = H 22
[2303] = CNOT 15 22
[2304] = T 15
[2305] = Z 15
[2306] = CNOT 15 23
[2307] = T 15
[2308] = S 15
[2309] = Z 15
[2310] = CNOT 15 22
[2311] = CNOT 22 23
[2312] = T 22
[2313] = S 22
[2314] = Z 22
[2315] = CNOT 22 23
[2316] = T 15
[2317] = Z 15
[2318] = S 22
[2319] = Z 22
[2320] = Z 23
[2321] = H 23
[2322] = CNOT 14 23
[2323] = T 14
[2324] = Z 14
[2325] = CNOT 14 24
[2326] = T 14
[2327] = S 14
[2328] = Z 14
[2329] = CNOT 14 23
[2330] = CNOT 23 24
[2331] = T 23
[2332] = S 23
[2333] = Z 23
[2334] = CNOT 23 24
[2335] = T 14
[2336] = Z 14
[2337] = S 23
[2338] = Z 23
[2339] = Z 24
[2340] = H 24
[2341] = CNOT 13 24
[2342] = T 13
[2343] = Z 13
[2344] = CNOT 13 24
[2345] = CNOT 3 13
[2346] = CNOT 3 24
[2347] = T 3
[2348] = S 3
[2349] = Z 3
[2350] = CNOT 3 13
[2351] = T 3
[2352] = S 3
[2353] = Z 3
[2354] = CNOT 3 24
[2355] = CNOT 13 23
[2356] = T 13
[2357] = Z 13
[2358] = CNOT 13 23
[2359] = CNOT 3 13
[2360] = CNOT 3 23
[2361] = T 3
[2362] = S 3
[2363] = Z 3
[2364] = CNOT 3 13
[2365] = T 3
[2366] = S 3
[2367] = Z 3
[2368] = CNOT 3 23
[2369] = Z 3
[2370] = S 13
[2371] = Z 23
[2372] = S 24
[2373] = Z 24
[2374] = CNOT 3 13
[2375] = S 3
[2376] = Z 3
[2377] = CNOT 3 13
[2378] = H 23
[2379] = CNOT 14 22
[2380] = CNOT 14 23
[2381] = T 14
[2382] = CNOT 14 23
[2383] = T 14
[2384] = S 14
[2385] = CNOT 14 22
[2386] = CNOT 22 23
[2387] = T 22
[2388] = S 22
[2389] = CNOT 22 23
[2390] = T 14
[2391] = S 23
[2392] = CNOT 14 23
[2393] = S 14
[2394] = H 22
[2395] = CNOT 15 21
[2396] = CNOT 15 22
[2397] = T 15
[2398] = CNOT 15 22
[2399] = T 15
[2400] = S 15
[2401] = CNOT 15 21
[2402] = CNOT 21 22
[2403] = T 21
[2404] = S 21
[2405] = CNOT 21 22
[2406] = T 15
[2407] = S 22
[2408] = CNOT 15 22
[2409] = S 15
[2410] = H 21
[2411] = T 21
[2412] = CNOT 16 21
[2413] = T 16
[2414] = S 16
[2415] = CNOT 16 17
[2416] = T 16
[2417] = CNOT 16 21
[2418] = T 16
[2419] = S 16
[2420] = CNOT 16 17
[2421] = CNOT 17 21
[2422] = T 17
[2423] = S 17
[2424] = CNOT 17 21
[2425] = H 17
[2426] = H 21
[2427] = H 16
[2428] = CNOT 15 21
[2429] = T 15
[2430] = Z 15
[2431] = CNOT 15 22
[2432] = T 15
[2433] = S 15
[2434] = Z 15
[2435] = CNOT 15 21
[2436] = CNOT 21 22
[2437] = T 21
[2438] = S 21
[2439] = Z 21
[2440] = CNOT 21 22
[2441] = T 15
[2442] = Z 15
[2443] = T 16
[2444] = T 17
[2445] = S 21
[2446] = Z 21
[2447] = Z 22
[2448] = H 22
[2449] = CNOT 14 22
[2450] = T 14
[2451] = Z 14
[2452] = CNOT 14 23
[2453] = T 14
[2454] = S 14
[2455] = Z 14
[2456] = CNOT 14 22
[2457] = CNOT 22 23
[2458] = T 22
[2459] = S 22
[2460] = Z 22
[2461] = CNOT 22 23
[2462] = T 14
[2463] = Z 14
[2464] = S 22
[2465] = Z 22
[2466] = Z 23
[2467] = H 23
[2468] = CNOT 13 23
[2469] = T 13
[2470] = Z 13
[2471] = CNOT 13 23
[2472] = CNOT 3 13
[2473] = CNOT 3 23
[2474] = T 3
[2475] = S 3
[2476] = Z 3
[2477] = CNOT 3 13
[2478] = T 3
[2479] = S 3
[2480] = Z 3
[2481] = CNOT 3 23
[2482] = CNOT 13 22
[2483] = T 13
[2484] = Z 13
[2485] = CNOT 13 22
[2486] = CNOT 3 13
[2487] = CNOT 3 22
[2488] = T 3
[2489] = S 3
[2490] = Z 3
[2491] = CNOT 3 13
[2492] = T 3
[2493] = S 3
[2494] = Z 3
[2495] = CNOT 3 22
[2496] = Z 3
[2497] = S 13
[2498] = Z 22
[2499] = S 23
[2500] = Z 23
[2501] = CNOT 3 13
[2502] = S 3
[2503] = Z 3
[2504] = CNOT 3 13
[2505] = H 22
[2506] = CNOT 14 21
[2507] = CNOT 14 22
[2508] = T 14
[2509] = CNOT 14 22
[2510] = T 14
[2511] = S 14
[2512] = CNOT 14 21
[2513] = CNOT 21 22
[2514] = T 21
[2515] = S 21
[2516] = CNOT 21 22
[2517] = T 14
[2518] = S 22
[2519] = CNOT 14 22
[2520] = S 14
[2521] = H 21
[2522] = T 21
[2523] = CNOT 15 21
[2524] = T 15
[2525] = S 15
[2526] = CNOT 15 16
[2527] = T 15
[2528] = CNOT 15 21
[2529] = T 15
[2530] = S 15
[2531] = CNOT 15 16
[2532] = CNOT 16 21
[2533] = T 16
[2534] = S 16
[2535] = CNOT 16 21
[2536] = H 16
[2537] = H 21
[2538] = H 15
[2539] = CNOT 14 21
[2540] = T 14
[2541] = Z 14
[2542] = CNOT 14 22
[2543] = T 14
[2544] = S 14
[2545] = Z 14
[2546] = CNOT 14 21
[2547] = CNOT 21 22
[2548] = T 21
[2549] = S 21
[2550] = Z 21
[2551] = CNOT 21 22
[2552] = T 14
[2553] = Z 14
[2554] = T 15
[2555] = T 16
[2556] = S 21
[2557] = Z 21
[2558] = Z 22
[2559] = H 22
[2560] = CNOT 13 22
[2561] = T 13
[2562] = Z 13
[2563] = CNOT 13 22
[2564] = CNOT 3 13
[2565] = CNOT 3 22
[2566] = T 3
[2567] = S 3
[2568] = Z 3
[2569] = CNOT 3 13
[2570] = T 3
[2571] = S 3
[2572] = Z 3
[2573] = CNOT 3 22
[2574] = CNOT 13 21
[2575] = T 13
[2576] = Z 13
[2577] = CNOT 13 21
[2578] = CNOT 3 13
[2579] = CNOT 3 21
[2580] = T 3
[2581] = S 3
[2582] = Z 3
[2583] = CNOT 3 13
[2584] = T 3
[2585] = S 3
[2586] = Z 3
[2587] = CNOT 3 21
[2588] = Z 3
[2589] = S 13
[2590] = Z 21
[2591] = S 22
[2592] = Z 22
[2593] = CNOT 3 13
[2594] = S 3
[2595] = Z 3
[2596] = CNOT 3 13
[2597] = H 21
[2598] = T 21
[2599] = CNOT 14 21
[2600] = T 14
[2601] = S 14
[2602] = CNOT 14 15
[2603] = T 14
[2604] = CNOT 14 21
[2605] = T 14
[2606] = S 14
[2607] = CNOT 14 15
[2608] = CNOT 15 21
[2609] = T 15
[2610] = S 15
[2611] = CNOT 15 21
[2612] = H 15
[2613] = H 21
[2614] = H 14
[2615] = T 15
[2616] = T 3
[2617] = S 3
[2618] = CNOT 26 27
[2619] = T 26
[2620] = S 26
[2621] = CNOT 26 27
[2622] = CNOT 13 26
[2623] = T 13
[2624] = S 13
[2625] = CNOT 13 26
[2626] = CNOT 13 14
[2627] = CNOT 13 21
[2628] = T 13
[2629] = S 13
[2630] = Z 13
[2631] = CNOT 13 21
[2632] = CNOT 13 14
[2633] = T 21
[2634] = Z 21
[2635] = CNOT 14 21
[2636] = T 14
[2637] = CNOT 14 21
[2638] = CNOT 3 14
[2639] = CNOT 3 21
[2640] = T 3
[2641] = S 3
[2642] = Z 3
[2643] = CNOT 3 13
[2644] = T 3
[2645] = CNOT 3 21
[2646] = CNOT 3 14
[2647] = CNOT 3 13
[2648] = CNOT 13 26
[2649] = CNOT 13 27
[2650] = T 13
[2651] = CNOT 13 27
[2652] = CNOT 13 26
[2653] = Z 13
[2654] = Z 14
[2655] = CNOT 3 13
[2656] = S 3
[2657] = Z 3
[2658] = CNOT 3 13
[2659] = CNOT 13 14
[2660] = S 13
[2661] = Z 13
[2662] = CNOT 13 14
[2663] = CNOT 13 21
[2664] = S 13
[2665] = Z 13
[2666] = CNOT 13 21
[2667] = CNOT 13 27
[2668] = S 13
[2669] = CNOT 13 27
[2670] = CNOT 3 13
[2671] = CNOT 3 14
[2672] = S 3
[2673] = Z 3
[2674] = CNOT 3 14
[2675] = CNOT 3 21
[2676] = S 3
[2677] = Z 3
[2678] = CNOT 3 21
[2679] = CNOT 3 13
[2680] = CNOT 13 27
[2681] = H 14
[2682] = H 26
[2683] = CNOT 14 25
[2684] = CNOT 14 26
[2685] = T 14
[2686] = CNOT 14 26
[2687] = T 14
[2688] = S 14
[2689] = CNOT 14 25
[2690] = CNOT 25 26
[2691] = T 25
[2692] = S 25
[2693] = CNOT 25 26
[2694] = S 14
[2695] = S 26
[2696] = CNOT 14 26
[2697] = S 14
[2698] = H 25
[2699] = CNOT 15 24
[2700] = CNOT 15 25
[2701] = T 15
[2702] = CNOT 15 25
[2703] = T 15
[2704] = S 15
[2705] = CNOT 15 24
[2706] = CNOT 24 25
[2707] = T 24
[2708] = S 24
[2709] = CNOT 24 25
[2710] = T 15
[2711] = S 25
[2712] = CNOT 15 25
[2713] = S 15
[2714] = H 24
[2715] = CNOT 16 23
[2716] = CNOT 16 24
[2717] = T 16
[2718] = CNOT 16 24
[2719] = T 16
[2720] = S 16
[2721] = CNOT 16 23
[2722] = CNOT 23 24
[2723] = T 23
[2724] = S 23
[2725] = CNOT 23 24
[2726] = T 16
[2727] = S 24
[2728] = CNOT 16 24
[2729] = S 16
[2730] = H 23
[2731] = CNOT 17 22
[2732] = CNOT 17 23
[2733] = T 17
[2734] = CNOT 17 23
[2735] = T 17
[2736] = S 17
[2737] = CNOT 17 22
[2738] = CNOT 22 23
[2739] = T 22
[2740] = S 22
[2741] = CNOT 22 23
[2742] = T 17
[2743] = S 23
[2744] = CNOT 17 23
[2745] = S 17
[2746] = H 22
[2747] = CNOT 18 21
[2748] = CNOT 18 22
[2749] = T 18
[2750] = CNOT 18 22
[2751] = T 18
[2752] = S 18
[2753] = CNOT 18 21
[2754] = CNOT 21 22
[2755] = T 21
[2756] = S 21
[2757] = CNOT 21 22
[2758] = T 18
[2759] = S 22
[2760] = CNOT 18 22
[2761] = S 18
[2762] = H 21
[2763] = T 21
[2764] = CNOT 19 21
[2765] = T 19
[2766] = S 19
[2767] = CNOT 19 20
[2768] = T 19
[2769] = CNOT 19 21
[2770] = T 19
[2771] = S 19
[2772] = CNOT 19 20
[2773] = CNOT 20 21
[2774] = T 20
[2775] = S 20
[2776] = CNOT 20 21
[2777] = T 20
[2778] = H 21
[2779] = H 19
[2780] = CNOT 18 21
[2781] = T 18
[2782] = Z 18
[2783] = CNOT 18 22
[2784] = T 18
[2785] = S 18
[2786] = Z 18
[2787] = CNOT 18 21
[2788] = CNOT 21 22
[2789] = T 21
[2790] = S 21
[2791] = Z 21
[2792] = CNOT 21 22
[2793] = T 18
[2794] = Z 18
[2795] = T 19
[2796] = S 21
[2797] = Z 21
[2798] = Z 22
[2799] = H 22
[2800] = CNOT 17 22
[2801] = T 17
[2802] = Z 17
[2803] = CNOT 17 23
[2804] = T 17
[2805] = S 17
[2806] = Z 17
[2807] = CNOT 17 22
[2808] = CNOT 22 23
[2809] = T 22
[2810] = S 22
[2811] = Z 22
[2812] = CNOT 22 23
[2813] = T 17
[2814] = Z 17
[2815] = S 22
[2816] = Z 22
[2817] = Z 23
[2818] = H 23
[2819] = CNOT 16 23
[2820] = T 16
[2821] = Z 16
[2822] = CNOT 16 24
[2823] = T 16
[2824] = S 16
[2825] = Z 16
[2826] = CNOT 16 23
[2827] = CNOT 23 24
[2828] = T 23
[2829] = S 23
[2830] = Z 23
[2831] = CNOT 23 24
[2832] = T 16
[2833] = Z 16
[2834] = S 23
[2835] = Z 23
[2836] = Z 24
[2837] = H 24
[2838] = CNOT 15 24
[2839] = T 15
[2840] = Z 15
[2841] = CNOT 15 25
[2842] = T 15
[2843] = S 15
[2844] = Z 15
[2845] = CNOT 15 24
[2846] = CNOT 24 25
[2847] = T 24
[2848] = S 24
[2849] = Z 24
[2850] = CNOT 24 25
[2851] = T 15
[2852] = Z 15
[2853] = S 24
[2854] = Z 24
[2855] = Z 25
[2856] = H 25
[2857] = CNOT 14 25
[2858] = T 14
[2859] = Z 14
[2860] = CNOT 14 26
[2861] = T 14
[2862] = S 14
[2863] = Z 14
[2864] = CNOT 14 25
[2865] = CNOT 25 26
[2866] = T 25
[2867] = S 25
[2868] = Z 25
[2869] = CNOT 25 26
[2870] = T 14
[2871] = Z 14
[2872] = S 25
[2873] = Z 25
[2874] = Z 26
[2875] = H 26
[2876] = CNOT 13 26
[2877] = T 13
[2878] = Z 13
[2879] = CNOT 13 27
[2880] = T 13
[2881] = S 13
[2882] = Z 13
[2883] = CNOT 13 26
[2884] = CNOT 26 27
[2885] = T 26
[2886] = S 26
[2887] = Z 26
[2888] = CNOT 26 27
[2889] = T 13
[2890] = Z 13
[2891] = S 26
[2892] = Z 26
[2893] = Z 27
[2894] = H 27
[2895] = CNOT 12 27
[2896] = T 12
[2897] = Z 12
[2898] = CNOT 12 27
[2899] = CNOT 2 12
[2900] = CNOT 2 27
[2901] = T 2
[2902] = S 2
[2903] = Z 2
[2904] = CNOT 2 12
[2905] = T 2
[2906] = S 2
[2907] = Z 2
[2908] = CNOT 2 27
[2909] = CNOT 12 26
[2910] = T 12
[2911] = Z 12
[2912] = CNOT 12 26
[2913] = CNOT 2 12
[2914] = CNOT 2 26
[2915] = T 2
[2916] = S 2
[2917] = Z 2
[2918] = CNOT 2 12
[2919] = T 2
[2920] = S 2
[2921] = Z 2
[2922] = CNOT 2 26
[2923] = Z 2
[2924] = S 12
[2925] = Z 26
[2926] = S 27
[2927] = Z 27
[2928] = CNOT 2 12
[2929] = S 2
[2930] = Z 2
[2931] = CNOT 2 12
[2932] = H 26
[2933] = CNOT 13 25
[2934] = CNOT 13 26
[2935] = T 13
[2936] = CNOT 13 26
[2937] = T 13
[2938] = S 13
[2939] = CNOT 13 25
[2940] = CNOT 25 26
[2941] = T 25
[2942] = S 25
[2943] = CNOT 25 26
[2944] = T 13
[2945] = S 26
[2946] = CNOT 13 26
[2947] = S 13
[2948] = H 25
[2949] = CNOT 14 24
[2950] = CNOT 14 25
[2951] = T 14
[2952] = CNOT 14 25
[2953] = T 14
[2954] = S 14
[2955] = CNOT 14 24
[2956] = CNOT 24 25
[2957] = T 24
[2958] = S 24
[2959] = CNOT 24 25
[2960] = T 14
[2961] = S 25
[2962] = CNOT 14 25
[2963] = S 14
[2964] = H 24
[2965] = CNOT 15 23
[2966] = CNOT 15 24
[2967] = T 15
[2968] = CNOT 15 24
[2969] = T 15
[2970] = S 15
[2971] = CNOT 15 23
[2972] = CNOT 23 24
[2973] = T 23
[2974] = S 23
[2975] = CNOT 23 24
[2976] = T 15
[2977] = S 24
[2978] = CNOT 15 24
[2979] = S 15
[2980] = H 23
[2981] = CNOT 16 22
[2982] = CNOT 16 23
[2983] = T 16
[2984] = CNOT 16 23
[2985] = T 16
[2986] = S 16
[2987] = CNOT 16 22
[2988] = CNOT 22 23
[2989] = T 22
[2990] = S 22
[2991] = CNOT 22 23
[2992] = T 16
[2993] = S 23
[2994] = CNOT 16 23
[2995] = S 16
[2996] = H 22
[2997] = CNOT 17 21
[2998] = CNOT 17 22
[2999] = T 17
[3000] = CNOT 17 22
[3001] = T 17
[3002] = S 17
[3003] = CNOT 17 21
[3004] = CNOT 21 22
[3005] = T 21
[3006] = S 21
[3007] = CNOT 21 22
[3008] = T 17
[3009] = S 22
[3010] = CNOT 17 22
[3011] = S 17
[3012] = H 21
[3013] = T 21
[3014] = CNOT 18 21
[3015] = T 18
[3016] = S 18
[3017] = CNOT 18 19
[3018] = T 18
[3019] = CNOT 18 21
[3020] = T 18
[3021] = S 18
[3022] = CNOT 18 19
[3023] = CNOT 19 21
[3024] = T 19
[3025] = S 19
[3026] = CNOT 19 21
[3027] = H 19
[3028] = H 21
[3029] = H 18
[3030] = CNOT 17 21
[3031] = T 17
[3032] = Z 17
[3033] = CNOT 17 22
[3034] = T 17
[3035] = S 17
[3036] = Z 17
[3037] = CNOT 17 21
[3038] = CNOT 21 22
[3039] = T 21
[3040] = S 21
[3041] = Z 21
[3042] = CNOT 21 22
[3043] = T 17
[3044] = Z 17
[3045] = T 18
[3046] = T 19
[3047] = S 21
[3048] = Z 21
[3049] = Z 22
[3050] = H 22
[3051] = CNOT 16 22
[3052] = T 16
[3053] = Z 16
[3054] = CNOT 16 23
[3055] = T 16
[3056] = S 16
[3057] = Z 16
[3058] = CNOT 16 22
[3059] = CNOT 22 23
[3060] = T 22
[3061] = S 22
[3062] = Z 22
[3063] = CNOT 22 23
[3064] = T 16
[3065] = Z 16
[3066] = S 22
[3067] = Z 22
[3068] = Z 23
[3069] = H 23
[3070] = CNOT 15 23
[3071] = T 15
[3072] = Z 15
[3073] = CNOT 15 24
[3074] = T 15
[3075] = S 15
[3076] = Z 15
[3077] = CNOT 15 23
[3078] = CNOT 23 24
[3079] = T 23
[3080] = S 23
[3081] = Z 23
[3082] = CNOT 23 24
[3083] = T 15
[3084] = Z 15
[3085] = S 23
[3086] = Z 23
[3087] = Z 24
[3088] = H 24
[3089] = CNOT 14 24
[3090] = T 14
[3091] = Z 14
[3092] = CNOT 14 25
[3093] = T 14
[3094] = S 14
[3095] = Z 14
[3096] = CNOT 14 24
[3097] = CNOT 24 25
[3098] = T 24
[3099] = S 24
[3100] = Z 24
[3101] = CNOT 24 25
[3102] = T 14
[3103] = Z 14
[3104] = S 24
[3105] = Z 24
[3106] = Z 25
[3107] = H 25
[3108] = CNOT 13 25
[3109] = T 13
[3110] = Z 13
[3111] = CNOT 13 26
[3112] = T 13
[3113] = S 13
[3114] = Z 13
[3115] = CNOT 13 25
[3116] = CNOT 25 26
[3117] = T 25
[3118] = S 25
[3119] = Z 25
[3120] = CNOT 25 26
[3121] = T 13
[3122] = Z 13
[3123] = S 25
[3124] = Z 25
[3125] = Z 26
[3126] = H 26
[3127] = CNOT 12 26
[3128] = T 12
[3129] = Z 12
[3130] = CNOT 12 26
[3131] = CNOT 2 12
[3132] = CNOT 2 26
[3133] = T 2
[3134] = S 2
[3135] = Z 2
[3136] = CNOT 2 12
[3137] = T 2
[3138] = S 2
[3139] = Z 2
[3140] = CNOT 2 26
[3141] = CNOT 12 25
[3142] = T 12
[3143] = Z 12
[3144] = CNOT 12 25
[3145] = CNOT 2 12
[3146] = CNOT 2 25
[3147] = T 2
[3148] = S 2
[3149] = Z 2
[3150] = CNOT 2 12
[3151] = T 2
[3152] = S 2
[3153] = Z 2
[3154] = CNOT 2 25
[3155] = Z 2
[3156] = S 12
[3157] = Z 25
[3158] = S 26
[3159] = Z 26
[3160] = CNOT 2 12
[3161] = S 2
[3162] = Z 2
[3163] = CNOT 2 12
[3164] = H 25
[3165] = CNOT 13 24
[3166] = CNOT 13 25
[3167] = T 13
[3168] = CNOT 13 25
[3169] = T 13
[3170] = S 13
[3171] = CNOT 13 24
[3172] = CNOT 24 25
[3173] = T 24
[3174] = S 24
[3175] = CNOT 24 25
[3176] = T 13
[3177] = S 25
[3178] = CNOT 13 25
[3179] = S 13
[3180] = H 24
[3181] = CNOT 14 23
[3182] = CNOT 14 24
[3183] = T 14
[3184] = CNOT 14 24
[3185] = T 14
[3186] = S 14
[3187] = CNOT 14 23
[3188] = CNOT 23 24
[3189] = T 23
[3190] = S 23
[3191] = CNOT 23 24
[3192] = T 14
[3193] = S 24
[3194] = CNOT 14 24
[3195] = S 14
[3196] = H 23
[3197] = CNOT 15 22
[3198] = CNOT 15 23
[3199] = T 15
[3200] = CNOT 15 23
[3201] = T 15
[3202] = S 15
[3203] = CNOT 15 22
[3204] = CNOT 22 23
[3205] = T 22
[3206] = S 22
[3207] = CNOT 22 23
[3208] = T 15
[3209] = S 23
[3210] = CNOT 15 23
[3211] = S 15
[3212] = H 22
[3213] = CNOT 16 21
[3214] = CNOT 16 22
[3215] = T 16
[3216] = CNOT 16 22
[3217] = T 16
[3218] = S 16
[3219] = CNOT 16 21
[3220] = CNOT 21 22
[3221] = T 21
[3222] = S 21
[3223] = CNOT 21 22
[3224] = T 16
[3225] = S 22
[3226] = CNOT 16 22
[3227] = S 16
[3228] = H 21
[3229] = T 21
[3230] = CNOT 17 21
[3231] = T 17
[3232] = S 17
[3233] = CNOT 17 18
[3234] = T 17
[3235] = CNOT 17 21
[3236] = T 17
[3237] = S 17
[3238] = CNOT 17 18
[3239] = CNOT 18 21
[3240] = T 18
[3241] = S 18
[3242] = CNOT 18 21
[3243] = H 18
[3244] = H 21
[3245] = H 17
[3246] = CNOT 16 21
[3247] = T 16
[3248] = Z 16
[3249] = CNOT 16 22
[3250] = T 16
[3251] = S 16
[3252] = Z 16
[3253] = CNOT 16 21
[3254] = CNOT 21 22
[3255] = T 21
[3256] = S 21
[3257] = Z 21
[3258] = CNOT 21 22
[3259] = T 16
[3260] = Z 16
[3261] = T 17
[3262] = T 18
[3263] = S 21
[3264] = Z 21
[3265] = Z 22
[3266] = H 22
[3267] = CNOT 15 22
[3268] = T 15
[3269] = Z 15
[3270] = CNOT 15 23
[3271] = T 15
[3272] = S 15
[3273] = Z 15
[3274] = CNOT 15 22
[3275] = CNOT 22 23
[3276] = T 22
[3277] = S 22
[3278] = Z 22
[3279] = CNOT 22 23
[3280] = T 15
[3281] = Z 15
[3282] = S 22
[3283] = Z 22
[3284] = Z 23
[3285] = H 23
[3286] = CNOT 14 23
[3287] = T 14
[3288] = Z 14
[3289] = CNOT 14 24
[3290] = T 14
[3291] = S 14
[3292] = Z 14
[3293] = CNOT 14 23
[3294] = CNOT 23 24
[3295] = T 23
[3296] = S 23
[3297] = Z 23
[3298] = CNOT 23 24
[3299] = T 14
[3300] = Z 14
[3301] = S 23
[3302] = Z 23
[3303] = Z 24
[3304] = H 24
[3305] = CNOT 13 24
[3306] = T 13
[3307] = Z 13
[3308] = CNOT 13 25
[3309] = T 13
[3310] = S 13
[3311] = Z 13
[3312] = CNOT 13 24
[3313] = CNOT 24 25
[3314] = T 24
[3315] = S 24
[3316] = Z 24
[3317] = CNOT 24 25
[3318] = T 13
[3319] = Z 13
[3320] = S 24
[3321] = Z 24
[3322] = Z 25
[3323] = H 25
[3324] = CNOT 12 25
[3325] = T 12
[3326] = Z 12
[3327] = CNOT 12 25
[3328] = CNOT 2 12
[3329] = CNOT 2 25
[3330] = T 2
[3331] = S 2
[3332] = Z 2
[3333] = CNOT 2 12
[3334] = T 2
[3335] = S 2
[3336] = Z 2
[3337] = CNOT 2 25
[3338] = CNOT 12 24
[3339] = T 12
[3340] = Z 12
[3341] = CNOT 12 24
[3342] = CNOT 2 12
[3343] = CNOT 2 24
[3344] = T 2
[3345] = S 2
[3346] = Z 2
[3347] = CNOT 2 12
[3348] = T 2
[3349] = S 2
[3350] = Z 2
[3351] = CNOT 2 24
[3352] = Z 2
[3353] = S 12
[3354] = Z 24
[3355] = S 25
[3356] = Z 25
[3357] = CNOT 2 12
[3358] = S 2
[3359] = Z 2
[3360] = CNOT 2 12
[3361] = H 24
[3362] = CNOT 13 23
[3363] = CNOT 13 24
[3364] = T 13
[3365] = CNOT 13 24
[3366] = T 13
[3367] = S 13
[3368] = CNOT 13 23
[3369] = CNOT 23 24
[3370] = T 23
[3371] = S 23
[3372] = CNOT 23 24
[3373] = T 13
[3374] = S 24
[3375] = CNOT 13 24
[3376] = S 13
[3377] = H 23
[3378] = CNOT 14 22
[3379] = CNOT 14 23
[3380] = T 14
[3381] = CNOT 14 23
[3382] = T 14
[3383] = S 14
[3384] = CNOT 14 22
[3385] = CNOT 22 23
[3386] = T 22
[3387] = S 22
[3388] = CNOT 22 23
[3389] = T 14
[3390] = S 23
[3391] = CNOT 14 23
[3392] = S 14
[3393] = H 22
[3394] = CNOT 15 21
[3395] = CNOT 15 22
[3396] = T 15
[3397] = CNOT 15 22
[3398] = T 15
[3399] = S 15
[3400] = CNOT 15 21
[3401] = CNOT 21 22
[3402] = T 21
[3403] = S 21
[3404] = CNOT 21 22
[3405] = T 15
[3406] = S 22
[3407] = CNOT 15 22
[3408] = S 15
[3409] = H 21
[3410] = T 21
[3411] = CNOT 16 21
[3412] = T 16
[3413] = S 16
[3414] = CNOT 16 17
[3415] = T 16
[3416] = CNOT 16 21
[3417] = T 16
[3418] = S 16
[3419] = CNOT 16 17
[3420] = CNOT 17 21
[3421] = T 17
[3422] = S 17
[3423] = CNOT 17 21
[3424] = H 17
[3425] = H 21
[3426] = H 16
[3427] = CNOT 15 21
[3428] = T 15
[3429] = Z 15
[3430] = CNOT 15 22
[3431] = T 15
[3432] = S 15
[3433] = Z 15
[3434] = CNOT 15 21
[3435] = CNOT 21 22
[3436] = T 21
[3437] = S 21
[3438] = Z 21
[3439] = CNOT 21 22
[3440] = T 15
[3441] = Z 15
[3442] = T 16
[3443] = T 17
[3444] = S 21
[3445] = Z 21
[3446] = Z 22
[3447] = H 22
[3448] = CNOT 14 22
[3449] = T 14
[3450] = Z 14
[3451] = CNOT 14 23
[3452] = T 14
[3453] = S 14
[3454] = Z 14
[3455] = CNOT 14 22
[3456] = CNOT 22 23
[3457] = T 22
[3458] = S 22
[3459] = Z 22
[3460] = CNOT 22 23
[3461] = T 14
[3462] = Z 14
[3463] = S 22
[3464] = Z 22
[3465] = Z 23
[3466] = H 23
[3467] = CNOT 13 23
[3468] = T 13
[3469] = Z 13
[3470] = CNOT 13 24
[3471] = T 13
[3472] = S 13
[3473] = Z 13
[3474] = CNOT 13 23
[3475] = CNOT 23 24
[3476] = T 23
[3477] = S 23
[3478] = Z 23
[3479] = CNOT 23 24
[3480] = T 13
[3481] = Z 13
[3482] = S 23
[3483] = Z 23
[3484] = Z 24
[3485] = H 24
[3486] = CNOT 12 24
[3487] = T 12
[3488] = Z 12
[3489] = CNOT 12 24
[3490] = CNOT 2 12
[3491] = CNOT 2 24
[3492] = T 2
[3493] = S 2
[3494] = Z 2
[3495] = CNOT 2 12
[3496] = T 2
[3497] = S 2
[3498] = Z 2
[3499] = CNOT 2 24
[3500] = CNOT 12 23
[3501] = T 12
[3502] = Z 12
[3503] = CNOT 12 23
[3504] = CNOT 2 12
[3505] = CNOT 2 23
[3506] = T 2
[3507] = S 2
[3508] = Z 2
[3509] = CNOT 2 12
[3510] = T 2
[3511] = S 2
[3512] = Z 2
[3513] = CNOT 2 23
[3514] = Z 2
[3515] = S 12
[3516] = Z 23
[3517] = S 24
[3518] = Z 24
[3519] = CNOT 2 12
[3520] = S 2
[3521] = Z 2
[3522] = CNOT 2 12
[3523] = H 23
[3524] = CNOT 13 22
[3525] = CNOT 13 23
[3526] = T 13
[3527] = CNOT 13 23
[3528] = T 13
[3529] = S 13
[3530] = CNOT 13 22
[3531] = CNOT 22 23
[3532] = T 22
[3533] = S 22
[3534] = CNOT 22 23
[3535] = T 13
[3536] = S 23
[3537] = CNOT 13 23
[3538] = S 13
[3539] = H 22
[3540] = CNOT 14 21
[3541] = CNOT 14 22
[3542] = T 14
[3543] = CNOT 14 22
[3544] = T 14
[3545] = S 14
[3546] = CNOT 14 21
[3547] = CNOT 21 22
[3548] = T 21
[3549] = S 21
[3550] = CNOT 21 22
[3551] = T 14
[3552] = S 22
[3553] = CNOT 14 22
[3554] = S 14
[3555] = H 21
[3556] = T 21
[3557] = CNOT 15 21
[3558] = T 15
[3559] = S 15
[3560] = CNOT 15 16
[3561] = T 15
[3562] = CNOT 15 21
[3563] = T 15
[3564] = S 15
[3565] = CNOT 15 16
[3566] = CNOT 16 21
[3567] = T 16
[3568] = S 16
[3569] = CNOT 16 21
[3570] = H 16
[3571] = H 21
[3572] = H 15
[3573] = CNOT 14 21
[3574] = T 14
[3575] = Z 14
[3576] = CNOT 14 22
[3577] = T 14
[3578] = S 14
[3579] = Z 14
[3580] = CNOT 14 21
[3581] = CNOT 21 22
[3582] = T 21
[3583] = S 21
[3584] = Z 21
[3585] = CNOT 21 22
[3586] = T 14
[3587] = Z 14
[3588] = T 15
[3589] = T 16
[3590] = S 21
[3591] = Z 21
[3592] = Z 22
[3593] = H 22
[3594] = CNOT 13 22
[3595] = T 13
[3596] = Z 13
[3597] = CNOT 13 23
[3598] = T 13
[3599] = S 13
[3600] = Z 13
[3601] = CNOT 13 22
[3602] = CNOT 22 23
[3603] = T 22
[3604] = S 22
[3605] = Z 22
[3606] = CNOT 22 23
[3607] = T 13
[3608] = Z 13
[3609] = S 22
[3610] = Z 22
[3611] = Z 23
[3612] = H 23
[3613] = CNOT 12 23
[3614] = T 12
[3615] = Z 12
[3616] = CNOT 12 23
[3617] = CNOT 2 12
[3618] = CNOT 2 23
[3619] = T 2
[3620] = S 2
[3621] = Z 2
[3622] = CNOT 2 12
[3623] = T 2
[3624] = S 2
[3625] = Z 2
[3626] = CNOT 2 23
[3627] = CNOT 12 22
[3628] = T 12
[3629] = Z 12
[3630] = CNOT 12 22
[3631] = CNOT 2 12
[3632] = CNOT 2 22
[3633] = T 2
[3634] = S 2
[3635] = Z 2
[3636] = CNOT 2 12
[3637] = T 2
[3638] = S 2
[3639] = Z 2
[3640] = CNOT 2 22
[3641] = Z 2
[3642] = S 12
[3643] = Z 22
[3644] = S 23
[3645] = Z 23
[3646] = CNOT 2 12
[3647] = S 2
[3648] = Z 2
[3649] = CNOT 2 12
[3650] = H 22
[3651] = CNOT 13 21
[3652] = CNOT 13 22
[3653] = T 13
[3654] = CNOT 13 22
[3655] = T 13
[3656] = S 13
[3657] = CNOT 13 21
[3658] = CNOT 21 22
[3659] = T 21
[3660] = S 21
[3661] = CNOT 21 22
[3662] = T 13
[3663] = S 22
[3664] = CNOT 13 22
[3665] = S 13
[3666] = H 21
[3667] = T 21
[3668] = CNOT 14 21
[3669] = T 14
[3670] = S 14
[3671] = CNOT 14 15
[3672] = T 14
[3673] = CNOT 14 21
[3674] = T 14
[3675] = S 14
[3676] = CNOT 14 15
[3677] = CNOT 15 21
[3678] = T 15
[3679] = S 15
[3680] = CNOT 15 21
[3681] = H 15
[3682] = H 21
[3683] = H 14
[3684] = CNOT 13 21
[3685] = T 13
[3686] = Z 13
[3687] = CNOT 13 22
[3688] = T 13
[3689] = S 13
[3690] = Z 13
[3691] = CNOT 13 21
[3692] = CNOT 21 22
[3693] = T 21
[3694] = S 21
[3695] = Z 21
[3696] = CNOT 21 22
[3697] = T 13
[3698] = Z 13
[3699] = T 14
[3700] = T 15
[3701] = S 21
[3702] = Z 21
[3703] = Z 22
[3704] = H 22
[3705] = CNOT 12 22
[3706] = T 12
[3707] = Z 12
[3708] = CNOT 12 22
[3709] = CNOT 2 12
[3710] = CNOT 2 22
[3711] = T 2
[3712] = S 2
[3713] = Z 2
[3714] = CNOT 2 12
[3715] = T 2
[3716] = S 2
[3717] = Z 2
[3718] = CNOT 2 22
[3719] = CNOT 12 21
[3720] = T 12
[3721] = Z 12
[3722] = CNOT 12 21
[3723] = CNOT 2 12
[3724] = CNOT 2 21
[3725] = T 2
[3726] = S 2
[3727] = Z 2
[3728] = CNOT 2 12
[3729] = T 2
[3730] = S 2
[3731] = Z 2
[3732] = CNOT 2 21
[3733] = Z 2
[3734] = S 12
[3735] = Z 21
[3736] = S 22
[3737] = Z 22
[3738] = CNOT 2 12
[3739] = S 2
[3740] = Z 2
[3741] = CNOT 2 12
[3742] = H 21
[3743] = T 21
[3744] = CNOT 13 21
[3745] = T 13
[3746] = S 13
[3747] = CNOT 13 14
[3748] = T 13
[3749] = CNOT 13 21
[3750] = T 13
[3751] = S 13
[3752] = CNOT 13 14
[3753] = CNOT 14 21
[3754] = T 14
[3755] = S 14
[3756] = CNOT 14 21
[3757] = H 14
[3758] = H 21
[3759] = H 13
[3760] = T 14
[3761] = T 2
[3762] = S 2
[3763] = CNOT 27 28
[3764] = T 27
[3765] = S 27
[3766] = CNOT 27 28
[3767] = CNOT 12 27
[3768] = T 12
[3769] = S 12
[3770] = CNOT 12 27
[3771] = CNOT 12 13
[3772] = CNOT 12 21
[3773] = T 12
[3774] = S 12
[3775] = Z 12
[3776] = CNOT 12 21
[3777] = CNOT 12 13
[3778] = T 21
[3779] = Z 21
[3780] = CNOT 13 21
[3781] = T 13
[3782] = CNOT 13 21
[3783] = CNOT 2 13
[3784] = CNOT 2 21
[3785] = T 2
[3786] = S 2
[3787] = Z 2
[3788] = CNOT 2 12
[3789] = T 2
[3790] = CNOT 2 21
[3791] = CNOT 2 13
[3792] = CNOT 2 12
[3793] = CNOT 12 27
[3794] = CNOT 12 28
[3795] = T 12
[3796] = CNOT 12 28
[3797] = CNOT 12 27
[3798] = Z 12
[3799] = Z 13
[3800] = CNOT 2 12
[3801] = S 2
[3802] = Z 2
[3803] = CNOT 2 12
[3804] = CNOT 12 13
[3805] = S 12
[3806] = Z 12
[3807] = CNOT 12 13
[3808] = CNOT 12 21
[3809] = S 12
[3810] = Z 12
[3811] = CNOT 12 21
[3812] = CNOT 12 28
[3813] = S 12
[3814] = CNOT 12 28
[3815] = CNOT 2 12
[3816] = CNOT 2 13
[3817] = S 2
[3818] = Z 2
[3819] = CNOT 2 13
[3820] = CNOT 2 21
[3821] = S 2
[3822] = Z 2
[3823] = CNOT 2 21
[3824] = CNOT 2 12
[3825] = CNOT 12 28
[3826] = H 13
[3827] = H 27
[3828] = CNOT 13 26
[3829] = CNOT 13 27
[3830] = T 13
[3831] = CNOT 13 27
[3832] = T 13
[3833] = S 13
[3834] = CNOT 13 26
[3835] = CNOT 26 27
[3836] = T 26
[3837] = S 26
[3838] = CNOT 26 27
[3839] = S 13
[3840] = S 27
[3841] = CNOT 13 27
[3842] = S 13
[3843] = H 26
[3844] = CNOT 14 25
[3845] = CNOT 14 26
[3846] = T 14
[3847] = CNOT 14 26
[3848] = T 14
[3849] = S 14
[3850] = CNOT 14 25
[3851] = CNOT 25 26
[3852] = T 25
[3853] = S 25
[3854] = CNOT 25 26
[3855] = T 14
[3856] = S 26
[3857] = CNOT 14 26
[3858] = S 14
[3859] = H 25
[3860] = CNOT 15 24
[3861] = CNOT 15 25
[3862] = T 15
[3863] = CNOT 15 25
[3864] = T 15
[3865] = S 15
[3866] = CNOT 15 24
[3867] = CNOT 24 25
[3868] = T 24
[3869] = S 24
[3870] = CNOT 24 25
[3871] = T 15
[3872] = S 25
[3873] = CNOT 15 25
[3874] = S 15
[3875] = H 24
[3876] = CNOT 16 23
[3877] = CNOT 16 24
[3878] = T 16
[3879] = CNOT 16 24
[3880] = T 16
[3881] = S 16
[3882] = CNOT 16 23
[3883] = CNOT 23 24
[3884] = T 23
[3885] = S 23
[3886] = CNOT 23 24
[3887] = T 16
[3888] = S 24
[3889] = CNOT 16 24
[3890] = S 16
[3891] = H 23
[3892] = CNOT 17 22
[3893] = CNOT 17 23
[3894] = T 17
[3895] = CNOT 17 23
[3896] = T 17
[3897] = S 17
[3898] = CNOT 17 22
[3899] = CNOT 22 23
[3900] = T 22
[3901] = S 22
[3902] = CNOT 22 23
[3903] = T 17
[3904] = S 23
[3905] = CNOT 17 23
[3906] = S 17
[3907] = H 22
[3908] = CNOT 18 21
[3909] = CNOT 18 22
[3910] = T 18
[3911] = CNOT 18 22
[3912] = T 18
[3913] = S 18
[3914] = CNOT 18 21
[3915] = CNOT 21 22
[3916] = T 21
[3917] = S 21
[3918] = CNOT 21 22
[3919] = T 18
[3920] = S 22
[3921] = CNOT 18 22
[3922] = S 18
[3923] = H 21
[3924] = T 21
[3925] = CNOT 19 21
[3926] = T 19
[3927] = S 19
[3928] = CNOT 19 20
[3929] = T 19
[3930] = CNOT 19 21
[3931] = T 19
[3932] = S 19
[3933] = CNOT 19 20
[3934] = CNOT 20 21
[3935] = T 20
[3936] = S 20
[3937] = CNOT 20 21
[3938] = H 20
[3939] = H 21
[3940] = H 19
[3941] = CNOT 18 21
[3942] = T 18
[3943] = Z 18
[3944] = CNOT 18 22
[3945] = T 18
[3946] = S 18
[3947] = Z 18
[3948] = CNOT 18 21
[3949] = CNOT 21 22
[3950] = T 21
[3951] = S 21
[3952] = Z 21
[3953] = CNOT 21 22
[3954] = T 18
[3955] = Z 18
[3956] = T 19
[3957] = S 21
[3958] = Z 21
[3959] = Z 22
[3960] = H 22
[3961] = CNOT 17 22
[3962] = T 17
[3963] = Z 17
[3964] = CNOT 17 23
[3965] = T 17
[3966] = S 17
[3967] = Z 17
[3968] = CNOT 17 22
[3969] = CNOT 22 23
[3970] = T 22
[3971] = S 22
[3972] = Z 22
[3973] = CNOT 22 23
[3974] = T 17
[3975] = Z 17
[3976] = S 22
[3977] = Z 22
[3978] = Z 23
[3979] = H 23
[3980] = CNOT 16 23
[3981] = T 16
[3982] = Z 16
[3983] = CNOT 16 24
[3984] = T 16
[3985] = S 16
[3986] = Z 16
[3987] = CNOT 16 23
[3988] = CNOT 23 24
[3989] = T 23
[3990] = S 23
[3991] = Z 23
[3992] = CNOT 23 24
[3993] = T 16
[3994] = Z 16
[3995] = S 23
[3996] = Z 23
[3997] = Z 24
[3998] = H 24
[3999] = CNOT 15 24
[4000] = T 15
[4001] = Z 15
[4002] = CNOT 15 25
[4003] = T 15
[4004] = S 15
[4005] = Z 15
[4006] = CNOT 15 24
[4007] = CNOT 24 25
[4008] = T 24
[4009] = S 24
[4010] = Z 24
[4011] = CNOT 24 25
[4012] = T 15
[4013] = Z 15
[4014] = S 24
[4015] = Z 24
[4016] = Z 25
[4017] = H 25
[4018] = CNOT 14 25
[4019] = T 14
[4020] = Z 14
[4021] = CNOT 14 26
[4022] = T 14
[4023] = S 14
[4024] = Z 14
[4025] = CNOT 14 25
[4026] = CNOT 25 26
[4027] = T 25
[4028] = S 25
[4029] = Z 25
[4030] = CNOT 25 26
[4031] = T 14
[4032] = Z 14
[4033] = S 25
[4034] = Z 25
[4035] = Z 26
[4036] = H 26
[4037] = CNOT 13 26
[4038] = T 13
[4039] = Z 13
[4040] = CNOT 13 27
[4041] = T 13
[4042] = S 13
[4043] = Z 13
[4044] = CNOT 13 26
[4045] = CNOT 26 27
[4046] = T 26
[4047] = S 26
[4048] = Z 26
[4049] = CNOT 26 27
[4050] = T 13
[4051] = Z 13
[4052] = S 26
[4053] = Z 26
[4054] = Z 27
[4055] = H 27
[4056] = CNOT 12 27
[4057] = T 12
[4058] = Z 12
[4059] = CNOT 12 28
[4060] = T 12
[4061] = S 12
[4062] = Z 12
[4063] = CNOT 12 27
[4064] = CNOT 27 28
[4065] = T 27
[4066] = S 27
[4067] = Z 27
[4068] = CNOT 27 28
[4069] = T 12
[4070] = Z 12
[4071] = S 27
[4072] = Z 27
[4073] = Z 28
[4074] = H 28
[4075] = T 28
[4076] = Z 28
[4077] = CNOT 11 28
[4078] = T 11
[4079] = Z 11
[4080] = CNOT 11 28
[4081] = CNOT 1 11
[4082] = CNOT 1 28
[4083] = T 1
[4084] = S 1
[4085] = Z 1
[4086] = CNOT 1 11
[4087] = T 1
[4088] = S 1
[4089] = Z 1
[4090] = CNOT 1 28
[4091] = CNOT 11 27
[4092] = T 11
[4093] = Z 11
[4094] = CNOT 11 27
[4095] = CNOT 1 11
[4096] = CNOT 1 27
[4097] = T 1
[4098] = S 1
[4099] = Z 1
[4100] = CNOT 1 11
[4101] = T 1
[4102] = S 1
[4103] = Z 1
[4104] = CNOT 1 27
[4105] = Z 1
[4106] = S 11
[4107] = Z 27
[4108] = CNOT 1 11
[4109] = S 1
[4110] = Z 1
[4111] = CNOT 1 11
[4112] = H 28
[4113] = H 27
[4114] = CNOT 12 26
[4115] = CNOT 12 27
[4116] = T 12
[4117] = CNOT 12 27
[4118] = T 12
[4119] = S 12
[4120] = CNOT 12 26
[4121] = CNOT 26 27
[4122] = T 26
[4123] = S 26
[4124] = CNOT 26 27
[4125] = T 12
[4126] = S 27
[4127] = CNOT 12 27
[4128] = S 12
[4129] = H 26
[4130] = CNOT 13 25
[4131] = CNOT 13 26
[4132] = T 13
[4133] = CNOT 13 26
[4134] = T 13
[4135] = S 13
[4136] = CNOT 13 25
[4137] = CNOT 25 26
[4138] = T 25
[4139] = S 25
[4140] = CNOT 25 26
[4141] = T 13
[4142] = S 26
[4143] = CNOT 13 26
[4144] = S 13
[4145] = H 25
[4146] = CNOT 14 24
[4147] = CNOT 14 25
[4148] = T 14
[4149] = CNOT 14 25
[4150] = T 14
[4151] = S 14
[4152] = CNOT 14 24
[4153] = CNOT 24 25
[4154] = T 24
[4155] = S 24
[4156] = CNOT 24 25
[4157] = T 14
[4158] = S 25
[4159] = CNOT 14 25
[4160] = S 14
[4161] = H 24
[4162] = CNOT 15 23
[4163] = CNOT 15 24
[4164] = T 15
[4165] = CNOT 15 24
[4166] = T 15
[4167] = S 15
[4168] = CNOT 15 23
[4169] = CNOT 23 24
[4170] = T 23
[4171] = S 23
[4172] = CNOT 23 24
[4173] = T 15
[4174] = S 24
[4175] = CNOT 15 24
[4176] = S 15
[4177] = H 23
[4178] = CNOT 16 22
[4179] = CNOT 16 23
[4180] = T 16
[4181] = CNOT 16 23
[4182] = T 16
[4183] = S 16
[4184] = CNOT 16 22
[4185] = CNOT 22 23
[4186] = T 22
[4187] = S 22
[4188] = CNOT 22 23
[4189] = T 16
[4190] = S 23
[4191] = CNOT 16 23
[4192] = S 16
[4193] = H 22
[4194] = CNOT 17 21
[4195] = CNOT 17 22
[4196] = T 17
[4197] = CNOT 17 22
[4198] = T 17
[4199] = S 17
[4200] = CNOT 17 21
[4201] = CNOT 21 22
[4202] = T 21
[4203] = S 21
[4204] = CNOT 21 22
[4205] = T 17
[4206] = S 22
[4207] = CNOT 17 22
[4208] = S 17
[4209] = H 21
[4210] = T 21
[4211] = CNOT 18 21
[4212] = T 18
[4213] = S 18
[4214] = CNOT 18 19
[4215] = T 18
[4216] = CNOT 18 21
[4217] = T 18
[4218] = S 18
[4219] = CNOT 18 19
[4220] = CNOT 19 21
[4221] = T 19
[4222] = S 19
[4223] = CNOT 19 21
[4224] = H 19
[4225] = H 21
[4226] = H 18
[4227] = CNOT 17 21
[4228] = T 17
[4229] = Z 17
[4230] = CNOT 17 22
[4231] = T 17
[4232] = S 17
[4233] = Z 17
[4234] = CNOT 17 21
[4235] = CNOT 21 22
[4236] = T 21
[4237] = S 21
[4238] = Z 21
[4239] = CNOT 21 22
[4240] = T 17
[4241] = Z 17
[4242] = T 18
[4243] = S 21
[4244] = Z 21
[4245] = Z 22
[4246] = H 22
[4247] = CNOT 16 22
[4248] = T 16
[4249] = Z 16
[4250] = CNOT 16 23
[4251] = T 16
[4252] = S 16
[4253] = Z 16
[4254] = CNOT 16 22
[4255] = CNOT 22 23
[4256] = T 22
[4257] = S 22
[4258] = Z 22
[4259] = CNOT 22 23
[4260] = T 16
[4261] = Z 16
[4262] = S 22
[4263] = Z 22
[4264] = Z 23
[4265] = H 23
[4266] = CNOT 15 23
[4267] = T 15
[4268] = Z 15
[4269] = CNOT 15 24
[4270] = T 15
[4271] = S 15
[4272] = Z 15
[4273] = CNOT 15 23
[4274] = CNOT 23 24
[4275] = T 23
[4276] = S 23
[4277] = Z 23
[4278] = CNOT 23 24
[4279] = T 15
[4280] = Z 15
[4281] = S 23
[4282] = Z 23
[4283] = Z 24
[4284] = H 24
[4285] = CNOT 14 24
[4286] = T 14
[4287] = Z 14
[4288] = CNOT 14 25
[4289] = T 14
[4290] = S 14
[4291] = Z 14
[4292] = CNOT 14 24
[4293] = CNOT 24 25
[4294] = T 24
[4295] = S 24
[4296] = Z 24
[4297] = CNOT 24 25
[4298] = T 14
[4299] = Z 14
[4300] = S 24
[4301] = Z 24
[4302] = Z 25
[4303] = H 25
[4304] = CNOT 13 25
[4305] = T 13
[4306] = Z 13
[4307] = CNOT 13 26
[4308] = T 13
[4309] = S 13
[4310] = Z 13
[4311] = CNOT 13 25
[4312] = CNOT 25 26
[4313] = T 25
[4314] = S 25
[4315] = Z 25
[4316] = CNOT 25 26
[4317] = T 13
[4318] = Z 13
[4319] = S 25
[4320] = Z 25
[4321] = Z 26
[4322] = H 26
[4323] = CNOT 12 26
[4324] = T 12
[4325] = Z 12
[4326] = CNOT 12 27
[4327] = T 12
[4328] = S 12
[4329] = Z 12
[4330] = CNOT 12 26
[4331] = CNOT 26 27
[4332] = T 26
[4333] = S 26
[4334] = Z 26
[4335] = CNOT 26 27
[4336] = T 12
[4337] = Z 12
[4338] = S 26
[4339] = Z 26
[4340] = Z 27
[4341] = H 27
[4342] = T 27
[4343] = Z 27
[4344] = CNOT 11 27
[4345] = T 11
[4346] = Z 11
[4347] = CNOT 11 27
[4348] = CNOT 1 11
[4349] = CNOT 1 27
[4350] = T 1
[4351] = S 1
[4352] = Z 1
[4353] = CNOT 1 11
[4354] = T 1
[4355] = S 1
[4356] = Z 1
[4357] = CNOT 1 27
[4358] = CNOT 11 26
[4359] = T 11
[4360] = Z 11
[4361] = CNOT 11 26
[4362] = CNOT 1 11
[4363] = CNOT 1 26
[4364] = T 1
[4365] = S 1
[4366] = Z 1
[4367] = CNOT 1 11
[4368] = T 1
[4369] = S 1
[4370] = Z 1
[4371] = CNOT 1 26
[4372] = Z 1
[4373] = S 11
[4374] = Z 26
[4375] = CNOT 1 11
[4376] = S 1
[4377] = Z 1
[4378] = CNOT 1 11
[4379] = H 27
[4380] = H 26
[4381] = CNOT 12 25
[4382] = CNOT 12 26
[4383] = T 12
[4384] = CNOT 12 26
[4385] = T 12
[4386] = S 12
[4387] = CNOT 12 25
[4388] = CNOT 25 26
[4389] = T 25
[4390] = S 25
[4391] = CNOT 25 26
[4392] = T 12
[4393] = S 26
[4394] = CNOT 12 26
[4395] = S 12
[4396] = H 25
[4397] = CNOT 13 24
[4398] = CNOT 13 25
[4399] = T 13
[4400] = CNOT 13 25
[4401] = T 13
[4402] = S 13
[4403] = CNOT 13 24
[4404] = CNOT 24 25
[4405] = T 24
[4406] = S 24
[4407] = CNOT 24 25
[4408] = T 13
[4409] = S 25
[4410] = CNOT 13 25
[4411] = S 13
[4412] = H 24
[4413] = CNOT 14 23
[4414] = CNOT 14 24
[4415] = T 14
[4416] = CNOT 14 24
[4417] = T 14
[4418] = S 14
[4419] = CNOT 14 23
[4420] = CNOT 23 24
[4421] = T 23
[4422] = S 23
[4423] = CNOT 23 24
[4424] = T 14
[4425] = S 24
[4426] = CNOT 14 24
[4427] = S 14
[4428] = H 23
[4429] = CNOT 15 22
[4430] = CNOT 15 23
[4431] = T 15
[4432] = CNOT 15 23
[4433] = T 15
[4434] = S 15
[4435] = CNOT 15 22
[4436] = CNOT 22 23
[4437] = T 22
[4438] = S 22
[4439] = CNOT 22 23
[4440] = T 15
[4441] = S 23
[4442] = CNOT 15 23
[4443] = S 15
[4444] = H 22
[4445] = CNOT 16 21
[4446] = CNOT 16 22
[4447] = T 16
[4448] = CNOT 16 22
[4449] = T 16
[4450] = S 16
[4451] = CNOT 16 21
[4452] = CNOT 21 22
[4453] = T 21
[4454] = S 21
[4455] = CNOT 21 22
[4456] = T 16
[4457] = S 22
[4458] = CNOT 16 22
[4459] = S 16
[4460] = H 21
[4461] = T 21
[4462] = CNOT 17 21
[4463] = T 17
[4464] = S 17
[4465] = CNOT 17 18
[4466] = T 17
[4467] = CNOT 17 21
[4468] = T 17
[4469] = S 17
[4470] = CNOT 17 18
[4471] = CNOT 18 21
[4472] = T 18
[4473] = S 18
[4474] = CNOT 18 21
[4475] = H 18
[4476] = H 21
[4477] = H 17
[4478] = CNOT 16 21
[4479] = T 16
[4480] = Z 16
[4481] = CNOT 16 22
[4482] = T 16
[4483] = S 16
[4484] = Z 16
[4485] = CNOT 16 21
[4486] = CNOT 21 22
[4487] = T 21
[4488] = S 21
[4489] = Z 21
[4490] = CNOT 21 22
[4491] = T 16
[4492] = Z 16
[4493] = T 17
[4494] = S 21
[4495] = Z 21
[4496] = Z 22
[4497] = H 22
[4498] = CNOT 15 22
[4499] = T 15
[4500] = Z 15
[4501] = CNOT 15 23
[4502] = T 15
[4503] = S 15
[4504] = Z 15
[4505] = CNOT 15 22
[4506] = CNOT 22 23
[4507] = T 22
[4508] = S 22
[4509] = Z 22
[4510] = CNOT 22 23
[4511] = T 15
[4512] = Z 15
[4513] = S 22
[4514] = Z 22
[4515] = Z 23
[4516] = H 23
[4517] = CNOT 14 23
[4518] = T 14
[4519] = Z 14
[4520] = CNOT 14 24
[4521] = T 14
[4522] = S 14
[4523] = Z 14
[4524] = CNOT 14 23
[4525] = CNOT 23 24
[4526] = T 23
[4527] = S 23
[4528] = Z 23
[4529] = CNOT 23 24
[4530] = T 14
[4531] = Z 14
[4532] = S 23
[4533] = Z 23
[4534] = Z 24
[4535] = H 24
[4536] = CNOT 13 24
[4537] = T 13
[4538] = Z 13
[4539] = CNOT 13 25
[4540] = T 13
[4541] = S 13
[4542] = Z 13
[4543] = CNOT 13 24
[4544] = CNOT 24 25
[4545] = T 24
[4546] = S 24
[4547] = Z 24
[4548] = CNOT 24 25
[4549] = T 13
[4550] = Z 13
[4551] = S 24
[4552] = Z 24
[4553] = Z 25
[4554] = H 25
[4555] = CNOT 12 25
[4556] = T 12
[4557] = Z 12
[4558] = CNOT 12 26
[4559] = T 12
[4560] = S 12
[4561] = Z 12
[4562] = CNOT 12 25
[4563] = CNOT 25 26
[4564] = T 25
[4565] = S 25
[4566] = Z 25
[4567] = CNOT 25 26
[4568] = T 12
[4569] = Z 12
[4570] = S 25
[4571] = Z 25
[4572] = Z 26
[4573] = H 26
[4574] = T 26
[4575] = Z 26
[4576] = CNOT 11 26
[4577] = T 11
[4578] = Z 11
[4579] = CNOT 11 26
[4580] = CNOT 1 11
[4581] = CNOT 1 26
[4582] = T 1
[4583] = S 1
[4584] = Z 1
[4585] = CNOT 1 11
[4586] = T 1
[4587] = S 1
[4588] = Z 1
[4589] = CNOT 1 26
[4590] = CNOT 11 25
[4591] = T 11
[4592] = Z 11
[4593] = CNOT 11 25
[4594] = CNOT 1 11
[4595] = CNOT 1 25
[4596] = T 1
[4597] = S 1
[4598] = Z 1
[4599] = CNOT 1 11
[4600] = T 1
[4601] = S 1
[4602] = Z 1
[4603] = CNOT 1 25
[4604] = Z 1
[4605] = S 11
[4606] = Z 25
[4607] = CNOT 1 11
[4608] = S 1
[4609] = Z 1
[4610] = CNOT 1 11
[4611] = H 26
[4612] = H 25
[4613] = CNOT 12 24
[4614] = CNOT 12 25
[4615] = T 12
[4616] = CNOT 12 25
[4617] = T 12
[4618] = S 12
[4619] = CNOT 12 24
[4620] = CNOT 24 25
[4621] = T 24
[4622] = S 24
[4623] = CNOT 24 25
[4624] = T 12
[4625] = S 25
[4626] = CNOT 12 25
[4627] = S 12
[4628] = H 24
[4629] = CNOT 13 23
[4630] = CNOT 13 24
[4631] = T 13
[4632] = CNOT 13 24
[4633] = T 13
[4634] = S 13
[4635] = CNOT 13 23
[4636] = CNOT 23 24
[4637] = T 23
[4638] = S 23
[4639] = CNOT 23 24
[4640] = T 13
[4641] = S 24
[4642] = CNOT 13 24
[4643] = S 13
[4644] = H 23
[4645] = CNOT 14 22
[4646] = CNOT 14 23
[4647] = T 14
[4648] = CNOT 14 23
[4649] = T 14
[4650] = S 14
[4651] = CNOT 14 22
[4652] = CNOT 22 23
[4653] = T 22
[4654] = S 22
[4655] = CNOT 22 23
[4656] = T 14
[4657] = S 23
[4658] = CNOT 14 23
[4659] = S 14
[4660] = H 22
[4661] = CNOT 15 21
[4662] = CNOT 15 22
[4663] = T 15
[4664] = CNOT 15 22
[4665] = T 15
[4666] = S 15
[4667] = CNOT 15 21
[4668] = CNOT 21 22
[4669] = T 21
[4670] = S 21
[4671] = CNOT 21 22
[4672] = T 15
[4673] = S 22
[4674] = CNOT 15 22
[4675] = S 15
[4676] = H 21
[4677] = T 21
[4678] = CNOT 16 21
[4679] = T 16
[4680] = S 16
[4681] = CNOT 16 17
[4682] = T 16
[4683] = CNOT 16 21
[4684] = T 16
[4685] = S 16
[4686] = CNOT 16 17
[4687] = CNOT 17 21
[4688] = T 17
[4689] = S 17
[4690] = CNOT 17 21
[4691] = H 17
[4692] = H 21
[4693] = H 16
[4694] = CNOT 15 21
[4695] = T 15
[4696] = Z 15
[4697] = CNOT 15 22
[4698] = T 15
[4699] = S 15
[4700] = Z 15
[4701] = CNOT 15 21
[4702] = CNOT 21 22
[4703] = T 21
[4704] = S 21
[4705] = Z 21
[4706] = CNOT 21 22
[4707] = T 15
[4708] = Z 15
[4709] = T 16
[4710] = S 21
[4711] = Z 21
[4712] = Z 22
[4713] = H 22
[4714] = CNOT 14 22
[4715] = T 14
[4716] = Z 14
[4717] = CNOT 14 23
[4718] = T 14
[4719] = S 14
[4720] = Z 14
[4721] = CNOT 14 22
[4722] = CNOT 22 23
[4723] = T 22
[4724] = S 22
[4725] = Z 22
[4726] = CNOT 22 23
[4727] = T 14
[4728] = Z 14
[4729] = S 22
[4730] = Z 22
[4731] = Z 23
[4732] = H 23
[4733] = CNOT 13 23
[4734] = T 13
[4735] = Z 13
[4736] = CNOT 13 24
[4737] = T 13
[4738] = S 13
[4739] = Z 13
[4740] = CNOT 13 23
[4741] = CNOT 23 24
[4742] = T 23
[4743] = S 23
[4744] = Z 23
[4745] = CNOT 23 24
[4746] = T 13
[4747] = Z 13
[4748] = S 23
[4749] = Z 23
[4750] = Z 24
[4751] = H 24
[4752] = CNOT 12 24
[4753] = T 12
[4754] = Z 12
[4755] = CNOT 12 25
[4756] = T 12
[4757] = S 12
[4758] = Z 12
[4759] = CNOT 12 24
[4760] = CNOT 24 25
[4761] = T 24
[4762] = S 24
[4763] = Z 24
[4764] = CNOT 24 25
[4765] = T 12
[4766] = Z 12
[4767] = S 24
[4768] = Z 24
[4769] = Z 25
[4770] = H 25
[4771] = T 25
[4772] = Z 25
[4773] = CNOT 11 25
[4774] = T 11
[4775] = Z 11
[4776] = CNOT 11 25
[4777] = CNOT 1 11
[4778] = CNOT 1 25
[4779] = T 1
[4780] = S 1
[4781] = Z 1
[4782] = CNOT 1 11
[4783] = T 1
[4784] = S 1
[4785] = Z 1
[4786] = CNOT 1 25
[4787] = CNOT 11 24
[4788] = T 11
[4789] = Z 11
[4790] = CNOT 11 24
[4791] = CNOT 1 11
[4792] = CNOT 1 24
[4793] = T 1
[4794] = S 1
[4795] = Z 1
[4796] = CNOT 1 11
[4797] = T 1
[4798] = S 1
[4799] = Z 1
[4800] = CNOT 1 24
[4801] = Z 1
[4802] = S 11
[4803] = Z 24
[4804] = CNOT 1 11
[4805] = S 1
[4806] = Z 1
[4807] = CNOT 1 11
[4808] = H 25
[4809] = H 24
[4810] = CNOT 12 23
[4811] = CNOT 12 24
[4812] = T 12
[4813] = CNOT 12 24
[4814] = T 12
[4815] = S 12
[4816] = CNOT 12 23
[4817] = CNOT 23 24
[4818] = T 23
[4819] = S 23
[4820] = CNOT 23 24
[4821] = T 12
[4822] = S 24
[4823] = CNOT 12 24
[4824] = S 12
[4825] = H 23
[4826] = CNOT 13 22
[4827] = CNOT 13 23
[4828] = T 13
[4829] = CNOT 13 23
[4830] = T 13
[4831] = S 13
[4832] = CNOT 13 22
[4833] = CNOT 22 23
[4834] = T 22
[4835] = S 22
[4836] = CNOT 22 23
[4837] = T 13
[4838] = S 23
[4839] = CNOT 13 23
[4840] = S 13
[4841] = H 22
[4842] = CNOT 14 21
[4843] = CNOT 14 22
[4844] = T 14
[4845] = CNOT 14 22
[4846] = T 14
[4847] = S 14
[4848] = CNOT 14 21
[4849] = CNOT 21 22
[4850] = T 21
[4851] = S 21
[4852] = CNOT 21 22
[4853] = T 14
[4854] = S 22
[4855] = CNOT 14 22
[4856] = S 14
[4857] = H 21
[4858] = T 21
[4859] = CNOT 15 21
[4860] = T 15
[4861] = S 15
[4862] = CNOT 15 16
[4863] = T 15
[4864] = CNOT 15 21
[4865] = T 15
[4866] = S 15
[4867] = CNOT 15 16
[4868] = CNOT 16 21
[4869] = T 16
[4870] = S 16
[4871] = CNOT 16 21
[4872] = H 16
[4873] = H 21
[4874] = H 15
[4875] = CNOT 14 21
[4876] = T 14
[4877] = Z 14
[4878] = CNOT 14 22
[4879] = T 14
[4880] = S 14
[4881] = Z 14
[4882] = CNOT 14 21
[4883] = CNOT 21 22
[4884] = T 21
[4885] = S 21
[4886] = Z 21
[4887] = CNOT 21 22
[4888] = T 14
[4889] = Z 14
[4890] = T 15
[4891] = S 21
[4892] = Z 21
[4893] = Z 22
[4894] = H 22
[4895] = CNOT 13 22
[4896] = T 13
[4897] = Z 13
[4898] = CNOT 13 23
[4899] = T 13
[4900] = S 13
[4901] = Z 13
[4902] = CNOT 13 22
[4903] = CNOT 22 23
[4904] = T 22
[4905] = S 22
[4906] = Z 22
[4907] = CNOT 22 23
[4908] = T 13
[4909] = Z 13
[4910] = S 22
[4911] = Z 22
[4912] = Z 23
[4913] = H 23
[4914] = CNOT 12 23
[4915] = T 12
[4916] = Z 12
[4917] = CNOT 12 24
[4918] = T 12
[4919] = S 12
[4920] = Z 12
[4921] = CNOT 12 23
[4922] = CNOT 23 24
[4923] = T 23
[4924] = S 23
[4925] = Z 23
[4926] = CNOT 23 24
[4927] = T 12
[4928] = Z 12
[4929] = S 23
[4930] = Z 23
[4931] = Z 24
[4932] = H 24
[4933] = T 24
[4934] = Z 24
[4935] = CNOT 11 24
[4936] = T 11
[4937] = Z 11
[4938] = CNOT 11 24
[4939] = CNOT 1 11
[4940] = CNOT 1 24
[4941] = T 1
[4942] = S 1
[4943] = Z 1
[4944] = CNOT 1 11
[4945] = T 1
[4946] = S 1
[4947] = Z 1
[4948] = CNOT 1 24
[4949] = CNOT 11 23
[4950] = T 11
[4951] = Z 11
[4952] = CNOT 11 23
[4953] = CNOT 1 11
[4954] = CNOT 1 23
[4955] = T 1
[4956] = S 1
[4957] = Z 1
[4958] = CNOT 1 11
[4959] = T 1
[4960] = S 1
[4961] = Z 1
[4962] = CNOT 1 23
[4963] = Z 1
[4964] = S 11
[4965] = Z 23
[4966] = CNOT 1 11
[4967] = S 1
[4968] = Z 1
[4969] = CNOT 1 11
[4970] = H 24
[4971] = H 23
[4972] = CNOT 12 22
[4973] = CNOT 12 23
[4974] = T 12
[4975] = CNOT 12 23
[4976] = T 12
[4977] = S 12
[4978] = CNOT 12 22
[4979] = CNOT 22 23
[4980] = T 22
[4981] = S 22
[4982] = CNOT 22 23
[4983] = T 12
[4984] = S 23
[4985] = CNOT 12 23
[4986] = S 12
[4987] = H 22
[4988] = CNOT 13 21
[4989] = CNOT 13 22
[4990] = T 13
[4991] = CNOT 13 22
[4992] = T 13
[4993] = S 13
[4994] = CNOT 13 21
[4995] = CNOT 21 22
[4996] = T 21
[4997] = S 21
[4998] = CNOT 21 22
[4999] = T 13
[5000] = S 22
[5001] = CNOT 13 22
[5002] = S 13
[5003] = H 21
[5004] = T 21
[5005] = CNOT 14 21
[5006] = T 14
[5007] = S 14
[5008] = CNOT 14 15
[5009] = T 14
[5010] = CNOT 14 21
[5011] = T 14
[5012] = S 14
[5013] = CNOT 14 15
[5014] = CNOT 15 21
[5015] = T 15
[5016] = S 15
[5017] = CNOT 15 21
[5018] = H 15
[5019] = H 21
[5020] = H 14
[5021] = CNOT 13 21
[5022] = T 13
[5023] = Z 13
[5024] = CNOT 13 22
[5025] = T 13
[5026] = S 13
[5027] = Z 13
[5028] = CNOT 13 21
[5029] = CNOT 21 22
[5030] = T 21
[5031] = S 21
[5032] = Z 21
[5033] = CNOT 21 22
[5034] = T 13
[5035] = Z 13
[5036] = T 14
[5037] = S 21
[5038] = Z 21
[5039] = Z 22
[5040] = H 22
[5041] = CNOT 12 22
[5042] = T 12
[5043] = Z 12
[5044] = CNOT 12 23
[5045] = T 12
[5046] = S 12
[5047] = Z 12
[5048] = CNOT 12 22
[5049] = CNOT 22 23
[5050] = T 22
[5051] = S 22
[5052] = Z 22
[5053] = CNOT 22 23
[5054] = T 12
[5055] = Z 12
[5056] = S 22
[5057] = Z 22
[5058] = Z 23
[5059] = H 23
[5060] = T 23
[5061] = Z 23
[5062] = CNOT 11 23
[5063] = T 11
[5064] = Z 11
[5065] = CNOT 11 23
[5066] = CNOT 1 11
[5067] = CNOT 1 23
[5068] = T 1
[5069] = S 1
[5070] = Z 1
[5071] = CNOT 1 11
[5072] = T 1
[5073] = S 1
[5074] = Z 1
[5075] = CNOT 1 23
[5076] = CNOT 11 22
[5077] = T 11
[5078] = Z 11
[5079] = CNOT 11 22
[5080] = CNOT 1 11
[5081] = CNOT 1 22
[5082] = T 1
[5083] = S 1
[5084] = Z 1
[5085] = CNOT 1 11
[5086] = T 1
[5087] = S 1
[5088] = Z 1
[5089] = CNOT 1 22
[5090] = Z 1
[5091] = S 11
[5092] = Z 22
[5093] = CNOT 1 11
[5094] = S 1
[5095] = Z 1
[5096] = CNOT 1 11
[5097] = H 23
[5098] = H 22
[5099] = CNOT 12 21
[5100] = CNOT 12 22
[5101] = T 12
[5102] = CNOT 12 22
[5103] = T 12
[5104] = S 12
[5105] = CNOT 12 21
[5106] = CNOT 21 22
[5107] = T 21
[5108] = S 21
[5109] = CNOT 21 22
[5110] = T 12
[5111] = S 22
[5112] = CNOT 12 22
[5113] = S 12
[5114] = H 21
[5115] = T 21
[5116] = CNOT 13 21
[5117] = T 13
[5118] = S 13
[5119] = CNOT 13 14
[5120] = T 13
[5121] = CNOT 13 21
[5122] = T 13
[5123] = S 13
[5124] = CNOT 13 14
[5125] = CNOT 14 21
[5126] = T 14
[5127] = S 14
[5128] = CNOT 14 21
[5129] = H 14
[5130] = H 21
[5131] = H 13
[5132] = CNOT 12 21
[5133] = T 12
[5134] = Z 12
[5135] = CNOT 12 22
[5136] = T 12
[5137] = S 12
[5138] = Z 12
[5139] = CNOT 12 21
[5140] = CNOT 21 22
[5141] = T 21
[5142] = S 21
[5143] = Z 21
[5144] = CNOT 21 22
[5145] = T 12
[5146] = Z 12
[5147] = T 13
[5148] = S 21
[5149] = Z 21
[5150] = Z 22
[5151] = H 22
[5152] = T 22
[5153] = Z 22
[5154] = CNOT 11 22
[5155] = T 11
[5156] = Z 11
[5157] = CNOT 11 22
[5158] = CNOT 1 11
[5159] = CNOT 1 22
[5160] = T 1
[5161] = S 1
[5162] = Z 1
[5163] = CNOT 1 11
[5164] = T 1
[5165] = S 1
[5166] = Z 1
[5167] = CNOT 1 22
[5168] = CNOT 11 21
[5169] = T 11
[5170] = Z 11
[5171] = CNOT 11 21
[5172] = CNOT 1 11
[5173] = CNOT 1 21
[5174] = T 1
[5175] = S 1
[5176] = Z 1
[5177] = CNOT 1 11
[5178] = T 1
[5179] = S 1
[5180] = Z 1
[5181] = CNOT 1 21
[5182] = Z 1
[5183] = S 11
[5184] = Z 21
[5185] = CNOT 1 11
[5186] = S 1
[5187] = Z 1
[5188] = CNOT 1 11
[5189] = H 22
[5190] = H 21
[5191] = T 21
[5192] = CNOT 12 21
[5193] = T 12
[5194] = S 12
[5195] = CNOT 12 13
[5196] = T 12
[5197] = CNOT 12 21
[5198] = T 12
[5199] = S 12
[5200] = CNOT 12 13
[5201] = CNOT 13 21
[5202] = T 13
[5203] = S 13
[5204] = CNOT 13 21
[5205] = H 13
[5206] = H 21
[5207] = H 12
[5208] = CNOT 1 12
[5209] = CNOT 1 21
[5210] = T 1
[5211] = S 1
[5212] = Z 1
[5213] = CNOT 1 11
[5214] = T 1
[5215] = CNOT 1 21
[5216] = CNOT 1 12
[5217] = CNOT 1 11
[5218] = CNOT 11 12
[5219] = CNOT 11 21
[5220] = T 11
[5221] = S 11
[5222] = Z 11
[5223] = CNOT 11 21
[5224] = CNOT 11 12
[5225] = T 1
[5226] = S 1
[5227] = CNOT 12 21
[5228] = T 12
[5229] = CNOT 12 21
[5230] = S 11
[5231] = Z 12
[5232] = Z 21
[5233] = CNOT 1 11
[5234] = S 1
[5235] = Z 1
[5236] = CNOT 1 11
[5237] = CNOT 11 12
[5238] = S 11
[5239] = Z 11
[5240] = CNOT 11 12
[5241] = CNOT 11 21
[5242] = S 11
[5243] = Z 11
[5244] = CNOT 11 21
[5245] = CNOT 1 11
[5246] = CNOT 1 12
[5247] = S 1
[5248] = Z 1
[5249] = CNOT 1 12
[5250] = CNOT 1 21
[5251] = S 1
[5252] = Z 1
[5253] = CNOT 1 21
[5254] = CNOT 1 11
[5255] = H 21
[5256] = H 12
Gate distributions:
Input:
Operator distribution:
Total number of qubits = 28
Number of `data' qubits = 28
Number of `Toff_n' ancillas = 0
Number of Hadamard ancillas = 0
Hadamard ancilla cap = 0
Number of {CNOT,T} partitions = 234
T count = 1995
Cost estimation = 998080
	id	Count
	0	0
	1	0
	2	0
	3	570
	4	10
	5	0
	6	0
	7	0
	8	0
	9	0
	10	285
	11	0
	12	0
	13	0
	14	0
	15	0
	16	0
	17	0
	18	0
Output:
Operator distribution:
Total number of qubits = 28
Number of `data' qubits = 28
Number of `Toff_n' ancillas = 0
Number of Hadamard ancillas = 0
Hadamard ancilla cap = 0
Number of {CNOT,T} partitions = 234
T count = 1162
Cost estimation = 585095
	id	Count
	0	0
	1	0
	2	0
	3	330
	4	1904
	5	1162
	6	0
	7	0
	8	0
	9	0
	10	0
	11	990
	12	0
	13	871
	14	0
	15	0
	16	0
	17	0
	18	0
Output T Count (SQC_Circuit) = 1162
Output T Count (PhasePolynomial) = 1162
Fail count = 0

Execution time: 71.7704s
Number of LCL errors: 0
Number of LCL warnings: 0
