Optimize a Clifford + T circuit.
Input filename = /home/rest/forpyzx/TOpt/forme/tpar_benchmark/hwb8.tfc
Number of unknown gates = 0
Number of unknown qubit labels = 0
Circuit filename: /home/rest/forpyzx/TOpt/forme/tpar_benchmark/hwb8.tfc

n 12
n_x 12
n_y 0
n_z 0
m 4701
[0] = CNOT 3 1
[1] = CNOT 1 3
[2] = CNOT 5 4
[3] = CNOT 3 5
[4] = CNOT 4 3
[5] = CNOT 6 5
[6] = CNOT 6 1
[7] = CNOT 1 6
[8] = CNOT 3 6
[9] = CNOT 4 6
[10] = CNOT 8 1
[11] = CNOT 1 8
[12] = CNOT 3 8
[13] = CNOT 4 8
[14] = CNOT 5 8
[15] = CNOT 7 4
[16] = CNOT 4 7
[17] = CNOT 7 2
[18] = CNOT 5 7
[19] = CNOT 1 4
[20] = CNOT 4 1
[21] = CNOT 5 1
[22] = CNOT 6 1
[23] = CNOT 7 1
[24] = CNOT 8 1
[25] = H 8
[26] = CCZ 2 3 8
[27] = H 8
[28] = CNOT 6 8
[29] = H 2
[30] = CCZ 3 8 2
[31] = H 2
[32] = CNOT 7 5
[33] = CNOT 5 2
[34] = H 2
[35] = CCZ 5 8 2
[36] = H 2
[37] = H 5
[38] = CCZ 2 8 5
[39] = H 5
[40] = CNOT 7 5
[41] = H 5
[42] = CCZ 7 8 5
[43] = H 5
[44] = H 6
[45] = CCZ 2 8 6
[46] = H 6
[47] = CNOT 6 7
[48] = CNOT 8 1
[49] = CNOT 7 1
[50] = CNOT 1 6
[51] = CNOT 2 3
[52] = CNOT 6 2
[53] = CNOT 7 3
[54] = CNOT 8 5
[55] = CNOT 7 5
[56] = H 3
[57] = CCZ 2 7 3
[58] = H 3
[59] = CNOT 2 5
[60] = CNOT 3 2
[61] = H 5
[62] = CCZ 2 6 5
[63] = H 5
[64] = CNOT 2 1
[65] = CNOT 3 1
[66] = CNOT 5 1
[67] = H 6
[68] = CCZ 7 8 6
[69] = H 6
[70] = H 8
[71] = CCZ 1 6 8
[72] = H 8
[73] = H 10
[74] = CCZ 2 3 10
[75] = H 10
[76] = H 9
[77] = CCZ 10 4 9
[78] = H 9
[79] = H 1
[80] = CCZ 9 5 1
[81] = H 1
[82] = H 9
[83] = CCZ 10 4 9
[84] = H 9
[85] = H 10
[86] = CCZ 2 3 10
[87] = H 10
[88] = H 8
[89] = CCZ 1 6 8
[90] = H 8
[91] = H 6
[92] = CCZ 7 8 6
[93] = H 6
[94] = H 7
[95] = CCZ 1 6 7
[96] = H 7
[97] = H 10
[98] = CCZ 2 3 10
[99] = H 10
[100] = H 9
[101] = CCZ 10 4 9
[102] = H 9
[103] = H 1
[104] = CCZ 9 5 1
[105] = H 1
[106] = H 9
[107] = CCZ 10 4 9
[108] = H 9
[109] = H 10
[110] = CCZ 2 3 10
[111] = H 10
[112] = H 7
[113] = CCZ 1 6 7
[114] = H 7
[115] = CNOT 5 1
[116] = CNOT 3 2
[117] = CNOT 2 1
[118] = H 5
[119] = CCZ 2 6 5
[120] = H 5
[121] = CNOT 2 5
[122] = H 3
[123] = CCZ 2 7 3
[124] = H 3
[125] = CNOT 7 5
[126] = CNOT 8 5
[127] = CNOT 7 3
[128] = CNOT 6 2
[129] = CNOT 2 3
[130] = CNOT 1 6
[131] = CNOT 7 1
[132] = CNOT 6 7
[133] = CNOT 6 8
[134] = CNOT 8 1
[135] = H 6
[136] = CCZ 2 8 6
[137] = H 6
[138] = H 6
[139] = CCZ 3 8 6
[140] = H 6
[141] = H 5
[142] = CCZ 7 8 5
[143] = H 5
[144] = CNOT 7 5
[145] = CNOT 5 2
[146] = H 2
[147] = CCZ 5 8 2
[148] = H 2
[149] = H 5
[150] = CCZ 2 8 5
[151] = H 5
[152] = CNOT 7 5
[153] = CNOT 6 2
[154] = H 2
[155] = CCZ 3 8 2
[156] = H 2
[157] = CNOT 7 2
[158] = CNOT 6 2
[159] = CNOT 5 2
[160] = H 8
[161] = CCZ 2 3 8
[162] = H 8
[163] = CNOT 5 7
[164] = CNOT 7 1
[165] = CNOT 8 1
[166] = CNOT 4 1
[167] = CNOT 1 4
[168] = CNOT 4 7
[169] = CNOT 7 4
[170] = CNOT 4 5
[171] = CNOT 3 5
[172] = CNOT 5 8
[173] = CNOT 1 8
[174] = CNOT 8 1
[175] = CNOT 4 6
[176] = CNOT 3 6
[177] = CNOT 6 5
[178] = CNOT 1 5
[179] = CNOT 5 4
[180] = CNOT 4 5
[181] = CNOT 5 3
[182] = CNOT 2 3
[183] = CNOT 3 5
[184] = CNOT 3 6
[185] = CNOT 7 3
[186] = CNOT 8 5
[187] = CNOT 6 1
[188] = CNOT 2 6
[189] = CNOT 4 8
[190] = CNOT 7 8
[191] = CNOT 2 7
[192] = CNOT 5 7
[193] = CNOT 7 4
[194] = CNOT 6 7
[195] = CNOT 8 7
[196] = CNOT 3 1
[197] = CNOT 5 1
[198] = CNOT 3 4
[199] = H 4
[200] = CCZ 3 8 4
[201] = H 4
[202] = CNOT 2 4
[203] = CNOT 1 4
[204] = CNOT 5 4
[205] = CNOT 7 4
[206] = H 4
[207] = CCZ 2 8 4
[208] = H 4
[209] = H 8
[210] = CCZ 2 5 8
[211] = H 8
[212] = CNOT 2 1
[213] = CNOT 5 1
[214] = H 1
[215] = CCZ 7 8 1
[216] = H 1
[217] = CNOT 2 1
[218] = CNOT 5 1
[219] = CNOT 2 3
[220] = H 6
[221] = CCZ 2 8 6
[222] = H 6
[223] = CNOT 6 8
[224] = CNOT 6 7
[225] = CNOT 8 1
[226] = CNOT 7 1
[227] = CNOT 1 6
[228] = CNOT 6 2
[229] = CNOT 7 3
[230] = CNOT 8 5
[231] = CNOT 7 5
[232] = H 3
[233] = CCZ 2 7 3
[234] = H 3
[235] = CNOT 2 5
[236] = CNOT 3 2
[237] = H 5
[238] = CCZ 2 6 5
[239] = H 5
[240] = CNOT 2 1
[241] = CNOT 3 1
[242] = CNOT 5 1
[243] = H 6
[244] = CCZ 7 8 6
[245] = H 6
[246] = H 8
[247] = CCZ 1 6 8
[248] = H 8
[249] = H 10
[250] = CCZ 2 3 10
[251] = H 10
[252] = H 9
[253] = CCZ 10 4 9
[254] = H 9
[255] = H 1
[256] = CCZ 9 5 1
[257] = H 1
[258] = H 9
[259] = CCZ 10 4 9
[260] = H 9
[261] = H 10
[262] = CCZ 2 3 10
[263] = H 10
[264] = H 8
[265] = CCZ 1 6 8
[266] = H 8
[267] = H 6
[268] = CCZ 7 8 6
[269] = H 6
[270] = H 7
[271] = CCZ 1 6 7
[272] = H 7
[273] = H 10
[274] = CCZ 2 3 10
[275] = H 10
[276] = H 9
[277] = CCZ 10 4 9
[278] = H 9
[279] = H 1
[280] = CCZ 9 5 1
[281] = H 1
[282] = H 9
[283] = CCZ 10 4 9
[284] = H 9
[285] = H 10
[286] = CCZ 2 3 10
[287] = H 10
[288] = H 7
[289] = CCZ 1 6 7
[290] = H 7
[291] = CNOT 5 1
[292] = CNOT 3 2
[293] = CNOT 2 1
[294] = H 5
[295] = CCZ 2 6 5
[296] = H 5
[297] = CNOT 2 5
[298] = H 3
[299] = CCZ 2 7 3
[300] = H 3
[301] = CNOT 7 5
[302] = CNOT 8 5
[303] = CNOT 7 3
[304] = CNOT 6 2
[305] = CNOT 2 3
[306] = CNOT 1 6
[307] = CNOT 7 1
[308] = CNOT 8 1
[309] = CNOT 6 7
[310] = CNOT 6 8
[311] = H 6
[312] = CCZ 2 8 6
[313] = H 6
[314] = H 6
[315] = CCZ 3 8 6
[316] = H 6
[317] = CNOT 5 1
[318] = CNOT 2 1
[319] = H 1
[320] = CCZ 7 8 1
[321] = H 1
[322] = CNOT 5 1
[323] = CNOT 2 1
[324] = H 8
[325] = CCZ 2 5 8
[326] = H 8
[327] = H 4
[328] = CCZ 2 8 4
[329] = H 4
[330] = CNOT 7 4
[331] = CNOT 5 1
[332] = CNOT 2 1
[333] = CNOT 1 4
[334] = H 4
[335] = CCZ 3 8 4
[336] = H 4
[337] = CNOT 6 7
[338] = CNOT 7 4
[339] = CNOT 3 4
[340] = CNOT 8 4
[341] = CNOT 6 1
[342] = CNOT 1 6
[343] = CNOT 3 1
[344] = CNOT 8 7
[345] = CNOT 5 7
[346] = CNOT 7 8
[347] = CNOT 2 8
[348] = CNOT 4 8
[349] = CNOT 8 5
[350] = CNOT 7 6
[351] = CNOT 6 1
[352] = CNOT 3 5
[353] = CNOT 5 3
[354] = CNOT 6 3
[355] = CNOT 1 5
[356] = CNOT 2 5
[357] = CNOT 3 5
[358] = CNOT 5 7
[359] = CNOT 7 6
[360] = CNOT 6 8
[361] = CNOT 4 6
[362] = CNOT 4 8
[363] = CNOT 2 8
[364] = CNOT 3 8
[365] = CNOT 5 8
[366] = CNOT 1 7
[367] = CNOT 3 1
[368] = CNOT 5 1
[369] = CNOT 6 1
[370] = CNOT 7 1
[371] = CNOT 8 1
[372] = CNOT 5 2
[373] = CNOT 7 2
[374] = H 2
[375] = CCZ 3 8 2
[376] = H 2
[377] = CNOT 2 4
[378] = CNOT 5 2
[379] = CNOT 7 2
[380] = CNOT 8 4
[381] = CNOT 1 4
[382] = CNOT 3 4
[383] = H 4
[384] = CCZ 2 8 4
[385] = H 4
[386] = CNOT 8 4
[387] = CNOT 1 4
[388] = H 4
[389] = CCZ 7 8 4
[390] = H 4
[391] = CNOT 2 3
[392] = H 6
[393] = CCZ 2 8 6
[394] = H 6
[395] = CNOT 6 8
[396] = CNOT 6 7
[397] = CNOT 8 1
[398] = CNOT 7 1
[399] = CNOT 1 6
[400] = CNOT 6 2
[401] = CNOT 7 3
[402] = CNOT 8 5
[403] = CNOT 7 5
[404] = H 3
[405] = CCZ 2 7 3
[406] = H 3
[407] = CNOT 2 5
[408] = CNOT 3 2
[409] = H 5
[410] = CCZ 2 6 5
[411] = H 5
[412] = CNOT 2 1
[413] = CNOT 3 1
[414] = CNOT 5 1
[415] = H 6
[416] = CCZ 7 8 6
[417] = H 6
[418] = H 8
[419] = CCZ 1 6 8
[420] = H 8
[421] = H 10
[422] = CCZ 2 3 10
[423] = H 10
[424] = H 9
[425] = CCZ 10 4 9
[426] = H 9
[427] = H 1
[428] = CCZ 9 5 1
[429] = H 1
[430] = H 9
[431] = CCZ 10 4 9
[432] = H 9
[433] = H 10
[434] = CCZ 2 3 10
[435] = H 10
[436] = H 8
[437] = CCZ 1 6 8
[438] = H 8
[439] = H 6
[440] = CCZ 7 8 6
[441] = H 6
[442] = H 7
[443] = CCZ 1 6 7
[444] = H 7
[445] = H 10
[446] = CCZ 2 3 10
[447] = H 10
[448] = H 9
[449] = CCZ 10 4 9
[450] = H 9
[451] = H 1
[452] = CCZ 9 5 1
[453] = H 1
[454] = H 9
[455] = CCZ 10 4 9
[456] = H 9
[457] = H 10
[458] = CCZ 2 3 10
[459] = H 10
[460] = H 7
[461] = CCZ 1 6 7
[462] = H 7
[463] = CNOT 5 1
[464] = CNOT 3 2
[465] = CNOT 2 1
[466] = H 5
[467] = CCZ 2 6 5
[468] = H 5
[469] = CNOT 2 5
[470] = H 3
[471] = CCZ 2 7 3
[472] = H 3
[473] = CNOT 7 5
[474] = CNOT 8 5
[475] = CNOT 7 3
[476] = CNOT 6 2
[477] = CNOT 2 3
[478] = CNOT 1 6
[479] = CNOT 7 1
[480] = CNOT 8 1
[481] = CNOT 6 7
[482] = CNOT 6 8
[483] = H 6
[484] = CCZ 2 8 6
[485] = H 6
[486] = H 6
[487] = CCZ 3 8 6
[488] = H 6
[489] = H 4
[490] = CCZ 7 8 4
[491] = H 4
[492] = CNOT 1 4
[493] = CNOT 8 4
[494] = H 4
[495] = CCZ 2 8 4
[496] = H 4
[497] = CNOT 7 4
[498] = CNOT 5 4
[499] = CNOT 3 4
[500] = CNOT 1 4
[501] = CNOT 2 4
[502] = CNOT 8 4
[503] = CNOT 7 2
[504] = CNOT 5 2
[505] = H 2
[506] = CCZ 3 8 2
[507] = H 2
[508] = CNOT 7 2
[509] = CNOT 5 2
[510] = CNOT 8 1
[511] = CNOT 7 1
[512] = CNOT 5 6
[513] = CNOT 6 1
[514] = CNOT 3 1
[515] = CNOT 2 5
[516] = CNOT 5 7
[517] = CNOT 1 7
[518] = CNOT 7 6
[519] = CNOT 6 8
[520] = CNOT 2 3
[521] = CNOT 3 8
[522] = CNOT 4 6
[523] = CNOT 2 6
[524] = CNOT 7 5
[525] = CNOT 4 3
[526] = CNOT 1 3
[527] = CNOT 3 1
[528] = CNOT 1 3
[529] = CNOT 6 3
[530] = CNOT 4 5
[531] = CNOT 6 5
[532] = CNOT 5 6
[533] = CNOT 8 5
[534] = CNOT 1 6
[535] = CNOT 3 6
[536] = CNOT 2 6
[537] = CNOT 6 7
[538] = CNOT 1 8
[539] = CNOT 2 8
[540] = CNOT 3 8
[541] = CNOT 5 1
[542] = CNOT 8 1
[543] = CNOT 1 7
[544] = CNOT 3 1
[545] = CNOT 4 1
[546] = H 1
[547] = CCZ 3 8 1
[548] = H 1
[549] = CNOT 7 1
[550] = CNOT 2 4
[551] = CNOT 3 4
[552] = CNOT 5 4
[553] = CNOT 6 7
[554] = CNOT 7 4
[555] = H 4
[556] = CCZ 2 8 4
[557] = H 4
[558] = CNOT 2 1
[559] = CNOT 4 1
[560] = CNOT 5 1
[561] = H 1
[562] = CCZ 7 8 1
[563] = H 1
[564] = CNOT 2 1
[565] = CNOT 4 1
[566] = CNOT 5 1
[567] = CNOT 6 1
[568] = CNOT 2 3
[569] = H 6
[570] = CCZ 2 8 6
[571] = H 6
[572] = CNOT 6 8
[573] = CNOT 8 1
[574] = CNOT 7 1
[575] = CNOT 1 6
[576] = CNOT 6 2
[577] = CNOT 7 3
[578] = CNOT 8 5
[579] = CNOT 7 5
[580] = H 3
[581] = CCZ 2 7 3
[582] = H 3
[583] = CNOT 2 5
[584] = CNOT 3 2
[585] = H 5
[586] = CCZ 2 6 5
[587] = H 5
[588] = CNOT 2 1
[589] = CNOT 3 1
[590] = CNOT 5 1
[591] = H 6
[592] = CCZ 7 8 6
[593] = H 6
[594] = H 8
[595] = CCZ 1 6 8
[596] = H 8
[597] = H 10
[598] = CCZ 2 3 10
[599] = H 10
[600] = H 9
[601] = CCZ 10 4 9
[602] = H 9
[603] = H 1
[604] = CCZ 9 5 1
[605] = H 1
[606] = H 9
[607] = CCZ 10 4 9
[608] = H 9
[609] = H 10
[610] = CCZ 2 3 10
[611] = H 10
[612] = H 8
[613] = CCZ 1 6 8
[614] = H 8
[615] = H 6
[616] = CCZ 7 8 6
[617] = H 6
[618] = H 7
[619] = CCZ 1 6 7
[620] = H 7
[621] = H 10
[622] = CCZ 2 3 10
[623] = H 10
[624] = H 9
[625] = CCZ 10 4 9
[626] = H 9
[627] = H 1
[628] = CCZ 9 5 1
[629] = H 1
[630] = H 9
[631] = CCZ 10 4 9
[632] = H 9
[633] = H 10
[634] = CCZ 2 3 10
[635] = H 10
[636] = H 7
[637] = CCZ 1 6 7
[638] = H 7
[639] = CNOT 5 1
[640] = CNOT 3 2
[641] = CNOT 2 1
[642] = H 5
[643] = CCZ 2 6 5
[644] = H 5
[645] = CNOT 2 5
[646] = H 3
[647] = CCZ 2 7 3
[648] = H 3
[649] = CNOT 7 5
[650] = CNOT 8 5
[651] = CNOT 7 3
[652] = CNOT 6 2
[653] = CNOT 2 3
[654] = CNOT 1 6
[655] = CNOT 6 7
[656] = CNOT 7 1
[657] = CNOT 8 1
[658] = CNOT 6 8
[659] = H 6
[660] = CCZ 2 8 6
[661] = H 6
[662] = H 6
[663] = CCZ 3 8 6
[664] = H 6
[665] = CNOT 5 1
[666] = CNOT 4 1
[667] = CNOT 2 1
[668] = H 1
[669] = CCZ 7 8 1
[670] = H 1
[671] = CNOT 5 1
[672] = CNOT 4 1
[673] = CNOT 2 1
[674] = H 4
[675] = CCZ 2 8 4
[676] = H 4
[677] = CNOT 7 4
[678] = CNOT 5 6
[679] = CNOT 6 4
[680] = CNOT 3 4
[681] = CNOT 2 4
[682] = CNOT 7 1
[683] = H 1
[684] = CCZ 3 8 1
[685] = H 1
[686] = CNOT 8 1
[687] = CNOT 4 5
[688] = CNOT 5 1
[689] = CNOT 1 5
[690] = CNOT 3 1
[691] = CNOT 8 7
[692] = CNOT 1 6
[693] = CNOT 6 7
[694] = CNOT 7 6
[695] = CNOT 7 8
[696] = CNOT 2 3
[697] = CNOT 3 8
[698] = CNOT 1 8
[699] = CNOT 3 6
[700] = CNOT 6 1
[701] = CNOT 8 1
[702] = CNOT 8 5
[703] = CNOT 7 5
[704] = CNOT 2 5
[705] = CNOT 5 1
[706] = CNOT 5 3
[707] = CNOT 1 5
[708] = CNOT 4 3
[709] = CNOT 3 6
[710] = CNOT 7 3
[711] = CNOT 2 5
[712] = CNOT 4 5
[713] = CNOT 8 5
[714] = CNOT 6 8
[715] = CNOT 5 6
[716] = CNOT 2 8
[717] = CNOT 3 8
[718] = CNOT 7 4
[719] = CNOT 3 7
[720] = CNOT 4 7
[721] = CNOT 6 7
[722] = H 1
[723] = CCZ 2 5 1
[724] = H 1
[725] = CNOT 2 1
[726] = CNOT 5 1
[727] = CNOT 8 1
[728] = H 3
[729] = CCZ 5 8 3
[730] = H 3
[731] = CNOT 5 1
[732] = CNOT 7 1
[733] = H 1
[734] = CCZ 3 8 1
[735] = H 1
[736] = CNOT 5 1
[737] = CNOT 7 1
[738] = H 8
[739] = CCZ 2 3 8
[740] = H 8
[741] = CNOT 5 3
[742] = CNOT 6 3
[743] = H 3
[744] = CCZ 2 8 3
[745] = H 3
[746] = CNOT 5 3
[747] = CNOT 6 3
[748] = CNOT 8 4
[749] = CNOT 3 4
[750] = H 4
[751] = CCZ 7 8 4
[752] = H 4
[753] = CNOT 2 3
[754] = H 6
[755] = CCZ 2 8 6
[756] = H 6
[757] = CNOT 6 8
[758] = CNOT 6 7
[759] = CNOT 8 1
[760] = CNOT 7 1
[761] = CNOT 1 6
[762] = CNOT 6 2
[763] = CNOT 7 3
[764] = CNOT 8 5
[765] = CNOT 7 5
[766] = H 3
[767] = CCZ 2 7 3
[768] = H 3
[769] = CNOT 2 5
[770] = CNOT 3 2
[771] = H 5
[772] = CCZ 2 6 5
[773] = H 5
[774] = CNOT 2 1
[775] = CNOT 3 1
[776] = CNOT 5 1
[777] = H 6
[778] = CCZ 7 8 6
[779] = H 6
[780] = H 8
[781] = CCZ 1 6 8
[782] = H 8
[783] = H 10
[784] = CCZ 2 3 10
[785] = H 10
[786] = H 9
[787] = CCZ 10 4 9
[788] = H 9
[789] = H 1
[790] = CCZ 9 5 1
[791] = H 1
[792] = H 9
[793] = CCZ 10 4 9
[794] = H 9
[795] = H 10
[796] = CCZ 2 3 10
[797] = H 10
[798] = H 8
[799] = CCZ 1 6 8
[800] = H 8
[801] = H 6
[802] = CCZ 7 8 6
[803] = H 6
[804] = H 7
[805] = CCZ 1 6 7
[806] = H 7
[807] = H 10
[808] = CCZ 2 3 10
[809] = H 10
[810] = H 9
[811] = CCZ 10 4 9
[812] = H 9
[813] = H 1
[814] = CCZ 9 5 1
[815] = H 1
[816] = H 9
[817] = CCZ 10 4 9
[818] = H 9
[819] = H 10
[820] = CCZ 2 3 10
[821] = H 10
[822] = H 7
[823] = CCZ 1 6 7
[824] = H 7
[825] = CNOT 5 1
[826] = CNOT 3 2
[827] = CNOT 2 1
[828] = H 5
[829] = CCZ 2 6 5
[830] = H 5
[831] = CNOT 2 5
[832] = H 3
[833] = CCZ 2 7 3
[834] = H 3
[835] = CNOT 7 5
[836] = CNOT 8 5
[837] = CNOT 7 3
[838] = CNOT 6 2
[839] = CNOT 2 3
[840] = CNOT 1 6
[841] = CNOT 7 1
[842] = CNOT 8 1
[843] = CNOT 6 7
[844] = CNOT 6 8
[845] = H 6
[846] = CCZ 2 8 6
[847] = H 6
[848] = H 6
[849] = CCZ 3 8 6
[850] = H 6
[851] = H 4
[852] = CCZ 7 8 4
[853] = H 4
[854] = CNOT 3 4
[855] = CNOT 8 4
[856] = CNOT 6 3
[857] = CNOT 5 3
[858] = H 3
[859] = CCZ 2 8 3
[860] = H 3
[861] = CNOT 6 3
[862] = CNOT 5 3
[863] = H 8
[864] = CCZ 2 3 8
[865] = H 8
[866] = CNOT 7 1
[867] = CNOT 5 1
[868] = H 1
[869] = CCZ 3 8 1
[870] = H 1
[871] = CNOT 7 1
[872] = CNOT 5 1
[873] = H 3
[874] = CCZ 5 8 3
[875] = H 3
[876] = CNOT 8 1
[877] = CNOT 5 1
[878] = CNOT 2 1
[879] = H 1
[880] = CCZ 2 5 1
[881] = H 1
[882] = CNOT 6 7
[883] = CNOT 4 7
[884] = CNOT 3 7
[885] = CNOT 7 4
[886] = CNOT 5 6
[887] = CNOT 3 6
[888] = CNOT 6 8
[889] = CNOT 2 8
[890] = CNOT 8 6
[891] = CNOT 6 3
[892] = CNOT 7 6
[893] = CNOT 8 5
[894] = CNOT 4 5
[895] = CNOT 2 3
[896] = CNOT 2 5
[897] = CNOT 7 3
[898] = CNOT 3 5
[899] = CNOT 6 4
[900] = CNOT 4 6
[901] = CNOT 4 5
[902] = CNOT 1 8
[903] = CNOT 2 8
[904] = CNOT 6 7
[905] = CNOT 7 8
[906] = CNOT 8 7
[907] = CNOT 1 7
[908] = CNOT 2 4
[909] = CNOT 4 7
[910] = H 1
[911] = CCZ 5 6 1
[912] = H 1
[913] = CNOT 5 1
[914] = CNOT 6 7
[915] = CNOT 7 1
[916] = CNOT 1 4
[917] = CNOT 6 8
[918] = H 6
[919] = CCZ 4 8 6
[920] = H 6
[921] = CNOT 3 4
[922] = H 4
[923] = CCZ 2 8 4
[924] = H 4
[925] = H 4
[926] = CCZ 7 8 4
[927] = H 4
[928] = CNOT 6 4
[929] = CNOT 8 1
[930] = CNOT 7 1
[931] = CNOT 1 6
[932] = CNOT 2 3
[933] = CNOT 6 2
[934] = CNOT 7 3
[935] = CNOT 8 5
[936] = CNOT 7 5
[937] = H 3
[938] = CCZ 2 7 3
[939] = H 3
[940] = CNOT 2 5
[941] = CNOT 3 2
[942] = H 5
[943] = CCZ 2 6 5
[944] = H 5
[945] = CNOT 2 1
[946] = CNOT 3 1
[947] = CNOT 5 1
[948] = H 6
[949] = CCZ 7 8 6
[950] = H 6
[951] = H 8
[952] = CCZ 1 6 8
[953] = H 8
[954] = H 10
[955] = CCZ 2 3 10
[956] = H 10
[957] = H 9
[958] = CCZ 10 4 9
[959] = H 9
[960] = H 1
[961] = CCZ 9 5 1
[962] = H 1
[963] = H 9
[964] = CCZ 10 4 9
[965] = H 9
[966] = H 10
[967] = CCZ 2 3 10
[968] = H 10
[969] = H 8
[970] = CCZ 1 6 8
[971] = H 8
[972] = H 6
[973] = CCZ 7 8 6
[974] = H 6
[975] = H 7
[976] = CCZ 1 6 7
[977] = H 7
[978] = H 10
[979] = CCZ 2 3 10
[980] = H 10
[981] = H 9
[982] = CCZ 10 4 9
[983] = H 9
[984] = H 1
[985] = CCZ 9 5 1
[986] = H 1
[987] = H 9
[988] = CCZ 10 4 9
[989] = H 9
[990] = H 10
[991] = CCZ 2 3 10
[992] = H 10
[993] = H 7
[994] = CCZ 1 6 7
[995] = H 7
[996] = CNOT 5 1
[997] = CNOT 3 2
[998] = CNOT 2 1
[999] = H 5
[1000] = CCZ 2 6 5
[1001] = H 5
[1002] = CNOT 2 5
[1003] = H 3
[1004] = CCZ 2 7 3
[1005] = H 3
[1006] = CNOT 7 5
[1007] = CNOT 8 5
[1008] = CNOT 7 3
[1009] = CNOT 6 2
[1010] = CNOT 2 3
[1011] = CNOT 1 6
[1012] = CNOT 7 1
[1013] = CNOT 8 1
[1014] = CNOT 6 7
[1015] = CNOT 6 8
[1016] = H 6
[1017] = CCZ 2 8 6
[1018] = H 6
[1019] = H 6
[1020] = CCZ 3 8 6
[1021] = H 6
[1022] = CNOT 6 4
[1023] = H 4
[1024] = CCZ 7 8 4
[1025] = H 4
[1026] = CNOT 6 4
[1027] = H 4
[1028] = CCZ 2 8 4
[1029] = H 4
[1030] = CNOT 6 4
[1031] = CNOT 3 4
[1032] = CNOT 1 4
[1033] = CNOT 2 4
[1034] = H 6
[1035] = CCZ 3 8 6
[1036] = H 6
[1037] = CNOT 7 1
[1038] = CNOT 6 1
[1039] = CNOT 5 1
[1040] = H 1
[1041] = CCZ 5 6 1
[1042] = H 1
[1043] = CNOT 6 8
[1044] = CNOT 1 8
[1045] = CNOT 8 7
[1046] = CNOT 4 7
[1047] = CNOT 7 8
[1048] = CNOT 2 7
[1049] = CNOT 4 6
[1050] = CNOT 4 5
[1051] = CNOT 6 4
[1052] = CNOT 1 3
[1053] = CNOT 3 5
[1054] = CNOT 5 3
[1055] = CNOT 7 3
[1056] = CNOT 4 3
[1057] = CNOT 3 5
[1058] = CNOT 2 3
[1059] = CNOT 5 3
[1060] = CNOT 6 7
[1061] = CNOT 7 3
[1062] = CNOT 8 3
[1063] = CNOT 5 4
[1064] = CNOT 4 5
[1065] = CNOT 8 6
[1066] = CNOT 6 5
[1067] = CNOT 3 6
[1068] = CNOT 7 6
[1069] = CNOT 7 8
[1070] = CNOT 2 7
[1071] = CNOT 3 7
[1072] = CNOT 5 7
[1073] = CNOT 8 7
[1074] = CNOT 2 1
[1075] = CNOT 5 1
[1076] = CNOT 8 4
[1077] = CNOT 3 4
[1078] = CNOT 2 4
[1079] = CNOT 5 4
[1080] = H 4
[1081] = CCZ 3 8 4
[1082] = H 4
[1083] = CNOT 2 4
[1084] = CNOT 6 3
[1085] = CNOT 3 4
[1086] = H 4
[1087] = CCZ 2 8 4
[1088] = H 4
[1089] = H 8
[1090] = CCZ 3 5 8
[1091] = H 8
[1092] = CNOT 5 3
[1093] = H 3
[1094] = CCZ 7 8 3
[1095] = H 3
[1096] = CNOT 7 5
[1097] = CNOT 5 3
[1098] = CNOT 6 3
[1099] = CNOT 6 8
[1100] = CNOT 2 3
[1101] = H 6
[1102] = CCZ 2 8 6
[1103] = H 6
[1104] = CNOT 8 1
[1105] = CNOT 7 1
[1106] = CNOT 1 6
[1107] = CNOT 6 2
[1108] = CNOT 8 5
[1109] = H 3
[1110] = CCZ 2 7 3
[1111] = H 3
[1112] = CNOT 2 5
[1113] = CNOT 3 2
[1114] = H 5
[1115] = CCZ 2 6 5
[1116] = H 5
[1117] = CNOT 2 1
[1118] = CNOT 3 1
[1119] = CNOT 5 1
[1120] = H 6
[1121] = CCZ 7 8 6
[1122] = H 6
[1123] = H 8
[1124] = CCZ 1 6 8
[1125] = H 8
[1126] = H 10
[1127] = CCZ 2 3 10
[1128] = H 10
[1129] = H 9
[1130] = CCZ 10 4 9
[1131] = H 9
[1132] = H 1
[1133] = CCZ 9 5 1
[1134] = H 1
[1135] = H 9
[1136] = CCZ 10 4 9
[1137] = H 9
[1138] = H 10
[1139] = CCZ 2 3 10
[1140] = H 10
[1141] = H 8
[1142] = CCZ 1 6 8
[1143] = H 8
[1144] = H 6
[1145] = CCZ 7 8 6
[1146] = H 6
[1147] = H 7
[1148] = CCZ 1 6 7
[1149] = H 7
[1150] = H 10
[1151] = CCZ 2 3 10
[1152] = H 10
[1153] = H 9
[1154] = CCZ 10 4 9
[1155] = H 9
[1156] = H 1
[1157] = CCZ 9 5 1
[1158] = H 1
[1159] = H 9
[1160] = CCZ 10 4 9
[1161] = H 9
[1162] = H 10
[1163] = CCZ 2 3 10
[1164] = H 10
[1165] = H 7
[1166] = CCZ 1 6 7
[1167] = H 7
[1168] = CNOT 5 1
[1169] = CNOT 3 2
[1170] = CNOT 2 1
[1171] = H 5
[1172] = CCZ 2 6 5
[1173] = H 5
[1174] = CNOT 2 5
[1175] = H 3
[1176] = CCZ 2 7 3
[1177] = H 3
[1178] = CNOT 7 5
[1179] = CNOT 8 5
[1180] = CNOT 7 3
[1181] = CNOT 6 2
[1182] = CNOT 2 3
[1183] = CNOT 1 6
[1184] = CNOT 7 1
[1185] = CNOT 8 1
[1186] = CNOT 6 8
[1187] = H 6
[1188] = CCZ 2 8 6
[1189] = H 6
[1190] = H 6
[1191] = CCZ 3 8 6
[1192] = H 6
[1193] = CNOT 6 3
[1194] = CNOT 5 3
[1195] = H 3
[1196] = CCZ 7 8 3
[1197] = H 3
[1198] = CNOT 6 3
[1199] = CNOT 5 3
[1200] = H 8
[1201] = CCZ 3 5 8
[1202] = H 8
[1203] = H 4
[1204] = CCZ 2 8 4
[1205] = H 4
[1206] = CNOT 6 4
[1207] = CNOT 3 4
[1208] = CNOT 2 4
[1209] = H 4
[1210] = CCZ 3 8 4
[1211] = H 4
[1212] = CNOT 5 4
[1213] = CNOT 2 4
[1214] = CNOT 3 4
[1215] = CNOT 8 4
[1216] = CNOT 5 1
[1217] = CNOT 2 1
[1218] = CNOT 8 7
[1219] = CNOT 5 7
[1220] = CNOT 3 7
[1221] = CNOT 2 7
[1222] = CNOT 8 6
[1223] = CNOT 7 8
[1224] = CNOT 3 6
[1225] = CNOT 7 3
[1226] = CNOT 6 7
[1227] = CNOT 8 5
[1228] = CNOT 6 5
[1229] = CNOT 4 5
[1230] = CNOT 5 4
[1231] = CNOT 8 3
[1232] = CNOT 5 3
[1233] = CNOT 2 3
[1234] = CNOT 3 5
[1235] = CNOT 1 2
[1236] = CNOT 4 2
[1237] = CNOT 7 2
[1238] = CNOT 8 2
[1239] = CNOT 3 1
[1240] = CNOT 2 7
[1241] = CNOT 7 1
[1242] = CNOT 1 3
[1243] = CNOT 8 1
[1244] = CNOT 7 8
[1245] = CNOT 6 7
[1246] = CNOT 2 8
[1247] = CNOT 3 8
[1248] = H 6
[1249] = CCZ 2 4 6
[1250] = H 6
[1251] = CNOT 2 6
[1252] = CNOT 4 6
[1253] = CNOT 8 6
[1254] = H 4
[1255] = CCZ 3 7 4
[1256] = H 4
[1257] = CNOT 7 2
[1258] = CNOT 8 2
[1259] = H 2
[1260] = CCZ 3 4 2
[1261] = H 2
[1262] = CNOT 7 2
[1263] = CNOT 8 2
[1264] = CNOT 4 2
[1265] = CNOT 4 3
[1266] = CNOT 2 7
[1267] = CNOT 7 6
[1268] = CNOT 3 7
[1269] = CNOT 2 8
[1270] = CNOT 7 8
[1271] = CNOT 8 1
[1272] = CNOT 6 1
[1273] = CNOT 1 7
[1274] = H 7
[1275] = CCZ 6 8 7
[1276] = H 7
[1277] = H 6
[1278] = CCZ 2 7 6
[1279] = H 6
[1280] = H 8
[1281] = CCZ 3 7 8
[1282] = H 8
[1283] = CNOT 8 4
[1284] = CNOT 7 4
[1285] = CNOT 6 4
[1286] = CNOT 4 1
[1287] = H 3
[1288] = CCZ 1 4 3
[1289] = H 3
[1290] = H 10
[1291] = CCZ 5 6 10
[1292] = H 10
[1293] = H 9
[1294] = CCZ 10 7 9
[1295] = H 9
[1296] = H 1
[1297] = CCZ 9 8 1
[1298] = H 1
[1299] = H 9
[1300] = CCZ 10 7 9
[1301] = H 9
[1302] = H 10
[1303] = CCZ 5 6 10
[1304] = H 10
[1305] = H 3
[1306] = CCZ 1 4 3
[1307] = H 3
[1308] = H 9
[1309] = CCZ 1 3 9
[1310] = H 9
[1311] = H 2
[1312] = CCZ 9 4 2
[1313] = H 2
[1314] = H 9
[1315] = CCZ 1 3 9
[1316] = H 9
[1317] = H 10
[1318] = CCZ 5 6 10
[1319] = H 10
[1320] = H 9
[1321] = CCZ 10 7 9
[1322] = H 9
[1323] = H 1
[1324] = CCZ 9 8 1
[1325] = H 1
[1326] = H 9
[1327] = CCZ 10 7 9
[1328] = H 9
[1329] = H 10
[1330] = CCZ 5 6 10
[1331] = H 10
[1332] = H 9
[1333] = CCZ 1 3 9
[1334] = H 9
[1335] = H 2
[1336] = CCZ 9 4 2
[1337] = H 2
[1338] = H 9
[1339] = CCZ 1 3 9
[1340] = H 9
[1341] = CNOT 4 1
[1342] = CNOT 6 4
[1343] = CNOT 7 4
[1344] = CNOT 8 4
[1345] = H 8
[1346] = CCZ 3 7 8
[1347] = H 8
[1348] = H 6
[1349] = CCZ 2 7 6
[1350] = H 6
[1351] = H 7
[1352] = CCZ 6 8 7
[1353] = H 7
[1354] = CNOT 1 7
[1355] = CNOT 6 1
[1356] = CNOT 8 1
[1357] = CNOT 7 8
[1358] = CNOT 2 8
[1359] = CNOT 3 7
[1360] = CNOT 7 6
[1361] = CNOT 2 7
[1362] = CNOT 4 3
[1363] = CNOT 4 2
[1364] = CNOT 8 2
[1365] = CNOT 7 2
[1366] = H 2
[1367] = CCZ 3 4 2
[1368] = H 2
[1369] = CNOT 8 2
[1370] = CNOT 7 2
[1371] = H 4
[1372] = CCZ 3 7 4
[1373] = H 4
[1374] = CNOT 8 6
[1375] = CNOT 4 6
[1376] = CNOT 2 6
[1377] = H 6
[1378] = CCZ 2 4 6
[1379] = H 6
[1380] = CNOT 6 7
[1381] = CNOT 7 8
[1382] = CNOT 2 3
[1383] = CNOT 3 8
[1384] = CNOT 7 1
[1385] = CNOT 2 7
[1386] = CNOT 8 1
[1387] = CNOT 1 7
[1388] = CNOT 7 3
[1389] = CNOT 8 3
[1390] = CNOT 5 3
[1391] = CNOT 6 3
[1392] = CNOT 3 2
[1393] = CNOT 2 3
[1394] = CNOT 1 3
[1395] = CNOT 3 1
[1396] = CNOT 4 1
[1397] = CNOT 7 1
[1398] = CNOT 8 1
[1399] = CNOT 7 6
[1400] = CNOT 1 7
[1401] = CNOT 4 7
[1402] = CNOT 6 7
[1403] = CNOT 8 6
[1404] = CNOT 1 8
[1405] = CNOT 6 8
[1406] = CNOT 8 5
[1407] = CNOT 7 8
[1408] = H 6
[1409] = CCZ 3 4 6
[1410] = H 6
[1411] = CNOT 3 6
[1412] = CNOT 4 6
[1413] = CNOT 8 6
[1414] = CNOT 3 5
[1415] = CNOT 1 5
[1416] = CNOT 2 5
[1417] = CNOT 6 5
[1418] = H 5
[1419] = CCZ 3 4 5
[1420] = H 5
[1421] = CNOT 4 2
[1422] = CNOT 4 3
[1423] = CNOT 2 7
[1424] = CNOT 7 6
[1425] = CNOT 3 7
[1426] = CNOT 2 8
[1427] = CNOT 7 8
[1428] = CNOT 8 1
[1429] = CNOT 6 1
[1430] = CNOT 1 7
[1431] = H 7
[1432] = CCZ 6 8 7
[1433] = H 7
[1434] = H 6
[1435] = CCZ 2 7 6
[1436] = H 6
[1437] = H 8
[1438] = CCZ 3 7 8
[1439] = H 8
[1440] = CNOT 8 4
[1441] = CNOT 7 4
[1442] = CNOT 6 4
[1443] = CNOT 4 1
[1444] = H 3
[1445] = CCZ 1 4 3
[1446] = H 3
[1447] = H 10
[1448] = CCZ 5 6 10
[1449] = H 10
[1450] = H 9
[1451] = CCZ 10 7 9
[1452] = H 9
[1453] = H 1
[1454] = CCZ 9 8 1
[1455] = H 1
[1456] = H 9
[1457] = CCZ 10 7 9
[1458] = H 9
[1459] = H 10
[1460] = CCZ 5 6 10
[1461] = H 10
[1462] = H 3
[1463] = CCZ 1 4 3
[1464] = H 3
[1465] = H 9
[1466] = CCZ 1 3 9
[1467] = H 9
[1468] = H 2
[1469] = CCZ 9 4 2
[1470] = H 2
[1471] = H 9
[1472] = CCZ 1 3 9
[1473] = H 9
[1474] = H 10
[1475] = CCZ 5 6 10
[1476] = H 10
[1477] = H 9
[1478] = CCZ 10 7 9
[1479] = H 9
[1480] = H 1
[1481] = CCZ 9 8 1
[1482] = H 1
[1483] = H 9
[1484] = CCZ 10 7 9
[1485] = H 9
[1486] = H 10
[1487] = CCZ 5 6 10
[1488] = H 10
[1489] = H 9
[1490] = CCZ 1 3 9
[1491] = H 9
[1492] = H 2
[1493] = CCZ 9 4 2
[1494] = H 2
[1495] = H 9
[1496] = CCZ 1 3 9
[1497] = H 9
[1498] = CNOT 4 1
[1499] = CNOT 6 4
[1500] = CNOT 7 4
[1501] = CNOT 8 4
[1502] = H 8
[1503] = CCZ 3 7 8
[1504] = H 8
[1505] = H 6
[1506] = CCZ 2 7 6
[1507] = H 6
[1508] = H 7
[1509] = CCZ 6 8 7
[1510] = H 7
[1511] = CNOT 1 7
[1512] = CNOT 6 1
[1513] = CNOT 8 1
[1514] = CNOT 7 8
[1515] = CNOT 2 8
[1516] = CNOT 3 7
[1517] = CNOT 7 6
[1518] = CNOT 2 7
[1519] = CNOT 4 3
[1520] = CNOT 4 2
[1521] = H 5
[1522] = CCZ 3 4 5
[1523] = H 5
[1524] = CNOT 8 5
[1525] = CNOT 7 5
[1526] = CNOT 6 5
[1527] = CNOT 2 5
[1528] = CNOT 1 5
[1529] = CNOT 3 5
[1530] = CNOT 8 6
[1531] = CNOT 4 6
[1532] = CNOT 3 6
[1533] = H 6
[1534] = CCZ 3 4 6
[1535] = H 6
[1536] = CNOT 7 8
[1537] = CNOT 6 8
[1538] = CNOT 1 8
[1539] = CNOT 8 6
[1540] = CNOT 6 7
[1541] = CNOT 1 7
[1542] = CNOT 7 1
[1543] = CNOT 4 7
[1544] = CNOT 7 6
[1545] = CNOT 8 3
[1546] = CNOT 3 1
[1547] = CNOT 1 3
[1548] = CNOT 1 7
[1549] = CNOT 6 3
[1550] = CNOT 5 3
[1551] = CNOT 2 3
[1552] = CNOT 7 3
[1553] = CNOT 3 2
[1554] = CNOT 4 2
[1555] = CNOT 8 2
[1556] = CNOT 8 1
[1557] = CNOT 1 3
[1558] = CNOT 2 1
[1559] = CNOT 4 1
[1560] = CNOT 1 7
[1561] = CNOT 5 1
[1562] = CNOT 6 1
[1563] = CNOT 3 7
[1564] = CNOT 4 8
[1565] = CNOT 8 7
[1566] = CNOT 7 5
[1567] = CNOT 5 8
[1568] = CNOT 1 8
[1569] = CNOT 2 8
[1570] = CNOT 3 8
[1571] = CNOT 2 6
[1572] = CNOT 8 6
[1573] = CNOT 3 5
[1574] = CNOT 2 5
[1575] = H 5
[1576] = CCZ 3 4 5
[1577] = H 5
[1578] = CNOT 4 2
[1579] = CNOT 4 3
[1580] = CNOT 2 7
[1581] = CNOT 7 6
[1582] = CNOT 3 7
[1583] = CNOT 2 8
[1584] = CNOT 7 8
[1585] = CNOT 8 1
[1586] = CNOT 6 1
[1587] = CNOT 1 7
[1588] = H 7
[1589] = CCZ 6 8 7
[1590] = H 7
[1591] = H 6
[1592] = CCZ 2 7 6
[1593] = H 6
[1594] = H 8
[1595] = CCZ 3 7 8
[1596] = H 8
[1597] = CNOT 8 4
[1598] = CNOT 7 4
[1599] = CNOT 6 4
[1600] = CNOT 4 1
[1601] = H 3
[1602] = CCZ 1 4 3
[1603] = H 3
[1604] = H 10
[1605] = CCZ 5 6 10
[1606] = H 10
[1607] = H 9
[1608] = CCZ 10 7 9
[1609] = H 9
[1610] = H 1
[1611] = CCZ 9 8 1
[1612] = H 1
[1613] = H 9
[1614] = CCZ 10 7 9
[1615] = H 9
[1616] = H 10
[1617] = CCZ 5 6 10
[1618] = H 10
[1619] = H 3
[1620] = CCZ 1 4 3
[1621] = H 3
[1622] = H 9
[1623] = CCZ 1 3 9
[1624] = H 9
[1625] = H 2
[1626] = CCZ 9 4 2
[1627] = H 2
[1628] = H 9
[1629] = CCZ 1 3 9
[1630] = H 9
[1631] = H 10
[1632] = CCZ 5 6 10
[1633] = H 10
[1634] = H 9
[1635] = CCZ 10 7 9
[1636] = H 9
[1637] = H 1
[1638] = CCZ 9 8 1
[1639] = H 1
[1640] = H 9
[1641] = CCZ 10 7 9
[1642] = H 9
[1643] = H 10
[1644] = CCZ 5 6 10
[1645] = H 10
[1646] = H 9
[1647] = CCZ 1 3 9
[1648] = H 9
[1649] = H 2
[1650] = CCZ 9 4 2
[1651] = H 2
[1652] = H 9
[1653] = CCZ 1 3 9
[1654] = H 9
[1655] = CNOT 4 1
[1656] = CNOT 6 4
[1657] = CNOT 7 4
[1658] = CNOT 8 4
[1659] = H 8
[1660] = CCZ 3 7 8
[1661] = H 8
[1662] = H 6
[1663] = CCZ 2 7 6
[1664] = H 6
[1665] = H 7
[1666] = CCZ 6 8 7
[1667] = H 7
[1668] = CNOT 1 7
[1669] = CNOT 6 1
[1670] = CNOT 8 1
[1671] = CNOT 7 8
[1672] = CNOT 2 8
[1673] = CNOT 3 7
[1674] = CNOT 7 6
[1675] = CNOT 2 7
[1676] = CNOT 4 3
[1677] = CNOT 4 2
[1678] = H 5
[1679] = CCZ 3 4 5
[1680] = H 5
[1681] = CNOT 7 5
[1682] = CNOT 2 5
[1683] = CNOT 5 7
[1684] = CNOT 3 5
[1685] = CNOT 2 8
[1686] = CNOT 8 6
[1687] = CNOT 4 7
[1688] = CNOT 7 8
[1689] = CNOT 1 8
[1690] = CNOT 8 1
[1691] = CNOT 6 1
[1692] = CNOT 1 7
[1693] = CNOT 5 1
[1694] = CNOT 4 1
[1695] = CNOT 2 1
[1696] = CNOT 8 3
[1697] = CNOT 7 3
[1698] = CNOT 1 3
[1699] = CNOT 3 1
[1700] = CNOT 1 3
[1701] = CNOT 3 2
[1702] = CNOT 5 2
[1703] = CNOT 7 2
[1704] = CNOT 8 3
[1705] = CNOT 4 1
[1706] = CNOT 7 8
[1707] = CNOT 1 7
[1708] = CNOT 8 7
[1709] = CNOT 7 8
[1710] = CNOT 4 7
[1711] = CNOT 2 8
[1712] = CNOT 3 8
[1713] = CNOT 5 8
[1714] = H 6
[1715] = CCZ 2 4 6
[1716] = H 6
[1717] = CNOT 1 6
[1718] = CNOT 2 6
[1719] = CNOT 4 6
[1720] = H 4
[1721] = CCZ 3 7 4
[1722] = H 4
[1723] = CNOT 7 2
[1724] = CNOT 8 2
[1725] = H 2
[1726] = CCZ 3 4 2
[1727] = H 2
[1728] = CNOT 7 2
[1729] = CNOT 8 2
[1730] = CNOT 4 2
[1731] = CNOT 4 3
[1732] = CNOT 2 7
[1733] = CNOT 7 6
[1734] = CNOT 3 7
[1735] = CNOT 2 8
[1736] = CNOT 7 8
[1737] = CNOT 8 1
[1738] = CNOT 6 1
[1739] = CNOT 1 7
[1740] = H 7
[1741] = CCZ 6 8 7
[1742] = H 7
[1743] = H 6
[1744] = CCZ 2 7 6
[1745] = H 6
[1746] = H 8
[1747] = CCZ 3 7 8
[1748] = H 8
[1749] = CNOT 8 4
[1750] = CNOT 7 4
[1751] = CNOT 6 4
[1752] = CNOT 4 1
[1753] = H 3
[1754] = CCZ 1 4 3
[1755] = H 3
[1756] = H 10
[1757] = CCZ 5 6 10
[1758] = H 10
[1759] = H 9
[1760] = CCZ 10 7 9
[1761] = H 9
[1762] = H 1
[1763] = CCZ 9 8 1
[1764] = H 1
[1765] = H 9
[1766] = CCZ 10 7 9
[1767] = H 9
[1768] = H 10
[1769] = CCZ 5 6 10
[1770] = H 10
[1771] = H 3
[1772] = CCZ 1 4 3
[1773] = H 3
[1774] = H 9
[1775] = CCZ 1 3 9
[1776] = H 9
[1777] = H 2
[1778] = CCZ 9 4 2
[1779] = H 2
[1780] = H 9
[1781] = CCZ 1 3 9
[1782] = H 9
[1783] = H 10
[1784] = CCZ 5 6 10
[1785] = H 10
[1786] = H 9
[1787] = CCZ 10 7 9
[1788] = H 9
[1789] = H 1
[1790] = CCZ 9 8 1
[1791] = H 1
[1792] = H 9
[1793] = CCZ 10 7 9
[1794] = H 9
[1795] = H 10
[1796] = CCZ 5 6 10
[1797] = H 10
[1798] = H 9
[1799] = CCZ 1 3 9
[1800] = H 9
[1801] = H 2
[1802] = CCZ 9 4 2
[1803] = H 2
[1804] = H 9
[1805] = CCZ 1 3 9
[1806] = H 9
[1807] = CNOT 4 1
[1808] = CNOT 6 4
[1809] = CNOT 7 4
[1810] = CNOT 8 4
[1811] = H 8
[1812] = CCZ 3 7 8
[1813] = H 8
[1814] = H 6
[1815] = CCZ 2 7 6
[1816] = H 6
[1817] = H 7
[1818] = CCZ 6 8 7
[1819] = H 7
[1820] = CNOT 1 7
[1821] = CNOT 6 1
[1822] = CNOT 8 1
[1823] = CNOT 7 8
[1824] = CNOT 2 8
[1825] = CNOT 3 7
[1826] = CNOT 7 6
[1827] = CNOT 2 7
[1828] = CNOT 4 3
[1829] = CNOT 4 2
[1830] = CNOT 8 2
[1831] = CNOT 7 2
[1832] = H 2
[1833] = CCZ 3 4 2
[1834] = H 2
[1835] = CNOT 8 2
[1836] = CNOT 7 2
[1837] = H 4
[1838] = CCZ 3 7 4
[1839] = H 4
[1840] = CNOT 4 6
[1841] = CNOT 2 6
[1842] = CNOT 1 6
[1843] = H 6
[1844] = CCZ 2 4 6
[1845] = H 6
[1846] = CNOT 7 8
[1847] = CNOT 5 8
[1848] = CNOT 4 3
[1849] = CNOT 3 8
[1850] = CNOT 2 8
[1851] = CNOT 8 7
[1852] = CNOT 4 1
[1853] = CNOT 1 7
[1854] = CNOT 7 8
[1855] = CNOT 8 3
[1856] = CNOT 1 3
[1857] = CNOT 3 1
[1858] = CNOT 8 2
[1859] = CNOT 7 2
[1860] = CNOT 6 2
[1861] = CNOT 5 1
[1862] = CNOT 2 1
[1863] = CNOT 1 2
[1864] = CNOT 2 3
[1865] = CNOT 7 2
[1866] = CNOT 3 1
[1867] = CNOT 8 3
[1868] = H 7
[1869] = CCZ 2 4 7
[1870] = H 7
[1871] = CNOT 2 7
[1872] = CNOT 4 7
[1873] = CNOT 8 6
[1874] = CNOT 4 6
[1875] = CNOT 6 8
[1876] = CNOT 2 6
[1877] = CNOT 1 6
[1878] = H 6
[1879] = CCZ 3 4 6
[1880] = H 6
[1881] = CNOT 1 6
[1882] = CNOT 8 6
[1883] = CNOT 4 2
[1884] = CNOT 4 3
[1885] = CNOT 2 7
[1886] = CNOT 7 6
[1887] = CNOT 3 7
[1888] = CNOT 2 8
[1889] = CNOT 7 8
[1890] = CNOT 8 1
[1891] = CNOT 6 1
[1892] = CNOT 1 7
[1893] = H 7
[1894] = CCZ 6 8 7
[1895] = H 7
[1896] = H 6
[1897] = CCZ 2 7 6
[1898] = H 6
[1899] = H 8
[1900] = CCZ 3 7 8
[1901] = H 8
[1902] = CNOT 8 4
[1903] = CNOT 7 4
[1904] = CNOT 6 4
[1905] = CNOT 4 1
[1906] = H 3
[1907] = CCZ 1 4 3
[1908] = H 3
[1909] = H 10
[1910] = CCZ 5 6 10
[1911] = H 10
[1912] = H 9
[1913] = CCZ 10 7 9
[1914] = H 9
[1915] = H 1
[1916] = CCZ 9 8 1
[1917] = H 1
[1918] = H 9
[1919] = CCZ 10 7 9
[1920] = H 9
[1921] = H 10
[1922] = CCZ 5 6 10
[1923] = H 10
[1924] = H 3
[1925] = CCZ 1 4 3
[1926] = H 3
[1927] = H 9
[1928] = CCZ 1 3 9
[1929] = H 9
[1930] = H 2
[1931] = CCZ 9 4 2
[1932] = H 2
[1933] = H 9
[1934] = CCZ 1 3 9
[1935] = H 9
[1936] = H 10
[1937] = CCZ 5 6 10
[1938] = H 10
[1939] = H 9
[1940] = CCZ 10 7 9
[1941] = H 9
[1942] = H 1
[1943] = CCZ 9 8 1
[1944] = H 1
[1945] = H 9
[1946] = CCZ 10 7 9
[1947] = H 9
[1948] = H 10
[1949] = CCZ 5 6 10
[1950] = H 10
[1951] = H 9
[1952] = CCZ 1 3 9
[1953] = H 9
[1954] = H 2
[1955] = CCZ 9 4 2
[1956] = H 2
[1957] = H 9
[1958] = CCZ 1 3 9
[1959] = H 9
[1960] = CNOT 4 1
[1961] = CNOT 6 4
[1962] = CNOT 7 4
[1963] = CNOT 8 4
[1964] = H 8
[1965] = CCZ 3 7 8
[1966] = H 8
[1967] = H 6
[1968] = CCZ 2 7 6
[1969] = H 6
[1970] = H 7
[1971] = CCZ 6 8 7
[1972] = H 7
[1973] = CNOT 1 7
[1974] = CNOT 6 1
[1975] = CNOT 8 1
[1976] = CNOT 7 8
[1977] = CNOT 2 8
[1978] = CNOT 3 7
[1979] = CNOT 7 6
[1980] = CNOT 4 7
[1981] = CNOT 4 2
[1982] = CNOT 4 3
[1983] = CNOT 8 6
[1984] = CNOT 1 6
[1985] = H 6
[1986] = CCZ 3 4 6
[1987] = H 6
[1988] = CNOT 1 6
[1989] = CNOT 4 6
[1990] = CNOT 2 6
[1991] = CNOT 6 8
[1992] = CNOT 4 8
[1993] = CNOT 8 6
[1994] = CNOT 4 7
[1995] = H 7
[1996] = CCZ 2 4 7
[1997] = H 7
[1998] = CNOT 8 1
[1999] = CNOT 5 1
[2000] = CNOT 3 1
[2001] = CNOT 4 3
[2002] = CNOT 8 3
[2003] = CNOT 7 2
[2004] = CNOT 2 3
[2005] = CNOT 3 2
[2006] = CNOT 5 2
[2007] = CNOT 1 2
[2008] = CNOT 2 1
[2009] = CNOT 2 3
[2010] = CNOT 3 2
[2011] = CNOT 4 2
[2012] = CNOT 7 2
[2013] = CNOT 3 5
[2014] = CNOT 4 3
[2015] = CNOT 5 3
[2016] = CNOT 7 3
[2017] = CNOT 2 1
[2018] = CNOT 3 1
[2019] = CNOT 5 1
[2020] = CNOT 7 5
[2021] = CNOT 1 7
[2022] = CNOT 3 7
[2023] = CNOT 5 7
[2024] = CNOT 8 5
[2025] = CNOT 1 8
[2026] = CNOT 2 8
[2027] = CNOT 4 8
[2028] = CNOT 6 5
[2029] = CNOT 5 8
[2030] = CNOT 8 6
[2031] = CNOT 7 8
[2032] = CNOT 2 6
[2033] = H 6
[2034] = CCZ 3 4 6
[2035] = H 6
[2036] = CNOT 1 6
[2037] = CNOT 2 6
[2038] = CNOT 5 6
[2039] = CNOT 8 6
[2040] = CNOT 4 2
[2041] = CNOT 4 3
[2042] = CNOT 2 7
[2043] = CNOT 7 6
[2044] = CNOT 3 7
[2045] = CNOT 2 8
[2046] = CNOT 7 8
[2047] = CNOT 8 1
[2048] = CNOT 6 1
[2049] = CNOT 1 7
[2050] = H 7
[2051] = CCZ 6 8 7
[2052] = H 7
[2053] = H 6
[2054] = CCZ 2 7 6
[2055] = H 6
[2056] = H 8
[2057] = CCZ 3 7 8
[2058] = H 8
[2059] = CNOT 8 4
[2060] = CNOT 7 4
[2061] = CNOT 6 4
[2062] = CNOT 4 1
[2063] = H 3
[2064] = CCZ 1 4 3
[2065] = H 3
[2066] = H 10
[2067] = CCZ 5 6 10
[2068] = H 10
[2069] = H 9
[2070] = CCZ 10 7 9
[2071] = H 9
[2072] = H 1
[2073] = CCZ 9 8 1
[2074] = H 1
[2075] = H 9
[2076] = CCZ 10 7 9
[2077] = H 9
[2078] = H 10
[2079] = CCZ 5 6 10
[2080] = H 10
[2081] = H 3
[2082] = CCZ 1 4 3
[2083] = H 3
[2084] = H 9
[2085] = CCZ 1 3 9
[2086] = H 9
[2087] = H 2
[2088] = CCZ 9 4 2
[2089] = H 2
[2090] = H 9
[2091] = CCZ 1 3 9
[2092] = H 9
[2093] = H 10
[2094] = CCZ 5 6 10
[2095] = H 10
[2096] = H 9
[2097] = CCZ 10 7 9
[2098] = H 9
[2099] = H 1
[2100] = CCZ 9 8 1
[2101] = H 1
[2102] = H 9
[2103] = CCZ 10 7 9
[2104] = H 9
[2105] = H 10
[2106] = CCZ 5 6 10
[2107] = H 10
[2108] = H 9
[2109] = CCZ 1 3 9
[2110] = H 9
[2111] = H 2
[2112] = CCZ 9 4 2
[2113] = H 2
[2114] = H 9
[2115] = CCZ 1 3 9
[2116] = H 9
[2117] = CNOT 4 1
[2118] = CNOT 6 4
[2119] = CNOT 7 4
[2120] = CNOT 8 4
[2121] = H 8
[2122] = CCZ 3 7 8
[2123] = H 8
[2124] = H 6
[2125] = CCZ 2 7 6
[2126] = H 6
[2127] = H 7
[2128] = CCZ 6 8 7
[2129] = H 7
[2130] = CNOT 1 7
[2131] = CNOT 6 1
[2132] = CNOT 8 1
[2133] = CNOT 7 8
[2134] = CNOT 2 8
[2135] = CNOT 3 7
[2136] = CNOT 7 6
[2137] = CNOT 2 7
[2138] = CNOT 4 3
[2139] = CNOT 4 2
[2140] = CNOT 8 6
[2141] = CNOT 5 6
[2142] = CNOT 2 6
[2143] = CNOT 1 6
[2144] = H 6
[2145] = CCZ 3 4 6
[2146] = H 6
[2147] = CNOT 2 8
[2148] = CNOT 8 6
[2149] = CNOT 6 8
[2150] = CNOT 7 6
[2151] = CNOT 6 5
[2152] = CNOT 5 8
[2153] = CNOT 4 8
[2154] = CNOT 1 8
[2155] = CNOT 8 5
[2156] = CNOT 5 7
[2157] = CNOT 3 1
[2158] = CNOT 1 7
[2159] = CNOT 5 3
[2160] = CNOT 7 5
[2161] = CNOT 5 1
[2162] = CNOT 4 2
[2163] = CNOT 2 1
[2164] = CNOT 4 3
[2165] = CNOT 3 5
[2166] = CNOT 3 2
[2167] = CNOT 1 2
[2168] = CNOT 2 3
[2169] = CNOT 4 3
[2170] = CNOT 6 5
[2171] = CNOT 5 3
[2172] = CNOT 8 3
[2173] = CNOT 1 5
[2174] = CNOT 2 1
[2175] = CNOT 3 1
[2176] = CNOT 4 1
[2177] = CNOT 5 6
[2178] = CNOT 5 1
[2179] = CNOT 8 1
[2180] = CNOT 7 8
[2181] = CNOT 1 7
[2182] = CNOT 3 7
[2183] = CNOT 8 7
[2184] = H 8
[2185] = CCZ 3 4 8
[2186] = H 8
[2187] = CNOT 3 8
[2188] = CNOT 4 8
[2189] = CNOT 7 8
[2190] = CNOT 1 6
[2191] = CNOT 3 6
[2192] = CNOT 4 6
[2193] = CNOT 7 6
[2194] = H 3
[2195] = CCZ 2 8 3
[2196] = H 3
[2197] = H 4
[2198] = CCZ 2 8 4
[2199] = H 4
[2200] = CNOT 8 6
[2201] = H 6
[2202] = CCZ 3 4 6
[2203] = H 6
[2204] = CNOT 8 6
[2205] = CNOT 4 2
[2206] = CNOT 4 3
[2207] = CNOT 2 7
[2208] = CNOT 7 6
[2209] = CNOT 3 7
[2210] = CNOT 2 8
[2211] = CNOT 7 8
[2212] = CNOT 8 1
[2213] = CNOT 6 1
[2214] = CNOT 1 7
[2215] = H 7
[2216] = CCZ 6 8 7
[2217] = H 7
[2218] = H 6
[2219] = CCZ 2 7 6
[2220] = H 6
[2221] = H 8
[2222] = CCZ 3 7 8
[2223] = H 8
[2224] = CNOT 8 4
[2225] = CNOT 7 4
[2226] = CNOT 6 4
[2227] = CNOT 4 1
[2228] = H 3
[2229] = CCZ 1 4 3
[2230] = H 3
[2231] = H 10
[2232] = CCZ 5 6 10
[2233] = H 10
[2234] = H 9
[2235] = CCZ 10 7 9
[2236] = H 9
[2237] = H 1
[2238] = CCZ 9 8 1
[2239] = H 1
[2240] = H 9
[2241] = CCZ 10 7 9
[2242] = H 9
[2243] = H 10
[2244] = CCZ 5 6 10
[2245] = H 10
[2246] = H 3
[2247] = CCZ 1 4 3
[2248] = H 3
[2249] = H 9
[2250] = CCZ 1 3 9
[2251] = H 9
[2252] = H 2
[2253] = CCZ 9 4 2
[2254] = H 2
[2255] = H 9
[2256] = CCZ 1 3 9
[2257] = H 9
[2258] = H 10
[2259] = CCZ 5 6 10
[2260] = H 10
[2261] = H 9
[2262] = CCZ 10 7 9
[2263] = H 9
[2264] = H 1
[2265] = CCZ 9 8 1
[2266] = H 1
[2267] = H 9
[2268] = CCZ 10 7 9
[2269] = H 9
[2270] = H 10
[2271] = CCZ 5 6 10
[2272] = H 10
[2273] = H 9
[2274] = CCZ 1 3 9
[2275] = H 9
[2276] = H 2
[2277] = CCZ 9 4 2
[2278] = H 2
[2279] = H 9
[2280] = CCZ 1 3 9
[2281] = H 9
[2282] = CNOT 4 1
[2283] = CNOT 6 4
[2284] = CNOT 7 4
[2285] = CNOT 8 4
[2286] = H 8
[2287] = CCZ 3 7 8
[2288] = H 8
[2289] = H 6
[2290] = CCZ 2 7 6
[2291] = H 6
[2292] = H 7
[2293] = CCZ 6 8 7
[2294] = H 7
[2295] = CNOT 1 7
[2296] = CNOT 6 1
[2297] = CNOT 8 1
[2298] = CNOT 7 8
[2299] = CNOT 2 8
[2300] = CNOT 3 7
[2301] = CNOT 7 6
[2302] = CNOT 2 7
[2303] = CNOT 4 3
[2304] = CNOT 4 2
[2305] = CNOT 8 6
[2306] = H 6
[2307] = CCZ 3 4 6
[2308] = H 6
[2309] = CNOT 7 8
[2310] = CNOT 8 6
[2311] = CNOT 4 3
[2312] = CNOT 3 8
[2313] = H 3
[2314] = CCZ 2 8 3
[2315] = H 3
[2316] = CNOT 4 3
[2317] = CNOT 5 6
[2318] = CNOT 4 6
[2319] = CNOT 3 6
[2320] = CNOT 1 6
[2321] = CNOT 6 5
[2322] = H 8
[2323] = CCZ 3 4 8
[2324] = H 8
[2325] = CNOT 8 7
[2326] = CNOT 3 1
[2327] = CNOT 1 7
[2328] = CNOT 8 3
[2329] = CNOT 7 8
[2330] = CNOT 8 1
[2331] = CNOT 6 1
[2332] = CNOT 5 1
[2333] = CNOT 2 1
[2334] = CNOT 4 3
[2335] = CNOT 5 3
[2336] = CNOT 4 5
[2337] = CNOT 1 5
[2338] = CNOT 6 3
[2339] = CNOT 7 2
[2340] = CNOT 5 2
[2341] = CNOT 6 2
[2342] = CNOT 8 2
[2343] = CNOT 5 3
[2344] = CNOT 8 3
[2345] = CNOT 7 5
[2346] = CNOT 2 7
[2347] = CNOT 3 7
[2348] = CNOT 4 7
[2349] = CNOT 5 7
[2350] = CNOT 6 7
[2351] = CNOT 8 7
[2352] = CNOT 8 5
[2353] = CNOT 1 8
[2354] = CNOT 2 8
[2355] = CNOT 3 8
[2356] = CNOT 5 8
[2357] = CNOT 3 6
[2358] = CNOT 4 6
[2359] = CNOT 8 6
[2360] = H 4
[2361] = CCZ 3 7 4
[2362] = H 4
[2363] = CNOT 7 6
[2364] = H 6
[2365] = CCZ 3 4 6
[2366] = H 6
[2367] = CNOT 2 6
[2368] = CNOT 7 6
[2369] = CNOT 4 2
[2370] = CNOT 4 3
[2371] = CNOT 2 7
[2372] = CNOT 7 6
[2373] = CNOT 3 7
[2374] = CNOT 2 8
[2375] = CNOT 7 8
[2376] = CNOT 8 1
[2377] = CNOT 6 1
[2378] = CNOT 1 7
[2379] = H 7
[2380] = CCZ 6 8 7
[2381] = H 7
[2382] = H 6
[2383] = CCZ 2 7 6
[2384] = H 6
[2385] = H 8
[2386] = CCZ 3 7 8
[2387] = H 8
[2388] = CNOT 8 4
[2389] = CNOT 7 4
[2390] = CNOT 6 4
[2391] = CNOT 4 1
[2392] = H 3
[2393] = CCZ 1 4 3
[2394] = H 3
[2395] = H 10
[2396] = CCZ 5 6 10
[2397] = H 10
[2398] = H 9
[2399] = CCZ 10 7 9
[2400] = H 9
[2401] = H 1
[2402] = CCZ 9 8 1
[2403] = H 1
[2404] = H 9
[2405] = CCZ 10 7 9
[2406] = H 9
[2407] = H 10
[2408] = CCZ 5 6 10
[2409] = H 10
[2410] = H 3
[2411] = CCZ 1 4 3
[2412] = H 3
[2413] = H 9
[2414] = CCZ 1 3 9
[2415] = H 9
[2416] = H 2
[2417] = CCZ 9 4 2
[2418] = H 2
[2419] = H 9
[2420] = CCZ 1 3 9
[2421] = H 9
[2422] = H 10
[2423] = CCZ 5 6 10
[2424] = H 10
[2425] = H 9
[2426] = CCZ 10 7 9
[2427] = H 9
[2428] = H 1
[2429] = CCZ 9 8 1
[2430] = H 1
[2431] = H 9
[2432] = CCZ 10 7 9
[2433] = H 9
[2434] = H 10
[2435] = CCZ 5 6 10
[2436] = H 10
[2437] = H 9
[2438] = CCZ 1 3 9
[2439] = H 9
[2440] = H 2
[2441] = CCZ 9 4 2
[2442] = H 2
[2443] = H 9
[2444] = CCZ 1 3 9
[2445] = H 9
[2446] = CNOT 4 1
[2447] = CNOT 6 4
[2448] = CNOT 7 4
[2449] = CNOT 8 4
[2450] = H 8
[2451] = CCZ 3 7 8
[2452] = H 8
[2453] = H 6
[2454] = CCZ 2 7 6
[2455] = H 6
[2456] = H 7
[2457] = CCZ 6 8 7
[2458] = H 7
[2459] = CNOT 1 7
[2460] = CNOT 6 1
[2461] = CNOT 8 1
[2462] = CNOT 2 7
[2463] = CNOT 7 8
[2464] = CNOT 3 7
[2465] = CNOT 4 6
[2466] = CNOT 4 2
[2467] = CNOT 4 3
[2468] = H 6
[2469] = CCZ 3 4 6
[2470] = H 6
[2471] = CNOT 7 6
[2472] = CNOT 3 7
[2473] = H 4
[2474] = CCZ 3 7 4
[2475] = H 4
[2476] = CNOT 8 6
[2477] = CNOT 4 6
[2478] = CNOT 3 6
[2479] = CNOT 5 8
[2480] = CNOT 3 8
[2481] = CNOT 2 8
[2482] = CNOT 1 8
[2483] = CNOT 5 7
[2484] = CNOT 8 5
[2485] = CNOT 6 2
[2486] = CNOT 2 7
[2487] = CNOT 7 5
[2488] = CNOT 4 1
[2489] = CNOT 8 2
[2490] = CNOT 5 2
[2491] = CNOT 1 2
[2492] = CNOT 2 1
[2493] = CNOT 1 2
[2494] = CNOT 6 2
[2495] = CNOT 7 2
[2496] = CNOT 2 7
[2497] = CNOT 7 3
[2498] = CNOT 1 3
[2499] = CNOT 1 8
[2500] = CNOT 3 1
[2501] = CNOT 8 1
[2502] = CNOT 1 7
[2503] = CNOT 3 7
[2504] = CNOT 4 7
[2505] = CNOT 6 5
[2506] = CNOT 7 6
[2507] = CNOT 5 7
[2508] = H 8
[2509] = CCZ 3 4 8
[2510] = H 8
[2511] = CNOT 3 8
[2512] = CNOT 4 8
[2513] = CNOT 7 8
[2514] = CNOT 2 6
[2515] = CNOT 4 6
[2516] = CNOT 8 6
[2517] = H 6
[2518] = CCZ 3 4 6
[2519] = H 6
[2520] = CNOT 7 6
[2521] = CNOT 4 2
[2522] = CNOT 4 3
[2523] = CNOT 2 7
[2524] = CNOT 7 6
[2525] = CNOT 3 7
[2526] = CNOT 2 8
[2527] = CNOT 7 8
[2528] = CNOT 8 1
[2529] = CNOT 6 1
[2530] = CNOT 1 7
[2531] = H 7
[2532] = CCZ 6 8 7
[2533] = H 7
[2534] = H 6
[2535] = CCZ 2 7 6
[2536] = H 6
[2537] = H 8
[2538] = CCZ 3 7 8
[2539] = H 8
[2540] = CNOT 8 4
[2541] = CNOT 7 4
[2542] = CNOT 6 4
[2543] = CNOT 4 1
[2544] = H 3
[2545] = CCZ 1 4 3
[2546] = H 3
[2547] = H 10
[2548] = CCZ 5 6 10
[2549] = H 10
[2550] = H 9
[2551] = CCZ 10 7 9
[2552] = H 9
[2553] = H 1
[2554] = CCZ 9 8 1
[2555] = H 1
[2556] = H 9
[2557] = CCZ 10 7 9
[2558] = H 9
[2559] = H 10
[2560] = CCZ 5 6 10
[2561] = H 10
[2562] = H 3
[2563] = CCZ 1 4 3
[2564] = H 3
[2565] = H 9
[2566] = CCZ 1 3 9
[2567] = H 9
[2568] = H 2
[2569] = CCZ 9 4 2
[2570] = H 2
[2571] = H 9
[2572] = CCZ 1 3 9
[2573] = H 9
[2574] = H 10
[2575] = CCZ 5 6 10
[2576] = H 10
[2577] = H 9
[2578] = CCZ 10 7 9
[2579] = H 9
[2580] = H 1
[2581] = CCZ 9 8 1
[2582] = H 1
[2583] = H 9
[2584] = CCZ 10 7 9
[2585] = H 9
[2586] = H 10
[2587] = CCZ 5 6 10
[2588] = H 10
[2589] = H 9
[2590] = CCZ 1 3 9
[2591] = H 9
[2592] = H 2
[2593] = CCZ 9 4 2
[2594] = H 2
[2595] = H 9
[2596] = CCZ 1 3 9
[2597] = H 9
[2598] = CNOT 4 1
[2599] = CNOT 6 4
[2600] = CNOT 7 4
[2601] = CNOT 8 4
[2602] = H 8
[2603] = CCZ 3 7 8
[2604] = H 8
[2605] = H 6
[2606] = CCZ 2 7 6
[2607] = H 6
[2608] = H 7
[2609] = CCZ 6 8 7
[2610] = H 7
[2611] = CNOT 1 7
[2612] = CNOT 6 1
[2613] = CNOT 8 1
[2614] = CNOT 2 7
[2615] = CNOT 3 8
[2616] = CNOT 3 7
[2617] = CNOT 2 6
[2618] = CNOT 4 3
[2619] = CNOT 4 2
[2620] = H 6
[2621] = CCZ 3 4 6
[2622] = H 6
[2623] = CNOT 8 6
[2624] = CNOT 5 6
[2625] = CNOT 4 6
[2626] = CNOT 2 6
[2627] = CNOT 5 7
[2628] = CNOT 6 5
[2629] = CNOT 4 8
[2630] = CNOT 3 8
[2631] = H 8
[2632] = CCZ 3 4 8
[2633] = H 8
[2634] = CNOT 4 7
[2635] = CNOT 3 7
[2636] = CNOT 2 7
[2637] = CNOT 1 7
[2638] = CNOT 8 3
[2639] = CNOT 3 1
[2640] = CNOT 1 8
[2641] = CNOT 5 3
[2642] = CNOT 7 2
[2643] = CNOT 2 3
[2644] = CNOT 2 1
[2645] = CNOT 1 2
[2646] = CNOT 6 2
[2647] = CNOT 2 1
[2648] = CNOT 3 2
[2649] = CNOT 4 2
[2650] = CNOT 5 2
[2651] = CNOT 7 2
[2652] = CNOT 6 3
[2653] = CNOT 7 3
[2654] = CNOT 1 5
[2655] = CNOT 2 1
[2656] = CNOT 3 1
[2657] = CNOT 5 1
[2658] = CNOT 3 7
[2659] = CNOT 5 7
[2660] = CNOT 8 7
[2661] = CNOT 8 6
[2662] = CNOT 1 8
[2663] = CNOT 3 8
[2664] = CNOT 6 8
[2665] = CNOT 6 5
[2666] = CNOT 5 6
[2667] = CNOT 7 6
[2668] = CNOT 3 5
[2669] = CNOT 2 5
[2670] = H 5
[2671] = CCZ 3 4 5
[2672] = H 5
[2673] = CNOT 4 2
[2674] = CNOT 4 3
[2675] = CNOT 2 7
[2676] = CNOT 7 6
[2677] = CNOT 3 7
[2678] = CNOT 2 8
[2679] = CNOT 7 8
[2680] = CNOT 8 1
[2681] = CNOT 6 1
[2682] = CNOT 1 7
[2683] = H 7
[2684] = CCZ 6 8 7
[2685] = H 7
[2686] = H 6
[2687] = CCZ 2 7 6
[2688] = H 6
[2689] = H 8
[2690] = CCZ 3 7 8
[2691] = H 8
[2692] = CNOT 8 4
[2693] = CNOT 7 4
[2694] = CNOT 6 4
[2695] = CNOT 4 1
[2696] = H 3
[2697] = CCZ 1 4 3
[2698] = H 3
[2699] = H 10
[2700] = CCZ 5 6 10
[2701] = H 10
[2702] = H 9
[2703] = CCZ 10 7 9
[2704] = H 9
[2705] = H 1
[2706] = CCZ 9 8 1
[2707] = H 1
[2708] = H 9
[2709] = CCZ 10 7 9
[2710] = H 9
[2711] = H 10
[2712] = CCZ 5 6 10
[2713] = H 10
[2714] = H 3
[2715] = CCZ 1 4 3
[2716] = H 3
[2717] = H 9
[2718] = CCZ 1 3 9
[2719] = H 9
[2720] = H 2
[2721] = CCZ 9 4 2
[2722] = H 2
[2723] = H 9
[2724] = CCZ 1 3 9
[2725] = H 9
[2726] = H 10
[2727] = CCZ 5 6 10
[2728] = H 10
[2729] = H 9
[2730] = CCZ 10 7 9
[2731] = H 9
[2732] = H 1
[2733] = CCZ 9 8 1
[2734] = H 1
[2735] = H 9
[2736] = CCZ 10 7 9
[2737] = H 9
[2738] = H 10
[2739] = CCZ 5 6 10
[2740] = H 10
[2741] = H 9
[2742] = CCZ 1 3 9
[2743] = H 9
[2744] = H 2
[2745] = CCZ 9 4 2
[2746] = H 2
[2747] = H 9
[2748] = CCZ 1 3 9
[2749] = H 9
[2750] = CNOT 4 1
[2751] = CNOT 6 4
[2752] = CNOT 7 4
[2753] = CNOT 8 4
[2754] = H 8
[2755] = CCZ 3 7 8
[2756] = H 8
[2757] = H 6
[2758] = CCZ 2 7 6
[2759] = H 6
[2760] = H 7
[2761] = CCZ 6 8 7
[2762] = H 7
[2763] = CNOT 1 7
[2764] = CNOT 6 1
[2765] = CNOT 8 1
[2766] = CNOT 2 7
[2767] = CNOT 7 8
[2768] = CNOT 3 7
[2769] = CNOT 2 6
[2770] = CNOT 4 3
[2771] = CNOT 4 2
[2772] = H 5
[2773] = CCZ 3 4 5
[2774] = H 5
[2775] = CNOT 2 5
[2776] = CNOT 3 5
[2777] = CNOT 5 6
[2778] = CNOT 6 5
[2779] = CNOT 6 8
[2780] = CNOT 3 1
[2781] = CNOT 1 8
[2782] = CNOT 8 6
[2783] = CNOT 8 7
[2784] = CNOT 5 7
[2785] = CNOT 3 7
[2786] = CNOT 5 2
[2787] = CNOT 2 1
[2788] = CNOT 1 5
[2789] = CNOT 3 2
[2790] = CNOT 7 3
[2791] = CNOT 6 3
[2792] = CNOT 4 2
[2793] = CNOT 1 2
[2794] = CNOT 5 2
[2795] = CNOT 2 1
[2796] = CNOT 6 2
[2797] = CNOT 8 2
[2798] = CNOT 3 5
[2799] = CNOT 2 3
[2800] = CNOT 4 3
[2801] = CNOT 5 3
[2802] = CNOT 6 3
[2803] = CNOT 7 3
[2804] = CNOT 5 1
[2805] = CNOT 3 7
[2806] = H 8
[2807] = CCZ 2 4 8
[2808] = H 8
[2809] = CNOT 1 8
[2810] = CNOT 2 8
[2811] = CNOT 4 8
[2812] = CNOT 2 6
[2813] = CNOT 3 6
[2814] = CNOT 8 6
[2815] = CNOT 4 5
[2816] = CNOT 1 5
[2817] = CNOT 2 5
[2818] = CNOT 6 5
[2819] = H 5
[2820] = CCZ 3 4 5
[2821] = H 5
[2822] = CNOT 4 2
[2823] = CNOT 4 3
[2824] = CNOT 2 7
[2825] = CNOT 7 6
[2826] = CNOT 3 7
[2827] = CNOT 2 8
[2828] = CNOT 7 8
[2829] = CNOT 8 1
[2830] = CNOT 6 1
[2831] = CNOT 1 7
[2832] = H 7
[2833] = CCZ 6 8 7
[2834] = H 7
[2835] = H 6
[2836] = CCZ 2 7 6
[2837] = H 6
[2838] = H 8
[2839] = CCZ 3 7 8
[2840] = H 8
[2841] = CNOT 8 4
[2842] = CNOT 7 4
[2843] = CNOT 6 4
[2844] = CNOT 4 1
[2845] = H 3
[2846] = CCZ 1 4 3
[2847] = H 3
[2848] = H 10
[2849] = CCZ 5 6 10
[2850] = H 10
[2851] = H 9
[2852] = CCZ 10 7 9
[2853] = H 9
[2854] = H 1
[2855] = CCZ 9 8 1
[2856] = H 1
[2857] = H 9
[2858] = CCZ 10 7 9
[2859] = H 9
[2860] = H 10
[2861] = CCZ 5 6 10
[2862] = H 10
[2863] = H 3
[2864] = CCZ 1 4 3
[2865] = H 3
[2866] = H 9
[2867] = CCZ 1 3 9
[2868] = H 9
[2869] = H 2
[2870] = CCZ 9 4 2
[2871] = H 2
[2872] = H 9
[2873] = CCZ 1 3 9
[2874] = H 9
[2875] = H 10
[2876] = CCZ 5 6 10
[2877] = H 10
[2878] = H 9
[2879] = CCZ 10 7 9
[2880] = H 9
[2881] = H 1
[2882] = CCZ 9 8 1
[2883] = H 1
[2884] = H 9
[2885] = CCZ 10 7 9
[2886] = H 9
[2887] = H 10
[2888] = CCZ 5 6 10
[2889] = H 10
[2890] = H 9
[2891] = CCZ 1 3 9
[2892] = H 9
[2893] = H 2
[2894] = CCZ 9 4 2
[2895] = H 2
[2896] = H 9
[2897] = CCZ 1 3 9
[2898] = H 9
[2899] = CNOT 4 1
[2900] = CNOT 6 4
[2901] = CNOT 7 4
[2902] = CNOT 8 4
[2903] = H 8
[2904] = CCZ 3 7 8
[2905] = H 8
[2906] = H 6
[2907] = CCZ 2 7 6
[2908] = H 6
[2909] = H 7
[2910] = CCZ 6 8 7
[2911] = H 7
[2912] = CNOT 1 7
[2913] = CNOT 6 1
[2914] = CNOT 8 1
[2915] = CNOT 7 8
[2916] = CNOT 2 8
[2917] = CNOT 3 7
[2918] = CNOT 7 6
[2919] = CNOT 2 7
[2920] = CNOT 4 3
[2921] = CNOT 4 2
[2922] = H 5
[2923] = CCZ 3 4 5
[2924] = H 5
[2925] = CNOT 2 6
[2926] = CNOT 6 5
[2927] = CNOT 1 5
[2928] = CNOT 4 5
[2929] = CNOT 8 6
[2930] = CNOT 3 6
[2931] = CNOT 4 8
[2932] = CNOT 2 8
[2933] = CNOT 1 8
[2934] = H 8
[2935] = CCZ 2 4 8
[2936] = H 8
[2937] = CNOT 3 7
[2938] = CNOT 8 1
[2939] = CNOT 6 1
[2940] = CNOT 5 1
[2941] = CNOT 2 1
[2942] = CNOT 7 3
[2943] = CNOT 5 3
[2944] = CNOT 6 2
[2945] = CNOT 2 3
[2946] = CNOT 4 3
[2947] = CNOT 3 5
[2948] = CNOT 8 2
[2949] = CNOT 5 2
[2950] = CNOT 1 2
[2951] = CNOT 2 8
[2952] = CNOT 8 2
[2953] = CNOT 3 6
[2954] = CNOT 2 3
[2955] = CNOT 4 3
[2956] = CNOT 6 3
[2957] = CNOT 7 5
[2958] = CNOT 1 7
[2959] = CNOT 4 1
[2960] = CNOT 6 5
[2961] = CNOT 5 7
[2962] = CNOT 8 7
[2963] = CNOT 2 8
[2964] = CNOT 3 6
[2965] = CNOT 6 8
[2966] = CNOT 4 5
[2967] = CNOT 7 5
[2968] = CNOT 5 6
[2969] = CNOT 6 5
[2970] = CNOT 3 5
[2971] = CNOT 8 5
[2972] = H 5
[2973] = CCZ 3 4 5
[2974] = H 5
[2975] = CNOT 4 2
[2976] = CNOT 4 3
[2977] = CNOT 2 7
[2978] = CNOT 7 6
[2979] = CNOT 3 7
[2980] = CNOT 2 8
[2981] = CNOT 7 8
[2982] = CNOT 8 1
[2983] = CNOT 6 1
[2984] = CNOT 1 7
[2985] = H 7
[2986] = CCZ 6 8 7
[2987] = H 7
[2988] = H 6
[2989] = CCZ 2 7 6
[2990] = H 6
[2991] = H 8
[2992] = CCZ 3 7 8
[2993] = H 8
[2994] = CNOT 8 4
[2995] = CNOT 7 4
[2996] = CNOT 6 4
[2997] = CNOT 4 1
[2998] = H 3
[2999] = CCZ 1 4 3
[3000] = H 3
[3001] = H 10
[3002] = CCZ 5 6 10
[3003] = H 10
[3004] = H 9
[3005] = CCZ 10 7 9
[3006] = H 9
[3007] = H 1
[3008] = CCZ 9 8 1
[3009] = H 1
[3010] = H 9
[3011] = CCZ 10 7 9
[3012] = H 9
[3013] = H 10
[3014] = CCZ 5 6 10
[3015] = H 10
[3016] = H 3
[3017] = CCZ 1 4 3
[3018] = H 3
[3019] = H 9
[3020] = CCZ 1 3 9
[3021] = H 9
[3022] = H 2
[3023] = CCZ 9 4 2
[3024] = H 2
[3025] = H 9
[3026] = CCZ 1 3 9
[3027] = H 9
[3028] = H 10
[3029] = CCZ 5 6 10
[3030] = H 10
[3031] = H 9
[3032] = CCZ 10 7 9
[3033] = H 9
[3034] = H 1
[3035] = CCZ 9 8 1
[3036] = H 1
[3037] = H 9
[3038] = CCZ 10 7 9
[3039] = H 9
[3040] = H 10
[3041] = CCZ 5 6 10
[3042] = H 10
[3043] = H 9
[3044] = CCZ 1 3 9
[3045] = H 9
[3046] = H 2
[3047] = CCZ 9 4 2
[3048] = H 2
[3049] = H 9
[3050] = CCZ 1 3 9
[3051] = H 9
[3052] = CNOT 4 1
[3053] = CNOT 6 4
[3054] = CNOT 7 4
[3055] = CNOT 8 4
[3056] = H 8
[3057] = CCZ 3 7 8
[3058] = H 8
[3059] = H 6
[3060] = CCZ 2 7 6
[3061] = H 6
[3062] = H 7
[3063] = CCZ 6 8 7
[3064] = H 7
[3065] = CNOT 1 7
[3066] = CNOT 6 1
[3067] = CNOT 8 1
[3068] = CNOT 2 7
[3069] = CNOT 7 8
[3070] = CNOT 3 7
[3071] = CNOT 2 6
[3072] = CNOT 4 3
[3073] = CNOT 4 2
[3074] = H 5
[3075] = CCZ 3 4 5
[3076] = H 5
[3077] = CNOT 8 5
[3078] = CNOT 4 6
[3079] = CNOT 6 5
[3080] = CNOT 5 6
[3081] = CNOT 6 3
[3082] = CNOT 3 5
[3083] = CNOT 2 3
[3084] = CNOT 3 8
[3085] = CNOT 8 2
[3086] = CNOT 8 7
[3087] = CNOT 6 7
[3088] = CNOT 5 7
[3089] = CNOT 4 1
[3090] = CNOT 1 7
[3091] = CNOT 7 5
[3092] = CNOT 4 3
[3093] = CNOT 3 6
[3094] = CNOT 2 8
[3095] = CNOT 2 1
[3096] = CNOT 1 2
[3097] = CNOT 5 2
[3098] = CNOT 8 2
[3099] = CNOT 3 8
[3100] = CNOT 8 3
[3101] = CNOT 2 1
[3102] = CNOT 8 1
[3103] = CNOT 7 5
[3104] = CNOT 4 7
[3105] = CNOT 5 7
[3106] = CNOT 6 7
[3107] = CNOT 8 7
[3108] = CNOT 8 5
[3109] = CNOT 2 8
[3110] = CNOT 4 8
[3111] = CNOT 5 8
[3112] = CNOT 6 8
[3113] = H 6
[3114] = CCZ 1 7 6
[3115] = H 6
[3116] = CNOT 1 6
[3117] = CNOT 7 6
[3118] = H 6
[3119] = CCZ 3 4 6
[3120] = H 6
[3121] = CNOT 8 6
[3122] = CNOT 4 2
[3123] = CNOT 4 3
[3124] = CNOT 2 7
[3125] = CNOT 7 6
[3126] = CNOT 3 7
[3127] = CNOT 2 8
[3128] = CNOT 7 8
[3129] = CNOT 8 1
[3130] = CNOT 6 1
[3131] = CNOT 1 7
[3132] = H 7
[3133] = CCZ 6 8 7
[3134] = H 7
[3135] = H 6
[3136] = CCZ 2 7 6
[3137] = H 6
[3138] = H 8
[3139] = CCZ 3 7 8
[3140] = H 8
[3141] = CNOT 8 4
[3142] = CNOT 7 4
[3143] = CNOT 6 4
[3144] = CNOT 4 1
[3145] = H 3
[3146] = CCZ 1 4 3
[3147] = H 3
[3148] = H 10
[3149] = CCZ 5 6 10
[3150] = H 10
[3151] = H 9
[3152] = CCZ 10 7 9
[3153] = H 9
[3154] = H 1
[3155] = CCZ 9 8 1
[3156] = H 1
[3157] = H 9
[3158] = CCZ 10 7 9
[3159] = H 9
[3160] = H 10
[3161] = CCZ 5 6 10
[3162] = H 10
[3163] = H 3
[3164] = CCZ 1 4 3
[3165] = H 3
[3166] = H 9
[3167] = CCZ 1 3 9
[3168] = H 9
[3169] = H 2
[3170] = CCZ 9 4 2
[3171] = H 2
[3172] = H 9
[3173] = CCZ 1 3 9
[3174] = H 9
[3175] = H 10
[3176] = CCZ 5 6 10
[3177] = H 10
[3178] = H 9
[3179] = CCZ 10 7 9
[3180] = H 9
[3181] = H 1
[3182] = CCZ 9 8 1
[3183] = H 1
[3184] = H 9
[3185] = CCZ 10 7 9
[3186] = H 9
[3187] = H 10
[3188] = CCZ 5 6 10
[3189] = H 10
[3190] = H 9
[3191] = CCZ 1 3 9
[3192] = H 9
[3193] = H 2
[3194] = CCZ 9 4 2
[3195] = H 2
[3196] = H 9
[3197] = CCZ 1 3 9
[3198] = H 9
[3199] = CNOT 4 1
[3200] = CNOT 6 4
[3201] = CNOT 7 4
[3202] = CNOT 8 4
[3203] = H 8
[3204] = CCZ 3 7 8
[3205] = H 8
[3206] = H 6
[3207] = CCZ 2 7 6
[3208] = H 6
[3209] = H 7
[3210] = CCZ 6 8 7
[3211] = H 7
[3212] = CNOT 1 7
[3213] = CNOT 6 1
[3214] = CNOT 8 1
[3215] = CNOT 7 8
[3216] = CNOT 2 8
[3217] = CNOT 3 7
[3218] = CNOT 7 6
[3219] = CNOT 2 7
[3220] = CNOT 4 3
[3221] = CNOT 4 2
[3222] = CNOT 8 6
[3223] = H 6
[3224] = CCZ 3 4 6
[3225] = H 6
[3226] = CNOT 7 6
[3227] = CNOT 1 6
[3228] = H 6
[3229] = CCZ 1 7 6
[3230] = H 6
[3231] = CNOT 6 8
[3232] = CNOT 5 8
[3233] = CNOT 4 8
[3234] = CNOT 8 1
[3235] = CNOT 2 8
[3236] = CNOT 5 7
[3237] = CNOT 8 5
[3238] = CNOT 6 7
[3239] = CNOT 4 7
[3240] = CNOT 5 2
[3241] = CNOT 7 5
[3242] = CNOT 8 3
[3243] = CNOT 3 8
[3244] = CNOT 4 2
[3245] = CNOT 6 2
[3246] = CNOT 3 1
[3247] = CNOT 1 3
[3248] = CNOT 4 3
[3249] = CNOT 5 3
[3250] = CNOT 8 3
[3251] = CNOT 1 5
[3252] = CNOT 2 1
[3253] = CNOT 3 1
[3254] = CNOT 5 1
[3255] = CNOT 7 6
[3256] = CNOT 1 7
[3257] = CNOT 6 1
[3258] = CNOT 2 7
[3259] = CNOT 4 7
[3260] = CNOT 8 7
[3261] = CNOT 2 8
[3262] = CNOT 3 8
[3263] = CNOT 5 6
[3264] = CNOT 7 6
[3265] = CNOT 2 6
[3266] = H 6
[3267] = CCZ 3 4 6
[3268] = H 6
[3269] = CNOT 1 6
[3270] = CNOT 2 6
[3271] = CNOT 8 6
[3272] = CNOT 4 2
[3273] = CNOT 4 3
[3274] = CNOT 2 7
[3275] = CNOT 7 6
[3276] = CNOT 3 7
[3277] = CNOT 2 8
[3278] = CNOT 7 8
[3279] = CNOT 8 1
[3280] = CNOT 6 1
[3281] = CNOT 1 7
[3282] = H 7
[3283] = CCZ 6 8 7
[3284] = H 7
[3285] = H 6
[3286] = CCZ 2 7 6
[3287] = H 6
[3288] = H 8
[3289] = CCZ 3 7 8
[3290] = H 8
[3291] = CNOT 8 4
[3292] = CNOT 7 4
[3293] = CNOT 6 4
[3294] = CNOT 4 1
[3295] = H 3
[3296] = CCZ 1 4 3
[3297] = H 3
[3298] = H 10
[3299] = CCZ 5 6 10
[3300] = H 10
[3301] = H 9
[3302] = CCZ 10 7 9
[3303] = H 9
[3304] = H 1
[3305] = CCZ 9 8 1
[3306] = H 1
[3307] = H 9
[3308] = CCZ 10 7 9
[3309] = H 9
[3310] = H 10
[3311] = CCZ 5 6 10
[3312] = H 10
[3313] = H 3
[3314] = CCZ 1 4 3
[3315] = H 3
[3316] = H 9
[3317] = CCZ 1 3 9
[3318] = H 9
[3319] = H 2
[3320] = CCZ 9 4 2
[3321] = H 2
[3322] = H 9
[3323] = CCZ 1 3 9
[3324] = H 9
[3325] = H 10
[3326] = CCZ 5 6 10
[3327] = H 10
[3328] = H 9
[3329] = CCZ 10 7 9
[3330] = H 9
[3331] = H 1
[3332] = CCZ 9 8 1
[3333] = H 1
[3334] = H 9
[3335] = CCZ 10 7 9
[3336] = H 9
[3337] = H 10
[3338] = CCZ 5 6 10
[3339] = H 10
[3340] = H 9
[3341] = CCZ 1 3 9
[3342] = H 9
[3343] = H 2
[3344] = CCZ 9 4 2
[3345] = H 2
[3346] = H 9
[3347] = CCZ 1 3 9
[3348] = H 9
[3349] = CNOT 4 1
[3350] = CNOT 6 4
[3351] = CNOT 7 4
[3352] = CNOT 8 4
[3353] = H 8
[3354] = CCZ 3 7 8
[3355] = H 8
[3356] = H 6
[3357] = CCZ 2 7 6
[3358] = H 6
[3359] = H 7
[3360] = CCZ 6 8 7
[3361] = H 7
[3362] = CNOT 1 7
[3363] = CNOT 6 1
[3364] = CNOT 8 1
[3365] = CNOT 7 8
[3366] = CNOT 4 8
[3367] = CNOT 4 2
[3368] = CNOT 3 7
[3369] = CNOT 7 6
[3370] = CNOT 4 7
[3371] = CNOT 4 3
[3372] = CNOT 8 6
[3373] = CNOT 1 6
[3374] = H 6
[3375] = CCZ 3 4 6
[3376] = H 6
[3377] = CNOT 7 6
[3378] = CNOT 5 6
[3379] = CNOT 3 8
[3380] = CNOT 8 7
[3381] = CNOT 6 7
[3382] = CNOT 4 7
[3383] = CNOT 1 7
[3384] = CNOT 6 1
[3385] = CNOT 7 6
[3386] = CNOT 5 3
[3387] = CNOT 3 1
[3388] = CNOT 2 1
[3389] = CNOT 1 5
[3390] = CNOT 8 3
[3391] = CNOT 4 1
[3392] = CNOT 3 1
[3393] = CNOT 8 2
[3394] = CNOT 7 2
[3395] = CNOT 6 2
[3396] = CNOT 4 2
[3397] = CNOT 1 2
[3398] = CNOT 2 1
[3399] = CNOT 2 8
[3400] = CNOT 8 2
[3401] = CNOT 1 3
[3402] = CNOT 2 3
[3403] = CNOT 6 3
[3404] = CNOT 1 5
[3405] = CNOT 4 1
[3406] = CNOT 5 1
[3407] = CNOT 6 1
[3408] = CNOT 7 5
[3409] = CNOT 1 5
[3410] = CNOT 5 7
[3411] = CNOT 8 6
[3412] = CNOT 6 8
[3413] = CNOT 2 8
[3414] = CNOT 8 7
[3415] = CNOT 7 8
[3416] = CNOT 3 8
[3417] = CNOT 4 8
[3418] = H 6
[3419] = CCZ 3 4 6
[3420] = H 6
[3421] = CNOT 3 6
[3422] = CNOT 4 6
[3423] = CNOT 7 6
[3424] = CNOT 3 5
[3425] = CNOT 4 5
[3426] = H 5
[3427] = CCZ 3 4 5
[3428] = H 5
[3429] = CNOT 4 2
[3430] = CNOT 4 3
[3431] = CNOT 2 7
[3432] = CNOT 7 6
[3433] = CNOT 3 7
[3434] = CNOT 2 8
[3435] = CNOT 7 8
[3436] = CNOT 8 1
[3437] = CNOT 6 1
[3438] = CNOT 1 7
[3439] = H 7
[3440] = CCZ 6 8 7
[3441] = H 7
[3442] = H 6
[3443] = CCZ 2 7 6
[3444] = H 6
[3445] = H 8
[3446] = CCZ 3 7 8
[3447] = H 8
[3448] = CNOT 8 4
[3449] = CNOT 7 4
[3450] = CNOT 6 4
[3451] = CNOT 4 1
[3452] = H 3
[3453] = CCZ 1 4 3
[3454] = H 3
[3455] = H 10
[3456] = CCZ 5 6 10
[3457] = H 10
[3458] = H 9
[3459] = CCZ 10 7 9
[3460] = H 9
[3461] = H 1
[3462] = CCZ 9 8 1
[3463] = H 1
[3464] = H 9
[3465] = CCZ 10 7 9
[3466] = H 9
[3467] = H 10
[3468] = CCZ 5 6 10
[3469] = H 10
[3470] = H 3
[3471] = CCZ 1 4 3
[3472] = H 3
[3473] = H 9
[3474] = CCZ 1 3 9
[3475] = H 9
[3476] = H 2
[3477] = CCZ 9 4 2
[3478] = H 2
[3479] = H 9
[3480] = CCZ 1 3 9
[3481] = H 9
[3482] = H 10
[3483] = CCZ 5 6 10
[3484] = H 10
[3485] = H 9
[3486] = CCZ 10 7 9
[3487] = H 9
[3488] = H 1
[3489] = CCZ 9 8 1
[3490] = H 1
[3491] = H 9
[3492] = CCZ 10 7 9
[3493] = H 9
[3494] = H 10
[3495] = CCZ 5 6 10
[3496] = H 10
[3497] = H 9
[3498] = CCZ 1 3 9
[3499] = H 9
[3500] = H 2
[3501] = CCZ 9 4 2
[3502] = H 2
[3503] = H 9
[3504] = CCZ 1 3 9
[3505] = H 9
[3506] = CNOT 4 1
[3507] = CNOT 6 4
[3508] = CNOT 7 4
[3509] = CNOT 8 4
[3510] = H 8
[3511] = CCZ 3 7 8
[3512] = H 8
[3513] = H 6
[3514] = CCZ 2 7 6
[3515] = H 6
[3516] = H 7
[3517] = CCZ 6 8 7
[3518] = H 7
[3519] = CNOT 1 7
[3520] = CNOT 6 1
[3521] = CNOT 8 1
[3522] = CNOT 2 7
[3523] = CNOT 3 8
[3524] = CNOT 3 7
[3525] = CNOT 2 6
[3526] = CNOT 4 3
[3527] = CNOT 4 2
[3528] = H 5
[3529] = CCZ 3 4 5
[3530] = H 5
[3531] = CNOT 1 5
[3532] = CNOT 4 5
[3533] = CNOT 3 5
[3534] = CNOT 4 6
[3535] = CNOT 3 6
[3536] = H 6
[3537] = CCZ 3 4 6
[3538] = H 6
[3539] = CNOT 6 8
[3540] = CNOT 4 3
[3541] = CNOT 2 3
[3542] = CNOT 3 8
[3543] = CNOT 8 6
[3544] = CNOT 6 7
[3545] = CNOT 5 7
[3546] = CNOT 2 7
[3547] = CNOT 1 7
[3548] = CNOT 7 5
[3549] = CNOT 6 1
[3550] = CNOT 5 1
[3551] = CNOT 4 1
[3552] = CNOT 1 5
[3553] = CNOT 6 3
[3554] = CNOT 1 3
[3555] = CNOT 8 2
[3556] = CNOT 2 8
[3557] = CNOT 4 1
[3558] = CNOT 2 1
[3559] = CNOT 1 4
[3560] = CNOT 3 1
[3561] = CNOT 1 2
[3562] = CNOT 5 3
[3563] = CNOT 6 3
[3564] = CNOT 3 4
[3565] = CNOT 7 4
[3566] = CNOT 5 2
[3567] = CNOT 7 2
[3568] = CNOT 8 2
[3569] = CNOT 1 3
[3570] = CNOT 8 3
[3571] = CNOT 5 1
[3572] = CNOT 7 6
[3573] = CNOT 1 7
[3574] = CNOT 6 1
[3575] = CNOT 8 7
[3576] = CNOT 4 8
[3577] = H 6
[3578] = CCZ 2 4 6
[3579] = H 6
[3580] = CNOT 1 6
[3581] = CNOT 2 6
[3582] = CNOT 4 6
[3583] = CNOT 7 6
[3584] = CNOT 8 6
[3585] = H 4
[3586] = CCZ 2 3 4
[3587] = H 4
[3588] = CNOT 8 1
[3589] = H 1
[3590] = CCZ 3 4 1
[3591] = H 1
[3592] = CNOT 8 1
[3593] = CNOT 4 2
[3594] = CNOT 4 3
[3595] = CNOT 2 7
[3596] = CNOT 7 6
[3597] = CNOT 3 7
[3598] = CNOT 2 8
[3599] = CNOT 7 8
[3600] = CNOT 8 1
[3601] = CNOT 6 1
[3602] = CNOT 1 7
[3603] = H 7
[3604] = CCZ 6 8 7
[3605] = H 7
[3606] = H 6
[3607] = CCZ 2 7 6
[3608] = H 6
[3609] = H 8
[3610] = CCZ 3 7 8
[3611] = H 8
[3612] = CNOT 8 4
[3613] = CNOT 7 4
[3614] = CNOT 6 4
[3615] = CNOT 4 1
[3616] = H 3
[3617] = CCZ 1 4 3
[3618] = H 3
[3619] = H 10
[3620] = CCZ 5 6 10
[3621] = H 10
[3622] = H 9
[3623] = CCZ 10 7 9
[3624] = H 9
[3625] = H 1
[3626] = CCZ 9 8 1
[3627] = H 1
[3628] = H 9
[3629] = CCZ 10 7 9
[3630] = H 9
[3631] = H 10
[3632] = CCZ 5 6 10
[3633] = H 10
[3634] = H 3
[3635] = CCZ 1 4 3
[3636] = H 3
[3637] = H 9
[3638] = CCZ 1 3 9
[3639] = H 9
[3640] = H 2
[3641] = CCZ 9 4 2
[3642] = H 2
[3643] = H 9
[3644] = CCZ 1 3 9
[3645] = H 9
[3646] = H 10
[3647] = CCZ 5 6 10
[3648] = H 10
[3649] = H 9
[3650] = CCZ 10 7 9
[3651] = H 9
[3652] = H 1
[3653] = CCZ 9 8 1
[3654] = H 1
[3655] = H 9
[3656] = CCZ 10 7 9
[3657] = H 9
[3658] = H 10
[3659] = CCZ 5 6 10
[3660] = H 10
[3661] = H 9
[3662] = CCZ 1 3 9
[3663] = H 9
[3664] = H 2
[3665] = CCZ 9 4 2
[3666] = H 2
[3667] = H 9
[3668] = CCZ 1 3 9
[3669] = H 9
[3670] = CNOT 4 1
[3671] = CNOT 6 4
[3672] = CNOT 7 4
[3673] = CNOT 8 4
[3674] = H 8
[3675] = CCZ 3 7 8
[3676] = H 8
[3677] = H 6
[3678] = CCZ 2 7 6
[3679] = H 6
[3680] = H 7
[3681] = CCZ 6 8 7
[3682] = H 7
[3683] = CNOT 1 7
[3684] = CNOT 6 1
[3685] = CNOT 2 7
[3686] = CNOT 7 1
[3687] = CNOT 7 8
[3688] = CNOT 3 7
[3689] = CNOT 2 6
[3690] = CNOT 4 3
[3691] = CNOT 4 2
[3692] = H 1
[3693] = CCZ 3 4 1
[3694] = H 1
[3695] = CNOT 1 6
[3696] = CNOT 8 1
[3697] = H 4
[3698] = CCZ 2 3 4
[3699] = H 4
[3700] = CNOT 4 6
[3701] = CNOT 2 6
[3702] = H 6
[3703] = CCZ 2 4 6
[3704] = H 6
[3705] = CNOT 4 8
[3706] = CNOT 8 7
[3707] = CNOT 6 1
[3708] = CNOT 1 7
[3709] = CNOT 7 6
[3710] = CNOT 1 3
[3711] = CNOT 1 2
[3712] = CNOT 5 1
[3713] = CNOT 8 3
[3714] = CNOT 6 3
[3715] = CNOT 1 4
[3716] = CNOT 3 1
[3717] = CNOT 7 2
[3718] = CNOT 8 2
[3719] = CNOT 2 1
[3720] = CNOT 7 4
[3721] = CNOT 6 5
[3722] = CNOT 5 4
[3723] = CNOT 4 1
[3724] = CNOT 1 7
[3725] = CNOT 7 1
[3726] = CNOT 2 7
[3727] = CNOT 3 2
[3728] = CNOT 7 2
[3729] = CNOT 7 5
[3730] = CNOT 2 7
[3731] = CNOT 5 7
[3732] = CNOT 5 6
[3733] = CNOT 3 6
[3734] = CNOT 8 5
[3735] = CNOT 5 8
[3736] = CNOT 6 8
[3737] = CNOT 7 8
[3738] = CNOT 3 1
[3739] = CNOT 3 2
[3740] = CNOT 8 3
[3741] = H 3
[3742] = CCZ 1 2 3
[3743] = H 3
[3744] = CNOT 1 6
[3745] = CNOT 6 7
[3746] = CNOT 2 6
[3747] = CNOT 3 6
[3748] = H 7
[3749] = CCZ 1 6 7
[3750] = H 7
[3751] = CNOT 7 8
[3752] = CNOT 6 8
[3753] = H 2
[3754] = CCZ 1 3 2
[3755] = H 2
[3756] = H 11
[3757] = CCZ 4 5 11
[3758] = H 11
[3759] = H 10
[3760] = CCZ 11 6 10
[3761] = H 10
[3762] = H 9
[3763] = CCZ 10 7 9
[3764] = H 9
[3765] = H 1
[3766] = CCZ 9 8 1
[3767] = H 1
[3768] = H 9
[3769] = CCZ 10 7 9
[3770] = H 9
[3771] = H 10
[3772] = CCZ 11 6 10
[3773] = H 10
[3774] = H 11
[3775] = CCZ 4 5 11
[3776] = H 11
[3777] = H 2
[3778] = CCZ 1 3 2
[3779] = H 2
[3780] = H 8
[3781] = CCZ 2 3 8
[3782] = H 8
[3783] = H 11
[3784] = CCZ 4 5 11
[3785] = H 11
[3786] = H 10
[3787] = CCZ 11 6 10
[3788] = H 10
[3789] = H 9
[3790] = CCZ 10 7 9
[3791] = H 9
[3792] = H 1
[3793] = CCZ 9 8 1
[3794] = H 1
[3795] = H 9
[3796] = CCZ 10 7 9
[3797] = H 9
[3798] = H 10
[3799] = CCZ 11 6 10
[3800] = H 10
[3801] = H 11
[3802] = CCZ 4 5 11
[3803] = H 11
[3804] = H 8
[3805] = CCZ 2 3 8
[3806] = H 8
[3807] = CNOT 6 8
[3808] = CNOT 7 8
[3809] = H 7
[3810] = CCZ 1 6 7
[3811] = H 7
[3812] = CNOT 3 6
[3813] = CNOT 2 6
[3814] = CNOT 6 7
[3815] = CNOT 1 6
[3816] = H 3
[3817] = CCZ 1 2 3
[3818] = H 3
[3819] = CNOT 8 3
[3820] = CNOT 3 2
[3821] = CNOT 3 1
[3822] = CNOT 7 8
[3823] = CNOT 6 8
[3824] = CNOT 5 8
[3825] = CNOT 8 5
[3826] = CNOT 5 6
[3827] = CNOT 3 6
[3828] = CNOT 5 7
[3829] = CNOT 6 5
[3830] = CNOT 2 7
[3831] = CNOT 7 5
[3832] = CNOT 7 1
[3833] = CNOT 1 7
[3834] = CNOT 2 1
[3835] = CNOT 1 2
[3836] = CNOT 4 1
[3837] = CNOT 6 1
[3838] = CNOT 8 1
[3839] = CNOT 2 5
[3840] = CNOT 5 2
[3841] = CNOT 6 2
[3842] = CNOT 8 5
[3843] = CNOT 3 8
[3844] = CNOT 5 8
[3845] = CNOT 6 8
[3846] = CNOT 8 3
[3847] = H 3
[3848] = CCZ 1 2 3
[3849] = H 3
[3850] = H 12
[3851] = CCZ 3 4 12
[3852] = H 12
[3853] = H 11
[3854] = CCZ 12 5 11
[3855] = H 11
[3856] = H 10
[3857] = CCZ 11 6 10
[3858] = H 10
[3859] = H 9
[3860] = CCZ 10 7 9
[3861] = H 9
[3862] = H 1
[3863] = CCZ 9 8 1
[3864] = H 1
[3865] = H 9
[3866] = CCZ 10 7 9
[3867] = H 9
[3868] = H 10
[3869] = CCZ 11 6 10
[3870] = H 10
[3871] = H 11
[3872] = CCZ 12 5 11
[3873] = H 11
[3874] = H 12
[3875] = CCZ 3 4 12
[3876] = H 12
[3877] = H 3
[3878] = CCZ 1 2 3
[3879] = H 3
[3880] = CNOT 8 3
[3881] = CNOT 3 1
[3882] = CNOT 6 8
[3883] = CNOT 5 8
[3884] = CNOT 3 8
[3885] = CNOT 8 5
[3886] = CNOT 6 2
[3887] = CNOT 5 2
[3888] = CNOT 2 5
[3889] = CNOT 8 1
[3890] = CNOT 7 1
[3891] = CNOT 6 1
[3892] = CNOT 2 4
[3893] = CNOT 4 1
[3894] = CNOT 4 2
[3895] = CNOT 1 4
[3896] = CNOT 1 7
[3897] = CNOT 7 1
[3898] = CNOT 1 8
[3899] = CNOT 2 8
[3900] = CNOT 3 1
[3901] = CNOT 3 2
[3902] = CNOT 8 3
[3903] = H 3
[3904] = CCZ 1 2 3
[3905] = H 3
[3906] = H 12
[3907] = CCZ 3 4 12
[3908] = H 12
[3909] = H 11
[3910] = CCZ 12 5 11
[3911] = H 11
[3912] = H 10
[3913] = CCZ 11 6 10
[3914] = H 10
[3915] = H 9
[3916] = CCZ 10 7 9
[3917] = H 9
[3918] = H 1
[3919] = CCZ 9 8 1
[3920] = H 1
[3921] = H 9
[3922] = CCZ 10 7 9
[3923] = H 9
[3924] = H 10
[3925] = CCZ 11 6 10
[3926] = H 10
[3927] = H 11
[3928] = CCZ 12 5 11
[3929] = H 11
[3930] = H 12
[3931] = CCZ 3 4 12
[3932] = H 12
[3933] = H 3
[3934] = CCZ 1 2 3
[3935] = H 3
[3936] = CNOT 8 3
[3937] = CNOT 3 2
[3938] = CNOT 3 1
[3939] = CNOT 2 8
[3940] = CNOT 1 8
[3941] = CNOT 4 2
[3942] = CNOT 2 4
[3943] = CNOT 7 1
[3944] = CNOT 7 2
[3945] = CNOT 1 7
[3946] = CNOT 2 1
[3947] = CNOT 7 2
[3948] = CNOT 4 1
[3949] = CNOT 6 1
[3950] = CNOT 8 1
[3951] = CNOT 3 2
[3952] = CNOT 8 5
[3953] = CNOT 2 8
[3954] = CNOT 5 8
[3955] = CNOT 6 8
[3956] = CNOT 3 1
[3957] = CNOT 3 2
[3958] = CNOT 8 3
[3959] = H 3
[3960] = CCZ 1 2 3
[3961] = H 3
[3962] = H 12
[3963] = CCZ 3 4 12
[3964] = H 12
[3965] = H 11
[3966] = CCZ 12 5 11
[3967] = H 11
[3968] = H 10
[3969] = CCZ 11 6 10
[3970] = H 10
[3971] = H 9
[3972] = CCZ 10 7 9
[3973] = H 9
[3974] = H 1
[3975] = CCZ 9 8 1
[3976] = H 1
[3977] = H 9
[3978] = CCZ 10 7 9
[3979] = H 9
[3980] = H 10
[3981] = CCZ 11 6 10
[3982] = H 10
[3983] = H 11
[3984] = CCZ 12 5 11
[3985] = H 11
[3986] = H 12
[3987] = CCZ 3 4 12
[3988] = H 12
[3989] = H 3
[3990] = CCZ 1 2 3
[3991] = H 3
[3992] = CNOT 8 3
[3993] = CNOT 3 8
[3994] = CNOT 2 8
[3995] = CNOT 3 1
[3996] = CNOT 6 8
[3997] = CNOT 5 8
[3998] = CNOT 8 5
[3999] = CNOT 8 7
[4000] = CNOT 7 1
[4001] = CNOT 6 1
[4002] = CNOT 2 1
[4003] = CNOT 1 2
[4004] = CNOT 2 1
[4005] = CNOT 4 1
[4006] = CNOT 5 1
[4007] = CNOT 6 1
[4008] = CNOT 8 1
[4009] = CNOT 5 2
[4010] = CNOT 7 8
[4011] = CNOT 8 3
[4012] = H 3
[4013] = CCZ 1 2 3
[4014] = H 3
[4015] = H 12
[4016] = CCZ 3 4 12
[4017] = H 12
[4018] = H 11
[4019] = CCZ 12 5 11
[4020] = H 11
[4021] = H 10
[4022] = CCZ 11 6 10
[4023] = H 10
[4024] = H 9
[4025] = CCZ 10 7 9
[4026] = H 9
[4027] = H 1
[4028] = CCZ 9 8 1
[4029] = H 1
[4030] = H 9
[4031] = CCZ 10 7 9
[4032] = H 9
[4033] = H 10
[4034] = CCZ 11 6 10
[4035] = H 10
[4036] = H 11
[4037] = CCZ 12 5 11
[4038] = H 11
[4039] = H 12
[4040] = CCZ 3 4 12
[4041] = H 12
[4042] = H 3
[4043] = CCZ 1 2 3
[4044] = H 3
[4045] = CNOT 8 3
[4046] = CNOT 7 8
[4047] = CNOT 8 7
[4048] = CNOT 2 1
[4049] = CNOT 5 2
[4050] = CNOT 4 2
[4051] = CNOT 8 1
[4052] = CNOT 6 2
[4053] = CNOT 1 2
[4054] = CNOT 2 1
[4055] = CNOT 2 4
[4056] = CNOT 4 2
[4057] = CNOT 2 8
[4058] = CNOT 7 8
[4059] = CNOT 3 2
[4060] = CNOT 8 3
[4061] = H 3
[4062] = CCZ 1 2 3
[4063] = H 3
[4064] = H 12
[4065] = CCZ 3 4 12
[4066] = H 12
[4067] = H 11
[4068] = CCZ 12 5 11
[4069] = H 11
[4070] = H 10
[4071] = CCZ 11 6 10
[4072] = H 10
[4073] = H 9
[4074] = CCZ 10 7 9
[4075] = H 9
[4076] = H 1
[4077] = CCZ 9 8 1
[4078] = H 1
[4079] = H 9
[4080] = CCZ 10 7 9
[4081] = H 9
[4082] = H 10
[4083] = CCZ 11 6 10
[4084] = H 10
[4085] = H 11
[4086] = CCZ 12 5 11
[4087] = H 11
[4088] = H 12
[4089] = CCZ 3 4 12
[4090] = H 12
[4091] = H 3
[4092] = CCZ 1 2 3
[4093] = H 3
[4094] = CNOT 8 3
[4095] = CNOT 3 2
[4096] = CNOT 7 8
[4097] = CNOT 2 8
[4098] = CNOT 4 2
[4099] = CNOT 2 4
[4100] = CNOT 6 1
[4101] = CNOT 1 4
[4102] = CNOT 4 1
[4103] = CNOT 2 4
[4104] = CNOT 3 2
[4105] = CNOT 8 5
[4106] = CNOT 8 1
[4107] = CNOT 2 8
[4108] = CNOT 5 8
[4109] = CNOT 6 8
[4110] = CNOT 3 2
[4111] = CNOT 8 3
[4112] = H 3
[4113] = CCZ 1 2 3
[4114] = H 3
[4115] = H 12
[4116] = CCZ 3 4 12
[4117] = H 12
[4118] = H 11
[4119] = CCZ 12 5 11
[4120] = H 11
[4121] = H 10
[4122] = CCZ 11 6 10
[4123] = H 10
[4124] = H 9
[4125] = CCZ 10 7 9
[4126] = H 9
[4127] = H 1
[4128] = CCZ 9 8 1
[4129] = H 1
[4130] = H 9
[4131] = CCZ 10 7 9
[4132] = H 9
[4133] = H 10
[4134] = CCZ 11 6 10
[4135] = H 10
[4136] = H 11
[4137] = CCZ 12 5 11
[4138] = H 11
[4139] = H 12
[4140] = CCZ 3 4 12
[4141] = H 12
[4142] = H 3
[4143] = CCZ 1 2 3
[4144] = H 3
[4145] = CNOT 8 3
[4146] = CNOT 3 2
[4147] = CNOT 3 1
[4148] = CNOT 6 8
[4149] = CNOT 5 8
[4150] = CNOT 2 8
[4151] = CNOT 8 5
[4152] = CNOT 8 2
[4153] = CNOT 4 1
[4154] = CNOT 1 2
[4155] = CNOT 8 1
[4156] = CNOT 3 1
[4157] = CNOT 1 4
[4158] = CNOT 5 1
[4159] = CNOT 2 4
[4160] = CNOT 4 2
[4161] = CNOT 2 8
[4162] = CNOT 7 8
[4163] = CNOT 3 2
[4164] = CNOT 8 3
[4165] = H 3
[4166] = CCZ 1 2 3
[4167] = H 3
[4168] = H 12
[4169] = CCZ 3 4 12
[4170] = H 12
[4171] = H 11
[4172] = CCZ 12 5 11
[4173] = H 11
[4174] = H 10
[4175] = CCZ 11 6 10
[4176] = H 10
[4177] = H 9
[4178] = CCZ 10 7 9
[4179] = H 9
[4180] = H 1
[4181] = CCZ 9 8 1
[4182] = H 1
[4183] = H 9
[4184] = CCZ 10 7 9
[4185] = H 9
[4186] = H 10
[4187] = CCZ 11 6 10
[4188] = H 10
[4189] = H 11
[4190] = CCZ 12 5 11
[4191] = H 11
[4192] = H 12
[4193] = CCZ 3 4 12
[4194] = H 12
[4195] = CNOT 4 1
[4196] = H 3
[4197] = CCZ 1 2 3
[4198] = H 3
[4199] = CNOT 8 3
[4200] = CNOT 3 2
[4201] = CNOT 7 8
[4202] = CNOT 2 1
[4203] = CNOT 2 8
[4204] = CNOT 8 2
[4205] = CNOT 2 1
[4206] = CNOT 3 2
[4207] = CNOT 6 1
[4208] = CNOT 1 2
[4209] = CNOT 6 2
[4210] = CNOT 5 2
[4211] = CNOT 8 5
[4212] = CNOT 2 8
[4213] = CNOT 5 8
[4214] = CNOT 6 8
[4215] = CNOT 3 2
[4216] = CNOT 8 3
[4217] = H 3
[4218] = CCZ 1 2 3
[4219] = H 3
[4220] = H 12
[4221] = CCZ 3 4 12
[4222] = H 12
[4223] = H 11
[4224] = CCZ 12 5 11
[4225] = H 11
[4226] = H 10
[4227] = CCZ 11 6 10
[4228] = H 10
[4229] = H 9
[4230] = CCZ 10 7 9
[4231] = H 9
[4232] = H 1
[4233] = CCZ 9 8 1
[4234] = H 1
[4235] = H 9
[4236] = CCZ 10 7 9
[4237] = H 9
[4238] = H 10
[4239] = CCZ 11 6 10
[4240] = H 10
[4241] = H 11
[4242] = CCZ 12 5 11
[4243] = H 11
[4244] = H 12
[4245] = CCZ 3 4 12
[4246] = H 12
[4247] = H 3
[4248] = CCZ 1 2 3
[4249] = H 3
[4250] = CNOT 8 3
[4251] = CNOT 3 2
[4252] = CNOT 3 1
[4253] = CNOT 6 8
[4254] = CNOT 5 2
[4255] = CNOT 2 8
[4256] = CNOT 8 5
[4257] = CNOT 6 2
[4258] = CNOT 4 1
[4259] = CNOT 1 2
[4260] = CNOT 2 4
[4261] = CNOT 8 1
[4262] = CNOT 6 1
[4263] = CNOT 5 1
[4264] = CNOT 1 2
[4265] = CNOT 3 1
[4266] = CNOT 2 1
[4267] = CNOT 4 1
[4268] = CNOT 6 1
[4269] = CNOT 7 1
[4270] = CNOT 8 1
[4271] = CNOT 8 5
[4272] = CNOT 2 8
[4273] = CNOT 5 8
[4274] = CNOT 6 8
[4275] = CNOT 3 2
[4276] = CNOT 8 3
[4277] = H 3
[4278] = CCZ 1 2 3
[4279] = H 3
[4280] = H 12
[4281] = CCZ 3 4 12
[4282] = H 12
[4283] = H 11
[4284] = CCZ 12 5 11
[4285] = H 11
[4286] = H 10
[4287] = CCZ 11 6 10
[4288] = H 10
[4289] = H 9
[4290] = CCZ 10 7 9
[4291] = H 9
[4292] = H 1
[4293] = CCZ 9 8 1
[4294] = H 1
[4295] = H 9
[4296] = CCZ 10 7 9
[4297] = H 9
[4298] = H 10
[4299] = CCZ 11 6 10
[4300] = H 10
[4301] = H 11
[4302] = CCZ 12 5 11
[4303] = H 11
[4304] = H 12
[4305] = CCZ 3 4 12
[4306] = H 12
[4307] = H 3
[4308] = CCZ 1 2 3
[4309] = H 3
[4310] = CNOT 8 3
[4311] = CNOT 2 8
[4312] = CNOT 3 8
[4313] = CNOT 3 1
[4314] = CNOT 6 8
[4315] = CNOT 5 8
[4316] = CNOT 8 5
[4317] = CNOT 8 1
[4318] = CNOT 7 1
[4319] = CNOT 6 1
[4320] = CNOT 2 4
[4321] = CNOT 1 4
[4322] = CNOT 4 1
[4323] = CNOT 1 4
[4324] = CNOT 1 2
[4325] = CNOT 3 1
[4326] = CNOT 5 1
[4327] = CNOT 6 1
[4328] = CNOT 8 1
[4329] = CNOT 7 2
[4330] = CNOT 2 8
[4331] = CNOT 1 2
[4332] = CNOT 3 1
[4333] = CNOT 3 2
[4334] = CNOT 8 3
[4335] = H 3
[4336] = CCZ 1 2 3
[4337] = H 3
[4338] = H 12
[4339] = CCZ 3 4 12
[4340] = H 12
[4341] = H 11
[4342] = CCZ 12 5 11
[4343] = H 11
[4344] = H 10
[4345] = CCZ 11 6 10
[4346] = H 10
[4347] = H 9
[4348] = CCZ 10 7 9
[4349] = H 9
[4350] = H 1
[4351] = CCZ 9 8 1
[4352] = H 1
[4353] = H 9
[4354] = CCZ 10 7 9
[4355] = H 9
[4356] = H 10
[4357] = CCZ 11 6 10
[4358] = H 10
[4359] = H 11
[4360] = CCZ 12 5 11
[4361] = H 11
[4362] = H 12
[4363] = CCZ 3 4 12
[4364] = H 12
[4365] = H 3
[4366] = CCZ 1 2 3
[4367] = H 3
[4368] = CNOT 8 3
[4369] = CNOT 1 2
[4370] = CNOT 3 1
[4371] = CNOT 2 8
[4372] = CNOT 8 1
[4373] = CNOT 7 2
[4374] = CNOT 4 1
[4375] = CNOT 4 2
[4376] = CNOT 2 4
[4377] = CNOT 6 1
[4378] = CNOT 5 1
[4379] = CNOT 3 2
[4380] = CNOT 2 6
[4381] = CNOT 1 6
[4382] = CNOT 6 1
[4383] = CNOT 8 7
[4384] = CNOT 3 1
[4385] = CNOT 1 8
[4386] = CNOT 7 8
[4387] = CNOT 8 3
[4388] = H 3
[4389] = CCZ 1 2 3
[4390] = H 3
[4391] = H 12
[4392] = CCZ 3 4 12
[4393] = H 12
[4394] = H 11
[4395] = CCZ 12 5 11
[4396] = H 11
[4397] = H 10
[4398] = CCZ 11 6 10
[4399] = H 10
[4400] = H 9
[4401] = CCZ 10 7 9
[4402] = H 9
[4403] = H 1
[4404] = CCZ 9 8 1
[4405] = H 1
[4406] = H 9
[4407] = CCZ 10 7 9
[4408] = H 9
[4409] = H 10
[4410] = CCZ 11 6 10
[4411] = H 10
[4412] = H 11
[4413] = CCZ 12 5 11
[4414] = H 11
[4415] = H 12
[4416] = CCZ 3 4 12
[4417] = H 12
[4418] = H 3
[4419] = CCZ 1 2 3
[4420] = H 3
[4421] = CNOT 8 3
[4422] = CNOT 1 8
[4423] = CNOT 3 2
[4424] = CNOT 1 2
[4425] = CNOT 7 8
[4426] = CNOT 8 7
[4427] = CNOT 1 6
[4428] = CNOT 6 1
[4429] = CNOT 6 2
[4430] = CNOT 2 6
[4431] = CNOT 5 2
[4432] = CNOT 5 1
[4433] = CNOT 7 1
[4434] = CNOT 8 6
[4435] = CNOT 1 8
[4436] = CNOT 2 8
[4437] = CNOT 6 8
[4438] = CNOT 3 1
[4439] = CNOT 3 2
[4440] = CNOT 8 3
[4441] = H 3
[4442] = CCZ 1 2 3
[4443] = H 3
[4444] = H 12
[4445] = CCZ 3 4 12
[4446] = H 12
[4447] = H 11
[4448] = CCZ 12 5 11
[4449] = H 11
[4450] = H 10
[4451] = CCZ 11 6 10
[4452] = H 10
[4453] = H 9
[4454] = CCZ 10 7 9
[4455] = H 9
[4456] = H 1
[4457] = CCZ 9 8 1
[4458] = H 1
[4459] = H 9
[4460] = CCZ 10 7 9
[4461] = H 9
[4462] = H 10
[4463] = CCZ 11 6 10
[4464] = H 10
[4465] = H 11
[4466] = CCZ 12 5 11
[4467] = H 11
[4468] = H 12
[4469] = CCZ 3 4 12
[4470] = H 12
[4471] = H 3
[4472] = CCZ 1 2 3
[4473] = H 3
[4474] = CNOT 8 3
[4475] = CNOT 1 2
[4476] = CNOT 3 1
[4477] = CNOT 6 8
[4478] = CNOT 2 8
[4479] = CNOT 8 6
[4480] = CNOT 7 5
[4481] = CNOT 2 5
[4482] = CNOT 1 2
[4483] = CNOT 5 2
[4484] = CNOT 6 2
[4485] = CNOT 8 7
[4486] = CNOT 3 1
[4487] = CNOT 1 8
[4488] = CNOT 7 8
[4489] = CNOT 8 3
[4490] = H 3
[4491] = CCZ 1 2 3
[4492] = H 3
[4493] = H 12
[4494] = CCZ 3 4 12
[4495] = H 12
[4496] = H 11
[4497] = CCZ 12 5 11
[4498] = H 11
[4499] = H 10
[4500] = CCZ 11 6 10
[4501] = H 10
[4502] = H 9
[4503] = CCZ 10 7 9
[4504] = H 9
[4505] = H 1
[4506] = CCZ 9 8 1
[4507] = H 1
[4508] = H 9
[4509] = CCZ 10 7 9
[4510] = H 9
[4511] = H 10
[4512] = CCZ 11 6 10
[4513] = H 10
[4514] = H 11
[4515] = CCZ 12 5 11
[4516] = H 11
[4517] = H 12
[4518] = CCZ 3 4 12
[4519] = H 12
[4520] = H 3
[4521] = CCZ 1 2 3
[4522] = H 3
[4523] = CNOT 8 3
[4524] = CNOT 1 8
[4525] = CNOT 3 1
[4526] = CNOT 7 8
[4527] = CNOT 8 7
[4528] = CNOT 7 2
[4529] = CNOT 6 2
[4530] = CNOT 5 2
[4531] = CNOT 1 5
[4532] = CNOT 2 5
[4533] = CNOT 8 6
[4534] = CNOT 1 8
[4535] = CNOT 2 8
[4536] = CNOT 6 8
[4537] = CNOT 7 8
[4538] = CNOT 3 1
[4539] = CNOT 8 3
[4540] = H 3
[4541] = CCZ 1 2 3
[4542] = H 3
[4543] = H 12
[4544] = CCZ 3 4 12
[4545] = H 12
[4546] = H 11
[4547] = CCZ 12 5 11
[4548] = H 11
[4549] = H 10
[4550] = CCZ 11 6 10
[4551] = H 10
[4552] = H 9
[4553] = CCZ 10 7 9
[4554] = H 9
[4555] = H 1
[4556] = CCZ 9 8 1
[4557] = H 1
[4558] = H 9
[4559] = CCZ 10 7 9
[4560] = H 9
[4561] = H 10
[4562] = CCZ 11 6 10
[4563] = H 10
[4564] = H 11
[4565] = CCZ 12 5 11
[4566] = H 11
[4567] = H 12
[4568] = CCZ 3 4 12
[4569] = H 12
[4570] = H 3
[4571] = CCZ 1 2 3
[4572] = H 3
[4573] = CNOT 8 3
[4574] = CNOT 2 8
[4575] = CNOT 3 1
[4576] = CNOT 7 8
[4577] = CNOT 6 8
[4578] = CNOT 1 8
[4579] = CNOT 8 6
[4580] = CNOT 1 2
[4581] = CNOT 7 1
[4582] = CNOT 6 1
[4583] = CNOT 5 1
[4584] = CNOT 2 1
[4585] = CNOT 1 8
[4586] = CNOT 2 8
[4587] = CNOT 3 8
[4588] = CNOT 4 8
[4589] = CNOT 5 8
[4590] = CNOT 6 8
[4591] = CNOT 7 8
[4592] = CNOT 8 7
[4593] = CNOT 7 8
[4594] = CNOT 7 6
[4595] = CNOT 6 7
[4596] = CNOT 6 5
[4597] = CNOT 5 6
[4598] = CNOT 5 4
[4599] = CNOT 4 5
[4600] = CNOT 4 3
[4601] = CNOT 3 4
[4602] = CNOT 3 2
[4603] = CNOT 2 3
[4604] = CNOT 2 1
[4605] = CNOT 1 2

Algorithm used: todd

UniversalOptimize begin.
	Gate synthesis begin.

in LempelX2
		Round = 0
Round 0 | Current Columns (m): 8
nullspace time: 1 ms, chi time: 0 ms
Total LempelX2 time: 2 ms
		TODD executed in 0.002153 seconds.
		Total time: 0.002182s
	Gate synthesis end.
	Gate synthesis begin.

in LempelX2
		Round = 0
Round 0 | Current Columns (m): 5
nullspace time: 0 ms, chi time: 0 ms
Total LempelX2 time: 0 ms
		TODD executed in 0.000592 seconds.
		Total time: 0.000602s
	Gate synthesis end.
	Gate synthesis begin.

in LempelX2
		Round = 0
Round 0 | Current Columns (m): 5
nullspace time: 0 ms, chi time: 0 ms
Total LempelX2 time: 0 ms
		TODD executed in 0.000576 seconds.
		Total time: 0.000586s
	Gate synthesis end.
	Gate synthesis begin.

in LempelX2
		Round = 0
Round 0 | Current Columns (m): 3
nullspace time: 0 ms, chi time: 0 ms
Total LempelX2 time: 0 ms
		TODD executed in 0.000183 seconds.
		Total time: 0.000194s
	Gate synthesis end.
	Gate synthesis begin.

in LempelX2
		Round = 0
Round 0 | Current Columns (m): 5
nullspace time: 0 ms, chi time: 0 ms
Total LempelX2 time: 0 ms
		TODD executed in 0.000817 seconds.
		Total time: 0.000828s
	Gate synthesis end.
	Gate synthesis begin.

in LempelX2
		Round = 0
Round 0 | Current Columns (m): 6
nullspace time: 0 ms, chi time: 0 ms
Total LempelX2 time: 0 ms
		TODD executed in 0.000979 seconds.
		Total time: 0.00101s
	Gate synthesis end.
	Gate synthesis begin.

in LempelX2
		Round = 0
Round 0 | Current Columns (m): 2
nullspace time: 0 ms, chi time: 0 ms
Total LempelX2 time: 0 ms
		TODD executed in 0.000165 seconds.
		Total time: 0.000174s
	Gate synthesis end.
	Gate synthesis begin.

in LempelX2
		Round = 0
Round 0 | Current Columns (m): 10
nullspace time: 2 ms, chi time: 1 ms
Total LempelX2 time: 3 ms
		TODD executed in 0.003769 seconds.
		Total time: 0.003789s
	Gate synthesis end.
	Gate synthesis begin.

in LempelX2
		Round = 0
Round 0 | Current Columns (m): 5
nullspace time: 0 ms, chi time: 0 ms
Total LempelX2 time: 0 ms
		TODD executed in 0.000731 seconds.
		Total time: 0.000742s
	Gate synthesis end.
	Gate synthesis begin.

in LempelX2
		Round = 0
Round 0 | Current Columns (m): 7
nullspace time: 0 ms, chi time: 0 ms
Total LempelX2 time: 1 ms
		TODD executed in 0.00146 seconds.
		Total time: 0.001475s
	Gate synthesis end.
	Gate synthesis begin.

in LempelX2
		Round = 0
Round 0 | Current Columns (m): 7
nullspace time: 0 ms, chi time: 0 ms
Total LempelX2 time: 1 ms
		TODD executed in 0.001493 seconds.
		Total time: 0.001508s
	Gate synthesis end.
	Gate synthesis begin.

in LempelX2
		Round = 0
Round 0 | Current Columns (m): 9
nullspace time: 1 ms, chi time: 0 ms
Total LempelX2 time: 3 ms
		TODD executed in 0.003037 seconds.
		Total time: 0.003054s
	Gate synthesis end.
	Gate synthesis begin.

in LempelX2
		Round = 0
Round 0 | Current Columns (m): 6
nullspace time: 0 ms, chi time: 0 ms
Total LempelX2 time: 0 ms
		TODD executed in 0.000922 seconds.
		Total time: 0.000935s
	Gate synthesis end.
	Gate synthesis begin.

in LempelX2
		Round = 0
Round 0 | Current Columns (m): 5
nullspace time: 0 ms, chi time: 0 ms
Total LempelX2 time: 0 ms
		TODD executed in 0.000564 seconds.
		Total time: 0.000572s
	Gate synthesis end.
	Gate synthesis begin.

in LempelX2
		Round = 0
Round 0 | Current Columns (m): 8
nullspace time: 1 ms, chi time: 0 ms
Total LempelX2 time: 2 ms
		TODD executed in 0.002273 seconds.
		Total time: 0.002289s
	Gate synthesis end.
	Gate synthesis begin.

in LempelX2
		Round = 0
Round 0 | Current Columns (m): 6
nullspace time: 0 ms, chi time: 0 ms
Total LempelX2 time: 1 ms
		TODD executed in 0.001023 seconds.
		Total time: 0.001035s
	Gate synthesis end.
	Gate synthesis begin.

in LempelX2
		Round = 0
Round 0 | Current Columns (m): 8
nullspace time: 1 ms, chi time: 0 ms
Total LempelX2 time: 2 ms
		TODD executed in 0.002354 seconds.
		Total time: 0.002372s
	Gate synthesis end.
	Gate synthesis begin.

in LempelX2
		Round = 0
Round 0 | Current Columns (m): 6
nullspace time: 0 ms, chi time: 0 ms
Total LempelX2 time: 1 ms
		TODD executed in 0.001202 seconds.
		Total time: 0.001214s
	Gate synthesis end.
	Gate synthesis begin.

in LempelX2
		Round = 0
Round 0 | Current Columns (m): 9
nullspace time: 1 ms, chi time: 0 ms
Total LempelX2 time: 2 ms
		TODD executed in 0.002723 seconds.
		Total time: 0.002738s
	Gate synthesis end.
	Gate synthesis begin.

in LempelX2
		Round = 0
Round 0 | Current Columns (m): 10
nullspace time: 2 ms, chi time: 1 ms
Total LempelX2 time: 3 ms
		TODD executed in 0.003821 seconds.
		Total time: 0.003837s
	Gate synthesis end.
	Gate synthesis begin.

in LempelX2
		Round = 0
Round 0 | Current Columns (m): 7
nullspace time: 0 ms, chi time: 0 ms
Total LempelX2 time: 1 ms
		TODD executed in 0.001481 seconds.
		Total time: 0.001495s
	Gate synthesis end.
	Gate synthesis begin.

in LempelX2
		Round = 0
Round 0 | Current Columns (m): 5
nullspace time: 0 ms, chi time: 0 ms
Total LempelX2 time: 0 ms
		TODD executed in 0.000683 seconds.
		Total time: 0.000695s
	Gate synthesis end.
	Gate synthesis begin.

in LempelX2
		Round = 0
Round 0 | Current Columns (m): 10
nullspace time: 2 ms, chi time: 1 ms
Total LempelX2 time: 3 ms
		TODD executed in 0.003848 seconds.
		Total time: 0.003912s
	Gate synthesis end.
	Gate synthesis begin.

in LempelX2
		Round = 0
Round 0 | Current Columns (m): 2
nullspace time: 0 ms, chi time: 0 ms
Total LempelX2 time: 0 ms
		TODD executed in 8.2e-05 seconds.
		Total time: 8.8e-05s
	Gate synthesis end.
	Gate synthesis begin.

in LempelX2
		Round = 0
Round 0 | Current Columns (m): 5
nullspace time: 0 ms, chi time: 0 ms
Total LempelX2 time: 0 ms
		TODD executed in 0.000676 seconds.
		Total time: 0.000696s
	Gate synthesis end.
	Gate synthesis begin.

in LempelX2
		Round = 0
Round 0 | Current Columns (m): 8
nullspace time: 1 ms, chi time: 0 ms
Total LempelX2 time: 1 ms
		TODD executed in 0.001981 seconds.
		Total time: 0.002002s
	Gate synthesis end.
	Gate synthesis begin.

in LempelX2
		Round = 0
Round 0 | Current Columns (m): 4
nullspace time: 0 ms, chi time: 0 ms
Total LempelX2 time: 0 ms
		TODD executed in 0.000341 seconds.
		Total time: 0.000351s
	Gate synthesis end.
	Gate synthesis begin.

in LempelX2
		Round = 0
Round 0 | Current Columns (m): 6
nullspace time: 0 ms, chi time: 0 ms
Total LempelX2 time: 0 ms
		TODD executed in 0.000991 seconds.
		Total time: 0.001002s
	Gate synthesis end.
	Gate synthesis begin.

in LempelX2
		Round = 0
Round 0 | Current Columns (m): 3
nullspace time: 0 ms, chi time: 0 ms
Total LempelX2 time: 0 ms
		TODD executed in 0.000188 seconds.
		Total time: 0.000199s
	Gate synthesis end.
	Gate synthesis begin.

in LempelX2
		Round = 0
Round 0 | Current Columns (m): 6
nullspace time: 0 ms, chi time: 0 ms
Total LempelX2 time: 0 ms
		TODD executed in 0.000965 seconds.
		Total time: 0.000976s
	Gate synthesis end.
	Gate synthesis begin.

in LempelX2
		Round = 0
Round 0 | Current Columns (m): 4
nullspace time: 0 ms, chi time: 0 ms
Total LempelX2 time: 0 ms
		TODD executed in 0.000336 seconds.
		Total time: 0.000345s
	Gate synthesis end.
	Gate synthesis begin.

in LempelX2
		Round = 0
Round 0 | Current Columns (m): 4
nullspace time: 0 ms, chi time: 0 ms
Total LempelX2 time: 0 ms
		TODD executed in 0.000407 seconds.
		Total time: 0.000417s
	Gate synthesis end.
	Gate synthesis begin.

in LempelX2
		Round = 0
Round 0 | Current Columns (m): 5
nullspace time: 0 ms, chi time: 0 ms
Total LempelX2 time: 0 ms
		TODD executed in 0.000671 seconds.
		Total time: 0.000695s
	Gate synthesis end.
	Gate synthesis begin.

in LempelX2
		Round = 0
Round 0 | Current Columns (m): 5
nullspace time: 0 ms, chi time: 0 ms
Total LempelX2 time: 0 ms
		TODD executed in 0.000732 seconds.
		Total time: 0.000742s
	Gate synthesis end.
	Gate synthesis begin.

in LempelX2
		Round = 0
Round 0 | Current Columns (m): 4
nullspace time: 0 ms, chi time: 0 ms
Total LempelX2 time: 0 ms
		TODD executed in 0.000332 seconds.
		Total time: 0.000342s
	Gate synthesis end.
	Gate synthesis begin.

in LempelX2
		Round = 0
Round 0 | Current Columns (m): 5
nullspace time: 0 ms, chi time: 0 ms
Total LempelX2 time: 0 ms
		TODD executed in 0.000687 seconds.
		Total time: 0.000703s
	Gate synthesis end.
	Gate synthesis begin.

in LempelX2
		Round = 0
Round 0 | Current Columns (m): 7
nullspace time: 0 ms, chi time: 0 ms
Total LempelX2 time: 1 ms
		TODD executed in 0.001393 seconds.
		Total time: 0.001407s
	Gate synthesis end.
	Gate synthesis begin.

in LempelX2
		Round = 0
Round 0 | Current Columns (m): 7
nullspace time: 0 ms, chi time: 0 ms
Total LempelX2 time: 1 ms
		TODD executed in 0.001485 seconds.
		Total time: 0.001502s
	Gate synthesis end.
	Gate synthesis begin.

in LempelX2
		Round = 0
Round 0 | Current Columns (m): 9
nullspace time: 1 ms, chi time: 0 ms
Total LempelX2 time: 2 ms
		TODD executed in 0.002899 seconds.
		Total time: 0.00292s
	Gate synthesis end.
	Gate synthesis begin.

in LempelX2
		Round = 0
Round 0 | Current Columns (m): 6
nullspace time: 0 ms, chi time: 0 ms
Total LempelX2 time: 0 ms
		TODD executed in 0.000942 seconds.
		Total time: 0.000954s
	Gate synthesis end.
	Gate synthesis begin.

in LempelX2
		Round = 0
Round 0 | Current Columns (m): 5
nullspace time: 0 ms, chi time: 0 ms
Total LempelX2 time: 0 ms
		TODD executed in 0.000789 seconds.
		Total time: 0.000803s
	Gate synthesis end.
	Gate synthesis begin.

in LempelX2
		Round = 0
Round 0 | Current Columns (m): 8
nullspace time: 1 ms, chi time: 0 ms
Total LempelX2 time: 2 ms
		TODD executed in 0.002093 seconds.
		Total time: 0.002108s
	Gate synthesis end.
	Gate synthesis begin.

in LempelX2
		Round = 0
Round 0 | Current Columns (m): 6
nullspace time: 0 ms, chi time: 0 ms
Total LempelX2 time: 0 ms
		TODD executed in 0.000981 seconds.
		Total time: 0.000994s
	Gate synthesis end.
	Gate synthesis begin.

in LempelX2
		Round = 0
Round 0 | Current Columns (m): 8
nullspace time: 1 ms, chi time: 0 ms
Total LempelX2 time: 2 ms
		TODD executed in 0.002153 seconds.
		Total time: 0.002169s
	Gate synthesis end.
	Gate synthesis begin.

in LempelX2
		Round = 0
Round 0 | Current Columns (m): 6
nullspace time: 0 ms, chi time: 0 ms
Total LempelX2 time: 0 ms
		TODD executed in 0.000964 seconds.
		Total time: 0.00098s
	Gate synthesis end.
	Gate synthesis begin.

in LempelX2
		Round = 0
Round 0 | Current Columns (m): 9
nullspace time: 1 ms, chi time: 0 ms
Total LempelX2 time: 2 ms
		TODD executed in 0.002845 seconds.
		Total time: 0.002863s
	Gate synthesis end.
	Gate synthesis begin.

in LempelX2
		Round = 0
Round 0 | Current Columns (m): 11
nullspace time: 3 ms, chi time: 1 ms
Total LempelX2 time: 5 ms
		TODD executed in 0.005112 seconds.
		Total time: 0.005136s
	Gate synthesis end.
	Gate synthesis begin.

in LempelX2
		Round = 0
Round 0 | Current Columns (m): 7
nullspace time: 0 ms, chi time: 0 ms
Total LempelX2 time: 1 ms
		TODD executed in 0.001436 seconds.
		Total time: 0.001451s
	Gate synthesis end.
	Gate synthesis begin.

in LempelX2
		Round = 0
Round 0 | Current Columns (m): 3
nullspace time: 0 ms, chi time: 0 ms
Total LempelX2 time: 0 ms
		TODD executed in 0.000199 seconds.
		Total time: 0.00021s
	Gate synthesis end.
	Gate synthesis begin.

in LempelX2
		Round = 0
Round 0 | Current Columns (m): 6
nullspace time: 0 ms, chi time: 0 ms
Total LempelX2 time: 0 ms
		TODD executed in 0.000941 seconds.
		Total time: 0.000954s
	Gate synthesis end.
	Gate synthesis begin.

in LempelX2
		Round = 0
Round 0 | Current Columns (m): 4
nullspace time: 0 ms, chi time: 0 ms
Total LempelX2 time: 0 ms
		TODD executed in 0.0005 seconds.
		Total time: 0.000512s
	Gate synthesis end.
	Gate synthesis begin.

in LempelX2
		Round = 0
Round 0 | Current Columns (m): 6
nullspace time: 0 ms, chi time: 0 ms
Total LempelX2 time: 1 ms
		TODD executed in 0.001033 seconds.
		Total time: 0.001046s
	Gate synthesis end.
	Gate synthesis begin.

in LempelX2
		Round = 0
Round 0 | Current Columns (m): 5
nullspace time: 0 ms, chi time: 0 ms
Total LempelX2 time: 0 ms
		TODD executed in 0.000576 seconds.
		Total time: 0.000586s
	Gate synthesis end.
	Input has T-Count zero. Outputting the input.
	Gate synthesis begin.

in LempelX2
		Round = 0
Round 0 | Current Columns (m): 4
nullspace time: 0 ms, chi time: 0 ms
Total LempelX2 time: 0 ms
		TODD executed in 0.00033 seconds.
		Total time: 0.000341s
	Gate synthesis end.
	Gate synthesis begin.

in LempelX2
		Round = 0
Round 0 | Current Columns (m): 3
nullspace time: 0 ms, chi time: 0 ms
Total LempelX2 time: 0 ms
		TODD executed in 0.000176 seconds.
		Total time: 0.000184s
	Gate synthesis end.
	Gate synthesis begin.

in LempelX2
		Round = 0
Round 0 | Current Columns (m): 6
nullspace time: 0 ms, chi time: 0 ms
Total LempelX2 time: 1 ms
		TODD executed in 0.001091 seconds.
		Total time: 0.001105s
	Gate synthesis end.
	Gate synthesis begin.

in LempelX2
		Round = 0
Round 0 | Current Columns (m): 3
nullspace time: 0 ms, chi time: 0 ms
Total LempelX2 time: 0 ms
		TODD executed in 0.000185 seconds.
		Total time: 0.000194s
	Gate synthesis end.
	Gate synthesis begin.

in LempelX2
		Round = 0
Round 0 | Current Columns (m): 4
nullspace time: 0 ms, chi time: 0 ms
Total LempelX2 time: 0 ms
		TODD executed in 0.000328 seconds.
		Total time: 0.000337s
	Gate synthesis end.
	Gate synthesis begin.

in LempelX2
		Round = 0
Round 0 | Current Columns (m): 2
nullspace time: 0 ms, chi time: 0 ms
Total LempelX2 time: 0 ms
		TODD executed in 8.3e-05 seconds.
		Total time: 8.9e-05s
	Gate synthesis end.
	Gate synthesis begin.

in LempelX2
		Round = 0
Round 0 | Current Columns (m): 9
nullspace time: 1 ms, chi time: 0 ms
Total LempelX2 time: 2 ms
		TODD executed in 0.002851 seconds.
		Total time: 0.002871s
	Gate synthesis end.
	Gate synthesis begin.

in LempelX2
		Round = 0
Round 0 | Current Columns (m): 6
nullspace time: 0 ms, chi time: 0 ms
Total LempelX2 time: 0 ms
		TODD executed in 0.000953 seconds.
		Total time: 0.000966s
	Gate synthesis end.
	Gate synthesis begin.

in LempelX2
		Round = 0
Round 0 | Current Columns (m): 7
nullspace time: 0 ms, chi time: 0 ms
Total LempelX2 time: 1 ms
		TODD executed in 0.001474 seconds.
		Total time: 0.00149s
	Gate synthesis end.
	Gate synthesis begin.

in LempelX2
		Round = 0
Round 0 | Current Columns (m): 7
nullspace time: 0 ms, chi time: 0 ms
Total LempelX2 time: 1 ms
		TODD executed in 0.001465 seconds.
		Total time: 0.00148s
	Gate synthesis end.
	Gate synthesis begin.

in LempelX2
		Round = 0
Round 0 | Current Columns (m): 9
nullspace time: 1 ms, chi time: 0 ms
Total LempelX2 time: 2 ms
		TODD executed in 0.002967 seconds.
		Total time: 0.002983s
	Gate synthesis end.
	Gate synthesis begin.

in LempelX2
		Round = 0
Round 0 | Current Columns (m): 6
nullspace time: 0 ms, chi time: 0 ms
Total LempelX2 time: 1 ms
		TODD executed in 0.001048 seconds.
		Total time: 0.001061s
	Gate synthesis end.
	Gate synthesis begin.

in LempelX2
		Round = 0
Round 0 | Current Columns (m): 5
nullspace time: 0 ms, chi time: 0 ms
Total LempelX2 time: 0 ms
		TODD executed in 0.000682 seconds.
		Total time: 0.000693s
	Gate synthesis end.
	Gate synthesis begin.

in LempelX2
		Round = 0
Round 0 | Current Columns (m): 8
nullspace time: 1 ms, chi time: 0 ms
Total LempelX2 time: 2 ms
		TODD executed in 0.002044 seconds.
		Total time: 0.00206s
	Gate synthesis end.
	Gate synthesis begin.

in LempelX2
		Round = 0
Round 0 | Current Columns (m): 6
nullspace time: 0 ms, chi time: 0 ms
Total LempelX2 time: 1 ms
		TODD executed in 0.001087 seconds.
		Total time: 0.001099s
	Gate synthesis end.
	Gate synthesis begin.

in LempelX2
		Round = 0
Round 0 | Current Columns (m): 8
nullspace time: 1 ms, chi time: 0 ms
Total LempelX2 time: 2 ms
		TODD executed in 0.002121 seconds.
		Total time: 0.002139s
	Gate synthesis end.
	Gate synthesis begin.

in LempelX2
		Round = 0
Round 0 | Current Columns (m): 6
nullspace time: 0 ms, chi time: 0 ms
Total LempelX2 time: 0 ms
		TODD executed in 0.00095 seconds.
		Total time: 0.000962s
	Gate synthesis end.
	Gate synthesis begin.

in LempelX2
		Round = 0
Round 0 | Current Columns (m): 9
nullspace time: 1 ms, chi time: 0 ms
Total LempelX2 time: 3 ms
		TODD executed in 0.003061 seconds.
		Total time: 0.003084s
	Gate synthesis end.
	Gate synthesis begin.

in LempelX2
		Round = 0
Round 0 | Current Columns (m): 11
nullspace time: 3 ms, chi time: 1 ms
Total LempelX2 time: 5 ms
		TODD executed in 0.005138 seconds.
		Total time: 0.005165s
	Gate synthesis end.
	Gate synthesis begin.

in LempelX2
		Round = 0
Round 0 | Current Columns (m): 7
nullspace time: 0 ms, chi time: 0 ms
Total LempelX2 time: 1 ms
		TODD executed in 0.001498 seconds.
		Total time: 0.001512s
	Gate synthesis end.
	Gate synthesis begin.

in LempelX2
		Round = 0
Round 0 | Current Columns (m): 3
nullspace time: 0 ms, chi time: 0 ms
Total LempelX2 time: 0 ms
		TODD executed in 0.000203 seconds.
		Total time: 0.000212s
	Gate synthesis end.
	Gate synthesis begin.

in LempelX2
		Round = 0
Round 0 | Current Columns (m): 9
nullspace time: 2 ms, chi time: 1 ms
Total LempelX2 time: 3 ms
		TODD executed in 0.003327 seconds.
		Total time: 0.003347s
	Gate synthesis end.
	Gate synthesis begin.

in LempelX2
		Round = 0
Round 0 | Current Columns (m): 2
nullspace time: 0 ms, chi time: 0 ms
Total LempelX2 time: 0 ms
		TODD executed in 8e-05 seconds.
		Total time: 8.6e-05s
	Gate synthesis end.
	Gate synthesis begin.

in LempelX2
		Round = 0
Round 0 | Current Columns (m): 4
nullspace time: 0 ms, chi time: 0 ms
Total LempelX2 time: 0 ms
		TODD executed in 0.000483 seconds.
		Total time: 0.000511s
	Gate synthesis end.
	Gate synthesis begin.

in LempelX2
		Round = 0
Round 0 | Current Columns (m): 3
nullspace time: 0 ms, chi time: 0 ms
Total LempelX2 time: 0 ms
		TODD executed in 0.000224 seconds.
		Total time: 0.000233s
	Gate synthesis end.
	Gate synthesis begin.

in LempelX2
		Round = 0
Round 0 | Current Columns (m): 4
nullspace time: 0 ms, chi time: 0 ms
Total LempelX2 time: 0 ms
		TODD executed in 0.00039 seconds.
		Total time: 0.0004s
	Gate synthesis end.
	Gate synthesis begin.

in LempelX2
		Round = 0
Round 0 | Current Columns (m): 4
nullspace time: 0 ms, chi time: 0 ms
Total LempelX2 time: 0 ms
		TODD executed in 0.00037 seconds.
		Total time: 0.000379s
	Gate synthesis end.
	Gate synthesis begin.

in LempelX2
		Round = 0
Round 0 | Current Columns (m): 6
nullspace time: 0 ms, chi time: 0 ms
Total LempelX2 time: 0 ms
		TODD executed in 0.000917 seconds.
		Total time: 0.00093s
	Gate synthesis end.
	Gate synthesis begin.

in LempelX2
		Round = 0
Round 0 | Current Columns (m): 1
nullspace time: 0 ms, chi time: 0 ms
Total LempelX2 time: 0 ms
		TODD executed in 3.6e-05 seconds.
		Total time: 4.2e-05s
	Gate synthesis end.
	Gate synthesis begin.

in LempelX2
		Round = 0
Round 0 | Current Columns (m): 6
nullspace time: 0 ms, chi time: 0 ms
Total LempelX2 time: 0 ms
		TODD executed in 0.000964 seconds.
		Total time: 0.000974s
	Gate synthesis end.
	Input has T-Count zero. Outputting the input.
	Gate synthesis begin.

in LempelX2
		Round = 0
Round 0 | Current Columns (m): 5
nullspace time: 0 ms, chi time: 0 ms
Total LempelX2 time: 0 ms
		TODD executed in 0.000721 seconds.
		Total time: 0.000732s
	Gate synthesis end.
	Gate synthesis begin.

in LempelX2
		Round = 0
Round 0 | Current Columns (m): 8
nullspace time: 1 ms, chi time: 0 ms
Total LempelX2 time: 2 ms
		TODD executed in 0.002269 seconds.
		Total time: 0.002288s
	Gate synthesis end.
	Gate synthesis begin.

in LempelX2
		Round = 0
Round 0 | Current Columns (m): 4
nullspace time: 0 ms, chi time: 0 ms
Total LempelX2 time: 0 ms
		TODD executed in 0.000346 seconds.
		Total time: 0.000369s
	Gate synthesis end.
	Gate synthesis begin.

in LempelX2
		Round = 0
Round 0 | Current Columns (m): 7
nullspace time: 1 ms, chi time: 0 ms
Total LempelX2 time: 1 ms
		TODD executed in 0.001709 seconds.
		Total time: 0.001749s
	Gate synthesis end.
	Gate synthesis begin.

in LempelX2
		Round = 0
Round 0 | Current Columns (m): 8
nullspace time: 1 ms, chi time: 0 ms
Total LempelX2 time: 2 ms
		TODD executed in 0.002328 seconds.
		Total time: 0.002342s
	Gate synthesis end.
	Gate synthesis begin.

in LempelX2
		Round = 0
Round 0 | Current Columns (m): 9
nullspace time: 2 ms, chi time: 0 ms
Total LempelX2 time: 3 ms
		TODD executed in 0.00306 seconds.
		Total time: 0.003079s
	Gate synthesis end.
	Gate synthesis begin.

in LempelX2
		Round = 0
Round 0 | Current Columns (m): 6
nullspace time: 0 ms, chi time: 0 ms
Total LempelX2 time: 1 ms
		TODD executed in 0.001048 seconds.
		Total time: 0.001062s
	Gate synthesis end.
	Gate synthesis begin.

in LempelX2
		Round = 0
Round 0 | Current Columns (m): 5
nullspace time: 0 ms, chi time: 0 ms
Total LempelX2 time: 0 ms
		TODD executed in 0.000608 seconds.
		Total time: 0.000619s
	Gate synthesis end.
	Gate synthesis begin.

in LempelX2
		Round = 0
Round 0 | Current Columns (m): 8
nullspace time: 1 ms, chi time: 0 ms
Total LempelX2 time: 2 ms
		TODD executed in 0.002031 seconds.
		Total time: 0.002046s
	Gate synthesis end.
	Gate synthesis begin.

in LempelX2
		Round = 0
Round 0 | Current Columns (m): 6
nullspace time: 0 ms, chi time: 0 ms
Total LempelX2 time: 0 ms
		TODD executed in 0.000995 seconds.
		Total time: 0.001005s
	Gate synthesis end.
	Gate synthesis begin.

in LempelX2
		Round = 0
Round 0 | Current Columns (m): 8
nullspace time: 1 ms, chi time: 0 ms
Total LempelX2 time: 2 ms
		TODD executed in 0.002306 seconds.
		Total time: 0.002322s
	Gate synthesis end.
	Gate synthesis begin.

in LempelX2
		Round = 0
Round 0 | Current Columns (m): 6
nullspace time: 0 ms, chi time: 0 ms
Total LempelX2 time: 1 ms
		TODD executed in 0.00108 seconds.
		Total time: 0.001093s
	Gate synthesis end.
	Gate synthesis begin.

in LempelX2
		Round = 0
Round 0 | Current Columns (m): 9
nullspace time: 1 ms, chi time: 0 ms
Total LempelX2 time: 3 ms
		TODD executed in 0.003062 seconds.
		Total time: 0.00308s
	Gate synthesis end.
	Gate synthesis begin.

in LempelX2
		Round = 0
Round 0 | Current Columns (m): 10
nullspace time: 2 ms, chi time: 1 ms
Total LempelX2 time: 3 ms
		TODD executed in 0.003837 seconds.
		Total time: 0.003853s
	Gate synthesis end.
	Gate synthesis begin.

in LempelX2
		Round = 0
Round 0 | Current Columns (m): 7
nullspace time: 0 ms, chi time: 0 ms
Total LempelX2 time: 1 ms
		TODD executed in 0.001432 seconds.
		Total time: 0.001447s
	Gate synthesis end.
	Gate synthesis begin.

in LempelX2
		Round = 0
Round 0 | Current Columns (m): 4
nullspace time: 0 ms, chi time: 0 ms
Total LempelX2 time: 0 ms
		TODD executed in 0.000495 seconds.
		Total time: 0.00051s
	Gate synthesis end.
	Gate synthesis begin.

in LempelX2
		Round = 0
Round 0 | Current Columns (m): 6
nullspace time: 0 ms, chi time: 0 ms
Total LempelX2 time: 0 ms
		TODD executed in 0.000932 seconds.
		Total time: 0.000944s
	Gate synthesis end.
	Gate synthesis begin.

in LempelX2
		Round = 0
Round 0 | Current Columns (m): 5
nullspace time: 0 ms, chi time: 0 ms
Total LempelX2 time: 0 ms
		TODD executed in 0.000589 seconds.
		Total time: 0.000598s
	Gate synthesis end.
	Gate synthesis begin.

in LempelX2
		Round = 0
Round 0 | Current Columns (m): 2
nullspace time: 0 ms, chi time: 0 ms
Total LempelX2 time: 0 ms
		TODD executed in 0.000118 seconds.
		Total time: 0.000146s
	Gate synthesis end.
	Gate synthesis begin.

in LempelX2
		Round = 0
Round 0 | Current Columns (m): 6
nullspace time: 0 ms, chi time: 0 ms
Total LempelX2 time: 0 ms
		TODD executed in 0.000943 seconds.
		Total time: 0.000952s
	Gate synthesis end.
	Gate synthesis begin.

in LempelX2
		Round = 0
Round 0 | Current Columns (m): 5
nullspace time: 0 ms, chi time: 0 ms
Total LempelX2 time: 0 ms
		TODD executed in 0.000593 seconds.
		Total time: 0.000602s
	Gate synthesis end.
	Gate synthesis begin.

in LempelX2
		Round = 0
Round 0 | Current Columns (m): 3
nullspace time: 0 ms, chi time: 0 ms
Total LempelX2 time: 0 ms
		TODD executed in 0.000223 seconds.
		Total time: 0.000236s
	Gate synthesis end.
	Gate synthesis begin.

in LempelX2
		Round = 0
Round 0 | Current Columns (m): 5
nullspace time: 0 ms, chi time: 0 ms
Total LempelX2 time: 0 ms
		TODD executed in 0.000571 seconds.
		Total time: 0.000594s
	Gate synthesis end.
	Gate synthesis begin.

in LempelX2
		Round = 0
Round 0 | Current Columns (m): 5
nullspace time: 0 ms, chi time: 0 ms
Total LempelX2 time: 0 ms
		TODD executed in 0.000659 seconds.
		Total time: 0.00067s
	Gate synthesis end.
	Gate synthesis begin.

in LempelX2
		Round = 0
Round 0 | Current Columns (m): 6
nullspace time: 0 ms, chi time: 0 ms
Total LempelX2 time: 0 ms
		TODD executed in 0.000937 seconds.
		Total time: 0.000947s
	Gate synthesis end.
	Gate synthesis begin.

in LempelX2
		Round = 0
Round 0 | Current Columns (m): 5
nullspace time: 0 ms, chi time: 0 ms
Total LempelX2 time: 0 ms
		TODD executed in 0.000566 seconds.
		Total time: 0.000575s
	Gate synthesis end.
	Gate synthesis begin.

in LempelX2
		Round = 0
Round 0 | Current Columns (m): 8
nullspace time: 1 ms, chi time: 0 ms
Total LempelX2 time: 2 ms
		TODD executed in 0.002036 seconds.
		Total time: 0.002048s
	Gate synthesis end.
	Input has T-Count zero. Outputting the input.
	Gate synthesis begin.

in LempelX2
		Round = 0
Round 0 | Current Columns (m): 10
nullspace time: 2 ms, chi time: 1 ms
Total LempelX2 time: 3 ms
		TODD executed in 0.003924 seconds.
		Total time: 0.00394s
	Gate synthesis end.
	Gate synthesis begin.

in LempelX2
		Round = 0
Round 0 | Current Columns (m): 6
nullspace time: 0 ms, chi time: 0 ms
Total LempelX2 time: 1 ms
		TODD executed in 0.001047 seconds.
		Total time: 0.00106s
	Gate synthesis end.
	Gate synthesis begin.

in LempelX2
		Round = 0
Round 0 | Current Columns (m): 7
nullspace time: 0 ms, chi time: 0 ms
Total LempelX2 time: 1 ms
		TODD executed in 0.001417 seconds.
		Total time: 0.001432s
	Gate synthesis end.
	Gate synthesis begin.

in LempelX2
		Round = 0
Round 0 | Current Columns (m): 7
nullspace time: 1 ms, chi time: 0 ms
Total LempelX2 time: 1 ms
		TODD executed in 0.001491 seconds.
		Total time: 0.001504s
	Gate synthesis end.
	Gate synthesis begin.

in LempelX2
		Round = 0
Round 0 | Current Columns (m): 9
nullspace time: 1 ms, chi time: 0 ms
Total LempelX2 time: 2 ms
		TODD executed in 0.002921 seconds.
		Total time: 0.002939s
	Gate synthesis end.
	Gate synthesis begin.

in LempelX2
		Round = 0
Round 0 | Current Columns (m): 6
nullspace time: 0 ms, chi time: 0 ms
Total LempelX2 time: 0 ms
		TODD executed in 0.000968 seconds.
		Total time: 0.000979s
	Gate synthesis end.
	Gate synthesis begin.

in LempelX2
		Round = 0
Round 0 | Current Columns (m): 5
nullspace time: 0 ms, chi time: 0 ms
Total LempelX2 time: 0 ms
		TODD executed in 0.000582 seconds.
		Total time: 0.000594s
	Gate synthesis end.
	Gate synthesis begin.

in LempelX2
		Round = 0
Round 0 | Current Columns (m): 8
nullspace time: 1 ms, chi time: 0 ms
Total LempelX2 time: 2 ms
		TODD executed in 0.002134 seconds.
		Total time: 0.002148s
	Gate synthesis end.
	Gate synthesis begin.

in LempelX2
		Round = 0
Round 0 | Current Columns (m): 6
nullspace time: 0 ms, chi time: 0 ms
Total LempelX2 time: 0 ms
		TODD executed in 0.00092 seconds.
		Total time: 0.000932s
	Gate synthesis end.
	Gate synthesis begin.

in LempelX2
		Round = 0
Round 0 | Current Columns (m): 8
nullspace time: 1 ms, chi time: 0 ms
Total LempelX2 time: 2 ms
		TODD executed in 0.002038 seconds.
		Total time: 0.002054s
	Gate synthesis end.
	Gate synthesis begin.

in LempelX2
		Round = 0
Round 0 | Current Columns (m): 6
nullspace time: 0 ms, chi time: 0 ms
Total LempelX2 time: 0 ms
		TODD executed in 0.000916 seconds.
		Total time: 0.000927s
	Gate synthesis end.
	Gate synthesis begin.

in LempelX2
		Round = 0
Round 0 | Current Columns (m): 9
nullspace time: 1 ms, chi time: 0 ms
Total LempelX2 time: 2 ms
		TODD executed in 0.002817 seconds.
		Total time: 0.002834s
	Gate synthesis end.
	Gate synthesis begin.

in LempelX2
		Round = 0
Round 0 | Current Columns (m): 11
nullspace time: 3 ms, chi time: 1 ms
Total LempelX2 time: 4 ms
		TODD executed in 0.004911 seconds.
		Total time: 0.004928s
	Gate synthesis end.
	Gate synthesis begin.

in LempelX2
		Round = 0
Round 0 | Current Columns (m): 7
nullspace time: 0 ms, chi time: 0 ms
Total LempelX2 time: 1 ms
		TODD executed in 0.001483 seconds.
		Total time: 0.001495s
	Gate synthesis end.
	Gate synthesis begin.

in LempelX2
		Round = 0
Round 0 | Current Columns (m): 4
nullspace time: 0 ms, chi time: 0 ms
Total LempelX2 time: 0 ms
		TODD executed in 0.000337 seconds.
		Total time: 0.000345s
	Gate synthesis end.
	Gate synthesis begin.

in LempelX2
		Round = 0
Round 0 | Current Columns (m): 9
nullspace time: 1 ms, chi time: 0 ms
Total LempelX2 time: 2 ms
		TODD executed in 0.002827 seconds.
		Total time: 0.002843s
	Gate synthesis end.
	Gate synthesis begin.

in LempelX2
		Round = 0
Round 0 | Current Columns (m): 3
nullspace time: 0 ms, chi time: 0 ms
Total LempelX2 time: 0 ms
		TODD executed in 0.000206 seconds.
		Total time: 0.000216s
	Gate synthesis end.
	Gate synthesis begin.

in LempelX2
		Round = 0
Round 0 | Current Columns (m): 4
nullspace time: 0 ms, chi time: 0 ms
Total LempelX2 time: 0 ms
		TODD executed in 0.000324 seconds.
		Total time: 0.000333s
	Gate synthesis end.
	Gate synthesis begin.

in LempelX2
		Round = 0
Round 0 | Current Columns (m): 5
nullspace time: 0 ms, chi time: 0 ms
Total LempelX2 time: 0 ms
		TODD executed in 0.000575 seconds.
		Total time: 0.000586s
	Gate synthesis end.
	Gate synthesis begin.

in LempelX2
		Round = 0
Round 0 | Current Columns (m): 4
nullspace time: 0 ms, chi time: 0 ms
Total LempelX2 time: 0 ms
		TODD executed in 0.000451 seconds.
		Total time: 0.000463s
	Gate synthesis end.
	Gate synthesis begin.

in LempelX2
		Round = 0
Round 0 | Current Columns (m): 9
nullspace time: 1 ms, chi time: 0 ms
Total LempelX2 time: 2 ms
		TODD executed in 0.002956 seconds.
		Total time: 0.002971s
	Gate synthesis end.
	Gate synthesis begin.

in LempelX2
		Round = 0
Round 0 | Current Columns (m): 9
nullspace time: 1 ms, chi time: 0 ms
Total LempelX2 time: 2 ms
		TODD executed in 0.002759 seconds.
		Total time: 0.002774s
	Gate synthesis end.
	Gate synthesis begin.

in LempelX2
		Round = 0
Round 0 | Current Columns (m): 1
nullspace time: 0 ms, chi time: 0 ms
Total LempelX2 time: 0 ms
		TODD executed in 6.5e-05 seconds.
		Total time: 7.5e-05s
	Gate synthesis end.
	Gate synthesis begin.

in LempelX2
		Round = 0
Round 0 | Current Columns (m): 5
nullspace time: 0 ms, chi time: 0 ms
Total LempelX2 time: 0 ms
		TODD executed in 0.000688 seconds.
		Total time: 0.000698s
	Gate synthesis end.
	Gate synthesis begin.

in LempelX2
		Round = 0
Round 0 | Current Columns (m): 7
nullspace time: 0 ms, chi time: 0 ms
Total LempelX2 time: 1 ms
		TODD executed in 0.001452 seconds.
		Total time: 0.001464s
	Gate synthesis end.
	Gate synthesis begin.

in LempelX2
		Round = 0
Round 0 | Current Columns (m): 10
nullspace time: 2 ms, chi time: 1 ms
Total LempelX2 time: 3 ms
		TODD executed in 0.003835 seconds.
		Total time: 0.003852s
	Gate synthesis end.
	Gate synthesis begin.

in LempelX2
		Round = 0
Round 0 | Current Columns (m): 10
nullspace time: 2 ms, chi time: 1 ms
Total LempelX2 time: 3 ms
		TODD executed in 0.003978 seconds.
		Total time: 0.003994s
	Gate synthesis end.
	Gate synthesis begin.

in LempelX2
		Round = 0
Round 0 | Current Columns (m): 7
nullspace time: 1 ms, chi time: 0 ms
Total LempelX2 time: 1 ms
		TODD executed in 0.001534 seconds.
		Total time: 0.001547s
	Gate synthesis end.
	Gate synthesis begin.

in LempelX2
		Round = 0
Round 0 | Current Columns (m): 9
nullspace time: 1 ms, chi time: 0 ms
Total LempelX2 time: 2 ms
		TODD executed in 0.002886 seconds.
		Total time: 0.002902s
	Gate synthesis end.
	Gate synthesis begin.

in LempelX2
		Round = 0
Round 0 | Current Columns (m): 6
nullspace time: 0 ms, chi time: 0 ms
Total LempelX2 time: 0 ms
		TODD executed in 0.000981 seconds.
		Total time: 0.000994s
	Gate synthesis end.
	Gate synthesis begin.

in LempelX2
		Round = 0
Round 0 | Current Columns (m): 5
nullspace time: 0 ms, chi time: 0 ms
Total LempelX2 time: 0 ms
		TODD executed in 0.000631 seconds.
		Total time: 0.000643s
	Gate synthesis end.
	Gate synthesis begin.

in LempelX2
		Round = 0
Round 0 | Current Columns (m): 8
nullspace time: 1 ms, chi time: 0 ms
Total LempelX2 time: 2 ms
		TODD executed in 0.002095 seconds.
		Total time: 0.002113s
	Gate synthesis end.
	Gate synthesis begin.

in LempelX2
		Round = 0
Round 0 | Current Columns (m): 6
nullspace time: 0 ms, chi time: 0 ms
Total LempelX2 time: 1 ms
		TODD executed in 0.001039 seconds.
		Total time: 0.00105s
	Gate synthesis end.
	Gate synthesis begin.

in LempelX2
		Round = 0
Round 0 | Current Columns (m): 8
nullspace time: 1 ms, chi time: 0 ms
Total LempelX2 time: 2 ms
		TODD executed in 0.0021 seconds.
		Total time: 0.002125s
	Gate synthesis end.
	Gate synthesis begin.

in LempelX2
		Round = 0
Round 0 | Current Columns (m): 6
nullspace time: 0 ms, chi time: 0 ms
Total LempelX2 time: 0 ms
		TODD executed in 0.000944 seconds.
		Total time: 0.000955s
	Gate synthesis end.
	Gate synthesis begin.

in LempelX2
		Round = 0
Round 0 | Current Columns (m): 9
nullspace time: 1 ms, chi time: 0 ms
Total LempelX2 time: 2 ms
		TODD executed in 0.002787 seconds.
		Total time: 0.002803s
	Gate synthesis end.
	Gate synthesis begin.

in LempelX2
		Round = 0
Round 0 | Current Columns (m): 10
nullspace time: 2 ms, chi time: 1 ms
Total LempelX2 time: 3 ms
		TODD executed in 0.003935 seconds.
		Total time: 0.003956s
	Gate synthesis end.
	Gate synthesis begin.

in LempelX2
		Round = 0
Round 0 | Current Columns (m): 7
nullspace time: 0 ms, chi time: 0 ms
Total LempelX2 time: 1 ms
		TODD executed in 0.00146 seconds.
		Total time: 0.001475s
	Gate synthesis end.
	Gate synthesis begin.

in LempelX2
		Round = 0
Round 0 | Current Columns (m): 3
nullspace time: 0 ms, chi time: 0 ms
Total LempelX2 time: 0 ms
		TODD executed in 0.000178 seconds.
		Total time: 0.000185s
	Gate synthesis end.
	Gate synthesis begin.

in LempelX2
		Round = 0
Round 0 | Current Columns (m): 6
nullspace time: 0 ms, chi time: 0 ms
Total LempelX2 time: 1 ms
		TODD executed in 0.001107 seconds.
		Total time: 0.00112s
	Gate synthesis end.
	Input has T-Count zero. Outputting the input.
	Gate synthesis begin.

in LempelX2
		Round = 0
Round 0 | Current Columns (m): 6
nullspace time: 0 ms, chi time: 0 ms
Total LempelX2 time: 0 ms
		TODD executed in 0.00096 seconds.
		Total time: 0.000973s
	Gate synthesis end.
	Input has T-Count zero. Outputting the input.
	Gate synthesis begin.

in LempelX2
		Round = 0
Round 0 | Current Columns (m): 5
nullspace time: 0 ms, chi time: 0 ms
Total LempelX2 time: 0 ms
		TODD executed in 0.000649 seconds.
		Total time: 0.00066s
	Gate synthesis end.
	Gate synthesis begin.

in LempelX2
		Round = 0
Round 0 | Current Columns (m): 3
nullspace time: 0 ms, chi time: 0 ms
Total LempelX2 time: 0 ms
		TODD executed in 0.000175 seconds.
		Total time: 0.000183s
	Gate synthesis end.
	Gate synthesis begin.

in LempelX2
		Round = 0
Round 0 | Current Columns (m): 4
nullspace time: 0 ms, chi time: 0 ms
Total LempelX2 time: 0 ms
		TODD executed in 0.00037 seconds.
		Total time: 0.000378s
	Gate synthesis end.
	Gate synthesis begin.

in LempelX2
		Round = 0
Round 0 | Current Columns (m): 2
nullspace time: 0 ms, chi time: 0 ms
Total LempelX2 time: 0 ms
		TODD executed in 8.6e-05 seconds.
		Total time: 9.4e-05s
	Gate synthesis end.
	Gate synthesis begin.

in LempelX2
		Round = 0
Round 0 | Current Columns (m): 4
nullspace time: 0 ms, chi time: 0 ms
Total LempelX2 time: 0 ms
		TODD executed in 0.000343 seconds.
		Total time: 0.000351s
	Gate synthesis end.
	Gate synthesis begin.

in LempelX2
		Round = 0
Round 0 | Current Columns (m): 5
nullspace time: 0 ms, chi time: 0 ms
Total LempelX2 time: 0 ms
		TODD executed in 0.000575 seconds.
		Total time: 0.000587s
	Gate synthesis end.
	Gate synthesis begin.

in LempelX2
		Round = 0
Round 0 | Current Columns (m): 5
nullspace time: 0 ms, chi time: 0 ms
Total LempelX2 time: 0 ms
		TODD executed in 0.000586 seconds.
		Total time: 0.000637s
	Gate synthesis end.
	Gate synthesis begin.

in LempelX2
		Round = 0
Round 0 | Current Columns (m): 4
nullspace time: 0 ms, chi time: 0 ms
Total LempelX2 time: 0 ms
		TODD executed in 0.000356 seconds.
		Total time: 0.000365s
	Gate synthesis end.
	Gate synthesis begin.

in LempelX2
		Round = 0
Round 0 | Current Columns (m): 4
nullspace time: 0 ms, chi time: 0 ms
Total LempelX2 time: 0 ms
		TODD executed in 0.000377 seconds.
		Total time: 0.000386s
	Gate synthesis end.
	Gate synthesis begin.

in LempelX2
		Round = 0
Round 0 | Current Columns (m): 5
nullspace time: 0 ms, chi time: 0 ms
Total LempelX2 time: 0 ms
		TODD executed in 0.000612 seconds.
		Total time: 0.000623s
	Gate synthesis end.
	Gate synthesis begin.

in LempelX2
		Round = 0
Round 0 | Current Columns (m): 6
nullspace time: 0 ms, chi time: 0 ms
Total LempelX2 time: 0 ms
		TODD executed in 0.00087 seconds.
		Total time: 0.000882s
	Gate synthesis end.
	Gate synthesis begin.

in LempelX2
		Round = 0
Round 0 | Current Columns (m): 2
nullspace time: 0 ms, chi time: 0 ms
Total LempelX2 time: 0 ms
		TODD executed in 8.5e-05 seconds.
		Total time: 9.2e-05s
	Gate synthesis end.
	Gate synthesis begin.

in LempelX2
		Round = 0
Round 0 | Current Columns (m): 10
nullspace time: 2 ms, chi time: 1 ms
Total LempelX2 time: 3 ms
		TODD executed in 0.003676 seconds.
		Total time: 0.003692s
	Gate synthesis end.
	Gate synthesis begin.

in LempelX2
		Round = 0
Round 0 | Current Columns (m): 5
nullspace time: 0 ms, chi time: 0 ms
Total LempelX2 time: 0 ms
		TODD executed in 0.000609 seconds.
		Total time: 0.000618s
	Gate synthesis end.
	Gate synthesis begin.

in LempelX2
		Round = 0
Round 0 | Current Columns (m): 8
nullspace time: 1 ms, chi time: 0 ms
Total LempelX2 time: 2 ms
		TODD executed in 0.00211 seconds.
		Total time: 0.002123s
	Gate synthesis end.
	Gate synthesis begin.

in LempelX2
		Round = 0
Round 0 | Current Columns (m): 9
nullspace time: 1 ms, chi time: 1 ms
Total LempelX2 time: 2 ms
		TODD executed in 0.002959 seconds.
		Total time: 0.002974s
	Gate synthesis end.
	Gate synthesis begin.

in LempelX2
		Round = 0
Round 0 | Current Columns (m): 6
nullspace time: 0 ms, chi time: 0 ms
Total LempelX2 time: 1 ms
		TODD executed in 0.001013 seconds.
		Total time: 0.001025s
	Gate synthesis end.
	Gate synthesis begin.

in LempelX2
		Round = 0
Round 0 | Current Columns (m): 5
nullspace time: 0 ms, chi time: 0 ms
Total LempelX2 time: 0 ms
		TODD executed in 0.000611 seconds.
		Total time: 0.000622s
	Gate synthesis end.
	Gate synthesis begin.

in LempelX2
		Round = 0
Round 0 | Current Columns (m): 8
nullspace time: 1 ms, chi time: 0 ms
Total LempelX2 time: 1 ms
		TODD executed in 0.002001 seconds.
		Total time: 0.002014s
	Gate synthesis end.
	Gate synthesis begin.

in LempelX2
		Round = 0
Round 0 | Current Columns (m): 6
nullspace time: 0 ms, chi time: 0 ms
Total LempelX2 time: 1 ms
		TODD executed in 0.001023 seconds.
		Total time: 0.001037s
	Gate synthesis end.
	Gate synthesis begin.

in LempelX2
		Round = 0
Round 0 | Current Columns (m): 8
nullspace time: 1 ms, chi time: 0 ms
Total LempelX2 time: 2 ms
		TODD executed in 0.00203 seconds.
		Total time: 0.002042s
	Gate synthesis end.
	Gate synthesis begin.

in LempelX2
		Round = 0
Round 0 | Current Columns (m): 6
nullspace time: 0 ms, chi time: 0 ms
Total LempelX2 time: 0 ms
		TODD executed in 0.00097 seconds.
		Total time: 0.000981s
	Gate synthesis end.
	Gate synthesis begin.

in LempelX2
		Round = 0
Round 0 | Current Columns (m): 9
nullspace time: 1 ms, chi time: 0 ms
Total LempelX2 time: 2 ms
		TODD executed in 0.002753 seconds.
		Total time: 0.002767s
	Gate synthesis end.
	Gate synthesis begin.

in LempelX2
		Round = 0
Round 0 | Current Columns (m): 11
nullspace time: 3 ms, chi time: 1 ms
Total LempelX2 time: 4 ms
		TODD executed in 0.004839 seconds.
		Total time: 0.004857s
	Gate synthesis end.
	Gate synthesis begin.

in LempelX2
		Round = 0
Round 0 | Current Columns (m): 7
nullspace time: 1 ms, chi time: 0 ms
Total LempelX2 time: 1 ms
		TODD executed in 0.00149 seconds.
		Total time: 0.001503s
	Gate synthesis end.
	Gate synthesis begin.

in LempelX2
		Round = 0
Round 0 | Current Columns (m): 9
		Round = 1
Round 1 | Current Columns (m): 7
nullspace time: 1 ms, chi time: 0 ms
Total LempelX2 time: 2 ms
		TODD executed in 0.002155 seconds.
		Total time: 0.002171s
	Gate synthesis end.
	Input has T-Count zero. Outputting the input.
	Gate synthesis begin.

in LempelX2
		Round = 0
Round 0 | Current Columns (m): 4
nullspace time: 0 ms, chi time: 0 ms
Total LempelX2 time: 0 ms
		TODD executed in 0.000348 seconds.
		Total time: 0.000359s
	Gate synthesis end.
	Gate synthesis begin.

in LempelX2
		Round = 0
Round 0 | Current Columns (m): 7
nullspace time: 0 ms, chi time: 0 ms
Total LempelX2 time: 1 ms
		TODD executed in 0.001506 seconds.
		Total time: 0.001518s
	Gate synthesis end.
	Gate synthesis begin.

in LempelX2
		Round = 0
Round 0 | Current Columns (m): 4
nullspace time: 0 ms, chi time: 0 ms
Total LempelX2 time: 0 ms
		TODD executed in 0.000346 seconds.
		Total time: 0.000355s
	Gate synthesis end.
	Gate synthesis begin.

in LempelX2
		Round = 0
Round 0 | Current Columns (m): 2
nullspace time: 0 ms, chi time: 0 ms
Total LempelX2 time: 0 ms
		TODD executed in 7.8e-05 seconds.
		Total time: 8.5e-05s
	Gate synthesis end.
	Gate synthesis begin.

in LempelX2
		Round = 0
Round 0 | Current Columns (m): 4
nullspace time: 0 ms, chi time: 0 ms
Total LempelX2 time: 0 ms
		TODD executed in 0.000369 seconds.
		Total time: 0.000379s
	Gate synthesis end.
	Gate synthesis begin.

in LempelX2
		Round = 0
Round 0 | Current Columns (m): 5
nullspace time: 0 ms, chi time: 0 ms
Total LempelX2 time: 0 ms
		TODD executed in 0.000595 seconds.
		Total time: 0.000606s
	Gate synthesis end.
	Gate synthesis begin.

in LempelX2
		Round = 0
Round 0 | Current Columns (m): 4
nullspace time: 0 ms, chi time: 0 ms
Total LempelX2 time: 0 ms
		TODD executed in 0.000338 seconds.
		Total time: 0.000346s
	Gate synthesis end.
	Input has T-Count zero. Outputting the input.
	Gate synthesis begin.

in LempelX2
		Round = 0
Round 0 | Current Columns (m): 4
nullspace time: 0 ms, chi time: 0 ms
Total LempelX2 time: 0 ms
		TODD executed in 0.000382 seconds.
		Total time: 0.000391s
	Gate synthesis end.
	Gate synthesis begin.

in LempelX2
		Round = 0
Round 0 | Current Columns (m): 6
nullspace time: 0 ms, chi time: 0 ms
Total LempelX2 time: 0 ms
		TODD executed in 0.000864 seconds.
		Total time: 0.000874s
	Gate synthesis end.
	Gate synthesis begin.

in LempelX2
		Round = 0
Round 0 | Current Columns (m): 6
nullspace time: 0 ms, chi time: 0 ms
Total LempelX2 time: 0 ms
		TODD executed in 0.001 seconds.
		Total time: 0.001012s
	Gate synthesis end.
	Gate synthesis begin.

in LempelX2
		Round = 0
Round 0 | Current Columns (m): 4
nullspace time: 0 ms, chi time: 0 ms
Total LempelX2 time: 0 ms
		TODD executed in 0.000337 seconds.
		Total time: 0.000345s
	Gate synthesis end.
	Gate synthesis begin.

in LempelX2
		Round = 0
Round 0 | Current Columns (m): 11
nullspace time: 2 ms, chi time: 1 ms
Total LempelX2 time: 4 ms
		TODD executed in 0.004758 seconds.
		Total time: 0.004776s
	Gate synthesis end.
	Gate synthesis begin.

in LempelX2
		Round = 0
Round 0 | Current Columns (m): 9
nullspace time: 1 ms, chi time: 0 ms
Total LempelX2 time: 2 ms
		TODD executed in 0.00279 seconds.
		Total time: 0.002805s
	Gate synthesis end.
	Gate synthesis begin.

in LempelX2
		Round = 0
Round 0 | Current Columns (m): 5
nullspace time: 0 ms, chi time: 0 ms
Total LempelX2 time: 0 ms
		TODD executed in 0.000586 seconds.
		Total time: 0.000596s
	Gate synthesis end.
	Gate synthesis begin.

in LempelX2
		Round = 0
Round 0 | Current Columns (m): 6
nullspace time: 0 ms, chi time: 0 ms
Total LempelX2 time: 0 ms
		TODD executed in 0.000966 seconds.
		Total time: 0.000977s
	Gate synthesis end.
	Gate synthesis begin.

in LempelX2
		Round = 0
Round 0 | Current Columns (m): 10
nullspace time: 2 ms, chi time: 1 ms
Total LempelX2 time: 3 ms
		TODD executed in 0.003877 seconds.
		Total time: 0.003898s
	Gate synthesis end.
	Gate synthesis begin.

in LempelX2
		Round = 0
Round 0 | Current Columns (m): 3
nullspace time: 0 ms, chi time: 0 ms
Total LempelX2 time: 0 ms
		TODD executed in 0.000183 seconds.
		Total time: 0.000191s
	Gate synthesis end.
	Gate synthesis begin.

in LempelX2
		Round = 0
Round 0 | Current Columns (m): 8
nullspace time: 1 ms, chi time: 0 ms
Total LempelX2 time: 1 ms
		TODD executed in 0.001995 seconds.
		Total time: 0.002009s
	Gate synthesis end.
	Gate synthesis begin.

in LempelX2
		Round = 0
Round 0 | Current Columns (m): 9
nullspace time: 2 ms, chi time: 1 ms
Total LempelX2 time: 3 ms
		TODD executed in 0.003737 seconds.
		Total time: 0.003767s
	Gate synthesis end.
	Gate synthesis begin.

in LempelX2
		Round = 0
Round 0 | Current Columns (m): 6
nullspace time: 0 ms, chi time: 0 ms
Total LempelX2 time: 1 ms
		TODD executed in 0.001067 seconds.
		Total time: 0.001091s
	Gate synthesis end.
	Gate synthesis begin.

in LempelX2
		Round = 0
Round 0 | Current Columns (m): 7
nullspace time: 0 ms, chi time: 0 ms
Total LempelX2 time: 1 ms
		TODD executed in 0.001405 seconds.
		Total time: 0.001421s
	Gate synthesis end.
	Gate synthesis begin.

in LempelX2
		Round = 0
Round 0 | Current Columns (m): 9
nullspace time: 3 ms, chi time: 1 ms
Total LempelX2 time: 4 ms
		TODD executed in 0.00487 seconds.
		Total time: 0.00493s
	Gate synthesis end.
	Gate synthesis begin.

in LempelX2
		Round = 0
Round 0 | Current Columns (m): 16
		Round = 1
Round 1 | Current Columns (m): 14
		Round = 2
Round 2 | Current Columns (m): 12
nullspace time: 8 ms, chi time: 5 ms
Total LempelX2 time: 14 ms
		TODD executed in 0.014463 seconds.
		Total time: 0.014526s
	Gate synthesis end.
	Gate synthesis begin.

in LempelX2
		Round = 0
Round 0 | Current Columns (m): 7
nullspace time: 1 ms, chi time: 0 ms
Total LempelX2 time: 1 ms
		TODD executed in 0.001603 seconds.
		Total time: 0.001623s
	Gate synthesis end.
	Gate synthesis begin.

in LempelX2
		Round = 0
Round 0 | Current Columns (m): 2
nullspace time: 0 ms, chi time: 0 ms
Total LempelX2 time: 0 ms
		TODD executed in 8.1e-05 seconds.
		Total time: 9e-05s
	Gate synthesis end.
	Gate synthesis begin.

in LempelX2
		Round = 0
Round 0 | Current Columns (m): 4
nullspace time: 0 ms, chi time: 0 ms
Total LempelX2 time: 0 ms
		TODD executed in 0.00034 seconds.
		Total time: 0.00035s
	Gate synthesis end.
	Gate synthesis begin.

in LempelX2
		Round = 0
Round 0 | Current Columns (m): 7
nullspace time: 0 ms, chi time: 0 ms
Total LempelX2 time: 1 ms
		TODD executed in 0.001464 seconds.
		Total time: 0.001481s
	Gate synthesis end.
	Gate synthesis begin.

in LempelX2
		Round = 0
Round 0 | Current Columns (m): 2
nullspace time: 0 ms, chi time: 0 ms
Total LempelX2 time: 0 ms
		TODD executed in 8.5e-05 seconds.
		Total time: 9.3e-05s
	Gate synthesis end.
	Gate synthesis begin.

in LempelX2
		Round = 0
Round 0 | Current Columns (m): 4
nullspace time: 0 ms, chi time: 0 ms
Total LempelX2 time: 0 ms
		TODD executed in 0.000473 seconds.
		Total time: 0.000485s
	Gate synthesis end.
	Gate synthesis begin.

in LempelX2
		Round = 0
Round 0 | Current Columns (m): 3
nullspace time: 0 ms, chi time: 0 ms
Total LempelX2 time: 0 ms
		TODD executed in 0.000197 seconds.
		Total time: 0.000211s
	Gate synthesis end.
	Gate synthesis begin.

in LempelX2
		Round = 0
Round 0 | Current Columns (m): 4
nullspace time: 0 ms, chi time: 0 ms
Total LempelX2 time: 0 ms
		TODD executed in 0.00035 seconds.
		Total time: 0.000362s
	Gate synthesis end.
	Gate synthesis begin.

in LempelX2
		Round = 0
Round 0 | Current Columns (m): 3
nullspace time: 0 ms, chi time: 0 ms
Total LempelX2 time: 0 ms
		TODD executed in 0.000273 seconds.
		Total time: 0.000433s
	Gate synthesis end.
	Gate synthesis begin.

in LempelX2
		Round = 0
Round 0 | Current Columns (m): 10
nullspace time: 3 ms, chi time: 1 ms
Total LempelX2 time: 4 ms
		TODD executed in 0.004868 seconds.
		Total time: 0.004898s
	Gate synthesis end.
	Gate synthesis begin.

in LempelX2
		Round = 0
Round 0 | Current Columns (m): 4
nullspace time: 0 ms, chi time: 0 ms
Total LempelX2 time: 0 ms
		TODD executed in 0.000358 seconds.
		Total time: 0.000369s
	Gate synthesis end.
	Gate synthesis begin.

in LempelX2
		Round = 0
Round 0 | Current Columns (m): 11
nullspace time: 3 ms, chi time: 1 ms
Total LempelX2 time: 4 ms
		TODD executed in 0.004853 seconds.
		Total time: 0.004874s
	Gate synthesis end.
	Gate synthesis begin.

in LempelX2
		Round = 0
Round 0 | Current Columns (m): 9
nullspace time: 2 ms, chi time: 1 ms
Total LempelX2 time: 3 ms
		TODD executed in 0.003183 seconds.
		Total time: 0.003198s
	Gate synthesis end.
	Gate synthesis begin.

in LempelX2
		Round = 0
Round 0 | Current Columns (m): 5
nullspace time: 0 ms, chi time: 0 ms
Total LempelX2 time: 0 ms
		TODD executed in 0.000672 seconds.
		Total time: 0.000682s
	Gate synthesis end.
	Gate synthesis begin.

in LempelX2
		Round = 0
Round 0 | Current Columns (m): 6
nullspace time: 0 ms, chi time: 0 ms
Total LempelX2 time: 0 ms
		TODD executed in 0.00088 seconds.
		Total time: 0.00089s
	Gate synthesis end.
	Gate synthesis begin.

in LempelX2
		Round = 0
Round 0 | Current Columns (m): 10
nullspace time: 2 ms, chi time: 1 ms
Total LempelX2 time: 4 ms
		TODD executed in 0.004168 seconds.
		Total time: 0.004185s
	Gate synthesis end.
	Gate synthesis begin.

in LempelX2
		Round = 0
Round 0 | Current Columns (m): 3
nullspace time: 0 ms, chi time: 0 ms
Total LempelX2 time: 0 ms
		TODD executed in 0.00018 seconds.
		Total time: 0.000187s
	Gate synthesis end.
	Gate synthesis begin.

in LempelX2
		Round = 0
Round 0 | Current Columns (m): 8
nullspace time: 1 ms, chi time: 0 ms
Total LempelX2 time: 2 ms
		TODD executed in 0.002166 seconds.
		Total time: 0.002187s
	Gate synthesis end.
	Gate synthesis begin.

in LempelX2
		Round = 0
Round 0 | Current Columns (m): 9
nullspace time: 1 ms, chi time: 0 ms
Total LempelX2 time: 2 ms
		TODD executed in 0.002834 seconds.
		Total time: 0.002849s
	Gate synthesis end.
	Gate synthesis begin.

in LempelX2
		Round = 0
Round 0 | Current Columns (m): 6
nullspace time: 0 ms, chi time: 0 ms
Total LempelX2 time: 0 ms
		TODD executed in 0.000908 seconds.
		Total time: 0.000919s
	Gate synthesis end.
	Gate synthesis begin.

in LempelX2
		Round = 0
Round 0 | Current Columns (m): 7
nullspace time: 1 ms, chi time: 0 ms
Total LempelX2 time: 1 ms
		TODD executed in 0.001526 seconds.
		Total time: 0.001586s
	Gate synthesis end.
	Gate synthesis begin.

in LempelX2
		Round = 0
Round 0 | Current Columns (m): 9
nullspace time: 1 ms, chi time: 0 ms
Total LempelX2 time: 2 ms
		TODD executed in 0.002979 seconds.
		Total time: 0.002995s
	Gate synthesis end.
	Gate synthesis begin.

in LempelX2
		Round = 0
Round 0 | Current Columns (m): 17
		Round = 1
Round 1 | Current Columns (m): 15
		Round = 2
Round 2 | Current Columns (m): 13
nullspace time: 6 ms, chi time: 3 ms
Total LempelX2 time: 10 ms
		TODD executed in 0.010178 seconds.
		Total time: 0.010217s
	Gate synthesis end.
	Gate synthesis begin.

in LempelX2
		Round = 0
Round 0 | Current Columns (m): 7
nullspace time: 0 ms, chi time: 0 ms
Total LempelX2 time: 1 ms
		TODD executed in 0.001353 seconds.
		Total time: 0.001366s
	Gate synthesis end.
	Gate synthesis begin.

in LempelX2
		Round = 0
Round 0 | Current Columns (m): 6
nullspace time: 0 ms, chi time: 0 ms
Total LempelX2 time: 0 ms
		TODD executed in 0.000994 seconds.
		Total time: 0.001009s
	Gate synthesis end.
	Gate synthesis begin.

in LempelX2
		Round = 0
Round 0 | Current Columns (m): 3
nullspace time: 0 ms, chi time: 0 ms
Total LempelX2 time: 0 ms
		TODD executed in 0.000178 seconds.
		Total time: 0.000187s
	Gate synthesis end.
	Gate synthesis begin.

in LempelX2
		Round = 0
Round 0 | Current Columns (m): 4
nullspace time: 0 ms, chi time: 0 ms
Total LempelX2 time: 0 ms
		TODD executed in 0.000375 seconds.
		Total time: 0.000382s
	Gate synthesis end.
	Gate synthesis begin.

in LempelX2
		Round = 0
Round 0 | Current Columns (m): 3
nullspace time: 0 ms, chi time: 0 ms
Total LempelX2 time: 0 ms
		TODD executed in 0.00018 seconds.
		Total time: 0.000189s
	Gate synthesis end.
	Gate synthesis begin.

in LempelX2
		Round = 0
Round 0 | Current Columns (m): 10
nullspace time: 2 ms, chi time: 1 ms
Total LempelX2 time: 4 ms
		TODD executed in 0.004037 seconds.
		Total time: 0.004063s
	Gate synthesis end.
	Gate synthesis begin.

in LempelX2
		Round = 0
Round 0 | Current Columns (m): 4
nullspace time: 0 ms, chi time: 0 ms
Total LempelX2 time: 0 ms
		TODD executed in 0.000347 seconds.
		Total time: 0.000355s
	Gate synthesis end.
	Gate synthesis begin.

in LempelX2
		Round = 0
Round 0 | Current Columns (m): 11
nullspace time: 3 ms, chi time: 1 ms
Total LempelX2 time: 5 ms
		TODD executed in 0.005045 seconds.
		Total time: 0.005067s
	Gate synthesis end.
	Gate synthesis begin.

in LempelX2
		Round = 0
Round 0 | Current Columns (m): 9
nullspace time: 1 ms, chi time: 0 ms
Total LempelX2 time: 2 ms
		TODD executed in 0.002933 seconds.
		Total time: 0.002951s
	Gate synthesis end.
	Gate synthesis begin.

in LempelX2
		Round = 0
Round 0 | Current Columns (m): 5
nullspace time: 0 ms, chi time: 0 ms
Total LempelX2 time: 0 ms
		TODD executed in 0.000566 seconds.
		Total time: 0.000576s
	Gate synthesis end.
	Gate synthesis begin.

in LempelX2
		Round = 0
Round 0 | Current Columns (m): 6
nullspace time: 0 ms, chi time: 0 ms
Total LempelX2 time: 0 ms
		TODD executed in 0.000887 seconds.
		Total time: 0.000903s
	Gate synthesis end.
	Gate synthesis begin.

in LempelX2
		Round = 0
Round 0 | Current Columns (m): 10
nullspace time: 2 ms, chi time: 1 ms
Total LempelX2 time: 3 ms
		TODD executed in 0.003972 seconds.
		Total time: 0.00399s
	Gate synthesis end.
	Gate synthesis begin.

in LempelX2
		Round = 0
Round 0 | Current Columns (m): 3
nullspace time: 0 ms, chi time: 0 ms
Total LempelX2 time: 0 ms
		TODD executed in 0.000216 seconds.
		Total time: 0.000225s
	Gate synthesis end.
	Gate synthesis begin.

in LempelX2
		Round = 0
Round 0 | Current Columns (m): 8
nullspace time: 1 ms, chi time: 0 ms
Total LempelX2 time: 2 ms
		TODD executed in 0.002151 seconds.
		Total time: 0.002164s
	Gate synthesis end.
	Gate synthesis begin.

in LempelX2
		Round = 0
Round 0 | Current Columns (m): 9
nullspace time: 1 ms, chi time: 0 ms
Total LempelX2 time: 2 ms
		TODD executed in 0.002868 seconds.
		Total time: 0.002885s
	Gate synthesis end.
	Gate synthesis begin.

in LempelX2
		Round = 0
Round 0 | Current Columns (m): 6
nullspace time: 0 ms, chi time: 0 ms
Total LempelX2 time: 0 ms
		TODD executed in 0.000946 seconds.
		Total time: 0.000957s
	Gate synthesis end.
	Gate synthesis begin.

in LempelX2
		Round = 0
Round 0 | Current Columns (m): 7
nullspace time: 0 ms, chi time: 0 ms
Total LempelX2 time: 1 ms
		TODD executed in 0.001452 seconds.
		Total time: 0.001465s
	Gate synthesis end.
	Gate synthesis begin.

in LempelX2
		Round = 0
Round 0 | Current Columns (m): 9
nullspace time: 1 ms, chi time: 0 ms
Total LempelX2 time: 2 ms
		TODD executed in 0.00299 seconds.
		Total time: 0.003005s
	Gate synthesis end.
	Gate synthesis begin.

in LempelX2
		Round = 0
Round 0 | Current Columns (m): 17
		Round = 1
Round 1 | Current Columns (m): 14
nullspace time: 6 ms, chi time: 3 ms
Total LempelX2 time: 9 ms
		TODD executed in 0.009893 seconds.
		Total time: 0.009931s
	Gate synthesis end.
	Gate synthesis begin.

in LempelX2
		Round = 0
Round 0 | Current Columns (m): 7
nullspace time: 0 ms, chi time: 0 ms
Total LempelX2 time: 1 ms
		TODD executed in 0.001497 seconds.
		Total time: 0.00151s
	Gate synthesis end.
	Gate synthesis begin.

in LempelX2
		Round = 0
Round 0 | Current Columns (m): 6
nullspace time: 0 ms, chi time: 0 ms
Total LempelX2 time: 1 ms
		TODD executed in 0.001096 seconds.
		Total time: 0.001111s
	Gate synthesis end.
	Gate synthesis begin.

in LempelX2
		Round = 0
Round 0 | Current Columns (m): 9
nullspace time: 1 ms, chi time: 0 ms
Total LempelX2 time: 2 ms
		TODD executed in 0.002912 seconds.
		Total time: 0.00293s
	Gate synthesis end.
	Input has T-Count zero. Outputting the input.
	Gate synthesis begin.

in LempelX2
		Round = 0
Round 0 | Current Columns (m): 4
nullspace time: 0 ms, chi time: 0 ms
Total LempelX2 time: 0 ms
		TODD executed in 0.000387 seconds.
		Total time: 0.000397s
	Gate synthesis end.
	Gate synthesis begin.

in LempelX2
		Round = 0
Round 0 | Current Columns (m): 6
nullspace time: 0 ms, chi time: 0 ms
Total LempelX2 time: 1 ms
		TODD executed in 0.001042 seconds.
		Total time: 0.001056s
	Gate synthesis end.
	Gate synthesis begin.

in LempelX2
		Round = 0
Round 0 | Current Columns (m): 6
nullspace time: 0 ms, chi time: 0 ms
Total LempelX2 time: 0 ms
		TODD executed in 0.000936 seconds.
		Total time: 0.00095s
	Gate synthesis end.
	Gate synthesis begin.

in LempelX2
		Round = 0
Round 0 | Current Columns (m): 4
nullspace time: 0 ms, chi time: 0 ms
Total LempelX2 time: 0 ms
		TODD executed in 0.000629 seconds.
		Total time: 0.000642s
	Gate synthesis end.
	Gate synthesis begin.

in LempelX2
		Round = 0
Round 0 | Current Columns (m): 11
nullspace time: 2 ms, chi time: 1 ms
Total LempelX2 time: 4 ms
		TODD executed in 0.004659 seconds.
		Total time: 0.004679s
	Gate synthesis end.
	Gate synthesis begin.

in LempelX2
		Round = 0
Round 0 | Current Columns (m): 9
nullspace time: 1 ms, chi time: 0 ms
Total LempelX2 time: 2 ms
		TODD executed in 0.002953 seconds.
		Total time: 0.002969s
	Gate synthesis end.
	Gate synthesis begin.

in LempelX2
		Round = 0
Round 0 | Current Columns (m): 5
nullspace time: 0 ms, chi time: 0 ms
Total LempelX2 time: 0 ms
		TODD executed in 0.000691 seconds.
		Total time: 0.000701s
	Gate synthesis end.
	Gate synthesis begin.

in LempelX2
		Round = 0
Round 0 | Current Columns (m): 6
nullspace time: 0 ms, chi time: 0 ms
Total LempelX2 time: 0 ms
		TODD executed in 0.000967 seconds.
		Total time: 0.000979s
	Gate synthesis end.
	Gate synthesis begin.

in LempelX2
		Round = 0
Round 0 | Current Columns (m): 10
nullspace time: 2 ms, chi time: 1 ms
Total LempelX2 time: 3 ms
		TODD executed in 0.003755 seconds.
		Total time: 0.003772s
	Gate synthesis end.
	Gate synthesis begin.

in LempelX2
		Round = 0
Round 0 | Current Columns (m): 3
nullspace time: 0 ms, chi time: 0 ms
Total LempelX2 time: 0 ms
		TODD executed in 0.000178 seconds.
		Total time: 0.000187s
	Gate synthesis end.
	Gate synthesis begin.

in LempelX2
		Round = 0
Round 0 | Current Columns (m): 8
nullspace time: 1 ms, chi time: 0 ms
Total LempelX2 time: 2 ms
		TODD executed in 0.002126 seconds.
		Total time: 0.002143s
	Gate synthesis end.
	Gate synthesis begin.

in LempelX2
		Round = 0
Round 0 | Current Columns (m): 9
nullspace time: 1 ms, chi time: 0 ms
Total LempelX2 time: 2 ms
		TODD executed in 0.002852 seconds.
		Total time: 0.002874s
	Gate synthesis end.
	Gate synthesis begin.

in LempelX2
		Round = 0
Round 0 | Current Columns (m): 6
nullspace time: 0 ms, chi time: 0 ms
Total LempelX2 time: 1 ms
		TODD executed in 0.001013 seconds.
		Total time: 0.001026s
	Gate synthesis end.
	Gate synthesis begin.

in LempelX2
		Round = 0
Round 0 | Current Columns (m): 7
nullspace time: 0 ms, chi time: 0 ms
Total LempelX2 time: 1 ms
		TODD executed in 0.001427 seconds.
		Total time: 0.001441s
	Gate synthesis end.
	Gate synthesis begin.

in LempelX2
		Round = 0
Round 0 | Current Columns (m): 9
nullspace time: 1 ms, chi time: 0 ms
Total LempelX2 time: 2 ms
		TODD executed in 0.002789 seconds.
		Total time: 0.002805s
	Gate synthesis end.
	Gate synthesis begin.

in LempelX2
		Round = 0
Round 0 | Current Columns (m): 16
		Round = 1
Round 1 | Current Columns (m): 12
nullspace time: 4 ms, chi time: 2 ms
Total LempelX2 time: 7 ms
		TODD executed in 0.007394 seconds.
		Total time: 0.007418s
	Gate synthesis end.
	Gate synthesis begin.

in LempelX2
		Round = 0
Round 0 | Current Columns (m): 7
nullspace time: 0 ms, chi time: 0 ms
Total LempelX2 time: 1 ms
		TODD executed in 0.001456 seconds.
		Total time: 0.001469s
	Gate synthesis end.
	Gate synthesis begin.

in LempelX2
		Round = 0
Round 0 | Current Columns (m): 2
nullspace time: 0 ms, chi time: 0 ms
Total LempelX2 time: 0 ms
		TODD executed in 0.000115 seconds.
		Total time: 0.000123s
	Gate synthesis end.
	Gate synthesis begin.

in LempelX2
		Round = 0
Round 0 | Current Columns (m): 4
nullspace time: 0 ms, chi time: 0 ms
Total LempelX2 time: 0 ms
		TODD executed in 0.00039 seconds.
		Total time: 0.000399s
	Gate synthesis end.
	Gate synthesis begin.

in LempelX2
		Round = 0
Round 0 | Current Columns (m): 7
nullspace time: 1 ms, chi time: 0 ms
Total LempelX2 time: 1 ms
		TODD executed in 0.001596 seconds.
		Total time: 0.001609s
	Gate synthesis end.
	Gate synthesis begin.

in LempelX2
		Round = 0
Round 0 | Current Columns (m): 2
nullspace time: 0 ms, chi time: 0 ms
Total LempelX2 time: 0 ms
		TODD executed in 8.2e-05 seconds.
		Total time: 8.9e-05s
	Gate synthesis end.
	Gate synthesis begin.

in LempelX2
		Round = 0
Round 0 | Current Columns (m): 5
nullspace time: 0 ms, chi time: 0 ms
Total LempelX2 time: 0 ms
		TODD executed in 0.000595 seconds.
		Total time: 0.000607s
	Gate synthesis end.
	Gate synthesis begin.

in LempelX2
		Round = 0
Round 0 | Current Columns (m): 3
nullspace time: 0 ms, chi time: 0 ms
Total LempelX2 time: 0 ms
		TODD executed in 0.000204 seconds.
		Total time: 0.000217s
	Gate synthesis end.
	Gate synthesis begin.

in LempelX2
		Round = 0
Round 0 | Current Columns (m): 4
nullspace time: 0 ms, chi time: 0 ms
Total LempelX2 time: 0 ms
		TODD executed in 0.000338 seconds.
		Total time: 0.000345s
	Gate synthesis end.
	Gate synthesis begin.

in LempelX2
		Round = 0
Round 0 | Current Columns (m): 6
nullspace time: 0 ms, chi time: 0 ms
Total LempelX2 time: 0 ms
		TODD executed in 0.000843 seconds.
		Total time: 0.000854s
	Gate synthesis end.
	Gate synthesis begin.

in LempelX2
		Round = 0
Round 0 | Current Columns (m): 6
nullspace time: 0 ms, chi time: 0 ms
Total LempelX2 time: 1 ms
		TODD executed in 0.001032 seconds.
		Total time: 0.001043s
	Gate synthesis end.
	Gate synthesis begin.

in LempelX2
		Round = 0
Round 0 | Current Columns (m): 4
nullspace time: 0 ms, chi time: 0 ms
Total LempelX2 time: 0 ms
		TODD executed in 0.000329 seconds.
		Total time: 0.000337s
	Gate synthesis end.
	Gate synthesis begin.

in LempelX2
		Round = 0
Round 0 | Current Columns (m): 11
nullspace time: 2 ms, chi time: 1 ms
Total LempelX2 time: 4 ms
		TODD executed in 0.004712 seconds.
		Total time: 0.004729s
	Gate synthesis end.
	Gate synthesis begin.

in LempelX2
		Round = 0
Round 0 | Current Columns (m): 9
nullspace time: 1 ms, chi time: 0 ms
Total LempelX2 time: 2 ms
		TODD executed in 0.002771 seconds.
		Total time: 0.002788s
	Gate synthesis end.
	Gate synthesis begin.

in LempelX2
		Round = 0
Round 0 | Current Columns (m): 5
nullspace time: 0 ms, chi time: 0 ms
Total LempelX2 time: 0 ms
		TODD executed in 0.000574 seconds.
		Total time: 0.000583s
	Gate synthesis end.
	Gate synthesis begin.

in LempelX2
		Round = 0
Round 0 | Current Columns (m): 6
nullspace time: 0 ms, chi time: 0 ms
Total LempelX2 time: 1 ms
		TODD executed in 0.00118 seconds.
		Total time: 0.001191s
	Gate synthesis end.
	Gate synthesis begin.

in LempelX2
		Round = 0
Round 0 | Current Columns (m): 10
nullspace time: 2 ms, chi time: 1 ms
Total LempelX2 time: 3 ms
		TODD executed in 0.003708 seconds.
		Total time: 0.003726s
	Gate synthesis end.
	Gate synthesis begin.

in LempelX2
		Round = 0
Round 0 | Current Columns (m): 3
nullspace time: 0 ms, chi time: 0 ms
Total LempelX2 time: 0 ms
		TODD executed in 0.000207 seconds.
		Total time: 0.000216s
	Gate synthesis end.
	Gate synthesis begin.

in LempelX2
		Round = 0
Round 0 | Current Columns (m): 8
nullspace time: 1 ms, chi time: 0 ms
Total LempelX2 time: 1 ms
		TODD executed in 0.00195 seconds.
		Total time: 0.001964s
	Gate synthesis end.
	Gate synthesis begin.

in LempelX2
		Round = 0
Round 0 | Current Columns (m): 9
nullspace time: 1 ms, chi time: 0 ms
Total LempelX2 time: 2 ms
		TODD executed in 0.002729 seconds.
		Total time: 0.002745s
	Gate synthesis end.
	Gate synthesis begin.

in LempelX2
		Round = 0
Round 0 | Current Columns (m): 6
nullspace time: 0 ms, chi time: 0 ms
Total LempelX2 time: 0 ms
		TODD executed in 0.00089 seconds.
		Total time: 0.000901s
	Gate synthesis end.
	Gate synthesis begin.

in LempelX2
		Round = 0
Round 0 | Current Columns (m): 7
nullspace time: 1 ms, chi time: 0 ms
Total LempelX2 time: 1 ms
		TODD executed in 0.001543 seconds.
		Total time: 0.001556s
	Gate synthesis end.
	Gate synthesis begin.

in LempelX2
		Round = 0
Round 0 | Current Columns (m): 9
nullspace time: 1 ms, chi time: 0 ms
Total LempelX2 time: 2 ms
		TODD executed in 0.002874 seconds.
		Total time: 0.002898s
	Gate synthesis end.
	Gate synthesis begin.

in LempelX2
		Round = 0
Round 0 | Current Columns (m): 16
		Round = 1
Round 1 | Current Columns (m): 13
nullspace time: 5 ms, chi time: 2 ms
Total LempelX2 time: 8 ms
		TODD executed in 0.008459 seconds.
		Total time: 0.008483s
	Gate synthesis end.
	Gate synthesis begin.

in LempelX2
		Round = 0
Round 0 | Current Columns (m): 7
nullspace time: 0 ms, chi time: 0 ms
Total LempelX2 time: 1 ms
		TODD executed in 0.001438 seconds.
		Total time: 0.001453s
	Gate synthesis end.
	Gate synthesis begin.

in LempelX2
		Round = 0
Round 0 | Current Columns (m): 3
nullspace time: 0 ms, chi time: 0 ms
Total LempelX2 time: 0 ms
		TODD executed in 0.000254 seconds.
		Total time: 0.000264s
	Gate synthesis end.
	Gate synthesis begin.

in LempelX2
		Round = 0
Round 0 | Current Columns (m): 4
nullspace time: 0 ms, chi time: 0 ms
Total LempelX2 time: 0 ms
		TODD executed in 0.000364 seconds.
		Total time: 0.000378s
	Gate synthesis end.
	Gate synthesis begin.

in LempelX2
		Round = 0
Round 0 | Current Columns (m): 7
nullspace time: 0 ms, chi time: 0 ms
Total LempelX2 time: 1 ms
		TODD executed in 0.001358 seconds.
		Total time: 0.001371s
	Gate synthesis end.
	Gate synthesis begin.

in LempelX2
		Round = 0
Round 0 | Current Columns (m): 3
nullspace time: 0 ms, chi time: 0 ms
Total LempelX2 time: 0 ms
		TODD executed in 0.000176 seconds.
		Total time: 0.000184s
	Gate synthesis end.
	Gate synthesis begin.

in LempelX2
		Round = 0
Round 0 | Current Columns (m): 4
nullspace time: 0 ms, chi time: 0 ms
Total LempelX2 time: 0 ms
		TODD executed in 0.000358 seconds.
		Total time: 0.000369s
	Gate synthesis end.
	Gate synthesis begin.

in LempelX2
		Round = 0
Round 0 | Current Columns (m): 6
nullspace time: 0 ms, chi time: 0 ms
Total LempelX2 time: 1 ms
		TODD executed in 0.001128 seconds.
		Total time: 0.001144s
	Gate synthesis end.
	Gate synthesis begin.

in LempelX2
		Round = 0
Round 0 | Current Columns (m): 4
nullspace time: 0 ms, chi time: 0 ms
Total LempelX2 time: 0 ms
		TODD executed in 0.000329 seconds.
		Total time: 0.000337s
	Gate synthesis end.
	Gate synthesis begin.

in LempelX2
		Round = 0
Round 0 | Current Columns (m): 11
nullspace time: 2 ms, chi time: 1 ms
Total LempelX2 time: 4 ms
		TODD executed in 0.004851 seconds.
		Total time: 0.004869s
	Gate synthesis end.
	Gate synthesis begin.

in LempelX2
		Round = 0
Round 0 | Current Columns (m): 9
nullspace time: 1 ms, chi time: 0 ms
Total LempelX2 time: 2 ms
		TODD executed in 0.002813 seconds.
		Total time: 0.002853s
	Gate synthesis end.
	Gate synthesis begin.

in LempelX2
		Round = 0
Round 0 | Current Columns (m): 5
nullspace time: 0 ms, chi time: 0 ms
Total LempelX2 time: 0 ms
		TODD executed in 0.000559 seconds.
		Total time: 0.000569s
	Gate synthesis end.
	Gate synthesis begin.

in LempelX2
		Round = 0
Round 0 | Current Columns (m): 6
nullspace time: 0 ms, chi time: 0 ms
Total LempelX2 time: 0 ms
		TODD executed in 0.000913 seconds.
		Total time: 0.000925s
	Gate synthesis end.
	Gate synthesis begin.

in LempelX2
		Round = 0
Round 0 | Current Columns (m): 10
nullspace time: 2 ms, chi time: 1 ms
Total LempelX2 time: 3 ms
		TODD executed in 0.003998 seconds.
		Total time: 0.004014s
	Gate synthesis end.
	Gate synthesis begin.

in LempelX2
		Round = 0
Round 0 | Current Columns (m): 3
nullspace time: 0 ms, chi time: 0 ms
Total LempelX2 time: 0 ms
		TODD executed in 0.000178 seconds.
		Total time: 0.000187s
	Gate synthesis end.
	Gate synthesis begin.

in LempelX2
		Round = 0
Round 0 | Current Columns (m): 8
nullspace time: 1 ms, chi time: 0 ms
Total LempelX2 time: 1 ms
		TODD executed in 0.001974 seconds.
		Total time: 0.00199s
	Gate synthesis end.
	Gate synthesis begin.

in LempelX2
		Round = 0
Round 0 | Current Columns (m): 9
nullspace time: 1 ms, chi time: 0 ms
Total LempelX2 time: 2 ms
		TODD executed in 0.002877 seconds.
		Total time: 0.002892s
	Gate synthesis end.
	Gate synthesis begin.

in LempelX2
		Round = 0
Round 0 | Current Columns (m): 6
nullspace time: 0 ms, chi time: 0 ms
Total LempelX2 time: 0 ms
		TODD executed in 0.000954 seconds.
		Total time: 0.000963s
	Gate synthesis end.
	Gate synthesis begin.

in LempelX2
		Round = 0
Round 0 | Current Columns (m): 7
nullspace time: 1 ms, chi time: 0 ms
Total LempelX2 time: 1 ms
		TODD executed in 0.001776 seconds.
		Total time: 0.001791s
	Gate synthesis end.
	Gate synthesis begin.

in LempelX2
		Round = 0
Round 0 | Current Columns (m): 9
nullspace time: 1 ms, chi time: 0 ms
Total LempelX2 time: 2 ms
		TODD executed in 0.00288 seconds.
		Total time: 0.002896s
	Gate synthesis end.
	Gate synthesis begin.

in LempelX2
		Round = 0
Round 0 | Current Columns (m): 16
		Round = 1
Round 1 | Current Columns (m): 13
nullspace time: 4 ms, chi time: 2 ms
Total LempelX2 time: 7 ms
		TODD executed in 0.007837 seconds.
		Total time: 0.007862s
	Gate synthesis end.
	Gate synthesis begin.

in LempelX2
		Round = 0
Round 0 | Current Columns (m): 7
nullspace time: 0 ms, chi time: 0 ms
Total LempelX2 time: 1 ms
		TODD executed in 0.001421 seconds.
		Total time: 0.001432s
	Gate synthesis end.
	Gate synthesis begin.

in LempelX2
		Round = 0
Round 0 | Current Columns (m): 3
nullspace time: 0 ms, chi time: 0 ms
Total LempelX2 time: 0 ms
		TODD executed in 0.000246 seconds.
		Total time: 0.000257s
	Gate synthesis end.
	Gate synthesis begin.

in LempelX2
		Round = 0
Round 0 | Current Columns (m): 4
nullspace time: 0 ms, chi time: 0 ms
Total LempelX2 time: 0 ms
		TODD executed in 0.000478 seconds.
		Total time: 0.000488s
	Gate synthesis end.
	Gate synthesis begin.

in LempelX2
		Round = 0
Round 0 | Current Columns (m): 3
nullspace time: 0 ms, chi time: 0 ms
Total LempelX2 time: 0 ms
		TODD executed in 0.000196 seconds.
		Total time: 0.000203s
	Gate synthesis end.
	Gate synthesis begin.

in LempelX2
		Round = 0
Round 0 | Current Columns (m): 4
nullspace time: 0 ms, chi time: 0 ms
Total LempelX2 time: 0 ms
		TODD executed in 0.000339 seconds.
		Total time: 0.000349s
	Gate synthesis end.
	Gate synthesis begin.

in LempelX2
		Round = 0
Round 0 | Current Columns (m): 2
nullspace time: 0 ms, chi time: 0 ms
Total LempelX2 time: 0 ms
		TODD executed in 0.000161 seconds.
		Total time: 0.000169s
	Gate synthesis end.
	Gate synthesis begin.

in LempelX2
		Round = 0
Round 0 | Current Columns (m): 10
		Round = 1
Round 1 | Current Columns (m): 5
nullspace time: 0 ms, chi time: 0 ms
Total LempelX2 time: 0 ms
		TODD executed in 0.000813 seconds.
		Total time: 0.000824s
	Gate synthesis end.
	Gate synthesis begin.

in LempelX2
		Round = 0
Round 0 | Current Columns (m): 7
nullspace time: 0 ms, chi time: 0 ms
Total LempelX2 time: 1 ms
		TODD executed in 0.001477 seconds.
		Total time: 0.001492s
	Gate synthesis end.
	Gate synthesis begin.

in LempelX2
		Round = 0
Round 0 | Current Columns (m): 6
nullspace time: 0 ms, chi time: 0 ms
Total LempelX2 time: 1 ms
		TODD executed in 0.001074 seconds.
		Total time: 0.001086s
	Gate synthesis end.
	Gate synthesis begin.

in LempelX2
		Round = 0
Round 0 | Current Columns (m): 4
nullspace time: 0 ms, chi time: 0 ms
Total LempelX2 time: 0 ms
		TODD executed in 0.000423 seconds.
		Total time: 0.000434s
	Gate synthesis end.
	Gate synthesis begin.

in LempelX2
		Round = 0
Round 0 | Current Columns (m): 11
nullspace time: 3 ms, chi time: 1 ms
Total LempelX2 time: 4 ms
		TODD executed in 0.004987 seconds.
		Total time: 0.005006s
	Gate synthesis end.
	Gate synthesis begin.

in LempelX2
		Round = 0
Round 0 | Current Columns (m): 9
nullspace time: 1 ms, chi time: 0 ms
Total LempelX2 time: 2 ms
		TODD executed in 0.002823 seconds.
		Total time: 0.002838s
	Gate synthesis end.
	Gate synthesis begin.

in LempelX2
		Round = 0
Round 0 | Current Columns (m): 5
nullspace time: 0 ms, chi time: 0 ms
Total LempelX2 time: 0 ms
		TODD executed in 0.000721 seconds.
		Total time: 0.000733s
	Gate synthesis end.
	Gate synthesis begin.

in LempelX2
		Round = 0
Round 0 | Current Columns (m): 6
nullspace time: 0 ms, chi time: 0 ms
Total LempelX2 time: 0 ms
		TODD executed in 0.000879 seconds.
		Total time: 0.000889s
	Gate synthesis end.
	Gate synthesis begin.

in LempelX2
		Round = 0
Round 0 | Current Columns (m): 10
nullspace time: 2 ms, chi time: 1 ms
Total LempelX2 time: 3 ms
		TODD executed in 0.003737 seconds.
		Total time: 0.003756s
	Gate synthesis end.
	Gate synthesis begin.

in LempelX2
		Round = 0
Round 0 | Current Columns (m): 3
nullspace time: 0 ms, chi time: 0 ms
Total LempelX2 time: 0 ms
		TODD executed in 0.000186 seconds.
		Total time: 0.000194s
	Gate synthesis end.
	Gate synthesis begin.

in LempelX2
		Round = 0
Round 0 | Current Columns (m): 8
nullspace time: 1 ms, chi time: 0 ms
Total LempelX2 time: 1 ms
		TODD executed in 0.001986 seconds.
		Total time: 0.002s
	Gate synthesis end.
	Gate synthesis begin.

in LempelX2
		Round = 0
Round 0 | Current Columns (m): 9
nullspace time: 1 ms, chi time: 0 ms
Total LempelX2 time: 2 ms
		TODD executed in 0.002836 seconds.
		Total time: 0.002853s
	Gate synthesis end.
	Gate synthesis begin.

in LempelX2
		Round = 0
Round 0 | Current Columns (m): 6
nullspace time: 0 ms, chi time: 0 ms
Total LempelX2 time: 1 ms
		TODD executed in 0.001022 seconds.
		Total time: 0.001033s
	Gate synthesis end.
	Gate synthesis begin.

in LempelX2
		Round = 0
Round 0 | Current Columns (m): 7
nullspace time: 0 ms, chi time: 0 ms
Total LempelX2 time: 1 ms
		TODD executed in 0.00143 seconds.
		Total time: 0.001443s
	Gate synthesis end.
	Gate synthesis begin.

in LempelX2
		Round = 0
Round 0 | Current Columns (m): 9
nullspace time: 1 ms, chi time: 0 ms
Total LempelX2 time: 2 ms
		TODD executed in 0.002925 seconds.
		Total time: 0.002941s
	Gate synthesis end.
	Gate synthesis begin.

in LempelX2
		Round = 0
Round 0 | Current Columns (m): 16
		Round = 1
Round 1 | Current Columns (m): 13
nullspace time: 5 ms, chi time: 2 ms
Total LempelX2 time: 8 ms
		TODD executed in 0.008238 seconds.
		Total time: 0.008262s
	Gate synthesis end.
	Gate synthesis begin.

in LempelX2
		Round = 0
Round 0 | Current Columns (m): 7
nullspace time: 1 ms, chi time: 0 ms
Total LempelX2 time: 1 ms
		TODD executed in 0.001656 seconds.
		Total time: 0.001669s
	Gate synthesis end.
	Gate synthesis begin.

in LempelX2
		Round = 0
Round 0 | Current Columns (m): 4
nullspace time: 0 ms, chi time: 0 ms
Total LempelX2 time: 0 ms
		TODD executed in 0.000335 seconds.
		Total time: 0.000345s
	Gate synthesis end.
	Gate synthesis begin.

in LempelX2
		Round = 0
Round 0 | Current Columns (m): 4
nullspace time: 0 ms, chi time: 0 ms
Total LempelX2 time: 0 ms
		TODD executed in 0.00034 seconds.
		Total time: 0.000348s
	Gate synthesis end.
	Gate synthesis begin.

in LempelX2
		Round = 0
Round 0 | Current Columns (m): 2
nullspace time: 0 ms, chi time: 0 ms
Total LempelX2 time: 0 ms
		TODD executed in 8.5e-05 seconds.
		Total time: 9e-05s
	Gate synthesis end.
	Gate synthesis begin.

in LempelX2
		Round = 0
Round 0 | Current Columns (m): 4
nullspace time: 0 ms, chi time: 0 ms
Total LempelX2 time: 0 ms
		TODD executed in 0.000384 seconds.
		Total time: 0.000395s
	Gate synthesis end.
	Gate synthesis begin.

in LempelX2
		Round = 0
Round 0 | Current Columns (m): 7
nullspace time: 0 ms, chi time: 0 ms
Total LempelX2 time: 1 ms
		TODD executed in 0.00132 seconds.
		Total time: 0.001333s
	Gate synthesis end.
	Gate synthesis begin.

in LempelX2
		Round = 0
Round 0 | Current Columns (m): 2
nullspace time: 0 ms, chi time: 0 ms
Total LempelX2 time: 0 ms
		TODD executed in 8.9e-05 seconds.
		Total time: 9.6e-05s
	Gate synthesis end.
	Gate synthesis begin.

in LempelX2
		Round = 0
Round 0 | Current Columns (m): 4
nullspace time: 0 ms, chi time: 0 ms
Total LempelX2 time: 0 ms
		TODD executed in 0.000342 seconds.
		Total time: 0.000351s
	Gate synthesis end.
	Gate synthesis begin.

in LempelX2
		Round = 0
Round 0 | Current Columns (m): 6
nullspace time: 0 ms, chi time: 0 ms
Total LempelX2 time: 0 ms
		TODD executed in 0.000865 seconds.
		Total time: 0.000876s
	Gate synthesis end.
	Gate synthesis begin.

in LempelX2
		Round = 0
Round 0 | Current Columns (m): 6
nullspace time: 0 ms, chi time: 0 ms
Total LempelX2 time: 0 ms
		TODD executed in 0.000979 seconds.
		Total time: 0.000993s
	Gate synthesis end.
	Gate synthesis begin.

in LempelX2
		Round = 0
Round 0 | Current Columns (m): 4
nullspace time: 0 ms, chi time: 0 ms
Total LempelX2 time: 0 ms
		TODD executed in 0.000331 seconds.
		Total time: 0.000338s
	Gate synthesis end.
	Gate synthesis begin.

in LempelX2
		Round = 0
Round 0 | Current Columns (m): 11
nullspace time: 2 ms, chi time: 1 ms
Total LempelX2 time: 4 ms
		TODD executed in 0.004785 seconds.
		Total time: 0.004803s
	Gate synthesis end.
	Gate synthesis begin.

in LempelX2
		Round = 0
Round 0 | Current Columns (m): 9
nullspace time: 1 ms, chi time: 0 ms
Total LempelX2 time: 2 ms
		TODD executed in 0.002834 seconds.
		Total time: 0.00285s
	Gate synthesis end.
	Gate synthesis begin.

in LempelX2
		Round = 0
Round 0 | Current Columns (m): 5
nullspace time: 0 ms, chi time: 0 ms
Total LempelX2 time: 0 ms
		TODD executed in 0.000619 seconds.
		Total time: 0.000628s
	Gate synthesis end.
	Gate synthesis begin.

in LempelX2
		Round = 0
Round 0 | Current Columns (m): 6
nullspace time: 0 ms, chi time: 0 ms
Total LempelX2 time: 0 ms
		TODD executed in 0.000947 seconds.
		Total time: 0.00096s
	Gate synthesis end.
	Gate synthesis begin.

in LempelX2
		Round = 0
Round 0 | Current Columns (m): 10
nullspace time: 2 ms, chi time: 1 ms
Total LempelX2 time: 3 ms
		TODD executed in 0.003802 seconds.
		Total time: 0.003821s
	Gate synthesis end.
	Gate synthesis begin.

in LempelX2
		Round = 0
Round 0 | Current Columns (m): 3
nullspace time: 0 ms, chi time: 0 ms
Total LempelX2 time: 0 ms
		TODD executed in 0.000185 seconds.
		Total time: 0.000191s
	Gate synthesis end.
	Gate synthesis begin.

in LempelX2
		Round = 0
Round 0 | Current Columns (m): 8
nullspace time: 1 ms, chi time: 0 ms
Total LempelX2 time: 2 ms
		TODD executed in 0.002026 seconds.
		Total time: 0.00204s
	Gate synthesis end.
	Gate synthesis begin.

in LempelX2
		Round = 0
Round 0 | Current Columns (m): 9
nullspace time: 1 ms, chi time: 0 ms
Total LempelX2 time: 2 ms
		TODD executed in 0.002837 seconds.
		Total time: 0.002852s
	Gate synthesis end.
	Gate synthesis begin.

in LempelX2
		Round = 0
Round 0 | Current Columns (m): 6
nullspace time: 0 ms, chi time: 0 ms
Total LempelX2 time: 0 ms
		TODD executed in 0.000988 seconds.
		Total time: 0.001002s
	Gate synthesis end.
	Gate synthesis begin.

in LempelX2
		Round = 0
Round 0 | Current Columns (m): 7
nullspace time: 0 ms, chi time: 0 ms
Total LempelX2 time: 1 ms
		TODD executed in 0.001458 seconds.
		Total time: 0.00147s
	Gate synthesis end.
	Gate synthesis begin.

in LempelX2
		Round = 0
Round 0 | Current Columns (m): 9
nullspace time: 1 ms, chi time: 0 ms
Total LempelX2 time: 2 ms
		TODD executed in 0.002769 seconds.
		Total time: 0.002803s
	Gate synthesis end.
	Gate synthesis begin.

in LempelX2
		Round = 0
Round 0 | Current Columns (m): 16
		Round = 1
Round 1 | Current Columns (m): 13
nullspace time: 5 ms, chi time: 2 ms
Total LempelX2 time: 8 ms
		TODD executed in 0.008041 seconds.
		Total time: 0.008067s
	Gate synthesis end.
	Gate synthesis begin.

in LempelX2
		Round = 0
Round 0 | Current Columns (m): 7
nullspace time: 0 ms, chi time: 0 ms
Total LempelX2 time: 1 ms
		TODD executed in 0.001435 seconds.
		Total time: 0.001448s
	Gate synthesis end.
	Gate synthesis begin.

in LempelX2
		Round = 0
Round 0 | Current Columns (m): 3
nullspace time: 0 ms, chi time: 0 ms
Total LempelX2 time: 0 ms
		TODD executed in 0.000232 seconds.
		Total time: 0.000258s
	Gate synthesis end.
	Gate synthesis begin.

in LempelX2
		Round = 0
Round 0 | Current Columns (m): 4
nullspace time: 0 ms, chi time: 0 ms
Total LempelX2 time: 0 ms
		TODD executed in 0.000335 seconds.
		Total time: 0.000349s
	Gate synthesis end.
	Gate synthesis begin.

in LempelX2
		Round = 0
Round 0 | Current Columns (m): 7
nullspace time: 0 ms, chi time: 0 ms
Total LempelX2 time: 1 ms
		TODD executed in 0.001331 seconds.
		Total time: 0.001343s
	Gate synthesis end.
	Gate synthesis begin.

in LempelX2
		Round = 0
Round 0 | Current Columns (m): 3
nullspace time: 0 ms, chi time: 0 ms
Total LempelX2 time: 0 ms
		TODD executed in 0.000227 seconds.
		Total time: 0.000237s
	Gate synthesis end.
	Gate synthesis begin.

in LempelX2
		Round = 0
Round 0 | Current Columns (m): 4
nullspace time: 0 ms, chi time: 0 ms
Total LempelX2 time: 0 ms
		TODD executed in 0.000353 seconds.
		Total time: 0.000361s
	Gate synthesis end.
	Gate synthesis begin.

in LempelX2
		Round = 0
Round 0 | Current Columns (m): 3
nullspace time: 0 ms, chi time: 0 ms
Total LempelX2 time: 0 ms
		TODD executed in 0.000178 seconds.
		Total time: 0.000187s
	Gate synthesis end.
	Gate synthesis begin.

in LempelX2
		Round = 0
Round 0 | Current Columns (m): 4
nullspace time: 0 ms, chi time: 0 ms
Total LempelX2 time: 0 ms
		TODD executed in 0.000335 seconds.
		Total time: 0.000344s
	Gate synthesis end.
	Gate synthesis begin.

in LempelX2
		Round = 0
Round 0 | Current Columns (m): 6
nullspace time: 0 ms, chi time: 0 ms
Total LempelX2 time: 1 ms
		TODD executed in 0.00104 seconds.
		Total time: 0.001071s
	Gate synthesis end.
	Gate synthesis begin.

in LempelX2
		Round = 0
Round 0 | Current Columns (m): 4
nullspace time: 0 ms, chi time: 0 ms
Total LempelX2 time: 0 ms
		TODD executed in 0.000338 seconds.
		Total time: 0.000346s
	Gate synthesis end.
	Gate synthesis begin.

in LempelX2
		Round = 0
Round 0 | Current Columns (m): 11
nullspace time: 2 ms, chi time: 1 ms
Total LempelX2 time: 5 ms
		TODD executed in 0.00503 seconds.
		Total time: 0.005049s
	Gate synthesis end.
	Gate synthesis begin.

in LempelX2
		Round = 0
Round 0 | Current Columns (m): 9
nullspace time: 1 ms, chi time: 0 ms
Total LempelX2 time: 2 ms
		TODD executed in 0.002929 seconds.
		Total time: 0.002945s
	Gate synthesis end.
	Gate synthesis begin.

in LempelX2
		Round = 0
Round 0 | Current Columns (m): 5
nullspace time: 0 ms, chi time: 0 ms
Total LempelX2 time: 0 ms
		TODD executed in 0.000697 seconds.
		Total time: 0.000708s
	Gate synthesis end.
	Gate synthesis begin.

in LempelX2
		Round = 0
Round 0 | Current Columns (m): 6
nullspace time: 0 ms, chi time: 0 ms
Total LempelX2 time: 0 ms
		TODD executed in 0.000886 seconds.
		Total time: 0.000897s
	Gate synthesis end.
	Gate synthesis begin.

in LempelX2
		Round = 0
Round 0 | Current Columns (m): 10
nullspace time: 2 ms, chi time: 1 ms
Total LempelX2 time: 3 ms
		TODD executed in 0.003885 seconds.
		Total time: 0.003901s
	Gate synthesis end.
	Gate synthesis begin.

in LempelX2
		Round = 0
Round 0 | Current Columns (m): 3
nullspace time: 0 ms, chi time: 0 ms
Total LempelX2 time: 0 ms
		TODD executed in 0.000196 seconds.
		Total time: 0.000206s
	Gate synthesis end.
	Gate synthesis begin.

in LempelX2
		Round = 0
Round 0 | Current Columns (m): 8
nullspace time: 1 ms, chi time: 0 ms
Total LempelX2 time: 2 ms
		TODD executed in 0.002103 seconds.
		Total time: 0.002118s
	Gate synthesis end.
	Gate synthesis begin.

in LempelX2
		Round = 0
Round 0 | Current Columns (m): 9
nullspace time: 1 ms, chi time: 0 ms
Total LempelX2 time: 2 ms
		TODD executed in 0.002837 seconds.
		Total time: 0.002852s
	Gate synthesis end.
	Gate synthesis begin.

in LempelX2
		Round = 0
Round 0 | Current Columns (m): 6
nullspace time: 0 ms, chi time: 0 ms
Total LempelX2 time: 0 ms
		TODD executed in 0.000945 seconds.
		Total time: 0.000958s
	Gate synthesis end.
	Gate synthesis begin.

in LempelX2
		Round = 0
Round 0 | Current Columns (m): 7
nullspace time: 1 ms, chi time: 0 ms
Total LempelX2 time: 1 ms
		TODD executed in 0.001468 seconds.
		Total time: 0.001481s
	Gate synthesis end.
	Gate synthesis begin.

in LempelX2
		Round = 0
Round 0 | Current Columns (m): 9
nullspace time: 1 ms, chi time: 0 ms
Total LempelX2 time: 2 ms
		TODD executed in 0.002933 seconds.
		Total time: 0.00295s
	Gate synthesis end.
	Gate synthesis begin.

in LempelX2
		Round = 0
Round 0 | Current Columns (m): 16
		Round = 1
Round 1 | Current Columns (m): 14
		Round = 2
Round 2 | Current Columns (m): 12
nullspace time: 8 ms, chi time: 4 ms
Total LempelX2 time: 13 ms
		TODD executed in 0.013793 seconds.
		Total time: 0.013818s
	Gate synthesis end.
	Gate synthesis begin.

in LempelX2
		Round = 0
Round 0 | Current Columns (m): 7
nullspace time: 0 ms, chi time: 0 ms
Total LempelX2 time: 1 ms
		TODD executed in 0.001433 seconds.
		Total time: 0.001446s
	Gate synthesis end.
	Gate synthesis begin.

in LempelX2
		Round = 0
Round 0 | Current Columns (m): 3
nullspace time: 0 ms, chi time: 0 ms
Total LempelX2 time: 0 ms
		TODD executed in 0.000171 seconds.
		Total time: 0.000178s
	Gate synthesis end.
	Gate synthesis begin.

in LempelX2
		Round = 0
Round 0 | Current Columns (m): 4
nullspace time: 0 ms, chi time: 0 ms
Total LempelX2 time: 0 ms
		TODD executed in 0.000426 seconds.
		Total time: 0.000436s
	Gate synthesis end.
	Gate synthesis begin.

in LempelX2
		Round = 0
Round 0 | Current Columns (m): 3
nullspace time: 0 ms, chi time: 0 ms
Total LempelX2 time: 0 ms
		TODD executed in 0.00017 seconds.
		Total time: 0.000178s
	Gate synthesis end.
	Gate synthesis begin.

in LempelX2
		Round = 0
Round 0 | Current Columns (m): 4
nullspace time: 0 ms, chi time: 0 ms
Total LempelX2 time: 0 ms
		TODD executed in 0.000329 seconds.
		Total time: 0.000337s
	Gate synthesis end.
	Gate synthesis begin.

in LempelX2
		Round = 0
Round 0 | Current Columns (m): 3
nullspace time: 0 ms, chi time: 0 ms
Total LempelX2 time: 0 ms
		TODD executed in 0.000178 seconds.
		Total time: 0.000186s
	Gate synthesis end.
	Gate synthesis begin.

in LempelX2
		Round = 0
Round 0 | Current Columns (m): 10
nullspace time: 2 ms, chi time: 1 ms
Total LempelX2 time: 4 ms
		TODD executed in 0.004053 seconds.
		Total time: 0.004072s
	Gate synthesis end.
	Gate synthesis begin.

in LempelX2
		Round = 0
Round 0 | Current Columns (m): 4
nullspace time: 0 ms, chi time: 0 ms
Total LempelX2 time: 0 ms
		TODD executed in 0.000422 seconds.
		Total time: 0.00043s
	Gate synthesis end.
	Gate synthesis begin.

in LempelX2
		Round = 0
Round 0 | Current Columns (m): 11
nullspace time: 3 ms, chi time: 1 ms
Total LempelX2 time: 4 ms
		TODD executed in 0.004883 seconds.
		Total time: 0.004908s
	Gate synthesis end.
	Gate synthesis begin.

in LempelX2
		Round = 0
Round 0 | Current Columns (m): 9
nullspace time: 1 ms, chi time: 0 ms
Total LempelX2 time: 3 ms
		TODD executed in 0.003005 seconds.
		Total time: 0.003025s
	Gate synthesis end.
	Gate synthesis begin.

in LempelX2
		Round = 0
Round 0 | Current Columns (m): 5
nullspace time: 0 ms, chi time: 0 ms
Total LempelX2 time: 0 ms
		TODD executed in 0.000577 seconds.
		Total time: 0.000588s
	Gate synthesis end.
	Gate synthesis begin.

in LempelX2
		Round = 0
Round 0 | Current Columns (m): 6
nullspace time: 0 ms, chi time: 0 ms
Total LempelX2 time: 0 ms
		TODD executed in 0.000932 seconds.
		Total time: 0.000943s
	Gate synthesis end.
	Gate synthesis begin.

in LempelX2
		Round = 0
Round 0 | Current Columns (m): 10
nullspace time: 2 ms, chi time: 1 ms
Total LempelX2 time: 3 ms
		TODD executed in 0.003813 seconds.
		Total time: 0.00383s
	Gate synthesis end.
	Gate synthesis begin.

in LempelX2
		Round = 0
Round 0 | Current Columns (m): 3
nullspace time: 0 ms, chi time: 0 ms
Total LempelX2 time: 0 ms
		TODD executed in 0.000188 seconds.
		Total time: 0.000197s
	Gate synthesis end.
	Gate synthesis begin.

in LempelX2
		Round = 0
Round 0 | Current Columns (m): 8
nullspace time: 1 ms, chi time: 0 ms
Total LempelX2 time: 1 ms
		TODD executed in 0.001923 seconds.
		Total time: 0.001936s
	Gate synthesis end.
	Gate synthesis begin.

in LempelX2
		Round = 0
Round 0 | Current Columns (m): 9
nullspace time: 1 ms, chi time: 0 ms
Total LempelX2 time: 2 ms
		TODD executed in 0.002743 seconds.
		Total time: 0.002759s
	Gate synthesis end.
	Gate synthesis begin.

in LempelX2
		Round = 0
Round 0 | Current Columns (m): 6
nullspace time: 0 ms, chi time: 0 ms
Total LempelX2 time: 1 ms
		TODD executed in 0.001132 seconds.
		Total time: 0.001146s
	Gate synthesis end.
	Gate synthesis begin.

in LempelX2
		Round = 0
Round 0 | Current Columns (m): 7
nullspace time: 0 ms, chi time: 0 ms
Total LempelX2 time: 1 ms
		TODD executed in 0.001511 seconds.
		Total time: 0.001551s
	Gate synthesis end.
	Gate synthesis begin.

in LempelX2
		Round = 0
Round 0 | Current Columns (m): 9
nullspace time: 1 ms, chi time: 0 ms
Total LempelX2 time: 3 ms
		TODD executed in 0.003008 seconds.
		Total time: 0.003031s
	Gate synthesis end.
	Gate synthesis begin.

in LempelX2
		Round = 0
Round 0 | Current Columns (m): 17
		Round = 1
Round 1 | Current Columns (m): 14
nullspace time: 6 ms, chi time: 3 ms
Total LempelX2 time: 10 ms
		TODD executed in 0.010432 seconds.
		Total time: 0.010459s
	Gate synthesis end.
	Gate synthesis begin.

in LempelX2
		Round = 0
Round 0 | Current Columns (m): 7
nullspace time: 0 ms, chi time: 0 ms
Total LempelX2 time: 1 ms
		TODD executed in 0.001467 seconds.
		Total time: 0.001482s
	Gate synthesis end.
	Gate synthesis begin.

in LempelX2
		Round = 0
Round 0 | Current Columns (m): 6
nullspace time: 0 ms, chi time: 0 ms
Total LempelX2 time: 0 ms
		TODD executed in 0.00097 seconds.
		Total time: 0.000986s
	Gate synthesis end.
	Gate synthesis begin.

in LempelX2
		Round = 0
Round 0 | Current Columns (m): 4
nullspace time: 0 ms, chi time: 0 ms
Total LempelX2 time: 0 ms
		TODD executed in 0.000421 seconds.
		Total time: 0.000432s
	Gate synthesis end.
	Gate synthesis begin.

in LempelX2
		Round = 0
Round 0 | Current Columns (m): 4
nullspace time: 0 ms, chi time: 0 ms
Total LempelX2 time: 0 ms
		TODD executed in 0.000449 seconds.
		Total time: 0.000467s
	Gate synthesis end.
	Gate synthesis begin.

in LempelX2
		Round = 0
Round 0 | Current Columns (m): 2
nullspace time: 0 ms, chi time: 0 ms
Total LempelX2 time: 0 ms
		TODD executed in 9.6e-05 seconds.
		Total time: 0.000103s
	Gate synthesis end.
	Gate synthesis begin.

in LempelX2
		Round = 0
Round 0 | Current Columns (m): 10
nullspace time: 2 ms, chi time: 1 ms
Total LempelX2 time: 3 ms
		TODD executed in 0.003941 seconds.
		Total time: 0.003958s
	Gate synthesis end.
	Gate synthesis begin.

in LempelX2
		Round = 0
Round 0 | Current Columns (m): 4
nullspace time: 0 ms, chi time: 0 ms
Total LempelX2 time: 0 ms
		TODD executed in 0.000332 seconds.
		Total time: 0.00034s
	Gate synthesis end.
	Gate synthesis begin.

in LempelX2
		Round = 0
Round 0 | Current Columns (m): 11
nullspace time: 2 ms, chi time: 1 ms
Total LempelX2 time: 4 ms
		TODD executed in 0.004783 seconds.
		Total time: 0.004802s
	Gate synthesis end.
	Gate synthesis begin.

in LempelX2
		Round = 0
Round 0 | Current Columns (m): 9
nullspace time: 2 ms, chi time: 0 ms
Total LempelX2 time: 3 ms
		TODD executed in 0.003128 seconds.
		Total time: 0.003146s
	Gate synthesis end.
	Gate synthesis begin.

in LempelX2
		Round = 0
Round 0 | Current Columns (m): 5
nullspace time: 0 ms, chi time: 0 ms
Total LempelX2 time: 0 ms
		TODD executed in 0.000616 seconds.
		Total time: 0.000627s
	Gate synthesis end.
	Gate synthesis begin.

in LempelX2
		Round = 0
Round 0 | Current Columns (m): 6
nullspace time: 0 ms, chi time: 0 ms
Total LempelX2 time: 1 ms
		TODD executed in 0.00101 seconds.
		Total time: 0.001023s
	Gate synthesis end.
	Gate synthesis begin.

in LempelX2
		Round = 0
Round 0 | Current Columns (m): 10
nullspace time: 2 ms, chi time: 1 ms
Total LempelX2 time: 3 ms
		TODD executed in 0.003717 seconds.
		Total time: 0.003762s
	Gate synthesis end.
	Gate synthesis begin.

in LempelX2
		Round = 0
Round 0 | Current Columns (m): 3
nullspace time: 0 ms, chi time: 0 ms
Total LempelX2 time: 0 ms
		TODD executed in 0.000179 seconds.
		Total time: 0.000188s
	Gate synthesis end.
	Gate synthesis begin.

in LempelX2
		Round = 0
Round 0 | Current Columns (m): 8
nullspace time: 1 ms, chi time: 0 ms
Total LempelX2 time: 1 ms
		TODD executed in 0.001967 seconds.
		Total time: 0.001983s
	Gate synthesis end.
	Gate synthesis begin.

in LempelX2
		Round = 0
Round 0 | Current Columns (m): 9
nullspace time: 1 ms, chi time: 0 ms
Total LempelX2 time: 2 ms
		TODD executed in 0.002879 seconds.
		Total time: 0.002897s
	Gate synthesis end.
	Gate synthesis begin.

in LempelX2
		Round = 0
Round 0 | Current Columns (m): 6
nullspace time: 0 ms, chi time: 0 ms
Total LempelX2 time: 1 ms
		TODD executed in 0.001164 seconds.
		Total time: 0.001177s
	Gate synthesis end.
	Gate synthesis begin.

in LempelX2
		Round = 0
Round 0 | Current Columns (m): 7
nullspace time: 0 ms, chi time: 0 ms
Total LempelX2 time: 1 ms
		TODD executed in 0.001481 seconds.
		Total time: 0.001494s
	Gate synthesis end.
	Gate synthesis begin.

in LempelX2
		Round = 0
Round 0 | Current Columns (m): 9
nullspace time: 1 ms, chi time: 0 ms
Total LempelX2 time: 2 ms
		TODD executed in 0.002912 seconds.
		Total time: 0.002928s
	Gate synthesis end.
	Gate synthesis begin.

in LempelX2
		Round = 0
Round 0 | Current Columns (m): 17
		Round = 1
Round 1 | Current Columns (m): 14
nullspace time: 6 ms, chi time: 3 ms
Total LempelX2 time: 10 ms
		TODD executed in 0.010506 seconds.
		Total time: 0.010541s
	Gate synthesis end.
	Gate synthesis begin.

in LempelX2
		Round = 0
Round 0 | Current Columns (m): 7
nullspace time: 0 ms, chi time: 0 ms
Total LempelX2 time: 1 ms
		TODD executed in 0.00159 seconds.
		Total time: 0.001603s
	Gate synthesis end.
	Gate synthesis begin.

in LempelX2
		Round = 0
Round 0 | Current Columns (m): 6
nullspace time: 0 ms, chi time: 0 ms
Total LempelX2 time: 1 ms
		TODD executed in 0.001074 seconds.
		Total time: 0.001088s
	Gate synthesis end.
	Gate synthesis begin.

in LempelX2
		Round = 0
Round 0 | Current Columns (m): 3
nullspace time: 0 ms, chi time: 0 ms
Total LempelX2 time: 0 ms
		TODD executed in 0.000221 seconds.
		Total time: 0.000232s
	Gate synthesis end.
	Gate synthesis begin.

in LempelX2
		Round = 0
Round 0 | Current Columns (m): 4
nullspace time: 0 ms, chi time: 0 ms
Total LempelX2 time: 0 ms
		TODD executed in 0.000611 seconds.
		Total time: 0.000622s
	Gate synthesis end.
	Gate synthesis begin.

in LempelX2
		Round = 0
Round 0 | Current Columns (m): 3
nullspace time: 0 ms, chi time: 0 ms
Total LempelX2 time: 0 ms
		TODD executed in 0.000174 seconds.
		Total time: 0.00018s
	Gate synthesis end.
	Gate synthesis begin.

in LempelX2
		Round = 0
Round 0 | Current Columns (m): 10
nullspace time: 2 ms, chi time: 1 ms
Total LempelX2 time: 4 ms
		TODD executed in 0.004199 seconds.
		Total time: 0.004218s
	Gate synthesis end.
	Gate synthesis begin.

in LempelX2
		Round = 0
Round 0 | Current Columns (m): 4
nullspace time: 0 ms, chi time: 0 ms
Total LempelX2 time: 0 ms
		TODD executed in 0.00033 seconds.
		Total time: 0.00034s
	Gate synthesis end.
	Gate synthesis begin.

in LempelX2
		Round = 0
Round 0 | Current Columns (m): 11
nullspace time: 2 ms, chi time: 1 ms
Total LempelX2 time: 4 ms
		TODD executed in 0.004701 seconds.
		Total time: 0.004722s
	Gate synthesis end.
	Gate synthesis begin.

in LempelX2
		Round = 0
Round 0 | Current Columns (m): 9
nullspace time: 1 ms, chi time: 0 ms
Total LempelX2 time: 2 ms
		TODD executed in 0.00298 seconds.
		Total time: 0.002998s
	Gate synthesis end.
	Gate synthesis begin.

in LempelX2
		Round = 0
Round 0 | Current Columns (m): 5
nullspace time: 0 ms, chi time: 0 ms
Total LempelX2 time: 0 ms
		TODD executed in 0.000587 seconds.
		Total time: 0.000597s
	Gate synthesis end.
	Gate synthesis begin.

in LempelX2
		Round = 0
Round 0 | Current Columns (m): 6
nullspace time: 0 ms, chi time: 0 ms
Total LempelX2 time: 0 ms
		TODD executed in 0.000951 seconds.
		Total time: 0.000965s
	Gate synthesis end.
	Gate synthesis begin.

in LempelX2
		Round = 0
Round 0 | Current Columns (m): 10
nullspace time: 2 ms, chi time: 1 ms
Total LempelX2 time: 3 ms
		TODD executed in 0.003942 seconds.
		Total time: 0.003965s
	Gate synthesis end.
	Gate synthesis begin.

in LempelX2
		Round = 0
Round 0 | Current Columns (m): 3
nullspace time: 0 ms, chi time: 0 ms
Total LempelX2 time: 0 ms
		TODD executed in 0.000194 seconds.
		Total time: 0.000203s
	Gate synthesis end.
	Gate synthesis begin.

in LempelX2
		Round = 0
Round 0 | Current Columns (m): 8
nullspace time: 1 ms, chi time: 0 ms
Total LempelX2 time: 2 ms
		TODD executed in 0.002033 seconds.
		Total time: 0.002048s
	Gate synthesis end.
	Gate synthesis begin.

in LempelX2
		Round = 0
Round 0 | Current Columns (m): 9
nullspace time: 1 ms, chi time: 0 ms
Total LempelX2 time: 2 ms
		TODD executed in 0.002779 seconds.
		Total time: 0.002795s
	Gate synthesis end.
	Gate synthesis begin.

in LempelX2
		Round = 0
Round 0 | Current Columns (m): 6
nullspace time: 0 ms, chi time: 0 ms
Total LempelX2 time: 0 ms
		TODD executed in 0.000946 seconds.
		Total time: 0.000958s
	Gate synthesis end.
	Gate synthesis begin.

in LempelX2
		Round = 0
Round 0 | Current Columns (m): 7
nullspace time: 1 ms, chi time: 0 ms
Total LempelX2 time: 1 ms
		TODD executed in 0.001535 seconds.
		Total time: 0.00155s
	Gate synthesis end.
	Gate synthesis begin.

in LempelX2
		Round = 0
Round 0 | Current Columns (m): 9
nullspace time: 1 ms, chi time: 0 ms
Total LempelX2 time: 2 ms
		TODD executed in 0.002992 seconds.
		Total time: 0.003008s
	Gate synthesis end.
	Gate synthesis begin.

in LempelX2
		Round = 0
Round 0 | Current Columns (m): 17
		Round = 1
Round 1 | Current Columns (m): 14
nullspace time: 6 ms, chi time: 3 ms
Total LempelX2 time: 10 ms
		TODD executed in 0.010086 seconds.
		Total time: 0.010116s
	Gate synthesis end.
	Gate synthesis begin.

in LempelX2
		Round = 0
Round 0 | Current Columns (m): 7
nullspace time: 0 ms, chi time: 0 ms
Total LempelX2 time: 1 ms
		TODD executed in 0.001513 seconds.
		Total time: 0.00153s
	Gate synthesis end.
	Gate synthesis begin.

in LempelX2
		Round = 0
Round 0 | Current Columns (m): 6
nullspace time: 0 ms, chi time: 0 ms
Total LempelX2 time: 0 ms
		TODD executed in 0.000999 seconds.
		Total time: 0.001013s
	Gate synthesis end.
	Gate synthesis begin.

in LempelX2
		Round = 0
Round 0 | Current Columns (m): 6
nullspace time: 0 ms, chi time: 0 ms
Total LempelX2 time: 1 ms
		TODD executed in 0.001248 seconds.
		Total time: 0.001262s
	Gate synthesis end.
	Gate synthesis begin.

in LempelX2
		Round = 0
Round 0 | Current Columns (m): 4
nullspace time: 0 ms, chi time: 0 ms
Total LempelX2 time: 0 ms
		TODD executed in 0.000328 seconds.
		Total time: 0.000336s
	Gate synthesis end.
	Input has T-Count zero. Outputting the input.
	Gate synthesis begin.

in LempelX2
		Round = 0
Round 0 | Current Columns (m): 4
nullspace time: 0 ms, chi time: 0 ms
Total LempelX2 time: 0 ms
		TODD executed in 0.000337 seconds.
		Total time: 0.000347s
	Gate synthesis end.
	Gate synthesis begin.

in LempelX2
		Round = 0
Round 0 | Current Columns (m): 6
nullspace time: 0 ms, chi time: 0 ms
Total LempelX2 time: 1 ms
		TODD executed in 0.001009 seconds.
		Total time: 0.001021s
	Gate synthesis end.
	Gate synthesis begin.

in LempelX2
		Round = 0
Round 0 | Current Columns (m): 4
nullspace time: 0 ms, chi time: 0 ms
Total LempelX2 time: 0 ms
		TODD executed in 0.000329 seconds.
		Total time: 0.000338s
	Gate synthesis end.
	Gate synthesis begin.

in LempelX2
		Round = 0
Round 0 | Current Columns (m): 11
nullspace time: 2 ms, chi time: 1 ms
Total LempelX2 time: 4 ms
		TODD executed in 0.004672 seconds.
		Total time: 0.004693s
	Gate synthesis end.
	Gate synthesis begin.

in LempelX2
		Round = 0
Round 0 | Current Columns (m): 9
nullspace time: 1 ms, chi time: 0 ms
Total LempelX2 time: 2 ms
		TODD executed in 0.002854 seconds.
		Total time: 0.002871s
	Gate synthesis end.
	Gate synthesis begin.

in LempelX2
		Round = 0
Round 0 | Current Columns (m): 5
nullspace time: 0 ms, chi time: 0 ms
Total LempelX2 time: 0 ms
		TODD executed in 0.000593 seconds.
		Total time: 0.000604s
	Gate synthesis end.
	Gate synthesis begin.

in LempelX2
		Round = 0
Round 0 | Current Columns (m): 6
nullspace time: 0 ms, chi time: 0 ms
Total LempelX2 time: 0 ms
		TODD executed in 0.00092 seconds.
		Total time: 0.000934s
	Gate synthesis end.
	Gate synthesis begin.

in LempelX2
		Round = 0
Round 0 | Current Columns (m): 10
nullspace time: 2 ms, chi time: 1 ms
Total LempelX2 time: 3 ms
		TODD executed in 0.003739 seconds.
		Total time: 0.003757s
	Gate synthesis end.
	Gate synthesis begin.

in LempelX2
		Round = 0
Round 0 | Current Columns (m): 3
nullspace time: 0 ms, chi time: 0 ms
Total LempelX2 time: 0 ms
		TODD executed in 0.000185 seconds.
		Total time: 0.000193s
	Gate synthesis end.
	Gate synthesis begin.

in LempelX2
		Round = 0
Round 0 | Current Columns (m): 8
nullspace time: 1 ms, chi time: 0 ms
Total LempelX2 time: 2 ms
		TODD executed in 0.002013 seconds.
		Total time: 0.002028s
	Gate synthesis end.
	Gate synthesis begin.

in LempelX2
		Round = 0
Round 0 | Current Columns (m): 9
nullspace time: 1 ms, chi time: 0 ms
Total LempelX2 time: 2 ms
		TODD executed in 0.002774 seconds.
		Total time: 0.002789s
	Gate synthesis end.
	Gate synthesis begin.

in LempelX2
		Round = 0
Round 0 | Current Columns (m): 6
nullspace time: 0 ms, chi time: 0 ms
Total LempelX2 time: 1 ms
		TODD executed in 0.001146 seconds.
		Total time: 0.001161s
	Gate synthesis end.
	Gate synthesis begin.

in LempelX2
		Round = 0
Round 0 | Current Columns (m): 7
nullspace time: 0 ms, chi time: 0 ms
Total LempelX2 time: 1 ms
		TODD executed in 0.001501 seconds.
		Total time: 0.001514s
	Gate synthesis end.
	Gate synthesis begin.

in LempelX2
		Round = 0
Round 0 | Current Columns (m): 9
nullspace time: 1 ms, chi time: 0 ms
Total LempelX2 time: 3 ms
		TODD executed in 0.003128 seconds.
		Total time: 0.003147s
	Gate synthesis end.
	Gate synthesis begin.

in LempelX2
		Round = 0
Round 0 | Current Columns (m): 16
		Round = 1
Round 1 | Current Columns (m): 13
nullspace time: 4 ms, chi time: 2 ms
Total LempelX2 time: 7 ms
		TODD executed in 0.007926 seconds.
		Total time: 0.007979s
	Gate synthesis end.
	Gate synthesis begin.

in LempelX2
		Round = 0
Round 0 | Current Columns (m): 7
nullspace time: 0 ms, chi time: 0 ms
Total LempelX2 time: 1 ms
		TODD executed in 0.00139 seconds.
		Total time: 0.001402s
	Gate synthesis end.
	Gate synthesis begin.

in LempelX2
		Round = 0
Round 0 | Current Columns (m): 3
nullspace time: 0 ms, chi time: 0 ms
Total LempelX2 time: 0 ms
		TODD executed in 0.000263 seconds.
		Total time: 0.000273s
	Gate synthesis end.
	Gate synthesis begin.

in LempelX2
		Round = 0
Round 0 | Current Columns (m): 4
nullspace time: 0 ms, chi time: 0 ms
Total LempelX2 time: 0 ms
		TODD executed in 0.000336 seconds.
		Total time: 0.000345s
	Gate synthesis end.
	Gate synthesis begin.

in LempelX2
		Round = 0
Round 0 | Current Columns (m): 3
nullspace time: 0 ms, chi time: 0 ms
Total LempelX2 time: 0 ms
		TODD executed in 0.000216 seconds.
		Total time: 0.000226s
	Gate synthesis end.
	Gate synthesis begin.

in LempelX2
		Round = 0
Round 0 | Current Columns (m): 4
nullspace time: 0 ms, chi time: 0 ms
Total LempelX2 time: 0 ms
		TODD executed in 0.000378 seconds.
		Total time: 0.000388s
	Gate synthesis end.
	Gate synthesis begin.

in LempelX2
		Round = 0
Round 0 | Current Columns (m): 3
nullspace time: 0 ms, chi time: 0 ms
Total LempelX2 time: 0 ms
		TODD executed in 0.000183 seconds.
		Total time: 0.000191s
	Gate synthesis end.
	Gate synthesis begin.

in LempelX2
		Round = 0
Round 0 | Current Columns (m): 4
nullspace time: 0 ms, chi time: 0 ms
Total LempelX2 time: 0 ms
		TODD executed in 0.000338 seconds.
		Total time: 0.000348s
	Gate synthesis end.
	Gate synthesis begin.

in LempelX2
		Round = 0
Round 0 | Current Columns (m): 6
nullspace time: 0 ms, chi time: 0 ms
Total LempelX2 time: 1 ms
		TODD executed in 0.00103 seconds.
		Total time: 0.001043s
	Gate synthesis end.
	Gate synthesis begin.

in LempelX2
		Round = 0
Round 0 | Current Columns (m): 4
nullspace time: 0 ms, chi time: 0 ms
Total LempelX2 time: 0 ms
		TODD executed in 0.000442 seconds.
		Total time: 0.000454s
	Gate synthesis end.
	Gate synthesis begin.

in LempelX2
		Round = 0
Round 0 | Current Columns (m): 11
nullspace time: 3 ms, chi time: 1 ms
Total LempelX2 time: 4 ms
		TODD executed in 0.004846 seconds.
		Total time: 0.004867s
	Gate synthesis end.
	Gate synthesis begin.

in LempelX2
		Round = 0
Round 0 | Current Columns (m): 9
nullspace time: 2 ms, chi time: 1 ms
Total LempelX2 time: 3 ms
		TODD executed in 0.003137 seconds.
		Total time: 0.003154s
	Gate synthesis end.
	Gate synthesis begin.

in LempelX2
		Round = 0
Round 0 | Current Columns (m): 5
nullspace time: 0 ms, chi time: 0 ms
Total LempelX2 time: 0 ms
		TODD executed in 0.000554 seconds.
		Total time: 0.000565s
	Gate synthesis end.
	Gate synthesis begin.

in LempelX2
		Round = 0
Round 0 | Current Columns (m): 6
nullspace time: 0 ms, chi time: 0 ms
Total LempelX2 time: 0 ms
		TODD executed in 0.000963 seconds.
		Total time: 0.000975s
	Gate synthesis end.
	Gate synthesis begin.

in LempelX2
		Round = 0
Round 0 | Current Columns (m): 10
nullspace time: 2 ms, chi time: 1 ms
Total LempelX2 time: 3 ms
		TODD executed in 0.003755 seconds.
		Total time: 0.003772s
	Gate synthesis end.
	Gate synthesis begin.

in LempelX2
		Round = 0
Round 0 | Current Columns (m): 3
nullspace time: 0 ms, chi time: 0 ms
Total LempelX2 time: 0 ms
		TODD executed in 0.000178 seconds.
		Total time: 0.000185s
	Gate synthesis end.
	Gate synthesis begin.

in LempelX2
		Round = 0
Round 0 | Current Columns (m): 8
nullspace time: 1 ms, chi time: 0 ms
Total LempelX2 time: 1 ms
		TODD executed in 0.001976 seconds.
		Total time: 0.00199s
	Gate synthesis end.
	Gate synthesis begin.

in LempelX2
		Round = 0
Round 0 | Current Columns (m): 9
nullspace time: 1 ms, chi time: 0 ms
Total LempelX2 time: 2 ms
		TODD executed in 0.002825 seconds.
		Total time: 0.002841s
	Gate synthesis end.
	Gate synthesis begin.

in LempelX2
		Round = 0
Round 0 | Current Columns (m): 6
nullspace time: 0 ms, chi time: 0 ms
Total LempelX2 time: 0 ms
		TODD executed in 0.000893 seconds.
		Total time: 0.000904s
	Gate synthesis end.
	Gate synthesis begin.

in LempelX2
		Round = 0
Round 0 | Current Columns (m): 7
nullspace time: 0 ms, chi time: 0 ms
Total LempelX2 time: 1 ms
		TODD executed in 0.001505 seconds.
		Total time: 0.001519s
	Gate synthesis end.
	Gate synthesis begin.

in LempelX2
		Round = 0
Round 0 | Current Columns (m): 9
nullspace time: 1 ms, chi time: 0 ms
Total LempelX2 time: 2 ms
		TODD executed in 0.002806 seconds.
		Total time: 0.002822s
	Gate synthesis end.
	Gate synthesis begin.

in LempelX2
		Round = 0
Round 0 | Current Columns (m): 16
		Round = 1
Round 1 | Current Columns (m): 12
nullspace time: 4 ms, chi time: 2 ms
Total LempelX2 time: 6 ms
		TODD executed in 0.006638 seconds.
		Total time: 0.00666s
	Gate synthesis end.
	Gate synthesis begin.

in LempelX2
		Round = 0
Round 0 | Current Columns (m): 7
nullspace time: 0 ms, chi time: 0 ms
Total LempelX2 time: 1 ms
		TODD executed in 0.001516 seconds.
		Total time: 0.001528s
	Gate synthesis end.
	Gate synthesis begin.

in LempelX2
		Round = 0
Round 0 | Current Columns (m): 3
nullspace time: 0 ms, chi time: 0 ms
Total LempelX2 time: 0 ms
		TODD executed in 0.000228 seconds.
		Total time: 0.000237s
	Gate synthesis end.
	Gate synthesis begin.

in LempelX2
		Round = 0
Round 0 | Current Columns (m): 4
nullspace time: 0 ms, chi time: 0 ms
Total LempelX2 time: 0 ms
		TODD executed in 0.000395 seconds.
		Total time: 0.000404s
	Gate synthesis end.
	Gate synthesis begin.

in LempelX2
		Round = 0
Round 0 | Current Columns (m): 3
nullspace time: 0 ms, chi time: 0 ms
Total LempelX2 time: 0 ms
		TODD executed in 0.000171 seconds.
		Total time: 0.000181s
	Gate synthesis end.
	Gate synthesis begin.

in LempelX2
		Round = 0
Round 0 | Current Columns (m): 4
nullspace time: 0 ms, chi time: 0 ms
Total LempelX2 time: 0 ms
		TODD executed in 0.00041 seconds.
		Total time: 0.000424s
	Gate synthesis end.
	Gate synthesis begin.

in LempelX2
		Round = 0
Round 0 | Current Columns (m): 13
nullspace time: 5 ms, chi time: 2 ms
Total LempelX2 time: 8 ms
		TODD executed in 0.008193 seconds.
		Total time: 0.008219s
	Gate synthesis end.
	Gate synthesis begin.

in LempelX2
		Round = 0
Round 0 | Current Columns (m): 4
nullspace time: 0 ms, chi time: 0 ms
Total LempelX2 time: 0 ms
		TODD executed in 0.000359 seconds.
		Total time: 0.000369s
	Gate synthesis end.
	Gate synthesis begin.

in LempelX2
		Round = 0
Round 0 | Current Columns (m): 11
nullspace time: 2 ms, chi time: 1 ms
Total LempelX2 time: 4 ms
		TODD executed in 0.00478 seconds.
		Total time: 0.004799s
	Gate synthesis end.
	Gate synthesis begin.

in LempelX2
		Round = 0
Round 0 | Current Columns (m): 9
nullspace time: 1 ms, chi time: 0 ms
Total LempelX2 time: 3 ms
		TODD executed in 0.003006 seconds.
		Total time: 0.003022s
	Gate synthesis end.
	Gate synthesis begin.

in LempelX2
		Round = 0
Round 0 | Current Columns (m): 5
nullspace time: 0 ms, chi time: 0 ms
Total LempelX2 time: 0 ms
		TODD executed in 0.000729 seconds.
		Total time: 0.000739s
	Gate synthesis end.
	Gate synthesis begin.

in LempelX2
		Round = 0
Round 0 | Current Columns (m): 6
nullspace time: 0 ms, chi time: 0 ms
Total LempelX2 time: 0 ms
		TODD executed in 0.000974 seconds.
		Total time: 0.000983s
	Gate synthesis end.
	Gate synthesis begin.

in LempelX2
		Round = 0
Round 0 | Current Columns (m): 10
nullspace time: 2 ms, chi time: 1 ms
Total LempelX2 time: 4 ms
		TODD executed in 0.00429 seconds.
		Total time: 0.004307s
	Gate synthesis end.
	Gate synthesis begin.

in LempelX2
		Round = 0
Round 0 | Current Columns (m): 3
nullspace time: 0 ms, chi time: 0 ms
Total LempelX2 time: 0 ms
		TODD executed in 0.000177 seconds.
		Total time: 0.000184s
	Gate synthesis end.
	Gate synthesis begin.

in LempelX2
		Round = 0
Round 0 | Current Columns (m): 8
nullspace time: 1 ms, chi time: 0 ms
Total LempelX2 time: 2 ms
		TODD executed in 0.002196 seconds.
		Total time: 0.002212s
	Gate synthesis end.
	Gate synthesis begin.

in LempelX2
		Round = 0
Round 0 | Current Columns (m): 9
nullspace time: 1 ms, chi time: 0 ms
Total LempelX2 time: 2 ms
		TODD executed in 0.002751 seconds.
		Total time: 0.002766s
	Gate synthesis end.
	Gate synthesis begin.

in LempelX2
		Round = 0
Round 0 | Current Columns (m): 6
nullspace time: 0 ms, chi time: 0 ms
Total LempelX2 time: 0 ms
		TODD executed in 0.000916 seconds.
		Total time: 0.000927s
	Gate synthesis end.
	Gate synthesis begin.

in LempelX2
		Round = 0
Round 0 | Current Columns (m): 7
nullspace time: 0 ms, chi time: 0 ms
Total LempelX2 time: 1 ms
		TODD executed in 0.001456 seconds.
		Total time: 0.001469s
	Gate synthesis end.
	Gate synthesis begin.

in LempelX2
		Round = 0
Round 0 | Current Columns (m): 9
nullspace time: 1 ms, chi time: 0 ms
Total LempelX2 time: 2 ms
		TODD executed in 0.002835 seconds.
		Total time: 0.00285s
	Gate synthesis end.
	Gate synthesis begin.

in LempelX2
		Round = 0
Round 0 | Current Columns (m): 17
		Round = 1
Round 1 | Current Columns (m): 14
nullspace time: 6 ms, chi time: 3 ms
Total LempelX2 time: 9 ms
		TODD executed in 0.009957 seconds.
		Total time: 0.00998s
	Gate synthesis end.
	Gate synthesis begin.

in LempelX2
		Round = 0
Round 0 | Current Columns (m): 7
nullspace time: 0 ms, chi time: 0 ms
Total LempelX2 time: 1 ms
		TODD executed in 0.001394 seconds.
		Total time: 0.001406s
	Gate synthesis end.
	Gate synthesis begin.

in LempelX2
		Round = 0
Round 0 | Current Columns (m): 6
nullspace time: 0 ms, chi time: 0 ms
Total LempelX2 time: 0 ms
		TODD executed in 0.000965 seconds.
		Total time: 0.000982s
	Gate synthesis end.
	Gate synthesis begin.

in LempelX2
		Round = 0
Round 0 | Current Columns (m): 7
nullspace time: 1 ms, chi time: 0 ms
Total LempelX2 time: 1 ms
		TODD executed in 0.001543 seconds.
		Total time: 0.001554s
	Gate synthesis end.
	Gate synthesis begin.

in LempelX2
		Round = 0
Round 0 | Current Columns (m): 4
nullspace time: 0 ms, chi time: 0 ms
Total LempelX2 time: 0 ms
		TODD executed in 0.00038 seconds.
		Total time: 0.000392s
	Gate synthesis end.
	Gate synthesis begin.

in LempelX2
		Round = 0
Round 0 | Current Columns (m): 4
nullspace time: 0 ms, chi time: 0 ms
Total LempelX2 time: 0 ms
		TODD executed in 0.000342 seconds.
		Total time: 0.000351s
	Gate synthesis end.
	Gate synthesis begin.

in LempelX2
		Round = 0
Round 0 | Current Columns (m): 2
nullspace time: 0 ms, chi time: 0 ms
Total LempelX2 time: 0 ms
		TODD executed in 8.8e-05 seconds.
		Total time: 9.5e-05s
	Gate synthesis end.
	Gate synthesis begin.

in LempelX2
		Round = 0
Round 0 | Current Columns (m): 6
nullspace time: 0 ms, chi time: 0 ms
Total LempelX2 time: 0 ms
		TODD executed in 0.000942 seconds.
		Total time: 0.000953s
	Gate synthesis end.
	Gate synthesis begin.

in LempelX2
		Round = 0
Round 0 | Current Columns (m): 6
nullspace time: 0 ms, chi time: 0 ms
Total LempelX2 time: 1 ms
		TODD executed in 0.001027 seconds.
		Total time: 0.001039s
	Gate synthesis end.
	Gate synthesis begin.

in LempelX2
		Round = 0
Round 0 | Current Columns (m): 5
nullspace time: 0 ms, chi time: 0 ms
Total LempelX2 time: 0 ms
		TODD executed in 0.000577 seconds.
		Total time: 0.000586s
	Gate synthesis end.
	Gate synthesis begin.

in LempelX2
		Round = 0
Round 0 | Current Columns (m): 4
nullspace time: 0 ms, chi time: 0 ms
Total LempelX2 time: 0 ms
		TODD executed in 0.000344 seconds.
		Total time: 0.000352s
	Gate synthesis end.
	Gate synthesis begin.

in LempelX2
		Round = 0
Round 0 | Current Columns (m): 11
nullspace time: 2 ms, chi time: 1 ms
Total LempelX2 time: 4 ms
		TODD executed in 0.004883 seconds.
		Total time: 0.0049s
	Gate synthesis end.
	Gate synthesis begin.

in LempelX2
		Round = 0
Round 0 | Current Columns (m): 9
nullspace time: 1 ms, chi time: 0 ms
Total LempelX2 time: 2 ms
		TODD executed in 0.00282 seconds.
		Total time: 0.002834s
	Gate synthesis end.
	Gate synthesis begin.

in LempelX2
		Round = 0
Round 0 | Current Columns (m): 5
nullspace time: 0 ms, chi time: 0 ms
Total LempelX2 time: 0 ms
		TODD executed in 0.000653 seconds.
		Total time: 0.000663s
	Gate synthesis end.
	Gate synthesis begin.

in LempelX2
		Round = 0
Round 0 | Current Columns (m): 6
nullspace time: 0 ms, chi time: 0 ms
Total LempelX2 time: 0 ms
		TODD executed in 0.000893 seconds.
		Total time: 0.000931s
	Gate synthesis end.
	Gate synthesis begin.

in LempelX2
		Round = 0
Round 0 | Current Columns (m): 10
nullspace time: 2 ms, chi time: 1 ms
Total LempelX2 time: 3 ms
		TODD executed in 0.003682 seconds.
		Total time: 0.003698s
	Gate synthesis end.
	Gate synthesis begin.

in LempelX2
		Round = 0
Round 0 | Current Columns (m): 3
nullspace time: 0 ms, chi time: 0 ms
Total LempelX2 time: 0 ms
		TODD executed in 0.000198 seconds.
		Total time: 0.000206s
	Gate synthesis end.
	Gate synthesis begin.

in LempelX2
		Round = 0
Round 0 | Current Columns (m): 8
nullspace time: 1 ms, chi time: 0 ms
Total LempelX2 time: 1 ms
		TODD executed in 0.001959 seconds.
		Total time: 0.001972s
	Gate synthesis end.
	Gate synthesis begin.

in LempelX2
		Round = 0
Round 0 | Current Columns (m): 9
nullspace time: 1 ms, chi time: 0 ms
Total LempelX2 time: 2 ms
		TODD executed in 0.002686 seconds.
		Total time: 0.002699s
	Gate synthesis end.
	Gate synthesis begin.

in LempelX2
		Round = 0
Round 0 | Current Columns (m): 6
nullspace time: 0 ms, chi time: 0 ms
Total LempelX2 time: 0 ms
		TODD executed in 0.000982 seconds.
		Total time: 0.000993s
	Gate synthesis end.
	Gate synthesis begin.

in LempelX2
		Round = 0
Round 0 | Current Columns (m): 7
nullspace time: 1 ms, chi time: 0 ms
Total LempelX2 time: 1 ms
		TODD executed in 0.001552 seconds.
		Total time: 0.001563s
	Gate synthesis end.
	Gate synthesis begin.

in LempelX2
		Round = 0
Round 0 | Current Columns (m): 9
nullspace time: 1 ms, chi time: 0 ms
Total LempelX2 time: 2 ms
		TODD executed in 0.002887 seconds.
		Total time: 0.0029s
	Gate synthesis end.
	Gate synthesis begin.

in LempelX2
		Round = 0
Round 0 | Current Columns (m): 16
		Round = 1
Round 1 | Current Columns (m): 14
		Round = 2
Round 2 | Current Columns (m): 12
nullspace time: 8 ms, chi time: 4 ms
Total LempelX2 time: 13 ms
		TODD executed in 0.013032 seconds.
		Total time: 0.013055s
	Gate synthesis end.
	Gate synthesis begin.

in LempelX2
		Round = 0
Round 0 | Current Columns (m): 7
nullspace time: 0 ms, chi time: 0 ms
Total LempelX2 time: 1 ms
		TODD executed in 0.001436 seconds.
		Total time: 0.001448s
	Gate synthesis end.
	Gate synthesis begin.

in LempelX2
		Round = 0
Round 0 | Current Columns (m): 3
nullspace time: 0 ms, chi time: 0 ms
Total LempelX2 time: 0 ms
		TODD executed in 0.000191 seconds.
		Total time: 0.000201s
	Gate synthesis end.
	Gate synthesis begin.

in LempelX2
		Round = 0
Round 0 | Current Columns (m): 5
nullspace time: 0 ms, chi time: 0 ms
Total LempelX2 time: 0 ms
		TODD executed in 0.000603 seconds.
		Total time: 0.000621s
	Gate synthesis end.
	Gate synthesis begin.

in LempelX2
		Round = 0
Round 0 | Current Columns (m): 5
nullspace time: 0 ms, chi time: 0 ms
Total LempelX2 time: 0 ms
		TODD executed in 0.000646 seconds.
		Total time: 0.000656s
	Gate synthesis end.
	Gate synthesis begin.

in LempelX2
		Round = 0
Round 0 | Current Columns (m): 2
nullspace time: 0 ms, chi time: 0 ms
Total LempelX2 time: 0 ms
		TODD executed in 9.3e-05 seconds.
		Total time: 9.8e-05s
	Gate synthesis end.
	Gate synthesis begin.

in LempelX2
		Round = 0
Round 0 | Current Columns (m): 4
nullspace time: 0 ms, chi time: 0 ms
Total LempelX2 time: 0 ms
		TODD executed in 0.000331 seconds.
		Total time: 0.000339s
	Gate synthesis end.
	Gate synthesis begin.

in LempelX2
		Round = 0
Round 0 | Current Columns (m): 7
nullspace time: 0 ms, chi time: 0 ms
Total LempelX2 time: 1 ms
		TODD executed in 0.001468 seconds.
		Total time: 0.001494s
	Gate synthesis end.
	Gate synthesis begin.

in LempelX2
		Round = 0
Round 0 | Current Columns (m): 5
nullspace time: 0 ms, chi time: 0 ms
Total LempelX2 time: 0 ms
		TODD executed in 0.000559 seconds.
		Total time: 0.000568s
	Gate synthesis end.
	Gate synthesis begin.

in LempelX2
		Round = 0
Round 0 | Current Columns (m): 12
nullspace time: 4 ms, chi time: 2 ms
Total LempelX2 time: 6 ms
		TODD executed in 0.006496 seconds.
		Total time: 0.006517s
	Gate synthesis end.
	Gate synthesis begin.

in LempelX2
		Round = 0
Round 0 | Current Columns (m): 4
nullspace time: 0 ms, chi time: 0 ms
Total LempelX2 time: 0 ms
		TODD executed in 0.000357 seconds.
		Total time: 0.000367s
	Gate synthesis end.
	Gate synthesis begin.

in LempelX2
		Round = 0
Round 0 | Current Columns (m): 5
nullspace time: 0 ms, chi time: 0 ms
Total LempelX2 time: 0 ms
		TODD executed in 0.000559 seconds.
		Total time: 0.000568s
	Gate synthesis end.
	Gate synthesis begin.

in LempelX2
		Round = 0
Round 0 | Current Columns (m): 11
nullspace time: 2 ms, chi time: 1 ms
Total LempelX2 time: 4 ms
		TODD executed in 0.004807 seconds.
		Total time: 0.004823s
	Gate synthesis end.
	Gate synthesis begin.

in LempelX2
		Round = 0
Round 0 | Current Columns (m): 9
nullspace time: 1 ms, chi time: 0 ms
Total LempelX2 time: 2 ms
		TODD executed in 0.002875 seconds.
		Total time: 0.00289s
	Gate synthesis end.
	Gate synthesis begin.

in LempelX2
		Round = 0
Round 0 | Current Columns (m): 1
nullspace time: 0 ms, chi time: 0 ms
Total LempelX2 time: 0 ms
		TODD executed in 3.6e-05 seconds.
		Total time: 4.1e-05s
	Gate synthesis end.
	Gate synthesis begin.

in LempelX2
		Round = 0
Round 0 | Current Columns (m): 4
nullspace time: 0 ms, chi time: 0 ms
Total LempelX2 time: 0 ms
		TODD executed in 0.000409 seconds.
		Total time: 0.00042s
	Gate synthesis end.
	Gate synthesis begin.

in LempelX2
		Round = 0
Round 0 | Current Columns (m): 4
nullspace time: 0 ms, chi time: 0 ms
Total LempelX2 time: 0 ms
		TODD executed in 0.000343 seconds.
		Total time: 0.000351s
	Gate synthesis end.
	Gate synthesis begin.

in LempelX2
		Round = 0
Round 0 | Current Columns (m): 5
nullspace time: 0 ms, chi time: 0 ms
Total LempelX2 time: 0 ms
		TODD executed in 0.00057 seconds.
		Total time: 0.00058s
	Gate synthesis end.
	Gate synthesis begin.

in LempelX2
		Round = 0
Round 0 | Current Columns (m): 8
nullspace time: 1 ms, chi time: 0 ms
Total LempelX2 time: 2 ms
		TODD executed in 0.002231 seconds.
		Total time: 0.002244s
	Gate synthesis end.
	Gate synthesis begin.

in LempelX2
		Round = 0
Round 0 | Current Columns (m): 5
nullspace time: 0 ms, chi time: 0 ms
Total LempelX2 time: 0 ms
		TODD executed in 0.000578 seconds.
		Total time: 0.000587s
	Gate synthesis end.
	Gate synthesis begin.

in LempelX2
		Round = 0
Round 0 | Current Columns (m): 8
nullspace time: 1 ms, chi time: 0 ms
Total LempelX2 time: 2 ms
		TODD executed in 0.002198 seconds.
		Total time: 0.002212s
	Gate synthesis end.
	Gate synthesis begin.

in LempelX2
		Round = 0
Round 0 | Current Columns (m): 6
nullspace time: 0 ms, chi time: 0 ms
Total LempelX2 time: 1 ms
		TODD executed in 0.001003 seconds.
		Total time: 0.001014s
	Gate synthesis end.
	Gate synthesis begin.

in LempelX2
		Round = 0
Round 0 | Current Columns (m): 8
nullspace time: 1 ms, chi time: 0 ms
Total LempelX2 time: 2 ms
		TODD executed in 0.002195 seconds.
		Total time: 0.00221s
	Gate synthesis end.
	Gate synthesis begin.

in LempelX2
		Round = 0
Round 0 | Current Columns (m): 5
nullspace time: 0 ms, chi time: 0 ms
Total LempelX2 time: 0 ms
		TODD executed in 0.000609 seconds.
		Total time: 0.00062s
	Gate synthesis end.
	Gate synthesis begin.

in LempelX2
		Round = 0
Round 0 | Current Columns (m): 5
nullspace time: 0 ms, chi time: 0 ms
Total LempelX2 time: 0 ms
		TODD executed in 0.000587 seconds.
		Total time: 0.000598s
	Gate synthesis end.
	Gate synthesis begin.

in LempelX2
		Round = 0
Round 0 | Current Columns (m): 4
nullspace time: 0 ms, chi time: 0 ms
Total LempelX2 time: 0 ms
		TODD executed in 0.000344 seconds.
		Total time: 0.000351s
	Gate synthesis end.
	Gate synthesis begin.

in LempelX2
		Round = 0
Round 0 | Current Columns (m): 4
nullspace time: 0 ms, chi time: 0 ms
Total LempelX2 time: 0 ms
		TODD executed in 0.000355 seconds.
		Total time: 0.000429s
	Gate synthesis end.
	Gate synthesis begin.

in LempelX2
		Round = 0
Round 0 | Current Columns (m): 4
nullspace time: 0 ms, chi time: 0 ms
Total LempelX2 time: 0 ms
		TODD executed in 0.000332 seconds.
		Total time: 0.00034s
	Gate synthesis end.
	Gate synthesis begin.

in LempelX2
		Round = 0
Round 0 | Current Columns (m): 5
nullspace time: 0 ms, chi time: 0 ms
Total LempelX2 time: 0 ms
		TODD executed in 0.000574 seconds.
		Total time: 0.000583s
	Gate synthesis end.
	Gate synthesis begin.

in LempelX2
		Round = 0
Round 0 | Current Columns (m): 5
nullspace time: 0 ms, chi time: 0 ms
Total LempelX2 time: 0 ms
		TODD executed in 0.000602 seconds.
		Total time: 0.000611s
	Gate synthesis end.
	Gate synthesis begin.

in LempelX2
		Round = 0
Round 0 | Current Columns (m): 3
nullspace time: 0 ms, chi time: 0 ms
Total LempelX2 time: 0 ms
		TODD executed in 0.000176 seconds.
		Total time: 0.000184s
	Gate synthesis end.
	Gate synthesis begin.

in LempelX2
		Round = 0
Round 0 | Current Columns (m): 3
nullspace time: 0 ms, chi time: 0 ms
Total LempelX2 time: 0 ms
		TODD executed in 0.00019 seconds.
		Total time: 0.000196s
	Gate synthesis end.
	Gate synthesis begin.

in LempelX2
		Round = 0
Round 0 | Current Columns (m): 3
nullspace time: 0 ms, chi time: 0 ms
Total LempelX2 time: 0 ms
		TODD executed in 0.000193 seconds.
		Total time: 0.000201s
	Gate synthesis end.
	Gate synthesis begin.

in LempelX2
		Round = 0
Round 0 | Current Columns (m): 4
nullspace time: 0 ms, chi time: 0 ms
Total LempelX2 time: 0 ms
		TODD executed in 0.00033 seconds.
		Total time: 0.000338s
	Gate synthesis end.
	Gate synthesis begin.

in LempelX2
		Round = 0
Round 0 | Current Columns (m): 8
nullspace time: 1 ms, chi time: 0 ms
Total LempelX2 time: 2 ms
		TODD executed in 0.002218 seconds.
		Total time: 0.002235s
	Gate synthesis end.
	Gate synthesis begin.

in LempelX2
		Round = 0
Round 0 | Current Columns (m): 5
nullspace time: 0 ms, chi time: 0 ms
Total LempelX2 time: 0 ms
		TODD executed in 0.00072 seconds.
		Total time: 0.00073s
	Gate synthesis end.
	Gate synthesis begin.

in LempelX2
		Round = 0
Round 0 | Current Columns (m): 5
nullspace time: 0 ms, chi time: 0 ms
Total LempelX2 time: 0 ms
		TODD executed in 0.000584 seconds.
		Total time: 0.000593s
	Gate synthesis end.
	Gate synthesis begin.

in LempelX2
		Round = 0
Round 0 | Current Columns (m): 4
nullspace time: 0 ms, chi time: 0 ms
Total LempelX2 time: 0 ms
		TODD executed in 0.00035 seconds.
		Total time: 0.000359s
	Gate synthesis end.
	Gate synthesis begin.

in LempelX2
		Round = 0
Round 0 | Current Columns (m): 4
nullspace time: 0 ms, chi time: 0 ms
Total LempelX2 time: 0 ms
		TODD executed in 0.000331 seconds.
		Total time: 0.000339s
	Gate synthesis end.
	Gate synthesis begin.

in LempelX2
		Round = 0
Round 0 | Current Columns (m): 4
nullspace time: 0 ms, chi time: 0 ms
Total LempelX2 time: 0 ms
		TODD executed in 0.000338 seconds.
		Total time: 0.000346s
	Gate synthesis end.
	Gate synthesis begin.

in LempelX2
		Round = 0
Round 0 | Current Columns (m): 5
nullspace time: 0 ms, chi time: 0 ms
Total LempelX2 time: 0 ms
		TODD executed in 0.000608 seconds.
		Total time: 0.000618s
	Gate synthesis end.
	Gate synthesis begin.

in LempelX2
		Round = 0
Round 0 | Current Columns (m): 5
nullspace time: 0 ms, chi time: 0 ms
Total LempelX2 time: 0 ms
		TODD executed in 0.000623 seconds.
		Total time: 0.000633s
	Gate synthesis end.
	Gate synthesis begin.

in LempelX2
		Round = 0
Round 0 | Current Columns (m): 3
nullspace time: 0 ms, chi time: 0 ms
Total LempelX2 time: 0 ms
		TODD executed in 0.000219 seconds.
		Total time: 0.00023s
	Gate synthesis end.
	Gate synthesis begin.

in LempelX2
		Round = 0
Round 0 | Current Columns (m): 3
nullspace time: 0 ms, chi time: 0 ms
Total LempelX2 time: 0 ms
		TODD executed in 0.000182 seconds.
		Total time: 0.00019s
	Gate synthesis end.
	Gate synthesis begin.

in LempelX2
		Round = 0
Round 0 | Current Columns (m): 3
nullspace time: 0 ms, chi time: 0 ms
Total LempelX2 time: 0 ms
		TODD executed in 0.000179 seconds.
		Total time: 0.000187s
	Gate synthesis end.
	Gate synthesis begin.

in LempelX2
		Round = 0
Round 0 | Current Columns (m): 4
nullspace time: 0 ms, chi time: 0 ms
Total LempelX2 time: 0 ms
		TODD executed in 0.00035 seconds.
		Total time: 0.000359s
	Gate synthesis end.
	Gate synthesis begin.

in LempelX2
		Round = 0
Round 0 | Current Columns (m): 8
nullspace time: 1 ms, chi time: 0 ms
Total LempelX2 time: 2 ms
		TODD executed in 0.002169 seconds.
		Total time: 0.002188s
	Gate synthesis end.
	Gate synthesis begin.

in LempelX2
		Round = 0
Round 0 | Current Columns (m): 5
nullspace time: 0 ms, chi time: 0 ms
Total LempelX2 time: 0 ms
		TODD executed in 0.00079 seconds.
		Total time: 0.0008s
	Gate synthesis end.
	Gate synthesis begin.

in LempelX2
		Round = 0
Round 0 | Current Columns (m): 5
nullspace time: 0 ms, chi time: 0 ms
Total LempelX2 time: 0 ms
		TODD executed in 0.000573 seconds.
		Total time: 0.000582s
	Gate synthesis end.
	Gate synthesis begin.

in LempelX2
		Round = 0
Round 0 | Current Columns (m): 4
nullspace time: 0 ms, chi time: 0 ms
Total LempelX2 time: 0 ms
		TODD executed in 0.000341 seconds.
		Total time: 0.000348s
	Gate synthesis end.
	Gate synthesis begin.

in LempelX2
		Round = 0
Round 0 | Current Columns (m): 4
nullspace time: 0 ms, chi time: 0 ms
Total LempelX2 time: 0 ms
		TODD executed in 0.000338 seconds.
		Total time: 0.000347s
	Gate synthesis end.
	Gate synthesis begin.

in LempelX2
		Round = 0
Round 0 | Current Columns (m): 4
nullspace time: 0 ms, chi time: 0 ms
Total LempelX2 time: 0 ms
		TODD executed in 0.000345 seconds.
		Total time: 0.000354s
	Gate synthesis end.
	Gate synthesis begin.

in LempelX2
		Round = 0
Round 0 | Current Columns (m): 5
nullspace time: 0 ms, chi time: 0 ms
Total LempelX2 time: 0 ms
		TODD executed in 0.000651 seconds.
		Total time: 0.000663s
	Gate synthesis end.
	Gate synthesis begin.

in LempelX2
		Round = 0
Round 0 | Current Columns (m): 5
nullspace time: 0 ms, chi time: 0 ms
Total LempelX2 time: 0 ms
		TODD executed in 0.000571 seconds.
		Total time: 0.000581s
	Gate synthesis end.
	Gate synthesis begin.

in LempelX2
		Round = 0
Round 0 | Current Columns (m): 3
nullspace time: 0 ms, chi time: 0 ms
Total LempelX2 time: 0 ms
		TODD executed in 0.000253 seconds.
		Total time: 0.000265s
	Gate synthesis end.
	Gate synthesis begin.

in LempelX2
		Round = 0
Round 0 | Current Columns (m): 3
nullspace time: 0 ms, chi time: 0 ms
Total LempelX2 time: 0 ms
		TODD executed in 0.000177 seconds.
		Total time: 0.000184s
	Gate synthesis end.
	Gate synthesis begin.

in LempelX2
		Round = 0
Round 0 | Current Columns (m): 3
nullspace time: 0 ms, chi time: 0 ms
Total LempelX2 time: 0 ms
		TODD executed in 0.000347 seconds.
		Total time: 0.000356s
	Gate synthesis end.
	Gate synthesis begin.

in LempelX2
		Round = 0
Round 0 | Current Columns (m): 4
nullspace time: 0 ms, chi time: 0 ms
Total LempelX2 time: 0 ms
		TODD executed in 0.000338 seconds.
		Total time: 0.000347s
	Gate synthesis end.
	Gate synthesis begin.

in LempelX2
		Round = 0
Round 0 | Current Columns (m): 8
nullspace time: 1 ms, chi time: 0 ms
Total LempelX2 time: 2 ms
		TODD executed in 0.002081 seconds.
		Total time: 0.002094s
	Gate synthesis end.
	Gate synthesis begin.

in LempelX2
		Round = 0
Round 0 | Current Columns (m): 5
nullspace time: 0 ms, chi time: 0 ms
Total LempelX2 time: 0 ms
		TODD executed in 0.000783 seconds.
		Total time: 0.000797s
	Gate synthesis end.
	Gate synthesis begin.

in LempelX2
		Round = 0
Round 0 | Current Columns (m): 5
nullspace time: 0 ms, chi time: 0 ms
Total LempelX2 time: 0 ms
		TODD executed in 0.00062 seconds.
		Total time: 0.000629s
	Gate synthesis end.
	Gate synthesis begin.

in LempelX2
		Round = 0
Round 0 | Current Columns (m): 4
nullspace time: 0 ms, chi time: 0 ms
Total LempelX2 time: 0 ms
		TODD executed in 0.00033 seconds.
		Total time: 0.000339s
	Gate synthesis end.
	Gate synthesis begin.

in LempelX2
		Round = 0
Round 0 | Current Columns (m): 4
nullspace time: 0 ms, chi time: 0 ms
Total LempelX2 time: 0 ms
		TODD executed in 0.00037 seconds.
		Total time: 0.000379s
	Gate synthesis end.
	Gate synthesis begin.

in LempelX2
		Round = 0
Round 0 | Current Columns (m): 4
nullspace time: 0 ms, chi time: 0 ms
Total LempelX2 time: 0 ms
		TODD executed in 0.000397 seconds.
		Total time: 0.000409s
	Gate synthesis end.
	Gate synthesis begin.

in LempelX2
		Round = 0
Round 0 | Current Columns (m): 5
nullspace time: 0 ms, chi time: 0 ms
Total LempelX2 time: 0 ms
		TODD executed in 0.000724 seconds.
		Total time: 0.000735s
	Gate synthesis end.
	Gate synthesis begin.

in LempelX2
		Round = 0
Round 0 | Current Columns (m): 5
nullspace time: 0 ms, chi time: 0 ms
Total LempelX2 time: 0 ms
		TODD executed in 0.000562 seconds.
		Total time: 0.000572s
	Gate synthesis end.
	Gate synthesis begin.

in LempelX2
		Round = 0
Round 0 | Current Columns (m): 4
nullspace time: 0 ms, chi time: 0 ms
Total LempelX2 time: 0 ms
		TODD executed in 0.000394 seconds.
		Total time: 0.000403s
	Gate synthesis end.
	Gate synthesis begin.

in LempelX2
		Round = 0
Round 0 | Current Columns (m): 4
nullspace time: 0 ms, chi time: 0 ms
Total LempelX2 time: 0 ms
		TODD executed in 0.000338 seconds.
		Total time: 0.000347s
	Gate synthesis end.
	Gate synthesis begin.

in LempelX2
		Round = 0
Round 0 | Current Columns (m): 3
nullspace time: 0 ms, chi time: 0 ms
Total LempelX2 time: 0 ms
		TODD executed in 0.000182 seconds.
		Total time: 0.000189s
	Gate synthesis end.
	Gate synthesis begin.

in LempelX2
		Round = 0
Round 0 | Current Columns (m): 4
nullspace time: 0 ms, chi time: 0 ms
Total LempelX2 time: 0 ms
		TODD executed in 0.00035 seconds.
		Total time: 0.000359s
	Gate synthesis end.
	Gate synthesis begin.

in LempelX2
		Round = 0
Round 0 | Current Columns (m): 6
nullspace time: 0 ms, chi time: 0 ms
Total LempelX2 time: 0 ms
		TODD executed in 0.000959 seconds.
		Total time: 0.000969s
	Gate synthesis end.
	Gate synthesis begin.

in LempelX2
		Round = 0
Round 0 | Current Columns (m): 5
nullspace time: 0 ms, chi time: 0 ms
Total LempelX2 time: 0 ms
		TODD executed in 0.000612 seconds.
		Total time: 0.000624s
	Gate synthesis end.
	Gate synthesis begin.

in LempelX2
		Round = 0
Round 0 | Current Columns (m): 5
nullspace time: 0 ms, chi time: 0 ms
Total LempelX2 time: 0 ms
		TODD executed in 0.000569 seconds.
		Total time: 0.000578s
	Gate synthesis end.
	Gate synthesis begin.

in LempelX2
		Round = 0
Round 0 | Current Columns (m): 4
nullspace time: 0 ms, chi time: 0 ms
Total LempelX2 time: 0 ms
		TODD executed in 0.000333 seconds.
		Total time: 0.00034s
	Gate synthesis end.
	Gate synthesis begin.

in LempelX2
		Round = 0
Round 0 | Current Columns (m): 4
nullspace time: 0 ms, chi time: 0 ms
Total LempelX2 time: 0 ms
		TODD executed in 0.00035 seconds.
		Total time: 0.000356s
	Gate synthesis end.
	Gate synthesis begin.

in LempelX2
		Round = 0
Round 0 | Current Columns (m): 4
nullspace time: 0 ms, chi time: 0 ms
Total LempelX2 time: 0 ms
		TODD executed in 0.00032 seconds.
		Total time: 0.000329s
	Gate synthesis end.
	Gate synthesis begin.

in LempelX2
		Round = 0
Round 0 | Current Columns (m): 5
nullspace time: 0 ms, chi time: 0 ms
Total LempelX2 time: 0 ms
		TODD executed in 0.000896 seconds.
		Total time: 0.000908s
	Gate synthesis end.
	Gate synthesis begin.

in LempelX2
		Round = 0
Round 0 | Current Columns (m): 5
nullspace time: 0 ms, chi time: 0 ms
Total LempelX2 time: 0 ms
		TODD executed in 0.000614 seconds.
		Total time: 0.000628s
	Gate synthesis end.
	Gate synthesis begin.

in LempelX2
		Round = 0
Round 0 | Current Columns (m): 3
nullspace time: 0 ms, chi time: 0 ms
Total LempelX2 time: 0 ms
		TODD executed in 0.000257 seconds.
		Total time: 0.000265s
	Gate synthesis end.
	Gate synthesis begin.

in LempelX2
		Round = 0
Round 0 | Current Columns (m): 3
nullspace time: 0 ms, chi time: 0 ms
Total LempelX2 time: 0 ms
		TODD executed in 0.000172 seconds.
		Total time: 0.000179s
	Gate synthesis end.
	Gate synthesis begin.

in LempelX2
		Round = 0
Round 0 | Current Columns (m): 3
nullspace time: 0 ms, chi time: 0 ms
Total LempelX2 time: 0 ms
		TODD executed in 0.000173 seconds.
		Total time: 0.000181s
	Gate synthesis end.
	Gate synthesis begin.

in LempelX2
		Round = 0
Round 0 | Current Columns (m): 4
nullspace time: 0 ms, chi time: 0 ms
Total LempelX2 time: 0 ms
		TODD executed in 0.000356 seconds.
		Total time: 0.000365s
	Gate synthesis end.
	Gate synthesis begin.

in LempelX2
		Round = 0
Round 0 | Current Columns (m): 8
nullspace time: 1 ms, chi time: 0 ms
Total LempelX2 time: 2 ms
		TODD executed in 0.002237 seconds.
		Total time: 0.002252s
	Gate synthesis end.
	Gate synthesis begin.

in LempelX2
		Round = 0
Round 0 | Current Columns (m): 5
nullspace time: 0 ms, chi time: 0 ms
Total LempelX2 time: 0 ms
		TODD executed in 0.000703 seconds.
		Total time: 0.000712s
	Gate synthesis end.
	Gate synthesis begin.

in LempelX2
		Round = 0
Round 0 | Current Columns (m): 5
nullspace time: 0 ms, chi time: 0 ms
Total LempelX2 time: 0 ms
		TODD executed in 0.00056 seconds.
		Total time: 0.000569s
	Gate synthesis end.
	Gate synthesis begin.

in LempelX2
		Round = 0
Round 0 | Current Columns (m): 4
nullspace time: 0 ms, chi time: 0 ms
Total LempelX2 time: 0 ms
		TODD executed in 0.000551 seconds.
		Total time: 0.000595s
	Gate synthesis end.
	Gate synthesis begin.

in LempelX2
		Round = 0
Round 0 | Current Columns (m): 4
nullspace time: 0 ms, chi time: 0 ms
Total LempelX2 time: 0 ms
		TODD executed in 0.000335 seconds.
		Total time: 0.000344s
	Gate synthesis end.
	Gate synthesis begin.

in LempelX2
		Round = 0
Round 0 | Current Columns (m): 4
nullspace time: 0 ms, chi time: 0 ms
Total LempelX2 time: 0 ms
		TODD executed in 0.000342 seconds.
		Total time: 0.000349s
	Gate synthesis end.
	Gate synthesis begin.

in LempelX2
		Round = 0
Round 0 | Current Columns (m): 5
nullspace time: 0 ms, chi time: 0 ms
Total LempelX2 time: 0 ms
		TODD executed in 0.000622 seconds.
		Total time: 0.000634s
	Gate synthesis end.
	Gate synthesis begin.

in LempelX2
		Round = 0
Round 0 | Current Columns (m): 5
nullspace time: 0 ms, chi time: 0 ms
Total LempelX2 time: 0 ms
		TODD executed in 0.000617 seconds.
		Total time: 0.000626s
	Gate synthesis end.
	Gate synthesis begin.

in LempelX2
		Round = 0
Round 0 | Current Columns (m): 3
nullspace time: 0 ms, chi time: 0 ms
Total LempelX2 time: 0 ms
		TODD executed in 0.000173 seconds.
		Total time: 0.000178s
	Gate synthesis end.
	Gate synthesis begin.

in LempelX2
		Round = 0
Round 0 | Current Columns (m): 3
nullspace time: 0 ms, chi time: 0 ms
Total LempelX2 time: 0 ms
		TODD executed in 0.000209 seconds.
		Total time: 0.000215s
	Gate synthesis end.
	Gate synthesis begin.

in LempelX2
		Round = 0
Round 0 | Current Columns (m): 3
nullspace time: 0 ms, chi time: 0 ms
Total LempelX2 time: 0 ms
		TODD executed in 0.000211 seconds.
		Total time: 0.000219s
	Gate synthesis end.
	Gate synthesis begin.

in LempelX2
		Round = 0
Round 0 | Current Columns (m): 4
nullspace time: 0 ms, chi time: 0 ms
Total LempelX2 time: 0 ms
		TODD executed in 0.000361 seconds.
		Total time: 0.00037s
	Gate synthesis end.
	Gate synthesis begin.

in LempelX2
		Round = 0
Round 0 | Current Columns (m): 8
nullspace time: 1 ms, chi time: 0 ms
Total LempelX2 time: 2 ms
		TODD executed in 0.002166 seconds.
		Total time: 0.002179s
	Gate synthesis end.
	Gate synthesis begin.

in LempelX2
		Round = 0
Round 0 | Current Columns (m): 5
nullspace time: 0 ms, chi time: 0 ms
Total LempelX2 time: 0 ms
		TODD executed in 0.000575 seconds.
		Total time: 0.000584s
	Gate synthesis end.
	Gate synthesis begin.

in LempelX2
		Round = 0
Round 0 | Current Columns (m): 5
nullspace time: 0 ms, chi time: 0 ms
Total LempelX2 time: 0 ms
		TODD executed in 0.000618 seconds.
		Total time: 0.000628s
	Gate synthesis end.
	Gate synthesis begin.

in LempelX2
		Round = 0
Round 0 | Current Columns (m): 4
nullspace time: 0 ms, chi time: 0 ms
Total LempelX2 time: 0 ms
		TODD executed in 0.000405 seconds.
		Total time: 0.000412s
	Gate synthesis end.
	Gate synthesis begin.

in LempelX2
		Round = 0
Round 0 | Current Columns (m): 4
nullspace time: 0 ms, chi time: 0 ms
Total LempelX2 time: 0 ms
		TODD executed in 0.000342 seconds.
		Total time: 0.00035s
	Gate synthesis end.
	Gate synthesis begin.

in LempelX2
		Round = 0
Round 0 | Current Columns (m): 4
nullspace time: 0 ms, chi time: 0 ms
Total LempelX2 time: 0 ms
		TODD executed in 0.000331 seconds.
		Total time: 0.000339s
	Gate synthesis end.
	Gate synthesis begin.

in LempelX2
		Round = 0
Round 0 | Current Columns (m): 5
nullspace time: 0 ms, chi time: 0 ms
Total LempelX2 time: 0 ms
		TODD executed in 0.000566 seconds.
		Total time: 0.000576s
	Gate synthesis end.
	Gate synthesis begin.

in LempelX2
		Round = 0
Round 0 | Current Columns (m): 5
nullspace time: 0 ms, chi time: 0 ms
Total LempelX2 time: 0 ms
		TODD executed in 0.000617 seconds.
		Total time: 0.000627s
	Gate synthesis end.
	Gate synthesis begin.

in LempelX2
		Round = 0
Round 0 | Current Columns (m): 3
nullspace time: 0 ms, chi time: 0 ms
Total LempelX2 time: 0 ms
		TODD executed in 0.000253 seconds.
		Total time: 0.000263s
	Gate synthesis end.
	Gate synthesis begin.

in LempelX2
		Round = 0
Round 0 | Current Columns (m): 3
nullspace time: 0 ms, chi time: 0 ms
Total LempelX2 time: 0 ms
		TODD executed in 0.000176 seconds.
		Total time: 0.000183s
	Gate synthesis end.
	Gate synthesis begin.

in LempelX2
		Round = 0
Round 0 | Current Columns (m): 4
nullspace time: 0 ms, chi time: 0 ms
Total LempelX2 time: 0 ms
		TODD executed in 0.000405 seconds.
		Total time: 0.000413s
	Gate synthesis end.
	Gate synthesis begin.

in LempelX2
		Round = 0
Round 0 | Current Columns (m): 4
nullspace time: 0 ms, chi time: 0 ms
Total LempelX2 time: 0 ms
		TODD executed in 0.000377 seconds.
		Total time: 0.000388s
	Gate synthesis end.
	Gate synthesis begin.

in LempelX2
		Round = 0
Round 0 | Current Columns (m): 7
nullspace time: 0 ms, chi time: 0 ms
Total LempelX2 time: 1 ms
		TODD executed in 0.001393 seconds.
		Total time: 0.001405s
	Gate synthesis end.
	Gate synthesis begin.

in LempelX2
		Round = 0
Round 0 | Current Columns (m): 5
nullspace time: 0 ms, chi time: 0 ms
Total LempelX2 time: 0 ms
		TODD executed in 0.000553 seconds.
		Total time: 0.000561s
	Gate synthesis end.
	Gate synthesis begin.

in LempelX2
		Round = 0
Round 0 | Current Columns (m): 5
nullspace time: 0 ms, chi time: 0 ms
Total LempelX2 time: 0 ms
		TODD executed in 0.000552 seconds.
		Total time: 0.00056s
	Gate synthesis end.
	Gate synthesis begin.

in LempelX2
		Round = 0
Round 0 | Current Columns (m): 4
nullspace time: 0 ms, chi time: 0 ms
Total LempelX2 time: 0 ms
		TODD executed in 0.000347 seconds.
		Total time: 0.000354s
	Gate synthesis end.
	Gate synthesis begin.

in LempelX2
		Round = 0
Round 0 | Current Columns (m): 4
nullspace time: 0 ms, chi time: 0 ms
Total LempelX2 time: 0 ms
		TODD executed in 0.000456 seconds.
		Total time: 0.000467s
	Gate synthesis end.
	Gate synthesis begin.

in LempelX2
		Round = 0
Round 0 | Current Columns (m): 4
nullspace time: 0 ms, chi time: 0 ms
Total LempelX2 time: 0 ms
		TODD executed in 0.000349 seconds.
		Total time: 0.000357s
	Gate synthesis end.
	Gate synthesis begin.

in LempelX2
		Round = 0
Round 0 | Current Columns (m): 5
nullspace time: 0 ms, chi time: 0 ms
Total LempelX2 time: 0 ms
		TODD executed in 0.000669 seconds.
		Total time: 0.000681s
	Gate synthesis end.
	Gate synthesis begin.

in LempelX2
		Round = 0
Round 0 | Current Columns (m): 5
nullspace time: 0 ms, chi time: 0 ms
Total LempelX2 time: 0 ms
		TODD executed in 0.000611 seconds.
		Total time: 0.000621s
	Gate synthesis end.
	Gate synthesis begin.

in LempelX2
		Round = 0
Round 0 | Current Columns (m): 3
nullspace time: 0 ms, chi time: 0 ms
Total LempelX2 time: 0 ms
		TODD executed in 0.000187 seconds.
		Total time: 0.000194s
	Gate synthesis end.
	Gate synthesis begin.

in LempelX2
		Round = 0
Round 0 | Current Columns (m): 3
nullspace time: 0 ms, chi time: 0 ms
Total LempelX2 time: 0 ms
		TODD executed in 0.00017 seconds.
		Total time: 0.000175s
	Gate synthesis end.
	Gate synthesis begin.

in LempelX2
		Round = 0
Round 0 | Current Columns (m): 3
nullspace time: 0 ms, chi time: 0 ms
Total LempelX2 time: 0 ms
		TODD executed in 0.000174 seconds.
		Total time: 0.000184s
	Gate synthesis end.
	Gate synthesis begin.

in LempelX2
		Round = 0
Round 0 | Current Columns (m): 4
nullspace time: 0 ms, chi time: 0 ms
Total LempelX2 time: 0 ms
		TODD executed in 0.000339 seconds.
		Total time: 0.000348s
	Gate synthesis end.
	Gate synthesis begin.

in LempelX2
		Round = 0
Round 0 | Current Columns (m): 8
nullspace time: 1 ms, chi time: 0 ms
Total LempelX2 time: 1 ms
		TODD executed in 0.001986 seconds.
		Total time: 0.002001s
	Gate synthesis end.
	Gate synthesis begin.

in LempelX2
		Round = 0
Round 0 | Current Columns (m): 5
nullspace time: 0 ms, chi time: 0 ms
Total LempelX2 time: 0 ms
		TODD executed in 0.000624 seconds.
		Total time: 0.000633s
	Gate synthesis end.
	Gate synthesis begin.

in LempelX2
		Round = 0
Round 0 | Current Columns (m): 5
nullspace time: 0 ms, chi time: 0 ms
Total LempelX2 time: 0 ms
		TODD executed in 0.000763 seconds.
		Total time: 0.000777s
	Gate synthesis end.
	Gate synthesis begin.

in LempelX2
		Round = 0
Round 0 | Current Columns (m): 4
nullspace time: 0 ms, chi time: 0 ms
Total LempelX2 time: 0 ms
		TODD executed in 0.000357 seconds.
		Total time: 0.000366s
	Gate synthesis end.
	Gate synthesis begin.

in LempelX2
		Round = 0
Round 0 | Current Columns (m): 4
nullspace time: 0 ms, chi time: 0 ms
Total LempelX2 time: 0 ms
		TODD executed in 0.000338 seconds.
		Total time: 0.000346s
	Gate synthesis end.
	Gate synthesis begin.

in LempelX2
		Round = 0
Round 0 | Current Columns (m): 4
nullspace time: 0 ms, chi time: 0 ms
Total LempelX2 time: 0 ms
		TODD executed in 0.000336 seconds.
		Total time: 0.000345s
	Gate synthesis end.
	Gate synthesis begin.

in LempelX2
		Round = 0
Round 0 | Current Columns (m): 5
nullspace time: 0 ms, chi time: 0 ms
Total LempelX2 time: 0 ms
		TODD executed in 0.000561 seconds.
		Total time: 0.00057s
	Gate synthesis end.
	Gate synthesis begin.

in LempelX2
		Round = 0
Round 0 | Current Columns (m): 5
nullspace time: 0 ms, chi time: 0 ms
Total LempelX2 time: 0 ms
		TODD executed in 0.00059 seconds.
		Total time: 0.0006s
	Gate synthesis end.
	Gate synthesis begin.

in LempelX2
		Round = 0
Round 0 | Current Columns (m): 3
nullspace time: 0 ms, chi time: 0 ms
Total LempelX2 time: 0 ms
		TODD executed in 0.000201 seconds.
		Total time: 0.000209s
	Gate synthesis end.
	Gate synthesis begin.

in LempelX2
		Round = 0
Round 0 | Current Columns (m): 3
nullspace time: 0 ms, chi time: 0 ms
Total LempelX2 time: 0 ms
		TODD executed in 0.000173 seconds.
		Total time: 0.00018s
	Gate synthesis end.
	Gate synthesis begin.

in LempelX2
		Round = 0
Round 0 | Current Columns (m): 3
nullspace time: 0 ms, chi time: 0 ms
Total LempelX2 time: 0 ms
		TODD executed in 0.000317 seconds.
		Total time: 0.000326s
	Gate synthesis end.
	Gate synthesis begin.

in LempelX2
		Round = 0
Round 0 | Current Columns (m): 4
nullspace time: 0 ms, chi time: 0 ms
Total LempelX2 time: 0 ms
		TODD executed in 0.000352 seconds.
		Total time: 0.00036s
	Gate synthesis end.
	Gate synthesis begin.

in LempelX2
		Round = 0
Round 0 | Current Columns (m): 8
nullspace time: 1 ms, chi time: 0 ms
Total LempelX2 time: 2 ms
		TODD executed in 0.002208 seconds.
		Total time: 0.002228s
	Gate synthesis end.
	Gate synthesis begin.

in LempelX2
		Round = 0
Round 0 | Current Columns (m): 5
nullspace time: 0 ms, chi time: 0 ms
Total LempelX2 time: 0 ms
		TODD executed in 0.000582 seconds.
		Total time: 0.000591s
	Gate synthesis end.
	Gate synthesis begin.

in LempelX2
		Round = 0
Round 0 | Current Columns (m): 5
nullspace time: 0 ms, chi time: 0 ms
Total LempelX2 time: 0 ms
		TODD executed in 0.000571 seconds.
		Total time: 0.00058s
	Gate synthesis end.
	Gate synthesis begin.

in LempelX2
		Round = 0
Round 0 | Current Columns (m): 4
nullspace time: 0 ms, chi time: 0 ms
Total LempelX2 time: 0 ms
		TODD executed in 0.000341 seconds.
		Total time: 0.00035s
	Gate synthesis end.
	Gate synthesis begin.

in LempelX2
		Round = 0
Round 0 | Current Columns (m): 4
nullspace time: 0 ms, chi time: 0 ms
Total LempelX2 time: 0 ms
		TODD executed in 0.000387 seconds.
		Total time: 0.000398s
	Gate synthesis end.
	Gate synthesis begin.

in LempelX2
		Round = 0
Round 0 | Current Columns (m): 4
nullspace time: 0 ms, chi time: 0 ms
Total LempelX2 time: 0 ms
		TODD executed in 0.000354 seconds.
		Total time: 0.00036s
	Gate synthesis end.
	Gate synthesis begin.

in LempelX2
		Round = 0
Round 0 | Current Columns (m): 5
nullspace time: 0 ms, chi time: 0 ms
Total LempelX2 time: 0 ms
		TODD executed in 0.000578 seconds.
		Total time: 0.000588s
	Gate synthesis end.
	Gate synthesis begin.

in LempelX2
		Round = 0
Round 0 | Current Columns (m): 5
nullspace time: 0 ms, chi time: 0 ms
Total LempelX2 time: 0 ms
		TODD executed in 0.000564 seconds.
		Total time: 0.000573s
	Gate synthesis end.
	Gate synthesis begin.

in LempelX2
		Round = 0
Round 0 | Current Columns (m): 3
nullspace time: 0 ms, chi time: 0 ms
Total LempelX2 time: 0 ms
		TODD executed in 0.000173 seconds.
		Total time: 0.00018s
	Gate synthesis end.
	Gate synthesis begin.

in LempelX2
		Round = 0
Round 0 | Current Columns (m): 3
nullspace time: 0 ms, chi time: 0 ms
Total LempelX2 time: 0 ms
		TODD executed in 0.000238 seconds.
		Total time: 0.000248s
	Gate synthesis end.
	Gate synthesis begin.

in LempelX2
		Round = 0
Round 0 | Current Columns (m): 3
nullspace time: 0 ms, chi time: 0 ms
Total LempelX2 time: 0 ms
		TODD executed in 0.000172 seconds.
		Total time: 0.000181s
	Gate synthesis end.
	Gate synthesis begin.

in LempelX2
		Round = 0
Round 0 | Current Columns (m): 5
nullspace time: 0 ms, chi time: 0 ms
Total LempelX2 time: 0 ms
		TODD executed in 0.00064 seconds.
		Total time: 0.000651s
	Gate synthesis end.
	Gate synthesis begin.

in LempelX2
		Round = 0
Round 0 | Current Columns (m): 7
nullspace time: 0 ms, chi time: 0 ms
Total LempelX2 time: 1 ms
		TODD executed in 0.001474 seconds.
		Total time: 0.001488s
	Gate synthesis end.
	Gate synthesis begin.

in LempelX2
		Round = 0
Round 0 | Current Columns (m): 5
nullspace time: 0 ms, chi time: 0 ms
Total LempelX2 time: 0 ms
		TODD executed in 0.000584 seconds.
		Total time: 0.000594s
	Gate synthesis end.
	Gate synthesis begin.

in LempelX2
		Round = 0
Round 0 | Current Columns (m): 5
nullspace time: 0 ms, chi time: 0 ms
Total LempelX2 time: 0 ms
		TODD executed in 0.000589 seconds.
		Total time: 0.0006s
	Gate synthesis end.
	Gate synthesis begin.

in LempelX2
		Round = 0
Round 0 | Current Columns (m): 4
nullspace time: 0 ms, chi time: 0 ms
Total LempelX2 time: 0 ms
		TODD executed in 0.000349 seconds.
		Total time: 0.000358s
	Gate synthesis end.
	Gate synthesis begin.

in LempelX2
		Round = 0
Round 0 | Current Columns (m): 4
nullspace time: 0 ms, chi time: 0 ms
Total LempelX2 time: 0 ms
		TODD executed in 0.00043 seconds.
		Total time: 0.000439s
	Gate synthesis end.
	Gate synthesis begin.

in LempelX2
		Round = 0
Round 0 | Current Columns (m): 4
nullspace time: 0 ms, chi time: 0 ms
Total LempelX2 time: 0 ms
		TODD executed in 0.000395 seconds.
		Total time: 0.000405s
	Gate synthesis end.
	Gate synthesis begin.

in LempelX2
		Round = 0
Round 0 | Current Columns (m): 5
nullspace time: 0 ms, chi time: 0 ms
Total LempelX2 time: 0 ms
		TODD executed in 0.000589 seconds.
		Total time: 0.000599s
	Gate synthesis end.
	Gate synthesis begin.

in LempelX2
		Round = 0
Round 0 | Current Columns (m): 5
nullspace time: 0 ms, chi time: 0 ms
Total LempelX2 time: 0 ms
		TODD executed in 0.000578 seconds.
		Total time: 0.000587s
	Gate synthesis end.
	Gate synthesis begin.

in LempelX2
		Round = 0
Round 0 | Current Columns (m): 3
nullspace time: 0 ms, chi time: 0 ms
Total LempelX2 time: 0 ms
		TODD executed in 0.000179 seconds.
		Total time: 0.000184s
	Gate synthesis end.
	Gate synthesis begin.

in LempelX2
		Round = 0
Round 0 | Current Columns (m): 3
nullspace time: 0 ms, chi time: 0 ms
Total LempelX2 time: 0 ms
		TODD executed in 0.00017 seconds.
		Total time: 0.000177s
	Gate synthesis end.
	Gate synthesis begin.

in LempelX2
		Round = 0
Round 0 | Current Columns (m): 4
nullspace time: 0 ms, chi time: 0 ms
Total LempelX2 time: 0 ms
		TODD executed in 0.000355 seconds.
		Total time: 0.000361s
	Gate synthesis end.
	Gate synthesis begin.

in LempelX2
		Round = 0
Round 0 | Current Columns (m): 4
nullspace time: 0 ms, chi time: 0 ms
Total LempelX2 time: 0 ms
		TODD executed in 0.000483 seconds.
		Total time: 0.000493s
	Gate synthesis end.
	Gate synthesis begin.

in LempelX2
		Round = 0
Round 0 | Current Columns (m): 7
nullspace time: 0 ms, chi time: 0 ms
Total LempelX2 time: 1 ms
		TODD executed in 0.00148 seconds.
		Total time: 0.001494s
	Gate synthesis end.
	Gate synthesis begin.

in LempelX2
		Round = 0
Round 0 | Current Columns (m): 5
nullspace time: 0 ms, chi time: 0 ms
Total LempelX2 time: 0 ms
		TODD executed in 0.000681 seconds.
		Total time: 0.00069s
	Gate synthesis end.
	Gate synthesis begin.

in LempelX2
		Round = 0
Round 0 | Current Columns (m): 5
nullspace time: 0 ms, chi time: 0 ms
Total LempelX2 time: 0 ms
		TODD executed in 0.000656 seconds.
		Total time: 0.000666s
	Gate synthesis end.
	Gate synthesis begin.

in LempelX2
		Round = 0
Round 0 | Current Columns (m): 4
nullspace time: 0 ms, chi time: 0 ms
Total LempelX2 time: 0 ms
		TODD executed in 0.000435 seconds.
		Total time: 0.000443s
	Gate synthesis end.
	Gate synthesis begin.

in LempelX2
		Round = 0
Round 0 | Current Columns (m): 4
nullspace time: 0 ms, chi time: 0 ms
Total LempelX2 time: 0 ms
		TODD executed in 0.000367 seconds.
		Total time: 0.000375s
	Gate synthesis end.
	Gate synthesis begin.

in LempelX2
		Round = 0
Round 0 | Current Columns (m): 4
nullspace time: 0 ms, chi time: 0 ms
Total LempelX2 time: 0 ms
		TODD executed in 0.000344 seconds.
		Total time: 0.000353s
	Gate synthesis end.
	Gate synthesis begin.

in LempelX2
		Round = 0
Round 0 | Current Columns (m): 5
nullspace time: 0 ms, chi time: 0 ms
Total LempelX2 time: 0 ms
		TODD executed in 0.000567 seconds.
		Total time: 0.000576s
	Gate synthesis end.
	Gate synthesis begin.

in LempelX2
		Round = 0
Round 0 | Current Columns (m): 5
nullspace time: 0 ms, chi time: 0 ms
Total LempelX2 time: 0 ms
		TODD executed in 0.000612 seconds.
		Total time: 0.000624s
	Gate synthesis end.
	Gate synthesis begin.

in LempelX2
		Round = 0
Round 0 | Current Columns (m): 3
nullspace time: 0 ms, chi time: 0 ms
Total LempelX2 time: 0 ms
		TODD executed in 0.000174 seconds.
		Total time: 0.000181s
	Gate synthesis end.
	Gate synthesis begin.

in LempelX2
		Round = 0
Round 0 | Current Columns (m): 3
nullspace time: 0 ms, chi time: 0 ms
Total LempelX2 time: 0 ms
		TODD executed in 0.000169 seconds.
		Total time: 0.000176s
	Gate synthesis end.
	Gate synthesis begin.

in LempelX2
		Round = 0
Round 0 | Current Columns (m): 4
nullspace time: 0 ms, chi time: 0 ms
Total LempelX2 time: 0 ms
		TODD executed in 0.000328 seconds.
		Total time: 0.000336s
	Gate synthesis end.
	Gate synthesis begin.

in LempelX2
		Round = 0
Round 0 | Current Columns (m): 4
nullspace time: 0 ms, chi time: 0 ms
Total LempelX2 time: 0 ms
		TODD executed in 0.000346 seconds.
		Total time: 0.000354s
	Gate synthesis end.
	Gate synthesis begin.

in LempelX2
		Round = 0
Round 0 | Current Columns (m): 7
nullspace time: 0 ms, chi time: 0 ms
Total LempelX2 time: 1 ms
		TODD executed in 0.0015 seconds.
		Total time: 0.001511s
	Gate synthesis end.
	Gate synthesis begin.

in LempelX2
		Round = 0
Round 0 | Current Columns (m): 5
nullspace time: 0 ms, chi time: 0 ms
Total LempelX2 time: 0 ms
		TODD executed in 0.000572 seconds.
		Total time: 0.00058s
	Gate synthesis end.
	Gate synthesis begin.

in LempelX2
		Round = 0
Round 0 | Current Columns (m): 5
nullspace time: 0 ms, chi time: 0 ms
Total LempelX2 time: 0 ms
		TODD executed in 0.000592 seconds.
		Total time: 0.000604s
	Gate synthesis end.
	Gate synthesis begin.

in LempelX2
		Round = 0
Round 0 | Current Columns (m): 4
nullspace time: 0 ms, chi time: 0 ms
Total LempelX2 time: 0 ms
		TODD executed in 0.000364 seconds.
		Total time: 0.000373s
	Gate synthesis end.
	Gate synthesis begin.

in LempelX2
		Round = 0
Round 0 | Current Columns (m): 4
nullspace time: 0 ms, chi time: 0 ms
Total LempelX2 time: 0 ms
		TODD executed in 0.000347 seconds.
		Total time: 0.000356s
	Gate synthesis end.
	Gate synthesis begin.

in LempelX2
		Round = 0
Round 0 | Current Columns (m): 4
nullspace time: 0 ms, chi time: 0 ms
Total LempelX2 time: 0 ms
		TODD executed in 0.000395 seconds.
		Total time: 0.000405s
	Gate synthesis end.
	Gate synthesis begin.

in LempelX2
		Round = 0
Round 0 | Current Columns (m): 5
nullspace time: 0 ms, chi time: 0 ms
Total LempelX2 time: 0 ms
		TODD executed in 0.000569 seconds.
		Total time: 0.000578s
	Gate synthesis end.
	Gate synthesis begin.

in LempelX2
		Round = 0
Round 0 | Current Columns (m): 5
nullspace time: 0 ms, chi time: 0 ms
Total LempelX2 time: 0 ms
		TODD executed in 0.000618 seconds.
		Total time: 0.000627s
	Gate synthesis end.
	Gate synthesis begin.

in LempelX2
		Round = 0
Round 0 | Current Columns (m): 3
nullspace time: 0 ms, chi time: 0 ms
Total LempelX2 time: 0 ms
		TODD executed in 0.000173 seconds.
		Total time: 0.000181s
	Gate synthesis end.
	Gate synthesis begin.

in LempelX2
		Round = 0
Round 0 | Current Columns (m): 3
nullspace time: 0 ms, chi time: 0 ms
Total LempelX2 time: 0 ms
		TODD executed in 0.00017 seconds.
		Total time: 0.000177s
	Gate synthesis end.
	Gate synthesis begin.

in LempelX2
		Round = 0
Round 0 | Current Columns (m): 4
nullspace time: 0 ms, chi time: 0 ms
Total LempelX2 time: 0 ms
		TODD executed in 0.000341 seconds.
		Total time: 0.000349s
	Gate synthesis end.
	Gate synthesis begin.

in LempelX2
		Round = 0
Round 0 | Current Columns (m): 5
nullspace time: 0 ms, chi time: 0 ms
Total LempelX2 time: 0 ms
		TODD executed in 0.000585 seconds.
		Total time: 0.000594s
	Gate synthesis end.
	Gate synthesis begin.

in LempelX2
		Round = 0
Round 0 | Current Columns (m): 6
nullspace time: 0 ms, chi time: 0 ms
Total LempelX2 time: 1 ms
		TODD executed in 0.001176 seconds.
		Total time: 0.001189s
	Gate synthesis end.
	Gate synthesis begin.

in LempelX2
		Round = 0
Round 0 | Current Columns (m): 5
nullspace time: 0 ms, chi time: 0 ms
Total LempelX2 time: 0 ms
		TODD executed in 0.000683 seconds.
		Total time: 0.000697s
	Gate synthesis end.
	Gate synthesis begin.

in LempelX2
		Round = 0
Round 0 | Current Columns (m): 5
nullspace time: 0 ms, chi time: 0 ms
Total LempelX2 time: 0 ms
		TODD executed in 0.000622 seconds.
		Total time: 0.000636s
	Gate synthesis end.
	Gate synthesis begin.

in LempelX2
		Round = 0
Round 0 | Current Columns (m): 4
nullspace time: 0 ms, chi time: 0 ms
Total LempelX2 time: 0 ms
		TODD executed in 0.000336 seconds.
		Total time: 0.000346s
	Gate synthesis end.
	Gate synthesis begin.

in LempelX2
		Round = 0
Round 0 | Current Columns (m): 4
nullspace time: 0 ms, chi time: 0 ms
Total LempelX2 time: 0 ms
		TODD executed in 0.000467 seconds.
		Total time: 0.000476s
	Gate synthesis end.
	Gate synthesis begin.

in LempelX2
		Round = 0
Round 0 | Current Columns (m): 4
nullspace time: 0 ms, chi time: 0 ms
Total LempelX2 time: 0 ms
		TODD executed in 0.00034 seconds.
		Total time: 0.000347s
	Gate synthesis end.
	Gate synthesis begin.

in LempelX2
		Round = 0
Round 0 | Current Columns (m): 5
nullspace time: 0 ms, chi time: 0 ms
Total LempelX2 time: 0 ms
		TODD executed in 0.000558 seconds.
		Total time: 0.000568s
	Gate synthesis end.
	Gate synthesis begin.

in LempelX2
		Round = 0
Round 0 | Current Columns (m): 6
nullspace time: 0 ms, chi time: 0 ms
Total LempelX2 time: 0 ms
		TODD executed in 0.000953 seconds.
		Total time: 0.000964s
	Gate synthesis end.
	Gate synthesis begin.

in LempelX2
		Round = 0
Round 0 | Current Columns (m): 4
nullspace time: 0 ms, chi time: 0 ms
Total LempelX2 time: 0 ms
		TODD executed in 0.000397 seconds.
		Total time: 0.000405s
	Gate synthesis end.
	Gate synthesis begin.

in LempelX2
		Round = 0
Round 0 | Current Columns (m): 4
nullspace time: 0 ms, chi time: 0 ms
Total LempelX2 time: 0 ms
		TODD executed in 0.000339 seconds.
		Total time: 0.000348s
	Gate synthesis end.
	Gate synthesis begin.

in LempelX2
		Round = 0
Round 0 | Current Columns (m): 4
nullspace time: 0 ms, chi time: 0 ms
Total LempelX2 time: 0 ms
		TODD executed in 0.000384 seconds.
		Total time: 0.000393s
	Gate synthesis end.
	Gate synthesis begin.

in LempelX2
		Round = 0
Round 0 | Current Columns (m): 4
nullspace time: 0 ms, chi time: 0 ms
Total LempelX2 time: 0 ms
		TODD executed in 0.000449 seconds.
		Total time: 0.000458s
	Gate synthesis end.
	Input has T-Count zero. Outputting the input.
	Total time: 2.75567s
UniversalOptimize end.
Output circuit:
n 12
n_x 12
n_y 0
n_z 0
m 28501
[0] = H 10
[1] = H 9
[2] = H 11
[3] = H 12
[4] = T 2
[5] = S 2
[6] = CNOT 1 4
[7] = CNOT 1 5
[8] = CNOT 1 8
[9] = T 1
[10] = CNOT 1 2
[11] = T 1
[12] = CNOT 1 8
[13] = CNOT 1 5
[14] = CNOT 1 4
[15] = CNOT 1 2
[16] = T 10
[17] = T 8
[18] = S 8
[19] = T 9
[20] = T 11
[21] = T 12
[22] = S 1
[23] = S 4
[24] = S 5
[25] = CNOT 1 2
[26] = CNOT 1 4
[27] = S 1
[28] = Z 1
[29] = CNOT 1 4
[30] = CNOT 1 5
[31] = S 1
[32] = Z 1
[33] = CNOT 1 5
[34] = CNOT 1 8
[35] = S 1
[36] = Z 1
[37] = CNOT 1 8
[38] = CNOT 1 2
[39] = CNOT 1 4
[40] = CNOT 1 5
[41] = S 1
[42] = Z 1
[43] = CNOT 1 5
[44] = CNOT 1 8
[45] = S 1
[46] = Z 1
[47] = CNOT 1 4
[48] = CNOT 1 5
[49] = S 1
[50] = Z 1
[51] = CNOT 1 8
[52] = CNOT 1 5
[53] = CNOT 2 4
[54] = CNOT 2 5
[55] = S 2
[56] = Z 2
[57] = CNOT 2 5
[58] = CNOT 2 8
[59] = S 2
[60] = Z 2
[61] = CNOT 2 4
[62] = CNOT 2 5
[63] = S 2
[64] = Z 2
[65] = CNOT 2 8
[66] = CNOT 2 5
[67] = CNOT 4 5
[68] = CNOT 4 8
[69] = S 4
[70] = Z 4
[71] = CNOT 4 8
[72] = CNOT 4 5
[73] = CNOT 7 8
[74] = CNOT 6 8
[75] = CNOT 5 8
[76] = CNOT 6 7
[77] = CNOT 3 7
[78] = CNOT 1 7
[79] = CNOT 7 6
[80] = CNOT 4 6
[81] = CNOT 1 6
[82] = CNOT 6 7
[83] = CNOT 8 5
[84] = CNOT 3 5
[85] = CNOT 1 5
[86] = CNOT 5 8
[87] = CNOT 8 4
[88] = CNOT 5 4
[89] = CNOT 3 4
[90] = CNOT 1 4
[91] = CNOT 4 5
[92] = CNOT 6 3
[93] = CNOT 3 6
[94] = CNOT 1 2
[95] = CNOT 5 1
[96] = CNOT 3 1
[97] = CNOT 1 3
[98] = H 8
[99] = T 8
[100] = Z 8
[101] = CNOT 3 8
[102] = T 3
[103] = Z 3
[104] = CNOT 3 8
[105] = CNOT 2 3
[106] = CNOT 2 8
[107] = T 2
[108] = S 2
[109] = Z 2
[110] = CNOT 2 3
[111] = T 2
[112] = S 2
[113] = Z 2
[114] = CNOT 2 8
[115] = CNOT 2 3
[116] = T 2
[117] = Z 2
[118] = CNOT 2 3
[119] = Z 2
[120] = CNOT 3 2
[121] = H 8
[122] = H 2
[123] = T 2
[124] = CNOT 3 8
[125] = T 3
[126] = S 3
[127] = CNOT 3 8
[128] = CNOT 2 3
[129] = CNOT 2 8
[130] = T 2
[131] = CNOT 2 3
[132] = T 2
[133] = S 2
[134] = CNOT 2 8
[135] = CNOT 2 3
[136] = T 2
[137] = S 2
[138] = CNOT 2 3
[139] = S 8
[140] = CNOT 6 8
[141] = H 2
[142] = H 6
[143] = CNOT 2 5
[144] = T 2
[145] = Z 2
[146] = CNOT 2 8
[147] = T 2
[148] = S 2
[149] = Z 2
[150] = CNOT 2 5
[151] = T 6
[152] = Z 2
[153] = CNOT 2 8
[154] = CNOT 5 8
[155] = Z 5
[156] = CNOT 5 8
[157] = CNOT 8 5
[158] = CNOT 8 2
[159] = CNOT 5 2
[160] = H 2
[161] = T 2
[162] = Z 2
[163] = CNOT 2 8
[164] = T 2
[165] = Z 2
[166] = CNOT 2 5
[167] = T 2
[168] = S 2
[169] = Z 2
[170] = CNOT 2 8
[171] = T 2
[172] = S 2
[173] = Z 2
[174] = CNOT 2 5
[175] = CNOT 5 8
[176] = T 5
[177] = Z 5
[178] = CNOT 5 8
[179] = Z 5
[180] = CNOT 8 5
[181] = H 2
[182] = H 5
[183] = T 5
[184] = CNOT 2 8
[185] = T 2
[186] = S 2
[187] = CNOT 2 5
[188] = T 2
[189] = CNOT 2 8
[190] = CNOT 2 5
[191] = CNOT 5 8
[192] = T 5
[193] = S 5
[194] = CNOT 5 8
[195] = CNOT 2 5
[196] = T 2
[197] = S 2
[198] = CNOT 2 5
[199] = T 8
[200] = S 2
[201] = H 5
[202] = CNOT 5 7
[203] = T 5
[204] = Z 5
[205] = CNOT 5 8
[206] = T 5
[207] = S 5
[208] = Z 5
[209] = CNOT 5 7
[210] = Z 5
[211] = CNOT 5 8
[212] = CNOT 7 8
[213] = Z 7
[214] = CNOT 7 8
[215] = CNOT 8 7
[216] = CNOT 8 5
[217] = CNOT 7 5
[218] = H 5
[219] = T 5
[220] = Z 5
[221] = CNOT 5 8
[222] = T 5
[223] = Z 5
[224] = CNOT 5 7
[225] = T 5
[226] = S 5
[227] = Z 5
[228] = CNOT 5 8
[229] = T 5
[230] = S 5
[231] = Z 5
[232] = CNOT 5 7
[233] = CNOT 7 8
[234] = T 7
[235] = Z 7
[236] = CNOT 7 8
[237] = CNOT 2 7
[238] = CNOT 2 8
[239] = T 2
[240] = S 2
[241] = Z 2
[242] = CNOT 2 6
[243] = T 2
[244] = CNOT 2 8
[245] = CNOT 2 7
[246] = CNOT 2 6
[247] = CNOT 6 7
[248] = CNOT 6 8
[249] = T 6
[250] = S 6
[251] = Z 6
[252] = CNOT 6 8
[253] = CNOT 6 7
[254] = CNOT 2 6
[255] = T 2
[256] = S 2
[257] = CNOT 2 6
[258] = CNOT 2 3
[259] = T 2
[260] = CNOT 2 3
[261] = Z 2
[262] = Z 6
[263] = Z 7
[264] = CNOT 2 7
[265] = Z 2
[266] = CNOT 2 7
[267] = CNOT 2 8
[268] = Z 2
[269] = CNOT 2 8
[270] = CNOT 6 7
[271] = Z 6
[272] = CNOT 6 7
[273] = CNOT 6 8
[274] = Z 6
[275] = CNOT 6 8
[276] = CNOT 8 7
[277] = CNOT 2 3
[278] = CNOT 8 1
[279] = H 5
[280] = H 6
[281] = CNOT 1 3
[282] = CNOT 1 5
[283] = CNOT 1 7
[284] = T 1
[285] = CNOT 1 2
[286] = T 1
[287] = CNOT 1 5
[288] = CNOT 1 3
[289] = CNOT 1 2
[290] = CNOT 2 6
[291] = CNOT 2 7
[292] = T 2
[293] = CNOT 2 7
[294] = CNOT 2 6
[295] = CNOT 5 8
[296] = T 5
[297] = CNOT 5 8
[298] = CNOT 1 6
[299] = T 1
[300] = CNOT 1 7
[301] = CNOT 1 6
[302] = S 1
[303] = S 2
[304] = S 3
[305] = S 5
[306] = S 7
[307] = CNOT 1 2
[308] = CNOT 1 3
[309] = S 1
[310] = Z 1
[311] = CNOT 1 3
[312] = CNOT 1 5
[313] = S 1
[314] = Z 1
[315] = CNOT 1 5
[316] = CNOT 1 7
[317] = S 1
[318] = Z 1
[319] = CNOT 1 7
[320] = CNOT 1 2
[321] = CNOT 1 3
[322] = CNOT 1 5
[323] = S 1
[324] = Z 1
[325] = CNOT 1 5
[326] = CNOT 1 7
[327] = S 1
[328] = Z 1
[329] = CNOT 1 3
[330] = CNOT 1 5
[331] = S 1
[332] = Z 1
[333] = CNOT 1 7
[334] = CNOT 1 5
[335] = CNOT 2 3
[336] = CNOT 2 5
[337] = S 2
[338] = Z 2
[339] = CNOT 2 5
[340] = CNOT 2 7
[341] = S 2
[342] = Z 2
[343] = CNOT 2 3
[344] = CNOT 2 5
[345] = S 2
[346] = Z 2
[347] = CNOT 2 7
[348] = CNOT 2 5
[349] = CNOT 3 5
[350] = CNOT 3 7
[351] = S 3
[352] = Z 3
[353] = CNOT 3 7
[354] = CNOT 3 5
[355] = CNOT 6 7
[356] = CNOT 7 6
[357] = CNOT 1 6
[358] = CNOT 8 5
[359] = CNOT 7 5
[360] = CNOT 7 3
[361] = CNOT 7 2
[362] = CNOT 6 2
[363] = CNOT 7 1
[364] = H 3
[365] = T 3
[366] = Z 3
[367] = CNOT 3 7
[368] = T 3
[369] = Z 3
[370] = CNOT 3 7
[371] = CNOT 2 3
[372] = CNOT 2 7
[373] = T 2
[374] = S 2
[375] = Z 2
[376] = CNOT 2 7
[377] = T 2
[378] = S 2
[379] = Z 2
[380] = CNOT 2 3
[381] = CNOT 2 5
[382] = T 2
[383] = Z 2
[384] = CNOT 2 6
[385] = T 2
[386] = S 2
[387] = Z 2
[388] = CNOT 2 6
[389] = CNOT 2 5
[390] = CNOT 2 7
[391] = CNOT 2 8
[392] = T 2
[393] = S 2
[394] = Z 2
[395] = CNOT 2 8
[396] = CNOT 2 7
[397] = Z 7
[398] = CNOT 2 6
[399] = Z 2
[400] = CNOT 2 6
[401] = CNOT 2 7
[402] = S 2
[403] = Z 2
[404] = CNOT 2 7
[405] = CNOT 2 8
[406] = Z 2
[407] = CNOT 2 8
[408] = CNOT 5 6
[409] = Z 5
[410] = CNOT 5 6
[411] = CNOT 7 8
[412] = Z 7
[413] = CNOT 7 8
[414] = CNOT 8 7
[415] = CNOT 8 5
[416] = CNOT 7 5
[417] = CNOT 2 5
[418] = CNOT 8 2
[419] = CNOT 7 2
[420] = CNOT 6 2
[421] = H 3
[422] = H 5
[423] = T 5
[424] = Z 5
[425] = CNOT 5 6
[426] = T 5
[427] = Z 5
[428] = CNOT 5 6
[429] = CNOT 2 5
[430] = CNOT 2 6
[431] = T 2
[432] = S 2
[433] = Z 2
[434] = CNOT 2 6
[435] = T 2
[436] = S 2
[437] = Z 2
[438] = CNOT 2 5
[439] = CNOT 3 10
[440] = T 3
[441] = S 3
[442] = Z 3
[443] = CNOT 3 10
[444] = CNOT 1 2
[445] = CNOT 1 3
[446] = CNOT 1 10
[447] = T 1
[448] = CNOT 1 3
[449] = T 1
[450] = Z 1
[451] = CNOT 1 10
[452] = CNOT 1 2
[453] = S 1
[454] = S 2
[455] = Z 2
[456] = S 10
[457] = CNOT 1 2
[458] = S 1
[459] = CNOT 1 2
[460] = CNOT 1 3
[461] = S 1
[462] = CNOT 1 3
[463] = CNOT 1 10
[464] = S 1
[465] = CNOT 2 3
[466] = S 2
[467] = CNOT 2 3
[468] = CNOT 2 6
[469] = Z 2
[470] = CNOT 2 6
[471] = CNOT 2 10
[472] = S 2
[473] = CNOT 1 3
[474] = S 1
[475] = Z 1
[476] = CNOT 1 10
[477] = CNOT 1 3
[478] = CNOT 2 3
[479] = S 2
[480] = Z 2
[481] = CNOT 2 10
[482] = CNOT 2 3
[483] = CNOT 6 2
[484] = CNOT 2 1
[485] = H 5
[486] = H 6
[487] = H 10
[488] = T 6
[489] = Z 6
[490] = CNOT 6 8
[491] = T 6
[492] = Z 6
[493] = CNOT 6 7
[494] = T 6
[495] = S 6
[496] = Z 6
[497] = CNOT 6 8
[498] = T 6
[499] = S 6
[500] = Z 6
[501] = CNOT 6 7
[502] = CNOT 4 9
[503] = CNOT 4 10
[504] = T 4
[505] = CNOT 4 10
[506] = T 4
[507] = S 4
[508] = CNOT 4 9
[509] = CNOT 9 10
[510] = T 9
[511] = S 9
[512] = CNOT 9 10
[513] = CNOT 1 5
[514] = T 1
[515] = CNOT 1 5
[516] = T 4
[517] = Z 7
[518] = S 10
[519] = CNOT 4 10
[520] = S 4
[521] = CNOT 7 8
[522] = Z 7
[523] = CNOT 7 8
[524] = CNOT 8 7
[525] = CNOT 5 1
[526] = H 6
[527] = H 8
[528] = H 9
[529] = CNOT 1 6
[530] = T 1
[531] = S 1
[532] = CNOT 1 8
[533] = T 1
[534] = CNOT 1 6
[535] = CNOT 6 8
[536] = T 6
[537] = S 6
[538] = CNOT 6 8
[539] = T 1
[540] = S 1
[541] = CNOT 1 8
[542] = T 9
[543] = Z 9
[544] = CNOT 5 9
[545] = T 5
[546] = S 5
[547] = CNOT 5 9
[548] = Z 5
[549] = S 6
[550] = S 8
[551] = CNOT 5 9
[552] = H 1
[553] = T 1
[554] = Z 1
[555] = CNOT 1 5
[556] = T 1
[557] = Z 1
[558] = CNOT 1 9
[559] = T 1
[560] = S 1
[561] = Z 1
[562] = CNOT 1 5
[563] = T 1
[564] = S 1
[565] = Z 1
[566] = CNOT 1 9
[567] = CNOT 5 9
[568] = T 5
[569] = Z 5
[570] = Z 9
[571] = H 1
[572] = H 9
[573] = CNOT 4 9
[574] = T 4
[575] = Z 4
[576] = CNOT 4 10
[577] = T 4
[578] = S 4
[579] = Z 4
[580] = CNOT 4 9
[581] = CNOT 9 10
[582] = T 9
[583] = S 9
[584] = Z 9
[585] = CNOT 9 10
[586] = CNOT 1 6
[587] = T 1
[588] = S 1
[589] = CNOT 1 8
[590] = T 1
[591] = CNOT 1 6
[592] = CNOT 6 8
[593] = T 6
[594] = S 6
[595] = CNOT 6 8
[596] = T 1
[597] = S 1
[598] = CNOT 1 8
[599] = T 4
[600] = Z 4
[601] = S 1
[602] = S 9
[603] = Z 9
[604] = Z 10
[605] = H 10
[606] = H 8
[607] = H 6
[608] = T 8
[609] = T 6
[610] = CNOT 7 8
[611] = T 7
[612] = S 7
[613] = CNOT 7 8
[614] = CNOT 6 7
[615] = CNOT 6 8
[616] = T 6
[617] = CNOT 6 7
[618] = T 6
[619] = S 6
[620] = CNOT 6 8
[621] = CNOT 6 7
[622] = T 6
[623] = S 6
[624] = CNOT 6 7
[625] = S 3
[626] = Z 3
[627] = S 10
[628] = CNOT 2 3
[629] = S 2
[630] = CNOT 2 3
[631] = CNOT 2 10
[632] = S 2
[633] = Z 2
[634] = CNOT 3 10
[635] = S 3
[636] = CNOT 3 10
[637] = CNOT 2 3
[638] = S 2
[639] = Z 2
[640] = CNOT 2 10
[641] = CNOT 2 3
[642] = H 6
[643] = H 7
[644] = H 10
[645] = CNOT 1 6
[646] = T 1
[647] = S 1
[648] = CNOT 1 7
[649] = T 1
[650] = CNOT 1 6
[651] = CNOT 6 7
[652] = T 6
[653] = S 6
[654] = CNOT 6 7
[655] = T 1
[656] = S 1
[657] = CNOT 1 7
[658] = CNOT 4 9
[659] = CNOT 4 10
[660] = T 4
[661] = CNOT 4 10
[662] = T 4
[663] = S 4
[664] = CNOT 4 9
[665] = CNOT 9 10
[666] = T 9
[667] = S 9
[668] = CNOT 9 10
[669] = T 4
[670] = S 6
[671] = S 7
[672] = S 10
[673] = CNOT 4 10
[674] = S 4
[675] = H 9
[676] = H 1
[677] = T 9
[678] = T 1
[679] = CNOT 5 9
[680] = T 5
[681] = S 5
[682] = CNOT 5 9
[683] = CNOT 1 5
[684] = CNOT 1 9
[685] = T 1
[686] = CNOT 1 9
[687] = T 1
[688] = S 1
[689] = CNOT 1 5
[690] = CNOT 1 9
[691] = T 1
[692] = S 1
[693] = CNOT 1 9
[694] = H 1
[695] = H 9
[696] = CNOT 4 9
[697] = T 4
[698] = Z 4
[699] = CNOT 4 10
[700] = T 4
[701] = S 4
[702] = Z 4
[703] = CNOT 4 9
[704] = CNOT 9 10
[705] = T 9
[706] = S 9
[707] = Z 9
[708] = CNOT 9 10
[709] = T 1
[710] = CNOT 1 6
[711] = T 1
[712] = S 1
[713] = CNOT 1 7
[714] = T 1
[715] = CNOT 1 6
[716] = CNOT 6 7
[717] = T 6
[718] = S 6
[719] = CNOT 6 7
[720] = T 1
[721] = S 1
[722] = CNOT 1 7
[723] = T 6
[724] = S 9
[725] = Z 9
[726] = Z 10
[727] = Z 4
[728] = CNOT 5 1
[729] = H 10
[730] = H 7
[731] = H 5
[732] = CNOT 3 10
[733] = T 3
[734] = Z 3
[735] = CNOT 3 10
[736] = CNOT 2 3
[737] = CNOT 2 10
[738] = T 2
[739] = S 2
[740] = Z 2
[741] = CNOT 2 3
[742] = T 2
[743] = S 2
[744] = Z 2
[745] = CNOT 2 10
[746] = CNOT 1 2
[747] = T 1
[748] = T 5
[749] = Z 5
[750] = CNOT 1 6
[751] = T 1
[752] = S 1
[753] = Z 1
[754] = CNOT 1 5
[755] = T 1
[756] = CNOT 1 6
[757] = CNOT 1 5
[758] = CNOT 5 6
[759] = T 5
[760] = S 5
[761] = CNOT 5 6
[762] = CNOT 1 5
[763] = T 1
[764] = S 1
[765] = Z 1
[766] = CNOT 1 2
[767] = T 7
[768] = Z 2
[769] = Z 6
[770] = S 10
[771] = Z 10
[772] = Z 1
[773] = CNOT 1 5
[774] = CNOT 1 6
[775] = Z 1
[776] = CNOT 1 6
[777] = CNOT 2 3
[778] = Z 2
[779] = CNOT 2 3
[780] = CNOT 2 5
[781] = Z 2
[782] = CNOT 2 5
[783] = CNOT 2 6
[784] = Z 2
[785] = CNOT 2 6
[786] = CNOT 2 1
[787] = H 5
[788] = H 3
[789] = CNOT 2 5
[790] = T 2
[791] = T 3
[792] = Z 3
[793] = CNOT 2 7
[794] = T 2
[795] = S 2
[796] = Z 2
[797] = CNOT 2 3
[798] = T 2
[799] = CNOT 2 7
[800] = CNOT 2 3
[801] = CNOT 3 7
[802] = T 3
[803] = S 3
[804] = CNOT 3 7
[805] = CNOT 2 3
[806] = T 2
[807] = S 2
[808] = Z 2
[809] = CNOT 2 5
[810] = CNOT 2 3
[811] = CNOT 1 2
[812] = CNOT 1 6
[813] = CNOT 1 8
[814] = T 1
[815] = CNOT 1 6
[816] = CNOT 1 2
[817] = Z 7
[818] = CNOT 2 3
[819] = Z 2
[820] = CNOT 2 3
[821] = CNOT 2 7
[822] = Z 2
[823] = CNOT 2 7
[824] = CNOT 3 5
[825] = Z 3
[826] = CNOT 3 5
[827] = CNOT 5 7
[828] = Z 5
[829] = CNOT 5 7
[830] = CNOT 6 8
[831] = CNOT 1 6
[832] = CNOT 8 5
[833] = CNOT 7 5
[834] = CNOT 6 5
[835] = CNOT 2 5
[836] = CNOT 6 2
[837] = CNOT 1 2
[838] = CNOT 8 1
[839] = CNOT 7 1
[840] = CNOT 4 1
[841] = H 3
[842] = H 5
[843] = CNOT 2 3
[844] = T 2
[845] = Z 2
[846] = CNOT 2 8
[847] = T 2
[848] = S 2
[849] = Z 2
[850] = CNOT 2 3
[851] = T 3
[852] = S 3
[853] = CNOT 3 7
[854] = T 3
[855] = CNOT 3 7
[856] = T 5
[857] = Z 2
[858] = CNOT 2 8
[859] = CNOT 3 8
[860] = Z 3
[861] = CNOT 3 8
[862] = CNOT 6 7
[863] = CNOT 7 3
[864] = CNOT 6 3
[865] = CNOT 2 3
[866] = CNOT 8 2
[867] = H 6
[868] = CNOT 6 8
[869] = T 6
[870] = Z 6
[871] = CNOT 6 8
[872] = CNOT 2 6
[873] = T 2
[874] = S 2
[875] = Z 2
[876] = CNOT 2 6
[877] = CNOT 2 8
[878] = T 2
[879] = S 2
[880] = Z 2
[881] = CNOT 2 3
[882] = T 2
[883] = S 2
[884] = Z 2
[885] = CNOT 2 6
[886] = T 2
[887] = CNOT 2 6
[888] = CNOT 2 3
[889] = CNOT 3 6
[890] = T 3
[891] = S 3
[892] = CNOT 3 6
[893] = CNOT 2 7
[894] = T 2
[895] = S 2
[896] = Z 2
[897] = CNOT 2 5
[898] = T 2
[899] = CNOT 2 7
[900] = T 2
[901] = S 2
[902] = Z 2
[903] = CNOT 2 8
[904] = CNOT 2 5
[905] = CNOT 5 7
[906] = T 5
[907] = S 5
[908] = CNOT 5 7
[909] = Z 3
[910] = Z 5
[911] = S 6
[912] = Z 7
[913] = Z 8
[914] = CNOT 2 3
[915] = Z 2
[916] = CNOT 2 3
[917] = CNOT 2 5
[918] = Z 2
[919] = CNOT 2 5
[920] = CNOT 2 7
[921] = Z 2
[922] = CNOT 2 7
[923] = CNOT 3 8
[924] = Z 3
[925] = CNOT 3 8
[926] = CNOT 5 8
[927] = Z 5
[928] = CNOT 5 8
[929] = CNOT 7 8
[930] = Z 7
[931] = CNOT 7 8
[932] = CNOT 2 6
[933] = CNOT 2 8
[934] = S 2
[935] = Z 2
[936] = CNOT 2 8
[937] = CNOT 2 6
[938] = CNOT 8 2
[939] = H 6
[940] = H 5
[941] = CNOT 2 5
[942] = T 2
[943] = Z 2
[944] = CNOT 2 8
[945] = T 2
[946] = S 2
[947] = Z 2
[948] = CNOT 2 5
[949] = Z 2
[950] = CNOT 2 8
[951] = CNOT 5 8
[952] = Z 5
[953] = CNOT 5 8
[954] = CNOT 8 5
[955] = CNOT 7 5
[956] = CNOT 8 2
[957] = CNOT 5 2
[958] = H 2
[959] = T 2
[960] = Z 2
[961] = CNOT 2 8
[962] = T 2
[963] = Z 2
[964] = CNOT 2 5
[965] = T 2
[966] = S 2
[967] = Z 2
[968] = CNOT 2 8
[969] = T 2
[970] = S 2
[971] = Z 2
[972] = CNOT 2 5
[973] = CNOT 5 8
[974] = T 5
[975] = Z 5
[976] = CNOT 5 8
[977] = Z 5
[978] = CNOT 8 5
[979] = H 2
[980] = H 5
[981] = T 2
[982] = T 5
[983] = CNOT 2 8
[984] = T 2
[985] = S 2
[986] = CNOT 2 5
[987] = T 2
[988] = CNOT 2 8
[989] = CNOT 2 5
[990] = CNOT 5 8
[991] = T 5
[992] = S 5
[993] = CNOT 5 8
[994] = CNOT 2 5
[995] = T 2
[996] = S 2
[997] = CNOT 2 5
[998] = T 8
[999] = Z 8
[1000] = CNOT 3 8
[1001] = T 3
[1002] = S 3
[1003] = CNOT 3 8
[1004] = Z 3
[1005] = CNOT 8 3
[1006] = CNOT 6 2
[1007] = H 5
[1008] = H 2
[1009] = T 2
[1010] = Z 2
[1011] = CNOT 2 8
[1012] = T 2
[1013] = Z 2
[1014] = CNOT 2 3
[1015] = T 2
[1016] = S 2
[1017] = Z 2
[1018] = CNOT 2 8
[1019] = T 2
[1020] = S 2
[1021] = Z 2
[1022] = CNOT 2 3
[1023] = Z 3
[1024] = CNOT 3 8
[1025] = Z 3
[1026] = CNOT 3 8
[1027] = CNOT 7 5
[1028] = CNOT 8 3
[1029] = H 2
[1030] = H 8
[1031] = T 2
[1032] = T 8
[1033] = CNOT 2 3
[1034] = T 2
[1035] = S 2
[1036] = CNOT 2 8
[1037] = T 2
[1038] = CNOT 2 3
[1039] = CNOT 3 8
[1040] = T 3
[1041] = S 3
[1042] = CNOT 3 8
[1043] = T 2
[1044] = S 2
[1045] = CNOT 2 8
[1046] = CNOT 5 7
[1047] = CNOT 3 6
[1048] = CNOT 3 5
[1049] = CNOT 7 2
[1050] = CNOT 6 2
[1051] = CNOT 3 2
[1052] = CNOT 2 3
[1053] = CNOT 7 1
[1054] = H 8
[1055] = CNOT 3 5
[1056] = CNOT 3 6
[1057] = T 3
[1058] = CNOT 3 6
[1059] = CNOT 3 5
[1060] = CNOT 1 3
[1061] = CNOT 1 6
[1062] = T 1
[1063] = CNOT 1 6
[1064] = CNOT 1 3
[1065] = CNOT 1 5
[1066] = T 1
[1067] = S 1
[1068] = CNOT 1 5
[1069] = Z 1
[1070] = Z 5
[1071] = CNOT 7 8
[1072] = CNOT 4 8
[1073] = CNOT 2 8
[1074] = CNOT 1 8
[1075] = CNOT 8 7
[1076] = CNOT 4 7
[1077] = CNOT 2 7
[1078] = CNOT 1 7
[1079] = CNOT 7 8
[1080] = CNOT 8 6
[1081] = CNOT 5 6
[1082] = CNOT 4 6
[1083] = CNOT 6 8
[1084] = CNOT 8 5
[1085] = CNOT 6 5
[1086] = CNOT 4 5
[1087] = CNOT 3 5
[1088] = CNOT 2 5
[1089] = CNOT 5 6
[1090] = CNOT 8 4
[1091] = CNOT 7 4
[1092] = CNOT 2 4
[1093] = CNOT 1 4
[1094] = CNOT 4 3
[1095] = CNOT 2 3
[1096] = CNOT 8 1
[1097] = CNOT 7 1
[1098] = CNOT 6 1
[1099] = CNOT 4 1
[1100] = H 4
[1101] = H 6
[1102] = T 4
[1103] = Z 4
[1104] = CNOT 4 8
[1105] = T 4
[1106] = Z 4
[1107] = CNOT 4 8
[1108] = CNOT 3 4
[1109] = CNOT 3 8
[1110] = T 3
[1111] = S 3
[1112] = Z 3
[1113] = CNOT 3 8
[1114] = T 3
[1115] = S 3
[1116] = Z 3
[1117] = CNOT 3 4
[1118] = CNOT 3 8
[1119] = T 3
[1120] = Z 3
[1121] = CNOT 3 8
[1122] = T 6
[1123] = Z 3
[1124] = CNOT 8 3
[1125] = H 4
[1126] = CNOT 2 4
[1127] = CNOT 2 8
[1128] = T 2
[1129] = S 2
[1130] = Z 2
[1131] = CNOT 2 8
[1132] = CNOT 2 4
[1133] = CNOT 4 5
[1134] = T 4
[1135] = CNOT 4 5
[1136] = CNOT 2 5
[1137] = T 2
[1138] = S 2
[1139] = CNOT 2 5
[1140] = CNOT 4 7
[1141] = T 4
[1142] = CNOT 4 7
[1143] = Z 4
[1144] = Z 5
[1145] = CNOT 2 4
[1146] = S 2
[1147] = CNOT 2 4
[1148] = CNOT 2 8
[1149] = Z 2
[1150] = CNOT 2 8
[1151] = CNOT 4 8
[1152] = Z 4
[1153] = CNOT 4 8
[1154] = CNOT 7 4
[1155] = CNOT 5 4
[1156] = CNOT 2 4
[1157] = CNOT 1 4
[1158] = CNOT 8 2
[1159] = CNOT 5 2
[1160] = H 4
[1161] = T 4
[1162] = Z 4
[1163] = CNOT 4 8
[1164] = T 4
[1165] = Z 4
[1166] = CNOT 4 8
[1167] = CNOT 2 4
[1168] = CNOT 2 8
[1169] = T 2
[1170] = S 2
[1171] = Z 2
[1172] = CNOT 2 8
[1173] = T 2
[1174] = S 2
[1175] = Z 2
[1176] = CNOT 2 4
[1177] = Z 2
[1178] = CNOT 2 8
[1179] = Z 2
[1180] = CNOT 2 8
[1181] = CNOT 8 2
[1182] = H 4
[1183] = H 8
[1184] = T 8
[1185] = Z 8
[1186] = CNOT 5 8
[1187] = T 5
[1188] = Z 5
[1189] = CNOT 5 8
[1190] = CNOT 2 5
[1191] = CNOT 2 8
[1192] = T 2
[1193] = S 2
[1194] = Z 2
[1195] = CNOT 2 5
[1196] = T 2
[1197] = S 2
[1198] = Z 2
[1199] = CNOT 2 8
[1200] = T 4
[1201] = Z 2
[1202] = CNOT 2 5
[1203] = Z 2
[1204] = CNOT 2 5
[1205] = CNOT 5 3
[1206] = CNOT 2 3
[1207] = CNOT 5 2
[1208] = CNOT 5 1
[1209] = CNOT 2 1
[1210] = H 8
[1211] = H 1
[1212] = T 1
[1213] = CNOT 7 8
[1214] = T 7
[1215] = S 7
[1216] = CNOT 7 8
[1217] = CNOT 1 7
[1218] = CNOT 1 8
[1219] = T 1
[1220] = CNOT 1 7
[1221] = T 1
[1222] = S 1
[1223] = CNOT 1 8
[1224] = CNOT 1 7
[1225] = T 1
[1226] = S 1
[1227] = CNOT 1 7
[1228] = S 8
[1229] = H 1
[1230] = CNOT 1 2
[1231] = CNOT 1 8
[1232] = T 1
[1233] = S 1
[1234] = Z 1
[1235] = CNOT 1 6
[1236] = T 1
[1237] = CNOT 1 8
[1238] = CNOT 1 6
[1239] = CNOT 6 8
[1240] = T 6
[1241] = S 6
[1242] = CNOT 6 8
[1243] = CNOT 1 6
[1244] = T 1
[1245] = S 1
[1246] = Z 1
[1247] = CNOT 1 6
[1248] = CNOT 1 2
[1249] = Z 1
[1250] = Z 2
[1251] = Z 6
[1252] = Z 8
[1253] = CNOT 1 2
[1254] = S 1
[1255] = Z 1
[1256] = CNOT 1 2
[1257] = CNOT 1 6
[1258] = Z 1
[1259] = CNOT 1 6
[1260] = CNOT 1 8
[1261] = Z 1
[1262] = CNOT 1 8
[1263] = CNOT 2 6
[1264] = Z 2
[1265] = CNOT 2 6
[1266] = CNOT 2 8
[1267] = Z 2
[1268] = CNOT 2 8
[1269] = CNOT 5 1
[1270] = CNOT 2 1
[1271] = H 6
[1272] = CNOT 1 3
[1273] = CNOT 1 5
[1274] = CNOT 1 7
[1275] = T 1
[1276] = CNOT 1 2
[1277] = T 1
[1278] = CNOT 1 7
[1279] = CNOT 1 3
[1280] = CNOT 1 2
[1281] = CNOT 2 6
[1282] = CNOT 2 7
[1283] = CNOT 2 8
[1284] = T 2
[1285] = CNOT 2 8
[1286] = CNOT 2 7
[1287] = CNOT 2 6
[1288] = CNOT 1 8
[1289] = T 1
[1290] = CNOT 1 5
[1291] = CNOT 1 6
[1292] = CNOT 1 7
[1293] = T 1
[1294] = CNOT 1 8
[1295] = CNOT 1 7
[1296] = CNOT 1 6
[1297] = S 1
[1298] = S 2
[1299] = S 3
[1300] = S 5
[1301] = S 7
[1302] = CNOT 1 2
[1303] = CNOT 1 3
[1304] = S 1
[1305] = Z 1
[1306] = CNOT 1 3
[1307] = CNOT 1 5
[1308] = S 1
[1309] = Z 1
[1310] = CNOT 1 5
[1311] = CNOT 1 7
[1312] = S 1
[1313] = Z 1
[1314] = CNOT 1 7
[1315] = CNOT 1 2
[1316] = CNOT 1 3
[1317] = CNOT 1 5
[1318] = S 1
[1319] = Z 1
[1320] = CNOT 1 5
[1321] = CNOT 1 7
[1322] = S 1
[1323] = Z 1
[1324] = CNOT 1 3
[1325] = CNOT 1 5
[1326] = S 1
[1327] = Z 1
[1328] = CNOT 1 7
[1329] = CNOT 1 5
[1330] = CNOT 2 3
[1331] = CNOT 2 5
[1332] = S 2
[1333] = Z 2
[1334] = CNOT 2 5
[1335] = CNOT 2 7
[1336] = S 2
[1337] = Z 2
[1338] = CNOT 2 3
[1339] = CNOT 2 5
[1340] = S 2
[1341] = Z 2
[1342] = CNOT 2 7
[1343] = CNOT 2 5
[1344] = CNOT 3 5
[1345] = CNOT 3 7
[1346] = S 3
[1347] = Z 3
[1348] = CNOT 3 7
[1349] = CNOT 3 5
[1350] = CNOT 6 8
[1351] = CNOT 6 7
[1352] = CNOT 8 6
[1353] = CNOT 7 6
[1354] = CNOT 1 6
[1355] = CNOT 8 5
[1356] = CNOT 7 5
[1357] = CNOT 7 3
[1358] = CNOT 7 2
[1359] = CNOT 6 2
[1360] = CNOT 8 1
[1361] = CNOT 7 1
[1362] = H 3
[1363] = T 3
[1364] = Z 3
[1365] = CNOT 3 7
[1366] = T 3
[1367] = Z 3
[1368] = CNOT 3 7
[1369] = CNOT 2 3
[1370] = CNOT 2 7
[1371] = T 2
[1372] = S 2
[1373] = Z 2
[1374] = CNOT 2 7
[1375] = T 2
[1376] = S 2
[1377] = Z 2
[1378] = CNOT 2 3
[1379] = CNOT 2 5
[1380] = T 2
[1381] = Z 2
[1382] = CNOT 2 6
[1383] = T 2
[1384] = S 2
[1385] = Z 2
[1386] = CNOT 2 6
[1387] = CNOT 2 5
[1388] = CNOT 2 7
[1389] = CNOT 2 8
[1390] = T 2
[1391] = S 2
[1392] = Z 2
[1393] = CNOT 2 8
[1394] = CNOT 2 7
[1395] = Z 7
[1396] = CNOT 2 6
[1397] = Z 2
[1398] = CNOT 2 6
[1399] = CNOT 2 7
[1400] = S 2
[1401] = Z 2
[1402] = CNOT 2 7
[1403] = CNOT 2 8
[1404] = Z 2
[1405] = CNOT 2 8
[1406] = CNOT 5 6
[1407] = Z 5
[1408] = CNOT 5 6
[1409] = CNOT 7 8
[1410] = Z 7
[1411] = CNOT 7 8
[1412] = CNOT 8 7
[1413] = CNOT 8 5
[1414] = CNOT 7 5
[1415] = CNOT 2 5
[1416] = CNOT 8 2
[1417] = CNOT 7 2
[1418] = CNOT 6 2
[1419] = H 3
[1420] = H 5
[1421] = T 5
[1422] = Z 5
[1423] = CNOT 5 6
[1424] = T 5
[1425] = Z 5
[1426] = CNOT 5 6
[1427] = CNOT 2 5
[1428] = CNOT 2 6
[1429] = T 2
[1430] = S 2
[1431] = Z 2
[1432] = CNOT 2 6
[1433] = T 2
[1434] = S 2
[1435] = Z 2
[1436] = CNOT 2 5
[1437] = CNOT 3 10
[1438] = T 3
[1439] = S 3
[1440] = Z 3
[1441] = CNOT 3 10
[1442] = CNOT 1 2
[1443] = CNOT 1 3
[1444] = CNOT 1 10
[1445] = T 1
[1446] = CNOT 1 3
[1447] = T 1
[1448] = Z 1
[1449] = CNOT 1 10
[1450] = CNOT 1 2
[1451] = S 1
[1452] = S 2
[1453] = Z 2
[1454] = S 10
[1455] = CNOT 1 2
[1456] = S 1
[1457] = CNOT 1 2
[1458] = CNOT 1 3
[1459] = S 1
[1460] = CNOT 1 3
[1461] = CNOT 1 10
[1462] = S 1
[1463] = CNOT 2 3
[1464] = S 2
[1465] = CNOT 2 3
[1466] = CNOT 2 6
[1467] = Z 2
[1468] = CNOT 2 6
[1469] = CNOT 2 10
[1470] = S 2
[1471] = CNOT 1 3
[1472] = S 1
[1473] = Z 1
[1474] = CNOT 1 10
[1475] = CNOT 1 3
[1476] = CNOT 2 3
[1477] = S 2
[1478] = Z 2
[1479] = CNOT 2 10
[1480] = CNOT 2 3
[1481] = CNOT 6 2
[1482] = CNOT 2 1
[1483] = H 5
[1484] = H 6
[1485] = H 10
[1486] = T 6
[1487] = Z 6
[1488] = CNOT 6 8
[1489] = T 6
[1490] = Z 6
[1491] = CNOT 6 7
[1492] = T 6
[1493] = S 6
[1494] = Z 6
[1495] = CNOT 6 8
[1496] = T 6
[1497] = S 6
[1498] = Z 6
[1499] = CNOT 6 7
[1500] = CNOT 4 9
[1501] = CNOT 4 10
[1502] = T 4
[1503] = CNOT 4 10
[1504] = T 4
[1505] = S 4
[1506] = CNOT 4 9
[1507] = CNOT 9 10
[1508] = T 9
[1509] = S 9
[1510] = CNOT 9 10
[1511] = CNOT 1 5
[1512] = T 1
[1513] = CNOT 1 5
[1514] = T 4
[1515] = Z 7
[1516] = S 10
[1517] = CNOT 4 10
[1518] = S 4
[1519] = CNOT 7 8
[1520] = Z 7
[1521] = CNOT 7 8
[1522] = CNOT 8 7
[1523] = CNOT 5 1
[1524] = H 6
[1525] = H 8
[1526] = H 9
[1527] = CNOT 1 6
[1528] = T 1
[1529] = S 1
[1530] = CNOT 1 8
[1531] = T 1
[1532] = CNOT 1 6
[1533] = CNOT 6 8
[1534] = T 6
[1535] = S 6
[1536] = CNOT 6 8
[1537] = T 1
[1538] = S 1
[1539] = CNOT 1 8
[1540] = T 9
[1541] = Z 9
[1542] = CNOT 5 9
[1543] = T 5
[1544] = S 5
[1545] = CNOT 5 9
[1546] = Z 5
[1547] = S 6
[1548] = S 8
[1549] = CNOT 5 9
[1550] = H 1
[1551] = T 1
[1552] = Z 1
[1553] = CNOT 1 5
[1554] = T 1
[1555] = Z 1
[1556] = CNOT 1 9
[1557] = T 1
[1558] = S 1
[1559] = Z 1
[1560] = CNOT 1 5
[1561] = T 1
[1562] = S 1
[1563] = Z 1
[1564] = CNOT 1 9
[1565] = CNOT 5 9
[1566] = T 5
[1567] = Z 5
[1568] = Z 9
[1569] = H 1
[1570] = H 9
[1571] = CNOT 4 9
[1572] = T 4
[1573] = Z 4
[1574] = CNOT 4 10
[1575] = T 4
[1576] = S 4
[1577] = Z 4
[1578] = CNOT 4 9
[1579] = CNOT 9 10
[1580] = T 9
[1581] = S 9
[1582] = Z 9
[1583] = CNOT 9 10
[1584] = CNOT 1 6
[1585] = T 1
[1586] = S 1
[1587] = CNOT 1 8
[1588] = T 1
[1589] = CNOT 1 6
[1590] = CNOT 6 8
[1591] = T 6
[1592] = S 6
[1593] = CNOT 6 8
[1594] = T 1
[1595] = S 1
[1596] = CNOT 1 8
[1597] = T 4
[1598] = Z 4
[1599] = S 1
[1600] = S 9
[1601] = Z 9
[1602] = Z 10
[1603] = H 10
[1604] = H 8
[1605] = H 6
[1606] = T 8
[1607] = T 6
[1608] = CNOT 7 8
[1609] = T 7
[1610] = S 7
[1611] = CNOT 7 8
[1612] = CNOT 6 7
[1613] = CNOT 6 8
[1614] = T 6
[1615] = CNOT 6 7
[1616] = T 6
[1617] = S 6
[1618] = CNOT 6 8
[1619] = CNOT 6 7
[1620] = T 6
[1621] = S 6
[1622] = CNOT 6 7
[1623] = S 3
[1624] = Z 3
[1625] = S 10
[1626] = CNOT 2 3
[1627] = S 2
[1628] = CNOT 2 3
[1629] = CNOT 2 10
[1630] = S 2
[1631] = Z 2
[1632] = CNOT 3 10
[1633] = S 3
[1634] = CNOT 3 10
[1635] = CNOT 2 3
[1636] = S 2
[1637] = Z 2
[1638] = CNOT 2 10
[1639] = CNOT 2 3
[1640] = H 6
[1641] = H 7
[1642] = H 10
[1643] = CNOT 1 6
[1644] = T 1
[1645] = S 1
[1646] = CNOT 1 7
[1647] = T 1
[1648] = CNOT 1 6
[1649] = CNOT 6 7
[1650] = T 6
[1651] = S 6
[1652] = CNOT 6 7
[1653] = T 1
[1654] = S 1
[1655] = CNOT 1 7
[1656] = CNOT 4 9
[1657] = CNOT 4 10
[1658] = T 4
[1659] = CNOT 4 10
[1660] = T 4
[1661] = S 4
[1662] = CNOT 4 9
[1663] = CNOT 9 10
[1664] = T 9
[1665] = S 9
[1666] = CNOT 9 10
[1667] = T 4
[1668] = S 6
[1669] = S 7
[1670] = S 10
[1671] = CNOT 4 10
[1672] = S 4
[1673] = H 9
[1674] = H 1
[1675] = T 9
[1676] = T 1
[1677] = CNOT 5 9
[1678] = T 5
[1679] = S 5
[1680] = CNOT 5 9
[1681] = CNOT 1 5
[1682] = CNOT 1 9
[1683] = T 1
[1684] = CNOT 1 9
[1685] = T 1
[1686] = S 1
[1687] = CNOT 1 5
[1688] = CNOT 1 9
[1689] = T 1
[1690] = S 1
[1691] = CNOT 1 9
[1692] = H 1
[1693] = H 9
[1694] = CNOT 4 9
[1695] = T 4
[1696] = Z 4
[1697] = CNOT 4 10
[1698] = T 4
[1699] = S 4
[1700] = Z 4
[1701] = CNOT 4 9
[1702] = CNOT 9 10
[1703] = T 9
[1704] = S 9
[1705] = Z 9
[1706] = CNOT 9 10
[1707] = T 1
[1708] = CNOT 1 6
[1709] = T 1
[1710] = S 1
[1711] = CNOT 1 7
[1712] = T 1
[1713] = CNOT 1 6
[1714] = CNOT 6 7
[1715] = T 6
[1716] = S 6
[1717] = CNOT 6 7
[1718] = T 1
[1719] = S 1
[1720] = CNOT 1 7
[1721] = T 6
[1722] = S 9
[1723] = Z 9
[1724] = Z 10
[1725] = Z 4
[1726] = CNOT 5 1
[1727] = H 10
[1728] = H 7
[1729] = H 5
[1730] = H 4
[1731] = CNOT 3 10
[1732] = T 3
[1733] = Z 3
[1734] = CNOT 3 10
[1735] = CNOT 2 3
[1736] = CNOT 2 10
[1737] = T 2
[1738] = S 2
[1739] = Z 2
[1740] = CNOT 2 3
[1741] = T 2
[1742] = S 2
[1743] = Z 2
[1744] = CNOT 2 10
[1745] = CNOT 1 2
[1746] = T 1
[1747] = T 5
[1748] = Z 5
[1749] = CNOT 1 6
[1750] = T 1
[1751] = S 1
[1752] = Z 1
[1753] = CNOT 1 5
[1754] = T 1
[1755] = CNOT 1 6
[1756] = CNOT 1 5
[1757] = CNOT 5 6
[1758] = T 5
[1759] = S 5
[1760] = CNOT 5 6
[1761] = CNOT 1 5
[1762] = T 1
[1763] = S 1
[1764] = Z 1
[1765] = CNOT 1 2
[1766] = T 7
[1767] = T 4
[1768] = Z 2
[1769] = Z 6
[1770] = S 10
[1771] = Z 10
[1772] = Z 1
[1773] = CNOT 1 5
[1774] = CNOT 1 6
[1775] = Z 1
[1776] = CNOT 1 6
[1777] = CNOT 2 3
[1778] = Z 2
[1779] = CNOT 2 3
[1780] = CNOT 2 5
[1781] = Z 2
[1782] = CNOT 2 5
[1783] = CNOT 2 6
[1784] = Z 2
[1785] = CNOT 2 6
[1786] = CNOT 2 1
[1787] = H 5
[1788] = H 3
[1789] = CNOT 2 5
[1790] = T 2
[1791] = T 3
[1792] = Z 3
[1793] = CNOT 2 7
[1794] = T 2
[1795] = S 2
[1796] = Z 2
[1797] = CNOT 2 3
[1798] = T 2
[1799] = CNOT 2 7
[1800] = CNOT 2 3
[1801] = CNOT 3 7
[1802] = T 3
[1803] = S 3
[1804] = CNOT 3 7
[1805] = CNOT 2 3
[1806] = T 2
[1807] = S 2
[1808] = Z 2
[1809] = CNOT 2 5
[1810] = CNOT 2 3
[1811] = CNOT 1 2
[1812] = CNOT 1 6
[1813] = CNOT 1 8
[1814] = T 1
[1815] = CNOT 1 6
[1816] = CNOT 1 2
[1817] = Z 7
[1818] = CNOT 2 3
[1819] = Z 2
[1820] = CNOT 2 3
[1821] = CNOT 2 7
[1822] = Z 2
[1823] = CNOT 2 7
[1824] = CNOT 3 5
[1825] = Z 3
[1826] = CNOT 3 5
[1827] = CNOT 5 7
[1828] = Z 5
[1829] = CNOT 5 7
[1830] = CNOT 6 8
[1831] = CNOT 1 6
[1832] = CNOT 8 5
[1833] = CNOT 7 5
[1834] = CNOT 6 5
[1835] = CNOT 2 5
[1836] = CNOT 6 2
[1837] = CNOT 1 2
[1838] = CNOT 8 1
[1839] = CNOT 7 1
[1840] = CNOT 6 1
[1841] = CNOT 5 1
[1842] = H 3
[1843] = CNOT 2 3
[1844] = T 2
[1845] = Z 2
[1846] = CNOT 2 8
[1847] = T 2
[1848] = S 2
[1849] = Z 2
[1850] = CNOT 2 3
[1851] = CNOT 3 7
[1852] = T 3
[1853] = CNOT 3 7
[1854] = S 3
[1855] = Z 2
[1856] = CNOT 2 8
[1857] = CNOT 3 8
[1858] = Z 3
[1859] = CNOT 3 8
[1860] = CNOT 6 7
[1861] = CNOT 7 3
[1862] = CNOT 6 3
[1863] = CNOT 2 3
[1864] = CNOT 8 2
[1865] = H 6
[1866] = CNOT 6 8
[1867] = T 6
[1868] = Z 6
[1869] = CNOT 6 8
[1870] = CNOT 2 6
[1871] = T 2
[1872] = S 2
[1873] = Z 2
[1874] = CNOT 2 6
[1875] = CNOT 2 3
[1876] = CNOT 2 8
[1877] = T 2
[1878] = S 2
[1879] = Z 2
[1880] = CNOT 2 6
[1881] = T 2
[1882] = CNOT 2 6
[1883] = CNOT 2 3
[1884] = CNOT 3 6
[1885] = T 3
[1886] = S 3
[1887] = CNOT 3 6
[1888] = CNOT 2 7
[1889] = T 2
[1890] = S 2
[1891] = Z 2
[1892] = CNOT 2 8
[1893] = CNOT 2 7
[1894] = Z 3
[1895] = S 6
[1896] = Z 8
[1897] = CNOT 2 3
[1898] = Z 2
[1899] = CNOT 2 3
[1900] = CNOT 2 7
[1901] = Z 2
[1902] = CNOT 2 7
[1903] = CNOT 2 8
[1904] = S 2
[1905] = CNOT 3 8
[1906] = Z 3
[1907] = CNOT 3 8
[1908] = CNOT 7 8
[1909] = Z 7
[1910] = CNOT 7 8
[1911] = CNOT 2 6
[1912] = S 2
[1913] = Z 2
[1914] = CNOT 2 8
[1915] = CNOT 2 6
[1916] = CNOT 8 7
[1917] = CNOT 8 2
[1918] = CNOT 2 1
[1919] = H 6
[1920] = H 1
[1921] = T 1
[1922] = Z 1
[1923] = CNOT 1 8
[1924] = T 1
[1925] = Z 1
[1926] = CNOT 1 7
[1927] = T 1
[1928] = S 1
[1929] = Z 1
[1930] = CNOT 1 8
[1931] = T 1
[1932] = S 1
[1933] = Z 1
[1934] = CNOT 1 7
[1935] = Z 7
[1936] = CNOT 7 8
[1937] = Z 7
[1938] = CNOT 7 8
[1939] = CNOT 8 7
[1940] = H 1
[1941] = H 8
[1942] = CNOT 1 5
[1943] = T 1
[1944] = Z 1
[1945] = T 8
[1946] = CNOT 2 5
[1947] = T 2
[1948] = S 2
[1949] = CNOT 2 8
[1950] = T 2
[1951] = CNOT 2 8
[1952] = CNOT 2 5
[1953] = CNOT 1 8
[1954] = T 1
[1955] = S 1
[1956] = Z 1
[1957] = CNOT 1 5
[1958] = CNOT 1 2
[1959] = T 1
[1960] = S 1
[1961] = Z 1
[1962] = CNOT 1 8
[1963] = CNOT 1 2
[1964] = Z 1
[1965] = Z 5
[1966] = CNOT 1 2
[1967] = S 1
[1968] = CNOT 1 2
[1969] = CNOT 2 8
[1970] = Z 2
[1971] = CNOT 2 8
[1972] = CNOT 5 8
[1973] = Z 5
[1974] = CNOT 5 8
[1975] = CNOT 2 1
[1976] = H 8
[1977] = CNOT 2 8
[1978] = T 2
[1979] = S 2
[1980] = CNOT 2 4
[1981] = T 2
[1982] = CNOT 2 8
[1983] = CNOT 2 4
[1984] = CNOT 4 8
[1985] = T 4
[1986] = S 4
[1987] = CNOT 4 8
[1988] = CNOT 2 4
[1989] = T 2
[1990] = S 2
[1991] = CNOT 2 4
[1992] = CNOT 3 8
[1993] = T 3
[1994] = S 3
[1995] = CNOT 3 8
[1996] = Z 3
[1997] = S 8
[1998] = Z 8
[1999] = CNOT 8 3
[2000] = CNOT 2 1
[2001] = H 4
[2002] = CNOT 6 7
[2003] = CNOT 7 4
[2004] = CNOT 6 4
[2005] = CNOT 1 4
[2006] = CNOT 6 1
[2007] = CNOT 1 6
[2008] = H 4
[2009] = T 4
[2010] = Z 4
[2011] = CNOT 4 8
[2012] = T 4
[2013] = Z 4
[2014] = CNOT 4 8
[2015] = CNOT 3 4
[2016] = CNOT 3 8
[2017] = T 3
[2018] = S 3
[2019] = Z 3
[2020] = CNOT 3 8
[2021] = T 3
[2022] = S 3
[2023] = Z 3
[2024] = CNOT 3 4
[2025] = Z 3
[2026] = CNOT 3 8
[2027] = Z 3
[2028] = CNOT 3 8
[2029] = CNOT 8 3
[2030] = CNOT 3 1
[2031] = H 4
[2032] = T 5
[2033] = CNOT 4 7
[2034] = T 4
[2035] = Z 4
[2036] = CNOT 4 5
[2037] = T 4
[2038] = S 4
[2039] = Z 4
[2040] = CNOT 4 7
[2041] = Z 4
[2042] = CNOT 4 5
[2043] = CNOT 5 7
[2044] = Z 5
[2045] = CNOT 5 7
[2046] = CNOT 4 8
[2047] = CNOT 1 8
[2048] = CNOT 8 7
[2049] = CNOT 3 7
[2050] = CNOT 7 6
[2051] = CNOT 3 6
[2052] = CNOT 2 6
[2053] = CNOT 6 7
[2054] = CNOT 8 5
[2055] = CNOT 6 5
[2056] = CNOT 3 5
[2057] = CNOT 1 5
[2058] = CNOT 8 4
[2059] = CNOT 3 4
[2060] = CNOT 2 4
[2061] = CNOT 4 8
[2062] = CNOT 5 3
[2063] = CNOT 2 3
[2064] = CNOT 1 3
[2065] = CNOT 3 5
[2066] = CNOT 7 2
[2067] = CNOT 5 2
[2068] = CNOT 7 1
[2069] = CNOT 6 1
[2070] = CNOT 4 1
[2071] = H 2
[2072] = H 6
[2073] = T 2
[2074] = Z 2
[2075] = CNOT 2 8
[2076] = T 2
[2077] = Z 2
[2078] = CNOT 2 3
[2079] = T 2
[2080] = S 2
[2081] = Z 2
[2082] = CNOT 2 8
[2083] = T 2
[2084] = S 2
[2085] = Z 2
[2086] = CNOT 2 3
[2087] = CNOT 3 4
[2088] = CNOT 3 8
[2089] = T 3
[2090] = CNOT 3 8
[2091] = CNOT 3 4
[2092] = T 6
[2093] = Z 3
[2094] = CNOT 3 8
[2095] = Z 3
[2096] = CNOT 3 8
[2097] = CNOT 3 4
[2098] = CNOT 8 3
[2099] = H 2
[2100] = CNOT 2 4
[2101] = T 2
[2102] = Z 2
[2103] = CNOT 2 8
[2104] = T 2
[2105] = S 2
[2106] = Z 2
[2107] = CNOT 2 8
[2108] = CNOT 2 7
[2109] = T 2
[2110] = CNOT 2 7
[2111] = CNOT 2 4
[2112] = CNOT 2 8
[2113] = Z 2
[2114] = CNOT 2 8
[2115] = CNOT 4 8
[2116] = Z 4
[2117] = CNOT 4 8
[2118] = CNOT 2 4
[2119] = CNOT 8 2
[2120] = CNOT 7 2
[2121] = CNOT 5 2
[2122] = H 4
[2123] = T 4
[2124] = Z 4
[2125] = CNOT 4 8
[2126] = T 4
[2127] = Z 4
[2128] = CNOT 4 8
[2129] = CNOT 2 4
[2130] = CNOT 2 8
[2131] = T 2
[2132] = S 2
[2133] = Z 2
[2134] = CNOT 2 8
[2135] = T 2
[2136] = S 2
[2137] = Z 2
[2138] = CNOT 2 4
[2139] = Z 3
[2140] = CNOT 2 3
[2141] = S 2
[2142] = Z 2
[2143] = CNOT 2 3
[2144] = CNOT 2 8
[2145] = Z 2
[2146] = CNOT 2 8
[2147] = CNOT 8 3
[2148] = CNOT 2 3
[2149] = CNOT 8 2
[2150] = H 4
[2151] = CNOT 4 8
[2152] = T 4
[2153] = Z 4
[2154] = CNOT 4 7
[2155] = T 4
[2156] = S 4
[2157] = Z 4
[2158] = CNOT 4 8
[2159] = Z 4
[2160] = CNOT 4 7
[2161] = CNOT 7 8
[2162] = Z 7
[2163] = CNOT 7 8
[2164] = CNOT 8 7
[2165] = CNOT 8 4
[2166] = CNOT 1 4
[2167] = H 4
[2168] = T 4
[2169] = Z 4
[2170] = CNOT 4 8
[2171] = T 4
[2172] = Z 4
[2173] = CNOT 4 7
[2174] = T 4
[2175] = S 4
[2176] = Z 4
[2177] = CNOT 4 8
[2178] = T 4
[2179] = S 4
[2180] = Z 4
[2181] = CNOT 4 7
[2182] = CNOT 7 8
[2183] = T 7
[2184] = Z 7
[2185] = CNOT 7 8
[2186] = CNOT 2 7
[2187] = CNOT 2 8
[2188] = T 2
[2189] = S 2
[2190] = Z 2
[2191] = CNOT 2 6
[2192] = T 2
[2193] = CNOT 2 8
[2194] = CNOT 2 7
[2195] = CNOT 2 6
[2196] = CNOT 6 7
[2197] = CNOT 6 8
[2198] = T 6
[2199] = S 6
[2200] = Z 6
[2201] = CNOT 6 8
[2202] = CNOT 6 7
[2203] = CNOT 2 6
[2204] = T 2
[2205] = S 2
[2206] = CNOT 2 6
[2207] = Z 2
[2208] = Z 6
[2209] = Z 7
[2210] = CNOT 2 7
[2211] = Z 2
[2212] = CNOT 2 7
[2213] = CNOT 2 8
[2214] = Z 2
[2215] = CNOT 2 8
[2216] = CNOT 6 7
[2217] = Z 6
[2218] = CNOT 6 7
[2219] = CNOT 6 8
[2220] = Z 6
[2221] = CNOT 6 8
[2222] = CNOT 8 7
[2223] = H 4
[2224] = H 6
[2225] = CNOT 1 3
[2226] = CNOT 1 5
[2227] = CNOT 1 7
[2228] = T 1
[2229] = CNOT 1 2
[2230] = T 1
[2231] = CNOT 1 7
[2232] = CNOT 1 3
[2233] = CNOT 1 2
[2234] = CNOT 2 6
[2235] = CNOT 2 7
[2236] = CNOT 2 8
[2237] = T 2
[2238] = CNOT 2 8
[2239] = CNOT 2 7
[2240] = CNOT 2 6
[2241] = CNOT 1 8
[2242] = T 1
[2243] = CNOT 1 5
[2244] = CNOT 1 6
[2245] = CNOT 1 7
[2246] = T 1
[2247] = CNOT 1 8
[2248] = CNOT 1 7
[2249] = CNOT 1 6
[2250] = T 4
[2251] = S 1
[2252] = S 2
[2253] = S 3
[2254] = S 5
[2255] = S 7
[2256] = CNOT 1 2
[2257] = CNOT 1 3
[2258] = S 1
[2259] = Z 1
[2260] = CNOT 1 3
[2261] = CNOT 1 5
[2262] = S 1
[2263] = Z 1
[2264] = CNOT 1 5
[2265] = CNOT 1 7
[2266] = S 1
[2267] = Z 1
[2268] = CNOT 1 7
[2269] = CNOT 1 2
[2270] = CNOT 1 3
[2271] = CNOT 1 5
[2272] = S 1
[2273] = Z 1
[2274] = CNOT 1 5
[2275] = CNOT 1 7
[2276] = S 1
[2277] = Z 1
[2278] = CNOT 1 3
[2279] = CNOT 1 5
[2280] = S 1
[2281] = Z 1
[2282] = CNOT 1 7
[2283] = CNOT 1 5
[2284] = CNOT 2 3
[2285] = CNOT 2 5
[2286] = S 2
[2287] = Z 2
[2288] = CNOT 2 5
[2289] = CNOT 2 7
[2290] = S 2
[2291] = Z 2
[2292] = CNOT 2 3
[2293] = CNOT 2 5
[2294] = S 2
[2295] = Z 2
[2296] = CNOT 2 7
[2297] = CNOT 2 5
[2298] = CNOT 3 5
[2299] = CNOT 3 7
[2300] = S 3
[2301] = Z 3
[2302] = CNOT 3 7
[2303] = CNOT 3 5
[2304] = CNOT 6 8
[2305] = CNOT 6 7
[2306] = CNOT 8 6
[2307] = CNOT 7 6
[2308] = CNOT 1 6
[2309] = CNOT 8 5
[2310] = CNOT 7 5
[2311] = CNOT 7 3
[2312] = CNOT 7 2
[2313] = CNOT 6 2
[2314] = CNOT 8 1
[2315] = CNOT 7 1
[2316] = H 3
[2317] = T 3
[2318] = Z 3
[2319] = CNOT 3 7
[2320] = T 3
[2321] = Z 3
[2322] = CNOT 3 7
[2323] = CNOT 2 3
[2324] = CNOT 2 7
[2325] = T 2
[2326] = S 2
[2327] = Z 2
[2328] = CNOT 2 7
[2329] = T 2
[2330] = S 2
[2331] = Z 2
[2332] = CNOT 2 3
[2333] = CNOT 2 5
[2334] = T 2
[2335] = Z 2
[2336] = CNOT 2 6
[2337] = T 2
[2338] = S 2
[2339] = Z 2
[2340] = CNOT 2 6
[2341] = CNOT 2 5
[2342] = CNOT 2 7
[2343] = CNOT 2 8
[2344] = T 2
[2345] = S 2
[2346] = Z 2
[2347] = CNOT 2 8
[2348] = CNOT 2 7
[2349] = Z 7
[2350] = CNOT 2 6
[2351] = Z 2
[2352] = CNOT 2 6
[2353] = CNOT 2 7
[2354] = S 2
[2355] = Z 2
[2356] = CNOT 2 7
[2357] = CNOT 2 8
[2358] = Z 2
[2359] = CNOT 2 8
[2360] = CNOT 5 6
[2361] = Z 5
[2362] = CNOT 5 6
[2363] = CNOT 7 8
[2364] = Z 7
[2365] = CNOT 7 8
[2366] = CNOT 8 7
[2367] = CNOT 8 5
[2368] = CNOT 7 5
[2369] = CNOT 2 5
[2370] = CNOT 8 2
[2371] = CNOT 7 2
[2372] = CNOT 6 2
[2373] = H 3
[2374] = H 5
[2375] = T 5
[2376] = Z 5
[2377] = CNOT 5 6
[2378] = T 5
[2379] = Z 5
[2380] = CNOT 5 6
[2381] = CNOT 2 5
[2382] = CNOT 2 6
[2383] = T 2
[2384] = S 2
[2385] = Z 2
[2386] = CNOT 2 6
[2387] = T 2
[2388] = S 2
[2389] = Z 2
[2390] = CNOT 2 5
[2391] = CNOT 3 10
[2392] = T 3
[2393] = S 3
[2394] = Z 3
[2395] = CNOT 3 10
[2396] = CNOT 1 2
[2397] = CNOT 1 3
[2398] = CNOT 1 10
[2399] = T 1
[2400] = CNOT 1 3
[2401] = T 1
[2402] = Z 1
[2403] = CNOT 1 10
[2404] = CNOT 1 2
[2405] = S 1
[2406] = S 2
[2407] = Z 2
[2408] = S 10
[2409] = CNOT 1 2
[2410] = S 1
[2411] = CNOT 1 2
[2412] = CNOT 1 3
[2413] = S 1
[2414] = CNOT 1 3
[2415] = CNOT 1 10
[2416] = S 1
[2417] = CNOT 2 3
[2418] = S 2
[2419] = CNOT 2 3
[2420] = CNOT 2 6
[2421] = Z 2
[2422] = CNOT 2 6
[2423] = CNOT 2 10
[2424] = S 2
[2425] = CNOT 1 3
[2426] = S 1
[2427] = Z 1
[2428] = CNOT 1 10
[2429] = CNOT 1 3
[2430] = CNOT 2 3
[2431] = S 2
[2432] = Z 2
[2433] = CNOT 2 10
[2434] = CNOT 2 3
[2435] = CNOT 6 2
[2436] = CNOT 2 1
[2437] = H 5
[2438] = H 6
[2439] = H 10
[2440] = T 6
[2441] = Z 6
[2442] = CNOT 6 8
[2443] = T 6
[2444] = Z 6
[2445] = CNOT 6 7
[2446] = T 6
[2447] = S 6
[2448] = Z 6
[2449] = CNOT 6 8
[2450] = T 6
[2451] = S 6
[2452] = Z 6
[2453] = CNOT 6 7
[2454] = CNOT 4 9
[2455] = CNOT 4 10
[2456] = T 4
[2457] = CNOT 4 10
[2458] = T 4
[2459] = S 4
[2460] = CNOT 4 9
[2461] = CNOT 9 10
[2462] = T 9
[2463] = S 9
[2464] = CNOT 9 10
[2465] = CNOT 1 5
[2466] = T 1
[2467] = CNOT 1 5
[2468] = T 4
[2469] = Z 7
[2470] = S 10
[2471] = CNOT 4 10
[2472] = S 4
[2473] = CNOT 7 8
[2474] = Z 7
[2475] = CNOT 7 8
[2476] = CNOT 8 7
[2477] = CNOT 5 1
[2478] = H 6
[2479] = H 8
[2480] = H 9
[2481] = CNOT 1 6
[2482] = T 1
[2483] = S 1
[2484] = CNOT 1 8
[2485] = T 1
[2486] = CNOT 1 6
[2487] = CNOT 6 8
[2488] = T 6
[2489] = S 6
[2490] = CNOT 6 8
[2491] = T 1
[2492] = S 1
[2493] = CNOT 1 8
[2494] = T 9
[2495] = Z 9
[2496] = CNOT 5 9
[2497] = T 5
[2498] = S 5
[2499] = CNOT 5 9
[2500] = Z 5
[2501] = S 6
[2502] = S 8
[2503] = CNOT 5 9
[2504] = H 1
[2505] = T 1
[2506] = Z 1
[2507] = CNOT 1 5
[2508] = T 1
[2509] = Z 1
[2510] = CNOT 1 9
[2511] = T 1
[2512] = S 1
[2513] = Z 1
[2514] = CNOT 1 5
[2515] = T 1
[2516] = S 1
[2517] = Z 1
[2518] = CNOT 1 9
[2519] = CNOT 5 9
[2520] = T 5
[2521] = Z 5
[2522] = Z 9
[2523] = H 1
[2524] = H 9
[2525] = CNOT 4 9
[2526] = T 4
[2527] = Z 4
[2528] = CNOT 4 10
[2529] = T 4
[2530] = S 4
[2531] = Z 4
[2532] = CNOT 4 9
[2533] = CNOT 9 10
[2534] = T 9
[2535] = S 9
[2536] = Z 9
[2537] = CNOT 9 10
[2538] = CNOT 1 6
[2539] = T 1
[2540] = S 1
[2541] = CNOT 1 8
[2542] = T 1
[2543] = CNOT 1 6
[2544] = CNOT 6 8
[2545] = T 6
[2546] = S 6
[2547] = CNOT 6 8
[2548] = T 1
[2549] = S 1
[2550] = CNOT 1 8
[2551] = T 4
[2552] = Z 4
[2553] = S 1
[2554] = S 9
[2555] = Z 9
[2556] = Z 10
[2557] = H 10
[2558] = H 8
[2559] = H 6
[2560] = T 8
[2561] = T 6
[2562] = CNOT 7 8
[2563] = T 7
[2564] = S 7
[2565] = CNOT 7 8
[2566] = CNOT 6 7
[2567] = CNOT 6 8
[2568] = T 6
[2569] = CNOT 6 7
[2570] = T 6
[2571] = S 6
[2572] = CNOT 6 8
[2573] = CNOT 6 7
[2574] = T 6
[2575] = S 6
[2576] = CNOT 6 7
[2577] = S 3
[2578] = Z 3
[2579] = S 10
[2580] = CNOT 2 3
[2581] = S 2
[2582] = CNOT 2 3
[2583] = CNOT 2 10
[2584] = S 2
[2585] = Z 2
[2586] = CNOT 3 10
[2587] = S 3
[2588] = CNOT 3 10
[2589] = CNOT 2 3
[2590] = S 2
[2591] = Z 2
[2592] = CNOT 2 10
[2593] = CNOT 2 3
[2594] = H 6
[2595] = H 7
[2596] = H 10
[2597] = CNOT 1 6
[2598] = T 1
[2599] = S 1
[2600] = CNOT 1 7
[2601] = T 1
[2602] = CNOT 1 6
[2603] = CNOT 6 7
[2604] = T 6
[2605] = S 6
[2606] = CNOT 6 7
[2607] = T 1
[2608] = S 1
[2609] = CNOT 1 7
[2610] = CNOT 4 9
[2611] = CNOT 4 10
[2612] = T 4
[2613] = CNOT 4 10
[2614] = T 4
[2615] = S 4
[2616] = CNOT 4 9
[2617] = CNOT 9 10
[2618] = T 9
[2619] = S 9
[2620] = CNOT 9 10
[2621] = T 4
[2622] = S 6
[2623] = S 7
[2624] = S 10
[2625] = CNOT 4 10
[2626] = S 4
[2627] = H 9
[2628] = H 1
[2629] = T 9
[2630] = T 1
[2631] = CNOT 5 9
[2632] = T 5
[2633] = S 5
[2634] = CNOT 5 9
[2635] = CNOT 1 5
[2636] = CNOT 1 9
[2637] = T 1
[2638] = CNOT 1 9
[2639] = T 1
[2640] = S 1
[2641] = CNOT 1 5
[2642] = CNOT 1 9
[2643] = T 1
[2644] = S 1
[2645] = CNOT 1 9
[2646] = H 1
[2647] = H 9
[2648] = CNOT 4 9
[2649] = T 4
[2650] = Z 4
[2651] = CNOT 4 10
[2652] = T 4
[2653] = S 4
[2654] = Z 4
[2655] = CNOT 4 9
[2656] = CNOT 9 10
[2657] = T 9
[2658] = S 9
[2659] = Z 9
[2660] = CNOT 9 10
[2661] = T 1
[2662] = CNOT 1 6
[2663] = T 1
[2664] = S 1
[2665] = CNOT 1 7
[2666] = T 1
[2667] = CNOT 1 6
[2668] = CNOT 6 7
[2669] = T 6
[2670] = S 6
[2671] = CNOT 6 7
[2672] = T 1
[2673] = S 1
[2674] = CNOT 1 7
[2675] = T 6
[2676] = S 9
[2677] = Z 9
[2678] = Z 10
[2679] = Z 4
[2680] = CNOT 5 1
[2681] = H 10
[2682] = H 7
[2683] = H 5
[2684] = H 4
[2685] = CNOT 3 10
[2686] = T 3
[2687] = Z 3
[2688] = CNOT 3 10
[2689] = CNOT 2 3
[2690] = CNOT 2 10
[2691] = T 2
[2692] = S 2
[2693] = Z 2
[2694] = CNOT 2 3
[2695] = T 2
[2696] = S 2
[2697] = Z 2
[2698] = CNOT 2 10
[2699] = CNOT 1 2
[2700] = T 1
[2701] = T 5
[2702] = Z 5
[2703] = CNOT 1 6
[2704] = T 1
[2705] = S 1
[2706] = Z 1
[2707] = CNOT 1 5
[2708] = T 1
[2709] = CNOT 1 6
[2710] = CNOT 1 5
[2711] = CNOT 5 6
[2712] = T 5
[2713] = S 5
[2714] = CNOT 5 6
[2715] = CNOT 1 5
[2716] = T 1
[2717] = S 1
[2718] = Z 1
[2719] = CNOT 1 2
[2720] = T 7
[2721] = T 4
[2722] = Z 2
[2723] = Z 6
[2724] = S 10
[2725] = Z 10
[2726] = Z 1
[2727] = CNOT 1 5
[2728] = CNOT 1 6
[2729] = Z 1
[2730] = CNOT 1 6
[2731] = CNOT 2 3
[2732] = Z 2
[2733] = CNOT 2 3
[2734] = CNOT 2 5
[2735] = Z 2
[2736] = CNOT 2 5
[2737] = CNOT 2 6
[2738] = Z 2
[2739] = CNOT 2 6
[2740] = CNOT 2 1
[2741] = H 5
[2742] = H 3
[2743] = CNOT 2 5
[2744] = T 2
[2745] = T 3
[2746] = Z 3
[2747] = CNOT 2 7
[2748] = T 2
[2749] = S 2
[2750] = Z 2
[2751] = CNOT 2 3
[2752] = T 2
[2753] = CNOT 2 7
[2754] = CNOT 2 3
[2755] = CNOT 3 7
[2756] = T 3
[2757] = S 3
[2758] = CNOT 3 7
[2759] = CNOT 2 3
[2760] = T 2
[2761] = S 2
[2762] = Z 2
[2763] = CNOT 2 5
[2764] = CNOT 2 3
[2765] = CNOT 1 2
[2766] = CNOT 1 6
[2767] = CNOT 1 8
[2768] = T 1
[2769] = CNOT 1 6
[2770] = CNOT 1 2
[2771] = Z 7
[2772] = CNOT 2 3
[2773] = Z 2
[2774] = CNOT 2 3
[2775] = CNOT 2 7
[2776] = Z 2
[2777] = CNOT 2 7
[2778] = CNOT 3 5
[2779] = Z 3
[2780] = CNOT 3 5
[2781] = CNOT 5 7
[2782] = Z 5
[2783] = CNOT 5 7
[2784] = CNOT 6 8
[2785] = CNOT 1 6
[2786] = CNOT 8 5
[2787] = CNOT 7 5
[2788] = CNOT 6 5
[2789] = CNOT 2 5
[2790] = CNOT 6 2
[2791] = CNOT 1 2
[2792] = CNOT 8 1
[2793] = CNOT 7 1
[2794] = CNOT 6 1
[2795] = H 3
[2796] = CNOT 2 3
[2797] = CNOT 2 8
[2798] = T 2
[2799] = S 2
[2800] = Z 2
[2801] = CNOT 2 8
[2802] = CNOT 2 3
[2803] = T 3
[2804] = Z 3
[2805] = CNOT 3 7
[2806] = T 3
[2807] = CNOT 3 7
[2808] = Z 2
[2809] = CNOT 2 3
[2810] = S 2
[2811] = CNOT 2 3
[2812] = CNOT 2 8
[2813] = Z 2
[2814] = CNOT 2 8
[2815] = CNOT 3 8
[2816] = Z 3
[2817] = CNOT 3 8
[2818] = CNOT 6 7
[2819] = CNOT 7 3
[2820] = CNOT 6 3
[2821] = CNOT 2 3
[2822] = CNOT 8 2
[2823] = H 6
[2824] = CNOT 6 8
[2825] = T 6
[2826] = Z 6
[2827] = CNOT 6 8
[2828] = CNOT 2 6
[2829] = T 2
[2830] = S 2
[2831] = Z 2
[2832] = CNOT 2 6
[2833] = CNOT 2 3
[2834] = CNOT 2 8
[2835] = T 2
[2836] = S 2
[2837] = Z 2
[2838] = CNOT 2 6
[2839] = T 2
[2840] = CNOT 2 6
[2841] = CNOT 2 3
[2842] = CNOT 3 6
[2843] = T 3
[2844] = S 3
[2845] = CNOT 3 6
[2846] = CNOT 2 7
[2847] = T 2
[2848] = S 2
[2849] = Z 2
[2850] = CNOT 2 4
[2851] = T 2
[2852] = CNOT 2 7
[2853] = T 2
[2854] = S 2
[2855] = Z 2
[2856] = CNOT 2 8
[2857] = CNOT 2 4
[2858] = CNOT 4 7
[2859] = T 4
[2860] = S 4
[2861] = CNOT 4 7
[2862] = Z 3
[2863] = Z 4
[2864] = S 6
[2865] = Z 7
[2866] = Z 8
[2867] = CNOT 2 3
[2868] = Z 2
[2869] = CNOT 2 3
[2870] = CNOT 2 4
[2871] = Z 2
[2872] = CNOT 2 4
[2873] = CNOT 2 7
[2874] = Z 2
[2875] = CNOT 2 7
[2876] = CNOT 2 8
[2877] = S 2
[2878] = Z 2
[2879] = CNOT 3 8
[2880] = Z 3
[2881] = CNOT 3 8
[2882] = CNOT 4 8
[2883] = Z 4
[2884] = CNOT 4 8
[2885] = CNOT 7 8
[2886] = Z 7
[2887] = CNOT 7 8
[2888] = CNOT 2 6
[2889] = S 2
[2890] = Z 2
[2891] = CNOT 2 8
[2892] = CNOT 2 6
[2893] = CNOT 8 2
[2894] = H 6
[2895] = H 4
[2896] = CNOT 4 8
[2897] = T 4
[2898] = Z 4
[2899] = CNOT 4 8
[2900] = CNOT 2 4
[2901] = CNOT 2 8
[2902] = T 2
[2903] = S 2
[2904] = Z 2
[2905] = CNOT 2 8
[2906] = Z 2
[2907] = CNOT 2 4
[2908] = CNOT 2 8
[2909] = Z 2
[2910] = CNOT 2 8
[2911] = CNOT 5 6
[2912] = CNOT 8 4
[2913] = CNOT 1 4
[2914] = CNOT 8 2
[2915] = H 4
[2916] = T 4
[2917] = Z 4
[2918] = CNOT 4 8
[2919] = T 4
[2920] = Z 4
[2921] = CNOT 4 8
[2922] = CNOT 2 4
[2923] = CNOT 2 8
[2924] = T 2
[2925] = S 2
[2926] = Z 2
[2927] = CNOT 2 8
[2928] = T 2
[2929] = S 2
[2930] = Z 2
[2931] = CNOT 2 4
[2932] = Z 2
[2933] = CNOT 2 8
[2934] = Z 2
[2935] = CNOT 2 8
[2936] = CNOT 8 2
[2937] = H 4
[2938] = CNOT 3 4
[2939] = T 3
[2940] = CNOT 3 4
[2941] = CNOT 4 8
[2942] = T 4
[2943] = CNOT 4 8
[2944] = CNOT 3 8
[2945] = T 3
[2946] = S 3
[2947] = CNOT 3 8
[2948] = Z 3
[2949] = Z 8
[2950] = CNOT 8 4
[2951] = CNOT 7 4
[2952] = CNOT 5 4
[2953] = CNOT 3 4
[2954] = CNOT 2 4
[2955] = CNOT 1 4
[2956] = CNOT 8 3
[2957] = CNOT 7 2
[2958] = CNOT 5 2
[2959] = CNOT 7 1
[2960] = CNOT 6 1
[2961] = H 2
[2962] = T 2
[2963] = Z 2
[2964] = CNOT 2 8
[2965] = T 2
[2966] = Z 2
[2967] = CNOT 2 3
[2968] = T 2
[2969] = S 2
[2970] = Z 2
[2971] = CNOT 2 8
[2972] = T 2
[2973] = S 2
[2974] = Z 2
[2975] = CNOT 2 3
[2976] = Z 3
[2977] = CNOT 3 8
[2978] = Z 3
[2979] = CNOT 3 8
[2980] = CNOT 8 3
[2981] = CNOT 8 1
[2982] = CNOT 3 1
[2983] = H 2
[2984] = CNOT 1 3
[2985] = CNOT 1 5
[2986] = CNOT 1 6
[2987] = CNOT 1 7
[2988] = CNOT 1 8
[2989] = T 1
[2990] = CNOT 1 8
[2991] = CNOT 1 7
[2992] = CNOT 1 2
[2993] = T 1
[2994] = CNOT 1 6
[2995] = CNOT 1 5
[2996] = CNOT 1 3
[2997] = CNOT 1 2
[2998] = CNOT 2 7
[2999] = CNOT 2 8
[3000] = T 2
[3001] = S 2
[3002] = Z 2
[3003] = CNOT 2 8
[3004] = CNOT 2 3
[3005] = CNOT 2 4
[3006] = CNOT 2 5
[3007] = CNOT 2 6
[3008] = T 2
[3009] = CNOT 2 6
[3010] = CNOT 2 5
[3011] = CNOT 2 4
[3012] = CNOT 2 3
[3013] = Z 2
[3014] = CNOT 2 7
[3015] = CNOT 2 8
[3016] = Z 2
[3017] = CNOT 2 8
[3018] = CNOT 7 8
[3019] = Z 7
[3020] = CNOT 7 8
[3021] = CNOT 1 8
[3022] = CNOT 8 7
[3023] = CNOT 5 7
[3024] = CNOT 4 7
[3025] = CNOT 3 7
[3026] = CNOT 1 7
[3027] = CNOT 7 6
[3028] = CNOT 3 6
[3029] = CNOT 6 7
[3030] = CNOT 7 5
[3031] = CNOT 6 5
[3032] = CNOT 4 5
[3033] = CNOT 1 5
[3034] = CNOT 5 6
[3035] = CNOT 3 4
[3036] = CNOT 8 3
[3037] = CNOT 7 3
[3038] = CNOT 6 3
[3039] = CNOT 4 3
[3040] = CNOT 2 3
[3041] = CNOT 1 3
[3042] = CNOT 3 4
[3043] = CNOT 8 2
[3044] = CNOT 7 2
[3045] = CNOT 6 2
[3046] = CNOT 5 2
[3047] = CNOT 4 2
[3048] = CNOT 3 2
[3049] = CNOT 1 2
[3050] = CNOT 6 1
[3051] = CNOT 5 1
[3052] = CNOT 3 1
[3053] = CNOT 1 3
[3054] = H 1
[3055] = T 1
[3056] = Z 1
[3057] = CNOT 1 8
[3058] = T 1
[3059] = Z 1
[3060] = CNOT 1 3
[3061] = T 1
[3062] = S 1
[3063] = Z 1
[3064] = CNOT 1 8
[3065] = T 1
[3066] = S 1
[3067] = Z 1
[3068] = CNOT 1 3
[3069] = CNOT 3 8
[3070] = T 3
[3071] = CNOT 3 8
[3072] = CNOT 2 3
[3073] = CNOT 2 8
[3074] = T 2
[3075] = S 2
[3076] = Z 2
[3077] = CNOT 2 8
[3078] = Z 3
[3079] = Z 2
[3080] = CNOT 2 3
[3081] = CNOT 2 8
[3082] = Z 2
[3083] = CNOT 2 8
[3084] = CNOT 8 4
[3085] = CNOT 3 4
[3086] = CNOT 8 3
[3087] = CNOT 8 2
[3088] = H 1
[3089] = CNOT 1 4
[3090] = CNOT 1 7
[3091] = T 1
[3092] = CNOT 1 7
[3093] = CNOT 1 4
[3094] = CNOT 6 7
[3095] = CNOT 7 4
[3096] = CNOT 7 1
[3097] = CNOT 6 1
[3098] = CNOT 5 1
[3099] = H 4
[3100] = T 4
[3101] = Z 4
[3102] = CNOT 4 8
[3103] = T 4
[3104] = Z 4
[3105] = CNOT 4 8
[3106] = CNOT 2 4
[3107] = CNOT 2 8
[3108] = T 2
[3109] = S 2
[3110] = Z 2
[3111] = CNOT 2 8
[3112] = T 2
[3113] = S 2
[3114] = Z 2
[3115] = CNOT 2 4
[3116] = CNOT 2 8
[3117] = T 2
[3118] = CNOT 2 7
[3119] = T 2
[3120] = S 2
[3121] = Z 2
[3122] = CNOT 2 8
[3123] = CNOT 2 7
[3124] = Z 2
[3125] = CNOT 2 7
[3126] = Z 2
[3127] = CNOT 2 7
[3128] = CNOT 7 8
[3129] = Z 7
[3130] = CNOT 7 8
[3131] = CNOT 8 7
[3132] = CNOT 8 3
[3133] = CNOT 2 3
[3134] = CNOT 8 2
[3135] = CNOT 2 1
[3136] = H 4
[3137] = CNOT 4 1
[3138] = H 1
[3139] = T 1
[3140] = Z 1
[3141] = CNOT 1 8
[3142] = T 1
[3143] = Z 1
[3144] = CNOT 1 7
[3145] = T 1
[3146] = S 1
[3147] = Z 1
[3148] = CNOT 1 8
[3149] = T 1
[3150] = S 1
[3151] = Z 1
[3152] = CNOT 1 7
[3153] = CNOT 7 8
[3154] = T 7
[3155] = Z 7
[3156] = CNOT 7 8
[3157] = Z 7
[3158] = CNOT 8 7
[3159] = CNOT 7 3
[3160] = H 1
[3161] = H 3
[3162] = CNOT 1 2
[3163] = CNOT 1 8
[3164] = T 1
[3165] = S 1
[3166] = Z 1
[3167] = CNOT 1 8
[3168] = CNOT 5 7
[3169] = T 5
[3170] = CNOT 5 7
[3171] = T 3
[3172] = CNOT 1 5
[3173] = CNOT 1 7
[3174] = T 1
[3175] = CNOT 1 3
[3176] = T 1
[3177] = CNOT 1 7
[3178] = CNOT 1 5
[3179] = CNOT 1 3
[3180] = CNOT 3 5
[3181] = CNOT 3 7
[3182] = T 3
[3183] = S 3
[3184] = Z 3
[3185] = CNOT 3 7
[3186] = CNOT 3 5
[3187] = CNOT 1 3
[3188] = T 1
[3189] = S 1
[3190] = Z 1
[3191] = CNOT 1 3
[3192] = CNOT 1 2
[3193] = CNOT 1 4
[3194] = T 1
[3195] = CNOT 1 4
[3196] = S 1
[3197] = Z 1
[3198] = S 2
[3199] = Z 2
[3200] = S 5
[3201] = Z 5
[3202] = S 7
[3203] = Z 7
[3204] = CNOT 1 2
[3205] = Z 1
[3206] = CNOT 1 2
[3207] = CNOT 1 3
[3208] = Z 1
[3209] = CNOT 1 3
[3210] = CNOT 1 5
[3211] = S 1
[3212] = Z 1
[3213] = CNOT 1 5
[3214] = CNOT 1 7
[3215] = S 1
[3216] = Z 1
[3217] = CNOT 1 7
[3218] = CNOT 1 8
[3219] = Z 1
[3220] = CNOT 1 8
[3221] = CNOT 2 3
[3222] = Z 2
[3223] = CNOT 2 3
[3224] = CNOT 2 5
[3225] = S 2
[3226] = Z 2
[3227] = CNOT 2 5
[3228] = CNOT 2 7
[3229] = S 2
[3230] = Z 2
[3231] = CNOT 2 7
[3232] = CNOT 2 8
[3233] = Z 2
[3234] = CNOT 2 8
[3235] = CNOT 3 5
[3236] = Z 3
[3237] = CNOT 3 5
[3238] = CNOT 3 7
[3239] = Z 3
[3240] = CNOT 3 7
[3241] = CNOT 1 2
[3242] = CNOT 1 5
[3243] = S 1
[3244] = Z 1
[3245] = CNOT 1 5
[3246] = CNOT 1 7
[3247] = S 1
[3248] = Z 1
[3249] = CNOT 1 2
[3250] = CNOT 1 5
[3251] = S 1
[3252] = Z 1
[3253] = CNOT 1 7
[3254] = CNOT 1 5
[3255] = CNOT 2 5
[3256] = CNOT 2 7
[3257] = S 2
[3258] = Z 2
[3259] = CNOT 2 7
[3260] = CNOT 2 5
[3261] = CNOT 7 5
[3262] = CNOT 8 2
[3263] = CNOT 8 1
[3264] = CNOT 6 1
[3265] = CNOT 5 1
[3266] = CNOT 4 1
[3267] = CNOT 2 1
[3268] = H 6
[3269] = H 3
[3270] = T 6
[3271] = Z 6
[3272] = CNOT 6 8
[3273] = T 6
[3274] = Z 6
[3275] = CNOT 6 8
[3276] = CNOT 2 6
[3277] = CNOT 2 8
[3278] = T 2
[3279] = S 2
[3280] = Z 2
[3281] = CNOT 2 8
[3282] = T 2
[3283] = S 2
[3284] = Z 2
[3285] = CNOT 2 6
[3286] = Z 2
[3287] = CNOT 2 8
[3288] = Z 2
[3289] = CNOT 2 8
[3290] = CNOT 8 2
[3291] = H 6
[3292] = CNOT 2 5
[3293] = T 2
[3294] = CNOT 2 5
[3295] = CNOT 2 6
[3296] = CNOT 2 8
[3297] = T 2
[3298] = CNOT 2 8
[3299] = CNOT 2 6
[3300] = CNOT 5 6
[3301] = CNOT 5 8
[3302] = T 5
[3303] = S 5
[3304] = Z 5
[3305] = CNOT 5 8
[3306] = CNOT 5 6
[3307] = CNOT 1 5
[3308] = CNOT 1 8
[3309] = T 1
[3310] = S 1
[3311] = Z 1
[3312] = CNOT 1 7
[3313] = T 1
[3314] = CNOT 1 7
[3315] = CNOT 1 5
[3316] = CNOT 1 6
[3317] = T 1
[3318] = CNOT 1 2
[3319] = CNOT 1 3
[3320] = CNOT 1 5
[3321] = T 1
[3322] = CNOT 1 8
[3323] = CNOT 1 6
[3324] = CNOT 1 5
[3325] = CNOT 1 3
[3326] = CNOT 1 2
[3327] = S 1
[3328] = S 5
[3329] = S 7
[3330] = S 8
[3331] = CNOT 1 5
[3332] = S 1
[3333] = Z 1
[3334] = CNOT 1 5
[3335] = CNOT 1 7
[3336] = S 1
[3337] = Z 1
[3338] = CNOT 1 7
[3339] = CNOT 1 8
[3340] = S 1
[3341] = Z 1
[3342] = CNOT 1 8
[3343] = CNOT 5 6
[3344] = Z 5
[3345] = CNOT 5 6
[3346] = CNOT 5 7
[3347] = S 5
[3348] = Z 5
[3349] = CNOT 5 7
[3350] = CNOT 5 8
[3351] = S 5
[3352] = CNOT 5 8
[3353] = CNOT 6 8
[3354] = Z 6
[3355] = CNOT 7 8
[3356] = S 7
[3357] = Z 7
[3358] = CNOT 7 8
[3359] = CNOT 1 5
[3360] = CNOT 1 7
[3361] = S 1
[3362] = Z 1
[3363] = CNOT 1 5
[3364] = CNOT 1 8
[3365] = S 1
[3366] = Z 1
[3367] = CNOT 1 8
[3368] = CNOT 1 7
[3369] = CNOT 5 7
[3370] = CNOT 5 8
[3371] = S 5
[3372] = Z 5
[3373] = CNOT 5 8
[3374] = CNOT 5 7
[3375] = CNOT 8 7
[3376] = CNOT 8 6
[3377] = CNOT 1 6
[3378] = CNOT 8 5
[3379] = CNOT 6 5
[3380] = CNOT 2 5
[3381] = CNOT 3 2
[3382] = CNOT 8 1
[3383] = CNOT 3 1
[3384] = H 5
[3385] = T 5
[3386] = Z 5
[3387] = CNOT 5 6
[3388] = T 5
[3389] = Z 5
[3390] = CNOT 5 6
[3391] = CNOT 2 5
[3392] = CNOT 2 6
[3393] = T 2
[3394] = S 2
[3395] = Z 2
[3396] = CNOT 2 6
[3397] = T 2
[3398] = S 2
[3399] = Z 2
[3400] = CNOT 2 5
[3401] = CNOT 1 2
[3402] = CNOT 1 3
[3403] = CNOT 1 10
[3404] = T 1
[3405] = CNOT 1 3
[3406] = CNOT 3 10
[3407] = T 3
[3408] = S 3
[3409] = CNOT 3 10
[3410] = T 1
[3411] = S 1
[3412] = Z 1
[3413] = CNOT 1 10
[3414] = T 3
[3415] = Z 3
[3416] = Z 2
[3417] = Z 10
[3418] = Z 1
[3419] = CNOT 1 2
[3420] = CNOT 1 3
[3421] = Z 1
[3422] = CNOT 1 3
[3423] = CNOT 1 10
[3424] = Z 1
[3425] = CNOT 1 10
[3426] = CNOT 2 3
[3427] = Z 2
[3428] = CNOT 2 3
[3429] = CNOT 2 6
[3430] = Z 2
[3431] = CNOT 2 6
[3432] = CNOT 2 10
[3433] = Z 2
[3434] = CNOT 2 10
[3435] = CNOT 1 2
[3436] = CNOT 1 3
[3437] = S 1
[3438] = Z 1
[3439] = CNOT 1 3
[3440] = CNOT 1 2
[3441] = CNOT 6 2
[3442] = CNOT 3 2
[3443] = CNOT 3 1
[3444] = CNOT 2 1
[3445] = H 5
[3446] = H 6
[3447] = H 10
[3448] = T 6
[3449] = Z 6
[3450] = CNOT 6 8
[3451] = T 6
[3452] = Z 6
[3453] = CNOT 6 7
[3454] = T 6
[3455] = S 6
[3456] = Z 6
[3457] = CNOT 6 8
[3458] = T 6
[3459] = S 6
[3460] = Z 6
[3461] = CNOT 6 7
[3462] = CNOT 4 9
[3463] = CNOT 4 10
[3464] = T 4
[3465] = CNOT 4 10
[3466] = T 4
[3467] = S 4
[3468] = CNOT 4 9
[3469] = CNOT 9 10
[3470] = T 9
[3471] = S 9
[3472] = CNOT 9 10
[3473] = CNOT 1 5
[3474] = T 1
[3475] = CNOT 1 5
[3476] = T 4
[3477] = Z 7
[3478] = S 10
[3479] = CNOT 4 10
[3480] = S 4
[3481] = CNOT 7 8
[3482] = Z 7
[3483] = CNOT 7 8
[3484] = CNOT 8 7
[3485] = CNOT 5 1
[3486] = H 6
[3487] = H 8
[3488] = H 9
[3489] = CNOT 1 6
[3490] = T 1
[3491] = S 1
[3492] = CNOT 1 8
[3493] = T 1
[3494] = CNOT 1 6
[3495] = CNOT 6 8
[3496] = T 6
[3497] = S 6
[3498] = CNOT 6 8
[3499] = T 1
[3500] = S 1
[3501] = CNOT 1 8
[3502] = T 9
[3503] = Z 9
[3504] = CNOT 5 9
[3505] = T 5
[3506] = S 5
[3507] = CNOT 5 9
[3508] = Z 5
[3509] = S 6
[3510] = S 8
[3511] = CNOT 5 9
[3512] = H 1
[3513] = T 1
[3514] = Z 1
[3515] = CNOT 1 5
[3516] = T 1
[3517] = Z 1
[3518] = CNOT 1 9
[3519] = T 1
[3520] = S 1
[3521] = Z 1
[3522] = CNOT 1 5
[3523] = T 1
[3524] = S 1
[3525] = Z 1
[3526] = CNOT 1 9
[3527] = CNOT 5 9
[3528] = T 5
[3529] = Z 5
[3530] = Z 9
[3531] = H 1
[3532] = H 9
[3533] = CNOT 4 9
[3534] = T 4
[3535] = Z 4
[3536] = CNOT 4 10
[3537] = T 4
[3538] = S 4
[3539] = Z 4
[3540] = CNOT 4 9
[3541] = CNOT 9 10
[3542] = T 9
[3543] = S 9
[3544] = Z 9
[3545] = CNOT 9 10
[3546] = CNOT 1 6
[3547] = T 1
[3548] = S 1
[3549] = CNOT 1 8
[3550] = T 1
[3551] = CNOT 1 6
[3552] = CNOT 6 8
[3553] = T 6
[3554] = S 6
[3555] = CNOT 6 8
[3556] = T 1
[3557] = S 1
[3558] = CNOT 1 8
[3559] = T 4
[3560] = Z 4
[3561] = S 1
[3562] = S 9
[3563] = Z 9
[3564] = Z 10
[3565] = H 10
[3566] = H 8
[3567] = H 6
[3568] = T 8
[3569] = T 6
[3570] = CNOT 7 8
[3571] = T 7
[3572] = S 7
[3573] = CNOT 7 8
[3574] = CNOT 6 7
[3575] = CNOT 6 8
[3576] = T 6
[3577] = CNOT 6 7
[3578] = T 6
[3579] = S 6
[3580] = CNOT 6 8
[3581] = CNOT 6 7
[3582] = T 6
[3583] = S 6
[3584] = CNOT 6 7
[3585] = S 3
[3586] = Z 3
[3587] = S 10
[3588] = CNOT 2 3
[3589] = S 2
[3590] = CNOT 2 3
[3591] = CNOT 2 10
[3592] = S 2
[3593] = Z 2
[3594] = CNOT 3 10
[3595] = S 3
[3596] = CNOT 3 10
[3597] = CNOT 2 3
[3598] = S 2
[3599] = Z 2
[3600] = CNOT 2 10
[3601] = CNOT 2 3
[3602] = H 6
[3603] = H 7
[3604] = H 10
[3605] = CNOT 1 6
[3606] = T 1
[3607] = S 1
[3608] = CNOT 1 7
[3609] = T 1
[3610] = CNOT 1 6
[3611] = CNOT 6 7
[3612] = T 6
[3613] = S 6
[3614] = CNOT 6 7
[3615] = T 1
[3616] = S 1
[3617] = CNOT 1 7
[3618] = CNOT 4 9
[3619] = CNOT 4 10
[3620] = T 4
[3621] = CNOT 4 10
[3622] = T 4
[3623] = S 4
[3624] = CNOT 4 9
[3625] = CNOT 9 10
[3626] = T 9
[3627] = S 9
[3628] = CNOT 9 10
[3629] = T 4
[3630] = S 6
[3631] = S 7
[3632] = S 10
[3633] = CNOT 4 10
[3634] = S 4
[3635] = H 9
[3636] = H 1
[3637] = T 9
[3638] = T 1
[3639] = CNOT 5 9
[3640] = T 5
[3641] = S 5
[3642] = CNOT 5 9
[3643] = CNOT 1 5
[3644] = CNOT 1 9
[3645] = T 1
[3646] = CNOT 1 9
[3647] = T 1
[3648] = S 1
[3649] = CNOT 1 5
[3650] = CNOT 1 9
[3651] = T 1
[3652] = S 1
[3653] = CNOT 1 9
[3654] = H 1
[3655] = H 9
[3656] = CNOT 4 9
[3657] = T 4
[3658] = Z 4
[3659] = CNOT 4 10
[3660] = T 4
[3661] = S 4
[3662] = Z 4
[3663] = CNOT 4 9
[3664] = CNOT 9 10
[3665] = T 9
[3666] = S 9
[3667] = Z 9
[3668] = CNOT 9 10
[3669] = T 1
[3670] = CNOT 1 6
[3671] = T 1
[3672] = S 1
[3673] = CNOT 1 7
[3674] = T 1
[3675] = CNOT 1 6
[3676] = CNOT 6 7
[3677] = T 6
[3678] = S 6
[3679] = CNOT 6 7
[3680] = T 1
[3681] = S 1
[3682] = CNOT 1 7
[3683] = T 6
[3684] = S 9
[3685] = Z 9
[3686] = Z 10
[3687] = Z 4
[3688] = CNOT 5 1
[3689] = H 10
[3690] = H 7
[3691] = H 5
[3692] = CNOT 3 10
[3693] = T 3
[3694] = Z 3
[3695] = CNOT 3 10
[3696] = CNOT 2 3
[3697] = CNOT 2 10
[3698] = T 2
[3699] = S 2
[3700] = Z 2
[3701] = CNOT 2 3
[3702] = T 2
[3703] = S 2
[3704] = Z 2
[3705] = CNOT 2 10
[3706] = CNOT 1 2
[3707] = T 1
[3708] = T 5
[3709] = Z 5
[3710] = CNOT 1 6
[3711] = T 1
[3712] = S 1
[3713] = Z 1
[3714] = CNOT 1 5
[3715] = T 1
[3716] = CNOT 1 6
[3717] = CNOT 1 5
[3718] = CNOT 5 6
[3719] = T 5
[3720] = S 5
[3721] = CNOT 5 6
[3722] = CNOT 1 5
[3723] = T 1
[3724] = S 1
[3725] = Z 1
[3726] = CNOT 1 2
[3727] = T 7
[3728] = Z 2
[3729] = Z 6
[3730] = S 10
[3731] = Z 10
[3732] = Z 1
[3733] = CNOT 1 5
[3734] = CNOT 1 6
[3735] = Z 1
[3736] = CNOT 1 6
[3737] = CNOT 2 3
[3738] = Z 2
[3739] = CNOT 2 3
[3740] = CNOT 2 5
[3741] = Z 2
[3742] = CNOT 2 5
[3743] = CNOT 2 6
[3744] = Z 2
[3745] = CNOT 2 6
[3746] = CNOT 2 1
[3747] = H 5
[3748] = H 3
[3749] = CNOT 2 5
[3750] = T 2
[3751] = T 3
[3752] = Z 3
[3753] = CNOT 2 7
[3754] = T 2
[3755] = S 2
[3756] = Z 2
[3757] = CNOT 2 3
[3758] = T 2
[3759] = CNOT 2 7
[3760] = CNOT 2 3
[3761] = CNOT 3 7
[3762] = T 3
[3763] = S 3
[3764] = CNOT 3 7
[3765] = CNOT 2 3
[3766] = T 2
[3767] = S 2
[3768] = Z 2
[3769] = CNOT 2 5
[3770] = CNOT 2 3
[3771] = CNOT 1 2
[3772] = CNOT 1 6
[3773] = CNOT 1 8
[3774] = T 1
[3775] = CNOT 1 6
[3776] = CNOT 1 2
[3777] = Z 7
[3778] = CNOT 2 3
[3779] = Z 2
[3780] = CNOT 2 3
[3781] = CNOT 2 7
[3782] = Z 2
[3783] = CNOT 2 7
[3784] = CNOT 3 5
[3785] = Z 3
[3786] = CNOT 3 5
[3787] = CNOT 5 7
[3788] = Z 5
[3789] = CNOT 5 7
[3790] = CNOT 6 8
[3791] = CNOT 1 6
[3792] = CNOT 8 5
[3793] = CNOT 7 5
[3794] = CNOT 6 5
[3795] = CNOT 2 5
[3796] = CNOT 6 2
[3797] = CNOT 1 2
[3798] = CNOT 8 1
[3799] = CNOT 6 1
[3800] = CNOT 5 1
[3801] = CNOT 4 1
[3802] = H 3
[3803] = CNOT 2 3
[3804] = T 2
[3805] = Z 2
[3806] = CNOT 2 8
[3807] = T 2
[3808] = S 2
[3809] = Z 2
[3810] = CNOT 2 3
[3811] = T 3
[3812] = CNOT 1 3
[3813] = CNOT 1 7
[3814] = T 1
[3815] = CNOT 1 7
[3816] = CNOT 1 3
[3817] = Z 2
[3818] = CNOT 2 8
[3819] = CNOT 3 8
[3820] = Z 3
[3821] = CNOT 3 8
[3822] = CNOT 6 7
[3823] = CNOT 7 3
[3824] = CNOT 6 3
[3825] = CNOT 2 3
[3826] = CNOT 8 2
[3827] = CNOT 7 1
[3828] = H 6
[3829] = CNOT 6 8
[3830] = T 6
[3831] = Z 6
[3832] = CNOT 6 8
[3833] = CNOT 2 6
[3834] = T 2
[3835] = S 2
[3836] = Z 2
[3837] = CNOT 2 6
[3838] = CNOT 2 3
[3839] = CNOT 2 8
[3840] = T 2
[3841] = S 2
[3842] = Z 2
[3843] = CNOT 2 6
[3844] = T 2
[3845] = CNOT 2 6
[3846] = CNOT 2 3
[3847] = CNOT 3 6
[3848] = T 3
[3849] = S 3
[3850] = CNOT 3 6
[3851] = CNOT 2 7
[3852] = T 2
[3853] = S 2
[3854] = Z 2
[3855] = CNOT 2 8
[3856] = CNOT 2 7
[3857] = Z 3
[3858] = S 6
[3859] = Z 8
[3860] = CNOT 2 3
[3861] = Z 2
[3862] = CNOT 2 3
[3863] = CNOT 2 7
[3864] = Z 2
[3865] = CNOT 2 7
[3866] = CNOT 2 8
[3867] = S 2
[3868] = CNOT 3 8
[3869] = Z 3
[3870] = CNOT 3 8
[3871] = CNOT 7 8
[3872] = Z 7
[3873] = CNOT 7 8
[3874] = CNOT 2 6
[3875] = S 2
[3876] = Z 2
[3877] = CNOT 2 8
[3878] = CNOT 2 6
[3879] = CNOT 8 7
[3880] = CNOT 8 2
[3881] = CNOT 2 1
[3882] = H 6
[3883] = H 1
[3884] = T 1
[3885] = Z 1
[3886] = CNOT 1 8
[3887] = T 1
[3888] = Z 1
[3889] = CNOT 1 7
[3890] = T 1
[3891] = S 1
[3892] = Z 1
[3893] = CNOT 1 8
[3894] = T 1
[3895] = S 1
[3896] = Z 1
[3897] = CNOT 1 7
[3898] = CNOT 7 8
[3899] = T 7
[3900] = Z 7
[3901] = CNOT 7 8
[3902] = Z 7
[3903] = CNOT 8 7
[3904] = CNOT 5 6
[3905] = H 1
[3906] = CNOT 1 2
[3907] = T 1
[3908] = Z 1
[3909] = CNOT 1 8
[3910] = T 1
[3911] = S 1
[3912] = Z 1
[3913] = CNOT 1 2
[3914] = Z 1
[3915] = CNOT 1 8
[3916] = CNOT 2 8
[3917] = Z 2
[3918] = CNOT 2 8
[3919] = CNOT 8 2
[3920] = CNOT 8 1
[3921] = CNOT 7 1
[3922] = CNOT 5 1
[3923] = CNOT 4 1
[3924] = CNOT 2 1
[3925] = H 4
[3926] = H 1
[3927] = T 4
[3928] = Z 4
[3929] = CNOT 4 8
[3930] = T 4
[3931] = Z 4
[3932] = CNOT 4 8
[3933] = CNOT 2 4
[3934] = CNOT 2 8
[3935] = T 2
[3936] = S 2
[3937] = Z 2
[3938] = CNOT 2 8
[3939] = T 2
[3940] = S 2
[3941] = Z 2
[3942] = CNOT 2 4
[3943] = CNOT 2 8
[3944] = T 2
[3945] = Z 2
[3946] = CNOT 2 8
[3947] = T 1
[3948] = Z 2
[3949] = CNOT 8 2
[3950] = H 4
[3951] = CNOT 3 4
[3952] = T 3
[3953] = CNOT 3 8
[3954] = T 3
[3955] = S 3
[3956] = Z 3
[3957] = CNOT 3 8
[3958] = CNOT 3 4
[3959] = CNOT 1 3
[3960] = CNOT 1 4
[3961] = CNOT 1 8
[3962] = T 1
[3963] = CNOT 1 4
[3964] = CNOT 1 3
[3965] = T 1
[3966] = S 1
[3967] = CNOT 1 8
[3968] = CNOT 1 3
[3969] = CNOT 1 4
[3970] = T 1
[3971] = S 1
[3972] = Z 1
[3973] = CNOT 1 4
[3974] = CNOT 1 3
[3975] = Z 1
[3976] = Z 8
[3977] = CNOT 1 3
[3978] = Z 1
[3979] = CNOT 1 3
[3980] = CNOT 1 4
[3981] = Z 1
[3982] = CNOT 1 4
[3983] = CNOT 3 8
[3984] = Z 3
[3985] = CNOT 3 8
[3986] = CNOT 4 8
[3987] = Z 4
[3988] = CNOT 4 8
[3989] = CNOT 8 7
[3990] = CNOT 8 5
[3991] = CNOT 7 5
[3992] = CNOT 6 5
[3993] = CNOT 4 5
[3994] = CNOT 3 5
[3995] = CNOT 2 5
[3996] = CNOT 8 4
[3997] = CNOT 7 4
[3998] = CNOT 6 4
[3999] = CNOT 3 4
[4000] = CNOT 2 4
[4001] = H 1
[4002] = CNOT 2 3
[4003] = CNOT 2 6
[4004] = T 2
[4005] = CNOT 2 6
[4006] = CNOT 5 6
[4007] = CNOT 5 7
[4008] = CNOT 5 8
[4009] = T 5
[4010] = CNOT 5 8
[4011] = CNOT 5 7
[4012] = CNOT 5 6
[4013] = CNOT 2 5
[4014] = CNOT 2 7
[4015] = CNOT 2 8
[4016] = T 2
[4017] = CNOT 2 8
[4018] = CNOT 2 7
[4019] = CNOT 2 5
[4020] = CNOT 2 3
[4021] = S 2
[4022] = S 3
[4023] = S 5
[4024] = S 7
[4025] = S 8
[4026] = CNOT 2 3
[4027] = CNOT 2 5
[4028] = S 2
[4029] = Z 2
[4030] = CNOT 2 5
[4031] = CNOT 2 7
[4032] = S 2
[4033] = Z 2
[4034] = CNOT 2 7
[4035] = CNOT 2 8
[4036] = S 2
[4037] = Z 2
[4038] = CNOT 2 8
[4039] = CNOT 2 3
[4040] = CNOT 2 5
[4041] = CNOT 2 7
[4042] = S 2
[4043] = Z 2
[4044] = CNOT 2 7
[4045] = CNOT 2 8
[4046] = S 2
[4047] = Z 2
[4048] = CNOT 2 5
[4049] = CNOT 2 7
[4050] = S 2
[4051] = Z 2
[4052] = CNOT 2 8
[4053] = CNOT 3 5
[4054] = CNOT 3 7
[4055] = S 3
[4056] = Z 3
[4057] = CNOT 3 7
[4058] = CNOT 3 8
[4059] = S 3
[4060] = Z 3
[4061] = CNOT 3 5
[4062] = CNOT 3 7
[4063] = S 3
[4064] = Z 3
[4065] = CNOT 3 8
[4066] = CNOT 5 7
[4067] = CNOT 5 8
[4068] = S 5
[4069] = Z 5
[4070] = CNOT 1 8
[4071] = CNOT 8 7
[4072] = CNOT 1 7
[4073] = CNOT 7 8
[4074] = CNOT 8 6
[4075] = CNOT 7 6
[4076] = CNOT 5 6
[4077] = CNOT 3 6
[4078] = CNOT 1 6
[4079] = CNOT 6 7
[4080] = CNOT 7 5
[4081] = CNOT 6 5
[4082] = CNOT 4 5
[4083] = CNOT 3 5
[4084] = CNOT 2 5
[4085] = CNOT 1 5
[4086] = CNOT 8 4
[4087] = CNOT 6 4
[4088] = CNOT 3 4
[4089] = CNOT 2 4
[4090] = CNOT 8 3
[4091] = CNOT 7 3
[4092] = CNOT 6 3
[4093] = CNOT 4 3
[4094] = CNOT 2 3
[4095] = CNOT 1 3
[4096] = CNOT 5 2
[4097] = CNOT 6 1
[4098] = CNOT 1 6
[4099] = H 1
[4100] = H 3
[4101] = T 1
[4102] = Z 1
[4103] = CNOT 1 5
[4104] = T 1
[4105] = Z 1
[4106] = CNOT 1 2
[4107] = T 1
[4108] = S 1
[4109] = Z 1
[4110] = CNOT 1 5
[4111] = T 1
[4112] = S 1
[4113] = Z 1
[4114] = CNOT 1 2
[4115] = T 3
[4116] = Z 2
[4117] = CNOT 2 5
[4118] = Z 2
[4119] = CNOT 2 5
[4120] = CNOT 5 2
[4121] = H 1
[4122] = CNOT 1 5
[4123] = T 1
[4124] = Z 1
[4125] = CNOT 1 5
[4126] = CNOT 5 8
[4127] = T 5
[4128] = S 5
[4129] = CNOT 5 8
[4130] = CNOT 3 5
[4131] = CNOT 3 8
[4132] = T 3
[4133] = CNOT 3 8
[4134] = CNOT 3 5
[4135] = CNOT 1 3
[4136] = CNOT 1 8
[4137] = T 1
[4138] = S 1
[4139] = Z 1
[4140] = CNOT 1 8
[4141] = CNOT 1 5
[4142] = T 1
[4143] = S 1
[4144] = Z 1
[4145] = CNOT 1 5
[4146] = CNOT 1 3
[4147] = Z 2
[4148] = Z 5
[4149] = CNOT 1 2
[4150] = S 1
[4151] = Z 1
[4152] = CNOT 1 2
[4153] = CNOT 1 8
[4154] = S 1
[4155] = CNOT 1 8
[4156] = CNOT 3 5
[4157] = Z 3
[4158] = CNOT 3 5
[4159] = CNOT 3 8
[4160] = Z 3
[4161] = CNOT 3 8
[4162] = CNOT 8 1
[4163] = CNOT 7 1
[4164] = CNOT 2 1
[4165] = H 3
[4166] = H 1
[4167] = T 1
[4168] = CNOT 3 8
[4169] = T 3
[4170] = S 3
[4171] = CNOT 3 8
[4172] = CNOT 1 3
[4173] = CNOT 1 8
[4174] = T 1
[4175] = CNOT 1 3
[4176] = T 1
[4177] = S 1
[4178] = CNOT 1 8
[4179] = CNOT 1 3
[4180] = T 1
[4181] = S 1
[4182] = CNOT 1 3
[4183] = CNOT 2 3
[4184] = T 2
[4185] = S 2
[4186] = CNOT 2 3
[4187] = Z 2
[4188] = S 3
[4189] = Z 3
[4190] = CNOT 3 2
[4191] = H 1
[4192] = H 8
[4193] = T 8
[4194] = Z 8
[4195] = CNOT 3 8
[4196] = T 3
[4197] = Z 3
[4198] = CNOT 3 8
[4199] = CNOT 2 3
[4200] = CNOT 2 8
[4201] = T 2
[4202] = S 2
[4203] = Z 2
[4204] = CNOT 2 3
[4205] = T 2
[4206] = S 2
[4207] = Z 2
[4208] = CNOT 2 8
[4209] = CNOT 1 7
[4210] = T 1
[4211] = CNOT 1 7
[4212] = Z 2
[4213] = CNOT 2 3
[4214] = Z 2
[4215] = CNOT 2 3
[4216] = CNOT 6 3
[4217] = CNOT 5 3
[4218] = CNOT 6 2
[4219] = CNOT 5 2
[4220] = CNOT 3 2
[4221] = CNOT 7 1
[4222] = CNOT 5 1
[4223] = H 8
[4224] = H 3
[4225] = T 8
[4226] = T 3
[4227] = CNOT 2 8
[4228] = T 2
[4229] = S 2
[4230] = CNOT 2 3
[4231] = T 2
[4232] = CNOT 2 8
[4233] = CNOT 2 3
[4234] = CNOT 3 8
[4235] = T 3
[4236] = S 3
[4237] = CNOT 3 8
[4238] = CNOT 2 3
[4239] = T 2
[4240] = S 2
[4241] = CNOT 2 3
[4242] = CNOT 4 8
[4243] = T 4
[4244] = Z 4
[4245] = CNOT 4 7
[4246] = T 4
[4247] = S 4
[4248] = Z 4
[4249] = CNOT 4 8
[4250] = Z 4
[4251] = CNOT 4 7
[4252] = CNOT 7 8
[4253] = Z 7
[4254] = CNOT 7 8
[4255] = CNOT 8 7
[4256] = CNOT 8 4
[4257] = H 3
[4258] = CNOT 2 3
[4259] = Z 2
[4260] = CNOT 2 3
[4261] = CNOT 2 4
[4262] = Z 2
[4263] = CNOT 3 4
[4264] = Z 3
[4265] = CNOT 3 4
[4266] = CNOT 2 3
[4267] = S 2
[4268] = CNOT 2 4
[4269] = CNOT 2 3
[4270] = CNOT 6 4
[4271] = CNOT 5 4
[4272] = CNOT 3 4
[4273] = CNOT 6 3
[4274] = CNOT 5 3
[4275] = CNOT 2 3
[4276] = H 4
[4277] = H 6
[4278] = T 4
[4279] = Z 4
[4280] = CNOT 4 8
[4281] = T 4
[4282] = Z 4
[4283] = CNOT 4 7
[4284] = T 4
[4285] = S 4
[4286] = Z 4
[4287] = CNOT 4 8
[4288] = T 4
[4289] = S 4
[4290] = Z 4
[4291] = CNOT 4 7
[4292] = CNOT 7 8
[4293] = T 7
[4294] = Z 7
[4295] = CNOT 7 8
[4296] = T 6
[4297] = Z 6
[4298] = CNOT 2 7
[4299] = CNOT 2 8
[4300] = T 2
[4301] = S 2
[4302] = Z 2
[4303] = CNOT 2 6
[4304] = T 2
[4305] = CNOT 2 8
[4306] = CNOT 2 7
[4307] = CNOT 2 6
[4308] = CNOT 6 7
[4309] = CNOT 6 8
[4310] = T 6
[4311] = S 6
[4312] = Z 6
[4313] = CNOT 6 8
[4314] = CNOT 6 7
[4315] = CNOT 2 6
[4316] = T 2
[4317] = S 2
[4318] = CNOT 2 6
[4319] = Z 2
[4320] = Z 7
[4321] = CNOT 2 7
[4322] = Z 2
[4323] = CNOT 2 7
[4324] = CNOT 2 8
[4325] = Z 2
[4326] = CNOT 2 8
[4327] = CNOT 6 7
[4328] = Z 6
[4329] = CNOT 6 7
[4330] = CNOT 6 8
[4331] = Z 6
[4332] = CNOT 6 8
[4333] = CNOT 8 7
[4334] = H 4
[4335] = H 6
[4336] = CNOT 1 3
[4337] = CNOT 1 5
[4338] = CNOT 1 7
[4339] = T 1
[4340] = CNOT 1 2
[4341] = T 1
[4342] = CNOT 1 7
[4343] = CNOT 1 3
[4344] = CNOT 1 2
[4345] = CNOT 2 6
[4346] = CNOT 2 7
[4347] = CNOT 2 8
[4348] = T 2
[4349] = CNOT 2 8
[4350] = CNOT 2 7
[4351] = CNOT 2 6
[4352] = CNOT 1 8
[4353] = T 1
[4354] = CNOT 1 5
[4355] = CNOT 1 6
[4356] = CNOT 1 7
[4357] = T 1
[4358] = CNOT 1 8
[4359] = CNOT 1 7
[4360] = CNOT 1 6
[4361] = T 4
[4362] = S 1
[4363] = S 2
[4364] = S 3
[4365] = S 5
[4366] = S 7
[4367] = CNOT 1 2
[4368] = CNOT 1 3
[4369] = S 1
[4370] = Z 1
[4371] = CNOT 1 3
[4372] = CNOT 1 5
[4373] = S 1
[4374] = Z 1
[4375] = CNOT 1 5
[4376] = CNOT 1 7
[4377] = S 1
[4378] = Z 1
[4379] = CNOT 1 7
[4380] = CNOT 1 2
[4381] = CNOT 1 3
[4382] = CNOT 1 5
[4383] = S 1
[4384] = Z 1
[4385] = CNOT 1 5
[4386] = CNOT 1 7
[4387] = S 1
[4388] = Z 1
[4389] = CNOT 1 3
[4390] = CNOT 1 5
[4391] = S 1
[4392] = Z 1
[4393] = CNOT 1 7
[4394] = CNOT 1 5
[4395] = CNOT 2 3
[4396] = CNOT 2 5
[4397] = S 2
[4398] = Z 2
[4399] = CNOT 2 5
[4400] = CNOT 2 7
[4401] = S 2
[4402] = Z 2
[4403] = CNOT 2 3
[4404] = CNOT 2 5
[4405] = S 2
[4406] = Z 2
[4407] = CNOT 2 7
[4408] = CNOT 2 5
[4409] = CNOT 3 5
[4410] = CNOT 3 7
[4411] = S 3
[4412] = Z 3
[4413] = CNOT 3 7
[4414] = CNOT 3 5
[4415] = CNOT 6 8
[4416] = CNOT 6 7
[4417] = CNOT 8 6
[4418] = CNOT 7 6
[4419] = CNOT 1 6
[4420] = CNOT 8 5
[4421] = CNOT 7 5
[4422] = CNOT 7 3
[4423] = CNOT 7 2
[4424] = CNOT 6 2
[4425] = CNOT 8 1
[4426] = CNOT 7 1
[4427] = H 3
[4428] = T 3
[4429] = Z 3
[4430] = CNOT 3 7
[4431] = T 3
[4432] = Z 3
[4433] = CNOT 3 7
[4434] = CNOT 2 3
[4435] = CNOT 2 7
[4436] = T 2
[4437] = S 2
[4438] = Z 2
[4439] = CNOT 2 7
[4440] = T 2
[4441] = S 2
[4442] = Z 2
[4443] = CNOT 2 3
[4444] = CNOT 2 5
[4445] = T 2
[4446] = Z 2
[4447] = CNOT 2 6
[4448] = T 2
[4449] = S 2
[4450] = Z 2
[4451] = CNOT 2 6
[4452] = CNOT 2 5
[4453] = CNOT 2 7
[4454] = CNOT 2 8
[4455] = T 2
[4456] = S 2
[4457] = Z 2
[4458] = CNOT 2 8
[4459] = CNOT 2 7
[4460] = Z 7
[4461] = CNOT 2 6
[4462] = Z 2
[4463] = CNOT 2 6
[4464] = CNOT 2 7
[4465] = S 2
[4466] = Z 2
[4467] = CNOT 2 7
[4468] = CNOT 2 8
[4469] = Z 2
[4470] = CNOT 2 8
[4471] = CNOT 5 6
[4472] = Z 5
[4473] = CNOT 5 6
[4474] = CNOT 7 8
[4475] = Z 7
[4476] = CNOT 7 8
[4477] = CNOT 8 7
[4478] = CNOT 8 5
[4479] = CNOT 7 5
[4480] = CNOT 2 5
[4481] = CNOT 8 2
[4482] = CNOT 7 2
[4483] = CNOT 6 2
[4484] = H 3
[4485] = H 5
[4486] = T 5
[4487] = Z 5
[4488] = CNOT 5 6
[4489] = T 5
[4490] = Z 5
[4491] = CNOT 5 6
[4492] = CNOT 2 5
[4493] = CNOT 2 6
[4494] = T 2
[4495] = S 2
[4496] = Z 2
[4497] = CNOT 2 6
[4498] = T 2
[4499] = S 2
[4500] = Z 2
[4501] = CNOT 2 5
[4502] = CNOT 3 10
[4503] = T 3
[4504] = S 3
[4505] = Z 3
[4506] = CNOT 3 10
[4507] = CNOT 1 2
[4508] = CNOT 1 3
[4509] = CNOT 1 10
[4510] = T 1
[4511] = CNOT 1 3
[4512] = T 1
[4513] = Z 1
[4514] = CNOT 1 10
[4515] = CNOT 1 2
[4516] = S 1
[4517] = S 2
[4518] = Z 2
[4519] = S 10
[4520] = CNOT 1 2
[4521] = S 1
[4522] = CNOT 1 2
[4523] = CNOT 1 3
[4524] = S 1
[4525] = CNOT 1 3
[4526] = CNOT 1 10
[4527] = S 1
[4528] = CNOT 2 3
[4529] = S 2
[4530] = CNOT 2 3
[4531] = CNOT 2 6
[4532] = Z 2
[4533] = CNOT 2 6
[4534] = CNOT 2 10
[4535] = S 2
[4536] = CNOT 1 3
[4537] = S 1
[4538] = Z 1
[4539] = CNOT 1 10
[4540] = CNOT 1 3
[4541] = CNOT 2 3
[4542] = S 2
[4543] = Z 2
[4544] = CNOT 2 10
[4545] = CNOT 2 3
[4546] = CNOT 6 2
[4547] = CNOT 2 1
[4548] = H 5
[4549] = H 6
[4550] = H 10
[4551] = T 6
[4552] = Z 6
[4553] = CNOT 6 8
[4554] = T 6
[4555] = Z 6
[4556] = CNOT 6 7
[4557] = T 6
[4558] = S 6
[4559] = Z 6
[4560] = CNOT 6 8
[4561] = T 6
[4562] = S 6
[4563] = Z 6
[4564] = CNOT 6 7
[4565] = CNOT 4 9
[4566] = CNOT 4 10
[4567] = T 4
[4568] = CNOT 4 10
[4569] = T 4
[4570] = S 4
[4571] = CNOT 4 9
[4572] = CNOT 9 10
[4573] = T 9
[4574] = S 9
[4575] = CNOT 9 10
[4576] = CNOT 1 5
[4577] = T 1
[4578] = CNOT 1 5
[4579] = T 4
[4580] = Z 7
[4581] = S 10
[4582] = CNOT 4 10
[4583] = S 4
[4584] = CNOT 7 8
[4585] = Z 7
[4586] = CNOT 7 8
[4587] = CNOT 8 7
[4588] = CNOT 5 1
[4589] = H 6
[4590] = H 8
[4591] = H 9
[4592] = CNOT 1 6
[4593] = T 1
[4594] = S 1
[4595] = CNOT 1 8
[4596] = T 1
[4597] = CNOT 1 6
[4598] = CNOT 6 8
[4599] = T 6
[4600] = S 6
[4601] = CNOT 6 8
[4602] = T 1
[4603] = S 1
[4604] = CNOT 1 8
[4605] = T 9
[4606] = Z 9
[4607] = CNOT 5 9
[4608] = T 5
[4609] = S 5
[4610] = CNOT 5 9
[4611] = Z 5
[4612] = S 6
[4613] = S 8
[4614] = CNOT 5 9
[4615] = H 1
[4616] = T 1
[4617] = Z 1
[4618] = CNOT 1 5
[4619] = T 1
[4620] = Z 1
[4621] = CNOT 1 9
[4622] = T 1
[4623] = S 1
[4624] = Z 1
[4625] = CNOT 1 5
[4626] = T 1
[4627] = S 1
[4628] = Z 1
[4629] = CNOT 1 9
[4630] = CNOT 5 9
[4631] = T 5
[4632] = Z 5
[4633] = Z 9
[4634] = H 1
[4635] = H 9
[4636] = CNOT 4 9
[4637] = T 4
[4638] = Z 4
[4639] = CNOT 4 10
[4640] = T 4
[4641] = S 4
[4642] = Z 4
[4643] = CNOT 4 9
[4644] = CNOT 9 10
[4645] = T 9
[4646] = S 9
[4647] = Z 9
[4648] = CNOT 9 10
[4649] = CNOT 1 6
[4650] = T 1
[4651] = S 1
[4652] = CNOT 1 8
[4653] = T 1
[4654] = CNOT 1 6
[4655] = CNOT 6 8
[4656] = T 6
[4657] = S 6
[4658] = CNOT 6 8
[4659] = T 1
[4660] = S 1
[4661] = CNOT 1 8
[4662] = T 4
[4663] = Z 4
[4664] = S 1
[4665] = S 9
[4666] = Z 9
[4667] = Z 10
[4668] = H 10
[4669] = H 8
[4670] = H 6
[4671] = T 8
[4672] = T 6
[4673] = CNOT 7 8
[4674] = T 7
[4675] = S 7
[4676] = CNOT 7 8
[4677] = CNOT 6 7
[4678] = CNOT 6 8
[4679] = T 6
[4680] = CNOT 6 7
[4681] = T 6
[4682] = S 6
[4683] = CNOT 6 8
[4684] = CNOT 6 7
[4685] = T 6
[4686] = S 6
[4687] = CNOT 6 7
[4688] = S 3
[4689] = Z 3
[4690] = S 10
[4691] = CNOT 2 3
[4692] = S 2
[4693] = CNOT 2 3
[4694] = CNOT 2 10
[4695] = S 2
[4696] = Z 2
[4697] = CNOT 3 10
[4698] = S 3
[4699] = CNOT 3 10
[4700] = CNOT 2 3
[4701] = S 2
[4702] = Z 2
[4703] = CNOT 2 10
[4704] = CNOT 2 3
[4705] = H 6
[4706] = H 7
[4707] = H 10
[4708] = CNOT 1 6
[4709] = T 1
[4710] = S 1
[4711] = CNOT 1 7
[4712] = T 1
[4713] = CNOT 1 6
[4714] = CNOT 6 7
[4715] = T 6
[4716] = S 6
[4717] = CNOT 6 7
[4718] = T 1
[4719] = S 1
[4720] = CNOT 1 7
[4721] = CNOT 4 9
[4722] = CNOT 4 10
[4723] = T 4
[4724] = CNOT 4 10
[4725] = T 4
[4726] = S 4
[4727] = CNOT 4 9
[4728] = CNOT 9 10
[4729] = T 9
[4730] = S 9
[4731] = CNOT 9 10
[4732] = T 4
[4733] = S 6
[4734] = S 7
[4735] = S 10
[4736] = CNOT 4 10
[4737] = S 4
[4738] = H 9
[4739] = H 1
[4740] = T 9
[4741] = T 1
[4742] = CNOT 5 9
[4743] = T 5
[4744] = S 5
[4745] = CNOT 5 9
[4746] = CNOT 1 5
[4747] = CNOT 1 9
[4748] = T 1
[4749] = CNOT 1 9
[4750] = T 1
[4751] = S 1
[4752] = CNOT 1 5
[4753] = CNOT 1 9
[4754] = T 1
[4755] = S 1
[4756] = CNOT 1 9
[4757] = H 1
[4758] = H 9
[4759] = CNOT 4 9
[4760] = T 4
[4761] = Z 4
[4762] = CNOT 4 10
[4763] = T 4
[4764] = S 4
[4765] = Z 4
[4766] = CNOT 4 9
[4767] = CNOT 9 10
[4768] = T 9
[4769] = S 9
[4770] = Z 9
[4771] = CNOT 9 10
[4772] = T 1
[4773] = CNOT 1 6
[4774] = T 1
[4775] = S 1
[4776] = CNOT 1 7
[4777] = T 1
[4778] = CNOT 1 6
[4779] = CNOT 6 7
[4780] = T 6
[4781] = S 6
[4782] = CNOT 6 7
[4783] = T 1
[4784] = S 1
[4785] = CNOT 1 7
[4786] = T 6
[4787] = S 9
[4788] = Z 9
[4789] = Z 10
[4790] = Z 4
[4791] = CNOT 5 1
[4792] = H 10
[4793] = H 7
[4794] = H 5
[4795] = H 4
[4796] = CNOT 3 10
[4797] = T 3
[4798] = Z 3
[4799] = CNOT 3 10
[4800] = CNOT 2 3
[4801] = CNOT 2 10
[4802] = T 2
[4803] = S 2
[4804] = Z 2
[4805] = CNOT 2 3
[4806] = T 2
[4807] = S 2
[4808] = Z 2
[4809] = CNOT 2 10
[4810] = CNOT 1 2
[4811] = T 1
[4812] = T 5
[4813] = Z 5
[4814] = CNOT 1 6
[4815] = T 1
[4816] = S 1
[4817] = Z 1
[4818] = CNOT 1 5
[4819] = T 1
[4820] = CNOT 1 6
[4821] = CNOT 1 5
[4822] = CNOT 5 6
[4823] = T 5
[4824] = S 5
[4825] = CNOT 5 6
[4826] = CNOT 1 5
[4827] = T 1
[4828] = S 1
[4829] = Z 1
[4830] = CNOT 1 2
[4831] = T 7
[4832] = T 4
[4833] = Z 2
[4834] = Z 6
[4835] = S 10
[4836] = Z 10
[4837] = Z 1
[4838] = CNOT 1 5
[4839] = CNOT 1 6
[4840] = Z 1
[4841] = CNOT 1 6
[4842] = CNOT 2 3
[4843] = Z 2
[4844] = CNOT 2 3
[4845] = CNOT 2 5
[4846] = Z 2
[4847] = CNOT 2 5
[4848] = CNOT 2 6
[4849] = Z 2
[4850] = CNOT 2 6
[4851] = CNOT 2 1
[4852] = H 5
[4853] = H 3
[4854] = CNOT 2 5
[4855] = T 2
[4856] = T 3
[4857] = Z 3
[4858] = CNOT 2 7
[4859] = T 2
[4860] = S 2
[4861] = Z 2
[4862] = CNOT 2 3
[4863] = T 2
[4864] = CNOT 2 7
[4865] = CNOT 2 3
[4866] = CNOT 3 7
[4867] = T 3
[4868] = S 3
[4869] = CNOT 3 7
[4870] = CNOT 2 3
[4871] = T 2
[4872] = S 2
[4873] = Z 2
[4874] = CNOT 2 5
[4875] = CNOT 2 3
[4876] = CNOT 1 2
[4877] = CNOT 1 6
[4878] = CNOT 1 8
[4879] = T 1
[4880] = CNOT 1 6
[4881] = CNOT 1 2
[4882] = Z 7
[4883] = CNOT 2 3
[4884] = Z 2
[4885] = CNOT 2 3
[4886] = CNOT 2 7
[4887] = Z 2
[4888] = CNOT 2 7
[4889] = CNOT 3 5
[4890] = Z 3
[4891] = CNOT 3 5
[4892] = CNOT 5 7
[4893] = Z 5
[4894] = CNOT 5 7
[4895] = CNOT 6 8
[4896] = CNOT 1 6
[4897] = CNOT 8 5
[4898] = CNOT 7 5
[4899] = CNOT 6 5
[4900] = CNOT 2 5
[4901] = CNOT 6 2
[4902] = CNOT 1 2
[4903] = CNOT 8 1
[4904] = CNOT 7 1
[4905] = CNOT 6 1
[4906] = CNOT 5 1
[4907] = H 3
[4908] = CNOT 2 3
[4909] = T 2
[4910] = S 2
[4911] = CNOT 2 8
[4912] = T 2
[4913] = S 2
[4914] = Z 2
[4915] = CNOT 2 8
[4916] = CNOT 2 3
[4917] = T 3
[4918] = Z 3
[4919] = CNOT 3 7
[4920] = T 3
[4921] = CNOT 3 7
[4922] = Z 2
[4923] = CNOT 2 8
[4924] = Z 2
[4925] = CNOT 2 8
[4926] = CNOT 3 8
[4927] = Z 3
[4928] = CNOT 3 8
[4929] = CNOT 6 7
[4930] = CNOT 7 3
[4931] = CNOT 6 3
[4932] = CNOT 2 3
[4933] = CNOT 8 2
[4934] = H 6
[4935] = CNOT 6 8
[4936] = T 6
[4937] = Z 6
[4938] = CNOT 6 8
[4939] = CNOT 2 6
[4940] = T 2
[4941] = S 2
[4942] = Z 2
[4943] = CNOT 2 6
[4944] = CNOT 2 3
[4945] = CNOT 2 8
[4946] = T 2
[4947] = S 2
[4948] = Z 2
[4949] = CNOT 2 6
[4950] = T 2
[4951] = CNOT 2 6
[4952] = CNOT 2 3
[4953] = CNOT 3 6
[4954] = T 3
[4955] = S 3
[4956] = CNOT 3 6
[4957] = CNOT 2 7
[4958] = T 2
[4959] = S 2
[4960] = Z 2
[4961] = CNOT 2 4
[4962] = T 2
[4963] = CNOT 2 7
[4964] = T 2
[4965] = S 2
[4966] = Z 2
[4967] = CNOT 2 8
[4968] = CNOT 2 4
[4969] = CNOT 4 7
[4970] = T 4
[4971] = S 4
[4972] = CNOT 4 7
[4973] = Z 3
[4974] = Z 4
[4975] = S 6
[4976] = Z 7
[4977] = Z 8
[4978] = CNOT 2 3
[4979] = Z 2
[4980] = CNOT 2 3
[4981] = CNOT 2 4
[4982] = Z 2
[4983] = CNOT 2 4
[4984] = CNOT 2 7
[4985] = Z 2
[4986] = CNOT 2 7
[4987] = CNOT 2 8
[4988] = S 2
[4989] = Z 2
[4990] = CNOT 3 8
[4991] = Z 3
[4992] = CNOT 3 8
[4993] = CNOT 4 8
[4994] = Z 4
[4995] = CNOT 4 8
[4996] = CNOT 7 8
[4997] = Z 7
[4998] = CNOT 7 8
[4999] = CNOT 2 6
[5000] = S 2
[5001] = Z 2
[5002] = CNOT 2 8
[5003] = CNOT 2 6
[5004] = CNOT 8 2
[5005] = CNOT 7 1
[5006] = H 6
[5007] = H 4
[5008] = H 1
[5009] = CNOT 4 8
[5010] = T 4
[5011] = Z 4
[5012] = CNOT 4 8
[5013] = CNOT 2 4
[5014] = CNOT 2 8
[5015] = T 2
[5016] = S 2
[5017] = Z 2
[5018] = CNOT 2 8
[5019] = T 1
[5020] = Z 2
[5021] = CNOT 2 4
[5022] = CNOT 2 8
[5023] = Z 2
[5024] = CNOT 2 8
[5025] = CNOT 8 4
[5026] = CNOT 3 4
[5027] = CNOT 6 3
[5028] = CNOT 5 3
[5029] = CNOT 8 2
[5030] = H 3
[5031] = T 3
[5032] = Z 3
[5033] = CNOT 3 8
[5034] = T 3
[5035] = Z 3
[5036] = CNOT 3 8
[5037] = CNOT 2 3
[5038] = CNOT 2 8
[5039] = T 2
[5040] = S 2
[5041] = Z 2
[5042] = CNOT 2 8
[5043] = T 2
[5044] = S 2
[5045] = Z 2
[5046] = CNOT 2 3
[5047] = Z 2
[5048] = CNOT 2 8
[5049] = Z 2
[5050] = CNOT 2 8
[5051] = CNOT 8 2
[5052] = H 3
[5053] = H 8
[5054] = T 8
[5055] = CNOT 2 3
[5056] = T 2
[5057] = S 2
[5058] = CNOT 2 8
[5059] = T 2
[5060] = CNOT 2 3
[5061] = CNOT 3 8
[5062] = T 3
[5063] = S 3
[5064] = CNOT 3 8
[5065] = T 2
[5066] = S 2
[5067] = CNOT 2 8
[5068] = S 3
[5069] = CNOT 6 3
[5070] = CNOT 5 3
[5071] = H 8
[5072] = CNOT 3 8
[5073] = T 3
[5074] = S 3
[5075] = CNOT 3 8
[5076] = CNOT 1 3
[5077] = CNOT 1 8
[5078] = T 1
[5079] = CNOT 1 3
[5080] = T 1
[5081] = S 1
[5082] = CNOT 1 8
[5083] = CNOT 1 3
[5084] = T 1
[5085] = S 1
[5086] = CNOT 1 3
[5087] = S 8
[5088] = H 1
[5089] = H 3
[5090] = CNOT 1 5
[5091] = T 1
[5092] = Z 1
[5093] = T 3
[5094] = Z 3
[5095] = CNOT 1 8
[5096] = T 1
[5097] = S 1
[5098] = Z 1
[5099] = CNOT 1 3
[5100] = T 1
[5101] = CNOT 1 8
[5102] = CNOT 1 3
[5103] = CNOT 3 8
[5104] = T 3
[5105] = S 3
[5106] = CNOT 3 8
[5107] = CNOT 1 3
[5108] = T 1
[5109] = S 1
[5110] = Z 1
[5111] = CNOT 1 5
[5112] = CNOT 1 3
[5113] = CNOT 1 2
[5114] = T 1
[5115] = Z 1
[5116] = T 5
[5117] = CNOT 1 5
[5118] = T 1
[5119] = S 1
[5120] = Z 1
[5121] = CNOT 1 5
[5122] = CNOT 1 2
[5123] = Z 8
[5124] = CNOT 1 3
[5125] = Z 1
[5126] = CNOT 1 3
[5127] = CNOT 1 8
[5128] = Z 1
[5129] = CNOT 1 8
[5130] = CNOT 2 5
[5131] = Z 2
[5132] = CNOT 2 5
[5133] = CNOT 3 5
[5134] = Z 3
[5135] = CNOT 3 5
[5136] = CNOT 5 8
[5137] = Z 5
[5138] = CNOT 5 8
[5139] = CNOT 6 7
[5140] = CNOT 4 7
[5141] = CNOT 5 2
[5142] = CNOT 8 1
[5143] = CNOT 7 1
[5144] = CNOT 6 1
[5145] = CNOT 5 1
[5146] = CNOT 4 1
[5147] = CNOT 2 1
[5148] = H 3
[5149] = H 1
[5150] = T 1
[5151] = Z 1
[5152] = CNOT 1 5
[5153] = T 1
[5154] = Z 1
[5155] = CNOT 1 2
[5156] = T 1
[5157] = S 1
[5158] = Z 1
[5159] = CNOT 1 5
[5160] = T 1
[5161] = S 1
[5162] = Z 1
[5163] = CNOT 1 2
[5164] = CNOT 2 5
[5165] = CNOT 2 6
[5166] = T 2
[5167] = CNOT 2 6
[5168] = CNOT 2 3
[5169] = T 2
[5170] = CNOT 2 5
[5171] = CNOT 2 3
[5172] = CNOT 3 6
[5173] = T 3
[5174] = S 3
[5175] = CNOT 3 6
[5176] = CNOT 3 4
[5177] = T 3
[5178] = CNOT 3 4
[5179] = CNOT 5 6
[5180] = T 5
[5181] = CNOT 5 6
[5182] = Z 2
[5183] = Z 3
[5184] = Z 6
[5185] = CNOT 2 5
[5186] = Z 2
[5187] = CNOT 2 5
[5188] = CNOT 6 8
[5189] = CNOT 5 8
[5190] = CNOT 4 8
[5191] = CNOT 3 8
[5192] = CNOT 8 7
[5193] = CNOT 6 7
[5194] = CNOT 5 7
[5195] = CNOT 8 6
[5196] = CNOT 7 6
[5197] = CNOT 5 6
[5198] = CNOT 4 6
[5199] = CNOT 3 6
[5200] = CNOT 6 7
[5201] = CNOT 8 5
[5202] = CNOT 7 5
[5203] = CNOT 6 5
[5204] = CNOT 3 5
[5205] = CNOT 8 4
[5206] = CNOT 6 4
[5207] = CNOT 5 4
[5208] = CNOT 3 4
[5209] = CNOT 2 4
[5210] = CNOT 4 5
[5211] = CNOT 6 3
[5212] = CNOT 4 3
[5213] = CNOT 3 4
[5214] = CNOT 8 2
[5215] = CNOT 7 2
[5216] = CNOT 5 2
[5217] = CNOT 3 2
[5218] = CNOT 2 3
[5219] = H 1
[5220] = CNOT 7 8
[5221] = T 7
[5222] = CNOT 7 8
[5223] = CNOT 1 8
[5224] = CNOT 8 7
[5225] = CNOT 1 7
[5226] = H 1
[5227] = T 1
[5228] = Z 1
[5229] = CNOT 1 6
[5230] = T 1
[5231] = Z 1
[5232] = CNOT 1 5
[5233] = T 1
[5234] = S 1
[5235] = Z 1
[5236] = CNOT 1 6
[5237] = T 1
[5238] = S 1
[5239] = Z 1
[5240] = CNOT 1 5
[5241] = CNOT 4 8
[5242] = T 4
[5243] = S 4
[5244] = CNOT 4 8
[5245] = Z 4
[5246] = Z 5
[5247] = Z 8
[5248] = CNOT 5 6
[5249] = Z 5
[5250] = CNOT 5 6
[5251] = CNOT 6 8
[5252] = CNOT 6 7
[5253] = CNOT 6 5
[5254] = CNOT 8 4
[5255] = H 1
[5256] = H 6
[5257] = T 6
[5258] = Z 6
[5259] = CNOT 6 8
[5260] = T 6
[5261] = Z 6
[5262] = CNOT 6 8
[5263] = CNOT 4 6
[5264] = CNOT 4 8
[5265] = T 4
[5266] = S 4
[5267] = Z 4
[5268] = CNOT 4 8
[5269] = T 4
[5270] = S 4
[5271] = Z 4
[5272] = CNOT 4 6
[5273] = CNOT 4 8
[5274] = T 4
[5275] = CNOT 4 8
[5276] = CNOT 2 4
[5277] = CNOT 2 8
[5278] = T 2
[5279] = S 2
[5280] = Z 2
[5281] = CNOT 2 8
[5282] = CNOT 1 7
[5283] = T 1
[5284] = CNOT 1 7
[5285] = Z 4
[5286] = Z 2
[5287] = CNOT 2 4
[5288] = CNOT 2 8
[5289] = Z 2
[5290] = CNOT 2 8
[5291] = CNOT 8 4
[5292] = CNOT 7 4
[5293] = CNOT 5 4
[5294] = CNOT 1 4
[5295] = CNOT 8 2
[5296] = CNOT 7 1
[5297] = CNOT 5 1
[5298] = H 6
[5299] = H 4
[5300] = CNOT 4 8
[5301] = T 4
[5302] = Z 4
[5303] = CNOT 4 8
[5304] = CNOT 2 4
[5305] = T 2
[5306] = S 2
[5307] = Z 2
[5308] = CNOT 2 4
[5309] = CNOT 2 8
[5310] = T 2
[5311] = CNOT 2 7
[5312] = T 2
[5313] = S 2
[5314] = Z 2
[5315] = CNOT 2 4
[5316] = T 2
[5317] = CNOT 2 8
[5318] = CNOT 2 7
[5319] = CNOT 2 4
[5320] = CNOT 4 7
[5321] = T 4
[5322] = S 4
[5323] = CNOT 4 7
[5324] = CNOT 2 3
[5325] = T 2
[5326] = CNOT 2 3
[5327] = CNOT 1 3
[5328] = CNOT 1 5
[5329] = CNOT 1 7
[5330] = T 1
[5331] = CNOT 1 3
[5332] = CNOT 1 2
[5333] = T 1
[5334] = CNOT 1 7
[5335] = CNOT 1 8
[5336] = T 1
[5337] = CNOT 1 8
[5338] = CNOT 1 5
[5339] = CNOT 1 2
[5340] = S 1
[5341] = S 2
[5342] = Z 2
[5343] = S 4
[5344] = S 5
[5345] = S 7
[5346] = Z 7
[5347] = CNOT 1 2
[5348] = S 1
[5349] = Z 1
[5350] = CNOT 1 2
[5351] = CNOT 1 5
[5352] = S 1
[5353] = Z 1
[5354] = CNOT 1 5
[5355] = CNOT 1 7
[5356] = S 1
[5357] = Z 1
[5358] = CNOT 1 7
[5359] = CNOT 2 5
[5360] = S 2
[5361] = Z 2
[5362] = CNOT 2 5
[5363] = CNOT 2 7
[5364] = S 2
[5365] = CNOT 2 7
[5366] = CNOT 5 7
[5367] = S 5
[5368] = Z 5
[5369] = CNOT 5 7
[5370] = CNOT 7 8
[5371] = Z 7
[5372] = CNOT 7 8
[5373] = CNOT 1 2
[5374] = CNOT 1 5
[5375] = S 1
[5376] = Z 1
[5377] = CNOT 1 5
[5378] = CNOT 1 7
[5379] = S 1
[5380] = Z 1
[5381] = CNOT 1 2
[5382] = CNOT 1 5
[5383] = S 1
[5384] = Z 1
[5385] = CNOT 1 7
[5386] = CNOT 1 5
[5387] = CNOT 2 4
[5388] = CNOT 2 8
[5389] = S 2
[5390] = Z 2
[5391] = CNOT 2 8
[5392] = CNOT 2 4
[5393] = CNOT 2 5
[5394] = CNOT 2 7
[5395] = S 2
[5396] = Z 2
[5397] = CNOT 2 7
[5398] = CNOT 2 5
[5399] = CNOT 8 5
[5400] = CNOT 7 5
[5401] = CNOT 8 3
[5402] = CNOT 7 3
[5403] = CNOT 2 3
[5404] = CNOT 8 2
[5405] = CNOT 7 2
[5406] = CNOT 8 1
[5407] = CNOT 7 1
[5408] = H 4
[5409] = H 3
[5410] = T 3
[5411] = Z 3
[5412] = CNOT 3 7
[5413] = T 3
[5414] = Z 3
[5415] = CNOT 3 7
[5416] = CNOT 2 3
[5417] = CNOT 2 7
[5418] = T 2
[5419] = S 2
[5420] = Z 2
[5421] = CNOT 2 7
[5422] = T 2
[5423] = S 2
[5424] = Z 2
[5425] = CNOT 2 3
[5426] = CNOT 2 5
[5427] = T 2
[5428] = CNOT 2 5
[5429] = CNOT 2 4
[5430] = CNOT 2 6
[5431] = T 2
[5432] = CNOT 2 6
[5433] = CNOT 2 4
[5434] = CNOT 4 5
[5435] = CNOT 4 6
[5436] = T 4
[5437] = S 4
[5438] = Z 4
[5439] = CNOT 4 6
[5440] = CNOT 4 5
[5441] = CNOT 2 7
[5442] = CNOT 2 8
[5443] = T 2
[5444] = S 2
[5445] = Z 2
[5446] = CNOT 2 8
[5447] = CNOT 1 4
[5448] = CNOT 1 6
[5449] = T 1
[5450] = CNOT 1 4
[5451] = T 4
[5452] = Z 7
[5453] = S 2
[5454] = Z 2
[5455] = CNOT 2 7
[5456] = CNOT 2 8
[5457] = Z 2
[5458] = CNOT 2 8
[5459] = CNOT 4 5
[5460] = Z 4
[5461] = CNOT 4 5
[5462] = CNOT 4 6
[5463] = Z 4
[5464] = CNOT 4 6
[5465] = CNOT 5 6
[5466] = Z 5
[5467] = CNOT 5 6
[5468] = CNOT 7 8
[5469] = Z 7
[5470] = CNOT 7 8
[5471] = CNOT 8 7
[5472] = CNOT 8 5
[5473] = CNOT 7 5
[5474] = CNOT 6 5
[5475] = CNOT 2 5
[5476] = CNOT 6 4
[5477] = CNOT 1 4
[5478] = CNOT 8 2
[5479] = CNOT 7 2
[5480] = H 3
[5481] = H 5
[5482] = T 5
[5483] = Z 5
[5484] = CNOT 5 6
[5485] = T 5
[5486] = Z 5
[5487] = CNOT 5 6
[5488] = CNOT 2 5
[5489] = CNOT 2 6
[5490] = T 2
[5491] = S 2
[5492] = Z 2
[5493] = CNOT 2 6
[5494] = T 2
[5495] = S 2
[5496] = Z 2
[5497] = CNOT 2 5
[5498] = CNOT 3 10
[5499] = T 3
[5500] = S 3
[5501] = Z 3
[5502] = CNOT 3 10
[5503] = CNOT 1 2
[5504] = CNOT 1 3
[5505] = CNOT 1 10
[5506] = T 1
[5507] = CNOT 1 3
[5508] = T 1
[5509] = Z 1
[5510] = CNOT 1 10
[5511] = CNOT 1 2
[5512] = S 1
[5513] = S 2
[5514] = Z 2
[5515] = S 10
[5516] = CNOT 1 2
[5517] = S 1
[5518] = CNOT 1 2
[5519] = CNOT 1 3
[5520] = S 1
[5521] = CNOT 1 3
[5522] = CNOT 1 10
[5523] = S 1
[5524] = CNOT 2 3
[5525] = S 2
[5526] = CNOT 2 3
[5527] = CNOT 2 6
[5528] = Z 2
[5529] = CNOT 2 6
[5530] = CNOT 2 10
[5531] = S 2
[5532] = CNOT 1 3
[5533] = S 1
[5534] = Z 1
[5535] = CNOT 1 10
[5536] = CNOT 1 3
[5537] = CNOT 2 3
[5538] = S 2
[5539] = Z 2
[5540] = CNOT 2 10
[5541] = CNOT 2 3
[5542] = CNOT 6 2
[5543] = CNOT 2 1
[5544] = H 5
[5545] = H 6
[5546] = H 10
[5547] = T 6
[5548] = Z 6
[5549] = CNOT 6 8
[5550] = T 6
[5551] = Z 6
[5552] = CNOT 6 7
[5553] = T 6
[5554] = S 6
[5555] = Z 6
[5556] = CNOT 6 8
[5557] = T 6
[5558] = S 6
[5559] = Z 6
[5560] = CNOT 6 7
[5561] = CNOT 4 9
[5562] = CNOT 4 10
[5563] = T 4
[5564] = CNOT 4 10
[5565] = T 4
[5566] = S 4
[5567] = CNOT 4 9
[5568] = CNOT 9 10
[5569] = T 9
[5570] = S 9
[5571] = CNOT 9 10
[5572] = CNOT 1 5
[5573] = T 1
[5574] = CNOT 1 5
[5575] = T 4
[5576] = Z 7
[5577] = S 10
[5578] = CNOT 4 10
[5579] = S 4
[5580] = CNOT 7 8
[5581] = Z 7
[5582] = CNOT 7 8
[5583] = CNOT 8 7
[5584] = CNOT 5 1
[5585] = H 6
[5586] = H 8
[5587] = H 9
[5588] = CNOT 1 6
[5589] = T 1
[5590] = S 1
[5591] = CNOT 1 8
[5592] = T 1
[5593] = CNOT 1 6
[5594] = CNOT 6 8
[5595] = T 6
[5596] = S 6
[5597] = CNOT 6 8
[5598] = T 1
[5599] = S 1
[5600] = CNOT 1 8
[5601] = T 9
[5602] = Z 9
[5603] = CNOT 5 9
[5604] = T 5
[5605] = S 5
[5606] = CNOT 5 9
[5607] = Z 5
[5608] = S 6
[5609] = S 8
[5610] = CNOT 5 9
[5611] = H 1
[5612] = T 1
[5613] = Z 1
[5614] = CNOT 1 5
[5615] = T 1
[5616] = Z 1
[5617] = CNOT 1 9
[5618] = T 1
[5619] = S 1
[5620] = Z 1
[5621] = CNOT 1 5
[5622] = T 1
[5623] = S 1
[5624] = Z 1
[5625] = CNOT 1 9
[5626] = CNOT 5 9
[5627] = T 5
[5628] = Z 5
[5629] = Z 9
[5630] = H 1
[5631] = H 9
[5632] = CNOT 4 9
[5633] = T 4
[5634] = Z 4
[5635] = CNOT 4 10
[5636] = T 4
[5637] = S 4
[5638] = Z 4
[5639] = CNOT 4 9
[5640] = CNOT 9 10
[5641] = T 9
[5642] = S 9
[5643] = Z 9
[5644] = CNOT 9 10
[5645] = CNOT 1 6
[5646] = T 1
[5647] = S 1
[5648] = CNOT 1 8
[5649] = T 1
[5650] = CNOT 1 6
[5651] = CNOT 6 8
[5652] = T 6
[5653] = S 6
[5654] = CNOT 6 8
[5655] = T 1
[5656] = S 1
[5657] = CNOT 1 8
[5658] = T 4
[5659] = Z 4
[5660] = S 1
[5661] = S 9
[5662] = Z 9
[5663] = Z 10
[5664] = H 10
[5665] = H 8
[5666] = H 6
[5667] = T 8
[5668] = T 6
[5669] = CNOT 7 8
[5670] = T 7
[5671] = S 7
[5672] = CNOT 7 8
[5673] = CNOT 6 7
[5674] = CNOT 6 8
[5675] = T 6
[5676] = CNOT 6 7
[5677] = T 6
[5678] = S 6
[5679] = CNOT 6 8
[5680] = CNOT 6 7
[5681] = T 6
[5682] = S 6
[5683] = CNOT 6 7
[5684] = S 3
[5685] = Z 3
[5686] = S 10
[5687] = CNOT 2 3
[5688] = S 2
[5689] = CNOT 2 3
[5690] = CNOT 2 10
[5691] = S 2
[5692] = Z 2
[5693] = CNOT 3 10
[5694] = S 3
[5695] = CNOT 3 10
[5696] = CNOT 2 3
[5697] = S 2
[5698] = Z 2
[5699] = CNOT 2 10
[5700] = CNOT 2 3
[5701] = H 6
[5702] = H 7
[5703] = H 10
[5704] = CNOT 1 6
[5705] = T 1
[5706] = S 1
[5707] = CNOT 1 7
[5708] = T 1
[5709] = CNOT 1 6
[5710] = CNOT 6 7
[5711] = T 6
[5712] = S 6
[5713] = CNOT 6 7
[5714] = T 1
[5715] = S 1
[5716] = CNOT 1 7
[5717] = CNOT 4 9
[5718] = CNOT 4 10
[5719] = T 4
[5720] = CNOT 4 10
[5721] = T 4
[5722] = S 4
[5723] = CNOT 4 9
[5724] = CNOT 9 10
[5725] = T 9
[5726] = S 9
[5727] = CNOT 9 10
[5728] = T 4
[5729] = S 6
[5730] = S 7
[5731] = S 10
[5732] = CNOT 4 10
[5733] = S 4
[5734] = H 9
[5735] = H 1
[5736] = T 9
[5737] = T 1
[5738] = CNOT 5 9
[5739] = T 5
[5740] = S 5
[5741] = CNOT 5 9
[5742] = CNOT 1 5
[5743] = CNOT 1 9
[5744] = T 1
[5745] = CNOT 1 9
[5746] = T 1
[5747] = S 1
[5748] = CNOT 1 5
[5749] = CNOT 1 9
[5750] = T 1
[5751] = S 1
[5752] = CNOT 1 9
[5753] = H 1
[5754] = H 9
[5755] = CNOT 4 9
[5756] = T 4
[5757] = Z 4
[5758] = CNOT 4 10
[5759] = T 4
[5760] = S 4
[5761] = Z 4
[5762] = CNOT 4 9
[5763] = CNOT 9 10
[5764] = T 9
[5765] = S 9
[5766] = Z 9
[5767] = CNOT 9 10
[5768] = T 1
[5769] = CNOT 1 6
[5770] = T 1
[5771] = S 1
[5772] = CNOT 1 7
[5773] = T 1
[5774] = CNOT 1 6
[5775] = CNOT 6 7
[5776] = T 6
[5777] = S 6
[5778] = CNOT 6 7
[5779] = T 1
[5780] = S 1
[5781] = CNOT 1 7
[5782] = T 6
[5783] = S 9
[5784] = Z 9
[5785] = Z 10
[5786] = Z 4
[5787] = CNOT 5 1
[5788] = H 10
[5789] = H 7
[5790] = H 5
[5791] = CNOT 3 10
[5792] = T 3
[5793] = Z 3
[5794] = CNOT 3 10
[5795] = CNOT 2 3
[5796] = CNOT 2 10
[5797] = T 2
[5798] = S 2
[5799] = Z 2
[5800] = CNOT 2 3
[5801] = T 2
[5802] = S 2
[5803] = Z 2
[5804] = CNOT 2 10
[5805] = CNOT 1 2
[5806] = T 1
[5807] = T 5
[5808] = Z 5
[5809] = CNOT 1 6
[5810] = T 1
[5811] = S 1
[5812] = Z 1
[5813] = CNOT 1 5
[5814] = T 1
[5815] = CNOT 1 6
[5816] = CNOT 1 5
[5817] = CNOT 5 6
[5818] = T 5
[5819] = S 5
[5820] = CNOT 5 6
[5821] = CNOT 1 5
[5822] = T 1
[5823] = S 1
[5824] = Z 1
[5825] = CNOT 1 2
[5826] = T 7
[5827] = Z 2
[5828] = Z 6
[5829] = S 10
[5830] = Z 10
[5831] = Z 1
[5832] = CNOT 1 5
[5833] = CNOT 1 6
[5834] = Z 1
[5835] = CNOT 1 6
[5836] = CNOT 2 3
[5837] = Z 2
[5838] = CNOT 2 3
[5839] = CNOT 2 5
[5840] = Z 2
[5841] = CNOT 2 5
[5842] = CNOT 2 6
[5843] = Z 2
[5844] = CNOT 2 6
[5845] = CNOT 2 1
[5846] = H 5
[5847] = H 3
[5848] = CNOT 2 5
[5849] = T 2
[5850] = T 3
[5851] = Z 3
[5852] = CNOT 2 7
[5853] = T 2
[5854] = S 2
[5855] = Z 2
[5856] = CNOT 2 3
[5857] = T 2
[5858] = CNOT 2 7
[5859] = CNOT 2 3
[5860] = CNOT 3 7
[5861] = T 3
[5862] = S 3
[5863] = CNOT 3 7
[5864] = CNOT 2 3
[5865] = T 2
[5866] = S 2
[5867] = Z 2
[5868] = CNOT 2 5
[5869] = CNOT 2 3
[5870] = CNOT 1 2
[5871] = CNOT 1 6
[5872] = CNOT 1 8
[5873] = T 1
[5874] = CNOT 1 6
[5875] = CNOT 1 2
[5876] = Z 7
[5877] = CNOT 2 3
[5878] = Z 2
[5879] = CNOT 2 3
[5880] = CNOT 2 7
[5881] = Z 2
[5882] = CNOT 2 7
[5883] = CNOT 3 5
[5884] = Z 3
[5885] = CNOT 3 5
[5886] = CNOT 5 7
[5887] = Z 5
[5888] = CNOT 5 7
[5889] = CNOT 6 8
[5890] = CNOT 1 6
[5891] = CNOT 8 5
[5892] = CNOT 7 5
[5893] = CNOT 6 5
[5894] = CNOT 2 5
[5895] = CNOT 6 2
[5896] = CNOT 1 2
[5897] = CNOT 8 1
[5898] = CNOT 7 1
[5899] = CNOT 6 1
[5900] = H 3
[5901] = CNOT 2 3
[5902] = CNOT 2 8
[5903] = T 2
[5904] = S 2
[5905] = Z 2
[5906] = CNOT 2 8
[5907] = CNOT 2 3
[5908] = T 3
[5909] = Z 3
[5910] = CNOT 3 7
[5911] = T 3
[5912] = CNOT 3 7
[5913] = Z 2
[5914] = CNOT 2 3
[5915] = S 2
[5916] = CNOT 2 3
[5917] = CNOT 2 8
[5918] = Z 2
[5919] = CNOT 2 8
[5920] = CNOT 3 8
[5921] = Z 3
[5922] = CNOT 3 8
[5923] = CNOT 6 7
[5924] = CNOT 7 3
[5925] = CNOT 6 3
[5926] = CNOT 2 3
[5927] = CNOT 8 2
[5928] = H 6
[5929] = CNOT 6 8
[5930] = T 6
[5931] = Z 6
[5932] = CNOT 6 8
[5933] = CNOT 2 6
[5934] = T 2
[5935] = S 2
[5936] = Z 2
[5937] = CNOT 2 6
[5938] = CNOT 2 3
[5939] = CNOT 2 8
[5940] = T 2
[5941] = S 2
[5942] = Z 2
[5943] = CNOT 2 6
[5944] = T 2
[5945] = CNOT 2 6
[5946] = CNOT 2 3
[5947] = CNOT 3 6
[5948] = T 3
[5949] = S 3
[5950] = CNOT 3 6
[5951] = CNOT 2 7
[5952] = T 2
[5953] = S 2
[5954] = Z 2
[5955] = CNOT 2 8
[5956] = CNOT 2 7
[5957] = Z 3
[5958] = S 6
[5959] = Z 8
[5960] = CNOT 2 3
[5961] = Z 2
[5962] = CNOT 2 3
[5963] = CNOT 2 7
[5964] = Z 2
[5965] = CNOT 2 7
[5966] = CNOT 2 8
[5967] = S 2
[5968] = CNOT 3 8
[5969] = Z 3
[5970] = CNOT 3 8
[5971] = CNOT 7 8
[5972] = Z 7
[5973] = CNOT 7 8
[5974] = CNOT 2 6
[5975] = S 2
[5976] = Z 2
[5977] = CNOT 2 8
[5978] = CNOT 2 6
[5979] = CNOT 8 7
[5980] = CNOT 8 2
[5981] = H 6
[5982] = CNOT 6 4
[5983] = H 4
[5984] = T 4
[5985] = Z 4
[5986] = CNOT 4 8
[5987] = T 4
[5988] = Z 4
[5989] = CNOT 4 7
[5990] = T 4
[5991] = S 4
[5992] = Z 4
[5993] = CNOT 4 8
[5994] = T 4
[5995] = S 4
[5996] = Z 4
[5997] = CNOT 4 7
[5998] = CNOT 7 8
[5999] = T 7
[6000] = CNOT 7 8
[6001] = CNOT 2 7
[6002] = CNOT 2 8
[6003] = T 2
[6004] = S 2
[6005] = Z 2
[6006] = CNOT 2 8
[6007] = Z 7
[6008] = Z 2
[6009] = CNOT 2 7
[6010] = CNOT 2 8
[6011] = Z 2
[6012] = CNOT 2 8
[6013] = CNOT 8 7
[6014] = CNOT 8 2
[6015] = H 4
[6016] = CNOT 6 4
[6017] = H 4
[6018] = T 4
[6019] = Z 4
[6020] = CNOT 4 8
[6021] = T 4
[6022] = Z 4
[6023] = CNOT 4 8
[6024] = CNOT 2 4
[6025] = CNOT 2 8
[6026] = T 2
[6027] = S 2
[6028] = Z 2
[6029] = CNOT 2 8
[6030] = T 2
[6031] = S 2
[6032] = Z 2
[6033] = CNOT 2 4
[6034] = CNOT 2 8
[6035] = T 2
[6036] = Z 2
[6037] = CNOT 2 8
[6038] = Z 2
[6039] = CNOT 8 2
[6040] = H 4
[6041] = CNOT 3 4
[6042] = T 3
[6043] = Z 3
[6044] = CNOT 3 8
[6045] = T 3
[6046] = S 3
[6047] = Z 3
[6048] = CNOT 3 4
[6049] = CNOT 1 4
[6050] = CNOT 1 5
[6051] = T 1
[6052] = CNOT 1 4
[6053] = Z 3
[6054] = CNOT 3 8
[6055] = CNOT 4 8
[6056] = Z 4
[6057] = CNOT 4 8
[6058] = CNOT 6 7
[6059] = CNOT 4 7
[6060] = CNOT 3 7
[6061] = CNOT 2 7
[6062] = CNOT 1 7
[6063] = CNOT 6 5
[6064] = CNOT 4 5
[6065] = CNOT 3 5
[6066] = CNOT 2 5
[6067] = CNOT 6 4
[6068] = CNOT 3 4
[6069] = CNOT 2 4
[6070] = CNOT 1 4
[6071] = CNOT 8 3
[6072] = CNOT 7 1
[6073] = CNOT 5 1
[6074] = H 6
[6075] = T 6
[6076] = Z 6
[6077] = CNOT 6 8
[6078] = T 6
[6079] = Z 6
[6080] = CNOT 6 8
[6081] = CNOT 3 6
[6082] = CNOT 3 8
[6083] = T 3
[6084] = S 3
[6085] = Z 3
[6086] = CNOT 3 8
[6087] = T 3
[6088] = S 3
[6089] = Z 3
[6090] = CNOT 3 6
[6091] = Z 3
[6092] = CNOT 3 8
[6093] = Z 3
[6094] = CNOT 3 8
[6095] = CNOT 8 3
[6096] = H 6
[6097] = CNOT 1 6
[6098] = T 1
[6099] = Z 1
[6100] = CNOT 1 5
[6101] = T 1
[6102] = S 1
[6103] = Z 1
[6104] = CNOT 1 6
[6105] = Z 1
[6106] = CNOT 1 5
[6107] = CNOT 5 6
[6108] = Z 5
[6109] = CNOT 5 6
[6110] = CNOT 6 5
[6111] = CNOT 6 1
[6112] = H 1
[6113] = T 1
[6114] = Z 1
[6115] = CNOT 1 6
[6116] = T 1
[6117] = Z 1
[6118] = CNOT 1 5
[6119] = T 1
[6120] = S 1
[6121] = Z 1
[6122] = CNOT 1 6
[6123] = T 1
[6124] = S 1
[6125] = Z 1
[6126] = CNOT 1 5
[6127] = Z 5
[6128] = CNOT 5 6
[6129] = Z 5
[6130] = CNOT 5 6
[6131] = CNOT 6 8
[6132] = CNOT 4 6
[6133] = CNOT 6 5
[6134] = CNOT 4 5
[6135] = CNOT 6 4
[6136] = H 1
[6137] = CNOT 3 6
[6138] = CNOT 3 7
[6139] = CNOT 3 8
[6140] = T 3
[6141] = CNOT 3 8
[6142] = CNOT 3 7
[6143] = CNOT 3 4
[6144] = T 3
[6145] = CNOT 3 6
[6146] = CNOT 3 4
[6147] = CNOT 4 7
[6148] = CNOT 4 8
[6149] = T 4
[6150] = S 4
[6151] = Z 4
[6152] = CNOT 4 8
[6153] = CNOT 4 7
[6154] = CNOT 1 3
[6155] = CNOT 1 7
[6156] = CNOT 1 8
[6157] = T 1
[6158] = CNOT 1 7
[6159] = CNOT 1 3
[6160] = CNOT 3 4
[6161] = CNOT 3 5
[6162] = CNOT 3 7
[6163] = T 3
[6164] = CNOT 3 7
[6165] = CNOT 3 5
[6166] = CNOT 3 4
[6167] = CNOT 4 7
[6168] = Z 4
[6169] = CNOT 4 7
[6170] = CNOT 4 8
[6171] = Z 4
[6172] = CNOT 4 8
[6173] = CNOT 7 8
[6174] = Z 7
[6175] = CNOT 7 8
[6176] = CNOT 6 8
[6177] = CNOT 2 8
[6178] = CNOT 6 7
[6179] = CNOT 5 7
[6180] = CNOT 4 7
[6181] = CNOT 2 7
[6182] = CNOT 8 6
[6183] = CNOT 7 6
[6184] = CNOT 5 6
[6185] = CNOT 4 6
[6186] = CNOT 3 6
[6187] = CNOT 1 6
[6188] = CNOT 6 7
[6189] = CNOT 7 5
[6190] = CNOT 6 5
[6191] = CNOT 2 5
[6192] = CNOT 5 6
[6193] = CNOT 8 4
[6194] = CNOT 7 4
[6195] = CNOT 6 4
[6196] = CNOT 2 4
[6197] = CNOT 4 6
[6198] = CNOT 7 3
[6199] = CNOT 4 3
[6200] = CNOT 1 3
[6201] = CNOT 5 1
[6202] = CNOT 2 1
[6203] = H 4
[6204] = T 4
[6205] = Z 4
[6206] = CNOT 4 8
[6207] = T 4
[6208] = Z 4
[6209] = CNOT 4 8
[6210] = CNOT 3 4
[6211] = CNOT 3 8
[6212] = T 3
[6213] = S 3
[6214] = Z 3
[6215] = CNOT 3 8
[6216] = T 3
[6217] = S 3
[6218] = Z 3
[6219] = CNOT 3 4
[6220] = CNOT 3 8
[6221] = T 3
[6222] = Z 3
[6223] = CNOT 3 8
[6224] = Z 3
[6225] = CNOT 8 3
[6226] = H 4
[6227] = CNOT 2 4
[6228] = T 2
[6229] = Z 2
[6230] = CNOT 2 8
[6231] = T 2
[6232] = S 2
[6233] = Z 2
[6234] = CNOT 2 4
[6235] = CNOT 3 4
[6236] = T 3
[6237] = Z 3
[6238] = CNOT 3 5
[6239] = T 3
[6240] = S 3
[6241] = Z 3
[6242] = CNOT 3 4
[6243] = Z 2
[6244] = CNOT 2 8
[6245] = Z 3
[6246] = CNOT 3 5
[6247] = CNOT 4 5
[6248] = Z 4
[6249] = CNOT 4 5
[6250] = CNOT 4 8
[6251] = Z 4
[6252] = CNOT 4 8
[6253] = CNOT 3 4
[6254] = CNOT 2 4
[6255] = CNOT 5 3
[6256] = CNOT 8 2
[6257] = H 4
[6258] = T 4
[6259] = Z 4
[6260] = CNOT 4 8
[6261] = T 4
[6262] = Z 4
[6263] = CNOT 4 8
[6264] = CNOT 2 4
[6265] = CNOT 2 8
[6266] = T 2
[6267] = S 2
[6268] = Z 2
[6269] = CNOT 2 8
[6270] = T 2
[6271] = S 2
[6272] = Z 2
[6273] = CNOT 2 4
[6274] = Z 2
[6275] = CNOT 2 8
[6276] = Z 2
[6277] = CNOT 2 8
[6278] = CNOT 8 2
[6279] = H 4
[6280] = H 8
[6281] = T 8
[6282] = Z 8
[6283] = CNOT 5 8
[6284] = T 5
[6285] = Z 5
[6286] = CNOT 5 8
[6287] = CNOT 3 5
[6288] = CNOT 3 8
[6289] = T 3
[6290] = S 3
[6291] = Z 3
[6292] = CNOT 3 5
[6293] = T 3
[6294] = S 3
[6295] = Z 3
[6296] = CNOT 3 8
[6297] = T 4
[6298] = Z 3
[6299] = CNOT 3 5
[6300] = Z 3
[6301] = CNOT 3 5
[6302] = H 8
[6303] = H 3
[6304] = T 3
[6305] = CNOT 7 8
[6306] = T 7
[6307] = S 7
[6308] = CNOT 7 8
[6309] = CNOT 3 7
[6310] = CNOT 3 8
[6311] = T 3
[6312] = CNOT 3 7
[6313] = T 3
[6314] = S 3
[6315] = CNOT 3 8
[6316] = CNOT 3 7
[6317] = T 3
[6318] = S 3
[6319] = CNOT 3 7
[6320] = CNOT 1 5
[6321] = CNOT 1 7
[6322] = T 1
[6323] = CNOT 1 7
[6324] = CNOT 1 5
[6325] = S 8
[6326] = CNOT 6 8
[6327] = CNOT 7 5
[6328] = CNOT 7 1
[6329] = H 3
[6330] = CNOT 2 3
[6331] = CNOT 2 8
[6332] = T 2
[6333] = S 2
[6334] = Z 2
[6335] = CNOT 2 8
[6336] = CNOT 2 7
[6337] = T 2
[6338] = S 2
[6339] = Z 2
[6340] = CNOT 2 7
[6341] = CNOT 2 3
[6342] = Z 2
[6343] = Z 3
[6344] = CNOT 2 3
[6345] = S 2
[6346] = Z 2
[6347] = CNOT 2 3
[6348] = CNOT 2 7
[6349] = Z 2
[6350] = CNOT 2 7
[6351] = CNOT 2 8
[6352] = Z 2
[6353] = CNOT 2 8
[6354] = CNOT 3 7
[6355] = Z 3
[6356] = CNOT 3 7
[6357] = CNOT 3 8
[6358] = Z 3
[6359] = CNOT 3 8
[6360] = CNOT 6 3
[6361] = CNOT 5 3
[6362] = CNOT 2 3
[6363] = CNOT 8 2
[6364] = CNOT 7 2
[6365] = H 6
[6366] = H 3
[6367] = T 6
[6368] = Z 6
[6369] = CNOT 6 8
[6370] = T 6
[6371] = Z 6
[6372] = CNOT 6 8
[6373] = CNOT 2 6
[6374] = CNOT 2 8
[6375] = T 2
[6376] = S 2
[6377] = Z 2
[6378] = CNOT 2 8
[6379] = T 2
[6380] = S 2
[6381] = Z 2
[6382] = CNOT 2 6
[6383] = T 3
[6384] = Z 3
[6385] = CNOT 3 7
[6386] = T 3
[6387] = Z 3
[6388] = CNOT 3 7
[6389] = CNOT 2 3
[6390] = CNOT 2 7
[6391] = T 2
[6392] = S 2
[6393] = Z 2
[6394] = CNOT 2 7
[6395] = T 2
[6396] = S 2
[6397] = Z 2
[6398] = CNOT 2 3
[6399] = CNOT 1 2
[6400] = CNOT 1 5
[6401] = CNOT 1 8
[6402] = T 1
[6403] = CNOT 1 2
[6404] = CNOT 1 7
[6405] = T 1
[6406] = CNOT 1 8
[6407] = CNOT 1 7
[6408] = CNOT 1 5
[6409] = S 1
[6410] = Z 2
[6411] = S 5
[6412] = S 7
[6413] = Z 7
[6414] = S 8
[6415] = CNOT 1 5
[6416] = S 1
[6417] = Z 1
[6418] = CNOT 1 5
[6419] = CNOT 1 7
[6420] = S 1
[6421] = Z 1
[6422] = CNOT 1 7
[6423] = CNOT 1 8
[6424] = S 1
[6425] = Z 1
[6426] = CNOT 1 8
[6427] = CNOT 2 7
[6428] = S 2
[6429] = CNOT 2 7
[6430] = CNOT 2 8
[6431] = Z 2
[6432] = CNOT 2 8
[6433] = CNOT 5 7
[6434] = S 5
[6435] = Z 5
[6436] = CNOT 5 7
[6437] = CNOT 5 8
[6438] = S 5
[6439] = Z 5
[6440] = CNOT 5 8
[6441] = CNOT 7 8
[6442] = S 7
[6443] = Z 7
[6444] = CNOT 7 8
[6445] = CNOT 1 5
[6446] = CNOT 1 7
[6447] = S 1
[6448] = Z 1
[6449] = CNOT 1 7
[6450] = CNOT 1 8
[6451] = S 1
[6452] = Z 1
[6453] = CNOT 1 5
[6454] = CNOT 1 7
[6455] = S 1
[6456] = Z 1
[6457] = CNOT 1 8
[6458] = CNOT 1 7
[6459] = CNOT 5 7
[6460] = CNOT 5 8
[6461] = S 5
[6462] = Z 5
[6463] = CNOT 5 8
[6464] = CNOT 5 7
[6465] = CNOT 8 7
[6466] = CNOT 8 5
[6467] = CNOT 7 2
[6468] = CNOT 8 1
[6469] = H 6
[6470] = H 3
[6471] = CNOT 2 5
[6472] = T 2
[6473] = CNOT 2 5
[6474] = CNOT 2 6
[6475] = T 2
[6476] = CNOT 2 6
[6477] = CNOT 5 6
[6478] = T 5
[6479] = S 5
[6480] = CNOT 5 6
[6481] = CNOT 1 6
[6482] = T 1
[6483] = CNOT 1 2
[6484] = CNOT 1 3
[6485] = CNOT 1 5
[6486] = T 1
[6487] = CNOT 1 5
[6488] = CNOT 1 3
[6489] = CNOT 1 2
[6490] = Z 5
[6491] = Z 6
[6492] = CNOT 6 5
[6493] = CNOT 2 5
[6494] = CNOT 3 2
[6495] = CNOT 3 1
[6496] = H 5
[6497] = T 5
[6498] = Z 5
[6499] = CNOT 5 6
[6500] = T 5
[6501] = Z 5
[6502] = CNOT 5 6
[6503] = CNOT 2 5
[6504] = CNOT 2 6
[6505] = T 2
[6506] = S 2
[6507] = Z 2
[6508] = CNOT 2 6
[6509] = T 2
[6510] = S 2
[6511] = Z 2
[6512] = CNOT 2 5
[6513] = CNOT 1 2
[6514] = CNOT 1 3
[6515] = CNOT 1 10
[6516] = T 1
[6517] = CNOT 1 3
[6518] = CNOT 3 10
[6519] = T 3
[6520] = S 3
[6521] = CNOT 3 10
[6522] = T 1
[6523] = S 1
[6524] = Z 1
[6525] = CNOT 1 10
[6526] = T 3
[6527] = Z 3
[6528] = Z 2
[6529] = Z 10
[6530] = Z 1
[6531] = CNOT 1 2
[6532] = CNOT 1 3
[6533] = Z 1
[6534] = CNOT 1 3
[6535] = CNOT 1 10
[6536] = Z 1
[6537] = CNOT 1 10
[6538] = CNOT 2 3
[6539] = Z 2
[6540] = CNOT 2 3
[6541] = CNOT 2 6
[6542] = Z 2
[6543] = CNOT 2 6
[6544] = CNOT 2 10
[6545] = Z 2
[6546] = CNOT 2 10
[6547] = CNOT 1 2
[6548] = CNOT 1 3
[6549] = S 1
[6550] = Z 1
[6551] = CNOT 1 3
[6552] = CNOT 1 2
[6553] = CNOT 6 2
[6554] = CNOT 3 2
[6555] = CNOT 3 1
[6556] = CNOT 2 1
[6557] = H 5
[6558] = H 6
[6559] = H 10
[6560] = T 6
[6561] = Z 6
[6562] = CNOT 6 8
[6563] = T 6
[6564] = Z 6
[6565] = CNOT 6 7
[6566] = T 6
[6567] = S 6
[6568] = Z 6
[6569] = CNOT 6 8
[6570] = T 6
[6571] = S 6
[6572] = Z 6
[6573] = CNOT 6 7
[6574] = CNOT 4 9
[6575] = CNOT 4 10
[6576] = T 4
[6577] = CNOT 4 10
[6578] = T 4
[6579] = S 4
[6580] = CNOT 4 9
[6581] = CNOT 9 10
[6582] = T 9
[6583] = S 9
[6584] = CNOT 9 10
[6585] = CNOT 1 5
[6586] = T 1
[6587] = CNOT 1 5
[6588] = T 4
[6589] = Z 7
[6590] = S 10
[6591] = CNOT 4 10
[6592] = S 4
[6593] = CNOT 7 8
[6594] = Z 7
[6595] = CNOT 7 8
[6596] = CNOT 8 7
[6597] = CNOT 5 1
[6598] = H 6
[6599] = H 8
[6600] = H 9
[6601] = CNOT 1 6
[6602] = T 1
[6603] = S 1
[6604] = CNOT 1 8
[6605] = T 1
[6606] = CNOT 1 6
[6607] = CNOT 6 8
[6608] = T 6
[6609] = S 6
[6610] = CNOT 6 8
[6611] = T 1
[6612] = S 1
[6613] = CNOT 1 8
[6614] = T 9
[6615] = Z 9
[6616] = CNOT 5 9
[6617] = T 5
[6618] = S 5
[6619] = CNOT 5 9
[6620] = Z 5
[6621] = S 6
[6622] = S 8
[6623] = CNOT 5 9
[6624] = H 1
[6625] = T 1
[6626] = Z 1
[6627] = CNOT 1 5
[6628] = T 1
[6629] = Z 1
[6630] = CNOT 1 9
[6631] = T 1
[6632] = S 1
[6633] = Z 1
[6634] = CNOT 1 5
[6635] = T 1
[6636] = S 1
[6637] = Z 1
[6638] = CNOT 1 9
[6639] = CNOT 5 9
[6640] = T 5
[6641] = Z 5
[6642] = Z 9
[6643] = H 1
[6644] = H 9
[6645] = CNOT 4 9
[6646] = T 4
[6647] = Z 4
[6648] = CNOT 4 10
[6649] = T 4
[6650] = S 4
[6651] = Z 4
[6652] = CNOT 4 9
[6653] = CNOT 9 10
[6654] = T 9
[6655] = S 9
[6656] = Z 9
[6657] = CNOT 9 10
[6658] = CNOT 1 6
[6659] = T 1
[6660] = S 1
[6661] = CNOT 1 8
[6662] = T 1
[6663] = CNOT 1 6
[6664] = CNOT 6 8
[6665] = T 6
[6666] = S 6
[6667] = CNOT 6 8
[6668] = T 1
[6669] = S 1
[6670] = CNOT 1 8
[6671] = T 4
[6672] = Z 4
[6673] = S 1
[6674] = S 9
[6675] = Z 9
[6676] = Z 10
[6677] = H 10
[6678] = H 8
[6679] = H 6
[6680] = T 8
[6681] = T 6
[6682] = CNOT 7 8
[6683] = T 7
[6684] = S 7
[6685] = CNOT 7 8
[6686] = CNOT 6 7
[6687] = CNOT 6 8
[6688] = T 6
[6689] = CNOT 6 7
[6690] = T 6
[6691] = S 6
[6692] = CNOT 6 8
[6693] = CNOT 6 7
[6694] = T 6
[6695] = S 6
[6696] = CNOT 6 7
[6697] = S 3
[6698] = Z 3
[6699] = S 10
[6700] = CNOT 2 3
[6701] = S 2
[6702] = CNOT 2 3
[6703] = CNOT 2 10
[6704] = S 2
[6705] = Z 2
[6706] = CNOT 3 10
[6707] = S 3
[6708] = CNOT 3 10
[6709] = CNOT 2 3
[6710] = S 2
[6711] = Z 2
[6712] = CNOT 2 10
[6713] = CNOT 2 3
[6714] = H 6
[6715] = H 7
[6716] = H 10
[6717] = CNOT 1 6
[6718] = T 1
[6719] = S 1
[6720] = CNOT 1 7
[6721] = T 1
[6722] = CNOT 1 6
[6723] = CNOT 6 7
[6724] = T 6
[6725] = S 6
[6726] = CNOT 6 7
[6727] = T 1
[6728] = S 1
[6729] = CNOT 1 7
[6730] = CNOT 4 9
[6731] = CNOT 4 10
[6732] = T 4
[6733] = CNOT 4 10
[6734] = T 4
[6735] = S 4
[6736] = CNOT 4 9
[6737] = CNOT 9 10
[6738] = T 9
[6739] = S 9
[6740] = CNOT 9 10
[6741] = T 4
[6742] = S 6
[6743] = S 7
[6744] = S 10
[6745] = CNOT 4 10
[6746] = S 4
[6747] = H 9
[6748] = H 1
[6749] = T 9
[6750] = T 1
[6751] = CNOT 5 9
[6752] = T 5
[6753] = S 5
[6754] = CNOT 5 9
[6755] = CNOT 1 5
[6756] = CNOT 1 9
[6757] = T 1
[6758] = CNOT 1 9
[6759] = T 1
[6760] = S 1
[6761] = CNOT 1 5
[6762] = CNOT 1 9
[6763] = T 1
[6764] = S 1
[6765] = CNOT 1 9
[6766] = H 1
[6767] = H 9
[6768] = CNOT 4 9
[6769] = T 4
[6770] = Z 4
[6771] = CNOT 4 10
[6772] = T 4
[6773] = S 4
[6774] = Z 4
[6775] = CNOT 4 9
[6776] = CNOT 9 10
[6777] = T 9
[6778] = S 9
[6779] = Z 9
[6780] = CNOT 9 10
[6781] = T 1
[6782] = CNOT 1 6
[6783] = T 1
[6784] = S 1
[6785] = CNOT 1 7
[6786] = T 1
[6787] = CNOT 1 6
[6788] = CNOT 6 7
[6789] = T 6
[6790] = S 6
[6791] = CNOT 6 7
[6792] = T 1
[6793] = S 1
[6794] = CNOT 1 7
[6795] = T 6
[6796] = S 9
[6797] = Z 9
[6798] = Z 10
[6799] = Z 4
[6800] = CNOT 5 1
[6801] = H 10
[6802] = H 7
[6803] = H 5
[6804] = H 4
[6805] = CNOT 3 10
[6806] = T 3
[6807] = Z 3
[6808] = CNOT 3 10
[6809] = CNOT 2 3
[6810] = CNOT 2 10
[6811] = T 2
[6812] = S 2
[6813] = Z 2
[6814] = CNOT 2 3
[6815] = T 2
[6816] = S 2
[6817] = Z 2
[6818] = CNOT 2 10
[6819] = CNOT 1 2
[6820] = T 1
[6821] = T 5
[6822] = Z 5
[6823] = CNOT 1 6
[6824] = T 1
[6825] = S 1
[6826] = Z 1
[6827] = CNOT 1 5
[6828] = T 1
[6829] = CNOT 1 6
[6830] = CNOT 1 5
[6831] = CNOT 5 6
[6832] = T 5
[6833] = S 5
[6834] = CNOT 5 6
[6835] = CNOT 1 5
[6836] = T 1
[6837] = S 1
[6838] = Z 1
[6839] = CNOT 1 2
[6840] = T 7
[6841] = T 4
[6842] = Z 2
[6843] = Z 6
[6844] = S 10
[6845] = Z 10
[6846] = Z 1
[6847] = CNOT 1 5
[6848] = CNOT 1 6
[6849] = Z 1
[6850] = CNOT 1 6
[6851] = CNOT 2 3
[6852] = Z 2
[6853] = CNOT 2 3
[6854] = CNOT 2 5
[6855] = Z 2
[6856] = CNOT 2 5
[6857] = CNOT 2 6
[6858] = Z 2
[6859] = CNOT 2 6
[6860] = CNOT 2 1
[6861] = H 5
[6862] = H 3
[6863] = CNOT 2 5
[6864] = T 2
[6865] = T 3
[6866] = Z 3
[6867] = CNOT 2 7
[6868] = T 2
[6869] = S 2
[6870] = Z 2
[6871] = CNOT 2 3
[6872] = T 2
[6873] = CNOT 2 7
[6874] = CNOT 2 3
[6875] = CNOT 3 7
[6876] = T 3
[6877] = S 3
[6878] = CNOT 3 7
[6879] = CNOT 2 3
[6880] = T 2
[6881] = S 2
[6882] = Z 2
[6883] = CNOT 2 5
[6884] = CNOT 2 3
[6885] = CNOT 1 2
[6886] = CNOT 1 6
[6887] = CNOT 1 8
[6888] = T 1
[6889] = CNOT 1 6
[6890] = CNOT 1 2
[6891] = Z 7
[6892] = CNOT 2 3
[6893] = Z 2
[6894] = CNOT 2 3
[6895] = CNOT 2 7
[6896] = Z 2
[6897] = CNOT 2 7
[6898] = CNOT 3 5
[6899] = Z 3
[6900] = CNOT 3 5
[6901] = CNOT 5 7
[6902] = Z 5
[6903] = CNOT 5 7
[6904] = CNOT 6 8
[6905] = CNOT 1 6
[6906] = CNOT 8 5
[6907] = CNOT 7 5
[6908] = CNOT 6 5
[6909] = CNOT 2 5
[6910] = CNOT 6 2
[6911] = CNOT 1 2
[6912] = CNOT 8 1
[6913] = CNOT 7 1
[6914] = CNOT 6 1
[6915] = H 3
[6916] = H 6
[6917] = CNOT 2 3
[6918] = T 2
[6919] = Z 2
[6920] = CNOT 2 3
[6921] = CNOT 3 6
[6922] = CNOT 3 7
[6923] = T 3
[6924] = Z 3
[6925] = CNOT 3 8
[6926] = T 3
[6927] = CNOT 3 8
[6928] = CNOT 3 7
[6929] = CNOT 3 6
[6930] = CNOT 2 3
[6931] = CNOT 2 7
[6932] = CNOT 2 8
[6933] = T 2
[6934] = CNOT 2 8
[6935] = T 2
[6936] = Z 2
[6937] = CNOT 2 6
[6938] = T 2
[6939] = CNOT 2 8
[6940] = T 2
[6941] = CNOT 2 8
[6942] = CNOT 2 7
[6943] = CNOT 2 6
[6944] = CNOT 2 3
[6945] = Z 2
[6946] = S 6
[6947] = Z 6
[6948] = S 7
[6949] = Z 7
[6950] = S 8
[6951] = Z 8
[6952] = CNOT 2 6
[6953] = S 2
[6954] = Z 2
[6955] = CNOT 2 6
[6956] = CNOT 2 7
[6957] = Z 2
[6958] = CNOT 2 7
[6959] = CNOT 2 8
[6960] = S 2
[6961] = Z 2
[6962] = CNOT 2 8
[6963] = CNOT 3 6
[6964] = S 3
[6965] = CNOT 3 6
[6966] = CNOT 3 7
[6967] = S 3
[6968] = CNOT 3 7
[6969] = CNOT 3 8
[6970] = S 3
[6971] = CNOT 3 8
[6972] = CNOT 6 7
[6973] = Z 6
[6974] = CNOT 6 7
[6975] = CNOT 6 8
[6976] = Z 6
[6977] = CNOT 6 8
[6978] = CNOT 7 8
[6979] = Z 7
[6980] = CNOT 7 8
[6981] = CNOT 2 3
[6982] = CNOT 2 6
[6983] = S 2
[6984] = Z 2
[6985] = CNOT 2 6
[6986] = CNOT 2 8
[6987] = S 2
[6988] = Z 2
[6989] = CNOT 2 8
[6990] = CNOT 2 3
[6991] = CNOT 2 6
[6992] = CNOT 2 7
[6993] = S 2
[6994] = Z 2
[6995] = CNOT 2 6
[6996] = CNOT 2 8
[6997] = S 2
[6998] = Z 2
[6999] = CNOT 2 8
[7000] = CNOT 2 7
[7001] = CNOT 3 7
[7002] = CNOT 3 8
[7003] = Z 3
[7004] = CNOT 3 8
[7005] = CNOT 3 7
[7006] = CNOT 6 7
[7007] = CNOT 6 8
[7008] = S 6
[7009] = Z 6
[7010] = CNOT 6 8
[7011] = CNOT 6 7
[7012] = CNOT 8 7
[7013] = CNOT 8 3
[7014] = CNOT 7 3
[7015] = CNOT 5 3
[7016] = CNOT 2 3
[7017] = H 6
[7018] = CNOT 6 3
[7019] = H 3
[7020] = T 3
[7021] = Z 3
[7022] = CNOT 3 8
[7023] = T 3
[7024] = Z 3
[7025] = CNOT 3 7
[7026] = T 3
[7027] = S 3
[7028] = Z 3
[7029] = CNOT 3 8
[7030] = T 3
[7031] = S 3
[7032] = Z 3
[7033] = CNOT 3 7
[7034] = Z 7
[7035] = CNOT 7 8
[7036] = Z 7
[7037] = CNOT 7 8
[7038] = CNOT 8 7
[7039] = H 3
[7040] = H 8
[7041] = T 3
[7042] = Z 3
[7043] = CNOT 3 5
[7044] = T 3
[7045] = Z 3
[7046] = CNOT 3 5
[7047] = T 8
[7048] = Z 8
[7049] = T 5
[7050] = S 5
[7051] = Z 5
[7052] = CNOT 5 8
[7053] = T 5
[7054] = Z 5
[7055] = CNOT 5 8
[7056] = CNOT 3 5
[7057] = CNOT 3 8
[7058] = T 3
[7059] = S 3
[7060] = Z 3
[7061] = CNOT 3 5
[7062] = T 3
[7063] = S 3
[7064] = Z 3
[7065] = CNOT 3 8
[7066] = CNOT 5 7
[7067] = CNOT 6 3
[7068] = CNOT 5 3
[7069] = CNOT 5 1
[7070] = H 8
[7071] = CNOT 2 8
[7072] = T 2
[7073] = S 2
[7074] = CNOT 2 4
[7075] = T 2
[7076] = CNOT 2 8
[7077] = CNOT 2 4
[7078] = CNOT 4 8
[7079] = T 4
[7080] = S 4
[7081] = CNOT 4 8
[7082] = CNOT 2 4
[7083] = T 2
[7084] = S 2
[7085] = CNOT 2 4
[7086] = S 8
[7087] = CNOT 2 7
[7088] = CNOT 2 1
[7089] = H 4
[7090] = CNOT 3 4
[7091] = T 3
[7092] = Z 3
[7093] = CNOT 3 8
[7094] = T 3
[7095] = S 3
[7096] = Z 3
[7097] = CNOT 3 4
[7098] = Z 3
[7099] = CNOT 3 8
[7100] = CNOT 4 8
[7101] = Z 4
[7102] = CNOT 4 8
[7103] = CNOT 6 4
[7104] = CNOT 3 4
[7105] = CNOT 2 4
[7106] = CNOT 8 3
[7107] = H 4
[7108] = T 4
[7109] = Z 4
[7110] = CNOT 4 8
[7111] = T 4
[7112] = Z 4
[7113] = CNOT 4 8
[7114] = CNOT 3 4
[7115] = CNOT 3 8
[7116] = T 3
[7117] = S 3
[7118] = Z 3
[7119] = CNOT 3 8
[7120] = T 3
[7121] = S 3
[7122] = Z 3
[7123] = CNOT 3 4
[7124] = Z 3
[7125] = CNOT 3 8
[7126] = Z 3
[7127] = CNOT 3 8
[7128] = CNOT 3 7
[7129] = CNOT 3 6
[7130] = CNOT 8 3
[7131] = H 4
[7132] = CNOT 2 3
[7133] = CNOT 2 5
[7134] = CNOT 2 7
[7135] = T 2
[7136] = CNOT 2 7
[7137] = T 2
[7138] = CNOT 2 5
[7139] = CNOT 2 3
[7140] = T 7
[7141] = CNOT 1 2
[7142] = CNOT 1 3
[7143] = CNOT 1 5
[7144] = CNOT 1 7
[7145] = T 1
[7146] = CNOT 1 7
[7147] = CNOT 1 5
[7148] = CNOT 1 3
[7149] = CNOT 1 2
[7150] = CNOT 2 4
[7151] = CNOT 2 7
[7152] = CNOT 2 8
[7153] = T 2
[7154] = CNOT 2 8
[7155] = CNOT 2 7
[7156] = CNOT 2 4
[7157] = S 1
[7158] = Z 1
[7159] = S 2
[7160] = S 3
[7161] = S 5
[7162] = Z 5
[7163] = CNOT 2 4
[7164] = S 2
[7165] = Z 2
[7166] = CNOT 2 4
[7167] = CNOT 2 7
[7168] = S 2
[7169] = Z 2
[7170] = CNOT 2 7
[7171] = CNOT 2 8
[7172] = S 2
[7173] = Z 2
[7174] = CNOT 2 8
[7175] = CNOT 4 7
[7176] = S 4
[7177] = Z 4
[7178] = CNOT 4 7
[7179] = CNOT 4 8
[7180] = S 4
[7181] = Z 4
[7182] = CNOT 4 8
[7183] = CNOT 7 8
[7184] = S 7
[7185] = Z 7
[7186] = CNOT 7 8
[7187] = CNOT 1 3
[7188] = CNOT 1 4
[7189] = S 1
[7190] = CNOT 1 4
[7191] = CNOT 1 5
[7192] = S 1
[7193] = CNOT 1 5
[7194] = CNOT 1 8
[7195] = S 1
[7196] = CNOT 1 8
[7197] = CNOT 1 3
[7198] = CNOT 1 4
[7199] = CNOT 1 5
[7200] = S 1
[7201] = CNOT 1 5
[7202] = CNOT 1 8
[7203] = S 1
[7204] = CNOT 1 4
[7205] = CNOT 1 5
[7206] = S 1
[7207] = CNOT 1 8
[7208] = CNOT 1 5
[7209] = CNOT 2 4
[7210] = CNOT 2 7
[7211] = S 2
[7212] = Z 2
[7213] = CNOT 2 7
[7214] = CNOT 2 8
[7215] = S 2
[7216] = Z 2
[7217] = CNOT 2 4
[7218] = CNOT 2 7
[7219] = S 2
[7220] = Z 2
[7221] = CNOT 3 4
[7222] = CNOT 3 5
[7223] = S 3
[7224] = CNOT 3 5
[7225] = CNOT 3 8
[7226] = S 3
[7227] = CNOT 3 4
[7228] = CNOT 3 5
[7229] = S 3
[7230] = CNOT 3 8
[7231] = CNOT 3 5
[7232] = CNOT 4 5
[7233] = CNOT 4 8
[7234] = S 4
[7235] = CNOT 4 5
[7236] = CNOT 4 7
[7237] = S 4
[7238] = Z 4
[7239] = CNOT 4 8
[7240] = CNOT 5 8
[7241] = CNOT 5 7
[7242] = CNOT 3 7
[7243] = CNOT 7 5
[7244] = CNOT 2 5
[7245] = CNOT 1 5
[7246] = CNOT 5 7
[7247] = CNOT 8 4
[7248] = CNOT 6 4
[7249] = CNOT 5 4
[7250] = CNOT 3 4
[7251] = CNOT 2 4
[7252] = CNOT 1 4
[7253] = CNOT 4 5
[7254] = CNOT 8 3
[7255] = CNOT 7 3
[7256] = CNOT 5 3
[7257] = CNOT 2 3
[7258] = CNOT 1 3
[7259] = CNOT 3 5
[7260] = CNOT 8 2
[7261] = CNOT 7 2
[7262] = CNOT 6 2
[7263] = CNOT 6 1
[7264] = CNOT 3 1
[7265] = CNOT 1 3
[7266] = H 6
[7267] = T 6
[7268] = Z 6
[7269] = CNOT 4 6
[7270] = T 4
[7271] = Z 4
[7272] = CNOT 4 6
[7273] = CNOT 2 4
[7274] = CNOT 2 6
[7275] = T 2
[7276] = S 2
[7277] = Z 2
[7278] = CNOT 2 4
[7279] = T 2
[7280] = S 2
[7281] = Z 2
[7282] = CNOT 2 6
[7283] = Z 2
[7284] = CNOT 2 4
[7285] = Z 2
[7286] = CNOT 2 4
[7287] = CNOT 4 2
[7288] = H 6
[7289] = CNOT 8 6
[7290] = CNOT 4 6
[7291] = CNOT 2 6
[7292] = CNOT 8 2
[7293] = H 4
[7294] = T 4
[7295] = Z 4
[7296] = CNOT 4 7
[7297] = T 4
[7298] = Z 4
[7299] = CNOT 4 7
[7300] = CNOT 3 4
[7301] = CNOT 3 7
[7302] = T 3
[7303] = S 3
[7304] = Z 3
[7305] = CNOT 3 7
[7306] = T 3
[7307] = S 3
[7308] = Z 3
[7309] = CNOT 3 4
[7310] = Z 3
[7311] = CNOT 3 7
[7312] = Z 3
[7313] = CNOT 3 7
[7314] = CNOT 7 3
[7315] = CNOT 7 2
[7316] = H 4
[7317] = H 2
[7318] = T 4
[7319] = T 2
[7320] = CNOT 3 4
[7321] = T 3
[7322] = S 3
[7323] = CNOT 3 4
[7324] = CNOT 2 3
[7325] = CNOT 2 4
[7326] = T 2
[7327] = CNOT 2 3
[7328] = T 2
[7329] = S 2
[7330] = CNOT 2 4
[7331] = CNOT 2 3
[7332] = T 2
[7333] = S 2
[7334] = CNOT 2 3
[7335] = CNOT 4 3
[7336] = H 2
[7337] = CNOT 1 6
[7338] = T 1
[7339] = CNOT 1 6
[7340] = CNOT 1 2
[7341] = CNOT 1 8
[7342] = T 1
[7343] = CNOT 1 2
[7344] = CNOT 2 6
[7345] = CNOT 2 8
[7346] = T 2
[7347] = S 2
[7348] = Z 2
[7349] = CNOT 2 6
[7350] = CNOT 2 7
[7351] = T 2
[7352] = CNOT 2 8
[7353] = CNOT 2 3
[7354] = CNOT 2 6
[7355] = T 2
[7356] = CNOT 2 7
[7357] = CNOT 2 3
[7358] = CNOT 1 6
[7359] = CNOT 1 7
[7360] = T 1
[7361] = CNOT 1 8
[7362] = CNOT 1 7
[7363] = CNOT 1 6
[7364] = Z 2
[7365] = CNOT 2 6
[7366] = CNOT 2 8
[7367] = Z 2
[7368] = CNOT 2 8
[7369] = CNOT 6 8
[7370] = Z 6
[7371] = CNOT 6 8
[7372] = CNOT 7 8
[7373] = CNOT 3 8
[7374] = CNOT 8 7
[7375] = CNOT 4 7
[7376] = CNOT 2 7
[7377] = CNOT 1 7
[7378] = CNOT 8 6
[7379] = CNOT 7 6
[7380] = CNOT 3 6
[7381] = CNOT 1 6
[7382] = CNOT 6 7
[7383] = CNOT 8 2
[7384] = CNOT 4 2
[7385] = CNOT 3 2
[7386] = CNOT 6 1
[7387] = H 7
[7388] = T 7
[7389] = Z 7
[7390] = CNOT 7 8
[7391] = T 7
[7392] = Z 7
[7393] = CNOT 7 8
[7394] = CNOT 6 7
[7395] = CNOT 6 8
[7396] = T 6
[7397] = S 6
[7398] = Z 6
[7399] = CNOT 6 8
[7400] = T 6
[7401] = S 6
[7402] = Z 6
[7403] = CNOT 6 7
[7404] = Z 6
[7405] = CNOT 6 8
[7406] = Z 6
[7407] = CNOT 6 8
[7408] = CNOT 8 6
[7409] = H 7
[7410] = H 6
[7411] = H 8
[7412] = T 6
[7413] = CNOT 2 7
[7414] = T 2
[7415] = S 2
[7416] = CNOT 2 6
[7417] = T 2
[7418] = CNOT 2 7
[7419] = CNOT 2 6
[7420] = CNOT 6 7
[7421] = T 6
[7422] = S 6
[7423] = CNOT 6 7
[7424] = CNOT 2 6
[7425] = T 2
[7426] = S 2
[7427] = CNOT 2 6
[7428] = T 8
[7429] = CNOT 3 7
[7430] = T 3
[7431] = S 3
[7432] = CNOT 3 8
[7433] = T 3
[7434] = CNOT 3 7
[7435] = CNOT 7 8
[7436] = T 7
[7437] = S 7
[7438] = CNOT 7 8
[7439] = T 3
[7440] = S 3
[7441] = CNOT 3 8
[7442] = CNOT 4 7
[7443] = T 4
[7444] = CNOT 4 7
[7445] = S 7
[7446] = CNOT 7 4
[7447] = H 6
[7448] = H 8
[7449] = H 3
[7450] = H 2
[7451] = T 4
[7452] = S 4
[7453] = Z 4
[7454] = CNOT 3 4
[7455] = T 3
[7456] = Z 3
[7457] = CNOT 3 4
[7458] = CNOT 1 3
[7459] = CNOT 1 4
[7460] = T 1
[7461] = S 1
[7462] = Z 1
[7463] = CNOT 1 4
[7464] = T 1
[7465] = S 1
[7466] = Z 1
[7467] = CNOT 1 3
[7468] = CNOT 4 5
[7469] = CNOT 4 6
[7470] = CNOT 4 10
[7471] = T 4
[7472] = CNOT 4 5
[7473] = T 4
[7474] = S 4
[7475] = Z 4
[7476] = CNOT 4 10
[7477] = CNOT 4 6
[7478] = CNOT 5 10
[7479] = T 5
[7480] = S 5
[7481] = CNOT 5 10
[7482] = CNOT 4 8
[7483] = T 4
[7484] = CNOT 4 8
[7485] = T 2
[7486] = S 3
[7487] = Z 3
[7488] = Z 5
[7489] = Z 6
[7490] = Z 10
[7491] = CNOT 1 4
[7492] = S 1
[7493] = CNOT 1 4
[7494] = CNOT 4 5
[7495] = Z 4
[7496] = CNOT 4 5
[7497] = CNOT 4 6
[7498] = S 4
[7499] = Z 4
[7500] = CNOT 4 6
[7501] = CNOT 4 10
[7502] = Z 4
[7503] = CNOT 4 10
[7504] = CNOT 5 6
[7505] = Z 5
[7506] = CNOT 5 6
[7507] = CNOT 6 10
[7508] = Z 6
[7509] = CNOT 6 10
[7510] = CNOT 4 5
[7511] = CNOT 4 6
[7512] = S 4
[7513] = Z 4
[7514] = CNOT 4 6
[7515] = CNOT 4 5
[7516] = CNOT 6 5
[7517] = CNOT 8 4
[7518] = CNOT 6 4
[7519] = CNOT 4 1
[7520] = H 10
[7521] = H 1
[7522] = CNOT 7 9
[7523] = CNOT 7 10
[7524] = T 7
[7525] = CNOT 7 10
[7526] = T 7
[7527] = S 7
[7528] = CNOT 7 9
[7529] = CNOT 9 10
[7530] = T 9
[7531] = S 9
[7532] = CNOT 9 10
[7533] = T 1
[7534] = T 7
[7535] = S 10
[7536] = CNOT 7 10
[7537] = S 7
[7538] = H 9
[7539] = T 9
[7540] = CNOT 8 9
[7541] = T 8
[7542] = S 8
[7543] = CNOT 8 9
[7544] = CNOT 1 8
[7545] = CNOT 1 9
[7546] = T 1
[7547] = CNOT 1 9
[7548] = T 1
[7549] = S 1
[7550] = CNOT 1 8
[7551] = CNOT 1 9
[7552] = T 1
[7553] = S 1
[7554] = CNOT 1 9
[7555] = T 8
[7556] = H 1
[7557] = H 9
[7558] = CNOT 7 9
[7559] = T 7
[7560] = Z 7
[7561] = CNOT 7 10
[7562] = T 7
[7563] = S 7
[7564] = Z 7
[7565] = CNOT 7 9
[7566] = CNOT 9 10
[7567] = T 9
[7568] = S 9
[7569] = Z 9
[7570] = CNOT 9 10
[7571] = T 1
[7572] = S 1
[7573] = CNOT 1 4
[7574] = T 1
[7575] = S 1
[7576] = CNOT 1 3
[7577] = T 1
[7578] = CNOT 1 4
[7579] = CNOT 1 3
[7580] = CNOT 3 4
[7581] = T 3
[7582] = S 3
[7583] = CNOT 3 4
[7584] = CNOT 1 3
[7585] = T 1
[7586] = S 1
[7587] = CNOT 1 3
[7588] = T 4
[7589] = T 7
[7590] = Z 7
[7591] = S 9
[7592] = Z 9
[7593] = Z 10
[7594] = H 10
[7595] = H 3
[7596] = CNOT 1 3
[7597] = CNOT 1 9
[7598] = T 1
[7599] = CNOT 1 3
[7600] = CNOT 3 9
[7601] = T 3
[7602] = S 3
[7603] = CNOT 3 9
[7604] = T 1
[7605] = S 1
[7606] = CNOT 1 9
[7607] = S 3
[7608] = S 6
[7609] = Z 6
[7610] = S 10
[7611] = CNOT 1 3
[7612] = S 1
[7613] = CNOT 1 3
[7614] = CNOT 5 6
[7615] = S 5
[7616] = CNOT 5 6
[7617] = CNOT 5 10
[7618] = S 5
[7619] = Z 5
[7620] = CNOT 6 10
[7621] = S 6
[7622] = CNOT 6 10
[7623] = CNOT 5 6
[7624] = S 5
[7625] = Z 5
[7626] = CNOT 5 10
[7627] = CNOT 5 6
[7628] = CNOT 3 1
[7629] = H 9
[7630] = H 10
[7631] = T 9
[7632] = CNOT 4 9
[7633] = T 4
[7634] = S 4
[7635] = CNOT 4 9
[7636] = CNOT 2 4
[7637] = CNOT 2 9
[7638] = T 2
[7639] = CNOT 2 9
[7640] = T 2
[7641] = S 2
[7642] = CNOT 2 4
[7643] = CNOT 2 9
[7644] = T 2
[7645] = S 2
[7646] = CNOT 2 9
[7647] = CNOT 7 10
[7648] = T 7
[7649] = S 7
[7650] = CNOT 7 10
[7651] = T 4
[7652] = T 2
[7653] = Z 7
[7654] = S 10
[7655] = Z 10
[7656] = CNOT 7 10
[7657] = H 9
[7658] = CNOT 3 9
[7659] = T 3
[7660] = Z 3
[7661] = CNOT 3 9
[7662] = CNOT 1 3
[7663] = CNOT 1 9
[7664] = T 1
[7665] = S 1
[7666] = Z 1
[7667] = CNOT 1 3
[7668] = T 1
[7669] = S 1
[7670] = Z 1
[7671] = CNOT 1 9
[7672] = CNOT 7 9
[7673] = T 7
[7674] = Z 7
[7675] = CNOT 7 10
[7676] = T 7
[7677] = S 7
[7678] = Z 7
[7679] = CNOT 7 9
[7680] = CNOT 9 10
[7681] = T 9
[7682] = S 9
[7683] = Z 9
[7684] = CNOT 9 10
[7685] = T 7
[7686] = Z 7
[7687] = CNOT 7 10
[7688] = T 7
[7689] = S 7
[7690] = Z 7
[7691] = CNOT 1 3
[7692] = T 1
[7693] = Z 1
[7694] = CNOT 1 3
[7695] = Z 1
[7696] = S 9
[7697] = Z 10
[7698] = CNOT 3 1
[7699] = H 9
[7700] = H 1
[7701] = T 9
[7702] = T 1
[7703] = CNOT 8 9
[7704] = T 8
[7705] = S 8
[7706] = CNOT 8 9
[7707] = CNOT 1 8
[7708] = CNOT 1 9
[7709] = T 1
[7710] = CNOT 1 9
[7711] = T 1
[7712] = S 1
[7713] = CNOT 1 8
[7714] = CNOT 1 9
[7715] = T 1
[7716] = S 1
[7717] = CNOT 1 9
[7718] = H 1
[7719] = H 9
[7720] = CNOT 7 9
[7721] = T 7
[7722] = Z 7
[7723] = CNOT 7 10
[7724] = T 7
[7725] = S 7
[7726] = Z 7
[7727] = CNOT 7 9
[7728] = CNOT 9 10
[7729] = T 9
[7730] = S 9
[7731] = Z 9
[7732] = CNOT 9 10
[7733] = CNOT 1 3
[7734] = CNOT 1 9
[7735] = T 1
[7736] = CNOT 1 3
[7737] = CNOT 3 9
[7738] = T 3
[7739] = S 3
[7740] = CNOT 3 9
[7741] = T 1
[7742] = S 1
[7743] = CNOT 1 9
[7744] = T 3
[7745] = S 1
[7746] = S 9
[7747] = Z 9
[7748] = Z 10
[7749] = CNOT 1 3
[7750] = S 1
[7751] = CNOT 1 3
[7752] = Z 7
[7753] = CNOT 3 1
[7754] = H 10
[7755] = H 9
[7756] = CNOT 6 10
[7757] = T 6
[7758] = Z 6
[7759] = CNOT 6 10
[7760] = CNOT 5 6
[7761] = CNOT 5 10
[7762] = T 5
[7763] = S 5
[7764] = Z 5
[7765] = CNOT 5 6
[7766] = T 5
[7767] = S 5
[7768] = Z 5
[7769] = CNOT 5 10
[7770] = T 9
[7771] = CNOT 4 9
[7772] = T 4
[7773] = S 4
[7774] = CNOT 4 9
[7775] = CNOT 2 4
[7776] = CNOT 2 9
[7777] = T 2
[7778] = CNOT 2 9
[7779] = T 2
[7780] = S 2
[7781] = CNOT 2 4
[7782] = CNOT 2 9
[7783] = T 2
[7784] = S 2
[7785] = CNOT 2 9
[7786] = CNOT 1 4
[7787] = CNOT 1 7
[7788] = T 1
[7789] = CNOT 1 7
[7790] = CNOT 1 4
[7791] = Z 5
[7792] = S 10
[7793] = Z 10
[7794] = CNOT 5 6
[7795] = Z 5
[7796] = CNOT 5 6
[7797] = CNOT 6 5
[7798] = CNOT 8 4
[7799] = CNOT 7 4
[7800] = CNOT 6 4
[7801] = CNOT 8 1
[7802] = CNOT 7 1
[7803] = CNOT 6 1
[7804] = CNOT 4 1
[7805] = H 2
[7806] = H 9
[7807] = H 8
[7808] = H 6
[7809] = CNOT 1 2
[7810] = CNOT 1 6
[7811] = CNOT 1 7
[7812] = CNOT 1 8
[7813] = CNOT 1 9
[7814] = T 1
[7815] = CNOT 1 8
[7816] = CNOT 1 7
[7817] = CNOT 1 6
[7818] = CNOT 1 2
[7819] = CNOT 1 3
[7820] = T 1
[7821] = S 1
[7822] = Z 1
[7823] = CNOT 1 3
[7824] = CNOT 1 2
[7825] = CNOT 1 6
[7826] = CNOT 1 8
[7827] = T 1
[7828] = CNOT 1 2
[7829] = CNOT 3 8
[7830] = CNOT 3 9
[7831] = T 3
[7832] = S 3
[7833] = Z 3
[7834] = T 1
[7835] = CNOT 3 7
[7836] = T 3
[7837] = CNOT 3 8
[7838] = T 3
[7839] = S 3
[7840] = Z 3
[7841] = CNOT 3 9
[7842] = CNOT 3 7
[7843] = CNOT 1 7
[7844] = T 1
[7845] = CNOT 1 6
[7846] = CNOT 1 2
[7847] = T 1
[7848] = CNOT 1 7
[7849] = T 1
[7850] = CNOT 1 8
[7851] = CNOT 1 2
[7852] = T 7
[7853] = Z 7
[7854] = CNOT 1 7
[7855] = T 1
[7856] = Z 1
[7857] = CNOT 1 9
[7858] = CNOT 1 7
[7859] = Z 1
[7860] = Z 2
[7861] = Z 3
[7862] = Z 6
[7863] = CNOT 1 3
[7864] = Z 1
[7865] = CNOT 1 3
[7866] = CNOT 1 7
[7867] = S 1
[7868] = Z 1
[7869] = CNOT 1 7
[7870] = CNOT 1 8
[7871] = S 1
[7872] = Z 1
[7873] = CNOT 1 8
[7874] = CNOT 1 9
[7875] = S 1
[7876] = Z 1
[7877] = CNOT 1 9
[7878] = CNOT 3 7
[7879] = Z 3
[7880] = CNOT 3 7
[7881] = CNOT 3 8
[7882] = Z 3
[7883] = CNOT 3 8
[7884] = CNOT 3 9
[7885] = S 3
[7886] = CNOT 3 9
[7887] = CNOT 7 8
[7888] = S 7
[7889] = Z 7
[7890] = CNOT 7 8
[7891] = CNOT 7 9
[7892] = Z 7
[7893] = CNOT 7 9
[7894] = CNOT 8 9
[7895] = Z 8
[7896] = CNOT 8 9
[7897] = CNOT 1 2
[7898] = CNOT 1 6
[7899] = S 1
[7900] = Z 1
[7901] = CNOT 1 6
[7902] = CNOT 1 7
[7903] = S 1
[7904] = Z 1
[7905] = CNOT 1 7
[7906] = CNOT 1 8
[7907] = Z 1
[7908] = CNOT 1 8
[7909] = CNOT 1 9
[7910] = Z 1
[7911] = CNOT 1 9
[7912] = CNOT 1 2
[7913] = CNOT 1 6
[7914] = CNOT 1 7
[7915] = S 1
[7916] = Z 1
[7917] = CNOT 1 7
[7918] = CNOT 1 8
[7919] = Z 1
[7920] = CNOT 1 8
[7921] = CNOT 1 9
[7922] = Z 1
[7923] = CNOT 1 9
[7924] = CNOT 1 6
[7925] = CNOT 1 7
[7926] = CNOT 1 8
[7927] = S 1
[7928] = Z 1
[7929] = CNOT 1 7
[7930] = CNOT 1 9
[7931] = S 1
[7932] = CNOT 1 9
[7933] = CNOT 1 8
[7934] = CNOT 2 6
[7935] = CNOT 2 8
[7936] = S 2
[7937] = Z 2
[7938] = CNOT 2 8
[7939] = CNOT 2 9
[7940] = S 2
[7941] = Z 2
[7942] = CNOT 2 9
[7943] = CNOT 2 6
[7944] = CNOT 2 7
[7945] = CNOT 2 8
[7946] = S 2
[7947] = Z 2
[7948] = CNOT 2 8
[7949] = CNOT 2 9
[7950] = S 2
[7951] = Z 2
[7952] = CNOT 2 7
[7953] = CNOT 2 8
[7954] = Z 2
[7955] = CNOT 2 9
[7956] = CNOT 2 8
[7957] = CNOT 6 7
[7958] = CNOT 6 8
[7959] = S 6
[7960] = Z 6
[7961] = CNOT 6 8
[7962] = CNOT 6 9
[7963] = S 6
[7964] = Z 6
[7965] = CNOT 6 7
[7966] = CNOT 6 8
[7967] = Z 6
[7968] = CNOT 6 9
[7969] = CNOT 6 8
[7970] = CNOT 7 8
[7971] = CNOT 7 9
[7972] = Z 7
[7973] = CNOT 7 9
[7974] = CNOT 7 8
[7975] = CNOT 3 1
[7976] = H 8
[7977] = H 6
[7978] = H 7
[7979] = T 6
[7980] = T 8
[7981] = T 7
[7982] = CNOT 6 8
[7983] = T 6
[7984] = S 6
[7985] = CNOT 6 7
[7986] = T 6
[7987] = CNOT 6 8
[7988] = CNOT 6 7
[7989] = CNOT 7 8
[7990] = T 7
[7991] = S 7
[7992] = CNOT 7 8
[7993] = CNOT 6 7
[7994] = T 6
[7995] = S 6
[7996] = CNOT 6 7
[7997] = H 7
[7998] = CNOT 2 3
[7999] = CNOT 2 4
[8000] = CNOT 2 6
[8001] = CNOT 2 8
[8002] = T 2
[8003] = CNOT 2 8
[8004] = CNOT 2 6
[8005] = CNOT 2 4
[8006] = CNOT 2 3
[8007] = CNOT 1 2
[8008] = CNOT 1 4
[8009] = CNOT 1 6
[8010] = T 1
[8011] = CNOT 1 6
[8012] = CNOT 1 4
[8013] = CNOT 1 2
[8014] = S 1
[8015] = S 2
[8016] = S 4
[8017] = S 6
[8018] = CNOT 1 2
[8019] = S 1
[8020] = Z 1
[8021] = CNOT 1 2
[8022] = CNOT 1 3
[8023] = Z 1
[8024] = CNOT 1 3
[8025] = CNOT 1 4
[8026] = S 1
[8027] = Z 1
[8028] = CNOT 1 4
[8029] = CNOT 1 6
[8030] = S 1
[8031] = Z 1
[8032] = CNOT 1 6
[8033] = CNOT 1 8
[8034] = Z 1
[8035] = CNOT 1 8
[8036] = CNOT 2 4
[8037] = S 2
[8038] = Z 2
[8039] = CNOT 2 4
[8040] = CNOT 2 6
[8041] = S 2
[8042] = Z 2
[8043] = CNOT 2 6
[8044] = CNOT 3 8
[8045] = Z 3
[8046] = CNOT 3 8
[8047] = CNOT 4 6
[8048] = S 4
[8049] = Z 4
[8050] = CNOT 4 6
[8051] = CNOT 1 2
[8052] = CNOT 1 4
[8053] = S 1
[8054] = Z 1
[8055] = CNOT 1 4
[8056] = CNOT 1 6
[8057] = S 1
[8058] = Z 1
[8059] = CNOT 1 6
[8060] = CNOT 1 2
[8061] = CNOT 1 3
[8062] = CNOT 1 8
[8063] = S 1
[8064] = CNOT 1 8
[8065] = CNOT 1 3
[8066] = CNOT 1 4
[8067] = CNOT 1 6
[8068] = S 1
[8069] = Z 1
[8070] = CNOT 1 6
[8071] = CNOT 1 4
[8072] = CNOT 2 4
[8073] = CNOT 2 6
[8074] = S 2
[8075] = Z 2
[8076] = CNOT 2 4
[8077] = CNOT 7 8
[8078] = CNOT 2 8
[8079] = CNOT 1 8
[8080] = CNOT 3 7
[8081] = CNOT 2 7
[8082] = CNOT 1 7
[8083] = CNOT 8 6
[8084] = CNOT 7 6
[8085] = CNOT 8 2
[8086] = CNOT 7 2
[8087] = CNOT 4 2
[8088] = CNOT 8 1
[8089] = CNOT 7 1
[8090] = CNOT 6 1
[8091] = CNOT 4 1
[8092] = CNOT 3 1
[8093] = CNOT 2 1
[8094] = H 2
[8095] = T 2
[8096] = Z 2
[8097] = CNOT 2 4
[8098] = T 2
[8099] = Z 2
[8100] = CNOT 2 3
[8101] = T 2
[8102] = S 2
[8103] = Z 2
[8104] = CNOT 2 4
[8105] = T 2
[8106] = S 2
[8107] = Z 2
[8108] = CNOT 2 3
[8109] = Z 3
[8110] = CNOT 3 4
[8111] = Z 3
[8112] = CNOT 3 4
[8113] = CNOT 4 3
[8114] = H 2
[8115] = H 4
[8116] = CNOT 2 7
[8117] = T 2
[8118] = T 4
[8119] = Z 4
[8120] = CNOT 2 3
[8121] = T 2
[8122] = S 2
[8123] = Z 2
[8124] = CNOT 2 4
[8125] = T 2
[8126] = CNOT 2 3
[8127] = T 2
[8128] = S 2
[8129] = Z 2
[8130] = CNOT 2 7
[8131] = CNOT 2 4
[8132] = CNOT 3 4
[8133] = T 3
[8134] = S 3
[8135] = CNOT 3 4
[8136] = CNOT 2 6
[8137] = T 2
[8138] = CNOT 2 6
[8139] = Z 3
[8140] = CNOT 2 3
[8141] = Z 2
[8142] = CNOT 2 3
[8143] = CNOT 2 4
[8144] = Z 2
[8145] = CNOT 2 4
[8146] = CNOT 3 7
[8147] = Z 3
[8148] = CNOT 3 7
[8149] = CNOT 4 7
[8150] = Z 4
[8151] = CNOT 4 7
[8152] = CNOT 8 6
[8153] = CNOT 7 6
[8154] = CNOT 2 6
[8155] = CNOT 8 2
[8156] = CNOT 7 2
[8157] = H 4
[8158] = CNOT 4 6
[8159] = T 4
[8160] = Z 4
[8161] = CNOT 4 6
[8162] = CNOT 2 4
[8163] = CNOT 2 6
[8164] = T 2
[8165] = S 2
[8166] = Z 2
[8167] = CNOT 2 6
[8168] = Z 2
[8169] = CNOT 2 4
[8170] = CNOT 2 6
[8171] = Z 2
[8172] = CNOT 2 6
[8173] = CNOT 4 6
[8174] = CNOT 4 2
[8175] = H 6
[8176] = T 6
[8177] = Z 6
[8178] = CNOT 4 6
[8179] = T 4
[8180] = Z 4
[8181] = CNOT 4 6
[8182] = CNOT 2 4
[8183] = CNOT 2 6
[8184] = T 2
[8185] = S 2
[8186] = Z 2
[8187] = CNOT 2 4
[8188] = T 2
[8189] = S 2
[8190] = Z 2
[8191] = CNOT 2 6
[8192] = Z 2
[8193] = CNOT 2 4
[8194] = Z 2
[8195] = CNOT 2 4
[8196] = CNOT 4 8
[8197] = CNOT 3 8
[8198] = CNOT 2 8
[8199] = CNOT 5 3
[8200] = CNOT 4 3
[8201] = CNOT 2 3
[8202] = CNOT 4 2
[8203] = H 6
[8204] = CNOT 7 8
[8205] = T 7
[8206] = CNOT 7 8
[8207] = CNOT 1 4
[8208] = CNOT 1 6
[8209] = CNOT 1 8
[8210] = T 1
[8211] = CNOT 1 8
[8212] = CNOT 1 7
[8213] = T 1
[8214] = CNOT 1 7
[8215] = CNOT 1 6
[8216] = CNOT 1 4
[8217] = S 1
[8218] = S 4
[8219] = S 6
[8220] = S 7
[8221] = CNOT 1 4
[8222] = S 1
[8223] = Z 1
[8224] = CNOT 1 4
[8225] = CNOT 1 6
[8226] = S 1
[8227] = Z 1
[8228] = CNOT 1 6
[8229] = CNOT 1 7
[8230] = S 1
[8231] = Z 1
[8232] = CNOT 1 7
[8233] = CNOT 4 6
[8234] = S 4
[8235] = Z 4
[8236] = CNOT 4 6
[8237] = CNOT 4 7
[8238] = S 4
[8239] = Z 4
[8240] = CNOT 4 7
[8241] = CNOT 6 7
[8242] = S 6
[8243] = Z 6
[8244] = CNOT 6 7
[8245] = CNOT 1 4
[8246] = CNOT 1 6
[8247] = S 1
[8248] = Z 1
[8249] = CNOT 1 6
[8250] = CNOT 1 7
[8251] = S 1
[8252] = Z 1
[8253] = CNOT 1 4
[8254] = CNOT 1 6
[8255] = S 1
[8256] = Z 1
[8257] = CNOT 1 7
[8258] = CNOT 1 6
[8259] = CNOT 4 6
[8260] = CNOT 4 7
[8261] = S 4
[8262] = Z 4
[8263] = CNOT 4 7
[8264] = CNOT 4 6
[8265] = CNOT 7 8
[8266] = CNOT 6 8
[8267] = CNOT 4 8
[8268] = CNOT 2 8
[8269] = CNOT 1 8
[8270] = CNOT 8 7
[8271] = CNOT 3 7
[8272] = CNOT 2 7
[8273] = CNOT 1 7
[8274] = CNOT 7 6
[8275] = CNOT 1 6
[8276] = CNOT 6 7
[8277] = CNOT 8 5
[8278] = CNOT 4 5
[8279] = CNOT 3 5
[8280] = CNOT 1 5
[8281] = CNOT 6 3
[8282] = CNOT 2 3
[8283] = CNOT 3 6
[8284] = CNOT 7 2
[8285] = CNOT 6 2
[8286] = CNOT 2 6
[8287] = CNOT 4 1
[8288] = H 6
[8289] = T 6
[8290] = Z 6
[8291] = CNOT 4 6
[8292] = T 4
[8293] = Z 4
[8294] = CNOT 4 6
[8295] = CNOT 3 4
[8296] = CNOT 3 6
[8297] = T 3
[8298] = S 3
[8299] = Z 3
[8300] = CNOT 3 4
[8301] = T 3
[8302] = S 3
[8303] = Z 3
[8304] = CNOT 3 6
[8305] = Z 3
[8306] = CNOT 3 4
[8307] = Z 3
[8308] = CNOT 3 4
[8309] = CNOT 4 5
[8310] = CNOT 3 5
[8311] = CNOT 4 3
[8312] = H 6
[8313] = CNOT 3 6
[8314] = T 3
[8315] = CNOT 3 6
[8316] = CNOT 4 6
[8317] = T 4
[8318] = CNOT 4 6
[8319] = CNOT 3 4
[8320] = T 3
[8321] = S 3
[8322] = CNOT 3 4
[8323] = Z 3
[8324] = Z 4
[8325] = CNOT 8 6
[8326] = CNOT 4 6
[8327] = CNOT 3 6
[8328] = CNOT 6 5
[8329] = CNOT 4 3
[8330] = H 5
[8331] = T 5
[8332] = Z 5
[8333] = CNOT 4 5
[8334] = T 4
[8335] = Z 4
[8336] = CNOT 4 5
[8337] = CNOT 3 4
[8338] = CNOT 3 5
[8339] = T 3
[8340] = S 3
[8341] = Z 3
[8342] = CNOT 3 4
[8343] = T 3
[8344] = S 3
[8345] = Z 3
[8346] = CNOT 3 5
[8347] = CNOT 1 6
[8348] = T 1
[8349] = CNOT 1 6
[8350] = CNOT 1 8
[8351] = T 1
[8352] = CNOT 6 8
[8353] = T 6
[8354] = S 6
[8355] = CNOT 6 8
[8356] = CNOT 2 7
[8357] = CNOT 2 8
[8358] = T 2
[8359] = CNOT 2 8
[8360] = CNOT 2 7
[8361] = CNOT 3 6
[8362] = CNOT 3 7
[8363] = T 3
[8364] = CNOT 3 7
[8365] = CNOT 3 6
[8366] = CNOT 1 6
[8367] = CNOT 1 7
[8368] = T 1
[8369] = CNOT 1 8
[8370] = CNOT 1 7
[8371] = Z 3
[8372] = Z 6
[8373] = Z 8
[8374] = CNOT 3 4
[8375] = Z 3
[8376] = CNOT 3 4
[8377] = CNOT 7 8
[8378] = CNOT 3 8
[8379] = CNOT 4 7
[8380] = CNOT 3 7
[8381] = CNOT 2 7
[8382] = CNOT 1 7
[8383] = CNOT 8 6
[8384] = CNOT 7 6
[8385] = CNOT 3 6
[8386] = CNOT 6 7
[8387] = CNOT 4 2
[8388] = CNOT 6 1
[8389] = H 5
[8390] = H 7
[8391] = T 7
[8392] = Z 7
[8393] = CNOT 7 8
[8394] = T 7
[8395] = Z 7
[8396] = CNOT 7 8
[8397] = CNOT 6 7
[8398] = CNOT 6 8
[8399] = T 6
[8400] = S 6
[8401] = Z 6
[8402] = CNOT 6 8
[8403] = T 6
[8404] = S 6
[8405] = Z 6
[8406] = CNOT 6 7
[8407] = Z 5
[8408] = Z 6
[8409] = CNOT 6 8
[8410] = Z 6
[8411] = CNOT 6 8
[8412] = CNOT 8 6
[8413] = H 7
[8414] = H 6
[8415] = H 8
[8416] = T 6
[8417] = CNOT 2 7
[8418] = T 2
[8419] = S 2
[8420] = CNOT 2 6
[8421] = T 2
[8422] = CNOT 2 7
[8423] = CNOT 2 6
[8424] = CNOT 6 7
[8425] = T 6
[8426] = S 6
[8427] = CNOT 6 7
[8428] = CNOT 2 6
[8429] = T 2
[8430] = S 2
[8431] = CNOT 2 6
[8432] = T 8
[8433] = CNOT 3 7
[8434] = T 3
[8435] = S 3
[8436] = CNOT 3 8
[8437] = T 3
[8438] = CNOT 3 7
[8439] = CNOT 7 8
[8440] = T 7
[8441] = S 7
[8442] = CNOT 7 8
[8443] = T 3
[8444] = S 3
[8445] = CNOT 3 8
[8446] = CNOT 4 7
[8447] = T 4
[8448] = CNOT 4 7
[8449] = S 7
[8450] = CNOT 7 4
[8451] = H 6
[8452] = H 8
[8453] = H 3
[8454] = H 2
[8455] = T 4
[8456] = S 4
[8457] = Z 4
[8458] = CNOT 3 4
[8459] = T 3
[8460] = Z 3
[8461] = CNOT 3 4
[8462] = CNOT 1 3
[8463] = CNOT 1 4
[8464] = T 1
[8465] = S 1
[8466] = Z 1
[8467] = CNOT 1 4
[8468] = T 1
[8469] = S 1
[8470] = Z 1
[8471] = CNOT 1 3
[8472] = CNOT 4 5
[8473] = CNOT 4 6
[8474] = CNOT 4 10
[8475] = T 4
[8476] = CNOT 4 5
[8477] = T 4
[8478] = S 4
[8479] = Z 4
[8480] = CNOT 4 10
[8481] = CNOT 4 6
[8482] = CNOT 5 10
[8483] = T 5
[8484] = S 5
[8485] = CNOT 5 10
[8486] = CNOT 4 8
[8487] = T 4
[8488] = CNOT 4 8
[8489] = T 2
[8490] = S 3
[8491] = Z 3
[8492] = Z 5
[8493] = Z 6
[8494] = Z 10
[8495] = CNOT 1 4
[8496] = S 1
[8497] = CNOT 1 4
[8498] = CNOT 4 5
[8499] = Z 4
[8500] = CNOT 4 5
[8501] = CNOT 4 6
[8502] = S 4
[8503] = Z 4
[8504] = CNOT 4 6
[8505] = CNOT 4 10
[8506] = Z 4
[8507] = CNOT 4 10
[8508] = CNOT 5 6
[8509] = Z 5
[8510] = CNOT 5 6
[8511] = CNOT 6 10
[8512] = Z 6
[8513] = CNOT 6 10
[8514] = CNOT 4 5
[8515] = CNOT 4 6
[8516] = S 4
[8517] = Z 4
[8518] = CNOT 4 6
[8519] = CNOT 4 5
[8520] = CNOT 6 5
[8521] = CNOT 8 4
[8522] = CNOT 6 4
[8523] = CNOT 4 1
[8524] = H 10
[8525] = H 1
[8526] = CNOT 7 9
[8527] = CNOT 7 10
[8528] = T 7
[8529] = CNOT 7 10
[8530] = T 7
[8531] = S 7
[8532] = CNOT 7 9
[8533] = CNOT 9 10
[8534] = T 9
[8535] = S 9
[8536] = CNOT 9 10
[8537] = T 1
[8538] = T 7
[8539] = S 10
[8540] = CNOT 7 10
[8541] = S 7
[8542] = H 9
[8543] = T 9
[8544] = CNOT 8 9
[8545] = T 8
[8546] = S 8
[8547] = CNOT 8 9
[8548] = CNOT 1 8
[8549] = CNOT 1 9
[8550] = T 1
[8551] = CNOT 1 9
[8552] = T 1
[8553] = S 1
[8554] = CNOT 1 8
[8555] = CNOT 1 9
[8556] = T 1
[8557] = S 1
[8558] = CNOT 1 9
[8559] = T 8
[8560] = H 1
[8561] = H 9
[8562] = CNOT 7 9
[8563] = T 7
[8564] = Z 7
[8565] = CNOT 7 10
[8566] = T 7
[8567] = S 7
[8568] = Z 7
[8569] = CNOT 7 9
[8570] = CNOT 9 10
[8571] = T 9
[8572] = S 9
[8573] = Z 9
[8574] = CNOT 9 10
[8575] = T 1
[8576] = S 1
[8577] = CNOT 1 4
[8578] = T 1
[8579] = S 1
[8580] = CNOT 1 3
[8581] = T 1
[8582] = CNOT 1 4
[8583] = CNOT 1 3
[8584] = CNOT 3 4
[8585] = T 3
[8586] = S 3
[8587] = CNOT 3 4
[8588] = CNOT 1 3
[8589] = T 1
[8590] = S 1
[8591] = CNOT 1 3
[8592] = T 4
[8593] = T 7
[8594] = Z 7
[8595] = S 9
[8596] = Z 9
[8597] = Z 10
[8598] = H 10
[8599] = H 3
[8600] = CNOT 1 3
[8601] = CNOT 1 9
[8602] = T 1
[8603] = CNOT 1 3
[8604] = CNOT 3 9
[8605] = T 3
[8606] = S 3
[8607] = CNOT 3 9
[8608] = T 1
[8609] = S 1
[8610] = CNOT 1 9
[8611] = S 3
[8612] = S 6
[8613] = Z 6
[8614] = S 10
[8615] = CNOT 1 3
[8616] = S 1
[8617] = CNOT 1 3
[8618] = CNOT 5 6
[8619] = S 5
[8620] = CNOT 5 6
[8621] = CNOT 5 10
[8622] = S 5
[8623] = Z 5
[8624] = CNOT 6 10
[8625] = S 6
[8626] = CNOT 6 10
[8627] = CNOT 5 6
[8628] = S 5
[8629] = Z 5
[8630] = CNOT 5 10
[8631] = CNOT 5 6
[8632] = CNOT 3 1
[8633] = H 9
[8634] = H 10
[8635] = T 9
[8636] = CNOT 4 9
[8637] = T 4
[8638] = S 4
[8639] = CNOT 4 9
[8640] = CNOT 2 4
[8641] = CNOT 2 9
[8642] = T 2
[8643] = CNOT 2 9
[8644] = T 2
[8645] = S 2
[8646] = CNOT 2 4
[8647] = CNOT 2 9
[8648] = T 2
[8649] = S 2
[8650] = CNOT 2 9
[8651] = CNOT 7 10
[8652] = T 7
[8653] = S 7
[8654] = CNOT 7 10
[8655] = T 4
[8656] = T 2
[8657] = Z 7
[8658] = S 10
[8659] = Z 10
[8660] = CNOT 7 10
[8661] = H 9
[8662] = CNOT 3 9
[8663] = T 3
[8664] = Z 3
[8665] = CNOT 3 9
[8666] = CNOT 1 3
[8667] = CNOT 1 9
[8668] = T 1
[8669] = S 1
[8670] = Z 1
[8671] = CNOT 1 3
[8672] = T 1
[8673] = S 1
[8674] = Z 1
[8675] = CNOT 1 9
[8676] = CNOT 7 9
[8677] = T 7
[8678] = Z 7
[8679] = CNOT 7 10
[8680] = T 7
[8681] = S 7
[8682] = Z 7
[8683] = CNOT 7 9
[8684] = CNOT 9 10
[8685] = T 9
[8686] = S 9
[8687] = Z 9
[8688] = CNOT 9 10
[8689] = T 7
[8690] = Z 7
[8691] = CNOT 7 10
[8692] = T 7
[8693] = S 7
[8694] = Z 7
[8695] = CNOT 1 3
[8696] = T 1
[8697] = Z 1
[8698] = CNOT 1 3
[8699] = Z 1
[8700] = S 9
[8701] = Z 10
[8702] = CNOT 3 1
[8703] = H 9
[8704] = H 1
[8705] = T 9
[8706] = T 1
[8707] = CNOT 8 9
[8708] = T 8
[8709] = S 8
[8710] = CNOT 8 9
[8711] = CNOT 1 8
[8712] = CNOT 1 9
[8713] = T 1
[8714] = CNOT 1 9
[8715] = T 1
[8716] = S 1
[8717] = CNOT 1 8
[8718] = CNOT 1 9
[8719] = T 1
[8720] = S 1
[8721] = CNOT 1 9
[8722] = H 1
[8723] = H 9
[8724] = CNOT 7 9
[8725] = T 7
[8726] = Z 7
[8727] = CNOT 7 10
[8728] = T 7
[8729] = S 7
[8730] = Z 7
[8731] = CNOT 7 9
[8732] = CNOT 9 10
[8733] = T 9
[8734] = S 9
[8735] = Z 9
[8736] = CNOT 9 10
[8737] = CNOT 1 3
[8738] = CNOT 1 9
[8739] = T 1
[8740] = CNOT 1 3
[8741] = CNOT 3 9
[8742] = T 3
[8743] = S 3
[8744] = CNOT 3 9
[8745] = T 1
[8746] = S 1
[8747] = CNOT 1 9
[8748] = T 3
[8749] = S 1
[8750] = S 9
[8751] = Z 9
[8752] = Z 10
[8753] = CNOT 1 3
[8754] = S 1
[8755] = CNOT 1 3
[8756] = Z 7
[8757] = CNOT 3 1
[8758] = H 10
[8759] = H 9
[8760] = CNOT 6 10
[8761] = T 6
[8762] = Z 6
[8763] = CNOT 6 10
[8764] = CNOT 5 6
[8765] = CNOT 5 10
[8766] = T 5
[8767] = S 5
[8768] = Z 5
[8769] = CNOT 5 6
[8770] = T 5
[8771] = S 5
[8772] = Z 5
[8773] = CNOT 5 10
[8774] = T 9
[8775] = CNOT 4 9
[8776] = T 4
[8777] = S 4
[8778] = CNOT 4 9
[8779] = CNOT 2 4
[8780] = CNOT 2 9
[8781] = T 2
[8782] = CNOT 2 9
[8783] = T 2
[8784] = S 2
[8785] = CNOT 2 4
[8786] = CNOT 2 9
[8787] = T 2
[8788] = S 2
[8789] = CNOT 2 9
[8790] = CNOT 1 4
[8791] = CNOT 1 7
[8792] = T 1
[8793] = CNOT 1 7
[8794] = CNOT 1 4
[8795] = Z 5
[8796] = S 10
[8797] = Z 10
[8798] = CNOT 5 6
[8799] = Z 5
[8800] = CNOT 5 6
[8801] = CNOT 6 5
[8802] = CNOT 8 4
[8803] = CNOT 7 4
[8804] = CNOT 6 4
[8805] = CNOT 8 1
[8806] = CNOT 7 1
[8807] = CNOT 6 1
[8808] = CNOT 4 1
[8809] = H 2
[8810] = H 9
[8811] = H 8
[8812] = H 6
[8813] = H 5
[8814] = T 5
[8815] = CNOT 1 3
[8816] = CNOT 1 9
[8817] = T 1
[8818] = S 1
[8819] = Z 1
[8820] = CNOT 1 3
[8821] = CNOT 1 6
[8822] = CNOT 1 7
[8823] = CNOT 1 8
[8824] = T 1
[8825] = CNOT 3 8
[8826] = CNOT 3 9
[8827] = T 3
[8828] = S 3
[8829] = Z 3
[8830] = CNOT 1 2
[8831] = T 1
[8832] = CNOT 1 8
[8833] = CNOT 1 6
[8834] = CNOT 1 2
[8835] = CNOT 3 7
[8836] = T 3
[8837] = CNOT 3 8
[8838] = T 3
[8839] = S 3
[8840] = Z 3
[8841] = CNOT 3 9
[8842] = CNOT 3 7
[8843] = T 1
[8844] = Z 1
[8845] = CNOT 1 7
[8846] = CNOT 1 2
[8847] = CNOT 1 6
[8848] = CNOT 1 8
[8849] = T 1
[8850] = CNOT 1 6
[8851] = T 1
[8852] = CNOT 1 2
[8853] = T 7
[8854] = Z 7
[8855] = CNOT 1 6
[8856] = T 1
[8857] = CNOT 1 6
[8858] = CNOT 1 2
[8859] = CNOT 1 7
[8860] = T 1
[8861] = CNOT 1 9
[8862] = CNOT 1 8
[8863] = CNOT 1 7
[8864] = CNOT 1 2
[8865] = Z 1
[8866] = Z 2
[8867] = Z 3
[8868] = Z 6
[8869] = CNOT 1 3
[8870] = Z 1
[8871] = CNOT 1 3
[8872] = CNOT 1 7
[8873] = S 1
[8874] = Z 1
[8875] = CNOT 1 7
[8876] = CNOT 1 8
[8877] = S 1
[8878] = Z 1
[8879] = CNOT 1 8
[8880] = CNOT 1 9
[8881] = S 1
[8882] = Z 1
[8883] = CNOT 1 9
[8884] = CNOT 3 7
[8885] = Z 3
[8886] = CNOT 3 7
[8887] = CNOT 3 8
[8888] = Z 3
[8889] = CNOT 3 8
[8890] = CNOT 3 9
[8891] = S 3
[8892] = CNOT 3 9
[8893] = CNOT 7 8
[8894] = S 7
[8895] = Z 7
[8896] = CNOT 7 8
[8897] = CNOT 7 9
[8898] = Z 7
[8899] = CNOT 7 9
[8900] = CNOT 8 9
[8901] = Z 8
[8902] = CNOT 8 9
[8903] = CNOT 1 2
[8904] = CNOT 1 6
[8905] = S 1
[8906] = Z 1
[8907] = CNOT 1 6
[8908] = CNOT 1 7
[8909] = S 1
[8910] = Z 1
[8911] = CNOT 1 7
[8912] = CNOT 1 8
[8913] = Z 1
[8914] = CNOT 1 8
[8915] = CNOT 1 9
[8916] = Z 1
[8917] = CNOT 1 9
[8918] = CNOT 1 2
[8919] = CNOT 1 6
[8920] = CNOT 1 7
[8921] = S 1
[8922] = Z 1
[8923] = CNOT 1 7
[8924] = CNOT 1 8
[8925] = Z 1
[8926] = CNOT 1 8
[8927] = CNOT 1 9
[8928] = Z 1
[8929] = CNOT 1 9
[8930] = CNOT 1 6
[8931] = CNOT 1 7
[8932] = CNOT 1 8
[8933] = S 1
[8934] = Z 1
[8935] = CNOT 1 7
[8936] = CNOT 1 9
[8937] = S 1
[8938] = CNOT 1 9
[8939] = CNOT 1 8
[8940] = CNOT 2 6
[8941] = CNOT 2 8
[8942] = S 2
[8943] = Z 2
[8944] = CNOT 2 8
[8945] = CNOT 2 9
[8946] = S 2
[8947] = Z 2
[8948] = CNOT 2 9
[8949] = CNOT 2 6
[8950] = CNOT 2 7
[8951] = CNOT 2 8
[8952] = S 2
[8953] = Z 2
[8954] = CNOT 2 8
[8955] = CNOT 2 9
[8956] = S 2
[8957] = Z 2
[8958] = CNOT 2 7
[8959] = CNOT 2 8
[8960] = Z 2
[8961] = CNOT 2 9
[8962] = CNOT 2 8
[8963] = CNOT 6 7
[8964] = CNOT 6 8
[8965] = S 6
[8966] = Z 6
[8967] = CNOT 6 8
[8968] = CNOT 6 9
[8969] = S 6
[8970] = Z 6
[8971] = CNOT 6 7
[8972] = CNOT 6 8
[8973] = Z 6
[8974] = CNOT 6 9
[8975] = CNOT 6 8
[8976] = CNOT 7 8
[8977] = CNOT 7 9
[8978] = Z 7
[8979] = CNOT 7 9
[8980] = CNOT 7 8
[8981] = CNOT 3 1
[8982] = H 8
[8983] = H 6
[8984] = H 7
[8985] = T 6
[8986] = T 8
[8987] = T 7
[8988] = CNOT 6 8
[8989] = T 6
[8990] = S 6
[8991] = CNOT 6 7
[8992] = T 6
[8993] = CNOT 6 8
[8994] = CNOT 6 7
[8995] = CNOT 7 8
[8996] = T 7
[8997] = S 7
[8998] = CNOT 7 8
[8999] = CNOT 6 7
[9000] = T 6
[9001] = S 6
[9002] = CNOT 6 7
[9003] = H 7
[9004] = CNOT 1 3
[9005] = CNOT 1 8
[9006] = T 1
[9007] = S 1
[9008] = Z 1
[9009] = CNOT 1 8
[9010] = CNOT 1 3
[9011] = CNOT 2 3
[9012] = CNOT 2 4
[9013] = CNOT 2 6
[9014] = CNOT 2 8
[9015] = T 2
[9016] = CNOT 2 8
[9017] = CNOT 2 6
[9018] = CNOT 2 4
[9019] = CNOT 2 3
[9020] = CNOT 1 2
[9021] = CNOT 1 4
[9022] = CNOT 1 6
[9023] = T 1
[9024] = CNOT 1 5
[9025] = T 1
[9026] = CNOT 1 6
[9027] = CNOT 1 4
[9028] = CNOT 1 2
[9029] = CNOT 2 3
[9030] = CNOT 2 4
[9031] = CNOT 2 5
[9032] = CNOT 2 6
[9033] = CNOT 2 8
[9034] = T 2
[9035] = CNOT 2 8
[9036] = CNOT 2 6
[9037] = CNOT 2 5
[9038] = CNOT 2 4
[9039] = CNOT 2 3
[9040] = CNOT 1 3
[9041] = CNOT 1 8
[9042] = T 1
[9043] = CNOT 1 8
[9044] = CNOT 1 5
[9045] = CNOT 1 3
[9046] = Z 1
[9047] = S 2
[9048] = S 3
[9049] = S 4
[9050] = S 5
[9051] = S 6
[9052] = S 8
[9053] = CNOT 1 2
[9054] = S 1
[9055] = Z 1
[9056] = CNOT 1 2
[9057] = CNOT 1 3
[9058] = S 1
[9059] = Z 1
[9060] = CNOT 1 3
[9061] = CNOT 1 4
[9062] = S 1
[9063] = Z 1
[9064] = CNOT 1 4
[9065] = CNOT 1 5
[9066] = S 1
[9067] = Z 1
[9068] = CNOT 1 5
[9069] = CNOT 1 6
[9070] = S 1
[9071] = Z 1
[9072] = CNOT 1 6
[9073] = CNOT 1 8
[9074] = S 1
[9075] = Z 1
[9076] = CNOT 1 8
[9077] = CNOT 2 3
[9078] = S 2
[9079] = CNOT 2 3
[9080] = CNOT 2 5
[9081] = S 2
[9082] = CNOT 2 5
[9083] = CNOT 2 8
[9084] = S 2
[9085] = CNOT 2 8
[9086] = CNOT 3 4
[9087] = S 3
[9088] = CNOT 3 4
[9089] = CNOT 3 6
[9090] = S 3
[9091] = CNOT 3 6
[9092] = CNOT 4 5
[9093] = S 4
[9094] = CNOT 4 5
[9095] = CNOT 4 8
[9096] = S 4
[9097] = CNOT 4 8
[9098] = CNOT 5 6
[9099] = S 5
[9100] = CNOT 5 6
[9101] = CNOT 6 8
[9102] = S 6
[9103] = CNOT 6 8
[9104] = CNOT 1 2
[9105] = CNOT 1 4
[9106] = S 1
[9107] = Z 1
[9108] = CNOT 1 4
[9109] = CNOT 1 6
[9110] = S 1
[9111] = Z 1
[9112] = CNOT 1 6
[9113] = CNOT 1 2
[9114] = CNOT 1 3
[9115] = CNOT 1 5
[9116] = S 1
[9117] = Z 1
[9118] = CNOT 1 5
[9119] = CNOT 1 3
[9120] = CNOT 1 4
[9121] = CNOT 1 6
[9122] = S 1
[9123] = Z 1
[9124] = CNOT 1 6
[9125] = CNOT 1 4
[9126] = CNOT 1 5
[9127] = CNOT 1 8
[9128] = S 1
[9129] = Z 1
[9130] = CNOT 1 5
[9131] = CNOT 2 3
[9132] = CNOT 2 4
[9133] = S 2
[9134] = Z 2
[9135] = CNOT 2 4
[9136] = CNOT 2 5
[9137] = S 2
[9138] = Z 2
[9139] = CNOT 2 5
[9140] = CNOT 2 6
[9141] = S 2
[9142] = Z 2
[9143] = CNOT 2 6
[9144] = CNOT 2 8
[9145] = S 2
[9146] = Z 2
[9147] = CNOT 2 8
[9148] = CNOT 2 3
[9149] = CNOT 2 4
[9150] = CNOT 2 5
[9151] = S 2
[9152] = Z 2
[9153] = CNOT 2 5
[9154] = CNOT 2 6
[9155] = Z 2
[9156] = CNOT 2 6
[9157] = CNOT 2 8
[9158] = S 2
[9159] = Z 2
[9160] = CNOT 2 8
[9161] = CNOT 2 4
[9162] = CNOT 2 5
[9163] = CNOT 2 6
[9164] = S 2
[9165] = Z 2
[9166] = CNOT 2 6
[9167] = CNOT 2 8
[9168] = S 2
[9169] = Z 2
[9170] = CNOT 2 5
[9171] = CNOT 2 6
[9172] = S 2
[9173] = Z 2
[9174] = CNOT 3 4
[9175] = CNOT 3 5
[9176] = S 3
[9177] = Z 3
[9178] = CNOT 3 5
[9179] = CNOT 3 6
[9180] = S 3
[9181] = Z 3
[9182] = CNOT 3 6
[9183] = CNOT 3 8
[9184] = S 3
[9185] = Z 3
[9186] = CNOT 3 8
[9187] = CNOT 3 4
[9188] = CNOT 3 5
[9189] = CNOT 3 6
[9190] = S 3
[9191] = Z 3
[9192] = CNOT 3 6
[9193] = CNOT 3 8
[9194] = Z 3
[9195] = CNOT 3 5
[9196] = CNOT 3 6
[9197] = S 3
[9198] = Z 3
[9199] = CNOT 3 8
[9200] = CNOT 3 6
[9201] = CNOT 4 5
[9202] = CNOT 4 6
[9203] = S 4
[9204] = Z 4
[9205] = CNOT 4 6
[9206] = CNOT 4 8
[9207] = S 4
[9208] = Z 4
[9209] = CNOT 4 5
[9210] = CNOT 4 6
[9211] = S 4
[9212] = Z 4
[9213] = CNOT 4 8
[9214] = CNOT 4 6
[9215] = CNOT 5 6
[9216] = CNOT 5 8
[9217] = S 5
[9218] = Z 5
[9219] = CNOT 5 8
[9220] = CNOT 5 6
[9221] = CNOT 7 8
[9222] = CNOT 3 7
[9223] = CNOT 2 7
[9224] = CNOT 1 7
[9225] = CNOT 7 6
[9226] = CNOT 4 3
[9227] = CNOT 4 2
[9228] = CNOT 8 1
[9229] = CNOT 6 1
[9230] = CNOT 3 1
[9231] = CNOT 2 1
[9232] = H 5
[9233] = CNOT 3 6
[9234] = T 3
[9235] = CNOT 3 6
[9236] = CNOT 4 5
[9237] = CNOT 4 6
[9238] = T 4
[9239] = CNOT 4 6
[9240] = CNOT 4 5
[9241] = CNOT 3 4
[9242] = CNOT 3 5
[9243] = T 3
[9244] = S 3
[9245] = Z 3
[9246] = CNOT 3 5
[9247] = Z 3
[9248] = CNOT 3 4
[9249] = CNOT 3 5
[9250] = Z 3
[9251] = CNOT 3 5
[9252] = CNOT 4 5
[9253] = Z 4
[9254] = CNOT 7 8
[9255] = CNOT 1 8
[9256] = CNOT 1 7
[9257] = CNOT 8 6
[9258] = CNOT 7 6
[9259] = CNOT 4 6
[9260] = CNOT 3 6
[9261] = CNOT 7 5
[9262] = CNOT 6 5
[9263] = CNOT 2 5
[9264] = CNOT 4 3
[9265] = H 6
[9266] = T 6
[9267] = Z 6
[9268] = CNOT 4 6
[9269] = T 4
[9270] = Z 4
[9271] = CNOT 4 6
[9272] = CNOT 3 4
[9273] = CNOT 3 6
[9274] = T 3
[9275] = S 3
[9276] = Z 3
[9277] = CNOT 3 4
[9278] = T 3
[9279] = S 3
[9280] = Z 3
[9281] = CNOT 3 6
[9282] = Z 3
[9283] = CNOT 3 4
[9284] = Z 3
[9285] = CNOT 3 4
[9286] = CNOT 4 3
[9287] = H 6
[9288] = CNOT 5 6
[9289] = CNOT 5 8
[9290] = T 5
[9291] = CNOT 5 8
[9292] = CNOT 5 6
[9293] = CNOT 1 2
[9294] = CNOT 1 3
[9295] = CNOT 1 4
[9296] = CNOT 1 6
[9297] = CNOT 1 7
[9298] = T 1
[9299] = CNOT 1 6
[9300] = CNOT 1 5
[9301] = CNOT 1 8
[9302] = T 1
[9303] = CNOT 1 8
[9304] = CNOT 1 7
[9305] = CNOT 1 5
[9306] = CNOT 1 4
[9307] = CNOT 1 3
[9308] = CNOT 1 2
[9309] = Z 1
[9310] = Z 2
[9311] = Z 3
[9312] = Z 4
[9313] = Z 5
[9314] = Z 7
[9315] = Z 8
[9316] = CNOT 1 2
[9317] = Z 1
[9318] = CNOT 1 2
[9319] = CNOT 1 3
[9320] = Z 1
[9321] = CNOT 1 3
[9322] = CNOT 1 4
[9323] = Z 1
[9324] = CNOT 1 4
[9325] = CNOT 1 5
[9326] = Z 1
[9327] = CNOT 1 5
[9328] = CNOT 1 7
[9329] = Z 1
[9330] = CNOT 1 7
[9331] = CNOT 1 8
[9332] = Z 1
[9333] = CNOT 1 8
[9334] = CNOT 2 3
[9335] = Z 2
[9336] = CNOT 2 3
[9337] = CNOT 2 4
[9338] = Z 2
[9339] = CNOT 2 4
[9340] = CNOT 2 5
[9341] = Z 2
[9342] = CNOT 2 5
[9343] = CNOT 2 7
[9344] = Z 2
[9345] = CNOT 2 7
[9346] = CNOT 2 8
[9347] = Z 2
[9348] = CNOT 2 8
[9349] = CNOT 3 4
[9350] = Z 3
[9351] = CNOT 3 4
[9352] = CNOT 3 5
[9353] = Z 3
[9354] = CNOT 3 5
[9355] = CNOT 3 7
[9356] = Z 3
[9357] = CNOT 3 7
[9358] = CNOT 3 8
[9359] = Z 3
[9360] = CNOT 3 8
[9361] = CNOT 4 5
[9362] = Z 4
[9363] = CNOT 4 5
[9364] = CNOT 4 7
[9365] = Z 4
[9366] = CNOT 4 7
[9367] = CNOT 4 8
[9368] = Z 4
[9369] = CNOT 4 8
[9370] = CNOT 5 7
[9371] = Z 5
[9372] = CNOT 5 7
[9373] = CNOT 5 8
[9374] = Z 5
[9375] = CNOT 5 8
[9376] = CNOT 7 8
[9377] = Z 7
[9378] = CNOT 7 8
[9379] = CNOT 1 2
[9380] = CNOT 1 3
[9381] = S 1
[9382] = Z 1
[9383] = CNOT 1 3
[9384] = CNOT 1 4
[9385] = S 1
[9386] = Z 1
[9387] = CNOT 1 4
[9388] = CNOT 1 5
[9389] = S 1
[9390] = Z 1
[9391] = CNOT 1 5
[9392] = CNOT 1 7
[9393] = S 1
[9394] = Z 1
[9395] = CNOT 1 7
[9396] = CNOT 1 8
[9397] = S 1
[9398] = Z 1
[9399] = CNOT 1 8
[9400] = CNOT 1 2
[9401] = CNOT 1 3
[9402] = CNOT 1 4
[9403] = S 1
[9404] = Z 1
[9405] = CNOT 1 4
[9406] = CNOT 1 5
[9407] = S 1
[9408] = Z 1
[9409] = CNOT 1 5
[9410] = CNOT 1 7
[9411] = S 1
[9412] = Z 1
[9413] = CNOT 1 7
[9414] = CNOT 1 8
[9415] = S 1
[9416] = Z 1
[9417] = CNOT 1 8
[9418] = CNOT 1 3
[9419] = CNOT 1 4
[9420] = CNOT 1 5
[9421] = S 1
[9422] = Z 1
[9423] = CNOT 1 5
[9424] = CNOT 1 7
[9425] = S 1
[9426] = Z 1
[9427] = CNOT 1 7
[9428] = CNOT 1 8
[9429] = S 1
[9430] = Z 1
[9431] = CNOT 1 8
[9432] = CNOT 1 4
[9433] = CNOT 1 5
[9434] = CNOT 1 7
[9435] = S 1
[9436] = Z 1
[9437] = CNOT 1 7
[9438] = CNOT 1 8
[9439] = S 1
[9440] = Z 1
[9441] = CNOT 1 5
[9442] = CNOT 1 7
[9443] = S 1
[9444] = Z 1
[9445] = CNOT 1 8
[9446] = CNOT 1 7
[9447] = CNOT 2 3
[9448] = CNOT 2 4
[9449] = S 2
[9450] = Z 2
[9451] = CNOT 2 4
[9452] = CNOT 2 5
[9453] = S 2
[9454] = Z 2
[9455] = CNOT 2 5
[9456] = CNOT 2 7
[9457] = S 2
[9458] = Z 2
[9459] = CNOT 2 7
[9460] = CNOT 2 8
[9461] = S 2
[9462] = Z 2
[9463] = CNOT 2 8
[9464] = CNOT 2 3
[9465] = CNOT 2 4
[9466] = CNOT 2 5
[9467] = S 2
[9468] = Z 2
[9469] = CNOT 2 5
[9470] = CNOT 2 7
[9471] = S 2
[9472] = Z 2
[9473] = CNOT 2 7
[9474] = CNOT 2 8
[9475] = S 2
[9476] = Z 2
[9477] = CNOT 2 8
[9478] = CNOT 2 4
[9479] = CNOT 2 5
[9480] = CNOT 2 7
[9481] = S 2
[9482] = Z 2
[9483] = CNOT 2 7
[9484] = CNOT 2 8
[9485] = S 2
[9486] = Z 2
[9487] = CNOT 2 5
[9488] = CNOT 2 7
[9489] = S 2
[9490] = Z 2
[9491] = CNOT 2 7
[9492] = CNOT 3 4
[9493] = CNOT 3 5
[9494] = S 3
[9495] = Z 3
[9496] = CNOT 3 5
[9497] = CNOT 3 7
[9498] = S 3
[9499] = Z 3
[9500] = CNOT 3 7
[9501] = CNOT 3 8
[9502] = S 3
[9503] = Z 3
[9504] = CNOT 3 8
[9505] = CNOT 3 4
[9506] = CNOT 3 5
[9507] = CNOT 3 7
[9508] = S 3
[9509] = Z 3
[9510] = CNOT 3 7
[9511] = CNOT 3 8
[9512] = S 3
[9513] = Z 3
[9514] = CNOT 3 5
[9515] = CNOT 3 7
[9516] = S 3
[9517] = Z 3
[9518] = CNOT 3 7
[9519] = CNOT 4 5
[9520] = CNOT 4 7
[9521] = S 4
[9522] = Z 4
[9523] = CNOT 4 7
[9524] = CNOT 4 8
[9525] = S 4
[9526] = Z 4
[9527] = CNOT 4 5
[9528] = CNOT 4 7
[9529] = S 4
[9530] = Z 4
[9531] = CNOT 4 7
[9532] = CNOT 5 7
[9533] = CNOT 5 8
[9534] = S 5
[9535] = Z 5
[9536] = CNOT 5 7
[9537] = CNOT 7 8
[9538] = CNOT 8 7
[9539] = CNOT 6 7
[9540] = CNOT 5 7
[9541] = CNOT 4 7
[9542] = CNOT 1 7
[9543] = CNOT 7 8
[9544] = CNOT 5 6
[9545] = CNOT 4 6
[9546] = CNOT 1 6
[9547] = CNOT 6 5
[9548] = CNOT 4 5
[9549] = CNOT 2 5
[9550] = CNOT 7 4
[9551] = CNOT 6 4
[9552] = CNOT 2 4
[9553] = CNOT 4 6
[9554] = CNOT 8 3
[9555] = CNOT 7 3
[9556] = CNOT 5 3
[9557] = CNOT 2 3
[9558] = CNOT 3 5
[9559] = CNOT 7 2
[9560] = CNOT 6 2
[9561] = CNOT 4 2
[9562] = CNOT 2 4
[9563] = CNOT 4 1
[9564] = H 5
[9565] = T 5
[9566] = Z 5
[9567] = CNOT 4 5
[9568] = T 4
[9569] = Z 4
[9570] = CNOT 4 5
[9571] = CNOT 3 4
[9572] = CNOT 3 5
[9573] = T 3
[9574] = S 3
[9575] = Z 3
[9576] = CNOT 3 4
[9577] = T 3
[9578] = S 3
[9579] = Z 3
[9580] = CNOT 3 5
[9581] = CNOT 1 6
[9582] = T 1
[9583] = CNOT 1 6
[9584] = CNOT 1 8
[9585] = T 1
[9586] = CNOT 6 8
[9587] = T 6
[9588] = S 6
[9589] = CNOT 6 8
[9590] = CNOT 2 7
[9591] = CNOT 2 8
[9592] = T 2
[9593] = CNOT 2 8
[9594] = CNOT 2 7
[9595] = CNOT 3 6
[9596] = CNOT 3 7
[9597] = T 3
[9598] = CNOT 3 7
[9599] = CNOT 3 6
[9600] = CNOT 1 6
[9601] = CNOT 1 7
[9602] = T 1
[9603] = CNOT 1 8
[9604] = CNOT 1 7
[9605] = Z 3
[9606] = Z 6
[9607] = Z 8
[9608] = CNOT 3 4
[9609] = Z 3
[9610] = CNOT 3 4
[9611] = CNOT 7 8
[9612] = CNOT 3 8
[9613] = CNOT 4 7
[9614] = CNOT 3 7
[9615] = CNOT 2 7
[9616] = CNOT 1 7
[9617] = CNOT 8 6
[9618] = CNOT 7 6
[9619] = CNOT 3 6
[9620] = CNOT 6 7
[9621] = CNOT 4 2
[9622] = CNOT 6 1
[9623] = H 5
[9624] = H 7
[9625] = T 7
[9626] = Z 7
[9627] = CNOT 7 8
[9628] = T 7
[9629] = Z 7
[9630] = CNOT 7 8
[9631] = CNOT 6 7
[9632] = CNOT 6 8
[9633] = T 6
[9634] = S 6
[9635] = Z 6
[9636] = CNOT 6 8
[9637] = T 6
[9638] = S 6
[9639] = Z 6
[9640] = CNOT 6 7
[9641] = Z 5
[9642] = Z 6
[9643] = CNOT 6 8
[9644] = Z 6
[9645] = CNOT 6 8
[9646] = CNOT 8 6
[9647] = H 7
[9648] = H 6
[9649] = H 8
[9650] = T 6
[9651] = CNOT 2 7
[9652] = T 2
[9653] = S 2
[9654] = CNOT 2 6
[9655] = T 2
[9656] = CNOT 2 7
[9657] = CNOT 2 6
[9658] = CNOT 6 7
[9659] = T 6
[9660] = S 6
[9661] = CNOT 6 7
[9662] = CNOT 2 6
[9663] = T 2
[9664] = S 2
[9665] = CNOT 2 6
[9666] = T 8
[9667] = CNOT 3 7
[9668] = T 3
[9669] = S 3
[9670] = CNOT 3 8
[9671] = T 3
[9672] = CNOT 3 7
[9673] = CNOT 7 8
[9674] = T 7
[9675] = S 7
[9676] = CNOT 7 8
[9677] = T 3
[9678] = S 3
[9679] = CNOT 3 8
[9680] = CNOT 4 7
[9681] = T 4
[9682] = CNOT 4 7
[9683] = S 7
[9684] = CNOT 7 4
[9685] = H 6
[9686] = H 8
[9687] = H 3
[9688] = H 2
[9689] = T 4
[9690] = S 4
[9691] = Z 4
[9692] = CNOT 3 4
[9693] = T 3
[9694] = Z 3
[9695] = CNOT 3 4
[9696] = CNOT 1 3
[9697] = CNOT 1 4
[9698] = T 1
[9699] = S 1
[9700] = Z 1
[9701] = CNOT 1 4
[9702] = T 1
[9703] = S 1
[9704] = Z 1
[9705] = CNOT 1 3
[9706] = CNOT 4 5
[9707] = CNOT 4 6
[9708] = CNOT 4 10
[9709] = T 4
[9710] = CNOT 4 5
[9711] = T 4
[9712] = S 4
[9713] = Z 4
[9714] = CNOT 4 10
[9715] = CNOT 4 6
[9716] = CNOT 5 10
[9717] = T 5
[9718] = S 5
[9719] = CNOT 5 10
[9720] = CNOT 4 8
[9721] = T 4
[9722] = CNOT 4 8
[9723] = T 2
[9724] = S 3
[9725] = Z 3
[9726] = Z 5
[9727] = Z 6
[9728] = Z 10
[9729] = CNOT 1 4
[9730] = S 1
[9731] = CNOT 1 4
[9732] = CNOT 4 5
[9733] = Z 4
[9734] = CNOT 4 5
[9735] = CNOT 4 6
[9736] = S 4
[9737] = Z 4
[9738] = CNOT 4 6
[9739] = CNOT 4 10
[9740] = Z 4
[9741] = CNOT 4 10
[9742] = CNOT 5 6
[9743] = Z 5
[9744] = CNOT 5 6
[9745] = CNOT 6 10
[9746] = Z 6
[9747] = CNOT 6 10
[9748] = CNOT 4 5
[9749] = CNOT 4 6
[9750] = S 4
[9751] = Z 4
[9752] = CNOT 4 6
[9753] = CNOT 4 5
[9754] = CNOT 6 5
[9755] = CNOT 8 4
[9756] = CNOT 6 4
[9757] = CNOT 4 1
[9758] = H 10
[9759] = H 1
[9760] = CNOT 7 9
[9761] = CNOT 7 10
[9762] = T 7
[9763] = CNOT 7 10
[9764] = T 7
[9765] = S 7
[9766] = CNOT 7 9
[9767] = CNOT 9 10
[9768] = T 9
[9769] = S 9
[9770] = CNOT 9 10
[9771] = T 1
[9772] = T 7
[9773] = S 10
[9774] = CNOT 7 10
[9775] = S 7
[9776] = H 9
[9777] = T 9
[9778] = CNOT 8 9
[9779] = T 8
[9780] = S 8
[9781] = CNOT 8 9
[9782] = CNOT 1 8
[9783] = CNOT 1 9
[9784] = T 1
[9785] = CNOT 1 9
[9786] = T 1
[9787] = S 1
[9788] = CNOT 1 8
[9789] = CNOT 1 9
[9790] = T 1
[9791] = S 1
[9792] = CNOT 1 9
[9793] = T 8
[9794] = H 1
[9795] = H 9
[9796] = CNOT 7 9
[9797] = T 7
[9798] = Z 7
[9799] = CNOT 7 10
[9800] = T 7
[9801] = S 7
[9802] = Z 7
[9803] = CNOT 7 9
[9804] = CNOT 9 10
[9805] = T 9
[9806] = S 9
[9807] = Z 9
[9808] = CNOT 9 10
[9809] = T 1
[9810] = S 1
[9811] = CNOT 1 4
[9812] = T 1
[9813] = S 1
[9814] = CNOT 1 3
[9815] = T 1
[9816] = CNOT 1 4
[9817] = CNOT 1 3
[9818] = CNOT 3 4
[9819] = T 3
[9820] = S 3
[9821] = CNOT 3 4
[9822] = CNOT 1 3
[9823] = T 1
[9824] = S 1
[9825] = CNOT 1 3
[9826] = T 4
[9827] = T 7
[9828] = Z 7
[9829] = S 9
[9830] = Z 9
[9831] = Z 10
[9832] = H 10
[9833] = H 3
[9834] = CNOT 1 3
[9835] = CNOT 1 9
[9836] = T 1
[9837] = CNOT 1 3
[9838] = CNOT 3 9
[9839] = T 3
[9840] = S 3
[9841] = CNOT 3 9
[9842] = T 1
[9843] = S 1
[9844] = CNOT 1 9
[9845] = S 3
[9846] = S 6
[9847] = Z 6
[9848] = S 10
[9849] = CNOT 1 3
[9850] = S 1
[9851] = CNOT 1 3
[9852] = CNOT 5 6
[9853] = S 5
[9854] = CNOT 5 6
[9855] = CNOT 5 10
[9856] = S 5
[9857] = Z 5
[9858] = CNOT 6 10
[9859] = S 6
[9860] = CNOT 6 10
[9861] = CNOT 5 6
[9862] = S 5
[9863] = Z 5
[9864] = CNOT 5 10
[9865] = CNOT 5 6
[9866] = CNOT 3 1
[9867] = H 9
[9868] = H 10
[9869] = T 9
[9870] = CNOT 4 9
[9871] = T 4
[9872] = S 4
[9873] = CNOT 4 9
[9874] = CNOT 2 4
[9875] = CNOT 2 9
[9876] = T 2
[9877] = CNOT 2 9
[9878] = T 2
[9879] = S 2
[9880] = CNOT 2 4
[9881] = CNOT 2 9
[9882] = T 2
[9883] = S 2
[9884] = CNOT 2 9
[9885] = CNOT 7 10
[9886] = T 7
[9887] = S 7
[9888] = CNOT 7 10
[9889] = T 4
[9890] = T 2
[9891] = Z 7
[9892] = S 10
[9893] = Z 10
[9894] = CNOT 7 10
[9895] = H 9
[9896] = CNOT 3 9
[9897] = T 3
[9898] = Z 3
[9899] = CNOT 3 9
[9900] = CNOT 1 3
[9901] = CNOT 1 9
[9902] = T 1
[9903] = S 1
[9904] = Z 1
[9905] = CNOT 1 3
[9906] = T 1
[9907] = S 1
[9908] = Z 1
[9909] = CNOT 1 9
[9910] = CNOT 7 9
[9911] = T 7
[9912] = Z 7
[9913] = CNOT 7 10
[9914] = T 7
[9915] = S 7
[9916] = Z 7
[9917] = CNOT 7 9
[9918] = CNOT 9 10
[9919] = T 9
[9920] = S 9
[9921] = Z 9
[9922] = CNOT 9 10
[9923] = T 7
[9924] = Z 7
[9925] = CNOT 7 10
[9926] = T 7
[9927] = S 7
[9928] = Z 7
[9929] = CNOT 1 3
[9930] = T 1
[9931] = Z 1
[9932] = CNOT 1 3
[9933] = Z 1
[9934] = S 9
[9935] = Z 10
[9936] = CNOT 3 1
[9937] = H 9
[9938] = H 1
[9939] = T 9
[9940] = T 1
[9941] = CNOT 8 9
[9942] = T 8
[9943] = S 8
[9944] = CNOT 8 9
[9945] = CNOT 1 8
[9946] = CNOT 1 9
[9947] = T 1
[9948] = CNOT 1 9
[9949] = T 1
[9950] = S 1
[9951] = CNOT 1 8
[9952] = CNOT 1 9
[9953] = T 1
[9954] = S 1
[9955] = CNOT 1 9
[9956] = H 1
[9957] = H 9
[9958] = CNOT 7 9
[9959] = T 7
[9960] = Z 7
[9961] = CNOT 7 10
[9962] = T 7
[9963] = S 7
[9964] = Z 7
[9965] = CNOT 7 9
[9966] = CNOT 9 10
[9967] = T 9
[9968] = S 9
[9969] = Z 9
[9970] = CNOT 9 10
[9971] = CNOT 1 3
[9972] = CNOT 1 9
[9973] = T 1
[9974] = CNOT 1 3
[9975] = CNOT 3 9
[9976] = T 3
[9977] = S 3
[9978] = CNOT 3 9
[9979] = T 1
[9980] = S 1
[9981] = CNOT 1 9
[9982] = T 3
[9983] = S 1
[9984] = S 9
[9985] = Z 9
[9986] = Z 10
[9987] = CNOT 1 3
[9988] = S 1
[9989] = CNOT 1 3
[9990] = Z 7
[9991] = CNOT 3 1
[9992] = H 10
[9993] = H 9
[9994] = CNOT 6 10
[9995] = T 6
[9996] = Z 6
[9997] = CNOT 6 10
[9998] = CNOT 5 6
[9999] = CNOT 5 10
[10000] = T 5
[10001] = S 5
[10002] = Z 5
[10003] = CNOT 5 6
[10004] = T 5
[10005] = S 5
[10006] = Z 5
[10007] = CNOT 5 10
[10008] = T 9
[10009] = CNOT 4 9
[10010] = T 4
[10011] = S 4
[10012] = CNOT 4 9
[10013] = CNOT 2 4
[10014] = CNOT 2 9
[10015] = T 2
[10016] = CNOT 2 9
[10017] = T 2
[10018] = S 2
[10019] = CNOT 2 4
[10020] = CNOT 2 9
[10021] = T 2
[10022] = S 2
[10023] = CNOT 2 9
[10024] = CNOT 1 4
[10025] = CNOT 1 7
[10026] = T 1
[10027] = CNOT 1 7
[10028] = CNOT 1 4
[10029] = Z 5
[10030] = S 10
[10031] = Z 10
[10032] = CNOT 5 6
[10033] = Z 5
[10034] = CNOT 5 6
[10035] = CNOT 6 5
[10036] = CNOT 8 4
[10037] = CNOT 7 4
[10038] = CNOT 6 4
[10039] = CNOT 8 1
[10040] = CNOT 7 1
[10041] = CNOT 6 1
[10042] = CNOT 4 1
[10043] = H 2
[10044] = H 9
[10045] = H 8
[10046] = H 6
[10047] = H 5
[10048] = T 5
[10049] = CNOT 1 3
[10050] = CNOT 1 9
[10051] = T 1
[10052] = S 1
[10053] = Z 1
[10054] = CNOT 1 3
[10055] = CNOT 2 6
[10056] = T 2
[10057] = S 2
[10058] = CNOT 2 6
[10059] = CNOT 6 7
[10060] = T 6
[10061] = S 6
[10062] = CNOT 6 7
[10063] = CNOT 3 8
[10064] = CNOT 3 9
[10065] = T 3
[10066] = S 3
[10067] = Z 3
[10068] = CNOT 1 7
[10069] = T 1
[10070] = S 1
[10071] = Z 1
[10072] = CNOT 1 8
[10073] = T 1
[10074] = CNOT 1 7
[10075] = CNOT 3 7
[10076] = T 3
[10077] = CNOT 3 8
[10078] = T 1
[10079] = S 1
[10080] = Z 1
[10081] = CNOT 1 9
[10082] = CNOT 1 8
[10083] = T 2
[10084] = T 3
[10085] = S 3
[10086] = Z 3
[10087] = CNOT 3 9
[10088] = CNOT 3 7
[10089] = T 6
[10090] = CNOT 2 7
[10091] = T 2
[10092] = S 2
[10093] = CNOT 2 6
[10094] = T 2
[10095] = CNOT 2 7
[10096] = CNOT 2 6
[10097] = Z 3
[10098] = Z 7
[10099] = Z 8
[10100] = Z 9
[10101] = CNOT 1 3
[10102] = Z 1
[10103] = CNOT 1 3
[10104] = CNOT 1 7
[10105] = Z 1
[10106] = CNOT 1 7
[10107] = CNOT 1 8
[10108] = Z 1
[10109] = CNOT 1 8
[10110] = CNOT 1 9
[10111] = Z 1
[10112] = CNOT 1 9
[10113] = CNOT 3 7
[10114] = Z 3
[10115] = CNOT 3 7
[10116] = CNOT 3 8
[10117] = Z 3
[10118] = CNOT 3 8
[10119] = CNOT 3 9
[10120] = S 3
[10121] = CNOT 3 9
[10122] = CNOT 7 8
[10123] = Z 7
[10124] = CNOT 7 8
[10125] = CNOT 7 9
[10126] = S 7
[10127] = CNOT 8 9
[10128] = S 8
[10129] = CNOT 8 9
[10130] = CNOT 7 8
[10131] = S 7
[10132] = Z 7
[10133] = CNOT 7 9
[10134] = CNOT 7 8
[10135] = CNOT 3 1
[10136] = H 8
[10137] = H 6
[10138] = H 7
[10139] = T 6
[10140] = T 8
[10141] = T 7
[10142] = CNOT 6 8
[10143] = T 6
[10144] = S 6
[10145] = CNOT 6 7
[10146] = T 6
[10147] = CNOT 6 8
[10148] = CNOT 6 7
[10149] = CNOT 7 8
[10150] = T 7
[10151] = S 7
[10152] = CNOT 7 8
[10153] = CNOT 6 7
[10154] = T 6
[10155] = S 6
[10156] = CNOT 6 7
[10157] = H 7
[10158] = CNOT 1 3
[10159] = CNOT 1 8
[10160] = T 1
[10161] = S 1
[10162] = Z 1
[10163] = CNOT 1 8
[10164] = CNOT 1 3
[10165] = CNOT 2 3
[10166] = CNOT 2 4
[10167] = CNOT 2 6
[10168] = CNOT 2 8
[10169] = T 2
[10170] = CNOT 2 8
[10171] = CNOT 2 6
[10172] = CNOT 2 4
[10173] = CNOT 2 3
[10174] = CNOT 1 2
[10175] = CNOT 1 4
[10176] = CNOT 1 6
[10177] = T 1
[10178] = CNOT 1 5
[10179] = T 1
[10180] = CNOT 1 6
[10181] = CNOT 1 4
[10182] = CNOT 1 2
[10183] = CNOT 2 3
[10184] = CNOT 2 4
[10185] = CNOT 2 5
[10186] = CNOT 2 6
[10187] = CNOT 2 8
[10188] = T 2
[10189] = CNOT 2 8
[10190] = CNOT 2 6
[10191] = CNOT 2 5
[10192] = CNOT 2 4
[10193] = CNOT 2 3
[10194] = CNOT 1 3
[10195] = CNOT 1 8
[10196] = T 1
[10197] = CNOT 1 8
[10198] = CNOT 1 5
[10199] = CNOT 1 3
[10200] = Z 1
[10201] = S 2
[10202] = S 3
[10203] = S 4
[10204] = S 5
[10205] = S 6
[10206] = S 8
[10207] = CNOT 1 2
[10208] = S 1
[10209] = Z 1
[10210] = CNOT 1 2
[10211] = CNOT 1 3
[10212] = S 1
[10213] = Z 1
[10214] = CNOT 1 3
[10215] = CNOT 1 4
[10216] = S 1
[10217] = Z 1
[10218] = CNOT 1 4
[10219] = CNOT 1 5
[10220] = S 1
[10221] = Z 1
[10222] = CNOT 1 5
[10223] = CNOT 1 6
[10224] = S 1
[10225] = Z 1
[10226] = CNOT 1 6
[10227] = CNOT 1 8
[10228] = S 1
[10229] = Z 1
[10230] = CNOT 1 8
[10231] = CNOT 2 3
[10232] = S 2
[10233] = CNOT 2 3
[10234] = CNOT 2 5
[10235] = S 2
[10236] = CNOT 2 5
[10237] = CNOT 2 8
[10238] = S 2
[10239] = CNOT 2 8
[10240] = CNOT 3 4
[10241] = S 3
[10242] = CNOT 3 4
[10243] = CNOT 3 6
[10244] = S 3
[10245] = CNOT 3 6
[10246] = CNOT 4 5
[10247] = S 4
[10248] = CNOT 4 5
[10249] = CNOT 4 8
[10250] = S 4
[10251] = CNOT 4 8
[10252] = CNOT 5 6
[10253] = S 5
[10254] = CNOT 5 6
[10255] = CNOT 6 8
[10256] = S 6
[10257] = CNOT 6 8
[10258] = CNOT 1 2
[10259] = CNOT 1 4
[10260] = S 1
[10261] = Z 1
[10262] = CNOT 1 4
[10263] = CNOT 1 6
[10264] = S 1
[10265] = Z 1
[10266] = CNOT 1 6
[10267] = CNOT 1 2
[10268] = CNOT 1 3
[10269] = CNOT 1 5
[10270] = S 1
[10271] = Z 1
[10272] = CNOT 1 5
[10273] = CNOT 1 3
[10274] = CNOT 1 4
[10275] = CNOT 1 6
[10276] = S 1
[10277] = Z 1
[10278] = CNOT 1 6
[10279] = CNOT 1 4
[10280] = CNOT 1 5
[10281] = CNOT 1 8
[10282] = S 1
[10283] = Z 1
[10284] = CNOT 1 5
[10285] = CNOT 2 3
[10286] = CNOT 2 4
[10287] = S 2
[10288] = Z 2
[10289] = CNOT 2 4
[10290] = CNOT 2 5
[10291] = S 2
[10292] = Z 2
[10293] = CNOT 2 5
[10294] = CNOT 2 6
[10295] = S 2
[10296] = Z 2
[10297] = CNOT 2 6
[10298] = CNOT 2 8
[10299] = S 2
[10300] = Z 2
[10301] = CNOT 2 8
[10302] = CNOT 2 3
[10303] = CNOT 2 4
[10304] = CNOT 2 5
[10305] = S 2
[10306] = Z 2
[10307] = CNOT 2 5
[10308] = CNOT 2 6
[10309] = Z 2
[10310] = CNOT 2 6
[10311] = CNOT 2 8
[10312] = S 2
[10313] = Z 2
[10314] = CNOT 2 8
[10315] = CNOT 2 4
[10316] = CNOT 2 5
[10317] = CNOT 2 6
[10318] = S 2
[10319] = Z 2
[10320] = CNOT 2 6
[10321] = CNOT 2 8
[10322] = S 2
[10323] = Z 2
[10324] = CNOT 2 5
[10325] = CNOT 2 6
[10326] = S 2
[10327] = Z 2
[10328] = CNOT 2 6
[10329] = CNOT 3 4
[10330] = CNOT 3 5
[10331] = S 3
[10332] = Z 3
[10333] = CNOT 3 5
[10334] = CNOT 3 6
[10335] = S 3
[10336] = Z 3
[10337] = CNOT 3 6
[10338] = CNOT 3 8
[10339] = S 3
[10340] = Z 3
[10341] = CNOT 3 8
[10342] = CNOT 3 4
[10343] = CNOT 3 5
[10344] = CNOT 3 6
[10345] = S 3
[10346] = Z 3
[10347] = CNOT 3 6
[10348] = CNOT 3 8
[10349] = Z 3
[10350] = CNOT 3 5
[10351] = CNOT 3 6
[10352] = S 3
[10353] = Z 3
[10354] = CNOT 3 8
[10355] = CNOT 3 6
[10356] = CNOT 4 5
[10357] = CNOT 4 6
[10358] = S 4
[10359] = Z 4
[10360] = CNOT 4 6
[10361] = CNOT 4 8
[10362] = S 4
[10363] = Z 4
[10364] = CNOT 4 5
[10365] = CNOT 4 6
[10366] = S 4
[10367] = Z 4
[10368] = CNOT 4 8
[10369] = CNOT 4 6
[10370] = CNOT 5 6
[10371] = CNOT 5 8
[10372] = S 5
[10373] = Z 5
[10374] = CNOT 5 8
[10375] = CNOT 5 6
[10376] = CNOT 8 7
[10377] = CNOT 6 7
[10378] = CNOT 4 7
[10379] = CNOT 7 8
[10380] = CNOT 8 6
[10381] = CNOT 7 6
[10382] = CNOT 4 6
[10383] = CNOT 3 6
[10384] = CNOT 2 6
[10385] = CNOT 1 6
[10386] = CNOT 6 7
[10387] = CNOT 4 3
[10388] = CNOT 4 2
[10389] = CNOT 3 1
[10390] = H 5
[10391] = H 6
[10392] = CNOT 3 5
[10393] = CNOT 3 8
[10394] = T 3
[10395] = S 3
[10396] = Z 3
[10397] = CNOT 3 8
[10398] = CNOT 3 5
[10399] = CNOT 2 4
[10400] = CNOT 2 5
[10401] = T 2
[10402] = S 2
[10403] = Z 2
[10404] = CNOT 2 5
[10405] = T 6
[10406] = Z 6
[10407] = CNOT 2 3
[10408] = CNOT 2 8
[10409] = T 2
[10410] = CNOT 2 6
[10411] = T 2
[10412] = CNOT 2 8
[10413] = CNOT 2 3
[10414] = CNOT 2 5
[10415] = T 2
[10416] = CNOT 2 6
[10417] = CNOT 2 5
[10418] = CNOT 2 4
[10419] = CNOT 3 5
[10420] = CNOT 3 6
[10421] = CNOT 3 8
[10422] = T 3
[10423] = CNOT 3 8
[10424] = CNOT 3 6
[10425] = CNOT 3 5
[10426] = CNOT 1 2
[10427] = CNOT 1 3
[10428] = CNOT 1 5
[10429] = CNOT 1 7
[10430] = CNOT 1 8
[10431] = T 1
[10432] = CNOT 1 8
[10433] = CNOT 1 5
[10434] = CNOT 1 3
[10435] = CNOT 1 2
[10436] = CNOT 2 5
[10437] = CNOT 2 8
[10438] = T 2
[10439] = S 2
[10440] = Z 2
[10441] = CNOT 2 8
[10442] = CNOT 2 5
[10443] = Z 2
[10444] = Z 3
[10445] = Z 4
[10446] = Z 5
[10447] = Z 8
[10448] = Z 1
[10449] = CNOT 2 3
[10450] = S 2
[10451] = Z 2
[10452] = CNOT 2 3
[10453] = CNOT 2 4
[10454] = Z 2
[10455] = CNOT 2 4
[10456] = CNOT 2 5
[10457] = S 2
[10458] = CNOT 2 5
[10459] = CNOT 2 6
[10460] = S 2
[10461] = Z 2
[10462] = CNOT 2 6
[10463] = CNOT 2 8
[10464] = S 2
[10465] = CNOT 2 8
[10466] = CNOT 3 4
[10467] = S 3
[10468] = Z 3
[10469] = CNOT 3 4
[10470] = CNOT 3 5
[10471] = S 3
[10472] = Z 3
[10473] = CNOT 3 5
[10474] = CNOT 3 6
[10475] = S 3
[10476] = Z 3
[10477] = CNOT 3 6
[10478] = CNOT 3 7
[10479] = Z 3
[10480] = CNOT 3 7
[10481] = CNOT 3 8
[10482] = Z 3
[10483] = CNOT 3 8
[10484] = CNOT 4 5
[10485] = S 4
[10486] = Z 4
[10487] = CNOT 4 5
[10488] = CNOT 4 6
[10489] = S 4
[10490] = Z 4
[10491] = CNOT 4 6
[10492] = CNOT 4 8
[10493] = S 4
[10494] = Z 4
[10495] = CNOT 4 8
[10496] = CNOT 5 6
[10497] = Z 5
[10498] = CNOT 5 6
[10499] = CNOT 5 8
[10500] = S 5
[10501] = CNOT 5 8
[10502] = CNOT 6 8
[10503] = S 6
[10504] = Z 6
[10505] = CNOT 6 8
[10506] = CNOT 1 3
[10507] = S 1
[10508] = CNOT 1 7
[10509] = CNOT 1 3
[10510] = CNOT 2 3
[10511] = CNOT 2 4
[10512] = S 2
[10513] = Z 2
[10514] = CNOT 2 4
[10515] = CNOT 2 8
[10516] = S 2
[10517] = Z 2
[10518] = CNOT 2 8
[10519] = CNOT 2 3
[10520] = CNOT 2 4
[10521] = CNOT 2 6
[10522] = S 2
[10523] = Z 2
[10524] = CNOT 2 6
[10525] = CNOT 2 8
[10526] = S 2
[10527] = Z 2
[10528] = CNOT 2 8
[10529] = CNOT 2 4
[10530] = CNOT 2 5
[10531] = CNOT 2 6
[10532] = S 2
[10533] = Z 2
[10534] = CNOT 2 6
[10535] = CNOT 2 5
[10536] = CNOT 3 4
[10537] = CNOT 3 8
[10538] = S 3
[10539] = Z 3
[10540] = CNOT 3 8
[10541] = CNOT 3 4
[10542] = CNOT 3 5
[10543] = CNOT 3 6
[10544] = S 3
[10545] = Z 3
[10546] = CNOT 3 5
[10547] = CNOT 3 8
[10548] = S 3
[10549] = Z 3
[10550] = CNOT 3 6
[10551] = CNOT 4 5
[10552] = CNOT 4 6
[10553] = S 4
[10554] = Z 4
[10555] = CNOT 4 6
[10556] = CNOT 4 5
[10557] = CNOT 5 6
[10558] = CNOT 5 8
[10559] = S 5
[10560] = Z 5
[10561] = CNOT 5 8
[10562] = CNOT 5 6
[10563] = CNOT 4 8
[10564] = CNOT 2 8
[10565] = CNOT 1 8
[10566] = CNOT 8 7
[10567] = CNOT 3 7
[10568] = CNOT 2 7
[10569] = CNOT 8 5
[10570] = CNOT 7 5
[10571] = CNOT 5 7
[10572] = CNOT 8 4
[10573] = CNOT 7 4
[10574] = CNOT 2 4
[10575] = CNOT 4 7
[10576] = CNOT 7 3
[10577] = CNOT 5 3
[10578] = CNOT 4 3
[10579] = CNOT 2 3
[10580] = CNOT 8 2
[10581] = CNOT 7 2
[10582] = CNOT 4 2
[10583] = CNOT 2 4
[10584] = CNOT 8 1
[10585] = CNOT 5 1
[10586] = CNOT 3 1
[10587] = CNOT 1 3
[10588] = H 6
[10589] = CNOT 4 6
[10590] = CNOT 2 6
[10591] = CNOT 1 6
[10592] = CNOT 8 2
[10593] = H 4
[10594] = T 4
[10595] = Z 4
[10596] = CNOT 4 7
[10597] = T 4
[10598] = Z 4
[10599] = CNOT 4 7
[10600] = CNOT 3 4
[10601] = CNOT 3 7
[10602] = T 3
[10603] = S 3
[10604] = Z 3
[10605] = CNOT 3 7
[10606] = T 3
[10607] = S 3
[10608] = Z 3
[10609] = CNOT 3 4
[10610] = Z 3
[10611] = CNOT 3 7
[10612] = Z 3
[10613] = CNOT 3 7
[10614] = CNOT 7 3
[10615] = CNOT 7 2
[10616] = H 4
[10617] = H 2
[10618] = T 4
[10619] = T 2
[10620] = CNOT 3 4
[10621] = T 3
[10622] = S 3
[10623] = CNOT 3 4
[10624] = CNOT 2 3
[10625] = CNOT 2 4
[10626] = T 2
[10627] = CNOT 2 3
[10628] = T 2
[10629] = S 2
[10630] = CNOT 2 4
[10631] = CNOT 2 3
[10632] = T 2
[10633] = S 2
[10634] = CNOT 2 3
[10635] = CNOT 4 3
[10636] = H 2
[10637] = CNOT 1 6
[10638] = T 1
[10639] = CNOT 1 6
[10640] = CNOT 1 2
[10641] = CNOT 1 8
[10642] = T 1
[10643] = CNOT 1 2
[10644] = CNOT 2 6
[10645] = CNOT 2 8
[10646] = T 2
[10647] = S 2
[10648] = Z 2
[10649] = CNOT 2 6
[10650] = CNOT 2 7
[10651] = T 2
[10652] = CNOT 2 8
[10653] = CNOT 2 3
[10654] = CNOT 2 6
[10655] = T 2
[10656] = CNOT 2 7
[10657] = CNOT 2 3
[10658] = CNOT 1 6
[10659] = CNOT 1 7
[10660] = T 1
[10661] = CNOT 1 8
[10662] = CNOT 1 7
[10663] = CNOT 1 6
[10664] = Z 2
[10665] = CNOT 2 6
[10666] = CNOT 2 8
[10667] = Z 2
[10668] = CNOT 2 8
[10669] = CNOT 6 8
[10670] = Z 6
[10671] = CNOT 6 8
[10672] = CNOT 7 8
[10673] = CNOT 3 8
[10674] = CNOT 8 7
[10675] = CNOT 4 7
[10676] = CNOT 2 7
[10677] = CNOT 1 7
[10678] = CNOT 8 6
[10679] = CNOT 7 6
[10680] = CNOT 3 6
[10681] = CNOT 1 6
[10682] = CNOT 6 7
[10683] = CNOT 8 2
[10684] = CNOT 4 2
[10685] = CNOT 3 2
[10686] = CNOT 6 1
[10687] = H 7
[10688] = T 7
[10689] = Z 7
[10690] = CNOT 7 8
[10691] = T 7
[10692] = Z 7
[10693] = CNOT 7 8
[10694] = CNOT 6 7
[10695] = CNOT 6 8
[10696] = T 6
[10697] = S 6
[10698] = Z 6
[10699] = CNOT 6 8
[10700] = T 6
[10701] = S 6
[10702] = Z 6
[10703] = CNOT 6 7
[10704] = Z 6
[10705] = CNOT 6 8
[10706] = Z 6
[10707] = CNOT 6 8
[10708] = CNOT 8 6
[10709] = H 7
[10710] = H 6
[10711] = H 8
[10712] = T 6
[10713] = CNOT 2 7
[10714] = T 2
[10715] = S 2
[10716] = CNOT 2 6
[10717] = T 2
[10718] = CNOT 2 7
[10719] = CNOT 2 6
[10720] = CNOT 6 7
[10721] = T 6
[10722] = S 6
[10723] = CNOT 6 7
[10724] = CNOT 2 6
[10725] = T 2
[10726] = S 2
[10727] = CNOT 2 6
[10728] = T 8
[10729] = CNOT 3 7
[10730] = T 3
[10731] = S 3
[10732] = CNOT 3 8
[10733] = T 3
[10734] = CNOT 3 7
[10735] = CNOT 7 8
[10736] = T 7
[10737] = S 7
[10738] = CNOT 7 8
[10739] = T 3
[10740] = S 3
[10741] = CNOT 3 8
[10742] = CNOT 4 7
[10743] = T 4
[10744] = CNOT 4 7
[10745] = S 7
[10746] = CNOT 7 4
[10747] = H 6
[10748] = H 8
[10749] = H 3
[10750] = H 2
[10751] = T 4
[10752] = S 4
[10753] = Z 4
[10754] = CNOT 3 4
[10755] = T 3
[10756] = Z 3
[10757] = CNOT 3 4
[10758] = CNOT 1 3
[10759] = CNOT 1 4
[10760] = T 1
[10761] = S 1
[10762] = Z 1
[10763] = CNOT 1 4
[10764] = T 1
[10765] = S 1
[10766] = Z 1
[10767] = CNOT 1 3
[10768] = CNOT 4 5
[10769] = CNOT 4 6
[10770] = CNOT 4 10
[10771] = T 4
[10772] = CNOT 4 5
[10773] = T 4
[10774] = S 4
[10775] = Z 4
[10776] = CNOT 4 10
[10777] = CNOT 4 6
[10778] = CNOT 5 10
[10779] = T 5
[10780] = S 5
[10781] = CNOT 5 10
[10782] = CNOT 4 8
[10783] = T 4
[10784] = CNOT 4 8
[10785] = T 2
[10786] = S 3
[10787] = Z 3
[10788] = Z 5
[10789] = Z 6
[10790] = Z 10
[10791] = CNOT 1 4
[10792] = S 1
[10793] = CNOT 1 4
[10794] = CNOT 4 5
[10795] = Z 4
[10796] = CNOT 4 5
[10797] = CNOT 4 6
[10798] = S 4
[10799] = Z 4
[10800] = CNOT 4 6
[10801] = CNOT 4 10
[10802] = Z 4
[10803] = CNOT 4 10
[10804] = CNOT 5 6
[10805] = Z 5
[10806] = CNOT 5 6
[10807] = CNOT 6 10
[10808] = Z 6
[10809] = CNOT 6 10
[10810] = CNOT 4 5
[10811] = CNOT 4 6
[10812] = S 4
[10813] = Z 4
[10814] = CNOT 4 6
[10815] = CNOT 4 5
[10816] = CNOT 6 5
[10817] = CNOT 8 4
[10818] = CNOT 6 4
[10819] = CNOT 4 1
[10820] = H 10
[10821] = H 1
[10822] = CNOT 7 9
[10823] = CNOT 7 10
[10824] = T 7
[10825] = CNOT 7 10
[10826] = T 7
[10827] = S 7
[10828] = CNOT 7 9
[10829] = CNOT 9 10
[10830] = T 9
[10831] = S 9
[10832] = CNOT 9 10
[10833] = T 1
[10834] = T 7
[10835] = S 10
[10836] = CNOT 7 10
[10837] = S 7
[10838] = H 9
[10839] = T 9
[10840] = CNOT 8 9
[10841] = T 8
[10842] = S 8
[10843] = CNOT 8 9
[10844] = CNOT 1 8
[10845] = CNOT 1 9
[10846] = T 1
[10847] = CNOT 1 9
[10848] = T 1
[10849] = S 1
[10850] = CNOT 1 8
[10851] = CNOT 1 9
[10852] = T 1
[10853] = S 1
[10854] = CNOT 1 9
[10855] = T 8
[10856] = H 1
[10857] = H 9
[10858] = CNOT 7 9
[10859] = T 7
[10860] = Z 7
[10861] = CNOT 7 10
[10862] = T 7
[10863] = S 7
[10864] = Z 7
[10865] = CNOT 7 9
[10866] = CNOT 9 10
[10867] = T 9
[10868] = S 9
[10869] = Z 9
[10870] = CNOT 9 10
[10871] = T 1
[10872] = S 1
[10873] = CNOT 1 4
[10874] = T 1
[10875] = S 1
[10876] = CNOT 1 3
[10877] = T 1
[10878] = CNOT 1 4
[10879] = CNOT 1 3
[10880] = CNOT 3 4
[10881] = T 3
[10882] = S 3
[10883] = CNOT 3 4
[10884] = CNOT 1 3
[10885] = T 1
[10886] = S 1
[10887] = CNOT 1 3
[10888] = T 4
[10889] = T 7
[10890] = Z 7
[10891] = S 9
[10892] = Z 9
[10893] = Z 10
[10894] = H 10
[10895] = H 3
[10896] = CNOT 1 3
[10897] = CNOT 1 9
[10898] = T 1
[10899] = CNOT 1 3
[10900] = CNOT 3 9
[10901] = T 3
[10902] = S 3
[10903] = CNOT 3 9
[10904] = T 1
[10905] = S 1
[10906] = CNOT 1 9
[10907] = S 3
[10908] = S 6
[10909] = Z 6
[10910] = S 10
[10911] = CNOT 1 3
[10912] = S 1
[10913] = CNOT 1 3
[10914] = CNOT 5 6
[10915] = S 5
[10916] = CNOT 5 6
[10917] = CNOT 5 10
[10918] = S 5
[10919] = Z 5
[10920] = CNOT 6 10
[10921] = S 6
[10922] = CNOT 6 10
[10923] = CNOT 5 6
[10924] = S 5
[10925] = Z 5
[10926] = CNOT 5 10
[10927] = CNOT 5 6
[10928] = CNOT 3 1
[10929] = H 9
[10930] = H 10
[10931] = T 9
[10932] = CNOT 4 9
[10933] = T 4
[10934] = S 4
[10935] = CNOT 4 9
[10936] = CNOT 2 4
[10937] = CNOT 2 9
[10938] = T 2
[10939] = CNOT 2 9
[10940] = T 2
[10941] = S 2
[10942] = CNOT 2 4
[10943] = CNOT 2 9
[10944] = T 2
[10945] = S 2
[10946] = CNOT 2 9
[10947] = CNOT 7 10
[10948] = T 7
[10949] = S 7
[10950] = CNOT 7 10
[10951] = T 4
[10952] = T 2
[10953] = Z 7
[10954] = S 10
[10955] = Z 10
[10956] = CNOT 7 10
[10957] = H 9
[10958] = CNOT 3 9
[10959] = T 3
[10960] = Z 3
[10961] = CNOT 3 9
[10962] = CNOT 1 3
[10963] = CNOT 1 9
[10964] = T 1
[10965] = S 1
[10966] = Z 1
[10967] = CNOT 1 3
[10968] = T 1
[10969] = S 1
[10970] = Z 1
[10971] = CNOT 1 9
[10972] = CNOT 7 9
[10973] = T 7
[10974] = Z 7
[10975] = CNOT 7 10
[10976] = T 7
[10977] = S 7
[10978] = Z 7
[10979] = CNOT 7 9
[10980] = CNOT 9 10
[10981] = T 9
[10982] = S 9
[10983] = Z 9
[10984] = CNOT 9 10
[10985] = T 7
[10986] = Z 7
[10987] = CNOT 7 10
[10988] = T 7
[10989] = S 7
[10990] = Z 7
[10991] = CNOT 1 3
[10992] = T 1
[10993] = Z 1
[10994] = CNOT 1 3
[10995] = Z 1
[10996] = S 9
[10997] = Z 10
[10998] = CNOT 3 1
[10999] = H 9
[11000] = H 1
[11001] = T 9
[11002] = T 1
[11003] = CNOT 8 9
[11004] = T 8
[11005] = S 8
[11006] = CNOT 8 9
[11007] = CNOT 1 8
[11008] = CNOT 1 9
[11009] = T 1
[11010] = CNOT 1 9
[11011] = T 1
[11012] = S 1
[11013] = CNOT 1 8
[11014] = CNOT 1 9
[11015] = T 1
[11016] = S 1
[11017] = CNOT 1 9
[11018] = H 1
[11019] = H 9
[11020] = CNOT 7 9
[11021] = T 7
[11022] = Z 7
[11023] = CNOT 7 10
[11024] = T 7
[11025] = S 7
[11026] = Z 7
[11027] = CNOT 7 9
[11028] = CNOT 9 10
[11029] = T 9
[11030] = S 9
[11031] = Z 9
[11032] = CNOT 9 10
[11033] = CNOT 1 3
[11034] = CNOT 1 9
[11035] = T 1
[11036] = CNOT 1 3
[11037] = CNOT 3 9
[11038] = T 3
[11039] = S 3
[11040] = CNOT 3 9
[11041] = T 1
[11042] = S 1
[11043] = CNOT 1 9
[11044] = T 3
[11045] = S 1
[11046] = S 9
[11047] = Z 9
[11048] = Z 10
[11049] = CNOT 1 3
[11050] = S 1
[11051] = CNOT 1 3
[11052] = Z 7
[11053] = CNOT 3 1
[11054] = H 10
[11055] = H 9
[11056] = CNOT 6 10
[11057] = T 6
[11058] = Z 6
[11059] = CNOT 6 10
[11060] = CNOT 5 6
[11061] = CNOT 5 10
[11062] = T 5
[11063] = S 5
[11064] = Z 5
[11065] = CNOT 5 6
[11066] = T 5
[11067] = S 5
[11068] = Z 5
[11069] = CNOT 5 10
[11070] = T 9
[11071] = CNOT 4 9
[11072] = T 4
[11073] = S 4
[11074] = CNOT 4 9
[11075] = CNOT 2 4
[11076] = CNOT 2 9
[11077] = T 2
[11078] = CNOT 2 9
[11079] = T 2
[11080] = S 2
[11081] = CNOT 2 4
[11082] = CNOT 2 9
[11083] = T 2
[11084] = S 2
[11085] = CNOT 2 9
[11086] = CNOT 1 4
[11087] = CNOT 1 7
[11088] = T 1
[11089] = CNOT 1 7
[11090] = CNOT 1 4
[11091] = Z 5
[11092] = S 10
[11093] = Z 10
[11094] = CNOT 5 6
[11095] = Z 5
[11096] = CNOT 5 6
[11097] = CNOT 6 5
[11098] = CNOT 8 4
[11099] = CNOT 7 4
[11100] = CNOT 6 4
[11101] = CNOT 8 1
[11102] = CNOT 7 1
[11103] = CNOT 6 1
[11104] = CNOT 4 1
[11105] = H 2
[11106] = H 9
[11107] = H 8
[11108] = H 6
[11109] = CNOT 1 2
[11110] = CNOT 1 6
[11111] = CNOT 1 8
[11112] = CNOT 1 9
[11113] = T 1
[11114] = CNOT 1 8
[11115] = CNOT 1 6
[11116] = CNOT 1 2
[11117] = CNOT 1 3
[11118] = T 1
[11119] = S 1
[11120] = Z 1
[11121] = CNOT 1 3
[11122] = CNOT 1 6
[11123] = CNOT 1 7
[11124] = CNOT 1 8
[11125] = T 1
[11126] = CNOT 3 8
[11127] = CNOT 3 9
[11128] = T 3
[11129] = S 3
[11130] = Z 3
[11131] = CNOT 1 2
[11132] = T 1
[11133] = CNOT 1 8
[11134] = CNOT 1 6
[11135] = CNOT 1 2
[11136] = CNOT 3 7
[11137] = T 3
[11138] = CNOT 3 8
[11139] = T 3
[11140] = S 3
[11141] = Z 3
[11142] = CNOT 3 9
[11143] = CNOT 3 7
[11144] = T 1
[11145] = Z 1
[11146] = CNOT 1 2
[11147] = CNOT 1 8
[11148] = T 1
[11149] = CNOT 1 7
[11150] = T 1
[11151] = CNOT 1 2
[11152] = T 7
[11153] = Z 7
[11154] = CNOT 1 6
[11155] = T 1
[11156] = CNOT 1 9
[11157] = CNOT 1 8
[11158] = CNOT 1 6
[11159] = Z 1
[11160] = Z 2
[11161] = Z 3
[11162] = Z 6
[11163] = CNOT 1 3
[11164] = Z 1
[11165] = CNOT 1 3
[11166] = CNOT 1 7
[11167] = S 1
[11168] = Z 1
[11169] = CNOT 1 7
[11170] = CNOT 1 8
[11171] = S 1
[11172] = Z 1
[11173] = CNOT 1 8
[11174] = CNOT 1 9
[11175] = S 1
[11176] = Z 1
[11177] = CNOT 1 9
[11178] = CNOT 3 7
[11179] = Z 3
[11180] = CNOT 3 7
[11181] = CNOT 3 8
[11182] = Z 3
[11183] = CNOT 3 8
[11184] = CNOT 3 9
[11185] = S 3
[11186] = CNOT 3 9
[11187] = CNOT 7 8
[11188] = S 7
[11189] = Z 7
[11190] = CNOT 7 8
[11191] = CNOT 7 9
[11192] = Z 7
[11193] = CNOT 7 9
[11194] = CNOT 8 9
[11195] = Z 8
[11196] = CNOT 8 9
[11197] = CNOT 1 2
[11198] = CNOT 1 6
[11199] = S 1
[11200] = Z 1
[11201] = CNOT 1 6
[11202] = CNOT 1 7
[11203] = S 1
[11204] = Z 1
[11205] = CNOT 1 7
[11206] = CNOT 1 8
[11207] = Z 1
[11208] = CNOT 1 8
[11209] = CNOT 1 9
[11210] = Z 1
[11211] = CNOT 1 9
[11212] = CNOT 1 2
[11213] = CNOT 1 6
[11214] = CNOT 1 7
[11215] = S 1
[11216] = Z 1
[11217] = CNOT 1 7
[11218] = CNOT 1 8
[11219] = Z 1
[11220] = CNOT 1 8
[11221] = CNOT 1 9
[11222] = Z 1
[11223] = CNOT 1 9
[11224] = CNOT 1 6
[11225] = CNOT 1 7
[11226] = CNOT 1 8
[11227] = S 1
[11228] = Z 1
[11229] = CNOT 1 7
[11230] = CNOT 1 9
[11231] = S 1
[11232] = CNOT 1 9
[11233] = CNOT 1 8
[11234] = CNOT 2 6
[11235] = CNOT 2 8
[11236] = S 2
[11237] = Z 2
[11238] = CNOT 2 8
[11239] = CNOT 2 9
[11240] = S 2
[11241] = Z 2
[11242] = CNOT 2 9
[11243] = CNOT 2 6
[11244] = CNOT 2 7
[11245] = CNOT 2 8
[11246] = S 2
[11247] = Z 2
[11248] = CNOT 2 8
[11249] = CNOT 2 9
[11250] = S 2
[11251] = Z 2
[11252] = CNOT 2 7
[11253] = CNOT 2 8
[11254] = Z 2
[11255] = CNOT 2 9
[11256] = CNOT 2 8
[11257] = CNOT 6 7
[11258] = CNOT 6 8
[11259] = S 6
[11260] = Z 6
[11261] = CNOT 6 8
[11262] = CNOT 6 9
[11263] = S 6
[11264] = Z 6
[11265] = CNOT 6 7
[11266] = CNOT 6 8
[11267] = Z 6
[11268] = CNOT 6 9
[11269] = CNOT 6 8
[11270] = CNOT 7 8
[11271] = CNOT 7 9
[11272] = Z 7
[11273] = CNOT 7 9
[11274] = CNOT 7 8
[11275] = CNOT 3 1
[11276] = H 8
[11277] = H 6
[11278] = H 7
[11279] = T 6
[11280] = T 8
[11281] = T 7
[11282] = CNOT 6 8
[11283] = T 6
[11284] = S 6
[11285] = CNOT 6 7
[11286] = T 6
[11287] = CNOT 6 8
[11288] = CNOT 6 7
[11289] = CNOT 7 8
[11290] = T 7
[11291] = S 7
[11292] = CNOT 7 8
[11293] = CNOT 6 7
[11294] = T 6
[11295] = S 6
[11296] = CNOT 6 7
[11297] = H 7
[11298] = CNOT 2 3
[11299] = CNOT 2 4
[11300] = CNOT 2 6
[11301] = CNOT 2 8
[11302] = T 2
[11303] = CNOT 2 8
[11304] = CNOT 2 6
[11305] = CNOT 2 4
[11306] = CNOT 2 3
[11307] = CNOT 1 2
[11308] = CNOT 1 4
[11309] = CNOT 1 6
[11310] = T 1
[11311] = CNOT 1 6
[11312] = CNOT 1 4
[11313] = CNOT 1 2
[11314] = S 1
[11315] = S 2
[11316] = S 4
[11317] = S 6
[11318] = CNOT 1 2
[11319] = S 1
[11320] = Z 1
[11321] = CNOT 1 2
[11322] = CNOT 1 3
[11323] = Z 1
[11324] = CNOT 1 3
[11325] = CNOT 1 4
[11326] = S 1
[11327] = Z 1
[11328] = CNOT 1 4
[11329] = CNOT 1 6
[11330] = S 1
[11331] = Z 1
[11332] = CNOT 1 6
[11333] = CNOT 1 8
[11334] = Z 1
[11335] = CNOT 1 8
[11336] = CNOT 2 4
[11337] = S 2
[11338] = Z 2
[11339] = CNOT 2 4
[11340] = CNOT 2 6
[11341] = S 2
[11342] = Z 2
[11343] = CNOT 2 6
[11344] = CNOT 3 8
[11345] = Z 3
[11346] = CNOT 3 8
[11347] = CNOT 4 6
[11348] = S 4
[11349] = Z 4
[11350] = CNOT 4 6
[11351] = CNOT 1 2
[11352] = CNOT 1 4
[11353] = S 1
[11354] = Z 1
[11355] = CNOT 1 4
[11356] = CNOT 1 6
[11357] = S 1
[11358] = Z 1
[11359] = CNOT 1 6
[11360] = CNOT 1 2
[11361] = CNOT 1 3
[11362] = CNOT 1 8
[11363] = S 1
[11364] = CNOT 1 8
[11365] = CNOT 1 3
[11366] = CNOT 1 4
[11367] = CNOT 1 6
[11368] = S 1
[11369] = Z 1
[11370] = CNOT 1 6
[11371] = CNOT 1 4
[11372] = CNOT 2 4
[11373] = CNOT 2 6
[11374] = S 2
[11375] = Z 2
[11376] = CNOT 2 6
[11377] = CNOT 2 4
[11378] = CNOT 7 8
[11379] = CNOT 2 8
[11380] = CNOT 1 8
[11381] = CNOT 3 7
[11382] = CNOT 2 7
[11383] = CNOT 1 7
[11384] = CNOT 8 6
[11385] = CNOT 4 6
[11386] = CNOT 3 6
[11387] = CNOT 8 3
[11388] = CNOT 6 3
[11389] = CNOT 2 3
[11390] = CNOT 1 3
[11391] = CNOT 3 6
[11392] = CNOT 8 2
[11393] = CNOT 6 2
[11394] = CNOT 3 2
[11395] = CNOT 1 2
[11396] = CNOT 2 3
[11397] = CNOT 7 1
[11398] = CNOT 6 1
[11399] = CNOT 4 1
[11400] = CNOT 3 1
[11401] = CNOT 2 1
[11402] = CNOT 1 2
[11403] = H 2
[11404] = T 2
[11405] = Z 2
[11406] = CNOT 2 4
[11407] = T 2
[11408] = Z 2
[11409] = CNOT 2 3
[11410] = T 2
[11411] = S 2
[11412] = Z 2
[11413] = CNOT 2 4
[11414] = T 2
[11415] = S 2
[11416] = Z 2
[11417] = CNOT 2 3
[11418] = Z 3
[11419] = CNOT 3 4
[11420] = Z 3
[11421] = CNOT 3 4
[11422] = CNOT 4 3
[11423] = H 2
[11424] = H 4
[11425] = CNOT 2 7
[11426] = T 2
[11427] = T 4
[11428] = Z 4
[11429] = CNOT 2 3
[11430] = T 2
[11431] = S 2
[11432] = Z 2
[11433] = CNOT 2 4
[11434] = T 2
[11435] = CNOT 2 3
[11436] = T 2
[11437] = S 2
[11438] = Z 2
[11439] = CNOT 2 7
[11440] = CNOT 2 4
[11441] = CNOT 3 4
[11442] = T 3
[11443] = S 3
[11444] = CNOT 3 4
[11445] = CNOT 2 6
[11446] = T 2
[11447] = CNOT 2 6
[11448] = Z 3
[11449] = CNOT 2 3
[11450] = Z 2
[11451] = CNOT 2 3
[11452] = CNOT 2 4
[11453] = Z 2
[11454] = CNOT 2 4
[11455] = CNOT 3 7
[11456] = Z 3
[11457] = CNOT 3 7
[11458] = CNOT 4 7
[11459] = Z 4
[11460] = CNOT 4 7
[11461] = CNOT 7 8
[11462] = CNOT 5 8
[11463] = CNOT 8 6
[11464] = CNOT 5 6
[11465] = CNOT 2 6
[11466] = CNOT 8 2
[11467] = CNOT 5 2
[11468] = H 4
[11469] = CNOT 4 6
[11470] = T 4
[11471] = Z 4
[11472] = CNOT 4 6
[11473] = CNOT 2 4
[11474] = CNOT 2 6
[11475] = T 2
[11476] = S 2
[11477] = Z 2
[11478] = CNOT 2 6
[11479] = Z 2
[11480] = CNOT 2 4
[11481] = CNOT 2 6
[11482] = Z 2
[11483] = CNOT 2 6
[11484] = CNOT 4 6
[11485] = CNOT 4 2
[11486] = H 6
[11487] = T 6
[11488] = Z 6
[11489] = CNOT 4 6
[11490] = T 4
[11491] = Z 4
[11492] = CNOT 4 6
[11493] = CNOT 2 4
[11494] = CNOT 2 6
[11495] = T 2
[11496] = S 2
[11497] = Z 2
[11498] = CNOT 2 4
[11499] = T 2
[11500] = S 2
[11501] = Z 2
[11502] = CNOT 2 6
[11503] = CNOT 1 2
[11504] = CNOT 1 3
[11505] = CNOT 1 4
[11506] = T 1
[11507] = CNOT 1 4
[11508] = CNOT 1 3
[11509] = CNOT 1 2
[11510] = Z 1
[11511] = Z 2
[11512] = Z 3
[11513] = Z 5
[11514] = Z 7
[11515] = Z 8
[11516] = CNOT 2 4
[11517] = Z 2
[11518] = CNOT 2 4
[11519] = CNOT 1 3
[11520] = CNOT 1 5
[11521] = Z 1
[11522] = CNOT 1 5
[11523] = CNOT 1 7
[11524] = Z 1
[11525] = CNOT 1 7
[11526] = CNOT 1 8
[11527] = Z 1
[11528] = CNOT 1 8
[11529] = CNOT 1 3
[11530] = CNOT 1 5
[11531] = CNOT 1 7
[11532] = Z 1
[11533] = CNOT 1 7
[11534] = CNOT 1 8
[11535] = Z 1
[11536] = CNOT 1 5
[11537] = CNOT 1 7
[11538] = Z 1
[11539] = CNOT 1 8
[11540] = CNOT 3 5
[11541] = CNOT 3 7
[11542] = Z 3
[11543] = CNOT 3 7
[11544] = CNOT 3 8
[11545] = Z 3
[11546] = CNOT 3 5
[11547] = CNOT 3 7
[11548] = Z 3
[11549] = CNOT 3 7
[11550] = CNOT 5 7
[11551] = CNOT 5 8
[11552] = Z 5
[11553] = CNOT 5 8
[11554] = CNOT 5 7
[11555] = CNOT 2 8
[11556] = CNOT 8 7
[11557] = CNOT 4 7
[11558] = CNOT 7 8
[11559] = CNOT 8 3
[11560] = CNOT 1 3
[11561] = CNOT 8 2
[11562] = CNOT 7 2
[11563] = CNOT 4 2
[11564] = CNOT 5 1
[11565] = CNOT 4 1
[11566] = CNOT 3 1
[11567] = H 6
[11568] = CNOT 1 2
[11569] = CNOT 1 3
[11570] = T 1
[11571] = S 1
[11572] = Z 1
[11573] = CNOT 1 4
[11574] = T 1
[11575] = CNOT 1 4
[11576] = CNOT 1 3
[11577] = CNOT 1 2
[11578] = CNOT 2 3
[11579] = T 2
[11580] = S 2
[11581] = Z 2
[11582] = CNOT 2 3
[11583] = S 1
[11584] = S 2
[11585] = S 3
[11586] = S 4
[11587] = CNOT 1 2
[11588] = S 1
[11589] = Z 1
[11590] = CNOT 1 2
[11591] = CNOT 1 3
[11592] = S 1
[11593] = Z 1
[11594] = CNOT 1 3
[11595] = CNOT 1 4
[11596] = S 1
[11597] = Z 1
[11598] = CNOT 2 4
[11599] = S 2
[11600] = Z 2
[11601] = CNOT 2 4
[11602] = CNOT 3 4
[11603] = S 3
[11604] = Z 3
[11605] = CNOT 3 4
[11606] = CNOT 1 2
[11607] = S 1
[11608] = Z 1
[11609] = CNOT 1 2
[11610] = CNOT 1 3
[11611] = S 1
[11612] = Z 1
[11613] = CNOT 1 4
[11614] = CNOT 2 3
[11615] = CNOT 2 4
[11616] = S 2
[11617] = Z 2
[11618] = CNOT 2 4
[11619] = CNOT 2 3
[11620] = CNOT 8 6
[11621] = CNOT 8 3
[11622] = CNOT 7 2
[11623] = CNOT 6 2
[11624] = CNOT 4 2
[11625] = CNOT 3 2
[11626] = CNOT 7 1
[11627] = CNOT 4 1
[11628] = CNOT 2 1
[11629] = CNOT 1 2
[11630] = H 7
[11631] = T 7
[11632] = Z 7
[11633] = CNOT 4 7
[11634] = T 4
[11635] = Z 4
[11636] = CNOT 4 7
[11637] = CNOT 2 4
[11638] = CNOT 2 7
[11639] = T 2
[11640] = S 2
[11641] = Z 2
[11642] = CNOT 2 4
[11643] = T 2
[11644] = S 2
[11645] = Z 2
[11646] = CNOT 2 7
[11647] = Z 2
[11648] = CNOT 2 4
[11649] = Z 2
[11650] = CNOT 2 4
[11651] = CNOT 6 8
[11652] = CNOT 4 8
[11653] = CNOT 2 6
[11654] = CNOT 1 6
[11655] = CNOT 4 2
[11656] = H 7
[11657] = H 6
[11658] = CNOT 4 7
[11659] = T 4
[11660] = CNOT 4 7
[11661] = T 6
[11662] = Z 6
[11663] = CNOT 3 4
[11664] = CNOT 3 7
[11665] = T 3
[11666] = S 3
[11667] = Z 3
[11668] = CNOT 3 6
[11669] = T 3
[11670] = CNOT 3 7
[11671] = CNOT 3 4
[11672] = CNOT 4 6
[11673] = CNOT 4 7
[11674] = T 4
[11675] = S 4
[11676] = Z 4
[11677] = CNOT 4 7
[11678] = CNOT 4 6
[11679] = T 3
[11680] = S 3
[11681] = CNOT 3 6
[11682] = Z 3
[11683] = CNOT 3 4
[11684] = Z 3
[11685] = CNOT 3 4
[11686] = CNOT 3 7
[11687] = Z 3
[11688] = CNOT 3 7
[11689] = CNOT 4 6
[11690] = Z 4
[11691] = CNOT 4 6
[11692] = CNOT 6 7
[11693] = Z 6
[11694] = CNOT 6 7
[11695] = CNOT 4 3
[11696] = CNOT 4 2
[11697] = H 6
[11698] = T 1
[11699] = CNOT 1 8
[11700] = T 1
[11701] = T 8
[11702] = S 8
[11703] = Z 8
[11704] = CNOT 2 6
[11705] = CNOT 2 8
[11706] = T 2
[11707] = CNOT 2 6
[11708] = CNOT 3 6
[11709] = CNOT 3 7
[11710] = T 3
[11711] = CNOT 3 7
[11712] = CNOT 3 6
[11713] = CNOT 1 6
[11714] = CNOT 1 7
[11715] = T 1
[11716] = CNOT 1 8
[11717] = CNOT 1 7
[11718] = CNOT 1 6
[11719] = CNOT 7 8
[11720] = CNOT 3 8
[11721] = CNOT 6 7
[11722] = CNOT 2 7
[11723] = CNOT 3 6
[11724] = CNOT 2 6
[11725] = CNOT 1 6
[11726] = CNOT 6 1
[11727] = H 7
[11728] = T 7
[11729] = Z 7
[11730] = CNOT 7 8
[11731] = T 7
[11732] = Z 7
[11733] = CNOT 7 8
[11734] = CNOT 6 7
[11735] = CNOT 6 8
[11736] = T 6
[11737] = S 6
[11738] = Z 6
[11739] = CNOT 6 8
[11740] = T 6
[11741] = S 6
[11742] = Z 6
[11743] = CNOT 6 7
[11744] = Z 6
[11745] = CNOT 6 8
[11746] = Z 6
[11747] = CNOT 6 8
[11748] = CNOT 8 6
[11749] = H 7
[11750] = H 6
[11751] = H 8
[11752] = T 6
[11753] = CNOT 2 7
[11754] = T 2
[11755] = S 2
[11756] = CNOT 2 6
[11757] = T 2
[11758] = CNOT 2 7
[11759] = CNOT 2 6
[11760] = CNOT 6 7
[11761] = T 6
[11762] = S 6
[11763] = CNOT 6 7
[11764] = CNOT 2 6
[11765] = T 2
[11766] = S 2
[11767] = CNOT 2 6
[11768] = T 8
[11769] = CNOT 3 7
[11770] = T 3
[11771] = S 3
[11772] = CNOT 3 8
[11773] = T 3
[11774] = CNOT 3 7
[11775] = CNOT 7 8
[11776] = T 7
[11777] = S 7
[11778] = CNOT 7 8
[11779] = T 3
[11780] = S 3
[11781] = CNOT 3 8
[11782] = CNOT 4 7
[11783] = T 4
[11784] = CNOT 4 7
[11785] = S 7
[11786] = CNOT 7 4
[11787] = H 6
[11788] = H 8
[11789] = H 3
[11790] = H 2
[11791] = T 4
[11792] = S 4
[11793] = Z 4
[11794] = CNOT 3 4
[11795] = T 3
[11796] = Z 3
[11797] = CNOT 3 4
[11798] = CNOT 1 3
[11799] = CNOT 1 4
[11800] = T 1
[11801] = S 1
[11802] = Z 1
[11803] = CNOT 1 4
[11804] = T 1
[11805] = S 1
[11806] = Z 1
[11807] = CNOT 1 3
[11808] = CNOT 4 5
[11809] = CNOT 4 6
[11810] = CNOT 4 10
[11811] = T 4
[11812] = CNOT 4 5
[11813] = T 4
[11814] = S 4
[11815] = Z 4
[11816] = CNOT 4 10
[11817] = CNOT 4 6
[11818] = CNOT 5 10
[11819] = T 5
[11820] = S 5
[11821] = CNOT 5 10
[11822] = CNOT 4 8
[11823] = T 4
[11824] = CNOT 4 8
[11825] = T 2
[11826] = S 3
[11827] = Z 3
[11828] = Z 5
[11829] = Z 6
[11830] = Z 10
[11831] = CNOT 1 4
[11832] = S 1
[11833] = CNOT 1 4
[11834] = CNOT 4 5
[11835] = Z 4
[11836] = CNOT 4 5
[11837] = CNOT 4 6
[11838] = S 4
[11839] = Z 4
[11840] = CNOT 4 6
[11841] = CNOT 4 10
[11842] = Z 4
[11843] = CNOT 4 10
[11844] = CNOT 5 6
[11845] = Z 5
[11846] = CNOT 5 6
[11847] = CNOT 6 10
[11848] = Z 6
[11849] = CNOT 6 10
[11850] = CNOT 4 5
[11851] = CNOT 4 6
[11852] = S 4
[11853] = Z 4
[11854] = CNOT 4 6
[11855] = CNOT 4 5
[11856] = CNOT 6 5
[11857] = CNOT 8 4
[11858] = CNOT 6 4
[11859] = CNOT 4 1
[11860] = H 10
[11861] = H 1
[11862] = CNOT 7 9
[11863] = CNOT 7 10
[11864] = T 7
[11865] = CNOT 7 10
[11866] = T 7
[11867] = S 7
[11868] = CNOT 7 9
[11869] = CNOT 9 10
[11870] = T 9
[11871] = S 9
[11872] = CNOT 9 10
[11873] = T 1
[11874] = T 7
[11875] = S 10
[11876] = CNOT 7 10
[11877] = S 7
[11878] = H 9
[11879] = T 9
[11880] = CNOT 8 9
[11881] = T 8
[11882] = S 8
[11883] = CNOT 8 9
[11884] = CNOT 1 8
[11885] = CNOT 1 9
[11886] = T 1
[11887] = CNOT 1 9
[11888] = T 1
[11889] = S 1
[11890] = CNOT 1 8
[11891] = CNOT 1 9
[11892] = T 1
[11893] = S 1
[11894] = CNOT 1 9
[11895] = T 8
[11896] = H 1
[11897] = H 9
[11898] = CNOT 7 9
[11899] = T 7
[11900] = Z 7
[11901] = CNOT 7 10
[11902] = T 7
[11903] = S 7
[11904] = Z 7
[11905] = CNOT 7 9
[11906] = CNOT 9 10
[11907] = T 9
[11908] = S 9
[11909] = Z 9
[11910] = CNOT 9 10
[11911] = T 1
[11912] = S 1
[11913] = CNOT 1 4
[11914] = T 1
[11915] = S 1
[11916] = CNOT 1 3
[11917] = T 1
[11918] = CNOT 1 4
[11919] = CNOT 1 3
[11920] = CNOT 3 4
[11921] = T 3
[11922] = S 3
[11923] = CNOT 3 4
[11924] = CNOT 1 3
[11925] = T 1
[11926] = S 1
[11927] = CNOT 1 3
[11928] = T 4
[11929] = T 7
[11930] = Z 7
[11931] = S 9
[11932] = Z 9
[11933] = Z 10
[11934] = H 10
[11935] = H 3
[11936] = CNOT 1 3
[11937] = CNOT 1 9
[11938] = T 1
[11939] = CNOT 1 3
[11940] = CNOT 3 9
[11941] = T 3
[11942] = S 3
[11943] = CNOT 3 9
[11944] = T 1
[11945] = S 1
[11946] = CNOT 1 9
[11947] = S 3
[11948] = S 6
[11949] = Z 6
[11950] = S 10
[11951] = CNOT 1 3
[11952] = S 1
[11953] = CNOT 1 3
[11954] = CNOT 5 6
[11955] = S 5
[11956] = CNOT 5 6
[11957] = CNOT 5 10
[11958] = S 5
[11959] = Z 5
[11960] = CNOT 6 10
[11961] = S 6
[11962] = CNOT 6 10
[11963] = CNOT 5 6
[11964] = S 5
[11965] = Z 5
[11966] = CNOT 5 10
[11967] = CNOT 5 6
[11968] = CNOT 3 1
[11969] = H 9
[11970] = H 10
[11971] = T 9
[11972] = CNOT 4 9
[11973] = T 4
[11974] = S 4
[11975] = CNOT 4 9
[11976] = CNOT 2 4
[11977] = CNOT 2 9
[11978] = T 2
[11979] = CNOT 2 9
[11980] = T 2
[11981] = S 2
[11982] = CNOT 2 4
[11983] = CNOT 2 9
[11984] = T 2
[11985] = S 2
[11986] = CNOT 2 9
[11987] = CNOT 7 10
[11988] = T 7
[11989] = S 7
[11990] = CNOT 7 10
[11991] = T 4
[11992] = T 2
[11993] = Z 7
[11994] = S 10
[11995] = Z 10
[11996] = CNOT 7 10
[11997] = H 9
[11998] = CNOT 3 9
[11999] = T 3
[12000] = Z 3
[12001] = CNOT 3 9
[12002] = CNOT 1 3
[12003] = CNOT 1 9
[12004] = T 1
[12005] = S 1
[12006] = Z 1
[12007] = CNOT 1 3
[12008] = T 1
[12009] = S 1
[12010] = Z 1
[12011] = CNOT 1 9
[12012] = CNOT 7 9
[12013] = T 7
[12014] = Z 7
[12015] = CNOT 7 10
[12016] = T 7
[12017] = S 7
[12018] = Z 7
[12019] = CNOT 7 9
[12020] = CNOT 9 10
[12021] = T 9
[12022] = S 9
[12023] = Z 9
[12024] = CNOT 9 10
[12025] = T 7
[12026] = Z 7
[12027] = CNOT 7 10
[12028] = T 7
[12029] = S 7
[12030] = Z 7
[12031] = CNOT 1 3
[12032] = T 1
[12033] = Z 1
[12034] = CNOT 1 3
[12035] = Z 1
[12036] = S 9
[12037] = Z 10
[12038] = CNOT 3 1
[12039] = H 9
[12040] = H 1
[12041] = T 9
[12042] = T 1
[12043] = CNOT 8 9
[12044] = T 8
[12045] = S 8
[12046] = CNOT 8 9
[12047] = CNOT 1 8
[12048] = CNOT 1 9
[12049] = T 1
[12050] = CNOT 1 9
[12051] = T 1
[12052] = S 1
[12053] = CNOT 1 8
[12054] = CNOT 1 9
[12055] = T 1
[12056] = S 1
[12057] = CNOT 1 9
[12058] = H 1
[12059] = H 9
[12060] = CNOT 7 9
[12061] = T 7
[12062] = Z 7
[12063] = CNOT 7 10
[12064] = T 7
[12065] = S 7
[12066] = Z 7
[12067] = CNOT 7 9
[12068] = CNOT 9 10
[12069] = T 9
[12070] = S 9
[12071] = Z 9
[12072] = CNOT 9 10
[12073] = CNOT 1 3
[12074] = CNOT 1 9
[12075] = T 1
[12076] = CNOT 1 3
[12077] = CNOT 3 9
[12078] = T 3
[12079] = S 3
[12080] = CNOT 3 9
[12081] = T 1
[12082] = S 1
[12083] = CNOT 1 9
[12084] = T 3
[12085] = S 1
[12086] = S 9
[12087] = Z 9
[12088] = Z 10
[12089] = CNOT 1 3
[12090] = S 1
[12091] = CNOT 1 3
[12092] = Z 7
[12093] = CNOT 3 1
[12094] = H 10
[12095] = H 9
[12096] = CNOT 6 10
[12097] = T 6
[12098] = Z 6
[12099] = CNOT 6 10
[12100] = CNOT 5 6
[12101] = CNOT 5 10
[12102] = T 5
[12103] = S 5
[12104] = Z 5
[12105] = CNOT 5 6
[12106] = T 5
[12107] = S 5
[12108] = Z 5
[12109] = CNOT 5 10
[12110] = T 9
[12111] = CNOT 4 9
[12112] = T 4
[12113] = S 4
[12114] = CNOT 4 9
[12115] = CNOT 2 4
[12116] = CNOT 2 9
[12117] = T 2
[12118] = CNOT 2 9
[12119] = T 2
[12120] = S 2
[12121] = CNOT 2 4
[12122] = CNOT 2 9
[12123] = T 2
[12124] = S 2
[12125] = CNOT 2 9
[12126] = CNOT 1 4
[12127] = CNOT 1 7
[12128] = T 1
[12129] = CNOT 1 7
[12130] = CNOT 1 4
[12131] = Z 5
[12132] = S 10
[12133] = Z 10
[12134] = CNOT 5 6
[12135] = Z 5
[12136] = CNOT 5 6
[12137] = CNOT 6 5
[12138] = CNOT 8 4
[12139] = CNOT 7 4
[12140] = CNOT 6 4
[12141] = CNOT 8 1
[12142] = CNOT 7 1
[12143] = CNOT 6 1
[12144] = CNOT 4 1
[12145] = H 2
[12146] = H 9
[12147] = H 8
[12148] = H 6
[12149] = CNOT 3 9
[12150] = T 3
[12151] = Z 3
[12152] = CNOT 3 9
[12153] = CNOT 1 3
[12154] = CNOT 1 9
[12155] = T 1
[12156] = S 1
[12157] = Z 1
[12158] = CNOT 1 3
[12159] = T 1
[12160] = S 1
[12161] = Z 1
[12162] = CNOT 1 9
[12163] = CNOT 1 3
[12164] = T 1
[12165] = S 1
[12166] = Z 1
[12167] = T 8
[12168] = CNOT 1 7
[12169] = T 1
[12170] = Z 1
[12171] = CNOT 1 7
[12172] = CNOT 1 2
[12173] = CNOT 1 6
[12174] = CNOT 1 8
[12175] = T 1
[12176] = CNOT 1 2
[12177] = CNOT 7 8
[12178] = T 7
[12179] = Z 7
[12180] = CNOT 7 8
[12181] = CNOT 1 7
[12182] = T 1
[12183] = CNOT 1 7
[12184] = CNOT 1 6
[12185] = CNOT 1 2
[12186] = T 1
[12187] = CNOT 1 6
[12188] = CNOT 1 7
[12189] = T 1
[12190] = CNOT 1 7
[12191] = CNOT 1 2
[12192] = T 1
[12193] = CNOT 1 6
[12194] = CNOT 1 2
[12195] = CNOT 1 7
[12196] = T 1
[12197] = CNOT 1 8
[12198] = CNOT 1 3
[12199] = CNOT 1 2
[12200] = Z 2
[12201] = Z 3
[12202] = Z 6
[12203] = S 7
[12204] = Z 7
[12205] = S 9
[12206] = Z 9
[12207] = S 1
[12208] = Z 1
[12209] = CNOT 1 7
[12210] = CNOT 1 8
[12211] = S 1
[12212] = Z 1
[12213] = CNOT 1 8
[12214] = CNOT 3 7
[12215] = S 3
[12216] = Z 3
[12217] = CNOT 3 7
[12218] = CNOT 3 8
[12219] = S 3
[12220] = Z 3
[12221] = CNOT 3 8
[12222] = CNOT 1 2
[12223] = CNOT 1 3
[12224] = Z 1
[12225] = CNOT 1 3
[12226] = CNOT 1 6
[12227] = S 1
[12228] = Z 1
[12229] = CNOT 1 6
[12230] = CNOT 1 7
[12231] = S 1
[12232] = Z 1
[12233] = CNOT 1 7
[12234] = CNOT 1 8
[12235] = Z 1
[12236] = CNOT 1 8
[12237] = CNOT 1 2
[12238] = CNOT 1 3
[12239] = CNOT 1 6
[12240] = Z 1
[12241] = CNOT 1 6
[12242] = CNOT 1 8
[12243] = S 1
[12244] = CNOT 1 8
[12245] = CNOT 1 3
[12246] = CNOT 1 6
[12247] = CNOT 1 7
[12248] = S 1
[12249] = Z 1
[12250] = CNOT 1 7
[12251] = CNOT 1 8
[12252] = Z 1
[12253] = CNOT 1 6
[12254] = CNOT 1 7
[12255] = S 1
[12256] = Z 1
[12257] = CNOT 1 8
[12258] = CNOT 1 7
[12259] = CNOT 2 3
[12260] = CNOT 2 6
[12261] = S 2
[12262] = Z 2
[12263] = CNOT 2 6
[12264] = CNOT 2 7
[12265] = S 2
[12266] = Z 2
[12267] = CNOT 2 7
[12268] = CNOT 2 8
[12269] = Z 2
[12270] = CNOT 2 3
[12271] = CNOT 2 6
[12272] = S 2
[12273] = Z 2
[12274] = CNOT 2 6
[12275] = CNOT 2 7
[12276] = S 2
[12277] = Z 2
[12278] = CNOT 2 8
[12279] = CNOT 2 7
[12280] = CNOT 3 6
[12281] = CNOT 3 7
[12282] = S 3
[12283] = Z 3
[12284] = CNOT 3 7
[12285] = CNOT 3 8
[12286] = Z 3
[12287] = CNOT 3 6
[12288] = CNOT 3 7
[12289] = S 3
[12290] = Z 3
[12291] = CNOT 3 8
[12292] = CNOT 3 7
[12293] = CNOT 6 7
[12294] = CNOT 6 8
[12295] = S 6
[12296] = Z 6
[12297] = CNOT 6 8
[12298] = CNOT 6 7
[12299] = CNOT 3 1
[12300] = H 8
[12301] = H 6
[12302] = H 7
[12303] = T 6
[12304] = T 8
[12305] = T 7
[12306] = CNOT 6 8
[12307] = T 6
[12308] = S 6
[12309] = CNOT 6 7
[12310] = T 6
[12311] = CNOT 6 8
[12312] = CNOT 6 7
[12313] = CNOT 7 8
[12314] = T 7
[12315] = S 7
[12316] = CNOT 7 8
[12317] = CNOT 6 7
[12318] = T 6
[12319] = S 6
[12320] = CNOT 6 7
[12321] = H 7
[12322] = CNOT 1 3
[12323] = CNOT 1 8
[12324] = T 1
[12325] = CNOT 1 8
[12326] = CNOT 1 3
[12327] = CNOT 2 3
[12328] = CNOT 2 4
[12329] = CNOT 2 6
[12330] = CNOT 2 8
[12331] = T 2
[12332] = CNOT 2 8
[12333] = CNOT 2 6
[12334] = CNOT 2 4
[12335] = CNOT 2 3
[12336] = CNOT 1 2
[12337] = CNOT 1 4
[12338] = CNOT 1 6
[12339] = T 1
[12340] = CNOT 1 6
[12341] = CNOT 1 4
[12342] = CNOT 1 2
[12343] = S 1
[12344] = S 2
[12345] = S 4
[12346] = S 6
[12347] = CNOT 1 2
[12348] = S 1
[12349] = Z 1
[12350] = CNOT 1 2
[12351] = CNOT 1 4
[12352] = S 1
[12353] = Z 1
[12354] = CNOT 1 4
[12355] = CNOT 1 6
[12356] = S 1
[12357] = Z 1
[12358] = CNOT 1 6
[12359] = CNOT 2 4
[12360] = S 2
[12361] = Z 2
[12362] = CNOT 2 4
[12363] = CNOT 2 6
[12364] = S 2
[12365] = Z 2
[12366] = CNOT 2 6
[12367] = CNOT 4 6
[12368] = S 4
[12369] = Z 4
[12370] = CNOT 4 6
[12371] = CNOT 1 2
[12372] = CNOT 1 4
[12373] = S 1
[12374] = Z 1
[12375] = CNOT 1 4
[12376] = CNOT 1 6
[12377] = S 1
[12378] = Z 1
[12379] = CNOT 1 2
[12380] = CNOT 1 4
[12381] = S 1
[12382] = Z 1
[12383] = CNOT 1 6
[12384] = CNOT 1 4
[12385] = CNOT 2 4
[12386] = CNOT 2 6
[12387] = S 2
[12388] = Z 2
[12389] = CNOT 2 4
[12390] = CNOT 7 8
[12391] = CNOT 2 8
[12392] = CNOT 1 8
[12393] = CNOT 4 7
[12394] = CNOT 3 7
[12395] = CNOT 1 7
[12396] = CNOT 8 6
[12397] = CNOT 7 6
[12398] = CNOT 3 6
[12399] = CNOT 6 3
[12400] = CNOT 2 3
[12401] = CNOT 1 3
[12402] = CNOT 3 6
[12403] = CNOT 6 2
[12404] = CNOT 3 2
[12405] = CNOT 1 2
[12406] = CNOT 2 3
[12407] = CNOT 6 1
[12408] = CNOT 4 1
[12409] = CNOT 3 1
[12410] = CNOT 2 1
[12411] = CNOT 1 2
[12412] = H 6
[12413] = T 6
[12414] = Z 6
[12415] = CNOT 4 6
[12416] = T 4
[12417] = Z 4
[12418] = CNOT 4 6
[12419] = CNOT 3 4
[12420] = CNOT 3 6
[12421] = T 3
[12422] = S 3
[12423] = Z 3
[12424] = CNOT 3 4
[12425] = T 3
[12426] = S 3
[12427] = Z 3
[12428] = CNOT 3 6
[12429] = Z 3
[12430] = CNOT 3 4
[12431] = Z 3
[12432] = CNOT 3 4
[12433] = CNOT 4 8
[12434] = CNOT 4 7
[12435] = CNOT 4 3
[12436] = H 6
[12437] = H 7
[12438] = CNOT 2 6
[12439] = T 2
[12440] = Z 2
[12441] = CNOT 2 6
[12442] = CNOT 4 6
[12443] = T 4
[12444] = Z 4
[12445] = CNOT 4 6
[12446] = T 7
[12447] = CNOT 2 4
[12448] = T 2
[12449] = S 2
[12450] = CNOT 2 7
[12451] = T 2
[12452] = CNOT 2 4
[12453] = CNOT 4 6
[12454] = CNOT 4 7
[12455] = T 4
[12456] = S 4
[12457] = Z 4
[12458] = CNOT 4 7
[12459] = CNOT 4 6
[12460] = CNOT 2 6
[12461] = T 2
[12462] = S 2
[12463] = Z 2
[12464] = CNOT 2 7
[12465] = CNOT 2 6
[12466] = Z 2
[12467] = Z 4
[12468] = CNOT 2 7
[12469] = Z 2
[12470] = CNOT 2 7
[12471] = CNOT 4 7
[12472] = Z 4
[12473] = CNOT 4 7
[12474] = CNOT 6 8
[12475] = CNOT 4 8
[12476] = CNOT 2 8
[12477] = CNOT 1 8
[12478] = CNOT 8 6
[12479] = CNOT 4 6
[12480] = CNOT 2 6
[12481] = CNOT 1 6
[12482] = CNOT 8 3
[12483] = CNOT 4 3
[12484] = CNOT 5 1
[12485] = CNOT 4 1
[12486] = CNOT 3 1
[12487] = H 7
[12488] = T 7
[12489] = CNOT 2 4
[12490] = CNOT 2 7
[12491] = CNOT 2 8
[12492] = T 2
[12493] = CNOT 2 7
[12494] = T 2
[12495] = S 2
[12496] = Z 2
[12497] = CNOT 2 8
[12498] = Z 2
[12499] = CNOT 2 4
[12500] = CNOT 2 8
[12501] = Z 2
[12502] = CNOT 4 8
[12503] = Z 4
[12504] = CNOT 7 8
[12505] = CNOT 5 8
[12506] = CNOT 1 8
[12507] = CNOT 8 7
[12508] = CNOT 6 7
[12509] = CNOT 2 7
[12510] = CNOT 7 8
[12511] = CNOT 8 6
[12512] = CNOT 5 6
[12513] = CNOT 4 6
[12514] = CNOT 3 6
[12515] = CNOT 2 6
[12516] = CNOT 6 8
[12517] = CNOT 7 5
[12518] = CNOT 4 5
[12519] = CNOT 2 5
[12520] = CNOT 5 7
[12521] = CNOT 6 4
[12522] = CNOT 2 4
[12523] = CNOT 4 6
[12524] = CNOT 4 3
[12525] = CNOT 2 3
[12526] = CNOT 3 4
[12527] = CNOT 6 2
[12528] = CNOT 4 2
[12529] = CNOT 2 4
[12530] = H 6
[12531] = T 6
[12532] = Z 6
[12533] = CNOT 4 6
[12534] = T 4
[12535] = Z 4
[12536] = CNOT 4 6
[12537] = CNOT 3 4
[12538] = CNOT 3 6
[12539] = T 3
[12540] = S 3
[12541] = Z 3
[12542] = CNOT 3 4
[12543] = T 3
[12544] = S 3
[12545] = Z 3
[12546] = CNOT 3 6
[12547] = Z 3
[12548] = CNOT 3 4
[12549] = Z 3
[12550] = CNOT 3 4
[12551] = H 6
[12552] = T 1
[12553] = CNOT 1 8
[12554] = T 1
[12555] = T 8
[12556] = S 8
[12557] = Z 8
[12558] = CNOT 2 7
[12559] = CNOT 2 8
[12560] = T 2
[12561] = CNOT 2 8
[12562] = CNOT 2 7
[12563] = CNOT 3 6
[12564] = CNOT 3 7
[12565] = T 3
[12566] = CNOT 3 7
[12567] = CNOT 3 6
[12568] = CNOT 1 6
[12569] = CNOT 1 7
[12570] = T 1
[12571] = CNOT 1 8
[12572] = CNOT 1 7
[12573] = CNOT 1 6
[12574] = CNOT 5 6
[12575] = Z 5
[12576] = CNOT 5 6
[12577] = CNOT 7 8
[12578] = CNOT 3 8
[12579] = CNOT 6 7
[12580] = CNOT 5 7
[12581] = CNOT 2 7
[12582] = CNOT 5 6
[12583] = CNOT 4 6
[12584] = CNOT 3 6
[12585] = CNOT 1 6
[12586] = CNOT 4 2
[12587] = CNOT 6 1
[12588] = H 7
[12589] = T 7
[12590] = Z 7
[12591] = CNOT 7 8
[12592] = T 7
[12593] = Z 7
[12594] = CNOT 7 8
[12595] = CNOT 6 7
[12596] = CNOT 6 8
[12597] = T 6
[12598] = S 6
[12599] = Z 6
[12600] = CNOT 6 8
[12601] = T 6
[12602] = S 6
[12603] = Z 6
[12604] = CNOT 6 7
[12605] = Z 6
[12606] = CNOT 6 8
[12607] = Z 6
[12608] = CNOT 6 8
[12609] = CNOT 8 6
[12610] = H 7
[12611] = H 6
[12612] = H 8
[12613] = T 6
[12614] = CNOT 2 7
[12615] = T 2
[12616] = S 2
[12617] = CNOT 2 6
[12618] = T 2
[12619] = CNOT 2 7
[12620] = CNOT 2 6
[12621] = CNOT 6 7
[12622] = T 6
[12623] = S 6
[12624] = CNOT 6 7
[12625] = CNOT 2 6
[12626] = T 2
[12627] = S 2
[12628] = CNOT 2 6
[12629] = T 8
[12630] = CNOT 3 7
[12631] = T 3
[12632] = S 3
[12633] = CNOT 3 8
[12634] = T 3
[12635] = CNOT 3 7
[12636] = CNOT 7 8
[12637] = T 7
[12638] = S 7
[12639] = CNOT 7 8
[12640] = T 3
[12641] = S 3
[12642] = CNOT 3 8
[12643] = CNOT 4 7
[12644] = T 4
[12645] = CNOT 4 7
[12646] = S 7
[12647] = CNOT 7 4
[12648] = H 6
[12649] = H 8
[12650] = H 3
[12651] = H 2
[12652] = T 4
[12653] = S 4
[12654] = Z 4
[12655] = CNOT 3 4
[12656] = T 3
[12657] = Z 3
[12658] = CNOT 3 4
[12659] = CNOT 1 3
[12660] = CNOT 1 4
[12661] = T 1
[12662] = S 1
[12663] = Z 1
[12664] = CNOT 1 4
[12665] = T 1
[12666] = S 1
[12667] = Z 1
[12668] = CNOT 1 3
[12669] = CNOT 4 5
[12670] = CNOT 4 6
[12671] = CNOT 4 10
[12672] = T 4
[12673] = CNOT 4 5
[12674] = T 4
[12675] = S 4
[12676] = Z 4
[12677] = CNOT 4 10
[12678] = CNOT 4 6
[12679] = CNOT 5 10
[12680] = T 5
[12681] = S 5
[12682] = CNOT 5 10
[12683] = CNOT 4 8
[12684] = T 4
[12685] = CNOT 4 8
[12686] = T 2
[12687] = S 3
[12688] = Z 3
[12689] = Z 5
[12690] = Z 6
[12691] = Z 10
[12692] = CNOT 1 4
[12693] = S 1
[12694] = CNOT 1 4
[12695] = CNOT 4 5
[12696] = Z 4
[12697] = CNOT 4 5
[12698] = CNOT 4 6
[12699] = S 4
[12700] = Z 4
[12701] = CNOT 4 6
[12702] = CNOT 4 10
[12703] = Z 4
[12704] = CNOT 4 10
[12705] = CNOT 5 6
[12706] = Z 5
[12707] = CNOT 5 6
[12708] = CNOT 6 10
[12709] = Z 6
[12710] = CNOT 6 10
[12711] = CNOT 4 5
[12712] = CNOT 4 6
[12713] = S 4
[12714] = Z 4
[12715] = CNOT 4 6
[12716] = CNOT 4 5
[12717] = CNOT 6 5
[12718] = CNOT 8 4
[12719] = CNOT 6 4
[12720] = CNOT 4 1
[12721] = H 10
[12722] = H 1
[12723] = CNOT 7 9
[12724] = CNOT 7 10
[12725] = T 7
[12726] = CNOT 7 10
[12727] = T 7
[12728] = S 7
[12729] = CNOT 7 9
[12730] = CNOT 9 10
[12731] = T 9
[12732] = S 9
[12733] = CNOT 9 10
[12734] = T 1
[12735] = T 7
[12736] = S 10
[12737] = CNOT 7 10
[12738] = S 7
[12739] = H 9
[12740] = T 9
[12741] = CNOT 8 9
[12742] = T 8
[12743] = S 8
[12744] = CNOT 8 9
[12745] = CNOT 1 8
[12746] = CNOT 1 9
[12747] = T 1
[12748] = CNOT 1 9
[12749] = T 1
[12750] = S 1
[12751] = CNOT 1 8
[12752] = CNOT 1 9
[12753] = T 1
[12754] = S 1
[12755] = CNOT 1 9
[12756] = T 8
[12757] = H 1
[12758] = H 9
[12759] = CNOT 7 9
[12760] = T 7
[12761] = Z 7
[12762] = CNOT 7 10
[12763] = T 7
[12764] = S 7
[12765] = Z 7
[12766] = CNOT 7 9
[12767] = CNOT 9 10
[12768] = T 9
[12769] = S 9
[12770] = Z 9
[12771] = CNOT 9 10
[12772] = T 1
[12773] = S 1
[12774] = CNOT 1 4
[12775] = T 1
[12776] = S 1
[12777] = CNOT 1 3
[12778] = T 1
[12779] = CNOT 1 4
[12780] = CNOT 1 3
[12781] = CNOT 3 4
[12782] = T 3
[12783] = S 3
[12784] = CNOT 3 4
[12785] = CNOT 1 3
[12786] = T 1
[12787] = S 1
[12788] = CNOT 1 3
[12789] = T 4
[12790] = T 7
[12791] = Z 7
[12792] = S 9
[12793] = Z 9
[12794] = Z 10
[12795] = H 10
[12796] = H 3
[12797] = CNOT 1 3
[12798] = CNOT 1 9
[12799] = T 1
[12800] = CNOT 1 3
[12801] = CNOT 3 9
[12802] = T 3
[12803] = S 3
[12804] = CNOT 3 9
[12805] = T 1
[12806] = S 1
[12807] = CNOT 1 9
[12808] = S 3
[12809] = S 6
[12810] = Z 6
[12811] = S 10
[12812] = CNOT 1 3
[12813] = S 1
[12814] = CNOT 1 3
[12815] = CNOT 5 6
[12816] = S 5
[12817] = CNOT 5 6
[12818] = CNOT 5 10
[12819] = S 5
[12820] = Z 5
[12821] = CNOT 6 10
[12822] = S 6
[12823] = CNOT 6 10
[12824] = CNOT 5 6
[12825] = S 5
[12826] = Z 5
[12827] = CNOT 5 10
[12828] = CNOT 5 6
[12829] = CNOT 3 1
[12830] = H 9
[12831] = H 10
[12832] = T 9
[12833] = CNOT 4 9
[12834] = T 4
[12835] = S 4
[12836] = CNOT 4 9
[12837] = CNOT 2 4
[12838] = CNOT 2 9
[12839] = T 2
[12840] = CNOT 2 9
[12841] = T 2
[12842] = S 2
[12843] = CNOT 2 4
[12844] = CNOT 2 9
[12845] = T 2
[12846] = S 2
[12847] = CNOT 2 9
[12848] = CNOT 7 10
[12849] = T 7
[12850] = S 7
[12851] = CNOT 7 10
[12852] = T 4
[12853] = T 2
[12854] = Z 7
[12855] = S 10
[12856] = Z 10
[12857] = CNOT 7 10
[12858] = H 9
[12859] = CNOT 3 9
[12860] = T 3
[12861] = Z 3
[12862] = CNOT 3 9
[12863] = CNOT 1 3
[12864] = CNOT 1 9
[12865] = T 1
[12866] = S 1
[12867] = Z 1
[12868] = CNOT 1 3
[12869] = T 1
[12870] = S 1
[12871] = Z 1
[12872] = CNOT 1 9
[12873] = CNOT 7 9
[12874] = T 7
[12875] = Z 7
[12876] = CNOT 7 10
[12877] = T 7
[12878] = S 7
[12879] = Z 7
[12880] = CNOT 7 9
[12881] = CNOT 9 10
[12882] = T 9
[12883] = S 9
[12884] = Z 9
[12885] = CNOT 9 10
[12886] = T 7
[12887] = Z 7
[12888] = CNOT 7 10
[12889] = T 7
[12890] = S 7
[12891] = Z 7
[12892] = CNOT 1 3
[12893] = T 1
[12894] = Z 1
[12895] = CNOT 1 3
[12896] = Z 1
[12897] = S 9
[12898] = Z 10
[12899] = CNOT 3 1
[12900] = H 9
[12901] = H 1
[12902] = T 9
[12903] = T 1
[12904] = CNOT 8 9
[12905] = T 8
[12906] = S 8
[12907] = CNOT 8 9
[12908] = CNOT 1 8
[12909] = CNOT 1 9
[12910] = T 1
[12911] = CNOT 1 9
[12912] = T 1
[12913] = S 1
[12914] = CNOT 1 8
[12915] = CNOT 1 9
[12916] = T 1
[12917] = S 1
[12918] = CNOT 1 9
[12919] = H 1
[12920] = H 9
[12921] = CNOT 7 9
[12922] = T 7
[12923] = Z 7
[12924] = CNOT 7 10
[12925] = T 7
[12926] = S 7
[12927] = Z 7
[12928] = CNOT 7 9
[12929] = CNOT 9 10
[12930] = T 9
[12931] = S 9
[12932] = Z 9
[12933] = CNOT 9 10
[12934] = CNOT 1 3
[12935] = CNOT 1 9
[12936] = T 1
[12937] = CNOT 1 3
[12938] = CNOT 3 9
[12939] = T 3
[12940] = S 3
[12941] = CNOT 3 9
[12942] = T 1
[12943] = S 1
[12944] = CNOT 1 9
[12945] = T 3
[12946] = S 1
[12947] = S 9
[12948] = Z 9
[12949] = Z 10
[12950] = CNOT 1 3
[12951] = S 1
[12952] = CNOT 1 3
[12953] = Z 7
[12954] = CNOT 3 1
[12955] = H 10
[12956] = H 9
[12957] = CNOT 6 10
[12958] = T 6
[12959] = Z 6
[12960] = CNOT 6 10
[12961] = CNOT 5 6
[12962] = CNOT 5 10
[12963] = T 5
[12964] = S 5
[12965] = Z 5
[12966] = CNOT 5 6
[12967] = T 5
[12968] = S 5
[12969] = Z 5
[12970] = CNOT 5 10
[12971] = T 9
[12972] = CNOT 4 9
[12973] = T 4
[12974] = S 4
[12975] = CNOT 4 9
[12976] = CNOT 2 4
[12977] = CNOT 2 9
[12978] = T 2
[12979] = CNOT 2 9
[12980] = T 2
[12981] = S 2
[12982] = CNOT 2 4
[12983] = CNOT 2 9
[12984] = T 2
[12985] = S 2
[12986] = CNOT 2 9
[12987] = CNOT 1 4
[12988] = CNOT 1 7
[12989] = T 1
[12990] = CNOT 1 7
[12991] = CNOT 1 4
[12992] = Z 5
[12993] = S 10
[12994] = Z 10
[12995] = CNOT 5 6
[12996] = Z 5
[12997] = CNOT 5 6
[12998] = CNOT 6 5
[12999] = CNOT 8 4
[13000] = CNOT 7 4
[13001] = CNOT 6 4
[13002] = CNOT 8 1
[13003] = CNOT 7 1
[13004] = CNOT 6 1
[13005] = CNOT 4 1
[13006] = H 2
[13007] = H 9
[13008] = H 8
[13009] = H 6
[13010] = CNOT 3 9
[13011] = T 3
[13012] = Z 3
[13013] = CNOT 3 9
[13014] = CNOT 1 3
[13015] = CNOT 1 9
[13016] = T 1
[13017] = S 1
[13018] = Z 1
[13019] = CNOT 1 3
[13020] = T 1
[13021] = S 1
[13022] = Z 1
[13023] = CNOT 1 9
[13024] = CNOT 1 2
[13025] = CNOT 1 3
[13026] = CNOT 1 7
[13027] = T 1
[13028] = CNOT 1 7
[13029] = CNOT 1 2
[13030] = CNOT 2 7
[13031] = CNOT 2 8
[13032] = T 2
[13033] = S 2
[13034] = Z 2
[13035] = CNOT 2 8
[13036] = CNOT 2 7
[13037] = CNOT 1 2
[13038] = T 1
[13039] = Z 1
[13040] = CNOT 1 8
[13041] = T 1
[13042] = CNOT 1 2
[13043] = CNOT 2 8
[13044] = T 2
[13045] = S 2
[13046] = CNOT 2 8
[13047] = CNOT 1 2
[13048] = CNOT 1 7
[13049] = T 1
[13050] = CNOT 1 8
[13051] = CNOT 1 7
[13052] = CNOT 1 3
[13053] = CNOT 1 2
[13054] = CNOT 2 6
[13055] = T 2
[13056] = S 2
[13057] = CNOT 2 6
[13058] = CNOT 6 7
[13059] = T 6
[13060] = S 6
[13061] = CNOT 6 7
[13062] = T 6
[13063] = CNOT 2 6
[13064] = CNOT 2 7
[13065] = T 2
[13066] = CNOT 2 7
[13067] = CNOT 2 6
[13068] = Z 3
[13069] = S 7
[13070] = Z 7
[13071] = S 8
[13072] = S 9
[13073] = Z 9
[13074] = CNOT 1 2
[13075] = Z 1
[13076] = CNOT 1 2
[13077] = CNOT 1 7
[13078] = S 1
[13079] = Z 1
[13080] = CNOT 1 7
[13081] = CNOT 1 8
[13082] = S 1
[13083] = Z 1
[13084] = CNOT 1 8
[13085] = CNOT 2 3
[13086] = Z 2
[13087] = CNOT 2 3
[13088] = CNOT 2 7
[13089] = S 2
[13090] = CNOT 2 7
[13091] = CNOT 3 7
[13092] = S 3
[13093] = Z 3
[13094] = CNOT 3 7
[13095] = CNOT 3 8
[13096] = S 3
[13097] = Z 3
[13098] = CNOT 3 8
[13099] = CNOT 7 8
[13100] = Z 7
[13101] = CNOT 7 8
[13102] = CNOT 1 2
[13103] = CNOT 1 7
[13104] = S 1
[13105] = Z 1
[13106] = CNOT 1 7
[13107] = CNOT 1 8
[13108] = S 1
[13109] = Z 1
[13110] = CNOT 1 8
[13111] = CNOT 1 2
[13112] = CNOT 1 3
[13113] = CNOT 1 7
[13114] = S 1
[13115] = Z 1
[13116] = CNOT 1 7
[13117] = CNOT 1 8
[13118] = S 1
[13119] = Z 1
[13120] = CNOT 1 8
[13121] = CNOT 1 3
[13122] = CNOT 2 3
[13123] = CNOT 2 7
[13124] = S 2
[13125] = Z 2
[13126] = CNOT 2 7
[13127] = CNOT 2 8
[13128] = S 2
[13129] = Z 2
[13130] = CNOT 2 8
[13131] = CNOT 2 3
[13132] = CNOT 3 1
[13133] = H 8
[13134] = H 6
[13135] = H 7
[13136] = T 6
[13137] = T 8
[13138] = T 7
[13139] = CNOT 6 8
[13140] = T 6
[13141] = S 6
[13142] = CNOT 6 7
[13143] = T 6
[13144] = CNOT 6 8
[13145] = CNOT 6 7
[13146] = CNOT 7 8
[13147] = T 7
[13148] = S 7
[13149] = CNOT 7 8
[13150] = CNOT 6 7
[13151] = T 6
[13152] = S 6
[13153] = CNOT 6 7
[13154] = H 7
[13155] = CNOT 1 3
[13156] = CNOT 1 8
[13157] = T 1
[13158] = CNOT 1 8
[13159] = CNOT 1 3
[13160] = CNOT 2 3
[13161] = CNOT 2 4
[13162] = CNOT 2 6
[13163] = CNOT 2 8
[13164] = T 2
[13165] = CNOT 2 8
[13166] = CNOT 2 6
[13167] = CNOT 2 4
[13168] = CNOT 2 3
[13169] = CNOT 1 2
[13170] = CNOT 1 4
[13171] = CNOT 1 6
[13172] = T 1
[13173] = CNOT 1 6
[13174] = CNOT 1 4
[13175] = CNOT 1 2
[13176] = S 1
[13177] = S 2
[13178] = S 4
[13179] = S 6
[13180] = CNOT 1 2
[13181] = S 1
[13182] = Z 1
[13183] = CNOT 1 2
[13184] = CNOT 1 4
[13185] = S 1
[13186] = Z 1
[13187] = CNOT 1 4
[13188] = CNOT 1 6
[13189] = S 1
[13190] = Z 1
[13191] = CNOT 1 6
[13192] = CNOT 2 4
[13193] = S 2
[13194] = Z 2
[13195] = CNOT 2 4
[13196] = CNOT 2 6
[13197] = S 2
[13198] = Z 2
[13199] = CNOT 2 6
[13200] = CNOT 4 6
[13201] = S 4
[13202] = Z 4
[13203] = CNOT 4 6
[13204] = CNOT 1 2
[13205] = CNOT 1 4
[13206] = S 1
[13207] = Z 1
[13208] = CNOT 1 4
[13209] = CNOT 1 6
[13210] = S 1
[13211] = Z 1
[13212] = CNOT 1 2
[13213] = CNOT 1 4
[13214] = S 1
[13215] = Z 1
[13216] = CNOT 1 6
[13217] = CNOT 1 4
[13218] = CNOT 2 4
[13219] = CNOT 2 6
[13220] = S 2
[13221] = Z 2
[13222] = CNOT 2 4
[13223] = CNOT 7 8
[13224] = CNOT 4 8
[13225] = CNOT 1 8
[13226] = CNOT 3 7
[13227] = CNOT 2 7
[13228] = CNOT 1 7
[13229] = CNOT 8 6
[13230] = CNOT 7 6
[13231] = CNOT 4 6
[13232] = CNOT 3 6
[13233] = CNOT 6 5
[13234] = CNOT 4 5
[13235] = CNOT 3 5
[13236] = CNOT 1 5
[13237] = CNOT 5 6
[13238] = CNOT 6 4
[13239] = CNOT 5 4
[13240] = CNOT 3 4
[13241] = CNOT 1 4
[13242] = CNOT 4 5
[13243] = CNOT 6 3
[13244] = CNOT 5 3
[13245] = CNOT 4 3
[13246] = CNOT 1 3
[13247] = CNOT 3 4
[13248] = CNOT 4 2
[13249] = CNOT 6 1
[13250] = CNOT 5 1
[13251] = CNOT 4 1
[13252] = CNOT 3 1
[13253] = CNOT 1 3
[13254] = H 6
[13255] = T 6
[13256] = Z 6
[13257] = CNOT 4 6
[13258] = T 4
[13259] = Z 4
[13260] = CNOT 4 6
[13261] = CNOT 3 4
[13262] = CNOT 3 6
[13263] = T 3
[13264] = S 3
[13265] = Z 3
[13266] = CNOT 3 4
[13267] = T 3
[13268] = S 3
[13269] = Z 3
[13270] = CNOT 3 6
[13271] = Z 3
[13272] = CNOT 3 4
[13273] = Z 3
[13274] = CNOT 3 4
[13275] = CNOT 4 3
[13276] = CNOT 4 2
[13277] = H 6
[13278] = CNOT 1 3
[13279] = T 1
[13280] = CNOT 1 3
[13281] = CNOT 1 2
[13282] = CNOT 1 4
[13283] = CNOT 1 5
[13284] = CNOT 1 6
[13285] = CNOT 1 8
[13286] = T 1
[13287] = CNOT 1 8
[13288] = CNOT 1 6
[13289] = CNOT 1 5
[13290] = CNOT 1 4
[13291] = CNOT 1 2
[13292] = CNOT 2 3
[13293] = CNOT 2 4
[13294] = CNOT 2 5
[13295] = CNOT 2 6
[13296] = CNOT 2 8
[13297] = T 2
[13298] = CNOT 2 8
[13299] = CNOT 2 6
[13300] = CNOT 2 5
[13301] = CNOT 2 4
[13302] = S 1
[13303] = Z 1
[13304] = S 3
[13305] = Z 3
[13306] = S 5
[13307] = Z 5
[13308] = S 7
[13309] = Z 7
[13310] = S 8
[13311] = Z 8
[13312] = S 2
[13313] = CNOT 2 3
[13314] = CNOT 2 4
[13315] = S 2
[13316] = CNOT 2 4
[13317] = CNOT 2 5
[13318] = S 2
[13319] = CNOT 2 5
[13320] = CNOT 2 6
[13321] = S 2
[13322] = CNOT 2 6
[13323] = CNOT 2 8
[13324] = S 2
[13325] = CNOT 2 8
[13326] = CNOT 3 4
[13327] = S 3
[13328] = CNOT 3 4
[13329] = CNOT 3 5
[13330] = S 3
[13331] = CNOT 3 5
[13332] = CNOT 3 6
[13333] = S 3
[13334] = CNOT 3 6
[13335] = CNOT 3 8
[13336] = S 3
[13337] = CNOT 3 8
[13338] = CNOT 4 5
[13339] = S 4
[13340] = CNOT 4 5
[13341] = CNOT 4 6
[13342] = S 4
[13343] = CNOT 4 6
[13344] = CNOT 4 8
[13345] = S 4
[13346] = CNOT 4 8
[13347] = CNOT 5 6
[13348] = S 5
[13349] = CNOT 5 6
[13350] = CNOT 5 8
[13351] = S 5
[13352] = CNOT 5 8
[13353] = CNOT 6 8
[13354] = S 6
[13355] = CNOT 6 8
[13356] = CNOT 1 3
[13357] = CNOT 1 5
[13358] = S 1
[13359] = CNOT 1 5
[13360] = CNOT 1 7
[13361] = S 1
[13362] = CNOT 1 7
[13363] = CNOT 1 8
[13364] = S 1
[13365] = CNOT 1 8
[13366] = CNOT 1 3
[13367] = CNOT 1 5
[13368] = CNOT 1 7
[13369] = S 1
[13370] = CNOT 1 7
[13371] = CNOT 1 8
[13372] = S 1
[13373] = CNOT 1 5
[13374] = CNOT 1 7
[13375] = S 1
[13376] = CNOT 1 7
[13377] = CNOT 2 3
[13378] = CNOT 2 4
[13379] = S 2
[13380] = Z 2
[13381] = CNOT 2 4
[13382] = CNOT 2 5
[13383] = S 2
[13384] = Z 2
[13385] = CNOT 2 5
[13386] = CNOT 2 6
[13387] = S 2
[13388] = CNOT 2 6
[13389] = CNOT 2 8
[13390] = S 2
[13391] = Z 2
[13392] = CNOT 2 8
[13393] = CNOT 2 3
[13394] = CNOT 2 4
[13395] = CNOT 2 5
[13396] = S 2
[13397] = Z 2
[13398] = CNOT 2 5
[13399] = CNOT 2 6
[13400] = S 2
[13401] = Z 2
[13402] = CNOT 2 6
[13403] = CNOT 2 8
[13404] = S 2
[13405] = Z 2
[13406] = CNOT 2 8
[13407] = CNOT 2 4
[13408] = CNOT 2 5
[13409] = CNOT 2 6
[13410] = S 2
[13411] = Z 2
[13412] = CNOT 2 6
[13413] = CNOT 2 8
[13414] = S 2
[13415] = Z 2
[13416] = CNOT 2 5
[13417] = CNOT 2 6
[13418] = S 2
[13419] = Z 2
[13420] = CNOT 2 8
[13421] = CNOT 2 6
[13422] = CNOT 3 4
[13423] = CNOT 3 5
[13424] = S 3
[13425] = Z 3
[13426] = CNOT 3 5
[13427] = CNOT 3 6
[13428] = S 3
[13429] = Z 3
[13430] = CNOT 3 6
[13431] = CNOT 3 8
[13432] = S 3
[13433] = Z 3
[13434] = CNOT 3 8
[13435] = CNOT 3 4
[13436] = CNOT 3 5
[13437] = CNOT 3 6
[13438] = S 3
[13439] = Z 3
[13440] = CNOT 3 6
[13441] = CNOT 3 7
[13442] = S 3
[13443] = CNOT 3 7
[13444] = CNOT 3 5
[13445] = CNOT 3 6
[13446] = CNOT 3 8
[13447] = S 3
[13448] = Z 3
[13449] = CNOT 3 6
[13450] = CNOT 3 7
[13451] = S 3
[13452] = CNOT 3 7
[13453] = CNOT 4 5
[13454] = CNOT 4 6
[13455] = S 4
[13456] = Z 4
[13457] = CNOT 4 6
[13458] = CNOT 4 8
[13459] = S 4
[13460] = Z 4
[13461] = CNOT 4 5
[13462] = CNOT 4 6
[13463] = S 4
[13464] = Z 4
[13465] = CNOT 4 8
[13466] = CNOT 4 6
[13467] = CNOT 5 6
[13468] = CNOT 5 8
[13469] = S 5
[13470] = Z 5
[13471] = CNOT 5 6
[13472] = CNOT 5 7
[13473] = S 5
[13474] = CNOT 6 8
[13475] = CNOT 8 7
[13476] = CNOT 4 7
[13477] = CNOT 5 6
[13478] = CNOT 1 6
[13479] = CNOT 7 5
[13480] = CNOT 6 5
[13481] = CNOT 4 5
[13482] = CNOT 3 5
[13483] = CNOT 2 5
[13484] = CNOT 5 6
[13485] = CNOT 7 3
[13486] = CNOT 6 3
[13487] = CNOT 2 3
[13488] = CNOT 1 3
[13489] = CNOT 3 6
[13490] = CNOT 8 2
[13491] = CNOT 5 2
[13492] = CNOT 4 2
[13493] = CNOT 3 2
[13494] = CNOT 1 2
[13495] = CNOT 8 1
[13496] = CNOT 7 1
[13497] = CNOT 3 1
[13498] = CNOT 2 1
[13499] = H 8
[13500] = T 8
[13501] = Z 8
[13502] = CNOT 4 8
[13503] = T 4
[13504] = Z 4
[13505] = CNOT 4 8
[13506] = CNOT 3 4
[13507] = CNOT 3 8
[13508] = T 3
[13509] = S 3
[13510] = Z 3
[13511] = CNOT 3 4
[13512] = T 3
[13513] = S 3
[13514] = Z 3
[13515] = CNOT 3 8
[13516] = Z 3
[13517] = CNOT 3 4
[13518] = Z 3
[13519] = CNOT 3 4
[13520] = CNOT 3 6
[13521] = CNOT 4 3
[13522] = H 8
[13523] = T 8
[13524] = Z 8
[13525] = CNOT 2 8
[13526] = T 2
[13527] = S 2
[13528] = CNOT 2 8
[13529] = Z 2
[13530] = CNOT 7 8
[13531] = CNOT 4 8
[13532] = CNOT 3 8
[13533] = CNOT 8 2
[13534] = H 3
[13535] = H 4
[13536] = CNOT 3 4
[13537] = T 3
[13538] = CNOT 3 8
[13539] = T 3
[13540] = S 3
[13541] = Z 3
[13542] = CNOT 3 8
[13543] = CNOT 3 4
[13544] = CNOT 2 3
[13545] = CNOT 2 4
[13546] = CNOT 2 8
[13547] = T 2
[13548] = CNOT 2 8
[13549] = T 2
[13550] = S 2
[13551] = Z 2
[13552] = CNOT 2 4
[13553] = CNOT 2 3
[13554] = T 2
[13555] = S 2
[13556] = Z 3
[13557] = Z 4
[13558] = S 8
[13559] = CNOT 2 8
[13560] = S 2
[13561] = Z 2
[13562] = CNOT 3 8
[13563] = S 3
[13564] = Z 3
[13565] = CNOT 3 8
[13566] = CNOT 4 8
[13567] = S 4
[13568] = Z 4
[13569] = CNOT 4 8
[13570] = CNOT 2 3
[13571] = S 2
[13572] = Z 2
[13573] = CNOT 2 3
[13574] = CNOT 2 4
[13575] = S 2
[13576] = Z 2
[13577] = CNOT 2 8
[13578] = CNOT 2 4
[13579] = CNOT 8 6
[13580] = CNOT 8 2
[13581] = H 3
[13582] = H 4
[13583] = H 6
[13584] = T 3
[13585] = T 4
[13586] = T 6
[13587] = CNOT 3 4
[13588] = T 3
[13589] = S 3
[13590] = CNOT 3 6
[13591] = T 3
[13592] = CNOT 3 4
[13593] = CNOT 4 6
[13594] = T 4
[13595] = S 4
[13596] = CNOT 4 6
[13597] = T 3
[13598] = S 3
[13599] = CNOT 3 6
[13600] = CNOT 4 7
[13601] = CNOT 2 7
[13602] = CNOT 4 3
[13603] = CNOT 4 2
[13604] = H 6
[13605] = CNOT 1 6
[13606] = T 1
[13607] = CNOT 1 8
[13608] = T 1
[13609] = CNOT 1 6
[13610] = T 8
[13611] = S 8
[13612] = Z 8
[13613] = CNOT 2 6
[13614] = CNOT 2 8
[13615] = T 2
[13616] = CNOT 2 6
[13617] = CNOT 3 6
[13618] = CNOT 3 7
[13619] = T 3
[13620] = CNOT 3 7
[13621] = CNOT 3 6
[13622] = CNOT 1 7
[13623] = T 1
[13624] = CNOT 1 8
[13625] = CNOT 1 7
[13626] = CNOT 7 8
[13627] = CNOT 3 8
[13628] = CNOT 6 7
[13629] = CNOT 2 7
[13630] = CNOT 1 7
[13631] = CNOT 3 6
[13632] = CNOT 2 6
[13633] = CNOT 6 1
[13634] = H 7
[13635] = T 7
[13636] = Z 7
[13637] = CNOT 7 8
[13638] = T 7
[13639] = Z 7
[13640] = CNOT 7 8
[13641] = CNOT 6 7
[13642] = CNOT 6 8
[13643] = T 6
[13644] = S 6
[13645] = Z 6
[13646] = CNOT 6 8
[13647] = T 6
[13648] = S 6
[13649] = Z 6
[13650] = CNOT 6 7
[13651] = Z 6
[13652] = CNOT 6 8
[13653] = Z 6
[13654] = CNOT 6 8
[13655] = CNOT 8 6
[13656] = H 7
[13657] = H 6
[13658] = H 8
[13659] = T 6
[13660] = CNOT 2 7
[13661] = T 2
[13662] = S 2
[13663] = CNOT 2 6
[13664] = T 2
[13665] = CNOT 2 7
[13666] = CNOT 2 6
[13667] = CNOT 6 7
[13668] = T 6
[13669] = S 6
[13670] = CNOT 6 7
[13671] = CNOT 2 6
[13672] = T 2
[13673] = S 2
[13674] = CNOT 2 6
[13675] = T 8
[13676] = CNOT 3 7
[13677] = T 3
[13678] = S 3
[13679] = CNOT 3 8
[13680] = T 3
[13681] = CNOT 3 7
[13682] = CNOT 7 8
[13683] = T 7
[13684] = S 7
[13685] = CNOT 7 8
[13686] = T 3
[13687] = S 3
[13688] = CNOT 3 8
[13689] = CNOT 4 7
[13690] = T 4
[13691] = CNOT 4 7
[13692] = S 7
[13693] = CNOT 7 4
[13694] = H 6
[13695] = H 8
[13696] = H 3
[13697] = H 2
[13698] = T 4
[13699] = S 4
[13700] = Z 4
[13701] = CNOT 3 4
[13702] = T 3
[13703] = Z 3
[13704] = CNOT 3 4
[13705] = CNOT 1 3
[13706] = CNOT 1 4
[13707] = T 1
[13708] = S 1
[13709] = Z 1
[13710] = CNOT 1 4
[13711] = T 1
[13712] = S 1
[13713] = Z 1
[13714] = CNOT 1 3
[13715] = CNOT 4 5
[13716] = CNOT 4 6
[13717] = CNOT 4 10
[13718] = T 4
[13719] = CNOT 4 5
[13720] = T 4
[13721] = S 4
[13722] = Z 4
[13723] = CNOT 4 10
[13724] = CNOT 4 6
[13725] = CNOT 5 10
[13726] = T 5
[13727] = S 5
[13728] = CNOT 5 10
[13729] = CNOT 4 8
[13730] = T 4
[13731] = CNOT 4 8
[13732] = T 2
[13733] = S 3
[13734] = Z 3
[13735] = Z 5
[13736] = Z 6
[13737] = Z 10
[13738] = CNOT 1 4
[13739] = S 1
[13740] = CNOT 1 4
[13741] = CNOT 4 5
[13742] = Z 4
[13743] = CNOT 4 5
[13744] = CNOT 4 6
[13745] = S 4
[13746] = Z 4
[13747] = CNOT 4 6
[13748] = CNOT 4 10
[13749] = Z 4
[13750] = CNOT 4 10
[13751] = CNOT 5 6
[13752] = Z 5
[13753] = CNOT 5 6
[13754] = CNOT 6 10
[13755] = Z 6
[13756] = CNOT 6 10
[13757] = CNOT 4 5
[13758] = CNOT 4 6
[13759] = S 4
[13760] = Z 4
[13761] = CNOT 4 6
[13762] = CNOT 4 5
[13763] = CNOT 6 5
[13764] = CNOT 8 4
[13765] = CNOT 6 4
[13766] = CNOT 4 1
[13767] = H 10
[13768] = H 1
[13769] = CNOT 7 9
[13770] = CNOT 7 10
[13771] = T 7
[13772] = CNOT 7 10
[13773] = T 7
[13774] = S 7
[13775] = CNOT 7 9
[13776] = CNOT 9 10
[13777] = T 9
[13778] = S 9
[13779] = CNOT 9 10
[13780] = T 1
[13781] = T 7
[13782] = S 10
[13783] = CNOT 7 10
[13784] = S 7
[13785] = H 9
[13786] = T 9
[13787] = CNOT 8 9
[13788] = T 8
[13789] = S 8
[13790] = CNOT 8 9
[13791] = CNOT 1 8
[13792] = CNOT 1 9
[13793] = T 1
[13794] = CNOT 1 9
[13795] = T 1
[13796] = S 1
[13797] = CNOT 1 8
[13798] = CNOT 1 9
[13799] = T 1
[13800] = S 1
[13801] = CNOT 1 9
[13802] = T 8
[13803] = H 1
[13804] = H 9
[13805] = CNOT 7 9
[13806] = T 7
[13807] = Z 7
[13808] = CNOT 7 10
[13809] = T 7
[13810] = S 7
[13811] = Z 7
[13812] = CNOT 7 9
[13813] = CNOT 9 10
[13814] = T 9
[13815] = S 9
[13816] = Z 9
[13817] = CNOT 9 10
[13818] = T 1
[13819] = S 1
[13820] = CNOT 1 4
[13821] = T 1
[13822] = S 1
[13823] = CNOT 1 3
[13824] = T 1
[13825] = CNOT 1 4
[13826] = CNOT 1 3
[13827] = CNOT 3 4
[13828] = T 3
[13829] = S 3
[13830] = CNOT 3 4
[13831] = CNOT 1 3
[13832] = T 1
[13833] = S 1
[13834] = CNOT 1 3
[13835] = T 4
[13836] = T 7
[13837] = Z 7
[13838] = S 9
[13839] = Z 9
[13840] = Z 10
[13841] = H 10
[13842] = H 3
[13843] = CNOT 1 3
[13844] = CNOT 1 9
[13845] = T 1
[13846] = CNOT 1 3
[13847] = CNOT 3 9
[13848] = T 3
[13849] = S 3
[13850] = CNOT 3 9
[13851] = T 1
[13852] = S 1
[13853] = CNOT 1 9
[13854] = S 3
[13855] = S 6
[13856] = Z 6
[13857] = S 10
[13858] = CNOT 1 3
[13859] = S 1
[13860] = CNOT 1 3
[13861] = CNOT 5 6
[13862] = S 5
[13863] = CNOT 5 6
[13864] = CNOT 5 10
[13865] = S 5
[13866] = Z 5
[13867] = CNOT 6 10
[13868] = S 6
[13869] = CNOT 6 10
[13870] = CNOT 5 6
[13871] = S 5
[13872] = Z 5
[13873] = CNOT 5 10
[13874] = CNOT 5 6
[13875] = CNOT 3 1
[13876] = H 9
[13877] = H 10
[13878] = T 9
[13879] = CNOT 4 9
[13880] = T 4
[13881] = S 4
[13882] = CNOT 4 9
[13883] = CNOT 2 4
[13884] = CNOT 2 9
[13885] = T 2
[13886] = CNOT 2 9
[13887] = T 2
[13888] = S 2
[13889] = CNOT 2 4
[13890] = CNOT 2 9
[13891] = T 2
[13892] = S 2
[13893] = CNOT 2 9
[13894] = CNOT 7 10
[13895] = T 7
[13896] = S 7
[13897] = CNOT 7 10
[13898] = T 4
[13899] = T 2
[13900] = Z 7
[13901] = S 10
[13902] = Z 10
[13903] = CNOT 7 10
[13904] = H 9
[13905] = CNOT 3 9
[13906] = T 3
[13907] = Z 3
[13908] = CNOT 3 9
[13909] = CNOT 1 3
[13910] = CNOT 1 9
[13911] = T 1
[13912] = S 1
[13913] = Z 1
[13914] = CNOT 1 3
[13915] = T 1
[13916] = S 1
[13917] = Z 1
[13918] = CNOT 1 9
[13919] = CNOT 7 9
[13920] = T 7
[13921] = Z 7
[13922] = CNOT 7 10
[13923] = T 7
[13924] = S 7
[13925] = Z 7
[13926] = CNOT 7 9
[13927] = CNOT 9 10
[13928] = T 9
[13929] = S 9
[13930] = Z 9
[13931] = CNOT 9 10
[13932] = T 7
[13933] = Z 7
[13934] = CNOT 7 10
[13935] = T 7
[13936] = S 7
[13937] = Z 7
[13938] = CNOT 1 3
[13939] = T 1
[13940] = Z 1
[13941] = CNOT 1 3
[13942] = Z 1
[13943] = S 9
[13944] = Z 10
[13945] = CNOT 3 1
[13946] = H 9
[13947] = H 1
[13948] = T 9
[13949] = T 1
[13950] = CNOT 8 9
[13951] = T 8
[13952] = S 8
[13953] = CNOT 8 9
[13954] = CNOT 1 8
[13955] = CNOT 1 9
[13956] = T 1
[13957] = CNOT 1 9
[13958] = T 1
[13959] = S 1
[13960] = CNOT 1 8
[13961] = CNOT 1 9
[13962] = T 1
[13963] = S 1
[13964] = CNOT 1 9
[13965] = H 1
[13966] = H 9
[13967] = CNOT 7 9
[13968] = T 7
[13969] = Z 7
[13970] = CNOT 7 10
[13971] = T 7
[13972] = S 7
[13973] = Z 7
[13974] = CNOT 7 9
[13975] = CNOT 9 10
[13976] = T 9
[13977] = S 9
[13978] = Z 9
[13979] = CNOT 9 10
[13980] = CNOT 1 3
[13981] = CNOT 1 9
[13982] = T 1
[13983] = CNOT 1 3
[13984] = CNOT 3 9
[13985] = T 3
[13986] = S 3
[13987] = CNOT 3 9
[13988] = T 1
[13989] = S 1
[13990] = CNOT 1 9
[13991] = T 3
[13992] = S 1
[13993] = S 9
[13994] = Z 9
[13995] = Z 10
[13996] = CNOT 1 3
[13997] = S 1
[13998] = CNOT 1 3
[13999] = Z 7
[14000] = CNOT 3 1
[14001] = H 10
[14002] = H 9
[14003] = CNOT 6 10
[14004] = T 6
[14005] = Z 6
[14006] = CNOT 6 10
[14007] = CNOT 5 6
[14008] = CNOT 5 10
[14009] = T 5
[14010] = S 5
[14011] = Z 5
[14012] = CNOT 5 6
[14013] = T 5
[14014] = S 5
[14015] = Z 5
[14016] = CNOT 5 10
[14017] = T 9
[14018] = CNOT 4 9
[14019] = T 4
[14020] = S 4
[14021] = CNOT 4 9
[14022] = CNOT 2 4
[14023] = CNOT 2 9
[14024] = T 2
[14025] = CNOT 2 9
[14026] = T 2
[14027] = S 2
[14028] = CNOT 2 4
[14029] = CNOT 2 9
[14030] = T 2
[14031] = S 2
[14032] = CNOT 2 9
[14033] = CNOT 1 4
[14034] = CNOT 1 7
[14035] = T 1
[14036] = CNOT 1 7
[14037] = CNOT 1 4
[14038] = Z 5
[14039] = S 10
[14040] = Z 10
[14041] = CNOT 5 6
[14042] = Z 5
[14043] = CNOT 5 6
[14044] = CNOT 6 5
[14045] = CNOT 8 4
[14046] = CNOT 7 4
[14047] = CNOT 6 4
[14048] = CNOT 8 1
[14049] = CNOT 7 1
[14050] = CNOT 6 1
[14051] = CNOT 4 1
[14052] = H 2
[14053] = H 9
[14054] = H 8
[14055] = H 6
[14056] = CNOT 3 9
[14057] = T 3
[14058] = Z 3
[14059] = CNOT 3 9
[14060] = CNOT 1 3
[14061] = CNOT 1 9
[14062] = T 1
[14063] = S 1
[14064] = Z 1
[14065] = CNOT 1 3
[14066] = T 1
[14067] = S 1
[14068] = Z 1
[14069] = CNOT 1 9
[14070] = CNOT 1 3
[14071] = T 1
[14072] = Z 1
[14073] = CNOT 2 6
[14074] = CNOT 2 8
[14075] = T 2
[14076] = S 2
[14077] = Z 2
[14078] = CNOT 2 6
[14079] = CNOT 1 7
[14080] = T 1
[14081] = S 1
[14082] = Z 1
[14083] = CNOT 1 8
[14084] = T 1
[14085] = CNOT 1 7
[14086] = CNOT 6 7
[14087] = CNOT 6 8
[14088] = T 6
[14089] = S 6
[14090] = Z 6
[14091] = CNOT 6 8
[14092] = CNOT 6 7
[14093] = T 1
[14094] = S 1
[14095] = Z 1
[14096] = CNOT 1 8
[14097] = CNOT 1 3
[14098] = T 2
[14099] = CNOT 2 6
[14100] = CNOT 2 7
[14101] = T 2
[14102] = CNOT 2 6
[14103] = CNOT 6 8
[14104] = T 6
[14105] = CNOT 6 8
[14106] = T 2
[14107] = S 2
[14108] = Z 2
[14109] = CNOT 2 8
[14110] = CNOT 2 7
[14111] = Z 1
[14112] = S 9
[14113] = Z 9
[14114] = CNOT 1 7
[14115] = Z 1
[14116] = CNOT 1 7
[14117] = CNOT 1 8
[14118] = Z 1
[14119] = CNOT 1 8
[14120] = CNOT 2 6
[14121] = Z 2
[14122] = CNOT 2 6
[14123] = CNOT 2 7
[14124] = Z 2
[14125] = CNOT 2 7
[14126] = CNOT 3 7
[14127] = Z 3
[14128] = CNOT 3 7
[14129] = CNOT 3 8
[14130] = Z 3
[14131] = CNOT 3 8
[14132] = CNOT 6 7
[14133] = Z 6
[14134] = CNOT 6 7
[14135] = CNOT 3 1
[14136] = H 8
[14137] = H 6
[14138] = H 7
[14139] = T 6
[14140] = T 8
[14141] = T 7
[14142] = CNOT 6 8
[14143] = T 6
[14144] = S 6
[14145] = CNOT 6 7
[14146] = T 6
[14147] = CNOT 6 8
[14148] = CNOT 6 7
[14149] = CNOT 7 8
[14150] = T 7
[14151] = S 7
[14152] = CNOT 7 8
[14153] = CNOT 6 7
[14154] = T 6
[14155] = S 6
[14156] = CNOT 6 7
[14157] = H 7
[14158] = CNOT 1 3
[14159] = CNOT 1 8
[14160] = T 1
[14161] = CNOT 1 8
[14162] = CNOT 1 3
[14163] = CNOT 2 3
[14164] = CNOT 2 4
[14165] = CNOT 2 6
[14166] = CNOT 2 8
[14167] = T 2
[14168] = CNOT 2 8
[14169] = CNOT 2 6
[14170] = CNOT 2 4
[14171] = CNOT 2 3
[14172] = CNOT 1 2
[14173] = CNOT 1 4
[14174] = CNOT 1 6
[14175] = T 1
[14176] = CNOT 1 4
[14177] = T 1
[14178] = S 1
[14179] = Z 1
[14180] = CNOT 1 6
[14181] = CNOT 1 2
[14182] = S 1
[14183] = S 2
[14184] = S 4
[14185] = S 6
[14186] = CNOT 1 2
[14187] = S 1
[14188] = Z 1
[14189] = CNOT 1 2
[14190] = CNOT 1 4
[14191] = S 1
[14192] = Z 1
[14193] = CNOT 1 4
[14194] = CNOT 1 6
[14195] = S 1
[14196] = Z 1
[14197] = CNOT 1 6
[14198] = CNOT 2 4
[14199] = S 2
[14200] = Z 2
[14201] = CNOT 2 4
[14202] = CNOT 2 6
[14203] = S 2
[14204] = Z 2
[14205] = CNOT 2 6
[14206] = CNOT 4 6
[14207] = S 4
[14208] = Z 4
[14209] = CNOT 4 6
[14210] = CNOT 1 2
[14211] = CNOT 1 4
[14212] = S 1
[14213] = Z 1
[14214] = CNOT 1 2
[14215] = CNOT 1 6
[14216] = S 1
[14217] = Z 1
[14218] = CNOT 1 6
[14219] = CNOT 1 4
[14220] = CNOT 2 4
[14221] = CNOT 2 6
[14222] = S 2
[14223] = Z 2
[14224] = CNOT 2 4
[14225] = CNOT 3 8
[14226] = CNOT 3 7
[14227] = CNOT 2 7
[14228] = CNOT 1 7
[14229] = CNOT 8 6
[14230] = CNOT 4 2
[14231] = CNOT 6 1
[14232] = CNOT 4 1
[14233] = CNOT 3 1
[14234] = CNOT 2 1
[14235] = H 6
[14236] = T 6
[14237] = Z 6
[14238] = CNOT 4 6
[14239] = T 4
[14240] = Z 4
[14241] = CNOT 4 6
[14242] = CNOT 3 4
[14243] = CNOT 3 6
[14244] = T 3
[14245] = S 3
[14246] = Z 3
[14247] = CNOT 3 4
[14248] = T 3
[14249] = S 3
[14250] = Z 3
[14251] = CNOT 3 6
[14252] = Z 3
[14253] = CNOT 3 4
[14254] = Z 3
[14255] = CNOT 3 4
[14256] = H 6
[14257] = CNOT 6 8
[14258] = T 6
[14259] = Z 6
[14260] = CNOT 6 8
[14261] = CNOT 2 6
[14262] = CNOT 2 8
[14263] = T 2
[14264] = S 2
[14265] = Z 2
[14266] = CNOT 2 8
[14267] = Z 2
[14268] = CNOT 2 6
[14269] = CNOT 2 8
[14270] = Z 2
[14271] = CNOT 2 8
[14272] = CNOT 3 8
[14273] = CNOT 8 6
[14274] = CNOT 5 6
[14275] = CNOT 4 6
[14276] = CNOT 3 6
[14277] = CNOT 1 6
[14278] = CNOT 8 2
[14279] = H 3
[14280] = T 3
[14281] = Z 3
[14282] = CNOT 3 8
[14283] = T 3
[14284] = Z 3
[14285] = CNOT 3 8
[14286] = CNOT 2 3
[14287] = CNOT 2 8
[14288] = T 2
[14289] = S 2
[14290] = Z 2
[14291] = CNOT 2 8
[14292] = T 2
[14293] = S 2
[14294] = Z 2
[14295] = CNOT 2 3
[14296] = Z 2
[14297] = CNOT 2 8
[14298] = Z 2
[14299] = CNOT 2 8
[14300] = CNOT 8 2
[14301] = H 3
[14302] = H 8
[14303] = CNOT 3 6
[14304] = T 3
[14305] = Z 3
[14306] = CNOT 3 6
[14307] = CNOT 3 4
[14308] = T 3
[14309] = Z 3
[14310] = CNOT 3 4
[14311] = T 8
[14312] = CNOT 4 6
[14313] = T 4
[14314] = S 4
[14315] = CNOT 4 8
[14316] = T 4
[14317] = CNOT 4 8
[14318] = CNOT 4 6
[14319] = CNOT 3 4
[14320] = CNOT 3 8
[14321] = T 3
[14322] = S 3
[14323] = Z 3
[14324] = CNOT 3 4
[14325] = CNOT 3 6
[14326] = T 3
[14327] = S 3
[14328] = Z 3
[14329] = CNOT 3 8
[14330] = CNOT 3 6
[14331] = Z 4
[14332] = Z 6
[14333] = CNOT 4 8
[14334] = Z 4
[14335] = CNOT 4 8
[14336] = CNOT 6 8
[14337] = Z 6
[14338] = CNOT 6 8
[14339] = CNOT 4 7
[14340] = CNOT 3 7
[14341] = CNOT 1 7
[14342] = CNOT 4 6
[14343] = CNOT 3 6
[14344] = CNOT 6 5
[14345] = CNOT 4 5
[14346] = CNOT 6 3
[14347] = CNOT 5 3
[14348] = CNOT 4 3
[14349] = CNOT 6 2
[14350] = CNOT 6 1
[14351] = CNOT 4 1
[14352] = CNOT 3 1
[14353] = CNOT 2 1
[14354] = H 8
[14355] = CNOT 5 8
[14356] = T 5
[14357] = CNOT 5 8
[14358] = CNOT 1 6
[14359] = CNOT 1 7
[14360] = T 1
[14361] = CNOT 1 7
[14362] = CNOT 1 6
[14363] = S 1
[14364] = Z 2
[14365] = S 5
[14366] = S 6
[14367] = Z 6
[14368] = S 7
[14369] = S 8
[14370] = Z 8
[14371] = CNOT 1 2
[14372] = Z 1
[14373] = CNOT 1 2
[14374] = CNOT 1 5
[14375] = Z 1
[14376] = CNOT 1 5
[14377] = CNOT 1 6
[14378] = Z 1
[14379] = CNOT 1 6
[14380] = CNOT 2 5
[14381] = Z 2
[14382] = CNOT 2 5
[14383] = CNOT 2 7
[14384] = Z 2
[14385] = CNOT 2 7
[14386] = CNOT 5 7
[14387] = Z 5
[14388] = CNOT 5 7
[14389] = CNOT 6 7
[14390] = Z 6
[14391] = CNOT 6 7
[14392] = CNOT 1 2
[14393] = CNOT 1 5
[14394] = Z 1
[14395] = CNOT 1 5
[14396] = CNOT 1 7
[14397] = Z 1
[14398] = CNOT 1 7
[14399] = CNOT 1 2
[14400] = CNOT 1 5
[14401] = CNOT 1 6
[14402] = S 1
[14403] = CNOT 1 6
[14404] = CNOT 1 7
[14405] = S 1
[14406] = Z 1
[14407] = CNOT 1 7
[14408] = CNOT 1 8
[14409] = S 1
[14410] = CNOT 1 5
[14411] = CNOT 1 6
[14412] = S 1
[14413] = CNOT 1 6
[14414] = CNOT 1 7
[14415] = S 1
[14416] = CNOT 1 8
[14417] = CNOT 2 5
[14418] = CNOT 2 7
[14419] = Z 2
[14420] = CNOT 2 5
[14421] = CNOT 5 6
[14422] = CNOT 5 7
[14423] = S 5
[14424] = CNOT 5 7
[14425] = CNOT 5 8
[14426] = S 5
[14427] = CNOT 5 6
[14428] = CNOT 5 7
[14429] = S 5
[14430] = CNOT 6 7
[14431] = CNOT 6 8
[14432] = S 6
[14433] = CNOT 6 8
[14434] = CNOT 3 8
[14435] = CNOT 2 8
[14436] = CNOT 4 7
[14437] = CNOT 3 7
[14438] = CNOT 4 6
[14439] = CNOT 2 6
[14440] = CNOT 1 6
[14441] = CNOT 8 5
[14442] = CNOT 7 5
[14443] = CNOT 6 5
[14444] = CNOT 2 5
[14445] = CNOT 1 5
[14446] = CNOT 7 3
[14447] = CNOT 2 3
[14448] = CNOT 1 3
[14449] = CNOT 8 2
[14450] = CNOT 7 2
[14451] = CNOT 3 2
[14452] = CNOT 1 2
[14453] = CNOT 2 3
[14454] = CNOT 8 1
[14455] = CNOT 7 1
[14456] = CNOT 5 1
[14457] = CNOT 3 1
[14458] = CNOT 2 1
[14459] = CNOT 1 2
[14460] = H 4
[14461] = T 4
[14462] = Z 4
[14463] = CNOT 4 7
[14464] = T 4
[14465] = Z 4
[14466] = CNOT 4 7
[14467] = CNOT 3 4
[14468] = CNOT 3 7
[14469] = T 3
[14470] = S 3
[14471] = Z 3
[14472] = CNOT 3 7
[14473] = T 3
[14474] = S 3
[14475] = Z 3
[14476] = CNOT 3 4
[14477] = Z 3
[14478] = CNOT 3 7
[14479] = Z 3
[14480] = CNOT 3 7
[14481] = CNOT 7 6
[14482] = CNOT 7 3
[14483] = H 4
[14484] = H 6
[14485] = T 4
[14486] = T 6
[14487] = CNOT 3 4
[14488] = T 3
[14489] = S 3
[14490] = CNOT 3 6
[14491] = T 3
[14492] = CNOT 3 4
[14493] = CNOT 4 6
[14494] = T 4
[14495] = S 4
[14496] = CNOT 4 6
[14497] = T 3
[14498] = S 3
[14499] = CNOT 3 6
[14500] = CNOT 4 3
[14501] = H 6
[14502] = CNOT 1 6
[14503] = T 1
[14504] = CNOT 1 6
[14505] = CNOT 1 8
[14506] = T 1
[14507] = CNOT 6 8
[14508] = T 6
[14509] = S 6
[14510] = CNOT 6 8
[14511] = CNOT 2 7
[14512] = CNOT 2 8
[14513] = T 2
[14514] = CNOT 2 8
[14515] = CNOT 2 7
[14516] = CNOT 3 7
[14517] = T 3
[14518] = CNOT 3 7
[14519] = CNOT 1 7
[14520] = T 1
[14521] = CNOT 1 8
[14522] = CNOT 1 7
[14523] = Z 6
[14524] = Z 8
[14525] = CNOT 7 8
[14526] = CNOT 3 8
[14527] = CNOT 8 7
[14528] = CNOT 6 7
[14529] = CNOT 3 7
[14530] = CNOT 2 7
[14531] = CNOT 1 7
[14532] = CNOT 8 6
[14533] = CNOT 4 6
[14534] = CNOT 4 2
[14535] = CNOT 6 1
[14536] = H 7
[14537] = T 7
[14538] = Z 7
[14539] = CNOT 7 8
[14540] = T 7
[14541] = Z 7
[14542] = CNOT 7 8
[14543] = CNOT 6 7
[14544] = CNOT 6 8
[14545] = T 6
[14546] = S 6
[14547] = Z 6
[14548] = CNOT 6 8
[14549] = T 6
[14550] = S 6
[14551] = Z 6
[14552] = CNOT 6 7
[14553] = Z 6
[14554] = CNOT 6 8
[14555] = Z 6
[14556] = CNOT 6 8
[14557] = CNOT 8 6
[14558] = H 7
[14559] = H 6
[14560] = H 8
[14561] = T 6
[14562] = CNOT 2 7
[14563] = T 2
[14564] = S 2
[14565] = CNOT 2 6
[14566] = T 2
[14567] = CNOT 2 7
[14568] = CNOT 2 6
[14569] = CNOT 6 7
[14570] = T 6
[14571] = S 6
[14572] = CNOT 6 7
[14573] = CNOT 2 6
[14574] = T 2
[14575] = S 2
[14576] = CNOT 2 6
[14577] = T 8
[14578] = CNOT 3 7
[14579] = T 3
[14580] = S 3
[14581] = CNOT 3 8
[14582] = T 3
[14583] = CNOT 3 7
[14584] = CNOT 7 8
[14585] = T 7
[14586] = S 7
[14587] = CNOT 7 8
[14588] = T 3
[14589] = S 3
[14590] = CNOT 3 8
[14591] = CNOT 4 7
[14592] = T 4
[14593] = CNOT 4 7
[14594] = S 7
[14595] = CNOT 7 4
[14596] = H 6
[14597] = H 8
[14598] = H 3
[14599] = H 2
[14600] = T 4
[14601] = S 4
[14602] = Z 4
[14603] = CNOT 3 4
[14604] = T 3
[14605] = Z 3
[14606] = CNOT 3 4
[14607] = CNOT 1 3
[14608] = CNOT 1 4
[14609] = T 1
[14610] = S 1
[14611] = Z 1
[14612] = CNOT 1 4
[14613] = T 1
[14614] = S 1
[14615] = Z 1
[14616] = CNOT 1 3
[14617] = CNOT 4 5
[14618] = CNOT 4 6
[14619] = CNOT 4 10
[14620] = T 4
[14621] = CNOT 4 5
[14622] = T 4
[14623] = S 4
[14624] = Z 4
[14625] = CNOT 4 10
[14626] = CNOT 4 6
[14627] = CNOT 5 10
[14628] = T 5
[14629] = S 5
[14630] = CNOT 5 10
[14631] = CNOT 4 8
[14632] = T 4
[14633] = CNOT 4 8
[14634] = T 2
[14635] = S 3
[14636] = Z 3
[14637] = Z 5
[14638] = Z 6
[14639] = Z 10
[14640] = CNOT 1 4
[14641] = S 1
[14642] = CNOT 1 4
[14643] = CNOT 4 5
[14644] = Z 4
[14645] = CNOT 4 5
[14646] = CNOT 4 6
[14647] = S 4
[14648] = Z 4
[14649] = CNOT 4 6
[14650] = CNOT 4 10
[14651] = Z 4
[14652] = CNOT 4 10
[14653] = CNOT 5 6
[14654] = Z 5
[14655] = CNOT 5 6
[14656] = CNOT 6 10
[14657] = Z 6
[14658] = CNOT 6 10
[14659] = CNOT 4 5
[14660] = CNOT 4 6
[14661] = S 4
[14662] = Z 4
[14663] = CNOT 4 6
[14664] = CNOT 4 5
[14665] = CNOT 6 5
[14666] = CNOT 8 4
[14667] = CNOT 6 4
[14668] = CNOT 4 1
[14669] = H 10
[14670] = H 1
[14671] = CNOT 7 9
[14672] = CNOT 7 10
[14673] = T 7
[14674] = CNOT 7 10
[14675] = T 7
[14676] = S 7
[14677] = CNOT 7 9
[14678] = CNOT 9 10
[14679] = T 9
[14680] = S 9
[14681] = CNOT 9 10
[14682] = T 1
[14683] = T 7
[14684] = S 10
[14685] = CNOT 7 10
[14686] = S 7
[14687] = H 9
[14688] = T 9
[14689] = CNOT 8 9
[14690] = T 8
[14691] = S 8
[14692] = CNOT 8 9
[14693] = CNOT 1 8
[14694] = CNOT 1 9
[14695] = T 1
[14696] = CNOT 1 9
[14697] = T 1
[14698] = S 1
[14699] = CNOT 1 8
[14700] = CNOT 1 9
[14701] = T 1
[14702] = S 1
[14703] = CNOT 1 9
[14704] = T 8
[14705] = H 1
[14706] = H 9
[14707] = CNOT 7 9
[14708] = T 7
[14709] = Z 7
[14710] = CNOT 7 10
[14711] = T 7
[14712] = S 7
[14713] = Z 7
[14714] = CNOT 7 9
[14715] = CNOT 9 10
[14716] = T 9
[14717] = S 9
[14718] = Z 9
[14719] = CNOT 9 10
[14720] = T 1
[14721] = S 1
[14722] = CNOT 1 4
[14723] = T 1
[14724] = S 1
[14725] = CNOT 1 3
[14726] = T 1
[14727] = CNOT 1 4
[14728] = CNOT 1 3
[14729] = CNOT 3 4
[14730] = T 3
[14731] = S 3
[14732] = CNOT 3 4
[14733] = CNOT 1 3
[14734] = T 1
[14735] = S 1
[14736] = CNOT 1 3
[14737] = T 4
[14738] = T 7
[14739] = Z 7
[14740] = S 9
[14741] = Z 9
[14742] = Z 10
[14743] = H 10
[14744] = H 3
[14745] = CNOT 1 3
[14746] = CNOT 1 9
[14747] = T 1
[14748] = CNOT 1 3
[14749] = CNOT 3 9
[14750] = T 3
[14751] = S 3
[14752] = CNOT 3 9
[14753] = T 1
[14754] = S 1
[14755] = CNOT 1 9
[14756] = S 3
[14757] = S 6
[14758] = Z 6
[14759] = S 10
[14760] = CNOT 1 3
[14761] = S 1
[14762] = CNOT 1 3
[14763] = CNOT 5 6
[14764] = S 5
[14765] = CNOT 5 6
[14766] = CNOT 5 10
[14767] = S 5
[14768] = Z 5
[14769] = CNOT 6 10
[14770] = S 6
[14771] = CNOT 6 10
[14772] = CNOT 5 6
[14773] = S 5
[14774] = Z 5
[14775] = CNOT 5 10
[14776] = CNOT 5 6
[14777] = CNOT 3 1
[14778] = H 9
[14779] = H 10
[14780] = T 9
[14781] = CNOT 4 9
[14782] = T 4
[14783] = S 4
[14784] = CNOT 4 9
[14785] = CNOT 2 4
[14786] = CNOT 2 9
[14787] = T 2
[14788] = CNOT 2 9
[14789] = T 2
[14790] = S 2
[14791] = CNOT 2 4
[14792] = CNOT 2 9
[14793] = T 2
[14794] = S 2
[14795] = CNOT 2 9
[14796] = CNOT 7 10
[14797] = T 7
[14798] = S 7
[14799] = CNOT 7 10
[14800] = T 4
[14801] = T 2
[14802] = Z 7
[14803] = S 10
[14804] = Z 10
[14805] = CNOT 7 10
[14806] = H 9
[14807] = CNOT 3 9
[14808] = T 3
[14809] = Z 3
[14810] = CNOT 3 9
[14811] = CNOT 1 3
[14812] = CNOT 1 9
[14813] = T 1
[14814] = S 1
[14815] = Z 1
[14816] = CNOT 1 3
[14817] = T 1
[14818] = S 1
[14819] = Z 1
[14820] = CNOT 1 9
[14821] = CNOT 7 9
[14822] = T 7
[14823] = Z 7
[14824] = CNOT 7 10
[14825] = T 7
[14826] = S 7
[14827] = Z 7
[14828] = CNOT 7 9
[14829] = CNOT 9 10
[14830] = T 9
[14831] = S 9
[14832] = Z 9
[14833] = CNOT 9 10
[14834] = T 7
[14835] = Z 7
[14836] = CNOT 7 10
[14837] = T 7
[14838] = S 7
[14839] = Z 7
[14840] = CNOT 1 3
[14841] = T 1
[14842] = Z 1
[14843] = CNOT 1 3
[14844] = Z 1
[14845] = S 9
[14846] = Z 10
[14847] = CNOT 3 1
[14848] = H 9
[14849] = H 1
[14850] = T 9
[14851] = T 1
[14852] = CNOT 8 9
[14853] = T 8
[14854] = S 8
[14855] = CNOT 8 9
[14856] = CNOT 1 8
[14857] = CNOT 1 9
[14858] = T 1
[14859] = CNOT 1 9
[14860] = T 1
[14861] = S 1
[14862] = CNOT 1 8
[14863] = CNOT 1 9
[14864] = T 1
[14865] = S 1
[14866] = CNOT 1 9
[14867] = H 1
[14868] = H 9
[14869] = CNOT 7 9
[14870] = T 7
[14871] = Z 7
[14872] = CNOT 7 10
[14873] = T 7
[14874] = S 7
[14875] = Z 7
[14876] = CNOT 7 9
[14877] = CNOT 9 10
[14878] = T 9
[14879] = S 9
[14880] = Z 9
[14881] = CNOT 9 10
[14882] = CNOT 1 3
[14883] = CNOT 1 9
[14884] = T 1
[14885] = CNOT 1 3
[14886] = CNOT 3 9
[14887] = T 3
[14888] = S 3
[14889] = CNOT 3 9
[14890] = T 1
[14891] = S 1
[14892] = CNOT 1 9
[14893] = T 3
[14894] = S 1
[14895] = S 9
[14896] = Z 9
[14897] = Z 10
[14898] = CNOT 1 3
[14899] = S 1
[14900] = CNOT 1 3
[14901] = Z 7
[14902] = CNOT 3 1
[14903] = H 10
[14904] = H 9
[14905] = CNOT 6 10
[14906] = T 6
[14907] = Z 6
[14908] = CNOT 6 10
[14909] = CNOT 5 6
[14910] = CNOT 5 10
[14911] = T 5
[14912] = S 5
[14913] = Z 5
[14914] = CNOT 5 6
[14915] = T 5
[14916] = S 5
[14917] = Z 5
[14918] = CNOT 5 10
[14919] = T 9
[14920] = CNOT 4 9
[14921] = T 4
[14922] = S 4
[14923] = CNOT 4 9
[14924] = CNOT 2 4
[14925] = CNOT 2 9
[14926] = T 2
[14927] = CNOT 2 9
[14928] = T 2
[14929] = S 2
[14930] = CNOT 2 4
[14931] = CNOT 2 9
[14932] = T 2
[14933] = S 2
[14934] = CNOT 2 9
[14935] = CNOT 1 4
[14936] = CNOT 1 7
[14937] = T 1
[14938] = CNOT 1 7
[14939] = CNOT 1 4
[14940] = Z 5
[14941] = S 10
[14942] = Z 10
[14943] = CNOT 5 6
[14944] = Z 5
[14945] = CNOT 5 6
[14946] = CNOT 6 5
[14947] = CNOT 8 4
[14948] = CNOT 7 4
[14949] = CNOT 6 4
[14950] = CNOT 8 1
[14951] = CNOT 7 1
[14952] = CNOT 6 1
[14953] = CNOT 4 1
[14954] = H 2
[14955] = H 9
[14956] = H 8
[14957] = H 6
[14958] = CNOT 3 9
[14959] = T 3
[14960] = Z 3
[14961] = CNOT 3 9
[14962] = CNOT 1 3
[14963] = CNOT 1 9
[14964] = T 1
[14965] = S 1
[14966] = Z 1
[14967] = CNOT 1 3
[14968] = T 1
[14969] = S 1
[14970] = Z 1
[14971] = CNOT 1 9
[14972] = CNOT 1 2
[14973] = CNOT 1 3
[14974] = CNOT 1 6
[14975] = T 1
[14976] = CNOT 1 2
[14977] = T 8
[14978] = Z 8
[14979] = CNOT 1 7
[14980] = T 1
[14981] = CNOT 1 6
[14982] = CNOT 1 8
[14983] = T 1
[14984] = CNOT 1 7
[14985] = CNOT 7 8
[14986] = T 7
[14987] = S 7
[14988] = CNOT 7 8
[14989] = T 1
[14990] = S 1
[14991] = Z 1
[14992] = CNOT 1 8
[14993] = CNOT 1 2
[14994] = T 1
[14995] = Z 1
[14996] = CNOT 1 6
[14997] = CNOT 1 7
[14998] = T 1
[14999] = CNOT 1 7
[15000] = CNOT 1 2
[15001] = T 1
[15002] = Z 1
[15003] = CNOT 1 6
[15004] = CNOT 1 2
[15005] = CNOT 1 7
[15006] = T 1
[15007] = CNOT 1 7
[15008] = CNOT 1 3
[15009] = CNOT 1 2
[15010] = S 1
[15011] = Z 2
[15012] = S 3
[15013] = Z 3
[15014] = Z 6
[15015] = S 9
[15016] = Z 9
[15017] = CNOT 1 2
[15018] = Z 1
[15019] = CNOT 1 2
[15020] = CNOT 1 3
[15021] = S 1
[15022] = CNOT 1 3
[15023] = CNOT 1 6
[15024] = Z 1
[15025] = CNOT 1 6
[15026] = CNOT 1 7
[15027] = Z 1
[15028] = CNOT 1 7
[15029] = CNOT 1 8
[15030] = Z 1
[15031] = CNOT 1 8
[15032] = CNOT 2 3
[15033] = Z 2
[15034] = CNOT 2 3
[15035] = CNOT 2 6
[15036] = S 2
[15037] = Z 2
[15038] = CNOT 2 6
[15039] = CNOT 2 7
[15040] = S 2
[15041] = Z 2
[15042] = CNOT 2 7
[15043] = CNOT 3 6
[15044] = Z 3
[15045] = CNOT 3 6
[15046] = CNOT 3 7
[15047] = Z 3
[15048] = CNOT 3 7
[15049] = CNOT 3 8
[15050] = Z 3
[15051] = CNOT 3 8
[15052] = CNOT 6 7
[15053] = S 6
[15054] = Z 6
[15055] = CNOT 6 7
[15056] = CNOT 1 2
[15057] = CNOT 1 6
[15058] = S 1
[15059] = Z 1
[15060] = CNOT 1 6
[15061] = CNOT 1 7
[15062] = S 1
[15063] = Z 1
[15064] = CNOT 1 2
[15065] = CNOT 1 3
[15066] = Z 1
[15067] = CNOT 1 3
[15068] = CNOT 1 6
[15069] = S 1
[15070] = Z 1
[15071] = CNOT 1 7
[15072] = CNOT 1 6
[15073] = CNOT 2 3
[15074] = CNOT 2 6
[15075] = S 2
[15076] = Z 2
[15077] = CNOT 2 6
[15078] = CNOT 2 7
[15079] = S 2
[15080] = Z 2
[15081] = CNOT 2 7
[15082] = CNOT 2 3
[15083] = CNOT 3 6
[15084] = CNOT 3 7
[15085] = S 3
[15086] = Z 3
[15087] = CNOT 3 7
[15088] = CNOT 3 6
[15089] = CNOT 3 1
[15090] = H 8
[15091] = H 6
[15092] = H 7
[15093] = T 6
[15094] = T 8
[15095] = T 7
[15096] = CNOT 6 8
[15097] = T 6
[15098] = S 6
[15099] = CNOT 6 7
[15100] = T 6
[15101] = CNOT 6 8
[15102] = CNOT 6 7
[15103] = CNOT 7 8
[15104] = T 7
[15105] = S 7
[15106] = CNOT 7 8
[15107] = CNOT 6 7
[15108] = T 6
[15109] = S 6
[15110] = CNOT 6 7
[15111] = H 7
[15112] = CNOT 1 3
[15113] = CNOT 1 8
[15114] = T 1
[15115] = CNOT 1 8
[15116] = CNOT 1 3
[15117] = CNOT 2 3
[15118] = CNOT 2 4
[15119] = CNOT 2 6
[15120] = CNOT 2 8
[15121] = T 2
[15122] = CNOT 2 8
[15123] = CNOT 2 6
[15124] = CNOT 2 4
[15125] = CNOT 2 3
[15126] = CNOT 1 2
[15127] = CNOT 1 4
[15128] = CNOT 1 6
[15129] = T 1
[15130] = CNOT 1 6
[15131] = CNOT 1 4
[15132] = CNOT 1 2
[15133] = S 1
[15134] = S 2
[15135] = S 4
[15136] = S 6
[15137] = CNOT 1 2
[15138] = S 1
[15139] = Z 1
[15140] = CNOT 1 2
[15141] = CNOT 1 4
[15142] = S 1
[15143] = Z 1
[15144] = CNOT 1 4
[15145] = CNOT 1 6
[15146] = S 1
[15147] = Z 1
[15148] = CNOT 1 6
[15149] = CNOT 2 4
[15150] = S 2
[15151] = Z 2
[15152] = CNOT 2 4
[15153] = CNOT 2 6
[15154] = S 2
[15155] = Z 2
[15156] = CNOT 2 6
[15157] = CNOT 4 6
[15158] = S 4
[15159] = Z 4
[15160] = CNOT 4 6
[15161] = CNOT 1 2
[15162] = CNOT 1 4
[15163] = S 1
[15164] = Z 1
[15165] = CNOT 1 4
[15166] = CNOT 1 6
[15167] = S 1
[15168] = Z 1
[15169] = CNOT 1 2
[15170] = CNOT 1 4
[15171] = S 1
[15172] = Z 1
[15173] = CNOT 1 6
[15174] = CNOT 1 4
[15175] = CNOT 2 4
[15176] = CNOT 2 6
[15177] = S 2
[15178] = Z 2
[15179] = CNOT 2 6
[15180] = CNOT 2 4
[15181] = CNOT 7 8
[15182] = CNOT 2 8
[15183] = CNOT 1 8
[15184] = CNOT 3 7
[15185] = CNOT 2 7
[15186] = CNOT 1 7
[15187] = CNOT 4 6
[15188] = CNOT 4 2
[15189] = CNOT 8 1
[15190] = CNOT 7 1
[15191] = CNOT 6 1
[15192] = CNOT 4 1
[15193] = CNOT 3 1
[15194] = H 6
[15195] = T 6
[15196] = Z 6
[15197] = CNOT 4 6
[15198] = T 4
[15199] = Z 4
[15200] = CNOT 4 6
[15201] = CNOT 3 4
[15202] = CNOT 3 6
[15203] = T 3
[15204] = S 3
[15205] = Z 3
[15206] = CNOT 3 4
[15207] = T 3
[15208] = S 3
[15209] = Z 3
[15210] = CNOT 3 6
[15211] = Z 3
[15212] = CNOT 3 4
[15213] = Z 3
[15214] = CNOT 3 4
[15215] = CNOT 4 3
[15216] = H 6
[15217] = H 4
[15218] = CNOT 3 6
[15219] = CNOT 3 7
[15220] = T 3
[15221] = S 3
[15222] = Z 3
[15223] = CNOT 3 7
[15224] = CNOT 3 6
[15225] = CNOT 6 7
[15226] = T 6
[15227] = S 6
[15228] = CNOT 6 7
[15229] = T 4
[15230] = S 4
[15231] = T 3
[15232] = CNOT 3 4
[15233] = T 3
[15234] = S 3
[15235] = Z 3
[15236] = CNOT 3 4
[15237] = CNOT 4 6
[15238] = CNOT 4 7
[15239] = T 4
[15240] = Z 4
[15241] = CNOT 4 7
[15242] = CNOT 4 6
[15243] = CNOT 3 4
[15244] = CNOT 3 6
[15245] = CNOT 3 7
[15246] = T 3
[15247] = CNOT 3 7
[15248] = CNOT 3 4
[15249] = S 6
[15250] = S 7
[15251] = S 3
[15252] = Z 3
[15253] = CNOT 3 6
[15254] = CNOT 3 7
[15255] = S 3
[15256] = Z 3
[15257] = CNOT 3 7
[15258] = CNOT 4 6
[15259] = S 4
[15260] = CNOT 4 6
[15261] = CNOT 4 7
[15262] = S 4
[15263] = CNOT 4 7
[15264] = CNOT 3 4
[15265] = CNOT 3 6
[15266] = S 3
[15267] = Z 3
[15268] = CNOT 3 6
[15269] = CNOT 3 7
[15270] = S 3
[15271] = Z 3
[15272] = CNOT 3 4
[15273] = CNOT 5 8
[15274] = CNOT 3 8
[15275] = CNOT 2 8
[15276] = CNOT 1 8
[15277] = CNOT 5 7
[15278] = CNOT 8 6
[15279] = CNOT 7 6
[15280] = CNOT 3 6
[15281] = CNOT 2 6
[15282] = CNOT 1 6
[15283] = CNOT 8 5
[15284] = H 4
[15285] = CNOT 1 3
[15286] = CNOT 1 5
[15287] = CNOT 1 7
[15288] = CNOT 1 8
[15289] = T 1
[15290] = CNOT 1 7
[15291] = CNOT 1 5
[15292] = CNOT 1 3
[15293] = CNOT 3 4
[15294] = CNOT 3 5
[15295] = CNOT 3 6
[15296] = CNOT 3 7
[15297] = T 3
[15298] = CNOT 3 7
[15299] = CNOT 3 6
[15300] = CNOT 3 5
[15301] = CNOT 3 4
[15302] = CNOT 1 4
[15303] = CNOT 1 6
[15304] = T 1
[15305] = CNOT 1 8
[15306] = CNOT 1 6
[15307] = CNOT 1 4
[15308] = S 1
[15309] = Z 2
[15310] = Z 3
[15311] = S 4
[15312] = Z 5
[15313] = S 6
[15314] = Z 6
[15315] = Z 7
[15316] = S 8
[15317] = CNOT 1 4
[15318] = S 1
[15319] = Z 1
[15320] = CNOT 1 4
[15321] = CNOT 1 6
[15322] = S 1
[15323] = Z 1
[15324] = CNOT 1 6
[15325] = CNOT 1 8
[15326] = S 1
[15327] = Z 1
[15328] = CNOT 1 8
[15329] = CNOT 4 6
[15330] = S 4
[15331] = Z 4
[15332] = CNOT 4 6
[15333] = CNOT 4 8
[15334] = S 4
[15335] = Z 4
[15336] = CNOT 4 8
[15337] = CNOT 6 8
[15338] = S 6
[15339] = Z 6
[15340] = CNOT 6 8
[15341] = CNOT 1 4
[15342] = CNOT 1 6
[15343] = S 1
[15344] = Z 1
[15345] = CNOT 1 6
[15346] = CNOT 1 8
[15347] = S 1
[15348] = Z 1
[15349] = CNOT 1 4
[15350] = CNOT 1 6
[15351] = S 1
[15352] = Z 1
[15353] = CNOT 1 6
[15354] = CNOT 2 3
[15355] = CNOT 2 5
[15356] = Z 2
[15357] = CNOT 2 5
[15358] = CNOT 2 6
[15359] = Z 2
[15360] = CNOT 2 6
[15361] = CNOT 2 7
[15362] = Z 2
[15363] = CNOT 2 7
[15364] = CNOT 2 3
[15365] = CNOT 2 5
[15366] = CNOT 2 6
[15367] = Z 2
[15368] = CNOT 2 6
[15369] = CNOT 2 7
[15370] = Z 2
[15371] = CNOT 2 5
[15372] = CNOT 2 6
[15373] = Z 2
[15374] = CNOT 2 7
[15375] = CNOT 2 6
[15376] = CNOT 3 5
[15377] = CNOT 3 6
[15378] = Z 3
[15379] = CNOT 3 6
[15380] = CNOT 3 7
[15381] = Z 3
[15382] = CNOT 3 5
[15383] = CNOT 3 6
[15384] = Z 3
[15385] = CNOT 3 7
[15386] = CNOT 3 6
[15387] = CNOT 4 6
[15388] = CNOT 4 8
[15389] = S 4
[15390] = Z 4
[15391] = CNOT 4 6
[15392] = CNOT 5 6
[15393] = CNOT 5 7
[15394] = Z 5
[15395] = CNOT 5 6
[15396] = CNOT 6 8
[15397] = CNOT 2 8
[15398] = CNOT 8 7
[15399] = CNOT 7 8
[15400] = CNOT 7 6
[15401] = CNOT 5 6
[15402] = CNOT 1 6
[15403] = CNOT 4 5
[15404] = CNOT 1 5
[15405] = CNOT 7 3
[15406] = CNOT 2 3
[15407] = CNOT 8 2
[15408] = CNOT 5 2
[15409] = CNOT 2 5
[15410] = CNOT 6 1
[15411] = CNOT 4 1
[15412] = CNOT 3 1
[15413] = CNOT 2 1
[15414] = H 8
[15415] = T 8
[15416] = Z 8
[15417] = CNOT 4 8
[15418] = T 4
[15419] = Z 4
[15420] = CNOT 4 8
[15421] = CNOT 3 4
[15422] = CNOT 3 8
[15423] = T 3
[15424] = S 3
[15425] = Z 3
[15426] = CNOT 3 4
[15427] = T 3
[15428] = S 3
[15429] = Z 3
[15430] = CNOT 3 8
[15431] = Z 3
[15432] = CNOT 3 4
[15433] = Z 3
[15434] = CNOT 3 4
[15435] = CNOT 4 6
[15436] = CNOT 4 3
[15437] = H 8
[15438] = CNOT 3 8
[15439] = T 3
[15440] = CNOT 3 8
[15441] = CNOT 4 8
[15442] = T 4
[15443] = CNOT 4 8
[15444] = CNOT 3 4
[15445] = T 3
[15446] = S 3
[15447] = CNOT 3 4
[15448] = Z 3
[15449] = Z 4
[15450] = CNOT 7 8
[15451] = CNOT 4 8
[15452] = CNOT 3 8
[15453] = CNOT 8 6
[15454] = CNOT 4 3
[15455] = H 6
[15456] = T 6
[15457] = Z 6
[15458] = CNOT 4 6
[15459] = T 4
[15460] = Z 4
[15461] = CNOT 4 6
[15462] = CNOT 3 4
[15463] = CNOT 3 6
[15464] = T 3
[15465] = S 3
[15466] = Z 3
[15467] = CNOT 3 4
[15468] = T 3
[15469] = S 3
[15470] = Z 3
[15471] = CNOT 3 6
[15472] = Z 3
[15473] = CNOT 3 4
[15474] = Z 3
[15475] = CNOT 3 4
[15476] = CNOT 4 8
[15477] = CNOT 2 8
[15478] = CNOT 4 2
[15479] = H 6
[15480] = CNOT 1 6
[15481] = T 1
[15482] = CNOT 1 6
[15483] = CNOT 1 8
[15484] = T 1
[15485] = CNOT 6 8
[15486] = T 6
[15487] = S 6
[15488] = CNOT 6 8
[15489] = CNOT 2 6
[15490] = CNOT 2 7
[15491] = T 2
[15492] = CNOT 2 7
[15493] = CNOT 2 6
[15494] = CNOT 3 7
[15495] = T 3
[15496] = CNOT 3 7
[15497] = CNOT 1 7
[15498] = T 1
[15499] = CNOT 1 8
[15500] = CNOT 1 7
[15501] = Z 6
[15502] = Z 8
[15503] = CNOT 7 8
[15504] = CNOT 3 8
[15505] = CNOT 2 8
[15506] = CNOT 8 7
[15507] = CNOT 6 7
[15508] = CNOT 3 7
[15509] = CNOT 1 7
[15510] = CNOT 8 6
[15511] = CNOT 2 6
[15512] = CNOT 6 1
[15513] = H 7
[15514] = T 7
[15515] = Z 7
[15516] = CNOT 7 8
[15517] = T 7
[15518] = Z 7
[15519] = CNOT 7 8
[15520] = CNOT 6 7
[15521] = CNOT 6 8
[15522] = T 6
[15523] = S 6
[15524] = Z 6
[15525] = CNOT 6 8
[15526] = T 6
[15527] = S 6
[15528] = Z 6
[15529] = CNOT 6 7
[15530] = Z 6
[15531] = CNOT 6 8
[15532] = Z 6
[15533] = CNOT 6 8
[15534] = CNOT 8 6
[15535] = H 7
[15536] = H 6
[15537] = H 8
[15538] = T 6
[15539] = CNOT 2 7
[15540] = T 2
[15541] = S 2
[15542] = CNOT 2 6
[15543] = T 2
[15544] = CNOT 2 7
[15545] = CNOT 2 6
[15546] = CNOT 6 7
[15547] = T 6
[15548] = S 6
[15549] = CNOT 6 7
[15550] = CNOT 2 6
[15551] = T 2
[15552] = S 2
[15553] = CNOT 2 6
[15554] = T 8
[15555] = CNOT 3 7
[15556] = T 3
[15557] = S 3
[15558] = CNOT 3 8
[15559] = T 3
[15560] = CNOT 3 7
[15561] = CNOT 7 8
[15562] = T 7
[15563] = S 7
[15564] = CNOT 7 8
[15565] = T 3
[15566] = S 3
[15567] = CNOT 3 8
[15568] = CNOT 4 7
[15569] = T 4
[15570] = CNOT 4 7
[15571] = S 7
[15572] = CNOT 7 4
[15573] = H 6
[15574] = H 8
[15575] = H 3
[15576] = H 2
[15577] = T 4
[15578] = S 4
[15579] = Z 4
[15580] = CNOT 3 4
[15581] = T 3
[15582] = Z 3
[15583] = CNOT 3 4
[15584] = CNOT 1 3
[15585] = CNOT 1 4
[15586] = T 1
[15587] = S 1
[15588] = Z 1
[15589] = CNOT 1 4
[15590] = T 1
[15591] = S 1
[15592] = Z 1
[15593] = CNOT 1 3
[15594] = CNOT 4 5
[15595] = CNOT 4 6
[15596] = CNOT 4 10
[15597] = T 4
[15598] = CNOT 4 5
[15599] = T 4
[15600] = S 4
[15601] = Z 4
[15602] = CNOT 4 10
[15603] = CNOT 4 6
[15604] = CNOT 5 10
[15605] = T 5
[15606] = S 5
[15607] = CNOT 5 10
[15608] = CNOT 4 8
[15609] = T 4
[15610] = CNOT 4 8
[15611] = T 2
[15612] = S 3
[15613] = Z 3
[15614] = Z 5
[15615] = Z 6
[15616] = Z 10
[15617] = CNOT 1 4
[15618] = S 1
[15619] = CNOT 1 4
[15620] = CNOT 4 5
[15621] = Z 4
[15622] = CNOT 4 5
[15623] = CNOT 4 6
[15624] = S 4
[15625] = Z 4
[15626] = CNOT 4 6
[15627] = CNOT 4 10
[15628] = Z 4
[15629] = CNOT 4 10
[15630] = CNOT 5 6
[15631] = Z 5
[15632] = CNOT 5 6
[15633] = CNOT 6 10
[15634] = Z 6
[15635] = CNOT 6 10
[15636] = CNOT 4 5
[15637] = CNOT 4 6
[15638] = S 4
[15639] = Z 4
[15640] = CNOT 4 6
[15641] = CNOT 4 5
[15642] = CNOT 6 5
[15643] = CNOT 8 4
[15644] = CNOT 6 4
[15645] = CNOT 4 1
[15646] = H 10
[15647] = H 1
[15648] = CNOT 7 9
[15649] = CNOT 7 10
[15650] = T 7
[15651] = CNOT 7 10
[15652] = T 7
[15653] = S 7
[15654] = CNOT 7 9
[15655] = CNOT 9 10
[15656] = T 9
[15657] = S 9
[15658] = CNOT 9 10
[15659] = T 1
[15660] = T 7
[15661] = S 10
[15662] = CNOT 7 10
[15663] = S 7
[15664] = H 9
[15665] = T 9
[15666] = CNOT 8 9
[15667] = T 8
[15668] = S 8
[15669] = CNOT 8 9
[15670] = CNOT 1 8
[15671] = CNOT 1 9
[15672] = T 1
[15673] = CNOT 1 9
[15674] = T 1
[15675] = S 1
[15676] = CNOT 1 8
[15677] = CNOT 1 9
[15678] = T 1
[15679] = S 1
[15680] = CNOT 1 9
[15681] = T 8
[15682] = H 1
[15683] = H 9
[15684] = CNOT 7 9
[15685] = T 7
[15686] = Z 7
[15687] = CNOT 7 10
[15688] = T 7
[15689] = S 7
[15690] = Z 7
[15691] = CNOT 7 9
[15692] = CNOT 9 10
[15693] = T 9
[15694] = S 9
[15695] = Z 9
[15696] = CNOT 9 10
[15697] = T 1
[15698] = S 1
[15699] = CNOT 1 4
[15700] = T 1
[15701] = S 1
[15702] = CNOT 1 3
[15703] = T 1
[15704] = CNOT 1 4
[15705] = CNOT 1 3
[15706] = CNOT 3 4
[15707] = T 3
[15708] = S 3
[15709] = CNOT 3 4
[15710] = CNOT 1 3
[15711] = T 1
[15712] = S 1
[15713] = CNOT 1 3
[15714] = T 4
[15715] = T 7
[15716] = Z 7
[15717] = S 9
[15718] = Z 9
[15719] = Z 10
[15720] = H 10
[15721] = H 3
[15722] = CNOT 1 3
[15723] = CNOT 1 9
[15724] = T 1
[15725] = CNOT 1 3
[15726] = CNOT 3 9
[15727] = T 3
[15728] = S 3
[15729] = CNOT 3 9
[15730] = T 1
[15731] = S 1
[15732] = CNOT 1 9
[15733] = S 3
[15734] = S 6
[15735] = Z 6
[15736] = S 10
[15737] = CNOT 1 3
[15738] = S 1
[15739] = CNOT 1 3
[15740] = CNOT 5 6
[15741] = S 5
[15742] = CNOT 5 6
[15743] = CNOT 5 10
[15744] = S 5
[15745] = Z 5
[15746] = CNOT 6 10
[15747] = S 6
[15748] = CNOT 6 10
[15749] = CNOT 5 6
[15750] = S 5
[15751] = Z 5
[15752] = CNOT 5 10
[15753] = CNOT 5 6
[15754] = CNOT 3 1
[15755] = H 9
[15756] = H 10
[15757] = T 9
[15758] = CNOT 4 9
[15759] = T 4
[15760] = S 4
[15761] = CNOT 4 9
[15762] = CNOT 2 4
[15763] = CNOT 2 9
[15764] = T 2
[15765] = CNOT 2 9
[15766] = T 2
[15767] = S 2
[15768] = CNOT 2 4
[15769] = CNOT 2 9
[15770] = T 2
[15771] = S 2
[15772] = CNOT 2 9
[15773] = CNOT 7 10
[15774] = T 7
[15775] = S 7
[15776] = CNOT 7 10
[15777] = T 4
[15778] = T 2
[15779] = Z 7
[15780] = S 10
[15781] = Z 10
[15782] = CNOT 7 10
[15783] = H 9
[15784] = CNOT 3 9
[15785] = T 3
[15786] = Z 3
[15787] = CNOT 3 9
[15788] = CNOT 1 3
[15789] = CNOT 1 9
[15790] = T 1
[15791] = S 1
[15792] = Z 1
[15793] = CNOT 1 3
[15794] = T 1
[15795] = S 1
[15796] = Z 1
[15797] = CNOT 1 9
[15798] = CNOT 7 9
[15799] = T 7
[15800] = Z 7
[15801] = CNOT 7 10
[15802] = T 7
[15803] = S 7
[15804] = Z 7
[15805] = CNOT 7 9
[15806] = CNOT 9 10
[15807] = T 9
[15808] = S 9
[15809] = Z 9
[15810] = CNOT 9 10
[15811] = T 7
[15812] = Z 7
[15813] = CNOT 7 10
[15814] = T 7
[15815] = S 7
[15816] = Z 7
[15817] = CNOT 1 3
[15818] = T 1
[15819] = Z 1
[15820] = CNOT 1 3
[15821] = Z 1
[15822] = S 9
[15823] = Z 10
[15824] = CNOT 3 1
[15825] = H 9
[15826] = H 1
[15827] = T 9
[15828] = T 1
[15829] = CNOT 8 9
[15830] = T 8
[15831] = S 8
[15832] = CNOT 8 9
[15833] = CNOT 1 8
[15834] = CNOT 1 9
[15835] = T 1
[15836] = CNOT 1 9
[15837] = T 1
[15838] = S 1
[15839] = CNOT 1 8
[15840] = CNOT 1 9
[15841] = T 1
[15842] = S 1
[15843] = CNOT 1 9
[15844] = H 1
[15845] = H 9
[15846] = CNOT 7 9
[15847] = T 7
[15848] = Z 7
[15849] = CNOT 7 10
[15850] = T 7
[15851] = S 7
[15852] = Z 7
[15853] = CNOT 7 9
[15854] = CNOT 9 10
[15855] = T 9
[15856] = S 9
[15857] = Z 9
[15858] = CNOT 9 10
[15859] = CNOT 1 3
[15860] = CNOT 1 9
[15861] = T 1
[15862] = CNOT 1 3
[15863] = CNOT 3 9
[15864] = T 3
[15865] = S 3
[15866] = CNOT 3 9
[15867] = T 1
[15868] = S 1
[15869] = CNOT 1 9
[15870] = T 3
[15871] = S 1
[15872] = S 9
[15873] = Z 9
[15874] = Z 10
[15875] = CNOT 1 3
[15876] = S 1
[15877] = CNOT 1 3
[15878] = Z 7
[15879] = CNOT 3 1
[15880] = H 10
[15881] = H 9
[15882] = CNOT 6 10
[15883] = T 6
[15884] = Z 6
[15885] = CNOT 6 10
[15886] = CNOT 5 6
[15887] = CNOT 5 10
[15888] = T 5
[15889] = S 5
[15890] = Z 5
[15891] = CNOT 5 6
[15892] = T 5
[15893] = S 5
[15894] = Z 5
[15895] = CNOT 5 10
[15896] = T 9
[15897] = CNOT 4 9
[15898] = T 4
[15899] = S 4
[15900] = CNOT 4 9
[15901] = CNOT 2 4
[15902] = CNOT 2 9
[15903] = T 2
[15904] = CNOT 2 9
[15905] = T 2
[15906] = S 2
[15907] = CNOT 2 4
[15908] = CNOT 2 9
[15909] = T 2
[15910] = S 2
[15911] = CNOT 2 9
[15912] = CNOT 1 4
[15913] = CNOT 1 7
[15914] = T 1
[15915] = CNOT 1 7
[15916] = CNOT 1 4
[15917] = Z 5
[15918] = S 10
[15919] = Z 10
[15920] = CNOT 5 6
[15921] = Z 5
[15922] = CNOT 5 6
[15923] = CNOT 6 5
[15924] = CNOT 8 4
[15925] = CNOT 7 4
[15926] = CNOT 6 4
[15927] = CNOT 8 1
[15928] = CNOT 7 1
[15929] = CNOT 6 1
[15930] = CNOT 4 1
[15931] = H 2
[15932] = H 9
[15933] = H 8
[15934] = H 6
[15935] = CNOT 1 2
[15936] = CNOT 1 6
[15937] = CNOT 1 7
[15938] = CNOT 1 8
[15939] = CNOT 1 9
[15940] = T 1
[15941] = CNOT 1 7
[15942] = T 1
[15943] = CNOT 1 8
[15944] = CNOT 1 6
[15945] = CNOT 1 2
[15946] = CNOT 1 3
[15947] = T 1
[15948] = S 1
[15949] = Z 1
[15950] = CNOT 1 3
[15951] = CNOT 3 8
[15952] = CNOT 3 9
[15953] = T 3
[15954] = S 3
[15955] = Z 3
[15956] = CNOT 1 6
[15957] = CNOT 1 7
[15958] = CNOT 1 8
[15959] = T 1
[15960] = CNOT 1 8
[15961] = CNOT 1 6
[15962] = CNOT 3 7
[15963] = T 3
[15964] = CNOT 3 8
[15965] = T 3
[15966] = S 3
[15967] = Z 3
[15968] = CNOT 3 9
[15969] = CNOT 3 7
[15970] = T 1
[15971] = Z 1
[15972] = CNOT 1 2
[15973] = CNOT 1 8
[15974] = T 1
[15975] = CNOT 1 7
[15976] = T 1
[15977] = CNOT 1 2
[15978] = T 7
[15979] = Z 7
[15980] = CNOT 1 6
[15981] = T 1
[15982] = CNOT 1 9
[15983] = CNOT 1 8
[15984] = CNOT 1 6
[15985] = Z 1
[15986] = Z 2
[15987] = Z 3
[15988] = Z 6
[15989] = CNOT 1 3
[15990] = Z 1
[15991] = CNOT 1 3
[15992] = CNOT 1 7
[15993] = S 1
[15994] = Z 1
[15995] = CNOT 1 7
[15996] = CNOT 1 8
[15997] = S 1
[15998] = Z 1
[15999] = CNOT 1 8
[16000] = CNOT 1 9
[16001] = S 1
[16002] = Z 1
[16003] = CNOT 1 9
[16004] = CNOT 3 7
[16005] = Z 3
[16006] = CNOT 3 7
[16007] = CNOT 3 8
[16008] = Z 3
[16009] = CNOT 3 8
[16010] = CNOT 3 9
[16011] = S 3
[16012] = CNOT 3 9
[16013] = CNOT 7 8
[16014] = S 7
[16015] = Z 7
[16016] = CNOT 7 8
[16017] = CNOT 7 9
[16018] = Z 7
[16019] = CNOT 7 9
[16020] = CNOT 8 9
[16021] = Z 8
[16022] = CNOT 8 9
[16023] = CNOT 1 2
[16024] = CNOT 1 6
[16025] = S 1
[16026] = Z 1
[16027] = CNOT 1 6
[16028] = CNOT 1 7
[16029] = S 1
[16030] = Z 1
[16031] = CNOT 1 7
[16032] = CNOT 1 8
[16033] = Z 1
[16034] = CNOT 1 8
[16035] = CNOT 1 9
[16036] = Z 1
[16037] = CNOT 1 9
[16038] = CNOT 1 2
[16039] = CNOT 1 6
[16040] = CNOT 1 7
[16041] = S 1
[16042] = Z 1
[16043] = CNOT 1 7
[16044] = CNOT 1 8
[16045] = Z 1
[16046] = CNOT 1 8
[16047] = CNOT 1 9
[16048] = Z 1
[16049] = CNOT 1 9
[16050] = CNOT 1 6
[16051] = CNOT 1 7
[16052] = CNOT 1 8
[16053] = S 1
[16054] = Z 1
[16055] = CNOT 1 7
[16056] = CNOT 1 9
[16057] = S 1
[16058] = CNOT 1 9
[16059] = CNOT 1 8
[16060] = CNOT 2 6
[16061] = CNOT 2 8
[16062] = S 2
[16063] = Z 2
[16064] = CNOT 2 8
[16065] = CNOT 2 9
[16066] = S 2
[16067] = Z 2
[16068] = CNOT 2 9
[16069] = CNOT 2 6
[16070] = CNOT 2 7
[16071] = CNOT 2 8
[16072] = S 2
[16073] = Z 2
[16074] = CNOT 2 8
[16075] = CNOT 2 9
[16076] = S 2
[16077] = Z 2
[16078] = CNOT 2 7
[16079] = CNOT 2 8
[16080] = Z 2
[16081] = CNOT 2 9
[16082] = CNOT 2 8
[16083] = CNOT 6 7
[16084] = CNOT 6 8
[16085] = S 6
[16086] = Z 6
[16087] = CNOT 6 8
[16088] = CNOT 6 9
[16089] = S 6
[16090] = Z 6
[16091] = CNOT 6 7
[16092] = CNOT 6 8
[16093] = Z 6
[16094] = CNOT 6 9
[16095] = CNOT 6 8
[16096] = CNOT 7 8
[16097] = CNOT 7 9
[16098] = Z 7
[16099] = CNOT 7 9
[16100] = CNOT 7 8
[16101] = CNOT 3 1
[16102] = H 8
[16103] = H 6
[16104] = H 7
[16105] = T 6
[16106] = T 8
[16107] = T 7
[16108] = CNOT 6 8
[16109] = T 6
[16110] = S 6
[16111] = CNOT 6 7
[16112] = T 6
[16113] = CNOT 6 8
[16114] = CNOT 6 7
[16115] = CNOT 7 8
[16116] = T 7
[16117] = S 7
[16118] = CNOT 7 8
[16119] = CNOT 6 7
[16120] = T 6
[16121] = S 6
[16122] = CNOT 6 7
[16123] = H 7
[16124] = CNOT 1 3
[16125] = CNOT 1 8
[16126] = T 1
[16127] = CNOT 1 8
[16128] = CNOT 1 3
[16129] = CNOT 2 3
[16130] = CNOT 2 4
[16131] = CNOT 2 6
[16132] = CNOT 2 8
[16133] = T 2
[16134] = CNOT 2 8
[16135] = CNOT 2 6
[16136] = CNOT 2 4
[16137] = CNOT 2 3
[16138] = CNOT 1 2
[16139] = CNOT 1 4
[16140] = CNOT 1 6
[16141] = T 1
[16142] = CNOT 1 6
[16143] = CNOT 1 4
[16144] = CNOT 1 2
[16145] = S 1
[16146] = S 2
[16147] = S 4
[16148] = S 6
[16149] = CNOT 1 2
[16150] = S 1
[16151] = Z 1
[16152] = CNOT 1 2
[16153] = CNOT 1 4
[16154] = S 1
[16155] = Z 1
[16156] = CNOT 1 4
[16157] = CNOT 1 6
[16158] = S 1
[16159] = Z 1
[16160] = CNOT 1 6
[16161] = CNOT 2 4
[16162] = S 2
[16163] = Z 2
[16164] = CNOT 2 4
[16165] = CNOT 2 6
[16166] = S 2
[16167] = Z 2
[16168] = CNOT 2 6
[16169] = CNOT 4 6
[16170] = S 4
[16171] = Z 4
[16172] = CNOT 4 6
[16173] = CNOT 1 2
[16174] = CNOT 1 4
[16175] = S 1
[16176] = Z 1
[16177] = CNOT 1 4
[16178] = CNOT 1 6
[16179] = S 1
[16180] = Z 1
[16181] = CNOT 1 2
[16182] = CNOT 1 4
[16183] = S 1
[16184] = Z 1
[16185] = CNOT 1 6
[16186] = CNOT 1 4
[16187] = CNOT 2 4
[16188] = CNOT 2 6
[16189] = S 2
[16190] = Z 2
[16191] = CNOT 2 6
[16192] = CNOT 2 4
[16193] = CNOT 3 8
[16194] = CNOT 8 7
[16195] = CNOT 6 7
[16196] = CNOT 5 7
[16197] = CNOT 4 7
[16198] = CNOT 2 6
[16199] = CNOT 4 2
[16200] = CNOT 8 1
[16201] = CNOT 6 1
[16202] = CNOT 4 1
[16203] = CNOT 3 1
[16204] = CNOT 2 1
[16205] = H 6
[16206] = T 6
[16207] = Z 6
[16208] = CNOT 4 6
[16209] = T 4
[16210] = Z 4
[16211] = CNOT 4 6
[16212] = CNOT 3 4
[16213] = CNOT 3 6
[16214] = T 3
[16215] = S 3
[16216] = Z 3
[16217] = CNOT 3 4
[16218] = T 3
[16219] = S 3
[16220] = Z 3
[16221] = CNOT 3 6
[16222] = Z 3
[16223] = CNOT 3 4
[16224] = Z 3
[16225] = CNOT 3 4
[16226] = CNOT 4 3
[16227] = H 6
[16228] = CNOT 3 6
[16229] = CNOT 3 8
[16230] = T 3
[16231] = CNOT 3 8
[16232] = CNOT 4 8
[16233] = T 4
[16234] = CNOT 4 8
[16235] = CNOT 3 4
[16236] = T 3
[16237] = S 3
[16238] = Z 3
[16239] = CNOT 3 6
[16240] = Z 3
[16241] = CNOT 3 4
[16242] = CNOT 3 6
[16243] = Z 3
[16244] = CNOT 4 6
[16245] = Z 4
[16246] = CNOT 4 6
[16247] = CNOT 4 8
[16248] = CNOT 3 8
[16249] = CNOT 8 6
[16250] = CNOT 5 6
[16251] = CNOT 2 6
[16252] = CNOT 6 5
[16253] = CNOT 4 3
[16254] = H 8
[16255] = T 8
[16256] = Z 8
[16257] = CNOT 4 8
[16258] = T 4
[16259] = Z 4
[16260] = CNOT 4 8
[16261] = CNOT 3 4
[16262] = CNOT 3 8
[16263] = T 3
[16264] = S 3
[16265] = Z 3
[16266] = CNOT 3 4
[16267] = T 3
[16268] = S 3
[16269] = Z 3
[16270] = CNOT 3 8
[16271] = Z 3
[16272] = CNOT 3 4
[16273] = Z 3
[16274] = CNOT 3 4
[16275] = CNOT 3 7
[16276] = CNOT 4 3
[16277] = CNOT 7 2
[16278] = H 8
[16279] = CNOT 5 6
[16280] = CNOT 5 7
[16281] = T 5
[16282] = S 5
[16283] = Z 5
[16284] = CNOT 5 7
[16285] = CNOT 5 6
[16286] = CNOT 1 3
[16287] = CNOT 1 4
[16288] = CNOT 1 8
[16289] = T 1
[16290] = CNOT 1 5
[16291] = CNOT 1 6
[16292] = CNOT 1 7
[16293] = T 1
[16294] = CNOT 1 8
[16295] = CNOT 1 7
[16296] = CNOT 1 6
[16297] = CNOT 1 5
[16298] = CNOT 1 4
[16299] = CNOT 1 3
[16300] = Z 1
[16301] = Z 3
[16302] = Z 4
[16303] = Z 5
[16304] = Z 6
[16305] = Z 7
[16306] = Z 8
[16307] = CNOT 1 3
[16308] = Z 1
[16309] = CNOT 1 3
[16310] = CNOT 1 4
[16311] = Z 1
[16312] = CNOT 1 4
[16313] = CNOT 1 5
[16314] = Z 1
[16315] = CNOT 1 5
[16316] = CNOT 1 6
[16317] = Z 1
[16318] = CNOT 1 6
[16319] = CNOT 1 7
[16320] = Z 1
[16321] = CNOT 1 7
[16322] = CNOT 1 8
[16323] = Z 1
[16324] = CNOT 1 8
[16325] = CNOT 3 4
[16326] = Z 3
[16327] = CNOT 3 4
[16328] = CNOT 3 5
[16329] = Z 3
[16330] = CNOT 3 5
[16331] = CNOT 3 6
[16332] = Z 3
[16333] = CNOT 3 6
[16334] = CNOT 3 7
[16335] = Z 3
[16336] = CNOT 3 7
[16337] = CNOT 3 8
[16338] = Z 3
[16339] = CNOT 3 8
[16340] = CNOT 4 5
[16341] = Z 4
[16342] = CNOT 4 5
[16343] = CNOT 4 6
[16344] = Z 4
[16345] = CNOT 4 6
[16346] = CNOT 4 7
[16347] = Z 4
[16348] = CNOT 4 7
[16349] = CNOT 4 8
[16350] = Z 4
[16351] = CNOT 4 8
[16352] = CNOT 5 6
[16353] = Z 5
[16354] = CNOT 5 6
[16355] = CNOT 5 7
[16356] = Z 5
[16357] = CNOT 5 7
[16358] = CNOT 5 8
[16359] = Z 5
[16360] = CNOT 5 8
[16361] = CNOT 6 7
[16362] = Z 6
[16363] = CNOT 6 7
[16364] = CNOT 6 8
[16365] = Z 6
[16366] = CNOT 6 8
[16367] = CNOT 7 8
[16368] = Z 7
[16369] = CNOT 7 8
[16370] = CNOT 1 3
[16371] = CNOT 1 4
[16372] = S 1
[16373] = Z 1
[16374] = CNOT 1 4
[16375] = CNOT 1 5
[16376] = S 1
[16377] = Z 1
[16378] = CNOT 1 5
[16379] = CNOT 1 6
[16380] = S 1
[16381] = Z 1
[16382] = CNOT 1 6
[16383] = CNOT 1 7
[16384] = S 1
[16385] = Z 1
[16386] = CNOT 1 7
[16387] = CNOT 1 8
[16388] = S 1
[16389] = Z 1
[16390] = CNOT 1 8
[16391] = CNOT 1 3
[16392] = CNOT 1 4
[16393] = CNOT 1 5
[16394] = S 1
[16395] = Z 1
[16396] = CNOT 1 5
[16397] = CNOT 1 6
[16398] = S 1
[16399] = Z 1
[16400] = CNOT 1 6
[16401] = CNOT 1 7
[16402] = S 1
[16403] = Z 1
[16404] = CNOT 1 7
[16405] = CNOT 1 8
[16406] = S 1
[16407] = Z 1
[16408] = CNOT 1 8
[16409] = CNOT 1 4
[16410] = CNOT 1 5
[16411] = CNOT 1 6
[16412] = S 1
[16413] = Z 1
[16414] = CNOT 1 6
[16415] = CNOT 1 7
[16416] = S 1
[16417] = Z 1
[16418] = CNOT 1 7
[16419] = CNOT 1 8
[16420] = S 1
[16421] = Z 1
[16422] = CNOT 1 8
[16423] = CNOT 1 5
[16424] = CNOT 1 6
[16425] = CNOT 1 7
[16426] = S 1
[16427] = Z 1
[16428] = CNOT 1 7
[16429] = CNOT 1 8
[16430] = S 1
[16431] = Z 1
[16432] = CNOT 1 6
[16433] = CNOT 1 7
[16434] = S 1
[16435] = Z 1
[16436] = CNOT 1 8
[16437] = CNOT 1 7
[16438] = CNOT 3 4
[16439] = CNOT 3 5
[16440] = S 3
[16441] = Z 3
[16442] = CNOT 3 5
[16443] = CNOT 3 6
[16444] = S 3
[16445] = Z 3
[16446] = CNOT 3 6
[16447] = CNOT 3 7
[16448] = S 3
[16449] = Z 3
[16450] = CNOT 3 7
[16451] = CNOT 3 8
[16452] = S 3
[16453] = Z 3
[16454] = CNOT 3 8
[16455] = CNOT 3 4
[16456] = CNOT 3 5
[16457] = CNOT 3 6
[16458] = S 3
[16459] = Z 3
[16460] = CNOT 3 6
[16461] = CNOT 3 7
[16462] = S 3
[16463] = Z 3
[16464] = CNOT 3 7
[16465] = CNOT 3 8
[16466] = S 3
[16467] = Z 3
[16468] = CNOT 3 8
[16469] = CNOT 3 5
[16470] = CNOT 3 6
[16471] = CNOT 3 7
[16472] = S 3
[16473] = Z 3
[16474] = CNOT 3 7
[16475] = CNOT 3 8
[16476] = S 3
[16477] = Z 3
[16478] = CNOT 3 6
[16479] = CNOT 3 7
[16480] = S 3
[16481] = Z 3
[16482] = CNOT 3 8
[16483] = CNOT 3 7
[16484] = CNOT 4 5
[16485] = CNOT 4 6
[16486] = S 4
[16487] = Z 4
[16488] = CNOT 4 6
[16489] = CNOT 4 7
[16490] = S 4
[16491] = Z 4
[16492] = CNOT 4 7
[16493] = CNOT 4 8
[16494] = S 4
[16495] = Z 4
[16496] = CNOT 4 8
[16497] = CNOT 4 5
[16498] = CNOT 4 6
[16499] = CNOT 4 7
[16500] = S 4
[16501] = Z 4
[16502] = CNOT 4 7
[16503] = CNOT 4 8
[16504] = S 4
[16505] = Z 4
[16506] = CNOT 4 6
[16507] = CNOT 4 7
[16508] = S 4
[16509] = Z 4
[16510] = CNOT 4 7
[16511] = CNOT 5 6
[16512] = CNOT 5 8
[16513] = S 5
[16514] = Z 5
[16515] = CNOT 5 6
[16516] = CNOT 5 7
[16517] = S 5
[16518] = Z 5
[16519] = CNOT 5 7
[16520] = CNOT 6 7
[16521] = CNOT 6 8
[16522] = S 6
[16523] = Z 6
[16524] = CNOT 6 8
[16525] = CNOT 6 7
[16526] = CNOT 7 8
[16527] = CNOT 2 8
[16528] = CNOT 8 7
[16529] = CNOT 5 7
[16530] = CNOT 4 7
[16531] = CNOT 2 7
[16532] = CNOT 1 7
[16533] = CNOT 7 8
[16534] = CNOT 7 6
[16535] = CNOT 5 6
[16536] = CNOT 2 6
[16537] = CNOT 7 5
[16538] = CNOT 4 5
[16539] = CNOT 2 5
[16540] = CNOT 1 5
[16541] = CNOT 7 4
[16542] = CNOT 5 4
[16543] = CNOT 2 4
[16544] = CNOT 1 4
[16545] = CNOT 4 5
[16546] = CNOT 8 3
[16547] = CNOT 6 3
[16548] = CNOT 4 3
[16549] = CNOT 2 3
[16550] = CNOT 3 4
[16551] = CNOT 7 2
[16552] = CNOT 5 2
[16553] = CNOT 4 2
[16554] = CNOT 1 2
[16555] = CNOT 2 4
[16556] = CNOT 8 1
[16557] = CNOT 6 1
[16558] = CNOT 5 1
[16559] = CNOT 4 1
[16560] = CNOT 2 1
[16561] = CNOT 1 2
[16562] = H 5
[16563] = T 5
[16564] = Z 5
[16565] = CNOT 4 5
[16566] = T 4
[16567] = Z 4
[16568] = CNOT 4 5
[16569] = CNOT 3 4
[16570] = CNOT 3 5
[16571] = T 3
[16572] = S 3
[16573] = Z 3
[16574] = CNOT 3 4
[16575] = T 3
[16576] = S 3
[16577] = Z 3
[16578] = CNOT 3 5
[16579] = CNOT 1 6
[16580] = T 1
[16581] = CNOT 1 6
[16582] = CNOT 1 8
[16583] = T 1
[16584] = CNOT 6 8
[16585] = T 6
[16586] = S 6
[16587] = CNOT 6 8
[16588] = CNOT 2 7
[16589] = CNOT 2 8
[16590] = T 2
[16591] = CNOT 2 8
[16592] = CNOT 2 7
[16593] = CNOT 3 6
[16594] = CNOT 3 7
[16595] = T 3
[16596] = CNOT 3 7
[16597] = CNOT 3 6
[16598] = CNOT 1 6
[16599] = CNOT 1 7
[16600] = T 1
[16601] = CNOT 1 8
[16602] = CNOT 1 7
[16603] = Z 3
[16604] = Z 6
[16605] = Z 8
[16606] = CNOT 3 4
[16607] = Z 3
[16608] = CNOT 3 4
[16609] = CNOT 7 8
[16610] = CNOT 3 8
[16611] = CNOT 4 7
[16612] = CNOT 3 7
[16613] = CNOT 2 7
[16614] = CNOT 1 7
[16615] = CNOT 8 6
[16616] = CNOT 7 6
[16617] = CNOT 3 6
[16618] = CNOT 6 7
[16619] = CNOT 4 2
[16620] = CNOT 6 1
[16621] = H 5
[16622] = H 7
[16623] = T 7
[16624] = Z 7
[16625] = CNOT 7 8
[16626] = T 7
[16627] = Z 7
[16628] = CNOT 7 8
[16629] = CNOT 6 7
[16630] = CNOT 6 8
[16631] = T 6
[16632] = S 6
[16633] = Z 6
[16634] = CNOT 6 8
[16635] = T 6
[16636] = S 6
[16637] = Z 6
[16638] = CNOT 6 7
[16639] = Z 5
[16640] = Z 6
[16641] = CNOT 6 8
[16642] = Z 6
[16643] = CNOT 6 8
[16644] = CNOT 8 6
[16645] = H 7
[16646] = H 6
[16647] = H 8
[16648] = T 6
[16649] = CNOT 2 7
[16650] = T 2
[16651] = S 2
[16652] = CNOT 2 6
[16653] = T 2
[16654] = CNOT 2 7
[16655] = CNOT 2 6
[16656] = CNOT 6 7
[16657] = T 6
[16658] = S 6
[16659] = CNOT 6 7
[16660] = CNOT 2 6
[16661] = T 2
[16662] = S 2
[16663] = CNOT 2 6
[16664] = T 8
[16665] = CNOT 3 7
[16666] = T 3
[16667] = S 3
[16668] = CNOT 3 8
[16669] = T 3
[16670] = CNOT 3 7
[16671] = CNOT 7 8
[16672] = T 7
[16673] = S 7
[16674] = CNOT 7 8
[16675] = T 3
[16676] = S 3
[16677] = CNOT 3 8
[16678] = CNOT 4 7
[16679] = T 4
[16680] = CNOT 4 7
[16681] = S 7
[16682] = CNOT 7 4
[16683] = H 6
[16684] = H 8
[16685] = H 3
[16686] = H 2
[16687] = T 4
[16688] = S 4
[16689] = Z 4
[16690] = CNOT 3 4
[16691] = T 3
[16692] = Z 3
[16693] = CNOT 3 4
[16694] = CNOT 1 3
[16695] = CNOT 1 4
[16696] = T 1
[16697] = S 1
[16698] = Z 1
[16699] = CNOT 1 4
[16700] = T 1
[16701] = S 1
[16702] = Z 1
[16703] = CNOT 1 3
[16704] = CNOT 4 5
[16705] = CNOT 4 6
[16706] = CNOT 4 10
[16707] = T 4
[16708] = CNOT 4 5
[16709] = T 4
[16710] = S 4
[16711] = Z 4
[16712] = CNOT 4 10
[16713] = CNOT 4 6
[16714] = CNOT 5 10
[16715] = T 5
[16716] = S 5
[16717] = CNOT 5 10
[16718] = CNOT 4 8
[16719] = T 4
[16720] = CNOT 4 8
[16721] = T 2
[16722] = S 3
[16723] = Z 3
[16724] = Z 5
[16725] = Z 6
[16726] = Z 10
[16727] = CNOT 1 4
[16728] = S 1
[16729] = CNOT 1 4
[16730] = CNOT 4 5
[16731] = Z 4
[16732] = CNOT 4 5
[16733] = CNOT 4 6
[16734] = S 4
[16735] = Z 4
[16736] = CNOT 4 6
[16737] = CNOT 4 10
[16738] = Z 4
[16739] = CNOT 4 10
[16740] = CNOT 5 6
[16741] = Z 5
[16742] = CNOT 5 6
[16743] = CNOT 6 10
[16744] = Z 6
[16745] = CNOT 6 10
[16746] = CNOT 4 5
[16747] = CNOT 4 6
[16748] = S 4
[16749] = Z 4
[16750] = CNOT 4 6
[16751] = CNOT 4 5
[16752] = CNOT 6 5
[16753] = CNOT 8 4
[16754] = CNOT 6 4
[16755] = CNOT 4 1
[16756] = H 10
[16757] = H 1
[16758] = CNOT 7 9
[16759] = CNOT 7 10
[16760] = T 7
[16761] = CNOT 7 10
[16762] = T 7
[16763] = S 7
[16764] = CNOT 7 9
[16765] = CNOT 9 10
[16766] = T 9
[16767] = S 9
[16768] = CNOT 9 10
[16769] = T 1
[16770] = T 7
[16771] = S 10
[16772] = CNOT 7 10
[16773] = S 7
[16774] = H 9
[16775] = T 9
[16776] = CNOT 8 9
[16777] = T 8
[16778] = S 8
[16779] = CNOT 8 9
[16780] = CNOT 1 8
[16781] = CNOT 1 9
[16782] = T 1
[16783] = CNOT 1 9
[16784] = T 1
[16785] = S 1
[16786] = CNOT 1 8
[16787] = CNOT 1 9
[16788] = T 1
[16789] = S 1
[16790] = CNOT 1 9
[16791] = T 8
[16792] = H 1
[16793] = H 9
[16794] = CNOT 7 9
[16795] = T 7
[16796] = Z 7
[16797] = CNOT 7 10
[16798] = T 7
[16799] = S 7
[16800] = Z 7
[16801] = CNOT 7 9
[16802] = CNOT 9 10
[16803] = T 9
[16804] = S 9
[16805] = Z 9
[16806] = CNOT 9 10
[16807] = T 1
[16808] = S 1
[16809] = CNOT 1 4
[16810] = T 1
[16811] = S 1
[16812] = CNOT 1 3
[16813] = T 1
[16814] = CNOT 1 4
[16815] = CNOT 1 3
[16816] = CNOT 3 4
[16817] = T 3
[16818] = S 3
[16819] = CNOT 3 4
[16820] = CNOT 1 3
[16821] = T 1
[16822] = S 1
[16823] = CNOT 1 3
[16824] = T 4
[16825] = T 7
[16826] = Z 7
[16827] = S 9
[16828] = Z 9
[16829] = Z 10
[16830] = H 10
[16831] = H 3
[16832] = CNOT 1 3
[16833] = CNOT 1 9
[16834] = T 1
[16835] = CNOT 1 3
[16836] = CNOT 3 9
[16837] = T 3
[16838] = S 3
[16839] = CNOT 3 9
[16840] = T 1
[16841] = S 1
[16842] = CNOT 1 9
[16843] = S 3
[16844] = S 6
[16845] = Z 6
[16846] = S 10
[16847] = CNOT 1 3
[16848] = S 1
[16849] = CNOT 1 3
[16850] = CNOT 5 6
[16851] = S 5
[16852] = CNOT 5 6
[16853] = CNOT 5 10
[16854] = S 5
[16855] = Z 5
[16856] = CNOT 6 10
[16857] = S 6
[16858] = CNOT 6 10
[16859] = CNOT 5 6
[16860] = S 5
[16861] = Z 5
[16862] = CNOT 5 10
[16863] = CNOT 5 6
[16864] = CNOT 3 1
[16865] = H 9
[16866] = H 10
[16867] = T 9
[16868] = CNOT 4 9
[16869] = T 4
[16870] = S 4
[16871] = CNOT 4 9
[16872] = CNOT 2 4
[16873] = CNOT 2 9
[16874] = T 2
[16875] = CNOT 2 9
[16876] = T 2
[16877] = S 2
[16878] = CNOT 2 4
[16879] = CNOT 2 9
[16880] = T 2
[16881] = S 2
[16882] = CNOT 2 9
[16883] = CNOT 7 10
[16884] = T 7
[16885] = S 7
[16886] = CNOT 7 10
[16887] = T 4
[16888] = T 2
[16889] = Z 7
[16890] = S 10
[16891] = Z 10
[16892] = CNOT 7 10
[16893] = H 9
[16894] = CNOT 3 9
[16895] = T 3
[16896] = Z 3
[16897] = CNOT 3 9
[16898] = CNOT 1 3
[16899] = CNOT 1 9
[16900] = T 1
[16901] = S 1
[16902] = Z 1
[16903] = CNOT 1 3
[16904] = T 1
[16905] = S 1
[16906] = Z 1
[16907] = CNOT 1 9
[16908] = CNOT 7 9
[16909] = T 7
[16910] = Z 7
[16911] = CNOT 7 10
[16912] = T 7
[16913] = S 7
[16914] = Z 7
[16915] = CNOT 7 9
[16916] = CNOT 9 10
[16917] = T 9
[16918] = S 9
[16919] = Z 9
[16920] = CNOT 9 10
[16921] = T 7
[16922] = Z 7
[16923] = CNOT 7 10
[16924] = T 7
[16925] = S 7
[16926] = Z 7
[16927] = CNOT 1 3
[16928] = T 1
[16929] = Z 1
[16930] = CNOT 1 3
[16931] = Z 1
[16932] = S 9
[16933] = Z 10
[16934] = CNOT 3 1
[16935] = H 9
[16936] = H 1
[16937] = T 9
[16938] = T 1
[16939] = CNOT 8 9
[16940] = T 8
[16941] = S 8
[16942] = CNOT 8 9
[16943] = CNOT 1 8
[16944] = CNOT 1 9
[16945] = T 1
[16946] = CNOT 1 9
[16947] = T 1
[16948] = S 1
[16949] = CNOT 1 8
[16950] = CNOT 1 9
[16951] = T 1
[16952] = S 1
[16953] = CNOT 1 9
[16954] = H 1
[16955] = H 9
[16956] = CNOT 7 9
[16957] = T 7
[16958] = Z 7
[16959] = CNOT 7 10
[16960] = T 7
[16961] = S 7
[16962] = Z 7
[16963] = CNOT 7 9
[16964] = CNOT 9 10
[16965] = T 9
[16966] = S 9
[16967] = Z 9
[16968] = CNOT 9 10
[16969] = CNOT 1 3
[16970] = CNOT 1 9
[16971] = T 1
[16972] = CNOT 1 3
[16973] = CNOT 3 9
[16974] = T 3
[16975] = S 3
[16976] = CNOT 3 9
[16977] = T 1
[16978] = S 1
[16979] = CNOT 1 9
[16980] = T 3
[16981] = S 1
[16982] = S 9
[16983] = Z 9
[16984] = Z 10
[16985] = CNOT 1 3
[16986] = S 1
[16987] = CNOT 1 3
[16988] = Z 7
[16989] = CNOT 3 1
[16990] = H 10
[16991] = H 9
[16992] = CNOT 6 10
[16993] = T 6
[16994] = Z 6
[16995] = CNOT 6 10
[16996] = CNOT 5 6
[16997] = CNOT 5 10
[16998] = T 5
[16999] = S 5
[17000] = Z 5
[17001] = CNOT 5 6
[17002] = T 5
[17003] = S 5
[17004] = Z 5
[17005] = CNOT 5 10
[17006] = T 9
[17007] = CNOT 4 9
[17008] = T 4
[17009] = S 4
[17010] = CNOT 4 9
[17011] = CNOT 2 4
[17012] = CNOT 2 9
[17013] = T 2
[17014] = CNOT 2 9
[17015] = T 2
[17016] = S 2
[17017] = CNOT 2 4
[17018] = CNOT 2 9
[17019] = T 2
[17020] = S 2
[17021] = CNOT 2 9
[17022] = CNOT 1 4
[17023] = CNOT 1 7
[17024] = T 1
[17025] = CNOT 1 7
[17026] = CNOT 1 4
[17027] = Z 5
[17028] = S 10
[17029] = Z 10
[17030] = CNOT 5 6
[17031] = Z 5
[17032] = CNOT 5 6
[17033] = CNOT 6 5
[17034] = CNOT 8 4
[17035] = CNOT 7 4
[17036] = CNOT 6 4
[17037] = CNOT 8 1
[17038] = CNOT 7 1
[17039] = CNOT 6 1
[17040] = CNOT 4 1
[17041] = H 2
[17042] = H 9
[17043] = H 8
[17044] = H 6
[17045] = H 5
[17046] = CNOT 3 9
[17047] = T 3
[17048] = Z 3
[17049] = CNOT 3 9
[17050] = CNOT 1 3
[17051] = CNOT 1 9
[17052] = T 1
[17053] = S 1
[17054] = Z 1
[17055] = CNOT 1 3
[17056] = T 1
[17057] = S 1
[17058] = Z 1
[17059] = CNOT 1 9
[17060] = T 5
[17061] = T 8
[17062] = Z 8
[17063] = CNOT 1 2
[17064] = CNOT 1 3
[17065] = CNOT 1 6
[17066] = CNOT 1 7
[17067] = T 1
[17068] = CNOT 1 6
[17069] = CNOT 1 2
[17070] = CNOT 1 8
[17071] = T 1
[17072] = CNOT 1 7
[17073] = CNOT 7 8
[17074] = T 7
[17075] = S 7
[17076] = CNOT 7 8
[17077] = T 1
[17078] = S 1
[17079] = Z 1
[17080] = CNOT 1 8
[17081] = CNOT 1 2
[17082] = CNOT 1 7
[17083] = T 1
[17084] = CNOT 1 7
[17085] = CNOT 1 2
[17086] = CNOT 1 6
[17087] = T 1
[17088] = Z 1
[17089] = CNOT 1 7
[17090] = T 1
[17091] = CNOT 1 7
[17092] = CNOT 1 6
[17093] = CNOT 1 2
[17094] = T 1
[17095] = Z 1
[17096] = CNOT 1 6
[17097] = T 1
[17098] = CNOT 1 6
[17099] = CNOT 1 3
[17100] = CNOT 1 2
[17101] = S 1
[17102] = Z 2
[17103] = S 3
[17104] = Z 3
[17105] = Z 6
[17106] = S 9
[17107] = Z 9
[17108] = CNOT 1 2
[17109] = Z 1
[17110] = CNOT 1 2
[17111] = CNOT 1 3
[17112] = S 1
[17113] = CNOT 1 3
[17114] = CNOT 1 6
[17115] = Z 1
[17116] = CNOT 1 6
[17117] = CNOT 1 7
[17118] = Z 1
[17119] = CNOT 1 7
[17120] = CNOT 1 8
[17121] = Z 1
[17122] = CNOT 1 8
[17123] = CNOT 2 3
[17124] = Z 2
[17125] = CNOT 2 3
[17126] = CNOT 2 6
[17127] = S 2
[17128] = Z 2
[17129] = CNOT 2 6
[17130] = CNOT 2 7
[17131] = S 2
[17132] = Z 2
[17133] = CNOT 2 7
[17134] = CNOT 3 6
[17135] = Z 3
[17136] = CNOT 3 6
[17137] = CNOT 3 7
[17138] = Z 3
[17139] = CNOT 3 7
[17140] = CNOT 3 8
[17141] = Z 3
[17142] = CNOT 3 8
[17143] = CNOT 6 7
[17144] = S 6
[17145] = Z 6
[17146] = CNOT 6 7
[17147] = CNOT 1 2
[17148] = CNOT 1 6
[17149] = S 1
[17150] = Z 1
[17151] = CNOT 1 6
[17152] = CNOT 1 7
[17153] = S 1
[17154] = Z 1
[17155] = CNOT 1 2
[17156] = CNOT 1 3
[17157] = Z 1
[17158] = CNOT 1 3
[17159] = CNOT 1 6
[17160] = S 1
[17161] = Z 1
[17162] = CNOT 1 7
[17163] = CNOT 1 6
[17164] = CNOT 2 3
[17165] = CNOT 2 6
[17166] = S 2
[17167] = Z 2
[17168] = CNOT 2 6
[17169] = CNOT 2 7
[17170] = S 2
[17171] = Z 2
[17172] = CNOT 2 7
[17173] = CNOT 2 3
[17174] = CNOT 3 6
[17175] = CNOT 3 7
[17176] = S 3
[17177] = Z 3
[17178] = CNOT 3 7
[17179] = CNOT 3 6
[17180] = CNOT 3 1
[17181] = H 8
[17182] = H 6
[17183] = H 7
[17184] = T 6
[17185] = T 8
[17186] = T 7
[17187] = CNOT 6 8
[17188] = T 6
[17189] = S 6
[17190] = CNOT 6 7
[17191] = T 6
[17192] = CNOT 6 8
[17193] = CNOT 6 7
[17194] = CNOT 7 8
[17195] = T 7
[17196] = S 7
[17197] = CNOT 7 8
[17198] = CNOT 6 7
[17199] = T 6
[17200] = S 6
[17201] = CNOT 6 7
[17202] = H 7
[17203] = CNOT 1 3
[17204] = CNOT 1 8
[17205] = T 1
[17206] = S 1
[17207] = Z 1
[17208] = CNOT 1 8
[17209] = CNOT 1 3
[17210] = CNOT 2 3
[17211] = CNOT 2 4
[17212] = CNOT 2 6
[17213] = CNOT 2 8
[17214] = T 2
[17215] = CNOT 2 8
[17216] = CNOT 2 6
[17217] = CNOT 2 4
[17218] = CNOT 2 3
[17219] = CNOT 1 2
[17220] = CNOT 1 4
[17221] = CNOT 1 6
[17222] = T 1
[17223] = CNOT 1 5
[17224] = T 1
[17225] = CNOT 1 6
[17226] = CNOT 1 4
[17227] = CNOT 1 2
[17228] = CNOT 2 3
[17229] = CNOT 2 4
[17230] = CNOT 2 5
[17231] = CNOT 2 6
[17232] = CNOT 2 8
[17233] = T 2
[17234] = CNOT 2 8
[17235] = CNOT 2 6
[17236] = CNOT 2 5
[17237] = CNOT 2 4
[17238] = CNOT 2 3
[17239] = CNOT 1 3
[17240] = CNOT 1 8
[17241] = T 1
[17242] = CNOT 1 8
[17243] = CNOT 1 5
[17244] = CNOT 1 3
[17245] = Z 1
[17246] = S 2
[17247] = S 3
[17248] = S 4
[17249] = S 5
[17250] = S 6
[17251] = S 8
[17252] = CNOT 1 2
[17253] = S 1
[17254] = Z 1
[17255] = CNOT 1 2
[17256] = CNOT 1 3
[17257] = S 1
[17258] = Z 1
[17259] = CNOT 1 3
[17260] = CNOT 1 4
[17261] = S 1
[17262] = Z 1
[17263] = CNOT 1 4
[17264] = CNOT 1 5
[17265] = S 1
[17266] = Z 1
[17267] = CNOT 1 5
[17268] = CNOT 1 6
[17269] = S 1
[17270] = Z 1
[17271] = CNOT 1 6
[17272] = CNOT 1 8
[17273] = S 1
[17274] = Z 1
[17275] = CNOT 1 8
[17276] = CNOT 2 3
[17277] = S 2
[17278] = CNOT 2 3
[17279] = CNOT 2 5
[17280] = S 2
[17281] = CNOT 2 5
[17282] = CNOT 2 8
[17283] = S 2
[17284] = CNOT 2 8
[17285] = CNOT 3 4
[17286] = S 3
[17287] = CNOT 3 4
[17288] = CNOT 3 6
[17289] = S 3
[17290] = CNOT 3 6
[17291] = CNOT 4 5
[17292] = S 4
[17293] = CNOT 4 5
[17294] = CNOT 4 8
[17295] = S 4
[17296] = CNOT 4 8
[17297] = CNOT 5 6
[17298] = S 5
[17299] = CNOT 5 6
[17300] = CNOT 6 8
[17301] = S 6
[17302] = CNOT 6 8
[17303] = CNOT 1 2
[17304] = CNOT 1 4
[17305] = S 1
[17306] = Z 1
[17307] = CNOT 1 4
[17308] = CNOT 1 6
[17309] = S 1
[17310] = Z 1
[17311] = CNOT 1 6
[17312] = CNOT 1 2
[17313] = CNOT 1 3
[17314] = CNOT 1 5
[17315] = S 1
[17316] = Z 1
[17317] = CNOT 1 5
[17318] = CNOT 1 3
[17319] = CNOT 1 4
[17320] = CNOT 1 6
[17321] = S 1
[17322] = Z 1
[17323] = CNOT 1 6
[17324] = CNOT 1 4
[17325] = CNOT 1 5
[17326] = CNOT 1 8
[17327] = S 1
[17328] = Z 1
[17329] = CNOT 1 8
[17330] = CNOT 1 5
[17331] = CNOT 2 3
[17332] = CNOT 2 4
[17333] = S 2
[17334] = Z 2
[17335] = CNOT 2 4
[17336] = CNOT 2 5
[17337] = S 2
[17338] = Z 2
[17339] = CNOT 2 5
[17340] = CNOT 2 6
[17341] = S 2
[17342] = Z 2
[17343] = CNOT 2 6
[17344] = CNOT 2 8
[17345] = S 2
[17346] = Z 2
[17347] = CNOT 2 8
[17348] = CNOT 2 3
[17349] = CNOT 2 4
[17350] = CNOT 2 5
[17351] = S 2
[17352] = Z 2
[17353] = CNOT 2 5
[17354] = CNOT 2 6
[17355] = Z 2
[17356] = CNOT 2 6
[17357] = CNOT 2 8
[17358] = S 2
[17359] = Z 2
[17360] = CNOT 2 8
[17361] = CNOT 2 4
[17362] = CNOT 2 5
[17363] = CNOT 2 6
[17364] = S 2
[17365] = Z 2
[17366] = CNOT 2 6
[17367] = CNOT 2 8
[17368] = S 2
[17369] = Z 2
[17370] = CNOT 2 5
[17371] = CNOT 2 6
[17372] = S 2
[17373] = Z 2
[17374] = CNOT 2 8
[17375] = CNOT 2 6
[17376] = CNOT 3 4
[17377] = CNOT 3 5
[17378] = S 3
[17379] = Z 3
[17380] = CNOT 3 5
[17381] = CNOT 3 6
[17382] = S 3
[17383] = Z 3
[17384] = CNOT 3 6
[17385] = CNOT 3 8
[17386] = S 3
[17387] = Z 3
[17388] = CNOT 3 8
[17389] = CNOT 3 4
[17390] = CNOT 3 5
[17391] = CNOT 3 6
[17392] = S 3
[17393] = Z 3
[17394] = CNOT 3 6
[17395] = CNOT 3 8
[17396] = Z 3
[17397] = CNOT 3 5
[17398] = CNOT 3 6
[17399] = S 3
[17400] = Z 3
[17401] = CNOT 3 6
[17402] = CNOT 4 5
[17403] = CNOT 4 6
[17404] = S 4
[17405] = Z 4
[17406] = CNOT 4 6
[17407] = CNOT 4 8
[17408] = S 4
[17409] = Z 4
[17410] = CNOT 4 5
[17411] = CNOT 4 6
[17412] = S 4
[17413] = Z 4
[17414] = CNOT 4 6
[17415] = CNOT 5 6
[17416] = CNOT 5 8
[17417] = S 5
[17418] = Z 5
[17419] = CNOT 5 8
[17420] = CNOT 5 6
[17421] = CNOT 6 8
[17422] = CNOT 8 7
[17423] = CNOT 6 7
[17424] = CNOT 4 7
[17425] = CNOT 3 7
[17426] = CNOT 2 7
[17427] = CNOT 7 8
[17428] = CNOT 8 6
[17429] = CNOT 7 6
[17430] = CNOT 3 6
[17431] = CNOT 1 6
[17432] = CNOT 6 7
[17433] = CNOT 8 3
[17434] = CNOT 7 3
[17435] = CNOT 6 3
[17436] = CNOT 2 3
[17437] = CNOT 1 3
[17438] = CNOT 3 6
[17439] = CNOT 8 2
[17440] = CNOT 7 2
[17441] = CNOT 6 2
[17442] = CNOT 4 2
[17443] = CNOT 3 2
[17444] = CNOT 1 2
[17445] = CNOT 2 3
[17446] = CNOT 8 1
[17447] = CNOT 7 1
[17448] = CNOT 6 1
[17449] = CNOT 3 1
[17450] = CNOT 2 1
[17451] = CNOT 1 2
[17452] = H 5
[17453] = CNOT 1 3
[17454] = CNOT 1 5
[17455] = T 1
[17456] = CNOT 1 5
[17457] = CNOT 1 4
[17458] = CNOT 1 6
[17459] = CNOT 1 7
[17460] = T 1
[17461] = CNOT 1 6
[17462] = CNOT 1 4
[17463] = CNOT 4 5
[17464] = CNOT 4 6
[17465] = CNOT 4 7
[17466] = T 4
[17467] = CNOT 4 7
[17468] = CNOT 4 6
[17469] = CNOT 4 5
[17470] = CNOT 1 8
[17471] = T 1
[17472] = CNOT 1 8
[17473] = CNOT 1 7
[17474] = CNOT 1 3
[17475] = S 4
[17476] = S 5
[17477] = S 6
[17478] = S 7
[17479] = CNOT 4 5
[17480] = S 4
[17481] = Z 4
[17482] = CNOT 4 5
[17483] = CNOT 4 6
[17484] = S 4
[17485] = Z 4
[17486] = CNOT 4 6
[17487] = CNOT 4 7
[17488] = S 4
[17489] = Z 4
[17490] = CNOT 4 7
[17491] = CNOT 5 6
[17492] = S 5
[17493] = Z 5
[17494] = CNOT 5 6
[17495] = CNOT 5 7
[17496] = S 5
[17497] = Z 5
[17498] = CNOT 5 7
[17499] = CNOT 6 7
[17500] = S 6
[17501] = Z 6
[17502] = CNOT 6 7
[17503] = CNOT 4 5
[17504] = CNOT 4 6
[17505] = S 4
[17506] = Z 4
[17507] = CNOT 4 6
[17508] = CNOT 4 7
[17509] = S 4
[17510] = Z 4
[17511] = CNOT 4 5
[17512] = CNOT 4 6
[17513] = S 4
[17514] = Z 4
[17515] = CNOT 4 7
[17516] = CNOT 4 6
[17517] = CNOT 5 6
[17518] = CNOT 5 7
[17519] = S 5
[17520] = Z 5
[17521] = CNOT 5 7
[17522] = CNOT 5 6
[17523] = CNOT 6 8
[17524] = CNOT 5 8
[17525] = CNOT 3 8
[17526] = CNOT 2 8
[17527] = CNOT 8 7
[17528] = CNOT 6 7
[17529] = CNOT 7 6
[17530] = CNOT 5 6
[17531] = CNOT 2 6
[17532] = CNOT 1 6
[17533] = CNOT 7 5
[17534] = CNOT 6 5
[17535] = CNOT 4 5
[17536] = CNOT 3 5
[17537] = CNOT 2 5
[17538] = CNOT 8 3
[17539] = CNOT 7 3
[17540] = CNOT 1 3
[17541] = CNOT 3 7
[17542] = CNOT 7 2
[17543] = CNOT 6 2
[17544] = CNOT 3 2
[17545] = CNOT 1 2
[17546] = CNOT 8 1
[17547] = CNOT 7 1
[17548] = CNOT 5 1
[17549] = CNOT 3 1
[17550] = CNOT 2 1
[17551] = H 8
[17552] = T 8
[17553] = Z 8
[17554] = CNOT 4 8
[17555] = T 4
[17556] = Z 4
[17557] = CNOT 4 8
[17558] = CNOT 2 4
[17559] = CNOT 2 8
[17560] = T 2
[17561] = S 2
[17562] = Z 2
[17563] = CNOT 2 4
[17564] = T 2
[17565] = S 2
[17566] = Z 2
[17567] = CNOT 2 8
[17568] = Z 2
[17569] = CNOT 2 4
[17570] = Z 2
[17571] = CNOT 2 4
[17572] = CNOT 4 6
[17573] = CNOT 2 6
[17574] = CNOT 2 5
[17575] = CNOT 4 2
[17576] = H 8
[17577] = CNOT 4 8
[17578] = T 4
[17579] = Z 4
[17580] = CNOT 4 8
[17581] = CNOT 3 4
[17582] = CNOT 3 8
[17583] = T 3
[17584] = S 3
[17585] = Z 3
[17586] = CNOT 3 8
[17587] = Z 3
[17588] = CNOT 3 4
[17589] = CNOT 3 8
[17590] = Z 3
[17591] = CNOT 3 8
[17592] = CNOT 4 8
[17593] = CNOT 2 8
[17594] = CNOT 1 8
[17595] = CNOT 8 6
[17596] = CNOT 6 5
[17597] = CNOT 4 3
[17598] = H 5
[17599] = T 5
[17600] = Z 5
[17601] = CNOT 4 5
[17602] = T 4
[17603] = Z 4
[17604] = CNOT 4 5
[17605] = CNOT 3 4
[17606] = CNOT 3 5
[17607] = T 3
[17608] = S 3
[17609] = Z 3
[17610] = CNOT 3 4
[17611] = T 3
[17612] = S 3
[17613] = Z 3
[17614] = CNOT 3 5
[17615] = CNOT 1 6
[17616] = T 1
[17617] = CNOT 1 6
[17618] = CNOT 1 8
[17619] = T 1
[17620] = CNOT 6 8
[17621] = T 6
[17622] = S 6
[17623] = CNOT 6 8
[17624] = CNOT 2 7
[17625] = CNOT 2 8
[17626] = T 2
[17627] = CNOT 2 8
[17628] = CNOT 2 7
[17629] = CNOT 3 6
[17630] = CNOT 3 7
[17631] = T 3
[17632] = CNOT 3 7
[17633] = CNOT 3 6
[17634] = CNOT 1 6
[17635] = CNOT 1 7
[17636] = T 1
[17637] = CNOT 1 8
[17638] = CNOT 1 7
[17639] = Z 3
[17640] = Z 6
[17641] = Z 8
[17642] = CNOT 3 4
[17643] = Z 3
[17644] = CNOT 3 4
[17645] = CNOT 7 8
[17646] = CNOT 3 8
[17647] = CNOT 4 7
[17648] = CNOT 3 7
[17649] = CNOT 2 7
[17650] = CNOT 1 7
[17651] = CNOT 8 6
[17652] = CNOT 7 6
[17653] = CNOT 3 6
[17654] = CNOT 6 7
[17655] = CNOT 4 2
[17656] = CNOT 6 1
[17657] = H 5
[17658] = H 7
[17659] = T 7
[17660] = Z 7
[17661] = CNOT 7 8
[17662] = T 7
[17663] = Z 7
[17664] = CNOT 7 8
[17665] = CNOT 6 7
[17666] = CNOT 6 8
[17667] = T 6
[17668] = S 6
[17669] = Z 6
[17670] = CNOT 6 8
[17671] = T 6
[17672] = S 6
[17673] = Z 6
[17674] = CNOT 6 7
[17675] = Z 5
[17676] = Z 6
[17677] = CNOT 6 8
[17678] = Z 6
[17679] = CNOT 6 8
[17680] = CNOT 8 6
[17681] = H 7
[17682] = H 6
[17683] = H 8
[17684] = T 6
[17685] = CNOT 2 7
[17686] = T 2
[17687] = S 2
[17688] = CNOT 2 6
[17689] = T 2
[17690] = CNOT 2 7
[17691] = CNOT 2 6
[17692] = CNOT 6 7
[17693] = T 6
[17694] = S 6
[17695] = CNOT 6 7
[17696] = CNOT 2 6
[17697] = T 2
[17698] = S 2
[17699] = CNOT 2 6
[17700] = T 8
[17701] = CNOT 3 7
[17702] = T 3
[17703] = S 3
[17704] = CNOT 3 8
[17705] = T 3
[17706] = CNOT 3 7
[17707] = CNOT 7 8
[17708] = T 7
[17709] = S 7
[17710] = CNOT 7 8
[17711] = T 3
[17712] = S 3
[17713] = CNOT 3 8
[17714] = CNOT 4 7
[17715] = T 4
[17716] = CNOT 4 7
[17717] = S 7
[17718] = CNOT 7 4
[17719] = H 6
[17720] = H 8
[17721] = H 3
[17722] = H 2
[17723] = T 4
[17724] = S 4
[17725] = Z 4
[17726] = CNOT 3 4
[17727] = T 3
[17728] = Z 3
[17729] = CNOT 3 4
[17730] = CNOT 1 3
[17731] = CNOT 1 4
[17732] = T 1
[17733] = S 1
[17734] = Z 1
[17735] = CNOT 1 4
[17736] = T 1
[17737] = S 1
[17738] = Z 1
[17739] = CNOT 1 3
[17740] = CNOT 4 5
[17741] = CNOT 4 6
[17742] = CNOT 4 10
[17743] = T 4
[17744] = CNOT 4 5
[17745] = T 4
[17746] = S 4
[17747] = Z 4
[17748] = CNOT 4 10
[17749] = CNOT 4 6
[17750] = CNOT 5 10
[17751] = T 5
[17752] = S 5
[17753] = CNOT 5 10
[17754] = CNOT 4 8
[17755] = T 4
[17756] = CNOT 4 8
[17757] = T 2
[17758] = S 3
[17759] = Z 3
[17760] = Z 5
[17761] = Z 6
[17762] = Z 10
[17763] = CNOT 1 4
[17764] = S 1
[17765] = CNOT 1 4
[17766] = CNOT 4 5
[17767] = Z 4
[17768] = CNOT 4 5
[17769] = CNOT 4 6
[17770] = S 4
[17771] = Z 4
[17772] = CNOT 4 6
[17773] = CNOT 4 10
[17774] = Z 4
[17775] = CNOT 4 10
[17776] = CNOT 5 6
[17777] = Z 5
[17778] = CNOT 5 6
[17779] = CNOT 6 10
[17780] = Z 6
[17781] = CNOT 6 10
[17782] = CNOT 4 5
[17783] = CNOT 4 6
[17784] = S 4
[17785] = Z 4
[17786] = CNOT 4 6
[17787] = CNOT 4 5
[17788] = CNOT 6 5
[17789] = CNOT 8 4
[17790] = CNOT 6 4
[17791] = CNOT 4 1
[17792] = H 10
[17793] = H 1
[17794] = CNOT 7 9
[17795] = CNOT 7 10
[17796] = T 7
[17797] = CNOT 7 10
[17798] = T 7
[17799] = S 7
[17800] = CNOT 7 9
[17801] = CNOT 9 10
[17802] = T 9
[17803] = S 9
[17804] = CNOT 9 10
[17805] = T 1
[17806] = T 7
[17807] = S 10
[17808] = CNOT 7 10
[17809] = S 7
[17810] = H 9
[17811] = T 9
[17812] = CNOT 8 9
[17813] = T 8
[17814] = S 8
[17815] = CNOT 8 9
[17816] = CNOT 1 8
[17817] = CNOT 1 9
[17818] = T 1
[17819] = CNOT 1 9
[17820] = T 1
[17821] = S 1
[17822] = CNOT 1 8
[17823] = CNOT 1 9
[17824] = T 1
[17825] = S 1
[17826] = CNOT 1 9
[17827] = T 8
[17828] = H 1
[17829] = H 9
[17830] = CNOT 7 9
[17831] = T 7
[17832] = Z 7
[17833] = CNOT 7 10
[17834] = T 7
[17835] = S 7
[17836] = Z 7
[17837] = CNOT 7 9
[17838] = CNOT 9 10
[17839] = T 9
[17840] = S 9
[17841] = Z 9
[17842] = CNOT 9 10
[17843] = T 1
[17844] = S 1
[17845] = CNOT 1 4
[17846] = T 1
[17847] = S 1
[17848] = CNOT 1 3
[17849] = T 1
[17850] = CNOT 1 4
[17851] = CNOT 1 3
[17852] = CNOT 3 4
[17853] = T 3
[17854] = S 3
[17855] = CNOT 3 4
[17856] = CNOT 1 3
[17857] = T 1
[17858] = S 1
[17859] = CNOT 1 3
[17860] = T 4
[17861] = T 7
[17862] = Z 7
[17863] = S 9
[17864] = Z 9
[17865] = Z 10
[17866] = H 10
[17867] = H 3
[17868] = CNOT 1 3
[17869] = CNOT 1 9
[17870] = T 1
[17871] = CNOT 1 3
[17872] = CNOT 3 9
[17873] = T 3
[17874] = S 3
[17875] = CNOT 3 9
[17876] = T 1
[17877] = S 1
[17878] = CNOT 1 9
[17879] = S 3
[17880] = S 6
[17881] = Z 6
[17882] = S 10
[17883] = CNOT 1 3
[17884] = S 1
[17885] = CNOT 1 3
[17886] = CNOT 5 6
[17887] = S 5
[17888] = CNOT 5 6
[17889] = CNOT 5 10
[17890] = S 5
[17891] = Z 5
[17892] = CNOT 6 10
[17893] = S 6
[17894] = CNOT 6 10
[17895] = CNOT 5 6
[17896] = S 5
[17897] = Z 5
[17898] = CNOT 5 10
[17899] = CNOT 5 6
[17900] = CNOT 3 1
[17901] = H 9
[17902] = H 10
[17903] = T 9
[17904] = CNOT 4 9
[17905] = T 4
[17906] = S 4
[17907] = CNOT 4 9
[17908] = CNOT 2 4
[17909] = CNOT 2 9
[17910] = T 2
[17911] = CNOT 2 9
[17912] = T 2
[17913] = S 2
[17914] = CNOT 2 4
[17915] = CNOT 2 9
[17916] = T 2
[17917] = S 2
[17918] = CNOT 2 9
[17919] = CNOT 7 10
[17920] = T 7
[17921] = S 7
[17922] = CNOT 7 10
[17923] = T 4
[17924] = T 2
[17925] = Z 7
[17926] = S 10
[17927] = Z 10
[17928] = CNOT 7 10
[17929] = H 9
[17930] = CNOT 3 9
[17931] = T 3
[17932] = Z 3
[17933] = CNOT 3 9
[17934] = CNOT 1 3
[17935] = CNOT 1 9
[17936] = T 1
[17937] = S 1
[17938] = Z 1
[17939] = CNOT 1 3
[17940] = T 1
[17941] = S 1
[17942] = Z 1
[17943] = CNOT 1 9
[17944] = CNOT 7 9
[17945] = T 7
[17946] = Z 7
[17947] = CNOT 7 10
[17948] = T 7
[17949] = S 7
[17950] = Z 7
[17951] = CNOT 7 9
[17952] = CNOT 9 10
[17953] = T 9
[17954] = S 9
[17955] = Z 9
[17956] = CNOT 9 10
[17957] = T 7
[17958] = Z 7
[17959] = CNOT 7 10
[17960] = T 7
[17961] = S 7
[17962] = Z 7
[17963] = CNOT 1 3
[17964] = T 1
[17965] = Z 1
[17966] = CNOT 1 3
[17967] = Z 1
[17968] = S 9
[17969] = Z 10
[17970] = CNOT 3 1
[17971] = H 9
[17972] = H 1
[17973] = T 9
[17974] = T 1
[17975] = CNOT 8 9
[17976] = T 8
[17977] = S 8
[17978] = CNOT 8 9
[17979] = CNOT 1 8
[17980] = CNOT 1 9
[17981] = T 1
[17982] = CNOT 1 9
[17983] = T 1
[17984] = S 1
[17985] = CNOT 1 8
[17986] = CNOT 1 9
[17987] = T 1
[17988] = S 1
[17989] = CNOT 1 9
[17990] = H 1
[17991] = H 9
[17992] = CNOT 7 9
[17993] = T 7
[17994] = Z 7
[17995] = CNOT 7 10
[17996] = T 7
[17997] = S 7
[17998] = Z 7
[17999] = CNOT 7 9
[18000] = CNOT 9 10
[18001] = T 9
[18002] = S 9
[18003] = Z 9
[18004] = CNOT 9 10
[18005] = CNOT 1 3
[18006] = CNOT 1 9
[18007] = T 1
[18008] = CNOT 1 3
[18009] = CNOT 3 9
[18010] = T 3
[18011] = S 3
[18012] = CNOT 3 9
[18013] = T 1
[18014] = S 1
[18015] = CNOT 1 9
[18016] = T 3
[18017] = S 1
[18018] = S 9
[18019] = Z 9
[18020] = Z 10
[18021] = CNOT 1 3
[18022] = S 1
[18023] = CNOT 1 3
[18024] = Z 7
[18025] = CNOT 3 1
[18026] = H 10
[18027] = H 9
[18028] = CNOT 6 10
[18029] = T 6
[18030] = Z 6
[18031] = CNOT 6 10
[18032] = CNOT 5 6
[18033] = CNOT 5 10
[18034] = T 5
[18035] = S 5
[18036] = Z 5
[18037] = CNOT 5 6
[18038] = T 5
[18039] = S 5
[18040] = Z 5
[18041] = CNOT 5 10
[18042] = T 9
[18043] = CNOT 4 9
[18044] = T 4
[18045] = S 4
[18046] = CNOT 4 9
[18047] = CNOT 2 4
[18048] = CNOT 2 9
[18049] = T 2
[18050] = CNOT 2 9
[18051] = T 2
[18052] = S 2
[18053] = CNOT 2 4
[18054] = CNOT 2 9
[18055] = T 2
[18056] = S 2
[18057] = CNOT 2 9
[18058] = CNOT 1 4
[18059] = CNOT 1 7
[18060] = T 1
[18061] = CNOT 1 7
[18062] = CNOT 1 4
[18063] = Z 5
[18064] = S 10
[18065] = Z 10
[18066] = CNOT 5 6
[18067] = Z 5
[18068] = CNOT 5 6
[18069] = CNOT 6 5
[18070] = CNOT 8 4
[18071] = CNOT 7 4
[18072] = CNOT 6 4
[18073] = CNOT 8 1
[18074] = CNOT 7 1
[18075] = CNOT 6 1
[18076] = CNOT 4 1
[18077] = H 2
[18078] = H 9
[18079] = H 8
[18080] = H 6
[18081] = H 5
[18082] = CNOT 3 9
[18083] = T 3
[18084] = Z 3
[18085] = CNOT 3 9
[18086] = CNOT 1 3
[18087] = CNOT 1 9
[18088] = T 1
[18089] = S 1
[18090] = Z 1
[18091] = CNOT 1 3
[18092] = T 1
[18093] = S 1
[18094] = Z 1
[18095] = CNOT 1 9
[18096] = T 5
[18097] = T 8
[18098] = Z 8
[18099] = CNOT 1 2
[18100] = CNOT 1 3
[18101] = CNOT 1 6
[18102] = CNOT 1 7
[18103] = T 1
[18104] = CNOT 1 6
[18105] = CNOT 1 2
[18106] = CNOT 1 8
[18107] = T 1
[18108] = CNOT 1 7
[18109] = CNOT 7 8
[18110] = T 7
[18111] = S 7
[18112] = CNOT 7 8
[18113] = T 1
[18114] = S 1
[18115] = Z 1
[18116] = CNOT 1 8
[18117] = CNOT 1 2
[18118] = CNOT 1 7
[18119] = T 1
[18120] = CNOT 1 7
[18121] = CNOT 1 2
[18122] = CNOT 1 6
[18123] = T 1
[18124] = Z 1
[18125] = CNOT 1 7
[18126] = T 1
[18127] = CNOT 1 7
[18128] = CNOT 1 6
[18129] = CNOT 1 2
[18130] = T 1
[18131] = Z 1
[18132] = CNOT 1 6
[18133] = T 1
[18134] = CNOT 1 6
[18135] = CNOT 1 3
[18136] = CNOT 1 2
[18137] = S 1
[18138] = Z 2
[18139] = S 3
[18140] = Z 3
[18141] = Z 6
[18142] = S 9
[18143] = Z 9
[18144] = CNOT 1 2
[18145] = Z 1
[18146] = CNOT 1 2
[18147] = CNOT 1 3
[18148] = S 1
[18149] = CNOT 1 3
[18150] = CNOT 1 6
[18151] = Z 1
[18152] = CNOT 1 6
[18153] = CNOT 1 7
[18154] = Z 1
[18155] = CNOT 1 7
[18156] = CNOT 1 8
[18157] = Z 1
[18158] = CNOT 1 8
[18159] = CNOT 2 3
[18160] = Z 2
[18161] = CNOT 2 3
[18162] = CNOT 2 6
[18163] = S 2
[18164] = Z 2
[18165] = CNOT 2 6
[18166] = CNOT 2 7
[18167] = S 2
[18168] = Z 2
[18169] = CNOT 2 7
[18170] = CNOT 3 6
[18171] = Z 3
[18172] = CNOT 3 6
[18173] = CNOT 3 7
[18174] = Z 3
[18175] = CNOT 3 7
[18176] = CNOT 3 8
[18177] = Z 3
[18178] = CNOT 3 8
[18179] = CNOT 6 7
[18180] = S 6
[18181] = Z 6
[18182] = CNOT 6 7
[18183] = CNOT 1 2
[18184] = CNOT 1 6
[18185] = S 1
[18186] = Z 1
[18187] = CNOT 1 6
[18188] = CNOT 1 7
[18189] = S 1
[18190] = Z 1
[18191] = CNOT 1 2
[18192] = CNOT 1 3
[18193] = Z 1
[18194] = CNOT 1 3
[18195] = CNOT 1 6
[18196] = S 1
[18197] = Z 1
[18198] = CNOT 1 7
[18199] = CNOT 1 6
[18200] = CNOT 2 3
[18201] = CNOT 2 6
[18202] = S 2
[18203] = Z 2
[18204] = CNOT 2 6
[18205] = CNOT 2 7
[18206] = S 2
[18207] = Z 2
[18208] = CNOT 2 7
[18209] = CNOT 2 3
[18210] = CNOT 3 6
[18211] = CNOT 3 7
[18212] = S 3
[18213] = Z 3
[18214] = CNOT 3 7
[18215] = CNOT 3 6
[18216] = CNOT 3 1
[18217] = H 8
[18218] = H 6
[18219] = H 7
[18220] = T 6
[18221] = T 8
[18222] = T 7
[18223] = CNOT 6 8
[18224] = T 6
[18225] = S 6
[18226] = CNOT 6 7
[18227] = T 6
[18228] = CNOT 6 8
[18229] = CNOT 6 7
[18230] = CNOT 7 8
[18231] = T 7
[18232] = S 7
[18233] = CNOT 7 8
[18234] = CNOT 6 7
[18235] = T 6
[18236] = S 6
[18237] = CNOT 6 7
[18238] = H 7
[18239] = CNOT 1 3
[18240] = CNOT 1 8
[18241] = T 1
[18242] = S 1
[18243] = Z 1
[18244] = CNOT 1 8
[18245] = CNOT 1 3
[18246] = CNOT 2 3
[18247] = CNOT 2 4
[18248] = CNOT 2 6
[18249] = CNOT 2 8
[18250] = T 2
[18251] = CNOT 2 8
[18252] = CNOT 2 6
[18253] = CNOT 2 4
[18254] = CNOT 2 3
[18255] = CNOT 1 2
[18256] = CNOT 1 4
[18257] = CNOT 1 6
[18258] = T 1
[18259] = CNOT 1 5
[18260] = T 1
[18261] = CNOT 1 6
[18262] = CNOT 1 4
[18263] = CNOT 1 2
[18264] = CNOT 2 3
[18265] = CNOT 2 4
[18266] = CNOT 2 5
[18267] = CNOT 2 6
[18268] = CNOT 2 8
[18269] = T 2
[18270] = CNOT 2 8
[18271] = CNOT 2 6
[18272] = CNOT 2 5
[18273] = CNOT 2 4
[18274] = CNOT 2 3
[18275] = CNOT 1 3
[18276] = CNOT 1 8
[18277] = T 1
[18278] = CNOT 1 8
[18279] = CNOT 1 5
[18280] = CNOT 1 3
[18281] = Z 1
[18282] = S 2
[18283] = S 3
[18284] = S 4
[18285] = S 5
[18286] = S 6
[18287] = S 8
[18288] = CNOT 1 2
[18289] = S 1
[18290] = Z 1
[18291] = CNOT 1 2
[18292] = CNOT 1 3
[18293] = S 1
[18294] = Z 1
[18295] = CNOT 1 3
[18296] = CNOT 1 4
[18297] = S 1
[18298] = Z 1
[18299] = CNOT 1 4
[18300] = CNOT 1 5
[18301] = S 1
[18302] = Z 1
[18303] = CNOT 1 5
[18304] = CNOT 1 6
[18305] = S 1
[18306] = Z 1
[18307] = CNOT 1 6
[18308] = CNOT 1 8
[18309] = S 1
[18310] = Z 1
[18311] = CNOT 1 8
[18312] = CNOT 2 3
[18313] = S 2
[18314] = CNOT 2 3
[18315] = CNOT 2 5
[18316] = S 2
[18317] = CNOT 2 5
[18318] = CNOT 2 8
[18319] = S 2
[18320] = CNOT 2 8
[18321] = CNOT 3 4
[18322] = S 3
[18323] = CNOT 3 4
[18324] = CNOT 3 6
[18325] = S 3
[18326] = CNOT 3 6
[18327] = CNOT 4 5
[18328] = S 4
[18329] = CNOT 4 5
[18330] = CNOT 4 8
[18331] = S 4
[18332] = CNOT 4 8
[18333] = CNOT 5 6
[18334] = S 5
[18335] = CNOT 5 6
[18336] = CNOT 6 8
[18337] = S 6
[18338] = CNOT 6 8
[18339] = CNOT 1 2
[18340] = CNOT 1 4
[18341] = S 1
[18342] = Z 1
[18343] = CNOT 1 4
[18344] = CNOT 1 6
[18345] = S 1
[18346] = Z 1
[18347] = CNOT 1 6
[18348] = CNOT 1 2
[18349] = CNOT 1 3
[18350] = CNOT 1 5
[18351] = S 1
[18352] = Z 1
[18353] = CNOT 1 5
[18354] = CNOT 1 3
[18355] = CNOT 1 4
[18356] = CNOT 1 6
[18357] = S 1
[18358] = Z 1
[18359] = CNOT 1 6
[18360] = CNOT 1 4
[18361] = CNOT 1 5
[18362] = CNOT 1 8
[18363] = S 1
[18364] = Z 1
[18365] = CNOT 1 5
[18366] = CNOT 2 3
[18367] = CNOT 2 4
[18368] = S 2
[18369] = Z 2
[18370] = CNOT 2 4
[18371] = CNOT 2 5
[18372] = S 2
[18373] = Z 2
[18374] = CNOT 2 5
[18375] = CNOT 2 6
[18376] = S 2
[18377] = Z 2
[18378] = CNOT 2 6
[18379] = CNOT 2 8
[18380] = S 2
[18381] = Z 2
[18382] = CNOT 2 8
[18383] = CNOT 2 3
[18384] = CNOT 2 4
[18385] = CNOT 2 5
[18386] = S 2
[18387] = Z 2
[18388] = CNOT 2 5
[18389] = CNOT 2 6
[18390] = Z 2
[18391] = CNOT 2 6
[18392] = CNOT 2 8
[18393] = S 2
[18394] = Z 2
[18395] = CNOT 2 8
[18396] = CNOT 2 4
[18397] = CNOT 2 5
[18398] = CNOT 2 6
[18399] = S 2
[18400] = Z 2
[18401] = CNOT 2 6
[18402] = CNOT 2 8
[18403] = S 2
[18404] = Z 2
[18405] = CNOT 2 5
[18406] = CNOT 2 6
[18407] = S 2
[18408] = Z 2
[18409] = CNOT 2 6
[18410] = CNOT 3 4
[18411] = CNOT 3 5
[18412] = S 3
[18413] = Z 3
[18414] = CNOT 3 5
[18415] = CNOT 3 6
[18416] = S 3
[18417] = Z 3
[18418] = CNOT 3 6
[18419] = CNOT 3 8
[18420] = S 3
[18421] = Z 3
[18422] = CNOT 3 8
[18423] = CNOT 3 4
[18424] = CNOT 3 5
[18425] = CNOT 3 6
[18426] = S 3
[18427] = Z 3
[18428] = CNOT 3 6
[18429] = CNOT 3 8
[18430] = Z 3
[18431] = CNOT 3 5
[18432] = CNOT 3 6
[18433] = S 3
[18434] = Z 3
[18435] = CNOT 3 8
[18436] = CNOT 4 5
[18437] = CNOT 4 6
[18438] = S 4
[18439] = Z 4
[18440] = CNOT 4 6
[18441] = CNOT 4 8
[18442] = S 4
[18443] = Z 4
[18444] = CNOT 4 5
[18445] = CNOT 4 6
[18446] = S 4
[18447] = Z 4
[18448] = CNOT 4 8
[18449] = CNOT 4 6
[18450] = CNOT 5 6
[18451] = CNOT 5 8
[18452] = S 5
[18453] = Z 5
[18454] = CNOT 5 8
[18455] = CNOT 5 6
[18456] = CNOT 7 8
[18457] = CNOT 4 7
[18458] = CNOT 2 7
[18459] = CNOT 1 7
[18460] = CNOT 7 6
[18461] = CNOT 4 3
[18462] = CNOT 4 2
[18463] = CNOT 8 1
[18464] = CNOT 6 1
[18465] = CNOT 3 1
[18466] = H 5
[18467] = CNOT 2 5
[18468] = CNOT 2 6
[18469] = CNOT 2 8
[18470] = T 2
[18471] = CNOT 2 8
[18472] = CNOT 2 6
[18473] = CNOT 4 6
[18474] = CNOT 4 8
[18475] = T 4
[18476] = CNOT 4 8
[18477] = CNOT 4 6
[18478] = CNOT 2 4
[18479] = T 2
[18480] = S 2
[18481] = Z 2
[18482] = CNOT 2 5
[18483] = Z 2
[18484] = CNOT 2 4
[18485] = CNOT 2 5
[18486] = Z 2
[18487] = CNOT 4 5
[18488] = Z 4
[18489] = CNOT 4 5
[18490] = CNOT 4 8
[18491] = CNOT 2 8
[18492] = CNOT 1 8
[18493] = CNOT 8 6
[18494] = CNOT 4 6
[18495] = CNOT 3 6
[18496] = CNOT 2 6
[18497] = CNOT 1 6
[18498] = CNOT 8 5
[18499] = CNOT 6 5
[18500] = CNOT 3 5
[18501] = CNOT 7 3
[18502] = CNOT 5 3
[18503] = CNOT 4 2
[18504] = CNOT 6 1
[18505] = CNOT 5 1
[18506] = H 8
[18507] = T 8
[18508] = Z 8
[18509] = CNOT 4 8
[18510] = T 4
[18511] = Z 4
[18512] = CNOT 4 8
[18513] = CNOT 2 4
[18514] = CNOT 2 8
[18515] = T 2
[18516] = S 2
[18517] = Z 2
[18518] = CNOT 2 4
[18519] = T 2
[18520] = S 2
[18521] = Z 2
[18522] = CNOT 2 8
[18523] = Z 2
[18524] = CNOT 2 4
[18525] = Z 2
[18526] = CNOT 2 4
[18527] = CNOT 6 7
[18528] = CNOT 3 7
[18529] = CNOT 2 7
[18530] = CNOT 7 6
[18531] = CNOT 5 6
[18532] = CNOT 6 7
[18533] = CNOT 7 5
[18534] = CNOT 6 5
[18535] = CNOT 4 5
[18536] = CNOT 3 5
[18537] = CNOT 2 5
[18538] = CNOT 5 6
[18539] = CNOT 6 3
[18540] = CNOT 2 3
[18541] = CNOT 3 6
[18542] = CNOT 7 2
[18543] = CNOT 6 2
[18544] = CNOT 3 2
[18545] = CNOT 7 1
[18546] = CNOT 6 1
[18547] = CNOT 4 1
[18548] = CNOT 3 1
[18549] = CNOT 2 1
[18550] = H 8
[18551] = CNOT 2 3
[18552] = CNOT 2 5
[18553] = CNOT 2 7
[18554] = T 2
[18555] = CNOT 2 7
[18556] = CNOT 2 5
[18557] = CNOT 2 3
[18558] = CNOT 1 2
[18559] = CNOT 1 4
[18560] = CNOT 1 7
[18561] = T 1
[18562] = CNOT 1 7
[18563] = CNOT 1 2
[18564] = CNOT 1 3
[18565] = CNOT 1 5
[18566] = T 1
[18567] = CNOT 1 5
[18568] = CNOT 1 4
[18569] = CNOT 1 3
[18570] = S 1
[18571] = S 3
[18572] = S 4
[18573] = S 5
[18574] = CNOT 1 3
[18575] = S 1
[18576] = Z 1
[18577] = CNOT 1 3
[18578] = CNOT 1 4
[18579] = S 1
[18580] = Z 1
[18581] = CNOT 1 4
[18582] = CNOT 1 5
[18583] = S 1
[18584] = Z 1
[18585] = CNOT 1 5
[18586] = CNOT 3 4
[18587] = S 3
[18588] = Z 3
[18589] = CNOT 3 4
[18590] = CNOT 3 5
[18591] = S 3
[18592] = Z 3
[18593] = CNOT 3 5
[18594] = CNOT 4 5
[18595] = S 4
[18596] = Z 4
[18597] = CNOT 4 5
[18598] = CNOT 1 3
[18599] = CNOT 1 4
[18600] = S 1
[18601] = Z 1
[18602] = CNOT 1 4
[18603] = CNOT 1 5
[18604] = S 1
[18605] = Z 1
[18606] = CNOT 1 3
[18607] = CNOT 1 4
[18608] = S 1
[18609] = Z 1
[18610] = CNOT 1 5
[18611] = CNOT 1 4
[18612] = CNOT 3 4
[18613] = CNOT 3 5
[18614] = S 3
[18615] = Z 3
[18616] = CNOT 3 5
[18617] = CNOT 3 4
[18618] = CNOT 6 8
[18619] = CNOT 3 8
[18620] = CNOT 2 8
[18621] = CNOT 1 8
[18622] = CNOT 2 7
[18623] = CNOT 7 6
[18624] = CNOT 5 6
[18625] = CNOT 2 6
[18626] = CNOT 1 6
[18627] = CNOT 8 5
[18628] = CNOT 7 5
[18629] = CNOT 6 5
[18630] = CNOT 2 5
[18631] = CNOT 1 5
[18632] = CNOT 5 6
[18633] = CNOT 4 3
[18634] = CNOT 5 2
[18635] = CNOT 4 2
[18636] = CNOT 3 2
[18637] = CNOT 1 2
[18638] = CNOT 2 3
[18639] = CNOT 4 1
[18640] = CNOT 2 1
[18641] = H 5
[18642] = T 5
[18643] = Z 5
[18644] = CNOT 4 5
[18645] = T 4
[18646] = Z 4
[18647] = CNOT 4 5
[18648] = CNOT 3 4
[18649] = CNOT 3 5
[18650] = T 3
[18651] = S 3
[18652] = Z 3
[18653] = CNOT 3 4
[18654] = T 3
[18655] = S 3
[18656] = Z 3
[18657] = CNOT 3 5
[18658] = CNOT 1 6
[18659] = T 1
[18660] = CNOT 1 6
[18661] = CNOT 1 8
[18662] = T 1
[18663] = CNOT 6 8
[18664] = T 6
[18665] = S 6
[18666] = CNOT 6 8
[18667] = CNOT 2 7
[18668] = CNOT 2 8
[18669] = T 2
[18670] = CNOT 2 8
[18671] = CNOT 2 7
[18672] = CNOT 3 6
[18673] = CNOT 3 7
[18674] = T 3
[18675] = CNOT 3 7
[18676] = CNOT 3 6
[18677] = CNOT 1 6
[18678] = CNOT 1 7
[18679] = T 1
[18680] = CNOT 1 8
[18681] = CNOT 1 7
[18682] = Z 3
[18683] = Z 6
[18684] = Z 8
[18685] = CNOT 3 4
[18686] = Z 3
[18687] = CNOT 3 4
[18688] = CNOT 7 8
[18689] = CNOT 3 8
[18690] = CNOT 4 7
[18691] = CNOT 3 7
[18692] = CNOT 2 7
[18693] = CNOT 1 7
[18694] = CNOT 8 6
[18695] = CNOT 7 6
[18696] = CNOT 3 6
[18697] = CNOT 6 7
[18698] = CNOT 4 2
[18699] = CNOT 6 1
[18700] = H 5
[18701] = H 7
[18702] = T 7
[18703] = Z 7
[18704] = CNOT 7 8
[18705] = T 7
[18706] = Z 7
[18707] = CNOT 7 8
[18708] = CNOT 6 7
[18709] = CNOT 6 8
[18710] = T 6
[18711] = S 6
[18712] = Z 6
[18713] = CNOT 6 8
[18714] = T 6
[18715] = S 6
[18716] = Z 6
[18717] = CNOT 6 7
[18718] = Z 5
[18719] = Z 6
[18720] = CNOT 6 8
[18721] = Z 6
[18722] = CNOT 6 8
[18723] = CNOT 8 6
[18724] = H 7
[18725] = H 6
[18726] = H 8
[18727] = T 6
[18728] = CNOT 2 7
[18729] = T 2
[18730] = S 2
[18731] = CNOT 2 6
[18732] = T 2
[18733] = CNOT 2 7
[18734] = CNOT 2 6
[18735] = CNOT 6 7
[18736] = T 6
[18737] = S 6
[18738] = CNOT 6 7
[18739] = CNOT 2 6
[18740] = T 2
[18741] = S 2
[18742] = CNOT 2 6
[18743] = T 8
[18744] = CNOT 3 7
[18745] = T 3
[18746] = S 3
[18747] = CNOT 3 8
[18748] = T 3
[18749] = CNOT 3 7
[18750] = CNOT 7 8
[18751] = T 7
[18752] = S 7
[18753] = CNOT 7 8
[18754] = T 3
[18755] = S 3
[18756] = CNOT 3 8
[18757] = CNOT 4 7
[18758] = T 4
[18759] = CNOT 4 7
[18760] = S 7
[18761] = CNOT 7 4
[18762] = H 6
[18763] = H 8
[18764] = H 3
[18765] = H 2
[18766] = T 4
[18767] = S 4
[18768] = Z 4
[18769] = CNOT 3 4
[18770] = T 3
[18771] = Z 3
[18772] = CNOT 3 4
[18773] = CNOT 1 3
[18774] = CNOT 1 4
[18775] = T 1
[18776] = S 1
[18777] = Z 1
[18778] = CNOT 1 4
[18779] = T 1
[18780] = S 1
[18781] = Z 1
[18782] = CNOT 1 3
[18783] = CNOT 4 5
[18784] = CNOT 4 6
[18785] = CNOT 4 10
[18786] = T 4
[18787] = CNOT 4 5
[18788] = T 4
[18789] = S 4
[18790] = Z 4
[18791] = CNOT 4 10
[18792] = CNOT 4 6
[18793] = CNOT 5 10
[18794] = T 5
[18795] = S 5
[18796] = CNOT 5 10
[18797] = CNOT 4 8
[18798] = T 4
[18799] = CNOT 4 8
[18800] = T 2
[18801] = S 3
[18802] = Z 3
[18803] = Z 5
[18804] = Z 6
[18805] = Z 10
[18806] = CNOT 1 4
[18807] = S 1
[18808] = CNOT 1 4
[18809] = CNOT 4 5
[18810] = Z 4
[18811] = CNOT 4 5
[18812] = CNOT 4 6
[18813] = S 4
[18814] = Z 4
[18815] = CNOT 4 6
[18816] = CNOT 4 10
[18817] = Z 4
[18818] = CNOT 4 10
[18819] = CNOT 5 6
[18820] = Z 5
[18821] = CNOT 5 6
[18822] = CNOT 6 10
[18823] = Z 6
[18824] = CNOT 6 10
[18825] = CNOT 4 5
[18826] = CNOT 4 6
[18827] = S 4
[18828] = Z 4
[18829] = CNOT 4 6
[18830] = CNOT 4 5
[18831] = CNOT 6 5
[18832] = CNOT 8 4
[18833] = CNOT 6 4
[18834] = CNOT 4 1
[18835] = H 10
[18836] = H 1
[18837] = CNOT 7 9
[18838] = CNOT 7 10
[18839] = T 7
[18840] = CNOT 7 10
[18841] = T 7
[18842] = S 7
[18843] = CNOT 7 9
[18844] = CNOT 9 10
[18845] = T 9
[18846] = S 9
[18847] = CNOT 9 10
[18848] = T 1
[18849] = T 7
[18850] = S 10
[18851] = CNOT 7 10
[18852] = S 7
[18853] = H 9
[18854] = T 9
[18855] = CNOT 8 9
[18856] = T 8
[18857] = S 8
[18858] = CNOT 8 9
[18859] = CNOT 1 8
[18860] = CNOT 1 9
[18861] = T 1
[18862] = CNOT 1 9
[18863] = T 1
[18864] = S 1
[18865] = CNOT 1 8
[18866] = CNOT 1 9
[18867] = T 1
[18868] = S 1
[18869] = CNOT 1 9
[18870] = T 8
[18871] = H 1
[18872] = H 9
[18873] = CNOT 7 9
[18874] = T 7
[18875] = Z 7
[18876] = CNOT 7 10
[18877] = T 7
[18878] = S 7
[18879] = Z 7
[18880] = CNOT 7 9
[18881] = CNOT 9 10
[18882] = T 9
[18883] = S 9
[18884] = Z 9
[18885] = CNOT 9 10
[18886] = T 1
[18887] = S 1
[18888] = CNOT 1 4
[18889] = T 1
[18890] = S 1
[18891] = CNOT 1 3
[18892] = T 1
[18893] = CNOT 1 4
[18894] = CNOT 1 3
[18895] = CNOT 3 4
[18896] = T 3
[18897] = S 3
[18898] = CNOT 3 4
[18899] = CNOT 1 3
[18900] = T 1
[18901] = S 1
[18902] = CNOT 1 3
[18903] = T 4
[18904] = T 7
[18905] = Z 7
[18906] = S 9
[18907] = Z 9
[18908] = Z 10
[18909] = H 10
[18910] = H 3
[18911] = CNOT 1 3
[18912] = CNOT 1 9
[18913] = T 1
[18914] = CNOT 1 3
[18915] = CNOT 3 9
[18916] = T 3
[18917] = S 3
[18918] = CNOT 3 9
[18919] = T 1
[18920] = S 1
[18921] = CNOT 1 9
[18922] = S 3
[18923] = S 6
[18924] = Z 6
[18925] = S 10
[18926] = CNOT 1 3
[18927] = S 1
[18928] = CNOT 1 3
[18929] = CNOT 5 6
[18930] = S 5
[18931] = CNOT 5 6
[18932] = CNOT 5 10
[18933] = S 5
[18934] = Z 5
[18935] = CNOT 6 10
[18936] = S 6
[18937] = CNOT 6 10
[18938] = CNOT 5 6
[18939] = S 5
[18940] = Z 5
[18941] = CNOT 5 10
[18942] = CNOT 5 6
[18943] = CNOT 3 1
[18944] = H 9
[18945] = H 10
[18946] = T 9
[18947] = CNOT 4 9
[18948] = T 4
[18949] = S 4
[18950] = CNOT 4 9
[18951] = CNOT 2 4
[18952] = CNOT 2 9
[18953] = T 2
[18954] = CNOT 2 9
[18955] = T 2
[18956] = S 2
[18957] = CNOT 2 4
[18958] = CNOT 2 9
[18959] = T 2
[18960] = S 2
[18961] = CNOT 2 9
[18962] = CNOT 7 10
[18963] = T 7
[18964] = S 7
[18965] = CNOT 7 10
[18966] = T 4
[18967] = T 2
[18968] = Z 7
[18969] = S 10
[18970] = Z 10
[18971] = CNOT 7 10
[18972] = H 9
[18973] = CNOT 3 9
[18974] = T 3
[18975] = Z 3
[18976] = CNOT 3 9
[18977] = CNOT 1 3
[18978] = CNOT 1 9
[18979] = T 1
[18980] = S 1
[18981] = Z 1
[18982] = CNOT 1 3
[18983] = T 1
[18984] = S 1
[18985] = Z 1
[18986] = CNOT 1 9
[18987] = CNOT 7 9
[18988] = T 7
[18989] = Z 7
[18990] = CNOT 7 10
[18991] = T 7
[18992] = S 7
[18993] = Z 7
[18994] = CNOT 7 9
[18995] = CNOT 9 10
[18996] = T 9
[18997] = S 9
[18998] = Z 9
[18999] = CNOT 9 10
[19000] = T 7
[19001] = Z 7
[19002] = CNOT 7 10
[19003] = T 7
[19004] = S 7
[19005] = Z 7
[19006] = CNOT 1 3
[19007] = T 1
[19008] = Z 1
[19009] = CNOT 1 3
[19010] = Z 1
[19011] = S 9
[19012] = Z 10
[19013] = CNOT 3 1
[19014] = H 9
[19015] = H 1
[19016] = T 9
[19017] = T 1
[19018] = CNOT 8 9
[19019] = T 8
[19020] = S 8
[19021] = CNOT 8 9
[19022] = CNOT 1 8
[19023] = CNOT 1 9
[19024] = T 1
[19025] = CNOT 1 9
[19026] = T 1
[19027] = S 1
[19028] = CNOT 1 8
[19029] = CNOT 1 9
[19030] = T 1
[19031] = S 1
[19032] = CNOT 1 9
[19033] = H 1
[19034] = H 9
[19035] = CNOT 7 9
[19036] = T 7
[19037] = Z 7
[19038] = CNOT 7 10
[19039] = T 7
[19040] = S 7
[19041] = Z 7
[19042] = CNOT 7 9
[19043] = CNOT 9 10
[19044] = T 9
[19045] = S 9
[19046] = Z 9
[19047] = CNOT 9 10
[19048] = CNOT 1 3
[19049] = CNOT 1 9
[19050] = T 1
[19051] = CNOT 1 3
[19052] = CNOT 3 9
[19053] = T 3
[19054] = S 3
[19055] = CNOT 3 9
[19056] = T 1
[19057] = S 1
[19058] = CNOT 1 9
[19059] = T 3
[19060] = S 1
[19061] = S 9
[19062] = Z 9
[19063] = Z 10
[19064] = CNOT 1 3
[19065] = S 1
[19066] = CNOT 1 3
[19067] = Z 7
[19068] = CNOT 3 1
[19069] = H 10
[19070] = H 9
[19071] = CNOT 6 10
[19072] = T 6
[19073] = Z 6
[19074] = CNOT 6 10
[19075] = CNOT 5 6
[19076] = CNOT 5 10
[19077] = T 5
[19078] = S 5
[19079] = Z 5
[19080] = CNOT 5 6
[19081] = T 5
[19082] = S 5
[19083] = Z 5
[19084] = CNOT 5 10
[19085] = T 9
[19086] = CNOT 4 9
[19087] = T 4
[19088] = S 4
[19089] = CNOT 4 9
[19090] = CNOT 2 4
[19091] = CNOT 2 9
[19092] = T 2
[19093] = CNOT 2 9
[19094] = T 2
[19095] = S 2
[19096] = CNOT 2 4
[19097] = CNOT 2 9
[19098] = T 2
[19099] = S 2
[19100] = CNOT 2 9
[19101] = CNOT 1 4
[19102] = CNOT 1 7
[19103] = T 1
[19104] = CNOT 1 7
[19105] = CNOT 1 4
[19106] = Z 5
[19107] = S 10
[19108] = Z 10
[19109] = CNOT 5 6
[19110] = Z 5
[19111] = CNOT 5 6
[19112] = CNOT 6 5
[19113] = CNOT 8 4
[19114] = CNOT 7 4
[19115] = CNOT 6 4
[19116] = CNOT 8 1
[19117] = CNOT 7 1
[19118] = CNOT 6 1
[19119] = CNOT 4 1
[19120] = H 2
[19121] = H 9
[19122] = H 8
[19123] = H 6
[19124] = H 5
[19125] = CNOT 3 9
[19126] = T 3
[19127] = Z 3
[19128] = CNOT 3 9
[19129] = CNOT 1 3
[19130] = CNOT 1 9
[19131] = T 1
[19132] = S 1
[19133] = Z 1
[19134] = CNOT 1 3
[19135] = T 1
[19136] = S 1
[19137] = Z 1
[19138] = CNOT 1 9
[19139] = T 5
[19140] = T 8
[19141] = Z 8
[19142] = CNOT 1 2
[19143] = CNOT 1 3
[19144] = CNOT 1 6
[19145] = T 1
[19146] = CNOT 1 6
[19147] = CNOT 1 2
[19148] = CNOT 1 7
[19149] = CNOT 1 8
[19150] = T 1
[19151] = CNOT 1 7
[19152] = CNOT 7 8
[19153] = T 7
[19154] = S 7
[19155] = CNOT 7 8
[19156] = T 1
[19157] = S 1
[19158] = Z 1
[19159] = CNOT 1 8
[19160] = CNOT 1 2
[19161] = T 1
[19162] = Z 1
[19163] = CNOT 1 2
[19164] = CNOT 1 6
[19165] = CNOT 1 7
[19166] = T 1
[19167] = CNOT 1 7
[19168] = T 1
[19169] = Z 1
[19170] = CNOT 1 6
[19171] = CNOT 1 2
[19172] = CNOT 1 7
[19173] = T 1
[19174] = CNOT 1 6
[19175] = T 1
[19176] = CNOT 1 7
[19177] = CNOT 1 6
[19178] = CNOT 1 3
[19179] = CNOT 1 2
[19180] = S 1
[19181] = Z 2
[19182] = S 3
[19183] = Z 3
[19184] = Z 6
[19185] = S 9
[19186] = Z 9
[19187] = CNOT 1 2
[19188] = Z 1
[19189] = CNOT 1 2
[19190] = CNOT 1 3
[19191] = S 1
[19192] = CNOT 1 3
[19193] = CNOT 1 6
[19194] = Z 1
[19195] = CNOT 1 6
[19196] = CNOT 1 7
[19197] = Z 1
[19198] = CNOT 1 7
[19199] = CNOT 1 8
[19200] = Z 1
[19201] = CNOT 1 8
[19202] = CNOT 2 3
[19203] = Z 2
[19204] = CNOT 2 3
[19205] = CNOT 2 6
[19206] = S 2
[19207] = Z 2
[19208] = CNOT 2 6
[19209] = CNOT 2 7
[19210] = S 2
[19211] = Z 2
[19212] = CNOT 2 7
[19213] = CNOT 3 6
[19214] = Z 3
[19215] = CNOT 3 6
[19216] = CNOT 3 7
[19217] = Z 3
[19218] = CNOT 3 7
[19219] = CNOT 3 8
[19220] = Z 3
[19221] = CNOT 3 8
[19222] = CNOT 6 7
[19223] = S 6
[19224] = Z 6
[19225] = CNOT 6 7
[19226] = CNOT 1 2
[19227] = CNOT 1 6
[19228] = S 1
[19229] = Z 1
[19230] = CNOT 1 6
[19231] = CNOT 1 7
[19232] = S 1
[19233] = Z 1
[19234] = CNOT 1 2
[19235] = CNOT 1 3
[19236] = Z 1
[19237] = CNOT 1 3
[19238] = CNOT 1 6
[19239] = S 1
[19240] = Z 1
[19241] = CNOT 1 7
[19242] = CNOT 1 6
[19243] = CNOT 2 3
[19244] = CNOT 2 6
[19245] = S 2
[19246] = Z 2
[19247] = CNOT 2 6
[19248] = CNOT 2 7
[19249] = S 2
[19250] = Z 2
[19251] = CNOT 2 7
[19252] = CNOT 2 3
[19253] = CNOT 3 6
[19254] = CNOT 3 7
[19255] = S 3
[19256] = Z 3
[19257] = CNOT 3 7
[19258] = CNOT 3 6
[19259] = CNOT 3 1
[19260] = H 8
[19261] = H 6
[19262] = H 7
[19263] = T 6
[19264] = T 8
[19265] = T 7
[19266] = CNOT 6 8
[19267] = T 6
[19268] = S 6
[19269] = CNOT 6 7
[19270] = T 6
[19271] = CNOT 6 8
[19272] = CNOT 6 7
[19273] = CNOT 7 8
[19274] = T 7
[19275] = S 7
[19276] = CNOT 7 8
[19277] = CNOT 6 7
[19278] = T 6
[19279] = S 6
[19280] = CNOT 6 7
[19281] = H 7
[19282] = CNOT 1 3
[19283] = CNOT 1 8
[19284] = T 1
[19285] = S 1
[19286] = Z 1
[19287] = CNOT 1 8
[19288] = CNOT 1 3
[19289] = CNOT 2 3
[19290] = CNOT 2 4
[19291] = CNOT 2 6
[19292] = CNOT 2 8
[19293] = T 2
[19294] = CNOT 2 8
[19295] = CNOT 2 6
[19296] = CNOT 2 4
[19297] = CNOT 2 3
[19298] = CNOT 1 2
[19299] = CNOT 1 4
[19300] = CNOT 1 6
[19301] = T 1
[19302] = CNOT 1 5
[19303] = T 1
[19304] = CNOT 1 6
[19305] = CNOT 1 4
[19306] = CNOT 1 2
[19307] = CNOT 2 3
[19308] = CNOT 2 4
[19309] = CNOT 2 5
[19310] = CNOT 2 6
[19311] = CNOT 2 8
[19312] = T 2
[19313] = CNOT 2 8
[19314] = CNOT 2 6
[19315] = CNOT 2 5
[19316] = CNOT 2 4
[19317] = CNOT 2 3
[19318] = CNOT 1 3
[19319] = CNOT 1 8
[19320] = T 1
[19321] = CNOT 1 8
[19322] = CNOT 1 5
[19323] = CNOT 1 3
[19324] = Z 1
[19325] = S 2
[19326] = S 3
[19327] = S 4
[19328] = S 5
[19329] = S 6
[19330] = S 8
[19331] = CNOT 1 2
[19332] = S 1
[19333] = Z 1
[19334] = CNOT 1 2
[19335] = CNOT 1 3
[19336] = S 1
[19337] = Z 1
[19338] = CNOT 1 3
[19339] = CNOT 1 4
[19340] = S 1
[19341] = Z 1
[19342] = CNOT 1 4
[19343] = CNOT 1 5
[19344] = S 1
[19345] = Z 1
[19346] = CNOT 1 5
[19347] = CNOT 1 6
[19348] = S 1
[19349] = Z 1
[19350] = CNOT 1 6
[19351] = CNOT 1 8
[19352] = S 1
[19353] = Z 1
[19354] = CNOT 1 8
[19355] = CNOT 2 3
[19356] = S 2
[19357] = CNOT 2 3
[19358] = CNOT 2 5
[19359] = S 2
[19360] = CNOT 2 5
[19361] = CNOT 2 8
[19362] = S 2
[19363] = CNOT 2 8
[19364] = CNOT 3 4
[19365] = S 3
[19366] = CNOT 3 4
[19367] = CNOT 3 6
[19368] = S 3
[19369] = CNOT 3 6
[19370] = CNOT 4 5
[19371] = S 4
[19372] = CNOT 4 5
[19373] = CNOT 4 8
[19374] = S 4
[19375] = CNOT 4 8
[19376] = CNOT 5 6
[19377] = S 5
[19378] = CNOT 5 6
[19379] = CNOT 6 8
[19380] = S 6
[19381] = CNOT 6 8
[19382] = CNOT 1 2
[19383] = CNOT 1 4
[19384] = S 1
[19385] = Z 1
[19386] = CNOT 1 4
[19387] = CNOT 1 6
[19388] = S 1
[19389] = Z 1
[19390] = CNOT 1 6
[19391] = CNOT 1 2
[19392] = CNOT 1 3
[19393] = CNOT 1 5
[19394] = S 1
[19395] = Z 1
[19396] = CNOT 1 5
[19397] = CNOT 1 3
[19398] = CNOT 1 4
[19399] = CNOT 1 6
[19400] = S 1
[19401] = Z 1
[19402] = CNOT 1 6
[19403] = CNOT 1 4
[19404] = CNOT 1 5
[19405] = CNOT 1 8
[19406] = S 1
[19407] = Z 1
[19408] = CNOT 1 5
[19409] = CNOT 2 3
[19410] = CNOT 2 4
[19411] = S 2
[19412] = Z 2
[19413] = CNOT 2 4
[19414] = CNOT 2 5
[19415] = S 2
[19416] = Z 2
[19417] = CNOT 2 5
[19418] = CNOT 2 6
[19419] = S 2
[19420] = Z 2
[19421] = CNOT 2 6
[19422] = CNOT 2 8
[19423] = S 2
[19424] = Z 2
[19425] = CNOT 2 8
[19426] = CNOT 2 3
[19427] = CNOT 2 4
[19428] = CNOT 2 5
[19429] = S 2
[19430] = Z 2
[19431] = CNOT 2 5
[19432] = CNOT 2 6
[19433] = Z 2
[19434] = CNOT 2 6
[19435] = CNOT 2 8
[19436] = S 2
[19437] = Z 2
[19438] = CNOT 2 8
[19439] = CNOT 2 4
[19440] = CNOT 2 5
[19441] = CNOT 2 6
[19442] = S 2
[19443] = Z 2
[19444] = CNOT 2 6
[19445] = CNOT 2 8
[19446] = S 2
[19447] = Z 2
[19448] = CNOT 2 5
[19449] = CNOT 2 6
[19450] = S 2
[19451] = Z 2
[19452] = CNOT 2 6
[19453] = CNOT 3 4
[19454] = CNOT 3 5
[19455] = S 3
[19456] = Z 3
[19457] = CNOT 3 5
[19458] = CNOT 3 6
[19459] = S 3
[19460] = Z 3
[19461] = CNOT 3 6
[19462] = CNOT 3 8
[19463] = S 3
[19464] = Z 3
[19465] = CNOT 3 8
[19466] = CNOT 3 4
[19467] = CNOT 3 5
[19468] = CNOT 3 6
[19469] = S 3
[19470] = Z 3
[19471] = CNOT 3 6
[19472] = CNOT 3 8
[19473] = Z 3
[19474] = CNOT 3 5
[19475] = CNOT 3 6
[19476] = S 3
[19477] = Z 3
[19478] = CNOT 3 8
[19479] = CNOT 3 6
[19480] = CNOT 4 5
[19481] = CNOT 4 6
[19482] = S 4
[19483] = Z 4
[19484] = CNOT 4 6
[19485] = CNOT 4 8
[19486] = S 4
[19487] = Z 4
[19488] = CNOT 4 5
[19489] = CNOT 4 6
[19490] = S 4
[19491] = Z 4
[19492] = CNOT 4 8
[19493] = CNOT 4 6
[19494] = CNOT 5 6
[19495] = CNOT 5 8
[19496] = S 5
[19497] = Z 5
[19498] = CNOT 5 8
[19499] = CNOT 5 6
[19500] = CNOT 7 8
[19501] = CNOT 6 7
[19502] = CNOT 4 7
[19503] = CNOT 2 7
[19504] = CNOT 1 7
[19505] = CNOT 8 6
[19506] = CNOT 7 6
[19507] = CNOT 4 6
[19508] = CNOT 3 6
[19509] = CNOT 1 6
[19510] = CNOT 6 7
[19511] = CNOT 8 3
[19512] = CNOT 7 3
[19513] = CNOT 6 3
[19514] = CNOT 2 3
[19515] = CNOT 1 3
[19516] = CNOT 3 6
[19517] = CNOT 8 2
[19518] = CNOT 7 2
[19519] = CNOT 6 2
[19520] = CNOT 4 2
[19521] = CNOT 3 2
[19522] = CNOT 1 2
[19523] = CNOT 2 3
[19524] = CNOT 8 1
[19525] = CNOT 7 1
[19526] = CNOT 6 1
[19527] = CNOT 3 1
[19528] = CNOT 2 1
[19529] = CNOT 1 2
[19530] = H 5
[19531] = CNOT 5 7
[19532] = CNOT 5 8
[19533] = T 5
[19534] = CNOT 5 8
[19535] = CNOT 5 7
[19536] = CNOT 1 5
[19537] = CNOT 1 8
[19538] = T 1
[19539] = CNOT 1 8
[19540] = CNOT 1 5
[19541] = CNOT 1 7
[19542] = T 1
[19543] = S 1
[19544] = CNOT 1 2
[19545] = CNOT 1 3
[19546] = CNOT 1 6
[19547] = CNOT 1 8
[19548] = T 1
[19549] = CNOT 1 8
[19550] = CNOT 1 3
[19551] = CNOT 3 4
[19552] = CNOT 3 8
[19553] = T 3
[19554] = CNOT 3 4
[19555] = CNOT 1 4
[19556] = T 1
[19557] = CNOT 1 7
[19558] = CNOT 1 6
[19559] = CNOT 1 4
[19560] = CNOT 1 2
[19561] = S 1
[19562] = Z 1
[19563] = S 2
[19564] = S 4
[19565] = S 6
[19566] = S 7
[19567] = Z 7
[19568] = CNOT 1 8
[19569] = Z 1
[19570] = CNOT 1 8
[19571] = CNOT 1 2
[19572] = CNOT 1 4
[19573] = S 1
[19574] = Z 1
[19575] = CNOT 1 4
[19576] = CNOT 1 6
[19577] = S 1
[19578] = Z 1
[19579] = CNOT 1 6
[19580] = CNOT 1 7
[19581] = S 1
[19582] = Z 1
[19583] = CNOT 1 7
[19584] = CNOT 1 2
[19585] = CNOT 1 4
[19586] = CNOT 1 6
[19587] = S 1
[19588] = Z 1
[19589] = CNOT 1 6
[19590] = CNOT 1 7
[19591] = S 1
[19592] = Z 1
[19593] = CNOT 1 4
[19594] = CNOT 1 6
[19595] = S 1
[19596] = Z 1
[19597] = CNOT 1 7
[19598] = CNOT 1 6
[19599] = CNOT 2 4
[19600] = CNOT 2 6
[19601] = S 2
[19602] = Z 2
[19603] = CNOT 2 6
[19604] = CNOT 2 7
[19605] = S 2
[19606] = Z 2
[19607] = CNOT 2 4
[19608] = CNOT 2 6
[19609] = S 2
[19610] = Z 2
[19611] = CNOT 2 7
[19612] = CNOT 2 6
[19613] = CNOT 4 6
[19614] = CNOT 4 7
[19615] = S 4
[19616] = Z 4
[19617] = CNOT 4 7
[19618] = CNOT 4 6
[19619] = CNOT 7 8
[19620] = CNOT 6 8
[19621] = CNOT 2 8
[19622] = CNOT 1 8
[19623] = CNOT 5 7
[19624] = CNOT 4 7
[19625] = CNOT 3 7
[19626] = CNOT 7 6
[19627] = CNOT 5 6
[19628] = CNOT 4 6
[19629] = CNOT 3 6
[19630] = CNOT 1 6
[19631] = CNOT 6 5
[19632] = CNOT 4 5
[19633] = CNOT 3 5
[19634] = CNOT 5 6
[19635] = CNOT 6 4
[19636] = CNOT 3 4
[19637] = CNOT 2 4
[19638] = CNOT 4 6
[19639] = CNOT 6 3
[19640] = CNOT 4 3
[19641] = CNOT 2 3
[19642] = CNOT 3 4
[19643] = CNOT 8 2
[19644] = CNOT 7 2
[19645] = CNOT 5 2
[19646] = CNOT 1 2
[19647] = CNOT 2 5
[19648] = CNOT 8 1
[19649] = CNOT 7 1
[19650] = CNOT 5 1
[19651] = CNOT 4 1
[19652] = CNOT 3 1
[19653] = CNOT 1 3
[19654] = H 6
[19655] = T 6
[19656] = Z 6
[19657] = CNOT 6 7
[19658] = T 6
[19659] = Z 6
[19660] = CNOT 6 7
[19661] = CNOT 1 6
[19662] = CNOT 1 7
[19663] = T 1
[19664] = S 1
[19665] = Z 1
[19666] = CNOT 1 7
[19667] = T 1
[19668] = S 1
[19669] = Z 1
[19670] = CNOT 1 6
[19671] = Z 1
[19672] = CNOT 1 7
[19673] = Z 1
[19674] = CNOT 1 7
[19675] = CNOT 7 1
[19676] = H 6
[19677] = CNOT 7 6
[19678] = CNOT 1 6
[19679] = H 6
[19680] = T 6
[19681] = Z 6
[19682] = CNOT 4 6
[19683] = T 4
[19684] = Z 4
[19685] = CNOT 4 6
[19686] = CNOT 3 4
[19687] = CNOT 3 6
[19688] = T 3
[19689] = S 3
[19690] = Z 3
[19691] = CNOT 3 4
[19692] = T 3
[19693] = S 3
[19694] = Z 3
[19695] = CNOT 3 6
[19696] = Z 3
[19697] = CNOT 3 4
[19698] = Z 3
[19699] = CNOT 3 4
[19700] = CNOT 4 7
[19701] = CNOT 2 7
[19702] = CNOT 4 2
[19703] = H 6
[19704] = CNOT 1 6
[19705] = T 1
[19706] = CNOT 1 8
[19707] = T 1
[19708] = CNOT 1 6
[19709] = T 8
[19710] = S 8
[19711] = Z 8
[19712] = CNOT 2 6
[19713] = CNOT 2 8
[19714] = T 2
[19715] = CNOT 2 6
[19716] = CNOT 3 6
[19717] = CNOT 3 7
[19718] = T 3
[19719] = CNOT 3 7
[19720] = CNOT 3 6
[19721] = CNOT 1 7
[19722] = T 1
[19723] = CNOT 1 8
[19724] = CNOT 1 7
[19725] = CNOT 7 8
[19726] = CNOT 3 8
[19727] = CNOT 6 7
[19728] = CNOT 2 7
[19729] = CNOT 1 7
[19730] = CNOT 3 6
[19731] = CNOT 2 6
[19732] = CNOT 6 1
[19733] = H 7
[19734] = T 7
[19735] = Z 7
[19736] = CNOT 7 8
[19737] = T 7
[19738] = Z 7
[19739] = CNOT 7 8
[19740] = CNOT 6 7
[19741] = CNOT 6 8
[19742] = T 6
[19743] = S 6
[19744] = Z 6
[19745] = CNOT 6 8
[19746] = T 6
[19747] = S 6
[19748] = Z 6
[19749] = CNOT 6 7
[19750] = Z 6
[19751] = CNOT 6 8
[19752] = Z 6
[19753] = CNOT 6 8
[19754] = CNOT 8 6
[19755] = H 7
[19756] = H 6
[19757] = H 8
[19758] = T 6
[19759] = CNOT 2 7
[19760] = T 2
[19761] = S 2
[19762] = CNOT 2 6
[19763] = T 2
[19764] = CNOT 2 7
[19765] = CNOT 2 6
[19766] = CNOT 6 7
[19767] = T 6
[19768] = S 6
[19769] = CNOT 6 7
[19770] = CNOT 2 6
[19771] = T 2
[19772] = S 2
[19773] = CNOT 2 6
[19774] = T 8
[19775] = CNOT 3 7
[19776] = T 3
[19777] = S 3
[19778] = CNOT 3 8
[19779] = T 3
[19780] = CNOT 3 7
[19781] = CNOT 7 8
[19782] = T 7
[19783] = S 7
[19784] = CNOT 7 8
[19785] = T 3
[19786] = S 3
[19787] = CNOT 3 8
[19788] = CNOT 4 7
[19789] = T 4
[19790] = CNOT 4 7
[19791] = S 7
[19792] = CNOT 7 4
[19793] = H 6
[19794] = H 8
[19795] = H 3
[19796] = H 2
[19797] = T 4
[19798] = S 4
[19799] = Z 4
[19800] = CNOT 3 4
[19801] = T 3
[19802] = Z 3
[19803] = CNOT 3 4
[19804] = CNOT 1 3
[19805] = CNOT 1 4
[19806] = T 1
[19807] = S 1
[19808] = Z 1
[19809] = CNOT 1 4
[19810] = T 1
[19811] = S 1
[19812] = Z 1
[19813] = CNOT 1 3
[19814] = CNOT 4 5
[19815] = CNOT 4 6
[19816] = CNOT 4 10
[19817] = T 4
[19818] = CNOT 4 5
[19819] = T 4
[19820] = S 4
[19821] = Z 4
[19822] = CNOT 4 10
[19823] = CNOT 4 6
[19824] = CNOT 5 10
[19825] = T 5
[19826] = S 5
[19827] = CNOT 5 10
[19828] = CNOT 4 8
[19829] = T 4
[19830] = CNOT 4 8
[19831] = T 2
[19832] = S 3
[19833] = Z 3
[19834] = Z 5
[19835] = Z 6
[19836] = Z 10
[19837] = CNOT 1 4
[19838] = S 1
[19839] = CNOT 1 4
[19840] = CNOT 4 5
[19841] = Z 4
[19842] = CNOT 4 5
[19843] = CNOT 4 6
[19844] = S 4
[19845] = Z 4
[19846] = CNOT 4 6
[19847] = CNOT 4 10
[19848] = Z 4
[19849] = CNOT 4 10
[19850] = CNOT 5 6
[19851] = Z 5
[19852] = CNOT 5 6
[19853] = CNOT 6 10
[19854] = Z 6
[19855] = CNOT 6 10
[19856] = CNOT 4 5
[19857] = CNOT 4 6
[19858] = S 4
[19859] = Z 4
[19860] = CNOT 4 6
[19861] = CNOT 4 5
[19862] = CNOT 6 5
[19863] = CNOT 8 4
[19864] = CNOT 6 4
[19865] = CNOT 4 1
[19866] = H 10
[19867] = H 1
[19868] = CNOT 7 9
[19869] = CNOT 7 10
[19870] = T 7
[19871] = CNOT 7 10
[19872] = T 7
[19873] = S 7
[19874] = CNOT 7 9
[19875] = CNOT 9 10
[19876] = T 9
[19877] = S 9
[19878] = CNOT 9 10
[19879] = T 1
[19880] = T 7
[19881] = S 10
[19882] = CNOT 7 10
[19883] = S 7
[19884] = H 9
[19885] = T 9
[19886] = CNOT 8 9
[19887] = T 8
[19888] = S 8
[19889] = CNOT 8 9
[19890] = CNOT 1 8
[19891] = CNOT 1 9
[19892] = T 1
[19893] = CNOT 1 9
[19894] = T 1
[19895] = S 1
[19896] = CNOT 1 8
[19897] = CNOT 1 9
[19898] = T 1
[19899] = S 1
[19900] = CNOT 1 9
[19901] = T 8
[19902] = H 1
[19903] = H 9
[19904] = CNOT 7 9
[19905] = T 7
[19906] = Z 7
[19907] = CNOT 7 10
[19908] = T 7
[19909] = S 7
[19910] = Z 7
[19911] = CNOT 7 9
[19912] = CNOT 9 10
[19913] = T 9
[19914] = S 9
[19915] = Z 9
[19916] = CNOT 9 10
[19917] = T 1
[19918] = S 1
[19919] = CNOT 1 4
[19920] = T 1
[19921] = S 1
[19922] = CNOT 1 3
[19923] = T 1
[19924] = CNOT 1 4
[19925] = CNOT 1 3
[19926] = CNOT 3 4
[19927] = T 3
[19928] = S 3
[19929] = CNOT 3 4
[19930] = CNOT 1 3
[19931] = T 1
[19932] = S 1
[19933] = CNOT 1 3
[19934] = T 4
[19935] = T 7
[19936] = Z 7
[19937] = S 9
[19938] = Z 9
[19939] = Z 10
[19940] = H 10
[19941] = H 3
[19942] = CNOT 1 3
[19943] = CNOT 1 9
[19944] = T 1
[19945] = CNOT 1 3
[19946] = CNOT 3 9
[19947] = T 3
[19948] = S 3
[19949] = CNOT 3 9
[19950] = T 1
[19951] = S 1
[19952] = CNOT 1 9
[19953] = S 3
[19954] = S 6
[19955] = Z 6
[19956] = S 10
[19957] = CNOT 1 3
[19958] = S 1
[19959] = CNOT 1 3
[19960] = CNOT 5 6
[19961] = S 5
[19962] = CNOT 5 6
[19963] = CNOT 5 10
[19964] = S 5
[19965] = Z 5
[19966] = CNOT 6 10
[19967] = S 6
[19968] = CNOT 6 10
[19969] = CNOT 5 6
[19970] = S 5
[19971] = Z 5
[19972] = CNOT 5 10
[19973] = CNOT 5 6
[19974] = CNOT 3 1
[19975] = H 9
[19976] = H 10
[19977] = T 9
[19978] = CNOT 4 9
[19979] = T 4
[19980] = S 4
[19981] = CNOT 4 9
[19982] = CNOT 2 4
[19983] = CNOT 2 9
[19984] = T 2
[19985] = CNOT 2 9
[19986] = T 2
[19987] = S 2
[19988] = CNOT 2 4
[19989] = CNOT 2 9
[19990] = T 2
[19991] = S 2
[19992] = CNOT 2 9
[19993] = CNOT 7 10
[19994] = T 7
[19995] = S 7
[19996] = CNOT 7 10
[19997] = T 4
[19998] = T 2
[19999] = Z 7
[20000] = S 10
[20001] = Z 10
[20002] = CNOT 7 10
[20003] = H 9
[20004] = CNOT 3 9
[20005] = T 3
[20006] = Z 3
[20007] = CNOT 3 9
[20008] = CNOT 1 3
[20009] = CNOT 1 9
[20010] = T 1
[20011] = S 1
[20012] = Z 1
[20013] = CNOT 1 3
[20014] = T 1
[20015] = S 1
[20016] = Z 1
[20017] = CNOT 1 9
[20018] = CNOT 7 9
[20019] = T 7
[20020] = Z 7
[20021] = CNOT 7 10
[20022] = T 7
[20023] = S 7
[20024] = Z 7
[20025] = CNOT 7 9
[20026] = CNOT 9 10
[20027] = T 9
[20028] = S 9
[20029] = Z 9
[20030] = CNOT 9 10
[20031] = T 7
[20032] = Z 7
[20033] = CNOT 7 10
[20034] = T 7
[20035] = S 7
[20036] = Z 7
[20037] = CNOT 1 3
[20038] = T 1
[20039] = Z 1
[20040] = CNOT 1 3
[20041] = Z 1
[20042] = S 9
[20043] = Z 10
[20044] = CNOT 3 1
[20045] = H 9
[20046] = H 1
[20047] = T 9
[20048] = T 1
[20049] = CNOT 8 9
[20050] = T 8
[20051] = S 8
[20052] = CNOT 8 9
[20053] = CNOT 1 8
[20054] = CNOT 1 9
[20055] = T 1
[20056] = CNOT 1 9
[20057] = T 1
[20058] = S 1
[20059] = CNOT 1 8
[20060] = CNOT 1 9
[20061] = T 1
[20062] = S 1
[20063] = CNOT 1 9
[20064] = H 1
[20065] = H 9
[20066] = CNOT 7 9
[20067] = T 7
[20068] = Z 7
[20069] = CNOT 7 10
[20070] = T 7
[20071] = S 7
[20072] = Z 7
[20073] = CNOT 7 9
[20074] = CNOT 9 10
[20075] = T 9
[20076] = S 9
[20077] = Z 9
[20078] = CNOT 9 10
[20079] = CNOT 1 3
[20080] = CNOT 1 9
[20081] = T 1
[20082] = CNOT 1 3
[20083] = CNOT 3 9
[20084] = T 3
[20085] = S 3
[20086] = CNOT 3 9
[20087] = T 1
[20088] = S 1
[20089] = CNOT 1 9
[20090] = T 3
[20091] = S 1
[20092] = S 9
[20093] = Z 9
[20094] = Z 10
[20095] = CNOT 1 3
[20096] = S 1
[20097] = CNOT 1 3
[20098] = Z 7
[20099] = CNOT 3 1
[20100] = H 10
[20101] = H 9
[20102] = CNOT 6 10
[20103] = T 6
[20104] = Z 6
[20105] = CNOT 6 10
[20106] = CNOT 5 6
[20107] = CNOT 5 10
[20108] = T 5
[20109] = S 5
[20110] = Z 5
[20111] = CNOT 5 6
[20112] = T 5
[20113] = S 5
[20114] = Z 5
[20115] = CNOT 5 10
[20116] = T 9
[20117] = CNOT 4 9
[20118] = T 4
[20119] = S 4
[20120] = CNOT 4 9
[20121] = CNOT 2 4
[20122] = CNOT 2 9
[20123] = T 2
[20124] = CNOT 2 9
[20125] = T 2
[20126] = S 2
[20127] = CNOT 2 4
[20128] = CNOT 2 9
[20129] = T 2
[20130] = S 2
[20131] = CNOT 2 9
[20132] = CNOT 1 4
[20133] = CNOT 1 7
[20134] = T 1
[20135] = CNOT 1 7
[20136] = CNOT 1 4
[20137] = Z 5
[20138] = S 10
[20139] = Z 10
[20140] = CNOT 5 6
[20141] = Z 5
[20142] = CNOT 5 6
[20143] = CNOT 6 5
[20144] = CNOT 8 4
[20145] = CNOT 7 4
[20146] = CNOT 6 4
[20147] = CNOT 8 1
[20148] = CNOT 7 1
[20149] = CNOT 6 1
[20150] = CNOT 4 1
[20151] = H 2
[20152] = H 9
[20153] = H 8
[20154] = H 6
[20155] = CNOT 3 9
[20156] = T 3
[20157] = Z 3
[20158] = CNOT 3 9
[20159] = CNOT 1 3
[20160] = CNOT 1 9
[20161] = T 1
[20162] = S 1
[20163] = Z 1
[20164] = CNOT 1 3
[20165] = T 1
[20166] = S 1
[20167] = Z 1
[20168] = CNOT 1 9
[20169] = CNOT 1 3
[20170] = T 1
[20171] = S 1
[20172] = Z 1
[20173] = T 8
[20174] = CNOT 1 7
[20175] = T 1
[20176] = Z 1
[20177] = CNOT 1 7
[20178] = CNOT 1 2
[20179] = CNOT 1 6
[20180] = CNOT 1 8
[20181] = T 1
[20182] = CNOT 1 2
[20183] = CNOT 7 8
[20184] = T 7
[20185] = Z 7
[20186] = CNOT 7 8
[20187] = CNOT 1 7
[20188] = T 1
[20189] = CNOT 1 7
[20190] = CNOT 1 6
[20191] = CNOT 1 2
[20192] = T 1
[20193] = CNOT 1 6
[20194] = CNOT 1 7
[20195] = T 1
[20196] = CNOT 1 7
[20197] = CNOT 1 2
[20198] = T 1
[20199] = CNOT 1 6
[20200] = CNOT 1 2
[20201] = CNOT 1 7
[20202] = T 1
[20203] = CNOT 1 8
[20204] = CNOT 1 3
[20205] = CNOT 1 2
[20206] = Z 2
[20207] = Z 3
[20208] = Z 6
[20209] = S 7
[20210] = Z 7
[20211] = S 9
[20212] = Z 9
[20213] = S 1
[20214] = Z 1
[20215] = CNOT 1 7
[20216] = CNOT 1 8
[20217] = S 1
[20218] = Z 1
[20219] = CNOT 1 8
[20220] = CNOT 3 7
[20221] = S 3
[20222] = Z 3
[20223] = CNOT 3 7
[20224] = CNOT 3 8
[20225] = S 3
[20226] = Z 3
[20227] = CNOT 3 8
[20228] = CNOT 1 2
[20229] = CNOT 1 3
[20230] = Z 1
[20231] = CNOT 1 3
[20232] = CNOT 1 6
[20233] = S 1
[20234] = Z 1
[20235] = CNOT 1 6
[20236] = CNOT 1 7
[20237] = S 1
[20238] = Z 1
[20239] = CNOT 1 7
[20240] = CNOT 1 8
[20241] = Z 1
[20242] = CNOT 1 8
[20243] = CNOT 1 2
[20244] = CNOT 1 3
[20245] = CNOT 1 6
[20246] = Z 1
[20247] = CNOT 1 6
[20248] = CNOT 1 8
[20249] = S 1
[20250] = CNOT 1 8
[20251] = CNOT 1 3
[20252] = CNOT 1 6
[20253] = CNOT 1 7
[20254] = S 1
[20255] = Z 1
[20256] = CNOT 1 7
[20257] = CNOT 1 8
[20258] = Z 1
[20259] = CNOT 1 6
[20260] = CNOT 1 7
[20261] = S 1
[20262] = Z 1
[20263] = CNOT 1 8
[20264] = CNOT 1 7
[20265] = CNOT 2 3
[20266] = CNOT 2 6
[20267] = S 2
[20268] = Z 2
[20269] = CNOT 2 6
[20270] = CNOT 2 7
[20271] = S 2
[20272] = Z 2
[20273] = CNOT 2 7
[20274] = CNOT 2 8
[20275] = Z 2
[20276] = CNOT 2 3
[20277] = CNOT 2 6
[20278] = S 2
[20279] = Z 2
[20280] = CNOT 2 6
[20281] = CNOT 2 7
[20282] = S 2
[20283] = Z 2
[20284] = CNOT 2 8
[20285] = CNOT 2 7
[20286] = CNOT 3 6
[20287] = CNOT 3 7
[20288] = S 3
[20289] = Z 3
[20290] = CNOT 3 7
[20291] = CNOT 3 8
[20292] = Z 3
[20293] = CNOT 3 6
[20294] = CNOT 3 7
[20295] = S 3
[20296] = Z 3
[20297] = CNOT 3 8
[20298] = CNOT 3 7
[20299] = CNOT 6 7
[20300] = CNOT 6 8
[20301] = S 6
[20302] = Z 6
[20303] = CNOT 6 8
[20304] = CNOT 6 7
[20305] = CNOT 3 1
[20306] = H 8
[20307] = H 6
[20308] = H 7
[20309] = T 6
[20310] = T 8
[20311] = T 7
[20312] = CNOT 6 8
[20313] = T 6
[20314] = S 6
[20315] = CNOT 6 7
[20316] = T 6
[20317] = CNOT 6 8
[20318] = CNOT 6 7
[20319] = CNOT 7 8
[20320] = T 7
[20321] = S 7
[20322] = CNOT 7 8
[20323] = CNOT 6 7
[20324] = T 6
[20325] = S 6
[20326] = CNOT 6 7
[20327] = H 7
[20328] = CNOT 1 3
[20329] = CNOT 1 8
[20330] = T 1
[20331] = CNOT 1 8
[20332] = CNOT 1 3
[20333] = CNOT 2 3
[20334] = CNOT 2 4
[20335] = CNOT 2 6
[20336] = CNOT 2 8
[20337] = T 2
[20338] = CNOT 2 8
[20339] = CNOT 2 6
[20340] = CNOT 2 4
[20341] = CNOT 2 3
[20342] = CNOT 1 2
[20343] = CNOT 1 4
[20344] = CNOT 1 6
[20345] = T 1
[20346] = CNOT 1 6
[20347] = CNOT 1 4
[20348] = CNOT 1 2
[20349] = S 1
[20350] = S 2
[20351] = S 4
[20352] = S 6
[20353] = CNOT 1 2
[20354] = S 1
[20355] = Z 1
[20356] = CNOT 1 2
[20357] = CNOT 1 4
[20358] = S 1
[20359] = Z 1
[20360] = CNOT 1 4
[20361] = CNOT 1 6
[20362] = S 1
[20363] = Z 1
[20364] = CNOT 1 6
[20365] = CNOT 2 4
[20366] = S 2
[20367] = Z 2
[20368] = CNOT 2 4
[20369] = CNOT 2 6
[20370] = S 2
[20371] = Z 2
[20372] = CNOT 2 6
[20373] = CNOT 4 6
[20374] = S 4
[20375] = Z 4
[20376] = CNOT 4 6
[20377] = CNOT 1 2
[20378] = CNOT 1 4
[20379] = S 1
[20380] = Z 1
[20381] = CNOT 1 4
[20382] = CNOT 1 6
[20383] = S 1
[20384] = Z 1
[20385] = CNOT 1 2
[20386] = CNOT 1 4
[20387] = S 1
[20388] = Z 1
[20389] = CNOT 1 6
[20390] = CNOT 1 4
[20391] = CNOT 2 4
[20392] = CNOT 2 6
[20393] = S 2
[20394] = Z 2
[20395] = CNOT 2 4
[20396] = CNOT 7 8
[20397] = CNOT 5 8
[20398] = CNOT 2 8
[20399] = CNOT 1 8
[20400] = CNOT 3 7
[20401] = CNOT 2 7
[20402] = CNOT 1 7
[20403] = CNOT 8 6
[20404] = CNOT 7 6
[20405] = CNOT 5 6
[20406] = CNOT 4 2
[20407] = CNOT 6 1
[20408] = CNOT 4 1
[20409] = CNOT 3 1
[20410] = CNOT 2 1
[20411] = H 6
[20412] = T 6
[20413] = Z 6
[20414] = CNOT 4 6
[20415] = T 4
[20416] = Z 4
[20417] = CNOT 4 6
[20418] = CNOT 3 4
[20419] = CNOT 3 6
[20420] = T 3
[20421] = S 3
[20422] = Z 3
[20423] = CNOT 3 4
[20424] = T 3
[20425] = S 3
[20426] = Z 3
[20427] = CNOT 3 6
[20428] = Z 3
[20429] = CNOT 3 4
[20430] = Z 3
[20431] = CNOT 3 4
[20432] = CNOT 4 8
[20433] = CNOT 4 3
[20434] = H 6
[20435] = CNOT 1 6
[20436] = T 1
[20437] = CNOT 1 6
[20438] = CNOT 6 7
[20439] = T 6
[20440] = CNOT 6 7
[20441] = CNOT 1 7
[20442] = T 1
[20443] = S 1
[20444] = CNOT 1 7
[20445] = Z 1
[20446] = Z 7
[20447] = CNOT 7 6
[20448] = CNOT 1 6
[20449] = CNOT 7 1
[20450] = H 6
[20451] = T 6
[20452] = Z 6
[20453] = CNOT 6 7
[20454] = T 6
[20455] = Z 6
[20456] = CNOT 6 7
[20457] = CNOT 1 6
[20458] = CNOT 1 7
[20459] = T 1
[20460] = S 1
[20461] = Z 1
[20462] = CNOT 1 7
[20463] = T 1
[20464] = S 1
[20465] = Z 1
[20466] = CNOT 1 6
[20467] = Z 1
[20468] = CNOT 1 7
[20469] = Z 1
[20470] = CNOT 1 7
[20471] = CNOT 5 7
[20472] = CNOT 4 7
[20473] = CNOT 7 1
[20474] = CNOT 5 1
[20475] = CNOT 4 1
[20476] = H 6
[20477] = CNOT 1 2
[20478] = CNOT 1 3
[20479] = CNOT 1 5
[20480] = CNOT 1 6
[20481] = CNOT 1 8
[20482] = T 1
[20483] = CNOT 1 5
[20484] = CNOT 1 3
[20485] = CNOT 1 4
[20486] = T 1
[20487] = CNOT 1 6
[20488] = CNOT 1 4
[20489] = CNOT 1 2
[20490] = CNOT 3 4
[20491] = CNOT 3 5
[20492] = T 3
[20493] = S 3
[20494] = Z 3
[20495] = CNOT 3 5
[20496] = Z 3
[20497] = CNOT 3 4
[20498] = CNOT 3 5
[20499] = Z 3
[20500] = CNOT 3 5
[20501] = CNOT 4 5
[20502] = Z 4
[20503] = CNOT 4 5
[20504] = CNOT 5 7
[20505] = CNOT 5 8
[20506] = Z 5
[20507] = CNOT 5 8
[20508] = CNOT 5 7
[20509] = CNOT 7 8
[20510] = CNOT 6 8
[20511] = CNOT 2 8
[20512] = CNOT 6 7
[20513] = CNOT 5 7
[20514] = CNOT 2 7
[20515] = CNOT 8 6
[20516] = CNOT 7 6
[20517] = CNOT 2 6
[20518] = CNOT 6 7
[20519] = CNOT 7 5
[20520] = CNOT 3 5
[20521] = CNOT 7 4
[20522] = CNOT 6 4
[20523] = CNOT 3 4
[20524] = CNOT 1 4
[20525] = CNOT 4 6
[20526] = CNOT 7 3
[20527] = CNOT 6 3
[20528] = CNOT 4 3
[20529] = CNOT 1 3
[20530] = CNOT 3 4
[20531] = CNOT 8 2
[20532] = CNOT 7 2
[20533] = CNOT 6 2
[20534] = CNOT 1 2
[20535] = CNOT 8 1
[20536] = CNOT 7 1
[20537] = CNOT 6 1
[20538] = CNOT 3 1
[20539] = CNOT 2 1
[20540] = CNOT 1 2
[20541] = H 6
[20542] = T 6
[20543] = Z 6
[20544] = CNOT 4 6
[20545] = T 4
[20546] = Z 4
[20547] = CNOT 4 6
[20548] = CNOT 3 4
[20549] = CNOT 3 6
[20550] = T 3
[20551] = S 3
[20552] = Z 3
[20553] = CNOT 3 4
[20554] = T 3
[20555] = S 3
[20556] = Z 3
[20557] = CNOT 3 6
[20558] = Z 3
[20559] = CNOT 3 4
[20560] = Z 3
[20561] = CNOT 3 4
[20562] = H 6
[20563] = T 1
[20564] = CNOT 1 8
[20565] = T 1
[20566] = T 8
[20567] = S 8
[20568] = Z 8
[20569] = CNOT 2 7
[20570] = CNOT 2 8
[20571] = T 2
[20572] = CNOT 2 8
[20573] = CNOT 2 7
[20574] = CNOT 3 6
[20575] = CNOT 3 7
[20576] = T 3
[20577] = CNOT 3 7
[20578] = CNOT 3 6
[20579] = CNOT 1 6
[20580] = CNOT 1 7
[20581] = T 1
[20582] = CNOT 1 8
[20583] = CNOT 1 7
[20584] = CNOT 1 6
[20585] = CNOT 7 8
[20586] = CNOT 3 8
[20587] = CNOT 6 7
[20588] = CNOT 2 7
[20589] = CNOT 4 6
[20590] = CNOT 3 6
[20591] = CNOT 1 6
[20592] = CNOT 4 2
[20593] = CNOT 6 1
[20594] = H 7
[20595] = T 7
[20596] = Z 7
[20597] = CNOT 7 8
[20598] = T 7
[20599] = Z 7
[20600] = CNOT 7 8
[20601] = CNOT 6 7
[20602] = CNOT 6 8
[20603] = T 6
[20604] = S 6
[20605] = Z 6
[20606] = CNOT 6 8
[20607] = T 6
[20608] = S 6
[20609] = Z 6
[20610] = CNOT 6 7
[20611] = Z 6
[20612] = CNOT 6 8
[20613] = Z 6
[20614] = CNOT 6 8
[20615] = CNOT 8 6
[20616] = H 7
[20617] = H 6
[20618] = H 8
[20619] = T 6
[20620] = CNOT 2 7
[20621] = T 2
[20622] = S 2
[20623] = CNOT 2 6
[20624] = T 2
[20625] = CNOT 2 7
[20626] = CNOT 2 6
[20627] = CNOT 6 7
[20628] = T 6
[20629] = S 6
[20630] = CNOT 6 7
[20631] = CNOT 2 6
[20632] = T 2
[20633] = S 2
[20634] = CNOT 2 6
[20635] = T 8
[20636] = CNOT 3 7
[20637] = T 3
[20638] = S 3
[20639] = CNOT 3 8
[20640] = T 3
[20641] = CNOT 3 7
[20642] = CNOT 7 8
[20643] = T 7
[20644] = S 7
[20645] = CNOT 7 8
[20646] = T 3
[20647] = S 3
[20648] = CNOT 3 8
[20649] = CNOT 4 7
[20650] = T 4
[20651] = CNOT 4 7
[20652] = S 7
[20653] = CNOT 7 4
[20654] = H 6
[20655] = H 8
[20656] = H 3
[20657] = H 2
[20658] = T 4
[20659] = S 4
[20660] = Z 4
[20661] = CNOT 3 4
[20662] = T 3
[20663] = Z 3
[20664] = CNOT 3 4
[20665] = CNOT 1 3
[20666] = CNOT 1 4
[20667] = T 1
[20668] = S 1
[20669] = Z 1
[20670] = CNOT 1 4
[20671] = T 1
[20672] = S 1
[20673] = Z 1
[20674] = CNOT 1 3
[20675] = CNOT 4 5
[20676] = CNOT 4 6
[20677] = CNOT 4 10
[20678] = T 4
[20679] = CNOT 4 5
[20680] = T 4
[20681] = S 4
[20682] = Z 4
[20683] = CNOT 4 10
[20684] = CNOT 4 6
[20685] = CNOT 5 10
[20686] = T 5
[20687] = S 5
[20688] = CNOT 5 10
[20689] = CNOT 4 8
[20690] = T 4
[20691] = CNOT 4 8
[20692] = T 2
[20693] = S 3
[20694] = Z 3
[20695] = Z 5
[20696] = Z 6
[20697] = Z 10
[20698] = CNOT 1 4
[20699] = S 1
[20700] = CNOT 1 4
[20701] = CNOT 4 5
[20702] = Z 4
[20703] = CNOT 4 5
[20704] = CNOT 4 6
[20705] = S 4
[20706] = Z 4
[20707] = CNOT 4 6
[20708] = CNOT 4 10
[20709] = Z 4
[20710] = CNOT 4 10
[20711] = CNOT 5 6
[20712] = Z 5
[20713] = CNOT 5 6
[20714] = CNOT 6 10
[20715] = Z 6
[20716] = CNOT 6 10
[20717] = CNOT 4 5
[20718] = CNOT 4 6
[20719] = S 4
[20720] = Z 4
[20721] = CNOT 4 6
[20722] = CNOT 4 5
[20723] = CNOT 6 5
[20724] = CNOT 8 4
[20725] = CNOT 6 4
[20726] = CNOT 4 1
[20727] = H 10
[20728] = H 1
[20729] = CNOT 7 9
[20730] = CNOT 7 10
[20731] = T 7
[20732] = CNOT 7 10
[20733] = T 7
[20734] = S 7
[20735] = CNOT 7 9
[20736] = CNOT 9 10
[20737] = T 9
[20738] = S 9
[20739] = CNOT 9 10
[20740] = T 1
[20741] = T 7
[20742] = S 10
[20743] = CNOT 7 10
[20744] = S 7
[20745] = H 9
[20746] = T 9
[20747] = CNOT 8 9
[20748] = T 8
[20749] = S 8
[20750] = CNOT 8 9
[20751] = CNOT 1 8
[20752] = CNOT 1 9
[20753] = T 1
[20754] = CNOT 1 9
[20755] = T 1
[20756] = S 1
[20757] = CNOT 1 8
[20758] = CNOT 1 9
[20759] = T 1
[20760] = S 1
[20761] = CNOT 1 9
[20762] = T 8
[20763] = H 1
[20764] = H 9
[20765] = CNOT 7 9
[20766] = T 7
[20767] = Z 7
[20768] = CNOT 7 10
[20769] = T 7
[20770] = S 7
[20771] = Z 7
[20772] = CNOT 7 9
[20773] = CNOT 9 10
[20774] = T 9
[20775] = S 9
[20776] = Z 9
[20777] = CNOT 9 10
[20778] = T 1
[20779] = S 1
[20780] = CNOT 1 4
[20781] = T 1
[20782] = S 1
[20783] = CNOT 1 3
[20784] = T 1
[20785] = CNOT 1 4
[20786] = CNOT 1 3
[20787] = CNOT 3 4
[20788] = T 3
[20789] = S 3
[20790] = CNOT 3 4
[20791] = CNOT 1 3
[20792] = T 1
[20793] = S 1
[20794] = CNOT 1 3
[20795] = T 4
[20796] = T 7
[20797] = Z 7
[20798] = S 9
[20799] = Z 9
[20800] = Z 10
[20801] = H 10
[20802] = H 3
[20803] = CNOT 1 3
[20804] = CNOT 1 9
[20805] = T 1
[20806] = CNOT 1 3
[20807] = CNOT 3 9
[20808] = T 3
[20809] = S 3
[20810] = CNOT 3 9
[20811] = T 1
[20812] = S 1
[20813] = CNOT 1 9
[20814] = S 3
[20815] = S 6
[20816] = Z 6
[20817] = S 10
[20818] = CNOT 1 3
[20819] = S 1
[20820] = CNOT 1 3
[20821] = CNOT 5 6
[20822] = S 5
[20823] = CNOT 5 6
[20824] = CNOT 5 10
[20825] = S 5
[20826] = Z 5
[20827] = CNOT 6 10
[20828] = S 6
[20829] = CNOT 6 10
[20830] = CNOT 5 6
[20831] = S 5
[20832] = Z 5
[20833] = CNOT 5 10
[20834] = CNOT 5 6
[20835] = CNOT 3 1
[20836] = H 9
[20837] = H 10
[20838] = T 9
[20839] = CNOT 4 9
[20840] = T 4
[20841] = S 4
[20842] = CNOT 4 9
[20843] = CNOT 2 4
[20844] = CNOT 2 9
[20845] = T 2
[20846] = CNOT 2 9
[20847] = T 2
[20848] = S 2
[20849] = CNOT 2 4
[20850] = CNOT 2 9
[20851] = T 2
[20852] = S 2
[20853] = CNOT 2 9
[20854] = CNOT 7 10
[20855] = T 7
[20856] = S 7
[20857] = CNOT 7 10
[20858] = T 4
[20859] = T 2
[20860] = Z 7
[20861] = S 10
[20862] = Z 10
[20863] = CNOT 7 10
[20864] = H 9
[20865] = CNOT 3 9
[20866] = T 3
[20867] = Z 3
[20868] = CNOT 3 9
[20869] = CNOT 1 3
[20870] = CNOT 1 9
[20871] = T 1
[20872] = S 1
[20873] = Z 1
[20874] = CNOT 1 3
[20875] = T 1
[20876] = S 1
[20877] = Z 1
[20878] = CNOT 1 9
[20879] = CNOT 7 9
[20880] = T 7
[20881] = Z 7
[20882] = CNOT 7 10
[20883] = T 7
[20884] = S 7
[20885] = Z 7
[20886] = CNOT 7 9
[20887] = CNOT 9 10
[20888] = T 9
[20889] = S 9
[20890] = Z 9
[20891] = CNOT 9 10
[20892] = T 7
[20893] = Z 7
[20894] = CNOT 7 10
[20895] = T 7
[20896] = S 7
[20897] = Z 7
[20898] = CNOT 1 3
[20899] = T 1
[20900] = Z 1
[20901] = CNOT 1 3
[20902] = Z 1
[20903] = S 9
[20904] = Z 10
[20905] = CNOT 3 1
[20906] = H 9
[20907] = H 1
[20908] = T 9
[20909] = T 1
[20910] = CNOT 8 9
[20911] = T 8
[20912] = S 8
[20913] = CNOT 8 9
[20914] = CNOT 1 8
[20915] = CNOT 1 9
[20916] = T 1
[20917] = CNOT 1 9
[20918] = T 1
[20919] = S 1
[20920] = CNOT 1 8
[20921] = CNOT 1 9
[20922] = T 1
[20923] = S 1
[20924] = CNOT 1 9
[20925] = H 1
[20926] = H 9
[20927] = CNOT 7 9
[20928] = T 7
[20929] = Z 7
[20930] = CNOT 7 10
[20931] = T 7
[20932] = S 7
[20933] = Z 7
[20934] = CNOT 7 9
[20935] = CNOT 9 10
[20936] = T 9
[20937] = S 9
[20938] = Z 9
[20939] = CNOT 9 10
[20940] = CNOT 1 3
[20941] = CNOT 1 9
[20942] = T 1
[20943] = CNOT 1 3
[20944] = CNOT 3 9
[20945] = T 3
[20946] = S 3
[20947] = CNOT 3 9
[20948] = T 1
[20949] = S 1
[20950] = CNOT 1 9
[20951] = T 3
[20952] = S 1
[20953] = S 9
[20954] = Z 9
[20955] = Z 10
[20956] = CNOT 1 3
[20957] = S 1
[20958] = CNOT 1 3
[20959] = Z 7
[20960] = CNOT 3 1
[20961] = H 10
[20962] = H 9
[20963] = CNOT 6 10
[20964] = T 6
[20965] = Z 6
[20966] = CNOT 6 10
[20967] = CNOT 5 6
[20968] = CNOT 5 10
[20969] = T 5
[20970] = S 5
[20971] = Z 5
[20972] = CNOT 5 6
[20973] = T 5
[20974] = S 5
[20975] = Z 5
[20976] = CNOT 5 10
[20977] = T 9
[20978] = CNOT 4 9
[20979] = T 4
[20980] = S 4
[20981] = CNOT 4 9
[20982] = CNOT 2 4
[20983] = CNOT 2 9
[20984] = T 2
[20985] = CNOT 2 9
[20986] = T 2
[20987] = S 2
[20988] = CNOT 2 4
[20989] = CNOT 2 9
[20990] = T 2
[20991] = S 2
[20992] = CNOT 2 9
[20993] = CNOT 1 4
[20994] = CNOT 1 7
[20995] = T 1
[20996] = CNOT 1 7
[20997] = CNOT 1 4
[20998] = Z 5
[20999] = S 10
[21000] = Z 10
[21001] = CNOT 5 6
[21002] = Z 5
[21003] = CNOT 5 6
[21004] = CNOT 6 5
[21005] = CNOT 8 4
[21006] = CNOT 7 4
[21007] = CNOT 6 4
[21008] = CNOT 8 1
[21009] = CNOT 7 1
[21010] = CNOT 6 1
[21011] = CNOT 4 1
[21012] = H 2
[21013] = H 9
[21014] = H 8
[21015] = H 6
[21016] = CNOT 2 3
[21017] = CNOT 2 6
[21018] = CNOT 2 7
[21019] = CNOT 2 8
[21020] = CNOT 2 9
[21021] = T 2
[21022] = CNOT 2 7
[21023] = CNOT 2 3
[21024] = CNOT 1 3
[21025] = CNOT 1 9
[21026] = T 1
[21027] = S 1
[21028] = Z 1
[21029] = CNOT 1 3
[21030] = CNOT 3 6
[21031] = CNOT 3 8
[21032] = CNOT 3 9
[21033] = T 3
[21034] = CNOT 3 8
[21035] = CNOT 3 6
[21036] = CNOT 1 7
[21037] = CNOT 1 8
[21038] = T 1
[21039] = CNOT 1 7
[21040] = CNOT 3 7
[21041] = T 3
[21042] = Z 3
[21043] = CNOT 3 9
[21044] = CNOT 3 7
[21045] = T 1
[21046] = S 1
[21047] = Z 1
[21048] = CNOT 1 8
[21049] = CNOT 2 3
[21050] = T 2
[21051] = CNOT 2 6
[21052] = T 2
[21053] = CNOT 1 7
[21054] = T 1
[21055] = S 1
[21056] = Z 1
[21057] = CNOT 1 9
[21058] = CNOT 1 7
[21059] = CNOT 2 7
[21060] = T 2
[21061] = CNOT 2 9
[21062] = CNOT 2 8
[21063] = CNOT 2 7
[21064] = CNOT 2 3
[21065] = T 7
[21066] = Z 7
[21067] = CNOT 3 6
[21068] = CNOT 3 7
[21069] = CNOT 3 8
[21070] = CNOT 3 9
[21071] = T 3
[21072] = CNOT 3 9
[21073] = CNOT 3 8
[21074] = CNOT 3 7
[21075] = CNOT 3 6
[21076] = Z 2
[21077] = Z 6
[21078] = CNOT 1 3
[21079] = Z 1
[21080] = CNOT 1 3
[21081] = CNOT 1 7
[21082] = Z 1
[21083] = CNOT 1 7
[21084] = CNOT 1 8
[21085] = Z 1
[21086] = CNOT 1 8
[21087] = CNOT 1 9
[21088] = Z 1
[21089] = CNOT 1 9
[21090] = CNOT 3 7
[21091] = S 3
[21092] = Z 3
[21093] = CNOT 3 7
[21094] = CNOT 3 8
[21095] = S 3
[21096] = Z 3
[21097] = CNOT 3 8
[21098] = CNOT 3 9
[21099] = Z 3
[21100] = CNOT 3 9
[21101] = CNOT 7 8
[21102] = S 7
[21103] = Z 7
[21104] = CNOT 7 8
[21105] = CNOT 7 9
[21106] = Z 7
[21107] = CNOT 7 9
[21108] = CNOT 8 9
[21109] = Z 8
[21110] = CNOT 8 9
[21111] = CNOT 2 3
[21112] = CNOT 2 6
[21113] = S 2
[21114] = Z 2
[21115] = CNOT 2 6
[21116] = CNOT 2 7
[21117] = S 2
[21118] = Z 2
[21119] = CNOT 2 7
[21120] = CNOT 2 8
[21121] = Z 2
[21122] = CNOT 2 8
[21123] = CNOT 2 9
[21124] = Z 2
[21125] = CNOT 2 9
[21126] = CNOT 2 3
[21127] = CNOT 2 6
[21128] = CNOT 2 8
[21129] = S 2
[21130] = Z 2
[21131] = CNOT 2 8
[21132] = CNOT 2 9
[21133] = S 2
[21134] = Z 2
[21135] = CNOT 2 9
[21136] = CNOT 2 6
[21137] = CNOT 2 7
[21138] = CNOT 2 8
[21139] = S 2
[21140] = Z 2
[21141] = CNOT 2 8
[21142] = CNOT 2 9
[21143] = S 2
[21144] = Z 2
[21145] = CNOT 2 7
[21146] = CNOT 2 8
[21147] = Z 2
[21148] = CNOT 2 9
[21149] = CNOT 2 8
[21150] = CNOT 3 6
[21151] = CNOT 3 7
[21152] = S 3
[21153] = Z 3
[21154] = CNOT 3 7
[21155] = CNOT 3 8
[21156] = Z 3
[21157] = CNOT 3 8
[21158] = CNOT 3 9
[21159] = Z 3
[21160] = CNOT 3 9
[21161] = CNOT 3 6
[21162] = CNOT 3 7
[21163] = CNOT 3 8
[21164] = S 3
[21165] = Z 3
[21166] = CNOT 3 7
[21167] = CNOT 3 9
[21168] = S 3
[21169] = CNOT 3 9
[21170] = CNOT 3 8
[21171] = CNOT 6 7
[21172] = CNOT 6 8
[21173] = S 6
[21174] = Z 6
[21175] = CNOT 6 8
[21176] = CNOT 6 9
[21177] = S 6
[21178] = Z 6
[21179] = CNOT 6 7
[21180] = CNOT 6 8
[21181] = Z 6
[21182] = CNOT 6 9
[21183] = CNOT 6 8
[21184] = CNOT 7 8
[21185] = CNOT 7 9
[21186] = Z 7
[21187] = CNOT 7 9
[21188] = CNOT 7 8
[21189] = CNOT 4 2
[21190] = CNOT 3 1
[21191] = H 8
[21192] = H 6
[21193] = H 7
[21194] = T 6
[21195] = T 8
[21196] = T 7
[21197] = CNOT 6 8
[21198] = T 6
[21199] = S 6
[21200] = CNOT 6 7
[21201] = T 6
[21202] = CNOT 6 8
[21203] = CNOT 6 7
[21204] = CNOT 7 8
[21205] = T 7
[21206] = S 7
[21207] = CNOT 7 8
[21208] = CNOT 6 7
[21209] = T 6
[21210] = S 6
[21211] = CNOT 6 7
[21212] = H 7
[21213] = CNOT 1 3
[21214] = CNOT 1 8
[21215] = T 1
[21216] = CNOT 1 8
[21217] = CNOT 1 3
[21218] = CNOT 3 4
[21219] = CNOT 3 6
[21220] = CNOT 3 8
[21221] = T 3
[21222] = CNOT 3 8
[21223] = CNOT 3 4
[21224] = CNOT 1 4
[21225] = CNOT 1 6
[21226] = T 1
[21227] = S 1
[21228] = Z 1
[21229] = CNOT 1 6
[21230] = Z 1
[21231] = CNOT 1 4
[21232] = CNOT 1 6
[21233] = Z 1
[21234] = CNOT 1 6
[21235] = CNOT 4 6
[21236] = Z 4
[21237] = CNOT 4 6
[21238] = CNOT 7 8
[21239] = CNOT 4 8
[21240] = CNOT 1 8
[21241] = CNOT 4 7
[21242] = CNOT 3 7
[21243] = CNOT 1 7
[21244] = CNOT 8 6
[21245] = CNOT 7 6
[21246] = CNOT 6 4
[21247] = CNOT 3 4
[21248] = CNOT 1 4
[21249] = CNOT 4 6
[21250] = CNOT 6 3
[21251] = CNOT 4 3
[21252] = CNOT 1 3
[21253] = CNOT 3 4
[21254] = CNOT 6 1
[21255] = CNOT 4 1
[21256] = CNOT 3 1
[21257] = CNOT 1 3
[21258] = H 6
[21259] = T 6
[21260] = Z 6
[21261] = CNOT 4 6
[21262] = T 4
[21263] = Z 4
[21264] = CNOT 4 6
[21265] = CNOT 3 4
[21266] = CNOT 3 6
[21267] = T 3
[21268] = S 3
[21269] = Z 3
[21270] = CNOT 3 4
[21271] = T 3
[21272] = S 3
[21273] = Z 3
[21274] = CNOT 3 6
[21275] = Z 3
[21276] = CNOT 3 4
[21277] = Z 3
[21278] = CNOT 3 4
[21279] = CNOT 4 8
[21280] = CNOT 3 8
[21281] = CNOT 5 3
[21282] = CNOT 4 3
[21283] = H 6
[21284] = T 1
[21285] = CNOT 1 4
[21286] = CNOT 1 5
[21287] = CNOT 1 7
[21288] = T 1
[21289] = CNOT 1 7
[21290] = CNOT 1 5
[21291] = CNOT 1 4
[21292] = CNOT 4 5
[21293] = CNOT 4 7
[21294] = T 4
[21295] = S 4
[21296] = Z 4
[21297] = CNOT 4 7
[21298] = Z 4
[21299] = CNOT 4 5
[21300] = CNOT 4 7
[21301] = Z 4
[21302] = CNOT 4 7
[21303] = CNOT 5 7
[21304] = Z 5
[21305] = CNOT 5 8
[21306] = CNOT 4 8
[21307] = CNOT 3 8
[21308] = CNOT 1 8
[21309] = CNOT 6 7
[21310] = CNOT 2 7
[21311] = CNOT 7 6
[21312] = CNOT 5 6
[21313] = CNOT 4 6
[21314] = CNOT 2 6
[21315] = CNOT 8 5
[21316] = CNOT 4 5
[21317] = CNOT 3 5
[21318] = CNOT 2 5
[21319] = CNOT 1 5
[21320] = CNOT 8 3
[21321] = CNOT 3 8
[21322] = CNOT 5 2
[21323] = CNOT 8 1
[21324] = CNOT 7 1
[21325] = CNOT 6 1
[21326] = CNOT 3 1
[21327] = CNOT 1 3
[21328] = H 6
[21329] = T 6
[21330] = Z 6
[21331] = CNOT 4 6
[21332] = T 4
[21333] = Z 4
[21334] = CNOT 4 6
[21335] = CNOT 3 4
[21336] = CNOT 3 6
[21337] = T 3
[21338] = S 3
[21339] = Z 3
[21340] = CNOT 3 4
[21341] = T 3
[21342] = S 3
[21343] = Z 3
[21344] = CNOT 3 6
[21345] = Z 3
[21346] = CNOT 3 4
[21347] = Z 3
[21348] = CNOT 3 4
[21349] = CNOT 3 5
[21350] = CNOT 4 3
[21351] = H 6
[21352] = H 5
[21353] = CNOT 3 6
[21354] = T 3
[21355] = Z 3
[21356] = CNOT 3 6
[21357] = CNOT 4 6
[21358] = T 4
[21359] = Z 4
[21360] = CNOT 4 6
[21361] = T 5
[21362] = CNOT 3 4
[21363] = T 3
[21364] = S 3
[21365] = CNOT 3 5
[21366] = T 3
[21367] = CNOT 3 4
[21368] = CNOT 4 5
[21369] = CNOT 4 6
[21370] = T 4
[21371] = S 4
[21372] = Z 4
[21373] = CNOT 4 6
[21374] = CNOT 4 5
[21375] = CNOT 3 6
[21376] = T 3
[21377] = S 3
[21378] = Z 3
[21379] = CNOT 3 6
[21380] = CNOT 3 5
[21381] = CNOT 1 6
[21382] = T 1
[21383] = CNOT 1 6
[21384] = CNOT 1 8
[21385] = T 1
[21386] = CNOT 6 8
[21387] = T 6
[21388] = S 6
[21389] = CNOT 6 8
[21390] = CNOT 2 6
[21391] = CNOT 2 7
[21392] = CNOT 2 8
[21393] = T 2
[21394] = CNOT 2 8
[21395] = CNOT 2 7
[21396] = CNOT 2 6
[21397] = CNOT 3 6
[21398] = CNOT 3 7
[21399] = T 3
[21400] = CNOT 3 7
[21401] = CNOT 3 6
[21402] = CNOT 1 7
[21403] = T 1
[21404] = CNOT 1 8
[21405] = CNOT 1 7
[21406] = Z 3
[21407] = Z 4
[21408] = Z 6
[21409] = Z 8
[21410] = CNOT 3 5
[21411] = Z 3
[21412] = CNOT 3 5
[21413] = CNOT 4 5
[21414] = Z 4
[21415] = CNOT 4 5
[21416] = CNOT 7 8
[21417] = CNOT 4 8
[21418] = CNOT 3 8
[21419] = CNOT 8 7
[21420] = CNOT 6 7
[21421] = CNOT 1 7
[21422] = CNOT 8 6
[21423] = CNOT 3 6
[21424] = CNOT 2 6
[21425] = CNOT 4 3
[21426] = CNOT 4 2
[21427] = CNOT 6 1
[21428] = H 5
[21429] = H 7
[21430] = T 7
[21431] = Z 7
[21432] = CNOT 7 8
[21433] = T 7
[21434] = Z 7
[21435] = CNOT 7 8
[21436] = CNOT 6 7
[21437] = CNOT 6 8
[21438] = T 6
[21439] = S 6
[21440] = Z 6
[21441] = CNOT 6 8
[21442] = T 6
[21443] = S 6
[21444] = Z 6
[21445] = CNOT 6 7
[21446] = Z 5
[21447] = Z 6
[21448] = CNOT 6 8
[21449] = Z 6
[21450] = CNOT 6 8
[21451] = CNOT 8 6
[21452] = H 7
[21453] = H 6
[21454] = H 8
[21455] = T 6
[21456] = CNOT 2 7
[21457] = T 2
[21458] = S 2
[21459] = CNOT 2 6
[21460] = T 2
[21461] = CNOT 2 7
[21462] = CNOT 2 6
[21463] = CNOT 6 7
[21464] = T 6
[21465] = S 6
[21466] = CNOT 6 7
[21467] = CNOT 2 6
[21468] = T 2
[21469] = S 2
[21470] = CNOT 2 6
[21471] = T 8
[21472] = CNOT 3 7
[21473] = T 3
[21474] = S 3
[21475] = CNOT 3 8
[21476] = T 3
[21477] = CNOT 3 7
[21478] = CNOT 7 8
[21479] = T 7
[21480] = S 7
[21481] = CNOT 7 8
[21482] = T 3
[21483] = S 3
[21484] = CNOT 3 8
[21485] = CNOT 4 7
[21486] = T 4
[21487] = CNOT 4 7
[21488] = S 7
[21489] = CNOT 7 4
[21490] = H 6
[21491] = H 8
[21492] = H 3
[21493] = H 2
[21494] = T 4
[21495] = S 4
[21496] = Z 4
[21497] = CNOT 3 4
[21498] = T 3
[21499] = Z 3
[21500] = CNOT 3 4
[21501] = CNOT 1 3
[21502] = CNOT 1 4
[21503] = T 1
[21504] = S 1
[21505] = Z 1
[21506] = CNOT 1 4
[21507] = T 1
[21508] = S 1
[21509] = Z 1
[21510] = CNOT 1 3
[21511] = CNOT 4 5
[21512] = CNOT 4 6
[21513] = CNOT 4 10
[21514] = T 4
[21515] = CNOT 4 5
[21516] = T 4
[21517] = S 4
[21518] = Z 4
[21519] = CNOT 4 10
[21520] = CNOT 4 6
[21521] = CNOT 5 10
[21522] = T 5
[21523] = S 5
[21524] = CNOT 5 10
[21525] = CNOT 4 8
[21526] = T 4
[21527] = CNOT 4 8
[21528] = T 2
[21529] = S 3
[21530] = Z 3
[21531] = Z 5
[21532] = Z 6
[21533] = Z 10
[21534] = CNOT 1 4
[21535] = S 1
[21536] = CNOT 1 4
[21537] = CNOT 4 5
[21538] = Z 4
[21539] = CNOT 4 5
[21540] = CNOT 4 6
[21541] = S 4
[21542] = Z 4
[21543] = CNOT 4 6
[21544] = CNOT 4 10
[21545] = Z 4
[21546] = CNOT 4 10
[21547] = CNOT 5 6
[21548] = Z 5
[21549] = CNOT 5 6
[21550] = CNOT 6 10
[21551] = Z 6
[21552] = CNOT 6 10
[21553] = CNOT 4 5
[21554] = CNOT 4 6
[21555] = S 4
[21556] = Z 4
[21557] = CNOT 4 6
[21558] = CNOT 4 5
[21559] = CNOT 6 5
[21560] = CNOT 8 4
[21561] = CNOT 6 4
[21562] = CNOT 4 1
[21563] = H 10
[21564] = H 1
[21565] = CNOT 7 9
[21566] = CNOT 7 10
[21567] = T 7
[21568] = CNOT 7 10
[21569] = T 7
[21570] = S 7
[21571] = CNOT 7 9
[21572] = CNOT 9 10
[21573] = T 9
[21574] = S 9
[21575] = CNOT 9 10
[21576] = T 1
[21577] = T 7
[21578] = S 10
[21579] = CNOT 7 10
[21580] = S 7
[21581] = H 9
[21582] = T 9
[21583] = CNOT 8 9
[21584] = T 8
[21585] = S 8
[21586] = CNOT 8 9
[21587] = CNOT 1 8
[21588] = CNOT 1 9
[21589] = T 1
[21590] = CNOT 1 9
[21591] = T 1
[21592] = S 1
[21593] = CNOT 1 8
[21594] = CNOT 1 9
[21595] = T 1
[21596] = S 1
[21597] = CNOT 1 9
[21598] = T 8
[21599] = H 1
[21600] = H 9
[21601] = CNOT 7 9
[21602] = T 7
[21603] = Z 7
[21604] = CNOT 7 10
[21605] = T 7
[21606] = S 7
[21607] = Z 7
[21608] = CNOT 7 9
[21609] = CNOT 9 10
[21610] = T 9
[21611] = S 9
[21612] = Z 9
[21613] = CNOT 9 10
[21614] = T 1
[21615] = S 1
[21616] = CNOT 1 4
[21617] = T 1
[21618] = S 1
[21619] = CNOT 1 3
[21620] = T 1
[21621] = CNOT 1 4
[21622] = CNOT 1 3
[21623] = CNOT 3 4
[21624] = T 3
[21625] = S 3
[21626] = CNOT 3 4
[21627] = CNOT 1 3
[21628] = T 1
[21629] = S 1
[21630] = CNOT 1 3
[21631] = T 4
[21632] = T 7
[21633] = Z 7
[21634] = S 9
[21635] = Z 9
[21636] = Z 10
[21637] = H 10
[21638] = H 3
[21639] = CNOT 1 3
[21640] = CNOT 1 9
[21641] = T 1
[21642] = CNOT 1 3
[21643] = CNOT 3 9
[21644] = T 3
[21645] = S 3
[21646] = CNOT 3 9
[21647] = T 1
[21648] = S 1
[21649] = CNOT 1 9
[21650] = S 3
[21651] = S 6
[21652] = Z 6
[21653] = S 10
[21654] = CNOT 1 3
[21655] = S 1
[21656] = CNOT 1 3
[21657] = CNOT 5 6
[21658] = S 5
[21659] = CNOT 5 6
[21660] = CNOT 5 10
[21661] = S 5
[21662] = Z 5
[21663] = CNOT 6 10
[21664] = S 6
[21665] = CNOT 6 10
[21666] = CNOT 5 6
[21667] = S 5
[21668] = Z 5
[21669] = CNOT 5 10
[21670] = CNOT 5 6
[21671] = CNOT 3 1
[21672] = H 9
[21673] = H 10
[21674] = T 9
[21675] = CNOT 4 9
[21676] = T 4
[21677] = S 4
[21678] = CNOT 4 9
[21679] = CNOT 2 4
[21680] = CNOT 2 9
[21681] = T 2
[21682] = CNOT 2 9
[21683] = T 2
[21684] = S 2
[21685] = CNOT 2 4
[21686] = CNOT 2 9
[21687] = T 2
[21688] = S 2
[21689] = CNOT 2 9
[21690] = CNOT 7 10
[21691] = T 7
[21692] = S 7
[21693] = CNOT 7 10
[21694] = T 4
[21695] = T 2
[21696] = Z 7
[21697] = S 10
[21698] = Z 10
[21699] = CNOT 7 10
[21700] = H 9
[21701] = CNOT 3 9
[21702] = T 3
[21703] = Z 3
[21704] = CNOT 3 9
[21705] = CNOT 1 3
[21706] = CNOT 1 9
[21707] = T 1
[21708] = S 1
[21709] = Z 1
[21710] = CNOT 1 3
[21711] = T 1
[21712] = S 1
[21713] = Z 1
[21714] = CNOT 1 9
[21715] = CNOT 7 9
[21716] = T 7
[21717] = Z 7
[21718] = CNOT 7 10
[21719] = T 7
[21720] = S 7
[21721] = Z 7
[21722] = CNOT 7 9
[21723] = CNOT 9 10
[21724] = T 9
[21725] = S 9
[21726] = Z 9
[21727] = CNOT 9 10
[21728] = T 7
[21729] = Z 7
[21730] = CNOT 7 10
[21731] = T 7
[21732] = S 7
[21733] = Z 7
[21734] = CNOT 1 3
[21735] = T 1
[21736] = Z 1
[21737] = CNOT 1 3
[21738] = Z 1
[21739] = S 9
[21740] = Z 10
[21741] = CNOT 3 1
[21742] = H 9
[21743] = H 1
[21744] = T 9
[21745] = T 1
[21746] = CNOT 8 9
[21747] = T 8
[21748] = S 8
[21749] = CNOT 8 9
[21750] = CNOT 1 8
[21751] = CNOT 1 9
[21752] = T 1
[21753] = CNOT 1 9
[21754] = T 1
[21755] = S 1
[21756] = CNOT 1 8
[21757] = CNOT 1 9
[21758] = T 1
[21759] = S 1
[21760] = CNOT 1 9
[21761] = H 1
[21762] = H 9
[21763] = CNOT 7 9
[21764] = T 7
[21765] = Z 7
[21766] = CNOT 7 10
[21767] = T 7
[21768] = S 7
[21769] = Z 7
[21770] = CNOT 7 9
[21771] = CNOT 9 10
[21772] = T 9
[21773] = S 9
[21774] = Z 9
[21775] = CNOT 9 10
[21776] = CNOT 1 3
[21777] = CNOT 1 9
[21778] = T 1
[21779] = CNOT 1 3
[21780] = CNOT 3 9
[21781] = T 3
[21782] = S 3
[21783] = CNOT 3 9
[21784] = T 1
[21785] = S 1
[21786] = CNOT 1 9
[21787] = T 3
[21788] = S 1
[21789] = S 9
[21790] = Z 9
[21791] = Z 10
[21792] = CNOT 1 3
[21793] = S 1
[21794] = CNOT 1 3
[21795] = Z 7
[21796] = CNOT 3 1
[21797] = H 10
[21798] = H 9
[21799] = CNOT 6 10
[21800] = T 6
[21801] = Z 6
[21802] = CNOT 6 10
[21803] = CNOT 5 6
[21804] = CNOT 5 10
[21805] = T 5
[21806] = S 5
[21807] = Z 5
[21808] = CNOT 5 6
[21809] = T 5
[21810] = S 5
[21811] = Z 5
[21812] = CNOT 5 10
[21813] = T 9
[21814] = CNOT 4 9
[21815] = T 4
[21816] = S 4
[21817] = CNOT 4 9
[21818] = CNOT 2 4
[21819] = CNOT 2 9
[21820] = T 2
[21821] = CNOT 2 9
[21822] = T 2
[21823] = S 2
[21824] = CNOT 2 4
[21825] = CNOT 2 9
[21826] = T 2
[21827] = S 2
[21828] = CNOT 2 9
[21829] = CNOT 1 4
[21830] = CNOT 1 7
[21831] = T 1
[21832] = CNOT 1 7
[21833] = CNOT 1 4
[21834] = Z 5
[21835] = S 10
[21836] = Z 10
[21837] = CNOT 5 6
[21838] = Z 5
[21839] = CNOT 5 6
[21840] = CNOT 6 5
[21841] = CNOT 8 4
[21842] = CNOT 7 4
[21843] = CNOT 6 4
[21844] = CNOT 8 1
[21845] = CNOT 7 1
[21846] = CNOT 6 1
[21847] = CNOT 4 1
[21848] = H 2
[21849] = H 9
[21850] = H 8
[21851] = H 6
[21852] = H 5
[21853] = CNOT 3 9
[21854] = T 3
[21855] = Z 3
[21856] = CNOT 3 9
[21857] = CNOT 1 3
[21858] = CNOT 1 9
[21859] = T 1
[21860] = S 1
[21861] = Z 1
[21862] = CNOT 1 3
[21863] = T 1
[21864] = S 1
[21865] = Z 1
[21866] = CNOT 1 9
[21867] = CNOT 1 2
[21868] = CNOT 1 3
[21869] = CNOT 1 6
[21870] = T 1
[21871] = CNOT 1 2
[21872] = CNOT 2 6
[21873] = CNOT 2 8
[21874] = T 2
[21875] = Z 2
[21876] = CNOT 2 8
[21877] = CNOT 2 6
[21878] = CNOT 1 2
[21879] = CNOT 1 7
[21880] = T 1
[21881] = CNOT 1 8
[21882] = T 1
[21883] = CNOT 1 7
[21884] = CNOT 1 2
[21885] = CNOT 2 6
[21886] = CNOT 2 7
[21887] = CNOT 2 8
[21888] = T 2
[21889] = CNOT 2 8
[21890] = CNOT 2 7
[21891] = CNOT 2 6
[21892] = CNOT 1 2
[21893] = T 1
[21894] = CNOT 1 8
[21895] = CNOT 1 6
[21896] = CNOT 1 2
[21897] = T 2
[21898] = S 2
[21899] = Z 2
[21900] = T 5
[21901] = T 6
[21902] = S 6
[21903] = Z 6
[21904] = CNOT 2 7
[21905] = T 2
[21906] = Z 2
[21907] = CNOT 2 7
[21908] = CNOT 6 7
[21909] = T 6
[21910] = Z 6
[21911] = CNOT 6 7
[21912] = Z 3
[21913] = Z 7
[21914] = Z 8
[21915] = S 9
[21916] = Z 9
[21917] = Z 1
[21918] = CNOT 2 6
[21919] = Z 2
[21920] = CNOT 2 6
[21921] = CNOT 2 8
[21922] = S 2
[21923] = Z 2
[21924] = CNOT 2 8
[21925] = CNOT 6 8
[21926] = S 6
[21927] = Z 6
[21928] = CNOT 6 8
[21929] = CNOT 7 8
[21930] = S 7
[21931] = Z 7
[21932] = CNOT 7 8
[21933] = CNOT 1 2
[21934] = Z 1
[21935] = CNOT 1 3
[21936] = CNOT 1 6
[21937] = Z 1
[21938] = CNOT 1 6
[21939] = CNOT 1 7
[21940] = S 1
[21941] = Z 1
[21942] = CNOT 1 7
[21943] = CNOT 1 8
[21944] = S 1
[21945] = Z 1
[21946] = CNOT 1 8
[21947] = CNOT 1 2
[21948] = CNOT 1 3
[21949] = CNOT 1 6
[21950] = Z 1
[21951] = CNOT 1 6
[21952] = CNOT 1 7
[21953] = S 1
[21954] = Z 1
[21955] = CNOT 1 7
[21956] = CNOT 1 8
[21957] = S 1
[21958] = Z 1
[21959] = CNOT 1 8
[21960] = CNOT 1 3
[21961] = CNOT 1 6
[21962] = CNOT 1 7
[21963] = S 1
[21964] = Z 1
[21965] = CNOT 1 7
[21966] = CNOT 1 8
[21967] = S 1
[21968] = Z 1
[21969] = CNOT 1 8
[21970] = CNOT 1 6
[21971] = CNOT 2 3
[21972] = CNOT 2 6
[21973] = Z 2
[21974] = CNOT 2 6
[21975] = CNOT 2 7
[21976] = S 2
[21977] = Z 2
[21978] = CNOT 2 7
[21979] = CNOT 2 8
[21980] = S 2
[21981] = Z 2
[21982] = CNOT 2 8
[21983] = CNOT 2 3
[21984] = CNOT 2 6
[21985] = CNOT 2 7
[21986] = S 2
[21987] = Z 2
[21988] = CNOT 2 6
[21989] = CNOT 2 8
[21990] = S 2
[21991] = Z 2
[21992] = CNOT 2 8
[21993] = CNOT 2 7
[21994] = CNOT 3 6
[21995] = CNOT 3 7
[21996] = S 3
[21997] = Z 3
[21998] = CNOT 3 7
[21999] = CNOT 3 8
[22000] = S 3
[22001] = Z 3
[22002] = CNOT 3 8
[22003] = CNOT 3 6
[22004] = CNOT 6 7
[22005] = CNOT 6 8
[22006] = S 6
[22007] = Z 6
[22008] = CNOT 6 8
[22009] = CNOT 6 7
[22010] = CNOT 3 1
[22011] = H 8
[22012] = H 6
[22013] = H 7
[22014] = T 6
[22015] = T 8
[22016] = T 7
[22017] = CNOT 6 8
[22018] = T 6
[22019] = S 6
[22020] = CNOT 6 7
[22021] = T 6
[22022] = CNOT 6 8
[22023] = CNOT 6 7
[22024] = CNOT 7 8
[22025] = T 7
[22026] = S 7
[22027] = CNOT 7 8
[22028] = CNOT 6 7
[22029] = T 6
[22030] = S 6
[22031] = CNOT 6 7
[22032] = H 7
[22033] = CNOT 1 3
[22034] = CNOT 1 8
[22035] = T 1
[22036] = S 1
[22037] = Z 1
[22038] = CNOT 1 8
[22039] = CNOT 1 3
[22040] = CNOT 2 3
[22041] = CNOT 2 4
[22042] = CNOT 2 6
[22043] = CNOT 2 8
[22044] = T 2
[22045] = CNOT 2 8
[22046] = CNOT 2 6
[22047] = CNOT 2 4
[22048] = CNOT 2 3
[22049] = CNOT 1 2
[22050] = CNOT 1 4
[22051] = CNOT 1 6
[22052] = T 1
[22053] = CNOT 1 5
[22054] = T 1
[22055] = CNOT 1 6
[22056] = CNOT 1 4
[22057] = CNOT 1 2
[22058] = CNOT 2 3
[22059] = CNOT 2 4
[22060] = CNOT 2 5
[22061] = CNOT 2 6
[22062] = CNOT 2 8
[22063] = T 2
[22064] = CNOT 2 8
[22065] = CNOT 2 6
[22066] = CNOT 2 5
[22067] = CNOT 2 4
[22068] = CNOT 2 3
[22069] = CNOT 1 3
[22070] = CNOT 1 8
[22071] = T 1
[22072] = CNOT 1 8
[22073] = CNOT 1 5
[22074] = CNOT 1 3
[22075] = Z 1
[22076] = S 2
[22077] = S 3
[22078] = S 4
[22079] = S 5
[22080] = S 6
[22081] = S 8
[22082] = CNOT 1 2
[22083] = S 1
[22084] = Z 1
[22085] = CNOT 1 2
[22086] = CNOT 1 3
[22087] = S 1
[22088] = Z 1
[22089] = CNOT 1 3
[22090] = CNOT 1 4
[22091] = S 1
[22092] = Z 1
[22093] = CNOT 1 4
[22094] = CNOT 1 5
[22095] = S 1
[22096] = Z 1
[22097] = CNOT 1 5
[22098] = CNOT 1 6
[22099] = S 1
[22100] = Z 1
[22101] = CNOT 1 6
[22102] = CNOT 1 8
[22103] = S 1
[22104] = Z 1
[22105] = CNOT 1 8
[22106] = CNOT 2 3
[22107] = S 2
[22108] = CNOT 2 3
[22109] = CNOT 2 5
[22110] = S 2
[22111] = CNOT 2 5
[22112] = CNOT 2 8
[22113] = S 2
[22114] = CNOT 2 8
[22115] = CNOT 3 4
[22116] = S 3
[22117] = CNOT 3 4
[22118] = CNOT 3 6
[22119] = S 3
[22120] = CNOT 3 6
[22121] = CNOT 4 5
[22122] = S 4
[22123] = CNOT 4 5
[22124] = CNOT 4 8
[22125] = S 4
[22126] = CNOT 4 8
[22127] = CNOT 5 6
[22128] = S 5
[22129] = CNOT 5 6
[22130] = CNOT 6 8
[22131] = S 6
[22132] = CNOT 6 8
[22133] = CNOT 1 2
[22134] = CNOT 1 4
[22135] = S 1
[22136] = Z 1
[22137] = CNOT 1 4
[22138] = CNOT 1 6
[22139] = S 1
[22140] = Z 1
[22141] = CNOT 1 6
[22142] = CNOT 1 2
[22143] = CNOT 1 3
[22144] = CNOT 1 5
[22145] = S 1
[22146] = Z 1
[22147] = CNOT 1 5
[22148] = CNOT 1 3
[22149] = CNOT 1 4
[22150] = CNOT 1 6
[22151] = S 1
[22152] = Z 1
[22153] = CNOT 1 6
[22154] = CNOT 1 4
[22155] = CNOT 1 5
[22156] = CNOT 1 8
[22157] = S 1
[22158] = Z 1
[22159] = CNOT 1 8
[22160] = CNOT 1 5
[22161] = CNOT 2 3
[22162] = CNOT 2 4
[22163] = S 2
[22164] = Z 2
[22165] = CNOT 2 4
[22166] = CNOT 2 5
[22167] = S 2
[22168] = Z 2
[22169] = CNOT 2 5
[22170] = CNOT 2 6
[22171] = S 2
[22172] = Z 2
[22173] = CNOT 2 6
[22174] = CNOT 2 8
[22175] = S 2
[22176] = Z 2
[22177] = CNOT 2 8
[22178] = CNOT 2 3
[22179] = CNOT 2 4
[22180] = CNOT 2 5
[22181] = S 2
[22182] = Z 2
[22183] = CNOT 2 5
[22184] = CNOT 2 6
[22185] = Z 2
[22186] = CNOT 2 6
[22187] = CNOT 2 8
[22188] = S 2
[22189] = Z 2
[22190] = CNOT 2 8
[22191] = CNOT 2 4
[22192] = CNOT 2 5
[22193] = CNOT 2 6
[22194] = S 2
[22195] = Z 2
[22196] = CNOT 2 6
[22197] = CNOT 2 8
[22198] = S 2
[22199] = Z 2
[22200] = CNOT 2 5
[22201] = CNOT 2 6
[22202] = S 2
[22203] = Z 2
[22204] = CNOT 2 8
[22205] = CNOT 2 6
[22206] = CNOT 3 4
[22207] = CNOT 3 5
[22208] = S 3
[22209] = Z 3
[22210] = CNOT 3 5
[22211] = CNOT 3 6
[22212] = S 3
[22213] = Z 3
[22214] = CNOT 3 6
[22215] = CNOT 3 8
[22216] = S 3
[22217] = Z 3
[22218] = CNOT 3 8
[22219] = CNOT 3 4
[22220] = CNOT 3 5
[22221] = CNOT 3 6
[22222] = S 3
[22223] = Z 3
[22224] = CNOT 3 6
[22225] = CNOT 3 8
[22226] = Z 3
[22227] = CNOT 3 5
[22228] = CNOT 3 6
[22229] = S 3
[22230] = Z 3
[22231] = CNOT 3 6
[22232] = CNOT 4 5
[22233] = CNOT 4 6
[22234] = S 4
[22235] = Z 4
[22236] = CNOT 4 6
[22237] = CNOT 4 8
[22238] = S 4
[22239] = Z 4
[22240] = CNOT 4 5
[22241] = CNOT 4 6
[22242] = S 4
[22243] = Z 4
[22244] = CNOT 4 8
[22245] = CNOT 4 6
[22246] = CNOT 5 6
[22247] = CNOT 5 8
[22248] = S 5
[22249] = Z 5
[22250] = CNOT 5 8
[22251] = CNOT 5 6
[22252] = CNOT 8 7
[22253] = CNOT 6 7
[22254] = CNOT 4 7
[22255] = CNOT 3 6
[22256] = CNOT 2 6
[22257] = CNOT 4 3
[22258] = CNOT 4 2
[22259] = CNOT 8 1
[22260] = CNOT 6 1
[22261] = CNOT 4 1
[22262] = CNOT 2 1
[22263] = H 5
[22264] = H 6
[22265] = CNOT 3 5
[22266] = T 3
[22267] = Z 3
[22268] = CNOT 3 5
[22269] = CNOT 4 5
[22270] = T 4
[22271] = Z 4
[22272] = CNOT 4 5
[22273] = T 6
[22274] = CNOT 3 4
[22275] = T 3
[22276] = S 3
[22277] = CNOT 3 6
[22278] = T 3
[22279] = CNOT 3 4
[22280] = CNOT 4 5
[22281] = CNOT 4 6
[22282] = T 4
[22283] = S 4
[22284] = Z 4
[22285] = CNOT 4 6
[22286] = CNOT 4 5
[22287] = CNOT 3 5
[22288] = T 3
[22289] = S 3
[22290] = Z 3
[22291] = CNOT 3 6
[22292] = CNOT 3 5
[22293] = Z 3
[22294] = Z 4
[22295] = CNOT 3 6
[22296] = Z 3
[22297] = CNOT 3 6
[22298] = CNOT 4 6
[22299] = Z 4
[22300] = CNOT 4 6
[22301] = CNOT 4 8
[22302] = CNOT 3 8
[22303] = CNOT 2 8
[22304] = CNOT 5 7
[22305] = CNOT 4 7
[22306] = CNOT 3 7
[22307] = CNOT 1 7
[22308] = CNOT 4 5
[22309] = CNOT 3 5
[22310] = CNOT 1 5
[22311] = CNOT 4 3
[22312] = CNOT 2 3
[22313] = CNOT 4 1
[22314] = H 6
[22315] = CNOT 3 5
[22316] = CNOT 3 6
[22317] = T 3
[22318] = S 3
[22319] = Z 3
[22320] = CNOT 3 6
[22321] = CNOT 3 5
[22322] = CNOT 1 2
[22323] = CNOT 1 4
[22324] = CNOT 1 8
[22325] = T 1
[22326] = CNOT 1 3
[22327] = CNOT 1 5
[22328] = CNOT 1 6
[22329] = T 1
[22330] = CNOT 1 8
[22331] = CNOT 1 6
[22332] = CNOT 1 5
[22333] = CNOT 1 4
[22334] = CNOT 1 3
[22335] = CNOT 1 2
[22336] = T 5
[22337] = Z 5
[22338] = Z 1
[22339] = Z 2
[22340] = Z 3
[22341] = Z 4
[22342] = Z 6
[22343] = Z 8
[22344] = CNOT 1 2
[22345] = Z 1
[22346] = CNOT 1 2
[22347] = CNOT 1 4
[22348] = Z 1
[22349] = CNOT 1 4
[22350] = CNOT 1 5
[22351] = Z 1
[22352] = CNOT 1 5
[22353] = CNOT 1 6
[22354] = Z 1
[22355] = CNOT 1 6
[22356] = CNOT 1 8
[22357] = Z 1
[22358] = CNOT 1 8
[22359] = CNOT 2 3
[22360] = Z 2
[22361] = CNOT 2 3
[22362] = CNOT 2 4
[22363] = Z 2
[22364] = CNOT 2 4
[22365] = CNOT 2 5
[22366] = Z 2
[22367] = CNOT 2 5
[22368] = CNOT 2 6
[22369] = Z 2
[22370] = CNOT 2 6
[22371] = CNOT 2 8
[22372] = Z 2
[22373] = CNOT 2 8
[22374] = CNOT 3 4
[22375] = Z 3
[22376] = CNOT 3 4
[22377] = CNOT 3 5
[22378] = Z 3
[22379] = CNOT 3 5
[22380] = CNOT 3 6
[22381] = Z 3
[22382] = CNOT 3 6
[22383] = CNOT 3 8
[22384] = Z 3
[22385] = CNOT 3 8
[22386] = CNOT 4 5
[22387] = Z 4
[22388] = CNOT 4 5
[22389] = CNOT 4 6
[22390] = Z 4
[22391] = CNOT 4 6
[22392] = CNOT 4 8
[22393] = Z 4
[22394] = CNOT 4 8
[22395] = CNOT 5 6
[22396] = Z 5
[22397] = CNOT 5 6
[22398] = CNOT 5 8
[22399] = Z 5
[22400] = CNOT 5 8
[22401] = CNOT 6 8
[22402] = Z 6
[22403] = CNOT 6 8
[22404] = CNOT 1 2
[22405] = CNOT 1 3
[22406] = S 1
[22407] = Z 1
[22408] = CNOT 1 3
[22409] = CNOT 1 4
[22410] = S 1
[22411] = Z 1
[22412] = CNOT 1 4
[22413] = CNOT 1 5
[22414] = S 1
[22415] = Z 1
[22416] = CNOT 1 5
[22417] = CNOT 1 6
[22418] = S 1
[22419] = Z 1
[22420] = CNOT 1 6
[22421] = CNOT 1 8
[22422] = S 1
[22423] = Z 1
[22424] = CNOT 1 8
[22425] = CNOT 1 2
[22426] = CNOT 1 3
[22427] = CNOT 1 4
[22428] = S 1
[22429] = Z 1
[22430] = CNOT 1 4
[22431] = CNOT 1 5
[22432] = S 1
[22433] = Z 1
[22434] = CNOT 1 5
[22435] = CNOT 1 6
[22436] = S 1
[22437] = Z 1
[22438] = CNOT 1 6
[22439] = CNOT 1 8
[22440] = S 1
[22441] = Z 1
[22442] = CNOT 1 8
[22443] = CNOT 1 3
[22444] = CNOT 1 4
[22445] = CNOT 1 5
[22446] = S 1
[22447] = Z 1
[22448] = CNOT 1 5
[22449] = CNOT 1 6
[22450] = S 1
[22451] = Z 1
[22452] = CNOT 1 6
[22453] = CNOT 1 8
[22454] = S 1
[22455] = Z 1
[22456] = CNOT 1 8
[22457] = CNOT 1 4
[22458] = CNOT 1 5
[22459] = CNOT 1 6
[22460] = S 1
[22461] = Z 1
[22462] = CNOT 1 6
[22463] = CNOT 1 8
[22464] = S 1
[22465] = Z 1
[22466] = CNOT 1 5
[22467] = CNOT 1 6
[22468] = S 1
[22469] = Z 1
[22470] = CNOT 1 6
[22471] = CNOT 2 3
[22472] = CNOT 2 4
[22473] = S 2
[22474] = Z 2
[22475] = CNOT 2 4
[22476] = CNOT 2 5
[22477] = S 2
[22478] = Z 2
[22479] = CNOT 2 5
[22480] = CNOT 2 6
[22481] = S 2
[22482] = Z 2
[22483] = CNOT 2 6
[22484] = CNOT 2 8
[22485] = S 2
[22486] = Z 2
[22487] = CNOT 2 8
[22488] = CNOT 2 3
[22489] = CNOT 2 4
[22490] = CNOT 2 5
[22491] = S 2
[22492] = Z 2
[22493] = CNOT 2 5
[22494] = CNOT 2 6
[22495] = S 2
[22496] = Z 2
[22497] = CNOT 2 6
[22498] = CNOT 2 8
[22499] = S 2
[22500] = Z 2
[22501] = CNOT 2 8
[22502] = CNOT 2 4
[22503] = CNOT 2 5
[22504] = CNOT 2 6
[22505] = S 2
[22506] = Z 2
[22507] = CNOT 2 6
[22508] = CNOT 2 8
[22509] = S 2
[22510] = Z 2
[22511] = CNOT 2 5
[22512] = CNOT 2 6
[22513] = S 2
[22514] = Z 2
[22515] = CNOT 2 8
[22516] = CNOT 2 6
[22517] = CNOT 3 4
[22518] = CNOT 3 5
[22519] = S 3
[22520] = Z 3
[22521] = CNOT 3 5
[22522] = CNOT 3 6
[22523] = S 3
[22524] = Z 3
[22525] = CNOT 3 6
[22526] = CNOT 3 8
[22527] = S 3
[22528] = Z 3
[22529] = CNOT 3 4
[22530] = CNOT 3 5
[22531] = S 3
[22532] = Z 3
[22533] = CNOT 3 5
[22534] = CNOT 3 6
[22535] = S 3
[22536] = Z 3
[22537] = CNOT 3 6
[22538] = CNOT 4 5
[22539] = CNOT 4 6
[22540] = S 4
[22541] = Z 4
[22542] = CNOT 4 6
[22543] = CNOT 4 8
[22544] = S 4
[22545] = Z 4
[22546] = CNOT 4 5
[22547] = CNOT 4 6
[22548] = S 4
[22549] = Z 4
[22550] = CNOT 4 8
[22551] = CNOT 4 6
[22552] = CNOT 5 6
[22553] = CNOT 5 8
[22554] = S 5
[22555] = Z 5
[22556] = CNOT 5 8
[22557] = CNOT 5 6
[22558] = CNOT 7 8
[22559] = CNOT 6 8
[22560] = CNOT 6 7
[22561] = CNOT 4 7
[22562] = CNOT 3 7
[22563] = CNOT 1 7
[22564] = CNOT 7 6
[22565] = CNOT 4 6
[22566] = CNOT 3 6
[22567] = CNOT 1 6
[22568] = CNOT 8 5
[22569] = CNOT 6 5
[22570] = CNOT 2 5
[22571] = CNOT 1 5
[22572] = CNOT 8 4
[22573] = CNOT 7 4
[22574] = CNOT 5 4
[22575] = CNOT 1 4
[22576] = CNOT 4 5
[22577] = CNOT 8 3
[22578] = CNOT 7 3
[22579] = CNOT 6 3
[22580] = CNOT 4 3
[22581] = CNOT 2 3
[22582] = CNOT 1 3
[22583] = CNOT 3 4
[22584] = CNOT 8 2
[22585] = CNOT 4 2
[22586] = CNOT 2 4
[22587] = CNOT 8 1
[22588] = CNOT 7 1
[22589] = CNOT 5 1
[22590] = CNOT 4 1
[22591] = H 6
[22592] = T 6
[22593] = Z 6
[22594] = CNOT 4 6
[22595] = T 4
[22596] = Z 4
[22597] = CNOT 4 6
[22598] = CNOT 2 4
[22599] = CNOT 2 6
[22600] = T 2
[22601] = S 2
[22602] = Z 2
[22603] = CNOT 2 4
[22604] = T 2
[22605] = S 2
[22606] = Z 2
[22607] = CNOT 2 6
[22608] = Z 2
[22609] = CNOT 2 4
[22610] = Z 2
[22611] = CNOT 2 4
[22612] = CNOT 4 2
[22613] = H 6
[22614] = CNOT 2 6
[22615] = T 2
[22616] = Z 2
[22617] = CNOT 2 3
[22618] = T 2
[22619] = S 2
[22620] = Z 2
[22621] = CNOT 2 6
[22622] = Z 2
[22623] = CNOT 2 3
[22624] = CNOT 3 6
[22625] = Z 3
[22626] = CNOT 3 6
[22627] = CNOT 8 6
[22628] = CNOT 7 6
[22629] = CNOT 4 6
[22630] = CNOT 2 6
[22631] = CNOT 1 6
[22632] = CNOT 3 2
[22633] = CNOT 8 1
[22634] = H 4
[22635] = H 1
[22636] = T 4
[22637] = Z 4
[22638] = CNOT 3 4
[22639] = T 3
[22640] = Z 3
[22641] = CNOT 3 4
[22642] = CNOT 2 3
[22643] = CNOT 2 4
[22644] = T 2
[22645] = S 2
[22646] = Z 2
[22647] = CNOT 2 3
[22648] = T 2
[22649] = S 2
[22650] = Z 2
[22651] = CNOT 2 4
[22652] = CNOT 2 3
[22653] = T 2
[22654] = Z 2
[22655] = CNOT 2 3
[22656] = T 1
[22657] = Z 2
[22658] = CNOT 3 2
[22659] = H 4
[22660] = T 4
[22661] = CNOT 3 4
[22662] = T 3
[22663] = S 3
[22664] = CNOT 3 4
[22665] = CNOT 1 3
[22666] = CNOT 1 4
[22667] = T 1
[22668] = CNOT 1 3
[22669] = T 1
[22670] = S 1
[22671] = CNOT 1 4
[22672] = CNOT 1 3
[22673] = T 1
[22674] = S 1
[22675] = CNOT 1 3
[22676] = CNOT 3 6
[22677] = CNOT 3 7
[22678] = T 3
[22679] = CNOT 2 7
[22680] = CNOT 7 6
[22681] = CNOT 4 6
[22682] = CNOT 4 3
[22683] = CNOT 4 2
[22684] = H 1
[22685] = CNOT 1 6
[22686] = T 1
[22687] = Z 1
[22688] = T 8
[22689] = CNOT 1 8
[22690] = T 1
[22691] = S 1
[22692] = Z 1
[22693] = CNOT 1 6
[22694] = CNOT 1 2
[22695] = T 1
[22696] = CNOT 1 2
[22697] = CNOT 7 8
[22698] = T 7
[22699] = Z 1
[22700] = CNOT 1 8
[22701] = CNOT 6 8
[22702] = Z 6
[22703] = CNOT 6 8
[22704] = CNOT 2 8
[22705] = CNOT 8 7
[22706] = CNOT 6 7
[22707] = CNOT 2 7
[22708] = CNOT 7 6
[22709] = CNOT 2 6
[22710] = CNOT 1 6
[22711] = CNOT 6 7
[22712] = CNOT 8 2
[22713] = CNOT 7 2
[22714] = CNOT 6 2
[22715] = CNOT 1 2
[22716] = CNOT 2 6
[22717] = CNOT 8 1
[22718] = CNOT 7 1
[22719] = CNOT 6 1
[22720] = CNOT 2 1
[22721] = CNOT 1 2
[22722] = H 7
[22723] = T 7
[22724] = Z 7
[22725] = CNOT 7 8
[22726] = T 7
[22727] = Z 7
[22728] = CNOT 7 8
[22729] = CNOT 6 7
[22730] = CNOT 6 8
[22731] = T 6
[22732] = S 6
[22733] = Z 6
[22734] = CNOT 6 8
[22735] = T 6
[22736] = S 6
[22737] = Z 6
[22738] = CNOT 6 7
[22739] = Z 6
[22740] = CNOT 6 8
[22741] = Z 6
[22742] = CNOT 6 8
[22743] = CNOT 8 6
[22744] = H 7
[22745] = H 6
[22746] = H 8
[22747] = T 6
[22748] = CNOT 2 7
[22749] = T 2
[22750] = S 2
[22751] = CNOT 2 6
[22752] = T 2
[22753] = CNOT 2 7
[22754] = CNOT 2 6
[22755] = CNOT 6 7
[22756] = T 6
[22757] = S 6
[22758] = CNOT 6 7
[22759] = CNOT 2 6
[22760] = T 2
[22761] = S 2
[22762] = CNOT 2 6
[22763] = T 8
[22764] = CNOT 3 7
[22765] = T 3
[22766] = S 3
[22767] = CNOT 3 8
[22768] = T 3
[22769] = CNOT 3 7
[22770] = CNOT 7 8
[22771] = T 7
[22772] = S 7
[22773] = CNOT 7 8
[22774] = T 3
[22775] = S 3
[22776] = CNOT 3 8
[22777] = CNOT 4 7
[22778] = T 4
[22779] = CNOT 4 7
[22780] = S 7
[22781] = CNOT 7 4
[22782] = H 6
[22783] = H 8
[22784] = H 3
[22785] = H 2
[22786] = T 4
[22787] = S 4
[22788] = Z 4
[22789] = CNOT 3 4
[22790] = T 3
[22791] = Z 3
[22792] = CNOT 3 4
[22793] = CNOT 1 3
[22794] = CNOT 1 4
[22795] = T 1
[22796] = S 1
[22797] = Z 1
[22798] = CNOT 1 4
[22799] = T 1
[22800] = S 1
[22801] = Z 1
[22802] = CNOT 1 3
[22803] = CNOT 4 5
[22804] = CNOT 4 6
[22805] = CNOT 4 10
[22806] = T 4
[22807] = CNOT 4 5
[22808] = T 4
[22809] = S 4
[22810] = Z 4
[22811] = CNOT 4 10
[22812] = CNOT 4 6
[22813] = CNOT 5 10
[22814] = T 5
[22815] = S 5
[22816] = CNOT 5 10
[22817] = CNOT 4 8
[22818] = T 4
[22819] = CNOT 4 8
[22820] = T 2
[22821] = S 3
[22822] = Z 3
[22823] = Z 5
[22824] = Z 6
[22825] = Z 10
[22826] = CNOT 1 4
[22827] = S 1
[22828] = CNOT 1 4
[22829] = CNOT 4 5
[22830] = Z 4
[22831] = CNOT 4 5
[22832] = CNOT 4 6
[22833] = S 4
[22834] = Z 4
[22835] = CNOT 4 6
[22836] = CNOT 4 10
[22837] = Z 4
[22838] = CNOT 4 10
[22839] = CNOT 5 6
[22840] = Z 5
[22841] = CNOT 5 6
[22842] = CNOT 6 10
[22843] = Z 6
[22844] = CNOT 6 10
[22845] = CNOT 4 5
[22846] = CNOT 4 6
[22847] = S 4
[22848] = Z 4
[22849] = CNOT 4 6
[22850] = CNOT 4 5
[22851] = CNOT 6 5
[22852] = CNOT 8 4
[22853] = CNOT 6 4
[22854] = CNOT 4 1
[22855] = H 10
[22856] = H 1
[22857] = CNOT 7 9
[22858] = CNOT 7 10
[22859] = T 7
[22860] = CNOT 7 10
[22861] = T 7
[22862] = S 7
[22863] = CNOT 7 9
[22864] = CNOT 9 10
[22865] = T 9
[22866] = S 9
[22867] = CNOT 9 10
[22868] = T 1
[22869] = T 7
[22870] = S 10
[22871] = CNOT 7 10
[22872] = S 7
[22873] = H 9
[22874] = T 9
[22875] = CNOT 8 9
[22876] = T 8
[22877] = S 8
[22878] = CNOT 8 9
[22879] = CNOT 1 8
[22880] = CNOT 1 9
[22881] = T 1
[22882] = CNOT 1 9
[22883] = T 1
[22884] = S 1
[22885] = CNOT 1 8
[22886] = CNOT 1 9
[22887] = T 1
[22888] = S 1
[22889] = CNOT 1 9
[22890] = T 8
[22891] = H 1
[22892] = H 9
[22893] = CNOT 7 9
[22894] = T 7
[22895] = Z 7
[22896] = CNOT 7 10
[22897] = T 7
[22898] = S 7
[22899] = Z 7
[22900] = CNOT 7 9
[22901] = CNOT 9 10
[22902] = T 9
[22903] = S 9
[22904] = Z 9
[22905] = CNOT 9 10
[22906] = T 1
[22907] = S 1
[22908] = CNOT 1 4
[22909] = T 1
[22910] = S 1
[22911] = CNOT 1 3
[22912] = T 1
[22913] = CNOT 1 4
[22914] = CNOT 1 3
[22915] = CNOT 3 4
[22916] = T 3
[22917] = S 3
[22918] = CNOT 3 4
[22919] = CNOT 1 3
[22920] = T 1
[22921] = S 1
[22922] = CNOT 1 3
[22923] = T 4
[22924] = T 7
[22925] = Z 7
[22926] = S 9
[22927] = Z 9
[22928] = Z 10
[22929] = H 10
[22930] = H 3
[22931] = CNOT 1 3
[22932] = CNOT 1 9
[22933] = T 1
[22934] = CNOT 1 3
[22935] = CNOT 3 9
[22936] = T 3
[22937] = S 3
[22938] = CNOT 3 9
[22939] = T 1
[22940] = S 1
[22941] = CNOT 1 9
[22942] = S 3
[22943] = S 6
[22944] = Z 6
[22945] = S 10
[22946] = CNOT 1 3
[22947] = S 1
[22948] = CNOT 1 3
[22949] = CNOT 5 6
[22950] = S 5
[22951] = CNOT 5 6
[22952] = CNOT 5 10
[22953] = S 5
[22954] = Z 5
[22955] = CNOT 6 10
[22956] = S 6
[22957] = CNOT 6 10
[22958] = CNOT 5 6
[22959] = S 5
[22960] = Z 5
[22961] = CNOT 5 10
[22962] = CNOT 5 6
[22963] = CNOT 3 1
[22964] = H 9
[22965] = H 10
[22966] = T 9
[22967] = CNOT 4 9
[22968] = T 4
[22969] = S 4
[22970] = CNOT 4 9
[22971] = CNOT 2 4
[22972] = CNOT 2 9
[22973] = T 2
[22974] = CNOT 2 9
[22975] = T 2
[22976] = S 2
[22977] = CNOT 2 4
[22978] = CNOT 2 9
[22979] = T 2
[22980] = S 2
[22981] = CNOT 2 9
[22982] = CNOT 7 10
[22983] = T 7
[22984] = S 7
[22985] = CNOT 7 10
[22986] = T 4
[22987] = T 2
[22988] = Z 7
[22989] = S 10
[22990] = Z 10
[22991] = CNOT 7 10
[22992] = H 9
[22993] = CNOT 3 9
[22994] = T 3
[22995] = Z 3
[22996] = CNOT 3 9
[22997] = CNOT 1 3
[22998] = CNOT 1 9
[22999] = T 1
[23000] = S 1
[23001] = Z 1
[23002] = CNOT 1 3
[23003] = T 1
[23004] = S 1
[23005] = Z 1
[23006] = CNOT 1 9
[23007] = CNOT 7 9
[23008] = T 7
[23009] = Z 7
[23010] = CNOT 7 10
[23011] = T 7
[23012] = S 7
[23013] = Z 7
[23014] = CNOT 7 9
[23015] = CNOT 9 10
[23016] = T 9
[23017] = S 9
[23018] = Z 9
[23019] = CNOT 9 10
[23020] = T 7
[23021] = Z 7
[23022] = CNOT 7 10
[23023] = T 7
[23024] = S 7
[23025] = Z 7
[23026] = CNOT 1 3
[23027] = T 1
[23028] = Z 1
[23029] = CNOT 1 3
[23030] = Z 1
[23031] = S 9
[23032] = Z 10
[23033] = CNOT 3 1
[23034] = H 9
[23035] = H 1
[23036] = T 9
[23037] = T 1
[23038] = CNOT 8 9
[23039] = T 8
[23040] = S 8
[23041] = CNOT 8 9
[23042] = CNOT 1 8
[23043] = CNOT 1 9
[23044] = T 1
[23045] = CNOT 1 9
[23046] = T 1
[23047] = S 1
[23048] = CNOT 1 8
[23049] = CNOT 1 9
[23050] = T 1
[23051] = S 1
[23052] = CNOT 1 9
[23053] = H 1
[23054] = H 9
[23055] = CNOT 7 9
[23056] = T 7
[23057] = Z 7
[23058] = CNOT 7 10
[23059] = T 7
[23060] = S 7
[23061] = Z 7
[23062] = CNOT 7 9
[23063] = CNOT 9 10
[23064] = T 9
[23065] = S 9
[23066] = Z 9
[23067] = CNOT 9 10
[23068] = CNOT 1 3
[23069] = CNOT 1 9
[23070] = T 1
[23071] = CNOT 1 3
[23072] = CNOT 3 9
[23073] = T 3
[23074] = S 3
[23075] = CNOT 3 9
[23076] = T 1
[23077] = S 1
[23078] = CNOT 1 9
[23079] = T 3
[23080] = S 1
[23081] = S 9
[23082] = Z 9
[23083] = Z 10
[23084] = CNOT 1 3
[23085] = S 1
[23086] = CNOT 1 3
[23087] = Z 7
[23088] = CNOT 3 1
[23089] = H 10
[23090] = H 9
[23091] = CNOT 6 10
[23092] = T 6
[23093] = Z 6
[23094] = CNOT 6 10
[23095] = CNOT 5 6
[23096] = CNOT 5 10
[23097] = T 5
[23098] = S 5
[23099] = Z 5
[23100] = CNOT 5 6
[23101] = T 5
[23102] = S 5
[23103] = Z 5
[23104] = CNOT 5 10
[23105] = T 9
[23106] = CNOT 4 9
[23107] = T 4
[23108] = S 4
[23109] = CNOT 4 9
[23110] = CNOT 2 4
[23111] = CNOT 2 9
[23112] = T 2
[23113] = CNOT 2 9
[23114] = T 2
[23115] = S 2
[23116] = CNOT 2 4
[23117] = CNOT 2 9
[23118] = T 2
[23119] = S 2
[23120] = CNOT 2 9
[23121] = CNOT 1 4
[23122] = CNOT 1 7
[23123] = T 1
[23124] = CNOT 1 7
[23125] = CNOT 1 4
[23126] = Z 5
[23127] = S 10
[23128] = Z 10
[23129] = CNOT 5 6
[23130] = Z 5
[23131] = CNOT 5 6
[23132] = CNOT 6 5
[23133] = CNOT 8 4
[23134] = CNOT 7 4
[23135] = CNOT 6 4
[23136] = CNOT 8 1
[23137] = CNOT 7 1
[23138] = CNOT 6 1
[23139] = CNOT 4 1
[23140] = H 2
[23141] = H 9
[23142] = H 8
[23143] = H 6
[23144] = CNOT 2 3
[23145] = CNOT 2 6
[23146] = CNOT 2 8
[23147] = CNOT 2 9
[23148] = T 2
[23149] = CNOT 1 3
[23150] = CNOT 1 9
[23151] = T 1
[23152] = S 1
[23153] = Z 1
[23154] = CNOT 1 3
[23155] = CNOT 2 7
[23156] = T 2
[23157] = CNOT 2 7
[23158] = CNOT 2 6
[23159] = CNOT 2 3
[23160] = CNOT 1 7
[23161] = T 1
[23162] = S 1
[23163] = Z 1
[23164] = CNOT 1 7
[23165] = CNOT 3 7
[23166] = CNOT 3 9
[23167] = T 3
[23168] = Z 3
[23169] = CNOT 3 7
[23170] = CNOT 3 6
[23171] = CNOT 3 8
[23172] = T 3
[23173] = CNOT 3 9
[23174] = CNOT 3 8
[23175] = CNOT 3 6
[23176] = CNOT 1 8
[23177] = T 1
[23178] = S 1
[23179] = Z 1
[23180] = CNOT 2 3
[23181] = T 2
[23182] = CNOT 1 7
[23183] = T 1
[23184] = CNOT 1 9
[23185] = CNOT 1 8
[23186] = CNOT 1 7
[23187] = CNOT 2 7
[23188] = T 2
[23189] = CNOT 2 9
[23190] = CNOT 2 8
[23191] = CNOT 2 7
[23192] = CNOT 2 3
[23193] = T 7
[23194] = Z 7
[23195] = CNOT 3 6
[23196] = CNOT 3 7
[23197] = CNOT 3 8
[23198] = CNOT 3 9
[23199] = T 3
[23200] = CNOT 3 9
[23201] = CNOT 3 8
[23202] = CNOT 3 7
[23203] = CNOT 3 6
[23204] = Z 2
[23205] = Z 6
[23206] = CNOT 1 3
[23207] = Z 1
[23208] = CNOT 1 3
[23209] = CNOT 1 7
[23210] = Z 1
[23211] = CNOT 1 7
[23212] = CNOT 1 8
[23213] = Z 1
[23214] = CNOT 1 8
[23215] = CNOT 1 9
[23216] = Z 1
[23217] = CNOT 1 9
[23218] = CNOT 3 7
[23219] = S 3
[23220] = Z 3
[23221] = CNOT 3 7
[23222] = CNOT 3 8
[23223] = S 3
[23224] = Z 3
[23225] = CNOT 3 8
[23226] = CNOT 3 9
[23227] = Z 3
[23228] = CNOT 3 9
[23229] = CNOT 7 8
[23230] = S 7
[23231] = Z 7
[23232] = CNOT 7 8
[23233] = CNOT 7 9
[23234] = Z 7
[23235] = CNOT 7 9
[23236] = CNOT 8 9
[23237] = Z 8
[23238] = CNOT 8 9
[23239] = CNOT 2 3
[23240] = CNOT 2 6
[23241] = S 2
[23242] = Z 2
[23243] = CNOT 2 6
[23244] = CNOT 2 7
[23245] = S 2
[23246] = Z 2
[23247] = CNOT 2 7
[23248] = CNOT 2 8
[23249] = Z 2
[23250] = CNOT 2 8
[23251] = CNOT 2 9
[23252] = Z 2
[23253] = CNOT 2 9
[23254] = CNOT 2 3
[23255] = CNOT 2 6
[23256] = CNOT 2 8
[23257] = S 2
[23258] = Z 2
[23259] = CNOT 2 8
[23260] = CNOT 2 9
[23261] = S 2
[23262] = Z 2
[23263] = CNOT 2 9
[23264] = CNOT 2 6
[23265] = CNOT 2 7
[23266] = CNOT 2 8
[23267] = S 2
[23268] = Z 2
[23269] = CNOT 2 8
[23270] = CNOT 2 9
[23271] = S 2
[23272] = Z 2
[23273] = CNOT 2 7
[23274] = CNOT 2 8
[23275] = Z 2
[23276] = CNOT 2 9
[23277] = CNOT 2 8
[23278] = CNOT 3 6
[23279] = CNOT 3 7
[23280] = S 3
[23281] = Z 3
[23282] = CNOT 3 7
[23283] = CNOT 3 8
[23284] = Z 3
[23285] = CNOT 3 8
[23286] = CNOT 3 9
[23287] = Z 3
[23288] = CNOT 3 9
[23289] = CNOT 3 6
[23290] = CNOT 3 7
[23291] = CNOT 3 8
[23292] = S 3
[23293] = Z 3
[23294] = CNOT 3 7
[23295] = CNOT 3 9
[23296] = S 3
[23297] = CNOT 3 9
[23298] = CNOT 3 8
[23299] = CNOT 6 7
[23300] = CNOT 6 8
[23301] = S 6
[23302] = Z 6
[23303] = CNOT 6 8
[23304] = CNOT 6 9
[23305] = S 6
[23306] = Z 6
[23307] = CNOT 6 7
[23308] = CNOT 6 8
[23309] = Z 6
[23310] = CNOT 6 9
[23311] = CNOT 6 8
[23312] = CNOT 7 8
[23313] = CNOT 7 9
[23314] = Z 7
[23315] = CNOT 7 9
[23316] = CNOT 7 8
[23317] = CNOT 3 1
[23318] = H 8
[23319] = H 6
[23320] = H 7
[23321] = T 6
[23322] = T 8
[23323] = T 7
[23324] = CNOT 6 8
[23325] = T 6
[23326] = S 6
[23327] = CNOT 6 7
[23328] = T 6
[23329] = CNOT 6 8
[23330] = CNOT 6 7
[23331] = CNOT 7 8
[23332] = T 7
[23333] = S 7
[23334] = CNOT 7 8
[23335] = CNOT 6 7
[23336] = T 6
[23337] = S 6
[23338] = CNOT 6 7
[23339] = H 7
[23340] = CNOT 2 3
[23341] = CNOT 2 4
[23342] = CNOT 2 6
[23343] = CNOT 2 8
[23344] = T 2
[23345] = CNOT 2 8
[23346] = CNOT 2 6
[23347] = CNOT 2 4
[23348] = CNOT 2 3
[23349] = CNOT 1 2
[23350] = CNOT 1 4
[23351] = CNOT 1 6
[23352] = T 1
[23353] = CNOT 1 4
[23354] = T 1
[23355] = S 1
[23356] = Z 1
[23357] = CNOT 1 6
[23358] = CNOT 1 2
[23359] = S 1
[23360] = S 2
[23361] = S 4
[23362] = S 6
[23363] = CNOT 1 2
[23364] = S 1
[23365] = Z 1
[23366] = CNOT 1 2
[23367] = CNOT 1 3
[23368] = Z 1
[23369] = CNOT 1 3
[23370] = CNOT 1 4
[23371] = S 1
[23372] = Z 1
[23373] = CNOT 1 4
[23374] = CNOT 1 6
[23375] = S 1
[23376] = Z 1
[23377] = CNOT 1 6
[23378] = CNOT 1 8
[23379] = Z 1
[23380] = CNOT 1 8
[23381] = CNOT 2 4
[23382] = S 2
[23383] = Z 2
[23384] = CNOT 2 4
[23385] = CNOT 2 6
[23386] = S 2
[23387] = Z 2
[23388] = CNOT 2 6
[23389] = CNOT 3 8
[23390] = Z 3
[23391] = CNOT 3 8
[23392] = CNOT 4 6
[23393] = S 4
[23394] = Z 4
[23395] = CNOT 4 6
[23396] = CNOT 1 2
[23397] = CNOT 1 4
[23398] = S 1
[23399] = Z 1
[23400] = CNOT 1 4
[23401] = CNOT 1 2
[23402] = CNOT 1 3
[23403] = CNOT 1 8
[23404] = S 1
[23405] = CNOT 1 8
[23406] = CNOT 1 3
[23407] = CNOT 1 4
[23408] = CNOT 1 6
[23409] = S 1
[23410] = Z 1
[23411] = CNOT 1 6
[23412] = CNOT 1 4
[23413] = CNOT 2 4
[23414] = CNOT 2 6
[23415] = S 2
[23416] = Z 2
[23417] = CNOT 2 4
[23418] = CNOT 7 8
[23419] = CNOT 2 8
[23420] = CNOT 1 8
[23421] = CNOT 3 7
[23422] = CNOT 2 7
[23423] = CNOT 1 7
[23424] = CNOT 4 2
[23425] = CNOT 7 1
[23426] = CNOT 6 1
[23427] = CNOT 4 1
[23428] = CNOT 3 1
[23429] = CNOT 2 1
[23430] = H 1
[23431] = T 1
[23432] = Z 1
[23433] = CNOT 1 4
[23434] = T 1
[23435] = Z 1
[23436] = CNOT 1 3
[23437] = T 1
[23438] = S 1
[23439] = Z 1
[23440] = CNOT 1 4
[23441] = T 1
[23442] = S 1
[23443] = Z 1
[23444] = CNOT 1 3
[23445] = CNOT 2 3
[23446] = T 2
[23447] = S 2
[23448] = CNOT 2 3
[23449] = Z 2
[23450] = CNOT 3 4
[23451] = Z 3
[23452] = CNOT 3 4
[23453] = CNOT 4 3
[23454] = CNOT 3 2
[23455] = H 1
[23456] = H 4
[23457] = T 4
[23458] = Z 4
[23459] = CNOT 3 4
[23460] = T 3
[23461] = Z 3
[23462] = CNOT 3 4
[23463] = CNOT 2 3
[23464] = CNOT 2 4
[23465] = T 2
[23466] = S 2
[23467] = Z 2
[23468] = CNOT 2 3
[23469] = T 2
[23470] = S 2
[23471] = Z 2
[23472] = CNOT 2 4
[23473] = CNOT 2 6
[23474] = T 2
[23475] = CNOT 2 6
[23476] = Z 2
[23477] = CNOT 2 3
[23478] = Z 2
[23479] = CNOT 2 3
[23480] = CNOT 3 6
[23481] = CNOT 2 6
[23482] = CNOT 1 6
[23483] = CNOT 3 2
[23484] = CNOT 8 1
[23485] = H 4
[23486] = CNOT 4 6
[23487] = T 4
[23488] = Z 4
[23489] = CNOT 4 6
[23490] = CNOT 2 4
[23491] = CNOT 2 6
[23492] = T 2
[23493] = S 2
[23494] = Z 2
[23495] = CNOT 2 6
[23496] = Z 2
[23497] = CNOT 2 4
[23498] = CNOT 2 6
[23499] = Z 2
[23500] = CNOT 2 6
[23501] = CNOT 4 6
[23502] = CNOT 4 2
[23503] = H 6
[23504] = T 6
[23505] = Z 6
[23506] = CNOT 4 6
[23507] = T 4
[23508] = Z 4
[23509] = CNOT 4 6
[23510] = CNOT 2 4
[23511] = CNOT 2 6
[23512] = T 2
[23513] = S 2
[23514] = Z 2
[23515] = CNOT 2 4
[23516] = T 2
[23517] = S 2
[23518] = Z 2
[23519] = CNOT 2 6
[23520] = Z 2
[23521] = CNOT 2 4
[23522] = Z 2
[23523] = CNOT 2 4
[23524] = CNOT 4 8
[23525] = CNOT 8 7
[23526] = CNOT 8 3
[23527] = CNOT 8 2
[23528] = CNOT 4 2
[23529] = H 6
[23530] = CNOT 3 6
[23531] = T 3
[23532] = Z 3
[23533] = T 5
[23534] = CNOT 3 5
[23535] = T 3
[23536] = S 3
[23537] = Z 3
[23538] = CNOT 3 6
[23539] = CNOT 3 5
[23540] = CNOT 1 2
[23541] = CNOT 1 3
[23542] = CNOT 1 7
[23543] = CNOT 1 8
[23544] = CNOT 1 11
[23545] = T 1
[23546] = CNOT 1 8
[23547] = CNOT 8 11
[23548] = T 8
[23549] = S 8
[23550] = CNOT 8 11
[23551] = T 1
[23552] = CNOT 1 11
[23553] = CNOT 1 7
[23554] = CNOT 1 3
[23555] = CNOT 5 6
[23556] = CNOT 5 8
[23557] = T 5
[23558] = CNOT 5 8
[23559] = CNOT 5 6
[23560] = S 11
[23561] = Z 11
[23562] = Z 1
[23563] = CNOT 1 2
[23564] = CNOT 1 3
[23565] = Z 1
[23566] = CNOT 1 3
[23567] = CNOT 1 7
[23568] = Z 1
[23569] = CNOT 1 7
[23570] = CNOT 2 3
[23571] = Z 2
[23572] = CNOT 2 3
[23573] = CNOT 2 7
[23574] = Z 2
[23575] = CNOT 2 7
[23576] = CNOT 3 5
[23577] = Z 3
[23578] = CNOT 3 5
[23579] = CNOT 3 7
[23580] = Z 3
[23581] = CNOT 3 7
[23582] = CNOT 5 6
[23583] = Z 5
[23584] = CNOT 5 6
[23585] = CNOT 1 2
[23586] = CNOT 1 8
[23587] = S 1
[23588] = Z 1
[23589] = CNOT 1 8
[23590] = CNOT 1 11
[23591] = S 1
[23592] = Z 1
[23593] = CNOT 1 11
[23594] = CNOT 1 2
[23595] = CNOT 1 3
[23596] = CNOT 1 8
[23597] = S 1
[23598] = Z 1
[23599] = CNOT 1 8
[23600] = CNOT 1 11
[23601] = S 1
[23602] = Z 1
[23603] = CNOT 1 11
[23604] = CNOT 1 3
[23605] = CNOT 1 7
[23606] = CNOT 1 8
[23607] = S 1
[23608] = Z 1
[23609] = CNOT 1 8
[23610] = CNOT 1 11
[23611] = S 1
[23612] = Z 1
[23613] = CNOT 1 11
[23614] = CNOT 1 7
[23615] = CNOT 2 3
[23616] = CNOT 2 8
[23617] = S 2
[23618] = Z 2
[23619] = CNOT 2 8
[23620] = CNOT 2 11
[23621] = S 2
[23622] = Z 2
[23623] = CNOT 2 11
[23624] = CNOT 2 3
[23625] = CNOT 2 7
[23626] = CNOT 2 8
[23627] = S 2
[23628] = Z 2
[23629] = CNOT 2 8
[23630] = CNOT 2 11
[23631] = S 2
[23632] = Z 2
[23633] = CNOT 2 11
[23634] = CNOT 2 7
[23635] = CNOT 3 7
[23636] = CNOT 3 8
[23637] = S 3
[23638] = Z 3
[23639] = CNOT 3 8
[23640] = CNOT 3 11
[23641] = S 3
[23642] = Z 3
[23643] = CNOT 3 11
[23644] = CNOT 3 7
[23645] = CNOT 7 8
[23646] = CNOT 6 8
[23647] = CNOT 5 8
[23648] = CNOT 4 8
[23649] = CNOT 3 8
[23650] = CNOT 2 8
[23651] = CNOT 1 8
[23652] = CNOT 8 7
[23653] = CNOT 6 7
[23654] = CNOT 4 7
[23655] = CNOT 3 7
[23656] = CNOT 2 7
[23657] = CNOT 1 7
[23658] = CNOT 7 8
[23659] = CNOT 8 6
[23660] = CNOT 7 6
[23661] = CNOT 3 6
[23662] = CNOT 1 6
[23663] = CNOT 6 7
[23664] = CNOT 8 5
[23665] = CNOT 7 5
[23666] = CNOT 6 5
[23667] = CNOT 2 5
[23668] = CNOT 1 5
[23669] = CNOT 5 6
[23670] = CNOT 5 4
[23671] = CNOT 1 4
[23672] = CNOT 7 3
[23673] = CNOT 6 3
[23674] = CNOT 5 3
[23675] = CNOT 4 3
[23676] = CNOT 7 2
[23677] = CNOT 6 2
[23678] = CNOT 1 2
[23679] = CNOT 2 6
[23680] = CNOT 7 1
[23681] = CNOT 6 1
[23682] = CNOT 5 1
[23683] = CNOT 4 1
[23684] = CNOT 3 1
[23685] = CNOT 1 3
[23686] = H 3
[23687] = H 11
[23688] = T 3
[23689] = Z 3
[23690] = CNOT 2 3
[23691] = T 2
[23692] = Z 2
[23693] = CNOT 2 3
[23694] = CNOT 1 2
[23695] = CNOT 1 3
[23696] = T 1
[23697] = S 1
[23698] = Z 1
[23699] = CNOT 1 2
[23700] = T 1
[23701] = S 1
[23702] = Z 1
[23703] = CNOT 1 3
[23704] = CNOT 6 7
[23705] = T 6
[23706] = CNOT 6 7
[23707] = Z 6
[23708] = S 11
[23709] = CNOT 1 2
[23710] = Z 1
[23711] = CNOT 1 2
[23712] = CNOT 1 6
[23713] = S 1
[23714] = Z 1
[23715] = CNOT 1 6
[23716] = CNOT 6 7
[23717] = CNOT 2 7
[23718] = CNOT 1 7
[23719] = CNOT 1 6
[23720] = CNOT 2 1
[23721] = H 3
[23722] = H 7
[23723] = H 2
[23724] = T 7
[23725] = CNOT 1 6
[23726] = T 1
[23727] = S 1
[23728] = Z 1
[23729] = CNOT 1 7
[23730] = T 1
[23731] = CNOT 1 6
[23732] = CNOT 6 7
[23733] = T 6
[23734] = S 6
[23735] = CNOT 6 7
[23736] = T 1
[23737] = S 1
[23738] = CNOT 1 7
[23739] = CNOT 1 3
[23740] = CNOT 1 6
[23741] = T 1
[23742] = S 1
[23743] = Z 1
[23744] = CNOT 1 2
[23745] = T 1
[23746] = CNOT 1 6
[23747] = CNOT 1 3
[23748] = CNOT 1 2
[23749] = CNOT 2 3
[23750] = CNOT 2 6
[23751] = T 2
[23752] = S 2
[23753] = Z 2
[23754] = CNOT 2 6
[23755] = CNOT 2 3
[23756] = CNOT 1 2
[23757] = T 1
[23758] = S 1
[23759] = CNOT 1 2
[23760] = CNOT 6 8
[23761] = CNOT 6 10
[23762] = CNOT 6 11
[23763] = T 6
[23764] = CNOT 6 11
[23765] = T 6
[23766] = S 6
[23767] = Z 6
[23768] = CNOT 6 10
[23769] = CNOT 6 8
[23770] = CNOT 10 11
[23771] = T 10
[23772] = S 10
[23773] = CNOT 10 11
[23774] = Z 1
[23775] = S 2
[23776] = Z 2
[23777] = Z 3
[23778] = Z 8
[23779] = Z 10
[23780] = Z 11
[23781] = CNOT 1 3
[23782] = Z 1
[23783] = CNOT 1 3
[23784] = CNOT 2 3
[23785] = Z 2
[23786] = CNOT 2 3
[23787] = CNOT 2 6
[23788] = Z 2
[23789] = CNOT 2 6
[23790] = CNOT 3 6
[23791] = S 3
[23792] = Z 3
[23793] = CNOT 3 6
[23794] = CNOT 6 8
[23795] = S 6
[23796] = Z 6
[23797] = CNOT 6 8
[23798] = CNOT 6 10
[23799] = Z 6
[23800] = CNOT 6 10
[23801] = CNOT 6 11
[23802] = Z 6
[23803] = CNOT 8 10
[23804] = Z 8
[23805] = CNOT 8 10
[23806] = CNOT 8 11
[23807] = Z 8
[23808] = CNOT 8 11
[23809] = CNOT 6 8
[23810] = S 6
[23811] = Z 6
[23812] = CNOT 3 11
[23813] = CNOT 3 8
[23814] = CNOT 3 6
[23815] = H 7
[23816] = H 10
[23817] = H 1
[23818] = CNOT 7 8
[23819] = CNOT 7 9
[23820] = CNOT 7 10
[23821] = T 7
[23822] = CNOT 7 10
[23823] = T 7
[23824] = S 7
[23825] = Z 7
[23826] = CNOT 7 9
[23827] = CNOT 7 8
[23828] = CNOT 9 10
[23829] = T 9
[23830] = S 9
[23831] = CNOT 9 10
[23832] = T 1
[23833] = Z 7
[23834] = Z 8
[23835] = Z 9
[23836] = S 10
[23837] = Z 10
[23838] = CNOT 7 8
[23839] = S 7
[23840] = Z 7
[23841] = CNOT 7 8
[23842] = CNOT 7 9
[23843] = Z 7
[23844] = CNOT 7 9
[23845] = CNOT 7 10
[23846] = Z 7
[23847] = CNOT 8 9
[23848] = Z 8
[23849] = CNOT 8 9
[23850] = CNOT 8 10
[23851] = Z 8
[23852] = CNOT 8 10
[23853] = CNOT 7 8
[23854] = S 7
[23855] = Z 7
[23856] = H 9
[23857] = T 9
[23858] = CNOT 8 9
[23859] = T 8
[23860] = S 8
[23861] = CNOT 8 9
[23862] = CNOT 1 8
[23863] = CNOT 1 9
[23864] = T 1
[23865] = CNOT 1 9
[23866] = T 1
[23867] = S 1
[23868] = CNOT 1 8
[23869] = CNOT 1 9
[23870] = T 1
[23871] = S 1
[23872] = CNOT 1 9
[23873] = H 1
[23874] = H 9
[23875] = H 8
[23876] = CNOT 7 9
[23877] = T 7
[23878] = Z 7
[23879] = CNOT 7 10
[23880] = T 7
[23881] = S 7
[23882] = Z 7
[23883] = CNOT 7 9
[23884] = CNOT 9 10
[23885] = T 9
[23886] = S 9
[23887] = Z 9
[23888] = CNOT 9 10
[23889] = T 1
[23890] = CNOT 1 3
[23891] = T 1
[23892] = S 1
[23893] = CNOT 1 2
[23894] = T 1
[23895] = CNOT 1 3
[23896] = CNOT 1 2
[23897] = CNOT 2 3
[23898] = T 2
[23899] = S 2
[23900] = CNOT 2 3
[23901] = CNOT 1 2
[23902] = T 1
[23903] = S 1
[23904] = CNOT 1 2
[23905] = T 3
[23906] = T 8
[23907] = T 7
[23908] = Z 7
[23909] = S 9
[23910] = Z 9
[23911] = Z 10
[23912] = H 10
[23913] = H 2
[23914] = H 1
[23915] = CNOT 6 10
[23916] = T 6
[23917] = Z 6
[23918] = CNOT 6 11
[23919] = T 6
[23920] = S 6
[23921] = Z 6
[23922] = CNOT 6 10
[23923] = CNOT 10 11
[23924] = T 10
[23925] = S 10
[23926] = Z 10
[23927] = CNOT 10 11
[23928] = CNOT 2 3
[23929] = CNOT 2 8
[23930] = T 2
[23931] = CNOT 2 3
[23932] = CNOT 3 8
[23933] = T 3
[23934] = S 3
[23935] = CNOT 3 8
[23936] = T 2
[23937] = S 2
[23938] = CNOT 2 8
[23939] = T 6
[23940] = Z 6
[23941] = T 1
[23942] = T 3
[23943] = S 2
[23944] = S 10
[23945] = Z 10
[23946] = Z 11
[23947] = CNOT 2 3
[23948] = S 2
[23949] = CNOT 2 3
[23950] = CNOT 3 2
[23951] = H 11
[23952] = H 8
[23953] = T 8
[23954] = S 5
[23955] = Z 5
[23956] = S 11
[23957] = CNOT 4 5
[23958] = S 4
[23959] = CNOT 4 5
[23960] = CNOT 4 11
[23961] = S 4
[23962] = Z 4
[23963] = CNOT 5 11
[23964] = S 5
[23965] = CNOT 5 11
[23966] = CNOT 4 5
[23967] = S 4
[23968] = Z 4
[23969] = CNOT 4 11
[23970] = CNOT 4 5
[23971] = H 11
[23972] = CNOT 6 10
[23973] = CNOT 6 11
[23974] = T 6
[23975] = CNOT 6 11
[23976] = T 6
[23977] = S 6
[23978] = CNOT 6 10
[23979] = CNOT 10 11
[23980] = T 10
[23981] = S 10
[23982] = CNOT 10 11
[23983] = T 6
[23984] = S 11
[23985] = CNOT 6 11
[23986] = S 6
[23987] = H 10
[23988] = CNOT 7 9
[23989] = CNOT 7 10
[23990] = T 7
[23991] = CNOT 7 10
[23992] = T 7
[23993] = S 7
[23994] = CNOT 7 9
[23995] = CNOT 9 10
[23996] = T 9
[23997] = S 9
[23998] = CNOT 9 10
[23999] = T 7
[24000] = S 10
[24001] = CNOT 7 10
[24002] = S 7
[24003] = H 9
[24004] = T 9
[24005] = CNOT 8 9
[24006] = T 8
[24007] = S 8
[24008] = CNOT 8 9
[24009] = CNOT 1 8
[24010] = CNOT 1 9
[24011] = T 1
[24012] = CNOT 1 9
[24013] = T 1
[24014] = S 1
[24015] = CNOT 1 8
[24016] = CNOT 1 9
[24017] = T 1
[24018] = S 1
[24019] = CNOT 1 9
[24020] = H 1
[24021] = H 9
[24022] = H 8
[24023] = CNOT 7 9
[24024] = T 7
[24025] = Z 7
[24026] = CNOT 7 10
[24027] = T 7
[24028] = S 7
[24029] = Z 7
[24030] = CNOT 7 9
[24031] = CNOT 9 10
[24032] = T 9
[24033] = S 9
[24034] = Z 9
[24035] = CNOT 9 10
[24036] = T 8
[24037] = Z 8
[24038] = CNOT 3 8
[24039] = T 3
[24040] = Z 3
[24041] = CNOT 3 8
[24042] = CNOT 2 3
[24043] = CNOT 2 8
[24044] = T 2
[24045] = S 2
[24046] = Z 2
[24047] = CNOT 2 3
[24048] = T 2
[24049] = S 2
[24050] = Z 2
[24051] = CNOT 2 8
[24052] = T 1
[24053] = Z 2
[24054] = S 9
[24055] = Z 9
[24056] = Z 10
[24057] = CNOT 2 3
[24058] = Z 2
[24059] = CNOT 2 3
[24060] = Z 7
[24061] = CNOT 3 2
[24062] = H 10
[24063] = H 8
[24064] = CNOT 6 10
[24065] = T 6
[24066] = Z 6
[24067] = CNOT 6 11
[24068] = T 6
[24069] = S 6
[24070] = Z 6
[24071] = CNOT 6 10
[24072] = CNOT 10 11
[24073] = T 10
[24074] = S 10
[24075] = Z 10
[24076] = CNOT 10 11
[24077] = CNOT 6 8
[24078] = T 6
[24079] = S 6
[24080] = Z 6
[24081] = CNOT 6 11
[24082] = CNOT 6 8
[24083] = CNOT 1 6
[24084] = CNOT 1 8
[24085] = CNOT 1 11
[24086] = T 1
[24087] = CNOT 1 11
[24088] = CNOT 1 8
[24089] = CNOT 1 6
[24090] = S 1
[24091] = S 6
[24092] = S 8
[24093] = S 10
[24094] = Z 10
[24095] = S 11
[24096] = Z 11
[24097] = CNOT 1 6
[24098] = S 1
[24099] = Z 1
[24100] = CNOT 1 6
[24101] = CNOT 1 8
[24102] = S 1
[24103] = Z 1
[24104] = CNOT 1 8
[24105] = CNOT 1 11
[24106] = S 1
[24107] = Z 1
[24108] = CNOT 1 11
[24109] = CNOT 6 8
[24110] = S 6
[24111] = Z 6
[24112] = CNOT 6 8
[24113] = CNOT 6 11
[24114] = S 6
[24115] = CNOT 6 11
[24116] = CNOT 8 11
[24117] = S 8
[24118] = Z 8
[24119] = CNOT 8 11
[24120] = CNOT 1 6
[24121] = CNOT 1 8
[24122] = S 1
[24123] = Z 1
[24124] = CNOT 1 8
[24125] = CNOT 1 11
[24126] = S 1
[24127] = Z 1
[24128] = CNOT 1 6
[24129] = CNOT 1 8
[24130] = S 1
[24131] = Z 1
[24132] = CNOT 1 11
[24133] = CNOT 1 8
[24134] = CNOT 6 11
[24135] = CNOT 7 8
[24136] = CNOT 6 8
[24137] = CNOT 6 1
[24138] = H 11
[24139] = H 7
[24140] = CNOT 5 11
[24141] = T 5
[24142] = Z 5
[24143] = CNOT 5 11
[24144] = CNOT 4 5
[24145] = CNOT 4 11
[24146] = T 4
[24147] = S 4
[24148] = Z 4
[24149] = CNOT 4 5
[24150] = T 4
[24151] = S 4
[24152] = Z 4
[24153] = CNOT 4 11
[24154] = T 7
[24155] = Z 7
[24156] = CNOT 6 7
[24157] = T 6
[24158] = Z 6
[24159] = CNOT 6 7
[24160] = CNOT 1 6
[24161] = CNOT 1 7
[24162] = T 1
[24163] = S 1
[24164] = Z 1
[24165] = CNOT 1 6
[24166] = T 1
[24167] = S 1
[24168] = Z 1
[24169] = CNOT 1 7
[24170] = CNOT 1 2
[24171] = CNOT 1 6
[24172] = T 1
[24173] = CNOT 1 6
[24174] = CNOT 1 2
[24175] = Z 1
[24176] = Z 4
[24177] = S 11
[24178] = Z 11
[24179] = CNOT 1 6
[24180] = Z 1
[24181] = CNOT 1 6
[24182] = CNOT 4 5
[24183] = Z 4
[24184] = CNOT 4 5
[24185] = CNOT 3 6
[24186] = CNOT 2 6
[24187] = CNOT 5 4
[24188] = CNOT 6 1
[24189] = CNOT 3 1
[24190] = CNOT 2 1
[24191] = H 7
[24192] = H 3
[24193] = CNOT 1 6
[24194] = CNOT 1 7
[24195] = T 1
[24196] = Z 1
[24197] = T 3
[24198] = S 3
[24199] = Z 3
[24200] = CNOT 1 2
[24201] = T 1
[24202] = CNOT 1 3
[24203] = T 1
[24204] = CNOT 1 2
[24205] = CNOT 2 3
[24206] = T 2
[24207] = S 2
[24208] = CNOT 2 3
[24209] = T 1
[24210] = CNOT 1 7
[24211] = CNOT 1 6
[24212] = CNOT 1 3
[24213] = Z 1
[24214] = S 2
[24215] = Z 2
[24216] = Z 6
[24217] = Z 7
[24218] = CNOT 1 2
[24219] = S 1
[24220] = Z 1
[24221] = CNOT 1 2
[24222] = CNOT 1 3
[24223] = S 1
[24224] = Z 1
[24225] = CNOT 1 3
[24226] = CNOT 1 6
[24227] = Z 1
[24228] = CNOT 1 6
[24229] = CNOT 1 7
[24230] = Z 1
[24231] = CNOT 1 7
[24232] = CNOT 2 6
[24233] = S 2
[24234] = Z 2
[24235] = CNOT 2 6
[24236] = CNOT 2 7
[24237] = S 2
[24238] = Z 2
[24239] = CNOT 2 7
[24240] = CNOT 3 6
[24241] = S 3
[24242] = Z 3
[24243] = CNOT 3 6
[24244] = CNOT 3 7
[24245] = S 3
[24246] = Z 3
[24247] = CNOT 3 7
[24248] = CNOT 6 7
[24249] = Z 6
[24250] = CNOT 6 7
[24251] = CNOT 1 2
[24252] = CNOT 1 6
[24253] = S 1
[24254] = Z 1
[24255] = CNOT 1 6
[24256] = CNOT 1 7
[24257] = S 1
[24258] = Z 1
[24259] = CNOT 1 7
[24260] = CNOT 1 2
[24261] = CNOT 1 3
[24262] = CNOT 1 6
[24263] = S 1
[24264] = Z 1
[24265] = CNOT 1 6
[24266] = CNOT 1 7
[24267] = S 1
[24268] = Z 1
[24269] = CNOT 1 7
[24270] = CNOT 1 3
[24271] = CNOT 2 6
[24272] = CNOT 2 7
[24273] = S 2
[24274] = Z 2
[24275] = CNOT 2 7
[24276] = CNOT 2 6
[24277] = CNOT 3 6
[24278] = CNOT 3 7
[24279] = S 3
[24280] = Z 3
[24281] = CNOT 3 7
[24282] = CNOT 3 6
[24283] = CNOT 6 7
[24284] = CNOT 1 6
[24285] = H 3
[24286] = CNOT 2 3
[24287] = CNOT 2 7
[24288] = CNOT 2 8
[24289] = T 2
[24290] = CNOT 2 8
[24291] = CNOT 2 7
[24292] = CNOT 2 3
[24293] = T 2
[24294] = CNOT 3 7
[24295] = CNOT 3 8
[24296] = T 3
[24297] = S 3
[24298] = Z 3
[24299] = CNOT 3 8
[24300] = CNOT 3 7
[24301] = CNOT 2 3
[24302] = CNOT 2 4
[24303] = CNOT 2 7
[24304] = CNOT 2 8
[24305] = T 2
[24306] = CNOT 2 4
[24307] = CNOT 2 5
[24308] = T 2
[24309] = CNOT 2 8
[24310] = CNOT 2 7
[24311] = CNOT 2 5
[24312] = CNOT 2 3
[24313] = CNOT 3 5
[24314] = CNOT 3 6
[24315] = CNOT 3 8
[24316] = T 3
[24317] = CNOT 3 8
[24318] = CNOT 3 6
[24319] = CNOT 3 5
[24320] = CNOT 1 5
[24321] = CNOT 1 6
[24322] = T 1
[24323] = CNOT 1 5
[24324] = CNOT 1 2
[24325] = CNOT 1 8
[24326] = T 1
[24327] = CNOT 1 6
[24328] = CNOT 1 2
[24329] = CNOT 3 7
[24330] = Z 3
[24331] = CNOT 3 7
[24332] = CNOT 3 8
[24333] = Z 3
[24334] = CNOT 3 8
[24335] = CNOT 7 8
[24336] = Z 7
[24337] = CNOT 6 8
[24338] = CNOT 8 7
[24339] = CNOT 6 7
[24340] = CNOT 3 7
[24341] = CNOT 8 6
[24342] = CNOT 7 6
[24343] = CNOT 7 5
[24344] = CNOT 6 5
[24345] = CNOT 8 3
[24346] = CNOT 7 3
[24347] = CNOT 6 3
[24348] = CNOT 5 3
[24349] = CNOT 4 3
[24350] = CNOT 1 3
[24351] = CNOT 8 2
[24352] = CNOT 5 2
[24353] = CNOT 4 2
[24354] = CNOT 3 2
[24355] = CNOT 2 3
[24356] = CNOT 8 1
[24357] = CNOT 7 1
[24358] = CNOT 3 1
[24359] = CNOT 1 3
[24360] = H 3
[24361] = T 3
[24362] = Z 3
[24363] = CNOT 2 3
[24364] = T 2
[24365] = Z 2
[24366] = CNOT 2 3
[24367] = CNOT 1 2
[24368] = CNOT 1 3
[24369] = T 1
[24370] = S 1
[24371] = Z 1
[24372] = CNOT 1 2
[24373] = T 1
[24374] = S 1
[24375] = Z 1
[24376] = CNOT 1 3
[24377] = CNOT 1 2
[24378] = T 1
[24379] = Z 1
[24380] = CNOT 1 2
[24381] = Z 1
[24382] = CNOT 2 1
[24383] = H 3
[24384] = H 1
[24385] = CNOT 3 4
[24386] = CNOT 3 12
[24387] = T 3
[24388] = CNOT 3 4
[24389] = CNOT 4 12
[24390] = T 4
[24391] = S 4
[24392] = CNOT 4 12
[24393] = T 3
[24394] = S 3
[24395] = CNOT 3 12
[24396] = T 1
[24397] = T 4
[24398] = S 3
[24399] = CNOT 3 4
[24400] = S 3
[24401] = CNOT 3 4
[24402] = CNOT 4 3
[24403] = H 12
[24404] = CNOT 5 11
[24405] = CNOT 5 12
[24406] = T 5
[24407] = CNOT 5 12
[24408] = T 5
[24409] = S 5
[24410] = CNOT 5 11
[24411] = CNOT 11 12
[24412] = T 11
[24413] = S 11
[24414] = CNOT 11 12
[24415] = T 5
[24416] = S 12
[24417] = CNOT 5 12
[24418] = S 5
[24419] = H 11
[24420] = CNOT 6 10
[24421] = CNOT 6 11
[24422] = T 6
[24423] = CNOT 6 11
[24424] = T 6
[24425] = S 6
[24426] = CNOT 6 10
[24427] = CNOT 10 11
[24428] = T 10
[24429] = S 10
[24430] = CNOT 10 11
[24431] = T 6
[24432] = S 11
[24433] = CNOT 6 11
[24434] = S 6
[24435] = H 10
[24436] = CNOT 7 9
[24437] = CNOT 7 10
[24438] = T 7
[24439] = CNOT 7 10
[24440] = T 7
[24441] = S 7
[24442] = CNOT 7 9
[24443] = CNOT 9 10
[24444] = T 9
[24445] = S 9
[24446] = CNOT 9 10
[24447] = T 7
[24448] = S 10
[24449] = CNOT 7 10
[24450] = S 7
[24451] = H 9
[24452] = T 9
[24453] = CNOT 8 9
[24454] = T 8
[24455] = S 8
[24456] = CNOT 8 9
[24457] = CNOT 1 8
[24458] = CNOT 1 9
[24459] = T 1
[24460] = CNOT 1 9
[24461] = T 1
[24462] = S 1
[24463] = CNOT 1 8
[24464] = CNOT 1 9
[24465] = T 1
[24466] = S 1
[24467] = CNOT 1 9
[24468] = H 1
[24469] = H 9
[24470] = CNOT 7 9
[24471] = T 7
[24472] = Z 7
[24473] = CNOT 7 10
[24474] = T 7
[24475] = S 7
[24476] = Z 7
[24477] = CNOT 7 9
[24478] = CNOT 9 10
[24479] = T 9
[24480] = S 9
[24481] = Z 9
[24482] = CNOT 9 10
[24483] = T 1
[24484] = Z 1
[24485] = CNOT 1 2
[24486] = T 1
[24487] = S 1
[24488] = CNOT 1 2
[24489] = Z 2
[24490] = S 9
[24491] = Z 9
[24492] = Z 10
[24493] = Z 7
[24494] = CNOT 7 1
[24495] = CNOT 2 1
[24496] = H 10
[24497] = CNOT 6 10
[24498] = T 6
[24499] = Z 6
[24500] = CNOT 6 11
[24501] = T 6
[24502] = S 6
[24503] = Z 6
[24504] = CNOT 6 10
[24505] = CNOT 10 11
[24506] = T 10
[24507] = S 10
[24508] = Z 10
[24509] = CNOT 10 11
[24510] = S 10
[24511] = Z 10
[24512] = Z 11
[24513] = Z 6
[24514] = CNOT 6 1
[24515] = H 11
[24516] = CNOT 5 11
[24517] = T 5
[24518] = Z 5
[24519] = CNOT 5 12
[24520] = T 5
[24521] = S 5
[24522] = Z 5
[24523] = CNOT 5 11
[24524] = CNOT 11 12
[24525] = T 11
[24526] = S 11
[24527] = Z 11
[24528] = CNOT 11 12
[24529] = S 11
[24530] = Z 11
[24531] = Z 12
[24532] = Z 5
[24533] = H 12
[24534] = CNOT 4 12
[24535] = T 4
[24536] = Z 4
[24537] = CNOT 4 12
[24538] = CNOT 3 4
[24539] = CNOT 3 12
[24540] = T 3
[24541] = S 3
[24542] = Z 3
[24543] = CNOT 3 4
[24544] = T 3
[24545] = S 3
[24546] = Z 3
[24547] = CNOT 3 12
[24548] = Z 3
[24549] = S 12
[24550] = Z 12
[24551] = CNOT 3 4
[24552] = Z 3
[24553] = CNOT 3 4
[24554] = CNOT 4 3
[24555] = H 3
[24556] = T 3
[24557] = Z 3
[24558] = CNOT 2 3
[24559] = T 2
[24560] = Z 2
[24561] = CNOT 2 3
[24562] = CNOT 1 2
[24563] = CNOT 1 3
[24564] = T 1
[24565] = S 1
[24566] = Z 1
[24567] = CNOT 1 2
[24568] = T 1
[24569] = S 1
[24570] = Z 1
[24571] = CNOT 1 3
[24572] = Z 1
[24573] = CNOT 1 2
[24574] = Z 1
[24575] = CNOT 1 2
[24576] = CNOT 6 2
[24577] = CNOT 6 1
[24578] = CNOT 2 1
[24579] = H 3
[24580] = CNOT 1 3
[24581] = CNOT 1 7
[24582] = CNOT 1 8
[24583] = T 1
[24584] = CNOT 1 7
[24585] = CNOT 1 4
[24586] = T 1
[24587] = CNOT 1 4
[24588] = CNOT 4 7
[24589] = T 4
[24590] = S 4
[24591] = CNOT 1 5
[24592] = T 1
[24593] = CNOT 1 5
[24594] = CNOT 1 3
[24595] = CNOT 2 3
[24596] = CNOT 2 5
[24597] = CNOT 2 8
[24598] = T 2
[24599] = CNOT 2 5
[24600] = CNOT 2 3
[24601] = CNOT 3 6
[24602] = CNOT 3 8
[24603] = T 3
[24604] = CNOT 3 6
[24605] = CNOT 3 5
[24606] = T 3
[24607] = CNOT 3 8
[24608] = CNOT 3 5
[24609] = CNOT 4 5
[24610] = CNOT 4 8
[24611] = T 4
[24612] = CNOT 4 8
[24613] = CNOT 4 7
[24614] = CNOT 4 5
[24615] = Z 4
[24616] = Z 7
[24617] = CNOT 6 8
[24618] = CNOT 8 7
[24619] = CNOT 6 7
[24620] = CNOT 5 7
[24621] = CNOT 4 7
[24622] = CNOT 3 7
[24623] = CNOT 7 8
[24624] = CNOT 6 5
[24625] = CNOT 4 5
[24626] = CNOT 3 5
[24627] = CNOT 2 5
[24628] = CNOT 1 5
[24629] = CNOT 8 4
[24630] = CNOT 7 4
[24631] = CNOT 6 4
[24632] = CNOT 5 4
[24633] = CNOT 3 4
[24634] = CNOT 1 4
[24635] = CNOT 4 5
[24636] = CNOT 7 3
[24637] = CNOT 6 3
[24638] = CNOT 2 3
[24639] = CNOT 1 3
[24640] = CNOT 5 2
[24641] = CNOT 2 5
[24642] = CNOT 4 1
[24643] = CNOT 3 1
[24644] = H 3
[24645] = T 3
[24646] = Z 3
[24647] = CNOT 2 3
[24648] = T 2
[24649] = Z 2
[24650] = CNOT 2 3
[24651] = CNOT 1 2
[24652] = CNOT 1 3
[24653] = T 1
[24654] = S 1
[24655] = Z 1
[24656] = CNOT 1 2
[24657] = T 1
[24658] = S 1
[24659] = Z 1
[24660] = CNOT 1 3
[24661] = CNOT 1 2
[24662] = T 1
[24663] = Z 1
[24664] = CNOT 1 2
[24665] = Z 1
[24666] = CNOT 2 1
[24667] = H 3
[24668] = H 1
[24669] = CNOT 3 4
[24670] = CNOT 3 12
[24671] = T 3
[24672] = CNOT 3 4
[24673] = CNOT 4 12
[24674] = T 4
[24675] = S 4
[24676] = CNOT 4 12
[24677] = T 3
[24678] = S 3
[24679] = CNOT 3 12
[24680] = T 1
[24681] = T 4
[24682] = S 3
[24683] = CNOT 3 4
[24684] = S 3
[24685] = CNOT 3 4
[24686] = CNOT 4 3
[24687] = H 12
[24688] = CNOT 5 11
[24689] = CNOT 5 12
[24690] = T 5
[24691] = CNOT 5 12
[24692] = T 5
[24693] = S 5
[24694] = CNOT 5 11
[24695] = CNOT 11 12
[24696] = T 11
[24697] = S 11
[24698] = CNOT 11 12
[24699] = T 5
[24700] = S 12
[24701] = CNOT 5 12
[24702] = S 5
[24703] = H 11
[24704] = CNOT 6 10
[24705] = CNOT 6 11
[24706] = T 6
[24707] = CNOT 6 11
[24708] = T 6
[24709] = S 6
[24710] = CNOT 6 10
[24711] = CNOT 10 11
[24712] = T 10
[24713] = S 10
[24714] = CNOT 10 11
[24715] = T 6
[24716] = S 11
[24717] = CNOT 6 11
[24718] = S 6
[24719] = H 10
[24720] = CNOT 7 9
[24721] = CNOT 7 10
[24722] = T 7
[24723] = CNOT 7 10
[24724] = T 7
[24725] = S 7
[24726] = CNOT 7 9
[24727] = CNOT 9 10
[24728] = T 9
[24729] = S 9
[24730] = CNOT 9 10
[24731] = T 7
[24732] = S 10
[24733] = CNOT 7 10
[24734] = S 7
[24735] = H 9
[24736] = T 9
[24737] = CNOT 8 9
[24738] = T 8
[24739] = S 8
[24740] = CNOT 8 9
[24741] = CNOT 1 8
[24742] = CNOT 1 9
[24743] = T 1
[24744] = CNOT 1 9
[24745] = T 1
[24746] = S 1
[24747] = CNOT 1 8
[24748] = CNOT 1 9
[24749] = T 1
[24750] = S 1
[24751] = CNOT 1 9
[24752] = H 1
[24753] = H 9
[24754] = CNOT 7 9
[24755] = T 7
[24756] = Z 7
[24757] = CNOT 7 10
[24758] = T 7
[24759] = S 7
[24760] = Z 7
[24761] = CNOT 7 9
[24762] = CNOT 9 10
[24763] = T 9
[24764] = S 9
[24765] = Z 9
[24766] = CNOT 9 10
[24767] = T 1
[24768] = Z 1
[24769] = CNOT 1 2
[24770] = T 1
[24771] = S 1
[24772] = CNOT 1 2
[24773] = Z 2
[24774] = S 9
[24775] = Z 9
[24776] = Z 10
[24777] = Z 7
[24778] = CNOT 2 1
[24779] = H 10
[24780] = CNOT 6 10
[24781] = T 6
[24782] = Z 6
[24783] = CNOT 6 11
[24784] = T 6
[24785] = S 6
[24786] = Z 6
[24787] = CNOT 6 10
[24788] = CNOT 10 11
[24789] = T 10
[24790] = S 10
[24791] = Z 10
[24792] = CNOT 10 11
[24793] = S 10
[24794] = Z 10
[24795] = Z 11
[24796] = Z 6
[24797] = H 11
[24798] = CNOT 5 11
[24799] = T 5
[24800] = Z 5
[24801] = CNOT 5 12
[24802] = T 5
[24803] = S 5
[24804] = Z 5
[24805] = CNOT 5 11
[24806] = CNOT 11 12
[24807] = T 11
[24808] = S 11
[24809] = Z 11
[24810] = CNOT 11 12
[24811] = S 11
[24812] = Z 11
[24813] = Z 12
[24814] = Z 5
[24815] = H 12
[24816] = CNOT 4 12
[24817] = T 4
[24818] = Z 4
[24819] = CNOT 4 12
[24820] = CNOT 3 4
[24821] = CNOT 3 12
[24822] = T 3
[24823] = S 3
[24824] = Z 3
[24825] = CNOT 3 4
[24826] = T 3
[24827] = S 3
[24828] = Z 3
[24829] = CNOT 3 12
[24830] = Z 3
[24831] = S 12
[24832] = Z 12
[24833] = CNOT 3 4
[24834] = Z 3
[24835] = CNOT 3 4
[24836] = CNOT 4 3
[24837] = H 3
[24838] = T 3
[24839] = Z 3
[24840] = CNOT 2 3
[24841] = T 2
[24842] = Z 2
[24843] = CNOT 2 3
[24844] = CNOT 1 2
[24845] = CNOT 1 3
[24846] = T 1
[24847] = S 1
[24848] = Z 1
[24849] = CNOT 1 2
[24850] = T 1
[24851] = S 1
[24852] = Z 1
[24853] = CNOT 1 3
[24854] = Z 1
[24855] = CNOT 1 2
[24856] = Z 1
[24857] = CNOT 1 2
[24858] = CNOT 2 1
[24859] = H 3
[24860] = CNOT 4 7
[24861] = T 4
[24862] = CNOT 4 7
[24863] = CNOT 3 4
[24864] = CNOT 3 5
[24865] = CNOT 3 8
[24866] = T 3
[24867] = CNOT 3 4
[24868] = CNOT 3 7
[24869] = T 3
[24870] = CNOT 3 8
[24871] = CNOT 3 7
[24872] = CNOT 3 5
[24873] = CNOT 2 3
[24874] = CNOT 2 7
[24875] = CNOT 2 8
[24876] = T 2
[24877] = CNOT 2 8
[24878] = CNOT 2 7
[24879] = CNOT 2 3
[24880] = CNOT 3 4
[24881] = CNOT 3 7
[24882] = CNOT 3 8
[24883] = T 3
[24884] = CNOT 3 7
[24885] = CNOT 3 4
[24886] = CNOT 3 5
[24887] = CNOT 3 6
[24888] = T 3
[24889] = CNOT 3 8
[24890] = CNOT 3 6
[24891] = CNOT 3 5
[24892] = CNOT 1 3
[24893] = CNOT 1 4
[24894] = CNOT 1 8
[24895] = T 1
[24896] = CNOT 1 8
[24897] = CNOT 1 2
[24898] = CNOT 1 7
[24899] = T 1
[24900] = CNOT 1 7
[24901] = CNOT 1 4
[24902] = CNOT 1 3
[24903] = CNOT 1 2
[24904] = S 3
[24905] = S 5
[24906] = S 7
[24907] = S 8
[24908] = CNOT 3 5
[24909] = S 3
[24910] = Z 3
[24911] = CNOT 3 5
[24912] = CNOT 3 7
[24913] = S 3
[24914] = Z 3
[24915] = CNOT 3 7
[24916] = CNOT 3 8
[24917] = S 3
[24918] = Z 3
[24919] = CNOT 3 8
[24920] = CNOT 5 7
[24921] = S 5
[24922] = Z 5
[24923] = CNOT 5 7
[24924] = CNOT 5 8
[24925] = S 5
[24926] = Z 5
[24927] = CNOT 5 8
[24928] = CNOT 7 8
[24929] = S 7
[24930] = Z 7
[24931] = CNOT 7 8
[24932] = CNOT 3 5
[24933] = CNOT 3 7
[24934] = S 3
[24935] = Z 3
[24936] = CNOT 3 7
[24937] = CNOT 3 8
[24938] = S 3
[24939] = Z 3
[24940] = CNOT 3 5
[24941] = CNOT 3 7
[24942] = S 3
[24943] = Z 3
[24944] = CNOT 3 7
[24945] = CNOT 5 7
[24946] = CNOT 5 8
[24947] = S 5
[24948] = Z 5
[24949] = CNOT 5 7
[24950] = CNOT 7 8
[24951] = CNOT 6 8
[24952] = CNOT 4 8
[24953] = CNOT 2 8
[24954] = CNOT 1 8
[24955] = CNOT 8 7
[24956] = CNOT 6 7
[24957] = CNOT 5 7
[24958] = CNOT 4 7
[24959] = CNOT 2 7
[24960] = CNOT 7 5
[24961] = CNOT 3 5
[24962] = CNOT 2 5
[24963] = CNOT 8 4
[24964] = CNOT 7 4
[24965] = CNOT 6 4
[24966] = CNOT 3 4
[24967] = CNOT 1 4
[24968] = CNOT 8 3
[24969] = CNOT 7 3
[24970] = CNOT 6 3
[24971] = CNOT 5 3
[24972] = CNOT 4 3
[24973] = CNOT 3 4
[24974] = CNOT 7 2
[24975] = CNOT 4 2
[24976] = CNOT 1 2
[24977] = CNOT 2 4
[24978] = CNOT 8 1
[24979] = CNOT 7 1
[24980] = CNOT 3 1
[24981] = CNOT 1 3
[24982] = H 3
[24983] = T 3
[24984] = Z 3
[24985] = CNOT 2 3
[24986] = T 2
[24987] = Z 2
[24988] = CNOT 2 3
[24989] = CNOT 1 2
[24990] = CNOT 1 3
[24991] = T 1
[24992] = S 1
[24993] = Z 1
[24994] = CNOT 1 2
[24995] = T 1
[24996] = S 1
[24997] = Z 1
[24998] = CNOT 1 3
[24999] = CNOT 1 2
[25000] = T 1
[25001] = Z 1
[25002] = CNOT 1 2
[25003] = Z 1
[25004] = CNOT 2 1
[25005] = H 3
[25006] = H 1
[25007] = CNOT 3 4
[25008] = CNOT 3 12
[25009] = T 3
[25010] = CNOT 3 4
[25011] = CNOT 4 12
[25012] = T 4
[25013] = S 4
[25014] = CNOT 4 12
[25015] = T 3
[25016] = S 3
[25017] = CNOT 3 12
[25018] = T 1
[25019] = T 4
[25020] = S 3
[25021] = CNOT 3 4
[25022] = S 3
[25023] = CNOT 3 4
[25024] = CNOT 4 3
[25025] = H 12
[25026] = CNOT 5 11
[25027] = CNOT 5 12
[25028] = T 5
[25029] = CNOT 5 12
[25030] = T 5
[25031] = S 5
[25032] = CNOT 5 11
[25033] = CNOT 11 12
[25034] = T 11
[25035] = S 11
[25036] = CNOT 11 12
[25037] = T 5
[25038] = S 12
[25039] = CNOT 5 12
[25040] = S 5
[25041] = H 11
[25042] = CNOT 6 10
[25043] = CNOT 6 11
[25044] = T 6
[25045] = CNOT 6 11
[25046] = T 6
[25047] = S 6
[25048] = CNOT 6 10
[25049] = CNOT 10 11
[25050] = T 10
[25051] = S 10
[25052] = CNOT 10 11
[25053] = T 6
[25054] = S 11
[25055] = CNOT 6 11
[25056] = S 6
[25057] = H 10
[25058] = CNOT 7 9
[25059] = CNOT 7 10
[25060] = T 7
[25061] = CNOT 7 10
[25062] = T 7
[25063] = S 7
[25064] = CNOT 7 9
[25065] = CNOT 9 10
[25066] = T 9
[25067] = S 9
[25068] = CNOT 9 10
[25069] = T 7
[25070] = S 10
[25071] = CNOT 7 10
[25072] = S 7
[25073] = H 9
[25074] = T 9
[25075] = CNOT 8 9
[25076] = T 8
[25077] = S 8
[25078] = CNOT 8 9
[25079] = CNOT 1 8
[25080] = CNOT 1 9
[25081] = T 1
[25082] = CNOT 1 9
[25083] = T 1
[25084] = S 1
[25085] = CNOT 1 8
[25086] = CNOT 1 9
[25087] = T 1
[25088] = S 1
[25089] = CNOT 1 9
[25090] = H 1
[25091] = H 9
[25092] = CNOT 7 9
[25093] = T 7
[25094] = Z 7
[25095] = CNOT 7 10
[25096] = T 7
[25097] = S 7
[25098] = Z 7
[25099] = CNOT 7 9
[25100] = CNOT 9 10
[25101] = T 9
[25102] = S 9
[25103] = Z 9
[25104] = CNOT 9 10
[25105] = T 1
[25106] = Z 1
[25107] = CNOT 1 2
[25108] = T 1
[25109] = S 1
[25110] = CNOT 1 2
[25111] = Z 2
[25112] = S 9
[25113] = Z 9
[25114] = Z 10
[25115] = Z 7
[25116] = CNOT 2 1
[25117] = H 10
[25118] = CNOT 6 10
[25119] = T 6
[25120] = Z 6
[25121] = CNOT 6 11
[25122] = T 6
[25123] = S 6
[25124] = Z 6
[25125] = CNOT 6 10
[25126] = CNOT 10 11
[25127] = T 10
[25128] = S 10
[25129] = Z 10
[25130] = CNOT 10 11
[25131] = S 10
[25132] = Z 10
[25133] = Z 11
[25134] = Z 6
[25135] = CNOT 6 1
[25136] = H 11
[25137] = CNOT 5 11
[25138] = T 5
[25139] = Z 5
[25140] = CNOT 5 12
[25141] = T 5
[25142] = S 5
[25143] = Z 5
[25144] = CNOT 5 11
[25145] = CNOT 11 12
[25146] = T 11
[25147] = S 11
[25148] = Z 11
[25149] = CNOT 11 12
[25150] = S 11
[25151] = Z 11
[25152] = Z 12
[25153] = Z 5
[25154] = H 12
[25155] = CNOT 4 12
[25156] = T 4
[25157] = Z 4
[25158] = CNOT 4 12
[25159] = CNOT 3 4
[25160] = CNOT 3 12
[25161] = T 3
[25162] = S 3
[25163] = Z 3
[25164] = CNOT 3 4
[25165] = T 3
[25166] = S 3
[25167] = Z 3
[25168] = CNOT 3 12
[25169] = Z 3
[25170] = S 12
[25171] = Z 12
[25172] = CNOT 3 4
[25173] = Z 3
[25174] = CNOT 3 4
[25175] = CNOT 4 3
[25176] = H 3
[25177] = T 3
[25178] = Z 3
[25179] = CNOT 2 3
[25180] = T 2
[25181] = Z 2
[25182] = CNOT 2 3
[25183] = CNOT 1 2
[25184] = CNOT 1 3
[25185] = T 1
[25186] = S 1
[25187] = Z 1
[25188] = CNOT 1 2
[25189] = T 1
[25190] = S 1
[25191] = Z 1
[25192] = CNOT 1 3
[25193] = Z 1
[25194] = CNOT 1 2
[25195] = Z 1
[25196] = CNOT 1 2
[25197] = H 3
[25198] = CNOT 1 2
[25199] = CNOT 1 3
[25200] = CNOT 1 8
[25201] = T 1
[25202] = CNOT 1 8
[25203] = CNOT 1 3
[25204] = CNOT 1 2
[25205] = T 1
[25206] = CNOT 2 3
[25207] = CNOT 2 8
[25208] = T 2
[25209] = S 2
[25210] = Z 2
[25211] = CNOT 2 8
[25212] = CNOT 2 3
[25213] = CNOT 1 2
[25214] = CNOT 1 3
[25215] = CNOT 1 4
[25216] = CNOT 1 8
[25217] = T 1
[25218] = CNOT 1 8
[25219] = CNOT 1 4
[25220] = CNOT 1 3
[25221] = CNOT 1 2
[25222] = CNOT 2 5
[25223] = T 2
[25224] = CNOT 2 5
[25225] = CNOT 1 2
[25226] = CNOT 1 6
[25227] = T 1
[25228] = CNOT 1 6
[25229] = CNOT 1 2
[25230] = CNOT 2 3
[25231] = CNOT 2 5
[25232] = CNOT 2 8
[25233] = T 2
[25234] = CNOT 2 8
[25235] = CNOT 2 7
[25236] = T 2
[25237] = CNOT 2 7
[25238] = CNOT 2 5
[25239] = Z 2
[25240] = CNOT 2 3
[25241] = CNOT 2 8
[25242] = Z 2
[25243] = CNOT 2 8
[25244] = CNOT 3 8
[25245] = Z 3
[25246] = CNOT 7 8
[25247] = CNOT 6 8
[25248] = CNOT 5 8
[25249] = CNOT 8 7
[25250] = CNOT 7 8
[25251] = CNOT 8 6
[25252] = CNOT 7 6
[25253] = CNOT 5 6
[25254] = CNOT 3 6
[25255] = CNOT 2 6
[25256] = CNOT 6 7
[25257] = CNOT 8 5
[25258] = CNOT 7 5
[25259] = CNOT 6 5
[25260] = CNOT 3 5
[25261] = CNOT 2 5
[25262] = CNOT 5 6
[25263] = CNOT 6 3
[25264] = CNOT 5 3
[25265] = CNOT 2 3
[25266] = CNOT 3 5
[25267] = CNOT 8 2
[25268] = CNOT 7 2
[25269] = CNOT 5 2
[25270] = CNOT 3 2
[25271] = CNOT 1 2
[25272] = CNOT 6 1
[25273] = CNOT 4 1
[25274] = CNOT 3 1
[25275] = H 3
[25276] = T 3
[25277] = Z 3
[25278] = CNOT 2 3
[25279] = T 2
[25280] = Z 2
[25281] = CNOT 2 3
[25282] = CNOT 1 2
[25283] = CNOT 1 3
[25284] = T 1
[25285] = S 1
[25286] = Z 1
[25287] = CNOT 1 2
[25288] = T 1
[25289] = S 1
[25290] = Z 1
[25291] = CNOT 1 3
[25292] = CNOT 1 2
[25293] = T 1
[25294] = Z 1
[25295] = CNOT 1 2
[25296] = Z 1
[25297] = CNOT 2 1
[25298] = H 3
[25299] = H 1
[25300] = CNOT 3 4
[25301] = CNOT 3 12
[25302] = T 3
[25303] = CNOT 3 4
[25304] = CNOT 4 12
[25305] = T 4
[25306] = S 4
[25307] = CNOT 4 12
[25308] = T 3
[25309] = S 3
[25310] = CNOT 3 12
[25311] = T 1
[25312] = T 4
[25313] = S 3
[25314] = CNOT 3 4
[25315] = S 3
[25316] = CNOT 3 4
[25317] = CNOT 4 3
[25318] = H 12
[25319] = CNOT 5 11
[25320] = CNOT 5 12
[25321] = T 5
[25322] = CNOT 5 12
[25323] = T 5
[25324] = S 5
[25325] = CNOT 5 11
[25326] = CNOT 11 12
[25327] = T 11
[25328] = S 11
[25329] = CNOT 11 12
[25330] = T 5
[25331] = S 12
[25332] = CNOT 5 12
[25333] = S 5
[25334] = H 11
[25335] = CNOT 6 10
[25336] = CNOT 6 11
[25337] = T 6
[25338] = CNOT 6 11
[25339] = T 6
[25340] = S 6
[25341] = CNOT 6 10
[25342] = CNOT 10 11
[25343] = T 10
[25344] = S 10
[25345] = CNOT 10 11
[25346] = T 6
[25347] = S 11
[25348] = CNOT 6 11
[25349] = S 6
[25350] = H 10
[25351] = CNOT 7 9
[25352] = CNOT 7 10
[25353] = T 7
[25354] = CNOT 7 10
[25355] = T 7
[25356] = S 7
[25357] = CNOT 7 9
[25358] = CNOT 9 10
[25359] = T 9
[25360] = S 9
[25361] = CNOT 9 10
[25362] = T 7
[25363] = S 10
[25364] = CNOT 7 10
[25365] = S 7
[25366] = H 9
[25367] = T 9
[25368] = CNOT 8 9
[25369] = T 8
[25370] = S 8
[25371] = CNOT 8 9
[25372] = CNOT 1 8
[25373] = CNOT 1 9
[25374] = T 1
[25375] = CNOT 1 9
[25376] = T 1
[25377] = S 1
[25378] = CNOT 1 8
[25379] = CNOT 1 9
[25380] = T 1
[25381] = S 1
[25382] = CNOT 1 9
[25383] = H 1
[25384] = H 9
[25385] = CNOT 7 9
[25386] = T 7
[25387] = Z 7
[25388] = CNOT 7 10
[25389] = T 7
[25390] = S 7
[25391] = Z 7
[25392] = CNOT 7 9
[25393] = CNOT 9 10
[25394] = T 9
[25395] = S 9
[25396] = Z 9
[25397] = CNOT 9 10
[25398] = T 1
[25399] = Z 1
[25400] = CNOT 1 2
[25401] = T 1
[25402] = S 1
[25403] = CNOT 1 2
[25404] = Z 2
[25405] = S 9
[25406] = Z 9
[25407] = Z 10
[25408] = Z 7
[25409] = CNOT 2 1
[25410] = H 10
[25411] = CNOT 6 10
[25412] = T 6
[25413] = Z 6
[25414] = CNOT 6 11
[25415] = T 6
[25416] = S 6
[25417] = Z 6
[25418] = CNOT 6 11
[25419] = CNOT 6 10
[25420] = CNOT 10 11
[25421] = T 10
[25422] = S 10
[25423] = Z 10
[25424] = CNOT 10 11
[25425] = CNOT 2 6
[25426] = CNOT 2 11
[25427] = T 2
[25428] = CNOT 2 11
[25429] = CNOT 2 6
[25430] = S 10
[25431] = Z 10
[25432] = Z 11
[25433] = CNOT 6 11
[25434] = Z 6
[25435] = CNOT 6 2
[25436] = H 11
[25437] = CNOT 5 11
[25438] = T 5
[25439] = Z 5
[25440] = CNOT 5 12
[25441] = T 5
[25442] = S 5
[25443] = Z 5
[25444] = CNOT 5 12
[25445] = CNOT 5 11
[25446] = CNOT 11 12
[25447] = T 11
[25448] = S 11
[25449] = Z 11
[25450] = CNOT 11 12
[25451] = CNOT 2 5
[25452] = CNOT 2 12
[25453] = T 2
[25454] = CNOT 2 12
[25455] = CNOT 2 5
[25456] = S 11
[25457] = Z 11
[25458] = Z 12
[25459] = CNOT 5 12
[25460] = Z 5
[25461] = CNOT 5 2
[25462] = H 12
[25463] = CNOT 4 12
[25464] = T 4
[25465] = Z 4
[25466] = CNOT 4 12
[25467] = CNOT 3 4
[25468] = CNOT 3 12
[25469] = T 3
[25470] = S 3
[25471] = Z 3
[25472] = CNOT 3 4
[25473] = T 3
[25474] = S 3
[25475] = Z 3
[25476] = CNOT 3 12
[25477] = Z 3
[25478] = S 12
[25479] = Z 12
[25480] = CNOT 3 4
[25481] = Z 3
[25482] = CNOT 3 4
[25483] = CNOT 4 3
[25484] = CNOT 4 2
[25485] = H 3
[25486] = T 3
[25487] = Z 3
[25488] = CNOT 2 3
[25489] = T 2
[25490] = Z 2
[25491] = CNOT 2 3
[25492] = CNOT 1 2
[25493] = CNOT 1 3
[25494] = T 1
[25495] = S 1
[25496] = Z 1
[25497] = CNOT 1 2
[25498] = T 1
[25499] = S 1
[25500] = Z 1
[25501] = CNOT 1 3
[25502] = Z 1
[25503] = CNOT 1 2
[25504] = Z 1
[25505] = CNOT 1 2
[25506] = H 3
[25507] = CNOT 1 2
[25508] = T 1
[25509] = S 1
[25510] = Z 1
[25511] = CNOT 4 7
[25512] = T 4
[25513] = S 4
[25514] = Z 4
[25515] = CNOT 4 7
[25516] = CNOT 1 4
[25517] = CNOT 1 7
[25518] = T 1
[25519] = CNOT 1 7
[25520] = CNOT 1 4
[25521] = CNOT 1 2
[25522] = T 1
[25523] = S 1
[25524] = CNOT 1 3
[25525] = CNOT 1 8
[25526] = T 1
[25527] = CNOT 1 8
[25528] = CNOT 1 4
[25529] = T 1
[25530] = CNOT 1 3
[25531] = S 2
[25532] = S 4
[25533] = S 7
[25534] = S 1
[25535] = Z 1
[25536] = CNOT 1 4
[25537] = CNOT 1 7
[25538] = S 1
[25539] = Z 1
[25540] = CNOT 1 7
[25541] = CNOT 2 4
[25542] = S 2
[25543] = Z 2
[25544] = CNOT 2 4
[25545] = CNOT 2 7
[25546] = S 2
[25547] = Z 2
[25548] = CNOT 2 7
[25549] = CNOT 1 2
[25550] = CNOT 1 4
[25551] = S 1
[25552] = Z 1
[25553] = CNOT 1 4
[25554] = CNOT 1 7
[25555] = S 1
[25556] = Z 1
[25557] = CNOT 1 2
[25558] = CNOT 1 4
[25559] = S 1
[25560] = Z 1
[25561] = CNOT 1 7
[25562] = CNOT 1 4
[25563] = CNOT 2 4
[25564] = CNOT 2 7
[25565] = S 2
[25566] = Z 2
[25567] = CNOT 2 7
[25568] = CNOT 2 4
[25569] = CNOT 7 8
[25570] = CNOT 4 8
[25571] = CNOT 8 7
[25572] = CNOT 4 7
[25573] = CNOT 7 8
[25574] = CNOT 8 4
[25575] = CNOT 3 4
[25576] = CNOT 2 4
[25577] = CNOT 1 4
[25578] = CNOT 8 3
[25579] = CNOT 7 3
[25580] = CNOT 8 2
[25581] = CNOT 7 2
[25582] = CNOT 4 2
[25583] = CNOT 1 2
[25584] = CNOT 2 4
[25585] = CNOT 8 1
[25586] = CNOT 7 1
[25587] = CNOT 4 1
[25588] = CNOT 2 1
[25589] = H 3
[25590] = T 3
[25591] = Z 3
[25592] = CNOT 2 3
[25593] = T 2
[25594] = Z 2
[25595] = CNOT 2 3
[25596] = CNOT 1 2
[25597] = CNOT 1 3
[25598] = T 1
[25599] = S 1
[25600] = Z 1
[25601] = CNOT 1 2
[25602] = T 1
[25603] = S 1
[25604] = Z 1
[25605] = CNOT 1 3
[25606] = CNOT 1 2
[25607] = T 1
[25608] = Z 1
[25609] = CNOT 1 2
[25610] = Z 1
[25611] = CNOT 2 1
[25612] = H 3
[25613] = H 1
[25614] = CNOT 3 4
[25615] = CNOT 3 12
[25616] = T 3
[25617] = CNOT 3 4
[25618] = CNOT 4 12
[25619] = T 4
[25620] = S 4
[25621] = CNOT 4 12
[25622] = T 3
[25623] = S 3
[25624] = CNOT 3 12
[25625] = T 1
[25626] = T 4
[25627] = S 3
[25628] = CNOT 3 4
[25629] = S 3
[25630] = CNOT 3 4
[25631] = CNOT 4 3
[25632] = H 12
[25633] = CNOT 5 11
[25634] = CNOT 5 12
[25635] = T 5
[25636] = CNOT 5 12
[25637] = T 5
[25638] = S 5
[25639] = CNOT 5 11
[25640] = CNOT 11 12
[25641] = T 11
[25642] = S 11
[25643] = CNOT 11 12
[25644] = T 5
[25645] = S 12
[25646] = CNOT 5 12
[25647] = S 5
[25648] = H 11
[25649] = CNOT 6 10
[25650] = CNOT 6 11
[25651] = T 6
[25652] = CNOT 6 11
[25653] = T 6
[25654] = S 6
[25655] = CNOT 6 10
[25656] = CNOT 10 11
[25657] = T 10
[25658] = S 10
[25659] = CNOT 10 11
[25660] = T 6
[25661] = S 11
[25662] = CNOT 6 11
[25663] = S 6
[25664] = H 10
[25665] = CNOT 7 9
[25666] = CNOT 7 10
[25667] = T 7
[25668] = CNOT 7 10
[25669] = T 7
[25670] = S 7
[25671] = CNOT 7 9
[25672] = CNOT 9 10
[25673] = T 9
[25674] = S 9
[25675] = CNOT 9 10
[25676] = T 7
[25677] = S 10
[25678] = CNOT 7 10
[25679] = S 7
[25680] = H 9
[25681] = T 9
[25682] = CNOT 8 9
[25683] = T 8
[25684] = S 8
[25685] = CNOT 8 9
[25686] = CNOT 1 8
[25687] = CNOT 1 9
[25688] = T 1
[25689] = CNOT 1 9
[25690] = T 1
[25691] = S 1
[25692] = CNOT 1 8
[25693] = CNOT 1 9
[25694] = T 1
[25695] = S 1
[25696] = CNOT 1 9
[25697] = H 1
[25698] = H 9
[25699] = CNOT 7 9
[25700] = T 7
[25701] = Z 7
[25702] = CNOT 7 10
[25703] = T 7
[25704] = S 7
[25705] = Z 7
[25706] = CNOT 7 9
[25707] = CNOT 9 10
[25708] = T 9
[25709] = S 9
[25710] = Z 9
[25711] = CNOT 9 10
[25712] = T 1
[25713] = Z 1
[25714] = CNOT 1 2
[25715] = T 1
[25716] = S 1
[25717] = CNOT 1 2
[25718] = Z 2
[25719] = S 9
[25720] = Z 9
[25721] = Z 10
[25722] = Z 7
[25723] = CNOT 2 1
[25724] = H 10
[25725] = CNOT 6 10
[25726] = T 6
[25727] = Z 6
[25728] = CNOT 6 11
[25729] = T 6
[25730] = S 6
[25731] = Z 6
[25732] = CNOT 6 10
[25733] = CNOT 10 11
[25734] = T 10
[25735] = S 10
[25736] = Z 10
[25737] = CNOT 10 11
[25738] = S 10
[25739] = Z 10
[25740] = Z 11
[25741] = Z 6
[25742] = CNOT 6 1
[25743] = H 11
[25744] = CNOT 5 11
[25745] = T 5
[25746] = Z 5
[25747] = CNOT 5 12
[25748] = T 5
[25749] = S 5
[25750] = Z 5
[25751] = CNOT 5 11
[25752] = CNOT 11 12
[25753] = T 11
[25754] = S 11
[25755] = Z 11
[25756] = CNOT 11 12
[25757] = S 11
[25758] = Z 11
[25759] = Z 12
[25760] = Z 5
[25761] = H 12
[25762] = CNOT 4 12
[25763] = T 4
[25764] = Z 4
[25765] = CNOT 4 12
[25766] = CNOT 3 4
[25767] = CNOT 3 12
[25768] = T 3
[25769] = S 3
[25770] = Z 3
[25771] = CNOT 3 4
[25772] = T 3
[25773] = S 3
[25774] = Z 3
[25775] = CNOT 3 12
[25776] = Z 3
[25777] = S 12
[25778] = Z 12
[25779] = CNOT 3 4
[25780] = Z 3
[25781] = CNOT 3 4
[25782] = CNOT 4 3
[25783] = H 3
[25784] = T 3
[25785] = Z 3
[25786] = CNOT 2 3
[25787] = T 2
[25788] = Z 2
[25789] = CNOT 2 3
[25790] = CNOT 1 2
[25791] = CNOT 1 3
[25792] = T 1
[25793] = S 1
[25794] = Z 1
[25795] = CNOT 1 2
[25796] = T 1
[25797] = S 1
[25798] = Z 1
[25799] = CNOT 1 3
[25800] = Z 1
[25801] = CNOT 1 2
[25802] = Z 1
[25803] = CNOT 1 2
[25804] = CNOT 2 1
[25805] = H 3
[25806] = CNOT 1 2
[25807] = CNOT 1 3
[25808] = CNOT 1 4
[25809] = CNOT 1 8
[25810] = T 1
[25811] = CNOT 1 2
[25812] = CNOT 2 5
[25813] = T 2
[25814] = CNOT 2 5
[25815] = CNOT 1 5
[25816] = T 1
[25817] = CNOT 1 8
[25818] = CNOT 1 5
[25819] = CNOT 1 4
[25820] = CNOT 1 3
[25821] = T 1
[25822] = S 1
[25823] = CNOT 1 2
[25824] = CNOT 1 4
[25825] = T 1
[25826] = CNOT 1 5
[25827] = CNOT 1 6
[25828] = T 1
[25829] = CNOT 1 6
[25830] = CNOT 1 5
[25831] = CNOT 1 2
[25832] = CNOT 3 7
[25833] = CNOT 3 8
[25834] = T 3
[25835] = CNOT 3 8
[25836] = CNOT 3 7
[25837] = CNOT 2 3
[25838] = T 2
[25839] = CNOT 2 3
[25840] = S 3
[25841] = S 4
[25842] = S 5
[25843] = S 8
[25844] = CNOT 1 3
[25845] = S 1
[25846] = Z 1
[25847] = CNOT 1 4
[25848] = CNOT 1 5
[25849] = S 1
[25850] = Z 1
[25851] = CNOT 1 5
[25852] = CNOT 1 8
[25853] = S 1
[25854] = Z 1
[25855] = CNOT 1 8
[25856] = CNOT 1 3
[25857] = CNOT 1 4
[25858] = CNOT 1 5
[25859] = S 1
[25860] = Z 1
[25861] = CNOT 1 5
[25862] = CNOT 1 8
[25863] = S 1
[25864] = Z 1
[25865] = CNOT 1 4
[25866] = CNOT 1 5
[25867] = S 1
[25868] = Z 1
[25869] = CNOT 1 5
[25870] = CNOT 3 4
[25871] = CNOT 3 5
[25872] = S 3
[25873] = Z 3
[25874] = CNOT 3 5
[25875] = CNOT 3 8
[25876] = S 3
[25877] = Z 3
[25878] = CNOT 3 4
[25879] = CNOT 3 5
[25880] = S 3
[25881] = Z 3
[25882] = CNOT 3 8
[25883] = CNOT 3 5
[25884] = CNOT 4 5
[25885] = CNOT 4 8
[25886] = S 4
[25887] = Z 4
[25888] = CNOT 4 5
[25889] = CNOT 7 8
[25890] = CNOT 6 8
[25891] = CNOT 5 8
[25892] = CNOT 2 8
[25893] = CNOT 8 6
[25894] = CNOT 5 6
[25895] = CNOT 4 6
[25896] = CNOT 2 6
[25897] = CNOT 6 8
[25898] = CNOT 8 5
[25899] = CNOT 6 5
[25900] = CNOT 4 5
[25901] = CNOT 2 5
[25902] = CNOT 5 6
[25903] = CNOT 8 4
[25904] = CNOT 7 4
[25905] = CNOT 6 4
[25906] = CNOT 5 4
[25907] = CNOT 3 4
[25908] = CNOT 4 5
[25909] = CNOT 8 3
[25910] = CNOT 7 3
[25911] = CNOT 6 3
[25912] = CNOT 5 3
[25913] = CNOT 4 3
[25914] = CNOT 1 3
[25915] = CNOT 3 4
[25916] = CNOT 8 2
[25917] = CNOT 4 2
[25918] = CNOT 3 2
[25919] = CNOT 1 2
[25920] = CNOT 6 1
[25921] = CNOT 5 1
[25922] = CNOT 4 1
[25923] = CNOT 3 1
[25924] = CNOT 2 1
[25925] = H 3
[25926] = T 3
[25927] = Z 3
[25928] = CNOT 2 3
[25929] = T 2
[25930] = Z 2
[25931] = CNOT 2 3
[25932] = CNOT 1 2
[25933] = CNOT 1 3
[25934] = T 1
[25935] = S 1
[25936] = Z 1
[25937] = CNOT 1 2
[25938] = T 1
[25939] = S 1
[25940] = Z 1
[25941] = CNOT 1 3
[25942] = CNOT 1 2
[25943] = T 1
[25944] = Z 1
[25945] = CNOT 1 2
[25946] = Z 1
[25947] = CNOT 2 1
[25948] = H 3
[25949] = H 1
[25950] = CNOT 3 4
[25951] = CNOT 3 12
[25952] = T 3
[25953] = CNOT 3 4
[25954] = CNOT 4 12
[25955] = T 4
[25956] = S 4
[25957] = CNOT 4 12
[25958] = T 3
[25959] = S 3
[25960] = CNOT 3 12
[25961] = T 1
[25962] = T 4
[25963] = S 3
[25964] = CNOT 3 4
[25965] = S 3
[25966] = CNOT 3 4
[25967] = CNOT 4 3
[25968] = H 12
[25969] = CNOT 5 11
[25970] = CNOT 5 12
[25971] = T 5
[25972] = CNOT 5 12
[25973] = T 5
[25974] = S 5
[25975] = CNOT 5 11
[25976] = CNOT 11 12
[25977] = T 11
[25978] = S 11
[25979] = CNOT 11 12
[25980] = T 5
[25981] = S 12
[25982] = CNOT 5 12
[25983] = S 5
[25984] = H 11
[25985] = CNOT 6 10
[25986] = CNOT 6 11
[25987] = T 6
[25988] = CNOT 6 11
[25989] = T 6
[25990] = S 6
[25991] = CNOT 6 10
[25992] = CNOT 10 11
[25993] = T 10
[25994] = S 10
[25995] = CNOT 10 11
[25996] = T 6
[25997] = S 11
[25998] = CNOT 6 11
[25999] = S 6
[26000] = H 10
[26001] = CNOT 7 9
[26002] = CNOT 7 10
[26003] = T 7
[26004] = CNOT 7 10
[26005] = T 7
[26006] = S 7
[26007] = CNOT 7 9
[26008] = CNOT 9 10
[26009] = T 9
[26010] = S 9
[26011] = CNOT 9 10
[26012] = T 7
[26013] = S 10
[26014] = CNOT 7 10
[26015] = S 7
[26016] = H 9
[26017] = T 9
[26018] = CNOT 8 9
[26019] = T 8
[26020] = S 8
[26021] = CNOT 8 9
[26022] = CNOT 1 8
[26023] = CNOT 1 9
[26024] = T 1
[26025] = CNOT 1 9
[26026] = T 1
[26027] = S 1
[26028] = CNOT 1 8
[26029] = CNOT 1 9
[26030] = T 1
[26031] = S 1
[26032] = CNOT 1 9
[26033] = H 1
[26034] = H 9
[26035] = CNOT 7 9
[26036] = T 7
[26037] = Z 7
[26038] = CNOT 7 10
[26039] = T 7
[26040] = S 7
[26041] = Z 7
[26042] = CNOT 7 9
[26043] = CNOT 9 10
[26044] = T 9
[26045] = S 9
[26046] = Z 9
[26047] = CNOT 9 10
[26048] = T 1
[26049] = Z 1
[26050] = CNOT 1 2
[26051] = T 1
[26052] = S 1
[26053] = CNOT 1 2
[26054] = Z 2
[26055] = S 9
[26056] = Z 9
[26057] = Z 10
[26058] = Z 7
[26059] = CNOT 2 1
[26060] = H 10
[26061] = CNOT 6 10
[26062] = T 6
[26063] = Z 6
[26064] = CNOT 6 11
[26065] = T 6
[26066] = S 6
[26067] = Z 6
[26068] = CNOT 6 10
[26069] = CNOT 10 11
[26070] = T 10
[26071] = S 10
[26072] = Z 10
[26073] = CNOT 10 11
[26074] = S 10
[26075] = Z 10
[26076] = Z 11
[26077] = Z 6
[26078] = H 11
[26079] = CNOT 5 11
[26080] = T 5
[26081] = Z 5
[26082] = CNOT 5 12
[26083] = T 5
[26084] = S 5
[26085] = Z 5
[26086] = CNOT 5 11
[26087] = CNOT 11 12
[26088] = T 11
[26089] = S 11
[26090] = Z 11
[26091] = CNOT 11 12
[26092] = S 11
[26093] = Z 11
[26094] = Z 12
[26095] = Z 5
[26096] = H 12
[26097] = CNOT 4 12
[26098] = T 4
[26099] = Z 4
[26100] = CNOT 4 12
[26101] = CNOT 3 4
[26102] = CNOT 3 12
[26103] = T 3
[26104] = S 3
[26105] = Z 3
[26106] = CNOT 3 4
[26107] = T 3
[26108] = S 3
[26109] = Z 3
[26110] = CNOT 3 12
[26111] = Z 3
[26112] = S 12
[26113] = Z 12
[26114] = CNOT 3 4
[26115] = Z 3
[26116] = CNOT 3 4
[26117] = CNOT 4 3
[26118] = CNOT 4 1
[26119] = H 3
[26120] = T 3
[26121] = Z 3
[26122] = CNOT 2 3
[26123] = T 2
[26124] = Z 2
[26125] = CNOT 2 3
[26126] = CNOT 1 2
[26127] = CNOT 1 3
[26128] = T 1
[26129] = S 1
[26130] = Z 1
[26131] = CNOT 1 2
[26132] = T 1
[26133] = S 1
[26134] = Z 1
[26135] = CNOT 1 3
[26136] = Z 1
[26137] = CNOT 1 2
[26138] = Z 1
[26139] = CNOT 1 2
[26140] = CNOT 2 1
[26141] = H 3
[26142] = CNOT 1 2
[26143] = CNOT 1 3
[26144] = CNOT 1 4
[26145] = CNOT 1 8
[26146] = T 1
[26147] = CNOT 1 5
[26148] = T 1
[26149] = CNOT 1 8
[26150] = CNOT 1 3
[26151] = CNOT 1 2
[26152] = T 5
[26153] = S 5
[26154] = Z 5
[26155] = CNOT 2 3
[26156] = CNOT 2 8
[26157] = T 2
[26158] = CNOT 2 8
[26159] = CNOT 2 3
[26160] = CNOT 1 2
[26161] = T 1
[26162] = CNOT 1 4
[26163] = CNOT 1 2
[26164] = CNOT 3 6
[26165] = CNOT 3 8
[26166] = T 3
[26167] = CNOT 3 8
[26168] = CNOT 3 6
[26169] = CNOT 1 7
[26170] = T 1
[26171] = CNOT 1 5
[26172] = CNOT 2 3
[26173] = CNOT 2 4
[26174] = T 2
[26175] = CNOT 2 4
[26176] = CNOT 6 8
[26177] = CNOT 5 8
[26178] = CNOT 4 8
[26179] = CNOT 8 7
[26180] = CNOT 4 7
[26181] = CNOT 7 8
[26182] = CNOT 7 5
[26183] = CNOT 4 5
[26184] = CNOT 2 5
[26185] = CNOT 8 4
[26186] = CNOT 7 4
[26187] = CNOT 1 4
[26188] = CNOT 4 7
[26189] = CNOT 6 3
[26190] = CNOT 5 3
[26191] = CNOT 3 5
[26192] = CNOT 8 2
[26193] = CNOT 7 2
[26194] = CNOT 4 2
[26195] = CNOT 1 2
[26196] = CNOT 2 4
[26197] = CNOT 7 1
[26198] = CNOT 5 1
[26199] = CNOT 3 1
[26200] = H 3
[26201] = T 3
[26202] = Z 3
[26203] = CNOT 2 3
[26204] = T 2
[26205] = Z 2
[26206] = CNOT 2 3
[26207] = CNOT 1 2
[26208] = CNOT 1 3
[26209] = T 1
[26210] = S 1
[26211] = Z 1
[26212] = CNOT 1 2
[26213] = T 1
[26214] = S 1
[26215] = Z 1
[26216] = CNOT 1 3
[26217] = CNOT 1 2
[26218] = T 1
[26219] = Z 1
[26220] = CNOT 1 2
[26221] = Z 1
[26222] = CNOT 2 1
[26223] = H 3
[26224] = H 1
[26225] = CNOT 3 4
[26226] = CNOT 3 12
[26227] = T 3
[26228] = CNOT 3 4
[26229] = CNOT 4 12
[26230] = T 4
[26231] = S 4
[26232] = CNOT 4 12
[26233] = T 3
[26234] = S 3
[26235] = CNOT 3 12
[26236] = T 1
[26237] = T 4
[26238] = S 3
[26239] = CNOT 3 4
[26240] = S 3
[26241] = CNOT 3 4
[26242] = CNOT 4 3
[26243] = H 12
[26244] = CNOT 5 11
[26245] = CNOT 5 12
[26246] = T 5
[26247] = CNOT 5 12
[26248] = T 5
[26249] = S 5
[26250] = CNOT 5 11
[26251] = CNOT 11 12
[26252] = T 11
[26253] = S 11
[26254] = CNOT 11 12
[26255] = T 5
[26256] = S 12
[26257] = CNOT 5 12
[26258] = S 5
[26259] = H 11
[26260] = CNOT 6 10
[26261] = CNOT 6 11
[26262] = T 6
[26263] = CNOT 6 11
[26264] = T 6
[26265] = S 6
[26266] = CNOT 6 10
[26267] = CNOT 10 11
[26268] = T 10
[26269] = S 10
[26270] = CNOT 10 11
[26271] = T 6
[26272] = S 11
[26273] = CNOT 6 11
[26274] = S 6
[26275] = H 10
[26276] = CNOT 7 9
[26277] = CNOT 7 10
[26278] = T 7
[26279] = CNOT 7 10
[26280] = T 7
[26281] = S 7
[26282] = CNOT 7 9
[26283] = CNOT 9 10
[26284] = T 9
[26285] = S 9
[26286] = CNOT 9 10
[26287] = T 7
[26288] = S 10
[26289] = CNOT 7 10
[26290] = S 7
[26291] = H 9
[26292] = T 9
[26293] = CNOT 8 9
[26294] = T 8
[26295] = S 8
[26296] = CNOT 8 9
[26297] = CNOT 1 8
[26298] = CNOT 1 9
[26299] = T 1
[26300] = CNOT 1 9
[26301] = T 1
[26302] = S 1
[26303] = CNOT 1 8
[26304] = CNOT 1 9
[26305] = T 1
[26306] = S 1
[26307] = CNOT 1 9
[26308] = H 1
[26309] = H 9
[26310] = CNOT 7 9
[26311] = T 7
[26312] = Z 7
[26313] = CNOT 7 10
[26314] = T 7
[26315] = S 7
[26316] = Z 7
[26317] = CNOT 7 9
[26318] = CNOT 9 10
[26319] = T 9
[26320] = S 9
[26321] = Z 9
[26322] = CNOT 9 10
[26323] = T 1
[26324] = Z 1
[26325] = CNOT 1 2
[26326] = T 1
[26327] = S 1
[26328] = CNOT 1 2
[26329] = Z 2
[26330] = S 9
[26331] = Z 9
[26332] = Z 10
[26333] = Z 7
[26334] = CNOT 2 1
[26335] = H 10
[26336] = CNOT 6 10
[26337] = T 6
[26338] = Z 6
[26339] = CNOT 6 11
[26340] = T 6
[26341] = S 6
[26342] = Z 6
[26343] = CNOT 6 10
[26344] = CNOT 10 11
[26345] = T 10
[26346] = S 10
[26347] = Z 10
[26348] = CNOT 10 11
[26349] = S 10
[26350] = Z 10
[26351] = Z 11
[26352] = Z 6
[26353] = CNOT 6 1
[26354] = H 11
[26355] = CNOT 5 11
[26356] = T 5
[26357] = Z 5
[26358] = CNOT 5 12
[26359] = T 5
[26360] = S 5
[26361] = Z 5
[26362] = CNOT 5 11
[26363] = CNOT 11 12
[26364] = T 11
[26365] = S 11
[26366] = Z 11
[26367] = CNOT 11 12
[26368] = S 11
[26369] = Z 11
[26370] = Z 12
[26371] = Z 5
[26372] = H 12
[26373] = CNOT 4 12
[26374] = T 4
[26375] = Z 4
[26376] = CNOT 4 12
[26377] = CNOT 3 4
[26378] = CNOT 3 12
[26379] = T 3
[26380] = S 3
[26381] = Z 3
[26382] = CNOT 3 4
[26383] = T 3
[26384] = S 3
[26385] = Z 3
[26386] = CNOT 3 12
[26387] = CNOT 1 3
[26388] = CNOT 1 4
[26389] = T 1
[26390] = CNOT 1 4
[26391] = CNOT 1 3
[26392] = Z 3
[26393] = S 12
[26394] = Z 12
[26395] = CNOT 3 4
[26396] = Z 3
[26397] = CNOT 3 4
[26398] = CNOT 4 3
[26399] = CNOT 4 1
[26400] = H 3
[26401] = T 3
[26402] = Z 3
[26403] = CNOT 2 3
[26404] = T 2
[26405] = Z 2
[26406] = CNOT 2 3
[26407] = CNOT 1 2
[26408] = CNOT 1 3
[26409] = T 1
[26410] = S 1
[26411] = Z 1
[26412] = CNOT 1 2
[26413] = T 1
[26414] = S 1
[26415] = Z 1
[26416] = CNOT 1 3
[26417] = Z 1
[26418] = CNOT 1 2
[26419] = Z 1
[26420] = CNOT 1 2
[26421] = CNOT 2 1
[26422] = H 3
[26423] = CNOT 1 2
[26424] = CNOT 1 3
[26425] = CNOT 1 8
[26426] = T 1
[26427] = CNOT 1 8
[26428] = CNOT 1 3
[26429] = CNOT 1 5
[26430] = T 1
[26431] = CNOT 1 5
[26432] = CNOT 3 5
[26433] = CNOT 3 8
[26434] = T 3
[26435] = S 3
[26436] = Z 3
[26437] = CNOT 3 5
[26438] = T 1
[26439] = CNOT 1 5
[26440] = CNOT 1 6
[26441] = T 1
[26442] = CNOT 1 6
[26443] = CNOT 1 5
[26444] = CNOT 1 2
[26445] = CNOT 3 7
[26446] = T 3
[26447] = CNOT 3 8
[26448] = CNOT 3 7
[26449] = CNOT 2 3
[26450] = T 2
[26451] = CNOT 2 3
[26452] = CNOT 3 5
[26453] = Z 3
[26454] = CNOT 3 5
[26455] = CNOT 3 8
[26456] = Z 3
[26457] = CNOT 5 8
[26458] = Z 5
[26459] = CNOT 6 8
[26460] = CNOT 7 5
[26461] = CNOT 3 5
[26462] = CNOT 2 5
[26463] = CNOT 8 3
[26464] = CNOT 7 3
[26465] = CNOT 6 3
[26466] = CNOT 5 3
[26467] = CNOT 1 3
[26468] = CNOT 8 2
[26469] = CNOT 1 2
[26470] = CNOT 2 8
[26471] = CNOT 6 1
[26472] = CNOT 5 1
[26473] = CNOT 3 1
[26474] = H 3
[26475] = T 3
[26476] = Z 3
[26477] = CNOT 2 3
[26478] = T 2
[26479] = Z 2
[26480] = CNOT 2 3
[26481] = CNOT 1 2
[26482] = CNOT 1 3
[26483] = T 1
[26484] = S 1
[26485] = Z 1
[26486] = CNOT 1 2
[26487] = T 1
[26488] = S 1
[26489] = Z 1
[26490] = CNOT 1 3
[26491] = CNOT 1 2
[26492] = T 1
[26493] = Z 1
[26494] = CNOT 1 2
[26495] = Z 1
[26496] = CNOT 2 1
[26497] = H 3
[26498] = H 1
[26499] = CNOT 3 4
[26500] = CNOT 3 12
[26501] = T 3
[26502] = CNOT 3 4
[26503] = CNOT 4 12
[26504] = T 4
[26505] = S 4
[26506] = CNOT 4 12
[26507] = T 3
[26508] = S 3
[26509] = CNOT 3 12
[26510] = T 1
[26511] = T 4
[26512] = S 3
[26513] = CNOT 3 4
[26514] = S 3
[26515] = CNOT 3 4
[26516] = CNOT 4 3
[26517] = H 12
[26518] = CNOT 5 11
[26519] = CNOT 5 12
[26520] = T 5
[26521] = CNOT 5 12
[26522] = T 5
[26523] = S 5
[26524] = CNOT 5 11
[26525] = CNOT 11 12
[26526] = T 11
[26527] = S 11
[26528] = CNOT 11 12
[26529] = T 5
[26530] = S 12
[26531] = CNOT 5 12
[26532] = S 5
[26533] = H 11
[26534] = CNOT 6 10
[26535] = CNOT 6 11
[26536] = T 6
[26537] = CNOT 6 11
[26538] = T 6
[26539] = S 6
[26540] = CNOT 6 10
[26541] = CNOT 10 11
[26542] = T 10
[26543] = S 10
[26544] = CNOT 10 11
[26545] = T 6
[26546] = S 11
[26547] = CNOT 6 11
[26548] = S 6
[26549] = H 10
[26550] = CNOT 7 9
[26551] = CNOT 7 10
[26552] = T 7
[26553] = CNOT 7 10
[26554] = T 7
[26555] = S 7
[26556] = CNOT 7 9
[26557] = CNOT 9 10
[26558] = T 9
[26559] = S 9
[26560] = CNOT 9 10
[26561] = T 7
[26562] = S 10
[26563] = CNOT 7 10
[26564] = S 7
[26565] = H 9
[26566] = T 9
[26567] = CNOT 8 9
[26568] = T 8
[26569] = S 8
[26570] = CNOT 8 9
[26571] = CNOT 1 8
[26572] = CNOT 1 9
[26573] = T 1
[26574] = CNOT 1 9
[26575] = T 1
[26576] = S 1
[26577] = CNOT 1 8
[26578] = CNOT 1 9
[26579] = T 1
[26580] = S 1
[26581] = CNOT 1 9
[26582] = H 1
[26583] = H 9
[26584] = CNOT 7 9
[26585] = T 7
[26586] = Z 7
[26587] = CNOT 7 10
[26588] = T 7
[26589] = S 7
[26590] = Z 7
[26591] = CNOT 7 9
[26592] = CNOT 9 10
[26593] = T 9
[26594] = S 9
[26595] = Z 9
[26596] = CNOT 9 10
[26597] = T 1
[26598] = Z 1
[26599] = CNOT 1 2
[26600] = T 1
[26601] = S 1
[26602] = CNOT 1 2
[26603] = Z 2
[26604] = S 9
[26605] = Z 9
[26606] = Z 10
[26607] = Z 7
[26608] = CNOT 2 1
[26609] = H 10
[26610] = CNOT 6 10
[26611] = T 6
[26612] = Z 6
[26613] = CNOT 6 11
[26614] = T 6
[26615] = S 6
[26616] = Z 6
[26617] = CNOT 6 10
[26618] = CNOT 10 11
[26619] = T 10
[26620] = S 10
[26621] = Z 10
[26622] = CNOT 10 11
[26623] = S 10
[26624] = Z 10
[26625] = Z 11
[26626] = Z 6
[26627] = H 11
[26628] = CNOT 5 11
[26629] = T 5
[26630] = Z 5
[26631] = CNOT 5 12
[26632] = T 5
[26633] = S 5
[26634] = Z 5
[26635] = CNOT 5 11
[26636] = CNOT 11 12
[26637] = T 11
[26638] = S 11
[26639] = Z 11
[26640] = CNOT 11 12
[26641] = S 11
[26642] = Z 11
[26643] = Z 12
[26644] = Z 5
[26645] = H 12
[26646] = CNOT 4 12
[26647] = T 4
[26648] = Z 4
[26649] = CNOT 4 12
[26650] = CNOT 3 4
[26651] = CNOT 3 12
[26652] = T 3
[26653] = S 3
[26654] = Z 3
[26655] = CNOT 3 4
[26656] = T 3
[26657] = S 3
[26658] = Z 3
[26659] = CNOT 3 12
[26660] = Z 3
[26661] = S 12
[26662] = Z 12
[26663] = CNOT 3 4
[26664] = Z 3
[26665] = CNOT 3 4
[26666] = CNOT 4 3
[26667] = CNOT 4 1
[26668] = H 3
[26669] = T 3
[26670] = Z 3
[26671] = CNOT 2 3
[26672] = T 2
[26673] = Z 2
[26674] = CNOT 2 3
[26675] = CNOT 1 2
[26676] = CNOT 1 3
[26677] = T 1
[26678] = S 1
[26679] = Z 1
[26680] = CNOT 1 2
[26681] = T 1
[26682] = S 1
[26683] = Z 1
[26684] = CNOT 1 3
[26685] = Z 1
[26686] = CNOT 1 2
[26687] = Z 1
[26688] = CNOT 1 2
[26689] = CNOT 5 2
[26690] = CNOT 5 1
[26691] = CNOT 2 1
[26692] = H 3
[26693] = CNOT 1 4
[26694] = T 1
[26695] = CNOT 1 4
[26696] = CNOT 2 4
[26697] = T 2
[26698] = CNOT 2 4
[26699] = CNOT 1 2
[26700] = T 1
[26701] = S 1
[26702] = CNOT 1 2
[26703] = T 1
[26704] = Z 1
[26705] = CNOT 2 4
[26706] = CNOT 2 5
[26707] = T 2
[26708] = CNOT 2 5
[26709] = CNOT 2 4
[26710] = CNOT 1 6
[26711] = T 1
[26712] = CNOT 1 6
[26713] = CNOT 1 4
[26714] = CNOT 1 7
[26715] = T 1
[26716] = CNOT 1 7
[26717] = CNOT 1 8
[26718] = T 1
[26719] = CNOT 1 8
[26720] = Z 2
[26721] = CNOT 6 4
[26722] = CNOT 2 4
[26723] = CNOT 5 2
[26724] = CNOT 8 1
[26725] = CNOT 7 1
[26726] = CNOT 6 1
[26727] = CNOT 4 1
[26728] = CNOT 2 1
[26729] = H 3
[26730] = T 3
[26731] = Z 3
[26732] = CNOT 2 3
[26733] = T 2
[26734] = Z 2
[26735] = CNOT 2 3
[26736] = CNOT 1 2
[26737] = CNOT 1 3
[26738] = T 1
[26739] = S 1
[26740] = Z 1
[26741] = CNOT 1 2
[26742] = T 1
[26743] = S 1
[26744] = Z 1
[26745] = CNOT 1 3
[26746] = CNOT 1 2
[26747] = T 1
[26748] = Z 1
[26749] = CNOT 1 2
[26750] = Z 1
[26751] = CNOT 2 1
[26752] = H 3
[26753] = H 1
[26754] = CNOT 3 4
[26755] = CNOT 3 12
[26756] = T 3
[26757] = CNOT 3 4
[26758] = CNOT 4 12
[26759] = T 4
[26760] = S 4
[26761] = CNOT 4 12
[26762] = T 3
[26763] = S 3
[26764] = CNOT 3 12
[26765] = T 1
[26766] = T 4
[26767] = S 3
[26768] = CNOT 3 4
[26769] = S 3
[26770] = CNOT 3 4
[26771] = CNOT 4 3
[26772] = H 12
[26773] = CNOT 5 11
[26774] = CNOT 5 12
[26775] = T 5
[26776] = CNOT 5 12
[26777] = T 5
[26778] = S 5
[26779] = CNOT 5 11
[26780] = CNOT 11 12
[26781] = T 11
[26782] = S 11
[26783] = CNOT 11 12
[26784] = T 5
[26785] = S 12
[26786] = CNOT 5 12
[26787] = S 5
[26788] = H 11
[26789] = CNOT 6 10
[26790] = CNOT 6 11
[26791] = T 6
[26792] = CNOT 6 11
[26793] = T 6
[26794] = S 6
[26795] = CNOT 6 10
[26796] = CNOT 10 11
[26797] = T 10
[26798] = S 10
[26799] = CNOT 10 11
[26800] = T 6
[26801] = S 11
[26802] = CNOT 6 11
[26803] = S 6
[26804] = H 10
[26805] = CNOT 7 9
[26806] = CNOT 7 10
[26807] = T 7
[26808] = CNOT 7 10
[26809] = T 7
[26810] = S 7
[26811] = CNOT 7 9
[26812] = CNOT 9 10
[26813] = T 9
[26814] = S 9
[26815] = CNOT 9 10
[26816] = T 7
[26817] = S 10
[26818] = CNOT 7 10
[26819] = S 7
[26820] = H 9
[26821] = T 9
[26822] = CNOT 8 9
[26823] = T 8
[26824] = S 8
[26825] = CNOT 8 9
[26826] = CNOT 1 8
[26827] = CNOT 1 9
[26828] = T 1
[26829] = CNOT 1 9
[26830] = T 1
[26831] = S 1
[26832] = CNOT 1 8
[26833] = CNOT 1 9
[26834] = T 1
[26835] = S 1
[26836] = CNOT 1 9
[26837] = H 1
[26838] = H 9
[26839] = CNOT 7 9
[26840] = T 7
[26841] = Z 7
[26842] = CNOT 7 10
[26843] = T 7
[26844] = S 7
[26845] = Z 7
[26846] = CNOT 7 9
[26847] = CNOT 9 10
[26848] = T 9
[26849] = S 9
[26850] = Z 9
[26851] = CNOT 9 10
[26852] = T 1
[26853] = Z 1
[26854] = CNOT 1 2
[26855] = T 1
[26856] = S 1
[26857] = CNOT 1 2
[26858] = Z 2
[26859] = S 9
[26860] = Z 9
[26861] = Z 10
[26862] = Z 7
[26863] = CNOT 7 1
[26864] = CNOT 2 1
[26865] = H 10
[26866] = CNOT 6 10
[26867] = T 6
[26868] = Z 6
[26869] = CNOT 6 11
[26870] = T 6
[26871] = S 6
[26872] = Z 6
[26873] = CNOT 6 10
[26874] = CNOT 10 11
[26875] = T 10
[26876] = S 10
[26877] = Z 10
[26878] = CNOT 10 11
[26879] = S 10
[26880] = Z 10
[26881] = Z 11
[26882] = Z 6
[26883] = CNOT 6 1
[26884] = H 11
[26885] = CNOT 5 11
[26886] = T 5
[26887] = Z 5
[26888] = CNOT 5 12
[26889] = T 5
[26890] = S 5
[26891] = Z 5
[26892] = CNOT 5 11
[26893] = CNOT 11 12
[26894] = T 11
[26895] = S 11
[26896] = Z 11
[26897] = CNOT 11 12
[26898] = S 11
[26899] = Z 11
[26900] = Z 12
[26901] = Z 5
[26902] = H 12
[26903] = CNOT 4 12
[26904] = T 4
[26905] = Z 4
[26906] = CNOT 4 12
[26907] = CNOT 3 4
[26908] = CNOT 3 12
[26909] = T 3
[26910] = S 3
[26911] = Z 3
[26912] = CNOT 3 4
[26913] = T 3
[26914] = S 3
[26915] = Z 3
[26916] = CNOT 3 12
[26917] = Z 3
[26918] = S 12
[26919] = Z 12
[26920] = CNOT 3 4
[26921] = Z 3
[26922] = CNOT 3 4
[26923] = CNOT 4 3
[26924] = H 3
[26925] = T 3
[26926] = Z 3
[26927] = CNOT 2 3
[26928] = T 2
[26929] = Z 2
[26930] = CNOT 2 3
[26931] = CNOT 1 2
[26932] = CNOT 1 3
[26933] = T 1
[26934] = S 1
[26935] = Z 1
[26936] = CNOT 1 2
[26937] = T 1
[26938] = S 1
[26939] = Z 1
[26940] = CNOT 1 3
[26941] = Z 1
[26942] = CNOT 1 2
[26943] = Z 1
[26944] = CNOT 1 2
[26945] = CNOT 2 4
[26946] = CNOT 2 1
[26947] = H 3
[26948] = CNOT 1 2
[26949] = CNOT 1 3
[26950] = CNOT 1 5
[26951] = CNOT 1 8
[26952] = T 1
[26953] = CNOT 1 8
[26954] = CNOT 1 3
[26955] = CNOT 1 2
[26956] = CNOT 1 4
[26957] = T 1
[26958] = CNOT 1 5
[26959] = CNOT 1 4
[26960] = CNOT 2 3
[26961] = CNOT 2 4
[26962] = CNOT 2 8
[26963] = T 2
[26964] = CNOT 2 8
[26965] = CNOT 2 3
[26966] = T 1
[26967] = CNOT 2 5
[26968] = T 2
[26969] = CNOT 2 5
[26970] = CNOT 2 6
[26971] = T 2
[26972] = CNOT 2 6
[26973] = CNOT 2 4
[26974] = CNOT 2 3
[26975] = CNOT 2 7
[26976] = CNOT 2 8
[26977] = T 2
[26978] = CNOT 2 8
[26979] = CNOT 2 7
[26980] = CNOT 2 4
[26981] = CNOT 2 5
[26982] = T 2
[26983] = CNOT 2 5
[26984] = CNOT 2 4
[26985] = CNOT 2 3
[26986] = S 2
[26987] = S 3
[26988] = S 4
[26989] = S 8
[26990] = CNOT 2 3
[26991] = S 2
[26992] = Z 2
[26993] = CNOT 2 3
[26994] = CNOT 2 4
[26995] = S 2
[26996] = Z 2
[26997] = CNOT 2 4
[26998] = CNOT 2 8
[26999] = S 2
[27000] = Z 2
[27001] = CNOT 2 8
[27002] = CNOT 3 4
[27003] = S 3
[27004] = Z 3
[27005] = CNOT 3 4
[27006] = CNOT 3 8
[27007] = S 3
[27008] = Z 3
[27009] = CNOT 3 8
[27010] = CNOT 4 8
[27011] = S 4
[27012] = Z 4
[27013] = CNOT 4 8
[27014] = CNOT 2 3
[27015] = CNOT 2 4
[27016] = S 2
[27017] = Z 2
[27018] = CNOT 2 4
[27019] = CNOT 2 8
[27020] = S 2
[27021] = Z 2
[27022] = CNOT 2 3
[27023] = CNOT 2 4
[27024] = S 2
[27025] = Z 2
[27026] = CNOT 2 4
[27027] = CNOT 3 4
[27028] = CNOT 3 8
[27029] = S 3
[27030] = Z 3
[27031] = CNOT 3 8
[27032] = CNOT 3 4
[27033] = CNOT 7 8
[27034] = CNOT 8 7
[27035] = CNOT 6 7
[27036] = CNOT 5 7
[27037] = CNOT 4 7
[27038] = CNOT 3 7
[27039] = CNOT 7 8
[27040] = CNOT 8 6
[27041] = CNOT 7 6
[27042] = CNOT 5 6
[27043] = CNOT 4 6
[27044] = CNOT 3 6
[27045] = CNOT 6 7
[27046] = CNOT 8 5
[27047] = CNOT 7 5
[27048] = CNOT 6 5
[27049] = CNOT 4 5
[27050] = CNOT 3 5
[27051] = CNOT 5 6
[27052] = CNOT 7 4
[27053] = CNOT 6 4
[27054] = CNOT 5 4
[27055] = CNOT 3 4
[27056] = CNOT 1 4
[27057] = CNOT 6 3
[27058] = CNOT 5 3
[27059] = CNOT 2 3
[27060] = CNOT 3 5
[27061] = CNOT 8 2
[27062] = CNOT 7 2
[27063] = CNOT 6 2
[27064] = CNOT 5 2
[27065] = CNOT 4 2
[27066] = CNOT 3 2
[27067] = CNOT 1 2
[27068] = CNOT 4 1
[27069] = CNOT 3 1
[27070] = H 3
[27071] = T 3
[27072] = Z 3
[27073] = CNOT 2 3
[27074] = T 2
[27075] = Z 2
[27076] = CNOT 2 3
[27077] = CNOT 1 2
[27078] = CNOT 1 3
[27079] = T 1
[27080] = S 1
[27081] = Z 1
[27082] = CNOT 1 2
[27083] = T 1
[27084] = S 1
[27085] = Z 1
[27086] = CNOT 1 3
[27087] = CNOT 1 2
[27088] = T 1
[27089] = Z 1
[27090] = CNOT 1 2
[27091] = Z 1
[27092] = CNOT 2 1
[27093] = H 3
[27094] = H 1
[27095] = CNOT 3 4
[27096] = CNOT 3 12
[27097] = T 3
[27098] = CNOT 3 4
[27099] = CNOT 4 12
[27100] = T 4
[27101] = S 4
[27102] = CNOT 4 12
[27103] = T 3
[27104] = S 3
[27105] = CNOT 3 12
[27106] = T 1
[27107] = T 4
[27108] = S 3
[27109] = CNOT 3 4
[27110] = S 3
[27111] = CNOT 3 4
[27112] = CNOT 4 3
[27113] = H 12
[27114] = CNOT 5 11
[27115] = CNOT 5 12
[27116] = T 5
[27117] = CNOT 5 12
[27118] = T 5
[27119] = S 5
[27120] = CNOT 5 11
[27121] = CNOT 11 12
[27122] = T 11
[27123] = S 11
[27124] = CNOT 11 12
[27125] = T 5
[27126] = S 12
[27127] = CNOT 5 12
[27128] = S 5
[27129] = H 11
[27130] = CNOT 6 10
[27131] = CNOT 6 11
[27132] = T 6
[27133] = CNOT 6 11
[27134] = T 6
[27135] = S 6
[27136] = CNOT 6 10
[27137] = CNOT 10 11
[27138] = T 10
[27139] = S 10
[27140] = CNOT 10 11
[27141] = T 6
[27142] = S 11
[27143] = CNOT 6 11
[27144] = S 6
[27145] = H 10
[27146] = CNOT 7 9
[27147] = CNOT 7 10
[27148] = T 7
[27149] = CNOT 7 10
[27150] = T 7
[27151] = S 7
[27152] = CNOT 7 9
[27153] = CNOT 9 10
[27154] = T 9
[27155] = S 9
[27156] = CNOT 9 10
[27157] = T 7
[27158] = S 10
[27159] = CNOT 7 10
[27160] = S 7
[27161] = H 9
[27162] = T 9
[27163] = CNOT 8 9
[27164] = T 8
[27165] = S 8
[27166] = CNOT 8 9
[27167] = CNOT 1 8
[27168] = CNOT 1 9
[27169] = T 1
[27170] = CNOT 1 9
[27171] = T 1
[27172] = S 1
[27173] = CNOT 1 8
[27174] = CNOT 1 9
[27175] = T 1
[27176] = S 1
[27177] = CNOT 1 9
[27178] = H 1
[27179] = H 9
[27180] = CNOT 7 9
[27181] = T 7
[27182] = Z 7
[27183] = CNOT 7 10
[27184] = T 7
[27185] = S 7
[27186] = Z 7
[27187] = CNOT 7 9
[27188] = CNOT 9 10
[27189] = T 9
[27190] = S 9
[27191] = Z 9
[27192] = CNOT 9 10
[27193] = T 1
[27194] = Z 1
[27195] = CNOT 1 2
[27196] = T 1
[27197] = S 1
[27198] = CNOT 1 2
[27199] = Z 2
[27200] = S 9
[27201] = Z 9
[27202] = Z 10
[27203] = Z 7
[27204] = CNOT 2 1
[27205] = H 10
[27206] = CNOT 6 10
[27207] = T 6
[27208] = Z 6
[27209] = CNOT 6 11
[27210] = T 6
[27211] = S 6
[27212] = Z 6
[27213] = CNOT 6 10
[27214] = CNOT 10 11
[27215] = T 10
[27216] = S 10
[27217] = Z 10
[27218] = CNOT 10 11
[27219] = S 10
[27220] = Z 10
[27221] = Z 11
[27222] = Z 6
[27223] = H 11
[27224] = CNOT 5 11
[27225] = T 5
[27226] = Z 5
[27227] = CNOT 5 12
[27228] = T 5
[27229] = S 5
[27230] = Z 5
[27231] = CNOT 5 11
[27232] = CNOT 11 12
[27233] = T 11
[27234] = S 11
[27235] = Z 11
[27236] = CNOT 11 12
[27237] = S 11
[27238] = Z 11
[27239] = Z 12
[27240] = Z 5
[27241] = H 12
[27242] = CNOT 4 12
[27243] = T 4
[27244] = Z 4
[27245] = CNOT 4 12
[27246] = CNOT 3 4
[27247] = CNOT 3 12
[27248] = T 3
[27249] = S 3
[27250] = Z 3
[27251] = CNOT 3 4
[27252] = T 3
[27253] = S 3
[27254] = Z 3
[27255] = CNOT 3 12
[27256] = Z 3
[27257] = S 12
[27258] = Z 12
[27259] = CNOT 3 4
[27260] = Z 3
[27261] = CNOT 3 4
[27262] = CNOT 4 3
[27263] = H 3
[27264] = T 3
[27265] = Z 3
[27266] = CNOT 2 3
[27267] = T 2
[27268] = Z 2
[27269] = CNOT 2 3
[27270] = CNOT 1 2
[27271] = CNOT 1 3
[27272] = T 1
[27273] = S 1
[27274] = Z 1
[27275] = CNOT 1 2
[27276] = T 1
[27277] = S 1
[27278] = Z 1
[27279] = CNOT 1 3
[27280] = CNOT 2 5
[27281] = T 2
[27282] = CNOT 2 5
[27283] = Z 1
[27284] = CNOT 1 2
[27285] = Z 1
[27286] = CNOT 1 2
[27287] = CNOT 6 2
[27288] = CNOT 5 2
[27289] = CNOT 4 2
[27290] = CNOT 2 1
[27291] = CNOT 1 2
[27292] = H 3
[27293] = CNOT 2 6
[27294] = CNOT 2 7
[27295] = T 2
[27296] = CNOT 2 6
[27297] = CNOT 4 6
[27298] = T 4
[27299] = CNOT 4 6
[27300] = CNOT 2 4
[27301] = T 2
[27302] = S 2
[27303] = Z 2
[27304] = CNOT 2 7
[27305] = CNOT 2 3
[27306] = CNOT 2 8
[27307] = T 2
[27308] = CNOT 2 8
[27309] = CNOT 2 4
[27310] = CNOT 2 3
[27311] = T 1
[27312] = CNOT 1 3
[27313] = CNOT 1 8
[27314] = T 1
[27315] = CNOT 1 8
[27316] = CNOT 1 2
[27317] = CNOT 1 4
[27318] = CNOT 1 6
[27319] = CNOT 1 7
[27320] = T 1
[27321] = CNOT 1 6
[27322] = CNOT 1 4
[27323] = CNOT 1 3
[27324] = CNOT 1 2
[27325] = CNOT 2 4
[27326] = Z 2
[27327] = CNOT 2 4
[27328] = CNOT 2 7
[27329] = Z 2
[27330] = CNOT 4 7
[27331] = Z 4
[27332] = CNOT 4 7
[27333] = CNOT 6 8
[27334] = CNOT 3 8
[27335] = CNOT 1 8
[27336] = CNOT 8 7
[27337] = CNOT 6 7
[27338] = CNOT 3 7
[27339] = CNOT 7 8
[27340] = CNOT 8 6
[27341] = CNOT 4 6
[27342] = CNOT 2 6
[27343] = CNOT 6 8
[27344] = CNOT 6 4
[27345] = CNOT 3 4
[27346] = CNOT 2 4
[27347] = CNOT 1 4
[27348] = CNOT 8 3
[27349] = CNOT 7 3
[27350] = CNOT 4 3
[27351] = CNOT 7 2
[27352] = CNOT 6 2
[27353] = CNOT 4 2
[27354] = CNOT 1 2
[27355] = CNOT 8 1
[27356] = CNOT 7 1
[27357] = CNOT 6 1
[27358] = CNOT 1 6
[27359] = H 3
[27360] = T 3
[27361] = Z 3
[27362] = CNOT 2 3
[27363] = T 2
[27364] = Z 2
[27365] = CNOT 2 3
[27366] = CNOT 1 2
[27367] = CNOT 1 3
[27368] = T 1
[27369] = S 1
[27370] = Z 1
[27371] = CNOT 1 2
[27372] = T 1
[27373] = S 1
[27374] = Z 1
[27375] = CNOT 1 3
[27376] = CNOT 1 2
[27377] = T 1
[27378] = Z 1
[27379] = CNOT 1 2
[27380] = Z 1
[27381] = CNOT 2 1
[27382] = H 3
[27383] = H 1
[27384] = CNOT 3 4
[27385] = CNOT 3 12
[27386] = T 3
[27387] = CNOT 3 4
[27388] = CNOT 4 12
[27389] = T 4
[27390] = S 4
[27391] = CNOT 4 12
[27392] = T 3
[27393] = S 3
[27394] = CNOT 3 12
[27395] = T 1
[27396] = T 4
[27397] = S 3
[27398] = CNOT 3 4
[27399] = S 3
[27400] = CNOT 3 4
[27401] = CNOT 4 3
[27402] = H 12
[27403] = CNOT 5 11
[27404] = CNOT 5 12
[27405] = T 5
[27406] = CNOT 5 12
[27407] = T 5
[27408] = S 5
[27409] = CNOT 5 11
[27410] = CNOT 11 12
[27411] = T 11
[27412] = S 11
[27413] = CNOT 11 12
[27414] = T 5
[27415] = S 12
[27416] = CNOT 5 12
[27417] = S 5
[27418] = H 11
[27419] = CNOT 6 10
[27420] = CNOT 6 11
[27421] = T 6
[27422] = CNOT 6 11
[27423] = T 6
[27424] = S 6
[27425] = CNOT 6 10
[27426] = CNOT 10 11
[27427] = T 10
[27428] = S 10
[27429] = CNOT 10 11
[27430] = T 6
[27431] = S 11
[27432] = CNOT 6 11
[27433] = S 6
[27434] = H 10
[27435] = CNOT 7 9
[27436] = CNOT 7 10
[27437] = T 7
[27438] = CNOT 7 10
[27439] = T 7
[27440] = S 7
[27441] = CNOT 7 9
[27442] = CNOT 9 10
[27443] = T 9
[27444] = S 9
[27445] = CNOT 9 10
[27446] = T 7
[27447] = S 10
[27448] = CNOT 7 10
[27449] = S 7
[27450] = H 9
[27451] = T 9
[27452] = CNOT 8 9
[27453] = T 8
[27454] = S 8
[27455] = CNOT 8 9
[27456] = CNOT 1 8
[27457] = CNOT 1 9
[27458] = T 1
[27459] = CNOT 1 9
[27460] = T 1
[27461] = S 1
[27462] = CNOT 1 8
[27463] = CNOT 1 9
[27464] = T 1
[27465] = S 1
[27466] = CNOT 1 9
[27467] = H 1
[27468] = H 9
[27469] = CNOT 7 9
[27470] = T 7
[27471] = Z 7
[27472] = CNOT 7 10
[27473] = T 7
[27474] = S 7
[27475] = Z 7
[27476] = CNOT 7 9
[27477] = CNOT 9 10
[27478] = T 9
[27479] = S 9
[27480] = Z 9
[27481] = CNOT 9 10
[27482] = T 1
[27483] = Z 1
[27484] = CNOT 1 2
[27485] = T 1
[27486] = S 1
[27487] = CNOT 1 2
[27488] = Z 2
[27489] = S 9
[27490] = Z 9
[27491] = Z 10
[27492] = Z 7
[27493] = CNOT 2 1
[27494] = H 10
[27495] = CNOT 6 10
[27496] = T 6
[27497] = Z 6
[27498] = CNOT 6 11
[27499] = T 6
[27500] = S 6
[27501] = Z 6
[27502] = CNOT 6 10
[27503] = CNOT 10 11
[27504] = T 10
[27505] = S 10
[27506] = Z 10
[27507] = CNOT 10 11
[27508] = S 10
[27509] = Z 10
[27510] = Z 11
[27511] = Z 6
[27512] = H 11
[27513] = CNOT 5 11
[27514] = T 5
[27515] = Z 5
[27516] = CNOT 5 12
[27517] = T 5
[27518] = S 5
[27519] = Z 5
[27520] = CNOT 5 11
[27521] = CNOT 11 12
[27522] = T 11
[27523] = S 11
[27524] = Z 11
[27525] = CNOT 11 12
[27526] = S 11
[27527] = Z 11
[27528] = Z 12
[27529] = Z 5
[27530] = H 12
[27531] = CNOT 4 12
[27532] = T 4
[27533] = Z 4
[27534] = CNOT 4 12
[27535] = CNOT 3 4
[27536] = CNOT 3 12
[27537] = T 3
[27538] = S 3
[27539] = Z 3
[27540] = CNOT 3 4
[27541] = T 3
[27542] = S 3
[27543] = Z 3
[27544] = CNOT 3 12
[27545] = CNOT 3 4
[27546] = T 3
[27547] = Z 3
[27548] = CNOT 3 4
[27549] = Z 3
[27550] = S 12
[27551] = Z 12
[27552] = CNOT 4 3
[27553] = H 3
[27554] = T 3
[27555] = Z 3
[27556] = CNOT 2 3
[27557] = T 2
[27558] = Z 2
[27559] = CNOT 2 3
[27560] = CNOT 1 2
[27561] = CNOT 1 3
[27562] = T 1
[27563] = S 1
[27564] = Z 1
[27565] = CNOT 1 2
[27566] = T 1
[27567] = S 1
[27568] = Z 1
[27569] = CNOT 1 3
[27570] = Z 1
[27571] = CNOT 1 2
[27572] = Z 1
[27573] = CNOT 1 2
[27574] = CNOT 2 6
[27575] = CNOT 1 6
[27576] = CNOT 6 2
[27577] = CNOT 6 1
[27578] = CNOT 2 1
[27579] = CNOT 1 2
[27580] = H 3
[27581] = CNOT 6 7
[27582] = T 6
[27583] = CNOT 6 7
[27584] = CNOT 2 7
[27585] = T 2
[27586] = CNOT 2 7
[27587] = CNOT 2 6
[27588] = T 2
[27589] = S 2
[27590] = CNOT 2 5
[27591] = T 2
[27592] = CNOT 2 6
[27593] = CNOT 2 5
[27594] = T 7
[27595] = CNOT 1 7
[27596] = T 1
[27597] = CNOT 1 8
[27598] = T 1
[27599] = CNOT 1 8
[27600] = CNOT 1 7
[27601] = Z 2
[27602] = Z 6
[27603] = CNOT 8 7
[27604] = CNOT 8 6
[27605] = CNOT 7 6
[27606] = CNOT 3 6
[27607] = CNOT 2 6
[27608] = CNOT 1 6
[27609] = CNOT 6 7
[27610] = CNOT 5 2
[27611] = CNOT 8 1
[27612] = CNOT 7 1
[27613] = CNOT 1 7
[27614] = H 3
[27615] = T 3
[27616] = Z 3
[27617] = CNOT 2 3
[27618] = T 2
[27619] = Z 2
[27620] = CNOT 2 3
[27621] = CNOT 1 2
[27622] = CNOT 1 3
[27623] = T 1
[27624] = S 1
[27625] = Z 1
[27626] = CNOT 1 2
[27627] = T 1
[27628] = S 1
[27629] = Z 1
[27630] = CNOT 1 3
[27631] = CNOT 1 2
[27632] = T 1
[27633] = Z 1
[27634] = CNOT 1 2
[27635] = Z 1
[27636] = CNOT 2 1
[27637] = H 3
[27638] = H 1
[27639] = CNOT 3 4
[27640] = CNOT 3 12
[27641] = T 3
[27642] = CNOT 3 4
[27643] = CNOT 4 12
[27644] = T 4
[27645] = S 4
[27646] = CNOT 4 12
[27647] = T 3
[27648] = S 3
[27649] = CNOT 3 12
[27650] = T 1
[27651] = T 4
[27652] = S 3
[27653] = CNOT 3 4
[27654] = S 3
[27655] = CNOT 3 4
[27656] = CNOT 4 3
[27657] = H 12
[27658] = CNOT 5 11
[27659] = CNOT 5 12
[27660] = T 5
[27661] = CNOT 5 12
[27662] = T 5
[27663] = S 5
[27664] = CNOT 5 11
[27665] = CNOT 11 12
[27666] = T 11
[27667] = S 11
[27668] = CNOT 11 12
[27669] = T 5
[27670] = S 12
[27671] = CNOT 5 12
[27672] = S 5
[27673] = H 11
[27674] = CNOT 6 10
[27675] = CNOT 6 11
[27676] = T 6
[27677] = CNOT 6 11
[27678] = T 6
[27679] = S 6
[27680] = CNOT 6 10
[27681] = CNOT 10 11
[27682] = T 10
[27683] = S 10
[27684] = CNOT 10 11
[27685] = T 6
[27686] = S 11
[27687] = CNOT 6 11
[27688] = S 6
[27689] = H 10
[27690] = CNOT 7 9
[27691] = CNOT 7 10
[27692] = T 7
[27693] = CNOT 7 10
[27694] = T 7
[27695] = S 7
[27696] = CNOT 7 9
[27697] = CNOT 9 10
[27698] = T 9
[27699] = S 9
[27700] = CNOT 9 10
[27701] = T 7
[27702] = S 10
[27703] = CNOT 7 10
[27704] = S 7
[27705] = H 9
[27706] = T 9
[27707] = CNOT 8 9
[27708] = T 8
[27709] = S 8
[27710] = CNOT 8 9
[27711] = CNOT 1 8
[27712] = CNOT 1 9
[27713] = T 1
[27714] = CNOT 1 9
[27715] = T 1
[27716] = S 1
[27717] = CNOT 1 8
[27718] = CNOT 1 9
[27719] = T 1
[27720] = S 1
[27721] = CNOT 1 9
[27722] = H 1
[27723] = H 9
[27724] = CNOT 7 9
[27725] = T 7
[27726] = Z 7
[27727] = CNOT 7 10
[27728] = T 7
[27729] = S 7
[27730] = Z 7
[27731] = CNOT 7 9
[27732] = CNOT 9 10
[27733] = T 9
[27734] = S 9
[27735] = Z 9
[27736] = CNOT 9 10
[27737] = T 1
[27738] = Z 1
[27739] = CNOT 1 2
[27740] = T 1
[27741] = S 1
[27742] = CNOT 1 2
[27743] = Z 2
[27744] = S 9
[27745] = Z 9
[27746] = Z 10
[27747] = Z 7
[27748] = CNOT 2 1
[27749] = H 10
[27750] = CNOT 6 10
[27751] = T 6
[27752] = Z 6
[27753] = CNOT 6 11
[27754] = T 6
[27755] = S 6
[27756] = Z 6
[27757] = CNOT 6 10
[27758] = CNOT 10 11
[27759] = T 10
[27760] = S 10
[27761] = Z 10
[27762] = CNOT 10 11
[27763] = S 10
[27764] = Z 10
[27765] = Z 11
[27766] = Z 6
[27767] = H 11
[27768] = CNOT 5 11
[27769] = T 5
[27770] = Z 5
[27771] = CNOT 5 12
[27772] = T 5
[27773] = S 5
[27774] = Z 5
[27775] = CNOT 5 11
[27776] = CNOT 11 12
[27777] = T 11
[27778] = S 11
[27779] = Z 11
[27780] = CNOT 11 12
[27781] = S 11
[27782] = Z 11
[27783] = Z 12
[27784] = Z 5
[27785] = CNOT 7 5
[27786] = H 12
[27787] = CNOT 4 12
[27788] = T 4
[27789] = Z 4
[27790] = CNOT 4 12
[27791] = CNOT 3 4
[27792] = CNOT 3 12
[27793] = T 3
[27794] = S 3
[27795] = Z 3
[27796] = CNOT 3 4
[27797] = T 3
[27798] = S 3
[27799] = Z 3
[27800] = CNOT 3 12
[27801] = CNOT 3 4
[27802] = T 3
[27803] = Z 3
[27804] = CNOT 3 4
[27805] = Z 3
[27806] = S 12
[27807] = Z 12
[27808] = CNOT 4 3
[27809] = H 3
[27810] = T 3
[27811] = Z 3
[27812] = CNOT 2 3
[27813] = T 2
[27814] = Z 2
[27815] = CNOT 2 3
[27816] = CNOT 1 2
[27817] = CNOT 1 3
[27818] = T 1
[27819] = S 1
[27820] = Z 1
[27821] = CNOT 1 2
[27822] = T 1
[27823] = S 1
[27824] = Z 1
[27825] = CNOT 1 3
[27826] = Z 1
[27827] = CNOT 1 2
[27828] = Z 1
[27829] = CNOT 1 2
[27830] = CNOT 1 5
[27831] = CNOT 2 1
[27832] = CNOT 1 2
[27833] = H 3
[27834] = CNOT 1 2
[27835] = CNOT 1 3
[27836] = CNOT 1 6
[27837] = CNOT 1 7
[27838] = CNOT 1 8
[27839] = T 1
[27840] = CNOT 1 8
[27841] = CNOT 1 3
[27842] = CNOT 1 2
[27843] = CNOT 2 3
[27844] = CNOT 2 8
[27845] = T 2
[27846] = T 1
[27847] = S 1
[27848] = Z 1
[27849] = CNOT 1 7
[27850] = CNOT 2 5
[27851] = T 2
[27852] = CNOT 2 8
[27853] = CNOT 2 5
[27854] = CNOT 2 3
[27855] = CNOT 2 6
[27856] = T 2
[27857] = T 6
[27858] = CNOT 2 7
[27859] = CNOT 2 8
[27860] = T 2
[27861] = CNOT 2 7
[27862] = CNOT 2 6
[27863] = Z 1
[27864] = CNOT 1 6
[27865] = CNOT 1 7
[27866] = Z 1
[27867] = CNOT 6 7
[27868] = Z 6
[27869] = CNOT 6 7
[27870] = CNOT 6 8
[27871] = CNOT 1 8
[27872] = CNOT 8 7
[27873] = CNOT 7 8
[27874] = CNOT 8 6
[27875] = CNOT 7 6
[27876] = CNOT 1 6
[27877] = CNOT 8 3
[27878] = CNOT 6 3
[27879] = CNOT 2 3
[27880] = CNOT 8 2
[27881] = CNOT 6 2
[27882] = CNOT 5 2
[27883] = CNOT 3 2
[27884] = CNOT 1 2
[27885] = CNOT 2 1
[27886] = H 3
[27887] = T 3
[27888] = Z 3
[27889] = CNOT 2 3
[27890] = T 2
[27891] = Z 2
[27892] = CNOT 2 3
[27893] = CNOT 1 2
[27894] = CNOT 1 3
[27895] = T 1
[27896] = S 1
[27897] = Z 1
[27898] = CNOT 1 2
[27899] = T 1
[27900] = S 1
[27901] = Z 1
[27902] = CNOT 1 3
[27903] = CNOT 1 2
[27904] = T 1
[27905] = Z 1
[27906] = CNOT 1 2
[27907] = Z 1
[27908] = CNOT 2 1
[27909] = H 3
[27910] = H 1
[27911] = CNOT 3 4
[27912] = CNOT 3 12
[27913] = T 3
[27914] = CNOT 3 4
[27915] = CNOT 4 12
[27916] = T 4
[27917] = S 4
[27918] = CNOT 4 12
[27919] = T 3
[27920] = S 3
[27921] = CNOT 3 12
[27922] = T 1
[27923] = T 4
[27924] = S 3
[27925] = CNOT 3 4
[27926] = S 3
[27927] = CNOT 3 4
[27928] = CNOT 4 3
[27929] = H 12
[27930] = CNOT 5 11
[27931] = CNOT 5 12
[27932] = T 5
[27933] = CNOT 5 12
[27934] = T 5
[27935] = S 5
[27936] = CNOT 5 11
[27937] = CNOT 11 12
[27938] = T 11
[27939] = S 11
[27940] = CNOT 11 12
[27941] = T 5
[27942] = S 12
[27943] = CNOT 5 12
[27944] = S 5
[27945] = H 11
[27946] = CNOT 6 10
[27947] = CNOT 6 11
[27948] = T 6
[27949] = CNOT 6 11
[27950] = T 6
[27951] = S 6
[27952] = CNOT 6 10
[27953] = CNOT 10 11
[27954] = T 10
[27955] = S 10
[27956] = CNOT 10 11
[27957] = T 6
[27958] = S 11
[27959] = CNOT 6 11
[27960] = S 6
[27961] = H 10
[27962] = CNOT 7 9
[27963] = CNOT 7 10
[27964] = T 7
[27965] = CNOT 7 10
[27966] = T 7
[27967] = S 7
[27968] = CNOT 7 9
[27969] = CNOT 9 10
[27970] = T 9
[27971] = S 9
[27972] = CNOT 9 10
[27973] = T 7
[27974] = S 10
[27975] = CNOT 7 10
[27976] = S 7
[27977] = H 9
[27978] = T 9
[27979] = CNOT 8 9
[27980] = T 8
[27981] = S 8
[27982] = CNOT 8 9
[27983] = CNOT 1 8
[27984] = CNOT 1 9
[27985] = T 1
[27986] = CNOT 1 9
[27987] = T 1
[27988] = S 1
[27989] = CNOT 1 8
[27990] = CNOT 1 9
[27991] = T 1
[27992] = S 1
[27993] = CNOT 1 9
[27994] = H 1
[27995] = H 9
[27996] = CNOT 7 9
[27997] = T 7
[27998] = Z 7
[27999] = CNOT 7 10
[28000] = T 7
[28001] = S 7
[28002] = Z 7
[28003] = CNOT 7 9
[28004] = CNOT 9 10
[28005] = T 9
[28006] = S 9
[28007] = Z 9
[28008] = CNOT 9 10
[28009] = T 1
[28010] = Z 1
[28011] = CNOT 1 2
[28012] = T 1
[28013] = S 1
[28014] = CNOT 1 2
[28015] = Z 2
[28016] = S 9
[28017] = Z 9
[28018] = Z 10
[28019] = Z 7
[28020] = CNOT 2 1
[28021] = H 10
[28022] = CNOT 6 10
[28023] = T 6
[28024] = Z 6
[28025] = CNOT 6 11
[28026] = T 6
[28027] = S 6
[28028] = Z 6
[28029] = CNOT 6 10
[28030] = CNOT 10 11
[28031] = T 10
[28032] = S 10
[28033] = Z 10
[28034] = CNOT 10 11
[28035] = S 10
[28036] = Z 10
[28037] = Z 11
[28038] = Z 6
[28039] = H 11
[28040] = CNOT 5 11
[28041] = T 5
[28042] = Z 5
[28043] = CNOT 5 12
[28044] = T 5
[28045] = S 5
[28046] = Z 5
[28047] = CNOT 5 11
[28048] = CNOT 11 12
[28049] = T 11
[28050] = S 11
[28051] = Z 11
[28052] = CNOT 11 12
[28053] = S 11
[28054] = Z 11
[28055] = Z 12
[28056] = Z 5
[28057] = H 12
[28058] = CNOT 4 12
[28059] = T 4
[28060] = Z 4
[28061] = CNOT 4 12
[28062] = CNOT 3 4
[28063] = CNOT 3 12
[28064] = T 3
[28065] = S 3
[28066] = Z 3
[28067] = CNOT 3 4
[28068] = T 3
[28069] = S 3
[28070] = Z 3
[28071] = CNOT 3 12
[28072] = CNOT 3 4
[28073] = T 3
[28074] = Z 3
[28075] = CNOT 3 4
[28076] = Z 3
[28077] = S 12
[28078] = Z 12
[28079] = CNOT 4 3
[28080] = H 3
[28081] = T 3
[28082] = Z 3
[28083] = CNOT 2 3
[28084] = T 2
[28085] = Z 2
[28086] = CNOT 2 3
[28087] = CNOT 1 2
[28088] = CNOT 1 3
[28089] = T 1
[28090] = S 1
[28091] = Z 1
[28092] = CNOT 1 2
[28093] = T 1
[28094] = S 1
[28095] = Z 1
[28096] = CNOT 1 3
[28097] = CNOT 1 2
[28098] = CNOT 1 5
[28099] = T 1
[28100] = CNOT 1 5
[28101] = CNOT 1 2
[28102] = Z 1
[28103] = CNOT 1 2
[28104] = Z 1
[28105] = CNOT 1 2
[28106] = CNOT 6 2
[28107] = CNOT 5 2
[28108] = CNOT 6 1
[28109] = CNOT 5 1
[28110] = CNOT 2 1
[28111] = H 3
[28112] = CNOT 1 3
[28113] = CNOT 1 5
[28114] = CNOT 1 6
[28115] = CNOT 1 7
[28116] = CNOT 1 8
[28117] = T 1
[28118] = CNOT 1 7
[28119] = CNOT 1 6
[28120] = CNOT 1 5
[28121] = CNOT 2 5
[28122] = CNOT 2 6
[28123] = CNOT 2 7
[28124] = T 2
[28125] = CNOT 2 7
[28126] = CNOT 2 6
[28127] = CNOT 2 5
[28128] = CNOT 1 2
[28129] = T 1
[28130] = CNOT 1 8
[28131] = CNOT 1 3
[28132] = CNOT 1 2
[28133] = T 7
[28134] = CNOT 2 3
[28135] = CNOT 2 6
[28136] = CNOT 2 8
[28137] = T 2
[28138] = CNOT 2 8
[28139] = CNOT 2 6
[28140] = CNOT 2 3
[28141] = CNOT 3 5
[28142] = T 3
[28143] = CNOT 3 5
[28144] = S 1
[28145] = S 2
[28146] = S 3
[28147] = S 8
[28148] = CNOT 1 2
[28149] = S 1
[28150] = Z 1
[28151] = CNOT 1 2
[28152] = CNOT 1 3
[28153] = S 1
[28154] = Z 1
[28155] = CNOT 1 3
[28156] = CNOT 1 8
[28157] = S 1
[28158] = Z 1
[28159] = CNOT 1 8
[28160] = CNOT 2 3
[28161] = S 2
[28162] = Z 2
[28163] = CNOT 2 3
[28164] = CNOT 2 8
[28165] = S 2
[28166] = Z 2
[28167] = CNOT 2 8
[28168] = CNOT 3 8
[28169] = S 3
[28170] = Z 3
[28171] = CNOT 3 8
[28172] = CNOT 1 2
[28173] = CNOT 1 3
[28174] = S 1
[28175] = Z 1
[28176] = CNOT 1 3
[28177] = CNOT 1 8
[28178] = S 1
[28179] = Z 1
[28180] = CNOT 1 2
[28181] = CNOT 1 3
[28182] = S 1
[28183] = Z 1
[28184] = CNOT 1 3
[28185] = CNOT 2 3
[28186] = CNOT 2 8
[28187] = S 2
[28188] = Z 2
[28189] = CNOT 2 3
[28190] = CNOT 6 8
[28191] = CNOT 3 8
[28192] = CNOT 6 7
[28193] = CNOT 8 6
[28194] = CNOT 7 6
[28195] = CNOT 3 6
[28196] = CNOT 2 6
[28197] = CNOT 6 7
[28198] = CNOT 3 5
[28199] = CNOT 2 5
[28200] = CNOT 8 3
[28201] = CNOT 7 3
[28202] = CNOT 1 3
[28203] = CNOT 7 2
[28204] = CNOT 2 1
[28205] = H 3
[28206] = T 3
[28207] = Z 3
[28208] = CNOT 2 3
[28209] = T 2
[28210] = Z 2
[28211] = CNOT 2 3
[28212] = CNOT 1 2
[28213] = CNOT 1 3
[28214] = T 1
[28215] = S 1
[28216] = Z 1
[28217] = CNOT 1 2
[28218] = T 1
[28219] = S 1
[28220] = Z 1
[28221] = CNOT 1 3
[28222] = CNOT 1 2
[28223] = T 1
[28224] = Z 1
[28225] = CNOT 1 2
[28226] = Z 1
[28227] = CNOT 2 1
[28228] = H 3
[28229] = H 1
[28230] = CNOT 3 4
[28231] = CNOT 3 12
[28232] = T 3
[28233] = CNOT 3 4
[28234] = CNOT 4 12
[28235] = T 4
[28236] = S 4
[28237] = CNOT 4 12
[28238] = T 3
[28239] = S 3
[28240] = CNOT 3 12
[28241] = T 1
[28242] = T 4
[28243] = S 3
[28244] = CNOT 3 4
[28245] = S 3
[28246] = CNOT 3 4
[28247] = CNOT 4 3
[28248] = H 12
[28249] = CNOT 5 11
[28250] = CNOT 5 12
[28251] = T 5
[28252] = CNOT 5 12
[28253] = T 5
[28254] = S 5
[28255] = CNOT 5 11
[28256] = CNOT 11 12
[28257] = T 11
[28258] = S 11
[28259] = CNOT 11 12
[28260] = T 5
[28261] = S 12
[28262] = CNOT 5 12
[28263] = S 5
[28264] = H 11
[28265] = CNOT 6 10
[28266] = CNOT 6 11
[28267] = T 6
[28268] = CNOT 6 11
[28269] = T 6
[28270] = S 6
[28271] = CNOT 6 10
[28272] = CNOT 10 11
[28273] = T 10
[28274] = S 10
[28275] = CNOT 10 11
[28276] = T 6
[28277] = S 11
[28278] = CNOT 6 11
[28279] = S 6
[28280] = H 10
[28281] = CNOT 7 9
[28282] = CNOT 7 10
[28283] = T 7
[28284] = CNOT 7 10
[28285] = T 7
[28286] = S 7
[28287] = CNOT 7 9
[28288] = CNOT 9 10
[28289] = T 9
[28290] = S 9
[28291] = CNOT 9 10
[28292] = T 7
[28293] = S 10
[28294] = CNOT 7 10
[28295] = S 7
[28296] = H 9
[28297] = T 9
[28298] = CNOT 8 9
[28299] = T 8
[28300] = S 8
[28301] = CNOT 8 9
[28302] = CNOT 1 8
[28303] = CNOT 1 9
[28304] = T 1
[28305] = CNOT 1 9
[28306] = T 1
[28307] = S 1
[28308] = CNOT 1 8
[28309] = CNOT 1 9
[28310] = T 1
[28311] = S 1
[28312] = CNOT 1 9
[28313] = H 1
[28314] = H 9
[28315] = T 9
[28316] = Z 9
[28317] = CNOT 7 9
[28318] = T 7
[28319] = Z 7
[28320] = CNOT 7 10
[28321] = T 7
[28322] = S 7
[28323] = Z 7
[28324] = CNOT 7 9
[28325] = CNOT 9 10
[28326] = T 9
[28327] = S 9
[28328] = Z 9
[28329] = CNOT 9 10
[28330] = T 1
[28331] = Z 1
[28332] = CNOT 1 2
[28333] = T 1
[28334] = S 1
[28335] = CNOT 1 2
[28336] = Z 2
[28337] = Z 10
[28338] = Z 7
[28339] = CNOT 2 1
[28340] = H 9
[28341] = H 10
[28342] = T 10
[28343] = Z 10
[28344] = CNOT 6 10
[28345] = T 6
[28346] = Z 6
[28347] = CNOT 6 11
[28348] = T 6
[28349] = S 6
[28350] = Z 6
[28351] = CNOT 6 10
[28352] = CNOT 10 11
[28353] = T 10
[28354] = S 10
[28355] = Z 10
[28356] = CNOT 10 11
[28357] = Z 11
[28358] = Z 6
[28359] = H 10
[28360] = H 11
[28361] = T 11
[28362] = Z 11
[28363] = CNOT 5 11
[28364] = T 5
[28365] = Z 5
[28366] = CNOT 5 12
[28367] = T 5
[28368] = S 5
[28369] = Z 5
[28370] = CNOT 5 11
[28371] = CNOT 11 12
[28372] = T 11
[28373] = S 11
[28374] = Z 11
[28375] = CNOT 11 12
[28376] = Z 12
[28377] = Z 5
[28378] = H 11
[28379] = H 12
[28380] = T 12
[28381] = Z 12
[28382] = CNOT 4 12
[28383] = T 4
[28384] = Z 4
[28385] = CNOT 4 12
[28386] = CNOT 3 4
[28387] = CNOT 3 12
[28388] = T 3
[28389] = S 3
[28390] = Z 3
[28391] = CNOT 3 4
[28392] = T 3
[28393] = S 3
[28394] = Z 3
[28395] = CNOT 3 12
[28396] = Z 3
[28397] = CNOT 3 4
[28398] = Z 3
[28399] = CNOT 3 4
[28400] = CNOT 4 3
[28401] = H 12
[28402] = H 3
[28403] = T 3
[28404] = Z 3
[28405] = CNOT 2 3
[28406] = T 2
[28407] = Z 2
[28408] = CNOT 2 3
[28409] = CNOT 1 2
[28410] = CNOT 1 3
[28411] = T 1
[28412] = S 1
[28413] = Z 1
[28414] = CNOT 1 2
[28415] = T 1
[28416] = S 1
[28417] = Z 1
[28418] = CNOT 1 3
[28419] = Z 1
[28420] = CNOT 1 2
[28421] = Z 1
[28422] = CNOT 1 2
[28423] = CNOT 2 1
[28424] = H 3
[28425] = CNOT 7 8
[28426] = CNOT 6 8
[28427] = CNOT 5 8
[28428] = CNOT 2 8
[28429] = CNOT 8 7
[28430] = CNOT 7 8
[28431] = CNOT 7 6
[28432] = CNOT 4 6
[28433] = CNOT 3 6
[28434] = CNOT 2 6
[28435] = CNOT 6 5
[28436] = CNOT 5 6
[28437] = CNOT 5 4
[28438] = CNOT 4 5
[28439] = CNOT 8 3
[28440] = CNOT 7 3
[28441] = CNOT 2 3
[28442] = CNOT 1 3
[28443] = CNOT 3 7
[28444] = CNOT 4 2
[28445] = CNOT 3 2
[28446] = CNOT 1 2
[28447] = CNOT 2 3
[28448] = CNOT 8 1
[28449] = CNOT 7 1
[28450] = CNOT 6 1
[28451] = CNOT 4 1
[28452] = CNOT 3 1
[28453] = CNOT 2 1
[28454] = CNOT 1 2
Gate distributions:
Input:
Operator distribution:
Total number of qubits = 12
Number of `data' qubits = 12
Number of `Toff_n' ancillas = 0
Number of Hadamard ancillas = 0
Hadamard ancilla cap = 0
Number of {CNOT,T} partitions = 709
T count = 5887
Cost estimation = 2.94726e+06
	id	Count
	0	0
	1	0
	2	0
	3	1682
	4	2083
	5	0
	6	0
	7	0
	8	0
	9	0
	10	841
	11	0
	12	0
	13	0
	14	0
	15	0
	16	0
	17	0
	18	0
Output:
Operator distribution:
Total number of qubits = 12
Number of `data' qubits = 12
Number of `Toff_n' ancillas = 0
Number of Hadamard ancillas = 0
Hadamard ancilla cap = 0
Number of {CNOT,T} partitions = 709
T count = 4180
Cost estimation = 2.11428e+06
	id	Count
	0	0
	1	0
	2	0
	3	1208
	4	14798
	5	4180
	6	0
	7	0
	8	0
	9	0
	10	0
	11	3916
	12	0
	13	4353
	14	0
	15	0
	16	0
	17	0
	18	0
Output T Count (SQC_Circuit) = 4180
Output T Count (PhasePolynomial) = 4180
Fail count = 0

Execution time: 2.75957s
Number of LCL errors: 0
Number of LCL warnings: 0
