Optimize a Clifford + T circuit.
Input filename = /home/ryo-mtmt/TOpt/forme/tpar_benchmark/adder_8.tfc
Number of unknown gates = 0
Number of unknown qubit labels = 0
Circuit filename: /home/ryo-mtmt/TOpt/forme/tpar_benchmark/adder_8.tfc

n 24
n_x 24
n_y 0
n_z 0
m 301
[0] = CNOT 3 4
[1] = CNOT 8 9
[2] = CNOT 14 15
[3] = CNOT 21 22
[4] = CNOT 5 4
[5] = CNOT 10 9
[6] = CNOT 16 15
[7] = CNOT 23 22
[8] = H 4
[9] = H 9
[10] = H 15
[11] = H 22
[12] = CCZ 1 2 4
[13] = CCZ 6 7 9
[14] = CCZ 12 13 15
[15] = CCZ 19 20 22
[16] = H 4
[17] = H 9
[18] = H 15
[19] = H 22
[20] = H 5
[21] = H 10
[22] = H 16
[23] = H 23
[24] = H 11
[25] = H 17
[26] = H 24
[27] = CCZ 3 4 5
[28] = CCZ 8 9 10
[29] = CCZ 8 9 11
[30] = CCZ 14 15 16
[31] = CCZ 14 15 17
[32] = CCZ 21 22 23
[33] = CCZ 21 22 24
[34] = CNOT 6 7
[35] = CNOT 12 13
[36] = CNOT 19 20
[37] = CNOT 9 6
[38] = CNOT 15 12
[39] = CNOT 22 19
[40] = CCZ 8 9 11
[41] = CCZ 14 15 17
[42] = CCZ 21 22 24
[43] = H 5
[44] = H 11
[45] = H 16
[46] = H 17
[47] = H 24
[48] = H 18
[49] = CCZ 17 24 18
[50] = CCZ 16 24 23
[51] = CCZ 5 11 10
[52] = H 18
[53] = H 10
[54] = H 16
[55] = CCZ 10 18 23
[56] = CCZ 10 17 16
[57] = H 16
[58] = H 23
[59] = H 18
[60] = CCZ 17 24 18
[61] = H 18
[62] = H 11
[63] = H 17
[64] = H 24
[65] = CCZ 8 9 11
[66] = CCZ 14 15 17
[67] = CCZ 21 22 24
[68] = CNOT 9 6
[69] = CNOT 15 12
[70] = CNOT 22 19
[71] = CNOT 6 7
[72] = CNOT 12 13
[73] = CNOT 19 20
[74] = CCZ 8 9 11
[75] = CCZ 14 15 17
[76] = CCZ 21 22 24
[77] = H 24
[78] = H 4
[79] = H 9
[80] = H 15
[81] = H 22
[82] = CCZ 1 2 4
[83] = CCZ 6 7 9
[84] = CCZ 12 13 15
[85] = CCZ 19 20 22
[86] = H 4
[87] = H 9
[88] = H 15
[89] = H 22
[90] = CNOT 3 4
[91] = CNOT 8 9
[92] = CNOT 14 15
[93] = CNOT 21 22
[94] = CNOT 6 7
[95] = CNOT 12 13
[96] = CNOT 19 20
[97] = CNOT 9 7
[98] = CNOT 15 13
[99] = CNOT 22 20
[100] = CNOT 7 5
[101] = CNOT 13 10
[102] = CNOT 20 16
[103] = H 4
[104] = H 9
[105] = H 15
[106] = H 22
[107] = CCZ 1 2 4
[108] = CCZ 6 7 9
[109] = CCZ 12 13 15
[110] = CCZ 19 20 22
[111] = H 4
[112] = H 9
[113] = H 15
[114] = H 22
[115] = CNOT 3 4
[116] = CNOT 8 9
[117] = CNOT 14 15
[118] = CNOT 21 22
[119] = H 4
[120] = H 9
[121] = H 15
[122] = H 22
[123] = CCZ 1 2 4
[124] = CCZ 6 7 9
[125] = CCZ 12 13 15
[126] = CCZ 19 20 22
[127] = H 4
[128] = H 9
[129] = H 15
[130] = H 22
[131] = CNOT 6 7
[132] = CNOT 12 13
[133] = CNOT 19 20
[134] = CNOT 7 5
[135] = CNOT 13 10
[136] = CNOT 20 16
[137] = CNOT 9 7
[138] = CNOT 15 13
[139] = CNOT 22 20
[140] = CNOT 1 2
[141] = CNOT 6 7
[142] = CNOT 12 13
[143] = CNOT 19 20
[144] = CNOT 3 4
[145] = CNOT 8 9
[146] = CNOT 14 15
[147] = H 4
[148] = H 9
[149] = H 15
[150] = CCZ 1 2 4
[151] = CCZ 6 7 9
[152] = CCZ 12 13 15
[153] = H 4
[154] = H 9
[155] = H 15
[156] = CNOT 6 7
[157] = CNOT 12 13
[158] = CCZ 8 9 11
[159] = CCZ 14 15 17
[160] = CNOT 9 6
[161] = CNOT 15 12
[162] = CCZ 8 9 11
[163] = CCZ 14 15 17
[164] = H 11
[165] = H 17
[166] = H 16
[167] = CCZ 10 17 16
[168] = H 10
[169] = CCZ 5 11 10
[170] = H 5
[171] = H 11
[172] = H 17
[173] = CCZ 8 9 11
[174] = CCZ 14 15 17
[175] = CNOT 9 6
[176] = CNOT 15 12
[177] = CCZ 8 9 11
[178] = CCZ 14 15 17
[179] = CNOT 6 7
[180] = CNOT 12 13
[181] = CCZ 8 9 10
[182] = CCZ 14 15 16
[183] = CCZ 3 4 5
[184] = H 5
[185] = H 10
[186] = H 11
[187] = H 16
[188] = H 17
[189] = H 4
[190] = H 9
[191] = H 15
[192] = CCZ 1 2 4
[193] = CCZ 6 7 9
[194] = CCZ 12 13 15
[195] = H 4
[196] = H 9
[197] = H 15
[198] = CNOT 5 4
[199] = CNOT 10 9
[200] = CNOT 16 15
[201] = CNOT 3 4
[202] = CNOT 8 9
[203] = CNOT 14 15

Algorithm used: todd_exp_0000

UniversalOptimize begin.
	Gate synthesis begin.
A_BMS
BMSparse object. Dims: 95x287
23533 12338 23530 23527 12334 24674 4297 24672 20366 20365 13477 13763 12328 12326 15769 24378 15768 10602 23800 10598 23799 22938 22937 22936 10595 24369 18054 10592 10591 12311 12022 10300 3436 12308 12021 10585 11157 11730 10295 11729 11154 18056 10293 11727 18055 10292 18327 18326 3401 12297 10859 9711 10858 10570 9709 9708 10568 6262 6260 6259 19747 19746 12858 5969 14004 5968 16058 21603 16057 21602 1585 107 13632 12025 4262 5371 392 1538 9653 2414 24664 21337 6996 14759 21336 18090 10430 1774 2393 21869 1922 15879 15757 5776 4153 7940 12147 10424 16736 5375 3246 87 9712 14148 85 14151 22110 657 656 12131 3259 13282 3544 2089 7499 26217 2954 10596 23904 641 20655 1802 2375 1834 12132 5298 1797 20651 23978 1539 1796 4836 1509 23241 21023 1546 15881 16422 21021 13988 70 23902 3885 3302 643 6995 14758 8104 11732 642 9251 3300 13734 25933 10407 10408 25934 16737 1519 11155 65 10277 2514 11153 63 26031 4201 1782 24504 1781 3833 10571 23879 17928 919 10569 23877 21868 917 1458 18229 10100 20379 3608 23343 5794 13462 3481 18088 12299 5645 26218 1820 9935 5066 24436 12958 21894 7287 10533 7502 22109 15122 1814 15880 14150 22117 10431 1559 2093 12074 14149 19018 22116 18687 22550 7943 372 14411 23553 3591 24150 19809 3579 23836 32 23240 21022 3278 351 2245 13335 2515 4287 3178 393 10374 15516 13352 7942 21826 13509 23247 3196 16721 23754 12192 14410 21971 23834 30 3276 21825 14409 16425 21970 1772 15515 7941 8062 5357 22481 13461 24551 17806 3521 23824 3266 21893 10532 19016 20125 1745 72 17805 5362 887 17522 1833 3194 23752 12960 23551 15517 12190 6239 357 22147 23256 17804 15640 21262 17069 11524 10442 655 3901 5795 3482 18089 20377 10098 22393 24143 23249 3065 7501 10422 1550 23544 886 17521 350 1459 918 18230 21261 11523 22394 6164 13438 2348 23254 12154 1525 20378 373 17523 888 6993 14756 9211 358 3185 3472 16423 12095 21553 9651 21554 1496 17022 317 3563 18685 3537 10299 318 23581 3564 6810 23826 11383 14412 12194 24233 18688 8950 1917 1469 19322 4203 1470 8503 22569 3600 24205 12844 12961 10429 6994 8103 14757 12323 23413 22480 15826 12337 5683 3465 22318 11322 13540 5793 22940 12959 15123 9209 1756 17445 4069 21815 1769 17520 21816 1770 1771 23411 3935 23583 3186 10382 6261 1825 8778 12105 23802 3840 2406 15931 7288 7289 1837 24223 1838 10448 19058 3533 22386 19059 22305 17436 1553 23242 21024 3280 23529 24638 3567 19352 4745 1846 20240 19807 15371 223 13326 23740 1560 20528 11319 12467 11320 12023 5369 12181 20296 6637 12182 3597 12469 12470 1566 23747 2427 24239 8951 6733 1568 1569 23749 17927 19806 24242 4727 22146 3293 16680 5590 23984 6738 12310 5656 3295 19367 19368 17073 1548 17074 1577 5364 3179 24250 1511 15928 5649 23341 5597 5489 9925 10607 6171 15368 24565 10593 13920 13634 20522 3303 23432 24541 5065 3304 13312 2222 3898 17423 3305 2223 13637 3899 3306 2224 11236 24544 23245 12155 9937 7286 26139 5068 12180 3308 26030 11238 24546 5318 5892 13928 3884 12208 20297 13643 12471 3599 7500 4173 20298 13644 3906 12210 16424 21969 15369 221 20654 1801 23981 19808 15372 21974 3609 22551 3610 8777 3367 3900 13254 9927 12224 2180 2949 8494 22560 2988 9642 13429 24361 2181 8495 20343 9253 22561 2182 11379 9644 18324 3907 23423 19721 4195 5872 3654 8787 12331 23421 22312 24158 4196 13636 3655 2134 8788 4197 12853 9130 4694 25765 2476 25766 2477 8504 22570 23430 10856 4202 11666 11380 26138 5067 3905 11668 5644 5359 13294 2204 15120 5382 105 5650 15121 5383 1924 10302 3648 12845 1494 13693 5658 22306 13761 23742 23980 6236 22387 24605 2051 18686 5378 509 10861 19733 3464 22317 10279 8061 2516 23797 508 9129 23546 3584 25764 2478 25767 22313 5678 17446 1662 15725 12335 5681 

[Experimental TODD] Flags - Packed: 0, AA Table: 0, Memo: 0, Sketch: 0 (margin=20)
--- Round 0 | Current Columns: 287 ---
  [HIT!] Pair(2,286) Dist=1 | 287 -> 285 columns
Round 0 Finished in 2546 ms.
--- Round 1 | Current Columns: 285 ---
  [HIT!] Pair(0,94) Dist=1 | 285 -> 281 columns
Round 1 Finished in 1001 ms.
--- Round 2 | Current Columns: 281 ---
  [HIT!] Pair(0,78) Dist=1 | 281 -> 279 columns
Round 2 Finished in 989 ms.
--- Round 3 | Current Columns: 279 ---
  [HIT!] Pair(3,159) Dist=1 | 279 -> 271 columns
Round 3 Finished in 4383 ms.
--- Round 4 | Current Columns: 271 ---
  [HIT!] Pair(12,268) Dist=1 | 271 -> 269 columns
Round 4 Finished in 7902 ms.
--- Round 5 | Current Columns: 269 ---
  [HIT!] Pair(4,262) Dist=1 | 269 -> 267 columns
Round 5 Finished in 4542 ms.
--- Round 6 | Current Columns: 267 ---
  [HIT!] Pair(10,17) Dist=1 | 267 -> 262 columns
Round 6 Finished in 5470 ms.
--- Round 7 | Current Columns: 262 ---
  [HIT!] Pair(19,215) Dist=1 | 262 -> 258 columns
Round 7 Finished in 9913 ms.
--- Round 8 | Current Columns: 258 ---
  [HIT!] Pair(159,211) Dist=1 | 258 -> 256 columns
Round 8 Finished in 41321 ms.
--- Round 9 | Current Columns: 256 ---
  [HIT!] Pair(3,4) Dist=2 | 256 -> 250 columns
Round 9 Finished in 52213 ms.
--- Round 10 | Current Columns: 250 ---
  [HIT!] Pair(5,92) Dist=2 | 250 -> 242 columns
Round 10 Finished in 54550 ms.
--- Round 11 | Current Columns: 242 ---
  [HIT!] Pair(10,99) Dist=2 | 242 -> 240 columns
Round 11 Finished in 63619 ms.
--- Round 12 | Current Columns: 240 ---
  [HIT!] Pair(10,166) Dist=2 | 240 -> 238 columns
Round 12 Finished in 63370 ms.
--- Round 13 | Current Columns: 238 ---
  [HIT!] Pair(12,42) Dist=2 | 238 -> 232 columns
Round 13 Finished in 58933 ms.
--- Round 14 | Current Columns: 232 ---
  [HIT!] Pair(80,202) Dist=1 | 232 -> 230 columns
Round 14 Finished in 26741 ms.
--- Round 15 | Current Columns: 230 ---
  [HIT!] Pair(20,92) Dist=2 | 230 -> 222 columns
Round 15 Finished in 58850 ms.
--- Round 16 | Current Columns: 222 ---
  [HIT!] Pair(20,33) Dist=2 | 222 -> 220 columns
Round 16 Finished in 56204 ms.
--- Round 17 | Current Columns: 220 ---
  [HIT!] Pair(20,30) Dist=2 | 220 -> 214 columns
Round 17 Finished in 54656 ms.
--- Round 18 | Current Columns: 214 ---
  [HIT!] Pair(23,34) Dist=2 | 214 -> 210 columns
Round 18 Finished in 54119 ms.
--- Round 19 | Current Columns: 210 ---
  [HIT!] Pair(11,91) Dist=1 | 210 -> 207 columns
Round 19 Finished in 6661 ms.
--- Round 20 | Current Columns: 207 ---
  [HIT!] Pair(17,40) Dist=2 | 207 -> 205 columns
Round 20 Finished in 47524 ms.
--- Round 21 | Current Columns: 205 ---
  [HIT!] Pair(24,61) Dist=2 | 205 -> 203 columns
Round 21 Finished in 50344 ms.
--- Round 22 | Current Columns: 203 ---
  [HIT!] Pair(49,60) Dist=1 | 203 -> 201 columns
Round 22 Finished in 14343 ms.
--- Round 23 | Current Columns: 201 ---
  [HIT!] Pair(37,89) Dist=2 | 201 -> 199 columns
Round 23 Finished in 57606 ms.
--- Round 24 | Current Columns: 199 ---
  [HIT!] Pair(40,191) Dist=2 | 199 -> 195 columns
Round 24 Finished in 59343 ms.
--- Round 25 | Current Columns: 195 ---
  [HIT!] Pair(44,51) Dist=2 | 195 -> 193 columns
Round 25 Finished in 59375 ms.
--- Round 26 | Current Columns: 193 ---
  [HIT!] Pair(46,78) Dist=1 | 193 -> 191 columns
Round 26 Finished in 13323 ms.
--- Round 27 | Current Columns: 191 ---
  [HIT!] Pair(56,157) Dist=2 | 191 -> 185 columns
Round 27 Finished in 49519 ms.
--- Round 28 | Current Columns: 185 ---
  [HIT!] Pair(59,103) Dist=2 | 185 -> 183 columns
Round 28 Finished in 48177 ms.
--- Round 29 | Current Columns: 183 ---
  [HIT!] Pair(59,165) Dist=2 | 183 -> 179 columns
Round 29 Finished in 46470 ms.
--- Round 30 | Current Columns: 179 ---
  [HIT!] Pair(66,149) Dist=2 | 179 -> 177 columns
Round 30 Finished in 57514 ms.
--- Round 31 | Current Columns: 177 ---
  [HIT!] Pair(70,85) Dist=2 | 177 -> 169 columns
Round 31 Finished in 58285 ms.
--- Round 32 | Current Columns: 169 ---
  [HIT!] Pair(89,124) Dist=2 | 169 -> 167 columns
Round 32 Finished in 60313 ms.
--- Round 33 | Current Columns: 167 ---
  [HIT!] Pair(110,141) Dist=2 | 167 -> 165 columns
Round 33 Finished in 63031 ms.
--- Round 34 | Current Columns: 165 ---
  [HIT!] Pair(139,161) Dist=2 | 165 -> 163 columns
Round 34 Finished in 67289 ms.
--- Round 35 | Current Columns: 163 ---
  [HIT!] Pair(23,33) Dist=3 | 163 -> 161 columns
Round 35 Finished in 79724 ms.
--- Round 36 | Current Columns: 161 ---
  [HIT!] Pair(20,150) Dist=1 | 161 -> 159 columns
Round 36 Finished in 6851 ms.
--- Round 37 | Current Columns: 159 ---
  [HIT!] Pair(33,73) Dist=2 | 159 -> 157 columns
Round 37 Finished in 35333 ms.
--- Round 38 | Current Columns: 157 ---
  [HIT!] Pair(20,72) Dist=3 | 157 -> 155 columns
Round 38 Finished in 70490 ms.
--- Round 39 | Current Columns: 155 ---
  [HIT!] Pair(24,38) Dist=3 | 155 -> 153 columns
Round 39 Finished in 67637 ms.
--- Round 40 | Current Columns: 153 ---
  [HIT!] Pair(24,136) Dist=1 | 153 -> 151 columns
Round 40 Finished in 5923 ms.
--- Round 41 | Current Columns: 151 ---
  [HIT!] Pair(8,143) Dist=3 | 151 -> 149 columns
Round 41 Finished in 58582 ms.
--- Round 42 | Current Columns: 149 ---
  [HIT!] Pair(3,39) Dist=2 | 149 -> 147 columns
Round 42 Finished in 20608 ms.
--- Round 43 | Current Columns: 147 ---
  [HIT!] Pair(71,72) Dist=2 | 147 -> 145 columns
Round 43 Finished in 39657 ms.
--- Round 44 | Current Columns: 145 ---
  [HIT!] Pair(11,30) Dist=5 | 145 -> 143 columns
Round 44 Finished in 127440 ms.
--- Round 45 | Current Columns: 143 ---
  [HIT!] Pair(42,132) Dist=5 | 143 -> 141 columns
Round 45 Finished in 141863 ms.
--- Round 46 | Current Columns: 141 ---
  [HIT!] Pair(48,70) Dist=5 | 141 -> 139 columns
Round 46 Finished in 146836 ms.
--- Round 47 | Current Columns: 139 ---
  [HIT!] Pair(1,48) Dist=6 | 139 -> 137 columns
Round 47 Finished in 166242 ms.
--- Round 48 | Current Columns: 137 ---
  [HIT!] Pair(77,122) Dist=4 | 137 -> 135 columns
Round 48 Finished in 102005 ms.
--- Round 49 | Current Columns: 135 ---
  [HIT!] Pair(54,99) Dist=6 | 135 -> 133 columns
Round 49 Finished in 187808 ms.
--- Round 50 | Current Columns: 133 ---
  [HIT!] Pair(0,120) Dist=10 | 133 -> 131 columns
Round 50 Finished in 480012 ms.
--- Round 51 | Current Columns: 131 ---
  [HIT!] Pair(8,53) Dist=9 | 131 -> 129 columns
Round 51 Finished in 461311 ms.
--- Round 52 | Current Columns: 129 ---
  [HIT!] Pair(11,78) Dist=13 | 129 -> 127 columns
Round 52 Finished in 1000910 ms.
--- Round 53 | Current Columns: 127 ---
  [HIT!] Pair(34,98) Dist=5 | 127 -> 125 columns
Round 53 Finished in 75710 ms.
--- Round 54 | Current Columns: 125 ---
Round 54 Finished in 934498 ms.

=== Optimization Summary ===
Algorithm       : LempelX2_M4RI_Experimental
Initial T-count : 287
Final T-count   : 125
Total Reduced   : 162 gates
Execution Time  : 5589932 ms
Chi calculation : 225260 ms
AA Table calc   : 0 ms
Nullspace calc  : 5.3329e+06 ms
--- Sketch Statistics ---
Sketch margin   : delta = 20
Sketch time     : 0 ms
Pairs tested    : 29228
Sketch fired    : 0
Sketch skipped  : 0 (chi_rows <= m+delta)
Sketch rejected : 0 (nullspace empty)
Sketch passed   : 0 (nullspace non-empty)
Full NS empty   : 0 (of 29228 computed)
============================
		TODD executed in 5581.9 seconds.
		Total time: 5581.99s
	Gate synthesis end.
	Total time: 6566.82s
UniversalOptimize end.
Output circuit:
n 95
n_x 24
n_y 0
n_z 71
m 17301
[0] = H 11
[1] = H 17
[2] = H 24
[3] = H 18
[4] = H 25
[5] = H 26
[6] = H 27
[7] = H 28
[8] = H 29
[9] = H 30
[10] = H 31
[11] = H 32
[12] = H 33
[13] = H 34
[14] = H 35
[15] = H 36
[16] = H 37
[17] = H 38
[18] = H 39
[19] = H 40
[20] = H 41
[21] = H 42
[22] = H 43
[23] = H 44
[24] = H 45
[25] = H 46
[26] = H 47
[27] = H 48
[28] = H 49
[29] = H 50
[30] = H 51
[31] = H 52
[32] = H 53
[33] = H 54
[34] = H 55
[35] = H 56
[36] = H 57
[37] = H 58
[38] = H 59
[39] = H 60
[40] = H 61
[41] = H 62
[42] = H 63
[43] = H 64
[44] = H 65
[45] = H 66
[46] = H 67
[47] = H 68
[48] = H 69
[49] = H 70
[50] = H 71
[51] = H 72
[52] = H 73
[53] = H 74
[54] = H 75
[55] = H 76
[56] = H 77
[57] = H 78
[58] = H 79
[59] = H 80
[60] = H 81
[61] = H 82
[62] = H 83
[63] = H 84
[64] = H 85
[65] = H 86
[66] = H 87
[67] = H 88
[68] = H 89
[69] = H 90
[70] = H 91
[71] = H 92
[72] = H 93
[73] = H 94
[74] = H 95
[75] = CNOT 6 13
[76] = CNOT 6 14
[77] = CNOT 6 15
[78] = CNOT 6 35
[79] = CNOT 6 37
[80] = CNOT 6 38
[81] = CNOT 6 78
[82] = CNOT 6 79
[83] = CNOT 6 80
[84] = CNOT 6 82
[85] = T 6
[86] = CNOT 6 35
[87] = CNOT 6 15
[88] = CNOT 6 14
[89] = CNOT 6 13
[90] = CNOT 6 12
[91] = CNOT 6 43
[92] = CNOT 6 60
[93] = CNOT 6 68
[94] = T 6
[95] = CNOT 6 68
[96] = CNOT 6 60
[97] = CNOT 6 43
[98] = CNOT 6 12
[99] = CNOT 6 13
[100] = CNOT 6 36
[101] = CNOT 6 81
[102] = T 6
[103] = CNOT 6 36
[104] = CNOT 6 13
[105] = CNOT 6 20
[106] = CNOT 6 24
[107] = CNOT 6 28
[108] = CNOT 6 32
[109] = CNOT 6 42
[110] = CNOT 6 43
[111] = CNOT 6 45
[112] = CNOT 6 49
[113] = CNOT 6 53
[114] = CNOT 6 61
[115] = CNOT 6 69
[116] = T 6
[117] = CNOT 6 82
[118] = CNOT 6 81
[119] = CNOT 6 80
[120] = CNOT 6 79
[121] = CNOT 6 78
[122] = CNOT 6 69
[123] = CNOT 6 61
[124] = CNOT 6 53
[125] = CNOT 6 49
[126] = CNOT 6 45
[127] = CNOT 6 43
[128] = CNOT 6 42
[129] = CNOT 6 32
[130] = CNOT 6 28
[131] = CNOT 6 24
[132] = CNOT 6 20
[133] = CNOT 6 7
[134] = CNOT 6 34
[135] = T 6
[136] = CNOT 6 34
[137] = CNOT 6 7
[138] = CNOT 6 41
[139] = CNOT 6 42
[140] = CNOT 6 78
[141] = CNOT 6 79
[142] = CNOT 6 80
[143] = CNOT 6 81
[144] = CNOT 6 82
[145] = T 6
[146] = CNOT 6 41
[147] = CNOT 6 36
[148] = CNOT 6 39
[149] = T 6
[150] = CNOT 6 82
[151] = CNOT 6 81
[152] = CNOT 6 42
[153] = CNOT 6 39
[154] = CNOT 6 36
[155] = CNOT 6 13
[156] = CNOT 6 14
[157] = CNOT 6 15
[158] = CNOT 6 56
[159] = CNOT 6 64
[160] = CNOT 6 72
[161] = T 6
[162] = CNOT 6 72
[163] = CNOT 6 64
[164] = CNOT 6 56
[165] = CNOT 6 15
[166] = CNOT 6 14
[167] = CNOT 6 13
[168] = CNOT 6 44
[169] = CNOT 6 81
[170] = T 6
[171] = CNOT 6 81
[172] = CNOT 6 79
[173] = CNOT 6 44
[174] = CNOT 6 13
[175] = CNOT 6 14
[176] = CNOT 6 15
[177] = CNOT 6 56
[178] = CNOT 6 64
[179] = CNOT 6 72
[180] = T 6
[181] = CNOT 6 72
[182] = CNOT 6 64
[183] = CNOT 6 56
[184] = CNOT 6 37
[185] = CNOT 6 15
[186] = CNOT 6 14
[187] = CNOT 6 13
[188] = CNOT 37 38
[189] = CNOT 37 80
[190] = T 37
[191] = S 37
[192] = Z 37
[193] = CNOT 37 80
[194] = CNOT 37 38
[195] = CNOT 6 37
[196] = CNOT 6 43
[197] = CNOT 6 44
[198] = CNOT 6 79
[199] = CNOT 6 81
[200] = T 6
[201] = CNOT 6 81
[202] = CNOT 6 80
[203] = CNOT 6 79
[204] = CNOT 6 78
[205] = CNOT 6 44
[206] = CNOT 6 43
[207] = CNOT 6 38
[208] = CNOT 6 37
[209] = CNOT 6 7
[210] = CNOT 6 34
[211] = T 6
[212] = S 6
[213] = CNOT 6 34
[214] = CNOT 6 7
[215] = CNOT 6 37
[216] = CNOT 6 38
[217] = CNOT 6 54
[218] = CNOT 6 60
[219] = CNOT 6 62
[220] = CNOT 6 68
[221] = CNOT 6 70
[222] = CNOT 6 77
[223] = CNOT 6 78
[224] = CNOT 6 79
[225] = CNOT 6 80
[226] = CNOT 6 82
[227] = CNOT 6 84
[228] = T 6
[229] = CNOT 6 84
[230] = T 6
[231] = CNOT 6 77
[232] = CNOT 6 84
[233] = T 6
[234] = CNOT 6 84
[235] = T 6
[236] = CNOT 6 82
[237] = CNOT 6 79
[238] = CNOT 6 78
[239] = CNOT 6 70
[240] = CNOT 6 68
[241] = CNOT 6 62
[242] = CNOT 6 60
[243] = CNOT 6 54
[244] = CNOT 6 7
[245] = CNOT 6 8
[246] = CNOT 6 9
[247] = CNOT 6 55
[248] = CNOT 6 63
[249] = CNOT 6 71
[250] = CNOT 6 83
[251] = T 6
[252] = CNOT 6 80
[253] = CNOT 6 71
[254] = CNOT 6 63
[255] = CNOT 6 55
[256] = CNOT 6 37
[257] = CNOT 6 9
[258] = CNOT 6 8
[259] = T 6
[260] = CNOT 6 83
[261] = CNOT 6 8
[262] = CNOT 6 9
[263] = CNOT 6 37
[264] = CNOT 6 47
[265] = CNOT 6 55
[266] = CNOT 6 63
[267] = CNOT 6 71
[268] = CNOT 6 80
[269] = CNOT 6 85
[270] = T 6
[271] = CNOT 6 85
[272] = CNOT 6 71
[273] = CNOT 6 63
[274] = CNOT 6 55
[275] = CNOT 6 47
[276] = CNOT 6 9
[277] = CNOT 6 8
[278] = CNOT 6 7
[279] = CNOT 6 21
[280] = CNOT 6 22
[281] = CNOT 6 36
[282] = CNOT 6 42
[283] = CNOT 6 43
[284] = CNOT 6 78
[285] = CNOT 6 79
[286] = CNOT 6 81
[287] = CNOT 6 82
[288] = T 6
[289] = CNOT 6 81
[290] = CNOT 6 42
[291] = CNOT 6 36
[292] = CNOT 6 22
[293] = CNOT 6 21
[294] = CNOT 6 12
[295] = CNOT 6 27
[296] = CNOT 6 52
[297] = CNOT 6 76
[298] = CNOT 6 92
[299] = T 6
[300] = CNOT 6 13
[301] = T 6
[302] = CNOT 6 92
[303] = CNOT 6 76
[304] = CNOT 6 52
[305] = CNOT 6 27
[306] = CNOT 6 14
[307] = CNOT 6 15
[308] = CNOT 6 56
[309] = CNOT 6 64
[310] = CNOT 6 72
[311] = T 6
[312] = CNOT 6 72
[313] = CNOT 6 64
[314] = CNOT 6 56
[315] = CNOT 6 15
[316] = CNOT 6 14
[317] = CNOT 6 13
[318] = CNOT 6 12
[319] = CNOT 6 21
[320] = CNOT 6 22
[321] = CNOT 6 24
[322] = CNOT 6 32
[323] = CNOT 6 42
[324] = CNOT 6 49
[325] = CNOT 6 81
[326] = T 6
[327] = CNOT 6 81
[328] = CNOT 6 49
[329] = CNOT 6 43
[330] = CNOT 6 42
[331] = CNOT 6 32
[332] = CNOT 6 24
[333] = CNOT 6 22
[334] = CNOT 6 21
[335] = CNOT 6 29
[336] = CNOT 6 33
[337] = CNOT 6 60
[338] = CNOT 6 68
[339] = T 6
[340] = CNOT 6 33
[341] = T 6
[342] = CNOT 6 29
[343] = CNOT 6 33
[344] = T 6
[345] = CNOT 6 68
[346] = CNOT 6 60
[347] = CNOT 6 33
[348] = CNOT 6 12
[349] = CNOT 6 27
[350] = CNOT 6 36
[351] = CNOT 6 43
[352] = CNOT 6 52
[353] = CNOT 6 81
[354] = T 6
[355] = CNOT 6 13
[356] = T 6
[357] = CNOT 6 81
[358] = CNOT 6 52
[359] = CNOT 6 43
[360] = CNOT 6 36
[361] = CNOT 6 27
[362] = CNOT 6 12
[363] = CNOT 6 14
[364] = CNOT 6 15
[365] = CNOT 6 31
[366] = CNOT 6 35
[367] = T 6
[368] = CNOT 6 35
[369] = CNOT 6 31
[370] = CNOT 6 15
[371] = CNOT 6 14
[372] = CNOT 6 13
[373] = CNOT 6 19
[374] = CNOT 6 24
[375] = CNOT 6 28
[376] = CNOT 6 32
[377] = CNOT 6 42
[378] = CNOT 6 43
[379] = CNOT 6 45
[380] = CNOT 6 49
[381] = CNOT 6 53
[382] = CNOT 6 81
[383] = T 6
[384] = CNOT 6 61
[385] = CNOT 6 69
[386] = T 6
[387] = CNOT 6 69
[388] = CNOT 6 61
[389] = CNOT 6 53
[390] = CNOT 6 49
[391] = CNOT 6 45
[392] = CNOT 6 43
[393] = CNOT 6 32
[394] = CNOT 6 28
[395] = CNOT 6 24
[396] = CNOT 6 19
[397] = CNOT 6 18
[398] = CNOT 6 39
[399] = CNOT 6 40
[400] = CNOT 6 41
[401] = CNOT 6 46
[402] = T 6
[403] = CNOT 6 82
[404] = CNOT 6 46
[405] = CNOT 6 42
[406] = CNOT 6 41
[407] = CNOT 6 39
[408] = CNOT 6 18
[409] = CNOT 6 43
[410] = CNOT 6 44
[411] = T 6
[412] = CNOT 6 44
[413] = CNOT 6 43
[414] = CNOT 6 40
[415] = CNOT 6 36
[416] = CNOT 6 39
[417] = CNOT 6 41
[418] = CNOT 6 42
[419] = CNOT 6 82
[420] = T 6
[421] = CNOT 6 41
[422] = CNOT 6 39
[423] = CNOT 6 36
[424] = CNOT 6 19
[425] = CNOT 6 20
[426] = CNOT 6 21
[427] = CNOT 6 22
[428] = CNOT 6 32
[429] = CNOT 6 43
[430] = T 6
[431] = CNOT 6 82
[432] = CNOT 6 81
[433] = CNOT 6 79
[434] = CNOT 6 78
[435] = CNOT 6 43
[436] = CNOT 6 42
[437] = CNOT 6 37
[438] = CNOT 6 32
[439] = CNOT 6 22
[440] = CNOT 6 21
[441] = CNOT 6 20
[442] = CNOT 6 19
[443] = CNOT 6 83
[444] = T 6
[445] = CNOT 6 83
[446] = CNOT 6 13
[447] = CNOT 6 17
[448] = CNOT 6 37
[449] = CNOT 6 48
[450] = CNOT 6 78
[451] = CNOT 6 79
[452] = CNOT 6 82
[453] = T 6
[454] = CNOT 6 48
[455] = CNOT 6 17
[456] = CNOT 6 13
[457] = CNOT 6 24
[458] = CNOT 6 28
[459] = CNOT 6 32
[460] = CNOT 6 42
[461] = CNOT 6 43
[462] = CNOT 6 49
[463] = CNOT 6 53
[464] = CNOT 6 61
[465] = CNOT 6 69
[466] = CNOT 6 81
[467] = T 6
[468] = CNOT 6 69
[469] = CNOT 6 61
[470] = CNOT 6 53
[471] = CNOT 6 28
[472] = CNOT 6 19
[473] = T 6
[474] = CNOT 6 81
[475] = CNOT 6 49
[476] = CNOT 6 42
[477] = CNOT 6 32
[478] = CNOT 6 24
[479] = CNOT 6 19
[480] = CNOT 6 12
[481] = CNOT 6 13
[482] = CNOT 6 14
[483] = CNOT 6 15
[484] = CNOT 6 48
[485] = CNOT 6 56
[486] = CNOT 6 64
[487] = CNOT 6 72
[488] = CNOT 6 86
[489] = T 6
[490] = CNOT 6 86
[491] = CNOT 6 72
[492] = CNOT 6 64
[493] = CNOT 6 56
[494] = CNOT 6 48
[495] = CNOT 6 15
[496] = CNOT 6 14
[497] = CNOT 6 13
[498] = CNOT 6 12
[499] = CNOT 6 21
[500] = CNOT 6 22
[501] = CNOT 6 42
[502] = CNOT 6 81
[503] = T 6
[504] = CNOT 6 43
[505] = CNOT 6 22
[506] = CNOT 6 21
[507] = CNOT 6 39
[508] = CNOT 6 40
[509] = CNOT 6 41
[510] = T 6
[511] = CNOT 6 41
[512] = CNOT 11 37
[513] = CNOT 11 47
[514] = T 11
[515] = Z 11
[516] = CNOT 11 47
[517] = CNOT 11 37
[518] = T 6
[519] = CNOT 6 40
[520] = CNOT 6 39
[521] = CNOT 6 20
[522] = CNOT 6 24
[523] = CNOT 6 28
[524] = CNOT 6 32
[525] = CNOT 6 43
[526] = CNOT 6 49
[527] = CNOT 6 53
[528] = T 6
[529] = CNOT 6 82
[530] = CNOT 6 81
[531] = CNOT 6 79
[532] = CNOT 6 53
[533] = CNOT 6 49
[534] = CNOT 6 43
[535] = CNOT 6 42
[536] = CNOT 6 32
[537] = CNOT 6 28
[538] = CNOT 6 24
[539] = CNOT 6 20
[540] = CNOT 6 83
[541] = T 6
[542] = CNOT 6 83
[543] = CNOT 6 19
[544] = CNOT 6 20
[545] = CNOT 6 32
[546] = CNOT 6 42
[547] = CNOT 6 43
[548] = CNOT 6 79
[549] = CNOT 6 81
[550] = CNOT 6 82
[551] = T 6
[552] = CNOT 6 19
[553] = CNOT 6 24
[554] = CNOT 6 28
[555] = CNOT 6 45
[556] = CNOT 6 49
[557] = CNOT 6 53
[558] = T 6
[559] = CNOT 6 81
[560] = CNOT 6 79
[561] = CNOT 6 53
[562] = CNOT 6 49
[563] = CNOT 6 45
[564] = CNOT 6 43
[565] = CNOT 6 42
[566] = CNOT 6 32
[567] = CNOT 6 28
[568] = CNOT 6 24
[569] = CNOT 6 20
[570] = CNOT 6 13
[571] = CNOT 6 14
[572] = CNOT 6 15
[573] = CNOT 6 56
[574] = CNOT 6 64
[575] = CNOT 6 72
[576] = T 6
[577] = CNOT 6 72
[578] = CNOT 6 64
[579] = CNOT 6 56
[580] = CNOT 6 15
[581] = CNOT 6 14
[582] = CNOT 6 13
[583] = CNOT 6 19
[584] = CNOT 6 24
[585] = CNOT 6 28
[586] = CNOT 6 32
[587] = CNOT 6 42
[588] = CNOT 6 43
[589] = CNOT 6 49
[590] = CNOT 6 53
[591] = CNOT 6 79
[592] = CNOT 6 81
[593] = T 6
[594] = CNOT 6 82
[595] = CNOT 6 53
[596] = CNOT 6 49
[597] = CNOT 6 43
[598] = CNOT 6 42
[599] = CNOT 6 32
[600] = CNOT 6 28
[601] = CNOT 6 24
[602] = CNOT 6 19
[603] = CNOT 8 9
[604] = CNOT 8 37
[605] = T 8
[606] = S 8
[607] = Z 8
[608] = CNOT 8 37
[609] = CNOT 8 9
[610] = CNOT 6 40
[611] = CNOT 6 44
[612] = T 6
[613] = CNOT 6 44
[614] = CNOT 6 40
[615] = CNOT 7 8
[616] = CNOT 7 9
[617] = CNOT 7 38
[618] = CNOT 7 47
[619] = CNOT 7 55
[620] = CNOT 7 63
[621] = CNOT 7 71
[622] = CNOT 7 80
[623] = CNOT 7 85
[624] = T 7
[625] = CNOT 7 85
[626] = CNOT 7 80
[627] = CNOT 7 71
[628] = CNOT 7 63
[629] = CNOT 7 55
[630] = CNOT 7 47
[631] = CNOT 7 38
[632] = CNOT 7 9
[633] = CNOT 7 8
[634] = CNOT 6 32
[635] = CNOT 6 36
[636] = CNOT 6 42
[637] = CNOT 6 43
[638] = CNOT 6 82
[639] = T 6
[640] = CNOT 6 82
[641] = CNOT 6 43
[642] = CNOT 6 42
[643] = CNOT 6 36
[644] = CNOT 6 32
[645] = CNOT 6 40
[646] = T 6
[647] = CNOT 6 40
[648] = CNOT 6 18
[649] = CNOT 6 39
[650] = CNOT 6 42
[651] = CNOT 6 46
[652] = CNOT 6 82
[653] = T 6
[654] = CNOT 6 41
[655] = T 6
[656] = CNOT 6 82
[657] = CNOT 6 81
[658] = CNOT 6 80
[659] = CNOT 6 79
[660] = CNOT 6 78
[661] = CNOT 6 46
[662] = CNOT 6 42
[663] = CNOT 6 41
[664] = CNOT 6 39
[665] = CNOT 6 38
[666] = CNOT 6 18
[667] = CNOT 6 7
[668] = CNOT 6 8
[669] = CNOT 6 9
[670] = CNOT 6 34
[671] = T 6
[672] = CNOT 6 37
[673] = CNOT 6 34
[674] = CNOT 6 9
[675] = CNOT 6 8
[676] = CNOT 6 38
[677] = CNOT 6 75
[678] = CNOT 6 80
[679] = CNOT 6 83
[680] = CNOT 6 91
[681] = T 6
[682] = CNOT 6 91
[683] = CNOT 6 83
[684] = CNOT 6 75
[685] = CNOT 6 7
[686] = CNOT 6 19
[687] = CNOT 6 20
[688] = CNOT 6 24
[689] = CNOT 6 28
[690] = CNOT 6 32
[691] = CNOT 6 37
[692] = CNOT 6 42
[693] = CNOT 6 43
[694] = CNOT 6 49
[695] = CNOT 6 53
[696] = CNOT 6 61
[697] = CNOT 6 69
[698] = CNOT 6 78
[699] = CNOT 6 79
[700] = CNOT 6 81
[701] = CNOT 6 82
[702] = T 6
[703] = CNOT 6 82
[704] = CNOT 6 81
[705] = CNOT 6 79
[706] = CNOT 6 78
[707] = CNOT 6 69
[708] = CNOT 6 61
[709] = CNOT 6 53
[710] = CNOT 6 49
[711] = CNOT 6 43
[712] = CNOT 6 42
[713] = CNOT 6 32
[714] = CNOT 6 28
[715] = CNOT 6 24
[716] = CNOT 6 20
[717] = CNOT 6 19
[718] = CNOT 6 7
[719] = CNOT 6 75
[720] = CNOT 6 83
[721] = CNOT 6 91
[722] = T 6
[723] = CNOT 6 91
[724] = CNOT 6 83
[725] = CNOT 6 80
[726] = CNOT 6 75
[727] = CNOT 6 38
[728] = CNOT 6 37
[729] = CNOT 6 7
[730] = CNOT 1 2
[731] = CNOT 1 6
[732] = CNOT 1 7
[733] = CNOT 1 37
[734] = CNOT 1 38
[735] = CNOT 1 83
[736] = T 1
[737] = CNOT 1 2
[738] = CNOT 2 6
[739] = CNOT 2 7
[740] = CNOT 2 37
[741] = CNOT 2 38
[742] = CNOT 2 83
[743] = T 2
[744] = CNOT 2 83
[745] = CNOT 2 38
[746] = CNOT 2 37
[747] = CNOT 2 7
[748] = CNOT 2 6
[749] = T 1
[750] = CNOT 1 7
[751] = CNOT 1 6
[752] = CNOT 6 13
[753] = CNOT 6 14
[754] = CNOT 6 15
[755] = CNOT 6 31
[756] = CNOT 6 37
[757] = CNOT 6 38
[758] = CNOT 6 78
[759] = CNOT 6 79
[760] = CNOT 6 80
[761] = CNOT 6 82
[762] = T 6
[763] = CNOT 6 82
[764] = CNOT 6 80
[765] = CNOT 6 79
[766] = CNOT 6 78
[767] = CNOT 6 38
[768] = CNOT 6 37
[769] = CNOT 6 31
[770] = CNOT 6 15
[771] = CNOT 6 14
[772] = CNOT 6 13
[773] = CNOT 3 4
[774] = CNOT 3 6
[775] = CNOT 3 29
[776] = CNOT 3 33
[777] = CNOT 3 37
[778] = CNOT 3 38
[779] = CNOT 3 60
[780] = CNOT 3 68
[781] = CNOT 3 78
[782] = CNOT 3 79
[783] = CNOT 3 80
[784] = CNOT 3 82
[785] = T 3
[786] = CNOT 3 33
[787] = T 3
[788] = CNOT 3 29
[789] = CNOT 3 33
[790] = T 3
[791] = CNOT 3 33
[792] = CNOT 3 6
[793] = CNOT 6 7
[794] = CNOT 6 8
[795] = CNOT 6 9
[796] = CNOT 6 30
[797] = CNOT 6 34
[798] = CNOT 6 37
[799] = T 6
[800] = CNOT 6 34
[801] = CNOT 6 30
[802] = CNOT 6 9
[803] = CNOT 6 8
[804] = CNOT 6 7
[805] = CNOT 6 13
[806] = CNOT 6 14
[807] = CNOT 6 15
[808] = CNOT 6 38
[809] = CNOT 6 48
[810] = CNOT 6 56
[811] = CNOT 6 64
[812] = CNOT 6 72
[813] = CNOT 6 78
[814] = CNOT 6 79
[815] = CNOT 6 80
[816] = CNOT 6 82
[817] = CNOT 6 86
[818] = T 6
[819] = CNOT 6 86
[820] = CNOT 6 72
[821] = CNOT 6 64
[822] = CNOT 6 56
[823] = CNOT 6 48
[824] = CNOT 6 13
[825] = CNOT 6 12
[826] = T 6
[827] = CNOT 6 15
[828] = CNOT 6 14
[829] = CNOT 6 12
[830] = CNOT 6 18
[831] = CNOT 6 39
[832] = CNOT 6 40
[833] = CNOT 6 42
[834] = CNOT 6 46
[835] = CNOT 6 81
[836] = T 6
[837] = CNOT 6 82
[838] = CNOT 6 81
[839] = CNOT 6 80
[840] = CNOT 6 79
[841] = CNOT 6 78
[842] = CNOT 6 46
[843] = CNOT 6 42
[844] = CNOT 6 40
[845] = CNOT 6 39
[846] = CNOT 6 38
[847] = CNOT 6 37
[848] = CNOT 6 18
[849] = CNOT 6 7
[850] = CNOT 6 59
[851] = CNOT 6 67
[852] = CNOT 6 75
[853] = CNOT 6 83
[854] = CNOT 6 91
[855] = T 6
[856] = CNOT 6 91
[857] = CNOT 6 83
[858] = CNOT 6 75
[859] = CNOT 6 67
[860] = CNOT 6 59
[861] = CNOT 6 7
[862] = CNOT 6 37
[863] = CNOT 6 38
[864] = CNOT 6 43
[865] = CNOT 6 78
[866] = CNOT 6 79
[867] = CNOT 6 80
[868] = T 6
[869] = CNOT 6 80
[870] = CNOT 6 79
[871] = CNOT 6 78
[872] = CNOT 6 43
[873] = CNOT 6 38
[874] = CNOT 6 59
[875] = CNOT 6 67
[876] = CNOT 6 75
[877] = CNOT 6 83
[878] = CNOT 6 91
[879] = T 6
[880] = CNOT 6 91
[881] = CNOT 6 83
[882] = CNOT 6 75
[883] = CNOT 6 67
[884] = CNOT 6 59
[885] = CNOT 6 36
[886] = CNOT 6 38
[887] = CNOT 6 41
[888] = CNOT 6 42
[889] = CNOT 6 78
[890] = CNOT 6 79
[891] = CNOT 6 80
[892] = CNOT 6 81
[893] = CNOT 6 82
[894] = T 6
[895] = CNOT 6 82
[896] = CNOT 6 42
[897] = CNOT 6 41
[898] = CNOT 6 36
[899] = CNOT 6 40
[900] = CNOT 6 43
[901] = T 6
[902] = CNOT 6 40
[903] = CNOT 8 9
[904] = CNOT 8 11
[905] = CNOT 8 37
[906] = CNOT 8 47
[907] = T 8
[908] = CNOT 8 47
[909] = CNOT 8 37
[910] = CNOT 8 11
[911] = CNOT 8 9
[912] = CNOT 6 20
[913] = CNOT 6 24
[914] = CNOT 6 32
[915] = CNOT 6 42
[916] = CNOT 6 49
[917] = CNOT 6 82
[918] = T 6
[919] = CNOT 6 82
[920] = CNOT 6 81
[921] = CNOT 6 80
[922] = CNOT 6 79
[923] = CNOT 6 78
[924] = CNOT 6 49
[925] = CNOT 6 43
[926] = CNOT 6 42
[927] = CNOT 6 38
[928] = CNOT 6 37
[929] = CNOT 6 32
[930] = CNOT 6 24
[931] = CNOT 6 20
[932] = CNOT 3 6
[933] = CNOT 3 77
[934] = CNOT 3 84
[935] = T 3
[936] = CNOT 3 84
[937] = T 3
[938] = CNOT 3 77
[939] = CNOT 3 84
[940] = T 3
[941] = CNOT 3 84
[942] = CNOT 3 82
[943] = CNOT 3 80
[944] = CNOT 3 79
[945] = CNOT 3 78
[946] = CNOT 3 68
[947] = CNOT 3 60
[948] = CNOT 3 38
[949] = CNOT 3 37
[950] = CNOT 3 6
[951] = CNOT 6 7
[952] = CNOT 6 11
[953] = CNOT 6 37
[954] = CNOT 6 47
[955] = T 6
[956] = CNOT 6 47
[957] = CNOT 6 11
[958] = CNOT 6 30
[959] = T 6
[960] = CNOT 6 34
[961] = T 6
[962] = CNOT 6 34
[963] = CNOT 6 30
[964] = CNOT 6 7
[965] = CNOT 6 12
[966] = CNOT 6 38
[967] = CNOT 6 43
[968] = CNOT 6 48
[969] = CNOT 6 78
[970] = CNOT 6 79
[971] = CNOT 6 80
[972] = CNOT 6 82
[973] = CNOT 6 86
[974] = T 6
[975] = CNOT 6 86
[976] = CNOT 6 48
[977] = CNOT 6 43
[978] = CNOT 6 12
[979] = CNOT 6 13
[980] = CNOT 6 35
[981] = T 6
[982] = CNOT 6 35
[983] = CNOT 6 31
[984] = T 6
[985] = CNOT 6 82
[986] = CNOT 6 79
[987] = CNOT 6 31
[988] = CNOT 6 13
[989] = CNOT 7 38
[990] = CNOT 7 75
[991] = CNOT 7 80
[992] = CNOT 7 83
[993] = CNOT 7 91
[994] = T 7
[995] = CNOT 7 91
[996] = CNOT 7 83
[997] = CNOT 7 80
[998] = CNOT 7 75
[999] = CNOT 7 38
[1000] = CNOT 6 7
[1001] = CNOT 6 8
[1002] = CNOT 6 9
[1003] = CNOT 6 55
[1004] = CNOT 6 63
[1005] = CNOT 6 71
[1006] = CNOT 6 83
[1007] = T 6
[1008] = CNOT 6 83
[1009] = CNOT 6 71
[1010] = CNOT 6 63
[1011] = CNOT 6 55
[1012] = CNOT 6 9
[1013] = CNOT 6 8
[1014] = CNOT 6 7
[1015] = CNOT 6 19
[1016] = CNOT 6 20
[1017] = CNOT 6 21
[1018] = CNOT 6 22
[1019] = CNOT 6 24
[1020] = CNOT 6 32
[1021] = CNOT 6 42
[1022] = CNOT 6 43
[1023] = CNOT 6 49
[1024] = CNOT 6 79
[1025] = CNOT 6 81
[1026] = CNOT 6 82
[1027] = T 6
[1028] = CNOT 6 81
[1029] = CNOT 6 49
[1030] = CNOT 6 42
[1031] = CNOT 6 32
[1032] = CNOT 6 24
[1033] = CNOT 6 22
[1034] = CNOT 6 21
[1035] = CNOT 6 20
[1036] = CNOT 6 19
[1037] = CNOT 6 13
[1038] = CNOT 6 60
[1039] = CNOT 6 68
[1040] = T 6
[1041] = CNOT 6 82
[1042] = CNOT 6 79
[1043] = CNOT 6 68
[1044] = CNOT 6 60
[1045] = CNOT 6 43
[1046] = CNOT 6 13
[1047] = CNOT 6 7
[1048] = CNOT 6 8
[1049] = CNOT 6 9
[1050] = CNOT 6 55
[1051] = CNOT 6 63
[1052] = CNOT 6 71
[1053] = T 6
[1054] = CNOT 6 71
[1055] = CNOT 6 63
[1056] = CNOT 6 55
[1057] = CNOT 6 9
[1058] = CNOT 6 8
[1059] = CNOT 6 7
[1060] = CNOT 6 13
[1061] = CNOT 6 36
[1062] = CNOT 6 43
[1063] = CNOT 6 79
[1064] = CNOT 6 81
[1065] = CNOT 6 82
[1066] = T 6
[1067] = CNOT 6 81
[1068] = CNOT 6 79
[1069] = CNOT 6 43
[1070] = CNOT 6 36
[1071] = CNOT 6 13
[1072] = T 6
[1073] = CNOT 6 82
[1074] = CNOT 6 78
[1075] = CNOT 6 47
[1076] = CNOT 6 85
[1077] = T 6
[1078] = CNOT 6 85
[1079] = CNOT 6 47
[1080] = CNOT 6 21
[1081] = CNOT 6 22
[1082] = CNOT 6 32
[1083] = CNOT 6 36
[1084] = CNOT 6 42
[1085] = CNOT 6 43
[1086] = CNOT 6 78
[1087] = CNOT 6 79
[1088] = CNOT 6 81
[1089] = CNOT 6 82
[1090] = T 6
[1091] = CNOT 6 81
[1092] = CNOT 6 43
[1093] = CNOT 6 42
[1094] = CNOT 6 36
[1095] = CNOT 6 32
[1096] = CNOT 6 22
[1097] = CNOT 6 21
[1098] = CNOT 7 8
[1099] = CNOT 7 9
[1100] = CNOT 7 38
[1101] = CNOT 7 55
[1102] = CNOT 7 63
[1103] = CNOT 7 71
[1104] = CNOT 7 80
[1105] = T 7
[1106] = CNOT 7 80
[1107] = CNOT 7 71
[1108] = CNOT 7 63
[1109] = CNOT 7 55
[1110] = CNOT 7 38
[1111] = CNOT 7 9
[1112] = CNOT 7 8
[1113] = CNOT 6 27
[1114] = CNOT 6 52
[1115] = CNOT 6 76
[1116] = CNOT 6 92
[1117] = T 6
[1118] = CNOT 6 13
[1119] = T 6
[1120] = CNOT 6 92
[1121] = CNOT 6 76
[1122] = CNOT 6 52
[1123] = CNOT 6 27
[1124] = CNOT 6 13
[1125] = CNOT 6 12
[1126] = CNOT 6 17
[1127] = CNOT 6 48
[1128] = T 6
[1129] = CNOT 6 82
[1130] = CNOT 6 80
[1131] = CNOT 6 79
[1132] = CNOT 6 78
[1133] = CNOT 6 48
[1134] = CNOT 6 38
[1135] = CNOT 6 17
[1136] = CNOT 6 12
[1137] = CNOT 6 7
[1138] = CNOT 6 8
[1139] = CNOT 6 9
[1140] = CNOT 6 30
[1141] = T 6
[1142] = CNOT 6 37
[1143] = CNOT 6 30
[1144] = CNOT 6 9
[1145] = CNOT 6 8
[1146] = CNOT 6 7
[1147] = CNOT 7 37
[1148] = CNOT 7 38
[1149] = CNOT 7 75
[1150] = CNOT 7 80
[1151] = CNOT 7 83
[1152] = CNOT 7 91
[1153] = T 7
[1154] = CNOT 7 91
[1155] = CNOT 7 83
[1156] = CNOT 7 80
[1157] = CNOT 7 75
[1158] = CNOT 7 38
[1159] = CNOT 7 37
[1160] = CNOT 1 2
[1161] = CNOT 1 6
[1162] = CNOT 1 7
[1163] = CNOT 1 25
[1164] = CNOT 1 50
[1165] = CNOT 1 58
[1166] = CNOT 1 66
[1167] = CNOT 1 74
[1168] = CNOT 1 90
[1169] = T 1
[1170] = CNOT 1 2
[1171] = CNOT 2 6
[1172] = CNOT 2 7
[1173] = CNOT 2 25
[1174] = CNOT 2 37
[1175] = CNOT 2 38
[1176] = CNOT 2 50
[1177] = CNOT 2 58
[1178] = CNOT 2 66
[1179] = CNOT 2 74
[1180] = CNOT 2 83
[1181] = CNOT 2 90
[1182] = T 2
[1183] = CNOT 2 90
[1184] = CNOT 2 83
[1185] = CNOT 2 74
[1186] = CNOT 2 66
[1187] = CNOT 2 58
[1188] = CNOT 2 50
[1189] = CNOT 2 38
[1190] = CNOT 2 37
[1191] = CNOT 2 25
[1192] = CNOT 2 7
[1193] = CNOT 2 6
[1194] = T 1
[1195] = CNOT 1 90
[1196] = CNOT 1 83
[1197] = CNOT 1 74
[1198] = CNOT 1 66
[1199] = CNOT 1 58
[1200] = CNOT 1 50
[1201] = CNOT 1 38
[1202] = CNOT 1 37
[1203] = CNOT 1 25
[1204] = CNOT 1 7
[1205] = CNOT 1 6
[1206] = CNOT 6 7
[1207] = CNOT 6 25
[1208] = CNOT 6 37
[1209] = CNOT 6 38
[1210] = CNOT 6 50
[1211] = CNOT 6 58
[1212] = CNOT 6 66
[1213] = CNOT 6 74
[1214] = CNOT 6 83
[1215] = CNOT 6 90
[1216] = T 6
[1217] = CNOT 6 90
[1218] = CNOT 6 83
[1219] = CNOT 6 74
[1220] = CNOT 6 66
[1221] = CNOT 6 58
[1222] = CNOT 6 50
[1223] = CNOT 6 25
[1224] = CNOT 6 7
[1225] = CNOT 6 48
[1226] = CNOT 6 78
[1227] = CNOT 6 79
[1228] = CNOT 6 80
[1229] = CNOT 6 82
[1230] = CNOT 6 86
[1231] = T 6
[1232] = CNOT 6 86
[1233] = CNOT 6 82
[1234] = CNOT 6 80
[1235] = CNOT 6 79
[1236] = CNOT 6 78
[1237] = CNOT 6 48
[1238] = CNOT 6 37
[1239] = CNOT 6 7
[1240] = CNOT 6 34
[1241] = T 6
[1242] = CNOT 6 38
[1243] = CNOT 6 34
[1244] = CNOT 6 26
[1245] = CNOT 6 51
[1246] = CNOT 6 83
[1247] = T 6
[1248] = CNOT 6 7
[1249] = CNOT 7 26
[1250] = CNOT 7 51
[1251] = CNOT 7 83
[1252] = T 7
[1253] = CNOT 7 51
[1254] = CNOT 7 26
[1255] = T 6
[1256] = CNOT 6 83
[1257] = CNOT 6 51
[1258] = CNOT 6 26
[1259] = CNOT 26 51
[1260] = CNOT 26 83
[1261] = T 26
[1262] = Z 26
[1263] = CNOT 26 83
[1264] = CNOT 26 51
[1265] = CNOT 6 12
[1266] = CNOT 6 14
[1267] = CNOT 6 15
[1268] = CNOT 6 17
[1269] = CNOT 6 37
[1270] = CNOT 6 38
[1271] = CNOT 6 48
[1272] = CNOT 6 78
[1273] = CNOT 6 79
[1274] = CNOT 6 80
[1275] = CNOT 6 82
[1276] = T 6
[1277] = CNOT 6 82
[1278] = CNOT 6 80
[1279] = CNOT 6 79
[1280] = CNOT 6 78
[1281] = CNOT 6 48
[1282] = CNOT 6 38
[1283] = CNOT 6 17
[1284] = CNOT 6 15
[1285] = CNOT 6 14
[1286] = CNOT 6 12
[1287] = CNOT 7 37
[1288] = CNOT 7 59
[1289] = CNOT 7 67
[1290] = CNOT 7 75
[1291] = CNOT 7 91
[1292] = T 7
[1293] = CNOT 7 91
[1294] = CNOT 7 83
[1295] = CNOT 7 75
[1296] = CNOT 7 67
[1297] = CNOT 7 59
[1298] = CNOT 7 37
[1299] = CNOT 59 67
[1300] = CNOT 59 75
[1301] = CNOT 59 83
[1302] = CNOT 59 91
[1303] = T 59
[1304] = CNOT 59 91
[1305] = CNOT 59 83
[1306] = CNOT 59 75
[1307] = CNOT 59 67
[1308] = CNOT 6 7
[1309] = CNOT 6 8
[1310] = CNOT 6 9
[1311] = CNOT 6 11
[1312] = CNOT 6 47
[1313] = T 6
[1314] = CNOT 6 47
[1315] = CNOT 6 11
[1316] = CNOT 6 9
[1317] = CNOT 6 8
[1318] = CNOT 6 7
[1319] = CNOT 6 12
[1320] = CNOT 6 13
[1321] = CNOT 6 27
[1322] = CNOT 6 36
[1323] = CNOT 6 38
[1324] = CNOT 6 52
[1325] = CNOT 6 78
[1326] = CNOT 6 79
[1327] = CNOT 6 80
[1328] = CNOT 6 81
[1329] = CNOT 6 82
[1330] = T 6
[1331] = CNOT 6 38
[1332] = CNOT 6 13
[1333] = CNOT 38 47
[1334] = CNOT 38 80
[1335] = CNOT 38 85
[1336] = T 38
[1337] = CNOT 38 85
[1338] = CNOT 38 80
[1339] = CNOT 38 47
[1340] = CNOT 6 38
[1341] = T 6
[1342] = CNOT 6 81
[1343] = CNOT 6 52
[1344] = CNOT 6 36
[1345] = CNOT 6 27
[1346] = CNOT 6 12
[1347] = CNOT 6 13
[1348] = CNOT 6 14
[1349] = CNOT 6 15
[1350] = CNOT 6 17
[1351] = CNOT 6 48
[1352] = T 6
[1353] = CNOT 6 48
[1354] = CNOT 6 17
[1355] = CNOT 6 15
[1356] = CNOT 6 14
[1357] = CNOT 6 12
[1358] = CNOT 6 60
[1359] = CNOT 6 68
[1360] = T 6
[1361] = CNOT 6 68
[1362] = CNOT 6 60
[1363] = CNOT 6 12
[1364] = CNOT 6 31
[1365] = CNOT 6 35
[1366] = T 6
[1367] = CNOT 6 82
[1368] = CNOT 6 80
[1369] = CNOT 6 79
[1370] = CNOT 6 78
[1371] = CNOT 6 38
[1372] = CNOT 6 37
[1373] = CNOT 6 35
[1374] = CNOT 6 31
[1375] = CNOT 6 13
[1376] = S 1
[1377] = S 2
[1378] = Z 2
[1379] = S 4
[1380] = Z 5
[1381] = S 6
[1382] = Z 6
[1383] = S 7
[1384] = Z 7
[1385] = S 8
[1386] = Z 8
[1387] = Z 10
[1388] = S 11
[1389] = Z 11
[1390] = S 12
[1391] = Z 12
[1392] = S 15
[1393] = Z 16
[1394] = Z 17
[1395] = S 18
[1396] = S 19
[1397] = Z 19
[1398] = S 20
[1399] = S 21
[1400] = Z 21
[1401] = Z 23
[1402] = S 24
[1403] = S 27
[1404] = Z 28
[1405] = S 29
[1406] = Z 29
[1407] = S 30
[1408] = Z 30
[1409] = S 32
[1410] = S 33
[1411] = Z 34
[1412] = Z 35
[1413] = S 36
[1414] = S 37
[1415] = S 38
[1416] = S 39
[1417] = Z 40
[1418] = S 42
[1419] = Z 42
[1420] = Z 43
[1421] = S 45
[1422] = S 46
[1423] = Z 47
[1424] = S 48
[1425] = S 49
[1426] = S 52
[1427] = Z 53
[1428] = S 55
[1429] = S 57
[1430] = S 60
[1431] = Z 63
[1432] = S 64
[1433] = Z 65
[1434] = Z 67
[1435] = S 68
[1436] = Z 68
[1437] = Z 69
[1438] = S 71
[1439] = S 73
[1440] = Z 73
[1441] = Z 74
[1442] = S 75
[1443] = Z 75
[1444] = S 76
[1445] = Z 76
[1446] = Z 77
[1447] = Z 78
[1448] = S 79
[1449] = S 80
[1450] = Z 80
[1451] = Z 81
[1452] = Z 83
[1453] = Z 84
[1454] = S 85
[1455] = Z 85
[1456] = S 86
[1457] = Z 86
[1458] = S 87
[1459] = Z 87
[1460] = S 88
[1461] = Z 88
[1462] = S 89
[1463] = Z 89
[1464] = Z 90
[1465] = S 91
[1466] = S 92
[1467] = S 93
[1468] = Z 93
[1469] = S 94
[1470] = Z 94
[1471] = S 95
[1472] = Z 95
[1473] = CNOT 1 6
[1474] = S 1
[1475] = CNOT 1 6
[1476] = CNOT 1 7
[1477] = S 1
[1478] = CNOT 1 7
[1479] = CNOT 1 25
[1480] = S 1
[1481] = Z 1
[1482] = CNOT 1 25
[1483] = CNOT 1 37
[1484] = S 1
[1485] = CNOT 1 37
[1486] = CNOT 1 38
[1487] = S 1
[1488] = CNOT 1 38
[1489] = CNOT 1 50
[1490] = S 1
[1491] = Z 1
[1492] = CNOT 1 50
[1493] = CNOT 1 58
[1494] = S 1
[1495] = Z 1
[1496] = CNOT 1 58
[1497] = CNOT 1 66
[1498] = S 1
[1499] = Z 1
[1500] = CNOT 1 66
[1501] = CNOT 1 83
[1502] = S 1
[1503] = CNOT 1 83
[1504] = CNOT 2 6
[1505] = S 2
[1506] = CNOT 2 6
[1507] = CNOT 2 7
[1508] = S 2
[1509] = CNOT 2 7
[1510] = CNOT 2 25
[1511] = S 2
[1512] = Z 2
[1513] = CNOT 2 25
[1514] = CNOT 2 37
[1515] = S 2
[1516] = CNOT 2 37
[1517] = CNOT 2 38
[1518] = S 2
[1519] = CNOT 2 38
[1520] = CNOT 2 50
[1521] = S 2
[1522] = Z 2
[1523] = CNOT 2 50
[1524] = CNOT 2 58
[1525] = S 2
[1526] = Z 2
[1527] = CNOT 2 58
[1528] = CNOT 2 66
[1529] = S 2
[1530] = Z 2
[1531] = CNOT 2 66
[1532] = CNOT 2 74
[1533] = S 2
[1534] = CNOT 2 74
[1535] = CNOT 2 83
[1536] = S 2
[1537] = CNOT 2 83
[1538] = CNOT 2 90
[1539] = S 2
[1540] = CNOT 2 90
[1541] = Z 3
[1542] = CNOT 3 4
[1543] = CNOT 3 6
[1544] = Z 3
[1545] = CNOT 3 6
[1546] = CNOT 3 29
[1547] = S 3
[1548] = Z 3
[1549] = CNOT 3 29
[1550] = CNOT 3 33
[1551] = S 3
[1552] = Z 3
[1553] = CNOT 3 33
[1554] = CNOT 3 37
[1555] = Z 3
[1556] = CNOT 3 37
[1557] = CNOT 3 38
[1558] = Z 3
[1559] = CNOT 3 38
[1560] = CNOT 3 60
[1561] = Z 3
[1562] = CNOT 3 60
[1563] = CNOT 3 68
[1564] = Z 3
[1565] = CNOT 3 68
[1566] = CNOT 3 77
[1567] = S 3
[1568] = Z 3
[1569] = CNOT 3 77
[1570] = CNOT 3 78
[1571] = Z 3
[1572] = CNOT 3 78
[1573] = CNOT 3 79
[1574] = Z 3
[1575] = CNOT 3 79
[1576] = CNOT 3 80
[1577] = Z 3
[1578] = CNOT 3 80
[1579] = CNOT 3 82
[1580] = Z 3
[1581] = CNOT 3 82
[1582] = CNOT 3 84
[1583] = S 3
[1584] = Z 3
[1585] = CNOT 3 84
[1586] = CNOT 4 5
[1587] = S 4
[1588] = CNOT 4 5
[1589] = CNOT 4 6
[1590] = Z 4
[1591] = CNOT 4 6
[1592] = CNOT 4 25
[1593] = S 4
[1594] = CNOT 4 25
[1595] = CNOT 4 29
[1596] = S 4
[1597] = Z 4
[1598] = CNOT 4 29
[1599] = CNOT 4 33
[1600] = S 4
[1601] = CNOT 4 33
[1602] = CNOT 4 37
[1603] = Z 4
[1604] = CNOT 4 37
[1605] = CNOT 4 38
[1606] = Z 4
[1607] = CNOT 4 38
[1608] = CNOT 4 60
[1609] = Z 4
[1610] = CNOT 4 60
[1611] = CNOT 4 68
[1612] = Z 4
[1613] = CNOT 4 68
[1614] = CNOT 4 77
[1615] = S 4
[1616] = Z 4
[1617] = CNOT 4 77
[1618] = CNOT 4 78
[1619] = Z 4
[1620] = CNOT 4 78
[1621] = CNOT 4 79
[1622] = Z 4
[1623] = CNOT 4 79
[1624] = CNOT 4 80
[1625] = Z 4
[1626] = CNOT 4 80
[1627] = CNOT 4 82
[1628] = Z 4
[1629] = CNOT 4 82
[1630] = CNOT 4 84
[1631] = S 4
[1632] = Z 4
[1633] = CNOT 4 84
[1634] = CNOT 5 33
[1635] = Z 5
[1636] = CNOT 5 33
[1637] = CNOT 6 7
[1638] = S 6
[1639] = CNOT 6 7
[1640] = CNOT 6 8
[1641] = Z 6
[1642] = CNOT 6 8
[1643] = CNOT 6 9
[1644] = Z 6
[1645] = CNOT 6 9
[1646] = CNOT 6 12
[1647] = S 6
[1648] = CNOT 6 12
[1649] = CNOT 6 14
[1650] = S 6
[1651] = CNOT 6 14
[1652] = CNOT 6 15
[1653] = S 6
[1654] = CNOT 6 15
[1655] = CNOT 6 19
[1656] = S 6
[1657] = CNOT 6 19
[1658] = CNOT 6 20
[1659] = S 6
[1660] = CNOT 6 20
[1661] = CNOT 6 24
[1662] = Z 6
[1663] = CNOT 6 24
[1664] = CNOT 6 25
[1665] = Z 6
[1666] = CNOT 6 25
[1667] = CNOT 6 26
[1668] = S 6
[1669] = Z 6
[1670] = CNOT 6 26
[1671] = CNOT 6 27
[1672] = S 6
[1673] = Z 6
[1674] = CNOT 6 27
[1675] = CNOT 6 28
[1676] = Z 6
[1677] = CNOT 6 28
[1678] = CNOT 6 29
[1679] = S 6
[1680] = CNOT 6 29
[1681] = CNOT 6 30
[1682] = S 6
[1683] = CNOT 6 30
[1684] = CNOT 6 31
[1685] = S 6
[1686] = Z 6
[1687] = CNOT 6 31
[1688] = CNOT 6 32
[1689] = S 6
[1690] = Z 6
[1691] = CNOT 6 32
[1692] = CNOT 6 33
[1693] = S 6
[1694] = CNOT 6 33
[1695] = CNOT 6 35
[1696] = S 6
[1697] = Z 6
[1698] = CNOT 6 35
[1699] = CNOT 6 36
[1700] = S 6
[1701] = Z 6
[1702] = CNOT 6 36
[1703] = CNOT 6 37
[1704] = S 6
[1705] = CNOT 6 37
[1706] = CNOT 6 38
[1707] = Z 6
[1708] = CNOT 6 38
[1709] = CNOT 6 39
[1710] = S 6
[1711] = CNOT 6 39
[1712] = CNOT 6 40
[1713] = S 6
[1714] = Z 6
[1715] = CNOT 6 40
[1716] = CNOT 6 41
[1717] = S 6
[1718] = CNOT 6 41
[1719] = CNOT 6 42
[1720] = S 6
[1721] = CNOT 6 42
[1722] = CNOT 6 43
[1723] = Z 6
[1724] = CNOT 6 43
[1725] = CNOT 6 45
[1726] = Z 6
[1727] = CNOT 6 45
[1728] = CNOT 6 47
[1729] = S 6
[1730] = CNOT 6 47
[1731] = CNOT 6 49
[1732] = Z 6
[1733] = CNOT 6 49
[1734] = CNOT 6 50
[1735] = Z 6
[1736] = CNOT 6 50
[1737] = CNOT 6 51
[1738] = S 6
[1739] = Z 6
[1740] = CNOT 6 51
[1741] = CNOT 6 52
[1742] = S 6
[1743] = Z 6
[1744] = CNOT 6 52
[1745] = CNOT 6 53
[1746] = Z 6
[1747] = CNOT 6 53
[1748] = CNOT 6 56
[1749] = Z 6
[1750] = CNOT 6 56
[1751] = CNOT 6 58
[1752] = Z 6
[1753] = CNOT 6 58
[1754] = CNOT 6 59
[1755] = Z 6
[1756] = CNOT 6 59
[1757] = CNOT 6 60
[1758] = S 6
[1759] = Z 6
[1760] = CNOT 6 60
[1761] = CNOT 6 61
[1762] = S 6
[1763] = Z 6
[1764] = CNOT 6 61
[1765] = CNOT 6 64
[1766] = Z 6
[1767] = CNOT 6 64
[1768] = CNOT 6 66
[1769] = Z 6
[1770] = CNOT 6 66
[1771] = CNOT 6 67
[1772] = Z 6
[1773] = CNOT 6 67
[1774] = CNOT 6 68
[1775] = S 6
[1776] = Z 6
[1777] = CNOT 6 68
[1778] = CNOT 6 69
[1779] = S 6
[1780] = Z 6
[1781] = CNOT 6 69
[1782] = CNOT 6 72
[1783] = Z 6
[1784] = CNOT 6 72
[1785] = CNOT 6 74
[1786] = Z 6
[1787] = CNOT 6 74
[1788] = CNOT 6 75
[1789] = S 6
[1790] = CNOT 6 75
[1791] = CNOT 6 76
[1792] = S 6
[1793] = Z 6
[1794] = CNOT 6 76
[1795] = CNOT 6 78
[1796] = Z 6
[1797] = CNOT 6 78
[1798] = CNOT 6 80
[1799] = S 6
[1800] = Z 6
[1801] = CNOT 6 80
[1802] = CNOT 6 81
[1803] = Z 6
[1804] = CNOT 6 81
[1805] = CNOT 6 83
[1806] = Z 6
[1807] = CNOT 6 83
[1808] = CNOT 6 85
[1809] = S 6
[1810] = CNOT 6 85
[1811] = CNOT 6 90
[1812] = Z 6
[1813] = CNOT 6 90
[1814] = CNOT 6 91
[1815] = S 6
[1816] = CNOT 6 91
[1817] = CNOT 6 92
[1818] = S 6
[1819] = Z 6
[1820] = CNOT 6 92
[1821] = CNOT 7 8
[1822] = S 7
[1823] = Z 7
[1824] = CNOT 7 8
[1825] = CNOT 7 9
[1826] = S 7
[1827] = Z 7
[1828] = CNOT 7 9
[1829] = CNOT 7 25
[1830] = Z 7
[1831] = CNOT 7 25
[1832] = CNOT 7 26
[1833] = S 7
[1834] = Z 7
[1835] = CNOT 7 26
[1836] = CNOT 7 30
[1837] = S 7
[1838] = CNOT 7 30
[1839] = CNOT 7 50
[1840] = Z 7
[1841] = CNOT 7 50
[1842] = CNOT 7 51
[1843] = S 7
[1844] = Z 7
[1845] = CNOT 7 51
[1846] = CNOT 7 55
[1847] = Z 7
[1848] = CNOT 7 55
[1849] = CNOT 7 58
[1850] = Z 7
[1851] = CNOT 7 58
[1852] = CNOT 7 59
[1853] = Z 7
[1854] = CNOT 7 59
[1855] = CNOT 7 63
[1856] = S 7
[1857] = CNOT 7 63
[1858] = CNOT 7 66
[1859] = Z 7
[1860] = CNOT 7 66
[1861] = CNOT 7 71
[1862] = Z 7
[1863] = CNOT 7 71
[1864] = CNOT 7 74
[1865] = Z 7
[1866] = CNOT 7 74
[1867] = CNOT 7 75
[1868] = Z 7
[1869] = CNOT 7 75
[1870] = CNOT 7 80
[1871] = S 7
[1872] = CNOT 7 80
[1873] = CNOT 7 83
[1874] = S 7
[1875] = Z 7
[1876] = CNOT 7 83
[1877] = CNOT 7 90
[1878] = Z 7
[1879] = CNOT 7 90
[1880] = CNOT 8 9
[1881] = S 8
[1882] = Z 8
[1883] = CNOT 8 9
[1884] = CNOT 8 11
[1885] = S 8
[1886] = Z 8
[1887] = CNOT 8 11
[1888] = CNOT 8 30
[1889] = S 8
[1890] = Z 8
[1891] = CNOT 8 30
[1892] = CNOT 8 34
[1893] = S 8
[1894] = CNOT 8 34
[1895] = CNOT 8 37
[1896] = Z 8
[1897] = CNOT 8 37
[1898] = CNOT 8 38
[1899] = S 8
[1900] = CNOT 8 38
[1901] = CNOT 8 47
[1902] = S 8
[1903] = Z 8
[1904] = CNOT 8 47
[1905] = CNOT 8 55
[1906] = S 8
[1907] = CNOT 8 55
[1908] = CNOT 8 63
[1909] = S 8
[1910] = CNOT 8 63
[1911] = CNOT 8 71
[1912] = S 8
[1913] = CNOT 8 71
[1914] = CNOT 8 80
[1915] = S 8
[1916] = CNOT 8 80
[1917] = CNOT 8 83
[1918] = Z 8
[1919] = CNOT 8 83
[1920] = CNOT 9 10
[1921] = S 9
[1922] = CNOT 9 10
[1923] = CNOT 9 11
[1924] = S 9
[1925] = Z 9
[1926] = CNOT 9 11
[1927] = CNOT 9 26
[1928] = S 9
[1929] = CNOT 9 26
[1930] = CNOT 9 30
[1931] = S 9
[1932] = Z 9
[1933] = CNOT 9 30
[1934] = CNOT 9 34
[1935] = S 9
[1936] = Z 9
[1937] = CNOT 9 34
[1938] = CNOT 9 37
[1939] = Z 9
[1940] = CNOT 9 37
[1941] = CNOT 9 38
[1942] = S 9
[1943] = CNOT 9 38
[1944] = CNOT 9 47
[1945] = S 9
[1946] = Z 9
[1947] = CNOT 9 47
[1948] = CNOT 9 55
[1949] = S 9
[1950] = CNOT 9 55
[1951] = CNOT 9 63
[1952] = S 9
[1953] = CNOT 9 63
[1954] = CNOT 9 71
[1955] = S 9
[1956] = CNOT 9 71
[1957] = CNOT 9 80
[1958] = S 9
[1959] = CNOT 9 80
[1960] = CNOT 9 83
[1961] = Z 9
[1962] = CNOT 9 83
[1963] = CNOT 10 34
[1964] = Z 10
[1965] = CNOT 10 34
[1966] = CNOT 11 30
[1967] = Z 11
[1968] = CNOT 11 30
[1969] = CNOT 11 38
[1970] = S 11
[1971] = CNOT 11 38
[1972] = CNOT 12 13
[1973] = S 12
[1974] = Z 12
[1975] = CNOT 12 13
[1976] = CNOT 12 14
[1977] = S 12
[1978] = Z 12
[1979] = CNOT 12 14
[1980] = CNOT 12 15
[1981] = S 12
[1982] = Z 12
[1983] = CNOT 12 15
[1984] = CNOT 12 17
[1985] = S 12
[1986] = CNOT 12 17
[1987] = CNOT 12 37
[1988] = S 12
[1989] = CNOT 12 37
[1990] = CNOT 12 38
[1991] = S 12
[1992] = CNOT 12 38
[1993] = CNOT 12 43
[1994] = S 12
[1995] = CNOT 12 43
[1996] = CNOT 12 48
[1997] = S 12
[1998] = Z 12
[1999] = CNOT 12 48
[2000] = CNOT 12 56
[2001] = Z 12
[2002] = CNOT 12 56
[2003] = CNOT 12 60
[2004] = Z 12
[2005] = CNOT 12 60
[2006] = CNOT 12 64
[2007] = Z 12
[2008] = CNOT 12 64
[2009] = CNOT 12 68
[2010] = Z 12
[2011] = CNOT 12 68
[2012] = CNOT 12 72
[2013] = Z 12
[2014] = CNOT 12 72
[2015] = CNOT 12 76
[2016] = S 12
[2017] = CNOT 12 76
[2018] = CNOT 12 78
[2019] = S 12
[2020] = CNOT 12 78
[2021] = CNOT 12 79
[2022] = S 12
[2023] = CNOT 12 79
[2024] = CNOT 12 80
[2025] = S 12
[2026] = CNOT 12 80
[2027] = CNOT 12 82
[2028] = S 12
[2029] = CNOT 12 82
[2030] = CNOT 12 86
[2031] = Z 12
[2032] = CNOT 12 86
[2033] = CNOT 12 92
[2034] = S 12
[2035] = CNOT 12 92
[2036] = CNOT 13 14
[2037] = Z 13
[2038] = CNOT 13 14
[2039] = CNOT 13 15
[2040] = Z 13
[2041] = CNOT 13 15
[2042] = CNOT 13 17
[2043] = S 13
[2044] = CNOT 13 17
[2045] = CNOT 13 31
[2046] = S 13
[2047] = Z 13
[2048] = CNOT 13 31
[2049] = CNOT 13 35
[2050] = S 13
[2051] = Z 13
[2052] = CNOT 13 35
[2053] = CNOT 13 36
[2054] = Z 13
[2055] = CNOT 13 36
[2056] = CNOT 13 43
[2057] = S 13
[2058] = Z 13
[2059] = CNOT 13 43
[2060] = CNOT 13 48
[2061] = Z 13
[2062] = CNOT 13 48
[2063] = CNOT 13 56
[2064] = S 13
[2065] = Z 13
[2066] = CNOT 13 56
[2067] = CNOT 13 60
[2068] = Z 13
[2069] = CNOT 13 60
[2070] = CNOT 13 64
[2071] = Z 13
[2072] = CNOT 13 64
[2073] = CNOT 13 72
[2074] = S 13
[2075] = Z 13
[2076] = CNOT 13 72
[2077] = CNOT 13 79
[2078] = S 13
[2079] = Z 13
[2080] = CNOT 13 79
[2081] = CNOT 13 81
[2082] = Z 13
[2083] = CNOT 13 81
[2084] = CNOT 13 82
[2085] = S 13
[2086] = CNOT 13 82
[2087] = CNOT 13 86
[2088] = S 13
[2089] = CNOT 13 86
[2090] = CNOT 13 92
[2091] = Z 13
[2092] = CNOT 13 92
[2093] = CNOT 14 15
[2094] = S 14
[2095] = CNOT 14 15
[2096] = CNOT 14 17
[2097] = S 14
[2098] = CNOT 14 17
[2099] = CNOT 14 35
[2100] = Z 14
[2101] = CNOT 14 35
[2102] = CNOT 14 37
[2103] = S 14
[2104] = CNOT 14 37
[2105] = CNOT 14 38
[2106] = S 14
[2107] = CNOT 14 38
[2108] = CNOT 14 43
[2109] = Z 14
[2110] = CNOT 14 43
[2111] = CNOT 14 48
[2112] = Z 14
[2113] = CNOT 14 48
[2114] = CNOT 14 56
[2115] = Z 14
[2116] = CNOT 14 56
[2117] = CNOT 14 64
[2118] = Z 14
[2119] = CNOT 14 64
[2120] = CNOT 14 72
[2121] = Z 14
[2122] = CNOT 14 72
[2123] = CNOT 14 78
[2124] = S 14
[2125] = CNOT 14 78
[2126] = CNOT 14 80
[2127] = S 14
[2128] = CNOT 14 80
[2129] = CNOT 14 82
[2130] = Z 14
[2131] = CNOT 14 82
[2132] = CNOT 14 86
[2133] = S 14
[2134] = CNOT 14 86
[2135] = CNOT 15 16
[2136] = S 15
[2137] = CNOT 15 16
[2138] = CNOT 15 17
[2139] = S 15
[2140] = CNOT 15 17
[2141] = CNOT 15 27
[2142] = S 15
[2143] = CNOT 15 27
[2144] = CNOT 15 37
[2145] = S 15
[2146] = CNOT 15 37
[2147] = CNOT 15 38
[2148] = S 15
[2149] = CNOT 15 38
[2150] = CNOT 15 43
[2151] = Z 15
[2152] = CNOT 15 43
[2153] = CNOT 15 48
[2154] = Z 15
[2155] = CNOT 15 48
[2156] = CNOT 15 56
[2157] = Z 15
[2158] = CNOT 15 56
[2159] = CNOT 15 64
[2160] = Z 15
[2161] = CNOT 15 64
[2162] = CNOT 15 72
[2163] = Z 15
[2164] = CNOT 15 72
[2165] = CNOT 15 78
[2166] = S 15
[2167] = CNOT 15 78
[2168] = CNOT 15 80
[2169] = S 15
[2170] = CNOT 15 80
[2171] = CNOT 15 82
[2172] = Z 15
[2173] = CNOT 15 82
[2174] = CNOT 15 86
[2175] = S 15
[2176] = CNOT 15 86
[2177] = CNOT 16 35
[2178] = Z 16
[2179] = CNOT 16 35
[2180] = CNOT 17 31
[2181] = Z 17
[2182] = CNOT 17 31
[2183] = CNOT 17 40
[2184] = S 17
[2185] = CNOT 17 40
[2186] = CNOT 18 42
[2187] = S 18
[2188] = CNOT 18 42
[2189] = CNOT 19 20
[2190] = Z 19
[2191] = CNOT 19 20
[2192] = CNOT 19 21
[2193] = Z 19
[2194] = CNOT 19 21
[2195] = CNOT 19 22
[2196] = Z 19
[2197] = CNOT 19 22
[2198] = CNOT 19 24
[2199] = S 19
[2200] = Z 19
[2201] = CNOT 19 24
[2202] = CNOT 19 28
[2203] = S 19
[2204] = CNOT 19 28
[2205] = CNOT 19 32
[2206] = S 19
[2207] = CNOT 19 32
[2208] = CNOT 19 37
[2209] = S 19
[2210] = CNOT 19 37
[2211] = CNOT 19 38
[2212] = S 19
[2213] = CNOT 19 38
[2214] = CNOT 19 42
[2215] = S 19
[2216] = CNOT 19 42
[2217] = CNOT 19 43
[2218] = S 19
[2219] = CNOT 19 43
[2220] = CNOT 19 49
[2221] = S 19
[2222] = Z 19
[2223] = CNOT 19 49
[2224] = CNOT 19 53
[2225] = S 19
[2226] = CNOT 19 53
[2227] = CNOT 19 61
[2228] = Z 19
[2229] = CNOT 19 61
[2230] = CNOT 19 69
[2231] = Z 19
[2232] = CNOT 19 69
[2233] = CNOT 19 78
[2234] = S 19
[2235] = CNOT 19 78
[2236] = CNOT 19 79
[2237] = S 19
[2238] = CNOT 19 79
[2239] = CNOT 19 80
[2240] = S 19
[2241] = CNOT 19 80
[2242] = CNOT 19 81
[2243] = S 19
[2244] = CNOT 19 81
[2245] = CNOT 19 82
[2246] = S 19
[2247] = CNOT 19 82
[2248] = CNOT 20 21
[2249] = Z 20
[2250] = CNOT 20 21
[2251] = CNOT 20 22
[2252] = Z 20
[2253] = CNOT 20 22
[2254] = CNOT 20 24
[2255] = S 20
[2256] = Z 20
[2257] = CNOT 20 24
[2258] = CNOT 20 28
[2259] = S 20
[2260] = CNOT 20 28
[2261] = CNOT 20 32
[2262] = S 20
[2263] = CNOT 20 32
[2264] = CNOT 20 37
[2265] = S 20
[2266] = CNOT 20 37
[2267] = CNOT 20 38
[2268] = S 20
[2269] = CNOT 20 38
[2270] = CNOT 20 42
[2271] = S 20
[2272] = CNOT 20 42
[2273] = CNOT 20 43
[2274] = S 20
[2275] = CNOT 20 43
[2276] = CNOT 20 45
[2277] = Z 20
[2278] = CNOT 20 45
[2279] = CNOT 20 49
[2280] = S 20
[2281] = Z 20
[2282] = CNOT 20 49
[2283] = CNOT 20 53
[2284] = S 20
[2285] = CNOT 20 53
[2286] = CNOT 20 57
[2287] = S 20
[2288] = CNOT 20 57
[2289] = CNOT 20 61
[2290] = Z 20
[2291] = CNOT 20 61
[2292] = CNOT 20 78
[2293] = S 20
[2294] = CNOT 20 78
[2295] = CNOT 20 79
[2296] = S 20
[2297] = CNOT 20 79
[2298] = CNOT 20 80
[2299] = S 20
[2300] = CNOT 20 80
[2301] = CNOT 20 81
[2302] = S 20
[2303] = CNOT 20 81
[2304] = CNOT 20 82
[2305] = S 20
[2306] = CNOT 20 82
[2307] = CNOT 21 24
[2308] = S 21
[2309] = CNOT 21 24
[2310] = CNOT 21 32
[2311] = Z 21
[2312] = CNOT 21 32
[2313] = CNOT 21 49
[2314] = S 21
[2315] = CNOT 21 49
[2316] = CNOT 22 23
[2317] = S 22
[2318] = CNOT 22 23
[2319] = CNOT 22 24
[2320] = S 22
[2321] = CNOT 22 24
[2322] = CNOT 22 28
[2323] = S 22
[2324] = CNOT 22 28
[2325] = CNOT 22 32
[2326] = Z 22
[2327] = CNOT 22 32
[2328] = CNOT 22 36
[2329] = Z 22
[2330] = CNOT 22 36
[2331] = CNOT 22 49
[2332] = S 22
[2333] = CNOT 22 49
[2334] = CNOT 23 36
[2335] = Z 23
[2336] = CNOT 23 36
[2337] = CNOT 24 28
[2338] = Z 24
[2339] = CNOT 24 28
[2340] = CNOT 24 37
[2341] = Z 24
[2342] = CNOT 24 37
[2343] = CNOT 24 38
[2344] = Z 24
[2345] = CNOT 24 38
[2346] = CNOT 24 41
[2347] = S 24
[2348] = CNOT 24 41
[2349] = CNOT 24 42
[2350] = Z 24
[2351] = CNOT 24 42
[2352] = CNOT 24 43
[2353] = Z 24
[2354] = CNOT 24 43
[2355] = CNOT 24 45
[2356] = Z 24
[2357] = CNOT 24 45
[2358] = CNOT 24 49
[2359] = Z 24
[2360] = CNOT 24 49
[2361] = CNOT 24 53
[2362] = Z 24
[2363] = CNOT 24 53
[2364] = CNOT 24 61
[2365] = S 24
[2366] = Z 24
[2367] = CNOT 24 61
[2368] = CNOT 24 69
[2369] = S 24
[2370] = Z 24
[2371] = CNOT 24 69
[2372] = CNOT 24 78
[2373] = Z 24
[2374] = CNOT 24 78
[2375] = CNOT 24 79
[2376] = Z 24
[2377] = CNOT 24 79
[2378] = CNOT 24 80
[2379] = Z 24
[2380] = CNOT 24 80
[2381] = CNOT 24 81
[2382] = Z 24
[2383] = CNOT 24 81
[2384] = CNOT 24 82
[2385] = Z 24
[2386] = CNOT 24 82
[2387] = CNOT 25 29
[2388] = S 25
[2389] = CNOT 25 29
[2390] = CNOT 25 37
[2391] = Z 25
[2392] = CNOT 25 37
[2393] = CNOT 25 38
[2394] = Z 25
[2395] = CNOT 25 38
[2396] = CNOT 25 50
[2397] = Z 25
[2398] = CNOT 25 50
[2399] = CNOT 25 58
[2400] = Z 25
[2401] = CNOT 25 58
[2402] = CNOT 25 66
[2403] = Z 25
[2404] = CNOT 25 66
[2405] = CNOT 25 74
[2406] = Z 25
[2407] = CNOT 25 74
[2408] = CNOT 25 83
[2409] = Z 25
[2410] = CNOT 25 83
[2411] = CNOT 25 90
[2412] = Z 25
[2413] = CNOT 25 90
[2414] = CNOT 26 30
[2415] = S 26
[2416] = CNOT 26 30
[2417] = CNOT 26 51
[2418] = Z 26
[2419] = CNOT 26 51
[2420] = CNOT 26 83
[2421] = Z 26
[2422] = CNOT 26 83
[2423] = CNOT 27 31
[2424] = S 27
[2425] = CNOT 27 31
[2426] = CNOT 27 37
[2427] = S 27
[2428] = Z 27
[2429] = CNOT 27 37
[2430] = CNOT 27 38
[2431] = S 27
[2432] = Z 27
[2433] = CNOT 27 38
[2434] = CNOT 27 43
[2435] = S 27
[2436] = CNOT 27 43
[2437] = CNOT 27 52
[2438] = S 27
[2439] = Z 27
[2440] = CNOT 27 52
[2441] = CNOT 27 76
[2442] = S 27
[2443] = Z 27
[2444] = CNOT 27 76
[2445] = CNOT 27 78
[2446] = S 27
[2447] = Z 27
[2448] = CNOT 27 78
[2449] = CNOT 27 79
[2450] = S 27
[2451] = Z 27
[2452] = CNOT 27 79
[2453] = CNOT 27 80
[2454] = S 27
[2455] = Z 27
[2456] = CNOT 27 80
[2457] = CNOT 27 82
[2458] = S 27
[2459] = Z 27
[2460] = CNOT 27 82
[2461] = CNOT 27 92
[2462] = S 27
[2463] = Z 27
[2464] = CNOT 27 92
[2465] = CNOT 28 32
[2466] = S 28
[2467] = Z 28
[2468] = CNOT 28 32
[2469] = CNOT 28 37
[2470] = Z 28
[2471] = CNOT 28 37
[2472] = CNOT 28 38
[2473] = Z 28
[2474] = CNOT 28 38
[2475] = CNOT 28 42
[2476] = Z 28
[2477] = CNOT 28 42
[2478] = CNOT 28 43
[2479] = Z 28
[2480] = CNOT 28 43
[2481] = CNOT 28 45
[2482] = Z 28
[2483] = CNOT 28 45
[2484] = CNOT 28 49
[2485] = Z 28
[2486] = CNOT 28 49
[2487] = CNOT 28 53
[2488] = Z 28
[2489] = CNOT 28 53
[2490] = CNOT 28 61
[2491] = S 28
[2492] = Z 28
[2493] = CNOT 28 61
[2494] = CNOT 28 69
[2495] = S 28
[2496] = Z 28
[2497] = CNOT 28 69
[2498] = CNOT 28 78
[2499] = Z 28
[2500] = CNOT 28 78
[2501] = CNOT 28 79
[2502] = Z 28
[2503] = CNOT 28 79
[2504] = CNOT 28 80
[2505] = Z 28
[2506] = CNOT 28 80
[2507] = CNOT 28 81
[2508] = Z 28
[2509] = CNOT 28 81
[2510] = CNOT 28 82
[2511] = Z 28
[2512] = CNOT 28 82
[2513] = CNOT 29 33
[2514] = Z 29
[2515] = CNOT 29 33
[2516] = CNOT 29 37
[2517] = S 29
[2518] = CNOT 29 37
[2519] = CNOT 29 38
[2520] = S 29
[2521] = CNOT 29 38
[2522] = CNOT 29 50
[2523] = S 29
[2524] = CNOT 29 50
[2525] = CNOT 29 60
[2526] = S 29
[2527] = CNOT 29 60
[2528] = CNOT 29 68
[2529] = S 29
[2530] = CNOT 29 68
[2531] = CNOT 29 78
[2532] = S 29
[2533] = CNOT 29 78
[2534] = CNOT 29 79
[2535] = S 29
[2536] = CNOT 29 79
[2537] = CNOT 29 80
[2538] = S 29
[2539] = CNOT 29 80
[2540] = CNOT 29 82
[2541] = S 29
[2542] = CNOT 29 82
[2543] = CNOT 30 37
[2544] = S 30
[2545] = CNOT 30 37
[2546] = CNOT 30 47
[2547] = Z 30
[2548] = CNOT 30 47
[2549] = CNOT 30 51
[2550] = S 30
[2551] = CNOT 30 51
[2552] = CNOT 31 35
[2553] = S 31
[2554] = CNOT 31 35
[2555] = CNOT 31 37
[2556] = S 31
[2557] = Z 31
[2558] = CNOT 31 37
[2559] = CNOT 31 38
[2560] = S 31
[2561] = Z 31
[2562] = CNOT 31 38
[2563] = CNOT 31 48
[2564] = Z 31
[2565] = CNOT 31 48
[2566] = CNOT 31 52
[2567] = S 31
[2568] = CNOT 31 52
[2569] = CNOT 31 78
[2570] = S 31
[2571] = Z 31
[2572] = CNOT 31 78
[2573] = CNOT 31 79
[2574] = S 31
[2575] = Z 31
[2576] = CNOT 31 79
[2577] = CNOT 31 80
[2578] = S 31
[2579] = Z 31
[2580] = CNOT 31 80
[2581] = CNOT 31 82
[2582] = S 31
[2583] = Z 31
[2584] = CNOT 31 82
[2585] = CNOT 32 36
[2586] = S 32
[2587] = Z 32
[2588] = CNOT 32 36
[2589] = CNOT 32 37
[2590] = S 32
[2591] = Z 32
[2592] = CNOT 32 37
[2593] = CNOT 32 38
[2594] = S 32
[2595] = Z 32
[2596] = CNOT 32 38
[2597] = CNOT 32 42
[2598] = S 32
[2599] = Z 32
[2600] = CNOT 32 42
[2601] = CNOT 32 43
[2602] = S 32
[2603] = Z 32
[2604] = CNOT 32 43
[2605] = CNOT 32 45
[2606] = Z 32
[2607] = CNOT 32 45
[2608] = CNOT 32 53
[2609] = S 32
[2610] = Z 32
[2611] = CNOT 32 53
[2612] = CNOT 32 61
[2613] = S 32
[2614] = Z 32
[2615] = CNOT 32 61
[2616] = CNOT 32 69
[2617] = S 32
[2618] = Z 32
[2619] = CNOT 32 69
[2620] = CNOT 32 78
[2621] = S 32
[2622] = Z 32
[2623] = CNOT 32 78
[2624] = CNOT 32 79
[2625] = S 32
[2626] = Z 32
[2627] = CNOT 32 79
[2628] = CNOT 32 80
[2629] = S 32
[2630] = Z 32
[2631] = CNOT 32 80
[2632] = CNOT 32 81
[2633] = S 32
[2634] = Z 32
[2635] = CNOT 32 81
[2636] = CNOT 32 82
[2637] = S 32
[2638] = Z 32
[2639] = CNOT 32 82
[2640] = CNOT 33 37
[2641] = Z 33
[2642] = CNOT 33 37
[2643] = CNOT 33 38
[2644] = S 33
[2645] = CNOT 33 38
[2646] = CNOT 33 60
[2647] = S 33
[2648] = CNOT 33 60
[2649] = CNOT 33 68
[2650] = S 33
[2651] = CNOT 33 68
[2652] = CNOT 33 78
[2653] = S 33
[2654] = CNOT 33 78
[2655] = CNOT 33 79
[2656] = S 33
[2657] = CNOT 33 79
[2658] = CNOT 33 80
[2659] = S 33
[2660] = CNOT 33 80
[2661] = CNOT 33 82
[2662] = S 33
[2663] = CNOT 33 82
[2664] = CNOT 34 37
[2665] = S 34
[2666] = CNOT 34 37
[2667] = CNOT 34 38
[2668] = S 34
[2669] = Z 34
[2670] = CNOT 34 38
[2671] = CNOT 34 43
[2672] = S 34
[2673] = CNOT 34 43
[2674] = CNOT 35 37
[2675] = S 35
[2676] = Z 35
[2677] = CNOT 35 37
[2678] = CNOT 35 38
[2679] = S 35
[2680] = Z 35
[2681] = CNOT 35 38
[2682] = CNOT 35 39
[2683] = S 35
[2684] = CNOT 35 39
[2685] = CNOT 35 78
[2686] = S 35
[2687] = Z 35
[2688] = CNOT 35 78
[2689] = CNOT 35 79
[2690] = S 35
[2691] = Z 35
[2692] = CNOT 35 79
[2693] = CNOT 35 80
[2694] = S 35
[2695] = Z 35
[2696] = CNOT 35 80
[2697] = CNOT 35 82
[2698] = S 35
[2699] = Z 35
[2700] = CNOT 35 82
[2701] = CNOT 36 37
[2702] = S 36
[2703] = Z 36
[2704] = CNOT 36 37
[2705] = CNOT 36 38
[2706] = S 36
[2707] = Z 36
[2708] = CNOT 36 38
[2709] = CNOT 36 39
[2710] = Z 36
[2711] = CNOT 36 39
[2712] = CNOT 36 41
[2713] = Z 36
[2714] = CNOT 36 41
[2715] = CNOT 36 42
[2716] = S 36
[2717] = CNOT 36 42
[2718] = CNOT 36 43
[2719] = S 36
[2720] = Z 36
[2721] = CNOT 36 43
[2722] = CNOT 36 78
[2723] = S 36
[2724] = Z 36
[2725] = CNOT 36 78
[2726] = CNOT 36 79
[2727] = S 36
[2728] = Z 36
[2729] = CNOT 36 79
[2730] = CNOT 36 80
[2731] = S 36
[2732] = Z 36
[2733] = CNOT 36 80
[2734] = CNOT 36 81
[2735] = S 36
[2736] = Z 36
[2737] = CNOT 36 81
[2738] = CNOT 36 82
[2739] = S 36
[2740] = Z 36
[2741] = CNOT 36 82
[2742] = CNOT 37 38
[2743] = Z 37
[2744] = CNOT 37 38
[2745] = CNOT 37 39
[2746] = S 37
[2747] = CNOT 37 39
[2748] = CNOT 37 40
[2749] = S 37
[2750] = Z 37
[2751] = CNOT 37 40
[2752] = CNOT 37 41
[2753] = S 37
[2754] = CNOT 37 41
[2755] = CNOT 37 42
[2756] = S 37
[2757] = CNOT 37 42
[2758] = CNOT 37 43
[2759] = Z 37
[2760] = CNOT 37 43
[2761] = CNOT 37 45
[2762] = Z 37
[2763] = CNOT 37 45
[2764] = CNOT 37 47
[2765] = S 37
[2766] = CNOT 37 47
[2767] = CNOT 37 49
[2768] = Z 37
[2769] = CNOT 37 49
[2770] = CNOT 37 50
[2771] = Z 37
[2772] = CNOT 37 50
[2773] = CNOT 37 52
[2774] = S 37
[2775] = Z 37
[2776] = CNOT 37 52
[2777] = CNOT 37 53
[2778] = Z 37
[2779] = CNOT 37 53
[2780] = CNOT 37 56
[2781] = Z 37
[2782] = CNOT 37 56
[2783] = CNOT 37 58
[2784] = Z 37
[2785] = CNOT 37 58
[2786] = CNOT 37 59
[2787] = Z 37
[2788] = CNOT 37 59
[2789] = CNOT 37 60
[2790] = S 37
[2791] = Z 37
[2792] = CNOT 37 60
[2793] = CNOT 37 61
[2794] = S 37
[2795] = Z 37
[2796] = CNOT 37 61
[2797] = CNOT 37 64
[2798] = Z 37
[2799] = CNOT 37 64
[2800] = CNOT 37 66
[2801] = Z 37
[2802] = CNOT 37 66
[2803] = CNOT 37 67
[2804] = Z 37
[2805] = CNOT 37 67
[2806] = CNOT 37 68
[2807] = S 37
[2808] = Z 37
[2809] = CNOT 37 68
[2810] = CNOT 37 69
[2811] = S 37
[2812] = Z 37
[2813] = CNOT 37 69
[2814] = CNOT 37 72
[2815] = Z 37
[2816] = CNOT 37 72
[2817] = CNOT 37 74
[2818] = Z 37
[2819] = CNOT 37 74
[2820] = CNOT 37 75
[2821] = S 37
[2822] = CNOT 37 75
[2823] = CNOT 37 76
[2824] = S 37
[2825] = Z 37
[2826] = CNOT 37 76
[2827] = CNOT 37 78
[2828] = Z 37
[2829] = CNOT 37 78
[2830] = CNOT 37 80
[2831] = Z 37
[2832] = CNOT 37 80
[2833] = CNOT 37 81
[2834] = Z 37
[2835] = CNOT 37 81
[2836] = CNOT 37 83
[2837] = S 37
[2838] = Z 37
[2839] = CNOT 37 83
[2840] = CNOT 37 84
[2841] = S 37
[2842] = CNOT 37 84
[2843] = CNOT 37 85
[2844] = S 37
[2845] = CNOT 37 85
[2846] = CNOT 37 90
[2847] = Z 37
[2848] = CNOT 37 90
[2849] = CNOT 37 91
[2850] = S 37
[2851] = CNOT 37 91
[2852] = CNOT 37 92
[2853] = S 37
[2854] = Z 37
[2855] = CNOT 37 92
[2856] = CNOT 38 39
[2857] = S 38
[2858] = CNOT 38 39
[2859] = CNOT 38 40
[2860] = S 38
[2861] = Z 38
[2862] = CNOT 38 40
[2863] = CNOT 38 41
[2864] = S 38
[2865] = CNOT 38 41
[2866] = CNOT 38 42
[2867] = S 38
[2868] = CNOT 38 42
[2869] = CNOT 38 43
[2870] = Z 38
[2871] = CNOT 38 43
[2872] = CNOT 38 45
[2873] = Z 38
[2874] = CNOT 38 45
[2875] = CNOT 38 47
[2876] = S 38
[2877] = Z 38
[2878] = CNOT 38 47
[2879] = CNOT 38 49
[2880] = Z 38
[2881] = CNOT 38 49
[2882] = CNOT 38 50
[2883] = Z 38
[2884] = CNOT 38 50
[2885] = CNOT 38 52
[2886] = S 38
[2887] = Z 38
[2888] = CNOT 38 52
[2889] = CNOT 38 53
[2890] = Z 38
[2891] = CNOT 38 53
[2892] = CNOT 38 55
[2893] = S 38
[2894] = CNOT 38 55
[2895] = CNOT 38 56
[2896] = Z 38
[2897] = CNOT 38 56
[2898] = CNOT 38 58
[2899] = Z 38
[2900] = CNOT 38 58
[2901] = CNOT 38 60
[2902] = S 38
[2903] = Z 38
[2904] = CNOT 38 60
[2905] = CNOT 38 61
[2906] = S 38
[2907] = Z 38
[2908] = CNOT 38 61
[2909] = CNOT 38 63
[2910] = S 38
[2911] = CNOT 38 63
[2912] = CNOT 38 64
[2913] = Z 38
[2914] = CNOT 38 64
[2915] = CNOT 38 66
[2916] = Z 38
[2917] = CNOT 38 66
[2918] = CNOT 38 68
[2919] = S 38
[2920] = Z 38
[2921] = CNOT 38 68
[2922] = CNOT 38 69
[2923] = S 38
[2924] = Z 38
[2925] = CNOT 38 69
[2926] = CNOT 38 71
[2927] = S 38
[2928] = CNOT 38 71
[2929] = CNOT 38 72
[2930] = Z 38
[2931] = CNOT 38 72
[2932] = CNOT 38 74
[2933] = Z 38
[2934] = CNOT 38 74
[2935] = CNOT 38 76
[2936] = S 38
[2937] = Z 38
[2938] = CNOT 38 76
[2939] = CNOT 38 78
[2940] = Z 38
[2941] = CNOT 38 78
[2942] = CNOT 38 80
[2943] = S 38
[2944] = Z 38
[2945] = CNOT 38 80
[2946] = CNOT 38 81
[2947] = Z 38
[2948] = CNOT 38 81
[2949] = CNOT 38 83
[2950] = Z 38
[2951] = CNOT 38 83
[2952] = CNOT 38 85
[2953] = Z 38
[2954] = CNOT 38 85
[2955] = CNOT 38 90
[2956] = Z 38
[2957] = CNOT 38 90
[2958] = CNOT 38 92
[2959] = S 38
[2960] = Z 38
[2961] = CNOT 38 92
[2962] = CNOT 39 40
[2963] = S 39
[2964] = Z 39
[2965] = CNOT 39 40
[2966] = CNOT 39 41
[2967] = S 39
[2968] = Z 39
[2969] = CNOT 39 41
[2970] = CNOT 39 42
[2971] = S 39
[2972] = CNOT 39 42
[2973] = CNOT 39 44
[2974] = S 39
[2975] = CNOT 39 44
[2976] = CNOT 39 78
[2977] = S 39
[2978] = CNOT 39 78
[2979] = CNOT 39 79
[2980] = S 39
[2981] = CNOT 39 79
[2982] = CNOT 39 80
[2983] = S 39
[2984] = CNOT 39 80
[2985] = CNOT 39 81
[2986] = S 39
[2987] = CNOT 39 81
[2988] = CNOT 39 82
[2989] = S 39
[2990] = CNOT 39 82
[2991] = CNOT 40 41
[2992] = S 40
[2993] = Z 40
[2994] = CNOT 40 41
[2995] = CNOT 40 42
[2996] = S 40
[2997] = Z 40
[2998] = CNOT 40 42
[2999] = CNOT 40 48
[3000] = S 40
[3001] = CNOT 40 48
[3002] = CNOT 40 78
[3003] = S 40
[3004] = Z 40
[3005] = CNOT 40 78
[3006] = CNOT 40 79
[3007] = S 40
[3008] = Z 40
[3009] = CNOT 40 79
[3010] = CNOT 40 80
[3011] = S 40
[3012] = Z 40
[3013] = CNOT 40 80
[3014] = CNOT 40 81
[3015] = S 40
[3016] = Z 40
[3017] = CNOT 40 81
[3018] = CNOT 40 82
[3019] = S 40
[3020] = Z 40
[3021] = CNOT 40 82
[3022] = CNOT 41 42
[3023] = S 41
[3024] = CNOT 41 42
[3025] = CNOT 41 49
[3026] = S 41
[3027] = CNOT 41 49
[3028] = CNOT 41 78
[3029] = S 41
[3030] = CNOT 41 78
[3031] = CNOT 41 79
[3032] = S 41
[3033] = CNOT 41 79
[3034] = CNOT 41 80
[3035] = S 41
[3036] = CNOT 41 80
[3037] = CNOT 41 81
[3038] = S 41
[3039] = CNOT 41 81
[3040] = CNOT 41 82
[3041] = S 41
[3042] = CNOT 41 82
[3043] = CNOT 42 43
[3044] = Z 42
[3045] = CNOT 42 43
[3046] = CNOT 42 45
[3047] = Z 42
[3048] = CNOT 42 45
[3049] = CNOT 42 46
[3050] = S 42
[3051] = CNOT 42 46
[3052] = CNOT 42 49
[3053] = Z 42
[3054] = CNOT 42 49
[3055] = CNOT 42 53
[3056] = Z 42
[3057] = CNOT 42 53
[3058] = CNOT 42 61
[3059] = S 42
[3060] = Z 42
[3061] = CNOT 42 61
[3062] = CNOT 42 69
[3063] = S 42
[3064] = Z 42
[3065] = CNOT 42 69
[3066] = CNOT 42 78
[3067] = S 42
[3068] = CNOT 42 78
[3069] = CNOT 42 79
[3070] = S 42
[3071] = CNOT 42 79
[3072] = CNOT 42 80
[3073] = S 42
[3074] = CNOT 42 80
[3075] = CNOT 42 81
[3076] = S 42
[3077] = CNOT 42 81
[3078] = CNOT 42 82
[3079] = S 42
[3080] = CNOT 42 82
[3081] = CNOT 43 45
[3082] = Z 43
[3083] = CNOT 43 45
[3084] = CNOT 43 48
[3085] = Z 43
[3086] = CNOT 43 48
[3087] = CNOT 43 49
[3088] = Z 43
[3089] = CNOT 43 49
[3090] = CNOT 43 52
[3091] = S 43
[3092] = CNOT 43 52
[3093] = CNOT 43 53
[3094] = Z 43
[3095] = CNOT 43 53
[3096] = CNOT 43 56
[3097] = Z 43
[3098] = CNOT 43 56
[3099] = CNOT 43 60
[3100] = Z 43
[3101] = CNOT 43 60
[3102] = CNOT 43 61
[3103] = S 43
[3104] = Z 43
[3105] = CNOT 43 61
[3106] = CNOT 43 64
[3107] = Z 43
[3108] = CNOT 43 64
[3109] = CNOT 43 68
[3110] = Z 43
[3111] = CNOT 43 68
[3112] = CNOT 43 69
[3113] = S 43
[3114] = Z 43
[3115] = CNOT 43 69
[3116] = CNOT 43 72
[3117] = Z 43
[3118] = CNOT 43 72
[3119] = CNOT 43 76
[3120] = S 43
[3121] = CNOT 43 76
[3122] = CNOT 43 78
[3123] = Z 43
[3124] = CNOT 43 78
[3125] = CNOT 43 79
[3126] = Z 43
[3127] = CNOT 43 79
[3128] = CNOT 43 80
[3129] = Z 43
[3130] = CNOT 43 80
[3131] = CNOT 43 82
[3132] = Z 43
[3133] = CNOT 43 82
[3134] = CNOT 43 83
[3135] = S 43
[3136] = CNOT 43 83
[3137] = CNOT 43 86
[3138] = Z 43
[3139] = CNOT 43 86
[3140] = CNOT 43 92
[3141] = S 43
[3142] = CNOT 43 92
[3143] = CNOT 44 45
[3144] = S 44
[3145] = CNOT 44 45
[3146] = CNOT 45 49
[3147] = Z 45
[3148] = CNOT 45 49
[3149] = CNOT 45 53
[3150] = Z 45
[3151] = CNOT 45 53
[3152] = CNOT 45 61
[3153] = Z 45
[3154] = CNOT 45 61
[3155] = CNOT 45 69
[3156] = Z 45
[3157] = CNOT 45 69
[3158] = CNOT 45 78
[3159] = Z 45
[3160] = CNOT 45 78
[3161] = CNOT 45 79
[3162] = Z 45
[3163] = CNOT 45 79
[3164] = CNOT 45 80
[3165] = Z 45
[3166] = CNOT 45 80
[3167] = CNOT 45 81
[3168] = Z 45
[3169] = CNOT 45 81
[3170] = CNOT 45 82
[3171] = S 45
[3172] = Z 45
[3173] = CNOT 45 82
[3174] = CNOT 47 78
[3175] = Z 47
[3176] = CNOT 47 78
[3177] = CNOT 47 80
[3178] = S 47
[3179] = Z 47
[3180] = CNOT 47 80
[3181] = CNOT 47 85
[3182] = Z 47
[3183] = CNOT 47 85
[3184] = CNOT 48 56
[3185] = S 48
[3186] = CNOT 48 56
[3187] = CNOT 48 64
[3188] = S 48
[3189] = CNOT 48 64
[3190] = CNOT 48 72
[3191] = S 48
[3192] = CNOT 48 72
[3193] = CNOT 48 79
[3194] = Z 48
[3195] = CNOT 48 79
[3196] = CNOT 48 81
[3197] = S 48
[3198] = CNOT 48 81
[3199] = CNOT 49 53
[3200] = Z 49
[3201] = CNOT 49 53
[3202] = CNOT 49 61
[3203] = S 49
[3204] = Z 49
[3205] = CNOT 49 61
[3206] = CNOT 49 69
[3207] = S 49
[3208] = Z 49
[3209] = CNOT 49 69
[3210] = CNOT 49 78
[3211] = Z 49
[3212] = CNOT 49 78
[3213] = CNOT 49 79
[3214] = Z 49
[3215] = CNOT 49 79
[3216] = CNOT 49 80
[3217] = Z 49
[3218] = CNOT 49 80
[3219] = CNOT 49 81
[3220] = Z 49
[3221] = CNOT 49 81
[3222] = CNOT 49 82
[3223] = Z 49
[3224] = CNOT 49 82
[3225] = CNOT 50 54
[3226] = S 50
[3227] = CNOT 50 54
[3228] = CNOT 50 58
[3229] = Z 50
[3230] = CNOT 50 58
[3231] = CNOT 50 66
[3232] = Z 50
[3233] = CNOT 50 66
[3234] = CNOT 50 74
[3235] = Z 50
[3236] = CNOT 50 74
[3237] = CNOT 50 83
[3238] = Z 50
[3239] = CNOT 50 83
[3240] = CNOT 50 90
[3241] = Z 50
[3242] = CNOT 50 90
[3243] = CNOT 51 55
[3244] = S 51
[3245] = CNOT 51 55
[3246] = CNOT 51 83
[3247] = Z 51
[3248] = CNOT 51 83
[3249] = CNOT 52 56
[3250] = S 52
[3251] = CNOT 52 56
[3252] = CNOT 52 76
[3253] = S 52
[3254] = Z 52
[3255] = CNOT 52 76
[3256] = CNOT 52 78
[3257] = S 52
[3258] = Z 52
[3259] = CNOT 52 78
[3260] = CNOT 52 79
[3261] = S 52
[3262] = Z 52
[3263] = CNOT 52 79
[3264] = CNOT 52 80
[3265] = S 52
[3266] = Z 52
[3267] = CNOT 52 80
[3268] = CNOT 52 82
[3269] = S 52
[3270] = Z 52
[3271] = CNOT 52 82
[3272] = CNOT 52 92
[3273] = S 52
[3274] = Z 52
[3275] = CNOT 52 92
[3276] = CNOT 53 57
[3277] = S 53
[3278] = CNOT 53 57
[3279] = CNOT 53 61
[3280] = S 53
[3281] = Z 53
[3282] = CNOT 53 61
[3283] = CNOT 53 69
[3284] = S 53
[3285] = Z 53
[3286] = CNOT 53 69
[3287] = CNOT 53 78
[3288] = Z 53
[3289] = CNOT 53 78
[3290] = CNOT 53 79
[3291] = Z 53
[3292] = CNOT 53 79
[3293] = CNOT 53 80
[3294] = Z 53
[3295] = CNOT 53 80
[3296] = CNOT 53 81
[3297] = Z 53
[3298] = CNOT 53 81
[3299] = CNOT 53 82
[3300] = Z 53
[3301] = CNOT 53 82
[3302] = CNOT 54 58
[3303] = S 54
[3304] = CNOT 54 58
[3305] = CNOT 55 59
[3306] = Z 55
[3307] = CNOT 55 59
[3308] = CNOT 55 63
[3309] = S 55
[3310] = CNOT 55 63
[3311] = CNOT 55 71
[3312] = S 55
[3313] = CNOT 55 71
[3314] = CNOT 55 80
[3315] = S 55
[3316] = CNOT 55 80
[3317] = CNOT 55 83
[3318] = Z 55
[3319] = CNOT 55 83
[3320] = CNOT 56 60
[3321] = Z 56
[3322] = CNOT 56 60
[3323] = CNOT 56 64
[3324] = Z 56
[3325] = CNOT 56 64
[3326] = CNOT 56 72
[3327] = Z 56
[3328] = CNOT 56 72
[3329] = CNOT 56 78
[3330] = Z 56
[3331] = CNOT 56 78
[3332] = CNOT 56 79
[3333] = S 56
[3334] = CNOT 56 79
[3335] = CNOT 56 80
[3336] = Z 56
[3337] = CNOT 56 80
[3338] = CNOT 56 82
[3339] = S 56
[3340] = Z 56
[3341] = CNOT 56 82
[3342] = CNOT 56 86
[3343] = S 56
[3344] = CNOT 56 86
[3345] = CNOT 57 61
[3346] = Z 57
[3347] = CNOT 57 61
[3348] = CNOT 58 62
[3349] = S 58
[3350] = CNOT 58 62
[3351] = CNOT 58 66
[3352] = Z 58
[3353] = CNOT 58 66
[3354] = CNOT 58 74
[3355] = Z 58
[3356] = CNOT 58 74
[3357] = CNOT 58 83
[3358] = Z 58
[3359] = CNOT 58 83
[3360] = CNOT 58 90
[3361] = Z 58
[3362] = CNOT 58 90
[3363] = CNOT 59 63
[3364] = S 59
[3365] = CNOT 59 63
[3366] = CNOT 59 67
[3367] = S 59
[3368] = Z 59
[3369] = CNOT 59 67
[3370] = CNOT 59 75
[3371] = S 59
[3372] = Z 59
[3373] = CNOT 59 75
[3374] = CNOT 59 83
[3375] = S 59
[3376] = Z 59
[3377] = CNOT 59 83
[3378] = CNOT 59 91
[3379] = S 59
[3380] = Z 59
[3381] = CNOT 59 91
[3382] = CNOT 60 64
[3383] = S 60
[3384] = CNOT 60 64
[3385] = CNOT 60 68
[3386] = S 60
[3387] = Z 60
[3388] = CNOT 60 68
[3389] = CNOT 60 78
[3390] = S 60
[3391] = Z 60
[3392] = CNOT 60 78
[3393] = CNOT 60 79
[3394] = S 60
[3395] = Z 60
[3396] = CNOT 60 79
[3397] = CNOT 60 80
[3398] = S 60
[3399] = Z 60
[3400] = CNOT 60 80
[3401] = CNOT 60 82
[3402] = S 60
[3403] = Z 60
[3404] = CNOT 60 82
[3405] = CNOT 61 65
[3406] = S 61
[3407] = CNOT 61 65
[3408] = CNOT 61 69
[3409] = S 61
[3410] = Z 61
[3411] = CNOT 61 69
[3412] = CNOT 61 78
[3413] = S 61
[3414] = Z 61
[3415] = CNOT 61 78
[3416] = CNOT 61 79
[3417] = S 61
[3418] = Z 61
[3419] = CNOT 61 79
[3420] = CNOT 61 80
[3421] = S 61
[3422] = Z 61
[3423] = CNOT 61 80
[3424] = CNOT 61 81
[3425] = S 61
[3426] = Z 61
[3427] = CNOT 61 81
[3428] = CNOT 61 82
[3429] = S 61
[3430] = Z 61
[3431] = CNOT 61 82
[3432] = CNOT 62 66
[3433] = S 62
[3434] = CNOT 62 66
[3435] = CNOT 63 67
[3436] = S 63
[3437] = CNOT 63 67
[3438] = CNOT 63 71
[3439] = S 63
[3440] = CNOT 63 71
[3441] = CNOT 63 80
[3442] = S 63
[3443] = CNOT 63 80
[3444] = CNOT 63 83
[3445] = Z 63
[3446] = CNOT 63 83
[3447] = CNOT 64 68
[3448] = S 64
[3449] = CNOT 64 68
[3450] = CNOT 64 72
[3451] = Z 64
[3452] = CNOT 64 72
[3453] = CNOT 64 78
[3454] = Z 64
[3455] = CNOT 64 78
[3456] = CNOT 64 79
[3457] = S 64
[3458] = CNOT 64 79
[3459] = CNOT 64 80
[3460] = Z 64
[3461] = CNOT 64 80
[3462] = CNOT 64 82
[3463] = S 64
[3464] = Z 64
[3465] = CNOT 64 82
[3466] = CNOT 64 86
[3467] = S 64
[3468] = CNOT 64 86
[3469] = CNOT 65 69
[3470] = S 65
[3471] = CNOT 65 69
[3472] = CNOT 66 70
[3473] = S 66
[3474] = CNOT 66 70
[3475] = CNOT 66 74
[3476] = Z 66
[3477] = CNOT 66 74
[3478] = CNOT 66 83
[3479] = Z 66
[3480] = CNOT 66 83
[3481] = CNOT 66 90
[3482] = Z 66
[3483] = CNOT 66 90
[3484] = CNOT 67 71
[3485] = S 67
[3486] = CNOT 67 71
[3487] = CNOT 67 75
[3488] = S 67
[3489] = Z 67
[3490] = CNOT 67 75
[3491] = CNOT 67 83
[3492] = S 67
[3493] = Z 67
[3494] = CNOT 67 83
[3495] = CNOT 67 91
[3496] = S 67
[3497] = Z 67
[3498] = CNOT 67 91
[3499] = CNOT 68 72
[3500] = S 68
[3501] = CNOT 68 72
[3502] = CNOT 68 78
[3503] = S 68
[3504] = Z 68
[3505] = CNOT 68 78
[3506] = CNOT 68 79
[3507] = S 68
[3508] = Z 68
[3509] = CNOT 68 79
[3510] = CNOT 68 80
[3511] = S 68
[3512] = Z 68
[3513] = CNOT 68 80
[3514] = CNOT 68 82
[3515] = S 68
[3516] = Z 68
[3517] = CNOT 68 82
[3518] = CNOT 69 73
[3519] = S 69
[3520] = CNOT 69 73
[3521] = CNOT 69 78
[3522] = S 69
[3523] = Z 69
[3524] = CNOT 69 78
[3525] = CNOT 69 79
[3526] = S 69
[3527] = Z 69
[3528] = CNOT 69 79
[3529] = CNOT 69 80
[3530] = S 69
[3531] = Z 69
[3532] = CNOT 69 80
[3533] = CNOT 69 81
[3534] = S 69
[3535] = Z 69
[3536] = CNOT 69 81
[3537] = CNOT 69 82
[3538] = S 69
[3539] = Z 69
[3540] = CNOT 69 82
[3541] = CNOT 70 74
[3542] = S 70
[3543] = CNOT 70 74
[3544] = CNOT 71 75
[3545] = Z 71
[3546] = CNOT 71 75
[3547] = CNOT 71 80
[3548] = S 71
[3549] = CNOT 71 80
[3550] = CNOT 71 83
[3551] = Z 71
[3552] = CNOT 71 83
[3553] = CNOT 72 76
[3554] = Z 72
[3555] = CNOT 72 76
[3556] = CNOT 72 78
[3557] = Z 72
[3558] = CNOT 72 78
[3559] = CNOT 72 79
[3560] = S 72
[3561] = CNOT 72 79
[3562] = CNOT 72 80
[3563] = Z 72
[3564] = CNOT 72 80
[3565] = CNOT 72 82
[3566] = S 72
[3567] = Z 72
[3568] = CNOT 72 82
[3569] = CNOT 72 86
[3570] = S 72
[3571] = CNOT 72 86
[3572] = CNOT 74 77
[3573] = S 74
[3574] = CNOT 74 77
[3575] = CNOT 74 83
[3576] = Z 74
[3577] = CNOT 74 83
[3578] = CNOT 74 90
[3579] = Z 74
[3580] = CNOT 74 90
[3581] = CNOT 75 78
[3582] = S 75
[3583] = CNOT 75 78
[3584] = CNOT 75 83
[3585] = S 75
[3586] = Z 75
[3587] = CNOT 75 83
[3588] = CNOT 75 91
[3589] = S 75
[3590] = Z 75
[3591] = CNOT 75 91
[3592] = CNOT 76 78
[3593] = S 76
[3594] = Z 76
[3595] = CNOT 76 78
[3596] = CNOT 76 80
[3597] = S 76
[3598] = Z 76
[3599] = CNOT 76 80
[3600] = CNOT 76 82
[3601] = S 76
[3602] = Z 76
[3603] = CNOT 76 82
[3604] = CNOT 76 92
[3605] = S 76
[3606] = Z 76
[3607] = CNOT 76 92
[3608] = CNOT 77 84
[3609] = Z 77
[3610] = CNOT 77 84
[3611] = CNOT 77 90
[3612] = S 77
[3613] = CNOT 77 90
[3614] = CNOT 78 80
[3615] = Z 78
[3616] = CNOT 78 80
[3617] = CNOT 78 81
[3618] = Z 78
[3619] = CNOT 78 81
[3620] = CNOT 78 83
[3621] = S 78
[3622] = CNOT 78 83
[3623] = CNOT 78 85
[3624] = Z 78
[3625] = CNOT 78 85
[3626] = CNOT 78 91
[3627] = S 78
[3628] = CNOT 78 91
[3629] = CNOT 78 92
[3630] = S 78
[3631] = Z 78
[3632] = CNOT 78 92
[3633] = CNOT 79 81
[3634] = Z 79
[3635] = CNOT 79 81
[3636] = CNOT 79 82
[3637] = S 79
[3638] = CNOT 79 82
[3639] = CNOT 79 86
[3640] = Z 79
[3641] = CNOT 79 86
[3642] = CNOT 80 81
[3643] = Z 80
[3644] = CNOT 80 81
[3645] = CNOT 80 83
[3646] = Z 80
[3647] = CNOT 80 83
[3648] = CNOT 80 85
[3649] = S 80
[3650] = Z 80
[3651] = CNOT 80 85
[3652] = CNOT 80 92
[3653] = S 80
[3654] = Z 80
[3655] = CNOT 80 92
[3656] = CNOT 81 82
[3657] = Z 81
[3658] = CNOT 81 82
[3659] = CNOT 81 86
[3660] = S 81
[3661] = CNOT 81 86
[3662] = CNOT 82 89
[3663] = S 82
[3664] = CNOT 82 89
[3665] = CNOT 82 92
[3666] = S 82
[3667] = Z 82
[3668] = CNOT 82 92
[3669] = CNOT 83 88
[3670] = S 83
[3671] = CNOT 83 88
[3672] = CNOT 83 90
[3673] = Z 83
[3674] = CNOT 83 90
[3675] = CNOT 83 91
[3676] = S 83
[3677] = Z 83
[3678] = CNOT 83 91
[3679] = CNOT 84 87
[3680] = S 84
[3681] = CNOT 84 87
[3682] = CNOT 90 93
[3683] = S 90
[3684] = CNOT 90 93
[3685] = CNOT 91 94
[3686] = S 91
[3687] = CNOT 91 94
[3688] = CNOT 92 95
[3689] = S 92
[3690] = CNOT 92 95
[3691] = CNOT 1 2
[3692] = CNOT 1 6
[3693] = S 1
[3694] = Z 1
[3695] = CNOT 1 6
[3696] = CNOT 1 7
[3697] = S 1
[3698] = Z 1
[3699] = CNOT 1 7
[3700] = CNOT 1 37
[3701] = S 1
[3702] = Z 1
[3703] = CNOT 1 37
[3704] = CNOT 1 38
[3705] = S 1
[3706] = Z 1
[3707] = CNOT 1 38
[3708] = CNOT 1 74
[3709] = S 1
[3710] = Z 1
[3711] = CNOT 1 74
[3712] = CNOT 1 83
[3713] = S 1
[3714] = Z 1
[3715] = CNOT 1 83
[3716] = CNOT 1 90
[3717] = S 1
[3718] = Z 1
[3719] = CNOT 1 90
[3720] = CNOT 1 2
[3721] = CNOT 1 6
[3722] = CNOT 1 7
[3723] = Z 1
[3724] = CNOT 1 7
[3725] = CNOT 1 25
[3726] = S 1
[3727] = Z 1
[3728] = CNOT 1 25
[3729] = CNOT 1 37
[3730] = Z 1
[3731] = CNOT 1 37
[3732] = CNOT 1 38
[3733] = Z 1
[3734] = CNOT 1 38
[3735] = CNOT 1 50
[3736] = S 1
[3737] = Z 1
[3738] = CNOT 1 50
[3739] = CNOT 1 58
[3740] = S 1
[3741] = Z 1
[3742] = CNOT 1 58
[3743] = CNOT 1 66
[3744] = S 1
[3745] = Z 1
[3746] = CNOT 1 66
[3747] = CNOT 1 74
[3748] = S 1
[3749] = Z 1
[3750] = CNOT 1 74
[3751] = CNOT 1 83
[3752] = Z 1
[3753] = CNOT 1 83
[3754] = CNOT 1 90
[3755] = S 1
[3756] = Z 1
[3757] = CNOT 1 90
[3758] = CNOT 1 6
[3759] = CNOT 1 7
[3760] = CNOT 1 25
[3761] = S 1
[3762] = Z 1
[3763] = CNOT 1 25
[3764] = CNOT 1 37
[3765] = Z 1
[3766] = CNOT 1 37
[3767] = CNOT 1 38
[3768] = Z 1
[3769] = CNOT 1 38
[3770] = CNOT 1 50
[3771] = S 1
[3772] = Z 1
[3773] = CNOT 1 50
[3774] = CNOT 1 58
[3775] = S 1
[3776] = Z 1
[3777] = CNOT 1 58
[3778] = CNOT 1 66
[3779] = S 1
[3780] = Z 1
[3781] = CNOT 1 66
[3782] = CNOT 1 74
[3783] = S 1
[3784] = Z 1
[3785] = CNOT 1 74
[3786] = CNOT 1 83
[3787] = Z 1
[3788] = CNOT 1 83
[3789] = CNOT 1 90
[3790] = S 1
[3791] = Z 1
[3792] = CNOT 1 90
[3793] = CNOT 1 7
[3794] = CNOT 1 25
[3795] = CNOT 1 37
[3796] = S 1
[3797] = Z 1
[3798] = CNOT 1 37
[3799] = CNOT 1 38
[3800] = S 1
[3801] = Z 1
[3802] = CNOT 1 38
[3803] = CNOT 1 50
[3804] = S 1
[3805] = Z 1
[3806] = CNOT 1 50
[3807] = CNOT 1 58
[3808] = S 1
[3809] = Z 1
[3810] = CNOT 1 58
[3811] = CNOT 1 66
[3812] = S 1
[3813] = Z 1
[3814] = CNOT 1 66
[3815] = CNOT 1 74
[3816] = S 1
[3817] = Z 1
[3818] = CNOT 1 74
[3819] = CNOT 1 83
[3820] = S 1
[3821] = Z 1
[3822] = CNOT 1 83
[3823] = CNOT 1 90
[3824] = S 1
[3825] = Z 1
[3826] = CNOT 1 90
[3827] = CNOT 1 25
[3828] = CNOT 1 37
[3829] = CNOT 1 38
[3830] = Z 1
[3831] = CNOT 1 38
[3832] = CNOT 1 50
[3833] = S 1
[3834] = Z 1
[3835] = CNOT 1 50
[3836] = CNOT 1 58
[3837] = S 1
[3838] = Z 1
[3839] = CNOT 1 58
[3840] = CNOT 1 66
[3841] = S 1
[3842] = Z 1
[3843] = CNOT 1 66
[3844] = CNOT 1 74
[3845] = S 1
[3846] = Z 1
[3847] = CNOT 1 74
[3848] = CNOT 1 83
[3849] = Z 1
[3850] = CNOT 1 83
[3851] = CNOT 1 90
[3852] = S 1
[3853] = Z 1
[3854] = CNOT 1 90
[3855] = CNOT 1 37
[3856] = CNOT 1 38
[3857] = CNOT 1 50
[3858] = S 1
[3859] = Z 1
[3860] = CNOT 1 50
[3861] = CNOT 1 58
[3862] = S 1
[3863] = Z 1
[3864] = CNOT 1 58
[3865] = CNOT 1 66
[3866] = S 1
[3867] = Z 1
[3868] = CNOT 1 66
[3869] = CNOT 1 74
[3870] = S 1
[3871] = Z 1
[3872] = CNOT 1 74
[3873] = CNOT 1 83
[3874] = Z 1
[3875] = CNOT 1 83
[3876] = CNOT 1 90
[3877] = S 1
[3878] = Z 1
[3879] = CNOT 1 90
[3880] = CNOT 1 38
[3881] = CNOT 1 50
[3882] = CNOT 1 58
[3883] = S 1
[3884] = Z 1
[3885] = CNOT 1 58
[3886] = CNOT 1 66
[3887] = S 1
[3888] = Z 1
[3889] = CNOT 1 66
[3890] = CNOT 1 74
[3891] = S 1
[3892] = Z 1
[3893] = CNOT 1 74
[3894] = CNOT 1 83
[3895] = S 1
[3896] = Z 1
[3897] = CNOT 1 83
[3898] = CNOT 1 90
[3899] = S 1
[3900] = Z 1
[3901] = CNOT 1 90
[3902] = CNOT 1 50
[3903] = CNOT 1 58
[3904] = CNOT 1 66
[3905] = S 1
[3906] = Z 1
[3907] = CNOT 1 66
[3908] = CNOT 1 74
[3909] = S 1
[3910] = Z 1
[3911] = CNOT 1 74
[3912] = CNOT 1 83
[3913] = S 1
[3914] = Z 1
[3915] = CNOT 1 83
[3916] = CNOT 1 90
[3917] = S 1
[3918] = Z 1
[3919] = CNOT 1 90
[3920] = CNOT 1 58
[3921] = CNOT 1 66
[3922] = CNOT 1 74
[3923] = S 1
[3924] = Z 1
[3925] = CNOT 1 74
[3926] = CNOT 1 83
[3927] = S 1
[3928] = Z 1
[3929] = CNOT 1 83
[3930] = CNOT 1 90
[3931] = S 1
[3932] = Z 1
[3933] = CNOT 1 90
[3934] = CNOT 1 66
[3935] = CNOT 1 74
[3936] = CNOT 1 83
[3937] = S 1
[3938] = Z 1
[3939] = CNOT 1 83
[3940] = CNOT 1 90
[3941] = S 1
[3942] = Z 1
[3943] = CNOT 1 74
[3944] = CNOT 1 83
[3945] = S 1
[3946] = Z 1
[3947] = CNOT 1 90
[3948] = CNOT 1 83
[3949] = CNOT 2 6
[3950] = CNOT 2 7
[3951] = Z 2
[3952] = CNOT 2 7
[3953] = CNOT 2 25
[3954] = S 2
[3955] = Z 2
[3956] = CNOT 2 25
[3957] = CNOT 2 37
[3958] = Z 2
[3959] = CNOT 2 37
[3960] = CNOT 2 38
[3961] = Z 2
[3962] = CNOT 2 38
[3963] = CNOT 2 50
[3964] = S 2
[3965] = Z 2
[3966] = CNOT 2 50
[3967] = CNOT 2 58
[3968] = S 2
[3969] = Z 2
[3970] = CNOT 2 58
[3971] = CNOT 2 66
[3972] = S 2
[3973] = Z 2
[3974] = CNOT 2 66
[3975] = CNOT 2 74
[3976] = S 2
[3977] = Z 2
[3978] = CNOT 2 74
[3979] = CNOT 2 83
[3980] = Z 2
[3981] = CNOT 2 83
[3982] = CNOT 2 90
[3983] = S 2
[3984] = Z 2
[3985] = CNOT 2 90
[3986] = CNOT 2 6
[3987] = CNOT 2 7
[3988] = CNOT 2 25
[3989] = S 2
[3990] = Z 2
[3991] = CNOT 2 25
[3992] = CNOT 2 37
[3993] = Z 2
[3994] = CNOT 2 37
[3995] = CNOT 2 38
[3996] = Z 2
[3997] = CNOT 2 38
[3998] = CNOT 2 50
[3999] = S 2
[4000] = Z 2
[4001] = CNOT 2 50
[4002] = CNOT 2 58
[4003] = S 2
[4004] = Z 2
[4005] = CNOT 2 58
[4006] = CNOT 2 66
[4007] = S 2
[4008] = Z 2
[4009] = CNOT 2 66
[4010] = CNOT 2 74
[4011] = S 2
[4012] = Z 2
[4013] = CNOT 2 74
[4014] = CNOT 2 83
[4015] = Z 2
[4016] = CNOT 2 83
[4017] = CNOT 2 90
[4018] = S 2
[4019] = Z 2
[4020] = CNOT 2 90
[4021] = CNOT 2 7
[4022] = CNOT 2 25
[4023] = CNOT 2 37
[4024] = S 2
[4025] = Z 2
[4026] = CNOT 2 37
[4027] = CNOT 2 38
[4028] = S 2
[4029] = Z 2
[4030] = CNOT 2 38
[4031] = CNOT 2 50
[4032] = S 2
[4033] = Z 2
[4034] = CNOT 2 50
[4035] = CNOT 2 58
[4036] = S 2
[4037] = Z 2
[4038] = CNOT 2 58
[4039] = CNOT 2 66
[4040] = S 2
[4041] = Z 2
[4042] = CNOT 2 66
[4043] = CNOT 2 74
[4044] = S 2
[4045] = Z 2
[4046] = CNOT 2 74
[4047] = CNOT 2 83
[4048] = S 2
[4049] = Z 2
[4050] = CNOT 2 83
[4051] = CNOT 2 90
[4052] = S 2
[4053] = Z 2
[4054] = CNOT 2 90
[4055] = CNOT 2 25
[4056] = CNOT 2 37
[4057] = CNOT 2 38
[4058] = Z 2
[4059] = CNOT 2 38
[4060] = CNOT 2 50
[4061] = S 2
[4062] = Z 2
[4063] = CNOT 2 50
[4064] = CNOT 2 58
[4065] = S 2
[4066] = Z 2
[4067] = CNOT 2 58
[4068] = CNOT 2 66
[4069] = S 2
[4070] = Z 2
[4071] = CNOT 2 66
[4072] = CNOT 2 74
[4073] = S 2
[4074] = Z 2
[4075] = CNOT 2 74
[4076] = CNOT 2 83
[4077] = Z 2
[4078] = CNOT 2 83
[4079] = CNOT 2 90
[4080] = S 2
[4081] = Z 2
[4082] = CNOT 2 90
[4083] = CNOT 2 37
[4084] = CNOT 2 38
[4085] = CNOT 2 50
[4086] = S 2
[4087] = Z 2
[4088] = CNOT 2 50
[4089] = CNOT 2 58
[4090] = S 2
[4091] = Z 2
[4092] = CNOT 2 58
[4093] = CNOT 2 66
[4094] = S 2
[4095] = Z 2
[4096] = CNOT 2 66
[4097] = CNOT 2 74
[4098] = S 2
[4099] = Z 2
[4100] = CNOT 2 74
[4101] = CNOT 2 83
[4102] = Z 2
[4103] = CNOT 2 83
[4104] = CNOT 2 90
[4105] = S 2
[4106] = Z 2
[4107] = CNOT 2 90
[4108] = CNOT 2 38
[4109] = CNOT 2 50
[4110] = CNOT 2 58
[4111] = S 2
[4112] = Z 2
[4113] = CNOT 2 58
[4114] = CNOT 2 66
[4115] = S 2
[4116] = Z 2
[4117] = CNOT 2 66
[4118] = CNOT 2 74
[4119] = S 2
[4120] = Z 2
[4121] = CNOT 2 74
[4122] = CNOT 2 83
[4123] = S 2
[4124] = Z 2
[4125] = CNOT 2 83
[4126] = CNOT 2 90
[4127] = S 2
[4128] = Z 2
[4129] = CNOT 2 90
[4130] = CNOT 2 50
[4131] = CNOT 2 58
[4132] = CNOT 2 66
[4133] = S 2
[4134] = Z 2
[4135] = CNOT 2 66
[4136] = CNOT 2 74
[4137] = S 2
[4138] = Z 2
[4139] = CNOT 2 74
[4140] = CNOT 2 83
[4141] = S 2
[4142] = Z 2
[4143] = CNOT 2 83
[4144] = CNOT 2 90
[4145] = S 2
[4146] = Z 2
[4147] = CNOT 2 90
[4148] = CNOT 2 58
[4149] = CNOT 2 66
[4150] = CNOT 2 74
[4151] = S 2
[4152] = Z 2
[4153] = CNOT 2 74
[4154] = CNOT 2 83
[4155] = S 2
[4156] = Z 2
[4157] = CNOT 2 83
[4158] = CNOT 2 90
[4159] = S 2
[4160] = Z 2
[4161] = CNOT 2 90
[4162] = CNOT 2 66
[4163] = CNOT 2 74
[4164] = CNOT 2 83
[4165] = S 2
[4166] = Z 2
[4167] = CNOT 2 83
[4168] = CNOT 2 90
[4169] = S 2
[4170] = Z 2
[4171] = CNOT 2 74
[4172] = CNOT 2 83
[4173] = S 2
[4174] = Z 2
[4175] = CNOT 2 90
[4176] = CNOT 2 83
[4177] = CNOT 3 4
[4178] = CNOT 3 6
[4179] = S 3
[4180] = CNOT 3 6
[4181] = CNOT 3 29
[4182] = S 3
[4183] = Z 3
[4184] = CNOT 3 29
[4185] = CNOT 3 33
[4186] = S 3
[4187] = Z 3
[4188] = CNOT 3 33
[4189] = CNOT 3 37
[4190] = S 3
[4191] = CNOT 3 37
[4192] = CNOT 3 38
[4193] = S 3
[4194] = CNOT 3 38
[4195] = CNOT 3 60
[4196] = S 3
[4197] = CNOT 3 60
[4198] = CNOT 3 68
[4199] = S 3
[4200] = CNOT 3 68
[4201] = CNOT 3 77
[4202] = S 3
[4203] = Z 3
[4204] = CNOT 3 77
[4205] = CNOT 3 78
[4206] = S 3
[4207] = CNOT 3 78
[4208] = CNOT 3 79
[4209] = S 3
[4210] = CNOT 3 79
[4211] = CNOT 3 80
[4212] = S 3
[4213] = CNOT 3 80
[4214] = CNOT 3 82
[4215] = S 3
[4216] = CNOT 3 82
[4217] = CNOT 3 84
[4218] = S 3
[4219] = Z 3
[4220] = CNOT 3 84
[4221] = CNOT 3 4
[4222] = CNOT 3 6
[4223] = CNOT 3 29
[4224] = S 3
[4225] = Z 3
[4226] = CNOT 3 29
[4227] = CNOT 3 33
[4228] = S 3
[4229] = Z 3
[4230] = CNOT 3 33
[4231] = CNOT 3 37
[4232] = S 3
[4233] = CNOT 3 37
[4234] = CNOT 3 38
[4235] = S 3
[4236] = CNOT 3 38
[4237] = CNOT 3 60
[4238] = S 3
[4239] = CNOT 3 60
[4240] = CNOT 3 68
[4241] = S 3
[4242] = CNOT 3 68
[4243] = CNOT 3 77
[4244] = S 3
[4245] = Z 3
[4246] = CNOT 3 77
[4247] = CNOT 3 78
[4248] = S 3
[4249] = CNOT 3 78
[4250] = CNOT 3 79
[4251] = S 3
[4252] = CNOT 3 79
[4253] = CNOT 3 80
[4254] = S 3
[4255] = CNOT 3 80
[4256] = CNOT 3 82
[4257] = S 3
[4258] = CNOT 3 82
[4259] = CNOT 3 84
[4260] = S 3
[4261] = Z 3
[4262] = CNOT 3 84
[4263] = CNOT 3 6
[4264] = CNOT 3 29
[4265] = CNOT 3 37
[4266] = S 3
[4267] = Z 3
[4268] = CNOT 3 37
[4269] = CNOT 3 38
[4270] = S 3
[4271] = Z 3
[4272] = CNOT 3 38
[4273] = CNOT 3 60
[4274] = S 3
[4275] = Z 3
[4276] = CNOT 3 60
[4277] = CNOT 3 68
[4278] = S 3
[4279] = Z 3
[4280] = CNOT 3 68
[4281] = CNOT 3 78
[4282] = S 3
[4283] = Z 3
[4284] = CNOT 3 78
[4285] = CNOT 3 79
[4286] = S 3
[4287] = Z 3
[4288] = CNOT 3 79
[4289] = CNOT 3 80
[4290] = S 3
[4291] = Z 3
[4292] = CNOT 3 80
[4293] = CNOT 3 82
[4294] = S 3
[4295] = Z 3
[4296] = CNOT 3 82
[4297] = CNOT 3 29
[4298] = CNOT 3 33
[4299] = CNOT 3 37
[4300] = S 3
[4301] = Z 3
[4302] = CNOT 3 37
[4303] = CNOT 3 38
[4304] = S 3
[4305] = Z 3
[4306] = CNOT 3 38
[4307] = CNOT 3 60
[4308] = S 3
[4309] = Z 3
[4310] = CNOT 3 60
[4311] = CNOT 3 68
[4312] = S 3
[4313] = Z 3
[4314] = CNOT 3 68
[4315] = CNOT 3 78
[4316] = S 3
[4317] = Z 3
[4318] = CNOT 3 78
[4319] = CNOT 3 79
[4320] = S 3
[4321] = Z 3
[4322] = CNOT 3 79
[4323] = CNOT 3 80
[4324] = S 3
[4325] = Z 3
[4326] = CNOT 3 80
[4327] = CNOT 3 82
[4328] = S 3
[4329] = Z 3
[4330] = CNOT 3 82
[4331] = CNOT 3 33
[4332] = CNOT 3 37
[4333] = CNOT 3 38
[4334] = S 3
[4335] = CNOT 3 38
[4336] = CNOT 3 60
[4337] = S 3
[4338] = CNOT 3 60
[4339] = CNOT 3 68
[4340] = S 3
[4341] = CNOT 3 68
[4342] = CNOT 3 77
[4343] = S 3
[4344] = Z 3
[4345] = CNOT 3 77
[4346] = CNOT 3 78
[4347] = S 3
[4348] = CNOT 3 78
[4349] = CNOT 3 79
[4350] = S 3
[4351] = CNOT 3 79
[4352] = CNOT 3 80
[4353] = S 3
[4354] = CNOT 3 80
[4355] = CNOT 3 82
[4356] = S 3
[4357] = CNOT 3 82
[4358] = CNOT 3 84
[4359] = S 3
[4360] = Z 3
[4361] = CNOT 3 84
[4362] = CNOT 3 37
[4363] = CNOT 3 38
[4364] = CNOT 3 60
[4365] = S 3
[4366] = CNOT 3 60
[4367] = CNOT 3 68
[4368] = S 3
[4369] = CNOT 3 68
[4370] = CNOT 3 77
[4371] = S 3
[4372] = Z 3
[4373] = CNOT 3 77
[4374] = CNOT 3 78
[4375] = S 3
[4376] = CNOT 3 78
[4377] = CNOT 3 79
[4378] = S 3
[4379] = CNOT 3 79
[4380] = CNOT 3 80
[4381] = S 3
[4382] = CNOT 3 80
[4383] = CNOT 3 82
[4384] = S 3
[4385] = CNOT 3 82
[4386] = CNOT 3 84
[4387] = S 3
[4388] = Z 3
[4389] = CNOT 3 84
[4390] = CNOT 3 38
[4391] = CNOT 3 60
[4392] = CNOT 3 68
[4393] = S 3
[4394] = CNOT 3 68
[4395] = CNOT 3 77
[4396] = S 3
[4397] = Z 3
[4398] = CNOT 3 77
[4399] = CNOT 3 78
[4400] = S 3
[4401] = CNOT 3 78
[4402] = CNOT 3 79
[4403] = S 3
[4404] = CNOT 3 79
[4405] = CNOT 3 80
[4406] = S 3
[4407] = CNOT 3 80
[4408] = CNOT 3 82
[4409] = S 3
[4410] = CNOT 3 82
[4411] = CNOT 3 84
[4412] = S 3
[4413] = Z 3
[4414] = CNOT 3 84
[4415] = CNOT 3 60
[4416] = CNOT 3 68
[4417] = CNOT 3 77
[4418] = S 3
[4419] = Z 3
[4420] = CNOT 3 77
[4421] = CNOT 3 78
[4422] = S 3
[4423] = CNOT 3 78
[4424] = CNOT 3 79
[4425] = S 3
[4426] = CNOT 3 79
[4427] = CNOT 3 80
[4428] = S 3
[4429] = CNOT 3 80
[4430] = CNOT 3 82
[4431] = S 3
[4432] = CNOT 3 82
[4433] = CNOT 3 84
[4434] = S 3
[4435] = Z 3
[4436] = CNOT 3 84
[4437] = CNOT 3 68
[4438] = CNOT 3 77
[4439] = CNOT 3 78
[4440] = S 3
[4441] = Z 3
[4442] = CNOT 3 78
[4443] = CNOT 3 79
[4444] = S 3
[4445] = Z 3
[4446] = CNOT 3 79
[4447] = CNOT 3 80
[4448] = S 3
[4449] = Z 3
[4450] = CNOT 3 80
[4451] = CNOT 3 82
[4452] = S 3
[4453] = Z 3
[4454] = CNOT 3 82
[4455] = CNOT 3 77
[4456] = CNOT 3 78
[4457] = CNOT 3 79
[4458] = S 3
[4459] = CNOT 3 79
[4460] = CNOT 3 80
[4461] = S 3
[4462] = CNOT 3 80
[4463] = CNOT 3 82
[4464] = S 3
[4465] = CNOT 3 82
[4466] = CNOT 3 84
[4467] = S 3
[4468] = Z 3
[4469] = CNOT 3 84
[4470] = CNOT 3 78
[4471] = CNOT 3 79
[4472] = CNOT 3 80
[4473] = S 3
[4474] = CNOT 3 80
[4475] = CNOT 3 82
[4476] = S 3
[4477] = CNOT 3 82
[4478] = CNOT 3 84
[4479] = S 3
[4480] = Z 3
[4481] = CNOT 3 84
[4482] = CNOT 3 79
[4483] = CNOT 3 80
[4484] = CNOT 3 82
[4485] = S 3
[4486] = CNOT 3 82
[4487] = CNOT 3 84
[4488] = S 3
[4489] = Z 3
[4490] = CNOT 3 80
[4491] = CNOT 3 82
[4492] = S 3
[4493] = Z 3
[4494] = CNOT 3 84
[4495] = CNOT 3 82
[4496] = CNOT 4 5
[4497] = CNOT 4 33
[4498] = S 4
[4499] = Z 4
[4500] = CNOT 4 33
[4501] = CNOT 4 5
[4502] = CNOT 4 6
[4503] = CNOT 4 29
[4504] = S 4
[4505] = Z 4
[4506] = CNOT 4 29
[4507] = CNOT 4 33
[4508] = S 4
[4509] = Z 4
[4510] = CNOT 4 33
[4511] = CNOT 4 37
[4512] = S 4
[4513] = CNOT 4 37
[4514] = CNOT 4 38
[4515] = S 4
[4516] = CNOT 4 38
[4517] = CNOT 4 60
[4518] = S 4
[4519] = CNOT 4 60
[4520] = CNOT 4 68
[4521] = S 4
[4522] = CNOT 4 68
[4523] = CNOT 4 77
[4524] = S 4
[4525] = Z 4
[4526] = CNOT 4 77
[4527] = CNOT 4 78
[4528] = S 4
[4529] = CNOT 4 78
[4530] = CNOT 4 79
[4531] = S 4
[4532] = CNOT 4 79
[4533] = CNOT 4 80
[4534] = S 4
[4535] = CNOT 4 80
[4536] = CNOT 4 82
[4537] = S 4
[4538] = CNOT 4 82
[4539] = CNOT 4 84
[4540] = S 4
[4541] = Z 4
[4542] = CNOT 4 84
[4543] = CNOT 4 6
[4544] = CNOT 4 29
[4545] = CNOT 4 37
[4546] = S 4
[4547] = Z 4
[4548] = CNOT 4 37
[4549] = CNOT 4 38
[4550] = S 4
[4551] = Z 4
[4552] = CNOT 4 38
[4553] = CNOT 4 60
[4554] = S 4
[4555] = Z 4
[4556] = CNOT 4 60
[4557] = CNOT 4 68
[4558] = S 4
[4559] = Z 4
[4560] = CNOT 4 68
[4561] = CNOT 4 78
[4562] = S 4
[4563] = Z 4
[4564] = CNOT 4 78
[4565] = CNOT 4 79
[4566] = S 4
[4567] = Z 4
[4568] = CNOT 4 79
[4569] = CNOT 4 80
[4570] = S 4
[4571] = Z 4
[4572] = CNOT 4 80
[4573] = CNOT 4 82
[4574] = S 4
[4575] = Z 4
[4576] = CNOT 4 82
[4577] = CNOT 4 29
[4578] = CNOT 4 33
[4579] = CNOT 4 37
[4580] = S 4
[4581] = Z 4
[4582] = CNOT 4 37
[4583] = CNOT 4 38
[4584] = S 4
[4585] = Z 4
[4586] = CNOT 4 38
[4587] = CNOT 4 60
[4588] = S 4
[4589] = Z 4
[4590] = CNOT 4 60
[4591] = CNOT 4 68
[4592] = S 4
[4593] = Z 4
[4594] = CNOT 4 68
[4595] = CNOT 4 78
[4596] = S 4
[4597] = Z 4
[4598] = CNOT 4 78
[4599] = CNOT 4 79
[4600] = S 4
[4601] = Z 4
[4602] = CNOT 4 79
[4603] = CNOT 4 80
[4604] = S 4
[4605] = Z 4
[4606] = CNOT 4 80
[4607] = CNOT 4 82
[4608] = S 4
[4609] = Z 4
[4610] = CNOT 4 82
[4611] = CNOT 4 33
[4612] = CNOT 4 37
[4613] = CNOT 4 38
[4614] = S 4
[4615] = CNOT 4 38
[4616] = CNOT 4 60
[4617] = S 4
[4618] = CNOT 4 60
[4619] = CNOT 4 68
[4620] = S 4
[4621] = CNOT 4 68
[4622] = CNOT 4 77
[4623] = S 4
[4624] = Z 4
[4625] = CNOT 4 77
[4626] = CNOT 4 78
[4627] = S 4
[4628] = CNOT 4 78
[4629] = CNOT 4 79
[4630] = S 4
[4631] = CNOT 4 79
[4632] = CNOT 4 80
[4633] = S 4
[4634] = CNOT 4 80
[4635] = CNOT 4 82
[4636] = S 4
[4637] = CNOT 4 82
[4638] = CNOT 4 84
[4639] = S 4
[4640] = Z 4
[4641] = CNOT 4 84
[4642] = CNOT 4 37
[4643] = CNOT 4 38
[4644] = CNOT 4 60
[4645] = S 4
[4646] = CNOT 4 60
[4647] = CNOT 4 68
[4648] = S 4
[4649] = CNOT 4 68
[4650] = CNOT 4 77
[4651] = S 4
[4652] = Z 4
[4653] = CNOT 4 77
[4654] = CNOT 4 78
[4655] = S 4
[4656] = CNOT 4 78
[4657] = CNOT 4 79
[4658] = S 4
[4659] = CNOT 4 79
[4660] = CNOT 4 80
[4661] = S 4
[4662] = CNOT 4 80
[4663] = CNOT 4 82
[4664] = S 4
[4665] = CNOT 4 82
[4666] = CNOT 4 84
[4667] = S 4
[4668] = Z 4
[4669] = CNOT 4 84
[4670] = CNOT 4 38
[4671] = CNOT 4 60
[4672] = CNOT 4 68
[4673] = S 4
[4674] = CNOT 4 68
[4675] = CNOT 4 77
[4676] = S 4
[4677] = Z 4
[4678] = CNOT 4 77
[4679] = CNOT 4 78
[4680] = S 4
[4681] = CNOT 4 78
[4682] = CNOT 4 79
[4683] = S 4
[4684] = CNOT 4 79
[4685] = CNOT 4 80
[4686] = S 4
[4687] = CNOT 4 80
[4688] = CNOT 4 82
[4689] = S 4
[4690] = CNOT 4 82
[4691] = CNOT 4 84
[4692] = S 4
[4693] = Z 4
[4694] = CNOT 4 84
[4695] = CNOT 4 60
[4696] = CNOT 4 68
[4697] = CNOT 4 77
[4698] = S 4
[4699] = Z 4
[4700] = CNOT 4 77
[4701] = CNOT 4 78
[4702] = S 4
[4703] = CNOT 4 78
[4704] = CNOT 4 79
[4705] = S 4
[4706] = CNOT 4 79
[4707] = CNOT 4 80
[4708] = S 4
[4709] = CNOT 4 80
[4710] = CNOT 4 82
[4711] = S 4
[4712] = CNOT 4 82
[4713] = CNOT 4 84
[4714] = S 4
[4715] = Z 4
[4716] = CNOT 4 84
[4717] = CNOT 4 68
[4718] = CNOT 4 77
[4719] = CNOT 4 78
[4720] = S 4
[4721] = Z 4
[4722] = CNOT 4 78
[4723] = CNOT 4 79
[4724] = S 4
[4725] = Z 4
[4726] = CNOT 4 79
[4727] = CNOT 4 80
[4728] = S 4
[4729] = Z 4
[4730] = CNOT 4 80
[4731] = CNOT 4 82
[4732] = S 4
[4733] = Z 4
[4734] = CNOT 4 82
[4735] = CNOT 4 77
[4736] = CNOT 4 78
[4737] = CNOT 4 79
[4738] = S 4
[4739] = CNOT 4 79
[4740] = CNOT 4 80
[4741] = S 4
[4742] = CNOT 4 80
[4743] = CNOT 4 82
[4744] = S 4
[4745] = CNOT 4 82
[4746] = CNOT 4 84
[4747] = S 4
[4748] = Z 4
[4749] = CNOT 4 84
[4750] = CNOT 4 78
[4751] = CNOT 4 79
[4752] = CNOT 4 80
[4753] = S 4
[4754] = CNOT 4 80
[4755] = CNOT 4 82
[4756] = S 4
[4757] = CNOT 4 82
[4758] = CNOT 4 84
[4759] = S 4
[4760] = Z 4
[4761] = CNOT 4 84
[4762] = CNOT 4 79
[4763] = CNOT 4 80
[4764] = CNOT 4 82
[4765] = S 4
[4766] = CNOT 4 82
[4767] = CNOT 4 84
[4768] = S 4
[4769] = Z 4
[4770] = CNOT 4 80
[4771] = CNOT 4 82
[4772] = S 4
[4773] = Z 4
[4774] = CNOT 4 84
[4775] = CNOT 4 82
[4776] = CNOT 6 7
[4777] = CNOT 6 11
[4778] = S 6
[4779] = Z 6
[4780] = CNOT 6 11
[4781] = CNOT 6 25
[4782] = Z 6
[4783] = CNOT 6 25
[4784] = CNOT 6 30
[4785] = Z 6
[4786] = CNOT 6 30
[4787] = CNOT 6 37
[4788] = Z 6
[4789] = CNOT 6 37
[4790] = CNOT 6 47
[4791] = S 6
[4792] = Z 6
[4793] = CNOT 6 47
[4794] = CNOT 6 50
[4795] = Z 6
[4796] = CNOT 6 50
[4797] = CNOT 6 55
[4798] = Z 6
[4799] = CNOT 6 55
[4800] = CNOT 6 58
[4801] = Z 6
[4802] = CNOT 6 58
[4803] = CNOT 6 59
[4804] = S 6
[4805] = Z 6
[4806] = CNOT 6 59
[4807] = CNOT 6 63
[4808] = Z 6
[4809] = CNOT 6 63
[4810] = CNOT 6 66
[4811] = Z 6
[4812] = CNOT 6 66
[4813] = CNOT 6 67
[4814] = S 6
[4815] = Z 6
[4816] = CNOT 6 67
[4817] = CNOT 6 71
[4818] = Z 6
[4819] = CNOT 6 71
[4820] = CNOT 6 74
[4821] = Z 6
[4822] = CNOT 6 74
[4823] = CNOT 6 75
[4824] = Z 6
[4825] = CNOT 6 75
[4826] = CNOT 6 78
[4827] = S 6
[4828] = Z 6
[4829] = CNOT 6 78
[4830] = CNOT 6 80
[4831] = S 6
[4832] = CNOT 6 80
[4833] = CNOT 6 83
[4834] = S 6
[4835] = CNOT 6 83
[4836] = CNOT 6 90
[4837] = Z 6
[4838] = CNOT 6 90
[4839] = CNOT 6 91
[4840] = Z 6
[4841] = CNOT 6 91
[4842] = CNOT 6 7
[4843] = CNOT 6 8
[4844] = CNOT 6 30
[4845] = S 6
[4846] = Z 6
[4847] = CNOT 6 30
[4848] = CNOT 6 34
[4849] = S 6
[4850] = Z 6
[4851] = CNOT 6 34
[4852] = CNOT 6 38
[4853] = Z 6
[4854] = CNOT 6 38
[4855] = CNOT 6 55
[4856] = Z 6
[4857] = CNOT 6 55
[4858] = CNOT 6 63
[4859] = Z 6
[4860] = CNOT 6 63
[4861] = CNOT 6 71
[4862] = Z 6
[4863] = CNOT 6 71
[4864] = CNOT 6 78
[4865] = S 6
[4866] = Z 6
[4867] = CNOT 6 78
[4868] = CNOT 6 80
[4869] = Z 6
[4870] = CNOT 6 80
[4871] = CNOT 6 83
[4872] = S 6
[4873] = Z 6
[4874] = CNOT 6 83
[4875] = CNOT 6 8
[4876] = CNOT 6 9
[4877] = CNOT 6 30
[4878] = S 6
[4879] = Z 6
[4880] = CNOT 6 30
[4881] = CNOT 6 34
[4882] = S 6
[4883] = Z 6
[4884] = CNOT 6 34
[4885] = CNOT 6 38
[4886] = Z 6
[4887] = CNOT 6 38
[4888] = CNOT 6 55
[4889] = Z 6
[4890] = CNOT 6 55
[4891] = CNOT 6 63
[4892] = Z 6
[4893] = CNOT 6 63
[4894] = CNOT 6 71
[4895] = Z 6
[4896] = CNOT 6 71
[4897] = CNOT 6 78
[4898] = S 6
[4899] = Z 6
[4900] = CNOT 6 78
[4901] = CNOT 6 80
[4902] = Z 6
[4903] = CNOT 6 80
[4904] = CNOT 6 83
[4905] = S 6
[4906] = Z 6
[4907] = CNOT 6 83
[4908] = CNOT 6 9
[4909] = CNOT 6 11
[4910] = CNOT 6 37
[4911] = S 6
[4912] = Z 6
[4913] = CNOT 6 37
[4914] = CNOT 6 47
[4915] = S 6
[4916] = Z 6
[4917] = CNOT 6 47
[4918] = CNOT 6 11
[4919] = CNOT 6 12
[4920] = CNOT 6 13
[4921] = S 6
[4922] = CNOT 6 13
[4923] = CNOT 6 14
[4924] = Z 6
[4925] = CNOT 6 14
[4926] = CNOT 6 15
[4927] = Z 6
[4928] = CNOT 6 15
[4929] = CNOT 6 17
[4930] = S 6
[4931] = Z 6
[4932] = CNOT 6 17
[4933] = CNOT 6 27
[4934] = S 6
[4935] = CNOT 6 27
[4936] = CNOT 6 36
[4937] = Z 6
[4938] = CNOT 6 36
[4939] = CNOT 6 37
[4940] = S 6
[4941] = CNOT 6 37
[4942] = CNOT 6 38
[4943] = S 6
[4944] = CNOT 6 38
[4945] = CNOT 6 48
[4946] = Z 6
[4947] = CNOT 6 48
[4948] = CNOT 6 52
[4949] = S 6
[4950] = CNOT 6 52
[4951] = CNOT 6 56
[4952] = S 6
[4953] = Z 6
[4954] = CNOT 6 56
[4955] = CNOT 6 60
[4956] = S 6
[4957] = Z 6
[4958] = CNOT 6 60
[4959] = CNOT 6 64
[4960] = S 6
[4961] = Z 6
[4962] = CNOT 6 64
[4963] = CNOT 6 68
[4964] = S 6
[4965] = Z 6
[4966] = CNOT 6 68
[4967] = CNOT 6 72
[4968] = S 6
[4969] = Z 6
[4970] = CNOT 6 72
[4971] = CNOT 6 76
[4972] = S 6
[4973] = Z 6
[4974] = CNOT 6 76
[4975] = CNOT 6 78
[4976] = S 6
[4977] = CNOT 6 78
[4978] = CNOT 6 79
[4979] = S 6
[4980] = CNOT 6 79
[4981] = CNOT 6 80
[4982] = S 6
[4983] = CNOT 6 80
[4984] = CNOT 6 81
[4985] = Z 6
[4986] = CNOT 6 81
[4987] = CNOT 6 82
[4988] = S 6
[4989] = CNOT 6 82
[4990] = CNOT 6 86
[4991] = S 6
[4992] = Z 6
[4993] = CNOT 6 86
[4994] = CNOT 6 92
[4995] = S 6
[4996] = Z 6
[4997] = CNOT 6 92
[4998] = CNOT 6 12
[4999] = CNOT 6 13
[5000] = CNOT 6 14
[5001] = S 6
[5002] = Z 6
[5003] = CNOT 6 14
[5004] = CNOT 6 15
[5005] = S 6
[5006] = Z 6
[5007] = CNOT 6 15
[5008] = CNOT 6 17
[5009] = S 6
[5010] = Z 6
[5011] = CNOT 6 17
[5012] = CNOT 6 27
[5013] = Z 6
[5014] = CNOT 6 27
[5015] = CNOT 6 31
[5016] = Z 6
[5017] = CNOT 6 31
[5018] = CNOT 6 35
[5019] = Z 6
[5020] = CNOT 6 35
[5021] = CNOT 6 36
[5022] = Z 6
[5023] = CNOT 6 36
[5024] = CNOT 6 37
[5025] = S 6
[5026] = CNOT 6 37
[5027] = CNOT 6 38
[5028] = S 6
[5029] = CNOT 6 38
[5030] = CNOT 6 43
[5031] = S 6
[5032] = CNOT 6 43
[5033] = CNOT 6 48
[5034] = Z 6
[5035] = CNOT 6 48
[5036] = CNOT 6 52
[5037] = Z 6
[5038] = CNOT 6 52
[5039] = CNOT 6 56
[5040] = S 6
[5041] = CNOT 6 56
[5042] = CNOT 6 60
[5043] = S 6
[5044] = Z 6
[5045] = CNOT 6 60
[5046] = CNOT 6 64
[5047] = S 6
[5048] = CNOT 6 64
[5049] = CNOT 6 68
[5050] = S 6
[5051] = Z 6
[5052] = CNOT 6 68
[5053] = CNOT 6 72
[5054] = S 6
[5055] = CNOT 6 72
[5056] = CNOT 6 76
[5057] = S 6
[5058] = Z 6
[5059] = CNOT 6 76
[5060] = CNOT 6 78
[5061] = S 6
[5062] = CNOT 6 78
[5063] = CNOT 6 79
[5064] = Z 6
[5065] = CNOT 6 79
[5066] = CNOT 6 80
[5067] = S 6
[5068] = CNOT 6 80
[5069] = CNOT 6 81
[5070] = Z 6
[5071] = CNOT 6 81
[5072] = CNOT 6 82
[5073] = Z 6
[5074] = CNOT 6 82
[5075] = CNOT 6 86
[5076] = S 6
[5077] = Z 6
[5078] = CNOT 6 86
[5079] = CNOT 6 92
[5080] = S 6
[5081] = Z 6
[5082] = CNOT 6 92
[5083] = CNOT 6 13
[5084] = CNOT 6 14
[5085] = CNOT 6 15
[5086] = Z 6
[5087] = CNOT 6 15
[5088] = CNOT 6 17
[5089] = S 6
[5090] = Z 6
[5091] = CNOT 6 17
[5092] = CNOT 6 31
[5093] = S 6
[5094] = Z 6
[5095] = CNOT 6 31
[5096] = CNOT 6 35
[5097] = S 6
[5098] = Z 6
[5099] = CNOT 6 35
[5100] = CNOT 6 37
[5101] = Z 6
[5102] = CNOT 6 37
[5103] = CNOT 6 38
[5104] = Z 6
[5105] = CNOT 6 38
[5106] = CNOT 6 43
[5107] = S 6
[5108] = Z 6
[5109] = CNOT 6 43
[5110] = CNOT 6 48
[5111] = Z 6
[5112] = CNOT 6 48
[5113] = CNOT 6 56
[5114] = S 6
[5115] = CNOT 6 56
[5116] = CNOT 6 64
[5117] = S 6
[5118] = CNOT 6 64
[5119] = CNOT 6 72
[5120] = S 6
[5121] = CNOT 6 72
[5122] = CNOT 6 78
[5123] = Z 6
[5124] = CNOT 6 78
[5125] = CNOT 6 79
[5126] = S 6
[5127] = Z 6
[5128] = CNOT 6 79
[5129] = CNOT 6 80
[5130] = Z 6
[5131] = CNOT 6 80
[5132] = CNOT 6 82
[5133] = S 6
[5134] = Z 6
[5135] = CNOT 6 82
[5136] = CNOT 6 86
[5137] = S 6
[5138] = Z 6
[5139] = CNOT 6 86
[5140] = CNOT 6 14
[5141] = CNOT 6 15
[5142] = CNOT 6 17
[5143] = S 6
[5144] = Z 6
[5145] = CNOT 6 17
[5146] = CNOT 6 31
[5147] = S 6
[5148] = Z 6
[5149] = CNOT 6 31
[5150] = CNOT 6 35
[5151] = S 6
[5152] = Z 6
[5153] = CNOT 6 35
[5154] = CNOT 6 37
[5155] = Z 6
[5156] = CNOT 6 37
[5157] = CNOT 6 38
[5158] = Z 6
[5159] = CNOT 6 38
[5160] = CNOT 6 43
[5161] = S 6
[5162] = Z 6
[5163] = CNOT 6 43
[5164] = CNOT 6 48
[5165] = Z 6
[5166] = CNOT 6 48
[5167] = CNOT 6 56
[5168] = S 6
[5169] = CNOT 6 56
[5170] = CNOT 6 64
[5171] = S 6
[5172] = CNOT 6 64
[5173] = CNOT 6 72
[5174] = S 6
[5175] = CNOT 6 72
[5176] = CNOT 6 78
[5177] = Z 6
[5178] = CNOT 6 78
[5179] = CNOT 6 79
[5180] = S 6
[5181] = Z 6
[5182] = CNOT 6 79
[5183] = CNOT 6 80
[5184] = Z 6
[5185] = CNOT 6 80
[5186] = CNOT 6 82
[5187] = S 6
[5188] = Z 6
[5189] = CNOT 6 82
[5190] = CNOT 6 86
[5191] = S 6
[5192] = Z 6
[5193] = CNOT 6 86
[5194] = CNOT 6 15
[5195] = CNOT 6 17
[5196] = CNOT 6 37
[5197] = Z 6
[5198] = CNOT 6 37
[5199] = CNOT 6 38
[5200] = Z 6
[5201] = CNOT 6 38
[5202] = CNOT 6 48
[5203] = Z 6
[5204] = CNOT 6 48
[5205] = CNOT 6 78
[5206] = Z 6
[5207] = CNOT 6 78
[5208] = CNOT 6 79
[5209] = Z 6
[5210] = CNOT 6 79
[5211] = CNOT 6 80
[5212] = Z 6
[5213] = CNOT 6 80
[5214] = CNOT 6 82
[5215] = Z 6
[5216] = CNOT 6 82
[5217] = CNOT 6 17
[5218] = CNOT 6 18
[5219] = CNOT 6 37
[5220] = Z 6
[5221] = CNOT 6 37
[5222] = CNOT 6 38
[5223] = Z 6
[5224] = CNOT 6 38
[5225] = CNOT 6 39
[5226] = Z 6
[5227] = CNOT 6 39
[5228] = CNOT 6 40
[5229] = S 6
[5230] = Z 6
[5231] = CNOT 6 40
[5232] = CNOT 6 41
[5233] = S 6
[5234] = Z 6
[5235] = CNOT 6 41
[5236] = CNOT 6 42
[5237] = Z 6
[5238] = CNOT 6 42
[5239] = CNOT 6 46
[5240] = Z 6
[5241] = CNOT 6 46
[5242] = CNOT 6 78
[5243] = Z 6
[5244] = CNOT 6 78
[5245] = CNOT 6 79
[5246] = Z 6
[5247] = CNOT 6 79
[5248] = CNOT 6 80
[5249] = Z 6
[5250] = CNOT 6 80
[5251] = CNOT 6 81
[5252] = Z 6
[5253] = CNOT 6 81
[5254] = CNOT 6 82
[5255] = Z 6
[5256] = CNOT 6 82
[5257] = CNOT 6 18
[5258] = CNOT 6 19
[5259] = CNOT 6 20
[5260] = Z 6
[5261] = CNOT 6 20
[5262] = CNOT 6 21
[5263] = S 6
[5264] = Z 6
[5265] = CNOT 6 21
[5266] = CNOT 6 22
[5267] = S 6
[5268] = Z 6
[5269] = CNOT 6 22
[5270] = CNOT 6 24
[5271] = S 6
[5272] = CNOT 6 24
[5273] = CNOT 6 28
[5274] = Z 6
[5275] = CNOT 6 28
[5276] = CNOT 6 45
[5277] = S 6
[5278] = Z 6
[5279] = CNOT 6 45
[5280] = CNOT 6 49
[5281] = S 6
[5282] = CNOT 6 49
[5283] = CNOT 6 53
[5284] = Z 6
[5285] = CNOT 6 53
[5286] = CNOT 6 61
[5287] = S 6
[5288] = Z 6
[5289] = CNOT 6 61
[5290] = CNOT 6 69
[5291] = S 6
[5292] = Z 6
[5293] = CNOT 6 69
[5294] = CNOT 6 19
[5295] = CNOT 6 20
[5296] = CNOT 6 21
[5297] = S 6
[5298] = Z 6
[5299] = CNOT 6 21
[5300] = CNOT 6 22
[5301] = S 6
[5302] = Z 6
[5303] = CNOT 6 22
[5304] = CNOT 6 24
[5305] = S 6
[5306] = CNOT 6 24
[5307] = CNOT 6 28
[5308] = Z 6
[5309] = CNOT 6 28
[5310] = CNOT 6 45
[5311] = S 6
[5312] = Z 6
[5313] = CNOT 6 45
[5314] = CNOT 6 49
[5315] = S 6
[5316] = CNOT 6 49
[5317] = CNOT 6 53
[5318] = Z 6
[5319] = CNOT 6 53
[5320] = CNOT 6 61
[5321] = S 6
[5322] = Z 6
[5323] = CNOT 6 61
[5324] = CNOT 6 69
[5325] = S 6
[5326] = Z 6
[5327] = CNOT 6 69
[5328] = CNOT 6 20
[5329] = CNOT 6 21
[5330] = CNOT 6 22
[5331] = S 6
[5332] = CNOT 6 22
[5333] = CNOT 6 24
[5334] = S 6
[5335] = Z 6
[5336] = CNOT 6 24
[5337] = CNOT 6 32
[5338] = Z 6
[5339] = CNOT 6 32
[5340] = CNOT 6 36
[5341] = S 6
[5342] = Z 6
[5343] = CNOT 6 36
[5344] = CNOT 6 37
[5345] = S 6
[5346] = CNOT 6 37
[5347] = CNOT 6 38
[5348] = S 6
[5349] = CNOT 6 38
[5350] = CNOT 6 42
[5351] = S 6
[5352] = CNOT 6 42
[5353] = CNOT 6 43
[5354] = S 6
[5355] = CNOT 6 43
[5356] = CNOT 6 49
[5357] = S 6
[5358] = Z 6
[5359] = CNOT 6 49
[5360] = CNOT 6 78
[5361] = S 6
[5362] = CNOT 6 78
[5363] = CNOT 6 79
[5364] = S 6
[5365] = CNOT 6 79
[5366] = CNOT 6 80
[5367] = S 6
[5368] = CNOT 6 80
[5369] = CNOT 6 81
[5370] = S 6
[5371] = CNOT 6 81
[5372] = CNOT 6 82
[5373] = S 6
[5374] = CNOT 6 82
[5375] = CNOT 6 21
[5376] = CNOT 6 22
[5377] = CNOT 6 24
[5378] = S 6
[5379] = Z 6
[5380] = CNOT 6 24
[5381] = CNOT 6 32
[5382] = Z 6
[5383] = CNOT 6 32
[5384] = CNOT 6 36
[5385] = S 6
[5386] = Z 6
[5387] = CNOT 6 36
[5388] = CNOT 6 37
[5389] = S 6
[5390] = CNOT 6 37
[5391] = CNOT 6 38
[5392] = S 6
[5393] = CNOT 6 38
[5394] = CNOT 6 42
[5395] = S 6
[5396] = CNOT 6 42
[5397] = CNOT 6 43
[5398] = S 6
[5399] = CNOT 6 43
[5400] = CNOT 6 49
[5401] = S 6
[5402] = Z 6
[5403] = CNOT 6 49
[5404] = CNOT 6 78
[5405] = S 6
[5406] = CNOT 6 78
[5407] = CNOT 6 79
[5408] = S 6
[5409] = CNOT 6 79
[5410] = CNOT 6 80
[5411] = S 6
[5412] = CNOT 6 80
[5413] = CNOT 6 81
[5414] = S 6
[5415] = CNOT 6 81
[5416] = CNOT 6 82
[5417] = S 6
[5418] = CNOT 6 82
[5419] = CNOT 6 22
[5420] = CNOT 6 24
[5421] = CNOT 6 32
[5422] = Z 6
[5423] = CNOT 6 32
[5424] = CNOT 6 37
[5425] = Z 6
[5426] = CNOT 6 37
[5427] = CNOT 6 38
[5428] = Z 6
[5429] = CNOT 6 38
[5430] = CNOT 6 42
[5431] = Z 6
[5432] = CNOT 6 42
[5433] = CNOT 6 43
[5434] = Z 6
[5435] = CNOT 6 43
[5436] = CNOT 6 45
[5437] = Z 6
[5438] = CNOT 6 45
[5439] = CNOT 6 49
[5440] = Z 6
[5441] = CNOT 6 49
[5442] = CNOT 6 61
[5443] = Z 6
[5444] = CNOT 6 61
[5445] = CNOT 6 69
[5446] = Z 6
[5447] = CNOT 6 69
[5448] = CNOT 6 78
[5449] = Z 6
[5450] = CNOT 6 78
[5451] = CNOT 6 79
[5452] = Z 6
[5453] = CNOT 6 79
[5454] = CNOT 6 80
[5455] = Z 6
[5456] = CNOT 6 80
[5457] = CNOT 6 81
[5458] = Z 6
[5459] = CNOT 6 81
[5460] = CNOT 6 82
[5461] = Z 6
[5462] = CNOT 6 82
[5463] = CNOT 6 24
[5464] = CNOT 6 25
[5465] = CNOT 6 37
[5466] = Z 6
[5467] = CNOT 6 37
[5468] = CNOT 6 38
[5469] = Z 6
[5470] = CNOT 6 38
[5471] = CNOT 6 50
[5472] = Z 6
[5473] = CNOT 6 50
[5474] = CNOT 6 58
[5475] = Z 6
[5476] = CNOT 6 58
[5477] = CNOT 6 66
[5478] = Z 6
[5479] = CNOT 6 66
[5480] = CNOT 6 74
[5481] = Z 6
[5482] = CNOT 6 74
[5483] = CNOT 6 83
[5484] = Z 6
[5485] = CNOT 6 83
[5486] = CNOT 6 90
[5487] = Z 6
[5488] = CNOT 6 90
[5489] = CNOT 6 25
[5490] = CNOT 6 26
[5491] = CNOT 6 51
[5492] = S 6
[5493] = Z 6
[5494] = CNOT 6 51
[5495] = CNOT 6 83
[5496] = S 6
[5497] = Z 6
[5498] = CNOT 6 83
[5499] = CNOT 6 26
[5500] = CNOT 6 27
[5501] = CNOT 6 36
[5502] = Z 6
[5503] = CNOT 6 36
[5504] = CNOT 6 43
[5505] = Z 6
[5506] = CNOT 6 43
[5507] = CNOT 6 76
[5508] = Z 6
[5509] = CNOT 6 76
[5510] = CNOT 6 81
[5511] = Z 6
[5512] = CNOT 6 81
[5513] = CNOT 6 92
[5514] = Z 6
[5515] = CNOT 6 92
[5516] = CNOT 6 27
[5517] = CNOT 6 28
[5518] = CNOT 6 45
[5519] = Z 6
[5520] = CNOT 6 45
[5521] = CNOT 6 61
[5522] = Z 6
[5523] = CNOT 6 61
[5524] = CNOT 6 69
[5525] = Z 6
[5526] = CNOT 6 69
[5527] = CNOT 6 28
[5528] = CNOT 6 29
[5529] = CNOT 6 33
[5530] = S 6
[5531] = Z 6
[5532] = CNOT 6 33
[5533] = CNOT 6 37
[5534] = Z 6
[5535] = CNOT 6 37
[5536] = CNOT 6 38
[5537] = Z 6
[5538] = CNOT 6 38
[5539] = CNOT 6 60
[5540] = Z 6
[5541] = CNOT 6 60
[5542] = CNOT 6 68
[5543] = Z 6
[5544] = CNOT 6 68
[5545] = CNOT 6 78
[5546] = Z 6
[5547] = CNOT 6 78
[5548] = CNOT 6 79
[5549] = Z 6
[5550] = CNOT 6 79
[5551] = CNOT 6 80
[5552] = Z 6
[5553] = CNOT 6 80
[5554] = CNOT 6 82
[5555] = Z 6
[5556] = CNOT 6 82
[5557] = CNOT 6 29
[5558] = CNOT 6 30
[5559] = CNOT 6 34
[5560] = S 6
[5561] = Z 6
[5562] = CNOT 6 34
[5563] = CNOT 6 37
[5564] = Z 6
[5565] = CNOT 6 37
[5566] = CNOT 6 30
[5567] = CNOT 6 31
[5568] = CNOT 6 35
[5569] = S 6
[5570] = Z 6
[5571] = CNOT 6 35
[5572] = CNOT 6 37
[5573] = Z 6
[5574] = CNOT 6 37
[5575] = CNOT 6 38
[5576] = Z 6
[5577] = CNOT 6 38
[5578] = CNOT 6 78
[5579] = Z 6
[5580] = CNOT 6 78
[5581] = CNOT 6 79
[5582] = Z 6
[5583] = CNOT 6 79
[5584] = CNOT 6 80
[5585] = Z 6
[5586] = CNOT 6 80
[5587] = CNOT 6 82
[5588] = Z 6
[5589] = CNOT 6 82
[5590] = CNOT 6 31
[5591] = CNOT 6 32
[5592] = CNOT 6 36
[5593] = S 6
[5594] = Z 6
[5595] = CNOT 6 36
[5596] = CNOT 6 45
[5597] = Z 6
[5598] = CNOT 6 45
[5599] = CNOT 6 49
[5600] = Z 6
[5601] = CNOT 6 49
[5602] = CNOT 6 61
[5603] = Z 6
[5604] = CNOT 6 61
[5605] = CNOT 6 69
[5606] = Z 6
[5607] = CNOT 6 69
[5608] = CNOT 6 32
[5609] = CNOT 6 33
[5610] = CNOT 6 37
[5611] = Z 6
[5612] = CNOT 6 37
[5613] = CNOT 6 38
[5614] = Z 6
[5615] = CNOT 6 38
[5616] = CNOT 6 60
[5617] = Z 6
[5618] = CNOT 6 60
[5619] = CNOT 6 68
[5620] = Z 6
[5621] = CNOT 6 68
[5622] = CNOT 6 78
[5623] = Z 6
[5624] = CNOT 6 78
[5625] = CNOT 6 79
[5626] = Z 6
[5627] = CNOT 6 79
[5628] = CNOT 6 80
[5629] = Z 6
[5630] = CNOT 6 80
[5631] = CNOT 6 82
[5632] = Z 6
[5633] = CNOT 6 82
[5634] = CNOT 6 33
[5635] = CNOT 6 34
[5636] = CNOT 6 37
[5637] = Z 6
[5638] = CNOT 6 37
[5639] = CNOT 6 38
[5640] = S 6
[5641] = Z 6
[5642] = CNOT 6 38
[5643] = CNOT 6 34
[5644] = CNOT 6 35
[5645] = CNOT 6 37
[5646] = Z 6
[5647] = CNOT 6 37
[5648] = CNOT 6 38
[5649] = Z 6
[5650] = CNOT 6 38
[5651] = CNOT 6 78
[5652] = Z 6
[5653] = CNOT 6 78
[5654] = CNOT 6 79
[5655] = Z 6
[5656] = CNOT 6 79
[5657] = CNOT 6 80
[5658] = Z 6
[5659] = CNOT 6 80
[5660] = CNOT 6 82
[5661] = Z 6
[5662] = CNOT 6 82
[5663] = CNOT 6 35
[5664] = CNOT 6 36
[5665] = CNOT 6 37
[5666] = Z 6
[5667] = CNOT 6 37
[5668] = CNOT 6 38
[5669] = Z 6
[5670] = CNOT 6 38
[5671] = CNOT 6 39
[5672] = S 6
[5673] = Z 6
[5674] = CNOT 6 39
[5675] = CNOT 6 41
[5676] = S 6
[5677] = Z 6
[5678] = CNOT 6 41
[5679] = CNOT 6 42
[5680] = S 6
[5681] = CNOT 6 42
[5682] = CNOT 6 43
[5683] = S 6
[5684] = CNOT 6 43
[5685] = CNOT 6 52
[5686] = Z 6
[5687] = CNOT 6 52
[5688] = CNOT 6 78
[5689] = Z 6
[5690] = CNOT 6 78
[5691] = CNOT 6 79
[5692] = Z 6
[5693] = CNOT 6 79
[5694] = CNOT 6 80
[5695] = Z 6
[5696] = CNOT 6 80
[5697] = CNOT 6 81
[5698] = Z 6
[5699] = CNOT 6 81
[5700] = CNOT 6 82
[5701] = Z 6
[5702] = CNOT 6 82
[5703] = CNOT 6 36
[5704] = CNOT 6 37
[5705] = CNOT 6 41
[5706] = S 6
[5707] = CNOT 6 41
[5708] = CNOT 6 42
[5709] = Z 6
[5710] = CNOT 6 42
[5711] = CNOT 6 44
[5712] = Z 6
[5713] = CNOT 6 44
[5714] = CNOT 6 45
[5715] = Z 6
[5716] = CNOT 6 45
[5717] = CNOT 6 46
[5718] = Z 6
[5719] = CNOT 6 46
[5720] = CNOT 6 47
[5721] = Z 6
[5722] = CNOT 6 47
[5723] = CNOT 6 49
[5724] = Z 6
[5725] = CNOT 6 49
[5726] = CNOT 6 50
[5727] = Z 6
[5728] = CNOT 6 50
[5729] = CNOT 6 54
[5730] = Z 6
[5731] = CNOT 6 54
[5732] = CNOT 6 55
[5733] = Z 6
[5734] = CNOT 6 55
[5735] = CNOT 6 56
[5736] = S 6
[5737] = CNOT 6 56
[5738] = CNOT 6 58
[5739] = Z 6
[5740] = CNOT 6 58
[5741] = CNOT 6 61
[5742] = Z 6
[5743] = CNOT 6 61
[5744] = CNOT 6 62
[5745] = Z 6
[5746] = CNOT 6 62
[5747] = CNOT 6 63
[5748] = Z 6
[5749] = CNOT 6 63
[5750] = CNOT 6 64
[5751] = S 6
[5752] = CNOT 6 64
[5753] = CNOT 6 66
[5754] = Z 6
[5755] = CNOT 6 66
[5756] = CNOT 6 69
[5757] = Z 6
[5758] = CNOT 6 69
[5759] = CNOT 6 70
[5760] = Z 6
[5761] = CNOT 6 70
[5762] = CNOT 6 71
[5763] = Z 6
[5764] = CNOT 6 71
[5765] = CNOT 6 72
[5766] = S 6
[5767] = CNOT 6 72
[5768] = CNOT 6 74
[5769] = Z 6
[5770] = CNOT 6 74
[5771] = CNOT 6 75
[5772] = S 6
[5773] = Z 6
[5774] = CNOT 6 75
[5775] = CNOT 6 76
[5776] = Z 6
[5777] = CNOT 6 76
[5778] = CNOT 6 77
[5779] = Z 6
[5780] = CNOT 6 77
[5781] = CNOT 6 78
[5782] = Z 6
[5783] = CNOT 6 78
[5784] = CNOT 6 79
[5785] = S 6
[5786] = CNOT 6 79
[5787] = CNOT 6 83
[5788] = Z 6
[5789] = CNOT 6 83
[5790] = CNOT 6 84
[5791] = Z 6
[5792] = CNOT 6 84
[5793] = CNOT 6 85
[5794] = S 6
[5795] = Z 6
[5796] = CNOT 6 85
[5797] = CNOT 6 86
[5798] = Z 6
[5799] = CNOT 6 86
[5800] = CNOT 6 90
[5801] = Z 6
[5802] = CNOT 6 90
[5803] = CNOT 6 91
[5804] = S 6
[5805] = Z 6
[5806] = CNOT 6 91
[5807] = CNOT 6 92
[5808] = Z 6
[5809] = CNOT 6 92
[5810] = CNOT 6 37
[5811] = CNOT 6 38
[5812] = CNOT 6 41
[5813] = S 6
[5814] = CNOT 6 41
[5815] = CNOT 6 42
[5816] = Z 6
[5817] = CNOT 6 42
[5818] = CNOT 6 44
[5819] = Z 6
[5820] = CNOT 6 44
[5821] = CNOT 6 45
[5822] = Z 6
[5823] = CNOT 6 45
[5824] = CNOT 6 46
[5825] = Z 6
[5826] = CNOT 6 46
[5827] = CNOT 6 47
[5828] = S 6
[5829] = Z 6
[5830] = CNOT 6 47
[5831] = CNOT 6 49
[5832] = Z 6
[5833] = CNOT 6 49
[5834] = CNOT 6 50
[5835] = Z 6
[5836] = CNOT 6 50
[5837] = CNOT 6 54
[5838] = Z 6
[5839] = CNOT 6 54
[5840] = CNOT 6 55
[5841] = Z 6
[5842] = CNOT 6 55
[5843] = CNOT 6 56
[5844] = S 6
[5845] = CNOT 6 56
[5846] = CNOT 6 58
[5847] = Z 6
[5848] = CNOT 6 58
[5849] = CNOT 6 61
[5850] = Z 6
[5851] = CNOT 6 61
[5852] = CNOT 6 62
[5853] = Z 6
[5854] = CNOT 6 62
[5855] = CNOT 6 63
[5856] = Z 6
[5857] = CNOT 6 63
[5858] = CNOT 6 64
[5859] = S 6
[5860] = CNOT 6 64
[5861] = CNOT 6 66
[5862] = Z 6
[5863] = CNOT 6 66
[5864] = CNOT 6 69
[5865] = Z 6
[5866] = CNOT 6 69
[5867] = CNOT 6 70
[5868] = Z 6
[5869] = CNOT 6 70
[5870] = CNOT 6 71
[5871] = Z 6
[5872] = CNOT 6 71
[5873] = CNOT 6 72
[5874] = S 6
[5875] = CNOT 6 72
[5876] = CNOT 6 74
[5877] = Z 6
[5878] = CNOT 6 74
[5879] = CNOT 6 75
[5880] = S 6
[5881] = Z 6
[5882] = CNOT 6 75
[5883] = CNOT 6 76
[5884] = Z 6
[5885] = CNOT 6 76
[5886] = CNOT 6 77
[5887] = Z 6
[5888] = CNOT 6 77
[5889] = CNOT 6 78
[5890] = Z 6
[5891] = CNOT 6 78
[5892] = CNOT 6 79
[5893] = S 6
[5894] = CNOT 6 79
[5895] = CNOT 6 80
[5896] = S 6
[5897] = Z 6
[5898] = CNOT 6 80
[5899] = CNOT 6 83
[5900] = S 6
[5901] = CNOT 6 83
[5902] = CNOT 6 84
[5903] = Z 6
[5904] = CNOT 6 84
[5905] = CNOT 6 85
[5906] = S 6
[5907] = Z 6
[5908] = CNOT 6 85
[5909] = CNOT 6 86
[5910] = Z 6
[5911] = CNOT 6 86
[5912] = CNOT 6 90
[5913] = Z 6
[5914] = CNOT 6 90
[5915] = CNOT 6 91
[5916] = S 6
[5917] = Z 6
[5918] = CNOT 6 91
[5919] = CNOT 6 92
[5920] = Z 6
[5921] = CNOT 6 92
[5922] = CNOT 6 38
[5923] = CNOT 6 39
[5924] = CNOT 6 40
[5925] = Z 6
[5926] = CNOT 6 40
[5927] = CNOT 6 41
[5928] = Z 6
[5929] = CNOT 6 41
[5930] = CNOT 6 46
[5931] = Z 6
[5932] = CNOT 6 46
[5933] = CNOT 6 39
[5934] = CNOT 6 40
[5935] = CNOT 6 41
[5936] = S 6
[5937] = Z 6
[5938] = CNOT 6 41
[5939] = CNOT 6 42
[5940] = Z 6
[5941] = CNOT 6 42
[5942] = CNOT 6 43
[5943] = S 6
[5944] = Z 6
[5945] = CNOT 6 43
[5946] = CNOT 6 44
[5947] = S 6
[5948] = Z 6
[5949] = CNOT 6 44
[5950] = CNOT 6 46
[5951] = S 6
[5952] = Z 6
[5953] = CNOT 6 46
[5954] = CNOT 6 82
[5955] = Z 6
[5956] = CNOT 6 82
[5957] = CNOT 6 40
[5958] = CNOT 6 41
[5959] = CNOT 6 42
[5960] = S 6
[5961] = CNOT 6 42
[5962] = CNOT 6 46
[5963] = S 6
[5964] = Z 6
[5965] = CNOT 6 46
[5966] = CNOT 6 78
[5967] = S 6
[5968] = CNOT 6 78
[5969] = CNOT 6 79
[5970] = S 6
[5971] = CNOT 6 79
[5972] = CNOT 6 80
[5973] = S 6
[5974] = CNOT 6 80
[5975] = CNOT 6 81
[5976] = S 6
[5977] = CNOT 6 81
[5978] = CNOT 6 82
[5979] = S 6
[5980] = CNOT 6 82
[5981] = CNOT 6 41
[5982] = CNOT 6 42
[5983] = CNOT 6 43
[5984] = S 6
[5985] = Z 6
[5986] = CNOT 6 43
[5987] = CNOT 6 45
[5988] = Z 6
[5989] = CNOT 6 45
[5990] = CNOT 6 46
[5991] = Z 6
[5992] = CNOT 6 46
[5993] = CNOT 6 49
[5994] = Z 6
[5995] = CNOT 6 49
[5996] = CNOT 6 61
[5997] = Z 6
[5998] = CNOT 6 61
[5999] = CNOT 6 69
[6000] = Z 6
[6001] = CNOT 6 69
[6002] = CNOT 6 78
[6003] = Z 6
[6004] = CNOT 6 78
[6005] = CNOT 6 79
[6006] = Z 6
[6007] = CNOT 6 79
[6008] = CNOT 6 80
[6009] = Z 6
[6010] = CNOT 6 80
[6011] = CNOT 6 81
[6012] = Z 6
[6013] = CNOT 6 81
[6014] = CNOT 6 82
[6015] = Z 6
[6016] = CNOT 6 82
[6017] = CNOT 6 42
[6018] = CNOT 6 43
[6019] = CNOT 6 44
[6020] = S 6
[6021] = Z 6
[6022] = CNOT 6 44
[6023] = CNOT 6 45
[6024] = Z 6
[6025] = CNOT 6 45
[6026] = CNOT 6 48
[6027] = S 6
[6028] = Z 6
[6029] = CNOT 6 48
[6030] = CNOT 6 49
[6031] = Z 6
[6032] = CNOT 6 49
[6033] = CNOT 6 52
[6034] = Z 6
[6035] = CNOT 6 52
[6036] = CNOT 6 56
[6037] = S 6
[6038] = Z 6
[6039] = CNOT 6 56
[6040] = CNOT 6 60
[6041] = S 6
[6042] = Z 6
[6043] = CNOT 6 60
[6044] = CNOT 6 61
[6045] = Z 6
[6046] = CNOT 6 61
[6047] = CNOT 6 64
[6048] = S 6
[6049] = Z 6
[6050] = CNOT 6 64
[6051] = CNOT 6 68
[6052] = S 6
[6053] = Z 6
[6054] = CNOT 6 68
[6055] = CNOT 6 69
[6056] = Z 6
[6057] = CNOT 6 69
[6058] = CNOT 6 72
[6059] = S 6
[6060] = Z 6
[6061] = CNOT 6 72
[6062] = CNOT 6 76
[6063] = S 6
[6064] = Z 6
[6065] = CNOT 6 76
[6066] = CNOT 6 82
[6067] = Z 6
[6068] = CNOT 6 82
[6069] = CNOT 6 86
[6070] = S 6
[6071] = Z 6
[6072] = CNOT 6 86
[6073] = CNOT 6 92
[6074] = S 6
[6075] = Z 6
[6076] = CNOT 6 92
[6077] = CNOT 6 43
[6078] = CNOT 6 44
[6079] = CNOT 6 78
[6080] = Z 6
[6081] = CNOT 6 78
[6082] = CNOT 6 79
[6083] = Z 6
[6084] = CNOT 6 79
[6085] = CNOT 6 80
[6086] = Z 6
[6087] = CNOT 6 80
[6088] = CNOT 6 81
[6089] = Z 6
[6090] = CNOT 6 81
[6091] = CNOT 6 44
[6092] = CNOT 6 45
[6093] = CNOT 6 49
[6094] = Z 6
[6095] = CNOT 6 49
[6096] = CNOT 6 53
[6097] = Z 6
[6098] = CNOT 6 53
[6099] = CNOT 6 61
[6100] = S 6
[6101] = Z 6
[6102] = CNOT 6 61
[6103] = CNOT 6 69
[6104] = S 6
[6105] = Z 6
[6106] = CNOT 6 69
[6107] = CNOT 6 78
[6108] = Z 6
[6109] = CNOT 6 78
[6110] = CNOT 6 79
[6111] = Z 6
[6112] = CNOT 6 79
[6113] = CNOT 6 80
[6114] = Z 6
[6115] = CNOT 6 80
[6116] = CNOT 6 81
[6117] = Z 6
[6118] = CNOT 6 81
[6119] = CNOT 6 82
[6120] = Z 6
[6121] = CNOT 6 82
[6122] = CNOT 6 45
[6123] = CNOT 6 46
[6124] = CNOT 6 78
[6125] = Z 6
[6126] = CNOT 6 78
[6127] = CNOT 6 79
[6128] = Z 6
[6129] = CNOT 6 79
[6130] = CNOT 6 80
[6131] = Z 6
[6132] = CNOT 6 80
[6133] = CNOT 6 81
[6134] = Z 6
[6135] = CNOT 6 81
[6136] = CNOT 6 82
[6137] = Z 6
[6138] = CNOT 6 82
[6139] = CNOT 6 46
[6140] = CNOT 6 47
[6141] = CNOT 6 80
[6142] = S 6
[6143] = Z 6
[6144] = CNOT 6 80
[6145] = CNOT 6 85
[6146] = S 6
[6147] = Z 6
[6148] = CNOT 6 85
[6149] = CNOT 6 47
[6150] = CNOT 6 48
[6151] = CNOT 6 56
[6152] = S 6
[6153] = Z 6
[6154] = CNOT 6 56
[6155] = CNOT 6 64
[6156] = S 6
[6157] = Z 6
[6158] = CNOT 6 64
[6159] = CNOT 6 72
[6160] = S 6
[6161] = Z 6
[6162] = CNOT 6 72
[6163] = CNOT 6 86
[6164] = Z 6
[6165] = CNOT 6 86
[6166] = CNOT 6 48
[6167] = CNOT 6 49
[6168] = CNOT 6 61
[6169] = Z 6
[6170] = CNOT 6 61
[6171] = CNOT 6 69
[6172] = Z 6
[6173] = CNOT 6 69
[6174] = CNOT 6 78
[6175] = Z 6
[6176] = CNOT 6 78
[6177] = CNOT 6 79
[6178] = Z 6
[6179] = CNOT 6 79
[6180] = CNOT 6 80
[6181] = Z 6
[6182] = CNOT 6 80
[6183] = CNOT 6 81
[6184] = Z 6
[6185] = CNOT 6 81
[6186] = CNOT 6 82
[6187] = Z 6
[6188] = CNOT 6 82
[6189] = CNOT 6 49
[6190] = CNOT 6 50
[6191] = CNOT 6 58
[6192] = Z 6
[6193] = CNOT 6 58
[6194] = CNOT 6 66
[6195] = Z 6
[6196] = CNOT 6 66
[6197] = CNOT 6 74
[6198] = Z 6
[6199] = CNOT 6 74
[6200] = CNOT 6 83
[6201] = Z 6
[6202] = CNOT 6 83
[6203] = CNOT 6 90
[6204] = Z 6
[6205] = CNOT 6 90
[6206] = CNOT 6 50
[6207] = CNOT 6 51
[6208] = CNOT 6 83
[6209] = S 6
[6210] = Z 6
[6211] = CNOT 6 83
[6212] = CNOT 6 51
[6213] = CNOT 6 52
[6214] = CNOT 6 76
[6215] = Z 6
[6216] = CNOT 6 76
[6217] = CNOT 6 81
[6218] = Z 6
[6219] = CNOT 6 81
[6220] = CNOT 6 92
[6221] = Z 6
[6222] = CNOT 6 92
[6223] = CNOT 6 52
[6224] = CNOT 6 53
[6225] = CNOT 6 61
[6226] = Z 6
[6227] = CNOT 6 61
[6228] = CNOT 6 69
[6229] = Z 6
[6230] = CNOT 6 69
[6231] = CNOT 6 53
[6232] = CNOT 6 54
[6233] = CNOT 6 60
[6234] = Z 6
[6235] = CNOT 6 60
[6236] = CNOT 6 62
[6237] = Z 6
[6238] = CNOT 6 62
[6239] = CNOT 6 68
[6240] = Z 6
[6241] = CNOT 6 68
[6242] = CNOT 6 70
[6243] = Z 6
[6244] = CNOT 6 70
[6245] = CNOT 6 77
[6246] = S 6
[6247] = Z 6
[6248] = CNOT 6 77
[6249] = CNOT 6 78
[6250] = Z 6
[6251] = CNOT 6 78
[6252] = CNOT 6 79
[6253] = Z 6
[6254] = CNOT 6 79
[6255] = CNOT 6 80
[6256] = Z 6
[6257] = CNOT 6 80
[6258] = CNOT 6 82
[6259] = Z 6
[6260] = CNOT 6 82
[6261] = CNOT 6 84
[6262] = S 6
[6263] = Z 6
[6264] = CNOT 6 84
[6265] = CNOT 6 54
[6266] = CNOT 6 55
[6267] = CNOT 6 63
[6268] = Z 6
[6269] = CNOT 6 63
[6270] = CNOT 6 71
[6271] = Z 6
[6272] = CNOT 6 71
[6273] = CNOT 6 78
[6274] = S 6
[6275] = Z 6
[6276] = CNOT 6 78
[6277] = CNOT 6 80
[6278] = Z 6
[6279] = CNOT 6 80
[6280] = CNOT 6 83
[6281] = S 6
[6282] = Z 6
[6283] = CNOT 6 83
[6284] = CNOT 6 55
[6285] = CNOT 6 56
[6286] = CNOT 6 64
[6287] = S 6
[6288] = CNOT 6 64
[6289] = CNOT 6 72
[6290] = S 6
[6291] = CNOT 6 72
[6292] = CNOT 6 78
[6293] = S 6
[6294] = CNOT 6 78
[6295] = CNOT 6 79
[6296] = Z 6
[6297] = CNOT 6 79
[6298] = CNOT 6 80
[6299] = S 6
[6300] = CNOT 6 80
[6301] = CNOT 6 82
[6302] = Z 6
[6303] = CNOT 6 82
[6304] = CNOT 6 86
[6305] = S 6
[6306] = Z 6
[6307] = CNOT 6 86
[6308] = CNOT 6 56
[6309] = CNOT 6 58
[6310] = CNOT 6 66
[6311] = Z 6
[6312] = CNOT 6 66
[6313] = CNOT 6 74
[6314] = Z 6
[6315] = CNOT 6 74
[6316] = CNOT 6 83
[6317] = Z 6
[6318] = CNOT 6 83
[6319] = CNOT 6 90
[6320] = Z 6
[6321] = CNOT 6 90
[6322] = CNOT 6 58
[6323] = CNOT 6 59
[6324] = CNOT 6 67
[6325] = S 6
[6326] = Z 6
[6327] = CNOT 6 67
[6328] = CNOT 6 75
[6329] = S 6
[6330] = Z 6
[6331] = CNOT 6 75
[6332] = CNOT 6 83
[6333] = S 6
[6334] = Z 6
[6335] = CNOT 6 83
[6336] = CNOT 6 91
[6337] = S 6
[6338] = Z 6
[6339] = CNOT 6 91
[6340] = CNOT 6 59
[6341] = CNOT 6 60
[6342] = CNOT 6 62
[6343] = Z 6
[6344] = CNOT 6 62
[6345] = CNOT 6 70
[6346] = Z 6
[6347] = CNOT 6 70
[6348] = CNOT 6 77
[6349] = Z 6
[6350] = CNOT 6 77
[6351] = CNOT 6 84
[6352] = Z 6
[6353] = CNOT 6 84
[6354] = CNOT 6 60
[6355] = CNOT 6 61
[6356] = CNOT 6 69
[6357] = Z 6
[6358] = CNOT 6 69
[6359] = CNOT 6 78
[6360] = Z 6
[6361] = CNOT 6 78
[6362] = CNOT 6 79
[6363] = Z 6
[6364] = CNOT 6 79
[6365] = CNOT 6 80
[6366] = Z 6
[6367] = CNOT 6 80
[6368] = CNOT 6 81
[6369] = Z 6
[6370] = CNOT 6 81
[6371] = CNOT 6 82
[6372] = Z 6
[6373] = CNOT 6 82
[6374] = CNOT 6 61
[6375] = CNOT 6 62
[6376] = CNOT 6 68
[6377] = Z 6
[6378] = CNOT 6 68
[6379] = CNOT 6 70
[6380] = Z 6
[6381] = CNOT 6 70
[6382] = CNOT 6 77
[6383] = S 6
[6384] = Z 6
[6385] = CNOT 6 77
[6386] = CNOT 6 78
[6387] = Z 6
[6388] = CNOT 6 78
[6389] = CNOT 6 79
[6390] = Z 6
[6391] = CNOT 6 79
[6392] = CNOT 6 80
[6393] = Z 6
[6394] = CNOT 6 80
[6395] = CNOT 6 82
[6396] = Z 6
[6397] = CNOT 6 82
[6398] = CNOT 6 84
[6399] = S 6
[6400] = Z 6
[6401] = CNOT 6 84
[6402] = CNOT 6 62
[6403] = CNOT 6 63
[6404] = CNOT 6 71
[6405] = Z 6
[6406] = CNOT 6 71
[6407] = CNOT 6 78
[6408] = S 6
[6409] = Z 6
[6410] = CNOT 6 78
[6411] = CNOT 6 80
[6412] = Z 6
[6413] = CNOT 6 80
[6414] = CNOT 6 83
[6415] = S 6
[6416] = Z 6
[6417] = CNOT 6 83
[6418] = CNOT 6 63
[6419] = CNOT 6 64
[6420] = CNOT 6 72
[6421] = S 6
[6422] = CNOT 6 72
[6423] = CNOT 6 78
[6424] = S 6
[6425] = CNOT 6 78
[6426] = CNOT 6 79
[6427] = Z 6
[6428] = CNOT 6 79
[6429] = CNOT 6 80
[6430] = S 6
[6431] = CNOT 6 80
[6432] = CNOT 6 82
[6433] = Z 6
[6434] = CNOT 6 82
[6435] = CNOT 6 86
[6436] = S 6
[6437] = Z 6
[6438] = CNOT 6 86
[6439] = CNOT 6 64
[6440] = CNOT 6 66
[6441] = CNOT 6 74
[6442] = Z 6
[6443] = CNOT 6 74
[6444] = CNOT 6 83
[6445] = Z 6
[6446] = CNOT 6 83
[6447] = CNOT 6 90
[6448] = Z 6
[6449] = CNOT 6 90
[6450] = CNOT 6 66
[6451] = CNOT 6 67
[6452] = CNOT 6 75
[6453] = S 6
[6454] = Z 6
[6455] = CNOT 6 75
[6456] = CNOT 6 83
[6457] = S 6
[6458] = Z 6
[6459] = CNOT 6 83
[6460] = CNOT 6 91
[6461] = S 6
[6462] = Z 6
[6463] = CNOT 6 91
[6464] = CNOT 6 67
[6465] = CNOT 6 68
[6466] = CNOT 6 70
[6467] = Z 6
[6468] = CNOT 6 70
[6469] = CNOT 6 77
[6470] = Z 6
[6471] = CNOT 6 77
[6472] = CNOT 6 84
[6473] = Z 6
[6474] = CNOT 6 84
[6475] = CNOT 6 68
[6476] = CNOT 6 69
[6477] = CNOT 6 78
[6478] = Z 6
[6479] = CNOT 6 78
[6480] = CNOT 6 79
[6481] = Z 6
[6482] = CNOT 6 79
[6483] = CNOT 6 80
[6484] = Z 6
[6485] = CNOT 6 80
[6486] = CNOT 6 81
[6487] = Z 6
[6488] = CNOT 6 81
[6489] = CNOT 6 82
[6490] = Z 6
[6491] = CNOT 6 82
[6492] = CNOT 6 69
[6493] = CNOT 6 70
[6494] = CNOT 6 77
[6495] = S 6
[6496] = Z 6
[6497] = CNOT 6 77
[6498] = CNOT 6 78
[6499] = Z 6
[6500] = CNOT 6 78
[6501] = CNOT 6 79
[6502] = Z 6
[6503] = CNOT 6 79
[6504] = CNOT 6 80
[6505] = Z 6
[6506] = CNOT 6 80
[6507] = CNOT 6 82
[6508] = Z 6
[6509] = CNOT 6 82
[6510] = CNOT 6 84
[6511] = S 6
[6512] = Z 6
[6513] = CNOT 6 84
[6514] = CNOT 6 70
[6515] = CNOT 6 71
[6516] = CNOT 6 78
[6517] = S 6
[6518] = Z 6
[6519] = CNOT 6 78
[6520] = CNOT 6 80
[6521] = Z 6
[6522] = CNOT 6 80
[6523] = CNOT 6 83
[6524] = S 6
[6525] = Z 6
[6526] = CNOT 6 83
[6527] = CNOT 6 71
[6528] = CNOT 6 72
[6529] = CNOT 6 78
[6530] = S 6
[6531] = CNOT 6 78
[6532] = CNOT 6 79
[6533] = Z 6
[6534] = CNOT 6 79
[6535] = CNOT 6 80
[6536] = S 6
[6537] = CNOT 6 80
[6538] = CNOT 6 82
[6539] = Z 6
[6540] = CNOT 6 82
[6541] = CNOT 6 86
[6542] = S 6
[6543] = Z 6
[6544] = CNOT 6 86
[6545] = CNOT 6 72
[6546] = CNOT 6 74
[6547] = CNOT 6 83
[6548] = Z 6
[6549] = CNOT 6 83
[6550] = CNOT 6 90
[6551] = Z 6
[6552] = CNOT 6 90
[6553] = CNOT 6 74
[6554] = CNOT 6 75
[6555] = CNOT 6 80
[6556] = S 6
[6557] = Z 6
[6558] = CNOT 6 80
[6559] = CNOT 6 83
[6560] = Z 6
[6561] = CNOT 6 83
[6562] = CNOT 6 91
[6563] = Z 6
[6564] = CNOT 6 91
[6565] = CNOT 6 75
[6566] = CNOT 6 76
[6567] = CNOT 6 78
[6568] = Z 6
[6569] = CNOT 6 78
[6570] = CNOT 6 79
[6571] = Z 6
[6572] = CNOT 6 79
[6573] = CNOT 6 80
[6574] = Z 6
[6575] = CNOT 6 80
[6576] = CNOT 6 82
[6577] = Z 6
[6578] = CNOT 6 82
[6579] = CNOT 6 92
[6580] = Z 6
[6581] = CNOT 6 92
[6582] = CNOT 6 76
[6583] = CNOT 6 77
[6584] = CNOT 6 78
[6585] = Z 6
[6586] = CNOT 6 78
[6587] = CNOT 6 79
[6588] = Z 6
[6589] = CNOT 6 79
[6590] = CNOT 6 80
[6591] = Z 6
[6592] = CNOT 6 80
[6593] = CNOT 6 82
[6594] = Z 6
[6595] = CNOT 6 82
[6596] = CNOT 6 84
[6597] = S 6
[6598] = Z 6
[6599] = CNOT 6 84
[6600] = CNOT 6 77
[6601] = CNOT 6 78
[6602] = CNOT 6 79
[6603] = S 6
[6604] = CNOT 6 79
[6605] = CNOT 6 80
[6606] = Z 6
[6607] = CNOT 6 80
[6608] = CNOT 6 83
[6609] = S 6
[6610] = Z 6
[6611] = CNOT 6 83
[6612] = CNOT 6 84
[6613] = Z 6
[6614] = CNOT 6 84
[6615] = CNOT 6 86
[6616] = Z 6
[6617] = CNOT 6 86
[6618] = CNOT 6 92
[6619] = Z 6
[6620] = CNOT 6 92
[6621] = CNOT 6 78
[6622] = CNOT 6 79
[6623] = CNOT 6 80
[6624] = S 6
[6625] = CNOT 6 80
[6626] = CNOT 6 82
[6627] = S 6
[6628] = CNOT 6 82
[6629] = CNOT 6 84
[6630] = Z 6
[6631] = CNOT 6 84
[6632] = CNOT 6 86
[6633] = Z 6
[6634] = CNOT 6 86
[6635] = CNOT 6 92
[6636] = Z 6
[6637] = CNOT 6 92
[6638] = CNOT 6 79
[6639] = CNOT 6 80
[6640] = CNOT 6 83
[6641] = S 6
[6642] = CNOT 6 83
[6643] = CNOT 6 84
[6644] = Z 6
[6645] = CNOT 6 84
[6646] = CNOT 6 85
[6647] = S 6
[6648] = Z 6
[6649] = CNOT 6 85
[6650] = CNOT 6 86
[6651] = Z 6
[6652] = CNOT 6 86
[6653] = CNOT 6 91
[6654] = S 6
[6655] = Z 6
[6656] = CNOT 6 91
[6657] = CNOT 6 92
[6658] = Z 6
[6659] = CNOT 6 92
[6660] = CNOT 6 80
[6661] = CNOT 6 81
[6662] = CNOT 6 82
[6663] = S 6
[6664] = Z 6
[6665] = CNOT 6 81
[6666] = CNOT 6 84
[6667] = Z 6
[6668] = CNOT 6 84
[6669] = CNOT 6 86
[6670] = Z 6
[6671] = CNOT 6 86
[6672] = CNOT 6 92
[6673] = Z 6
[6674] = CNOT 6 92
[6675] = CNOT 6 82
[6676] = CNOT 6 83
[6677] = CNOT 6 90
[6678] = Z 6
[6679] = CNOT 6 90
[6680] = CNOT 6 91
[6681] = Z 6
[6682] = CNOT 6 91
[6683] = CNOT 6 83
[6684] = CNOT 7 8
[6685] = CNOT 7 9
[6686] = S 7
[6687] = Z 7
[6688] = CNOT 7 9
[6689] = CNOT 7 30
[6690] = S 7
[6691] = Z 7
[6692] = CNOT 7 30
[6693] = CNOT 7 34
[6694] = S 7
[6695] = Z 7
[6696] = CNOT 7 34
[6697] = CNOT 7 38
[6698] = S 7
[6699] = CNOT 7 38
[6700] = CNOT 7 47
[6701] = S 7
[6702] = Z 7
[6703] = CNOT 7 47
[6704] = CNOT 7 55
[6705] = S 7
[6706] = CNOT 7 55
[6707] = CNOT 7 63
[6708] = S 7
[6709] = CNOT 7 63
[6710] = CNOT 7 71
[6711] = S 7
[6712] = CNOT 7 71
[6713] = CNOT 7 78
[6714] = S 7
[6715] = Z 7
[6716] = CNOT 7 78
[6717] = CNOT 7 80
[6718] = S 7
[6719] = CNOT 7 80
[6720] = CNOT 7 83
[6721] = S 7
[6722] = Z 7
[6723] = CNOT 7 83
[6724] = CNOT 7 85
[6725] = S 7
[6726] = Z 7
[6727] = CNOT 7 85
[6728] = CNOT 7 8
[6729] = CNOT 7 9
[6730] = CNOT 7 30
[6731] = S 7
[6732] = Z 7
[6733] = CNOT 7 30
[6734] = CNOT 7 34
[6735] = S 7
[6736] = Z 7
[6737] = CNOT 7 34
[6738] = CNOT 7 38
[6739] = S 7
[6740] = CNOT 7 38
[6741] = CNOT 7 47
[6742] = S 7
[6743] = Z 7
[6744] = CNOT 7 47
[6745] = CNOT 7 55
[6746] = S 7
[6747] = CNOT 7 55
[6748] = CNOT 7 63
[6749] = S 7
[6750] = CNOT 7 63
[6751] = CNOT 7 71
[6752] = S 7
[6753] = CNOT 7 71
[6754] = CNOT 7 78
[6755] = S 7
[6756] = Z 7
[6757] = CNOT 7 78
[6758] = CNOT 7 80
[6759] = S 7
[6760] = CNOT 7 80
[6761] = CNOT 7 83
[6762] = S 7
[6763] = Z 7
[6764] = CNOT 7 83
[6765] = CNOT 7 85
[6766] = S 7
[6767] = Z 7
[6768] = CNOT 7 85
[6769] = CNOT 7 9
[6770] = CNOT 7 11
[6771] = CNOT 7 37
[6772] = S 7
[6773] = Z 7
[6774] = CNOT 7 37
[6775] = CNOT 7 47
[6776] = S 7
[6777] = Z 7
[6778] = CNOT 7 47
[6779] = CNOT 7 11
[6780] = CNOT 7 25
[6781] = CNOT 7 37
[6782] = Z 7
[6783] = CNOT 7 37
[6784] = CNOT 7 38
[6785] = Z 7
[6786] = CNOT 7 38
[6787] = CNOT 7 50
[6788] = Z 7
[6789] = CNOT 7 50
[6790] = CNOT 7 58
[6791] = Z 7
[6792] = CNOT 7 58
[6793] = CNOT 7 66
[6794] = Z 7
[6795] = CNOT 7 66
[6796] = CNOT 7 74
[6797] = Z 7
[6798] = CNOT 7 74
[6799] = CNOT 7 83
[6800] = Z 7
[6801] = CNOT 7 83
[6802] = CNOT 7 90
[6803] = Z 7
[6804] = CNOT 7 90
[6805] = CNOT 7 25
[6806] = CNOT 7 26
[6807] = CNOT 7 51
[6808] = S 7
[6809] = Z 7
[6810] = CNOT 7 51
[6811] = CNOT 7 83
[6812] = S 7
[6813] = Z 7
[6814] = CNOT 7 83
[6815] = CNOT 7 26
[6816] = CNOT 7 30
[6817] = CNOT 7 34
[6818] = S 7
[6819] = Z 7
[6820] = CNOT 7 34
[6821] = CNOT 7 37
[6822] = Z 7
[6823] = CNOT 7 30
[6824] = CNOT 7 34
[6825] = Z 7
[6826] = CNOT 7 37
[6827] = CNOT 7 38
[6828] = S 7
[6829] = Z 7
[6830] = CNOT 7 34
[6831] = CNOT 7 37
[6832] = S 7
[6833] = CNOT 7 38
[6834] = CNOT 7 47
[6835] = S 7
[6836] = Z 7
[6837] = CNOT 7 47
[6838] = CNOT 7 50
[6839] = Z 7
[6840] = CNOT 7 50
[6841] = CNOT 7 55
[6842] = Z 7
[6843] = CNOT 7 55
[6844] = CNOT 7 58
[6845] = Z 7
[6846] = CNOT 7 58
[6847] = CNOT 7 59
[6848] = S 7
[6849] = Z 7
[6850] = CNOT 7 59
[6851] = CNOT 7 63
[6852] = Z 7
[6853] = CNOT 7 63
[6854] = CNOT 7 66
[6855] = Z 7
[6856] = CNOT 7 66
[6857] = CNOT 7 67
[6858] = S 7
[6859] = Z 7
[6860] = CNOT 7 67
[6861] = CNOT 7 71
[6862] = Z 7
[6863] = CNOT 7 71
[6864] = CNOT 7 74
[6865] = Z 7
[6866] = CNOT 7 74
[6867] = CNOT 7 75
[6868] = Z 7
[6869] = CNOT 7 75
[6870] = CNOT 7 78
[6871] = S 7
[6872] = Z 7
[6873] = CNOT 7 78
[6874] = CNOT 7 80
[6875] = S 7
[6876] = CNOT 7 80
[6877] = CNOT 7 83
[6878] = Z 7
[6879] = CNOT 7 83
[6880] = CNOT 7 90
[6881] = Z 7
[6882] = CNOT 7 90
[6883] = CNOT 7 91
[6884] = Z 7
[6885] = CNOT 7 91
[6886] = CNOT 7 37
[6887] = CNOT 7 38
[6888] = CNOT 7 47
[6889] = S 7
[6890] = Z 7
[6891] = CNOT 7 47
[6892] = CNOT 7 50
[6893] = Z 7
[6894] = CNOT 7 50
[6895] = CNOT 7 55
[6896] = S 7
[6897] = CNOT 7 55
[6898] = CNOT 7 58
[6899] = Z 7
[6900] = CNOT 7 58
[6901] = CNOT 7 63
[6902] = S 7
[6903] = CNOT 7 63
[6904] = CNOT 7 66
[6905] = Z 7
[6906] = CNOT 7 66
[6907] = CNOT 7 71
[6908] = S 7
[6909] = CNOT 7 71
[6910] = CNOT 7 74
[6911] = Z 7
[6912] = CNOT 7 74
[6913] = CNOT 7 75
[6914] = Z 7
[6915] = CNOT 7 75
[6916] = CNOT 7 78
[6917] = S 7
[6918] = Z 7
[6919] = CNOT 7 78
[6920] = CNOT 7 80
[6921] = S 7
[6922] = Z 7
[6923] = CNOT 7 80
[6924] = CNOT 7 83
[6925] = S 7
[6926] = CNOT 7 83
[6927] = CNOT 7 85
[6928] = S 7
[6929] = Z 7
[6930] = CNOT 7 85
[6931] = CNOT 7 90
[6932] = Z 7
[6933] = CNOT 7 90
[6934] = CNOT 7 91
[6935] = Z 7
[6936] = CNOT 7 91
[6937] = CNOT 7 38
[6938] = CNOT 7 47
[6939] = CNOT 7 55
[6940] = S 7
[6941] = Z 7
[6942] = CNOT 7 55
[6943] = CNOT 7 63
[6944] = S 7
[6945] = Z 7
[6946] = CNOT 7 63
[6947] = CNOT 7 71
[6948] = S 7
[6949] = Z 7
[6950] = CNOT 7 71
[6951] = CNOT 7 78
[6952] = S 7
[6953] = CNOT 7 78
[6954] = CNOT 7 80
[6955] = S 7
[6956] = Z 7
[6957] = CNOT 7 80
[6958] = CNOT 7 85
[6959] = S 7
[6960] = Z 7
[6961] = CNOT 7 85
[6962] = CNOT 7 47
[6963] = CNOT 7 50
[6964] = CNOT 7 58
[6965] = Z 7
[6966] = CNOT 7 58
[6967] = CNOT 7 66
[6968] = Z 7
[6969] = CNOT 7 66
[6970] = CNOT 7 74
[6971] = Z 7
[6972] = CNOT 7 74
[6973] = CNOT 7 83
[6974] = Z 7
[6975] = CNOT 7 83
[6976] = CNOT 7 90
[6977] = Z 7
[6978] = CNOT 7 90
[6979] = CNOT 7 50
[6980] = CNOT 7 51
[6981] = CNOT 7 83
[6982] = S 7
[6983] = Z 7
[6984] = CNOT 7 83
[6985] = CNOT 7 51
[6986] = CNOT 7 55
[6987] = CNOT 7 59
[6988] = S 7
[6989] = Z 7
[6990] = CNOT 7 59
[6991] = CNOT 7 63
[6992] = S 7
[6993] = CNOT 7 63
[6994] = CNOT 7 71
[6995] = S 7
[6996] = CNOT 7 71
[6997] = CNOT 7 78
[6998] = S 7
[6999] = Z 7
[7000] = CNOT 7 78
[7001] = CNOT 7 80
[7002] = S 7
[7003] = CNOT 7 80
[7004] = CNOT 7 83
[7005] = S 7
[7006] = Z 7
[7007] = CNOT 7 83
[7008] = CNOT 7 85
[7009] = S 7
[7010] = Z 7
[7011] = CNOT 7 85
[7012] = CNOT 7 55
[7013] = CNOT 7 58
[7014] = CNOT 7 66
[7015] = Z 7
[7016] = CNOT 7 66
[7017] = CNOT 7 74
[7018] = Z 7
[7019] = CNOT 7 74
[7020] = CNOT 7 83
[7021] = Z 7
[7022] = CNOT 7 83
[7023] = CNOT 7 90
[7024] = Z 7
[7025] = CNOT 7 90
[7026] = CNOT 7 58
[7027] = CNOT 7 59
[7028] = CNOT 7 67
[7029] = S 7
[7030] = Z 7
[7031] = CNOT 7 67
[7032] = CNOT 7 75
[7033] = S 7
[7034] = Z 7
[7035] = CNOT 7 75
[7036] = CNOT 7 83
[7037] = S 7
[7038] = Z 7
[7039] = CNOT 7 83
[7040] = CNOT 7 91
[7041] = S 7
[7042] = Z 7
[7043] = CNOT 7 91
[7044] = CNOT 7 59
[7045] = CNOT 7 63
[7046] = CNOT 7 71
[7047] = S 7
[7048] = CNOT 7 71
[7049] = CNOT 7 78
[7050] = S 7
[7051] = Z 7
[7052] = CNOT 7 78
[7053] = CNOT 7 80
[7054] = S 7
[7055] = CNOT 7 80
[7056] = CNOT 7 83
[7057] = S 7
[7058] = Z 7
[7059] = CNOT 7 83
[7060] = CNOT 7 85
[7061] = S 7
[7062] = Z 7
[7063] = CNOT 7 85
[7064] = CNOT 7 63
[7065] = CNOT 7 66
[7066] = CNOT 7 74
[7067] = Z 7
[7068] = CNOT 7 74
[7069] = CNOT 7 83
[7070] = Z 7
[7071] = CNOT 7 83
[7072] = CNOT 7 90
[7073] = Z 7
[7074] = CNOT 7 90
[7075] = CNOT 7 66
[7076] = CNOT 7 67
[7077] = CNOT 7 75
[7078] = S 7
[7079] = Z 7
[7080] = CNOT 7 75
[7081] = CNOT 7 83
[7082] = S 7
[7083] = Z 7
[7084] = CNOT 7 83
[7085] = CNOT 7 91
[7086] = S 7
[7087] = Z 7
[7088] = CNOT 7 91
[7089] = CNOT 7 67
[7090] = CNOT 7 71
[7091] = CNOT 7 75
[7092] = S 7
[7093] = Z 7
[7094] = CNOT 7 75
[7095] = CNOT 7 78
[7096] = S 7
[7097] = Z 7
[7098] = CNOT 7 78
[7099] = CNOT 7 80
[7100] = S 7
[7101] = CNOT 7 80
[7102] = CNOT 7 83
[7103] = S 7
[7104] = Z 7
[7105] = CNOT 7 83
[7106] = CNOT 7 85
[7107] = S 7
[7108] = Z 7
[7109] = CNOT 7 85
[7110] = CNOT 7 71
[7111] = CNOT 7 74
[7112] = CNOT 7 83
[7113] = Z 7
[7114] = CNOT 7 83
[7115] = CNOT 7 90
[7116] = Z 7
[7117] = CNOT 7 90
[7118] = CNOT 7 74
[7119] = CNOT 7 75
[7120] = CNOT 7 80
[7121] = Z 7
[7122] = CNOT 7 80
[7123] = CNOT 7 83
[7124] = S 7
[7125] = CNOT 7 83
[7126] = CNOT 7 91
[7127] = S 7
[7128] = CNOT 7 91
[7129] = CNOT 7 75
[7130] = CNOT 7 78
[7131] = CNOT 7 80
[7132] = S 7
[7133] = Z 7
[7134] = CNOT 7 80
[7135] = CNOT 7 85
[7136] = S 7
[7137] = CNOT 7 85
[7138] = CNOT 7 78
[7139] = CNOT 7 80
[7140] = CNOT 7 83
[7141] = S 7
[7142] = CNOT 7 83
[7143] = CNOT 7 85
[7144] = S 7
[7145] = Z 7
[7146] = CNOT 7 85
[7147] = CNOT 7 91
[7148] = Z 7
[7149] = CNOT 7 91
[7150] = CNOT 7 80
[7151] = CNOT 7 83
[7152] = CNOT 7 90
[7153] = Z 7
[7154] = CNOT 7 90
[7155] = CNOT 7 91
[7156] = S 7
[7157] = CNOT 7 91
[7158] = CNOT 7 83
[7159] = CNOT 8 9
[7160] = CNOT 8 11
[7161] = S 8
[7162] = Z 8
[7163] = CNOT 8 11
[7164] = CNOT 8 30
[7165] = S 8
[7166] = Z 8
[7167] = CNOT 8 30
[7168] = CNOT 8 34
[7169] = S 8
[7170] = Z 8
[7171] = CNOT 8 34
[7172] = CNOT 8 38
[7173] = S 8
[7174] = CNOT 8 38
[7175] = CNOT 8 47
[7176] = Z 8
[7177] = CNOT 8 47
[7178] = CNOT 8 55
[7179] = S 8
[7180] = CNOT 8 55
[7181] = CNOT 8 63
[7182] = S 8
[7183] = CNOT 8 63
[7184] = CNOT 8 71
[7185] = S 8
[7186] = CNOT 8 71
[7187] = CNOT 8 78
[7188] = S 8
[7189] = Z 8
[7190] = CNOT 8 78
[7191] = CNOT 8 80
[7192] = S 8
[7193] = CNOT 8 80
[7194] = CNOT 8 83
[7195] = S 8
[7196] = Z 8
[7197] = CNOT 8 83
[7198] = CNOT 8 85
[7199] = S 8
[7200] = Z 8
[7201] = CNOT 8 85
[7202] = CNOT 8 9
[7203] = CNOT 8 11
[7204] = CNOT 8 30
[7205] = S 8
[7206] = CNOT 8 30
[7207] = CNOT 8 37
[7208] = S 8
[7209] = Z 8
[7210] = CNOT 8 37
[7211] = CNOT 8 47
[7212] = S 8
[7213] = Z 8
[7214] = CNOT 8 47
[7215] = CNOT 8 11
[7216] = CNOT 8 30
[7217] = CNOT 8 37
[7218] = S 8
[7219] = Z 8
[7220] = CNOT 8 37
[7221] = CNOT 8 47
[7222] = S 8
[7223] = CNOT 8 47
[7224] = CNOT 8 30
[7225] = CNOT 8 34
[7226] = CNOT 8 37
[7227] = S 8
[7228] = Z 8
[7229] = CNOT 8 34
[7230] = CNOT 8 38
[7231] = Z 8
[7232] = CNOT 8 38
[7233] = CNOT 8 47
[7234] = S 8
[7235] = Z 8
[7236] = CNOT 8 47
[7237] = CNOT 8 55
[7238] = Z 8
[7239] = CNOT 8 55
[7240] = CNOT 8 63
[7241] = Z 8
[7242] = CNOT 8 63
[7243] = CNOT 8 71
[7244] = Z 8
[7245] = CNOT 8 71
[7246] = CNOT 8 78
[7247] = S 8
[7248] = Z 8
[7249] = CNOT 8 78
[7250] = CNOT 8 80
[7251] = Z 8
[7252] = CNOT 8 80
[7253] = CNOT 8 83
[7254] = S 8
[7255] = Z 8
[7256] = CNOT 8 83
[7257] = CNOT 8 37
[7258] = CNOT 8 38
[7259] = CNOT 8 47
[7260] = S 8
[7261] = Z 8
[7262] = CNOT 8 47
[7263] = CNOT 8 55
[7264] = S 8
[7265] = CNOT 8 55
[7266] = CNOT 8 63
[7267] = S 8
[7268] = CNOT 8 63
[7269] = CNOT 8 71
[7270] = S 8
[7271] = CNOT 8 71
[7272] = CNOT 8 78
[7273] = S 8
[7274] = Z 8
[7275] = CNOT 8 78
[7276] = CNOT 8 80
[7277] = S 8
[7278] = CNOT 8 80
[7279] = CNOT 8 83
[7280] = S 8
[7281] = Z 8
[7282] = CNOT 8 83
[7283] = CNOT 8 85
[7284] = S 8
[7285] = Z 8
[7286] = CNOT 8 85
[7287] = CNOT 8 38
[7288] = CNOT 8 47
[7289] = CNOT 8 55
[7290] = S 8
[7291] = Z 8
[7292] = CNOT 8 55
[7293] = CNOT 8 63
[7294] = S 8
[7295] = Z 8
[7296] = CNOT 8 63
[7297] = CNOT 8 71
[7298] = S 8
[7299] = Z 8
[7300] = CNOT 8 71
[7301] = CNOT 8 78
[7302] = S 8
[7303] = CNOT 8 78
[7304] = CNOT 8 80
[7305] = S 8
[7306] = Z 8
[7307] = CNOT 8 80
[7308] = CNOT 8 85
[7309] = S 8
[7310] = Z 8
[7311] = CNOT 8 85
[7312] = CNOT 8 47
[7313] = CNOT 8 55
[7314] = CNOT 8 63
[7315] = S 8
[7316] = CNOT 8 63
[7317] = CNOT 8 71
[7318] = S 8
[7319] = CNOT 8 71
[7320] = CNOT 8 78
[7321] = S 8
[7322] = Z 8
[7323] = CNOT 8 78
[7324] = CNOT 8 80
[7325] = S 8
[7326] = CNOT 8 80
[7327] = CNOT 8 83
[7328] = S 8
[7329] = Z 8
[7330] = CNOT 8 83
[7331] = CNOT 8 85
[7332] = S 8
[7333] = Z 8
[7334] = CNOT 8 85
[7335] = CNOT 8 55
[7336] = CNOT 8 63
[7337] = CNOT 8 71
[7338] = S 8
[7339] = CNOT 8 71
[7340] = CNOT 8 78
[7341] = S 8
[7342] = Z 8
[7343] = CNOT 8 78
[7344] = CNOT 8 80
[7345] = S 8
[7346] = CNOT 8 80
[7347] = CNOT 8 83
[7348] = S 8
[7349] = Z 8
[7350] = CNOT 8 83
[7351] = CNOT 8 85
[7352] = S 8
[7353] = Z 8
[7354] = CNOT 8 85
[7355] = CNOT 8 63
[7356] = CNOT 8 71
[7357] = CNOT 8 78
[7358] = S 8
[7359] = Z 8
[7360] = CNOT 8 78
[7361] = CNOT 8 80
[7362] = S 8
[7363] = CNOT 8 80
[7364] = CNOT 8 83
[7365] = S 8
[7366] = Z 8
[7367] = CNOT 8 83
[7368] = CNOT 8 85
[7369] = S 8
[7370] = Z 8
[7371] = CNOT 8 85
[7372] = CNOT 8 71
[7373] = CNOT 8 78
[7374] = CNOT 8 80
[7375] = S 8
[7376] = Z 8
[7377] = CNOT 8 80
[7378] = CNOT 8 85
[7379] = S 8
[7380] = CNOT 8 85
[7381] = CNOT 8 78
[7382] = CNOT 8 80
[7383] = CNOT 8 83
[7384] = S 8
[7385] = Z 8
[7386] = CNOT 8 83
[7387] = CNOT 8 85
[7388] = S 8
[7389] = Z 8
[7390] = CNOT 8 85
[7391] = CNOT 8 80
[7392] = CNOT 9 10
[7393] = CNOT 9 34
[7394] = S 9
[7395] = Z 9
[7396] = CNOT 9 34
[7397] = CNOT 9 10
[7398] = CNOT 9 11
[7399] = CNOT 9 30
[7400] = S 9
[7401] = CNOT 9 30
[7402] = CNOT 9 37
[7403] = S 9
[7404] = Z 9
[7405] = CNOT 9 37
[7406] = CNOT 9 47
[7407] = S 9
[7408] = Z 9
[7409] = CNOT 9 47
[7410] = CNOT 9 11
[7411] = CNOT 9 30
[7412] = CNOT 9 37
[7413] = S 9
[7414] = Z 9
[7415] = CNOT 9 37
[7416] = CNOT 9 47
[7417] = S 9
[7418] = CNOT 9 47
[7419] = CNOT 9 30
[7420] = CNOT 9 34
[7421] = CNOT 9 37
[7422] = S 9
[7423] = Z 9
[7424] = CNOT 9 34
[7425] = CNOT 9 38
[7426] = Z 9
[7427] = CNOT 9 38
[7428] = CNOT 9 47
[7429] = S 9
[7430] = Z 9
[7431] = CNOT 9 47
[7432] = CNOT 9 55
[7433] = Z 9
[7434] = CNOT 9 55
[7435] = CNOT 9 63
[7436] = Z 9
[7437] = CNOT 9 63
[7438] = CNOT 9 71
[7439] = Z 9
[7440] = CNOT 9 71
[7441] = CNOT 9 78
[7442] = S 9
[7443] = Z 9
[7444] = CNOT 9 78
[7445] = CNOT 9 80
[7446] = Z 9
[7447] = CNOT 9 80
[7448] = CNOT 9 83
[7449] = S 9
[7450] = Z 9
[7451] = CNOT 9 83
[7452] = CNOT 9 37
[7453] = CNOT 9 38
[7454] = CNOT 9 47
[7455] = S 9
[7456] = Z 9
[7457] = CNOT 9 47
[7458] = CNOT 9 55
[7459] = S 9
[7460] = CNOT 9 55
[7461] = CNOT 9 63
[7462] = S 9
[7463] = CNOT 9 63
[7464] = CNOT 9 71
[7465] = S 9
[7466] = CNOT 9 71
[7467] = CNOT 9 78
[7468] = S 9
[7469] = Z 9
[7470] = CNOT 9 78
[7471] = CNOT 9 80
[7472] = S 9
[7473] = CNOT 9 80
[7474] = CNOT 9 83
[7475] = S 9
[7476] = Z 9
[7477] = CNOT 9 83
[7478] = CNOT 9 85
[7479] = S 9
[7480] = Z 9
[7481] = CNOT 9 85
[7482] = CNOT 9 38
[7483] = CNOT 9 47
[7484] = CNOT 9 55
[7485] = S 9
[7486] = Z 9
[7487] = CNOT 9 55
[7488] = CNOT 9 63
[7489] = S 9
[7490] = Z 9
[7491] = CNOT 9 63
[7492] = CNOT 9 71
[7493] = S 9
[7494] = Z 9
[7495] = CNOT 9 71
[7496] = CNOT 9 78
[7497] = S 9
[7498] = CNOT 9 78
[7499] = CNOT 9 80
[7500] = S 9
[7501] = Z 9
[7502] = CNOT 9 80
[7503] = CNOT 9 85
[7504] = S 9
[7505] = Z 9
[7506] = CNOT 9 85
[7507] = CNOT 9 47
[7508] = CNOT 9 55
[7509] = CNOT 9 63
[7510] = S 9
[7511] = CNOT 9 63
[7512] = CNOT 9 71
[7513] = S 9
[7514] = CNOT 9 71
[7515] = CNOT 9 78
[7516] = S 9
[7517] = Z 9
[7518] = CNOT 9 78
[7519] = CNOT 9 80
[7520] = S 9
[7521] = CNOT 9 80
[7522] = CNOT 9 83
[7523] = S 9
[7524] = Z 9
[7525] = CNOT 9 83
[7526] = CNOT 9 85
[7527] = S 9
[7528] = Z 9
[7529] = CNOT 9 85
[7530] = CNOT 9 55
[7531] = CNOT 9 63
[7532] = CNOT 9 71
[7533] = S 9
[7534] = CNOT 9 71
[7535] = CNOT 9 78
[7536] = S 9
[7537] = Z 9
[7538] = CNOT 9 78
[7539] = CNOT 9 80
[7540] = S 9
[7541] = CNOT 9 80
[7542] = CNOT 9 83
[7543] = S 9
[7544] = Z 9
[7545] = CNOT 9 83
[7546] = CNOT 9 85
[7547] = S 9
[7548] = Z 9
[7549] = CNOT 9 85
[7550] = CNOT 9 63
[7551] = CNOT 9 71
[7552] = CNOT 9 78
[7553] = S 9
[7554] = Z 9
[7555] = CNOT 9 78
[7556] = CNOT 9 80
[7557] = S 9
[7558] = CNOT 9 80
[7559] = CNOT 9 83
[7560] = S 9
[7561] = Z 9
[7562] = CNOT 9 83
[7563] = CNOT 9 85
[7564] = S 9
[7565] = Z 9
[7566] = CNOT 9 85
[7567] = CNOT 9 71
[7568] = CNOT 9 78
[7569] = CNOT 9 80
[7570] = S 9
[7571] = Z 9
[7572] = CNOT 9 80
[7573] = CNOT 9 85
[7574] = S 9
[7575] = CNOT 9 85
[7576] = CNOT 9 78
[7577] = CNOT 9 80
[7578] = CNOT 9 83
[7579] = S 9
[7580] = Z 9
[7581] = CNOT 9 83
[7582] = CNOT 9 85
[7583] = S 9
[7584] = Z 9
[7585] = CNOT 9 85
[7586] = CNOT 9 80
[7587] = CNOT 12 13
[7588] = CNOT 12 14
[7589] = S 12
[7590] = Z 12
[7591] = CNOT 12 14
[7592] = CNOT 12 15
[7593] = S 12
[7594] = Z 12
[7595] = CNOT 12 15
[7596] = CNOT 12 27
[7597] = S 12
[7598] = Z 12
[7599] = CNOT 12 27
[7600] = CNOT 12 36
[7601] = S 12
[7602] = Z 12
[7603] = CNOT 12 36
[7604] = CNOT 12 37
[7605] = S 12
[7606] = CNOT 12 37
[7607] = CNOT 12 38
[7608] = S 12
[7609] = CNOT 12 38
[7610] = CNOT 12 43
[7611] = Z 12
[7612] = CNOT 12 43
[7613] = CNOT 12 52
[7614] = S 12
[7615] = Z 12
[7616] = CNOT 12 52
[7617] = CNOT 12 56
[7618] = S 12
[7619] = Z 12
[7620] = CNOT 12 56
[7621] = CNOT 12 60
[7622] = S 12
[7623] = Z 12
[7624] = CNOT 12 60
[7625] = CNOT 12 64
[7626] = S 12
[7627] = Z 12
[7628] = CNOT 12 64
[7629] = CNOT 12 68
[7630] = S 12
[7631] = Z 12
[7632] = CNOT 12 68
[7633] = CNOT 12 72
[7634] = S 12
[7635] = Z 12
[7636] = CNOT 12 72
[7637] = CNOT 12 76
[7638] = S 12
[7639] = Z 12
[7640] = CNOT 12 76
[7641] = CNOT 12 78
[7642] = S 12
[7643] = CNOT 12 78
[7644] = CNOT 12 79
[7645] = S 12
[7646] = CNOT 12 79
[7647] = CNOT 12 80
[7648] = S 12
[7649] = CNOT 12 80
[7650] = CNOT 12 81
[7651] = S 12
[7652] = Z 12
[7653] = CNOT 12 81
[7654] = CNOT 12 82
[7655] = S 12
[7656] = CNOT 12 82
[7657] = CNOT 12 92
[7658] = S 12
[7659] = Z 12
[7660] = CNOT 12 92
[7661] = CNOT 12 13
[7662] = CNOT 12 14
[7663] = CNOT 12 15
[7664] = Z 12
[7665] = CNOT 12 15
[7666] = CNOT 12 37
[7667] = Z 12
[7668] = CNOT 12 37
[7669] = CNOT 12 38
[7670] = Z 12
[7671] = CNOT 12 38
[7672] = CNOT 12 43
[7673] = S 12
[7674] = Z 12
[7675] = CNOT 12 43
[7676] = CNOT 12 56
[7677] = S 12
[7678] = Z 12
[7679] = CNOT 12 56
[7680] = CNOT 12 64
[7681] = S 12
[7682] = Z 12
[7683] = CNOT 12 64
[7684] = CNOT 12 72
[7685] = S 12
[7686] = Z 12
[7687] = CNOT 12 72
[7688] = CNOT 12 78
[7689] = Z 12
[7690] = CNOT 12 78
[7691] = CNOT 12 79
[7692] = Z 12
[7693] = CNOT 12 79
[7694] = CNOT 12 80
[7695] = Z 12
[7696] = CNOT 12 80
[7697] = CNOT 12 82
[7698] = Z 12
[7699] = CNOT 12 82
[7700] = CNOT 12 14
[7701] = CNOT 12 15
[7702] = CNOT 12 37
[7703] = Z 12
[7704] = CNOT 12 37
[7705] = CNOT 12 38
[7706] = Z 12
[7707] = CNOT 12 38
[7708] = CNOT 12 43
[7709] = S 12
[7710] = Z 12
[7711] = CNOT 12 43
[7712] = CNOT 12 56
[7713] = S 12
[7714] = Z 12
[7715] = CNOT 12 56
[7716] = CNOT 12 64
[7717] = S 12
[7718] = Z 12
[7719] = CNOT 12 64
[7720] = CNOT 12 72
[7721] = S 12
[7722] = Z 12
[7723] = CNOT 12 72
[7724] = CNOT 12 78
[7725] = Z 12
[7726] = CNOT 12 78
[7727] = CNOT 12 79
[7728] = Z 12
[7729] = CNOT 12 79
[7730] = CNOT 12 80
[7731] = Z 12
[7732] = CNOT 12 80
[7733] = CNOT 12 82
[7734] = Z 12
[7735] = CNOT 12 82
[7736] = CNOT 12 15
[7737] = CNOT 12 17
[7738] = CNOT 12 37
[7739] = S 12
[7740] = Z 12
[7741] = CNOT 12 37
[7742] = CNOT 12 38
[7743] = S 12
[7744] = Z 12
[7745] = CNOT 12 38
[7746] = CNOT 12 48
[7747] = S 12
[7748] = Z 12
[7749] = CNOT 12 48
[7750] = CNOT 12 78
[7751] = S 12
[7752] = Z 12
[7753] = CNOT 12 78
[7754] = CNOT 12 79
[7755] = S 12
[7756] = Z 12
[7757] = CNOT 12 79
[7758] = CNOT 12 80
[7759] = S 12
[7760] = Z 12
[7761] = CNOT 12 80
[7762] = CNOT 12 82
[7763] = S 12
[7764] = Z 12
[7765] = CNOT 12 82
[7766] = CNOT 12 17
[7767] = CNOT 12 27
[7768] = CNOT 12 36
[7769] = Z 12
[7770] = CNOT 12 36
[7771] = CNOT 12 37
[7772] = S 12
[7773] = CNOT 12 37
[7774] = CNOT 12 38
[7775] = S 12
[7776] = CNOT 12 38
[7777] = CNOT 12 43
[7778] = Z 12
[7779] = CNOT 12 43
[7780] = CNOT 12 52
[7781] = S 12
[7782] = CNOT 12 52
[7783] = CNOT 12 76
[7784] = S 12
[7785] = Z 12
[7786] = CNOT 12 76
[7787] = CNOT 12 78
[7788] = S 12
[7789] = CNOT 12 78
[7790] = CNOT 12 79
[7791] = S 12
[7792] = CNOT 12 79
[7793] = CNOT 12 80
[7794] = S 12
[7795] = CNOT 12 80
[7796] = CNOT 12 81
[7797] = Z 12
[7798] = CNOT 12 81
[7799] = CNOT 12 82
[7800] = S 12
[7801] = CNOT 12 82
[7802] = CNOT 12 92
[7803] = S 12
[7804] = Z 12
[7805] = CNOT 12 92
[7806] = CNOT 12 27
[7807] = CNOT 12 36
[7808] = CNOT 12 37
[7809] = Z 12
[7810] = CNOT 12 37
[7811] = CNOT 12 38
[7812] = Z 12
[7813] = CNOT 12 38
[7814] = CNOT 12 43
[7815] = S 12
[7816] = Z 12
[7817] = CNOT 12 43
[7818] = CNOT 12 52
[7819] = Z 12
[7820] = CNOT 12 52
[7821] = CNOT 12 78
[7822] = Z 12
[7823] = CNOT 12 78
[7824] = CNOT 12 79
[7825] = Z 12
[7826] = CNOT 12 79
[7827] = CNOT 12 80
[7828] = Z 12
[7829] = CNOT 12 80
[7830] = CNOT 12 81
[7831] = Z 12
[7832] = CNOT 12 81
[7833] = CNOT 12 82
[7834] = Z 12
[7835] = CNOT 12 82
[7836] = CNOT 12 36
[7837] = CNOT 12 37
[7838] = CNOT 12 38
[7839] = S 12
[7840] = CNOT 12 38
[7841] = CNOT 12 48
[7842] = Z 12
[7843] = CNOT 12 48
[7844] = CNOT 12 52
[7845] = S 12
[7846] = CNOT 12 52
[7847] = CNOT 12 56
[7848] = S 12
[7849] = Z 12
[7850] = CNOT 12 56
[7851] = CNOT 12 60
[7852] = S 12
[7853] = Z 12
[7854] = CNOT 12 60
[7855] = CNOT 12 64
[7856] = S 12
[7857] = Z 12
[7858] = CNOT 12 64
[7859] = CNOT 12 68
[7860] = S 12
[7861] = Z 12
[7862] = CNOT 12 68
[7863] = CNOT 12 72
[7864] = S 12
[7865] = Z 12
[7866] = CNOT 12 72
[7867] = CNOT 12 76
[7868] = S 12
[7869] = Z 12
[7870] = CNOT 12 76
[7871] = CNOT 12 78
[7872] = S 12
[7873] = CNOT 12 78
[7874] = CNOT 12 79
[7875] = S 12
[7876] = CNOT 12 79
[7877] = CNOT 12 80
[7878] = S 12
[7879] = CNOT 12 80
[7880] = CNOT 12 81
[7881] = Z 12
[7882] = CNOT 12 81
[7883] = CNOT 12 82
[7884] = S 12
[7885] = CNOT 12 82
[7886] = CNOT 12 86
[7887] = S 12
[7888] = Z 12
[7889] = CNOT 12 86
[7890] = CNOT 12 92
[7891] = S 12
[7892] = Z 12
[7893] = CNOT 12 92
[7894] = CNOT 12 37
[7895] = CNOT 12 38
[7896] = CNOT 12 48
[7897] = Z 12
[7898] = CNOT 12 48
[7899] = CNOT 12 52
[7900] = S 12
[7901] = CNOT 12 52
[7902] = CNOT 12 56
[7903] = S 12
[7904] = Z 12
[7905] = CNOT 12 56
[7906] = CNOT 12 60
[7907] = S 12
[7908] = Z 12
[7909] = CNOT 12 60
[7910] = CNOT 12 64
[7911] = S 12
[7912] = Z 12
[7913] = CNOT 12 64
[7914] = CNOT 12 68
[7915] = S 12
[7916] = Z 12
[7917] = CNOT 12 68
[7918] = CNOT 12 72
[7919] = S 12
[7920] = Z 12
[7921] = CNOT 12 72
[7922] = CNOT 12 76
[7923] = S 12
[7924] = Z 12
[7925] = CNOT 12 76
[7926] = CNOT 12 78
[7927] = S 12
[7928] = CNOT 12 78
[7929] = CNOT 12 79
[7930] = S 12
[7931] = CNOT 12 79
[7932] = CNOT 12 80
[7933] = S 12
[7934] = CNOT 12 80
[7935] = CNOT 12 81
[7936] = Z 12
[7937] = CNOT 12 81
[7938] = CNOT 12 82
[7939] = S 12
[7940] = CNOT 12 82
[7941] = CNOT 12 86
[7942] = S 12
[7943] = Z 12
[7944] = CNOT 12 86
[7945] = CNOT 12 92
[7946] = S 12
[7947] = Z 12
[7948] = CNOT 12 92
[7949] = CNOT 12 38
[7950] = CNOT 12 43
[7951] = CNOT 12 48
[7952] = S 12
[7953] = Z 12
[7954] = CNOT 12 48
[7955] = CNOT 12 52
[7956] = Z 12
[7957] = CNOT 12 52
[7958] = CNOT 12 56
[7959] = S 12
[7960] = Z 12
[7961] = CNOT 12 56
[7962] = CNOT 12 64
[7963] = S 12
[7964] = Z 12
[7965] = CNOT 12 64
[7966] = CNOT 12 72
[7967] = S 12
[7968] = Z 12
[7969] = CNOT 12 72
[7970] = CNOT 12 76
[7971] = S 12
[7972] = Z 12
[7973] = CNOT 12 76
[7974] = CNOT 12 81
[7975] = S 12
[7976] = Z 12
[7977] = CNOT 12 81
[7978] = CNOT 12 86
[7979] = S 12
[7980] = Z 12
[7981] = CNOT 12 86
[7982] = CNOT 12 92
[7983] = S 12
[7984] = Z 12
[7985] = CNOT 12 92
[7986] = CNOT 12 43
[7987] = CNOT 12 48
[7988] = CNOT 12 78
[7989] = Z 12
[7990] = CNOT 12 78
[7991] = CNOT 12 79
[7992] = Z 12
[7993] = CNOT 12 79
[7994] = CNOT 12 80
[7995] = Z 12
[7996] = CNOT 12 80
[7997] = CNOT 12 82
[7998] = Z 12
[7999] = CNOT 12 82
[8000] = CNOT 12 86
[8001] = S 12
[8002] = Z 12
[8003] = CNOT 12 86
[8004] = CNOT 12 48
[8005] = CNOT 12 52
[8006] = CNOT 12 76
[8007] = S 12
[8008] = Z 12
[8009] = CNOT 12 76
[8010] = CNOT 12 78
[8011] = S 12
[8012] = CNOT 12 78
[8013] = CNOT 12 79
[8014] = S 12
[8015] = CNOT 12 79
[8016] = CNOT 12 80
[8017] = S 12
[8018] = CNOT 12 80
[8019] = CNOT 12 81
[8020] = Z 12
[8021] = CNOT 12 81
[8022] = CNOT 12 82
[8023] = S 12
[8024] = CNOT 12 82
[8025] = CNOT 12 92
[8026] = S 12
[8027] = Z 12
[8028] = CNOT 12 92
[8029] = CNOT 12 52
[8030] = CNOT 12 56
[8031] = CNOT 12 64
[8032] = S 12
[8033] = Z 12
[8034] = CNOT 12 64
[8035] = CNOT 12 72
[8036] = S 12
[8037] = Z 12
[8038] = CNOT 12 72
[8039] = CNOT 12 78
[8040] = S 12
[8041] = Z 12
[8042] = CNOT 12 78
[8043] = CNOT 12 79
[8044] = S 12
[8045] = Z 12
[8046] = CNOT 12 79
[8047] = CNOT 12 80
[8048] = S 12
[8049] = Z 12
[8050] = CNOT 12 80
[8051] = CNOT 12 82
[8052] = S 12
[8053] = Z 12
[8054] = CNOT 12 82
[8055] = CNOT 12 56
[8056] = CNOT 12 60
[8057] = CNOT 12 68
[8058] = S 12
[8059] = Z 12
[8060] = CNOT 12 68
[8061] = CNOT 12 78
[8062] = S 12
[8063] = Z 12
[8064] = CNOT 12 78
[8065] = CNOT 12 79
[8066] = S 12
[8067] = Z 12
[8068] = CNOT 12 79
[8069] = CNOT 12 80
[8070] = S 12
[8071] = Z 12
[8072] = CNOT 12 80
[8073] = CNOT 12 82
[8074] = S 12
[8075] = Z 12
[8076] = CNOT 12 82
[8077] = CNOT 12 60
[8078] = CNOT 12 64
[8079] = CNOT 12 72
[8080] = S 12
[8081] = Z 12
[8082] = CNOT 12 72
[8083] = CNOT 12 78
[8084] = S 12
[8085] = Z 12
[8086] = CNOT 12 78
[8087] = CNOT 12 79
[8088] = S 12
[8089] = Z 12
[8090] = CNOT 12 79
[8091] = CNOT 12 80
[8092] = S 12
[8093] = Z 12
[8094] = CNOT 12 80
[8095] = CNOT 12 82
[8096] = S 12
[8097] = Z 12
[8098] = CNOT 12 82
[8099] = CNOT 12 64
[8100] = CNOT 12 68
[8101] = CNOT 12 78
[8102] = S 12
[8103] = Z 12
[8104] = CNOT 12 78
[8105] = CNOT 12 79
[8106] = S 12
[8107] = Z 12
[8108] = CNOT 12 79
[8109] = CNOT 12 80
[8110] = S 12
[8111] = Z 12
[8112] = CNOT 12 80
[8113] = CNOT 12 82
[8114] = S 12
[8115] = Z 12
[8116] = CNOT 12 82
[8117] = CNOT 12 68
[8118] = CNOT 12 72
[8119] = CNOT 12 78
[8120] = S 12
[8121] = Z 12
[8122] = CNOT 12 78
[8123] = CNOT 12 79
[8124] = S 12
[8125] = Z 12
[8126] = CNOT 12 79
[8127] = CNOT 12 80
[8128] = S 12
[8129] = Z 12
[8130] = CNOT 12 80
[8131] = CNOT 12 82
[8132] = S 12
[8133] = Z 12
[8134] = CNOT 12 82
[8135] = CNOT 12 72
[8136] = CNOT 12 76
[8137] = CNOT 12 78
[8138] = S 12
[8139] = Z 12
[8140] = CNOT 12 78
[8141] = CNOT 12 79
[8142] = S 12
[8143] = Z 12
[8144] = CNOT 12 79
[8145] = CNOT 12 80
[8146] = S 12
[8147] = Z 12
[8148] = CNOT 12 80
[8149] = CNOT 12 82
[8150] = S 12
[8151] = Z 12
[8152] = CNOT 12 82
[8153] = CNOT 12 92
[8154] = S 12
[8155] = Z 12
[8156] = CNOT 12 92
[8157] = CNOT 12 76
[8158] = CNOT 12 78
[8159] = CNOT 12 79
[8160] = S 12
[8161] = CNOT 12 79
[8162] = CNOT 12 80
[8163] = S 12
[8164] = CNOT 12 80
[8165] = CNOT 12 81
[8166] = Z 12
[8167] = CNOT 12 81
[8168] = CNOT 12 82
[8169] = S 12
[8170] = CNOT 12 82
[8171] = CNOT 12 86
[8172] = S 12
[8173] = Z 12
[8174] = CNOT 12 86
[8175] = CNOT 12 92
[8176] = S 12
[8177] = Z 12
[8178] = CNOT 12 92
[8179] = CNOT 12 78
[8180] = CNOT 12 79
[8181] = CNOT 12 80
[8182] = S 12
[8183] = CNOT 12 80
[8184] = CNOT 12 81
[8185] = Z 12
[8186] = CNOT 12 81
[8187] = CNOT 12 82
[8188] = S 12
[8189] = CNOT 12 82
[8190] = CNOT 12 86
[8191] = S 12
[8192] = Z 12
[8193] = CNOT 12 86
[8194] = CNOT 12 92
[8195] = S 12
[8196] = Z 12
[8197] = CNOT 12 92
[8198] = CNOT 12 79
[8199] = CNOT 12 80
[8200] = CNOT 12 81
[8201] = Z 12
[8202] = CNOT 12 81
[8203] = CNOT 12 82
[8204] = S 12
[8205] = CNOT 12 82
[8206] = CNOT 12 86
[8207] = S 12
[8208] = Z 12
[8209] = CNOT 12 86
[8210] = CNOT 12 92
[8211] = S 12
[8212] = Z 12
[8213] = CNOT 12 92
[8214] = CNOT 12 80
[8215] = CNOT 12 81
[8216] = CNOT 12 82
[8217] = Z 12
[8218] = CNOT 12 81
[8219] = CNOT 12 86
[8220] = S 12
[8221] = Z 12
[8222] = CNOT 12 86
[8223] = CNOT 12 92
[8224] = S 12
[8225] = Z 12
[8226] = CNOT 12 92
[8227] = CNOT 12 82
[8228] = CNOT 13 14
[8229] = CNOT 13 15
[8230] = S 13
[8231] = Z 13
[8232] = CNOT 13 15
[8233] = CNOT 13 31
[8234] = S 13
[8235] = Z 13
[8236] = CNOT 13 31
[8237] = CNOT 13 35
[8238] = S 13
[8239] = Z 13
[8240] = CNOT 13 35
[8241] = CNOT 13 37
[8242] = S 13
[8243] = Z 13
[8244] = CNOT 13 37
[8245] = CNOT 13 38
[8246] = S 13
[8247] = Z 13
[8248] = CNOT 13 38
[8249] = CNOT 13 43
[8250] = S 13
[8251] = Z 13
[8252] = CNOT 13 43
[8253] = CNOT 13 48
[8254] = S 13
[8255] = Z 13
[8256] = CNOT 13 48
[8257] = CNOT 13 56
[8258] = S 13
[8259] = CNOT 13 56
[8260] = CNOT 13 64
[8261] = S 13
[8262] = CNOT 13 64
[8263] = CNOT 13 72
[8264] = S 13
[8265] = CNOT 13 72
[8266] = CNOT 13 78
[8267] = S 13
[8268] = Z 13
[8269] = CNOT 13 78
[8270] = CNOT 13 80
[8271] = S 13
[8272] = Z 13
[8273] = CNOT 13 80
[8274] = CNOT 13 86
[8275] = S 13
[8276] = Z 13
[8277] = CNOT 13 86
[8278] = CNOT 13 14
[8279] = CNOT 13 15
[8280] = CNOT 13 31
[8281] = S 13
[8282] = Z 13
[8283] = CNOT 13 31
[8284] = CNOT 13 35
[8285] = S 13
[8286] = Z 13
[8287] = CNOT 13 35
[8288] = CNOT 13 37
[8289] = S 13
[8290] = Z 13
[8291] = CNOT 13 37
[8292] = CNOT 13 38
[8293] = S 13
[8294] = Z 13
[8295] = CNOT 13 38
[8296] = CNOT 13 43
[8297] = S 13
[8298] = Z 13
[8299] = CNOT 13 43
[8300] = CNOT 13 48
[8301] = S 13
[8302] = Z 13
[8303] = CNOT 13 48
[8304] = CNOT 13 56
[8305] = S 13
[8306] = CNOT 13 56
[8307] = CNOT 13 64
[8308] = S 13
[8309] = CNOT 13 64
[8310] = CNOT 13 72
[8311] = S 13
[8312] = CNOT 13 72
[8313] = CNOT 13 78
[8314] = S 13
[8315] = Z 13
[8316] = CNOT 13 78
[8317] = CNOT 13 80
[8318] = S 13
[8319] = Z 13
[8320] = CNOT 13 80
[8321] = CNOT 13 86
[8322] = S 13
[8323] = Z 13
[8324] = CNOT 13 86
[8325] = CNOT 13 15
[8326] = CNOT 13 17
[8327] = CNOT 13 37
[8328] = S 13
[8329] = Z 13
[8330] = CNOT 13 37
[8331] = CNOT 13 38
[8332] = S 13
[8333] = Z 13
[8334] = CNOT 13 38
[8335] = CNOT 13 48
[8336] = S 13
[8337] = Z 13
[8338] = CNOT 13 48
[8339] = CNOT 13 78
[8340] = S 13
[8341] = Z 13
[8342] = CNOT 13 78
[8343] = CNOT 13 79
[8344] = S 13
[8345] = Z 13
[8346] = CNOT 13 79
[8347] = CNOT 13 80
[8348] = S 13
[8349] = Z 13
[8350] = CNOT 13 80
[8351] = CNOT 13 82
[8352] = S 13
[8353] = Z 13
[8354] = CNOT 13 82
[8355] = CNOT 13 17
[8356] = CNOT 13 27
[8357] = CNOT 13 36
[8358] = S 13
[8359] = Z 13
[8360] = CNOT 13 36
[8361] = CNOT 13 37
[8362] = Z 13
[8363] = CNOT 13 37
[8364] = CNOT 13 38
[8365] = Z 13
[8366] = CNOT 13 38
[8367] = CNOT 13 43
[8368] = S 13
[8369] = Z 13
[8370] = CNOT 13 43
[8371] = CNOT 13 52
[8372] = Z 13
[8373] = CNOT 13 52
[8374] = CNOT 13 76
[8375] = S 13
[8376] = Z 13
[8377] = CNOT 13 76
[8378] = CNOT 13 78
[8379] = Z 13
[8380] = CNOT 13 78
[8381] = CNOT 13 79
[8382] = Z 13
[8383] = CNOT 13 79
[8384] = CNOT 13 80
[8385] = Z 13
[8386] = CNOT 13 80
[8387] = CNOT 13 81
[8388] = S 13
[8389] = Z 13
[8390] = CNOT 13 81
[8391] = CNOT 13 82
[8392] = Z 13
[8393] = CNOT 13 82
[8394] = CNOT 13 92
[8395] = S 13
[8396] = Z 13
[8397] = CNOT 13 92
[8398] = CNOT 13 27
[8399] = CNOT 13 31
[8400] = CNOT 13 35
[8401] = S 13
[8402] = Z 13
[8403] = CNOT 13 35
[8404] = CNOT 13 37
[8405] = Z 13
[8406] = CNOT 13 37
[8407] = CNOT 13 38
[8408] = Z 13
[8409] = CNOT 13 38
[8410] = CNOT 13 78
[8411] = Z 13
[8412] = CNOT 13 78
[8413] = CNOT 13 79
[8414] = Z 13
[8415] = CNOT 13 79
[8416] = CNOT 13 80
[8417] = Z 13
[8418] = CNOT 13 80
[8419] = CNOT 13 82
[8420] = Z 13
[8421] = CNOT 13 82
[8422] = CNOT 13 31
[8423] = CNOT 13 35
[8424] = CNOT 13 37
[8425] = Z 13
[8426] = CNOT 13 37
[8427] = CNOT 13 38
[8428] = Z 13
[8429] = CNOT 13 38
[8430] = CNOT 13 78
[8431] = Z 13
[8432] = CNOT 13 78
[8433] = CNOT 13 79
[8434] = Z 13
[8435] = CNOT 13 79
[8436] = CNOT 13 80
[8437] = Z 13
[8438] = CNOT 13 80
[8439] = CNOT 13 82
[8440] = Z 13
[8441] = CNOT 13 82
[8442] = CNOT 13 35
[8443] = CNOT 13 36
[8444] = CNOT 13 37
[8445] = Z 13
[8446] = CNOT 13 37
[8447] = CNOT 13 38
[8448] = Z 13
[8449] = CNOT 13 38
[8450] = CNOT 13 43
[8451] = S 13
[8452] = Z 13
[8453] = CNOT 13 43
[8454] = CNOT 13 52
[8455] = S 13
[8456] = Z 13
[8457] = CNOT 13 52
[8458] = CNOT 13 78
[8459] = Z 13
[8460] = CNOT 13 78
[8461] = CNOT 13 79
[8462] = Z 13
[8463] = CNOT 13 79
[8464] = CNOT 13 80
[8465] = Z 13
[8466] = CNOT 13 80
[8467] = CNOT 13 81
[8468] = Z 13
[8469] = CNOT 13 81
[8470] = CNOT 13 82
[8471] = Z 13
[8472] = CNOT 13 82
[8473] = CNOT 13 36
[8474] = CNOT 13 37
[8475] = CNOT 13 38
[8476] = S 13
[8477] = CNOT 13 38
[8478] = CNOT 13 43
[8479] = S 13
[8480] = CNOT 13 43
[8481] = CNOT 13 48
[8482] = Z 13
[8483] = CNOT 13 48
[8484] = CNOT 13 52
[8485] = Z 13
[8486] = CNOT 13 52
[8487] = CNOT 13 56
[8488] = S 13
[8489] = CNOT 13 56
[8490] = CNOT 13 60
[8491] = S 13
[8492] = Z 13
[8493] = CNOT 13 60
[8494] = CNOT 13 64
[8495] = S 13
[8496] = CNOT 13 64
[8497] = CNOT 13 68
[8498] = S 13
[8499] = Z 13
[8500] = CNOT 13 68
[8501] = CNOT 13 72
[8502] = S 13
[8503] = CNOT 13 72
[8504] = CNOT 13 76
[8505] = S 13
[8506] = Z 13
[8507] = CNOT 13 76
[8508] = CNOT 13 78
[8509] = S 13
[8510] = CNOT 13 78
[8511] = CNOT 13 79
[8512] = Z 13
[8513] = CNOT 13 79
[8514] = CNOT 13 80
[8515] = S 13
[8516] = CNOT 13 80
[8517] = CNOT 13 81
[8518] = Z 13
[8519] = CNOT 13 81
[8520] = CNOT 13 82
[8521] = Z 13
[8522] = CNOT 13 82
[8523] = CNOT 13 86
[8524] = S 13
[8525] = Z 13
[8526] = CNOT 13 86
[8527] = CNOT 13 92
[8528] = S 13
[8529] = Z 13
[8530] = CNOT 13 92
[8531] = CNOT 13 37
[8532] = CNOT 13 38
[8533] = CNOT 13 43
[8534] = S 13
[8535] = CNOT 13 43
[8536] = CNOT 13 48
[8537] = Z 13
[8538] = CNOT 13 48
[8539] = CNOT 13 52
[8540] = Z 13
[8541] = CNOT 13 52
[8542] = CNOT 13 56
[8543] = S 13
[8544] = CNOT 13 56
[8545] = CNOT 13 60
[8546] = S 13
[8547] = Z 13
[8548] = CNOT 13 60
[8549] = CNOT 13 64
[8550] = S 13
[8551] = CNOT 13 64
[8552] = CNOT 13 68
[8553] = S 13
[8554] = Z 13
[8555] = CNOT 13 68
[8556] = CNOT 13 72
[8557] = S 13
[8558] = CNOT 13 72
[8559] = CNOT 13 76
[8560] = S 13
[8561] = Z 13
[8562] = CNOT 13 76
[8563] = CNOT 13 78
[8564] = S 13
[8565] = CNOT 13 78
[8566] = CNOT 13 79
[8567] = Z 13
[8568] = CNOT 13 79
[8569] = CNOT 13 80
[8570] = S 13
[8571] = CNOT 13 80
[8572] = CNOT 13 81
[8573] = Z 13
[8574] = CNOT 13 81
[8575] = CNOT 13 82
[8576] = Z 13
[8577] = CNOT 13 82
[8578] = CNOT 13 86
[8579] = S 13
[8580] = Z 13
[8581] = CNOT 13 86
[8582] = CNOT 13 92
[8583] = S 13
[8584] = Z 13
[8585] = CNOT 13 92
[8586] = CNOT 13 38
[8587] = CNOT 13 43
[8588] = CNOT 13 52
[8589] = S 13
[8590] = Z 13
[8591] = CNOT 13 52
[8592] = CNOT 13 56
[8593] = S 13
[8594] = Z 13
[8595] = CNOT 13 56
[8596] = CNOT 13 60
[8597] = S 13
[8598] = Z 13
[8599] = CNOT 13 60
[8600] = CNOT 13 64
[8601] = S 13
[8602] = Z 13
[8603] = CNOT 13 64
[8604] = CNOT 13 68
[8605] = S 13
[8606] = Z 13
[8607] = CNOT 13 68
[8608] = CNOT 13 72
[8609] = S 13
[8610] = Z 13
[8611] = CNOT 13 72
[8612] = CNOT 13 76
[8613] = S 13
[8614] = Z 13
[8615] = CNOT 13 76
[8616] = CNOT 13 78
[8617] = S 13
[8618] = CNOT 13 78
[8619] = CNOT 13 79
[8620] = S 13
[8621] = CNOT 13 79
[8622] = CNOT 13 80
[8623] = S 13
[8624] = CNOT 13 80
[8625] = CNOT 13 81
[8626] = S 13
[8627] = Z 13
[8628] = CNOT 13 81
[8629] = CNOT 13 82
[8630] = S 13
[8631] = CNOT 13 82
[8632] = CNOT 13 92
[8633] = S 13
[8634] = Z 13
[8635] = CNOT 13 92
[8636] = CNOT 13 43
[8637] = CNOT 13 48
[8638] = CNOT 13 56
[8639] = S 13
[8640] = Z 13
[8641] = CNOT 13 56
[8642] = CNOT 13 64
[8643] = S 13
[8644] = Z 13
[8645] = CNOT 13 64
[8646] = CNOT 13 72
[8647] = S 13
[8648] = Z 13
[8649] = CNOT 13 72
[8650] = CNOT 13 78
[8651] = Z 13
[8652] = CNOT 13 78
[8653] = CNOT 13 79
[8654] = S 13
[8655] = Z 13
[8656] = CNOT 13 79
[8657] = CNOT 13 80
[8658] = Z 13
[8659] = CNOT 13 80
[8660] = CNOT 13 82
[8661] = Z 13
[8662] = CNOT 13 82
[8663] = CNOT 13 86
[8664] = S 13
[8665] = Z 13
[8666] = CNOT 13 86
[8667] = CNOT 13 48
[8668] = CNOT 13 52
[8669] = CNOT 13 76
[8670] = S 13
[8671] = Z 13
[8672] = CNOT 13 76
[8673] = CNOT 13 78
[8674] = Z 13
[8675] = CNOT 13 78
[8676] = CNOT 13 79
[8677] = Z 13
[8678] = CNOT 13 79
[8679] = CNOT 13 80
[8680] = Z 13
[8681] = CNOT 13 80
[8682] = CNOT 13 81
[8683] = S 13
[8684] = Z 13
[8685] = CNOT 13 81
[8686] = CNOT 13 82
[8687] = Z 13
[8688] = CNOT 13 82
[8689] = CNOT 13 92
[8690] = S 13
[8691] = Z 13
[8692] = CNOT 13 92
[8693] = CNOT 13 52
[8694] = CNOT 13 56
[8695] = CNOT 13 60
[8696] = S 13
[8697] = Z 13
[8698] = CNOT 13 60
[8699] = CNOT 13 64
[8700] = S 13
[8701] = CNOT 13 64
[8702] = CNOT 13 72
[8703] = S 13
[8704] = CNOT 13 72
[8705] = CNOT 13 78
[8706] = S 13
[8707] = CNOT 13 78
[8708] = CNOT 13 79
[8709] = Z 13
[8710] = CNOT 13 79
[8711] = CNOT 13 80
[8712] = S 13
[8713] = CNOT 13 80
[8714] = CNOT 13 82
[8715] = Z 13
[8716] = CNOT 13 82
[8717] = CNOT 13 86
[8718] = S 13
[8719] = Z 13
[8720] = CNOT 13 86
[8721] = CNOT 13 56
[8722] = CNOT 13 60
[8723] = CNOT 13 68
[8724] = S 13
[8725] = Z 13
[8726] = CNOT 13 68
[8727] = CNOT 13 78
[8728] = S 13
[8729] = Z 13
[8730] = CNOT 13 78
[8731] = CNOT 13 79
[8732] = S 13
[8733] = Z 13
[8734] = CNOT 13 79
[8735] = CNOT 13 80
[8736] = S 13
[8737] = Z 13
[8738] = CNOT 13 80
[8739] = CNOT 13 82
[8740] = S 13
[8741] = Z 13
[8742] = CNOT 13 82
[8743] = CNOT 13 60
[8744] = CNOT 13 64
[8745] = CNOT 13 72
[8746] = S 13
[8747] = CNOT 13 72
[8748] = CNOT 13 78
[8749] = S 13
[8750] = CNOT 13 78
[8751] = CNOT 13 79
[8752] = Z 13
[8753] = CNOT 13 79
[8754] = CNOT 13 80
[8755] = S 13
[8756] = CNOT 13 80
[8757] = CNOT 13 82
[8758] = Z 13
[8759] = CNOT 13 82
[8760] = CNOT 13 86
[8761] = S 13
[8762] = Z 13
[8763] = CNOT 13 86
[8764] = CNOT 13 64
[8765] = CNOT 13 68
[8766] = CNOT 13 78
[8767] = S 13
[8768] = Z 13
[8769] = CNOT 13 78
[8770] = CNOT 13 79
[8771] = S 13
[8772] = Z 13
[8773] = CNOT 13 79
[8774] = CNOT 13 80
[8775] = S 13
[8776] = Z 13
[8777] = CNOT 13 80
[8778] = CNOT 13 82
[8779] = S 13
[8780] = Z 13
[8781] = CNOT 13 82
[8782] = CNOT 13 68
[8783] = CNOT 13 72
[8784] = CNOT 13 76
[8785] = S 13
[8786] = Z 13
[8787] = CNOT 13 76
[8788] = CNOT 13 78
[8789] = S 13
[8790] = CNOT 13 78
[8791] = CNOT 13 79
[8792] = Z 13
[8793] = CNOT 13 79
[8794] = CNOT 13 80
[8795] = S 13
[8796] = CNOT 13 80
[8797] = CNOT 13 82
[8798] = Z 13
[8799] = CNOT 13 82
[8800] = CNOT 13 86
[8801] = S 13
[8802] = Z 13
[8803] = CNOT 13 86
[8804] = CNOT 13 72
[8805] = CNOT 13 76
[8806] = CNOT 13 78
[8807] = S 13
[8808] = Z 13
[8809] = CNOT 13 78
[8810] = CNOT 13 79
[8811] = S 13
[8812] = Z 13
[8813] = CNOT 13 79
[8814] = CNOT 13 80
[8815] = S 13
[8816] = Z 13
[8817] = CNOT 13 80
[8818] = CNOT 13 82
[8819] = S 13
[8820] = Z 13
[8821] = CNOT 13 82
[8822] = CNOT 13 92
[8823] = S 13
[8824] = Z 13
[8825] = CNOT 13 92
[8826] = CNOT 13 76
[8827] = CNOT 13 78
[8828] = CNOT 13 79
[8829] = Z 13
[8830] = CNOT 13 79
[8831] = CNOT 13 80
[8832] = S 13
[8833] = CNOT 13 80
[8834] = CNOT 13 81
[8835] = Z 13
[8836] = CNOT 13 81
[8837] = CNOT 13 82
[8838] = Z 13
[8839] = CNOT 13 82
[8840] = CNOT 13 86
[8841] = S 13
[8842] = Z 13
[8843] = CNOT 13 86
[8844] = CNOT 13 92
[8845] = S 13
[8846] = Z 13
[8847] = CNOT 13 92
[8848] = CNOT 13 78
[8849] = CNOT 13 79
[8850] = CNOT 13 80
[8851] = Z 13
[8852] = CNOT 13 80
[8853] = CNOT 13 81
[8854] = Z 13
[8855] = CNOT 13 81
[8856] = CNOT 13 82
[8857] = S 13
[8858] = Z 13
[8859] = CNOT 13 82
[8860] = CNOT 13 92
[8861] = S 13
[8862] = Z 13
[8863] = CNOT 13 92
[8864] = CNOT 13 79
[8865] = CNOT 13 80
[8866] = CNOT 13 81
[8867] = Z 13
[8868] = CNOT 13 81
[8869] = CNOT 13 82
[8870] = Z 13
[8871] = CNOT 13 82
[8872] = CNOT 13 86
[8873] = S 13
[8874] = Z 13
[8875] = CNOT 13 86
[8876] = CNOT 13 92
[8877] = S 13
[8878] = Z 13
[8879] = CNOT 13 92
[8880] = CNOT 13 80
[8881] = CNOT 13 81
[8882] = CNOT 13 82
[8883] = Z 13
[8884] = CNOT 13 81
[8885] = CNOT 13 86
[8886] = S 13
[8887] = Z 13
[8888] = CNOT 13 86
[8889] = CNOT 13 92
[8890] = S 13
[8891] = Z 13
[8892] = CNOT 13 92
[8893] = CNOT 13 82
[8894] = CNOT 14 15
[8895] = CNOT 14 17
[8896] = S 14
[8897] = Z 14
[8898] = CNOT 14 17
[8899] = CNOT 14 31
[8900] = S 14
[8901] = Z 14
[8902] = CNOT 14 31
[8903] = CNOT 14 35
[8904] = S 14
[8905] = Z 14
[8906] = CNOT 14 35
[8907] = CNOT 14 37
[8908] = Z 14
[8909] = CNOT 14 37
[8910] = CNOT 14 38
[8911] = Z 14
[8912] = CNOT 14 38
[8913] = CNOT 14 43
[8914] = S 14
[8915] = Z 14
[8916] = CNOT 14 43
[8917] = CNOT 14 48
[8918] = Z 14
[8919] = CNOT 14 48
[8920] = CNOT 14 56
[8921] = S 14
[8922] = CNOT 14 56
[8923] = CNOT 14 64
[8924] = S 14
[8925] = CNOT 14 64
[8926] = CNOT 14 72
[8927] = S 14
[8928] = CNOT 14 72
[8929] = CNOT 14 78
[8930] = Z 14
[8931] = CNOT 14 78
[8932] = CNOT 14 79
[8933] = S 14
[8934] = Z 14
[8935] = CNOT 14 79
[8936] = CNOT 14 80
[8937] = Z 14
[8938] = CNOT 14 80
[8939] = CNOT 14 82
[8940] = S 14
[8941] = Z 14
[8942] = CNOT 14 82
[8943] = CNOT 14 86
[8944] = S 14
[8945] = Z 14
[8946] = CNOT 14 86
[8947] = CNOT 14 15
[8948] = CNOT 14 17
[8949] = CNOT 14 31
[8950] = S 14
[8951] = CNOT 14 31
[8952] = CNOT 14 37
[8953] = S 14
[8954] = Z 14
[8955] = CNOT 14 37
[8956] = CNOT 14 38
[8957] = S 14
[8958] = Z 14
[8959] = CNOT 14 38
[8960] = CNOT 14 48
[8961] = S 14
[8962] = Z 14
[8963] = CNOT 14 48
[8964] = CNOT 14 78
[8965] = S 14
[8966] = Z 14
[8967] = CNOT 14 78
[8968] = CNOT 14 79
[8969] = S 14
[8970] = Z 14
[8971] = CNOT 14 79
[8972] = CNOT 14 80
[8973] = S 14
[8974] = Z 14
[8975] = CNOT 14 80
[8976] = CNOT 14 82
[8977] = S 14
[8978] = Z 14
[8979] = CNOT 14 82
[8980] = CNOT 14 17
[8981] = CNOT 14 31
[8982] = CNOT 14 37
[8983] = S 14
[8984] = Z 14
[8985] = CNOT 14 37
[8986] = CNOT 14 38
[8987] = S 14
[8988] = Z 14
[8989] = CNOT 14 38
[8990] = CNOT 14 48
[8991] = S 14
[8992] = CNOT 14 48
[8993] = CNOT 14 78
[8994] = S 14
[8995] = Z 14
[8996] = CNOT 14 78
[8997] = CNOT 14 79
[8998] = S 14
[8999] = Z 14
[9000] = CNOT 14 79
[9001] = CNOT 14 80
[9002] = S 14
[9003] = Z 14
[9004] = CNOT 14 80
[9005] = CNOT 14 82
[9006] = S 14
[9007] = Z 14
[9008] = CNOT 14 82
[9009] = CNOT 14 31
[9010] = CNOT 14 35
[9011] = CNOT 14 37
[9012] = S 14
[9013] = Z 14
[9014] = CNOT 14 37
[9015] = CNOT 14 38
[9016] = S 14
[9017] = Z 14
[9018] = CNOT 14 38
[9019] = CNOT 14 78
[9020] = S 14
[9021] = Z 14
[9022] = CNOT 14 78
[9023] = CNOT 14 79
[9024] = S 14
[9025] = Z 14
[9026] = CNOT 14 79
[9027] = CNOT 14 80
[9028] = S 14
[9029] = Z 14
[9030] = CNOT 14 80
[9031] = CNOT 14 82
[9032] = S 14
[9033] = Z 14
[9034] = CNOT 14 82
[9035] = CNOT 14 35
[9036] = CNOT 14 37
[9037] = CNOT 14 38
[9038] = Z 14
[9039] = CNOT 14 38
[9040] = CNOT 14 43
[9041] = S 14
[9042] = Z 14
[9043] = CNOT 14 43
[9044] = CNOT 14 48
[9045] = Z 14
[9046] = CNOT 14 48
[9047] = CNOT 14 56
[9048] = S 14
[9049] = CNOT 14 56
[9050] = CNOT 14 64
[9051] = S 14
[9052] = CNOT 14 64
[9053] = CNOT 14 72
[9054] = S 14
[9055] = CNOT 14 72
[9056] = CNOT 14 78
[9057] = Z 14
[9058] = CNOT 14 78
[9059] = CNOT 14 79
[9060] = S 14
[9061] = Z 14
[9062] = CNOT 14 79
[9063] = CNOT 14 80
[9064] = Z 14
[9065] = CNOT 14 80
[9066] = CNOT 14 82
[9067] = S 14
[9068] = Z 14
[9069] = CNOT 14 82
[9070] = CNOT 14 86
[9071] = S 14
[9072] = Z 14
[9073] = CNOT 14 86
[9074] = CNOT 14 37
[9075] = CNOT 14 38
[9076] = CNOT 14 43
[9077] = S 14
[9078] = Z 14
[9079] = CNOT 14 43
[9080] = CNOT 14 48
[9081] = Z 14
[9082] = CNOT 14 48
[9083] = CNOT 14 56
[9084] = S 14
[9085] = CNOT 14 56
[9086] = CNOT 14 64
[9087] = S 14
[9088] = CNOT 14 64
[9089] = CNOT 14 72
[9090] = S 14
[9091] = CNOT 14 72
[9092] = CNOT 14 78
[9093] = Z 14
[9094] = CNOT 14 78
[9095] = CNOT 14 79
[9096] = S 14
[9097] = Z 14
[9098] = CNOT 14 79
[9099] = CNOT 14 80
[9100] = Z 14
[9101] = CNOT 14 80
[9102] = CNOT 14 82
[9103] = S 14
[9104] = Z 14
[9105] = CNOT 14 82
[9106] = CNOT 14 86
[9107] = S 14
[9108] = Z 14
[9109] = CNOT 14 86
[9110] = CNOT 14 38
[9111] = CNOT 14 43
[9112] = CNOT 14 56
[9113] = S 14
[9114] = Z 14
[9115] = CNOT 14 56
[9116] = CNOT 14 64
[9117] = S 14
[9118] = Z 14
[9119] = CNOT 14 64
[9120] = CNOT 14 72
[9121] = S 14
[9122] = Z 14
[9123] = CNOT 14 72
[9124] = CNOT 14 78
[9125] = S 14
[9126] = Z 14
[9127] = CNOT 14 78
[9128] = CNOT 14 79
[9129] = S 14
[9130] = Z 14
[9131] = CNOT 14 79
[9132] = CNOT 14 80
[9133] = S 14
[9134] = Z 14
[9135] = CNOT 14 80
[9136] = CNOT 14 82
[9137] = S 14
[9138] = Z 14
[9139] = CNOT 14 82
[9140] = CNOT 14 43
[9141] = CNOT 14 48
[9142] = CNOT 14 56
[9143] = S 14
[9144] = Z 14
[9145] = CNOT 14 56
[9146] = CNOT 14 64
[9147] = S 14
[9148] = Z 14
[9149] = CNOT 14 64
[9150] = CNOT 14 72
[9151] = S 14
[9152] = Z 14
[9153] = CNOT 14 72
[9154] = CNOT 14 78
[9155] = Z 14
[9156] = CNOT 14 78
[9157] = CNOT 14 79
[9158] = S 14
[9159] = Z 14
[9160] = CNOT 14 79
[9161] = CNOT 14 80
[9162] = Z 14
[9163] = CNOT 14 80
[9164] = CNOT 14 82
[9165] = Z 14
[9166] = CNOT 14 82
[9167] = CNOT 14 86
[9168] = S 14
[9169] = Z 14
[9170] = CNOT 14 86
[9171] = CNOT 14 48
[9172] = CNOT 14 56
[9173] = CNOT 14 64
[9174] = S 14
[9175] = CNOT 14 64
[9176] = CNOT 14 72
[9177] = S 14
[9178] = CNOT 14 72
[9179] = CNOT 14 78
[9180] = S 14
[9181] = CNOT 14 78
[9182] = CNOT 14 79
[9183] = Z 14
[9184] = CNOT 14 79
[9185] = CNOT 14 80
[9186] = S 14
[9187] = CNOT 14 80
[9188] = CNOT 14 82
[9189] = Z 14
[9190] = CNOT 14 82
[9191] = CNOT 14 86
[9192] = S 14
[9193] = Z 14
[9194] = CNOT 14 86
[9195] = CNOT 14 56
[9196] = CNOT 14 64
[9197] = CNOT 14 72
[9198] = S 14
[9199] = CNOT 14 72
[9200] = CNOT 14 78
[9201] = S 14
[9202] = CNOT 14 78
[9203] = CNOT 14 79
[9204] = Z 14
[9205] = CNOT 14 79
[9206] = CNOT 14 80
[9207] = S 14
[9208] = CNOT 14 80
[9209] = CNOT 14 82
[9210] = Z 14
[9211] = CNOT 14 82
[9212] = CNOT 14 86
[9213] = S 14
[9214] = Z 14
[9215] = CNOT 14 86
[9216] = CNOT 14 64
[9217] = CNOT 14 72
[9218] = CNOT 14 78
[9219] = S 14
[9220] = CNOT 14 78
[9221] = CNOT 14 79
[9222] = Z 14
[9223] = CNOT 14 79
[9224] = CNOT 14 80
[9225] = S 14
[9226] = CNOT 14 80
[9227] = CNOT 14 82
[9228] = Z 14
[9229] = CNOT 14 82
[9230] = CNOT 14 86
[9231] = S 14
[9232] = Z 14
[9233] = CNOT 14 86
[9234] = CNOT 14 72
[9235] = CNOT 14 78
[9236] = CNOT 14 79
[9237] = S 14
[9238] = Z 14
[9239] = CNOT 14 79
[9240] = CNOT 14 80
[9241] = Z 14
[9242] = CNOT 14 80
[9243] = CNOT 14 82
[9244] = S 14
[9245] = Z 14
[9246] = CNOT 14 82
[9247] = CNOT 14 86
[9248] = S 14
[9249] = Z 14
[9250] = CNOT 14 86
[9251] = CNOT 14 78
[9252] = CNOT 14 79
[9253] = CNOT 14 80
[9254] = S 14
[9255] = Z 14
[9256] = CNOT 14 79
[9257] = CNOT 14 82
[9258] = S 14
[9259] = Z 14
[9260] = CNOT 14 82
[9261] = CNOT 14 86
[9262] = S 14
[9263] = Z 14
[9264] = CNOT 14 80
[9265] = CNOT 14 82
[9266] = S 14
[9267] = Z 14
[9268] = CNOT 14 86
[9269] = CNOT 14 82
[9270] = CNOT 15 16
[9271] = CNOT 15 35
[9272] = S 15
[9273] = Z 15
[9274] = CNOT 15 35
[9275] = CNOT 15 16
[9276] = CNOT 15 17
[9277] = CNOT 15 31
[9278] = S 15
[9279] = CNOT 15 31
[9280] = CNOT 15 37
[9281] = S 15
[9282] = Z 15
[9283] = CNOT 15 37
[9284] = CNOT 15 38
[9285] = S 15
[9286] = Z 15
[9287] = CNOT 15 38
[9288] = CNOT 15 48
[9289] = S 15
[9290] = Z 15
[9291] = CNOT 15 48
[9292] = CNOT 15 78
[9293] = S 15
[9294] = Z 15
[9295] = CNOT 15 78
[9296] = CNOT 15 79
[9297] = S 15
[9298] = Z 15
[9299] = CNOT 15 79
[9300] = CNOT 15 80
[9301] = S 15
[9302] = Z 15
[9303] = CNOT 15 80
[9304] = CNOT 15 82
[9305] = S 15
[9306] = Z 15
[9307] = CNOT 15 82
[9308] = CNOT 15 17
[9309] = CNOT 15 31
[9310] = CNOT 15 37
[9311] = S 15
[9312] = Z 15
[9313] = CNOT 15 37
[9314] = CNOT 15 38
[9315] = S 15
[9316] = Z 15
[9317] = CNOT 15 38
[9318] = CNOT 15 48
[9319] = S 15
[9320] = CNOT 15 48
[9321] = CNOT 15 78
[9322] = S 15
[9323] = Z 15
[9324] = CNOT 15 78
[9325] = CNOT 15 79
[9326] = S 15
[9327] = Z 15
[9328] = CNOT 15 79
[9329] = CNOT 15 80
[9330] = S 15
[9331] = Z 15
[9332] = CNOT 15 80
[9333] = CNOT 15 82
[9334] = S 15
[9335] = Z 15
[9336] = CNOT 15 82
[9337] = CNOT 15 31
[9338] = CNOT 15 35
[9339] = CNOT 15 37
[9340] = S 15
[9341] = Z 15
[9342] = CNOT 15 37
[9343] = CNOT 15 38
[9344] = S 15
[9345] = Z 15
[9346] = CNOT 15 38
[9347] = CNOT 15 78
[9348] = S 15
[9349] = Z 15
[9350] = CNOT 15 78
[9351] = CNOT 15 79
[9352] = S 15
[9353] = Z 15
[9354] = CNOT 15 79
[9355] = CNOT 15 80
[9356] = S 15
[9357] = Z 15
[9358] = CNOT 15 80
[9359] = CNOT 15 82
[9360] = S 15
[9361] = Z 15
[9362] = CNOT 15 82
[9363] = CNOT 15 35
[9364] = CNOT 15 37
[9365] = CNOT 15 38
[9366] = Z 15
[9367] = CNOT 15 38
[9368] = CNOT 15 43
[9369] = S 15
[9370] = Z 15
[9371] = CNOT 15 43
[9372] = CNOT 15 48
[9373] = Z 15
[9374] = CNOT 15 48
[9375] = CNOT 15 56
[9376] = S 15
[9377] = CNOT 15 56
[9378] = CNOT 15 64
[9379] = S 15
[9380] = CNOT 15 64
[9381] = CNOT 15 72
[9382] = S 15
[9383] = CNOT 15 72
[9384] = CNOT 15 78
[9385] = Z 15
[9386] = CNOT 15 78
[9387] = CNOT 15 79
[9388] = S 15
[9389] = Z 15
[9390] = CNOT 15 79
[9391] = CNOT 15 80
[9392] = Z 15
[9393] = CNOT 15 80
[9394] = CNOT 15 82
[9395] = S 15
[9396] = Z 15
[9397] = CNOT 15 82
[9398] = CNOT 15 86
[9399] = S 15
[9400] = Z 15
[9401] = CNOT 15 86
[9402] = CNOT 15 37
[9403] = CNOT 15 38
[9404] = CNOT 15 43
[9405] = S 15
[9406] = Z 15
[9407] = CNOT 15 43
[9408] = CNOT 15 48
[9409] = Z 15
[9410] = CNOT 15 48
[9411] = CNOT 15 56
[9412] = S 15
[9413] = CNOT 15 56
[9414] = CNOT 15 64
[9415] = S 15
[9416] = CNOT 15 64
[9417] = CNOT 15 72
[9418] = S 15
[9419] = CNOT 15 72
[9420] = CNOT 15 78
[9421] = Z 15
[9422] = CNOT 15 78
[9423] = CNOT 15 79
[9424] = S 15
[9425] = Z 15
[9426] = CNOT 15 79
[9427] = CNOT 15 80
[9428] = Z 15
[9429] = CNOT 15 80
[9430] = CNOT 15 82
[9431] = S 15
[9432] = Z 15
[9433] = CNOT 15 82
[9434] = CNOT 15 86
[9435] = S 15
[9436] = Z 15
[9437] = CNOT 15 86
[9438] = CNOT 15 38
[9439] = CNOT 15 43
[9440] = CNOT 15 56
[9441] = S 15
[9442] = Z 15
[9443] = CNOT 15 56
[9444] = CNOT 15 64
[9445] = S 15
[9446] = Z 15
[9447] = CNOT 15 64
[9448] = CNOT 15 72
[9449] = S 15
[9450] = Z 15
[9451] = CNOT 15 72
[9452] = CNOT 15 78
[9453] = S 15
[9454] = Z 15
[9455] = CNOT 15 78
[9456] = CNOT 15 79
[9457] = S 15
[9458] = Z 15
[9459] = CNOT 15 79
[9460] = CNOT 15 80
[9461] = S 15
[9462] = Z 15
[9463] = CNOT 15 80
[9464] = CNOT 15 82
[9465] = S 15
[9466] = Z 15
[9467] = CNOT 15 82
[9468] = CNOT 15 43
[9469] = CNOT 15 48
[9470] = CNOT 15 56
[9471] = S 15
[9472] = Z 15
[9473] = CNOT 15 56
[9474] = CNOT 15 64
[9475] = S 15
[9476] = Z 15
[9477] = CNOT 15 64
[9478] = CNOT 15 72
[9479] = S 15
[9480] = Z 15
[9481] = CNOT 15 72
[9482] = CNOT 15 78
[9483] = Z 15
[9484] = CNOT 15 78
[9485] = CNOT 15 79
[9486] = S 15
[9487] = Z 15
[9488] = CNOT 15 79
[9489] = CNOT 15 80
[9490] = Z 15
[9491] = CNOT 15 80
[9492] = CNOT 15 82
[9493] = Z 15
[9494] = CNOT 15 82
[9495] = CNOT 15 86
[9496] = S 15
[9497] = Z 15
[9498] = CNOT 15 86
[9499] = CNOT 15 48
[9500] = CNOT 15 56
[9501] = CNOT 15 64
[9502] = S 15
[9503] = CNOT 15 64
[9504] = CNOT 15 72
[9505] = S 15
[9506] = CNOT 15 72
[9507] = CNOT 15 78
[9508] = S 15
[9509] = CNOT 15 78
[9510] = CNOT 15 79
[9511] = Z 15
[9512] = CNOT 15 79
[9513] = CNOT 15 80
[9514] = S 15
[9515] = CNOT 15 80
[9516] = CNOT 15 82
[9517] = Z 15
[9518] = CNOT 15 82
[9519] = CNOT 15 86
[9520] = S 15
[9521] = Z 15
[9522] = CNOT 15 86
[9523] = CNOT 15 56
[9524] = CNOT 15 64
[9525] = CNOT 15 72
[9526] = S 15
[9527] = CNOT 15 72
[9528] = CNOT 15 78
[9529] = S 15
[9530] = CNOT 15 78
[9531] = CNOT 15 79
[9532] = Z 15
[9533] = CNOT 15 79
[9534] = CNOT 15 80
[9535] = S 15
[9536] = CNOT 15 80
[9537] = CNOT 15 82
[9538] = Z 15
[9539] = CNOT 15 82
[9540] = CNOT 15 86
[9541] = S 15
[9542] = Z 15
[9543] = CNOT 15 86
[9544] = CNOT 15 64
[9545] = CNOT 15 72
[9546] = CNOT 15 78
[9547] = S 15
[9548] = CNOT 15 78
[9549] = CNOT 15 79
[9550] = Z 15
[9551] = CNOT 15 79
[9552] = CNOT 15 80
[9553] = S 15
[9554] = CNOT 15 80
[9555] = CNOT 15 82
[9556] = Z 15
[9557] = CNOT 15 82
[9558] = CNOT 15 86
[9559] = S 15
[9560] = Z 15
[9561] = CNOT 15 86
[9562] = CNOT 15 72
[9563] = CNOT 15 78
[9564] = CNOT 15 79
[9565] = S 15
[9566] = Z 15
[9567] = CNOT 15 79
[9568] = CNOT 15 80
[9569] = Z 15
[9570] = CNOT 15 80
[9571] = CNOT 15 82
[9572] = S 15
[9573] = Z 15
[9574] = CNOT 15 82
[9575] = CNOT 15 86
[9576] = S 15
[9577] = Z 15
[9578] = CNOT 15 86
[9579] = CNOT 15 78
[9580] = CNOT 15 79
[9581] = CNOT 15 80
[9582] = S 15
[9583] = Z 15
[9584] = CNOT 15 79
[9585] = CNOT 15 82
[9586] = S 15
[9587] = Z 15
[9588] = CNOT 15 82
[9589] = CNOT 15 86
[9590] = S 15
[9591] = Z 15
[9592] = CNOT 15 80
[9593] = CNOT 15 82
[9594] = S 15
[9595] = Z 15
[9596] = CNOT 15 86
[9597] = CNOT 15 82
[9598] = CNOT 17 37
[9599] = CNOT 17 38
[9600] = Z 17
[9601] = CNOT 17 38
[9602] = CNOT 17 48
[9603] = Z 17
[9604] = CNOT 17 48
[9605] = CNOT 17 78
[9606] = Z 17
[9607] = CNOT 17 78
[9608] = CNOT 17 79
[9609] = Z 17
[9610] = CNOT 17 79
[9611] = CNOT 17 80
[9612] = Z 17
[9613] = CNOT 17 80
[9614] = CNOT 17 82
[9615] = Z 17
[9616] = CNOT 17 82
[9617] = CNOT 17 37
[9618] = CNOT 17 38
[9619] = CNOT 17 48
[9620] = Z 17
[9621] = CNOT 17 48
[9622] = CNOT 17 78
[9623] = Z 17
[9624] = CNOT 17 78
[9625] = CNOT 17 79
[9626] = Z 17
[9627] = CNOT 17 79
[9628] = CNOT 17 80
[9629] = Z 17
[9630] = CNOT 17 80
[9631] = CNOT 17 82
[9632] = Z 17
[9633] = CNOT 17 82
[9634] = CNOT 17 38
[9635] = CNOT 17 48
[9636] = CNOT 17 78
[9637] = Z 17
[9638] = CNOT 17 78
[9639] = CNOT 17 79
[9640] = Z 17
[9641] = CNOT 17 79
[9642] = CNOT 17 80
[9643] = Z 17
[9644] = CNOT 17 80
[9645] = CNOT 17 82
[9646] = Z 17
[9647] = CNOT 17 82
[9648] = CNOT 17 48
[9649] = CNOT 17 78
[9650] = CNOT 17 79
[9651] = Z 17
[9652] = CNOT 17 79
[9653] = CNOT 17 80
[9654] = Z 17
[9655] = CNOT 17 80
[9656] = CNOT 17 82
[9657] = Z 17
[9658] = CNOT 17 82
[9659] = CNOT 17 78
[9660] = CNOT 17 79
[9661] = CNOT 17 80
[9662] = Z 17
[9663] = CNOT 17 80
[9664] = CNOT 17 82
[9665] = Z 17
[9666] = CNOT 17 79
[9667] = CNOT 17 80
[9668] = Z 17
[9669] = CNOT 17 82
[9670] = CNOT 17 80
[9671] = CNOT 18 37
[9672] = CNOT 18 38
[9673] = Z 18
[9674] = CNOT 18 38
[9675] = CNOT 18 39
[9676] = Z 18
[9677] = CNOT 18 39
[9678] = CNOT 18 40
[9679] = S 18
[9680] = Z 18
[9681] = CNOT 18 40
[9682] = CNOT 18 41
[9683] = S 18
[9684] = Z 18
[9685] = CNOT 18 41
[9686] = CNOT 18 42
[9687] = Z 18
[9688] = CNOT 18 42
[9689] = CNOT 18 46
[9690] = Z 18
[9691] = CNOT 18 46
[9692] = CNOT 18 78
[9693] = Z 18
[9694] = CNOT 18 78
[9695] = CNOT 18 79
[9696] = Z 18
[9697] = CNOT 18 79
[9698] = CNOT 18 80
[9699] = Z 18
[9700] = CNOT 18 80
[9701] = CNOT 18 81
[9702] = Z 18
[9703] = CNOT 18 81
[9704] = CNOT 18 82
[9705] = Z 18
[9706] = CNOT 18 82
[9707] = CNOT 18 37
[9708] = CNOT 18 38
[9709] = CNOT 18 39
[9710] = Z 18
[9711] = CNOT 18 39
[9712] = CNOT 18 40
[9713] = S 18
[9714] = Z 18
[9715] = CNOT 18 40
[9716] = CNOT 18 41
[9717] = S 18
[9718] = Z 18
[9719] = CNOT 18 41
[9720] = CNOT 18 42
[9721] = Z 18
[9722] = CNOT 18 42
[9723] = CNOT 18 46
[9724] = Z 18
[9725] = CNOT 18 46
[9726] = CNOT 18 78
[9727] = Z 18
[9728] = CNOT 18 78
[9729] = CNOT 18 79
[9730] = Z 18
[9731] = CNOT 18 79
[9732] = CNOT 18 80
[9733] = Z 18
[9734] = CNOT 18 80
[9735] = CNOT 18 81
[9736] = Z 18
[9737] = CNOT 18 81
[9738] = CNOT 18 82
[9739] = Z 18
[9740] = CNOT 18 82
[9741] = CNOT 18 38
[9742] = CNOT 18 39
[9743] = CNOT 18 40
[9744] = S 18
[9745] = Z 18
[9746] = CNOT 18 40
[9747] = CNOT 18 41
[9748] = S 18
[9749] = Z 18
[9750] = CNOT 18 41
[9751] = CNOT 18 42
[9752] = Z 18
[9753] = CNOT 18 42
[9754] = CNOT 18 46
[9755] = Z 18
[9756] = CNOT 18 46
[9757] = CNOT 18 78
[9758] = Z 18
[9759] = CNOT 18 78
[9760] = CNOT 18 79
[9761] = Z 18
[9762] = CNOT 18 79
[9763] = CNOT 18 80
[9764] = Z 18
[9765] = CNOT 18 80
[9766] = CNOT 18 81
[9767] = Z 18
[9768] = CNOT 18 81
[9769] = CNOT 18 82
[9770] = Z 18
[9771] = CNOT 18 82
[9772] = CNOT 18 39
[9773] = CNOT 18 40
[9774] = CNOT 18 42
[9775] = S 18
[9776] = Z 18
[9777] = CNOT 18 42
[9778] = CNOT 18 46
[9779] = S 18
[9780] = Z 18
[9781] = CNOT 18 46
[9782] = CNOT 18 78
[9783] = S 18
[9784] = Z 18
[9785] = CNOT 18 78
[9786] = CNOT 18 79
[9787] = S 18
[9788] = Z 18
[9789] = CNOT 18 79
[9790] = CNOT 18 80
[9791] = S 18
[9792] = Z 18
[9793] = CNOT 18 80
[9794] = CNOT 18 81
[9795] = S 18
[9796] = Z 18
[9797] = CNOT 18 81
[9798] = CNOT 18 82
[9799] = S 18
[9800] = Z 18
[9801] = CNOT 18 82
[9802] = CNOT 18 40
[9803] = CNOT 18 41
[9804] = CNOT 18 42
[9805] = S 18
[9806] = Z 18
[9807] = CNOT 18 42
[9808] = CNOT 18 46
[9809] = S 18
[9810] = Z 18
[9811] = CNOT 18 46
[9812] = CNOT 18 78
[9813] = S 18
[9814] = Z 18
[9815] = CNOT 18 78
[9816] = CNOT 18 79
[9817] = S 18
[9818] = Z 18
[9819] = CNOT 18 79
[9820] = CNOT 18 80
[9821] = S 18
[9822] = Z 18
[9823] = CNOT 18 80
[9824] = CNOT 18 81
[9825] = S 18
[9826] = Z 18
[9827] = CNOT 18 81
[9828] = CNOT 18 82
[9829] = S 18
[9830] = Z 18
[9831] = CNOT 18 82
[9832] = CNOT 18 41
[9833] = CNOT 18 42
[9834] = CNOT 18 46
[9835] = Z 18
[9836] = CNOT 18 46
[9837] = CNOT 18 78
[9838] = Z 18
[9839] = CNOT 18 78
[9840] = CNOT 18 79
[9841] = Z 18
[9842] = CNOT 18 79
[9843] = CNOT 18 80
[9844] = Z 18
[9845] = CNOT 18 80
[9846] = CNOT 18 81
[9847] = Z 18
[9848] = CNOT 18 81
[9849] = CNOT 18 82
[9850] = Z 18
[9851] = CNOT 18 82
[9852] = CNOT 18 42
[9853] = CNOT 18 46
[9854] = CNOT 18 78
[9855] = Z 18
[9856] = CNOT 18 78
[9857] = CNOT 18 79
[9858] = Z 18
[9859] = CNOT 18 79
[9860] = CNOT 18 80
[9861] = Z 18
[9862] = CNOT 18 80
[9863] = CNOT 18 81
[9864] = Z 18
[9865] = CNOT 18 81
[9866] = CNOT 18 82
[9867] = Z 18
[9868] = CNOT 18 82
[9869] = CNOT 18 46
[9870] = CNOT 18 78
[9871] = CNOT 18 79
[9872] = Z 18
[9873] = CNOT 18 79
[9874] = CNOT 18 80
[9875] = Z 18
[9876] = CNOT 18 80
[9877] = CNOT 18 81
[9878] = Z 18
[9879] = CNOT 18 81
[9880] = CNOT 18 82
[9881] = Z 18
[9882] = CNOT 18 82
[9883] = CNOT 18 78
[9884] = CNOT 18 79
[9885] = CNOT 18 80
[9886] = Z 18
[9887] = CNOT 18 80
[9888] = CNOT 18 81
[9889] = Z 18
[9890] = CNOT 18 81
[9891] = CNOT 18 82
[9892] = Z 18
[9893] = CNOT 18 82
[9894] = CNOT 18 79
[9895] = CNOT 18 80
[9896] = CNOT 18 81
[9897] = Z 18
[9898] = CNOT 18 81
[9899] = CNOT 18 82
[9900] = Z 18
[9901] = CNOT 18 80
[9902] = CNOT 18 81
[9903] = Z 18
[9904] = CNOT 18 82
[9905] = CNOT 18 81
[9906] = CNOT 19 20
[9907] = CNOT 19 21
[9908] = S 19
[9909] = Z 19
[9910] = CNOT 19 21
[9911] = CNOT 19 22
[9912] = S 19
[9913] = Z 19
[9914] = CNOT 19 22
[9915] = CNOT 19 24
[9916] = S 19
[9917] = Z 19
[9918] = CNOT 19 24
[9919] = CNOT 19 32
[9920] = Z 19
[9921] = CNOT 19 32
[9922] = CNOT 19 37
[9923] = Z 19
[9924] = CNOT 19 37
[9925] = CNOT 19 38
[9926] = Z 19
[9927] = CNOT 19 38
[9928] = CNOT 19 42
[9929] = Z 19
[9930] = CNOT 19 42
[9931] = CNOT 19 43
[9932] = Z 19
[9933] = CNOT 19 43
[9934] = CNOT 19 49
[9935] = S 19
[9936] = Z 19
[9937] = CNOT 19 49
[9938] = CNOT 19 61
[9939] = S 19
[9940] = Z 19
[9941] = CNOT 19 61
[9942] = CNOT 19 69
[9943] = S 19
[9944] = Z 19
[9945] = CNOT 19 69
[9946] = CNOT 19 78
[9947] = Z 19
[9948] = CNOT 19 78
[9949] = CNOT 19 79
[9950] = Z 19
[9951] = CNOT 19 79
[9952] = CNOT 19 80
[9953] = Z 19
[9954] = CNOT 19 80
[9955] = CNOT 19 81
[9956] = Z 19
[9957] = CNOT 19 81
[9958] = CNOT 19 82
[9959] = Z 19
[9960] = CNOT 19 82
[9961] = CNOT 19 20
[9962] = CNOT 19 21
[9963] = CNOT 19 22
[9964] = S 19
[9965] = Z 19
[9966] = CNOT 19 22
[9967] = CNOT 19 32
[9968] = S 19
[9969] = Z 19
[9970] = CNOT 19 32
[9971] = CNOT 19 37
[9972] = S 19
[9973] = Z 19
[9974] = CNOT 19 37
[9975] = CNOT 19 38
[9976] = S 19
[9977] = Z 19
[9978] = CNOT 19 38
[9979] = CNOT 19 42
[9980] = S 19
[9981] = Z 19
[9982] = CNOT 19 42
[9983] = CNOT 19 43
[9984] = S 19
[9985] = Z 19
[9986] = CNOT 19 43
[9987] = CNOT 19 78
[9988] = S 19
[9989] = Z 19
[9990] = CNOT 19 78
[9991] = CNOT 19 79
[9992] = S 19
[9993] = Z 19
[9994] = CNOT 19 79
[9995] = CNOT 19 80
[9996] = S 19
[9997] = Z 19
[9998] = CNOT 19 80
[9999] = CNOT 19 81
[10000] = S 19
[10001] = Z 19
[10002] = CNOT 19 81
[10003] = CNOT 19 82
[10004] = S 19
[10005] = Z 19
[10006] = CNOT 19 82
[10007] = CNOT 19 21
[10008] = CNOT 19 22
[10009] = CNOT 19 32
[10010] = S 19
[10011] = Z 19
[10012] = CNOT 19 32
[10013] = CNOT 19 37
[10014] = S 19
[10015] = Z 19
[10016] = CNOT 19 37
[10017] = CNOT 19 38
[10018] = S 19
[10019] = Z 19
[10020] = CNOT 19 38
[10021] = CNOT 19 42
[10022] = S 19
[10023] = Z 19
[10024] = CNOT 19 42
[10025] = CNOT 19 43
[10026] = S 19
[10027] = Z 19
[10028] = CNOT 19 43
[10029] = CNOT 19 78
[10030] = S 19
[10031] = Z 19
[10032] = CNOT 19 78
[10033] = CNOT 19 79
[10034] = S 19
[10035] = Z 19
[10036] = CNOT 19 79
[10037] = CNOT 19 80
[10038] = S 19
[10039] = Z 19
[10040] = CNOT 19 80
[10041] = CNOT 19 81
[10042] = S 19
[10043] = Z 19
[10044] = CNOT 19 81
[10045] = CNOT 19 82
[10046] = S 19
[10047] = Z 19
[10048] = CNOT 19 82
[10049] = CNOT 19 22
[10050] = CNOT 19 24
[10051] = CNOT 19 28
[10052] = Z 19
[10053] = CNOT 19 28
[10054] = CNOT 19 32
[10055] = S 19
[10056] = CNOT 19 32
[10057] = CNOT 19 37
[10058] = S 19
[10059] = CNOT 19 37
[10060] = CNOT 19 38
[10061] = S 19
[10062] = CNOT 19 38
[10063] = CNOT 19 42
[10064] = S 19
[10065] = CNOT 19 42
[10066] = CNOT 19 43
[10067] = S 19
[10068] = CNOT 19 43
[10069] = CNOT 19 45
[10070] = S 19
[10071] = Z 19
[10072] = CNOT 19 45
[10073] = CNOT 19 49
[10074] = S 19
[10075] = CNOT 19 49
[10076] = CNOT 19 53
[10077] = Z 19
[10078] = CNOT 19 53
[10079] = CNOT 19 61
[10080] = S 19
[10081] = Z 19
[10082] = CNOT 19 61
[10083] = CNOT 19 69
[10084] = S 19
[10085] = Z 19
[10086] = CNOT 19 69
[10087] = CNOT 19 78
[10088] = S 19
[10089] = CNOT 19 78
[10090] = CNOT 19 79
[10091] = S 19
[10092] = CNOT 19 79
[10093] = CNOT 19 80
[10094] = S 19
[10095] = CNOT 19 80
[10096] = CNOT 19 81
[10097] = S 19
[10098] = CNOT 19 81
[10099] = CNOT 19 82
[10100] = S 19
[10101] = CNOT 19 82
[10102] = CNOT 19 24
[10103] = CNOT 19 28
[10104] = CNOT 19 32
[10105] = Z 19
[10106] = CNOT 19 32
[10107] = CNOT 19 37
[10108] = Z 19
[10109] = CNOT 19 37
[10110] = CNOT 19 38
[10111] = Z 19
[10112] = CNOT 19 38
[10113] = CNOT 19 42
[10114] = Z 19
[10115] = CNOT 19 42
[10116] = CNOT 19 43
[10117] = Z 19
[10118] = CNOT 19 43
[10119] = CNOT 19 45
[10120] = S 19
[10121] = Z 19
[10122] = CNOT 19 45
[10123] = CNOT 19 49
[10124] = Z 19
[10125] = CNOT 19 49
[10126] = CNOT 19 53
[10127] = Z 19
[10128] = CNOT 19 53
[10129] = CNOT 19 61
[10130] = S 19
[10131] = Z 19
[10132] = CNOT 19 61
[10133] = CNOT 19 69
[10134] = S 19
[10135] = Z 19
[10136] = CNOT 19 69
[10137] = CNOT 19 78
[10138] = Z 19
[10139] = CNOT 19 78
[10140] = CNOT 19 79
[10141] = Z 19
[10142] = CNOT 19 79
[10143] = CNOT 19 80
[10144] = Z 19
[10145] = CNOT 19 80
[10146] = CNOT 19 81
[10147] = Z 19
[10148] = CNOT 19 81
[10149] = CNOT 19 82
[10150] = Z 19
[10151] = CNOT 19 82
[10152] = CNOT 19 28
[10153] = CNOT 19 32
[10154] = CNOT 19 45
[10155] = S 19
[10156] = Z 19
[10157] = CNOT 19 45
[10158] = CNOT 19 49
[10159] = S 19
[10160] = CNOT 19 49
[10161] = CNOT 19 53
[10162] = Z 19
[10163] = CNOT 19 53
[10164] = CNOT 19 61
[10165] = S 19
[10166] = Z 19
[10167] = CNOT 19 61
[10168] = CNOT 19 69
[10169] = S 19
[10170] = Z 19
[10171] = CNOT 19 69
[10172] = CNOT 19 32
[10173] = CNOT 19 37
[10174] = CNOT 19 45
[10175] = S 19
[10176] = Z 19
[10177] = CNOT 19 45
[10178] = CNOT 19 49
[10179] = S 19
[10180] = CNOT 19 49
[10181] = CNOT 19 53
[10182] = Z 19
[10183] = CNOT 19 53
[10184] = CNOT 19 61
[10185] = S 19
[10186] = Z 19
[10187] = CNOT 19 61
[10188] = CNOT 19 69
[10189] = S 19
[10190] = Z 19
[10191] = CNOT 19 69
[10192] = CNOT 19 37
[10193] = CNOT 19 38
[10194] = CNOT 19 45
[10195] = S 19
[10196] = Z 19
[10197] = CNOT 19 45
[10198] = CNOT 19 49
[10199] = S 19
[10200] = CNOT 19 49
[10201] = CNOT 19 53
[10202] = Z 19
[10203] = CNOT 19 53
[10204] = CNOT 19 61
[10205] = S 19
[10206] = Z 19
[10207] = CNOT 19 61
[10208] = CNOT 19 69
[10209] = S 19
[10210] = Z 19
[10211] = CNOT 19 69
[10212] = CNOT 19 38
[10213] = CNOT 19 42
[10214] = CNOT 19 45
[10215] = S 19
[10216] = Z 19
[10217] = CNOT 19 45
[10218] = CNOT 19 49
[10219] = S 19
[10220] = CNOT 19 49
[10221] = CNOT 19 53
[10222] = Z 19
[10223] = CNOT 19 53
[10224] = CNOT 19 61
[10225] = S 19
[10226] = Z 19
[10227] = CNOT 19 61
[10228] = CNOT 19 69
[10229] = S 19
[10230] = Z 19
[10231] = CNOT 19 69
[10232] = CNOT 19 42
[10233] = CNOT 19 43
[10234] = CNOT 19 45
[10235] = S 19
[10236] = Z 19
[10237] = CNOT 19 45
[10238] = CNOT 19 49
[10239] = S 19
[10240] = CNOT 19 49
[10241] = CNOT 19 53
[10242] = Z 19
[10243] = CNOT 19 53
[10244] = CNOT 19 61
[10245] = S 19
[10246] = Z 19
[10247] = CNOT 19 61
[10248] = CNOT 19 69
[10249] = S 19
[10250] = Z 19
[10251] = CNOT 19 69
[10252] = CNOT 19 43
[10253] = CNOT 19 45
[10254] = CNOT 19 49
[10255] = S 19
[10256] = Z 19
[10257] = CNOT 19 49
[10258] = CNOT 19 53
[10259] = S 19
[10260] = Z 19
[10261] = CNOT 19 53
[10262] = CNOT 19 78
[10263] = S 19
[10264] = Z 19
[10265] = CNOT 19 78
[10266] = CNOT 19 79
[10267] = S 19
[10268] = Z 19
[10269] = CNOT 19 79
[10270] = CNOT 19 80
[10271] = S 19
[10272] = Z 19
[10273] = CNOT 19 80
[10274] = CNOT 19 81
[10275] = S 19
[10276] = Z 19
[10277] = CNOT 19 81
[10278] = CNOT 19 82
[10279] = S 19
[10280] = Z 19
[10281] = CNOT 19 82
[10282] = CNOT 19 45
[10283] = CNOT 19 49
[10284] = CNOT 19 53
[10285] = Z 19
[10286] = CNOT 19 53
[10287] = CNOT 19 61
[10288] = S 19
[10289] = Z 19
[10290] = CNOT 19 61
[10291] = CNOT 19 69
[10292] = S 19
[10293] = Z 19
[10294] = CNOT 19 69
[10295] = CNOT 19 78
[10296] = S 19
[10297] = CNOT 19 78
[10298] = CNOT 19 79
[10299] = S 19
[10300] = CNOT 19 79
[10301] = CNOT 19 80
[10302] = S 19
[10303] = CNOT 19 80
[10304] = CNOT 19 81
[10305] = S 19
[10306] = CNOT 19 81
[10307] = CNOT 19 82
[10308] = S 19
[10309] = CNOT 19 82
[10310] = CNOT 19 49
[10311] = CNOT 19 53
[10312] = CNOT 19 61
[10313] = S 19
[10314] = Z 19
[10315] = CNOT 19 61
[10316] = CNOT 19 69
[10317] = S 19
[10318] = Z 19
[10319] = CNOT 19 69
[10320] = CNOT 19 78
[10321] = Z 19
[10322] = CNOT 19 78
[10323] = CNOT 19 79
[10324] = Z 19
[10325] = CNOT 19 79
[10326] = CNOT 19 80
[10327] = Z 19
[10328] = CNOT 19 80
[10329] = CNOT 19 81
[10330] = Z 19
[10331] = CNOT 19 81
[10332] = CNOT 19 82
[10333] = Z 19
[10334] = CNOT 19 82
[10335] = CNOT 19 53
[10336] = CNOT 19 61
[10337] = CNOT 19 69
[10338] = S 19
[10339] = Z 19
[10340] = CNOT 19 69
[10341] = CNOT 19 78
[10342] = S 19
[10343] = Z 19
[10344] = CNOT 19 78
[10345] = CNOT 19 79
[10346] = S 19
[10347] = Z 19
[10348] = CNOT 19 79
[10349] = CNOT 19 80
[10350] = S 19
[10351] = Z 19
[10352] = CNOT 19 80
[10353] = CNOT 19 81
[10354] = S 19
[10355] = Z 19
[10356] = CNOT 19 81
[10357] = CNOT 19 82
[10358] = S 19
[10359] = Z 19
[10360] = CNOT 19 82
[10361] = CNOT 19 61
[10362] = CNOT 19 69
[10363] = CNOT 19 78
[10364] = S 19
[10365] = Z 19
[10366] = CNOT 19 78
[10367] = CNOT 19 79
[10368] = S 19
[10369] = Z 19
[10370] = CNOT 19 79
[10371] = CNOT 19 80
[10372] = S 19
[10373] = Z 19
[10374] = CNOT 19 80
[10375] = CNOT 19 81
[10376] = S 19
[10377] = Z 19
[10378] = CNOT 19 81
[10379] = CNOT 19 82
[10380] = S 19
[10381] = Z 19
[10382] = CNOT 19 82
[10383] = CNOT 19 69
[10384] = CNOT 20 21
[10385] = CNOT 20 22
[10386] = S 20
[10387] = Z 20
[10388] = CNOT 20 22
[10389] = CNOT 20 32
[10390] = S 20
[10391] = Z 20
[10392] = CNOT 20 32
[10393] = CNOT 20 37
[10394] = S 20
[10395] = Z 20
[10396] = CNOT 20 37
[10397] = CNOT 20 38
[10398] = S 20
[10399] = Z 20
[10400] = CNOT 20 38
[10401] = CNOT 20 42
[10402] = S 20
[10403] = Z 20
[10404] = CNOT 20 42
[10405] = CNOT 20 43
[10406] = S 20
[10407] = Z 20
[10408] = CNOT 20 43
[10409] = CNOT 20 78
[10410] = S 20
[10411] = Z 20
[10412] = CNOT 20 78
[10413] = CNOT 20 79
[10414] = S 20
[10415] = Z 20
[10416] = CNOT 20 79
[10417] = CNOT 20 80
[10418] = S 20
[10419] = Z 20
[10420] = CNOT 20 80
[10421] = CNOT 20 81
[10422] = S 20
[10423] = Z 20
[10424] = CNOT 20 81
[10425] = CNOT 20 82
[10426] = S 20
[10427] = Z 20
[10428] = CNOT 20 82
[10429] = CNOT 20 21
[10430] = CNOT 20 22
[10431] = CNOT 20 32
[10432] = S 20
[10433] = Z 20
[10434] = CNOT 20 32
[10435] = CNOT 20 37
[10436] = S 20
[10437] = Z 20
[10438] = CNOT 20 37
[10439] = CNOT 20 38
[10440] = S 20
[10441] = Z 20
[10442] = CNOT 20 38
[10443] = CNOT 20 42
[10444] = S 20
[10445] = Z 20
[10446] = CNOT 20 42
[10447] = CNOT 20 43
[10448] = S 20
[10449] = Z 20
[10450] = CNOT 20 43
[10451] = CNOT 20 78
[10452] = S 20
[10453] = Z 20
[10454] = CNOT 20 78
[10455] = CNOT 20 79
[10456] = S 20
[10457] = Z 20
[10458] = CNOT 20 79
[10459] = CNOT 20 80
[10460] = S 20
[10461] = Z 20
[10462] = CNOT 20 80
[10463] = CNOT 20 81
[10464] = S 20
[10465] = Z 20
[10466] = CNOT 20 81
[10467] = CNOT 20 82
[10468] = S 20
[10469] = Z 20
[10470] = CNOT 20 82
[10471] = CNOT 20 22
[10472] = CNOT 20 24
[10473] = CNOT 20 28
[10474] = Z 20
[10475] = CNOT 20 28
[10476] = CNOT 20 32
[10477] = S 20
[10478] = CNOT 20 32
[10479] = CNOT 20 37
[10480] = S 20
[10481] = CNOT 20 37
[10482] = CNOT 20 38
[10483] = S 20
[10484] = CNOT 20 38
[10485] = CNOT 20 42
[10486] = S 20
[10487] = CNOT 20 42
[10488] = CNOT 20 43
[10489] = S 20
[10490] = CNOT 20 43
[10491] = CNOT 20 45
[10492] = S 20
[10493] = Z 20
[10494] = CNOT 20 45
[10495] = CNOT 20 49
[10496] = S 20
[10497] = CNOT 20 49
[10498] = CNOT 20 53
[10499] = Z 20
[10500] = CNOT 20 53
[10501] = CNOT 20 61
[10502] = S 20
[10503] = Z 20
[10504] = CNOT 20 61
[10505] = CNOT 20 69
[10506] = S 20
[10507] = Z 20
[10508] = CNOT 20 69
[10509] = CNOT 20 78
[10510] = S 20
[10511] = CNOT 20 78
[10512] = CNOT 20 79
[10513] = S 20
[10514] = CNOT 20 79
[10515] = CNOT 20 80
[10516] = S 20
[10517] = CNOT 20 80
[10518] = CNOT 20 81
[10519] = S 20
[10520] = CNOT 20 81
[10521] = CNOT 20 82
[10522] = S 20
[10523] = CNOT 20 82
[10524] = CNOT 20 24
[10525] = CNOT 20 28
[10526] = CNOT 20 32
[10527] = Z 20
[10528] = CNOT 20 32
[10529] = CNOT 20 37
[10530] = Z 20
[10531] = CNOT 20 37
[10532] = CNOT 20 38
[10533] = Z 20
[10534] = CNOT 20 38
[10535] = CNOT 20 42
[10536] = Z 20
[10537] = CNOT 20 42
[10538] = CNOT 20 43
[10539] = Z 20
[10540] = CNOT 20 43
[10541] = CNOT 20 45
[10542] = S 20
[10543] = Z 20
[10544] = CNOT 20 45
[10545] = CNOT 20 49
[10546] = Z 20
[10547] = CNOT 20 49
[10548] = CNOT 20 53
[10549] = Z 20
[10550] = CNOT 20 53
[10551] = CNOT 20 61
[10552] = S 20
[10553] = Z 20
[10554] = CNOT 20 61
[10555] = CNOT 20 69
[10556] = S 20
[10557] = Z 20
[10558] = CNOT 20 69
[10559] = CNOT 20 78
[10560] = Z 20
[10561] = CNOT 20 78
[10562] = CNOT 20 79
[10563] = Z 20
[10564] = CNOT 20 79
[10565] = CNOT 20 80
[10566] = Z 20
[10567] = CNOT 20 80
[10568] = CNOT 20 81
[10569] = Z 20
[10570] = CNOT 20 81
[10571] = CNOT 20 82
[10572] = Z 20
[10573] = CNOT 20 82
[10574] = CNOT 20 28
[10575] = CNOT 20 32
[10576] = CNOT 20 45
[10577] = S 20
[10578] = Z 20
[10579] = CNOT 20 45
[10580] = CNOT 20 49
[10581] = S 20
[10582] = CNOT 20 49
[10583] = CNOT 20 53
[10584] = Z 20
[10585] = CNOT 20 53
[10586] = CNOT 20 61
[10587] = S 20
[10588] = Z 20
[10589] = CNOT 20 61
[10590] = CNOT 20 69
[10591] = S 20
[10592] = Z 20
[10593] = CNOT 20 69
[10594] = CNOT 20 32
[10595] = CNOT 20 37
[10596] = CNOT 20 45
[10597] = S 20
[10598] = Z 20
[10599] = CNOT 20 45
[10600] = CNOT 20 49
[10601] = S 20
[10602] = CNOT 20 49
[10603] = CNOT 20 53
[10604] = Z 20
[10605] = CNOT 20 53
[10606] = CNOT 20 61
[10607] = S 20
[10608] = Z 20
[10609] = CNOT 20 61
[10610] = CNOT 20 69
[10611] = S 20
[10612] = Z 20
[10613] = CNOT 20 69
[10614] = CNOT 20 37
[10615] = CNOT 20 38
[10616] = CNOT 20 45
[10617] = S 20
[10618] = Z 20
[10619] = CNOT 20 45
[10620] = CNOT 20 49
[10621] = S 20
[10622] = CNOT 20 49
[10623] = CNOT 20 53
[10624] = Z 20
[10625] = CNOT 20 53
[10626] = CNOT 20 61
[10627] = S 20
[10628] = Z 20
[10629] = CNOT 20 61
[10630] = CNOT 20 69
[10631] = S 20
[10632] = Z 20
[10633] = CNOT 20 69
[10634] = CNOT 20 38
[10635] = CNOT 20 42
[10636] = CNOT 20 45
[10637] = S 20
[10638] = Z 20
[10639] = CNOT 20 45
[10640] = CNOT 20 49
[10641] = S 20
[10642] = CNOT 20 49
[10643] = CNOT 20 53
[10644] = Z 20
[10645] = CNOT 20 53
[10646] = CNOT 20 61
[10647] = S 20
[10648] = Z 20
[10649] = CNOT 20 61
[10650] = CNOT 20 69
[10651] = S 20
[10652] = Z 20
[10653] = CNOT 20 69
[10654] = CNOT 20 42
[10655] = CNOT 20 43
[10656] = CNOT 20 45
[10657] = S 20
[10658] = Z 20
[10659] = CNOT 20 45
[10660] = CNOT 20 49
[10661] = S 20
[10662] = CNOT 20 49
[10663] = CNOT 20 53
[10664] = Z 20
[10665] = CNOT 20 53
[10666] = CNOT 20 61
[10667] = S 20
[10668] = Z 20
[10669] = CNOT 20 61
[10670] = CNOT 20 69
[10671] = S 20
[10672] = Z 20
[10673] = CNOT 20 69
[10674] = CNOT 20 43
[10675] = CNOT 20 45
[10676] = CNOT 20 49
[10677] = S 20
[10678] = Z 20
[10679] = CNOT 20 49
[10680] = CNOT 20 53
[10681] = S 20
[10682] = Z 20
[10683] = CNOT 20 53
[10684] = CNOT 20 61
[10685] = S 20
[10686] = Z 20
[10687] = CNOT 20 61
[10688] = CNOT 20 69
[10689] = S 20
[10690] = Z 20
[10691] = CNOT 20 69
[10692] = CNOT 20 78
[10693] = S 20
[10694] = Z 20
[10695] = CNOT 20 78
[10696] = CNOT 20 79
[10697] = S 20
[10698] = Z 20
[10699] = CNOT 20 79
[10700] = CNOT 20 80
[10701] = S 20
[10702] = Z 20
[10703] = CNOT 20 80
[10704] = CNOT 20 81
[10705] = S 20
[10706] = Z 20
[10707] = CNOT 20 81
[10708] = CNOT 20 82
[10709] = S 20
[10710] = Z 20
[10711] = CNOT 20 82
[10712] = CNOT 20 45
[10713] = CNOT 20 49
[10714] = CNOT 20 53
[10715] = Z 20
[10716] = CNOT 20 53
[10717] = CNOT 20 61
[10718] = S 20
[10719] = Z 20
[10720] = CNOT 20 61
[10721] = CNOT 20 69
[10722] = S 20
[10723] = Z 20
[10724] = CNOT 20 69
[10725] = CNOT 20 78
[10726] = S 20
[10727] = CNOT 20 78
[10728] = CNOT 20 79
[10729] = S 20
[10730] = CNOT 20 79
[10731] = CNOT 20 80
[10732] = S 20
[10733] = CNOT 20 80
[10734] = CNOT 20 81
[10735] = S 20
[10736] = CNOT 20 81
[10737] = CNOT 20 82
[10738] = S 20
[10739] = CNOT 20 82
[10740] = CNOT 20 49
[10741] = CNOT 20 53
[10742] = CNOT 20 61
[10743] = S 20
[10744] = Z 20
[10745] = CNOT 20 61
[10746] = CNOT 20 69
[10747] = S 20
[10748] = Z 20
[10749] = CNOT 20 69
[10750] = CNOT 20 78
[10751] = Z 20
[10752] = CNOT 20 78
[10753] = CNOT 20 79
[10754] = Z 20
[10755] = CNOT 20 79
[10756] = CNOT 20 80
[10757] = Z 20
[10758] = CNOT 20 80
[10759] = CNOT 20 81
[10760] = Z 20
[10761] = CNOT 20 81
[10762] = CNOT 20 82
[10763] = Z 20
[10764] = CNOT 20 82
[10765] = CNOT 20 53
[10766] = CNOT 20 57
[10767] = CNOT 20 61
[10768] = S 20
[10769] = Z 20
[10770] = CNOT 20 57
[10771] = CNOT 20 69
[10772] = S 20
[10773] = Z 20
[10774] = CNOT 20 69
[10775] = CNOT 20 78
[10776] = S 20
[10777] = Z 20
[10778] = CNOT 20 78
[10779] = CNOT 20 79
[10780] = S 20
[10781] = Z 20
[10782] = CNOT 20 79
[10783] = CNOT 20 80
[10784] = S 20
[10785] = Z 20
[10786] = CNOT 20 80
[10787] = CNOT 20 81
[10788] = S 20
[10789] = Z 20
[10790] = CNOT 20 81
[10791] = CNOT 20 82
[10792] = S 20
[10793] = Z 20
[10794] = CNOT 20 82
[10795] = CNOT 20 61
[10796] = CNOT 20 69
[10797] = CNOT 20 78
[10798] = S 20
[10799] = Z 20
[10800] = CNOT 20 78
[10801] = CNOT 20 79
[10802] = S 20
[10803] = Z 20
[10804] = CNOT 20 79
[10805] = CNOT 20 80
[10806] = S 20
[10807] = Z 20
[10808] = CNOT 20 80
[10809] = CNOT 20 81
[10810] = S 20
[10811] = Z 20
[10812] = CNOT 20 81
[10813] = CNOT 20 82
[10814] = S 20
[10815] = Z 20
[10816] = CNOT 20 82
[10817] = CNOT 20 69
[10818] = CNOT 21 22
[10819] = CNOT 21 24
[10820] = S 21
[10821] = Z 21
[10822] = CNOT 21 24
[10823] = CNOT 21 32
[10824] = Z 21
[10825] = CNOT 21 32
[10826] = CNOT 21 36
[10827] = S 21
[10828] = Z 21
[10829] = CNOT 21 36
[10830] = CNOT 21 37
[10831] = S 21
[10832] = CNOT 21 37
[10833] = CNOT 21 38
[10834] = S 21
[10835] = CNOT 21 38
[10836] = CNOT 21 42
[10837] = S 21
[10838] = CNOT 21 42
[10839] = CNOT 21 43
[10840] = S 21
[10841] = CNOT 21 43
[10842] = CNOT 21 49
[10843] = S 21
[10844] = Z 21
[10845] = CNOT 21 49
[10846] = CNOT 21 78
[10847] = S 21
[10848] = CNOT 21 78
[10849] = CNOT 21 79
[10850] = S 21
[10851] = CNOT 21 79
[10852] = CNOT 21 80
[10853] = S 21
[10854] = CNOT 21 80
[10855] = CNOT 21 81
[10856] = S 21
[10857] = CNOT 21 81
[10858] = CNOT 21 82
[10859] = S 21
[10860] = CNOT 21 82
[10861] = CNOT 21 22
[10862] = CNOT 21 24
[10863] = CNOT 21 37
[10864] = S 21
[10865] = Z 21
[10866] = CNOT 21 37
[10867] = CNOT 21 38
[10868] = S 21
[10869] = Z 21
[10870] = CNOT 21 38
[10871] = CNOT 21 42
[10872] = S 21
[10873] = Z 21
[10874] = CNOT 21 42
[10875] = CNOT 21 43
[10876] = S 21
[10877] = Z 21
[10878] = CNOT 21 43
[10879] = CNOT 21 49
[10880] = S 21
[10881] = Z 21
[10882] = CNOT 21 49
[10883] = CNOT 21 78
[10884] = S 21
[10885] = Z 21
[10886] = CNOT 21 78
[10887] = CNOT 21 79
[10888] = S 21
[10889] = Z 21
[10890] = CNOT 21 79
[10891] = CNOT 21 80
[10892] = S 21
[10893] = Z 21
[10894] = CNOT 21 80
[10895] = CNOT 21 81
[10896] = S 21
[10897] = Z 21
[10898] = CNOT 21 81
[10899] = CNOT 21 82
[10900] = S 21
[10901] = Z 21
[10902] = CNOT 21 82
[10903] = CNOT 21 24
[10904] = CNOT 21 32
[10905] = CNOT 21 37
[10906] = Z 21
[10907] = CNOT 21 37
[10908] = CNOT 21 38
[10909] = Z 21
[10910] = CNOT 21 38
[10911] = CNOT 21 42
[10912] = Z 21
[10913] = CNOT 21 42
[10914] = CNOT 21 43
[10915] = Z 21
[10916] = CNOT 21 43
[10917] = CNOT 21 78
[10918] = Z 21
[10919] = CNOT 21 78
[10920] = CNOT 21 79
[10921] = Z 21
[10922] = CNOT 21 79
[10923] = CNOT 21 80
[10924] = Z 21
[10925] = CNOT 21 80
[10926] = CNOT 21 81
[10927] = Z 21
[10928] = CNOT 21 81
[10929] = CNOT 21 82
[10930] = Z 21
[10931] = CNOT 21 82
[10932] = CNOT 21 32
[10933] = CNOT 21 36
[10934] = CNOT 21 37
[10935] = S 21
[10936] = Z 21
[10937] = CNOT 21 37
[10938] = CNOT 21 38
[10939] = S 21
[10940] = Z 21
[10941] = CNOT 21 38
[10942] = CNOT 21 42
[10943] = S 21
[10944] = Z 21
[10945] = CNOT 21 42
[10946] = CNOT 21 43
[10947] = S 21
[10948] = Z 21
[10949] = CNOT 21 43
[10950] = CNOT 21 78
[10951] = S 21
[10952] = Z 21
[10953] = CNOT 21 78
[10954] = CNOT 21 79
[10955] = S 21
[10956] = Z 21
[10957] = CNOT 21 79
[10958] = CNOT 21 80
[10959] = S 21
[10960] = Z 21
[10961] = CNOT 21 80
[10962] = CNOT 21 81
[10963] = S 21
[10964] = Z 21
[10965] = CNOT 21 81
[10966] = CNOT 21 82
[10967] = S 21
[10968] = Z 21
[10969] = CNOT 21 82
[10970] = CNOT 21 36
[10971] = CNOT 21 37
[10972] = CNOT 21 38
[10973] = S 21
[10974] = CNOT 21 38
[10975] = CNOT 21 42
[10976] = S 21
[10977] = CNOT 21 42
[10978] = CNOT 21 43
[10979] = S 21
[10980] = CNOT 21 43
[10981] = CNOT 21 49
[10982] = S 21
[10983] = Z 21
[10984] = CNOT 21 49
[10985] = CNOT 21 78
[10986] = S 21
[10987] = CNOT 21 78
[10988] = CNOT 21 79
[10989] = S 21
[10990] = CNOT 21 79
[10991] = CNOT 21 80
[10992] = S 21
[10993] = CNOT 21 80
[10994] = CNOT 21 81
[10995] = S 21
[10996] = CNOT 21 81
[10997] = CNOT 21 82
[10998] = S 21
[10999] = CNOT 21 82
[11000] = CNOT 21 37
[11001] = CNOT 21 38
[11002] = CNOT 21 42
[11003] = S 21
[11004] = CNOT 21 42
[11005] = CNOT 21 43
[11006] = S 21
[11007] = CNOT 21 43
[11008] = CNOT 21 49
[11009] = S 21
[11010] = Z 21
[11011] = CNOT 21 49
[11012] = CNOT 21 78
[11013] = S 21
[11014] = CNOT 21 78
[11015] = CNOT 21 79
[11016] = S 21
[11017] = CNOT 21 79
[11018] = CNOT 21 80
[11019] = S 21
[11020] = CNOT 21 80
[11021] = CNOT 21 81
[11022] = S 21
[11023] = CNOT 21 81
[11024] = CNOT 21 82
[11025] = S 21
[11026] = CNOT 21 82
[11027] = CNOT 21 38
[11028] = CNOT 21 42
[11029] = CNOT 21 43
[11030] = S 21
[11031] = CNOT 21 43
[11032] = CNOT 21 49
[11033] = S 21
[11034] = Z 21
[11035] = CNOT 21 49
[11036] = CNOT 21 78
[11037] = S 21
[11038] = CNOT 21 78
[11039] = CNOT 21 79
[11040] = S 21
[11041] = CNOT 21 79
[11042] = CNOT 21 80
[11043] = S 21
[11044] = CNOT 21 80
[11045] = CNOT 21 81
[11046] = S 21
[11047] = CNOT 21 81
[11048] = CNOT 21 82
[11049] = S 21
[11050] = CNOT 21 82
[11051] = CNOT 21 42
[11052] = CNOT 21 43
[11053] = CNOT 21 49
[11054] = S 21
[11055] = Z 21
[11056] = CNOT 21 49
[11057] = CNOT 21 78
[11058] = S 21
[11059] = CNOT 21 78
[11060] = CNOT 21 79
[11061] = S 21
[11062] = CNOT 21 79
[11063] = CNOT 21 80
[11064] = S 21
[11065] = CNOT 21 80
[11066] = CNOT 21 81
[11067] = S 21
[11068] = CNOT 21 81
[11069] = CNOT 21 82
[11070] = S 21
[11071] = CNOT 21 82
[11072] = CNOT 21 43
[11073] = CNOT 21 49
[11074] = CNOT 21 78
[11075] = S 21
[11076] = Z 21
[11077] = CNOT 21 78
[11078] = CNOT 21 79
[11079] = S 21
[11080] = Z 21
[11081] = CNOT 21 79
[11082] = CNOT 21 80
[11083] = S 21
[11084] = Z 21
[11085] = CNOT 21 80
[11086] = CNOT 21 81
[11087] = S 21
[11088] = Z 21
[11089] = CNOT 21 81
[11090] = CNOT 21 82
[11091] = S 21
[11092] = Z 21
[11093] = CNOT 21 82
[11094] = CNOT 21 49
[11095] = CNOT 21 78
[11096] = CNOT 21 79
[11097] = S 21
[11098] = CNOT 21 79
[11099] = CNOT 21 80
[11100] = S 21
[11101] = CNOT 21 80
[11102] = CNOT 21 81
[11103] = S 21
[11104] = CNOT 21 81
[11105] = CNOT 21 82
[11106] = S 21
[11107] = CNOT 21 82
[11108] = CNOT 21 78
[11109] = CNOT 21 79
[11110] = CNOT 21 80
[11111] = S 21
[11112] = CNOT 21 80
[11113] = CNOT 21 81
[11114] = S 21
[11115] = CNOT 21 81
[11116] = CNOT 21 82
[11117] = S 21
[11118] = CNOT 21 82
[11119] = CNOT 21 79
[11120] = CNOT 21 80
[11121] = CNOT 21 81
[11122] = S 21
[11123] = CNOT 21 81
[11124] = CNOT 21 82
[11125] = S 21
[11126] = CNOT 21 80
[11127] = CNOT 21 81
[11128] = S 21
[11129] = CNOT 21 82
[11130] = CNOT 21 81
[11131] = CNOT 22 23
[11132] = CNOT 22 36
[11133] = S 22
[11134] = Z 22
[11135] = CNOT 22 36
[11136] = CNOT 22 23
[11137] = CNOT 22 24
[11138] = CNOT 22 37
[11139] = S 22
[11140] = Z 22
[11141] = CNOT 22 37
[11142] = CNOT 22 38
[11143] = S 22
[11144] = Z 22
[11145] = CNOT 22 38
[11146] = CNOT 22 42
[11147] = S 22
[11148] = Z 22
[11149] = CNOT 22 42
[11150] = CNOT 22 43
[11151] = S 22
[11152] = Z 22
[11153] = CNOT 22 43
[11154] = CNOT 22 49
[11155] = S 22
[11156] = Z 22
[11157] = CNOT 22 49
[11158] = CNOT 22 78
[11159] = S 22
[11160] = Z 22
[11161] = CNOT 22 78
[11162] = CNOT 22 79
[11163] = S 22
[11164] = Z 22
[11165] = CNOT 22 79
[11166] = CNOT 22 80
[11167] = S 22
[11168] = Z 22
[11169] = CNOT 22 80
[11170] = CNOT 22 81
[11171] = S 22
[11172] = Z 22
[11173] = CNOT 22 81
[11174] = CNOT 22 82
[11175] = S 22
[11176] = Z 22
[11177] = CNOT 22 82
[11178] = CNOT 22 24
[11179] = CNOT 22 32
[11180] = CNOT 22 37
[11181] = Z 22
[11182] = CNOT 22 37
[11183] = CNOT 22 38
[11184] = Z 22
[11185] = CNOT 22 38
[11186] = CNOT 22 42
[11187] = Z 22
[11188] = CNOT 22 42
[11189] = CNOT 22 43
[11190] = Z 22
[11191] = CNOT 22 43
[11192] = CNOT 22 78
[11193] = Z 22
[11194] = CNOT 22 78
[11195] = CNOT 22 79
[11196] = Z 22
[11197] = CNOT 22 79
[11198] = CNOT 22 80
[11199] = Z 22
[11200] = CNOT 22 80
[11201] = CNOT 22 81
[11202] = Z 22
[11203] = CNOT 22 81
[11204] = CNOT 22 82
[11205] = Z 22
[11206] = CNOT 22 82
[11207] = CNOT 22 32
[11208] = CNOT 22 36
[11209] = CNOT 22 37
[11210] = S 22
[11211] = Z 22
[11212] = CNOT 22 37
[11213] = CNOT 22 38
[11214] = S 22
[11215] = Z 22
[11216] = CNOT 22 38
[11217] = CNOT 22 42
[11218] = S 22
[11219] = Z 22
[11220] = CNOT 22 42
[11221] = CNOT 22 43
[11222] = S 22
[11223] = Z 22
[11224] = CNOT 22 43
[11225] = CNOT 22 78
[11226] = S 22
[11227] = Z 22
[11228] = CNOT 22 78
[11229] = CNOT 22 79
[11230] = S 22
[11231] = Z 22
[11232] = CNOT 22 79
[11233] = CNOT 22 80
[11234] = S 22
[11235] = Z 22
[11236] = CNOT 22 80
[11237] = CNOT 22 81
[11238] = S 22
[11239] = Z 22
[11240] = CNOT 22 81
[11241] = CNOT 22 82
[11242] = S 22
[11243] = Z 22
[11244] = CNOT 22 82
[11245] = CNOT 22 36
[11246] = CNOT 22 37
[11247] = CNOT 22 38
[11248] = S 22
[11249] = CNOT 22 38
[11250] = CNOT 22 42
[11251] = S 22
[11252] = CNOT 22 42
[11253] = CNOT 22 43
[11254] = S 22
[11255] = CNOT 22 43
[11256] = CNOT 22 49
[11257] = S 22
[11258] = Z 22
[11259] = CNOT 22 49
[11260] = CNOT 22 78
[11261] = S 22
[11262] = CNOT 22 78
[11263] = CNOT 22 79
[11264] = S 22
[11265] = CNOT 22 79
[11266] = CNOT 22 80
[11267] = S 22
[11268] = CNOT 22 80
[11269] = CNOT 22 81
[11270] = S 22
[11271] = CNOT 22 81
[11272] = CNOT 22 82
[11273] = S 22
[11274] = CNOT 22 82
[11275] = CNOT 22 37
[11276] = CNOT 22 38
[11277] = CNOT 22 42
[11278] = S 22
[11279] = CNOT 22 42
[11280] = CNOT 22 43
[11281] = S 22
[11282] = CNOT 22 43
[11283] = CNOT 22 49
[11284] = S 22
[11285] = Z 22
[11286] = CNOT 22 49
[11287] = CNOT 22 78
[11288] = S 22
[11289] = CNOT 22 78
[11290] = CNOT 22 79
[11291] = S 22
[11292] = CNOT 22 79
[11293] = CNOT 22 80
[11294] = S 22
[11295] = CNOT 22 80
[11296] = CNOT 22 81
[11297] = S 22
[11298] = CNOT 22 81
[11299] = CNOT 22 82
[11300] = S 22
[11301] = CNOT 22 82
[11302] = CNOT 22 38
[11303] = CNOT 22 42
[11304] = CNOT 22 43
[11305] = S 22
[11306] = CNOT 22 43
[11307] = CNOT 22 49
[11308] = S 22
[11309] = Z 22
[11310] = CNOT 22 49
[11311] = CNOT 22 78
[11312] = S 22
[11313] = CNOT 22 78
[11314] = CNOT 22 79
[11315] = S 22
[11316] = CNOT 22 79
[11317] = CNOT 22 80
[11318] = S 22
[11319] = CNOT 22 80
[11320] = CNOT 22 81
[11321] = S 22
[11322] = CNOT 22 81
[11323] = CNOT 22 82
[11324] = S 22
[11325] = CNOT 22 82
[11326] = CNOT 22 42
[11327] = CNOT 22 43
[11328] = CNOT 22 49
[11329] = S 22
[11330] = Z 22
[11331] = CNOT 22 49
[11332] = CNOT 22 78
[11333] = S 22
[11334] = CNOT 22 78
[11335] = CNOT 22 79
[11336] = S 22
[11337] = CNOT 22 79
[11338] = CNOT 22 80
[11339] = S 22
[11340] = CNOT 22 80
[11341] = CNOT 22 81
[11342] = S 22
[11343] = CNOT 22 81
[11344] = CNOT 22 82
[11345] = S 22
[11346] = CNOT 22 82
[11347] = CNOT 22 43
[11348] = CNOT 22 49
[11349] = CNOT 22 78
[11350] = S 22
[11351] = Z 22
[11352] = CNOT 22 78
[11353] = CNOT 22 79
[11354] = S 22
[11355] = Z 22
[11356] = CNOT 22 79
[11357] = CNOT 22 80
[11358] = S 22
[11359] = Z 22
[11360] = CNOT 22 80
[11361] = CNOT 22 81
[11362] = S 22
[11363] = Z 22
[11364] = CNOT 22 81
[11365] = CNOT 22 82
[11366] = S 22
[11367] = Z 22
[11368] = CNOT 22 82
[11369] = CNOT 22 49
[11370] = CNOT 22 78
[11371] = CNOT 22 79
[11372] = S 22
[11373] = CNOT 22 79
[11374] = CNOT 22 80
[11375] = S 22
[11376] = CNOT 22 80
[11377] = CNOT 22 81
[11378] = S 22
[11379] = CNOT 22 81
[11380] = CNOT 22 82
[11381] = S 22
[11382] = CNOT 22 82
[11383] = CNOT 22 78
[11384] = CNOT 22 79
[11385] = CNOT 22 80
[11386] = S 22
[11387] = CNOT 22 80
[11388] = CNOT 22 81
[11389] = S 22
[11390] = CNOT 22 81
[11391] = CNOT 22 82
[11392] = S 22
[11393] = CNOT 22 82
[11394] = CNOT 22 79
[11395] = CNOT 22 80
[11396] = CNOT 22 81
[11397] = S 22
[11398] = CNOT 22 81
[11399] = CNOT 22 82
[11400] = S 22
[11401] = CNOT 22 80
[11402] = CNOT 22 81
[11403] = S 22
[11404] = CNOT 22 82
[11405] = CNOT 22 81
[11406] = CNOT 24 28
[11407] = CNOT 24 45
[11408] = Z 24
[11409] = CNOT 24 45
[11410] = CNOT 24 61
[11411] = Z 24
[11412] = CNOT 24 61
[11413] = CNOT 24 69
[11414] = Z 24
[11415] = CNOT 24 69
[11416] = CNOT 24 28
[11417] = CNOT 24 32
[11418] = CNOT 24 37
[11419] = Z 24
[11420] = CNOT 24 37
[11421] = CNOT 24 38
[11422] = Z 24
[11423] = CNOT 24 38
[11424] = CNOT 24 42
[11425] = Z 24
[11426] = CNOT 24 42
[11427] = CNOT 24 43
[11428] = Z 24
[11429] = CNOT 24 43
[11430] = CNOT 24 45
[11431] = Z 24
[11432] = CNOT 24 45
[11433] = CNOT 24 49
[11434] = Z 24
[11435] = CNOT 24 49
[11436] = CNOT 24 61
[11437] = Z 24
[11438] = CNOT 24 61
[11439] = CNOT 24 69
[11440] = Z 24
[11441] = CNOT 24 69
[11442] = CNOT 24 78
[11443] = Z 24
[11444] = CNOT 24 78
[11445] = CNOT 24 79
[11446] = Z 24
[11447] = CNOT 24 79
[11448] = CNOT 24 80
[11449] = Z 24
[11450] = CNOT 24 80
[11451] = CNOT 24 81
[11452] = Z 24
[11453] = CNOT 24 81
[11454] = CNOT 24 82
[11455] = Z 24
[11456] = CNOT 24 82
[11457] = CNOT 24 32
[11458] = CNOT 24 37
[11459] = CNOT 24 38
[11460] = Z 24
[11461] = CNOT 24 38
[11462] = CNOT 24 42
[11463] = Z 24
[11464] = CNOT 24 42
[11465] = CNOT 24 43
[11466] = Z 24
[11467] = CNOT 24 43
[11468] = CNOT 24 45
[11469] = Z 24
[11470] = CNOT 24 45
[11471] = CNOT 24 49
[11472] = Z 24
[11473] = CNOT 24 49
[11474] = CNOT 24 61
[11475] = Z 24
[11476] = CNOT 24 61
[11477] = CNOT 24 69
[11478] = Z 24
[11479] = CNOT 24 69
[11480] = CNOT 24 78
[11481] = Z 24
[11482] = CNOT 24 78
[11483] = CNOT 24 79
[11484] = Z 24
[11485] = CNOT 24 79
[11486] = CNOT 24 80
[11487] = Z 24
[11488] = CNOT 24 80
[11489] = CNOT 24 81
[11490] = Z 24
[11491] = CNOT 24 81
[11492] = CNOT 24 82
[11493] = Z 24
[11494] = CNOT 24 82
[11495] = CNOT 24 37
[11496] = CNOT 24 38
[11497] = CNOT 24 42
[11498] = Z 24
[11499] = CNOT 24 42
[11500] = CNOT 24 43
[11501] = Z 24
[11502] = CNOT 24 43
[11503] = CNOT 24 45
[11504] = Z 24
[11505] = CNOT 24 45
[11506] = CNOT 24 49
[11507] = Z 24
[11508] = CNOT 24 49
[11509] = CNOT 24 61
[11510] = Z 24
[11511] = CNOT 24 61
[11512] = CNOT 24 69
[11513] = Z 24
[11514] = CNOT 24 69
[11515] = CNOT 24 78
[11516] = Z 24
[11517] = CNOT 24 78
[11518] = CNOT 24 79
[11519] = Z 24
[11520] = CNOT 24 79
[11521] = CNOT 24 80
[11522] = Z 24
[11523] = CNOT 24 80
[11524] = CNOT 24 81
[11525] = Z 24
[11526] = CNOT 24 81
[11527] = CNOT 24 82
[11528] = Z 24
[11529] = CNOT 24 82
[11530] = CNOT 24 38
[11531] = CNOT 24 42
[11532] = CNOT 24 43
[11533] = Z 24
[11534] = CNOT 24 43
[11535] = CNOT 24 45
[11536] = Z 24
[11537] = CNOT 24 45
[11538] = CNOT 24 49
[11539] = Z 24
[11540] = CNOT 24 49
[11541] = CNOT 24 61
[11542] = Z 24
[11543] = CNOT 24 61
[11544] = CNOT 24 69
[11545] = Z 24
[11546] = CNOT 24 69
[11547] = CNOT 24 78
[11548] = Z 24
[11549] = CNOT 24 78
[11550] = CNOT 24 79
[11551] = Z 24
[11552] = CNOT 24 79
[11553] = CNOT 24 80
[11554] = Z 24
[11555] = CNOT 24 80
[11556] = CNOT 24 81
[11557] = Z 24
[11558] = CNOT 24 81
[11559] = CNOT 24 82
[11560] = Z 24
[11561] = CNOT 24 82
[11562] = CNOT 24 42
[11563] = CNOT 24 43
[11564] = CNOT 24 45
[11565] = Z 24
[11566] = CNOT 24 45
[11567] = CNOT 24 49
[11568] = Z 24
[11569] = CNOT 24 49
[11570] = CNOT 24 61
[11571] = Z 24
[11572] = CNOT 24 61
[11573] = CNOT 24 69
[11574] = Z 24
[11575] = CNOT 24 69
[11576] = CNOT 24 78
[11577] = Z 24
[11578] = CNOT 24 78
[11579] = CNOT 24 79
[11580] = Z 24
[11581] = CNOT 24 79
[11582] = CNOT 24 80
[11583] = Z 24
[11584] = CNOT 24 80
[11585] = CNOT 24 81
[11586] = Z 24
[11587] = CNOT 24 81
[11588] = CNOT 24 82
[11589] = Z 24
[11590] = CNOT 24 82
[11591] = CNOT 24 43
[11592] = CNOT 24 45
[11593] = CNOT 24 49
[11594] = Z 24
[11595] = CNOT 24 49
[11596] = CNOT 24 53
[11597] = Z 24
[11598] = CNOT 24 53
[11599] = CNOT 24 61
[11600] = S 24
[11601] = Z 24
[11602] = CNOT 24 61
[11603] = CNOT 24 69
[11604] = S 24
[11605] = Z 24
[11606] = CNOT 24 69
[11607] = CNOT 24 78
[11608] = Z 24
[11609] = CNOT 24 78
[11610] = CNOT 24 79
[11611] = Z 24
[11612] = CNOT 24 79
[11613] = CNOT 24 80
[11614] = Z 24
[11615] = CNOT 24 80
[11616] = CNOT 24 81
[11617] = Z 24
[11618] = CNOT 24 81
[11619] = CNOT 24 82
[11620] = Z 24
[11621] = CNOT 24 82
[11622] = CNOT 24 45
[11623] = CNOT 24 49
[11624] = CNOT 24 61
[11625] = Z 24
[11626] = CNOT 24 61
[11627] = CNOT 24 69
[11628] = Z 24
[11629] = CNOT 24 69
[11630] = CNOT 24 78
[11631] = Z 24
[11632] = CNOT 24 78
[11633] = CNOT 24 79
[11634] = Z 24
[11635] = CNOT 24 79
[11636] = CNOT 24 80
[11637] = Z 24
[11638] = CNOT 24 80
[11639] = CNOT 24 81
[11640] = Z 24
[11641] = CNOT 24 81
[11642] = CNOT 24 82
[11643] = Z 24
[11644] = CNOT 24 82
[11645] = CNOT 24 49
[11646] = CNOT 24 53
[11647] = CNOT 24 61
[11648] = Z 24
[11649] = CNOT 24 61
[11650] = CNOT 24 69
[11651] = Z 24
[11652] = CNOT 24 53
[11653] = CNOT 24 61
[11654] = Z 24
[11655] = CNOT 24 69
[11656] = CNOT 24 78
[11657] = Z 24
[11658] = CNOT 24 78
[11659] = CNOT 24 79
[11660] = Z 24
[11661] = CNOT 24 79
[11662] = CNOT 24 80
[11663] = Z 24
[11664] = CNOT 24 80
[11665] = CNOT 24 81
[11666] = Z 24
[11667] = CNOT 24 81
[11668] = CNOT 24 82
[11669] = Z 24
[11670] = CNOT 24 82
[11671] = CNOT 24 61
[11672] = CNOT 24 69
[11673] = CNOT 24 78
[11674] = Z 24
[11675] = CNOT 24 78
[11676] = CNOT 24 79
[11677] = Z 24
[11678] = CNOT 24 79
[11679] = CNOT 24 80
[11680] = Z 24
[11681] = CNOT 24 80
[11682] = CNOT 24 81
[11683] = Z 24
[11684] = CNOT 24 81
[11685] = CNOT 24 82
[11686] = Z 24
[11687] = CNOT 24 82
[11688] = CNOT 24 69
[11689] = CNOT 24 78
[11690] = CNOT 24 79
[11691] = Z 24
[11692] = CNOT 24 79
[11693] = CNOT 24 80
[11694] = Z 24
[11695] = CNOT 24 80
[11696] = CNOT 24 81
[11697] = Z 24
[11698] = CNOT 24 81
[11699] = CNOT 24 82
[11700] = Z 24
[11701] = CNOT 24 82
[11702] = CNOT 24 78
[11703] = CNOT 24 79
[11704] = CNOT 24 80
[11705] = Z 24
[11706] = CNOT 24 80
[11707] = CNOT 24 81
[11708] = Z 24
[11709] = CNOT 24 81
[11710] = CNOT 24 82
[11711] = Z 24
[11712] = CNOT 24 82
[11713] = CNOT 24 79
[11714] = CNOT 24 80
[11715] = CNOT 24 81
[11716] = Z 24
[11717] = CNOT 24 81
[11718] = CNOT 24 82
[11719] = Z 24
[11720] = CNOT 24 80
[11721] = CNOT 24 81
[11722] = Z 24
[11723] = CNOT 24 82
[11724] = CNOT 24 81
[11725] = CNOT 25 37
[11726] = CNOT 25 38
[11727] = Z 25
[11728] = CNOT 25 38
[11729] = CNOT 25 50
[11730] = Z 25
[11731] = CNOT 25 50
[11732] = CNOT 25 58
[11733] = Z 25
[11734] = CNOT 25 58
[11735] = CNOT 25 66
[11736] = Z 25
[11737] = CNOT 25 66
[11738] = CNOT 25 74
[11739] = Z 25
[11740] = CNOT 25 74
[11741] = CNOT 25 83
[11742] = Z 25
[11743] = CNOT 25 83
[11744] = CNOT 25 90
[11745] = Z 25
[11746] = CNOT 25 90
[11747] = CNOT 25 37
[11748] = CNOT 25 38
[11749] = CNOT 25 50
[11750] = Z 25
[11751] = CNOT 25 50
[11752] = CNOT 25 58
[11753] = Z 25
[11754] = CNOT 25 58
[11755] = CNOT 25 66
[11756] = Z 25
[11757] = CNOT 25 66
[11758] = CNOT 25 74
[11759] = Z 25
[11760] = CNOT 25 74
[11761] = CNOT 25 83
[11762] = Z 25
[11763] = CNOT 25 83
[11764] = CNOT 25 90
[11765] = Z 25
[11766] = CNOT 25 90
[11767] = CNOT 25 38
[11768] = CNOT 25 50
[11769] = CNOT 25 58
[11770] = Z 25
[11771] = CNOT 25 58
[11772] = CNOT 25 66
[11773] = Z 25
[11774] = CNOT 25 66
[11775] = CNOT 25 74
[11776] = Z 25
[11777] = CNOT 25 74
[11778] = CNOT 25 83
[11779] = Z 25
[11780] = CNOT 25 83
[11781] = CNOT 25 90
[11782] = Z 25
[11783] = CNOT 25 90
[11784] = CNOT 25 50
[11785] = CNOT 25 58
[11786] = CNOT 25 66
[11787] = Z 25
[11788] = CNOT 25 66
[11789] = CNOT 25 74
[11790] = Z 25
[11791] = CNOT 25 74
[11792] = CNOT 25 83
[11793] = Z 25
[11794] = CNOT 25 83
[11795] = CNOT 25 90
[11796] = Z 25
[11797] = CNOT 25 90
[11798] = CNOT 25 58
[11799] = CNOT 25 66
[11800] = CNOT 25 74
[11801] = Z 25
[11802] = CNOT 25 74
[11803] = CNOT 25 83
[11804] = Z 25
[11805] = CNOT 25 83
[11806] = CNOT 25 90
[11807] = Z 25
[11808] = CNOT 25 90
[11809] = CNOT 25 66
[11810] = CNOT 25 74
[11811] = CNOT 25 83
[11812] = Z 25
[11813] = CNOT 25 83
[11814] = CNOT 25 90
[11815] = Z 25
[11816] = CNOT 25 74
[11817] = CNOT 25 83
[11818] = Z 25
[11819] = CNOT 25 90
[11820] = CNOT 25 83
[11821] = CNOT 27 36
[11822] = CNOT 27 37
[11823] = Z 27
[11824] = CNOT 27 37
[11825] = CNOT 27 38
[11826] = Z 27
[11827] = CNOT 27 38
[11828] = CNOT 27 43
[11829] = S 27
[11830] = Z 27
[11831] = CNOT 27 43
[11832] = CNOT 27 52
[11833] = Z 27
[11834] = CNOT 27 52
[11835] = CNOT 27 78
[11836] = Z 27
[11837] = CNOT 27 78
[11838] = CNOT 27 79
[11839] = Z 27
[11840] = CNOT 27 79
[11841] = CNOT 27 80
[11842] = Z 27
[11843] = CNOT 27 80
[11844] = CNOT 27 81
[11845] = Z 27
[11846] = CNOT 27 81
[11847] = CNOT 27 82
[11848] = Z 27
[11849] = CNOT 27 82
[11850] = CNOT 27 36
[11851] = CNOT 27 37
[11852] = CNOT 27 43
[11853] = Z 27
[11854] = CNOT 27 43
[11855] = CNOT 27 76
[11856] = Z 27
[11857] = CNOT 27 76
[11858] = CNOT 27 81
[11859] = Z 27
[11860] = CNOT 27 81
[11861] = CNOT 27 92
[11862] = Z 27
[11863] = CNOT 27 92
[11864] = CNOT 27 37
[11865] = CNOT 27 38
[11866] = CNOT 27 43
[11867] = Z 27
[11868] = CNOT 27 43
[11869] = CNOT 27 76
[11870] = Z 27
[11871] = CNOT 27 76
[11872] = CNOT 27 81
[11873] = Z 27
[11874] = CNOT 27 81
[11875] = CNOT 27 92
[11876] = Z 27
[11877] = CNOT 27 92
[11878] = CNOT 27 38
[11879] = CNOT 27 43
[11880] = CNOT 27 52
[11881] = Z 27
[11882] = CNOT 27 52
[11883] = CNOT 27 76
[11884] = S 27
[11885] = Z 27
[11886] = CNOT 27 76
[11887] = CNOT 27 78
[11888] = Z 27
[11889] = CNOT 27 78
[11890] = CNOT 27 79
[11891] = Z 27
[11892] = CNOT 27 79
[11893] = CNOT 27 80
[11894] = Z 27
[11895] = CNOT 27 80
[11896] = CNOT 27 81
[11897] = S 27
[11898] = Z 27
[11899] = CNOT 27 81
[11900] = CNOT 27 82
[11901] = Z 27
[11902] = CNOT 27 82
[11903] = CNOT 27 92
[11904] = S 27
[11905] = Z 27
[11906] = CNOT 27 92
[11907] = CNOT 27 43
[11908] = CNOT 27 52
[11909] = CNOT 27 76
[11910] = Z 27
[11911] = CNOT 27 76
[11912] = CNOT 27 81
[11913] = Z 27
[11914] = CNOT 27 81
[11915] = CNOT 27 92
[11916] = Z 27
[11917] = CNOT 27 92
[11918] = CNOT 27 52
[11919] = CNOT 27 76
[11920] = CNOT 27 78
[11921] = Z 27
[11922] = CNOT 27 78
[11923] = CNOT 27 79
[11924] = Z 27
[11925] = CNOT 27 79
[11926] = CNOT 27 80
[11927] = Z 27
[11928] = CNOT 27 80
[11929] = CNOT 27 82
[11930] = Z 27
[11931] = CNOT 27 82
[11932] = CNOT 27 92
[11933] = Z 27
[11934] = CNOT 27 92
[11935] = CNOT 27 76
[11936] = CNOT 27 78
[11937] = CNOT 27 81
[11938] = Z 27
[11939] = CNOT 27 81
[11940] = CNOT 27 92
[11941] = Z 27
[11942] = CNOT 27 92
[11943] = CNOT 27 78
[11944] = CNOT 27 79
[11945] = CNOT 27 81
[11946] = Z 27
[11947] = CNOT 27 81
[11948] = CNOT 27 92
[11949] = Z 27
[11950] = CNOT 27 92
[11951] = CNOT 27 79
[11952] = CNOT 27 80
[11953] = CNOT 27 81
[11954] = Z 27
[11955] = CNOT 27 81
[11956] = CNOT 27 92
[11957] = Z 27
[11958] = CNOT 27 92
[11959] = CNOT 27 80
[11960] = CNOT 27 81
[11961] = CNOT 27 82
[11962] = Z 27
[11963] = CNOT 27 81
[11964] = CNOT 27 92
[11965] = Z 27
[11966] = CNOT 27 92
[11967] = CNOT 27 82
[11968] = CNOT 28 32
[11969] = CNOT 28 45
[11970] = Z 28
[11971] = CNOT 28 45
[11972] = CNOT 28 61
[11973] = Z 28
[11974] = CNOT 28 61
[11975] = CNOT 28 69
[11976] = Z 28
[11977] = CNOT 28 69
[11978] = CNOT 28 32
[11979] = CNOT 28 37
[11980] = CNOT 28 45
[11981] = Z 28
[11982] = CNOT 28 45
[11983] = CNOT 28 61
[11984] = Z 28
[11985] = CNOT 28 61
[11986] = CNOT 28 69
[11987] = Z 28
[11988] = CNOT 28 69
[11989] = CNOT 28 37
[11990] = CNOT 28 38
[11991] = CNOT 28 45
[11992] = Z 28
[11993] = CNOT 28 45
[11994] = CNOT 28 61
[11995] = Z 28
[11996] = CNOT 28 61
[11997] = CNOT 28 69
[11998] = Z 28
[11999] = CNOT 28 69
[12000] = CNOT 28 38
[12001] = CNOT 28 42
[12002] = CNOT 28 45
[12003] = Z 28
[12004] = CNOT 28 45
[12005] = CNOT 28 61
[12006] = Z 28
[12007] = CNOT 28 61
[12008] = CNOT 28 69
[12009] = Z 28
[12010] = CNOT 28 69
[12011] = CNOT 28 42
[12012] = CNOT 28 43
[12013] = CNOT 28 45
[12014] = Z 28
[12015] = CNOT 28 45
[12016] = CNOT 28 61
[12017] = Z 28
[12018] = CNOT 28 61
[12019] = CNOT 28 69
[12020] = Z 28
[12021] = CNOT 28 69
[12022] = CNOT 28 43
[12023] = CNOT 28 45
[12024] = CNOT 28 49
[12025] = Z 28
[12026] = CNOT 28 49
[12027] = CNOT 28 53
[12028] = Z 28
[12029] = CNOT 28 53
[12030] = CNOT 28 61
[12031] = S 28
[12032] = Z 28
[12033] = CNOT 28 61
[12034] = CNOT 28 69
[12035] = S 28
[12036] = Z 28
[12037] = CNOT 28 69
[12038] = CNOT 28 78
[12039] = Z 28
[12040] = CNOT 28 78
[12041] = CNOT 28 79
[12042] = Z 28
[12043] = CNOT 28 79
[12044] = CNOT 28 80
[12045] = Z 28
[12046] = CNOT 28 80
[12047] = CNOT 28 81
[12048] = Z 28
[12049] = CNOT 28 81
[12050] = CNOT 28 82
[12051] = Z 28
[12052] = CNOT 28 82
[12053] = CNOT 28 45
[12054] = CNOT 28 49
[12055] = CNOT 28 61
[12056] = Z 28
[12057] = CNOT 28 61
[12058] = CNOT 28 69
[12059] = Z 28
[12060] = CNOT 28 69
[12061] = CNOT 28 49
[12062] = CNOT 28 53
[12063] = CNOT 28 61
[12064] = Z 28
[12065] = CNOT 28 61
[12066] = CNOT 28 69
[12067] = Z 28
[12068] = CNOT 28 53
[12069] = CNOT 28 61
[12070] = Z 28
[12071] = CNOT 28 69
[12072] = CNOT 28 78
[12073] = Z 28
[12074] = CNOT 28 78
[12075] = CNOT 28 79
[12076] = Z 28
[12077] = CNOT 28 79
[12078] = CNOT 28 80
[12079] = Z 28
[12080] = CNOT 28 80
[12081] = CNOT 28 81
[12082] = Z 28
[12083] = CNOT 28 81
[12084] = CNOT 28 82
[12085] = Z 28
[12086] = CNOT 28 82
[12087] = CNOT 28 61
[12088] = CNOT 28 69
[12089] = CNOT 28 78
[12090] = Z 28
[12091] = CNOT 28 78
[12092] = CNOT 28 79
[12093] = Z 28
[12094] = CNOT 28 79
[12095] = CNOT 28 80
[12096] = Z 28
[12097] = CNOT 28 80
[12098] = CNOT 28 81
[12099] = Z 28
[12100] = CNOT 28 81
[12101] = CNOT 28 82
[12102] = Z 28
[12103] = CNOT 28 82
[12104] = CNOT 28 69
[12105] = CNOT 29 33
[12106] = CNOT 29 37
[12107] = S 29
[12108] = Z 29
[12109] = CNOT 29 37
[12110] = CNOT 29 38
[12111] = S 29
[12112] = Z 29
[12113] = CNOT 29 38
[12114] = CNOT 29 60
[12115] = S 29
[12116] = Z 29
[12117] = CNOT 29 60
[12118] = CNOT 29 68
[12119] = S 29
[12120] = Z 29
[12121] = CNOT 29 68
[12122] = CNOT 29 78
[12123] = S 29
[12124] = Z 29
[12125] = CNOT 29 78
[12126] = CNOT 29 79
[12127] = S 29
[12128] = Z 29
[12129] = CNOT 29 79
[12130] = CNOT 29 80
[12131] = S 29
[12132] = Z 29
[12133] = CNOT 29 80
[12134] = CNOT 29 82
[12135] = S 29
[12136] = Z 29
[12137] = CNOT 29 82
[12138] = CNOT 29 33
[12139] = CNOT 29 37
[12140] = CNOT 29 38
[12141] = Z 29
[12142] = CNOT 29 38
[12143] = CNOT 29 60
[12144] = Z 29
[12145] = CNOT 29 60
[12146] = CNOT 29 68
[12147] = Z 29
[12148] = CNOT 29 68
[12149] = CNOT 29 78
[12150] = Z 29
[12151] = CNOT 29 78
[12152] = CNOT 29 79
[12153] = Z 29
[12154] = CNOT 29 79
[12155] = CNOT 29 80
[12156] = Z 29
[12157] = CNOT 29 80
[12158] = CNOT 29 82
[12159] = Z 29
[12160] = CNOT 29 82
[12161] = CNOT 29 37
[12162] = CNOT 29 38
[12163] = CNOT 29 60
[12164] = Z 29
[12165] = CNOT 29 60
[12166] = CNOT 29 68
[12167] = Z 29
[12168] = CNOT 29 68
[12169] = CNOT 29 78
[12170] = Z 29
[12171] = CNOT 29 78
[12172] = CNOT 29 79
[12173] = Z 29
[12174] = CNOT 29 79
[12175] = CNOT 29 80
[12176] = Z 29
[12177] = CNOT 29 80
[12178] = CNOT 29 82
[12179] = Z 29
[12180] = CNOT 29 82
[12181] = CNOT 29 38
[12182] = CNOT 29 60
[12183] = CNOT 29 68
[12184] = Z 29
[12185] = CNOT 29 68
[12186] = CNOT 29 78
[12187] = Z 29
[12188] = CNOT 29 78
[12189] = CNOT 29 79
[12190] = Z 29
[12191] = CNOT 29 79
[12192] = CNOT 29 80
[12193] = Z 29
[12194] = CNOT 29 80
[12195] = CNOT 29 82
[12196] = Z 29
[12197] = CNOT 29 82
[12198] = CNOT 29 60
[12199] = CNOT 29 68
[12200] = CNOT 29 78
[12201] = Z 29
[12202] = CNOT 29 78
[12203] = CNOT 29 79
[12204] = Z 29
[12205] = CNOT 29 79
[12206] = CNOT 29 80
[12207] = Z 29
[12208] = CNOT 29 80
[12209] = CNOT 29 82
[12210] = Z 29
[12211] = CNOT 29 82
[12212] = CNOT 29 68
[12213] = CNOT 29 78
[12214] = CNOT 29 79
[12215] = Z 29
[12216] = CNOT 29 79
[12217] = CNOT 29 80
[12218] = Z 29
[12219] = CNOT 29 80
[12220] = CNOT 29 82
[12221] = Z 29
[12222] = CNOT 29 82
[12223] = CNOT 29 78
[12224] = CNOT 29 79
[12225] = CNOT 29 80
[12226] = Z 29
[12227] = CNOT 29 80
[12228] = CNOT 29 82
[12229] = Z 29
[12230] = CNOT 29 79
[12231] = CNOT 29 80
[12232] = Z 29
[12233] = CNOT 29 82
[12234] = CNOT 29 80
[12235] = CNOT 30 34
[12236] = CNOT 30 37
[12237] = S 30
[12238] = Z 30
[12239] = CNOT 30 37
[12240] = CNOT 30 34
[12241] = CNOT 31 35
[12242] = CNOT 31 37
[12243] = S 31
[12244] = Z 31
[12245] = CNOT 31 37
[12246] = CNOT 31 38
[12247] = S 31
[12248] = Z 31
[12249] = CNOT 31 38
[12250] = CNOT 31 78
[12251] = S 31
[12252] = Z 31
[12253] = CNOT 31 78
[12254] = CNOT 31 79
[12255] = S 31
[12256] = Z 31
[12257] = CNOT 31 79
[12258] = CNOT 31 80
[12259] = S 31
[12260] = Z 31
[12261] = CNOT 31 80
[12262] = CNOT 31 82
[12263] = S 31
[12264] = Z 31
[12265] = CNOT 31 82
[12266] = CNOT 31 35
[12267] = CNOT 31 37
[12268] = CNOT 31 38
[12269] = Z 31
[12270] = CNOT 31 38
[12271] = CNOT 31 78
[12272] = Z 31
[12273] = CNOT 31 78
[12274] = CNOT 31 79
[12275] = Z 31
[12276] = CNOT 31 79
[12277] = CNOT 31 80
[12278] = Z 31
[12279] = CNOT 31 80
[12280] = CNOT 31 82
[12281] = Z 31
[12282] = CNOT 31 82
[12283] = CNOT 31 37
[12284] = CNOT 31 38
[12285] = CNOT 31 78
[12286] = Z 31
[12287] = CNOT 31 78
[12288] = CNOT 31 79
[12289] = Z 31
[12290] = CNOT 31 79
[12291] = CNOT 31 80
[12292] = Z 31
[12293] = CNOT 31 80
[12294] = CNOT 31 82
[12295] = Z 31
[12296] = CNOT 31 82
[12297] = CNOT 31 38
[12298] = CNOT 31 78
[12299] = CNOT 31 79
[12300] = Z 31
[12301] = CNOT 31 79
[12302] = CNOT 31 80
[12303] = Z 31
[12304] = CNOT 31 80
[12305] = CNOT 31 82
[12306] = Z 31
[12307] = CNOT 31 82
[12308] = CNOT 31 78
[12309] = CNOT 31 79
[12310] = CNOT 31 80
[12311] = Z 31
[12312] = CNOT 31 80
[12313] = CNOT 31 82
[12314] = Z 31
[12315] = CNOT 31 79
[12316] = CNOT 31 80
[12317] = Z 31
[12318] = CNOT 31 82
[12319] = CNOT 31 80
[12320] = CNOT 32 36
[12321] = CNOT 32 37
[12322] = S 32
[12323] = Z 32
[12324] = CNOT 32 37
[12325] = CNOT 32 38
[12326] = S 32
[12327] = Z 32
[12328] = CNOT 32 38
[12329] = CNOT 32 42
[12330] = S 32
[12331] = Z 32
[12332] = CNOT 32 42
[12333] = CNOT 32 43
[12334] = S 32
[12335] = Z 32
[12336] = CNOT 32 43
[12337] = CNOT 32 78
[12338] = S 32
[12339] = Z 32
[12340] = CNOT 32 78
[12341] = CNOT 32 79
[12342] = S 32
[12343] = Z 32
[12344] = CNOT 32 79
[12345] = CNOT 32 80
[12346] = S 32
[12347] = Z 32
[12348] = CNOT 32 80
[12349] = CNOT 32 81
[12350] = S 32
[12351] = Z 32
[12352] = CNOT 32 81
[12353] = CNOT 32 82
[12354] = S 32
[12355] = Z 32
[12356] = CNOT 32 82
[12357] = CNOT 32 36
[12358] = CNOT 32 37
[12359] = CNOT 32 45
[12360] = Z 32
[12361] = CNOT 32 45
[12362] = CNOT 32 49
[12363] = Z 32
[12364] = CNOT 32 49
[12365] = CNOT 32 61
[12366] = Z 32
[12367] = CNOT 32 61
[12368] = CNOT 32 69
[12369] = Z 32
[12370] = CNOT 32 69
[12371] = CNOT 32 37
[12372] = CNOT 32 38
[12373] = CNOT 32 45
[12374] = Z 32
[12375] = CNOT 32 45
[12376] = CNOT 32 49
[12377] = Z 32
[12378] = CNOT 32 49
[12379] = CNOT 32 61
[12380] = Z 32
[12381] = CNOT 32 61
[12382] = CNOT 32 69
[12383] = Z 32
[12384] = CNOT 32 69
[12385] = CNOT 32 38
[12386] = CNOT 32 42
[12387] = CNOT 32 45
[12388] = Z 32
[12389] = CNOT 32 45
[12390] = CNOT 32 49
[12391] = Z 32
[12392] = CNOT 32 49
[12393] = CNOT 32 61
[12394] = Z 32
[12395] = CNOT 32 61
[12396] = CNOT 32 69
[12397] = Z 32
[12398] = CNOT 32 69
[12399] = CNOT 32 42
[12400] = CNOT 32 43
[12401] = CNOT 32 45
[12402] = Z 32
[12403] = CNOT 32 45
[12404] = CNOT 32 49
[12405] = Z 32
[12406] = CNOT 32 49
[12407] = CNOT 32 61
[12408] = Z 32
[12409] = CNOT 32 61
[12410] = CNOT 32 69
[12411] = Z 32
[12412] = CNOT 32 69
[12413] = CNOT 32 43
[12414] = CNOT 32 45
[12415] = CNOT 32 49
[12416] = Z 32
[12417] = CNOT 32 49
[12418] = CNOT 32 53
[12419] = Z 32
[12420] = CNOT 32 53
[12421] = CNOT 32 61
[12422] = S 32
[12423] = Z 32
[12424] = CNOT 32 61
[12425] = CNOT 32 69
[12426] = S 32
[12427] = Z 32
[12428] = CNOT 32 69
[12429] = CNOT 32 78
[12430] = Z 32
[12431] = CNOT 32 78
[12432] = CNOT 32 79
[12433] = Z 32
[12434] = CNOT 32 79
[12435] = CNOT 32 80
[12436] = Z 32
[12437] = CNOT 32 80
[12438] = CNOT 32 81
[12439] = Z 32
[12440] = CNOT 32 81
[12441] = CNOT 32 82
[12442] = Z 32
[12443] = CNOT 32 82
[12444] = CNOT 32 45
[12445] = CNOT 32 49
[12446] = CNOT 32 61
[12447] = Z 32
[12448] = CNOT 32 61
[12449] = CNOT 32 69
[12450] = Z 32
[12451] = CNOT 32 69
[12452] = CNOT 32 78
[12453] = Z 32
[12454] = CNOT 32 78
[12455] = CNOT 32 79
[12456] = Z 32
[12457] = CNOT 32 79
[12458] = CNOT 32 80
[12459] = Z 32
[12460] = CNOT 32 80
[12461] = CNOT 32 81
[12462] = Z 32
[12463] = CNOT 32 81
[12464] = CNOT 32 82
[12465] = Z 32
[12466] = CNOT 32 82
[12467] = CNOT 32 49
[12468] = CNOT 32 53
[12469] = CNOT 32 61
[12470] = Z 32
[12471] = CNOT 32 61
[12472] = CNOT 32 69
[12473] = Z 32
[12474] = CNOT 32 53
[12475] = CNOT 32 61
[12476] = Z 32
[12477] = CNOT 32 69
[12478] = CNOT 32 78
[12479] = Z 32
[12480] = CNOT 32 78
[12481] = CNOT 32 79
[12482] = Z 32
[12483] = CNOT 32 79
[12484] = CNOT 32 80
[12485] = Z 32
[12486] = CNOT 32 80
[12487] = CNOT 32 81
[12488] = Z 32
[12489] = CNOT 32 81
[12490] = CNOT 32 82
[12491] = Z 32
[12492] = CNOT 32 82
[12493] = CNOT 32 61
[12494] = CNOT 32 69
[12495] = CNOT 32 78
[12496] = Z 32
[12497] = CNOT 32 78
[12498] = CNOT 32 79
[12499] = Z 32
[12500] = CNOT 32 79
[12501] = CNOT 32 80
[12502] = Z 32
[12503] = CNOT 32 80
[12504] = CNOT 32 81
[12505] = Z 32
[12506] = CNOT 32 81
[12507] = CNOT 32 82
[12508] = Z 32
[12509] = CNOT 32 82
[12510] = CNOT 32 69
[12511] = CNOT 33 37
[12512] = CNOT 33 38
[12513] = Z 33
[12514] = CNOT 33 38
[12515] = CNOT 33 60
[12516] = Z 33
[12517] = CNOT 33 60
[12518] = CNOT 33 68
[12519] = Z 33
[12520] = CNOT 33 68
[12521] = CNOT 33 78
[12522] = Z 33
[12523] = CNOT 33 78
[12524] = CNOT 33 79
[12525] = Z 33
[12526] = CNOT 33 79
[12527] = CNOT 33 80
[12528] = Z 33
[12529] = CNOT 33 80
[12530] = CNOT 33 82
[12531] = Z 33
[12532] = CNOT 33 82
[12533] = CNOT 33 37
[12534] = CNOT 33 38
[12535] = CNOT 33 60
[12536] = Z 33
[12537] = CNOT 33 60
[12538] = CNOT 33 68
[12539] = Z 33
[12540] = CNOT 33 68
[12541] = CNOT 33 78
[12542] = Z 33
[12543] = CNOT 33 78
[12544] = CNOT 33 79
[12545] = Z 33
[12546] = CNOT 33 79
[12547] = CNOT 33 80
[12548] = Z 33
[12549] = CNOT 33 80
[12550] = CNOT 33 82
[12551] = Z 33
[12552] = CNOT 33 82
[12553] = CNOT 33 38
[12554] = CNOT 33 60
[12555] = CNOT 33 68
[12556] = Z 33
[12557] = CNOT 33 68
[12558] = CNOT 33 78
[12559] = Z 33
[12560] = CNOT 33 78
[12561] = CNOT 33 79
[12562] = Z 33
[12563] = CNOT 33 79
[12564] = CNOT 33 80
[12565] = Z 33
[12566] = CNOT 33 80
[12567] = CNOT 33 82
[12568] = Z 33
[12569] = CNOT 33 82
[12570] = CNOT 33 60
[12571] = CNOT 33 68
[12572] = CNOT 33 78
[12573] = Z 33
[12574] = CNOT 33 78
[12575] = CNOT 33 79
[12576] = Z 33
[12577] = CNOT 33 79
[12578] = CNOT 33 80
[12579] = Z 33
[12580] = CNOT 33 80
[12581] = CNOT 33 82
[12582] = Z 33
[12583] = CNOT 33 82
[12584] = CNOT 33 68
[12585] = CNOT 33 78
[12586] = CNOT 33 79
[12587] = Z 33
[12588] = CNOT 33 79
[12589] = CNOT 33 80
[12590] = Z 33
[12591] = CNOT 33 80
[12592] = CNOT 33 82
[12593] = Z 33
[12594] = CNOT 33 82
[12595] = CNOT 33 78
[12596] = CNOT 33 79
[12597] = CNOT 33 80
[12598] = Z 33
[12599] = CNOT 33 80
[12600] = CNOT 33 82
[12601] = Z 33
[12602] = CNOT 33 79
[12603] = CNOT 33 80
[12604] = Z 33
[12605] = CNOT 33 82
[12606] = CNOT 33 80
[12607] = CNOT 35 37
[12608] = CNOT 35 38
[12609] = Z 35
[12610] = CNOT 35 38
[12611] = CNOT 35 78
[12612] = Z 35
[12613] = CNOT 35 78
[12614] = CNOT 35 79
[12615] = Z 35
[12616] = CNOT 35 79
[12617] = CNOT 35 80
[12618] = Z 35
[12619] = CNOT 35 80
[12620] = CNOT 35 82
[12621] = Z 35
[12622] = CNOT 35 82
[12623] = CNOT 35 37
[12624] = CNOT 35 38
[12625] = CNOT 35 78
[12626] = Z 35
[12627] = CNOT 35 78
[12628] = CNOT 35 79
[12629] = Z 35
[12630] = CNOT 35 79
[12631] = CNOT 35 80
[12632] = Z 35
[12633] = CNOT 35 80
[12634] = CNOT 35 82
[12635] = Z 35
[12636] = CNOT 35 82
[12637] = CNOT 35 38
[12638] = CNOT 35 78
[12639] = CNOT 35 79
[12640] = Z 35
[12641] = CNOT 35 79
[12642] = CNOT 35 80
[12643] = Z 35
[12644] = CNOT 35 80
[12645] = CNOT 35 82
[12646] = Z 35
[12647] = CNOT 35 82
[12648] = CNOT 35 78
[12649] = CNOT 35 79
[12650] = CNOT 35 80
[12651] = Z 35
[12652] = CNOT 35 80
[12653] = CNOT 35 82
[12654] = Z 35
[12655] = CNOT 35 79
[12656] = CNOT 35 80
[12657] = Z 35
[12658] = CNOT 35 82
[12659] = CNOT 35 80
[12660] = CNOT 36 37
[12661] = CNOT 36 38
[12662] = Z 36
[12663] = CNOT 36 38
[12664] = CNOT 36 39
[12665] = S 36
[12666] = Z 36
[12667] = CNOT 36 39
[12668] = CNOT 36 41
[12669] = S 36
[12670] = Z 36
[12671] = CNOT 36 41
[12672] = CNOT 36 42
[12673] = S 36
[12674] = CNOT 36 42
[12675] = CNOT 36 43
[12676] = S 36
[12677] = CNOT 36 43
[12678] = CNOT 36 52
[12679] = Z 36
[12680] = CNOT 36 52
[12681] = CNOT 36 78
[12682] = Z 36
[12683] = CNOT 36 78
[12684] = CNOT 36 79
[12685] = Z 36
[12686] = CNOT 36 79
[12687] = CNOT 36 80
[12688] = Z 36
[12689] = CNOT 36 80
[12690] = CNOT 36 81
[12691] = Z 36
[12692] = CNOT 36 81
[12693] = CNOT 36 82
[12694] = Z 36
[12695] = CNOT 36 82
[12696] = CNOT 36 37
[12697] = CNOT 36 38
[12698] = CNOT 36 39
[12699] = S 36
[12700] = Z 36
[12701] = CNOT 36 39
[12702] = CNOT 36 41
[12703] = S 36
[12704] = Z 36
[12705] = CNOT 36 41
[12706] = CNOT 36 42
[12707] = S 36
[12708] = CNOT 36 42
[12709] = CNOT 36 43
[12710] = S 36
[12711] = CNOT 36 43
[12712] = CNOT 36 52
[12713] = Z 36
[12714] = CNOT 36 52
[12715] = CNOT 36 78
[12716] = Z 36
[12717] = CNOT 36 78
[12718] = CNOT 36 79
[12719] = Z 36
[12720] = CNOT 36 79
[12721] = CNOT 36 80
[12722] = Z 36
[12723] = CNOT 36 80
[12724] = CNOT 36 81
[12725] = Z 36
[12726] = CNOT 36 81
[12727] = CNOT 36 82
[12728] = Z 36
[12729] = CNOT 36 82
[12730] = CNOT 36 38
[12731] = CNOT 36 39
[12732] = CNOT 36 42
[12733] = S 36
[12734] = Z 36
[12735] = CNOT 36 42
[12736] = CNOT 36 78
[12737] = S 36
[12738] = Z 36
[12739] = CNOT 36 78
[12740] = CNOT 36 79
[12741] = S 36
[12742] = Z 36
[12743] = CNOT 36 79
[12744] = CNOT 36 80
[12745] = S 36
[12746] = Z 36
[12747] = CNOT 36 80
[12748] = CNOT 36 81
[12749] = S 36
[12750] = Z 36
[12751] = CNOT 36 81
[12752] = CNOT 36 82
[12753] = S 36
[12754] = Z 36
[12755] = CNOT 36 82
[12756] = CNOT 36 39
[12757] = CNOT 36 41
[12758] = CNOT 36 42
[12759] = S 36
[12760] = Z 36
[12761] = CNOT 36 42
[12762] = CNOT 36 78
[12763] = S 36
[12764] = Z 36
[12765] = CNOT 36 78
[12766] = CNOT 36 79
[12767] = S 36
[12768] = Z 36
[12769] = CNOT 36 79
[12770] = CNOT 36 80
[12771] = S 36
[12772] = Z 36
[12773] = CNOT 36 80
[12774] = CNOT 36 81
[12775] = S 36
[12776] = Z 36
[12777] = CNOT 36 81
[12778] = CNOT 36 82
[12779] = S 36
[12780] = Z 36
[12781] = CNOT 36 82
[12782] = CNOT 36 41
[12783] = CNOT 36 42
[12784] = CNOT 36 43
[12785] = S 36
[12786] = Z 36
[12787] = CNOT 36 43
[12788] = CNOT 36 78
[12789] = S 36
[12790] = CNOT 36 78
[12791] = CNOT 36 79
[12792] = S 36
[12793] = CNOT 36 79
[12794] = CNOT 36 80
[12795] = S 36
[12796] = CNOT 36 80
[12797] = CNOT 36 81
[12798] = S 36
[12799] = CNOT 36 81
[12800] = CNOT 36 82
[12801] = S 36
[12802] = CNOT 36 82
[12803] = CNOT 36 42
[12804] = CNOT 36 43
[12805] = CNOT 36 52
[12806] = S 36
[12807] = Z 36
[12808] = CNOT 36 52
[12809] = CNOT 36 78
[12810] = S 36
[12811] = CNOT 36 78
[12812] = CNOT 36 79
[12813] = S 36
[12814] = CNOT 36 79
[12815] = CNOT 36 80
[12816] = S 36
[12817] = CNOT 36 80
[12818] = CNOT 36 81
[12819] = S 36
[12820] = CNOT 36 81
[12821] = CNOT 36 82
[12822] = S 36
[12823] = CNOT 36 82
[12824] = CNOT 36 43
[12825] = CNOT 36 52
[12826] = CNOT 36 78
[12827] = Z 36
[12828] = CNOT 36 78
[12829] = CNOT 36 79
[12830] = Z 36
[12831] = CNOT 36 79
[12832] = CNOT 36 80
[12833] = Z 36
[12834] = CNOT 36 80
[12835] = CNOT 36 81
[12836] = Z 36
[12837] = CNOT 36 81
[12838] = CNOT 36 82
[12839] = Z 36
[12840] = CNOT 36 82
[12841] = CNOT 36 52
[12842] = CNOT 36 78
[12843] = CNOT 36 79
[12844] = Z 36
[12845] = CNOT 36 79
[12846] = CNOT 36 80
[12847] = Z 36
[12848] = CNOT 36 80
[12849] = CNOT 36 81
[12850] = Z 36
[12851] = CNOT 36 81
[12852] = CNOT 36 82
[12853] = Z 36
[12854] = CNOT 36 82
[12855] = CNOT 36 78
[12856] = CNOT 36 79
[12857] = CNOT 36 80
[12858] = Z 36
[12859] = CNOT 36 80
[12860] = CNOT 36 81
[12861] = Z 36
[12862] = CNOT 36 81
[12863] = CNOT 36 82
[12864] = Z 36
[12865] = CNOT 36 82
[12866] = CNOT 36 79
[12867] = CNOT 36 80
[12868] = CNOT 36 81
[12869] = Z 36
[12870] = CNOT 36 81
[12871] = CNOT 36 82
[12872] = Z 36
[12873] = CNOT 36 80
[12874] = CNOT 36 81
[12875] = Z 36
[12876] = CNOT 36 82
[12877] = CNOT 36 81
[12878] = CNOT 37 38
[12879] = CNOT 37 41
[12880] = S 37
[12881] = CNOT 37 41
[12882] = CNOT 37 42
[12883] = Z 37
[12884] = CNOT 37 42
[12885] = CNOT 37 44
[12886] = Z 37
[12887] = CNOT 37 44
[12888] = CNOT 37 45
[12889] = Z 37
[12890] = CNOT 37 45
[12891] = CNOT 37 46
[12892] = Z 37
[12893] = CNOT 37 46
[12894] = CNOT 37 47
[12895] = S 37
[12896] = Z 37
[12897] = CNOT 37 47
[12898] = CNOT 37 49
[12899] = Z 37
[12900] = CNOT 37 49
[12901] = CNOT 37 50
[12902] = Z 37
[12903] = CNOT 37 50
[12904] = CNOT 37 54
[12905] = Z 37
[12906] = CNOT 37 54
[12907] = CNOT 37 55
[12908] = Z 37
[12909] = CNOT 37 55
[12910] = CNOT 37 56
[12911] = S 37
[12912] = CNOT 37 56
[12913] = CNOT 37 58
[12914] = Z 37
[12915] = CNOT 37 58
[12916] = CNOT 37 61
[12917] = Z 37
[12918] = CNOT 37 61
[12919] = CNOT 37 62
[12920] = Z 37
[12921] = CNOT 37 62
[12922] = CNOT 37 63
[12923] = Z 37
[12924] = CNOT 37 63
[12925] = CNOT 37 64
[12926] = S 37
[12927] = CNOT 37 64
[12928] = CNOT 37 66
[12929] = Z 37
[12930] = CNOT 37 66
[12931] = CNOT 37 69
[12932] = Z 37
[12933] = CNOT 37 69
[12934] = CNOT 37 70
[12935] = Z 37
[12936] = CNOT 37 70
[12937] = CNOT 37 71
[12938] = Z 37
[12939] = CNOT 37 71
[12940] = CNOT 37 72
[12941] = S 37
[12942] = CNOT 37 72
[12943] = CNOT 37 74
[12944] = Z 37
[12945] = CNOT 37 74
[12946] = CNOT 37 75
[12947] = S 37
[12948] = Z 37
[12949] = CNOT 37 75
[12950] = CNOT 37 76
[12951] = Z 37
[12952] = CNOT 37 76
[12953] = CNOT 37 77
[12954] = Z 37
[12955] = CNOT 37 77
[12956] = CNOT 37 78
[12957] = Z 37
[12958] = CNOT 37 78
[12959] = CNOT 37 79
[12960] = S 37
[12961] = CNOT 37 79
[12962] = CNOT 37 83
[12963] = Z 37
[12964] = CNOT 37 83
[12965] = CNOT 37 84
[12966] = Z 37
[12967] = CNOT 37 84
[12968] = CNOT 37 85
[12969] = S 37
[12970] = Z 37
[12971] = CNOT 37 85
[12972] = CNOT 37 86
[12973] = Z 37
[12974] = CNOT 37 86
[12975] = CNOT 37 90
[12976] = Z 37
[12977] = CNOT 37 90
[12978] = CNOT 37 91
[12979] = S 37
[12980] = Z 37
[12981] = CNOT 37 91
[12982] = CNOT 37 92
[12983] = Z 37
[12984] = CNOT 37 92
[12985] = CNOT 37 38
[12986] = CNOT 37 39
[12987] = CNOT 37 40
[12988] = Z 37
[12989] = CNOT 37 40
[12990] = CNOT 37 41
[12991] = Z 37
[12992] = CNOT 37 41
[12993] = CNOT 37 46
[12994] = Z 37
[12995] = CNOT 37 46
[12996] = CNOT 37 39
[12997] = CNOT 37 40
[12998] = CNOT 37 41
[12999] = S 37
[13000] = Z 37
[13001] = CNOT 37 41
[13002] = CNOT 37 42
[13003] = Z 37
[13004] = CNOT 37 42
[13005] = CNOT 37 43
[13006] = S 37
[13007] = Z 37
[13008] = CNOT 37 43
[13009] = CNOT 37 44
[13010] = S 37
[13011] = Z 37
[13012] = CNOT 37 44
[13013] = CNOT 37 46
[13014] = S 37
[13015] = Z 37
[13016] = CNOT 37 46
[13017] = CNOT 37 82
[13018] = Z 37
[13019] = CNOT 37 82
[13020] = CNOT 37 40
[13021] = CNOT 37 41
[13022] = CNOT 37 42
[13023] = S 37
[13024] = CNOT 37 42
[13025] = CNOT 37 46
[13026] = S 37
[13027] = Z 37
[13028] = CNOT 37 46
[13029] = CNOT 37 78
[13030] = S 37
[13031] = CNOT 37 78
[13032] = CNOT 37 79
[13033] = S 37
[13034] = CNOT 37 79
[13035] = CNOT 37 80
[13036] = S 37
[13037] = CNOT 37 80
[13038] = CNOT 37 81
[13039] = S 37
[13040] = CNOT 37 81
[13041] = CNOT 37 82
[13042] = S 37
[13043] = CNOT 37 82
[13044] = CNOT 37 41
[13045] = CNOT 37 42
[13046] = CNOT 37 43
[13047] = S 37
[13048] = Z 37
[13049] = CNOT 37 43
[13050] = CNOT 37 45
[13051] = Z 37
[13052] = CNOT 37 45
[13053] = CNOT 37 46
[13054] = Z 37
[13055] = CNOT 37 46
[13056] = CNOT 37 49
[13057] = Z 37
[13058] = CNOT 37 49
[13059] = CNOT 37 61
[13060] = Z 37
[13061] = CNOT 37 61
[13062] = CNOT 37 69
[13063] = Z 37
[13064] = CNOT 37 69
[13065] = CNOT 37 78
[13066] = Z 37
[13067] = CNOT 37 78
[13068] = CNOT 37 79
[13069] = Z 37
[13070] = CNOT 37 79
[13071] = CNOT 37 80
[13072] = Z 37
[13073] = CNOT 37 80
[13074] = CNOT 37 81
[13075] = Z 37
[13076] = CNOT 37 81
[13077] = CNOT 37 82
[13078] = Z 37
[13079] = CNOT 37 82
[13080] = CNOT 37 42
[13081] = CNOT 37 43
[13082] = CNOT 37 44
[13083] = S 37
[13084] = Z 37
[13085] = CNOT 37 44
[13086] = CNOT 37 45
[13087] = Z 37
[13088] = CNOT 37 45
[13089] = CNOT 37 48
[13090] = S 37
[13091] = Z 37
[13092] = CNOT 37 48
[13093] = CNOT 37 49
[13094] = Z 37
[13095] = CNOT 37 49
[13096] = CNOT 37 52
[13097] = Z 37
[13098] = CNOT 37 52
[13099] = CNOT 37 56
[13100] = S 37
[13101] = Z 37
[13102] = CNOT 37 56
[13103] = CNOT 37 60
[13104] = S 37
[13105] = Z 37
[13106] = CNOT 37 60
[13107] = CNOT 37 61
[13108] = Z 37
[13109] = CNOT 37 61
[13110] = CNOT 37 64
[13111] = S 37
[13112] = Z 37
[13113] = CNOT 37 64
[13114] = CNOT 37 68
[13115] = S 37
[13116] = Z 37
[13117] = CNOT 37 68
[13118] = CNOT 37 69
[13119] = Z 37
[13120] = CNOT 37 69
[13121] = CNOT 37 72
[13122] = S 37
[13123] = Z 37
[13124] = CNOT 37 72
[13125] = CNOT 37 76
[13126] = S 37
[13127] = Z 37
[13128] = CNOT 37 76
[13129] = CNOT 37 82
[13130] = Z 37
[13131] = CNOT 37 82
[13132] = CNOT 37 86
[13133] = S 37
[13134] = Z 37
[13135] = CNOT 37 86
[13136] = CNOT 37 92
[13137] = S 37
[13138] = Z 37
[13139] = CNOT 37 92
[13140] = CNOT 37 43
[13141] = CNOT 37 44
[13142] = CNOT 37 78
[13143] = Z 37
[13144] = CNOT 37 78
[13145] = CNOT 37 79
[13146] = Z 37
[13147] = CNOT 37 79
[13148] = CNOT 37 80
[13149] = Z 37
[13150] = CNOT 37 80
[13151] = CNOT 37 81
[13152] = Z 37
[13153] = CNOT 37 81
[13154] = CNOT 37 44
[13155] = CNOT 37 45
[13156] = CNOT 37 49
[13157] = Z 37
[13158] = CNOT 37 49
[13159] = CNOT 37 53
[13160] = Z 37
[13161] = CNOT 37 53
[13162] = CNOT 37 61
[13163] = S 37
[13164] = Z 37
[13165] = CNOT 37 61
[13166] = CNOT 37 69
[13167] = S 37
[13168] = Z 37
[13169] = CNOT 37 69
[13170] = CNOT 37 78
[13171] = Z 37
[13172] = CNOT 37 78
[13173] = CNOT 37 79
[13174] = Z 37
[13175] = CNOT 37 79
[13176] = CNOT 37 80
[13177] = Z 37
[13178] = CNOT 37 80
[13179] = CNOT 37 81
[13180] = Z 37
[13181] = CNOT 37 81
[13182] = CNOT 37 82
[13183] = Z 37
[13184] = CNOT 37 82
[13185] = CNOT 37 45
[13186] = CNOT 37 46
[13187] = CNOT 37 78
[13188] = Z 37
[13189] = CNOT 37 78
[13190] = CNOT 37 79
[13191] = Z 37
[13192] = CNOT 37 79
[13193] = CNOT 37 80
[13194] = Z 37
[13195] = CNOT 37 80
[13196] = CNOT 37 81
[13197] = Z 37
[13198] = CNOT 37 81
[13199] = CNOT 37 82
[13200] = Z 37
[13201] = CNOT 37 82
[13202] = CNOT 37 46
[13203] = CNOT 37 47
[13204] = CNOT 37 80
[13205] = S 37
[13206] = Z 37
[13207] = CNOT 37 80
[13208] = CNOT 37 85
[13209] = S 37
[13210] = Z 37
[13211] = CNOT 37 85
[13212] = CNOT 37 47
[13213] = CNOT 37 48
[13214] = CNOT 37 56
[13215] = S 37
[13216] = Z 37
[13217] = CNOT 37 56
[13218] = CNOT 37 64
[13219] = S 37
[13220] = Z 37
[13221] = CNOT 37 64
[13222] = CNOT 37 72
[13223] = S 37
[13224] = Z 37
[13225] = CNOT 37 72
[13226] = CNOT 37 86
[13227] = Z 37
[13228] = CNOT 37 86
[13229] = CNOT 37 48
[13230] = CNOT 37 49
[13231] = CNOT 37 61
[13232] = Z 37
[13233] = CNOT 37 61
[13234] = CNOT 37 69
[13235] = Z 37
[13236] = CNOT 37 69
[13237] = CNOT 37 78
[13238] = Z 37
[13239] = CNOT 37 78
[13240] = CNOT 37 79
[13241] = Z 37
[13242] = CNOT 37 79
[13243] = CNOT 37 80
[13244] = Z 37
[13245] = CNOT 37 80
[13246] = CNOT 37 81
[13247] = Z 37
[13248] = CNOT 37 81
[13249] = CNOT 37 82
[13250] = Z 37
[13251] = CNOT 37 82
[13252] = CNOT 37 49
[13253] = CNOT 37 50
[13254] = CNOT 37 58
[13255] = Z 37
[13256] = CNOT 37 58
[13257] = CNOT 37 66
[13258] = Z 37
[13259] = CNOT 37 66
[13260] = CNOT 37 74
[13261] = Z 37
[13262] = CNOT 37 74
[13263] = CNOT 37 83
[13264] = Z 37
[13265] = CNOT 37 83
[13266] = CNOT 37 90
[13267] = Z 37
[13268] = CNOT 37 90
[13269] = CNOT 37 50
[13270] = CNOT 37 52
[13271] = CNOT 37 76
[13272] = Z 37
[13273] = CNOT 37 76
[13274] = CNOT 37 81
[13275] = Z 37
[13276] = CNOT 37 81
[13277] = CNOT 37 92
[13278] = Z 37
[13279] = CNOT 37 92
[13280] = CNOT 37 52
[13281] = CNOT 37 53
[13282] = CNOT 37 61
[13283] = Z 37
[13284] = CNOT 37 61
[13285] = CNOT 37 69
[13286] = Z 37
[13287] = CNOT 37 69
[13288] = CNOT 37 53
[13289] = CNOT 37 54
[13290] = CNOT 37 60
[13291] = Z 37
[13292] = CNOT 37 60
[13293] = CNOT 37 62
[13294] = Z 37
[13295] = CNOT 37 62
[13296] = CNOT 37 68
[13297] = Z 37
[13298] = CNOT 37 68
[13299] = CNOT 37 70
[13300] = Z 37
[13301] = CNOT 37 70
[13302] = CNOT 37 77
[13303] = S 37
[13304] = Z 37
[13305] = CNOT 37 77
[13306] = CNOT 37 78
[13307] = Z 37
[13308] = CNOT 37 78
[13309] = CNOT 37 79
[13310] = Z 37
[13311] = CNOT 37 79
[13312] = CNOT 37 80
[13313] = Z 37
[13314] = CNOT 37 80
[13315] = CNOT 37 82
[13316] = Z 37
[13317] = CNOT 37 82
[13318] = CNOT 37 84
[13319] = S 37
[13320] = Z 37
[13321] = CNOT 37 84
[13322] = CNOT 37 54
[13323] = CNOT 37 55
[13324] = CNOT 37 63
[13325] = Z 37
[13326] = CNOT 37 63
[13327] = CNOT 37 71
[13328] = Z 37
[13329] = CNOT 37 71
[13330] = CNOT 37 78
[13331] = S 37
[13332] = Z 37
[13333] = CNOT 37 78
[13334] = CNOT 37 80
[13335] = Z 37
[13336] = CNOT 37 80
[13337] = CNOT 37 83
[13338] = S 37
[13339] = Z 37
[13340] = CNOT 37 83
[13341] = CNOT 37 55
[13342] = CNOT 37 56
[13343] = CNOT 37 64
[13344] = S 37
[13345] = CNOT 37 64
[13346] = CNOT 37 72
[13347] = S 37
[13348] = CNOT 37 72
[13349] = CNOT 37 78
[13350] = S 37
[13351] = CNOT 37 78
[13352] = CNOT 37 79
[13353] = Z 37
[13354] = CNOT 37 79
[13355] = CNOT 37 80
[13356] = S 37
[13357] = CNOT 37 80
[13358] = CNOT 37 82
[13359] = Z 37
[13360] = CNOT 37 82
[13361] = CNOT 37 86
[13362] = S 37
[13363] = Z 37
[13364] = CNOT 37 86
[13365] = CNOT 37 56
[13366] = CNOT 37 58
[13367] = CNOT 37 66
[13368] = Z 37
[13369] = CNOT 37 66
[13370] = CNOT 37 74
[13371] = Z 37
[13372] = CNOT 37 74
[13373] = CNOT 37 83
[13374] = Z 37
[13375] = CNOT 37 83
[13376] = CNOT 37 90
[13377] = Z 37
[13378] = CNOT 37 90
[13379] = CNOT 37 58
[13380] = CNOT 37 59
[13381] = CNOT 37 67
[13382] = S 37
[13383] = Z 37
[13384] = CNOT 37 67
[13385] = CNOT 37 75
[13386] = S 37
[13387] = Z 37
[13388] = CNOT 37 75
[13389] = CNOT 37 83
[13390] = S 37
[13391] = Z 37
[13392] = CNOT 37 83
[13393] = CNOT 37 91
[13394] = S 37
[13395] = Z 37
[13396] = CNOT 37 91
[13397] = CNOT 37 59
[13398] = CNOT 37 60
[13399] = CNOT 37 62
[13400] = Z 37
[13401] = CNOT 37 62
[13402] = CNOT 37 70
[13403] = Z 37
[13404] = CNOT 37 70
[13405] = CNOT 37 77
[13406] = Z 37
[13407] = CNOT 37 77
[13408] = CNOT 37 84
[13409] = Z 37
[13410] = CNOT 37 84
[13411] = CNOT 37 60
[13412] = CNOT 37 61
[13413] = CNOT 37 69
[13414] = Z 37
[13415] = CNOT 37 69
[13416] = CNOT 37 78
[13417] = Z 37
[13418] = CNOT 37 78
[13419] = CNOT 37 79
[13420] = Z 37
[13421] = CNOT 37 79
[13422] = CNOT 37 80
[13423] = Z 37
[13424] = CNOT 37 80
[13425] = CNOT 37 81
[13426] = Z 37
[13427] = CNOT 37 81
[13428] = CNOT 37 82
[13429] = Z 37
[13430] = CNOT 37 82
[13431] = CNOT 37 61
[13432] = CNOT 37 62
[13433] = CNOT 37 68
[13434] = Z 37
[13435] = CNOT 37 68
[13436] = CNOT 37 70
[13437] = Z 37
[13438] = CNOT 37 70
[13439] = CNOT 37 77
[13440] = S 37
[13441] = Z 37
[13442] = CNOT 37 77
[13443] = CNOT 37 78
[13444] = Z 37
[13445] = CNOT 37 78
[13446] = CNOT 37 79
[13447] = Z 37
[13448] = CNOT 37 79
[13449] = CNOT 37 80
[13450] = Z 37
[13451] = CNOT 37 80
[13452] = CNOT 37 82
[13453] = Z 37
[13454] = CNOT 37 82
[13455] = CNOT 37 84
[13456] = S 37
[13457] = Z 37
[13458] = CNOT 37 84
[13459] = CNOT 37 62
[13460] = CNOT 37 63
[13461] = CNOT 37 71
[13462] = Z 37
[13463] = CNOT 37 71
[13464] = CNOT 37 78
[13465] = S 37
[13466] = Z 37
[13467] = CNOT 37 78
[13468] = CNOT 37 80
[13469] = Z 37
[13470] = CNOT 37 80
[13471] = CNOT 37 83
[13472] = S 37
[13473] = Z 37
[13474] = CNOT 37 83
[13475] = CNOT 37 63
[13476] = CNOT 37 64
[13477] = CNOT 37 72
[13478] = S 37
[13479] = CNOT 37 72
[13480] = CNOT 37 78
[13481] = S 37
[13482] = CNOT 37 78
[13483] = CNOT 37 79
[13484] = Z 37
[13485] = CNOT 37 79
[13486] = CNOT 37 80
[13487] = S 37
[13488] = CNOT 37 80
[13489] = CNOT 37 82
[13490] = Z 37
[13491] = CNOT 37 82
[13492] = CNOT 37 86
[13493] = S 37
[13494] = Z 37
[13495] = CNOT 37 86
[13496] = CNOT 37 64
[13497] = CNOT 37 66
[13498] = CNOT 37 74
[13499] = Z 37
[13500] = CNOT 37 74
[13501] = CNOT 37 83
[13502] = Z 37
[13503] = CNOT 37 83
[13504] = CNOT 37 90
[13505] = Z 37
[13506] = CNOT 37 90
[13507] = CNOT 37 66
[13508] = CNOT 37 67
[13509] = CNOT 37 75
[13510] = S 37
[13511] = Z 37
[13512] = CNOT 37 75
[13513] = CNOT 37 83
[13514] = S 37
[13515] = Z 37
[13516] = CNOT 37 83
[13517] = CNOT 37 91
[13518] = S 37
[13519] = Z 37
[13520] = CNOT 37 91
[13521] = CNOT 37 67
[13522] = CNOT 37 68
[13523] = CNOT 37 70
[13524] = Z 37
[13525] = CNOT 37 70
[13526] = CNOT 37 77
[13527] = Z 37
[13528] = CNOT 37 77
[13529] = CNOT 37 84
[13530] = Z 37
[13531] = CNOT 37 84
[13532] = CNOT 37 68
[13533] = CNOT 37 69
[13534] = CNOT 37 78
[13535] = Z 37
[13536] = CNOT 37 78
[13537] = CNOT 37 79
[13538] = Z 37
[13539] = CNOT 37 79
[13540] = CNOT 37 80
[13541] = Z 37
[13542] = CNOT 37 80
[13543] = CNOT 37 81
[13544] = Z 37
[13545] = CNOT 37 81
[13546] = CNOT 37 82
[13547] = Z 37
[13548] = CNOT 37 82
[13549] = CNOT 37 69
[13550] = CNOT 37 70
[13551] = CNOT 37 77
[13552] = S 37
[13553] = Z 37
[13554] = CNOT 37 77
[13555] = CNOT 37 78
[13556] = Z 37
[13557] = CNOT 37 78
[13558] = CNOT 37 79
[13559] = Z 37
[13560] = CNOT 37 79
[13561] = CNOT 37 80
[13562] = Z 37
[13563] = CNOT 37 80
[13564] = CNOT 37 82
[13565] = Z 37
[13566] = CNOT 37 82
[13567] = CNOT 37 84
[13568] = S 37
[13569] = Z 37
[13570] = CNOT 37 84
[13571] = CNOT 37 70
[13572] = CNOT 37 71
[13573] = CNOT 37 78
[13574] = S 37
[13575] = Z 37
[13576] = CNOT 37 78
[13577] = CNOT 37 80
[13578] = Z 37
[13579] = CNOT 37 80
[13580] = CNOT 37 83
[13581] = S 37
[13582] = Z 37
[13583] = CNOT 37 83
[13584] = CNOT 37 71
[13585] = CNOT 37 72
[13586] = CNOT 37 78
[13587] = S 37
[13588] = CNOT 37 78
[13589] = CNOT 37 79
[13590] = Z 37
[13591] = CNOT 37 79
[13592] = CNOT 37 80
[13593] = S 37
[13594] = CNOT 37 80
[13595] = CNOT 37 82
[13596] = Z 37
[13597] = CNOT 37 82
[13598] = CNOT 37 86
[13599] = S 37
[13600] = Z 37
[13601] = CNOT 37 86
[13602] = CNOT 37 72
[13603] = CNOT 37 74
[13604] = CNOT 37 83
[13605] = Z 37
[13606] = CNOT 37 83
[13607] = CNOT 37 90
[13608] = Z 37
[13609] = CNOT 37 90
[13610] = CNOT 37 74
[13611] = CNOT 37 75
[13612] = CNOT 37 80
[13613] = S 37
[13614] = Z 37
[13615] = CNOT 37 80
[13616] = CNOT 37 83
[13617] = Z 37
[13618] = CNOT 37 83
[13619] = CNOT 37 91
[13620] = Z 37
[13621] = CNOT 37 91
[13622] = CNOT 37 75
[13623] = CNOT 37 76
[13624] = CNOT 37 78
[13625] = Z 37
[13626] = CNOT 37 78
[13627] = CNOT 37 79
[13628] = Z 37
[13629] = CNOT 37 79
[13630] = CNOT 37 80
[13631] = Z 37
[13632] = CNOT 37 80
[13633] = CNOT 37 82
[13634] = Z 37
[13635] = CNOT 37 82
[13636] = CNOT 37 92
[13637] = Z 37
[13638] = CNOT 37 92
[13639] = CNOT 37 76
[13640] = CNOT 37 77
[13641] = CNOT 37 78
[13642] = Z 37
[13643] = CNOT 37 78
[13644] = CNOT 37 79
[13645] = Z 37
[13646] = CNOT 37 79
[13647] = CNOT 37 80
[13648] = Z 37
[13649] = CNOT 37 80
[13650] = CNOT 37 82
[13651] = Z 37
[13652] = CNOT 37 82
[13653] = CNOT 37 84
[13654] = S 37
[13655] = Z 37
[13656] = CNOT 37 84
[13657] = CNOT 37 77
[13658] = CNOT 37 78
[13659] = CNOT 37 79
[13660] = S 37
[13661] = CNOT 37 79
[13662] = CNOT 37 80
[13663] = Z 37
[13664] = CNOT 37 80
[13665] = CNOT 37 83
[13666] = S 37
[13667] = Z 37
[13668] = CNOT 37 83
[13669] = CNOT 37 84
[13670] = Z 37
[13671] = CNOT 37 84
[13672] = CNOT 37 86
[13673] = Z 37
[13674] = CNOT 37 86
[13675] = CNOT 37 92
[13676] = Z 37
[13677] = CNOT 37 92
[13678] = CNOT 37 78
[13679] = CNOT 37 79
[13680] = CNOT 37 80
[13681] = S 37
[13682] = CNOT 37 80
[13683] = CNOT 37 82
[13684] = S 37
[13685] = CNOT 37 82
[13686] = CNOT 37 84
[13687] = Z 37
[13688] = CNOT 37 84
[13689] = CNOT 37 86
[13690] = Z 37
[13691] = CNOT 37 86
[13692] = CNOT 37 92
[13693] = Z 37
[13694] = CNOT 37 92
[13695] = CNOT 37 79
[13696] = CNOT 37 80
[13697] = CNOT 37 83
[13698] = Z 37
[13699] = CNOT 37 83
[13700] = CNOT 37 84
[13701] = Z 37
[13702] = CNOT 37 84
[13703] = CNOT 37 85
[13704] = S 37
[13705] = Z 37
[13706] = CNOT 37 85
[13707] = CNOT 37 86
[13708] = Z 37
[13709] = CNOT 37 86
[13710] = CNOT 37 91
[13711] = S 37
[13712] = Z 37
[13713] = CNOT 37 91
[13714] = CNOT 37 92
[13715] = Z 37
[13716] = CNOT 37 92
[13717] = CNOT 37 80
[13718] = CNOT 37 81
[13719] = CNOT 37 82
[13720] = S 37
[13721] = Z 37
[13722] = CNOT 37 81
[13723] = CNOT 37 84
[13724] = Z 37
[13725] = CNOT 37 84
[13726] = CNOT 37 86
[13727] = Z 37
[13728] = CNOT 37 86
[13729] = CNOT 37 92
[13730] = Z 37
[13731] = CNOT 37 92
[13732] = CNOT 37 82
[13733] = CNOT 37 83
[13734] = CNOT 37 90
[13735] = Z 37
[13736] = CNOT 37 90
[13737] = CNOT 37 91
[13738] = Z 37
[13739] = CNOT 37 91
[13740] = CNOT 37 83
[13741] = CNOT 38 39
[13742] = CNOT 38 40
[13743] = Z 38
[13744] = CNOT 38 40
[13745] = CNOT 38 41
[13746] = Z 38
[13747] = CNOT 38 41
[13748] = CNOT 38 46
[13749] = Z 38
[13750] = CNOT 38 46
[13751] = CNOT 38 39
[13752] = CNOT 38 40
[13753] = CNOT 38 41
[13754] = S 38
[13755] = Z 38
[13756] = CNOT 38 41
[13757] = CNOT 38 42
[13758] = Z 38
[13759] = CNOT 38 42
[13760] = CNOT 38 43
[13761] = S 38
[13762] = Z 38
[13763] = CNOT 38 43
[13764] = CNOT 38 44
[13765] = S 38
[13766] = Z 38
[13767] = CNOT 38 44
[13768] = CNOT 38 46
[13769] = S 38
[13770] = Z 38
[13771] = CNOT 38 46
[13772] = CNOT 38 82
[13773] = Z 38
[13774] = CNOT 38 82
[13775] = CNOT 38 40
[13776] = CNOT 38 41
[13777] = CNOT 38 42
[13778] = S 38
[13779] = CNOT 38 42
[13780] = CNOT 38 46
[13781] = S 38
[13782] = Z 38
[13783] = CNOT 38 46
[13784] = CNOT 38 78
[13785] = S 38
[13786] = CNOT 38 78
[13787] = CNOT 38 79
[13788] = S 38
[13789] = CNOT 38 79
[13790] = CNOT 38 80
[13791] = S 38
[13792] = CNOT 38 80
[13793] = CNOT 38 81
[13794] = S 38
[13795] = CNOT 38 81
[13796] = CNOT 38 82
[13797] = S 38
[13798] = CNOT 38 82
[13799] = CNOT 38 41
[13800] = CNOT 38 42
[13801] = CNOT 38 43
[13802] = S 38
[13803] = Z 38
[13804] = CNOT 38 43
[13805] = CNOT 38 45
[13806] = Z 38
[13807] = CNOT 38 45
[13808] = CNOT 38 46
[13809] = Z 38
[13810] = CNOT 38 46
[13811] = CNOT 38 49
[13812] = Z 38
[13813] = CNOT 38 49
[13814] = CNOT 38 61
[13815] = Z 38
[13816] = CNOT 38 61
[13817] = CNOT 38 69
[13818] = Z 38
[13819] = CNOT 38 69
[13820] = CNOT 38 78
[13821] = Z 38
[13822] = CNOT 38 78
[13823] = CNOT 38 79
[13824] = Z 38
[13825] = CNOT 38 79
[13826] = CNOT 38 80
[13827] = Z 38
[13828] = CNOT 38 80
[13829] = CNOT 38 81
[13830] = Z 38
[13831] = CNOT 38 81
[13832] = CNOT 38 82
[13833] = Z 38
[13834] = CNOT 38 82
[13835] = CNOT 38 42
[13836] = CNOT 38 43
[13837] = CNOT 38 44
[13838] = S 38
[13839] = Z 38
[13840] = CNOT 38 44
[13841] = CNOT 38 45
[13842] = Z 38
[13843] = CNOT 38 45
[13844] = CNOT 38 48
[13845] = S 38
[13846] = Z 38
[13847] = CNOT 38 48
[13848] = CNOT 38 49
[13849] = Z 38
[13850] = CNOT 38 49
[13851] = CNOT 38 52
[13852] = Z 38
[13853] = CNOT 38 52
[13854] = CNOT 38 56
[13855] = S 38
[13856] = Z 38
[13857] = CNOT 38 56
[13858] = CNOT 38 60
[13859] = S 38
[13860] = Z 38
[13861] = CNOT 38 60
[13862] = CNOT 38 61
[13863] = Z 38
[13864] = CNOT 38 61
[13865] = CNOT 38 64
[13866] = S 38
[13867] = Z 38
[13868] = CNOT 38 64
[13869] = CNOT 38 68
[13870] = S 38
[13871] = Z 38
[13872] = CNOT 38 68
[13873] = CNOT 38 69
[13874] = Z 38
[13875] = CNOT 38 69
[13876] = CNOT 38 72
[13877] = S 38
[13878] = Z 38
[13879] = CNOT 38 72
[13880] = CNOT 38 76
[13881] = S 38
[13882] = Z 38
[13883] = CNOT 38 76
[13884] = CNOT 38 82
[13885] = Z 38
[13886] = CNOT 38 82
[13887] = CNOT 38 86
[13888] = S 38
[13889] = Z 38
[13890] = CNOT 38 86
[13891] = CNOT 38 92
[13892] = S 38
[13893] = Z 38
[13894] = CNOT 38 92
[13895] = CNOT 38 43
[13896] = CNOT 38 44
[13897] = CNOT 38 78
[13898] = Z 38
[13899] = CNOT 38 78
[13900] = CNOT 38 79
[13901] = Z 38
[13902] = CNOT 38 79
[13903] = CNOT 38 80
[13904] = Z 38
[13905] = CNOT 38 80
[13906] = CNOT 38 81
[13907] = Z 38
[13908] = CNOT 38 81
[13909] = CNOT 38 44
[13910] = CNOT 38 45
[13911] = CNOT 38 49
[13912] = Z 38
[13913] = CNOT 38 49
[13914] = CNOT 38 53
[13915] = Z 38
[13916] = CNOT 38 53
[13917] = CNOT 38 61
[13918] = S 38
[13919] = Z 38
[13920] = CNOT 38 61
[13921] = CNOT 38 69
[13922] = S 38
[13923] = Z 38
[13924] = CNOT 38 69
[13925] = CNOT 38 78
[13926] = Z 38
[13927] = CNOT 38 78
[13928] = CNOT 38 79
[13929] = Z 38
[13930] = CNOT 38 79
[13931] = CNOT 38 80
[13932] = Z 38
[13933] = CNOT 38 80
[13934] = CNOT 38 81
[13935] = Z 38
[13936] = CNOT 38 81
[13937] = CNOT 38 82
[13938] = Z 38
[13939] = CNOT 38 82
[13940] = CNOT 38 45
[13941] = CNOT 38 46
[13942] = CNOT 38 78
[13943] = Z 38
[13944] = CNOT 38 78
[13945] = CNOT 38 79
[13946] = Z 38
[13947] = CNOT 38 79
[13948] = CNOT 38 80
[13949] = Z 38
[13950] = CNOT 38 80
[13951] = CNOT 38 81
[13952] = Z 38
[13953] = CNOT 38 81
[13954] = CNOT 38 82
[13955] = Z 38
[13956] = CNOT 38 82
[13957] = CNOT 38 46
[13958] = CNOT 38 47
[13959] = CNOT 38 55
[13960] = S 38
[13961] = Z 38
[13962] = CNOT 38 55
[13963] = CNOT 38 63
[13964] = S 38
[13965] = Z 38
[13966] = CNOT 38 63
[13967] = CNOT 38 71
[13968] = S 38
[13969] = Z 38
[13970] = CNOT 38 71
[13971] = CNOT 38 80
[13972] = Z 38
[13973] = CNOT 38 80
[13974] = CNOT 38 85
[13975] = Z 38
[13976] = CNOT 38 85
[13977] = CNOT 38 47
[13978] = CNOT 38 48
[13979] = CNOT 38 56
[13980] = S 38
[13981] = Z 38
[13982] = CNOT 38 56
[13983] = CNOT 38 64
[13984] = S 38
[13985] = Z 38
[13986] = CNOT 38 64
[13987] = CNOT 38 72
[13988] = S 38
[13989] = Z 38
[13990] = CNOT 38 72
[13991] = CNOT 38 86
[13992] = Z 38
[13993] = CNOT 38 86
[13994] = CNOT 38 48
[13995] = CNOT 38 49
[13996] = CNOT 38 61
[13997] = Z 38
[13998] = CNOT 38 61
[13999] = CNOT 38 69
[14000] = Z 38
[14001] = CNOT 38 69
[14002] = CNOT 38 78
[14003] = Z 38
[14004] = CNOT 38 78
[14005] = CNOT 38 79
[14006] = Z 38
[14007] = CNOT 38 79
[14008] = CNOT 38 80
[14009] = Z 38
[14010] = CNOT 38 80
[14011] = CNOT 38 81
[14012] = Z 38
[14013] = CNOT 38 81
[14014] = CNOT 38 82
[14015] = Z 38
[14016] = CNOT 38 82
[14017] = CNOT 38 49
[14018] = CNOT 38 50
[14019] = CNOT 38 58
[14020] = Z 38
[14021] = CNOT 38 58
[14022] = CNOT 38 66
[14023] = Z 38
[14024] = CNOT 38 66
[14025] = CNOT 38 74
[14026] = Z 38
[14027] = CNOT 38 74
[14028] = CNOT 38 83
[14029] = Z 38
[14030] = CNOT 38 83
[14031] = CNOT 38 90
[14032] = Z 38
[14033] = CNOT 38 90
[14034] = CNOT 38 50
[14035] = CNOT 38 52
[14036] = CNOT 38 76
[14037] = Z 38
[14038] = CNOT 38 76
[14039] = CNOT 38 81
[14040] = Z 38
[14041] = CNOT 38 81
[14042] = CNOT 38 92
[14043] = Z 38
[14044] = CNOT 38 92
[14045] = CNOT 38 52
[14046] = CNOT 38 53
[14047] = CNOT 38 61
[14048] = Z 38
[14049] = CNOT 38 61
[14050] = CNOT 38 69
[14051] = Z 38
[14052] = CNOT 38 69
[14053] = CNOT 38 53
[14054] = CNOT 38 54
[14055] = CNOT 38 60
[14056] = Z 38
[14057] = CNOT 38 60
[14058] = CNOT 38 62
[14059] = Z 38
[14060] = CNOT 38 62
[14061] = CNOT 38 68
[14062] = Z 38
[14063] = CNOT 38 68
[14064] = CNOT 38 70
[14065] = Z 38
[14066] = CNOT 38 70
[14067] = CNOT 38 77
[14068] = S 38
[14069] = Z 38
[14070] = CNOT 38 77
[14071] = CNOT 38 78
[14072] = Z 38
[14073] = CNOT 38 78
[14074] = CNOT 38 79
[14075] = Z 38
[14076] = CNOT 38 79
[14077] = CNOT 38 80
[14078] = Z 38
[14079] = CNOT 38 80
[14080] = CNOT 38 82
[14081] = Z 38
[14082] = CNOT 38 82
[14083] = CNOT 38 84
[14084] = S 38
[14085] = Z 38
[14086] = CNOT 38 84
[14087] = CNOT 38 54
[14088] = CNOT 38 55
[14089] = CNOT 38 63
[14090] = S 38
[14091] = CNOT 38 63
[14092] = CNOT 38 71
[14093] = S 38
[14094] = CNOT 38 71
[14095] = CNOT 38 78
[14096] = S 38
[14097] = Z 38
[14098] = CNOT 38 78
[14099] = CNOT 38 80
[14100] = S 38
[14101] = CNOT 38 80
[14102] = CNOT 38 83
[14103] = S 38
[14104] = Z 38
[14105] = CNOT 38 83
[14106] = CNOT 38 85
[14107] = S 38
[14108] = Z 38
[14109] = CNOT 38 85
[14110] = CNOT 38 55
[14111] = CNOT 38 56
[14112] = CNOT 38 64
[14113] = S 38
[14114] = CNOT 38 64
[14115] = CNOT 38 72
[14116] = S 38
[14117] = CNOT 38 72
[14118] = CNOT 38 78
[14119] = S 38
[14120] = CNOT 38 78
[14121] = CNOT 38 79
[14122] = Z 38
[14123] = CNOT 38 79
[14124] = CNOT 38 80
[14125] = S 38
[14126] = CNOT 38 80
[14127] = CNOT 38 82
[14128] = Z 38
[14129] = CNOT 38 82
[14130] = CNOT 38 86
[14131] = S 38
[14132] = Z 38
[14133] = CNOT 38 86
[14134] = CNOT 38 56
[14135] = CNOT 38 58
[14136] = CNOT 38 66
[14137] = Z 38
[14138] = CNOT 38 66
[14139] = CNOT 38 74
[14140] = Z 38
[14141] = CNOT 38 74
[14142] = CNOT 38 83
[14143] = Z 38
[14144] = CNOT 38 83
[14145] = CNOT 38 90
[14146] = Z 38
[14147] = CNOT 38 90
[14148] = CNOT 38 58
[14149] = CNOT 38 60
[14150] = CNOT 38 62
[14151] = Z 38
[14152] = CNOT 38 62
[14153] = CNOT 38 70
[14154] = Z 38
[14155] = CNOT 38 70
[14156] = CNOT 38 77
[14157] = Z 38
[14158] = CNOT 38 77
[14159] = CNOT 38 84
[14160] = Z 38
[14161] = CNOT 38 84
[14162] = CNOT 38 60
[14163] = CNOT 38 61
[14164] = CNOT 38 69
[14165] = Z 38
[14166] = CNOT 38 69
[14167] = CNOT 38 78
[14168] = Z 38
[14169] = CNOT 38 78
[14170] = CNOT 38 79
[14171] = Z 38
[14172] = CNOT 38 79
[14173] = CNOT 38 80
[14174] = Z 38
[14175] = CNOT 38 80
[14176] = CNOT 38 81
[14177] = Z 38
[14178] = CNOT 38 81
[14179] = CNOT 38 82
[14180] = Z 38
[14181] = CNOT 38 82
[14182] = CNOT 38 61
[14183] = CNOT 38 62
[14184] = CNOT 38 68
[14185] = Z 38
[14186] = CNOT 38 68
[14187] = CNOT 38 70
[14188] = Z 38
[14189] = CNOT 38 70
[14190] = CNOT 38 77
[14191] = S 38
[14192] = Z 38
[14193] = CNOT 38 77
[14194] = CNOT 38 78
[14195] = Z 38
[14196] = CNOT 38 78
[14197] = CNOT 38 79
[14198] = Z 38
[14199] = CNOT 38 79
[14200] = CNOT 38 80
[14201] = Z 38
[14202] = CNOT 38 80
[14203] = CNOT 38 82
[14204] = Z 38
[14205] = CNOT 38 82
[14206] = CNOT 38 84
[14207] = S 38
[14208] = Z 38
[14209] = CNOT 38 84
[14210] = CNOT 38 62
[14211] = CNOT 38 63
[14212] = CNOT 38 71
[14213] = S 38
[14214] = CNOT 38 71
[14215] = CNOT 38 78
[14216] = S 38
[14217] = Z 38
[14218] = CNOT 38 78
[14219] = CNOT 38 80
[14220] = S 38
[14221] = CNOT 38 80
[14222] = CNOT 38 83
[14223] = S 38
[14224] = Z 38
[14225] = CNOT 38 83
[14226] = CNOT 38 85
[14227] = S 38
[14228] = Z 38
[14229] = CNOT 38 85
[14230] = CNOT 38 63
[14231] = CNOT 38 64
[14232] = CNOT 38 72
[14233] = S 38
[14234] = CNOT 38 72
[14235] = CNOT 38 78
[14236] = S 38
[14237] = CNOT 38 78
[14238] = CNOT 38 79
[14239] = Z 38
[14240] = CNOT 38 79
[14241] = CNOT 38 80
[14242] = S 38
[14243] = CNOT 38 80
[14244] = CNOT 38 82
[14245] = Z 38
[14246] = CNOT 38 82
[14247] = CNOT 38 86
[14248] = S 38
[14249] = Z 38
[14250] = CNOT 38 86
[14251] = CNOT 38 64
[14252] = CNOT 38 66
[14253] = CNOT 38 74
[14254] = Z 38
[14255] = CNOT 38 74
[14256] = CNOT 38 83
[14257] = Z 38
[14258] = CNOT 38 83
[14259] = CNOT 38 90
[14260] = Z 38
[14261] = CNOT 38 90
[14262] = CNOT 38 66
[14263] = CNOT 38 68
[14264] = CNOT 38 70
[14265] = Z 38
[14266] = CNOT 38 70
[14267] = CNOT 38 77
[14268] = Z 38
[14269] = CNOT 38 77
[14270] = CNOT 38 84
[14271] = Z 38
[14272] = CNOT 38 84
[14273] = CNOT 38 68
[14274] = CNOT 38 69
[14275] = CNOT 38 78
[14276] = Z 38
[14277] = CNOT 38 78
[14278] = CNOT 38 79
[14279] = Z 38
[14280] = CNOT 38 79
[14281] = CNOT 38 80
[14282] = Z 38
[14283] = CNOT 38 80
[14284] = CNOT 38 81
[14285] = Z 38
[14286] = CNOT 38 81
[14287] = CNOT 38 82
[14288] = Z 38
[14289] = CNOT 38 82
[14290] = CNOT 38 69
[14291] = CNOT 38 70
[14292] = CNOT 38 77
[14293] = S 38
[14294] = Z 38
[14295] = CNOT 38 77
[14296] = CNOT 38 78
[14297] = Z 38
[14298] = CNOT 38 78
[14299] = CNOT 38 79
[14300] = Z 38
[14301] = CNOT 38 79
[14302] = CNOT 38 80
[14303] = Z 38
[14304] = CNOT 38 80
[14305] = CNOT 38 82
[14306] = Z 38
[14307] = CNOT 38 82
[14308] = CNOT 38 84
[14309] = S 38
[14310] = Z 38
[14311] = CNOT 38 84
[14312] = CNOT 38 70
[14313] = CNOT 38 71
[14314] = CNOT 38 78
[14315] = S 38
[14316] = Z 38
[14317] = CNOT 38 78
[14318] = CNOT 38 80
[14319] = S 38
[14320] = CNOT 38 80
[14321] = CNOT 38 83
[14322] = S 38
[14323] = Z 38
[14324] = CNOT 38 83
[14325] = CNOT 38 85
[14326] = S 38
[14327] = Z 38
[14328] = CNOT 38 85
[14329] = CNOT 38 71
[14330] = CNOT 38 72
[14331] = CNOT 38 78
[14332] = S 38
[14333] = CNOT 38 78
[14334] = CNOT 38 79
[14335] = Z 38
[14336] = CNOT 38 79
[14337] = CNOT 38 80
[14338] = S 38
[14339] = CNOT 38 80
[14340] = CNOT 38 82
[14341] = Z 38
[14342] = CNOT 38 82
[14343] = CNOT 38 86
[14344] = S 38
[14345] = Z 38
[14346] = CNOT 38 86
[14347] = CNOT 38 72
[14348] = CNOT 38 74
[14349] = CNOT 38 83
[14350] = Z 38
[14351] = CNOT 38 83
[14352] = CNOT 38 90
[14353] = Z 38
[14354] = CNOT 38 90
[14355] = CNOT 38 74
[14356] = CNOT 38 75
[14357] = CNOT 38 80
[14358] = Z 38
[14359] = CNOT 38 80
[14360] = CNOT 38 83
[14361] = Z 38
[14362] = CNOT 38 83
[14363] = CNOT 38 91
[14364] = Z 38
[14365] = CNOT 38 91
[14366] = CNOT 38 75
[14367] = CNOT 38 76
[14368] = CNOT 38 78
[14369] = Z 38
[14370] = CNOT 38 78
[14371] = CNOT 38 79
[14372] = Z 38
[14373] = CNOT 38 79
[14374] = CNOT 38 80
[14375] = Z 38
[14376] = CNOT 38 80
[14377] = CNOT 38 82
[14378] = Z 38
[14379] = CNOT 38 82
[14380] = CNOT 38 92
[14381] = Z 38
[14382] = CNOT 38 92
[14383] = CNOT 38 76
[14384] = CNOT 38 77
[14385] = CNOT 38 78
[14386] = Z 38
[14387] = CNOT 38 78
[14388] = CNOT 38 79
[14389] = Z 38
[14390] = CNOT 38 79
[14391] = CNOT 38 80
[14392] = Z 38
[14393] = CNOT 38 80
[14394] = CNOT 38 82
[14395] = Z 38
[14396] = CNOT 38 82
[14397] = CNOT 38 84
[14398] = S 38
[14399] = Z 38
[14400] = CNOT 38 84
[14401] = CNOT 38 77
[14402] = CNOT 38 78
[14403] = CNOT 38 79
[14404] = S 38
[14405] = CNOT 38 79
[14406] = CNOT 38 80
[14407] = Z 38
[14408] = CNOT 38 80
[14409] = CNOT 38 83
[14410] = S 38
[14411] = Z 38
[14412] = CNOT 38 83
[14413] = CNOT 38 84
[14414] = Z 38
[14415] = CNOT 38 84
[14416] = CNOT 38 86
[14417] = Z 38
[14418] = CNOT 38 86
[14419] = CNOT 38 92
[14420] = Z 38
[14421] = CNOT 38 92
[14422] = CNOT 38 78
[14423] = CNOT 38 79
[14424] = CNOT 38 80
[14425] = S 38
[14426] = CNOT 38 80
[14427] = CNOT 38 82
[14428] = S 38
[14429] = CNOT 38 82
[14430] = CNOT 38 84
[14431] = Z 38
[14432] = CNOT 38 84
[14433] = CNOT 38 86
[14434] = Z 38
[14435] = CNOT 38 86
[14436] = CNOT 38 92
[14437] = Z 38
[14438] = CNOT 38 92
[14439] = CNOT 38 79
[14440] = CNOT 38 80
[14441] = CNOT 38 84
[14442] = Z 38
[14443] = CNOT 38 84
[14444] = CNOT 38 85
[14445] = Z 38
[14446] = CNOT 38 85
[14447] = CNOT 38 86
[14448] = Z 38
[14449] = CNOT 38 86
[14450] = CNOT 38 91
[14451] = Z 38
[14452] = CNOT 38 91
[14453] = CNOT 38 92
[14454] = Z 38
[14455] = CNOT 38 92
[14456] = CNOT 38 80
[14457] = CNOT 38 81
[14458] = CNOT 38 82
[14459] = S 38
[14460] = Z 38
[14461] = CNOT 38 81
[14462] = CNOT 38 84
[14463] = Z 38
[14464] = CNOT 38 84
[14465] = CNOT 38 86
[14466] = Z 38
[14467] = CNOT 38 86
[14468] = CNOT 38 92
[14469] = Z 38
[14470] = CNOT 38 92
[14471] = CNOT 38 82
[14472] = CNOT 38 83
[14473] = CNOT 38 90
[14474] = Z 38
[14475] = CNOT 38 90
[14476] = CNOT 38 91
[14477] = Z 38
[14478] = CNOT 38 91
[14479] = CNOT 38 83
[14480] = CNOT 39 40
[14481] = CNOT 39 41
[14482] = S 39
[14483] = Z 39
[14484] = CNOT 39 41
[14485] = CNOT 39 42
[14486] = Z 39
[14487] = CNOT 39 42
[14488] = CNOT 39 46
[14489] = S 39
[14490] = Z 39
[14491] = CNOT 39 46
[14492] = CNOT 39 78
[14493] = Z 39
[14494] = CNOT 39 78
[14495] = CNOT 39 79
[14496] = Z 39
[14497] = CNOT 39 79
[14498] = CNOT 39 80
[14499] = Z 39
[14500] = CNOT 39 80
[14501] = CNOT 39 81
[14502] = Z 39
[14503] = CNOT 39 81
[14504] = CNOT 39 82
[14505] = Z 39
[14506] = CNOT 39 82
[14507] = CNOT 39 40
[14508] = CNOT 39 41
[14509] = CNOT 39 42
[14510] = Z 39
[14511] = CNOT 39 42
[14512] = CNOT 39 46
[14513] = S 39
[14514] = Z 39
[14515] = CNOT 39 46
[14516] = CNOT 39 78
[14517] = Z 39
[14518] = CNOT 39 78
[14519] = CNOT 39 79
[14520] = Z 39
[14521] = CNOT 39 79
[14522] = CNOT 39 80
[14523] = Z 39
[14524] = CNOT 39 80
[14525] = CNOT 39 81
[14526] = Z 39
[14527] = CNOT 39 81
[14528] = CNOT 39 82
[14529] = Z 39
[14530] = CNOT 39 82
[14531] = CNOT 39 41
[14532] = CNOT 39 42
[14533] = CNOT 39 46
[14534] = Z 39
[14535] = CNOT 39 42
[14536] = CNOT 39 78
[14537] = Z 39
[14538] = CNOT 39 78
[14539] = CNOT 39 79
[14540] = Z 39
[14541] = CNOT 39 79
[14542] = CNOT 39 80
[14543] = Z 39
[14544] = CNOT 39 80
[14545] = CNOT 39 81
[14546] = Z 39
[14547] = CNOT 39 81
[14548] = CNOT 39 82
[14549] = Z 39
[14550] = CNOT 39 82
[14551] = CNOT 39 46
[14552] = CNOT 40 41
[14553] = CNOT 40 42
[14554] = S 40
[14555] = Z 40
[14556] = CNOT 40 42
[14557] = CNOT 40 78
[14558] = S 40
[14559] = Z 40
[14560] = CNOT 40 78
[14561] = CNOT 40 79
[14562] = S 40
[14563] = Z 40
[14564] = CNOT 40 79
[14565] = CNOT 40 80
[14566] = S 40
[14567] = Z 40
[14568] = CNOT 40 80
[14569] = CNOT 40 81
[14570] = S 40
[14571] = Z 40
[14572] = CNOT 40 81
[14573] = CNOT 40 82
[14574] = S 40
[14575] = Z 40
[14576] = CNOT 40 82
[14577] = CNOT 40 41
[14578] = CNOT 40 42
[14579] = CNOT 40 46
[14580] = S 40
[14581] = Z 40
[14582] = CNOT 40 46
[14583] = CNOT 40 78
[14584] = Z 40
[14585] = CNOT 40 78
[14586] = CNOT 40 79
[14587] = Z 40
[14588] = CNOT 40 79
[14589] = CNOT 40 80
[14590] = Z 40
[14591] = CNOT 40 80
[14592] = CNOT 40 81
[14593] = Z 40
[14594] = CNOT 40 81
[14595] = CNOT 40 82
[14596] = Z 40
[14597] = CNOT 40 82
[14598] = CNOT 40 42
[14599] = CNOT 40 43
[14600] = CNOT 40 78
[14601] = S 40
[14602] = Z 40
[14603] = CNOT 40 78
[14604] = CNOT 40 79
[14605] = S 40
[14606] = Z 40
[14607] = CNOT 40 79
[14608] = CNOT 40 80
[14609] = S 40
[14610] = Z 40
[14611] = CNOT 40 80
[14612] = CNOT 40 81
[14613] = S 40
[14614] = Z 40
[14615] = CNOT 40 81
[14616] = CNOT 40 43
[14617] = CNOT 40 44
[14618] = CNOT 40 78
[14619] = S 40
[14620] = Z 40
[14621] = CNOT 40 78
[14622] = CNOT 40 79
[14623] = S 40
[14624] = Z 40
[14625] = CNOT 40 79
[14626] = CNOT 40 80
[14627] = S 40
[14628] = Z 40
[14629] = CNOT 40 80
[14630] = CNOT 40 81
[14631] = S 40
[14632] = Z 40
[14633] = CNOT 40 81
[14634] = CNOT 40 44
[14635] = CNOT 40 46
[14636] = CNOT 40 78
[14637] = S 40
[14638] = Z 40
[14639] = CNOT 40 78
[14640] = CNOT 40 79
[14641] = S 40
[14642] = Z 40
[14643] = CNOT 40 79
[14644] = CNOT 40 80
[14645] = S 40
[14646] = Z 40
[14647] = CNOT 40 80
[14648] = CNOT 40 81
[14649] = S 40
[14650] = Z 40
[14651] = CNOT 40 81
[14652] = CNOT 40 82
[14653] = S 40
[14654] = Z 40
[14655] = CNOT 40 46
[14656] = CNOT 40 78
[14657] = Z 40
[14658] = CNOT 40 78
[14659] = CNOT 40 79
[14660] = Z 40
[14661] = CNOT 40 79
[14662] = CNOT 40 80
[14663] = Z 40
[14664] = CNOT 40 80
[14665] = CNOT 40 81
[14666] = Z 40
[14667] = CNOT 40 82
[14668] = CNOT 40 81
[14669] = CNOT 41 42
[14670] = CNOT 41 46
[14671] = S 41
[14672] = Z 41
[14673] = CNOT 41 46
[14674] = CNOT 41 78
[14675] = S 41
[14676] = CNOT 41 78
[14677] = CNOT 41 79
[14678] = S 41
[14679] = CNOT 41 79
[14680] = CNOT 41 80
[14681] = S 41
[14682] = CNOT 41 80
[14683] = CNOT 41 81
[14684] = S 41
[14685] = CNOT 41 81
[14686] = CNOT 41 82
[14687] = S 41
[14688] = CNOT 41 82
[14689] = CNOT 41 42
[14690] = CNOT 41 46
[14691] = CNOT 41 78
[14692] = S 41
[14693] = Z 41
[14694] = CNOT 41 78
[14695] = CNOT 41 79
[14696] = S 41
[14697] = Z 41
[14698] = CNOT 41 79
[14699] = CNOT 41 80
[14700] = S 41
[14701] = Z 41
[14702] = CNOT 41 80
[14703] = CNOT 41 81
[14704] = S 41
[14705] = Z 41
[14706] = CNOT 41 81
[14707] = CNOT 41 82
[14708] = S 41
[14709] = Z 41
[14710] = CNOT 41 82
[14711] = CNOT 41 46
[14712] = CNOT 41 78
[14713] = CNOT 41 79
[14714] = S 41
[14715] = CNOT 41 79
[14716] = CNOT 41 80
[14717] = S 41
[14718] = CNOT 41 80
[14719] = CNOT 41 81
[14720] = S 41
[14721] = CNOT 41 81
[14722] = CNOT 41 82
[14723] = S 41
[14724] = CNOT 41 82
[14725] = CNOT 41 78
[14726] = CNOT 41 79
[14727] = CNOT 41 80
[14728] = S 41
[14729] = CNOT 41 80
[14730] = CNOT 41 81
[14731] = S 41
[14732] = CNOT 41 81
[14733] = CNOT 41 82
[14734] = S 41
[14735] = CNOT 41 82
[14736] = CNOT 41 79
[14737] = CNOT 41 80
[14738] = CNOT 41 81
[14739] = S 41
[14740] = CNOT 41 81
[14741] = CNOT 41 82
[14742] = S 41
[14743] = CNOT 41 80
[14744] = CNOT 41 81
[14745] = S 41
[14746] = CNOT 41 82
[14747] = CNOT 41 81
[14748] = CNOT 42 43
[14749] = CNOT 42 45
[14750] = Z 42
[14751] = CNOT 42 45
[14752] = CNOT 42 49
[14753] = Z 42
[14754] = CNOT 42 49
[14755] = CNOT 42 61
[14756] = Z 42
[14757] = CNOT 42 61
[14758] = CNOT 42 69
[14759] = Z 42
[14760] = CNOT 42 69
[14761] = CNOT 42 78
[14762] = S 42
[14763] = Z 42
[14764] = CNOT 42 78
[14765] = CNOT 42 79
[14766] = S 42
[14767] = Z 42
[14768] = CNOT 42 79
[14769] = CNOT 42 80
[14770] = S 42
[14771] = Z 42
[14772] = CNOT 42 80
[14773] = CNOT 42 81
[14774] = S 42
[14775] = Z 42
[14776] = CNOT 42 81
[14777] = CNOT 42 82
[14778] = S 42
[14779] = Z 42
[14780] = CNOT 42 82
[14781] = CNOT 42 43
[14782] = CNOT 42 45
[14783] = CNOT 42 49
[14784] = Z 42
[14785] = CNOT 42 49
[14786] = CNOT 42 53
[14787] = Z 42
[14788] = CNOT 42 53
[14789] = CNOT 42 61
[14790] = S 42
[14791] = Z 42
[14792] = CNOT 42 61
[14793] = CNOT 42 69
[14794] = S 42
[14795] = Z 42
[14796] = CNOT 42 69
[14797] = CNOT 42 78
[14798] = Z 42
[14799] = CNOT 42 78
[14800] = CNOT 42 79
[14801] = Z 42
[14802] = CNOT 42 79
[14803] = CNOT 42 80
[14804] = Z 42
[14805] = CNOT 42 80
[14806] = CNOT 42 81
[14807] = Z 42
[14808] = CNOT 42 81
[14809] = CNOT 42 82
[14810] = Z 42
[14811] = CNOT 42 82
[14812] = CNOT 42 45
[14813] = CNOT 42 46
[14814] = CNOT 42 78
[14815] = Z 42
[14816] = CNOT 42 78
[14817] = CNOT 42 79
[14818] = Z 42
[14819] = CNOT 42 79
[14820] = CNOT 42 80
[14821] = Z 42
[14822] = CNOT 42 80
[14823] = CNOT 42 81
[14824] = Z 42
[14825] = CNOT 42 81
[14826] = CNOT 42 82
[14827] = Z 42
[14828] = CNOT 42 82
[14829] = CNOT 42 46
[14830] = CNOT 42 49
[14831] = CNOT 42 61
[14832] = Z 42
[14833] = CNOT 42 61
[14834] = CNOT 42 69
[14835] = Z 42
[14836] = CNOT 42 69
[14837] = CNOT 42 78
[14838] = Z 42
[14839] = CNOT 42 78
[14840] = CNOT 42 79
[14841] = Z 42
[14842] = CNOT 42 79
[14843] = CNOT 42 80
[14844] = Z 42
[14845] = CNOT 42 80
[14846] = CNOT 42 81
[14847] = Z 42
[14848] = CNOT 42 81
[14849] = CNOT 42 82
[14850] = Z 42
[14851] = CNOT 42 82
[14852] = CNOT 42 49
[14853] = CNOT 42 53
[14854] = CNOT 42 61
[14855] = Z 42
[14856] = CNOT 42 61
[14857] = CNOT 42 69
[14858] = Z 42
[14859] = CNOT 42 53
[14860] = CNOT 42 61
[14861] = Z 42
[14862] = CNOT 42 69
[14863] = CNOT 42 78
[14864] = Z 42
[14865] = CNOT 42 78
[14866] = CNOT 42 79
[14867] = Z 42
[14868] = CNOT 42 79
[14869] = CNOT 42 80
[14870] = Z 42
[14871] = CNOT 42 80
[14872] = CNOT 42 81
[14873] = Z 42
[14874] = CNOT 42 81
[14875] = CNOT 42 82
[14876] = Z 42
[14877] = CNOT 42 82
[14878] = CNOT 42 61
[14879] = CNOT 42 69
[14880] = CNOT 42 78
[14881] = Z 42
[14882] = CNOT 42 78
[14883] = CNOT 42 79
[14884] = Z 42
[14885] = CNOT 42 79
[14886] = CNOT 42 80
[14887] = Z 42
[14888] = CNOT 42 80
[14889] = CNOT 42 81
[14890] = Z 42
[14891] = CNOT 42 81
[14892] = CNOT 42 82
[14893] = Z 42
[14894] = CNOT 42 82
[14895] = CNOT 42 69
[14896] = CNOT 42 78
[14897] = CNOT 42 79
[14898] = Z 42
[14899] = CNOT 42 79
[14900] = CNOT 42 80
[14901] = Z 42
[14902] = CNOT 42 80
[14903] = CNOT 42 81
[14904] = Z 42
[14905] = CNOT 42 81
[14906] = CNOT 42 82
[14907] = Z 42
[14908] = CNOT 42 82
[14909] = CNOT 42 78
[14910] = CNOT 42 79
[14911] = CNOT 42 80
[14912] = Z 42
[14913] = CNOT 42 80
[14914] = CNOT 42 81
[14915] = Z 42
[14916] = CNOT 42 81
[14917] = CNOT 42 82
[14918] = Z 42
[14919] = CNOT 42 82
[14920] = CNOT 42 79
[14921] = CNOT 42 80
[14922] = CNOT 42 81
[14923] = Z 42
[14924] = CNOT 42 81
[14925] = CNOT 42 82
[14926] = Z 42
[14927] = CNOT 42 80
[14928] = CNOT 42 81
[14929] = Z 42
[14930] = CNOT 42 82
[14931] = CNOT 42 81
[14932] = CNOT 43 44
[14933] = CNOT 43 78
[14934] = S 43
[14935] = Z 43
[14936] = CNOT 43 78
[14937] = CNOT 43 79
[14938] = S 43
[14939] = Z 43
[14940] = CNOT 43 79
[14941] = CNOT 43 80
[14942] = S 43
[14943] = Z 43
[14944] = CNOT 43 80
[14945] = CNOT 43 81
[14946] = S 43
[14947] = Z 43
[14948] = CNOT 43 81
[14949] = CNOT 43 44
[14950] = CNOT 43 45
[14951] = CNOT 43 49
[14952] = Z 43
[14953] = CNOT 43 49
[14954] = CNOT 43 53
[14955] = Z 43
[14956] = CNOT 43 53
[14957] = CNOT 43 61
[14958] = S 43
[14959] = Z 43
[14960] = CNOT 43 61
[14961] = CNOT 43 69
[14962] = S 43
[14963] = Z 43
[14964] = CNOT 43 69
[14965] = CNOT 43 78
[14966] = Z 43
[14967] = CNOT 43 78
[14968] = CNOT 43 79
[14969] = Z 43
[14970] = CNOT 43 79
[14971] = CNOT 43 80
[14972] = Z 43
[14973] = CNOT 43 80
[14974] = CNOT 43 81
[14975] = Z 43
[14976] = CNOT 43 81
[14977] = CNOT 43 82
[14978] = Z 43
[14979] = CNOT 43 82
[14980] = CNOT 43 45
[14981] = CNOT 43 48
[14982] = CNOT 43 78
[14983] = S 43
[14984] = Z 43
[14985] = CNOT 43 78
[14986] = CNOT 43 79
[14987] = S 43
[14988] = Z 43
[14989] = CNOT 43 79
[14990] = CNOT 43 80
[14991] = S 43
[14992] = Z 43
[14993] = CNOT 43 80
[14994] = CNOT 43 82
[14995] = S 43
[14996] = Z 43
[14997] = CNOT 43 82
[14998] = CNOT 43 86
[14999] = S 43
[15000] = Z 43
[15001] = CNOT 43 86
[15002] = CNOT 43 48
[15003] = CNOT 43 49
[15004] = CNOT 43 61
[15005] = Z 43
[15006] = CNOT 43 61
[15007] = CNOT 43 69
[15008] = Z 43
[15009] = CNOT 43 69
[15010] = CNOT 43 78
[15011] = Z 43
[15012] = CNOT 43 78
[15013] = CNOT 43 79
[15014] = Z 43
[15015] = CNOT 43 79
[15016] = CNOT 43 80
[15017] = Z 43
[15018] = CNOT 43 80
[15019] = CNOT 43 81
[15020] = Z 43
[15021] = CNOT 43 81
[15022] = CNOT 43 82
[15023] = Z 43
[15024] = CNOT 43 82
[15025] = CNOT 43 49
[15026] = CNOT 43 52
[15027] = CNOT 43 76
[15028] = S 43
[15029] = Z 43
[15030] = CNOT 43 76
[15031] = CNOT 43 78
[15032] = Z 43
[15033] = CNOT 43 78
[15034] = CNOT 43 79
[15035] = Z 43
[15036] = CNOT 43 79
[15037] = CNOT 43 80
[15038] = Z 43
[15039] = CNOT 43 80
[15040] = CNOT 43 81
[15041] = S 43
[15042] = Z 43
[15043] = CNOT 43 81
[15044] = CNOT 43 82
[15045] = Z 43
[15046] = CNOT 43 82
[15047] = CNOT 43 92
[15048] = S 43
[15049] = Z 43
[15050] = CNOT 43 92
[15051] = CNOT 43 52
[15052] = CNOT 43 53
[15053] = CNOT 43 61
[15054] = Z 43
[15055] = CNOT 43 61
[15056] = CNOT 43 69
[15057] = Z 43
[15058] = CNOT 43 69
[15059] = CNOT 43 53
[15060] = CNOT 43 56
[15061] = CNOT 43 64
[15062] = S 43
[15063] = Z 43
[15064] = CNOT 43 64
[15065] = CNOT 43 72
[15066] = S 43
[15067] = Z 43
[15068] = CNOT 43 72
[15069] = CNOT 43 78
[15070] = S 43
[15071] = Z 43
[15072] = CNOT 43 78
[15073] = CNOT 43 79
[15074] = S 43
[15075] = Z 43
[15076] = CNOT 43 79
[15077] = CNOT 43 80
[15078] = S 43
[15079] = Z 43
[15080] = CNOT 43 80
[15081] = CNOT 43 82
[15082] = S 43
[15083] = Z 43
[15084] = CNOT 43 82
[15085] = CNOT 43 56
[15086] = CNOT 43 60
[15087] = CNOT 43 68
[15088] = S 43
[15089] = Z 43
[15090] = CNOT 43 68
[15091] = CNOT 43 78
[15092] = S 43
[15093] = Z 43
[15094] = CNOT 43 78
[15095] = CNOT 43 79
[15096] = S 43
[15097] = Z 43
[15098] = CNOT 43 79
[15099] = CNOT 43 80
[15100] = S 43
[15101] = Z 43
[15102] = CNOT 43 80
[15103] = CNOT 43 82
[15104] = S 43
[15105] = Z 43
[15106] = CNOT 43 82
[15107] = CNOT 43 60
[15108] = CNOT 43 61
[15109] = CNOT 43 69
[15110] = Z 43
[15111] = CNOT 43 69
[15112] = CNOT 43 78
[15113] = Z 43
[15114] = CNOT 43 78
[15115] = CNOT 43 79
[15116] = Z 43
[15117] = CNOT 43 79
[15118] = CNOT 43 80
[15119] = Z 43
[15120] = CNOT 43 80
[15121] = CNOT 43 81
[15122] = Z 43
[15123] = CNOT 43 81
[15124] = CNOT 43 82
[15125] = Z 43
[15126] = CNOT 43 82
[15127] = CNOT 43 61
[15128] = CNOT 43 64
[15129] = CNOT 43 72
[15130] = S 43
[15131] = Z 43
[15132] = CNOT 43 72
[15133] = CNOT 43 78
[15134] = S 43
[15135] = Z 43
[15136] = CNOT 43 78
[15137] = CNOT 43 79
[15138] = S 43
[15139] = Z 43
[15140] = CNOT 43 79
[15141] = CNOT 43 80
[15142] = S 43
[15143] = Z 43
[15144] = CNOT 43 80
[15145] = CNOT 43 82
[15146] = S 43
[15147] = Z 43
[15148] = CNOT 43 82
[15149] = CNOT 43 64
[15150] = CNOT 43 68
[15151] = CNOT 43 78
[15152] = S 43
[15153] = Z 43
[15154] = CNOT 43 78
[15155] = CNOT 43 79
[15156] = S 43
[15157] = Z 43
[15158] = CNOT 43 79
[15159] = CNOT 43 80
[15160] = S 43
[15161] = Z 43
[15162] = CNOT 43 80
[15163] = CNOT 43 82
[15164] = S 43
[15165] = Z 43
[15166] = CNOT 43 82
[15167] = CNOT 43 68
[15168] = CNOT 43 69
[15169] = CNOT 43 78
[15170] = Z 43
[15171] = CNOT 43 78
[15172] = CNOT 43 79
[15173] = Z 43
[15174] = CNOT 43 79
[15175] = CNOT 43 80
[15176] = Z 43
[15177] = CNOT 43 80
[15178] = CNOT 43 81
[15179] = Z 43
[15180] = CNOT 43 81
[15181] = CNOT 43 82
[15182] = Z 43
[15183] = CNOT 43 82
[15184] = CNOT 43 69
[15185] = CNOT 43 72
[15186] = CNOT 43 78
[15187] = S 43
[15188] = Z 43
[15189] = CNOT 43 78
[15190] = CNOT 43 79
[15191] = S 43
[15192] = Z 43
[15193] = CNOT 43 79
[15194] = CNOT 43 80
[15195] = S 43
[15196] = Z 43
[15197] = CNOT 43 80
[15198] = CNOT 43 82
[15199] = S 43
[15200] = Z 43
[15201] = CNOT 43 82
[15202] = CNOT 43 72
[15203] = CNOT 43 76
[15204] = CNOT 43 78
[15205] = S 43
[15206] = Z 43
[15207] = CNOT 43 78
[15208] = CNOT 43 79
[15209] = S 43
[15210] = Z 43
[15211] = CNOT 43 79
[15212] = CNOT 43 80
[15213] = S 43
[15214] = Z 43
[15215] = CNOT 43 80
[15216] = CNOT 43 82
[15217] = S 43
[15218] = Z 43
[15219] = CNOT 43 82
[15220] = CNOT 43 92
[15221] = S 43
[15222] = Z 43
[15223] = CNOT 43 92
[15224] = CNOT 43 76
[15225] = CNOT 43 78
[15226] = CNOT 43 82
[15227] = Z 43
[15228] = CNOT 43 82
[15229] = CNOT 43 86
[15230] = S 43
[15231] = Z 43
[15232] = CNOT 43 86
[15233] = CNOT 43 92
[15234] = S 43
[15235] = Z 43
[15236] = CNOT 43 92
[15237] = CNOT 43 78
[15238] = CNOT 43 79
[15239] = CNOT 43 82
[15240] = Z 43
[15241] = CNOT 43 82
[15242] = CNOT 43 86
[15243] = S 43
[15244] = Z 43
[15245] = CNOT 43 86
[15246] = CNOT 43 92
[15247] = S 43
[15248] = Z 43
[15249] = CNOT 43 92
[15250] = CNOT 43 79
[15251] = CNOT 43 80
[15252] = CNOT 43 82
[15253] = Z 43
[15254] = CNOT 43 82
[15255] = CNOT 43 86
[15256] = S 43
[15257] = Z 43
[15258] = CNOT 43 86
[15259] = CNOT 43 92
[15260] = S 43
[15261] = Z 43
[15262] = CNOT 43 92
[15263] = CNOT 43 80
[15264] = CNOT 43 81
[15265] = CNOT 43 82
[15266] = Z 43
[15267] = CNOT 43 81
[15268] = CNOT 43 86
[15269] = S 43
[15270] = Z 43
[15271] = CNOT 43 86
[15272] = CNOT 43 92
[15273] = S 43
[15274] = Z 43
[15275] = CNOT 43 92
[15276] = CNOT 43 82
[15277] = CNOT 44 78
[15278] = CNOT 44 79
[15279] = Z 44
[15280] = CNOT 44 79
[15281] = CNOT 44 80
[15282] = Z 44
[15283] = CNOT 44 80
[15284] = CNOT 44 81
[15285] = Z 44
[15286] = CNOT 44 81
[15287] = CNOT 44 78
[15288] = CNOT 44 79
[15289] = CNOT 44 80
[15290] = Z 44
[15291] = CNOT 44 80
[15292] = CNOT 44 81
[15293] = Z 44
[15294] = CNOT 44 79
[15295] = CNOT 44 80
[15296] = Z 44
[15297] = CNOT 44 81
[15298] = CNOT 44 80
[15299] = CNOT 45 49
[15300] = CNOT 45 53
[15301] = Z 45
[15302] = CNOT 45 53
[15303] = CNOT 45 61
[15304] = S 45
[15305] = Z 45
[15306] = CNOT 45 61
[15307] = CNOT 45 69
[15308] = S 45
[15309] = Z 45
[15310] = CNOT 45 69
[15311] = CNOT 45 78
[15312] = Z 45
[15313] = CNOT 45 78
[15314] = CNOT 45 79
[15315] = Z 45
[15316] = CNOT 45 79
[15317] = CNOT 45 80
[15318] = Z 45
[15319] = CNOT 45 80
[15320] = CNOT 45 81
[15321] = Z 45
[15322] = CNOT 45 81
[15323] = CNOT 45 82
[15324] = Z 45
[15325] = CNOT 45 82
[15326] = CNOT 45 49
[15327] = CNOT 45 53
[15328] = CNOT 45 61
[15329] = S 45
[15330] = Z 45
[15331] = CNOT 45 61
[15332] = CNOT 45 69
[15333] = S 45
[15334] = Z 45
[15335] = CNOT 45 69
[15336] = CNOT 45 78
[15337] = Z 45
[15338] = CNOT 45 78
[15339] = CNOT 45 79
[15340] = Z 45
[15341] = CNOT 45 79
[15342] = CNOT 45 80
[15343] = Z 45
[15344] = CNOT 45 80
[15345] = CNOT 45 81
[15346] = Z 45
[15347] = CNOT 45 81
[15348] = CNOT 45 82
[15349] = Z 45
[15350] = CNOT 45 82
[15351] = CNOT 45 53
[15352] = CNOT 45 61
[15353] = CNOT 45 69
[15354] = S 45
[15355] = Z 45
[15356] = CNOT 45 69
[15357] = CNOT 45 78
[15358] = S 45
[15359] = Z 45
[15360] = CNOT 45 78
[15361] = CNOT 45 79
[15362] = S 45
[15363] = Z 45
[15364] = CNOT 45 79
[15365] = CNOT 45 80
[15366] = S 45
[15367] = Z 45
[15368] = CNOT 45 80
[15369] = CNOT 45 81
[15370] = S 45
[15371] = Z 45
[15372] = CNOT 45 81
[15373] = CNOT 45 82
[15374] = S 45
[15375] = Z 45
[15376] = CNOT 45 82
[15377] = CNOT 45 61
[15378] = CNOT 45 69
[15379] = CNOT 45 78
[15380] = S 45
[15381] = Z 45
[15382] = CNOT 45 78
[15383] = CNOT 45 79
[15384] = S 45
[15385] = Z 45
[15386] = CNOT 45 79
[15387] = CNOT 45 80
[15388] = S 45
[15389] = Z 45
[15390] = CNOT 45 80
[15391] = CNOT 45 81
[15392] = S 45
[15393] = Z 45
[15394] = CNOT 45 81
[15395] = CNOT 45 82
[15396] = S 45
[15397] = Z 45
[15398] = CNOT 45 82
[15399] = CNOT 45 69
[15400] = CNOT 45 78
[15401] = CNOT 45 79
[15402] = Z 45
[15403] = CNOT 45 79
[15404] = CNOT 45 80
[15405] = Z 45
[15406] = CNOT 45 80
[15407] = CNOT 45 81
[15408] = Z 45
[15409] = CNOT 45 81
[15410] = CNOT 45 82
[15411] = Z 45
[15412] = CNOT 45 82
[15413] = CNOT 45 78
[15414] = CNOT 45 79
[15415] = CNOT 45 80
[15416] = Z 45
[15417] = CNOT 45 80
[15418] = CNOT 45 81
[15419] = Z 45
[15420] = CNOT 45 81
[15421] = CNOT 45 82
[15422] = Z 45
[15423] = CNOT 45 82
[15424] = CNOT 45 79
[15425] = CNOT 45 80
[15426] = CNOT 45 81
[15427] = Z 45
[15428] = CNOT 45 81
[15429] = CNOT 45 82
[15430] = Z 45
[15431] = CNOT 45 80
[15432] = CNOT 45 81
[15433] = Z 45
[15434] = CNOT 45 82
[15435] = CNOT 45 81
[15436] = CNOT 46 78
[15437] = CNOT 46 79
[15438] = Z 46
[15439] = CNOT 46 79
[15440] = CNOT 46 80
[15441] = Z 46
[15442] = CNOT 46 80
[15443] = CNOT 46 81
[15444] = Z 46
[15445] = CNOT 46 81
[15446] = CNOT 46 82
[15447] = Z 46
[15448] = CNOT 46 82
[15449] = CNOT 46 78
[15450] = CNOT 46 79
[15451] = CNOT 46 80
[15452] = Z 46
[15453] = CNOT 46 80
[15454] = CNOT 46 81
[15455] = Z 46
[15456] = CNOT 46 81
[15457] = CNOT 46 82
[15458] = Z 46
[15459] = CNOT 46 82
[15460] = CNOT 46 79
[15461] = CNOT 46 80
[15462] = CNOT 46 81
[15463] = Z 46
[15464] = CNOT 46 81
[15465] = CNOT 46 82
[15466] = Z 46
[15467] = CNOT 46 80
[15468] = CNOT 46 81
[15469] = Z 46
[15470] = CNOT 46 82
[15471] = CNOT 46 81
[15472] = CNOT 47 55
[15473] = CNOT 47 63
[15474] = S 47
[15475] = Z 47
[15476] = CNOT 47 63
[15477] = CNOT 47 71
[15478] = S 47
[15479] = Z 47
[15480] = CNOT 47 71
[15481] = CNOT 47 78
[15482] = S 47
[15483] = CNOT 47 78
[15484] = CNOT 47 80
[15485] = S 47
[15486] = Z 47
[15487] = CNOT 47 80
[15488] = CNOT 47 85
[15489] = S 47
[15490] = Z 47
[15491] = CNOT 47 85
[15492] = CNOT 47 55
[15493] = CNOT 47 63
[15494] = CNOT 47 71
[15495] = S 47
[15496] = Z 47
[15497] = CNOT 47 71
[15498] = CNOT 47 78
[15499] = S 47
[15500] = CNOT 47 78
[15501] = CNOT 47 80
[15502] = S 47
[15503] = Z 47
[15504] = CNOT 47 80
[15505] = CNOT 47 85
[15506] = S 47
[15507] = Z 47
[15508] = CNOT 47 85
[15509] = CNOT 47 63
[15510] = CNOT 47 71
[15511] = CNOT 47 78
[15512] = S 47
[15513] = CNOT 47 78
[15514] = CNOT 47 80
[15515] = S 47
[15516] = Z 47
[15517] = CNOT 47 80
[15518] = CNOT 47 85
[15519] = S 47
[15520] = Z 47
[15521] = CNOT 47 71
[15522] = CNOT 47 80
[15523] = Z 47
[15524] = CNOT 47 80
[15525] = CNOT 48 56
[15526] = CNOT 48 64
[15527] = S 48
[15528] = Z 48
[15529] = CNOT 48 64
[15530] = CNOT 48 72
[15531] = S 48
[15532] = Z 48
[15533] = CNOT 48 72
[15534] = CNOT 48 78
[15535] = S 48
[15536] = Z 48
[15537] = CNOT 48 78
[15538] = CNOT 48 80
[15539] = S 48
[15540] = Z 48
[15541] = CNOT 48 80
[15542] = CNOT 48 82
[15543] = S 48
[15544] = Z 48
[15545] = CNOT 48 82
[15546] = CNOT 48 86
[15547] = S 48
[15548] = Z 48
[15549] = CNOT 48 86
[15550] = CNOT 48 56
[15551] = CNOT 48 64
[15552] = CNOT 48 72
[15553] = S 48
[15554] = Z 48
[15555] = CNOT 48 72
[15556] = CNOT 48 78
[15557] = S 48
[15558] = Z 48
[15559] = CNOT 48 78
[15560] = CNOT 48 80
[15561] = S 48
[15562] = Z 48
[15563] = CNOT 48 80
[15564] = CNOT 48 82
[15565] = S 48
[15566] = Z 48
[15567] = CNOT 48 82
[15568] = CNOT 48 86
[15569] = S 48
[15570] = Z 48
[15571] = CNOT 48 86
[15572] = CNOT 48 64
[15573] = CNOT 48 72
[15574] = CNOT 48 78
[15575] = S 48
[15576] = Z 48
[15577] = CNOT 48 78
[15578] = CNOT 48 80
[15579] = S 48
[15580] = Z 48
[15581] = CNOT 48 80
[15582] = CNOT 48 82
[15583] = S 48
[15584] = Z 48
[15585] = CNOT 48 82
[15586] = CNOT 48 86
[15587] = S 48
[15588] = Z 48
[15589] = CNOT 48 72
[15590] = CNOT 48 78
[15591] = Z 48
[15592] = CNOT 48 78
[15593] = CNOT 48 79
[15594] = Z 48
[15595] = CNOT 48 79
[15596] = CNOT 48 80
[15597] = Z 48
[15598] = CNOT 48 80
[15599] = CNOT 48 82
[15600] = Z 48
[15601] = CNOT 48 82
[15602] = CNOT 49 53
[15603] = CNOT 49 61
[15604] = Z 49
[15605] = CNOT 49 61
[15606] = CNOT 49 69
[15607] = Z 49
[15608] = CNOT 49 53
[15609] = CNOT 49 61
[15610] = Z 49
[15611] = CNOT 49 69
[15612] = CNOT 49 78
[15613] = Z 49
[15614] = CNOT 49 78
[15615] = CNOT 49 79
[15616] = Z 49
[15617] = CNOT 49 79
[15618] = CNOT 49 80
[15619] = Z 49
[15620] = CNOT 49 80
[15621] = CNOT 49 81
[15622] = Z 49
[15623] = CNOT 49 81
[15624] = CNOT 49 82
[15625] = Z 49
[15626] = CNOT 49 82
[15627] = CNOT 49 61
[15628] = CNOT 49 69
[15629] = CNOT 49 78
[15630] = Z 49
[15631] = CNOT 49 78
[15632] = CNOT 49 79
[15633] = Z 49
[15634] = CNOT 49 79
[15635] = CNOT 49 80
[15636] = Z 49
[15637] = CNOT 49 80
[15638] = CNOT 49 81
[15639] = Z 49
[15640] = CNOT 49 81
[15641] = CNOT 49 82
[15642] = Z 49
[15643] = CNOT 49 82
[15644] = CNOT 49 69
[15645] = CNOT 49 78
[15646] = CNOT 49 79
[15647] = Z 49
[15648] = CNOT 49 79
[15649] = CNOT 49 80
[15650] = Z 49
[15651] = CNOT 49 80
[15652] = CNOT 49 81
[15653] = Z 49
[15654] = CNOT 49 81
[15655] = CNOT 49 82
[15656] = Z 49
[15657] = CNOT 49 82
[15658] = CNOT 49 78
[15659] = CNOT 49 79
[15660] = CNOT 49 80
[15661] = Z 49
[15662] = CNOT 49 80
[15663] = CNOT 49 81
[15664] = Z 49
[15665] = CNOT 49 81
[15666] = CNOT 49 82
[15667] = Z 49
[15668] = CNOT 49 82
[15669] = CNOT 49 79
[15670] = CNOT 49 80
[15671] = CNOT 49 81
[15672] = Z 49
[15673] = CNOT 49 81
[15674] = CNOT 49 82
[15675] = Z 49
[15676] = CNOT 49 80
[15677] = CNOT 49 81
[15678] = Z 49
[15679] = CNOT 49 82
[15680] = CNOT 49 81
[15681] = CNOT 50 58
[15682] = CNOT 50 66
[15683] = Z 50
[15684] = CNOT 50 66
[15685] = CNOT 50 74
[15686] = Z 50
[15687] = CNOT 50 74
[15688] = CNOT 50 83
[15689] = Z 50
[15690] = CNOT 50 83
[15691] = CNOT 50 90
[15692] = Z 50
[15693] = CNOT 50 90
[15694] = CNOT 50 58
[15695] = CNOT 50 66
[15696] = CNOT 50 74
[15697] = Z 50
[15698] = CNOT 50 74
[15699] = CNOT 50 83
[15700] = Z 50
[15701] = CNOT 50 83
[15702] = CNOT 50 90
[15703] = Z 50
[15704] = CNOT 50 90
[15705] = CNOT 50 66
[15706] = CNOT 50 74
[15707] = CNOT 50 83
[15708] = Z 50
[15709] = CNOT 50 83
[15710] = CNOT 50 90
[15711] = Z 50
[15712] = CNOT 50 74
[15713] = CNOT 50 83
[15714] = Z 50
[15715] = CNOT 50 90
[15716] = CNOT 50 83
[15717] = CNOT 52 76
[15718] = CNOT 52 78
[15719] = Z 52
[15720] = CNOT 52 78
[15721] = CNOT 52 79
[15722] = Z 52
[15723] = CNOT 52 79
[15724] = CNOT 52 80
[15725] = Z 52
[15726] = CNOT 52 80
[15727] = CNOT 52 82
[15728] = Z 52
[15729] = CNOT 52 82
[15730] = CNOT 52 92
[15731] = Z 52
[15732] = CNOT 52 92
[15733] = CNOT 52 76
[15734] = CNOT 52 78
[15735] = CNOT 52 81
[15736] = Z 52
[15737] = CNOT 52 81
[15738] = CNOT 52 92
[15739] = Z 52
[15740] = CNOT 52 92
[15741] = CNOT 52 78
[15742] = CNOT 52 79
[15743] = CNOT 52 81
[15744] = Z 52
[15745] = CNOT 52 81
[15746] = CNOT 52 92
[15747] = Z 52
[15748] = CNOT 52 92
[15749] = CNOT 52 79
[15750] = CNOT 52 80
[15751] = CNOT 52 81
[15752] = Z 52
[15753] = CNOT 52 81
[15754] = CNOT 52 92
[15755] = Z 52
[15756] = CNOT 52 92
[15757] = CNOT 52 80
[15758] = CNOT 52 81
[15759] = CNOT 52 82
[15760] = Z 52
[15761] = CNOT 52 81
[15762] = CNOT 52 92
[15763] = Z 52
[15764] = CNOT 52 92
[15765] = CNOT 52 82
[15766] = CNOT 53 61
[15767] = CNOT 53 69
[15768] = Z 53
[15769] = CNOT 53 69
[15770] = CNOT 53 78
[15771] = Z 53
[15772] = CNOT 53 78
[15773] = CNOT 53 79
[15774] = Z 53
[15775] = CNOT 53 79
[15776] = CNOT 53 80
[15777] = Z 53
[15778] = CNOT 53 80
[15779] = CNOT 53 81
[15780] = Z 53
[15781] = CNOT 53 81
[15782] = CNOT 53 82
[15783] = Z 53
[15784] = CNOT 53 82
[15785] = CNOT 53 61
[15786] = CNOT 53 69
[15787] = CNOT 53 78
[15788] = Z 53
[15789] = CNOT 53 78
[15790] = CNOT 53 79
[15791] = Z 53
[15792] = CNOT 53 79
[15793] = CNOT 53 80
[15794] = Z 53
[15795] = CNOT 53 80
[15796] = CNOT 53 81
[15797] = Z 53
[15798] = CNOT 53 81
[15799] = CNOT 53 82
[15800] = Z 53
[15801] = CNOT 53 82
[15802] = CNOT 53 69
[15803] = CNOT 54 60
[15804] = CNOT 54 62
[15805] = Z 54
[15806] = CNOT 54 62
[15807] = CNOT 54 68
[15808] = Z 54
[15809] = CNOT 54 68
[15810] = CNOT 54 70
[15811] = Z 54
[15812] = CNOT 54 70
[15813] = CNOT 54 77
[15814] = S 54
[15815] = Z 54
[15816] = CNOT 54 77
[15817] = CNOT 54 78
[15818] = Z 54
[15819] = CNOT 54 78
[15820] = CNOT 54 79
[15821] = Z 54
[15822] = CNOT 54 79
[15823] = CNOT 54 80
[15824] = Z 54
[15825] = CNOT 54 80
[15826] = CNOT 54 82
[15827] = Z 54
[15828] = CNOT 54 82
[15829] = CNOT 54 84
[15830] = S 54
[15831] = Z 54
[15832] = CNOT 54 84
[15833] = CNOT 54 60
[15834] = CNOT 54 62
[15835] = CNOT 54 68
[15836] = Z 54
[15837] = CNOT 54 68
[15838] = CNOT 54 70
[15839] = Z 54
[15840] = CNOT 54 70
[15841] = CNOT 54 77
[15842] = S 54
[15843] = Z 54
[15844] = CNOT 54 77
[15845] = CNOT 54 78
[15846] = Z 54
[15847] = CNOT 54 78
[15848] = CNOT 54 79
[15849] = Z 54
[15850] = CNOT 54 79
[15851] = CNOT 54 80
[15852] = Z 54
[15853] = CNOT 54 80
[15854] = CNOT 54 82
[15855] = Z 54
[15856] = CNOT 54 82
[15857] = CNOT 54 84
[15858] = S 54
[15859] = Z 54
[15860] = CNOT 54 84
[15861] = CNOT 54 62
[15862] = CNOT 54 68
[15863] = CNOT 54 70
[15864] = Z 54
[15865] = CNOT 54 70
[15866] = CNOT 54 77
[15867] = S 54
[15868] = Z 54
[15869] = CNOT 54 77
[15870] = CNOT 54 78
[15871] = Z 54
[15872] = CNOT 54 78
[15873] = CNOT 54 79
[15874] = Z 54
[15875] = CNOT 54 79
[15876] = CNOT 54 80
[15877] = Z 54
[15878] = CNOT 54 80
[15879] = CNOT 54 82
[15880] = Z 54
[15881] = CNOT 54 82
[15882] = CNOT 54 84
[15883] = S 54
[15884] = Z 54
[15885] = CNOT 54 84
[15886] = CNOT 54 68
[15887] = CNOT 54 70
[15888] = CNOT 54 77
[15889] = S 54
[15890] = Z 54
[15891] = CNOT 54 77
[15892] = CNOT 54 78
[15893] = Z 54
[15894] = CNOT 54 78
[15895] = CNOT 54 79
[15896] = Z 54
[15897] = CNOT 54 79
[15898] = CNOT 54 80
[15899] = Z 54
[15900] = CNOT 54 80
[15901] = CNOT 54 82
[15902] = Z 54
[15903] = CNOT 54 82
[15904] = CNOT 54 84
[15905] = S 54
[15906] = Z 54
[15907] = CNOT 54 84
[15908] = CNOT 54 70
[15909] = CNOT 54 77
[15910] = CNOT 54 78
[15911] = S 54
[15912] = Z 54
[15913] = CNOT 54 78
[15914] = CNOT 54 79
[15915] = S 54
[15916] = Z 54
[15917] = CNOT 54 79
[15918] = CNOT 54 80
[15919] = S 54
[15920] = Z 54
[15921] = CNOT 54 80
[15922] = CNOT 54 82
[15923] = S 54
[15924] = Z 54
[15925] = CNOT 54 82
[15926] = CNOT 54 77
[15927] = CNOT 54 78
[15928] = CNOT 54 79
[15929] = Z 54
[15930] = CNOT 54 79
[15931] = CNOT 54 80
[15932] = Z 54
[15933] = CNOT 54 80
[15934] = CNOT 54 82
[15935] = Z 54
[15936] = CNOT 54 82
[15937] = CNOT 54 84
[15938] = S 54
[15939] = Z 54
[15940] = CNOT 54 84
[15941] = CNOT 54 78
[15942] = CNOT 54 79
[15943] = CNOT 54 80
[15944] = Z 54
[15945] = CNOT 54 80
[15946] = CNOT 54 82
[15947] = Z 54
[15948] = CNOT 54 82
[15949] = CNOT 54 84
[15950] = S 54
[15951] = Z 54
[15952] = CNOT 54 84
[15953] = CNOT 54 79
[15954] = CNOT 54 80
[15955] = CNOT 54 82
[15956] = Z 54
[15957] = CNOT 54 82
[15958] = CNOT 54 84
[15959] = S 54
[15960] = Z 54
[15961] = CNOT 54 80
[15962] = CNOT 54 82
[15963] = S 54
[15964] = Z 54
[15965] = CNOT 54 84
[15966] = CNOT 54 82
[15967] = CNOT 55 63
[15968] = CNOT 55 71
[15969] = S 55
[15970] = CNOT 55 71
[15971] = CNOT 55 78
[15972] = S 55
[15973] = Z 55
[15974] = CNOT 55 78
[15975] = CNOT 55 80
[15976] = S 55
[15977] = CNOT 55 80
[15978] = CNOT 55 83
[15979] = S 55
[15980] = Z 55
[15981] = CNOT 55 83
[15982] = CNOT 55 85
[15983] = S 55
[15984] = Z 55
[15985] = CNOT 55 85
[15986] = CNOT 55 63
[15987] = CNOT 55 71
[15988] = CNOT 55 78
[15989] = S 55
[15990] = Z 55
[15991] = CNOT 55 78
[15992] = CNOT 55 80
[15993] = S 55
[15994] = CNOT 55 80
[15995] = CNOT 55 83
[15996] = S 55
[15997] = Z 55
[15998] = CNOT 55 83
[15999] = CNOT 55 85
[16000] = S 55
[16001] = Z 55
[16002] = CNOT 55 85
[16003] = CNOT 55 71
[16004] = CNOT 55 78
[16005] = CNOT 55 80
[16006] = S 55
[16007] = Z 55
[16008] = CNOT 55 80
[16009] = CNOT 55 85
[16010] = S 55
[16011] = CNOT 55 85
[16012] = CNOT 55 78
[16013] = CNOT 55 80
[16014] = CNOT 55 83
[16015] = S 55
[16016] = Z 55
[16017] = CNOT 55 83
[16018] = CNOT 55 85
[16019] = S 55
[16020] = Z 55
[16021] = CNOT 55 85
[16022] = CNOT 55 80
[16023] = CNOT 56 64
[16024] = CNOT 56 72
[16025] = S 56
[16026] = CNOT 56 72
[16027] = CNOT 56 78
[16028] = S 56
[16029] = CNOT 56 78
[16030] = CNOT 56 79
[16031] = Z 56
[16032] = CNOT 56 79
[16033] = CNOT 56 80
[16034] = S 56
[16035] = CNOT 56 80
[16036] = CNOT 56 82
[16037] = Z 56
[16038] = CNOT 56 82
[16039] = CNOT 56 86
[16040] = S 56
[16041] = Z 56
[16042] = CNOT 56 86
[16043] = CNOT 56 64
[16044] = CNOT 56 72
[16045] = CNOT 56 78
[16046] = S 56
[16047] = CNOT 56 78
[16048] = CNOT 56 79
[16049] = Z 56
[16050] = CNOT 56 79
[16051] = CNOT 56 80
[16052] = S 56
[16053] = CNOT 56 80
[16054] = CNOT 56 82
[16055] = Z 56
[16056] = CNOT 56 82
[16057] = CNOT 56 86
[16058] = S 56
[16059] = Z 56
[16060] = CNOT 56 86
[16061] = CNOT 56 72
[16062] = CNOT 56 78
[16063] = CNOT 56 79
[16064] = Z 56
[16065] = CNOT 56 79
[16066] = CNOT 56 80
[16067] = S 56
[16068] = CNOT 56 80
[16069] = CNOT 56 82
[16070] = Z 56
[16071] = CNOT 56 82
[16072] = CNOT 56 86
[16073] = S 56
[16074] = Z 56
[16075] = CNOT 56 86
[16076] = CNOT 56 78
[16077] = CNOT 56 79
[16078] = CNOT 56 80
[16079] = Z 56
[16080] = CNOT 56 80
[16081] = CNOT 56 82
[16082] = S 56
[16083] = Z 56
[16084] = CNOT 56 79
[16085] = CNOT 56 80
[16086] = Z 56
[16087] = CNOT 56 82
[16088] = CNOT 56 86
[16089] = S 56
[16090] = Z 56
[16091] = CNOT 56 80
[16092] = CNOT 56 82
[16093] = S 56
[16094] = Z 56
[16095] = CNOT 56 86
[16096] = CNOT 56 82
[16097] = CNOT 58 66
[16098] = CNOT 58 74
[16099] = Z 58
[16100] = CNOT 58 74
[16101] = CNOT 58 83
[16102] = Z 58
[16103] = CNOT 58 83
[16104] = CNOT 58 90
[16105] = Z 58
[16106] = CNOT 58 90
[16107] = CNOT 58 66
[16108] = CNOT 58 74
[16109] = CNOT 58 83
[16110] = Z 58
[16111] = CNOT 58 83
[16112] = CNOT 58 90
[16113] = Z 58
[16114] = CNOT 58 74
[16115] = CNOT 58 83
[16116] = Z 58
[16117] = CNOT 58 90
[16118] = CNOT 58 83
[16119] = CNOT 59 67
[16120] = CNOT 59 75
[16121] = Z 59
[16122] = CNOT 59 75
[16123] = CNOT 59 83
[16124] = Z 59
[16125] = CNOT 59 83
[16126] = CNOT 59 91
[16127] = Z 59
[16128] = CNOT 59 91
[16129] = CNOT 59 67
[16130] = CNOT 59 75
[16131] = CNOT 59 83
[16132] = Z 59
[16133] = CNOT 59 83
[16134] = CNOT 59 91
[16135] = Z 59
[16136] = CNOT 59 75
[16137] = CNOT 59 83
[16138] = Z 59
[16139] = CNOT 59 91
[16140] = CNOT 59 83
[16141] = CNOT 60 62
[16142] = CNOT 60 68
[16143] = Z 60
[16144] = CNOT 60 68
[16145] = CNOT 60 70
[16146] = Z 60
[16147] = CNOT 60 70
[16148] = CNOT 60 77
[16149] = S 60
[16150] = Z 60
[16151] = CNOT 60 77
[16152] = CNOT 60 78
[16153] = Z 60
[16154] = CNOT 60 78
[16155] = CNOT 60 79
[16156] = Z 60
[16157] = CNOT 60 79
[16158] = CNOT 60 80
[16159] = Z 60
[16160] = CNOT 60 80
[16161] = CNOT 60 82
[16162] = Z 60
[16163] = CNOT 60 82
[16164] = CNOT 60 84
[16165] = S 60
[16166] = Z 60
[16167] = CNOT 60 84
[16168] = CNOT 60 62
[16169] = CNOT 60 68
[16170] = CNOT 60 70
[16171] = Z 60
[16172] = CNOT 60 70
[16173] = CNOT 60 77
[16174] = Z 60
[16175] = CNOT 60 77
[16176] = CNOT 60 84
[16177] = Z 60
[16178] = CNOT 60 84
[16179] = CNOT 60 68
[16180] = CNOT 60 70
[16181] = CNOT 60 77
[16182] = S 60
[16183] = Z 60
[16184] = CNOT 60 77
[16185] = CNOT 60 78
[16186] = Z 60
[16187] = CNOT 60 78
[16188] = CNOT 60 79
[16189] = Z 60
[16190] = CNOT 60 79
[16191] = CNOT 60 80
[16192] = Z 60
[16193] = CNOT 60 80
[16194] = CNOT 60 82
[16195] = Z 60
[16196] = CNOT 60 82
[16197] = CNOT 60 84
[16198] = S 60
[16199] = Z 60
[16200] = CNOT 60 84
[16201] = CNOT 60 70
[16202] = CNOT 60 77
[16203] = CNOT 60 78
[16204] = Z 60
[16205] = CNOT 60 78
[16206] = CNOT 60 79
[16207] = Z 60
[16208] = CNOT 60 79
[16209] = CNOT 60 80
[16210] = Z 60
[16211] = CNOT 60 80
[16212] = CNOT 60 82
[16213] = Z 60
[16214] = CNOT 60 82
[16215] = CNOT 60 84
[16216] = S 60
[16217] = Z 60
[16218] = CNOT 60 77
[16219] = CNOT 60 78
[16220] = Z 60
[16221] = CNOT 60 78
[16222] = CNOT 60 79
[16223] = Z 60
[16224] = CNOT 60 79
[16225] = CNOT 60 80
[16226] = Z 60
[16227] = CNOT 60 80
[16228] = CNOT 60 82
[16229] = Z 60
[16230] = CNOT 60 84
[16231] = CNOT 60 82
[16232] = CNOT 61 69
[16233] = CNOT 61 78
[16234] = Z 61
[16235] = CNOT 61 78
[16236] = CNOT 61 79
[16237] = Z 61
[16238] = CNOT 61 79
[16239] = CNOT 61 80
[16240] = Z 61
[16241] = CNOT 61 80
[16242] = CNOT 61 81
[16243] = Z 61
[16244] = CNOT 61 81
[16245] = CNOT 61 82
[16246] = Z 61
[16247] = CNOT 61 82
[16248] = CNOT 61 69
[16249] = CNOT 61 78
[16250] = CNOT 61 79
[16251] = Z 61
[16252] = CNOT 61 79
[16253] = CNOT 61 80
[16254] = Z 61
[16255] = CNOT 61 80
[16256] = CNOT 61 81
[16257] = Z 61
[16258] = CNOT 61 81
[16259] = CNOT 61 82
[16260] = Z 61
[16261] = CNOT 61 82
[16262] = CNOT 61 78
[16263] = CNOT 61 79
[16264] = CNOT 61 80
[16265] = Z 61
[16266] = CNOT 61 80
[16267] = CNOT 61 81
[16268] = Z 61
[16269] = CNOT 61 81
[16270] = CNOT 61 82
[16271] = Z 61
[16272] = CNOT 61 82
[16273] = CNOT 61 79
[16274] = CNOT 61 80
[16275] = CNOT 61 81
[16276] = Z 61
[16277] = CNOT 61 81
[16278] = CNOT 61 82
[16279] = Z 61
[16280] = CNOT 61 80
[16281] = CNOT 61 81
[16282] = Z 61
[16283] = CNOT 61 82
[16284] = CNOT 61 81
[16285] = CNOT 62 68
[16286] = CNOT 62 70
[16287] = Z 62
[16288] = CNOT 62 70
[16289] = CNOT 62 77
[16290] = S 62
[16291] = Z 62
[16292] = CNOT 62 77
[16293] = CNOT 62 78
[16294] = Z 62
[16295] = CNOT 62 78
[16296] = CNOT 62 79
[16297] = Z 62
[16298] = CNOT 62 79
[16299] = CNOT 62 80
[16300] = Z 62
[16301] = CNOT 62 80
[16302] = CNOT 62 82
[16303] = Z 62
[16304] = CNOT 62 82
[16305] = CNOT 62 84
[16306] = S 62
[16307] = Z 62
[16308] = CNOT 62 84
[16309] = CNOT 62 68
[16310] = CNOT 62 70
[16311] = CNOT 62 77
[16312] = S 62
[16313] = Z 62
[16314] = CNOT 62 77
[16315] = CNOT 62 78
[16316] = Z 62
[16317] = CNOT 62 78
[16318] = CNOT 62 79
[16319] = Z 62
[16320] = CNOT 62 79
[16321] = CNOT 62 80
[16322] = Z 62
[16323] = CNOT 62 80
[16324] = CNOT 62 82
[16325] = Z 62
[16326] = CNOT 62 82
[16327] = CNOT 62 84
[16328] = S 62
[16329] = Z 62
[16330] = CNOT 62 84
[16331] = CNOT 62 70
[16332] = CNOT 62 77
[16333] = CNOT 62 78
[16334] = S 62
[16335] = Z 62
[16336] = CNOT 62 78
[16337] = CNOT 62 79
[16338] = S 62
[16339] = Z 62
[16340] = CNOT 62 79
[16341] = CNOT 62 80
[16342] = S 62
[16343] = Z 62
[16344] = CNOT 62 80
[16345] = CNOT 62 82
[16346] = S 62
[16347] = Z 62
[16348] = CNOT 62 82
[16349] = CNOT 62 77
[16350] = CNOT 62 78
[16351] = CNOT 62 79
[16352] = Z 62
[16353] = CNOT 62 79
[16354] = CNOT 62 80
[16355] = Z 62
[16356] = CNOT 62 80
[16357] = CNOT 62 82
[16358] = Z 62
[16359] = CNOT 62 82
[16360] = CNOT 62 84
[16361] = S 62
[16362] = Z 62
[16363] = CNOT 62 84
[16364] = CNOT 62 78
[16365] = CNOT 62 79
[16366] = CNOT 62 80
[16367] = Z 62
[16368] = CNOT 62 80
[16369] = CNOT 62 82
[16370] = Z 62
[16371] = CNOT 62 82
[16372] = CNOT 62 84
[16373] = S 62
[16374] = Z 62
[16375] = CNOT 62 84
[16376] = CNOT 62 79
[16377] = CNOT 62 80
[16378] = CNOT 62 82
[16379] = Z 62
[16380] = CNOT 62 82
[16381] = CNOT 62 84
[16382] = S 62
[16383] = Z 62
[16384] = CNOT 62 80
[16385] = CNOT 62 82
[16386] = S 62
[16387] = Z 62
[16388] = CNOT 62 84
[16389] = CNOT 62 82
[16390] = CNOT 63 71
[16391] = CNOT 63 78
[16392] = S 63
[16393] = Z 63
[16394] = CNOT 63 78
[16395] = CNOT 63 80
[16396] = S 63
[16397] = CNOT 63 80
[16398] = CNOT 63 83
[16399] = S 63
[16400] = Z 63
[16401] = CNOT 63 83
[16402] = CNOT 63 85
[16403] = S 63
[16404] = Z 63
[16405] = CNOT 63 85
[16406] = CNOT 63 71
[16407] = CNOT 63 78
[16408] = CNOT 63 80
[16409] = S 63
[16410] = Z 63
[16411] = CNOT 63 80
[16412] = CNOT 63 85
[16413] = S 63
[16414] = CNOT 63 85
[16415] = CNOT 63 78
[16416] = CNOT 63 80
[16417] = CNOT 63 83
[16418] = S 63
[16419] = Z 63
[16420] = CNOT 63 83
[16421] = CNOT 63 85
[16422] = S 63
[16423] = Z 63
[16424] = CNOT 63 85
[16425] = CNOT 63 80
[16426] = CNOT 64 72
[16427] = CNOT 64 78
[16428] = S 64
[16429] = CNOT 64 78
[16430] = CNOT 64 79
[16431] = Z 64
[16432] = CNOT 64 79
[16433] = CNOT 64 80
[16434] = S 64
[16435] = CNOT 64 80
[16436] = CNOT 64 82
[16437] = Z 64
[16438] = CNOT 64 82
[16439] = CNOT 64 86
[16440] = S 64
[16441] = Z 64
[16442] = CNOT 64 86
[16443] = CNOT 64 72
[16444] = CNOT 64 78
[16445] = CNOT 64 79
[16446] = Z 64
[16447] = CNOT 64 79
[16448] = CNOT 64 80
[16449] = S 64
[16450] = CNOT 64 80
[16451] = CNOT 64 82
[16452] = Z 64
[16453] = CNOT 64 82
[16454] = CNOT 64 86
[16455] = S 64
[16456] = Z 64
[16457] = CNOT 64 86
[16458] = CNOT 64 78
[16459] = CNOT 64 79
[16460] = CNOT 64 80
[16461] = Z 64
[16462] = CNOT 64 80
[16463] = CNOT 64 82
[16464] = S 64
[16465] = Z 64
[16466] = CNOT 64 79
[16467] = CNOT 64 80
[16468] = Z 64
[16469] = CNOT 64 82
[16470] = CNOT 64 86
[16471] = S 64
[16472] = Z 64
[16473] = CNOT 64 80
[16474] = CNOT 64 82
[16475] = S 64
[16476] = Z 64
[16477] = CNOT 64 86
[16478] = CNOT 64 82
[16479] = CNOT 66 74
[16480] = CNOT 66 83
[16481] = Z 66
[16482] = CNOT 66 83
[16483] = CNOT 66 90
[16484] = Z 66
[16485] = CNOT 66 74
[16486] = CNOT 66 83
[16487] = Z 66
[16488] = CNOT 66 90
[16489] = CNOT 66 83
[16490] = CNOT 67 75
[16491] = CNOT 67 83
[16492] = Z 67
[16493] = CNOT 67 83
[16494] = CNOT 67 91
[16495] = Z 67
[16496] = CNOT 67 75
[16497] = CNOT 67 83
[16498] = Z 67
[16499] = CNOT 67 91
[16500] = CNOT 67 83
[16501] = CNOT 68 70
[16502] = CNOT 68 77
[16503] = S 68
[16504] = Z 68
[16505] = CNOT 68 77
[16506] = CNOT 68 78
[16507] = Z 68
[16508] = CNOT 68 78
[16509] = CNOT 68 79
[16510] = Z 68
[16511] = CNOT 68 79
[16512] = CNOT 68 80
[16513] = Z 68
[16514] = CNOT 68 80
[16515] = CNOT 68 82
[16516] = Z 68
[16517] = CNOT 68 82
[16518] = CNOT 68 84
[16519] = S 68
[16520] = Z 68
[16521] = CNOT 68 84
[16522] = CNOT 68 70
[16523] = CNOT 68 77
[16524] = CNOT 68 78
[16525] = Z 68
[16526] = CNOT 68 78
[16527] = CNOT 68 79
[16528] = Z 68
[16529] = CNOT 68 79
[16530] = CNOT 68 80
[16531] = Z 68
[16532] = CNOT 68 80
[16533] = CNOT 68 82
[16534] = Z 68
[16535] = CNOT 68 82
[16536] = CNOT 68 84
[16537] = S 68
[16538] = Z 68
[16539] = CNOT 68 77
[16540] = CNOT 68 78
[16541] = Z 68
[16542] = CNOT 68 78
[16543] = CNOT 68 79
[16544] = Z 68
[16545] = CNOT 68 79
[16546] = CNOT 68 80
[16547] = Z 68
[16548] = CNOT 68 80
[16549] = CNOT 68 82
[16550] = Z 68
[16551] = CNOT 68 84
[16552] = CNOT 68 82
[16553] = CNOT 69 78
[16554] = CNOT 69 79
[16555] = Z 69
[16556] = CNOT 69 79
[16557] = CNOT 69 80
[16558] = Z 69
[16559] = CNOT 69 80
[16560] = CNOT 69 81
[16561] = Z 69
[16562] = CNOT 69 81
[16563] = CNOT 69 82
[16564] = Z 69
[16565] = CNOT 69 82
[16566] = CNOT 69 78
[16567] = CNOT 69 79
[16568] = CNOT 69 80
[16569] = Z 69
[16570] = CNOT 69 80
[16571] = CNOT 69 81
[16572] = Z 69
[16573] = CNOT 69 81
[16574] = CNOT 69 82
[16575] = Z 69
[16576] = CNOT 69 82
[16577] = CNOT 69 79
[16578] = CNOT 69 80
[16579] = CNOT 69 81
[16580] = Z 69
[16581] = CNOT 69 81
[16582] = CNOT 69 82
[16583] = Z 69
[16584] = CNOT 69 80
[16585] = CNOT 69 81
[16586] = Z 69
[16587] = CNOT 69 82
[16588] = CNOT 69 81
[16589] = CNOT 70 77
[16590] = CNOT 70 78
[16591] = S 70
[16592] = Z 70
[16593] = CNOT 70 78
[16594] = CNOT 70 79
[16595] = S 70
[16596] = Z 70
[16597] = CNOT 70 79
[16598] = CNOT 70 80
[16599] = S 70
[16600] = Z 70
[16601] = CNOT 70 80
[16602] = CNOT 70 82
[16603] = S 70
[16604] = Z 70
[16605] = CNOT 70 82
[16606] = CNOT 70 77
[16607] = CNOT 70 78
[16608] = CNOT 70 79
[16609] = Z 70
[16610] = CNOT 70 79
[16611] = CNOT 70 80
[16612] = Z 70
[16613] = CNOT 70 80
[16614] = CNOT 70 82
[16615] = Z 70
[16616] = CNOT 70 82
[16617] = CNOT 70 84
[16618] = S 70
[16619] = Z 70
[16620] = CNOT 70 84
[16621] = CNOT 70 78
[16622] = CNOT 70 79
[16623] = CNOT 70 80
[16624] = Z 70
[16625] = CNOT 70 80
[16626] = CNOT 70 82
[16627] = Z 70
[16628] = CNOT 70 82
[16629] = CNOT 70 84
[16630] = S 70
[16631] = Z 70
[16632] = CNOT 70 84
[16633] = CNOT 70 79
[16634] = CNOT 70 80
[16635] = CNOT 70 82
[16636] = Z 70
[16637] = CNOT 70 82
[16638] = CNOT 70 84
[16639] = S 70
[16640] = Z 70
[16641] = CNOT 70 80
[16642] = CNOT 70 82
[16643] = S 70
[16644] = Z 70
[16645] = CNOT 70 84
[16646] = CNOT 70 82
[16647] = CNOT 71 78
[16648] = CNOT 71 80
[16649] = S 71
[16650] = Z 71
[16651] = CNOT 71 80
[16652] = CNOT 71 85
[16653] = S 71
[16654] = CNOT 71 85
[16655] = CNOT 71 78
[16656] = CNOT 71 80
[16657] = CNOT 71 83
[16658] = S 71
[16659] = Z 71
[16660] = CNOT 71 83
[16661] = CNOT 71 85
[16662] = S 71
[16663] = Z 71
[16664] = CNOT 71 85
[16665] = CNOT 71 80
[16666] = CNOT 72 78
[16667] = CNOT 72 79
[16668] = Z 72
[16669] = CNOT 72 79
[16670] = CNOT 72 80
[16671] = S 72
[16672] = CNOT 72 80
[16673] = CNOT 72 82
[16674] = Z 72
[16675] = CNOT 72 82
[16676] = CNOT 72 86
[16677] = S 72
[16678] = Z 72
[16679] = CNOT 72 86
[16680] = CNOT 72 78
[16681] = CNOT 72 79
[16682] = CNOT 72 80
[16683] = Z 72
[16684] = CNOT 72 80
[16685] = CNOT 72 82
[16686] = S 72
[16687] = Z 72
[16688] = CNOT 72 79
[16689] = CNOT 72 80
[16690] = Z 72
[16691] = CNOT 72 82
[16692] = CNOT 72 86
[16693] = S 72
[16694] = Z 72
[16695] = CNOT 72 80
[16696] = CNOT 72 82
[16697] = S 72
[16698] = Z 72
[16699] = CNOT 72 86
[16700] = CNOT 72 82
[16701] = CNOT 74 83
[16702] = CNOT 74 90
[16703] = Z 74
[16704] = CNOT 74 90
[16705] = CNOT 74 83
[16706] = CNOT 75 80
[16707] = CNOT 75 83
[16708] = Z 75
[16709] = CNOT 75 83
[16710] = CNOT 75 91
[16711] = Z 75
[16712] = CNOT 75 91
[16713] = CNOT 75 80
[16714] = CNOT 76 78
[16715] = CNOT 76 79
[16716] = Z 76
[16717] = CNOT 76 79
[16718] = CNOT 76 80
[16719] = Z 76
[16720] = CNOT 76 80
[16721] = CNOT 76 82
[16722] = Z 76
[16723] = CNOT 76 82
[16724] = CNOT 76 92
[16725] = Z 76
[16726] = CNOT 76 92
[16727] = CNOT 76 78
[16728] = CNOT 76 79
[16729] = CNOT 76 80
[16730] = Z 76
[16731] = CNOT 76 80
[16732] = CNOT 76 82
[16733] = Z 76
[16734] = CNOT 76 82
[16735] = CNOT 76 92
[16736] = Z 76
[16737] = CNOT 76 92
[16738] = CNOT 76 79
[16739] = CNOT 76 80
[16740] = CNOT 76 82
[16741] = Z 76
[16742] = CNOT 76 82
[16743] = CNOT 76 92
[16744] = Z 76
[16745] = CNOT 76 80
[16746] = CNOT 76 82
[16747] = Z 76
[16748] = CNOT 76 92
[16749] = CNOT 76 82
[16750] = CNOT 77 78
[16751] = CNOT 77 79
[16752] = Z 77
[16753] = CNOT 77 79
[16754] = CNOT 77 80
[16755] = Z 77
[16756] = CNOT 77 80
[16757] = CNOT 77 82
[16758] = Z 77
[16759] = CNOT 77 82
[16760] = CNOT 77 84
[16761] = S 77
[16762] = Z 77
[16763] = CNOT 77 84
[16764] = CNOT 77 78
[16765] = CNOT 77 79
[16766] = CNOT 77 80
[16767] = Z 77
[16768] = CNOT 77 80
[16769] = CNOT 77 82
[16770] = Z 77
[16771] = CNOT 77 82
[16772] = CNOT 77 84
[16773] = S 77
[16774] = Z 77
[16775] = CNOT 77 84
[16776] = CNOT 77 79
[16777] = CNOT 77 80
[16778] = CNOT 77 82
[16779] = Z 77
[16780] = CNOT 77 82
[16781] = CNOT 77 84
[16782] = S 77
[16783] = Z 77
[16784] = CNOT 77 80
[16785] = CNOT 77 82
[16786] = S 77
[16787] = Z 77
[16788] = CNOT 77 84
[16789] = CNOT 77 82
[16790] = CNOT 78 79
[16791] = CNOT 78 80
[16792] = S 78
[16793] = CNOT 78 80
[16794] = CNOT 78 82
[16795] = S 78
[16796] = CNOT 78 82
[16797] = CNOT 78 84
[16798] = Z 78
[16799] = CNOT 78 84
[16800] = CNOT 78 86
[16801] = Z 78
[16802] = CNOT 78 86
[16803] = CNOT 78 92
[16804] = Z 78
[16805] = CNOT 78 92
[16806] = CNOT 78 79
[16807] = CNOT 78 80
[16808] = CNOT 78 83
[16809] = S 78
[16810] = Z 78
[16811] = CNOT 78 83
[16812] = CNOT 78 84
[16813] = Z 78
[16814] = CNOT 78 84
[16815] = CNOT 78 86
[16816] = Z 78
[16817] = CNOT 78 86
[16818] = CNOT 78 92
[16819] = Z 78
[16820] = CNOT 78 92
[16821] = CNOT 78 80
[16822] = CNOT 78 81
[16823] = CNOT 78 82
[16824] = S 78
[16825] = Z 78
[16826] = CNOT 78 81
[16827] = CNOT 78 84
[16828] = Z 78
[16829] = CNOT 78 84
[16830] = CNOT 78 86
[16831] = Z 78
[16832] = CNOT 78 86
[16833] = CNOT 78 92
[16834] = Z 78
[16835] = CNOT 78 92
[16836] = CNOT 78 82
[16837] = CNOT 79 80
[16838] = CNOT 79 82
[16839] = S 79
[16840] = CNOT 79 82
[16841] = CNOT 79 84
[16842] = Z 79
[16843] = CNOT 79 84
[16844] = CNOT 79 86
[16845] = Z 79
[16846] = CNOT 79 86
[16847] = CNOT 79 92
[16848] = Z 79
[16849] = CNOT 79 92
[16850] = CNOT 79 80
[16851] = CNOT 79 81
[16852] = CNOT 79 82
[16853] = S 79
[16854] = Z 79
[16855] = CNOT 79 81
[16856] = CNOT 79 84
[16857] = Z 79
[16858] = CNOT 79 84
[16859] = CNOT 79 86
[16860] = Z 79
[16861] = CNOT 79 86
[16862] = CNOT 79 92
[16863] = Z 79
[16864] = CNOT 79 92
[16865] = CNOT 79 82
[16866] = CNOT 80 81
[16867] = CNOT 80 82
[16868] = S 80
[16869] = Z 80
[16870] = CNOT 80 81
[16871] = CNOT 80 84
[16872] = Z 80
[16873] = CNOT 80 84
[16874] = CNOT 80 86
[16875] = Z 80
[16876] = CNOT 80 86
[16877] = CNOT 80 92
[16878] = Z 80
[16879] = CNOT 80 92
[16880] = CNOT 80 82
[16881] = CNOT 80 83
[16882] = CNOT 80 91
[16883] = Z 80
[16884] = CNOT 80 91
[16885] = CNOT 80 83
[16886] = CNOT 92 95
[16887] = CNOT 89 95
[16888] = CNOT 79 95
[16889] = CNOT 76 95
[16890] = CNOT 72 95
[16891] = CNOT 68 95
[16892] = CNOT 64 95
[16893] = CNOT 60 95
[16894] = CNOT 56 95
[16895] = CNOT 52 95
[16896] = CNOT 31 95
[16897] = CNOT 27 95
[16898] = CNOT 16 95
[16899] = CNOT 15 95
[16900] = CNOT 14 95
[16901] = CNOT 91 94
[16902] = CNOT 88 94
[16903] = CNOT 78 94
[16904] = CNOT 75 94
[16905] = CNOT 71 94
[16906] = CNOT 67 94
[16907] = CNOT 63 94
[16908] = CNOT 59 94
[16909] = CNOT 55 94
[16910] = CNOT 51 94
[16911] = CNOT 30 94
[16912] = CNOT 26 94
[16913] = CNOT 10 94
[16914] = CNOT 9 94
[16915] = CNOT 8 94
[16916] = CNOT 90 93
[16917] = CNOT 87 93
[16918] = CNOT 77 93
[16919] = CNOT 74 93
[16920] = CNOT 70 93
[16921] = CNOT 66 93
[16922] = CNOT 62 93
[16923] = CNOT 58 93
[16924] = CNOT 54 93
[16925] = CNOT 50 93
[16926] = CNOT 29 93
[16927] = CNOT 25 93
[16928] = CNOT 5 93
[16929] = CNOT 4 93
[16930] = CNOT 3 93
[16931] = CNOT 95 92
[16932] = CNOT 92 95
[16933] = CNOT 94 91
[16934] = CNOT 91 94
[16935] = CNOT 93 90
[16936] = CNOT 90 93
[16937] = CNOT 82 89
[16938] = CNOT 45 89
[16939] = CNOT 44 89
[16940] = CNOT 39 89
[16941] = CNOT 35 89
[16942] = CNOT 19 89
[16943] = CNOT 16 89
[16944] = CNOT 83 88
[16945] = CNOT 43 88
[16946] = CNOT 34 88
[16947] = CNOT 12 88
[16948] = CNOT 10 88
[16949] = CNOT 84 87
[16950] = CNOT 37 87
[16951] = CNOT 33 87
[16952] = CNOT 6 87
[16953] = CNOT 5 87
[16954] = CNOT 81 86
[16955] = CNOT 40 86
[16956] = CNOT 17 86
[16957] = CNOT 80 85
[16958] = CNOT 38 85
[16959] = CNOT 11 85
[16960] = CNOT 87 84
[16961] = CNOT 84 87
[16962] = CNOT 88 83
[16963] = CNOT 83 88
[16964] = CNOT 89 82
[16965] = CNOT 82 89
[16966] = CNOT 86 81
[16967] = CNOT 81 86
[16968] = CNOT 85 80
[16969] = CNOT 80 85
[16970] = CNOT 92 79
[16971] = CNOT 79 92
[16972] = CNOT 91 78
[16973] = CNOT 78 91
[16974] = CNOT 90 77
[16975] = CNOT 77 90
[16976] = CNOT 79 76
[16977] = CNOT 76 79
[16978] = CNOT 78 75
[16979] = CNOT 75 78
[16980] = CNOT 77 74
[16981] = CNOT 74 77
[16982] = CNOT 69 73
[16983] = CNOT 65 73
[16984] = CNOT 61 73
[16985] = CNOT 57 73
[16986] = CNOT 53 73
[16987] = CNOT 32 73
[16988] = CNOT 28 73
[16989] = CNOT 23 73
[16990] = CNOT 22 73
[16991] = CNOT 21 73
[16992] = CNOT 76 72
[16993] = CNOT 14 72
[16994] = CNOT 72 76
[16995] = CNOT 75 71
[16996] = CNOT 8 71
[16997] = CNOT 71 75
[16998] = CNOT 74 70
[16999] = CNOT 3 70
[17000] = CNOT 70 74
[17001] = CNOT 73 69
[17002] = CNOT 69 73
[17003] = CNOT 72 68
[17004] = CNOT 68 72
[17005] = CNOT 71 67
[17006] = CNOT 67 71
[17007] = CNOT 70 66
[17008] = CNOT 66 70
[17009] = CNOT 69 65
[17010] = CNOT 21 65
[17011] = CNOT 65 69
[17012] = CNOT 68 64
[17013] = CNOT 14 64
[17014] = CNOT 64 68
[17015] = CNOT 67 63
[17016] = CNOT 8 63
[17017] = CNOT 63 67
[17018] = CNOT 66 62
[17019] = CNOT 3 62
[17020] = CNOT 62 66
[17021] = CNOT 65 61
[17022] = CNOT 61 65
[17023] = CNOT 64 60
[17024] = CNOT 60 64
[17025] = CNOT 63 59
[17026] = CNOT 59 63
[17027] = CNOT 62 58
[17028] = CNOT 58 62
[17029] = CNOT 61 57
[17030] = CNOT 21 57
[17031] = CNOT 57 61
[17032] = CNOT 60 56
[17033] = CNOT 14 56
[17034] = CNOT 56 60
[17035] = CNOT 59 55
[17036] = CNOT 8 55
[17037] = CNOT 55 59
[17038] = CNOT 58 54
[17039] = CNOT 3 54
[17040] = CNOT 54 58
[17041] = CNOT 57 53
[17042] = CNOT 53 57
[17043] = CNOT 56 52
[17044] = CNOT 52 56
[17045] = CNOT 55 51
[17046] = CNOT 51 55
[17047] = CNOT 54 50
[17048] = CNOT 50 54
[17049] = CNOT 41 49
[17050] = CNOT 24 49
[17051] = CNOT 81 48
[17052] = CNOT 48 81
[17053] = CNOT 80 47
[17054] = CNOT 47 80
[17055] = CNOT 42 46
[17056] = CNOT 18 46
[17057] = CNOT 82 45
[17058] = CNOT 19 45
[17059] = CNOT 45 82
[17060] = CNOT 45 44
[17061] = CNOT 44 45
[17062] = CNOT 83 43
[17063] = CNOT 12 43
[17064] = CNOT 43 83
[17065] = CNOT 46 42
[17066] = CNOT 42 46
[17067] = CNOT 49 41
[17068] = CNOT 41 49
[17069] = CNOT 48 40
[17070] = CNOT 40 48
[17071] = CNOT 44 39
[17072] = CNOT 39 44
[17073] = CNOT 47 38
[17074] = CNOT 38 47
[17075] = CNOT 84 37
[17076] = CNOT 6 37
[17077] = CNOT 37 84
[17078] = CNOT 23 36
[17079] = CNOT 39 35
[17080] = CNOT 35 39
[17081] = CNOT 43 34
[17082] = CNOT 34 43
[17083] = CNOT 37 33
[17084] = CNOT 33 37
[17085] = CNOT 53 32
[17086] = CNOT 32 53
[17087] = CNOT 52 31
[17088] = CNOT 31 52
[17089] = CNOT 51 30
[17090] = CNOT 30 51
[17091] = CNOT 50 29
[17092] = CNOT 29 50
[17093] = CNOT 32 28
[17094] = CNOT 28 32
[17095] = CNOT 31 27
[17096] = CNOT 27 31
[17097] = CNOT 30 26
[17098] = CNOT 26 30
[17099] = CNOT 29 25
[17100] = CNOT 25 29
[17101] = CNOT 41 24
[17102] = CNOT 24 41
[17103] = CNOT 36 23
[17104] = CNOT 23 36
[17105] = CNOT 36 22
[17106] = CNOT 28 22
[17107] = CNOT 21 22
[17108] = CNOT 22 28
[17109] = CNOT 61 20
[17110] = CNOT 22 20
[17111] = CNOT 19 20
[17112] = CNOT 42 18
[17113] = CNOT 18 42
[17114] = CNOT 40 17
[17115] = CNOT 17 40
[17116] = CNOT 35 16
[17117] = CNOT 16 35
[17118] = CNOT 35 15
[17119] = CNOT 27 15
[17120] = CNOT 14 15
[17121] = CNOT 15 27
[17122] = CNOT 76 13
[17123] = CNOT 60 13
[17124] = CNOT 14 13
[17125] = CNOT 12 13
[17126] = CNOT 38 11
[17127] = CNOT 11 38
[17128] = CNOT 34 10
[17129] = CNOT 10 34
[17130] = CNOT 34 9
[17131] = CNOT 26 9
[17132] = CNOT 8 9
[17133] = CNOT 9 26
[17134] = CNOT 75 7
[17135] = CNOT 59 7
[17136] = CNOT 8 7
[17137] = CNOT 6 7
[17138] = CNOT 33 5
[17139] = CNOT 5 33
[17140] = CNOT 33 4
[17141] = CNOT 25 4
[17142] = CNOT 3 4
[17143] = CNOT 4 25
[17144] = CNOT 1 2
[17145] = H 25
[17146] = M 25
[17147] = H 26
[17148] = M 26
[17149] = H 27
[17150] = M 27
[17151] = H 28
[17152] = M 28
[17153] = H 29
[17154] = M 29
[17155] = H 30
[17156] = M 30
[17157] = H 31
[17158] = M 31
[17159] = H 32
[17160] = M 32
[17161] = H 33
[17162] = M 33
[17163] = H 34
[17164] = M 34
[17165] = H 35
[17166] = M 35
[17167] = H 36
[17168] = M 36
[17169] = H 37
[17170] = M 37
[17171] = H 38
[17172] = M 38
[17173] = H 39
[17174] = M 39
[17175] = H 40
[17176] = M 40
[17177] = H 41
[17178] = M 41
[17179] = H 42
[17180] = M 42
[17181] = H 43
[17182] = M 43
[17183] = H 44
[17184] = M 44
[17185] = H 45
[17186] = M 45
[17187] = H 46
[17188] = M 46
[17189] = H 47
[17190] = M 47
[17191] = H 48
[17192] = M 48
[17193] = H 49
[17194] = M 49
[17195] = H 50
[17196] = M 50
[17197] = H 51
[17198] = M 51
[17199] = H 52
[17200] = M 52
[17201] = H 53
[17202] = M 53
[17203] = H 54
[17204] = M 54
[17205] = H 55
[17206] = M 55
[17207] = H 56
[17208] = M 56
[17209] = H 57
[17210] = M 57
[17211] = H 58
[17212] = M 58
[17213] = H 59
[17214] = M 59
[17215] = H 60
[17216] = M 60
[17217] = H 61
[17218] = M 61
[17219] = H 62
[17220] = M 62
[17221] = H 63
[17222] = M 63
[17223] = H 64
[17224] = M 64
[17225] = H 65
[17226] = M 65
[17227] = H 66
[17228] = M 66
[17229] = H 67
[17230] = M 67
[17231] = H 68
[17232] = M 68
[17233] = H 69
[17234] = M 69
[17235] = H 70
[17236] = M 70
[17237] = H 71
[17238] = M 71
[17239] = H 72
[17240] = M 72
[17241] = H 73
[17242] = M 73
[17243] = H 74
[17244] = M 74
[17245] = H 75
[17246] = M 75
[17247] = H 76
[17248] = M 76
[17249] = H 77
[17250] = M 77
[17251] = H 78
[17252] = M 78
[17253] = H 79
[17254] = M 79
[17255] = H 80
[17256] = M 80
[17257] = H 81
[17258] = M 81
[17259] = H 82
[17260] = M 82
[17261] = H 83
[17262] = M 83
[17263] = H 84
[17264] = M 84
[17265] = H 85
[17266] = M 85
[17267] = H 86
[17268] = M 86
[17269] = H 87
[17270] = M 87
[17271] = H 88
[17272] = M 88
[17273] = H 89
[17274] = M 89
[17275] = H 90
[17276] = M 90
[17277] = H 91
[17278] = M 91
[17279] = H 92
[17280] = M 92
[17281] = H 93
[17282] = M 93
[17283] = H 94
[17284] = M 94
[17285] = H 95
[17286] = M 95
[17287] = H 17
[17288] = H 11
[17289] = H 24
[17290] = H 18
[17291] = H 23
Gate distributions:
Input:
Operator distribution:
Total number of qubits = 24
Number of `data' qubits = 24
Number of `Toff_n' ancillas = 0
Number of Hadamard ancillas = 0
Hadamard ancilla cap = infinite
Number of {CNOT,T} partitions = 1
T count = 399
Cost estimation = 199647
	id	Count
	0	0
	1	0
	2	0
	3	80
	4	67
	5	0
	6	0
	7	0
	8	0
	9	0
	10	57
	11	0
	12	0
	13	0
	14	0
	15	0
	16	0
	17	0
	18	0
Output:
Operator distribution:
Total number of qubits = 95
Number of `data' qubits = 24
Number of `Toff_n' ancillas = 0
Number of Hadamard ancillas = 71
Hadamard ancilla cap = infinite
Number of {CNOT,T} partitions = 1
T count = 125
Cost estimation = 79702.5
	id	Count
	0	0
	1	0
	2	0
	3	151
	4	11111
	5	125
	6	0
	7	0
	8	0
	9	0
	10	0
	11	2310
	12	0
	13	3524
	14	0
	15	0
	16	0
	17	0
	18	71
Output T Count (SQC_Circuit) = 125
Output T Count (PhasePolynomial) = 125
Fail count = 0

Execution time: 6566.82s
Number of LCL errors: 0
Number of LCL warnings: 0
