Optimize a Clifford + T circuit.
Input filename = /home/ryo-mtmt/TOpt/forme/tpar_benchmark/barenco_tof_10.tfc
Number of unknown gates = 0
Number of unknown qubit labels = 0
Circuit filename: /home/ryo-mtmt/TOpt/forme/tpar_benchmark/barenco_tof_10.tfc

n 19
n_x 19
n_y 0
n_z 0
m 101
[0] = H 19
[1] = CCZ 10 18 19
[2] = H 18
[3] = CCZ 9 17 18
[4] = H 17
[5] = CCZ 8 16 17
[6] = H 16
[7] = CCZ 7 15 16
[8] = H 15
[9] = CCZ 6 14 15
[10] = H 14
[11] = CCZ 5 13 14
[12] = H 13
[13] = CCZ 4 12 13
[14] = H 12
[15] = CCZ 3 11 12
[16] = H 11
[17] = CCZ 1 2 11
[18] = H 11
[19] = CCZ 3 11 12
[20] = H 12
[21] = CCZ 4 12 13
[22] = H 13
[23] = CCZ 5 13 14
[24] = H 14
[25] = CCZ 6 14 15
[26] = H 15
[27] = CCZ 7 15 16
[28] = H 16
[29] = CCZ 8 16 17
[30] = H 17
[31] = CCZ 9 17 18
[32] = H 18
[33] = CCZ 10 18 19
[34] = H 19
[35] = H 18
[36] = CCZ 9 17 18
[37] = H 17
[38] = CCZ 8 16 17
[39] = H 16
[40] = CCZ 7 15 16
[41] = H 15
[42] = CCZ 6 14 15
[43] = H 14
[44] = CCZ 5 13 14
[45] = H 13
[46] = CCZ 4 12 13
[47] = H 12
[48] = CCZ 3 11 12
[49] = H 11
[50] = CCZ 1 2 11
[51] = H 11
[52] = CCZ 3 11 12
[53] = H 12
[54] = CCZ 4 12 13
[55] = H 13
[56] = CCZ 5 13 14
[57] = H 14
[58] = CCZ 6 14 15
[59] = H 15
[60] = CCZ 7 15 16
[61] = H 16
[62] = CCZ 8 16 17
[63] = H 17
[64] = CCZ 9 17 18
[65] = H 18

Algorithm used: todd

UniversalOptimize begin.
	Gate synthesis begin.

in LempelX2
		Round = 0
Round 0 | Current Columns (m): 100
		Round = 1
Round 1 | Current Columns (m): 98
		Round = 2
Round 2 | Current Columns (m): 96
		Round = 3
Round 3 | Current Columns (m): 94
		Round = 4
Round 4 | Current Columns (m): 92
		Round = 5
Round 5 | Current Columns (m): 90
		Round = 6
Round 6 | Current Columns (m): 88
		Round = 7
Round 7 | Current Columns (m): 86
		Round = 8
Round 8 | Current Columns (m): 84
nullspace time: 231011 ms, chi time: 83250 ms
Total LempelX2 time: 314283 ms
		TODD executed in 313.666 seconds.
		Total time: 313.667s
	Gate synthesis end.
	Total time: 328.998s
UniversalOptimize end.
Output circuit:
n 50
n_x 19
n_y 0
n_z 31
m 8101
[0] = H 19
[1] = H 20
[2] = H 21
[3] = H 22
[4] = H 23
[5] = H 24
[6] = H 25
[7] = H 26
[8] = H 27
[9] = H 28
[10] = H 29
[11] = H 30
[12] = H 31
[13] = H 32
[14] = H 33
[15] = H 34
[16] = H 35
[17] = H 36
[18] = H 37
[19] = H 38
[20] = H 39
[21] = H 40
[22] = H 41
[23] = H 42
[24] = H 43
[25] = H 44
[26] = H 45
[27] = H 46
[28] = H 47
[29] = H 48
[30] = H 49
[31] = H 50
[32] = CNOT 8 9
[33] = CNOT 8 16
[34] = CNOT 8 18
[35] = CNOT 8 20
[36] = CNOT 8 23
[37] = CNOT 8 31
[38] = CNOT 8 35
[39] = CNOT 8 47
[40] = T 8
[41] = CNOT 8 10
[42] = T 8
[43] = CNOT 8 19
[44] = T 8
[45] = CNOT 8 10
[46] = T 8
[47] = CNOT 8 47
[48] = CNOT 8 35
[49] = CNOT 8 31
[50] = CNOT 8 23
[51] = CNOT 8 20
[52] = CNOT 8 19
[53] = CNOT 8 18
[54] = CNOT 8 16
[55] = CNOT 8 9
[56] = CNOT 8 37
[57] = CNOT 8 49
[58] = T 8
[59] = CNOT 8 49
[60] = CNOT 8 37
[61] = CNOT 8 9
[62] = CNOT 8 16
[63] = CNOT 8 17
[64] = CNOT 8 20
[65] = CNOT 8 23
[66] = CNOT 8 31
[67] = CNOT 8 36
[68] = CNOT 8 47
[69] = CNOT 8 50
[70] = T 8
[71] = CNOT 8 50
[72] = CNOT 8 36
[73] = CNOT 8 17
[74] = CNOT 8 10
[75] = CNOT 8 19
[76] = CNOT 8 24
[77] = CNOT 8 26
[78] = CNOT 8 28
[79] = CNOT 8 38
[80] = CNOT 8 44
[81] = T 8
[82] = CNOT 8 44
[83] = CNOT 8 38
[84] = CNOT 8 28
[85] = CNOT 8 26
[86] = CNOT 8 24
[87] = CNOT 8 20
[88] = CNOT 8 19
[89] = CNOT 8 10
[90] = T 8
[91] = CNOT 8 47
[92] = CNOT 8 31
[93] = CNOT 8 23
[94] = CNOT 8 9
[95] = T 16
[96] = CNOT 37 49
[97] = T 37
[98] = S 37
[99] = CNOT 37 49
[100] = CNOT 8 21
[101] = T 8
[102] = CNOT 8 21
[103] = CNOT 8 16
[104] = CNOT 16 21
[105] = T 16
[106] = S 16
[107] = CNOT 16 21
[108] = CNOT 7 8
[109] = CNOT 7 9
[110] = CNOT 7 10
[111] = CNOT 7 15
[112] = CNOT 7 16
[113] = CNOT 7 19
[114] = CNOT 7 20
[115] = CNOT 7 23
[116] = CNOT 7 24
[117] = CNOT 7 26
[118] = CNOT 7 28
[119] = CNOT 7 31
[120] = CNOT 7 38
[121] = CNOT 7 44
[122] = CNOT 7 47
[123] = CNOT 7 48
[124] = T 7
[125] = CNOT 7 8
[126] = CNOT 8 9
[127] = CNOT 8 10
[128] = CNOT 8 15
[129] = CNOT 8 16
[130] = CNOT 8 19
[131] = CNOT 8 20
[132] = CNOT 8 23
[133] = CNOT 8 24
[134] = CNOT 8 26
[135] = CNOT 8 28
[136] = CNOT 8 31
[137] = CNOT 8 38
[138] = CNOT 8 44
[139] = CNOT 8 47
[140] = CNOT 8 48
[141] = T 8
[142] = CNOT 8 22
[143] = T 8
[144] = CNOT 8 48
[145] = CNOT 8 47
[146] = CNOT 8 44
[147] = CNOT 8 38
[148] = CNOT 8 31
[149] = CNOT 8 28
[150] = CNOT 8 26
[151] = CNOT 8 24
[152] = CNOT 8 23
[153] = CNOT 8 22
[154] = CNOT 8 20
[155] = CNOT 8 19
[156] = CNOT 8 16
[157] = CNOT 8 15
[158] = CNOT 8 10
[159] = CNOT 8 9
[160] = CNOT 7 8
[161] = CNOT 7 22
[162] = T 7
[163] = CNOT 7 48
[164] = CNOT 7 38
[165] = CNOT 7 22
[166] = CNOT 7 15
[167] = CNOT 7 8
[168] = CNOT 6 8
[169] = CNOT 6 14
[170] = CNOT 6 16
[171] = CNOT 6 47
[172] = T 6
[173] = CNOT 6 8
[174] = CNOT 8 14
[175] = CNOT 8 16
[176] = CNOT 8 47
[177] = T 8
[178] = CNOT 8 23
[179] = T 8
[180] = CNOT 8 47
[181] = CNOT 8 23
[182] = CNOT 8 16
[183] = CNOT 8 14
[184] = CNOT 6 8
[185] = CNOT 6 23
[186] = T 6
[187] = CNOT 6 14
[188] = CNOT 6 8
[189] = CNOT 5 8
[190] = CNOT 5 9
[191] = CNOT 5 10
[192] = CNOT 5 16
[193] = CNOT 5 19
[194] = CNOT 5 20
[195] = CNOT 5 23
[196] = CNOT 5 31
[197] = CNOT 5 47
[198] = T 5
[199] = CNOT 5 8
[200] = CNOT 7 8
[201] = T 7
[202] = CNOT 7 8
[203] = CNOT 8 49
[204] = T 8
[205] = S 8
[206] = CNOT 8 49
[207] = CNOT 5 8
[208] = CNOT 5 24
[209] = T 5
[210] = CNOT 5 8
[211] = CNOT 4 8
[212] = CNOT 4 12
[213] = CNOT 4 33
[214] = CNOT 4 37
[215] = CNOT 4 41
[216] = CNOT 4 45
[217] = T 4
[218] = CNOT 4 8
[219] = CNOT 8 12
[220] = CNOT 8 33
[221] = CNOT 8 37
[222] = CNOT 8 41
[223] = CNOT 8 45
[224] = T 8
[225] = CNOT 8 25
[226] = T 8
[227] = CNOT 8 45
[228] = CNOT 8 41
[229] = CNOT 8 37
[230] = CNOT 8 33
[231] = CNOT 8 25
[232] = CNOT 8 12
[233] = CNOT 4 8
[234] = CNOT 4 25
[235] = T 4
[236] = CNOT 4 12
[237] = CNOT 4 8
[238] = CNOT 3 8
[239] = CNOT 3 9
[240] = CNOT 3 10
[241] = CNOT 3 11
[242] = CNOT 3 16
[243] = CNOT 3 19
[244] = CNOT 3 20
[245] = CNOT 3 23
[246] = CNOT 3 24
[247] = CNOT 3 26
[248] = CNOT 3 28
[249] = CNOT 3 31
[250] = CNOT 3 47
[251] = T 3
[252] = CNOT 3 26
[253] = CNOT 3 8
[254] = CNOT 8 9
[255] = CNOT 8 10
[256] = CNOT 8 11
[257] = CNOT 8 16
[258] = CNOT 8 19
[259] = CNOT 8 20
[260] = CNOT 8 23
[261] = CNOT 8 24
[262] = CNOT 8 26
[263] = CNOT 8 28
[264] = CNOT 8 31
[265] = CNOT 8 47
[266] = T 8
[267] = CNOT 8 26
[268] = T 8
[269] = CNOT 8 47
[270] = CNOT 8 31
[271] = CNOT 8 28
[272] = CNOT 8 24
[273] = CNOT 8 23
[274] = CNOT 8 20
[275] = CNOT 8 19
[276] = CNOT 8 16
[277] = CNOT 8 11
[278] = CNOT 8 10
[279] = CNOT 8 9
[280] = CNOT 3 8
[281] = T 3
[282] = CNOT 3 28
[283] = CNOT 3 11
[284] = CNOT 3 8
[285] = CNOT 2 8
[286] = CNOT 2 16
[287] = CNOT 2 20
[288] = CNOT 2 23
[289] = CNOT 2 27
[290] = CNOT 2 31
[291] = CNOT 2 43
[292] = CNOT 2 47
[293] = T 2
[294] = CNOT 2 47
[295] = CNOT 2 43
[296] = CNOT 2 31
[297] = CNOT 2 27
[298] = CNOT 2 23
[299] = CNOT 2 20
[300] = CNOT 2 16
[301] = CNOT 2 8
[302] = CNOT 1 8
[303] = CNOT 1 16
[304] = CNOT 1 20
[305] = CNOT 1 23
[306] = CNOT 1 27
[307] = CNOT 1 31
[308] = CNOT 1 43
[309] = CNOT 1 47
[310] = T 1
[311] = CNOT 1 8
[312] = CNOT 8 16
[313] = CNOT 8 20
[314] = CNOT 8 23
[315] = CNOT 8 27
[316] = CNOT 8 31
[317] = CNOT 8 43
[318] = CNOT 8 47
[319] = T 8
[320] = CNOT 8 47
[321] = CNOT 8 43
[322] = CNOT 8 31
[323] = CNOT 8 27
[324] = CNOT 8 23
[325] = CNOT 8 20
[326] = CNOT 8 16
[327] = CNOT 1 2
[328] = CNOT 1 8
[329] = T 1
[330] = CNOT 1 43
[331] = CNOT 1 27
[332] = CNOT 1 8
[333] = CNOT 1 2
[334] = T 49
[335] = S 49
[336] = Z 49
[337] = CNOT 3 8
[338] = T 3
[339] = CNOT 3 8
[340] = CNOT 8 25
[341] = CNOT 8 29
[342] = CNOT 8 33
[343] = CNOT 8 37
[344] = CNOT 8 41
[345] = CNOT 8 45
[346] = T 8
[347] = CNOT 8 45
[348] = CNOT 8 41
[349] = CNOT 8 37
[350] = CNOT 8 33
[351] = CNOT 8 29
[352] = CNOT 8 25
[353] = CNOT 4 8
[354] = CNOT 4 29
[355] = T 4
[356] = CNOT 4 41
[357] = CNOT 4 33
[358] = CNOT 4 25
[359] = CNOT 4 8
[360] = CNOT 8 9
[361] = CNOT 8 10
[362] = CNOT 8 13
[363] = CNOT 8 16
[364] = CNOT 8 19
[365] = CNOT 8 20
[366] = CNOT 8 23
[367] = CNOT 8 24
[368] = CNOT 8 30
[369] = CNOT 8 31
[370] = CNOT 8 47
[371] = T 8
[372] = CNOT 8 47
[373] = CNOT 8 31
[374] = CNOT 8 30
[375] = CNOT 8 24
[376] = CNOT 8 23
[377] = CNOT 8 20
[378] = CNOT 8 19
[379] = CNOT 8 16
[380] = CNOT 8 13
[381] = CNOT 8 10
[382] = CNOT 8 9
[383] = CNOT 5 8
[384] = CNOT 5 13
[385] = CNOT 5 30
[386] = T 5
[387] = CNOT 5 24
[388] = CNOT 5 8
[389] = CNOT 7 8
[390] = CNOT 7 38
[391] = T 7
[392] = CNOT 7 8
[393] = CNOT 6 8
[394] = CNOT 6 31
[395] = T 6
[396] = CNOT 6 47
[397] = CNOT 6 31
[398] = CNOT 6 23
[399] = CNOT 6 8
[400] = CNOT 8 9
[401] = CNOT 8 10
[402] = CNOT 8 16
[403] = CNOT 8 19
[404] = CNOT 8 20
[405] = CNOT 8 22
[406] = CNOT 8 23
[407] = CNOT 8 24
[408] = CNOT 8 26
[409] = CNOT 8 28
[410] = CNOT 8 31
[411] = CNOT 8 32
[412] = CNOT 8 38
[413] = CNOT 8 44
[414] = CNOT 8 47
[415] = CNOT 8 48
[416] = T 8
[417] = CNOT 8 48
[418] = CNOT 8 47
[419] = CNOT 8 44
[420] = CNOT 8 38
[421] = CNOT 8 32
[422] = CNOT 8 31
[423] = CNOT 8 28
[424] = CNOT 8 26
[425] = CNOT 8 24
[426] = CNOT 8 23
[427] = CNOT 8 22
[428] = CNOT 8 20
[429] = CNOT 8 19
[430] = CNOT 8 16
[431] = CNOT 8 10
[432] = CNOT 8 9
[433] = CNOT 7 8
[434] = CNOT 7 22
[435] = CNOT 7 32
[436] = CNOT 7 48
[437] = T 7
[438] = CNOT 7 38
[439] = CNOT 7 22
[440] = CNOT 7 8
[441] = CNOT 8 21
[442] = CNOT 8 33
[443] = T 8
[444] = CNOT 8 33
[445] = CNOT 8 21
[446] = CNOT 21 33
[447] = T 21
[448] = S 21
[449] = CNOT 21 33
[450] = CNOT 8 16
[451] = CNOT 8 17
[452] = CNOT 8 23
[453] = CNOT 8 31
[454] = CNOT 8 34
[455] = CNOT 8 47
[456] = T 8
[457] = CNOT 8 9
[458] = T 8
[459] = CNOT 8 47
[460] = CNOT 8 34
[461] = CNOT 8 31
[462] = CNOT 8 23
[463] = CNOT 8 17
[464] = CNOT 8 16
[465] = CNOT 8 9
[466] = CNOT 6 8
[467] = T 6
[468] = S 6
[469] = CNOT 6 8
[470] = CNOT 8 9
[471] = CNOT 8 10
[472] = CNOT 8 16
[473] = CNOT 8 20
[474] = CNOT 8 23
[475] = CNOT 8 31
[476] = CNOT 8 47
[477] = T 8
[478] = CNOT 8 47
[479] = CNOT 8 31
[480] = CNOT 8 23
[481] = CNOT 8 20
[482] = CNOT 8 16
[483] = CNOT 8 10
[484] = CNOT 8 9
[485] = CNOT 6 8
[486] = CNOT 6 39
[487] = T 6
[488] = CNOT 6 8
[489] = CNOT 8 9
[490] = CNOT 8 16
[491] = CNOT 8 19
[492] = CNOT 8 20
[493] = CNOT 8 23
[494] = CNOT 8 31
[495] = CNOT 8 47
[496] = T 8
[497] = CNOT 8 19
[498] = CNOT 8 9
[499] = CNOT 8 17
[500] = CNOT 8 34
[501] = CNOT 8 36
[502] = T 8
[503] = CNOT 8 9
[504] = T 8
[505] = CNOT 8 36
[506] = CNOT 8 34
[507] = CNOT 8 9
[508] = CNOT 8 50
[509] = T 8
[510] = CNOT 8 50
[511] = CNOT 8 17
[512] = CNOT 33 37
[513] = T 33
[514] = CNOT 33 37
[515] = CNOT 8 9
[516] = CNOT 8 10
[517] = CNOT 8 19
[518] = CNOT 8 24
[519] = CNOT 8 26
[520] = CNOT 8 28
[521] = CNOT 8 32
[522] = CNOT 8 44
[523] = CNOT 8 48
[524] = T 8
[525] = CNOT 8 48
[526] = CNOT 8 47
[527] = CNOT 8 44
[528] = CNOT 8 32
[529] = CNOT 8 31
[530] = CNOT 8 28
[531] = CNOT 8 26
[532] = CNOT 8 24
[533] = CNOT 8 23
[534] = CNOT 8 20
[535] = CNOT 8 19
[536] = CNOT 8 16
[537] = CNOT 8 10
[538] = CNOT 8 9
[539] = CNOT 7 8
[540] = T 7
[541] = CNOT 7 48
[542] = CNOT 7 47
[543] = CNOT 7 44
[544] = CNOT 7 32
[545] = CNOT 7 31
[546] = CNOT 7 28
[547] = CNOT 7 26
[548] = CNOT 7 24
[549] = CNOT 7 23
[550] = CNOT 7 20
[551] = CNOT 7 19
[552] = CNOT 7 16
[553] = CNOT 7 10
[554] = CNOT 7 9
[555] = CNOT 7 8
[556] = CNOT 8 16
[557] = CNOT 8 31
[558] = CNOT 8 39
[559] = CNOT 8 47
[560] = T 8
[561] = CNOT 8 47
[562] = CNOT 8 39
[563] = CNOT 8 31
[564] = CNOT 8 16
[565] = CNOT 6 8
[566] = CNOT 6 31
[567] = CNOT 6 47
[568] = T 6
[569] = CNOT 6 47
[570] = CNOT 6 39
[571] = CNOT 6 31
[572] = CNOT 6 16
[573] = CNOT 6 8
[574] = CNOT 8 9
[575] = CNOT 8 10
[576] = CNOT 8 13
[577] = CNOT 8 16
[578] = CNOT 8 19
[579] = CNOT 8 20
[580] = CNOT 8 23
[581] = CNOT 8 30
[582] = CNOT 8 31
[583] = CNOT 8 40
[584] = CNOT 8 47
[585] = T 8
[586] = CNOT 8 47
[587] = CNOT 8 40
[588] = CNOT 8 31
[589] = CNOT 8 30
[590] = CNOT 8 23
[591] = CNOT 8 20
[592] = CNOT 8 19
[593] = CNOT 8 16
[594] = CNOT 8 13
[595] = CNOT 8 10
[596] = CNOT 8 9
[597] = CNOT 5 8
[598] = CNOT 5 40
[599] = T 5
[600] = CNOT 5 40
[601] = CNOT 5 30
[602] = CNOT 5 8
[603] = CNOT 8 29
[604] = CNOT 8 33
[605] = CNOT 8 37
[606] = CNOT 8 45
[607] = T 8
[608] = CNOT 8 45
[609] = CNOT 8 37
[610] = CNOT 8 33
[611] = CNOT 8 29
[612] = CNOT 4 8
[613] = CNOT 4 33
[614] = T 4
[615] = CNOT 4 45
[616] = CNOT 4 29
[617] = CNOT 4 8
[618] = CNOT 8 9
[619] = CNOT 8 10
[620] = CNOT 8 16
[621] = CNOT 8 19
[622] = CNOT 8 20
[623] = CNOT 8 23
[624] = CNOT 8 24
[625] = CNOT 8 26
[626] = CNOT 8 31
[627] = CNOT 8 42
[628] = CNOT 8 47
[629] = T 8
[630] = CNOT 8 47
[631] = CNOT 8 42
[632] = CNOT 8 31
[633] = CNOT 8 26
[634] = CNOT 8 24
[635] = CNOT 8 23
[636] = CNOT 8 20
[637] = CNOT 8 19
[638] = CNOT 8 16
[639] = CNOT 8 10
[640] = CNOT 8 9
[641] = CNOT 3 8
[642] = CNOT 3 26
[643] = CNOT 3 42
[644] = T 3
[645] = CNOT 3 42
[646] = CNOT 3 8
[647] = CNOT 2 8
[648] = CNOT 2 16
[649] = CNOT 2 20
[650] = CNOT 2 23
[651] = CNOT 2 31
[652] = CNOT 2 47
[653] = T 2
[654] = CNOT 2 47
[655] = CNOT 2 31
[656] = CNOT 2 23
[657] = CNOT 2 20
[658] = CNOT 2 16
[659] = CNOT 2 8
[660] = CNOT 1 8
[661] = T 1
[662] = CNOT 1 8
[663] = CNOT 8 16
[664] = CNOT 8 17
[665] = CNOT 8 20
[666] = CNOT 8 23
[667] = CNOT 8 31
[668] = CNOT 8 36
[669] = CNOT 8 47
[670] = CNOT 8 50
[671] = T 8
[672] = CNOT 8 50
[673] = CNOT 8 47
[674] = CNOT 8 36
[675] = CNOT 8 31
[676] = CNOT 8 23
[677] = CNOT 8 20
[678] = CNOT 8 17
[679] = CNOT 8 16
[680] = CNOT 1 2
[681] = CNOT 1 8
[682] = T 1
[683] = CNOT 1 47
[684] = CNOT 1 31
[685] = CNOT 1 23
[686] = CNOT 1 20
[687] = CNOT 1 16
[688] = CNOT 1 8
[689] = CNOT 1 2
[690] = CNOT 3 8
[691] = CNOT 3 28
[692] = CNOT 3 44
[693] = T 3
[694] = CNOT 3 8
[695] = CNOT 8 16
[696] = CNOT 8 39
[697] = T 8
[698] = Z 8
[699] = CNOT 8 39
[700] = CNOT 8 9
[701] = CNOT 8 10
[702] = CNOT 8 19
[703] = CNOT 8 20
[704] = CNOT 8 23
[705] = CNOT 8 24
[706] = CNOT 8 26
[707] = CNOT 8 28
[708] = CNOT 8 31
[709] = CNOT 8 42
[710] = CNOT 8 44
[711] = CNOT 8 47
[712] = T 8
[713] = CNOT 8 47
[714] = CNOT 8 44
[715] = CNOT 8 42
[716] = CNOT 8 31
[717] = CNOT 8 28
[718] = CNOT 8 26
[719] = CNOT 8 24
[720] = CNOT 8 23
[721] = CNOT 8 20
[722] = CNOT 8 19
[723] = CNOT 8 16
[724] = CNOT 8 10
[725] = CNOT 8 9
[726] = CNOT 3 8
[727] = CNOT 3 42
[728] = T 3
[729] = CNOT 3 47
[730] = CNOT 3 44
[731] = CNOT 3 42
[732] = CNOT 3 31
[733] = CNOT 3 28
[734] = CNOT 3 26
[735] = CNOT 3 24
[736] = CNOT 3 23
[737] = CNOT 3 20
[738] = CNOT 3 19
[739] = CNOT 3 16
[740] = CNOT 3 10
[741] = CNOT 3 9
[742] = CNOT 3 8
[743] = CNOT 4 8
[744] = CNOT 4 41
[745] = T 4
[746] = CNOT 4 41
[747] = CNOT 4 8
[748] = CNOT 8 33
[749] = CNOT 8 37
[750] = CNOT 8 41
[751] = T 8
[752] = CNOT 8 41
[753] = CNOT 8 37
[754] = CNOT 8 33
[755] = CNOT 8 9
[756] = CNOT 8 16
[757] = CNOT 8 17
[758] = CNOT 8 20
[759] = CNOT 8 23
[760] = CNOT 8 31
[761] = CNOT 8 47
[762] = CNOT 8 50
[763] = T 8
[764] = CNOT 8 50
[765] = CNOT 8 47
[766] = CNOT 8 31
[767] = CNOT 8 23
[768] = CNOT 8 20
[769] = CNOT 8 17
[770] = CNOT 8 16
[771] = CNOT 8 9
[772] = CNOT 4 8
[773] = T 4
[774] = CNOT 4 37
[775] = CNOT 4 33
[776] = CNOT 4 8
[777] = CNOT 5 8
[778] = CNOT 5 46
[779] = T 5
[780] = CNOT 5 8
[781] = CNOT 8 9
[782] = CNOT 8 10
[783] = CNOT 8 13
[784] = CNOT 8 16
[785] = CNOT 8 19
[786] = CNOT 8 20
[787] = CNOT 8 23
[788] = CNOT 8 31
[789] = CNOT 8 46
[790] = CNOT 8 47
[791] = T 8
[792] = CNOT 8 40
[793] = T 8
[794] = CNOT 8 47
[795] = CNOT 8 46
[796] = CNOT 8 40
[797] = CNOT 8 31
[798] = CNOT 8 23
[799] = CNOT 8 20
[800] = CNOT 8 19
[801] = CNOT 8 16
[802] = CNOT 8 13
[803] = CNOT 8 10
[804] = CNOT 8 9
[805] = CNOT 5 8
[806] = CNOT 5 40
[807] = T 5
[808] = CNOT 5 47
[809] = CNOT 5 46
[810] = CNOT 5 40
[811] = CNOT 5 31
[812] = CNOT 5 23
[813] = CNOT 5 20
[814] = CNOT 5 19
[815] = CNOT 5 16
[816] = CNOT 5 13
[817] = CNOT 5 10
[818] = CNOT 5 9
[819] = CNOT 5 8
[820] = Z 1
[821] = Z 2
[822] = Z 3
[823] = S 4
[824] = S 5
[825] = Z 5
[826] = S 6
[827] = Z 6
[828] = S 8
[829] = Z 8
[830] = S 9
[831] = Z 9
[832] = S 10
[833] = S 11
[834] = S 12
[835] = Z 12
[836] = S 13
[837] = Z 13
[838] = S 14
[839] = S 15
[840] = Z 17
[841] = S 18
[842] = Z 18
[843] = S 19
[844] = S 21
[845] = S 23
[846] = S 24
[847] = Z 24
[848] = S 26
[849] = S 28
[850] = S 30
[851] = S 31
[852] = S 33
[853] = Z 33
[854] = Z 35
[855] = S 36
[856] = S 37
[857] = Z 37
[858] = S 40
[859] = S 42
[860] = Z 42
[861] = S 46
[862] = S 47
[863] = Z 47
[864] = Z 48
[865] = S 50
[866] = CNOT 1 2
[867] = S 1
[868] = Z 1
[869] = CNOT 1 2
[870] = CNOT 1 8
[871] = S 1
[872] = Z 1
[873] = CNOT 1 8
[874] = CNOT 1 16
[875] = S 1
[876] = Z 1
[877] = CNOT 1 16
[878] = CNOT 1 20
[879] = S 1
[880] = Z 1
[881] = CNOT 1 20
[882] = CNOT 1 23
[883] = S 1
[884] = Z 1
[885] = CNOT 1 23
[886] = CNOT 1 31
[887] = S 1
[888] = Z 1
[889] = CNOT 1 31
[890] = CNOT 1 47
[891] = S 1
[892] = Z 1
[893] = CNOT 1 47
[894] = CNOT 2 8
[895] = S 2
[896] = Z 2
[897] = CNOT 2 8
[898] = CNOT 2 16
[899] = S 2
[900] = Z 2
[901] = CNOT 2 16
[902] = CNOT 2 20
[903] = S 2
[904] = Z 2
[905] = CNOT 2 20
[906] = CNOT 2 23
[907] = S 2
[908] = Z 2
[909] = CNOT 2 23
[910] = CNOT 2 31
[911] = S 2
[912] = Z 2
[913] = CNOT 2 31
[914] = CNOT 2 47
[915] = S 2
[916] = Z 2
[917] = CNOT 2 47
[918] = CNOT 3 8
[919] = S 3
[920] = CNOT 3 8
[921] = CNOT 3 9
[922] = S 3
[923] = CNOT 3 9
[924] = CNOT 3 10
[925] = S 3
[926] = CNOT 3 10
[927] = CNOT 3 16
[928] = S 3
[929] = CNOT 3 16
[930] = CNOT 3 19
[931] = S 3
[932] = CNOT 3 19
[933] = CNOT 3 20
[934] = S 3
[935] = CNOT 3 20
[936] = CNOT 3 23
[937] = S 3
[938] = CNOT 3 23
[939] = CNOT 3 24
[940] = S 3
[941] = CNOT 3 24
[942] = CNOT 3 26
[943] = S 3
[944] = CNOT 3 26
[945] = CNOT 3 28
[946] = S 3
[947] = CNOT 3 28
[948] = CNOT 3 31
[949] = S 3
[950] = CNOT 3 31
[951] = CNOT 3 44
[952] = S 3
[953] = CNOT 3 44
[954] = CNOT 3 47
[955] = S 3
[956] = CNOT 3 47
[957] = CNOT 4 12
[958] = Z 4
[959] = CNOT 4 12
[960] = CNOT 4 25
[961] = Z 4
[962] = CNOT 4 25
[963] = CNOT 4 29
[964] = S 4
[965] = CNOT 4 29
[966] = CNOT 4 41
[967] = S 4
[968] = Z 4
[969] = CNOT 4 41
[970] = CNOT 5 8
[971] = S 5
[972] = CNOT 5 8
[973] = CNOT 5 9
[974] = S 5
[975] = CNOT 5 9
[976] = CNOT 5 10
[977] = S 5
[978] = CNOT 5 10
[979] = CNOT 5 13
[980] = S 5
[981] = Z 5
[982] = CNOT 5 13
[983] = CNOT 5 16
[984] = S 5
[985] = CNOT 5 16
[986] = CNOT 5 19
[987] = S 5
[988] = CNOT 5 19
[989] = CNOT 5 20
[990] = S 5
[991] = CNOT 5 20
[992] = CNOT 5 23
[993] = S 5
[994] = CNOT 5 23
[995] = CNOT 5 24
[996] = Z 5
[997] = CNOT 5 24
[998] = CNOT 5 30
[999] = S 5
[1000] = Z 5
[1001] = CNOT 5 30
[1002] = CNOT 5 31
[1003] = S 5
[1004] = CNOT 5 31
[1005] = CNOT 5 40
[1006] = S 5
[1007] = Z 5
[1008] = CNOT 5 40
[1009] = CNOT 5 46
[1010] = S 5
[1011] = Z 5
[1012] = CNOT 5 46
[1013] = CNOT 5 47
[1014] = S 5
[1015] = CNOT 5 47
[1016] = CNOT 6 39
[1017] = S 6
[1018] = Z 6
[1019] = CNOT 6 39
[1020] = CNOT 6 47
[1021] = S 6
[1022] = CNOT 6 47
[1023] = CNOT 7 8
[1024] = Z 7
[1025] = CNOT 7 8
[1026] = CNOT 7 9
[1027] = Z 7
[1028] = CNOT 7 9
[1029] = CNOT 7 10
[1030] = Z 7
[1031] = CNOT 7 10
[1032] = CNOT 7 16
[1033] = Z 7
[1034] = CNOT 7 16
[1035] = CNOT 7 19
[1036] = Z 7
[1037] = CNOT 7 19
[1038] = CNOT 7 20
[1039] = Z 7
[1040] = CNOT 7 20
[1041] = CNOT 7 23
[1042] = Z 7
[1043] = CNOT 7 23
[1044] = CNOT 7 24
[1045] = Z 7
[1046] = CNOT 7 24
[1047] = CNOT 7 26
[1048] = Z 7
[1049] = CNOT 7 26
[1050] = CNOT 7 28
[1051] = Z 7
[1052] = CNOT 7 28
[1053] = CNOT 7 31
[1054] = Z 7
[1055] = CNOT 7 31
[1056] = CNOT 7 32
[1057] = S 7
[1058] = Z 7
[1059] = CNOT 7 32
[1060] = CNOT 7 38
[1061] = S 7
[1062] = Z 7
[1063] = CNOT 7 38
[1064] = CNOT 7 44
[1065] = Z 7
[1066] = CNOT 7 44
[1067] = CNOT 7 47
[1068] = Z 7
[1069] = CNOT 7 47
[1070] = CNOT 8 9
[1071] = Z 8
[1072] = CNOT 8 9
[1073] = CNOT 8 10
[1074] = S 8
[1075] = Z 8
[1076] = CNOT 8 10
[1077] = CNOT 8 13
[1078] = S 8
[1079] = CNOT 8 13
[1080] = CNOT 8 16
[1081] = S 8
[1082] = CNOT 8 16
[1083] = CNOT 8 17
[1084] = S 8
[1085] = Z 8
[1086] = CNOT 8 17
[1087] = CNOT 8 18
[1088] = Z 8
[1089] = CNOT 8 18
[1090] = CNOT 8 19
[1091] = S 8
[1092] = Z 8
[1093] = CNOT 8 19
[1094] = CNOT 8 20
[1095] = S 8
[1096] = CNOT 8 20
[1097] = CNOT 8 21
[1098] = S 8
[1099] = CNOT 8 21
[1100] = CNOT 8 22
[1101] = S 8
[1102] = CNOT 8 22
[1103] = CNOT 8 23
[1104] = S 8
[1105] = CNOT 8 23
[1106] = CNOT 8 25
[1107] = S 8
[1108] = CNOT 8 25
[1109] = CNOT 8 26
[1110] = S 8
[1111] = Z 8
[1112] = CNOT 8 26
[1113] = CNOT 8 28
[1114] = S 8
[1115] = Z 8
[1116] = CNOT 8 28
[1117] = CNOT 8 29
[1118] = S 8
[1119] = Z 8
[1120] = CNOT 8 29
[1121] = CNOT 8 30
[1122] = S 8
[1123] = Z 8
[1124] = CNOT 8 30
[1125] = CNOT 8 31
[1126] = S 8
[1127] = CNOT 8 31
[1128] = CNOT 8 32
[1129] = S 8
[1130] = Z 8
[1131] = CNOT 8 32
[1132] = CNOT 8 34
[1133] = S 8
[1134] = Z 8
[1135] = CNOT 8 34
[1136] = CNOT 8 35
[1137] = Z 8
[1138] = CNOT 8 35
[1139] = CNOT 8 36
[1140] = S 8
[1141] = CNOT 8 36
[1142] = CNOT 8 38
[1143] = Z 8
[1144] = CNOT 8 38
[1145] = CNOT 8 39
[1146] = S 8
[1147] = Z 8
[1148] = CNOT 8 39
[1149] = CNOT 8 40
[1150] = S 8
[1151] = Z 8
[1152] = CNOT 8 40
[1153] = CNOT 8 41
[1154] = Z 8
[1155] = CNOT 8 41
[1156] = CNOT 8 42
[1157] = S 8
[1158] = CNOT 8 42
[1159] = CNOT 8 44
[1160] = S 8
[1161] = Z 8
[1162] = CNOT 8 44
[1163] = CNOT 8 45
[1164] = S 8
[1165] = Z 8
[1166] = CNOT 8 45
[1167] = CNOT 8 46
[1168] = Z 8
[1169] = CNOT 8 46
[1170] = CNOT 8 47
[1171] = S 8
[1172] = CNOT 8 47
[1173] = CNOT 8 48
[1174] = S 8
[1175] = Z 8
[1176] = CNOT 8 48
[1177] = CNOT 9 10
[1178] = S 9
[1179] = Z 9
[1180] = CNOT 9 10
[1181] = CNOT 9 13
[1182] = S 9
[1183] = CNOT 9 13
[1184] = CNOT 9 16
[1185] = Z 9
[1186] = CNOT 9 16
[1187] = CNOT 9 18
[1188] = Z 9
[1189] = CNOT 9 18
[1190] = CNOT 9 19
[1191] = S 9
[1192] = Z 9
[1193] = CNOT 9 19
[1194] = CNOT 9 20
[1195] = S 9
[1196] = Z 9
[1197] = CNOT 9 20
[1198] = CNOT 9 22
[1199] = S 9
[1200] = CNOT 9 22
[1201] = CNOT 9 23
[1202] = Z 9
[1203] = CNOT 9 23
[1204] = CNOT 9 26
[1205] = S 9
[1206] = Z 9
[1207] = CNOT 9 26
[1208] = CNOT 9 28
[1209] = S 9
[1210] = Z 9
[1211] = CNOT 9 28
[1212] = CNOT 9 30
[1213] = S 9
[1214] = Z 9
[1215] = CNOT 9 30
[1216] = CNOT 9 31
[1217] = Z 9
[1218] = CNOT 9 31
[1219] = CNOT 9 32
[1220] = S 9
[1221] = Z 9
[1222] = CNOT 9 32
[1223] = CNOT 9 34
[1224] = S 9
[1225] = Z 9
[1226] = CNOT 9 34
[1227] = CNOT 9 35
[1228] = Z 9
[1229] = CNOT 9 35
[1230] = CNOT 9 38
[1231] = Z 9
[1232] = CNOT 9 38
[1233] = CNOT 9 40
[1234] = S 9
[1235] = Z 9
[1236] = CNOT 9 40
[1237] = CNOT 9 42
[1238] = S 9
[1239] = CNOT 9 42
[1240] = CNOT 9 44
[1241] = S 9
[1242] = Z 9
[1243] = CNOT 9 44
[1244] = CNOT 9 46
[1245] = Z 9
[1246] = CNOT 9 46
[1247] = CNOT 9 47
[1248] = Z 9
[1249] = CNOT 9 47
[1250] = CNOT 9 48
[1251] = S 9
[1252] = Z 9
[1253] = CNOT 9 48
[1254] = CNOT 10 13
[1255] = S 10
[1256] = CNOT 10 13
[1257] = CNOT 10 16
[1258] = S 10
[1259] = Z 10
[1260] = CNOT 10 16
[1261] = CNOT 10 18
[1262] = S 10
[1263] = CNOT 10 18
[1264] = CNOT 10 19
[1265] = Z 10
[1266] = CNOT 10 19
[1267] = CNOT 10 20
[1268] = S 10
[1269] = Z 10
[1270] = CNOT 10 20
[1271] = CNOT 10 22
[1272] = S 10
[1273] = CNOT 10 22
[1274] = CNOT 10 23
[1275] = S 10
[1276] = Z 10
[1277] = CNOT 10 23
[1278] = CNOT 10 26
[1279] = S 10
[1280] = Z 10
[1281] = CNOT 10 26
[1282] = CNOT 10 28
[1283] = S 10
[1284] = Z 10
[1285] = CNOT 10 28
[1286] = CNOT 10 30
[1287] = S 10
[1288] = Z 10
[1289] = CNOT 10 30
[1290] = CNOT 10 31
[1291] = S 10
[1292] = Z 10
[1293] = CNOT 10 31
[1294] = CNOT 10 32
[1295] = S 10
[1296] = Z 10
[1297] = CNOT 10 32
[1298] = CNOT 10 35
[1299] = S 10
[1300] = CNOT 10 35
[1301] = CNOT 10 38
[1302] = Z 10
[1303] = CNOT 10 38
[1304] = CNOT 10 40
[1305] = S 10
[1306] = Z 10
[1307] = CNOT 10 40
[1308] = CNOT 10 42
[1309] = S 10
[1310] = CNOT 10 42
[1311] = CNOT 10 44
[1312] = S 10
[1313] = Z 10
[1314] = CNOT 10 44
[1315] = CNOT 10 46
[1316] = Z 10
[1317] = CNOT 10 46
[1318] = CNOT 10 47
[1319] = S 10
[1320] = Z 10
[1321] = CNOT 10 47
[1322] = CNOT 10 48
[1323] = S 10
[1324] = Z 10
[1325] = CNOT 10 48
[1326] = CNOT 11 27
[1327] = S 11
[1328] = CNOT 11 27
[1329] = CNOT 12 25
[1330] = Z 12
[1331] = CNOT 12 25
[1332] = CNOT 12 26
[1333] = S 12
[1334] = CNOT 12 26
[1335] = CNOT 13 16
[1336] = S 13
[1337] = CNOT 13 16
[1338] = CNOT 13 19
[1339] = S 13
[1340] = CNOT 13 19
[1341] = CNOT 13 20
[1342] = S 13
[1343] = CNOT 13 20
[1344] = CNOT 13 23
[1345] = S 13
[1346] = CNOT 13 23
[1347] = CNOT 13 24
[1348] = S 13
[1349] = Z 13
[1350] = CNOT 13 24
[1351] = CNOT 13 25
[1352] = S 13
[1353] = CNOT 13 25
[1354] = CNOT 13 30
[1355] = S 13
[1356] = Z 13
[1357] = CNOT 13 30
[1358] = CNOT 13 31
[1359] = S 13
[1360] = CNOT 13 31
[1361] = CNOT 13 40
[1362] = S 13
[1363] = Z 13
[1364] = CNOT 13 40
[1365] = CNOT 13 46
[1366] = Z 13
[1367] = CNOT 13 46
[1368] = CNOT 13 47
[1369] = S 13
[1370] = CNOT 13 47
[1371] = CNOT 14 24
[1372] = S 14
[1373] = CNOT 14 24
[1374] = CNOT 15 23
[1375] = S 15
[1376] = CNOT 15 23
[1377] = CNOT 16 17
[1378] = S 16
[1379] = Z 16
[1380] = CNOT 16 17
[1381] = CNOT 16 18
[1382] = Z 16
[1383] = CNOT 16 18
[1384] = CNOT 16 19
[1385] = S 16
[1386] = Z 16
[1387] = CNOT 16 19
[1388] = CNOT 16 20
[1389] = S 16
[1390] = CNOT 16 20
[1391] = CNOT 16 22
[1392] = Z 16
[1393] = CNOT 16 22
[1394] = CNOT 16 23
[1395] = S 16
[1396] = CNOT 16 23
[1397] = CNOT 16 26
[1398] = S 16
[1399] = Z 16
[1400] = CNOT 16 26
[1401] = CNOT 16 28
[1402] = S 16
[1403] = Z 16
[1404] = CNOT 16 28
[1405] = CNOT 16 30
[1406] = S 16
[1407] = Z 16
[1408] = CNOT 16 30
[1409] = CNOT 16 31
[1410] = S 16
[1411] = CNOT 16 31
[1412] = CNOT 16 32
[1413] = S 16
[1414] = Z 16
[1415] = CNOT 16 32
[1416] = CNOT 16 34
[1417] = S 16
[1418] = Z 16
[1419] = CNOT 16 34
[1420] = CNOT 16 35
[1421] = Z 16
[1422] = CNOT 16 35
[1423] = CNOT 16 36
[1424] = S 16
[1425] = CNOT 16 36
[1426] = CNOT 16 38
[1427] = Z 16
[1428] = CNOT 16 38
[1429] = CNOT 16 39
[1430] = S 16
[1431] = Z 16
[1432] = CNOT 16 39
[1433] = CNOT 16 40
[1434] = S 16
[1435] = Z 16
[1436] = CNOT 16 40
[1437] = CNOT 16 42
[1438] = S 16
[1439] = CNOT 16 42
[1440] = CNOT 16 44
[1441] = S 16
[1442] = Z 16
[1443] = CNOT 16 44
[1444] = CNOT 16 46
[1445] = Z 16
[1446] = CNOT 16 46
[1447] = CNOT 16 47
[1448] = S 16
[1449] = CNOT 16 47
[1450] = CNOT 16 48
[1451] = S 16
[1452] = Z 16
[1453] = CNOT 16 48
[1454] = CNOT 17 21
[1455] = S 17
[1456] = CNOT 17 21
[1457] = CNOT 17 23
[1458] = S 17
[1459] = Z 17
[1460] = CNOT 17 23
[1461] = CNOT 17 31
[1462] = S 17
[1463] = Z 17
[1464] = CNOT 17 31
[1465] = CNOT 17 34
[1466] = S 17
[1467] = Z 17
[1468] = CNOT 17 34
[1469] = CNOT 17 36
[1470] = S 17
[1471] = CNOT 17 36
[1472] = CNOT 17 47
[1473] = S 17
[1474] = Z 17
[1475] = CNOT 17 47
[1476] = CNOT 18 19
[1477] = S 18
[1478] = CNOT 18 19
[1479] = CNOT 18 20
[1480] = S 18
[1481] = Z 18
[1482] = CNOT 18 20
[1483] = CNOT 18 23
[1484] = Z 18
[1485] = CNOT 18 23
[1486] = CNOT 18 31
[1487] = Z 18
[1488] = CNOT 18 31
[1489] = CNOT 18 35
[1490] = Z 18
[1491] = CNOT 18 35
[1492] = CNOT 18 47
[1493] = Z 18
[1494] = CNOT 18 47
[1495] = CNOT 19 20
[1496] = S 19
[1497] = Z 19
[1498] = CNOT 19 20
[1499] = CNOT 19 22
[1500] = S 19
[1501] = CNOT 19 22
[1502] = CNOT 19 23
[1503] = S 19
[1504] = Z 19
[1505] = CNOT 19 23
[1506] = CNOT 19 26
[1507] = S 19
[1508] = Z 19
[1509] = CNOT 19 26
[1510] = CNOT 19 28
[1511] = S 19
[1512] = Z 19
[1513] = CNOT 19 28
[1514] = CNOT 19 30
[1515] = S 19
[1516] = Z 19
[1517] = CNOT 19 30
[1518] = CNOT 19 31
[1519] = S 19
[1520] = Z 19
[1521] = CNOT 19 31
[1522] = CNOT 19 32
[1523] = S 19
[1524] = Z 19
[1525] = CNOT 19 32
[1526] = CNOT 19 35
[1527] = S 19
[1528] = CNOT 19 35
[1529] = CNOT 19 38
[1530] = Z 19
[1531] = CNOT 19 38
[1532] = CNOT 19 40
[1533] = S 19
[1534] = Z 19
[1535] = CNOT 19 40
[1536] = CNOT 19 42
[1537] = S 19
[1538] = CNOT 19 42
[1539] = CNOT 19 44
[1540] = S 19
[1541] = Z 19
[1542] = CNOT 19 44
[1543] = CNOT 19 46
[1544] = Z 19
[1545] = CNOT 19 46
[1546] = CNOT 19 47
[1547] = S 19
[1548] = Z 19
[1549] = CNOT 19 47
[1550] = CNOT 19 48
[1551] = S 19
[1552] = Z 19
[1553] = CNOT 19 48
[1554] = CNOT 20 22
[1555] = S 20
[1556] = CNOT 20 22
[1557] = CNOT 20 23
[1558] = S 20
[1559] = CNOT 20 23
[1560] = CNOT 20 26
[1561] = S 20
[1562] = Z 20
[1563] = CNOT 20 26
[1564] = CNOT 20 28
[1565] = S 20
[1566] = Z 20
[1567] = CNOT 20 28
[1568] = CNOT 20 30
[1569] = S 20
[1570] = Z 20
[1571] = CNOT 20 30
[1572] = CNOT 20 31
[1573] = S 20
[1574] = CNOT 20 31
[1575] = CNOT 20 32
[1576] = S 20
[1577] = Z 20
[1578] = CNOT 20 32
[1579] = CNOT 20 35
[1580] = S 20
[1581] = Z 20
[1582] = CNOT 20 35
[1583] = CNOT 20 36
[1584] = S 20
[1585] = CNOT 20 36
[1586] = CNOT 20 38
[1587] = Z 20
[1588] = CNOT 20 38
[1589] = CNOT 20 40
[1590] = S 20
[1591] = Z 20
[1592] = CNOT 20 40
[1593] = CNOT 20 42
[1594] = S 20
[1595] = CNOT 20 42
[1596] = CNOT 20 44
[1597] = S 20
[1598] = Z 20
[1599] = CNOT 20 44
[1600] = CNOT 20 46
[1601] = Z 20
[1602] = CNOT 20 46
[1603] = CNOT 20 47
[1604] = S 20
[1605] = CNOT 20 47
[1606] = CNOT 20 48
[1607] = S 20
[1608] = Z 20
[1609] = CNOT 20 48
[1610] = CNOT 21 34
[1611] = S 21
[1612] = CNOT 21 34
[1613] = CNOT 22 23
[1614] = S 22
[1615] = CNOT 22 23
[1616] = CNOT 22 24
[1617] = S 22
[1618] = CNOT 22 24
[1619] = CNOT 22 26
[1620] = S 22
[1621] = CNOT 22 26
[1622] = CNOT 22 28
[1623] = S 22
[1624] = CNOT 22 28
[1625] = CNOT 22 31
[1626] = S 22
[1627] = CNOT 22 31
[1628] = CNOT 22 33
[1629] = S 22
[1630] = CNOT 22 33
[1631] = CNOT 22 38
[1632] = S 22
[1633] = CNOT 22 38
[1634] = CNOT 22 44
[1635] = S 22
[1636] = CNOT 22 44
[1637] = CNOT 22 47
[1638] = S 22
[1639] = CNOT 22 47
[1640] = CNOT 22 48
[1641] = S 22
[1642] = CNOT 22 48
[1643] = CNOT 23 26
[1644] = S 23
[1645] = Z 23
[1646] = CNOT 23 26
[1647] = CNOT 23 28
[1648] = S 23
[1649] = Z 23
[1650] = CNOT 23 28
[1651] = CNOT 23 30
[1652] = S 23
[1653] = Z 23
[1654] = CNOT 23 30
[1655] = CNOT 23 34
[1656] = S 23
[1657] = Z 23
[1658] = CNOT 23 34
[1659] = CNOT 23 35
[1660] = Z 23
[1661] = CNOT 23 35
[1662] = CNOT 23 36
[1663] = S 23
[1664] = CNOT 23 36
[1665] = CNOT 23 38
[1666] = Z 23
[1667] = CNOT 23 38
[1668] = CNOT 23 40
[1669] = S 23
[1670] = Z 23
[1671] = CNOT 23 40
[1672] = CNOT 23 42
[1673] = S 23
[1674] = CNOT 23 42
[1675] = CNOT 23 44
[1676] = S 23
[1677] = Z 23
[1678] = CNOT 23 44
[1679] = CNOT 23 46
[1680] = Z 23
[1681] = CNOT 23 46
[1682] = CNOT 23 47
[1683] = S 23
[1684] = CNOT 23 47
[1685] = CNOT 23 48
[1686] = S 23
[1687] = Z 23
[1688] = CNOT 23 48
[1689] = CNOT 24 26
[1690] = S 24
[1691] = Z 24
[1692] = CNOT 24 26
[1693] = CNOT 24 28
[1694] = S 24
[1695] = Z 24
[1696] = CNOT 24 28
[1697] = CNOT 24 30
[1698] = S 24
[1699] = Z 24
[1700] = CNOT 24 30
[1701] = CNOT 24 31
[1702] = S 24
[1703] = CNOT 24 31
[1704] = CNOT 24 32
[1705] = S 24
[1706] = Z 24
[1707] = CNOT 24 32
[1708] = CNOT 24 38
[1709] = Z 24
[1710] = CNOT 24 38
[1711] = CNOT 24 42
[1712] = S 24
[1713] = CNOT 24 42
[1714] = CNOT 24 44
[1715] = S 24
[1716] = Z 24
[1717] = CNOT 24 44
[1718] = CNOT 24 48
[1719] = S 24
[1720] = Z 24
[1721] = CNOT 24 48
[1722] = CNOT 25 29
[1723] = Z 25
[1724] = CNOT 25 29
[1725] = CNOT 25 30
[1726] = S 25
[1727] = CNOT 25 30
[1728] = CNOT 25 33
[1729] = S 25
[1730] = CNOT 25 33
[1731] = CNOT 25 37
[1732] = S 25
[1733] = CNOT 25 37
[1734] = CNOT 25 41
[1735] = S 25
[1736] = CNOT 25 41
[1737] = CNOT 25 45
[1738] = S 25
[1739] = CNOT 25 45
[1740] = CNOT 26 28
[1741] = S 26
[1742] = Z 26
[1743] = CNOT 26 28
[1744] = CNOT 26 29
[1745] = S 26
[1746] = CNOT 26 29
[1747] = CNOT 26 31
[1748] = S 26
[1749] = Z 26
[1750] = CNOT 26 31
[1751] = CNOT 26 32
[1752] = S 26
[1753] = Z 26
[1754] = CNOT 26 32
[1755] = CNOT 26 38
[1756] = Z 26
[1757] = CNOT 26 38
[1758] = CNOT 26 42
[1759] = S 26
[1760] = CNOT 26 42
[1761] = CNOT 26 44
[1762] = S 26
[1763] = Z 26
[1764] = CNOT 26 44
[1765] = CNOT 26 47
[1766] = S 26
[1767] = Z 26
[1768] = CNOT 26 47
[1769] = CNOT 26 48
[1770] = S 26
[1771] = Z 26
[1772] = CNOT 26 48
[1773] = CNOT 27 28
[1774] = S 27
[1775] = CNOT 27 28
[1776] = CNOT 28 31
[1777] = S 28
[1778] = Z 28
[1779] = CNOT 28 31
[1780] = CNOT 28 32
[1781] = S 28
[1782] = Z 28
[1783] = CNOT 28 32
[1784] = CNOT 28 38
[1785] = Z 28
[1786] = CNOT 28 38
[1787] = CNOT 28 42
[1788] = S 28
[1789] = CNOT 28 42
[1790] = CNOT 28 43
[1791] = S 28
[1792] = CNOT 28 43
[1793] = CNOT 28 44
[1794] = S 28
[1795] = Z 28
[1796] = CNOT 28 44
[1797] = CNOT 28 47
[1798] = S 28
[1799] = Z 28
[1800] = CNOT 28 47
[1801] = CNOT 28 48
[1802] = S 28
[1803] = Z 28
[1804] = CNOT 28 48
[1805] = CNOT 29 33
[1806] = S 29
[1807] = Z 29
[1808] = CNOT 29 33
[1809] = CNOT 29 37
[1810] = S 29
[1811] = Z 29
[1812] = CNOT 29 37
[1813] = CNOT 29 41
[1814] = Z 29
[1815] = CNOT 29 41
[1816] = CNOT 29 42
[1817] = S 29
[1818] = CNOT 29 42
[1819] = CNOT 29 45
[1820] = S 29
[1821] = Z 29
[1822] = CNOT 29 45
[1823] = CNOT 30 31
[1824] = S 30
[1825] = Z 30
[1826] = CNOT 30 31
[1827] = CNOT 30 40
[1828] = S 30
[1829] = Z 30
[1830] = CNOT 30 40
[1831] = CNOT 30 41
[1832] = S 30
[1833] = CNOT 30 41
[1834] = CNOT 30 47
[1835] = S 30
[1836] = Z 30
[1837] = CNOT 30 47
[1838] = CNOT 31 32
[1839] = S 31
[1840] = Z 31
[1841] = CNOT 31 32
[1842] = CNOT 31 34
[1843] = S 31
[1844] = Z 31
[1845] = CNOT 31 34
[1846] = CNOT 31 35
[1847] = Z 31
[1848] = CNOT 31 35
[1849] = CNOT 31 36
[1850] = S 31
[1851] = CNOT 31 36
[1852] = CNOT 31 38
[1853] = Z 31
[1854] = CNOT 31 38
[1855] = CNOT 31 42
[1856] = S 31
[1857] = CNOT 31 42
[1858] = CNOT 31 44
[1859] = S 31
[1860] = Z 31
[1861] = CNOT 31 44
[1862] = CNOT 31 46
[1863] = Z 31
[1864] = CNOT 31 46
[1865] = CNOT 31 47
[1866] = S 31
[1867] = CNOT 31 47
[1868] = CNOT 31 48
[1869] = S 31
[1870] = Z 31
[1871] = CNOT 31 48
[1872] = CNOT 32 39
[1873] = S 32
[1874] = CNOT 32 39
[1875] = CNOT 32 44
[1876] = S 32
[1877] = Z 32
[1878] = CNOT 32 44
[1879] = CNOT 32 47
[1880] = S 32
[1881] = Z 32
[1882] = CNOT 32 47
[1883] = CNOT 32 48
[1884] = S 32
[1885] = Z 32
[1886] = CNOT 32 48
[1887] = CNOT 33 38
[1888] = S 33
[1889] = CNOT 33 38
[1890] = CNOT 33 41
[1891] = Z 33
[1892] = CNOT 33 41
[1893] = CNOT 33 45
[1894] = S 33
[1895] = Z 33
[1896] = CNOT 33 45
[1897] = CNOT 34 37
[1898] = S 34
[1899] = CNOT 34 37
[1900] = CNOT 34 47
[1901] = S 34
[1902] = Z 34
[1903] = CNOT 34 47
[1904] = CNOT 35 36
[1905] = S 35
[1906] = CNOT 35 36
[1907] = CNOT 35 47
[1908] = Z 35
[1909] = CNOT 35 47
[1910] = CNOT 36 47
[1911] = S 36
[1912] = CNOT 36 47
[1913] = CNOT 37 41
[1914] = Z 37
[1915] = CNOT 37 41
[1916] = CNOT 37 45
[1917] = S 37
[1918] = Z 37
[1919] = CNOT 37 45
[1920] = CNOT 37 50
[1921] = S 37
[1922] = CNOT 37 50
[1923] = CNOT 38 44
[1924] = Z 38
[1925] = CNOT 38 44
[1926] = CNOT 38 47
[1927] = Z 38
[1928] = CNOT 38 47
[1929] = CNOT 38 49
[1930] = S 38
[1931] = CNOT 38 49
[1932] = CNOT 39 48
[1933] = S 39
[1934] = CNOT 39 48
[1935] = CNOT 40 46
[1936] = S 40
[1937] = Z 40
[1938] = CNOT 40 46
[1939] = CNOT 41 45
[1940] = Z 41
[1941] = CNOT 41 45
[1942] = CNOT 41 46
[1943] = S 41
[1944] = CNOT 41 46
[1945] = CNOT 42 44
[1946] = S 42
[1947] = CNOT 42 44
[1948] = CNOT 42 45
[1949] = S 42
[1950] = CNOT 42 45
[1951] = CNOT 42 47
[1952] = S 42
[1953] = CNOT 42 47
[1954] = CNOT 43 44
[1955] = S 43
[1956] = CNOT 43 44
[1957] = CNOT 44 47
[1958] = S 44
[1959] = Z 44
[1960] = CNOT 44 47
[1961] = CNOT 44 48
[1962] = S 44
[1963] = Z 44
[1964] = CNOT 44 48
[1965] = CNOT 46 47
[1966] = Z 46
[1967] = CNOT 46 47
[1968] = CNOT 47 48
[1969] = S 47
[1970] = Z 47
[1971] = CNOT 47 48
[1972] = CNOT 1 2
[1973] = CNOT 1 8
[1974] = S 1
[1975] = Z 1
[1976] = CNOT 1 8
[1977] = CNOT 1 16
[1978] = S 1
[1979] = Z 1
[1980] = CNOT 1 16
[1981] = CNOT 1 20
[1982] = S 1
[1983] = Z 1
[1984] = CNOT 1 20
[1985] = CNOT 1 23
[1986] = S 1
[1987] = Z 1
[1988] = CNOT 1 23
[1989] = CNOT 1 31
[1990] = S 1
[1991] = Z 1
[1992] = CNOT 1 31
[1993] = CNOT 1 47
[1994] = S 1
[1995] = Z 1
[1996] = CNOT 1 47
[1997] = CNOT 1 2
[1998] = CNOT 1 8
[1999] = CNOT 1 16
[2000] = Z 1
[2001] = CNOT 1 16
[2002] = CNOT 1 20
[2003] = Z 1
[2004] = CNOT 1 20
[2005] = CNOT 1 23
[2006] = Z 1
[2007] = CNOT 1 23
[2008] = CNOT 1 27
[2009] = S 1
[2010] = Z 1
[2011] = CNOT 1 27
[2012] = CNOT 1 31
[2013] = Z 1
[2014] = CNOT 1 31
[2015] = CNOT 1 43
[2016] = S 1
[2017] = Z 1
[2018] = CNOT 1 43
[2019] = CNOT 1 47
[2020] = Z 1
[2021] = CNOT 1 47
[2022] = CNOT 1 8
[2023] = CNOT 1 16
[2024] = CNOT 1 20
[2025] = Z 1
[2026] = CNOT 1 20
[2027] = CNOT 1 23
[2028] = Z 1
[2029] = CNOT 1 23
[2030] = CNOT 1 27
[2031] = S 1
[2032] = Z 1
[2033] = CNOT 1 27
[2034] = CNOT 1 31
[2035] = Z 1
[2036] = CNOT 1 31
[2037] = CNOT 1 43
[2038] = S 1
[2039] = Z 1
[2040] = CNOT 1 43
[2041] = CNOT 1 47
[2042] = Z 1
[2043] = CNOT 1 47
[2044] = CNOT 1 16
[2045] = CNOT 1 20
[2046] = CNOT 1 23
[2047] = Z 1
[2048] = CNOT 1 23
[2049] = CNOT 1 27
[2050] = S 1
[2051] = Z 1
[2052] = CNOT 1 27
[2053] = CNOT 1 31
[2054] = Z 1
[2055] = CNOT 1 31
[2056] = CNOT 1 43
[2057] = S 1
[2058] = Z 1
[2059] = CNOT 1 43
[2060] = CNOT 1 47
[2061] = Z 1
[2062] = CNOT 1 47
[2063] = CNOT 1 20
[2064] = CNOT 1 23
[2065] = CNOT 1 27
[2066] = S 1
[2067] = Z 1
[2068] = CNOT 1 27
[2069] = CNOT 1 31
[2070] = Z 1
[2071] = CNOT 1 31
[2072] = CNOT 1 43
[2073] = S 1
[2074] = Z 1
[2075] = CNOT 1 43
[2076] = CNOT 1 47
[2077] = Z 1
[2078] = CNOT 1 47
[2079] = CNOT 1 23
[2080] = CNOT 1 27
[2081] = CNOT 1 31
[2082] = S 1
[2083] = Z 1
[2084] = CNOT 1 31
[2085] = CNOT 1 43
[2086] = S 1
[2087] = Z 1
[2088] = CNOT 1 43
[2089] = CNOT 1 47
[2090] = S 1
[2091] = Z 1
[2092] = CNOT 1 47
[2093] = CNOT 1 27
[2094] = CNOT 1 31
[2095] = CNOT 1 43
[2096] = S 1
[2097] = Z 1
[2098] = CNOT 1 43
[2099] = CNOT 1 47
[2100] = Z 1
[2101] = CNOT 1 31
[2102] = CNOT 1 43
[2103] = S 1
[2104] = Z 1
[2105] = CNOT 1 47
[2106] = CNOT 1 43
[2107] = CNOT 2 8
[2108] = CNOT 2 16
[2109] = Z 2
[2110] = CNOT 2 16
[2111] = CNOT 2 20
[2112] = Z 2
[2113] = CNOT 2 20
[2114] = CNOT 2 23
[2115] = Z 2
[2116] = CNOT 2 23
[2117] = CNOT 2 27
[2118] = S 2
[2119] = Z 2
[2120] = CNOT 2 27
[2121] = CNOT 2 31
[2122] = Z 2
[2123] = CNOT 2 31
[2124] = CNOT 2 43
[2125] = S 2
[2126] = Z 2
[2127] = CNOT 2 43
[2128] = CNOT 2 47
[2129] = Z 2
[2130] = CNOT 2 47
[2131] = CNOT 2 8
[2132] = CNOT 2 16
[2133] = CNOT 2 20
[2134] = Z 2
[2135] = CNOT 2 20
[2136] = CNOT 2 23
[2137] = Z 2
[2138] = CNOT 2 23
[2139] = CNOT 2 27
[2140] = S 2
[2141] = Z 2
[2142] = CNOT 2 27
[2143] = CNOT 2 31
[2144] = Z 2
[2145] = CNOT 2 31
[2146] = CNOT 2 43
[2147] = S 2
[2148] = Z 2
[2149] = CNOT 2 43
[2150] = CNOT 2 47
[2151] = Z 2
[2152] = CNOT 2 47
[2153] = CNOT 2 16
[2154] = CNOT 2 20
[2155] = CNOT 2 23
[2156] = Z 2
[2157] = CNOT 2 23
[2158] = CNOT 2 27
[2159] = S 2
[2160] = Z 2
[2161] = CNOT 2 27
[2162] = CNOT 2 31
[2163] = Z 2
[2164] = CNOT 2 31
[2165] = CNOT 2 43
[2166] = S 2
[2167] = Z 2
[2168] = CNOT 2 43
[2169] = CNOT 2 47
[2170] = Z 2
[2171] = CNOT 2 47
[2172] = CNOT 2 20
[2173] = CNOT 2 23
[2174] = CNOT 2 27
[2175] = S 2
[2176] = Z 2
[2177] = CNOT 2 27
[2178] = CNOT 2 31
[2179] = Z 2
[2180] = CNOT 2 31
[2181] = CNOT 2 43
[2182] = S 2
[2183] = Z 2
[2184] = CNOT 2 43
[2185] = CNOT 2 47
[2186] = Z 2
[2187] = CNOT 2 47
[2188] = CNOT 2 23
[2189] = CNOT 2 27
[2190] = CNOT 2 31
[2191] = S 2
[2192] = Z 2
[2193] = CNOT 2 31
[2194] = CNOT 2 43
[2195] = S 2
[2196] = Z 2
[2197] = CNOT 2 43
[2198] = CNOT 2 47
[2199] = S 2
[2200] = Z 2
[2201] = CNOT 2 47
[2202] = CNOT 2 27
[2203] = CNOT 2 31
[2204] = CNOT 2 43
[2205] = S 2
[2206] = Z 2
[2207] = CNOT 2 43
[2208] = CNOT 2 47
[2209] = Z 2
[2210] = CNOT 2 31
[2211] = CNOT 2 43
[2212] = S 2
[2213] = Z 2
[2214] = CNOT 2 47
[2215] = CNOT 2 43
[2216] = CNOT 3 8
[2217] = CNOT 3 9
[2218] = S 3
[2219] = CNOT 3 9
[2220] = CNOT 3 10
[2221] = S 3
[2222] = CNOT 3 10
[2223] = CNOT 3 11
[2224] = S 3
[2225] = Z 3
[2226] = CNOT 3 11
[2227] = CNOT 3 16
[2228] = S 3
[2229] = CNOT 3 16
[2230] = CNOT 3 19
[2231] = S 3
[2232] = CNOT 3 19
[2233] = CNOT 3 20
[2234] = S 3
[2235] = CNOT 3 20
[2236] = CNOT 3 23
[2237] = S 3
[2238] = CNOT 3 23
[2239] = CNOT 3 24
[2240] = S 3
[2241] = CNOT 3 24
[2242] = CNOT 3 26
[2243] = Z 3
[2244] = CNOT 3 26
[2245] = CNOT 3 28
[2246] = Z 3
[2247] = CNOT 3 28
[2248] = CNOT 3 31
[2249] = S 3
[2250] = CNOT 3 31
[2251] = CNOT 3 42
[2252] = S 3
[2253] = Z 3
[2254] = CNOT 3 42
[2255] = CNOT 3 44
[2256] = S 3
[2257] = Z 3
[2258] = CNOT 3 44
[2259] = CNOT 3 47
[2260] = S 3
[2261] = CNOT 3 47
[2262] = CNOT 3 8
[2263] = CNOT 3 9
[2264] = CNOT 3 10
[2265] = S 3
[2266] = CNOT 3 10
[2267] = CNOT 3 11
[2268] = S 3
[2269] = Z 3
[2270] = CNOT 3 11
[2271] = CNOT 3 16
[2272] = S 3
[2273] = CNOT 3 16
[2274] = CNOT 3 19
[2275] = S 3
[2276] = CNOT 3 19
[2277] = CNOT 3 20
[2278] = S 3
[2279] = CNOT 3 20
[2280] = CNOT 3 23
[2281] = S 3
[2282] = CNOT 3 23
[2283] = CNOT 3 24
[2284] = S 3
[2285] = CNOT 3 24
[2286] = CNOT 3 26
[2287] = Z 3
[2288] = CNOT 3 26
[2289] = CNOT 3 28
[2290] = Z 3
[2291] = CNOT 3 28
[2292] = CNOT 3 31
[2293] = S 3
[2294] = CNOT 3 31
[2295] = CNOT 3 42
[2296] = S 3
[2297] = Z 3
[2298] = CNOT 3 42
[2299] = CNOT 3 44
[2300] = S 3
[2301] = Z 3
[2302] = CNOT 3 44
[2303] = CNOT 3 47
[2304] = S 3
[2305] = CNOT 3 47
[2306] = CNOT 3 9
[2307] = CNOT 3 10
[2308] = CNOT 3 11
[2309] = S 3
[2310] = Z 3
[2311] = CNOT 3 11
[2312] = CNOT 3 16
[2313] = S 3
[2314] = CNOT 3 16
[2315] = CNOT 3 19
[2316] = S 3
[2317] = CNOT 3 19
[2318] = CNOT 3 20
[2319] = S 3
[2320] = CNOT 3 20
[2321] = CNOT 3 23
[2322] = S 3
[2323] = CNOT 3 23
[2324] = CNOT 3 24
[2325] = S 3
[2326] = CNOT 3 24
[2327] = CNOT 3 26
[2328] = Z 3
[2329] = CNOT 3 26
[2330] = CNOT 3 28
[2331] = Z 3
[2332] = CNOT 3 28
[2333] = CNOT 3 31
[2334] = S 3
[2335] = CNOT 3 31
[2336] = CNOT 3 42
[2337] = S 3
[2338] = Z 3
[2339] = CNOT 3 42
[2340] = CNOT 3 44
[2341] = S 3
[2342] = Z 3
[2343] = CNOT 3 44
[2344] = CNOT 3 47
[2345] = S 3
[2346] = CNOT 3 47
[2347] = CNOT 3 10
[2348] = CNOT 3 11
[2349] = CNOT 3 16
[2350] = S 3
[2351] = Z 3
[2352] = CNOT 3 16
[2353] = CNOT 3 19
[2354] = S 3
[2355] = Z 3
[2356] = CNOT 3 19
[2357] = CNOT 3 20
[2358] = S 3
[2359] = Z 3
[2360] = CNOT 3 20
[2361] = CNOT 3 23
[2362] = S 3
[2363] = Z 3
[2364] = CNOT 3 23
[2365] = CNOT 3 24
[2366] = S 3
[2367] = Z 3
[2368] = CNOT 3 24
[2369] = CNOT 3 28
[2370] = S 3
[2371] = Z 3
[2372] = CNOT 3 28
[2373] = CNOT 3 31
[2374] = S 3
[2375] = Z 3
[2376] = CNOT 3 31
[2377] = CNOT 3 47
[2378] = S 3
[2379] = Z 3
[2380] = CNOT 3 47
[2381] = CNOT 3 11
[2382] = CNOT 3 16
[2383] = CNOT 3 19
[2384] = S 3
[2385] = CNOT 3 19
[2386] = CNOT 3 20
[2387] = S 3
[2388] = CNOT 3 20
[2389] = CNOT 3 23
[2390] = S 3
[2391] = CNOT 3 23
[2392] = CNOT 3 24
[2393] = S 3
[2394] = CNOT 3 24
[2395] = CNOT 3 26
[2396] = Z 3
[2397] = CNOT 3 26
[2398] = CNOT 3 28
[2399] = Z 3
[2400] = CNOT 3 28
[2401] = CNOT 3 31
[2402] = S 3
[2403] = CNOT 3 31
[2404] = CNOT 3 42
[2405] = S 3
[2406] = Z 3
[2407] = CNOT 3 42
[2408] = CNOT 3 44
[2409] = S 3
[2410] = Z 3
[2411] = CNOT 3 44
[2412] = CNOT 3 47
[2413] = S 3
[2414] = CNOT 3 47
[2415] = CNOT 3 16
[2416] = CNOT 3 19
[2417] = CNOT 3 20
[2418] = S 3
[2419] = CNOT 3 20
[2420] = CNOT 3 23
[2421] = S 3
[2422] = CNOT 3 23
[2423] = CNOT 3 24
[2424] = S 3
[2425] = CNOT 3 24
[2426] = CNOT 3 26
[2427] = Z 3
[2428] = CNOT 3 26
[2429] = CNOT 3 28
[2430] = Z 3
[2431] = CNOT 3 28
[2432] = CNOT 3 31
[2433] = S 3
[2434] = CNOT 3 31
[2435] = CNOT 3 42
[2436] = S 3
[2437] = Z 3
[2438] = CNOT 3 42
[2439] = CNOT 3 44
[2440] = S 3
[2441] = Z 3
[2442] = CNOT 3 44
[2443] = CNOT 3 47
[2444] = S 3
[2445] = CNOT 3 47
[2446] = CNOT 3 19
[2447] = CNOT 3 20
[2448] = CNOT 3 23
[2449] = S 3
[2450] = CNOT 3 23
[2451] = CNOT 3 24
[2452] = S 3
[2453] = CNOT 3 24
[2454] = CNOT 3 26
[2455] = Z 3
[2456] = CNOT 3 26
[2457] = CNOT 3 28
[2458] = Z 3
[2459] = CNOT 3 28
[2460] = CNOT 3 31
[2461] = S 3
[2462] = CNOT 3 31
[2463] = CNOT 3 42
[2464] = S 3
[2465] = Z 3
[2466] = CNOT 3 42
[2467] = CNOT 3 44
[2468] = S 3
[2469] = Z 3
[2470] = CNOT 3 44
[2471] = CNOT 3 47
[2472] = S 3
[2473] = CNOT 3 47
[2474] = CNOT 3 20
[2475] = CNOT 3 23
[2476] = CNOT 3 24
[2477] = S 3
[2478] = CNOT 3 24
[2479] = CNOT 3 26
[2480] = Z 3
[2481] = CNOT 3 26
[2482] = CNOT 3 28
[2483] = Z 3
[2484] = CNOT 3 28
[2485] = CNOT 3 31
[2486] = S 3
[2487] = CNOT 3 31
[2488] = CNOT 3 42
[2489] = S 3
[2490] = Z 3
[2491] = CNOT 3 42
[2492] = CNOT 3 44
[2493] = S 3
[2494] = Z 3
[2495] = CNOT 3 44
[2496] = CNOT 3 47
[2497] = S 3
[2498] = CNOT 3 47
[2499] = CNOT 3 23
[2500] = CNOT 3 24
[2501] = CNOT 3 26
[2502] = Z 3
[2503] = CNOT 3 26
[2504] = CNOT 3 28
[2505] = Z 3
[2506] = CNOT 3 28
[2507] = CNOT 3 31
[2508] = S 3
[2509] = CNOT 3 31
[2510] = CNOT 3 42
[2511] = S 3
[2512] = Z 3
[2513] = CNOT 3 42
[2514] = CNOT 3 44
[2515] = S 3
[2516] = Z 3
[2517] = CNOT 3 44
[2518] = CNOT 3 47
[2519] = S 3
[2520] = CNOT 3 47
[2521] = CNOT 3 24
[2522] = CNOT 3 26
[2523] = CNOT 3 28
[2524] = S 3
[2525] = Z 3
[2526] = CNOT 3 28
[2527] = CNOT 3 31
[2528] = Z 3
[2529] = CNOT 3 31
[2530] = CNOT 3 42
[2531] = S 3
[2532] = Z 3
[2533] = CNOT 3 42
[2534] = CNOT 3 44
[2535] = S 3
[2536] = Z 3
[2537] = CNOT 3 44
[2538] = CNOT 3 47
[2539] = Z 3
[2540] = CNOT 3 47
[2541] = CNOT 3 26
[2542] = CNOT 3 28
[2543] = CNOT 3 31
[2544] = Z 3
[2545] = CNOT 3 31
[2546] = CNOT 3 44
[2547] = S 3
[2548] = Z 3
[2549] = CNOT 3 44
[2550] = CNOT 3 47
[2551] = Z 3
[2552] = CNOT 3 47
[2553] = CNOT 3 28
[2554] = CNOT 3 31
[2555] = CNOT 3 42
[2556] = S 3
[2557] = Z 3
[2558] = CNOT 3 42
[2559] = CNOT 3 44
[2560] = S 3
[2561] = Z 3
[2562] = CNOT 3 44
[2563] = CNOT 3 47
[2564] = S 3
[2565] = CNOT 3 31
[2566] = CNOT 3 42
[2567] = S 3
[2568] = Z 3
[2569] = CNOT 3 42
[2570] = CNOT 3 44
[2571] = S 3
[2572] = Z 3
[2573] = CNOT 3 47
[2574] = CNOT 3 44
[2575] = CNOT 4 8
[2576] = CNOT 4 12
[2577] = S 4
[2578] = Z 4
[2579] = CNOT 4 12
[2580] = CNOT 4 25
[2581] = S 4
[2582] = Z 4
[2583] = CNOT 4 25
[2584] = CNOT 4 29
[2585] = S 4
[2586] = Z 4
[2587] = CNOT 4 29
[2588] = CNOT 4 33
[2589] = S 4
[2590] = CNOT 4 33
[2591] = CNOT 4 37
[2592] = S 4
[2593] = CNOT 4 37
[2594] = CNOT 4 41
[2595] = Z 4
[2596] = CNOT 4 41
[2597] = CNOT 4 45
[2598] = Z 4
[2599] = CNOT 4 45
[2600] = CNOT 4 8
[2601] = CNOT 4 12
[2602] = CNOT 4 33
[2603] = S 4
[2604] = Z 4
[2605] = CNOT 4 33
[2606] = CNOT 4 37
[2607] = S 4
[2608] = Z 4
[2609] = CNOT 4 37
[2610] = CNOT 4 41
[2611] = S 4
[2612] = Z 4
[2613] = CNOT 4 41
[2614] = CNOT 4 45
[2615] = S 4
[2616] = Z 4
[2617] = CNOT 4 45
[2618] = CNOT 4 12
[2619] = CNOT 4 25
[2620] = CNOT 4 33
[2621] = S 4
[2622] = Z 4
[2623] = CNOT 4 33
[2624] = CNOT 4 37
[2625] = S 4
[2626] = Z 4
[2627] = CNOT 4 37
[2628] = CNOT 4 41
[2629] = S 4
[2630] = Z 4
[2631] = CNOT 4 41
[2632] = CNOT 4 45
[2633] = S 4
[2634] = Z 4
[2635] = CNOT 4 45
[2636] = CNOT 4 25
[2637] = CNOT 4 29
[2638] = CNOT 4 33
[2639] = S 4
[2640] = Z 4
[2641] = CNOT 4 33
[2642] = CNOT 4 37
[2643] = S 4
[2644] = Z 4
[2645] = CNOT 4 37
[2646] = CNOT 4 45
[2647] = S 4
[2648] = Z 4
[2649] = CNOT 4 45
[2650] = CNOT 4 29
[2651] = CNOT 4 33
[2652] = CNOT 4 37
[2653] = S 4
[2654] = CNOT 4 37
[2655] = CNOT 4 41
[2656] = Z 4
[2657] = CNOT 4 41
[2658] = CNOT 4 45
[2659] = Z 4
[2660] = CNOT 4 45
[2661] = CNOT 4 33
[2662] = CNOT 4 37
[2663] = CNOT 4 41
[2664] = Z 4
[2665] = CNOT 4 41
[2666] = CNOT 4 45
[2667] = Z 4
[2668] = CNOT 4 37
[2669] = CNOT 4 41
[2670] = S 4
[2671] = Z 4
[2672] = CNOT 4 45
[2673] = CNOT 4 41
[2674] = CNOT 5 8
[2675] = CNOT 5 9
[2676] = S 5
[2677] = CNOT 5 9
[2678] = CNOT 5 10
[2679] = S 5
[2680] = CNOT 5 10
[2681] = CNOT 5 13
[2682] = Z 5
[2683] = CNOT 5 13
[2684] = CNOT 5 16
[2685] = S 5
[2686] = CNOT 5 16
[2687] = CNOT 5 19
[2688] = S 5
[2689] = CNOT 5 19
[2690] = CNOT 5 20
[2691] = S 5
[2692] = CNOT 5 20
[2693] = CNOT 5 23
[2694] = S 5
[2695] = CNOT 5 23
[2696] = CNOT 5 24
[2697] = S 5
[2698] = Z 5
[2699] = CNOT 5 24
[2700] = CNOT 5 30
[2701] = S 5
[2702] = Z 5
[2703] = CNOT 5 30
[2704] = CNOT 5 31
[2705] = S 5
[2706] = CNOT 5 31
[2707] = CNOT 5 40
[2708] = S 5
[2709] = Z 5
[2710] = CNOT 5 40
[2711] = CNOT 5 46
[2712] = S 5
[2713] = Z 5
[2714] = CNOT 5 46
[2715] = CNOT 5 47
[2716] = S 5
[2717] = CNOT 5 47
[2718] = CNOT 5 8
[2719] = CNOT 5 9
[2720] = CNOT 5 10
[2721] = S 5
[2722] = CNOT 5 10
[2723] = CNOT 5 13
[2724] = Z 5
[2725] = CNOT 5 13
[2726] = CNOT 5 16
[2727] = S 5
[2728] = CNOT 5 16
[2729] = CNOT 5 19
[2730] = S 5
[2731] = CNOT 5 19
[2732] = CNOT 5 20
[2733] = S 5
[2734] = CNOT 5 20
[2735] = CNOT 5 23
[2736] = S 5
[2737] = CNOT 5 23
[2738] = CNOT 5 24
[2739] = S 5
[2740] = Z 5
[2741] = CNOT 5 24
[2742] = CNOT 5 30
[2743] = S 5
[2744] = Z 5
[2745] = CNOT 5 30
[2746] = CNOT 5 31
[2747] = S 5
[2748] = CNOT 5 31
[2749] = CNOT 5 40
[2750] = S 5
[2751] = Z 5
[2752] = CNOT 5 40
[2753] = CNOT 5 46
[2754] = S 5
[2755] = Z 5
[2756] = CNOT 5 46
[2757] = CNOT 5 47
[2758] = S 5
[2759] = CNOT 5 47
[2760] = CNOT 5 9
[2761] = CNOT 5 10
[2762] = CNOT 5 13
[2763] = Z 5
[2764] = CNOT 5 13
[2765] = CNOT 5 16
[2766] = S 5
[2767] = CNOT 5 16
[2768] = CNOT 5 19
[2769] = S 5
[2770] = CNOT 5 19
[2771] = CNOT 5 20
[2772] = S 5
[2773] = CNOT 5 20
[2774] = CNOT 5 23
[2775] = S 5
[2776] = CNOT 5 23
[2777] = CNOT 5 24
[2778] = S 5
[2779] = Z 5
[2780] = CNOT 5 24
[2781] = CNOT 5 30
[2782] = S 5
[2783] = Z 5
[2784] = CNOT 5 30
[2785] = CNOT 5 31
[2786] = S 5
[2787] = CNOT 5 31
[2788] = CNOT 5 40
[2789] = S 5
[2790] = Z 5
[2791] = CNOT 5 40
[2792] = CNOT 5 46
[2793] = S 5
[2794] = Z 5
[2795] = CNOT 5 46
[2796] = CNOT 5 47
[2797] = S 5
[2798] = CNOT 5 47
[2799] = CNOT 5 10
[2800] = CNOT 5 13
[2801] = CNOT 5 16
[2802] = Z 5
[2803] = CNOT 5 16
[2804] = CNOT 5 19
[2805] = Z 5
[2806] = CNOT 5 19
[2807] = CNOT 5 20
[2808] = Z 5
[2809] = CNOT 5 20
[2810] = CNOT 5 23
[2811] = Z 5
[2812] = CNOT 5 23
[2813] = CNOT 5 30
[2814] = S 5
[2815] = Z 5
[2816] = CNOT 5 30
[2817] = CNOT 5 31
[2818] = Z 5
[2819] = CNOT 5 31
[2820] = CNOT 5 40
[2821] = S 5
[2822] = Z 5
[2823] = CNOT 5 40
[2824] = CNOT 5 46
[2825] = S 5
[2826] = Z 5
[2827] = CNOT 5 46
[2828] = CNOT 5 47
[2829] = Z 5
[2830] = CNOT 5 47
[2831] = CNOT 5 13
[2832] = CNOT 5 16
[2833] = CNOT 5 19
[2834] = S 5
[2835] = CNOT 5 19
[2836] = CNOT 5 20
[2837] = S 5
[2838] = CNOT 5 20
[2839] = CNOT 5 23
[2840] = S 5
[2841] = CNOT 5 23
[2842] = CNOT 5 24
[2843] = S 5
[2844] = Z 5
[2845] = CNOT 5 24
[2846] = CNOT 5 30
[2847] = S 5
[2848] = Z 5
[2849] = CNOT 5 30
[2850] = CNOT 5 31
[2851] = S 5
[2852] = CNOT 5 31
[2853] = CNOT 5 40
[2854] = S 5
[2855] = Z 5
[2856] = CNOT 5 40
[2857] = CNOT 5 46
[2858] = S 5
[2859] = Z 5
[2860] = CNOT 5 46
[2861] = CNOT 5 47
[2862] = S 5
[2863] = CNOT 5 47
[2864] = CNOT 5 16
[2865] = CNOT 5 19
[2866] = CNOT 5 20
[2867] = S 5
[2868] = CNOT 5 20
[2869] = CNOT 5 23
[2870] = S 5
[2871] = CNOT 5 23
[2872] = CNOT 5 24
[2873] = S 5
[2874] = Z 5
[2875] = CNOT 5 24
[2876] = CNOT 5 30
[2877] = S 5
[2878] = Z 5
[2879] = CNOT 5 30
[2880] = CNOT 5 31
[2881] = S 5
[2882] = CNOT 5 31
[2883] = CNOT 5 40
[2884] = S 5
[2885] = Z 5
[2886] = CNOT 5 40
[2887] = CNOT 5 46
[2888] = S 5
[2889] = Z 5
[2890] = CNOT 5 46
[2891] = CNOT 5 47
[2892] = S 5
[2893] = CNOT 5 47
[2894] = CNOT 5 19
[2895] = CNOT 5 20
[2896] = CNOT 5 23
[2897] = S 5
[2898] = CNOT 5 23
[2899] = CNOT 5 24
[2900] = S 5
[2901] = Z 5
[2902] = CNOT 5 24
[2903] = CNOT 5 30
[2904] = S 5
[2905] = Z 5
[2906] = CNOT 5 30
[2907] = CNOT 5 31
[2908] = S 5
[2909] = CNOT 5 31
[2910] = CNOT 5 40
[2911] = S 5
[2912] = Z 5
[2913] = CNOT 5 40
[2914] = CNOT 5 46
[2915] = S 5
[2916] = Z 5
[2917] = CNOT 5 46
[2918] = CNOT 5 47
[2919] = S 5
[2920] = CNOT 5 47
[2921] = CNOT 5 20
[2922] = CNOT 5 23
[2923] = CNOT 5 24
[2924] = S 5
[2925] = Z 5
[2926] = CNOT 5 24
[2927] = CNOT 5 30
[2928] = S 5
[2929] = Z 5
[2930] = CNOT 5 30
[2931] = CNOT 5 31
[2932] = S 5
[2933] = CNOT 5 31
[2934] = CNOT 5 40
[2935] = S 5
[2936] = Z 5
[2937] = CNOT 5 40
[2938] = CNOT 5 46
[2939] = S 5
[2940] = Z 5
[2941] = CNOT 5 46
[2942] = CNOT 5 47
[2943] = S 5
[2944] = CNOT 5 47
[2945] = CNOT 5 23
[2946] = CNOT 5 24
[2947] = CNOT 5 31
[2948] = S 5
[2949] = Z 5
[2950] = CNOT 5 31
[2951] = CNOT 5 47
[2952] = S 5
[2953] = Z 5
[2954] = CNOT 5 47
[2955] = CNOT 5 24
[2956] = CNOT 5 30
[2957] = CNOT 5 31
[2958] = S 5
[2959] = Z 5
[2960] = CNOT 5 31
[2961] = CNOT 5 47
[2962] = S 5
[2963] = Z 5
[2964] = CNOT 5 47
[2965] = CNOT 5 30
[2966] = CNOT 5 31
[2967] = CNOT 5 40
[2968] = S 5
[2969] = Z 5
[2970] = CNOT 5 40
[2971] = CNOT 5 46
[2972] = S 5
[2973] = Z 5
[2974] = CNOT 5 46
[2975] = CNOT 5 47
[2976] = S 5
[2977] = CNOT 5 31
[2978] = CNOT 5 40
[2979] = S 5
[2980] = Z 5
[2981] = CNOT 5 40
[2982] = CNOT 5 46
[2983] = S 5
[2984] = Z 5
[2985] = CNOT 5 47
[2986] = CNOT 5 46
[2987] = CNOT 6 8
[2988] = CNOT 6 14
[2989] = S 6
[2990] = Z 6
[2991] = CNOT 6 14
[2992] = CNOT 6 23
[2993] = S 6
[2994] = Z 6
[2995] = CNOT 6 23
[2996] = CNOT 6 31
[2997] = S 6
[2998] = Z 6
[2999] = CNOT 6 31
[3000] = CNOT 6 39
[3001] = S 6
[3002] = Z 6
[3003] = CNOT 6 39
[3004] = CNOT 6 47
[3005] = Z 6
[3006] = CNOT 6 47
[3007] = CNOT 6 8
[3008] = CNOT 6 14
[3009] = CNOT 6 16
[3010] = S 6
[3011] = Z 6
[3012] = CNOT 6 16
[3013] = CNOT 6 47
[3014] = S 6
[3015] = Z 6
[3016] = CNOT 6 47
[3017] = CNOT 6 14
[3018] = CNOT 6 16
[3019] = CNOT 6 23
[3020] = S 6
[3021] = Z 6
[3022] = CNOT 6 23
[3023] = CNOT 6 31
[3024] = S 6
[3025] = Z 6
[3026] = CNOT 6 31
[3027] = CNOT 6 39
[3028] = S 6
[3029] = Z 6
[3030] = CNOT 6 39
[3031] = CNOT 6 47
[3032] = Z 6
[3033] = CNOT 6 16
[3034] = CNOT 6 23
[3035] = S 6
[3036] = Z 6
[3037] = CNOT 6 23
[3038] = CNOT 6 31
[3039] = S 6
[3040] = Z 6
[3041] = CNOT 6 47
[3042] = CNOT 6 31
[3043] = CNOT 7 8
[3044] = CNOT 7 9
[3045] = S 7
[3046] = CNOT 7 9
[3047] = CNOT 7 10
[3048] = S 7
[3049] = CNOT 7 10
[3050] = CNOT 7 15
[3051] = S 7
[3052] = Z 7
[3053] = CNOT 7 15
[3054] = CNOT 7 16
[3055] = S 7
[3056] = CNOT 7 16
[3057] = CNOT 7 19
[3058] = S 7
[3059] = CNOT 7 19
[3060] = CNOT 7 20
[3061] = S 7
[3062] = CNOT 7 20
[3063] = CNOT 7 22
[3064] = S 7
[3065] = Z 7
[3066] = CNOT 7 22
[3067] = CNOT 7 23
[3068] = S 7
[3069] = CNOT 7 23
[3070] = CNOT 7 24
[3071] = S 7
[3072] = CNOT 7 24
[3073] = CNOT 7 26
[3074] = S 7
[3075] = CNOT 7 26
[3076] = CNOT 7 28
[3077] = S 7
[3078] = CNOT 7 28
[3079] = CNOT 7 31
[3080] = S 7
[3081] = CNOT 7 31
[3082] = CNOT 7 32
[3083] = S 7
[3084] = Z 7
[3085] = CNOT 7 32
[3086] = CNOT 7 38
[3087] = Z 7
[3088] = CNOT 7 38
[3089] = CNOT 7 44
[3090] = S 7
[3091] = CNOT 7 44
[3092] = CNOT 7 47
[3093] = S 7
[3094] = CNOT 7 47
[3095] = CNOT 7 48
[3096] = Z 7
[3097] = CNOT 7 48
[3098] = CNOT 7 8
[3099] = CNOT 7 9
[3100] = CNOT 7 10
[3101] = S 7
[3102] = CNOT 7 10
[3103] = CNOT 7 15
[3104] = S 7
[3105] = Z 7
[3106] = CNOT 7 15
[3107] = CNOT 7 16
[3108] = S 7
[3109] = CNOT 7 16
[3110] = CNOT 7 19
[3111] = S 7
[3112] = CNOT 7 19
[3113] = CNOT 7 20
[3114] = S 7
[3115] = CNOT 7 20
[3116] = CNOT 7 22
[3117] = S 7
[3118] = Z 7
[3119] = CNOT 7 22
[3120] = CNOT 7 23
[3121] = S 7
[3122] = CNOT 7 23
[3123] = CNOT 7 24
[3124] = S 7
[3125] = CNOT 7 24
[3126] = CNOT 7 26
[3127] = S 7
[3128] = CNOT 7 26
[3129] = CNOT 7 28
[3130] = S 7
[3131] = CNOT 7 28
[3132] = CNOT 7 31
[3133] = S 7
[3134] = CNOT 7 31
[3135] = CNOT 7 32
[3136] = S 7
[3137] = Z 7
[3138] = CNOT 7 32
[3139] = CNOT 7 38
[3140] = Z 7
[3141] = CNOT 7 38
[3142] = CNOT 7 44
[3143] = S 7
[3144] = CNOT 7 44
[3145] = CNOT 7 47
[3146] = S 7
[3147] = CNOT 7 47
[3148] = CNOT 7 48
[3149] = Z 7
[3150] = CNOT 7 48
[3151] = CNOT 7 9
[3152] = CNOT 7 10
[3153] = CNOT 7 15
[3154] = S 7
[3155] = Z 7
[3156] = CNOT 7 15
[3157] = CNOT 7 16
[3158] = S 7
[3159] = CNOT 7 16
[3160] = CNOT 7 19
[3161] = S 7
[3162] = CNOT 7 19
[3163] = CNOT 7 20
[3164] = S 7
[3165] = CNOT 7 20
[3166] = CNOT 7 22
[3167] = S 7
[3168] = Z 7
[3169] = CNOT 7 22
[3170] = CNOT 7 23
[3171] = S 7
[3172] = CNOT 7 23
[3173] = CNOT 7 24
[3174] = S 7
[3175] = CNOT 7 24
[3176] = CNOT 7 26
[3177] = S 7
[3178] = CNOT 7 26
[3179] = CNOT 7 28
[3180] = S 7
[3181] = CNOT 7 28
[3182] = CNOT 7 31
[3183] = S 7
[3184] = CNOT 7 31
[3185] = CNOT 7 32
[3186] = S 7
[3187] = Z 7
[3188] = CNOT 7 32
[3189] = CNOT 7 38
[3190] = Z 7
[3191] = CNOT 7 38
[3192] = CNOT 7 44
[3193] = S 7
[3194] = CNOT 7 44
[3195] = CNOT 7 47
[3196] = S 7
[3197] = CNOT 7 47
[3198] = CNOT 7 48
[3199] = Z 7
[3200] = CNOT 7 48
[3201] = CNOT 7 10
[3202] = CNOT 7 15
[3203] = CNOT 7 16
[3204] = S 7
[3205] = Z 7
[3206] = CNOT 7 16
[3207] = CNOT 7 19
[3208] = S 7
[3209] = Z 7
[3210] = CNOT 7 19
[3211] = CNOT 7 20
[3212] = S 7
[3213] = Z 7
[3214] = CNOT 7 20
[3215] = CNOT 7 23
[3216] = S 7
[3217] = Z 7
[3218] = CNOT 7 23
[3219] = CNOT 7 24
[3220] = S 7
[3221] = Z 7
[3222] = CNOT 7 24
[3223] = CNOT 7 26
[3224] = S 7
[3225] = Z 7
[3226] = CNOT 7 26
[3227] = CNOT 7 28
[3228] = S 7
[3229] = Z 7
[3230] = CNOT 7 28
[3231] = CNOT 7 31
[3232] = S 7
[3233] = Z 7
[3234] = CNOT 7 31
[3235] = CNOT 7 38
[3236] = S 7
[3237] = Z 7
[3238] = CNOT 7 38
[3239] = CNOT 7 44
[3240] = S 7
[3241] = Z 7
[3242] = CNOT 7 44
[3243] = CNOT 7 47
[3244] = S 7
[3245] = Z 7
[3246] = CNOT 7 47
[3247] = CNOT 7 48
[3248] = S 7
[3249] = Z 7
[3250] = CNOT 7 48
[3251] = CNOT 7 15
[3252] = CNOT 7 16
[3253] = CNOT 7 19
[3254] = S 7
[3255] = CNOT 7 19
[3256] = CNOT 7 20
[3257] = S 7
[3258] = CNOT 7 20
[3259] = CNOT 7 22
[3260] = S 7
[3261] = Z 7
[3262] = CNOT 7 22
[3263] = CNOT 7 23
[3264] = S 7
[3265] = CNOT 7 23
[3266] = CNOT 7 24
[3267] = S 7
[3268] = CNOT 7 24
[3269] = CNOT 7 26
[3270] = S 7
[3271] = CNOT 7 26
[3272] = CNOT 7 28
[3273] = S 7
[3274] = CNOT 7 28
[3275] = CNOT 7 31
[3276] = S 7
[3277] = CNOT 7 31
[3278] = CNOT 7 32
[3279] = S 7
[3280] = Z 7
[3281] = CNOT 7 32
[3282] = CNOT 7 38
[3283] = Z 7
[3284] = CNOT 7 38
[3285] = CNOT 7 44
[3286] = S 7
[3287] = CNOT 7 44
[3288] = CNOT 7 47
[3289] = S 7
[3290] = CNOT 7 47
[3291] = CNOT 7 48
[3292] = Z 7
[3293] = CNOT 7 48
[3294] = CNOT 7 16
[3295] = CNOT 7 19
[3296] = CNOT 7 20
[3297] = S 7
[3298] = CNOT 7 20
[3299] = CNOT 7 22
[3300] = S 7
[3301] = Z 7
[3302] = CNOT 7 22
[3303] = CNOT 7 23
[3304] = S 7
[3305] = CNOT 7 23
[3306] = CNOT 7 24
[3307] = S 7
[3308] = CNOT 7 24
[3309] = CNOT 7 26
[3310] = S 7
[3311] = CNOT 7 26
[3312] = CNOT 7 28
[3313] = S 7
[3314] = CNOT 7 28
[3315] = CNOT 7 31
[3316] = S 7
[3317] = CNOT 7 31
[3318] = CNOT 7 32
[3319] = S 7
[3320] = Z 7
[3321] = CNOT 7 32
[3322] = CNOT 7 38
[3323] = Z 7
[3324] = CNOT 7 38
[3325] = CNOT 7 44
[3326] = S 7
[3327] = CNOT 7 44
[3328] = CNOT 7 47
[3329] = S 7
[3330] = CNOT 7 47
[3331] = CNOT 7 48
[3332] = Z 7
[3333] = CNOT 7 48
[3334] = CNOT 7 19
[3335] = CNOT 7 20
[3336] = CNOT 7 22
[3337] = S 7
[3338] = Z 7
[3339] = CNOT 7 22
[3340] = CNOT 7 23
[3341] = S 7
[3342] = CNOT 7 23
[3343] = CNOT 7 24
[3344] = S 7
[3345] = CNOT 7 24
[3346] = CNOT 7 26
[3347] = S 7
[3348] = CNOT 7 26
[3349] = CNOT 7 28
[3350] = S 7
[3351] = CNOT 7 28
[3352] = CNOT 7 31
[3353] = S 7
[3354] = CNOT 7 31
[3355] = CNOT 7 32
[3356] = S 7
[3357] = Z 7
[3358] = CNOT 7 32
[3359] = CNOT 7 38
[3360] = Z 7
[3361] = CNOT 7 38
[3362] = CNOT 7 44
[3363] = S 7
[3364] = CNOT 7 44
[3365] = CNOT 7 47
[3366] = S 7
[3367] = CNOT 7 47
[3368] = CNOT 7 48
[3369] = Z 7
[3370] = CNOT 7 48
[3371] = CNOT 7 20
[3372] = CNOT 7 22
[3373] = CNOT 7 23
[3374] = S 7
[3375] = Z 7
[3376] = CNOT 7 23
[3377] = CNOT 7 24
[3378] = S 7
[3379] = Z 7
[3380] = CNOT 7 24
[3381] = CNOT 7 26
[3382] = S 7
[3383] = Z 7
[3384] = CNOT 7 26
[3385] = CNOT 7 28
[3386] = S 7
[3387] = Z 7
[3388] = CNOT 7 28
[3389] = CNOT 7 31
[3390] = S 7
[3391] = Z 7
[3392] = CNOT 7 31
[3393] = CNOT 7 38
[3394] = S 7
[3395] = Z 7
[3396] = CNOT 7 38
[3397] = CNOT 7 44
[3398] = S 7
[3399] = Z 7
[3400] = CNOT 7 44
[3401] = CNOT 7 47
[3402] = S 7
[3403] = Z 7
[3404] = CNOT 7 47
[3405] = CNOT 7 48
[3406] = S 7
[3407] = Z 7
[3408] = CNOT 7 48
[3409] = CNOT 7 22
[3410] = CNOT 7 23
[3411] = CNOT 7 24
[3412] = S 7
[3413] = CNOT 7 24
[3414] = CNOT 7 26
[3415] = S 7
[3416] = CNOT 7 26
[3417] = CNOT 7 28
[3418] = S 7
[3419] = CNOT 7 28
[3420] = CNOT 7 31
[3421] = S 7
[3422] = CNOT 7 31
[3423] = CNOT 7 32
[3424] = S 7
[3425] = Z 7
[3426] = CNOT 7 32
[3427] = CNOT 7 38
[3428] = Z 7
[3429] = CNOT 7 38
[3430] = CNOT 7 44
[3431] = S 7
[3432] = CNOT 7 44
[3433] = CNOT 7 47
[3434] = S 7
[3435] = CNOT 7 47
[3436] = CNOT 7 48
[3437] = Z 7
[3438] = CNOT 7 48
[3439] = CNOT 7 23
[3440] = CNOT 7 24
[3441] = CNOT 7 26
[3442] = S 7
[3443] = CNOT 7 26
[3444] = CNOT 7 28
[3445] = S 7
[3446] = CNOT 7 28
[3447] = CNOT 7 31
[3448] = S 7
[3449] = CNOT 7 31
[3450] = CNOT 7 32
[3451] = S 7
[3452] = Z 7
[3453] = CNOT 7 32
[3454] = CNOT 7 38
[3455] = Z 7
[3456] = CNOT 7 38
[3457] = CNOT 7 44
[3458] = S 7
[3459] = CNOT 7 44
[3460] = CNOT 7 47
[3461] = S 7
[3462] = CNOT 7 47
[3463] = CNOT 7 48
[3464] = Z 7
[3465] = CNOT 7 48
[3466] = CNOT 7 24
[3467] = CNOT 7 26
[3468] = CNOT 7 28
[3469] = S 7
[3470] = CNOT 7 28
[3471] = CNOT 7 31
[3472] = S 7
[3473] = CNOT 7 31
[3474] = CNOT 7 32
[3475] = S 7
[3476] = Z 7
[3477] = CNOT 7 32
[3478] = CNOT 7 38
[3479] = Z 7
[3480] = CNOT 7 38
[3481] = CNOT 7 44
[3482] = S 7
[3483] = CNOT 7 44
[3484] = CNOT 7 47
[3485] = S 7
[3486] = CNOT 7 47
[3487] = CNOT 7 48
[3488] = Z 7
[3489] = CNOT 7 48
[3490] = CNOT 7 26
[3491] = CNOT 7 28
[3492] = CNOT 7 31
[3493] = S 7
[3494] = CNOT 7 31
[3495] = CNOT 7 32
[3496] = S 7
[3497] = Z 7
[3498] = CNOT 7 32
[3499] = CNOT 7 38
[3500] = Z 7
[3501] = CNOT 7 38
[3502] = CNOT 7 44
[3503] = S 7
[3504] = CNOT 7 44
[3505] = CNOT 7 47
[3506] = S 7
[3507] = CNOT 7 47
[3508] = CNOT 7 48
[3509] = Z 7
[3510] = CNOT 7 48
[3511] = CNOT 7 28
[3512] = CNOT 7 31
[3513] = CNOT 7 32
[3514] = S 7
[3515] = Z 7
[3516] = CNOT 7 32
[3517] = CNOT 7 38
[3518] = Z 7
[3519] = CNOT 7 38
[3520] = CNOT 7 44
[3521] = S 7
[3522] = CNOT 7 44
[3523] = CNOT 7 47
[3524] = S 7
[3525] = CNOT 7 47
[3526] = CNOT 7 48
[3527] = Z 7
[3528] = CNOT 7 48
[3529] = CNOT 7 31
[3530] = CNOT 7 32
[3531] = CNOT 7 44
[3532] = S 7
[3533] = Z 7
[3534] = CNOT 7 44
[3535] = CNOT 7 47
[3536] = S 7
[3537] = Z 7
[3538] = CNOT 7 47
[3539] = CNOT 7 48
[3540] = S 7
[3541] = Z 7
[3542] = CNOT 7 48
[3543] = CNOT 7 32
[3544] = CNOT 7 38
[3545] = CNOT 7 44
[3546] = Z 7
[3547] = CNOT 7 44
[3548] = CNOT 7 47
[3549] = Z 7
[3550] = CNOT 7 47
[3551] = CNOT 7 48
[3552] = S 7
[3553] = Z 7
[3554] = CNOT 7 48
[3555] = CNOT 7 38
[3556] = CNOT 7 44
[3557] = CNOT 7 47
[3558] = S 7
[3559] = CNOT 7 47
[3560] = CNOT 7 48
[3561] = Z 7
[3562] = CNOT 7 44
[3563] = CNOT 7 47
[3564] = Z 7
[3565] = CNOT 7 48
[3566] = CNOT 7 47
[3567] = CNOT 8 9
[3568] = CNOT 8 10
[3569] = S 8
[3570] = Z 8
[3571] = CNOT 8 10
[3572] = CNOT 8 11
[3573] = Z 8
[3574] = CNOT 8 11
[3575] = CNOT 8 15
[3576] = Z 8
[3577] = CNOT 8 15
[3578] = CNOT 8 16
[3579] = S 8
[3580] = Z 8
[3581] = CNOT 8 16
[3582] = CNOT 8 17
[3583] = Z 8
[3584] = CNOT 8 17
[3585] = CNOT 8 18
[3586] = Z 8
[3587] = CNOT 8 18
[3588] = CNOT 8 19
[3589] = S 8
[3590] = Z 8
[3591] = CNOT 8 19
[3592] = CNOT 8 22
[3593] = Z 8
[3594] = CNOT 8 22
[3595] = CNOT 8 23
[3596] = S 8
[3597] = Z 8
[3598] = CNOT 8 23
[3599] = CNOT 8 26
[3600] = S 8
[3601] = Z 8
[3602] = CNOT 8 26
[3603] = CNOT 8 28
[3604] = S 8
[3605] = Z 8
[3606] = CNOT 8 28
[3607] = CNOT 8 30
[3608] = Z 8
[3609] = CNOT 8 30
[3610] = CNOT 8 31
[3611] = S 8
[3612] = Z 8
[3613] = CNOT 8 31
[3614] = CNOT 8 32
[3615] = Z 8
[3616] = CNOT 8 32
[3617] = CNOT 8 34
[3618] = S 8
[3619] = Z 8
[3620] = CNOT 8 34
[3621] = CNOT 8 35
[3622] = Z 8
[3623] = CNOT 8 35
[3624] = CNOT 8 36
[3625] = S 8
[3626] = Z 8
[3627] = CNOT 8 36
[3628] = CNOT 8 40
[3629] = Z 8
[3630] = CNOT 8 40
[3631] = CNOT 8 42
[3632] = Z 8
[3633] = CNOT 8 42
[3634] = CNOT 8 44
[3635] = S 8
[3636] = CNOT 8 44
[3637] = CNOT 8 46
[3638] = Z 8
[3639] = CNOT 8 46
[3640] = CNOT 8 47
[3641] = S 8
[3642] = Z 8
[3643] = CNOT 8 47
[3644] = CNOT 8 50
[3645] = S 8
[3646] = Z 8
[3647] = CNOT 8 50
[3648] = CNOT 8 9
[3649] = CNOT 8 10
[3650] = CNOT 8 11
[3651] = Z 8
[3652] = CNOT 8 11
[3653] = CNOT 8 15
[3654] = Z 8
[3655] = CNOT 8 15
[3656] = CNOT 8 16
[3657] = S 8
[3658] = Z 8
[3659] = CNOT 8 16
[3660] = CNOT 8 18
[3661] = S 8
[3662] = Z 8
[3663] = CNOT 8 18
[3664] = CNOT 8 20
[3665] = S 8
[3666] = Z 8
[3667] = CNOT 8 20
[3668] = CNOT 8 22
[3669] = Z 8
[3670] = CNOT 8 22
[3671] = CNOT 8 23
[3672] = S 8
[3673] = Z 8
[3674] = CNOT 8 23
[3675] = CNOT 8 26
[3676] = S 8
[3677] = Z 8
[3678] = CNOT 8 26
[3679] = CNOT 8 28
[3680] = S 8
[3681] = Z 8
[3682] = CNOT 8 28
[3683] = CNOT 8 30
[3684] = Z 8
[3685] = CNOT 8 30
[3686] = CNOT 8 31
[3687] = S 8
[3688] = Z 8
[3689] = CNOT 8 31
[3690] = CNOT 8 32
[3691] = Z 8
[3692] = CNOT 8 32
[3693] = CNOT 8 35
[3694] = S 8
[3695] = Z 8
[3696] = CNOT 8 35
[3697] = CNOT 8 40
[3698] = Z 8
[3699] = CNOT 8 40
[3700] = CNOT 8 42
[3701] = Z 8
[3702] = CNOT 8 42
[3703] = CNOT 8 44
[3704] = S 8
[3705] = CNOT 8 44
[3706] = CNOT 8 46
[3707] = Z 8
[3708] = CNOT 8 46
[3709] = CNOT 8 47
[3710] = S 8
[3711] = Z 8
[3712] = CNOT 8 47
[3713] = CNOT 8 10
[3714] = CNOT 8 11
[3715] = CNOT 8 16
[3716] = Z 8
[3717] = CNOT 8 16
[3718] = CNOT 8 19
[3719] = Z 8
[3720] = CNOT 8 19
[3721] = CNOT 8 20
[3722] = Z 8
[3723] = CNOT 8 20
[3724] = CNOT 8 23
[3725] = Z 8
[3726] = CNOT 8 23
[3727] = CNOT 8 24
[3728] = Z 8
[3729] = CNOT 8 24
[3730] = CNOT 8 26
[3731] = S 8
[3732] = Z 8
[3733] = CNOT 8 26
[3734] = CNOT 8 28
[3735] = Z 8
[3736] = CNOT 8 28
[3737] = CNOT 8 31
[3738] = Z 8
[3739] = CNOT 8 31
[3740] = CNOT 8 47
[3741] = Z 8
[3742] = CNOT 8 47
[3743] = CNOT 8 11
[3744] = CNOT 8 12
[3745] = CNOT 8 25
[3746] = S 8
[3747] = Z 8
[3748] = CNOT 8 25
[3749] = CNOT 8 33
[3750] = Z 8
[3751] = CNOT 8 33
[3752] = CNOT 8 37
[3753] = Z 8
[3754] = CNOT 8 37
[3755] = CNOT 8 41
[3756] = Z 8
[3757] = CNOT 8 41
[3758] = CNOT 8 45
[3759] = Z 8
[3760] = CNOT 8 45
[3761] = CNOT 8 12
[3762] = CNOT 8 13
[3763] = CNOT 8 24
[3764] = S 8
[3765] = Z 8
[3766] = CNOT 8 24
[3767] = CNOT 8 30
[3768] = Z 8
[3769] = CNOT 8 30
[3770] = CNOT 8 40
[3771] = Z 8
[3772] = CNOT 8 40
[3773] = CNOT 8 46
[3774] = Z 8
[3775] = CNOT 8 46
[3776] = CNOT 8 13
[3777] = CNOT 8 14
[3778] = CNOT 8 16
[3779] = Z 8
[3780] = CNOT 8 16
[3781] = CNOT 8 23
[3782] = S 8
[3783] = Z 8
[3784] = CNOT 8 23
[3785] = CNOT 8 47
[3786] = Z 8
[3787] = CNOT 8 47
[3788] = CNOT 8 14
[3789] = CNOT 8 15
[3790] = CNOT 8 16
[3791] = Z 8
[3792] = CNOT 8 16
[3793] = CNOT 8 19
[3794] = Z 8
[3795] = CNOT 8 19
[3796] = CNOT 8 20
[3797] = Z 8
[3798] = CNOT 8 20
[3799] = CNOT 8 22
[3800] = S 8
[3801] = Z 8
[3802] = CNOT 8 22
[3803] = CNOT 8 23
[3804] = Z 8
[3805] = CNOT 8 23
[3806] = CNOT 8 24
[3807] = Z 8
[3808] = CNOT 8 24
[3809] = CNOT 8 26
[3810] = Z 8
[3811] = CNOT 8 26
[3812] = CNOT 8 28
[3813] = Z 8
[3814] = CNOT 8 28
[3815] = CNOT 8 31
[3816] = Z 8
[3817] = CNOT 8 31
[3818] = CNOT 8 38
[3819] = Z 8
[3820] = CNOT 8 38
[3821] = CNOT 8 44
[3822] = Z 8
[3823] = CNOT 8 44
[3824] = CNOT 8 47
[3825] = Z 8
[3826] = CNOT 8 47
[3827] = CNOT 8 48
[3828] = Z 8
[3829] = CNOT 8 48
[3830] = CNOT 8 15
[3831] = CNOT 8 16
[3832] = CNOT 8 18
[3833] = Z 8
[3834] = CNOT 8 18
[3835] = CNOT 8 19
[3836] = S 8
[3837] = Z 8
[3838] = CNOT 8 19
[3839] = CNOT 8 20
[3840] = S 8
[3841] = Z 8
[3842] = CNOT 8 20
[3843] = CNOT 8 22
[3844] = Z 8
[3845] = CNOT 8 22
[3846] = CNOT 8 26
[3847] = S 8
[3848] = Z 8
[3849] = CNOT 8 26
[3850] = CNOT 8 27
[3851] = Z 8
[3852] = CNOT 8 27
[3853] = CNOT 8 28
[3854] = S 8
[3855] = Z 8
[3856] = CNOT 8 28
[3857] = CNOT 8 30
[3858] = Z 8
[3859] = CNOT 8 30
[3860] = CNOT 8 32
[3861] = Z 8
[3862] = CNOT 8 32
[3863] = CNOT 8 34
[3864] = Z 8
[3865] = CNOT 8 34
[3866] = CNOT 8 35
[3867] = Z 8
[3868] = CNOT 8 35
[3869] = CNOT 8 36
[3870] = Z 8
[3871] = CNOT 8 36
[3872] = CNOT 8 40
[3873] = Z 8
[3874] = CNOT 8 40
[3875] = CNOT 8 42
[3876] = Z 8
[3877] = CNOT 8 42
[3878] = CNOT 8 43
[3879] = Z 8
[3880] = CNOT 8 43
[3881] = CNOT 8 44
[3882] = S 8
[3883] = CNOT 8 44
[3884] = CNOT 8 46
[3885] = Z 8
[3886] = CNOT 8 46
[3887] = CNOT 8 47
[3888] = Z 8
[3889] = CNOT 8 47
[3890] = CNOT 8 50
[3891] = Z 8
[3892] = CNOT 8 50
[3893] = CNOT 8 16
[3894] = CNOT 8 17
[3895] = CNOT 8 20
[3896] = S 8
[3897] = CNOT 8 20
[3898] = CNOT 8 34
[3899] = Z 8
[3900] = CNOT 8 34
[3901] = CNOT 8 36
[3902] = Z 8
[3903] = CNOT 8 36
[3904] = CNOT 8 50
[3905] = Z 8
[3906] = CNOT 8 50
[3907] = CNOT 8 17
[3908] = CNOT 8 18
[3909] = CNOT 8 19
[3910] = S 8
[3911] = Z 8
[3912] = CNOT 8 19
[3913] = CNOT 8 20
[3914] = Z 8
[3915] = CNOT 8 20
[3916] = CNOT 8 23
[3917] = Z 8
[3918] = CNOT 8 23
[3919] = CNOT 8 31
[3920] = Z 8
[3921] = CNOT 8 31
[3922] = CNOT 8 35
[3923] = Z 8
[3924] = CNOT 8 35
[3925] = CNOT 8 47
[3926] = Z 8
[3927] = CNOT 8 47
[3928] = CNOT 8 18
[3929] = CNOT 8 19
[3930] = CNOT 8 20
[3931] = S 8
[3932] = Z 8
[3933] = CNOT 8 20
[3934] = CNOT 8 22
[3935] = Z 8
[3936] = CNOT 8 22
[3937] = CNOT 8 23
[3938] = S 8
[3939] = Z 8
[3940] = CNOT 8 23
[3941] = CNOT 8 26
[3942] = S 8
[3943] = Z 8
[3944] = CNOT 8 26
[3945] = CNOT 8 28
[3946] = S 8
[3947] = Z 8
[3948] = CNOT 8 28
[3949] = CNOT 8 30
[3950] = Z 8
[3951] = CNOT 8 30
[3952] = CNOT 8 31
[3953] = S 8
[3954] = Z 8
[3955] = CNOT 8 31
[3956] = CNOT 8 32
[3957] = Z 8
[3958] = CNOT 8 32
[3959] = CNOT 8 35
[3960] = S 8
[3961] = Z 8
[3962] = CNOT 8 35
[3963] = CNOT 8 40
[3964] = Z 8
[3965] = CNOT 8 40
[3966] = CNOT 8 42
[3967] = Z 8
[3968] = CNOT 8 42
[3969] = CNOT 8 44
[3970] = S 8
[3971] = CNOT 8 44
[3972] = CNOT 8 46
[3973] = Z 8
[3974] = CNOT 8 46
[3975] = CNOT 8 47
[3976] = S 8
[3977] = Z 8
[3978] = CNOT 8 47
[3979] = CNOT 8 19
[3980] = CNOT 8 20
[3981] = CNOT 8 22
[3982] = Z 8
[3983] = CNOT 8 22
[3984] = CNOT 8 23
[3985] = S 8
[3986] = Z 8
[3987] = CNOT 8 23
[3988] = CNOT 8 26
[3989] = S 8
[3990] = Z 8
[3991] = CNOT 8 26
[3992] = CNOT 8 27
[3993] = Z 8
[3994] = CNOT 8 27
[3995] = CNOT 8 28
[3996] = S 8
[3997] = Z 8
[3998] = CNOT 8 28
[3999] = CNOT 8 30
[4000] = Z 8
[4001] = CNOT 8 30
[4002] = CNOT 8 31
[4003] = S 8
[4004] = Z 8
[4005] = CNOT 8 31
[4006] = CNOT 8 32
[4007] = Z 8
[4008] = CNOT 8 32
[4009] = CNOT 8 34
[4010] = S 8
[4011] = Z 8
[4012] = CNOT 8 34
[4013] = CNOT 8 35
[4014] = Z 8
[4015] = CNOT 8 35
[4016] = CNOT 8 36
[4017] = Z 8
[4018] = CNOT 8 36
[4019] = CNOT 8 40
[4020] = Z 8
[4021] = CNOT 8 40
[4022] = CNOT 8 42
[4023] = Z 8
[4024] = CNOT 8 42
[4025] = CNOT 8 43
[4026] = Z 8
[4027] = CNOT 8 43
[4028] = CNOT 8 44
[4029] = S 8
[4030] = CNOT 8 44
[4031] = CNOT 8 46
[4032] = Z 8
[4033] = CNOT 8 46
[4034] = CNOT 8 47
[4035] = S 8
[4036] = Z 8
[4037] = CNOT 8 47
[4038] = CNOT 8 50
[4039] = Z 8
[4040] = CNOT 8 50
[4041] = CNOT 8 20
[4042] = CNOT 8 22
[4043] = CNOT 8 23
[4044] = Z 8
[4045] = CNOT 8 23
[4046] = CNOT 8 24
[4047] = Z 8
[4048] = CNOT 8 24
[4049] = CNOT 8 26
[4050] = Z 8
[4051] = CNOT 8 26
[4052] = CNOT 8 28
[4053] = Z 8
[4054] = CNOT 8 28
[4055] = CNOT 8 31
[4056] = Z 8
[4057] = CNOT 8 31
[4058] = CNOT 8 32
[4059] = S 8
[4060] = Z 8
[4061] = CNOT 8 32
[4062] = CNOT 8 38
[4063] = Z 8
[4064] = CNOT 8 38
[4065] = CNOT 8 44
[4066] = Z 8
[4067] = CNOT 8 44
[4068] = CNOT 8 47
[4069] = Z 8
[4070] = CNOT 8 47
[4071] = CNOT 8 48
[4072] = Z 8
[4073] = CNOT 8 48
[4074] = CNOT 8 22
[4075] = CNOT 8 23
[4076] = CNOT 8 26
[4077] = S 8
[4078] = Z 8
[4079] = CNOT 8 26
[4080] = CNOT 8 27
[4081] = Z 8
[4082] = CNOT 8 27
[4083] = CNOT 8 28
[4084] = S 8
[4085] = Z 8
[4086] = CNOT 8 28
[4087] = CNOT 8 30
[4088] = Z 8
[4089] = CNOT 8 30
[4090] = CNOT 8 31
[4091] = S 8
[4092] = CNOT 8 31
[4093] = CNOT 8 32
[4094] = Z 8
[4095] = CNOT 8 32
[4096] = CNOT 8 34
[4097] = Z 8
[4098] = CNOT 8 34
[4099] = CNOT 8 35
[4100] = Z 8
[4101] = CNOT 8 35
[4102] = CNOT 8 36
[4103] = Z 8
[4104] = CNOT 8 36
[4105] = CNOT 8 40
[4106] = Z 8
[4107] = CNOT 8 40
[4108] = CNOT 8 42
[4109] = Z 8
[4110] = CNOT 8 42
[4111] = CNOT 8 43
[4112] = Z 8
[4113] = CNOT 8 43
[4114] = CNOT 8 44
[4115] = S 8
[4116] = CNOT 8 44
[4117] = CNOT 8 46
[4118] = Z 8
[4119] = CNOT 8 46
[4120] = CNOT 8 50
[4121] = Z 8
[4122] = CNOT 8 50
[4123] = CNOT 8 23
[4124] = CNOT 8 24
[4125] = CNOT 8 26
[4126] = S 8
[4127] = Z 8
[4128] = CNOT 8 26
[4129] = CNOT 8 28
[4130] = S 8
[4131] = Z 8
[4132] = CNOT 8 28
[4133] = CNOT 8 30
[4134] = S 8
[4135] = Z 8
[4136] = CNOT 8 30
[4137] = CNOT 8 32
[4138] = Z 8
[4139] = CNOT 8 32
[4140] = CNOT 8 42
[4141] = Z 8
[4142] = CNOT 8 42
[4143] = CNOT 8 44
[4144] = S 8
[4145] = CNOT 8 44
[4146] = CNOT 8 24
[4147] = CNOT 8 25
[4148] = CNOT 8 29
[4149] = S 8
[4150] = Z 8
[4151] = CNOT 8 29
[4152] = CNOT 8 33
[4153] = Z 8
[4154] = CNOT 8 33
[4155] = CNOT 8 37
[4156] = Z 8
[4157] = CNOT 8 37
[4158] = CNOT 8 41
[4159] = Z 8
[4160] = CNOT 8 41
[4161] = CNOT 8 45
[4162] = Z 8
[4163] = CNOT 8 45
[4164] = CNOT 8 25
[4165] = CNOT 8 26
[4166] = CNOT 8 31
[4167] = S 8
[4168] = Z 8
[4169] = CNOT 8 31
[4170] = CNOT 8 32
[4171] = Z 8
[4172] = CNOT 8 32
[4173] = CNOT 8 42
[4174] = Z 8
[4175] = CNOT 8 42
[4176] = CNOT 8 44
[4177] = S 8
[4178] = CNOT 8 44
[4179] = CNOT 8 47
[4180] = S 8
[4181] = Z 8
[4182] = CNOT 8 47
[4183] = CNOT 8 26
[4184] = CNOT 8 27
[4185] = CNOT 8 31
[4186] = Z 8
[4187] = CNOT 8 31
[4188] = CNOT 8 43
[4189] = Z 8
[4190] = CNOT 8 43
[4191] = CNOT 8 47
[4192] = Z 8
[4193] = CNOT 8 47
[4194] = CNOT 8 27
[4195] = CNOT 8 28
[4196] = CNOT 8 31
[4197] = S 8
[4198] = Z 8
[4199] = CNOT 8 31
[4200] = CNOT 8 32
[4201] = Z 8
[4202] = CNOT 8 32
[4203] = CNOT 8 42
[4204] = S 8
[4205] = Z 8
[4206] = CNOT 8 42
[4207] = CNOT 8 44
[4208] = S 8
[4209] = CNOT 8 44
[4210] = CNOT 8 47
[4211] = S 8
[4212] = Z 8
[4213] = CNOT 8 47
[4214] = CNOT 8 28
[4215] = CNOT 8 29
[4216] = CNOT 8 33
[4217] = Z 8
[4218] = CNOT 8 33
[4219] = CNOT 8 37
[4220] = Z 8
[4221] = CNOT 8 37
[4222] = CNOT 8 41
[4223] = S 8
[4224] = Z 8
[4225] = CNOT 8 41
[4226] = CNOT 8 45
[4227] = Z 8
[4228] = CNOT 8 45
[4229] = CNOT 8 29
[4230] = CNOT 8 30
[4231] = CNOT 8 31
[4232] = Z 8
[4233] = CNOT 8 31
[4234] = CNOT 8 40
[4235] = S 8
[4236] = Z 8
[4237] = CNOT 8 40
[4238] = CNOT 8 47
[4239] = Z 8
[4240] = CNOT 8 47
[4241] = CNOT 8 30
[4242] = CNOT 8 31
[4243] = CNOT 8 32
[4244] = Z 8
[4245] = CNOT 8 32
[4246] = CNOT 8 34
[4247] = Z 8
[4248] = CNOT 8 34
[4249] = CNOT 8 35
[4250] = Z 8
[4251] = CNOT 8 35
[4252] = CNOT 8 36
[4253] = Z 8
[4254] = CNOT 8 36
[4255] = CNOT 8 39
[4256] = S 8
[4257] = Z 8
[4258] = CNOT 8 39
[4259] = CNOT 8 40
[4260] = Z 8
[4261] = CNOT 8 40
[4262] = CNOT 8 42
[4263] = Z 8
[4264] = CNOT 8 42
[4265] = CNOT 8 43
[4266] = Z 8
[4267] = CNOT 8 43
[4268] = CNOT 8 44
[4269] = S 8
[4270] = CNOT 8 44
[4271] = CNOT 8 46
[4272] = Z 8
[4273] = CNOT 8 46
[4274] = CNOT 8 50
[4275] = Z 8
[4276] = CNOT 8 50
[4277] = CNOT 8 31
[4278] = CNOT 8 32
[4279] = CNOT 8 38
[4280] = S 8
[4281] = Z 8
[4282] = CNOT 8 38
[4283] = CNOT 8 44
[4284] = Z 8
[4285] = CNOT 8 44
[4286] = CNOT 8 47
[4287] = Z 8
[4288] = CNOT 8 47
[4289] = CNOT 8 48
[4290] = Z 8
[4291] = CNOT 8 48
[4292] = CNOT 8 32
[4293] = CNOT 8 33
[4294] = CNOT 8 37
[4295] = S 8
[4296] = Z 8
[4297] = CNOT 8 37
[4298] = CNOT 8 33
[4299] = CNOT 8 34
[4300] = CNOT 8 36
[4301] = S 8
[4302] = Z 8
[4303] = CNOT 8 36
[4304] = CNOT 8 47
[4305] = Z 8
[4306] = CNOT 8 34
[4307] = CNOT 8 35
[4308] = Z 8
[4309] = CNOT 8 35
[4310] = CNOT 8 36
[4311] = Z 8
[4312] = CNOT 8 47
[4313] = CNOT 8 50
[4314] = S 8
[4315] = Z 8
[4316] = CNOT 8 50
[4317] = CNOT 8 36
[4318] = CNOT 8 38
[4319] = CNOT 8 48
[4320] = S 8
[4321] = CNOT 8 48
[4322] = CNOT 8 38
[4323] = CNOT 8 39
[4324] = CNOT 8 47
[4325] = S 8
[4326] = Z 8
[4327] = CNOT 8 47
[4328] = CNOT 8 39
[4329] = CNOT 8 40
[4330] = CNOT 8 46
[4331] = S 8
[4332] = Z 8
[4333] = CNOT 8 46
[4334] = CNOT 8 47
[4335] = Z 8
[4336] = CNOT 8 47
[4337] = CNOT 8 40
[4338] = CNOT 8 41
[4339] = CNOT 8 45
[4340] = S 8
[4341] = CNOT 8 45
[4342] = CNOT 8 41
[4343] = CNOT 8 42
[4344] = CNOT 8 44
[4345] = S 8
[4346] = Z 8
[4347] = CNOT 8 44
[4348] = CNOT 8 47
[4349] = Z 8
[4350] = CNOT 8 42
[4351] = CNOT 8 43
[4352] = Z 8
[4353] = CNOT 8 43
[4354] = CNOT 8 44
[4355] = S 8
[4356] = CNOT 8 44
[4357] = CNOT 8 46
[4358] = Z 8
[4359] = CNOT 8 46
[4360] = CNOT 8 50
[4361] = Z 8
[4362] = CNOT 8 50
[4363] = CNOT 8 47
[4364] = CNOT 9 10
[4365] = CNOT 9 11
[4366] = Z 9
[4367] = CNOT 9 11
[4368] = CNOT 9 15
[4369] = Z 9
[4370] = CNOT 9 15
[4371] = CNOT 9 16
[4372] = S 9
[4373] = Z 9
[4374] = CNOT 9 16
[4375] = CNOT 9 18
[4376] = S 9
[4377] = Z 9
[4378] = CNOT 9 18
[4379] = CNOT 9 20
[4380] = S 9
[4381] = Z 9
[4382] = CNOT 9 20
[4383] = CNOT 9 22
[4384] = Z 9
[4385] = CNOT 9 22
[4386] = CNOT 9 23
[4387] = S 9
[4388] = Z 9
[4389] = CNOT 9 23
[4390] = CNOT 9 26
[4391] = S 9
[4392] = Z 9
[4393] = CNOT 9 26
[4394] = CNOT 9 28
[4395] = S 9
[4396] = Z 9
[4397] = CNOT 9 28
[4398] = CNOT 9 30
[4399] = Z 9
[4400] = CNOT 9 30
[4401] = CNOT 9 31
[4402] = S 9
[4403] = Z 9
[4404] = CNOT 9 31
[4405] = CNOT 9 32
[4406] = Z 9
[4407] = CNOT 9 32
[4408] = CNOT 9 35
[4409] = S 9
[4410] = Z 9
[4411] = CNOT 9 35
[4412] = CNOT 9 40
[4413] = Z 9
[4414] = CNOT 9 40
[4415] = CNOT 9 42
[4416] = Z 9
[4417] = CNOT 9 42
[4418] = CNOT 9 44
[4419] = S 9
[4420] = CNOT 9 44
[4421] = CNOT 9 46
[4422] = Z 9
[4423] = CNOT 9 46
[4424] = CNOT 9 47
[4425] = S 9
[4426] = Z 9
[4427] = CNOT 9 47
[4428] = CNOT 9 10
[4429] = CNOT 9 11
[4430] = CNOT 9 16
[4431] = Z 9
[4432] = CNOT 9 16
[4433] = CNOT 9 19
[4434] = Z 9
[4435] = CNOT 9 19
[4436] = CNOT 9 20
[4437] = Z 9
[4438] = CNOT 9 20
[4439] = CNOT 9 23
[4440] = Z 9
[4441] = CNOT 9 23
[4442] = CNOT 9 24
[4443] = Z 9
[4444] = CNOT 9 24
[4445] = CNOT 9 26
[4446] = S 9
[4447] = Z 9
[4448] = CNOT 9 26
[4449] = CNOT 9 28
[4450] = Z 9
[4451] = CNOT 9 28
[4452] = CNOT 9 31
[4453] = Z 9
[4454] = CNOT 9 31
[4455] = CNOT 9 47
[4456] = Z 9
[4457] = CNOT 9 47
[4458] = CNOT 9 11
[4459] = CNOT 9 13
[4460] = CNOT 9 24
[4461] = S 9
[4462] = Z 9
[4463] = CNOT 9 24
[4464] = CNOT 9 30
[4465] = Z 9
[4466] = CNOT 9 30
[4467] = CNOT 9 40
[4468] = Z 9
[4469] = CNOT 9 40
[4470] = CNOT 9 46
[4471] = Z 9
[4472] = CNOT 9 46
[4473] = CNOT 9 13
[4474] = CNOT 9 15
[4475] = CNOT 9 16
[4476] = Z 9
[4477] = CNOT 9 16
[4478] = CNOT 9 19
[4479] = Z 9
[4480] = CNOT 9 19
[4481] = CNOT 9 20
[4482] = Z 9
[4483] = CNOT 9 20
[4484] = CNOT 9 22
[4485] = S 9
[4486] = Z 9
[4487] = CNOT 9 22
[4488] = CNOT 9 23
[4489] = Z 9
[4490] = CNOT 9 23
[4491] = CNOT 9 24
[4492] = Z 9
[4493] = CNOT 9 24
[4494] = CNOT 9 26
[4495] = Z 9
[4496] = CNOT 9 26
[4497] = CNOT 9 28
[4498] = Z 9
[4499] = CNOT 9 28
[4500] = CNOT 9 31
[4501] = Z 9
[4502] = CNOT 9 31
[4503] = CNOT 9 38
[4504] = Z 9
[4505] = CNOT 9 38
[4506] = CNOT 9 44
[4507] = Z 9
[4508] = CNOT 9 44
[4509] = CNOT 9 47
[4510] = Z 9
[4511] = CNOT 9 47
[4512] = CNOT 9 48
[4513] = Z 9
[4514] = CNOT 9 48
[4515] = CNOT 9 15
[4516] = CNOT 9 16
[4517] = CNOT 9 17
[4518] = Z 9
[4519] = CNOT 9 17
[4520] = CNOT 9 18
[4521] = Z 9
[4522] = CNOT 9 18
[4523] = CNOT 9 19
[4524] = S 9
[4525] = Z 9
[4526] = CNOT 9 19
[4527] = CNOT 9 22
[4528] = Z 9
[4529] = CNOT 9 22
[4530] = CNOT 9 23
[4531] = S 9
[4532] = Z 9
[4533] = CNOT 9 23
[4534] = CNOT 9 26
[4535] = S 9
[4536] = Z 9
[4537] = CNOT 9 26
[4538] = CNOT 9 28
[4539] = S 9
[4540] = Z 9
[4541] = CNOT 9 28
[4542] = CNOT 9 30
[4543] = Z 9
[4544] = CNOT 9 30
[4545] = CNOT 9 31
[4546] = S 9
[4547] = Z 9
[4548] = CNOT 9 31
[4549] = CNOT 9 32
[4550] = Z 9
[4551] = CNOT 9 32
[4552] = CNOT 9 34
[4553] = S 9
[4554] = Z 9
[4555] = CNOT 9 34
[4556] = CNOT 9 35
[4557] = Z 9
[4558] = CNOT 9 35
[4559] = CNOT 9 36
[4560] = S 9
[4561] = Z 9
[4562] = CNOT 9 36
[4563] = CNOT 9 40
[4564] = Z 9
[4565] = CNOT 9 40
[4566] = CNOT 9 42
[4567] = Z 9
[4568] = CNOT 9 42
[4569] = CNOT 9 44
[4570] = S 9
[4571] = CNOT 9 44
[4572] = CNOT 9 46
[4573] = Z 9
[4574] = CNOT 9 46
[4575] = CNOT 9 47
[4576] = S 9
[4577] = Z 9
[4578] = CNOT 9 47
[4579] = CNOT 9 50
[4580] = S 9
[4581] = Z 9
[4582] = CNOT 9 50
[4583] = CNOT 9 16
[4584] = CNOT 9 17
[4585] = CNOT 9 20
[4586] = S 9
[4587] = Z 9
[4588] = CNOT 9 20
[4589] = CNOT 9 23
[4590] = Z 9
[4591] = CNOT 9 23
[4592] = CNOT 9 31
[4593] = Z 9
[4594] = CNOT 9 31
[4595] = CNOT 9 34
[4596] = S 9
[4597] = Z 9
[4598] = CNOT 9 34
[4599] = CNOT 9 36
[4600] = S 9
[4601] = Z 9
[4602] = CNOT 9 36
[4603] = CNOT 9 47
[4604] = Z 9
[4605] = CNOT 9 47
[4606] = CNOT 9 50
[4607] = S 9
[4608] = Z 9
[4609] = CNOT 9 50
[4610] = CNOT 9 17
[4611] = CNOT 9 18
[4612] = CNOT 9 19
[4613] = S 9
[4614] = Z 9
[4615] = CNOT 9 19
[4616] = CNOT 9 20
[4617] = Z 9
[4618] = CNOT 9 20
[4619] = CNOT 9 23
[4620] = Z 9
[4621] = CNOT 9 23
[4622] = CNOT 9 31
[4623] = Z 9
[4624] = CNOT 9 31
[4625] = CNOT 9 35
[4626] = Z 9
[4627] = CNOT 9 35
[4628] = CNOT 9 47
[4629] = Z 9
[4630] = CNOT 9 47
[4631] = CNOT 9 18
[4632] = CNOT 9 19
[4633] = CNOT 9 20
[4634] = S 9
[4635] = Z 9
[4636] = CNOT 9 20
[4637] = CNOT 9 22
[4638] = Z 9
[4639] = CNOT 9 22
[4640] = CNOT 9 23
[4641] = S 9
[4642] = Z 9
[4643] = CNOT 9 23
[4644] = CNOT 9 26
[4645] = S 9
[4646] = Z 9
[4647] = CNOT 9 26
[4648] = CNOT 9 28
[4649] = S 9
[4650] = Z 9
[4651] = CNOT 9 28
[4652] = CNOT 9 30
[4653] = Z 9
[4654] = CNOT 9 30
[4655] = CNOT 9 31
[4656] = S 9
[4657] = Z 9
[4658] = CNOT 9 31
[4659] = CNOT 9 32
[4660] = Z 9
[4661] = CNOT 9 32
[4662] = CNOT 9 35
[4663] = S 9
[4664] = Z 9
[4665] = CNOT 9 35
[4666] = CNOT 9 40
[4667] = Z 9
[4668] = CNOT 9 40
[4669] = CNOT 9 42
[4670] = Z 9
[4671] = CNOT 9 42
[4672] = CNOT 9 44
[4673] = S 9
[4674] = CNOT 9 44
[4675] = CNOT 9 46
[4676] = Z 9
[4677] = CNOT 9 46
[4678] = CNOT 9 47
[4679] = S 9
[4680] = Z 9
[4681] = CNOT 9 47
[4682] = CNOT 9 19
[4683] = CNOT 9 20
[4684] = CNOT 9 22
[4685] = Z 9
[4686] = CNOT 9 22
[4687] = CNOT 9 26
[4688] = S 9
[4689] = Z 9
[4690] = CNOT 9 26
[4691] = CNOT 9 28
[4692] = S 9
[4693] = Z 9
[4694] = CNOT 9 28
[4695] = CNOT 9 30
[4696] = Z 9
[4697] = CNOT 9 30
[4698] = CNOT 9 32
[4699] = Z 9
[4700] = CNOT 9 32
[4701] = CNOT 9 35
[4702] = Z 9
[4703] = CNOT 9 35
[4704] = CNOT 9 36
[4705] = S 9
[4706] = Z 9
[4707] = CNOT 9 36
[4708] = CNOT 9 40
[4709] = Z 9
[4710] = CNOT 9 40
[4711] = CNOT 9 42
[4712] = Z 9
[4713] = CNOT 9 42
[4714] = CNOT 9 44
[4715] = S 9
[4716] = CNOT 9 44
[4717] = CNOT 9 46
[4718] = Z 9
[4719] = CNOT 9 46
[4720] = CNOT 9 50
[4721] = S 9
[4722] = Z 9
[4723] = CNOT 9 50
[4724] = CNOT 9 20
[4725] = CNOT 9 22
[4726] = CNOT 9 23
[4727] = Z 9
[4728] = CNOT 9 23
[4729] = CNOT 9 24
[4730] = Z 9
[4731] = CNOT 9 24
[4732] = CNOT 9 26
[4733] = Z 9
[4734] = CNOT 9 26
[4735] = CNOT 9 28
[4736] = Z 9
[4737] = CNOT 9 28
[4738] = CNOT 9 31
[4739] = Z 9
[4740] = CNOT 9 31
[4741] = CNOT 9 32
[4742] = S 9
[4743] = Z 9
[4744] = CNOT 9 32
[4745] = CNOT 9 38
[4746] = Z 9
[4747] = CNOT 9 38
[4748] = CNOT 9 44
[4749] = Z 9
[4750] = CNOT 9 44
[4751] = CNOT 9 47
[4752] = Z 9
[4753] = CNOT 9 47
[4754] = CNOT 9 48
[4755] = Z 9
[4756] = CNOT 9 48
[4757] = CNOT 9 22
[4758] = CNOT 9 23
[4759] = CNOT 9 26
[4760] = S 9
[4761] = Z 9
[4762] = CNOT 9 26
[4763] = CNOT 9 28
[4764] = S 9
[4765] = Z 9
[4766] = CNOT 9 28
[4767] = CNOT 9 30
[4768] = Z 9
[4769] = CNOT 9 30
[4770] = CNOT 9 31
[4771] = S 9
[4772] = Z 9
[4773] = CNOT 9 31
[4774] = CNOT 9 32
[4775] = Z 9
[4776] = CNOT 9 32
[4777] = CNOT 9 34
[4778] = S 9
[4779] = Z 9
[4780] = CNOT 9 34
[4781] = CNOT 9 35
[4782] = Z 9
[4783] = CNOT 9 35
[4784] = CNOT 9 36
[4785] = S 9
[4786] = Z 9
[4787] = CNOT 9 36
[4788] = CNOT 9 40
[4789] = Z 9
[4790] = CNOT 9 40
[4791] = CNOT 9 42
[4792] = Z 9
[4793] = CNOT 9 42
[4794] = CNOT 9 44
[4795] = S 9
[4796] = CNOT 9 44
[4797] = CNOT 9 46
[4798] = Z 9
[4799] = CNOT 9 46
[4800] = CNOT 9 47
[4801] = S 9
[4802] = Z 9
[4803] = CNOT 9 47
[4804] = CNOT 9 50
[4805] = S 9
[4806] = Z 9
[4807] = CNOT 9 50
[4808] = CNOT 9 23
[4809] = CNOT 9 24
[4810] = CNOT 9 26
[4811] = S 9
[4812] = Z 9
[4813] = CNOT 9 26
[4814] = CNOT 9 28
[4815] = S 9
[4816] = Z 9
[4817] = CNOT 9 28
[4818] = CNOT 9 30
[4819] = S 9
[4820] = Z 9
[4821] = CNOT 9 30
[4822] = CNOT 9 32
[4823] = Z 9
[4824] = CNOT 9 32
[4825] = CNOT 9 42
[4826] = Z 9
[4827] = CNOT 9 42
[4828] = CNOT 9 44
[4829] = S 9
[4830] = CNOT 9 44
[4831] = CNOT 9 24
[4832] = CNOT 9 26
[4833] = CNOT 9 31
[4834] = S 9
[4835] = Z 9
[4836] = CNOT 9 31
[4837] = CNOT 9 32
[4838] = Z 9
[4839] = CNOT 9 32
[4840] = CNOT 9 42
[4841] = Z 9
[4842] = CNOT 9 42
[4843] = CNOT 9 44
[4844] = S 9
[4845] = CNOT 9 44
[4846] = CNOT 9 47
[4847] = S 9
[4848] = Z 9
[4849] = CNOT 9 47
[4850] = CNOT 9 26
[4851] = CNOT 9 28
[4852] = CNOT 9 31
[4853] = S 9
[4854] = Z 9
[4855] = CNOT 9 31
[4856] = CNOT 9 32
[4857] = Z 9
[4858] = CNOT 9 32
[4859] = CNOT 9 42
[4860] = S 9
[4861] = Z 9
[4862] = CNOT 9 42
[4863] = CNOT 9 44
[4864] = S 9
[4865] = CNOT 9 44
[4866] = CNOT 9 47
[4867] = S 9
[4868] = Z 9
[4869] = CNOT 9 47
[4870] = CNOT 9 28
[4871] = CNOT 9 30
[4872] = CNOT 9 31
[4873] = Z 9
[4874] = CNOT 9 31
[4875] = CNOT 9 40
[4876] = S 9
[4877] = Z 9
[4878] = CNOT 9 40
[4879] = CNOT 9 47
[4880] = Z 9
[4881] = CNOT 9 47
[4882] = CNOT 9 30
[4883] = CNOT 9 31
[4884] = CNOT 9 32
[4885] = Z 9
[4886] = CNOT 9 32
[4887] = CNOT 9 34
[4888] = S 9
[4889] = Z 9
[4890] = CNOT 9 34
[4891] = CNOT 9 35
[4892] = Z 9
[4893] = CNOT 9 35
[4894] = CNOT 9 36
[4895] = S 9
[4896] = Z 9
[4897] = CNOT 9 36
[4898] = CNOT 9 40
[4899] = Z 9
[4900] = CNOT 9 40
[4901] = CNOT 9 42
[4902] = Z 9
[4903] = CNOT 9 42
[4904] = CNOT 9 44
[4905] = S 9
[4906] = CNOT 9 44
[4907] = CNOT 9 46
[4908] = Z 9
[4909] = CNOT 9 46
[4910] = CNOT 9 47
[4911] = S 9
[4912] = Z 9
[4913] = CNOT 9 47
[4914] = CNOT 9 50
[4915] = S 9
[4916] = Z 9
[4917] = CNOT 9 50
[4918] = CNOT 9 31
[4919] = CNOT 9 32
[4920] = CNOT 9 38
[4921] = S 9
[4922] = Z 9
[4923] = CNOT 9 38
[4924] = CNOT 9 44
[4925] = Z 9
[4926] = CNOT 9 44
[4927] = CNOT 9 47
[4928] = Z 9
[4929] = CNOT 9 47
[4930] = CNOT 9 48
[4931] = Z 9
[4932] = CNOT 9 48
[4933] = CNOT 9 32
[4934] = CNOT 9 34
[4935] = CNOT 9 47
[4936] = S 9
[4937] = Z 9
[4938] = CNOT 9 34
[4939] = CNOT 9 35
[4940] = Z 9
[4941] = CNOT 9 35
[4942] = CNOT 9 36
[4943] = S 9
[4944] = Z 9
[4945] = CNOT 9 47
[4946] = CNOT 9 36
[4947] = CNOT 9 38
[4948] = CNOT 9 48
[4949] = S 9
[4950] = CNOT 9 48
[4951] = CNOT 9 38
[4952] = CNOT 9 40
[4953] = CNOT 9 46
[4954] = S 9
[4955] = Z 9
[4956] = CNOT 9 46
[4957] = CNOT 9 47
[4958] = Z 9
[4959] = CNOT 9 47
[4960] = CNOT 9 40
[4961] = CNOT 9 42
[4962] = CNOT 9 44
[4963] = S 9
[4964] = Z 9
[4965] = CNOT 9 44
[4966] = CNOT 9 47
[4967] = Z 9
[4968] = CNOT 9 42
[4969] = CNOT 9 44
[4970] = S 9
[4971] = CNOT 9 44
[4972] = CNOT 9 46
[4973] = Z 9
[4974] = CNOT 9 46
[4975] = CNOT 9 50
[4976] = S 9
[4977] = Z 9
[4978] = CNOT 9 50
[4979] = CNOT 9 47
[4980] = CNOT 10 11
[4981] = CNOT 10 16
[4982] = Z 10
[4983] = CNOT 10 16
[4984] = CNOT 10 19
[4985] = Z 10
[4986] = CNOT 10 19
[4987] = CNOT 10 20
[4988] = Z 10
[4989] = CNOT 10 20
[4990] = CNOT 10 23
[4991] = Z 10
[4992] = CNOT 10 23
[4993] = CNOT 10 24
[4994] = Z 10
[4995] = CNOT 10 24
[4996] = CNOT 10 26
[4997] = S 10
[4998] = Z 10
[4999] = CNOT 10 26
[5000] = CNOT 10 28
[5001] = Z 10
[5002] = CNOT 10 28
[5003] = CNOT 10 31
[5004] = Z 10
[5005] = CNOT 10 31
[5006] = CNOT 10 47
[5007] = Z 10
[5008] = CNOT 10 47
[5009] = CNOT 10 11
[5010] = CNOT 10 13
[5011] = CNOT 10 24
[5012] = S 10
[5013] = Z 10
[5014] = CNOT 10 24
[5015] = CNOT 10 30
[5016] = Z 10
[5017] = CNOT 10 30
[5018] = CNOT 10 40
[5019] = Z 10
[5020] = CNOT 10 40
[5021] = CNOT 10 46
[5022] = Z 10
[5023] = CNOT 10 46
[5024] = CNOT 10 13
[5025] = CNOT 10 15
[5026] = CNOT 10 16
[5027] = Z 10
[5028] = CNOT 10 16
[5029] = CNOT 10 19
[5030] = Z 10
[5031] = CNOT 10 19
[5032] = CNOT 10 20
[5033] = Z 10
[5034] = CNOT 10 20
[5035] = CNOT 10 22
[5036] = S 10
[5037] = Z 10
[5038] = CNOT 10 22
[5039] = CNOT 10 23
[5040] = Z 10
[5041] = CNOT 10 23
[5042] = CNOT 10 24
[5043] = Z 10
[5044] = CNOT 10 24
[5045] = CNOT 10 26
[5046] = Z 10
[5047] = CNOT 10 26
[5048] = CNOT 10 28
[5049] = Z 10
[5050] = CNOT 10 28
[5051] = CNOT 10 31
[5052] = Z 10
[5053] = CNOT 10 31
[5054] = CNOT 10 38
[5055] = Z 10
[5056] = CNOT 10 38
[5057] = CNOT 10 44
[5058] = Z 10
[5059] = CNOT 10 44
[5060] = CNOT 10 47
[5061] = Z 10
[5062] = CNOT 10 47
[5063] = CNOT 10 48
[5064] = Z 10
[5065] = CNOT 10 48
[5066] = CNOT 10 15
[5067] = CNOT 10 16
[5068] = CNOT 10 18
[5069] = S 10
[5070] = Z 10
[5071] = CNOT 10 18
[5072] = CNOT 10 20
[5073] = S 10
[5074] = Z 10
[5075] = CNOT 10 20
[5076] = CNOT 10 22
[5077] = Z 10
[5078] = CNOT 10 22
[5079] = CNOT 10 23
[5080] = S 10
[5081] = Z 10
[5082] = CNOT 10 23
[5083] = CNOT 10 26
[5084] = S 10
[5085] = Z 10
[5086] = CNOT 10 26
[5087] = CNOT 10 28
[5088] = S 10
[5089] = Z 10
[5090] = CNOT 10 28
[5091] = CNOT 10 30
[5092] = Z 10
[5093] = CNOT 10 30
[5094] = CNOT 10 31
[5095] = S 10
[5096] = Z 10
[5097] = CNOT 10 31
[5098] = CNOT 10 32
[5099] = Z 10
[5100] = CNOT 10 32
[5101] = CNOT 10 35
[5102] = S 10
[5103] = Z 10
[5104] = CNOT 10 35
[5105] = CNOT 10 40
[5106] = Z 10
[5107] = CNOT 10 40
[5108] = CNOT 10 42
[5109] = Z 10
[5110] = CNOT 10 42
[5111] = CNOT 10 44
[5112] = S 10
[5113] = CNOT 10 44
[5114] = CNOT 10 46
[5115] = Z 10
[5116] = CNOT 10 46
[5117] = CNOT 10 47
[5118] = S 10
[5119] = Z 10
[5120] = CNOT 10 47
[5121] = CNOT 10 16
[5122] = CNOT 10 18
[5123] = CNOT 10 20
[5124] = S 10
[5125] = Z 10
[5126] = CNOT 10 20
[5127] = CNOT 10 23
[5128] = S 10
[5129] = Z 10
[5130] = CNOT 10 23
[5131] = CNOT 10 31
[5132] = S 10
[5133] = Z 10
[5134] = CNOT 10 31
[5135] = CNOT 10 35
[5136] = S 10
[5137] = Z 10
[5138] = CNOT 10 35
[5139] = CNOT 10 47
[5140] = S 10
[5141] = Z 10
[5142] = CNOT 10 47
[5143] = CNOT 10 18
[5144] = CNOT 10 19
[5145] = CNOT 10 22
[5146] = Z 10
[5147] = CNOT 10 22
[5148] = CNOT 10 26
[5149] = S 10
[5150] = Z 10
[5151] = CNOT 10 26
[5152] = CNOT 10 28
[5153] = S 10
[5154] = Z 10
[5155] = CNOT 10 28
[5156] = CNOT 10 30
[5157] = Z 10
[5158] = CNOT 10 30
[5159] = CNOT 10 32
[5160] = Z 10
[5161] = CNOT 10 32
[5162] = CNOT 10 40
[5163] = Z 10
[5164] = CNOT 10 40
[5165] = CNOT 10 42
[5166] = Z 10
[5167] = CNOT 10 42
[5168] = CNOT 10 44
[5169] = S 10
[5170] = CNOT 10 44
[5171] = CNOT 10 46
[5172] = Z 10
[5173] = CNOT 10 46
[5174] = CNOT 10 19
[5175] = CNOT 10 20
[5176] = CNOT 10 22
[5177] = Z 10
[5178] = CNOT 10 22
[5179] = CNOT 10 23
[5180] = S 10
[5181] = Z 10
[5182] = CNOT 10 23
[5183] = CNOT 10 26
[5184] = S 10
[5185] = Z 10
[5186] = CNOT 10 26
[5187] = CNOT 10 28
[5188] = S 10
[5189] = Z 10
[5190] = CNOT 10 28
[5191] = CNOT 10 30
[5192] = Z 10
[5193] = CNOT 10 30
[5194] = CNOT 10 31
[5195] = S 10
[5196] = Z 10
[5197] = CNOT 10 31
[5198] = CNOT 10 32
[5199] = Z 10
[5200] = CNOT 10 32
[5201] = CNOT 10 35
[5202] = S 10
[5203] = Z 10
[5204] = CNOT 10 35
[5205] = CNOT 10 40
[5206] = Z 10
[5207] = CNOT 10 40
[5208] = CNOT 10 42
[5209] = Z 10
[5210] = CNOT 10 42
[5211] = CNOT 10 44
[5212] = S 10
[5213] = CNOT 10 44
[5214] = CNOT 10 46
[5215] = Z 10
[5216] = CNOT 10 46
[5217] = CNOT 10 47
[5218] = S 10
[5219] = Z 10
[5220] = CNOT 10 47
[5221] = CNOT 10 20
[5222] = CNOT 10 22
[5223] = CNOT 10 23
[5224] = Z 10
[5225] = CNOT 10 23
[5226] = CNOT 10 24
[5227] = Z 10
[5228] = CNOT 10 24
[5229] = CNOT 10 26
[5230] = Z 10
[5231] = CNOT 10 26
[5232] = CNOT 10 28
[5233] = Z 10
[5234] = CNOT 10 28
[5235] = CNOT 10 31
[5236] = Z 10
[5237] = CNOT 10 31
[5238] = CNOT 10 32
[5239] = S 10
[5240] = Z 10
[5241] = CNOT 10 32
[5242] = CNOT 10 38
[5243] = Z 10
[5244] = CNOT 10 38
[5245] = CNOT 10 44
[5246] = Z 10
[5247] = CNOT 10 44
[5248] = CNOT 10 47
[5249] = Z 10
[5250] = CNOT 10 47
[5251] = CNOT 10 48
[5252] = Z 10
[5253] = CNOT 10 48
[5254] = CNOT 10 22
[5255] = CNOT 10 23
[5256] = CNOT 10 26
[5257] = S 10
[5258] = Z 10
[5259] = CNOT 10 26
[5260] = CNOT 10 28
[5261] = S 10
[5262] = Z 10
[5263] = CNOT 10 28
[5264] = CNOT 10 30
[5265] = Z 10
[5266] = CNOT 10 30
[5267] = CNOT 10 31
[5268] = S 10
[5269] = Z 10
[5270] = CNOT 10 31
[5271] = CNOT 10 32
[5272] = Z 10
[5273] = CNOT 10 32
[5274] = CNOT 10 35
[5275] = S 10
[5276] = Z 10
[5277] = CNOT 10 35
[5278] = CNOT 10 40
[5279] = Z 10
[5280] = CNOT 10 40
[5281] = CNOT 10 42
[5282] = Z 10
[5283] = CNOT 10 42
[5284] = CNOT 10 44
[5285] = S 10
[5286] = CNOT 10 44
[5287] = CNOT 10 46
[5288] = Z 10
[5289] = CNOT 10 46
[5290] = CNOT 10 47
[5291] = S 10
[5292] = Z 10
[5293] = CNOT 10 47
[5294] = CNOT 10 23
[5295] = CNOT 10 24
[5296] = CNOT 10 26
[5297] = S 10
[5298] = Z 10
[5299] = CNOT 10 26
[5300] = CNOT 10 28
[5301] = S 10
[5302] = Z 10
[5303] = CNOT 10 28
[5304] = CNOT 10 30
[5305] = S 10
[5306] = Z 10
[5307] = CNOT 10 30
[5308] = CNOT 10 32
[5309] = Z 10
[5310] = CNOT 10 32
[5311] = CNOT 10 42
[5312] = Z 10
[5313] = CNOT 10 42
[5314] = CNOT 10 44
[5315] = S 10
[5316] = CNOT 10 44
[5317] = CNOT 10 24
[5318] = CNOT 10 26
[5319] = CNOT 10 31
[5320] = S 10
[5321] = Z 10
[5322] = CNOT 10 31
[5323] = CNOT 10 32
[5324] = Z 10
[5325] = CNOT 10 32
[5326] = CNOT 10 42
[5327] = Z 10
[5328] = CNOT 10 42
[5329] = CNOT 10 44
[5330] = S 10
[5331] = CNOT 10 44
[5332] = CNOT 10 47
[5333] = S 10
[5334] = Z 10
[5335] = CNOT 10 47
[5336] = CNOT 10 26
[5337] = CNOT 10 28
[5338] = CNOT 10 31
[5339] = S 10
[5340] = Z 10
[5341] = CNOT 10 31
[5342] = CNOT 10 32
[5343] = Z 10
[5344] = CNOT 10 32
[5345] = CNOT 10 42
[5346] = S 10
[5347] = Z 10
[5348] = CNOT 10 42
[5349] = CNOT 10 44
[5350] = S 10
[5351] = CNOT 10 44
[5352] = CNOT 10 47
[5353] = S 10
[5354] = Z 10
[5355] = CNOT 10 47
[5356] = CNOT 10 28
[5357] = CNOT 10 30
[5358] = CNOT 10 31
[5359] = Z 10
[5360] = CNOT 10 31
[5361] = CNOT 10 40
[5362] = S 10
[5363] = Z 10
[5364] = CNOT 10 40
[5365] = CNOT 10 47
[5366] = Z 10
[5367] = CNOT 10 47
[5368] = CNOT 10 30
[5369] = CNOT 10 31
[5370] = CNOT 10 32
[5371] = Z 10
[5372] = CNOT 10 32
[5373] = CNOT 10 35
[5374] = S 10
[5375] = Z 10
[5376] = CNOT 10 35
[5377] = CNOT 10 40
[5378] = Z 10
[5379] = CNOT 10 40
[5380] = CNOT 10 42
[5381] = Z 10
[5382] = CNOT 10 42
[5383] = CNOT 10 44
[5384] = S 10
[5385] = CNOT 10 44
[5386] = CNOT 10 46
[5387] = Z 10
[5388] = CNOT 10 46
[5389] = CNOT 10 47
[5390] = S 10
[5391] = Z 10
[5392] = CNOT 10 47
[5393] = CNOT 10 31
[5394] = CNOT 10 32
[5395] = CNOT 10 38
[5396] = S 10
[5397] = Z 10
[5398] = CNOT 10 38
[5399] = CNOT 10 44
[5400] = Z 10
[5401] = CNOT 10 44
[5402] = CNOT 10 47
[5403] = Z 10
[5404] = CNOT 10 47
[5405] = CNOT 10 48
[5406] = Z 10
[5407] = CNOT 10 48
[5408] = CNOT 10 32
[5409] = CNOT 10 35
[5410] = CNOT 10 47
[5411] = S 10
[5412] = Z 10
[5413] = CNOT 10 47
[5414] = CNOT 10 35
[5415] = CNOT 10 38
[5416] = CNOT 10 48
[5417] = S 10
[5418] = CNOT 10 48
[5419] = CNOT 10 38
[5420] = CNOT 10 40
[5421] = CNOT 10 46
[5422] = S 10
[5423] = Z 10
[5424] = CNOT 10 46
[5425] = CNOT 10 47
[5426] = Z 10
[5427] = CNOT 10 47
[5428] = CNOT 10 40
[5429] = CNOT 10 42
[5430] = CNOT 10 44
[5431] = S 10
[5432] = Z 10
[5433] = CNOT 10 44
[5434] = CNOT 10 47
[5435] = Z 10
[5436] = CNOT 10 42
[5437] = CNOT 10 44
[5438] = S 10
[5439] = CNOT 10 44
[5440] = CNOT 10 46
[5441] = Z 10
[5442] = CNOT 10 47
[5443] = CNOT 10 46
[5444] = CNOT 11 16
[5445] = CNOT 11 19
[5446] = Z 11
[5447] = CNOT 11 19
[5448] = CNOT 11 20
[5449] = Z 11
[5450] = CNOT 11 20
[5451] = CNOT 11 23
[5452] = Z 11
[5453] = CNOT 11 23
[5454] = CNOT 11 24
[5455] = Z 11
[5456] = CNOT 11 24
[5457] = CNOT 11 26
[5458] = S 11
[5459] = Z 11
[5460] = CNOT 11 26
[5461] = CNOT 11 28
[5462] = Z 11
[5463] = CNOT 11 28
[5464] = CNOT 11 31
[5465] = Z 11
[5466] = CNOT 11 31
[5467] = CNOT 11 47
[5468] = Z 11
[5469] = CNOT 11 47
[5470] = CNOT 11 16
[5471] = CNOT 11 19
[5472] = CNOT 11 20
[5473] = Z 11
[5474] = CNOT 11 20
[5475] = CNOT 11 23
[5476] = Z 11
[5477] = CNOT 11 23
[5478] = CNOT 11 24
[5479] = Z 11
[5480] = CNOT 11 24
[5481] = CNOT 11 26
[5482] = S 11
[5483] = Z 11
[5484] = CNOT 11 26
[5485] = CNOT 11 28
[5486] = Z 11
[5487] = CNOT 11 28
[5488] = CNOT 11 31
[5489] = Z 11
[5490] = CNOT 11 31
[5491] = CNOT 11 47
[5492] = Z 11
[5493] = CNOT 11 47
[5494] = CNOT 11 19
[5495] = CNOT 11 20
[5496] = CNOT 11 23
[5497] = Z 11
[5498] = CNOT 11 23
[5499] = CNOT 11 24
[5500] = Z 11
[5501] = CNOT 11 24
[5502] = CNOT 11 26
[5503] = S 11
[5504] = Z 11
[5505] = CNOT 11 26
[5506] = CNOT 11 28
[5507] = Z 11
[5508] = CNOT 11 28
[5509] = CNOT 11 31
[5510] = Z 11
[5511] = CNOT 11 31
[5512] = CNOT 11 47
[5513] = Z 11
[5514] = CNOT 11 47
[5515] = CNOT 11 20
[5516] = CNOT 11 23
[5517] = CNOT 11 24
[5518] = Z 11
[5519] = CNOT 11 24
[5520] = CNOT 11 26
[5521] = S 11
[5522] = Z 11
[5523] = CNOT 11 26
[5524] = CNOT 11 28
[5525] = Z 11
[5526] = CNOT 11 28
[5527] = CNOT 11 31
[5528] = Z 11
[5529] = CNOT 11 31
[5530] = CNOT 11 47
[5531] = Z 11
[5532] = CNOT 11 47
[5533] = CNOT 11 23
[5534] = CNOT 11 24
[5535] = CNOT 11 26
[5536] = S 11
[5537] = Z 11
[5538] = CNOT 11 26
[5539] = CNOT 11 28
[5540] = Z 11
[5541] = CNOT 11 28
[5542] = CNOT 11 31
[5543] = Z 11
[5544] = CNOT 11 31
[5545] = CNOT 11 47
[5546] = Z 11
[5547] = CNOT 11 47
[5548] = CNOT 11 24
[5549] = CNOT 11 26
[5550] = CNOT 11 28
[5551] = S 11
[5552] = Z 11
[5553] = CNOT 11 28
[5554] = CNOT 11 31
[5555] = S 11
[5556] = Z 11
[5557] = CNOT 11 31
[5558] = CNOT 11 47
[5559] = S 11
[5560] = Z 11
[5561] = CNOT 11 47
[5562] = CNOT 11 26
[5563] = CNOT 11 28
[5564] = CNOT 11 31
[5565] = Z 11
[5566] = CNOT 11 31
[5567] = CNOT 11 47
[5568] = Z 11
[5569] = CNOT 11 28
[5570] = CNOT 11 31
[5571] = Z 11
[5572] = CNOT 11 47
[5573] = CNOT 11 31
[5574] = CNOT 12 25
[5575] = CNOT 12 33
[5576] = S 12
[5577] = Z 12
[5578] = CNOT 12 33
[5579] = CNOT 12 37
[5580] = S 12
[5581] = Z 12
[5582] = CNOT 12 37
[5583] = CNOT 12 41
[5584] = S 12
[5585] = Z 12
[5586] = CNOT 12 41
[5587] = CNOT 12 45
[5588] = S 12
[5589] = Z 12
[5590] = CNOT 12 45
[5591] = CNOT 12 25
[5592] = CNOT 12 33
[5593] = CNOT 12 37
[5594] = Z 12
[5595] = CNOT 12 37
[5596] = CNOT 12 41
[5597] = Z 12
[5598] = CNOT 12 41
[5599] = CNOT 12 45
[5600] = Z 12
[5601] = CNOT 12 45
[5602] = CNOT 12 33
[5603] = CNOT 12 37
[5604] = CNOT 12 41
[5605] = Z 12
[5606] = CNOT 12 41
[5607] = CNOT 12 45
[5608] = Z 12
[5609] = CNOT 12 37
[5610] = CNOT 12 41
[5611] = Z 12
[5612] = CNOT 12 41
[5613] = CNOT 13 16
[5614] = CNOT 13 24
[5615] = S 13
[5616] = Z 13
[5617] = CNOT 13 24
[5618] = CNOT 13 30
[5619] = Z 13
[5620] = CNOT 13 30
[5621] = CNOT 13 40
[5622] = Z 13
[5623] = CNOT 13 40
[5624] = CNOT 13 46
[5625] = Z 13
[5626] = CNOT 13 46
[5627] = CNOT 13 16
[5628] = CNOT 13 19
[5629] = CNOT 13 24
[5630] = S 13
[5631] = Z 13
[5632] = CNOT 13 24
[5633] = CNOT 13 30
[5634] = Z 13
[5635] = CNOT 13 30
[5636] = CNOT 13 40
[5637] = Z 13
[5638] = CNOT 13 40
[5639] = CNOT 13 46
[5640] = Z 13
[5641] = CNOT 13 46
[5642] = CNOT 13 19
[5643] = CNOT 13 20
[5644] = CNOT 13 24
[5645] = S 13
[5646] = Z 13
[5647] = CNOT 13 24
[5648] = CNOT 13 30
[5649] = Z 13
[5650] = CNOT 13 30
[5651] = CNOT 13 40
[5652] = Z 13
[5653] = CNOT 13 40
[5654] = CNOT 13 46
[5655] = Z 13
[5656] = CNOT 13 46
[5657] = CNOT 13 20
[5658] = CNOT 13 23
[5659] = CNOT 13 24
[5660] = S 13
[5661] = Z 13
[5662] = CNOT 13 24
[5663] = CNOT 13 30
[5664] = Z 13
[5665] = CNOT 13 30
[5666] = CNOT 13 40
[5667] = Z 13
[5668] = CNOT 13 40
[5669] = CNOT 13 46
[5670] = Z 13
[5671] = CNOT 13 46
[5672] = CNOT 13 23
[5673] = CNOT 13 24
[5674] = CNOT 13 30
[5675] = S 13
[5676] = Z 13
[5677] = CNOT 13 30
[5678] = CNOT 13 31
[5679] = S 13
[5680] = Z 13
[5681] = CNOT 13 31
[5682] = CNOT 13 47
[5683] = S 13
[5684] = Z 13
[5685] = CNOT 13 47
[5686] = CNOT 13 24
[5687] = CNOT 13 30
[5688] = CNOT 13 31
[5689] = Z 13
[5690] = CNOT 13 31
[5691] = CNOT 13 40
[5692] = S 13
[5693] = Z 13
[5694] = CNOT 13 40
[5695] = CNOT 13 47
[5696] = Z 13
[5697] = CNOT 13 47
[5698] = CNOT 13 30
[5699] = CNOT 13 31
[5700] = CNOT 13 40
[5701] = Z 13
[5702] = CNOT 13 40
[5703] = CNOT 13 46
[5704] = Z 13
[5705] = CNOT 13 31
[5706] = CNOT 13 40
[5707] = S 13
[5708] = Z 13
[5709] = CNOT 13 46
[5710] = CNOT 13 47
[5711] = Z 13
[5712] = CNOT 13 40
[5713] = CNOT 13 46
[5714] = Z 13
[5715] = CNOT 13 47
[5716] = CNOT 14 16
[5717] = CNOT 14 23
[5718] = S 14
[5719] = Z 14
[5720] = CNOT 14 23
[5721] = CNOT 14 47
[5722] = Z 14
[5723] = CNOT 14 16
[5724] = CNOT 14 23
[5725] = S 14
[5726] = Z 14
[5727] = CNOT 14 23
[5728] = CNOT 15 16
[5729] = CNOT 15 19
[5730] = Z 15
[5731] = CNOT 15 19
[5732] = CNOT 15 20
[5733] = Z 15
[5734] = CNOT 15 20
[5735] = CNOT 15 22
[5736] = S 15
[5737] = Z 15
[5738] = CNOT 15 22
[5739] = CNOT 15 23
[5740] = Z 15
[5741] = CNOT 15 23
[5742] = CNOT 15 24
[5743] = Z 15
[5744] = CNOT 15 24
[5745] = CNOT 15 26
[5746] = Z 15
[5747] = CNOT 15 26
[5748] = CNOT 15 28
[5749] = Z 15
[5750] = CNOT 15 28
[5751] = CNOT 15 31
[5752] = Z 15
[5753] = CNOT 15 31
[5754] = CNOT 15 38
[5755] = Z 15
[5756] = CNOT 15 38
[5757] = CNOT 15 44
[5758] = Z 15
[5759] = CNOT 15 44
[5760] = CNOT 15 47
[5761] = Z 15
[5762] = CNOT 15 47
[5763] = CNOT 15 48
[5764] = Z 15
[5765] = CNOT 15 48
[5766] = CNOT 15 16
[5767] = CNOT 15 19
[5768] = CNOT 15 20
[5769] = Z 15
[5770] = CNOT 15 20
[5771] = CNOT 15 22
[5772] = S 15
[5773] = Z 15
[5774] = CNOT 15 22
[5775] = CNOT 15 23
[5776] = Z 15
[5777] = CNOT 15 23
[5778] = CNOT 15 24
[5779] = Z 15
[5780] = CNOT 15 24
[5781] = CNOT 15 26
[5782] = Z 15
[5783] = CNOT 15 26
[5784] = CNOT 15 28
[5785] = Z 15
[5786] = CNOT 15 28
[5787] = CNOT 15 31
[5788] = Z 15
[5789] = CNOT 15 31
[5790] = CNOT 15 38
[5791] = Z 15
[5792] = CNOT 15 38
[5793] = CNOT 15 44
[5794] = Z 15
[5795] = CNOT 15 44
[5796] = CNOT 15 47
[5797] = Z 15
[5798] = CNOT 15 47
[5799] = CNOT 15 48
[5800] = Z 15
[5801] = CNOT 15 48
[5802] = CNOT 15 19
[5803] = CNOT 15 20
[5804] = CNOT 15 22
[5805] = S 15
[5806] = Z 15
[5807] = CNOT 15 22
[5808] = CNOT 15 23
[5809] = Z 15
[5810] = CNOT 15 23
[5811] = CNOT 15 24
[5812] = Z 15
[5813] = CNOT 15 24
[5814] = CNOT 15 26
[5815] = Z 15
[5816] = CNOT 15 26
[5817] = CNOT 15 28
[5818] = Z 15
[5819] = CNOT 15 28
[5820] = CNOT 15 31
[5821] = Z 15
[5822] = CNOT 15 31
[5823] = CNOT 15 38
[5824] = Z 15
[5825] = CNOT 15 38
[5826] = CNOT 15 44
[5827] = Z 15
[5828] = CNOT 15 44
[5829] = CNOT 15 47
[5830] = Z 15
[5831] = CNOT 15 47
[5832] = CNOT 15 48
[5833] = Z 15
[5834] = CNOT 15 48
[5835] = CNOT 15 20
[5836] = CNOT 15 22
[5837] = CNOT 15 23
[5838] = S 15
[5839] = Z 15
[5840] = CNOT 15 23
[5841] = CNOT 15 24
[5842] = S 15
[5843] = Z 15
[5844] = CNOT 15 24
[5845] = CNOT 15 26
[5846] = S 15
[5847] = Z 15
[5848] = CNOT 15 26
[5849] = CNOT 15 28
[5850] = S 15
[5851] = Z 15
[5852] = CNOT 15 28
[5853] = CNOT 15 31
[5854] = S 15
[5855] = Z 15
[5856] = CNOT 15 31
[5857] = CNOT 15 38
[5858] = S 15
[5859] = Z 15
[5860] = CNOT 15 38
[5861] = CNOT 15 44
[5862] = S 15
[5863] = Z 15
[5864] = CNOT 15 44
[5865] = CNOT 15 47
[5866] = S 15
[5867] = Z 15
[5868] = CNOT 15 47
[5869] = CNOT 15 48
[5870] = S 15
[5871] = Z 15
[5872] = CNOT 15 48
[5873] = CNOT 15 22
[5874] = CNOT 15 23
[5875] = CNOT 15 24
[5876] = Z 15
[5877] = CNOT 15 24
[5878] = CNOT 15 26
[5879] = Z 15
[5880] = CNOT 15 26
[5881] = CNOT 15 28
[5882] = Z 15
[5883] = CNOT 15 28
[5884] = CNOT 15 31
[5885] = Z 15
[5886] = CNOT 15 31
[5887] = CNOT 15 38
[5888] = Z 15
[5889] = CNOT 15 38
[5890] = CNOT 15 44
[5891] = Z 15
[5892] = CNOT 15 44
[5893] = CNOT 15 47
[5894] = Z 15
[5895] = CNOT 15 47
[5896] = CNOT 15 48
[5897] = Z 15
[5898] = CNOT 15 48
[5899] = CNOT 15 23
[5900] = CNOT 15 24
[5901] = CNOT 15 26
[5902] = Z 15
[5903] = CNOT 15 26
[5904] = CNOT 15 28
[5905] = Z 15
[5906] = CNOT 15 28
[5907] = CNOT 15 31
[5908] = Z 15
[5909] = CNOT 15 31
[5910] = CNOT 15 38
[5911] = Z 15
[5912] = CNOT 15 38
[5913] = CNOT 15 44
[5914] = Z 15
[5915] = CNOT 15 44
[5916] = CNOT 15 47
[5917] = Z 15
[5918] = CNOT 15 47
[5919] = CNOT 15 48
[5920] = Z 15
[5921] = CNOT 15 48
[5922] = CNOT 15 24
[5923] = CNOT 15 26
[5924] = CNOT 15 28
[5925] = Z 15
[5926] = CNOT 15 28
[5927] = CNOT 15 31
[5928] = Z 15
[5929] = CNOT 15 31
[5930] = CNOT 15 38
[5931] = Z 15
[5932] = CNOT 15 38
[5933] = CNOT 15 44
[5934] = Z 15
[5935] = CNOT 15 44
[5936] = CNOT 15 47
[5937] = Z 15
[5938] = CNOT 15 47
[5939] = CNOT 15 48
[5940] = Z 15
[5941] = CNOT 15 48
[5942] = CNOT 15 26
[5943] = CNOT 15 28
[5944] = CNOT 15 31
[5945] = Z 15
[5946] = CNOT 15 31
[5947] = CNOT 15 38
[5948] = Z 15
[5949] = CNOT 15 38
[5950] = CNOT 15 44
[5951] = Z 15
[5952] = CNOT 15 44
[5953] = CNOT 15 47
[5954] = Z 15
[5955] = CNOT 15 47
[5956] = CNOT 15 48
[5957] = Z 15
[5958] = CNOT 15 48
[5959] = CNOT 15 28
[5960] = CNOT 15 31
[5961] = CNOT 15 38
[5962] = Z 15
[5963] = CNOT 15 38
[5964] = CNOT 15 44
[5965] = Z 15
[5966] = CNOT 15 44
[5967] = CNOT 15 47
[5968] = Z 15
[5969] = CNOT 15 47
[5970] = CNOT 15 48
[5971] = Z 15
[5972] = CNOT 15 48
[5973] = CNOT 15 31
[5974] = CNOT 15 38
[5975] = CNOT 15 44
[5976] = Z 15
[5977] = CNOT 15 44
[5978] = CNOT 15 47
[5979] = Z 15
[5980] = CNOT 15 47
[5981] = CNOT 15 48
[5982] = Z 15
[5983] = CNOT 15 48
[5984] = CNOT 15 38
[5985] = CNOT 15 44
[5986] = CNOT 15 47
[5987] = Z 15
[5988] = CNOT 15 47
[5989] = CNOT 15 48
[5990] = Z 15
[5991] = CNOT 15 44
[5992] = CNOT 15 47
[5993] = Z 15
[5994] = CNOT 15 47
[5995] = CNOT 16 17
[5996] = CNOT 16 20
[5997] = S 16
[5998] = CNOT 16 20
[5999] = CNOT 16 34
[6000] = Z 16
[6001] = CNOT 16 34
[6002] = CNOT 16 36
[6003] = Z 16
[6004] = CNOT 16 36
[6005] = CNOT 16 50
[6006] = Z 16
[6007] = CNOT 16 50
[6008] = CNOT 16 17
[6009] = CNOT 16 18
[6010] = CNOT 16 19
[6011] = S 16
[6012] = Z 16
[6013] = CNOT 16 19
[6014] = CNOT 16 20
[6015] = Z 16
[6016] = CNOT 16 20
[6017] = CNOT 16 23
[6018] = Z 16
[6019] = CNOT 16 23
[6020] = CNOT 16 31
[6021] = Z 16
[6022] = CNOT 16 31
[6023] = CNOT 16 35
[6024] = Z 16
[6025] = CNOT 16 35
[6026] = CNOT 16 47
[6027] = Z 16
[6028] = CNOT 16 47
[6029] = CNOT 16 18
[6030] = CNOT 16 19
[6031] = CNOT 16 20
[6032] = S 16
[6033] = Z 16
[6034] = CNOT 16 20
[6035] = CNOT 16 22
[6036] = Z 16
[6037] = CNOT 16 22
[6038] = CNOT 16 23
[6039] = S 16
[6040] = Z 16
[6041] = CNOT 16 23
[6042] = CNOT 16 26
[6043] = S 16
[6044] = Z 16
[6045] = CNOT 16 26
[6046] = CNOT 16 28
[6047] = S 16
[6048] = Z 16
[6049] = CNOT 16 28
[6050] = CNOT 16 30
[6051] = Z 16
[6052] = CNOT 16 30
[6053] = CNOT 16 31
[6054] = S 16
[6055] = Z 16
[6056] = CNOT 16 31
[6057] = CNOT 16 32
[6058] = Z 16
[6059] = CNOT 16 32
[6060] = CNOT 16 35
[6061] = S 16
[6062] = Z 16
[6063] = CNOT 16 35
[6064] = CNOT 16 40
[6065] = Z 16
[6066] = CNOT 16 40
[6067] = CNOT 16 42
[6068] = Z 16
[6069] = CNOT 16 42
[6070] = CNOT 16 44
[6071] = S 16
[6072] = CNOT 16 44
[6073] = CNOT 16 46
[6074] = Z 16
[6075] = CNOT 16 46
[6076] = CNOT 16 47
[6077] = S 16
[6078] = Z 16
[6079] = CNOT 16 47
[6080] = CNOT 16 19
[6081] = CNOT 16 20
[6082] = CNOT 16 22
[6083] = Z 16
[6084] = CNOT 16 22
[6085] = CNOT 16 23
[6086] = S 16
[6087] = Z 16
[6088] = CNOT 16 23
[6089] = CNOT 16 26
[6090] = S 16
[6091] = Z 16
[6092] = CNOT 16 26
[6093] = CNOT 16 27
[6094] = Z 16
[6095] = CNOT 16 27
[6096] = CNOT 16 28
[6097] = S 16
[6098] = Z 16
[6099] = CNOT 16 28
[6100] = CNOT 16 30
[6101] = Z 16
[6102] = CNOT 16 30
[6103] = CNOT 16 31
[6104] = S 16
[6105] = Z 16
[6106] = CNOT 16 31
[6107] = CNOT 16 32
[6108] = Z 16
[6109] = CNOT 16 32
[6110] = CNOT 16 34
[6111] = S 16
[6112] = Z 16
[6113] = CNOT 16 34
[6114] = CNOT 16 35
[6115] = Z 16
[6116] = CNOT 16 35
[6117] = CNOT 16 36
[6118] = Z 16
[6119] = CNOT 16 36
[6120] = CNOT 16 40
[6121] = Z 16
[6122] = CNOT 16 40
[6123] = CNOT 16 42
[6124] = Z 16
[6125] = CNOT 16 42
[6126] = CNOT 16 43
[6127] = Z 16
[6128] = CNOT 16 43
[6129] = CNOT 16 44
[6130] = S 16
[6131] = CNOT 16 44
[6132] = CNOT 16 46
[6133] = Z 16
[6134] = CNOT 16 46
[6135] = CNOT 16 47
[6136] = S 16
[6137] = Z 16
[6138] = CNOT 16 47
[6139] = CNOT 16 50
[6140] = Z 16
[6141] = CNOT 16 50
[6142] = CNOT 16 20
[6143] = CNOT 16 22
[6144] = CNOT 16 23
[6145] = Z 16
[6146] = CNOT 16 23
[6147] = CNOT 16 24
[6148] = Z 16
[6149] = CNOT 16 24
[6150] = CNOT 16 26
[6151] = Z 16
[6152] = CNOT 16 26
[6153] = CNOT 16 28
[6154] = Z 16
[6155] = CNOT 16 28
[6156] = CNOT 16 31
[6157] = Z 16
[6158] = CNOT 16 31
[6159] = CNOT 16 32
[6160] = S 16
[6161] = Z 16
[6162] = CNOT 16 32
[6163] = CNOT 16 38
[6164] = Z 16
[6165] = CNOT 16 38
[6166] = CNOT 16 44
[6167] = Z 16
[6168] = CNOT 16 44
[6169] = CNOT 16 47
[6170] = Z 16
[6171] = CNOT 16 47
[6172] = CNOT 16 48
[6173] = Z 16
[6174] = CNOT 16 48
[6175] = CNOT 16 22
[6176] = CNOT 16 23
[6177] = CNOT 16 26
[6178] = S 16
[6179] = Z 16
[6180] = CNOT 16 26
[6181] = CNOT 16 27
[6182] = Z 16
[6183] = CNOT 16 27
[6184] = CNOT 16 28
[6185] = S 16
[6186] = Z 16
[6187] = CNOT 16 28
[6188] = CNOT 16 30
[6189] = Z 16
[6190] = CNOT 16 30
[6191] = CNOT 16 31
[6192] = S 16
[6193] = CNOT 16 31
[6194] = CNOT 16 32
[6195] = Z 16
[6196] = CNOT 16 32
[6197] = CNOT 16 34
[6198] = Z 16
[6199] = CNOT 16 34
[6200] = CNOT 16 35
[6201] = Z 16
[6202] = CNOT 16 35
[6203] = CNOT 16 36
[6204] = Z 16
[6205] = CNOT 16 36
[6206] = CNOT 16 40
[6207] = Z 16
[6208] = CNOT 16 40
[6209] = CNOT 16 42
[6210] = Z 16
[6211] = CNOT 16 42
[6212] = CNOT 16 43
[6213] = Z 16
[6214] = CNOT 16 43
[6215] = CNOT 16 44
[6216] = S 16
[6217] = CNOT 16 44
[6218] = CNOT 16 46
[6219] = Z 16
[6220] = CNOT 16 46
[6221] = CNOT 16 50
[6222] = Z 16
[6223] = CNOT 16 50
[6224] = CNOT 16 23
[6225] = CNOT 16 24
[6226] = CNOT 16 26
[6227] = S 16
[6228] = Z 16
[6229] = CNOT 16 26
[6230] = CNOT 16 28
[6231] = S 16
[6232] = Z 16
[6233] = CNOT 16 28
[6234] = CNOT 16 30
[6235] = S 16
[6236] = Z 16
[6237] = CNOT 16 30
[6238] = CNOT 16 32
[6239] = Z 16
[6240] = CNOT 16 32
[6241] = CNOT 16 42
[6242] = Z 16
[6243] = CNOT 16 42
[6244] = CNOT 16 44
[6245] = S 16
[6246] = CNOT 16 44
[6247] = CNOT 16 24
[6248] = CNOT 16 26
[6249] = CNOT 16 31
[6250] = S 16
[6251] = Z 16
[6252] = CNOT 16 31
[6253] = CNOT 16 32
[6254] = Z 16
[6255] = CNOT 16 32
[6256] = CNOT 16 42
[6257] = Z 16
[6258] = CNOT 16 42
[6259] = CNOT 16 44
[6260] = S 16
[6261] = CNOT 16 44
[6262] = CNOT 16 47
[6263] = S 16
[6264] = Z 16
[6265] = CNOT 16 47
[6266] = CNOT 16 26
[6267] = CNOT 16 27
[6268] = CNOT 16 31
[6269] = Z 16
[6270] = CNOT 16 31
[6271] = CNOT 16 43
[6272] = Z 16
[6273] = CNOT 16 43
[6274] = CNOT 16 47
[6275] = Z 16
[6276] = CNOT 16 47
[6277] = CNOT 16 27
[6278] = CNOT 16 28
[6279] = CNOT 16 31
[6280] = S 16
[6281] = Z 16
[6282] = CNOT 16 31
[6283] = CNOT 16 32
[6284] = Z 16
[6285] = CNOT 16 32
[6286] = CNOT 16 42
[6287] = S 16
[6288] = Z 16
[6289] = CNOT 16 42
[6290] = CNOT 16 44
[6291] = S 16
[6292] = CNOT 16 44
[6293] = CNOT 16 47
[6294] = S 16
[6295] = Z 16
[6296] = CNOT 16 47
[6297] = CNOT 16 28
[6298] = CNOT 16 30
[6299] = CNOT 16 31
[6300] = Z 16
[6301] = CNOT 16 31
[6302] = CNOT 16 40
[6303] = S 16
[6304] = Z 16
[6305] = CNOT 16 40
[6306] = CNOT 16 47
[6307] = Z 16
[6308] = CNOT 16 47
[6309] = CNOT 16 30
[6310] = CNOT 16 31
[6311] = CNOT 16 32
[6312] = Z 16
[6313] = CNOT 16 32
[6314] = CNOT 16 34
[6315] = Z 16
[6316] = CNOT 16 34
[6317] = CNOT 16 35
[6318] = Z 16
[6319] = CNOT 16 35
[6320] = CNOT 16 36
[6321] = Z 16
[6322] = CNOT 16 36
[6323] = CNOT 16 39
[6324] = S 16
[6325] = Z 16
[6326] = CNOT 16 39
[6327] = CNOT 16 40
[6328] = Z 16
[6329] = CNOT 16 40
[6330] = CNOT 16 42
[6331] = Z 16
[6332] = CNOT 16 42
[6333] = CNOT 16 43
[6334] = Z 16
[6335] = CNOT 16 43
[6336] = CNOT 16 44
[6337] = S 16
[6338] = CNOT 16 44
[6339] = CNOT 16 46
[6340] = Z 16
[6341] = CNOT 16 46
[6342] = CNOT 16 50
[6343] = Z 16
[6344] = CNOT 16 50
[6345] = CNOT 16 31
[6346] = CNOT 16 32
[6347] = CNOT 16 38
[6348] = S 16
[6349] = Z 16
[6350] = CNOT 16 38
[6351] = CNOT 16 44
[6352] = Z 16
[6353] = CNOT 16 44
[6354] = CNOT 16 47
[6355] = Z 16
[6356] = CNOT 16 47
[6357] = CNOT 16 48
[6358] = Z 16
[6359] = CNOT 16 48
[6360] = CNOT 16 32
[6361] = CNOT 16 34
[6362] = CNOT 16 36
[6363] = S 16
[6364] = Z 16
[6365] = CNOT 16 36
[6366] = CNOT 16 47
[6367] = Z 16
[6368] = CNOT 16 34
[6369] = CNOT 16 35
[6370] = Z 16
[6371] = CNOT 16 35
[6372] = CNOT 16 36
[6373] = Z 16
[6374] = CNOT 16 47
[6375] = CNOT 16 50
[6376] = S 16
[6377] = Z 16
[6378] = CNOT 16 50
[6379] = CNOT 16 36
[6380] = CNOT 16 38
[6381] = CNOT 16 48
[6382] = S 16
[6383] = CNOT 16 48
[6384] = CNOT 16 38
[6385] = CNOT 16 39
[6386] = CNOT 16 47
[6387] = S 16
[6388] = Z 16
[6389] = CNOT 16 47
[6390] = CNOT 16 39
[6391] = CNOT 16 40
[6392] = CNOT 16 46
[6393] = S 16
[6394] = Z 16
[6395] = CNOT 16 46
[6396] = CNOT 16 47
[6397] = Z 16
[6398] = CNOT 16 47
[6399] = CNOT 16 40
[6400] = CNOT 16 42
[6401] = CNOT 16 44
[6402] = S 16
[6403] = Z 16
[6404] = CNOT 16 44
[6405] = CNOT 16 47
[6406] = Z 16
[6407] = CNOT 16 42
[6408] = CNOT 16 43
[6409] = Z 16
[6410] = CNOT 16 43
[6411] = CNOT 16 44
[6412] = S 16
[6413] = CNOT 16 44
[6414] = CNOT 16 46
[6415] = Z 16
[6416] = CNOT 16 46
[6417] = CNOT 16 50
[6418] = Z 16
[6419] = CNOT 16 50
[6420] = CNOT 16 47
[6421] = CNOT 17 20
[6422] = CNOT 17 23
[6423] = S 17
[6424] = CNOT 17 23
[6425] = CNOT 17 31
[6426] = S 17
[6427] = CNOT 17 31
[6428] = CNOT 17 34
[6429] = S 17
[6430] = Z 17
[6431] = CNOT 17 34
[6432] = CNOT 17 36
[6433] = Z 17
[6434] = CNOT 17 36
[6435] = CNOT 17 47
[6436] = S 17
[6437] = CNOT 17 47
[6438] = CNOT 17 50
[6439] = Z 17
[6440] = CNOT 17 50
[6441] = CNOT 17 20
[6442] = CNOT 17 23
[6443] = CNOT 17 34
[6444] = Z 17
[6445] = CNOT 17 34
[6446] = CNOT 17 36
[6447] = Z 17
[6448] = CNOT 17 36
[6449] = CNOT 17 50
[6450] = Z 17
[6451] = CNOT 17 50
[6452] = CNOT 17 23
[6453] = CNOT 17 31
[6454] = CNOT 17 34
[6455] = Z 17
[6456] = CNOT 17 34
[6457] = CNOT 17 36
[6458] = Z 17
[6459] = CNOT 17 36
[6460] = CNOT 17 50
[6461] = Z 17
[6462] = CNOT 17 50
[6463] = CNOT 17 31
[6464] = CNOT 17 34
[6465] = CNOT 17 36
[6466] = S 17
[6467] = Z 17
[6468] = CNOT 17 36
[6469] = CNOT 17 47
[6470] = Z 17
[6471] = CNOT 17 34
[6472] = CNOT 17 36
[6473] = Z 17
[6474] = CNOT 17 47
[6475] = CNOT 17 50
[6476] = S 17
[6477] = Z 17
[6478] = CNOT 17 36
[6479] = CNOT 17 47
[6480] = Z 17
[6481] = CNOT 17 47
[6482] = CNOT 18 19
[6483] = CNOT 18 20
[6484] = S 18
[6485] = Z 18
[6486] = CNOT 18 20
[6487] = CNOT 18 23
[6488] = S 18
[6489] = Z 18
[6490] = CNOT 18 23
[6491] = CNOT 18 31
[6492] = S 18
[6493] = Z 18
[6494] = CNOT 18 31
[6495] = CNOT 18 35
[6496] = S 18
[6497] = Z 18
[6498] = CNOT 18 35
[6499] = CNOT 18 47
[6500] = S 18
[6501] = Z 18
[6502] = CNOT 18 47
[6503] = CNOT 18 19
[6504] = CNOT 18 20
[6505] = CNOT 18 23
[6506] = Z 18
[6507] = CNOT 18 23
[6508] = CNOT 18 31
[6509] = Z 18
[6510] = CNOT 18 31
[6511] = CNOT 18 35
[6512] = Z 18
[6513] = CNOT 18 35
[6514] = CNOT 18 47
[6515] = Z 18
[6516] = CNOT 18 47
[6517] = CNOT 18 20
[6518] = CNOT 18 23
[6519] = CNOT 18 31
[6520] = Z 18
[6521] = CNOT 18 31
[6522] = CNOT 18 35
[6523] = Z 18
[6524] = CNOT 18 35
[6525] = CNOT 18 47
[6526] = Z 18
[6527] = CNOT 18 47
[6528] = CNOT 18 23
[6529] = CNOT 18 31
[6530] = CNOT 18 35
[6531] = Z 18
[6532] = CNOT 18 35
[6533] = CNOT 18 47
[6534] = Z 18
[6535] = CNOT 18 31
[6536] = CNOT 18 35
[6537] = Z 18
[6538] = CNOT 18 47
[6539] = CNOT 18 35
[6540] = CNOT 19 20
[6541] = CNOT 19 22
[6542] = Z 19
[6543] = CNOT 19 22
[6544] = CNOT 19 23
[6545] = S 19
[6546] = Z 19
[6547] = CNOT 19 23
[6548] = CNOT 19 26
[6549] = S 19
[6550] = Z 19
[6551] = CNOT 19 26
[6552] = CNOT 19 28
[6553] = S 19
[6554] = Z 19
[6555] = CNOT 19 28
[6556] = CNOT 19 30
[6557] = Z 19
[6558] = CNOT 19 30
[6559] = CNOT 19 31
[6560] = S 19
[6561] = Z 19
[6562] = CNOT 19 31
[6563] = CNOT 19 32
[6564] = Z 19
[6565] = CNOT 19 32
[6566] = CNOT 19 35
[6567] = S 19
[6568] = Z 19
[6569] = CNOT 19 35
[6570] = CNOT 19 40
[6571] = Z 19
[6572] = CNOT 19 40
[6573] = CNOT 19 42
[6574] = Z 19
[6575] = CNOT 19 42
[6576] = CNOT 19 44
[6577] = S 19
[6578] = CNOT 19 44
[6579] = CNOT 19 46
[6580] = Z 19
[6581] = CNOT 19 46
[6582] = CNOT 19 47
[6583] = S 19
[6584] = Z 19
[6585] = CNOT 19 47
[6586] = CNOT 19 20
[6587] = CNOT 19 22
[6588] = CNOT 19 23
[6589] = Z 19
[6590] = CNOT 19 23
[6591] = CNOT 19 24
[6592] = Z 19
[6593] = CNOT 19 24
[6594] = CNOT 19 26
[6595] = Z 19
[6596] = CNOT 19 26
[6597] = CNOT 19 28
[6598] = Z 19
[6599] = CNOT 19 28
[6600] = CNOT 19 31
[6601] = Z 19
[6602] = CNOT 19 31
[6603] = CNOT 19 32
[6604] = S 19
[6605] = Z 19
[6606] = CNOT 19 32
[6607] = CNOT 19 38
[6608] = Z 19
[6609] = CNOT 19 38
[6610] = CNOT 19 44
[6611] = Z 19
[6612] = CNOT 19 44
[6613] = CNOT 19 47
[6614] = Z 19
[6615] = CNOT 19 47
[6616] = CNOT 19 48
[6617] = Z 19
[6618] = CNOT 19 48
[6619] = CNOT 19 22
[6620] = CNOT 19 23
[6621] = CNOT 19 26
[6622] = S 19
[6623] = Z 19
[6624] = CNOT 19 26
[6625] = CNOT 19 28
[6626] = S 19
[6627] = Z 19
[6628] = CNOT 19 28
[6629] = CNOT 19 30
[6630] = Z 19
[6631] = CNOT 19 30
[6632] = CNOT 19 31
[6633] = S 19
[6634] = Z 19
[6635] = CNOT 19 31
[6636] = CNOT 19 32
[6637] = Z 19
[6638] = CNOT 19 32
[6639] = CNOT 19 35
[6640] = S 19
[6641] = Z 19
[6642] = CNOT 19 35
[6643] = CNOT 19 40
[6644] = Z 19
[6645] = CNOT 19 40
[6646] = CNOT 19 42
[6647] = Z 19
[6648] = CNOT 19 42
[6649] = CNOT 19 44
[6650] = S 19
[6651] = CNOT 19 44
[6652] = CNOT 19 46
[6653] = Z 19
[6654] = CNOT 19 46
[6655] = CNOT 19 47
[6656] = S 19
[6657] = Z 19
[6658] = CNOT 19 47
[6659] = CNOT 19 23
[6660] = CNOT 19 24
[6661] = CNOT 19 26
[6662] = S 19
[6663] = Z 19
[6664] = CNOT 19 26
[6665] = CNOT 19 28
[6666] = S 19
[6667] = Z 19
[6668] = CNOT 19 28
[6669] = CNOT 19 30
[6670] = S 19
[6671] = Z 19
[6672] = CNOT 19 30
[6673] = CNOT 19 32
[6674] = Z 19
[6675] = CNOT 19 32
[6676] = CNOT 19 42
[6677] = Z 19
[6678] = CNOT 19 42
[6679] = CNOT 19 44
[6680] = S 19
[6681] = CNOT 19 44
[6682] = CNOT 19 24
[6683] = CNOT 19 26
[6684] = CNOT 19 31
[6685] = S 19
[6686] = Z 19
[6687] = CNOT 19 31
[6688] = CNOT 19 32
[6689] = Z 19
[6690] = CNOT 19 32
[6691] = CNOT 19 42
[6692] = Z 19
[6693] = CNOT 19 42
[6694] = CNOT 19 44
[6695] = S 19
[6696] = CNOT 19 44
[6697] = CNOT 19 47
[6698] = S 19
[6699] = Z 19
[6700] = CNOT 19 47
[6701] = CNOT 19 26
[6702] = CNOT 19 28
[6703] = CNOT 19 31
[6704] = S 19
[6705] = Z 19
[6706] = CNOT 19 31
[6707] = CNOT 19 32
[6708] = Z 19
[6709] = CNOT 19 32
[6710] = CNOT 19 42
[6711] = S 19
[6712] = Z 19
[6713] = CNOT 19 42
[6714] = CNOT 19 44
[6715] = S 19
[6716] = CNOT 19 44
[6717] = CNOT 19 47
[6718] = S 19
[6719] = Z 19
[6720] = CNOT 19 47
[6721] = CNOT 19 28
[6722] = CNOT 19 30
[6723] = CNOT 19 31
[6724] = Z 19
[6725] = CNOT 19 31
[6726] = CNOT 19 40
[6727] = S 19
[6728] = Z 19
[6729] = CNOT 19 40
[6730] = CNOT 19 47
[6731] = Z 19
[6732] = CNOT 19 47
[6733] = CNOT 19 30
[6734] = CNOT 19 31
[6735] = CNOT 19 32
[6736] = Z 19
[6737] = CNOT 19 32
[6738] = CNOT 19 35
[6739] = S 19
[6740] = Z 19
[6741] = CNOT 19 35
[6742] = CNOT 19 40
[6743] = Z 19
[6744] = CNOT 19 40
[6745] = CNOT 19 42
[6746] = Z 19
[6747] = CNOT 19 42
[6748] = CNOT 19 44
[6749] = S 19
[6750] = CNOT 19 44
[6751] = CNOT 19 46
[6752] = Z 19
[6753] = CNOT 19 46
[6754] = CNOT 19 47
[6755] = S 19
[6756] = Z 19
[6757] = CNOT 19 47
[6758] = CNOT 19 31
[6759] = CNOT 19 32
[6760] = CNOT 19 38
[6761] = S 19
[6762] = Z 19
[6763] = CNOT 19 38
[6764] = CNOT 19 44
[6765] = Z 19
[6766] = CNOT 19 44
[6767] = CNOT 19 47
[6768] = Z 19
[6769] = CNOT 19 47
[6770] = CNOT 19 48
[6771] = Z 19
[6772] = CNOT 19 48
[6773] = CNOT 19 32
[6774] = CNOT 19 35
[6775] = CNOT 19 47
[6776] = S 19
[6777] = Z 19
[6778] = CNOT 19 47
[6779] = CNOT 19 35
[6780] = CNOT 19 38
[6781] = CNOT 19 48
[6782] = S 19
[6783] = CNOT 19 48
[6784] = CNOT 19 38
[6785] = CNOT 19 40
[6786] = CNOT 19 46
[6787] = S 19
[6788] = Z 19
[6789] = CNOT 19 46
[6790] = CNOT 19 47
[6791] = Z 19
[6792] = CNOT 19 47
[6793] = CNOT 19 40
[6794] = CNOT 19 42
[6795] = CNOT 19 44
[6796] = S 19
[6797] = Z 19
[6798] = CNOT 19 44
[6799] = CNOT 19 47
[6800] = Z 19
[6801] = CNOT 19 42
[6802] = CNOT 19 44
[6803] = S 19
[6804] = CNOT 19 44
[6805] = CNOT 19 46
[6806] = Z 19
[6807] = CNOT 19 47
[6808] = CNOT 19 46
[6809] = CNOT 20 22
[6810] = CNOT 20 23
[6811] = Z 20
[6812] = CNOT 20 23
[6813] = CNOT 20 24
[6814] = Z 20
[6815] = CNOT 20 24
[6816] = CNOT 20 26
[6817] = Z 20
[6818] = CNOT 20 26
[6819] = CNOT 20 28
[6820] = Z 20
[6821] = CNOT 20 28
[6822] = CNOT 20 31
[6823] = Z 20
[6824] = CNOT 20 31
[6825] = CNOT 20 32
[6826] = S 20
[6827] = Z 20
[6828] = CNOT 20 32
[6829] = CNOT 20 38
[6830] = Z 20
[6831] = CNOT 20 38
[6832] = CNOT 20 44
[6833] = Z 20
[6834] = CNOT 20 44
[6835] = CNOT 20 47
[6836] = Z 20
[6837] = CNOT 20 47
[6838] = CNOT 20 48
[6839] = Z 20
[6840] = CNOT 20 48
[6841] = CNOT 20 22
[6842] = CNOT 20 23
[6843] = CNOT 20 26
[6844] = S 20
[6845] = Z 20
[6846] = CNOT 20 26
[6847] = CNOT 20 27
[6848] = Z 20
[6849] = CNOT 20 27
[6850] = CNOT 20 28
[6851] = S 20
[6852] = Z 20
[6853] = CNOT 20 28
[6854] = CNOT 20 30
[6855] = Z 20
[6856] = CNOT 20 30
[6857] = CNOT 20 31
[6858] = S 20
[6859] = Z 20
[6860] = CNOT 20 31
[6861] = CNOT 20 32
[6862] = Z 20
[6863] = CNOT 20 32
[6864] = CNOT 20 34
[6865] = S 20
[6866] = Z 20
[6867] = CNOT 20 34
[6868] = CNOT 20 35
[6869] = Z 20
[6870] = CNOT 20 35
[6871] = CNOT 20 36
[6872] = Z 20
[6873] = CNOT 20 36
[6874] = CNOT 20 40
[6875] = Z 20
[6876] = CNOT 20 40
[6877] = CNOT 20 42
[6878] = Z 20
[6879] = CNOT 20 42
[6880] = CNOT 20 43
[6881] = Z 20
[6882] = CNOT 20 43
[6883] = CNOT 20 44
[6884] = S 20
[6885] = CNOT 20 44
[6886] = CNOT 20 46
[6887] = Z 20
[6888] = CNOT 20 46
[6889] = CNOT 20 47
[6890] = S 20
[6891] = Z 20
[6892] = CNOT 20 47
[6893] = CNOT 20 50
[6894] = Z 20
[6895] = CNOT 20 50
[6896] = CNOT 20 23
[6897] = CNOT 20 24
[6898] = CNOT 20 26
[6899] = S 20
[6900] = Z 20
[6901] = CNOT 20 26
[6902] = CNOT 20 28
[6903] = S 20
[6904] = Z 20
[6905] = CNOT 20 28
[6906] = CNOT 20 30
[6907] = S 20
[6908] = Z 20
[6909] = CNOT 20 30
[6910] = CNOT 20 32
[6911] = Z 20
[6912] = CNOT 20 32
[6913] = CNOT 20 42
[6914] = Z 20
[6915] = CNOT 20 42
[6916] = CNOT 20 44
[6917] = S 20
[6918] = CNOT 20 44
[6919] = CNOT 20 24
[6920] = CNOT 20 26
[6921] = CNOT 20 31
[6922] = S 20
[6923] = Z 20
[6924] = CNOT 20 31
[6925] = CNOT 20 32
[6926] = Z 20
[6927] = CNOT 20 32
[6928] = CNOT 20 42
[6929] = Z 20
[6930] = CNOT 20 42
[6931] = CNOT 20 44
[6932] = S 20
[6933] = CNOT 20 44
[6934] = CNOT 20 47
[6935] = S 20
[6936] = Z 20
[6937] = CNOT 20 47
[6938] = CNOT 20 26
[6939] = CNOT 20 27
[6940] = CNOT 20 31
[6941] = Z 20
[6942] = CNOT 20 31
[6943] = CNOT 20 43
[6944] = Z 20
[6945] = CNOT 20 43
[6946] = CNOT 20 47
[6947] = Z 20
[6948] = CNOT 20 47
[6949] = CNOT 20 27
[6950] = CNOT 20 28
[6951] = CNOT 20 31
[6952] = S 20
[6953] = Z 20
[6954] = CNOT 20 31
[6955] = CNOT 20 32
[6956] = Z 20
[6957] = CNOT 20 32
[6958] = CNOT 20 42
[6959] = S 20
[6960] = Z 20
[6961] = CNOT 20 42
[6962] = CNOT 20 44
[6963] = S 20
[6964] = CNOT 20 44
[6965] = CNOT 20 47
[6966] = S 20
[6967] = Z 20
[6968] = CNOT 20 47
[6969] = CNOT 20 28
[6970] = CNOT 20 30
[6971] = CNOT 20 31
[6972] = Z 20
[6973] = CNOT 20 31
[6974] = CNOT 20 40
[6975] = S 20
[6976] = Z 20
[6977] = CNOT 20 40
[6978] = CNOT 20 47
[6979] = Z 20
[6980] = CNOT 20 47
[6981] = CNOT 20 30
[6982] = CNOT 20 31
[6983] = CNOT 20 32
[6984] = Z 20
[6985] = CNOT 20 32
[6986] = CNOT 20 34
[6987] = S 20
[6988] = Z 20
[6989] = CNOT 20 34
[6990] = CNOT 20 35
[6991] = Z 20
[6992] = CNOT 20 35
[6993] = CNOT 20 36
[6994] = Z 20
[6995] = CNOT 20 36
[6996] = CNOT 20 40
[6997] = Z 20
[6998] = CNOT 20 40
[6999] = CNOT 20 42
[7000] = Z 20
[7001] = CNOT 20 42
[7002] = CNOT 20 43
[7003] = Z 20
[7004] = CNOT 20 43
[7005] = CNOT 20 44
[7006] = S 20
[7007] = CNOT 20 44
[7008] = CNOT 20 46
[7009] = Z 20
[7010] = CNOT 20 46
[7011] = CNOT 20 47
[7012] = S 20
[7013] = Z 20
[7014] = CNOT 20 47
[7015] = CNOT 20 50
[7016] = Z 20
[7017] = CNOT 20 50
[7018] = CNOT 20 31
[7019] = CNOT 20 32
[7020] = CNOT 20 38
[7021] = S 20
[7022] = Z 20
[7023] = CNOT 20 38
[7024] = CNOT 20 44
[7025] = Z 20
[7026] = CNOT 20 44
[7027] = CNOT 20 47
[7028] = Z 20
[7029] = CNOT 20 47
[7030] = CNOT 20 48
[7031] = Z 20
[7032] = CNOT 20 48
[7033] = CNOT 20 32
[7034] = CNOT 20 34
[7035] = CNOT 20 36
[7036] = S 20
[7037] = Z 20
[7038] = CNOT 20 36
[7039] = CNOT 20 47
[7040] = S 20
[7041] = Z 20
[7042] = CNOT 20 34
[7043] = CNOT 20 35
[7044] = Z 20
[7045] = CNOT 20 35
[7046] = CNOT 20 36
[7047] = Z 20
[7048] = CNOT 20 47
[7049] = CNOT 20 50
[7050] = S 20
[7051] = Z 20
[7052] = CNOT 20 50
[7053] = CNOT 20 36
[7054] = CNOT 20 38
[7055] = CNOT 20 48
[7056] = S 20
[7057] = CNOT 20 48
[7058] = CNOT 20 38
[7059] = CNOT 20 40
[7060] = CNOT 20 46
[7061] = S 20
[7062] = Z 20
[7063] = CNOT 20 46
[7064] = CNOT 20 47
[7065] = Z 20
[7066] = CNOT 20 47
[7067] = CNOT 20 40
[7068] = CNOT 20 42
[7069] = CNOT 20 44
[7070] = S 20
[7071] = Z 20
[7072] = CNOT 20 44
[7073] = CNOT 20 47
[7074] = Z 20
[7075] = CNOT 20 42
[7076] = CNOT 20 43
[7077] = Z 20
[7078] = CNOT 20 43
[7079] = CNOT 20 44
[7080] = S 20
[7081] = CNOT 20 44
[7082] = CNOT 20 46
[7083] = Z 20
[7084] = CNOT 20 46
[7085] = CNOT 20 50
[7086] = Z 20
[7087] = CNOT 20 50
[7088] = CNOT 20 47
[7089] = CNOT 22 23
[7090] = CNOT 22 24
[7091] = Z 22
[7092] = CNOT 22 24
[7093] = CNOT 22 26
[7094] = Z 22
[7095] = CNOT 22 26
[7096] = CNOT 22 28
[7097] = Z 22
[7098] = CNOT 22 28
[7099] = CNOT 22 31
[7100] = Z 22
[7101] = CNOT 22 31
[7102] = CNOT 22 32
[7103] = S 22
[7104] = Z 22
[7105] = CNOT 22 32
[7106] = CNOT 22 38
[7107] = Z 22
[7108] = CNOT 22 38
[7109] = CNOT 22 44
[7110] = Z 22
[7111] = CNOT 22 44
[7112] = CNOT 22 47
[7113] = Z 22
[7114] = CNOT 22 47
[7115] = CNOT 22 48
[7116] = Z 22
[7117] = CNOT 22 48
[7118] = CNOT 22 23
[7119] = CNOT 22 24
[7120] = CNOT 22 26
[7121] = Z 22
[7122] = CNOT 22 26
[7123] = CNOT 22 28
[7124] = Z 22
[7125] = CNOT 22 28
[7126] = CNOT 22 31
[7127] = Z 22
[7128] = CNOT 22 31
[7129] = CNOT 22 32
[7130] = S 22
[7131] = Z 22
[7132] = CNOT 22 32
[7133] = CNOT 22 38
[7134] = Z 22
[7135] = CNOT 22 38
[7136] = CNOT 22 44
[7137] = Z 22
[7138] = CNOT 22 44
[7139] = CNOT 22 47
[7140] = Z 22
[7141] = CNOT 22 47
[7142] = CNOT 22 48
[7143] = Z 22
[7144] = CNOT 22 48
[7145] = CNOT 22 24
[7146] = CNOT 22 26
[7147] = CNOT 22 28
[7148] = Z 22
[7149] = CNOT 22 28
[7150] = CNOT 22 31
[7151] = Z 22
[7152] = CNOT 22 31
[7153] = CNOT 22 32
[7154] = S 22
[7155] = Z 22
[7156] = CNOT 22 32
[7157] = CNOT 22 38
[7158] = Z 22
[7159] = CNOT 22 38
[7160] = CNOT 22 44
[7161] = Z 22
[7162] = CNOT 22 44
[7163] = CNOT 22 47
[7164] = Z 22
[7165] = CNOT 22 47
[7166] = CNOT 22 48
[7167] = Z 22
[7168] = CNOT 22 48
[7169] = CNOT 22 26
[7170] = CNOT 22 28
[7171] = CNOT 22 31
[7172] = Z 22
[7173] = CNOT 22 31
[7174] = CNOT 22 32
[7175] = S 22
[7176] = Z 22
[7177] = CNOT 22 32
[7178] = CNOT 22 38
[7179] = Z 22
[7180] = CNOT 22 38
[7181] = CNOT 22 44
[7182] = Z 22
[7183] = CNOT 22 44
[7184] = CNOT 22 47
[7185] = Z 22
[7186] = CNOT 22 47
[7187] = CNOT 22 48
[7188] = Z 22
[7189] = CNOT 22 48
[7190] = CNOT 22 28
[7191] = CNOT 22 31
[7192] = CNOT 22 32
[7193] = S 22
[7194] = Z 22
[7195] = CNOT 22 32
[7196] = CNOT 22 38
[7197] = Z 22
[7198] = CNOT 22 38
[7199] = CNOT 22 44
[7200] = Z 22
[7201] = CNOT 22 44
[7202] = CNOT 22 47
[7203] = Z 22
[7204] = CNOT 22 47
[7205] = CNOT 22 48
[7206] = Z 22
[7207] = CNOT 22 48
[7208] = CNOT 22 31
[7209] = CNOT 22 32
[7210] = CNOT 22 38
[7211] = S 22
[7212] = Z 22
[7213] = CNOT 22 38
[7214] = CNOT 22 44
[7215] = S 22
[7216] = Z 22
[7217] = CNOT 22 44
[7218] = CNOT 22 47
[7219] = S 22
[7220] = Z 22
[7221] = CNOT 22 47
[7222] = CNOT 22 48
[7223] = S 22
[7224] = Z 22
[7225] = CNOT 22 48
[7226] = CNOT 22 32
[7227] = CNOT 22 38
[7228] = CNOT 22 44
[7229] = Z 22
[7230] = CNOT 22 44
[7231] = CNOT 22 47
[7232] = Z 22
[7233] = CNOT 22 47
[7234] = CNOT 22 48
[7235] = Z 22
[7236] = CNOT 22 48
[7237] = CNOT 22 38
[7238] = CNOT 22 44
[7239] = CNOT 22 47
[7240] = Z 22
[7241] = CNOT 22 47
[7242] = CNOT 22 48
[7243] = Z 22
[7244] = CNOT 22 44
[7245] = CNOT 22 47
[7246] = Z 22
[7247] = CNOT 22 48
[7248] = CNOT 22 47
[7249] = CNOT 23 24
[7250] = CNOT 23 26
[7251] = S 23
[7252] = Z 23
[7253] = CNOT 23 26
[7254] = CNOT 23 28
[7255] = S 23
[7256] = Z 23
[7257] = CNOT 23 28
[7258] = CNOT 23 30
[7259] = S 23
[7260] = Z 23
[7261] = CNOT 23 30
[7262] = CNOT 23 32
[7263] = Z 23
[7264] = CNOT 23 32
[7265] = CNOT 23 42
[7266] = Z 23
[7267] = CNOT 23 42
[7268] = CNOT 23 44
[7269] = S 23
[7270] = CNOT 23 44
[7271] = CNOT 23 24
[7272] = CNOT 23 26
[7273] = CNOT 23 31
[7274] = S 23
[7275] = Z 23
[7276] = CNOT 23 31
[7277] = CNOT 23 32
[7278] = Z 23
[7279] = CNOT 23 32
[7280] = CNOT 23 42
[7281] = Z 23
[7282] = CNOT 23 42
[7283] = CNOT 23 44
[7284] = S 23
[7285] = CNOT 23 44
[7286] = CNOT 23 47
[7287] = S 23
[7288] = Z 23
[7289] = CNOT 23 47
[7290] = CNOT 23 26
[7291] = CNOT 23 27
[7292] = CNOT 23 31
[7293] = Z 23
[7294] = CNOT 23 31
[7295] = CNOT 23 43
[7296] = Z 23
[7297] = CNOT 23 43
[7298] = CNOT 23 47
[7299] = Z 23
[7300] = CNOT 23 47
[7301] = CNOT 23 27
[7302] = CNOT 23 28
[7303] = CNOT 23 31
[7304] = S 23
[7305] = Z 23
[7306] = CNOT 23 31
[7307] = CNOT 23 32
[7308] = Z 23
[7309] = CNOT 23 32
[7310] = CNOT 23 42
[7311] = S 23
[7312] = Z 23
[7313] = CNOT 23 42
[7314] = CNOT 23 44
[7315] = S 23
[7316] = CNOT 23 44
[7317] = CNOT 23 47
[7318] = S 23
[7319] = Z 23
[7320] = CNOT 23 47
[7321] = CNOT 23 28
[7322] = CNOT 23 30
[7323] = CNOT 23 31
[7324] = Z 23
[7325] = CNOT 23 31
[7326] = CNOT 23 40
[7327] = S 23
[7328] = Z 23
[7329] = CNOT 23 40
[7330] = CNOT 23 47
[7331] = Z 23
[7332] = CNOT 23 47
[7333] = CNOT 23 30
[7334] = CNOT 23 31
[7335] = CNOT 23 32
[7336] = Z 23
[7337] = CNOT 23 32
[7338] = CNOT 23 34
[7339] = Z 23
[7340] = CNOT 23 34
[7341] = CNOT 23 35
[7342] = Z 23
[7343] = CNOT 23 35
[7344] = CNOT 23 36
[7345] = Z 23
[7346] = CNOT 23 36
[7347] = CNOT 23 40
[7348] = Z 23
[7349] = CNOT 23 40
[7350] = CNOT 23 42
[7351] = Z 23
[7352] = CNOT 23 42
[7353] = CNOT 23 43
[7354] = Z 23
[7355] = CNOT 23 43
[7356] = CNOT 23 44
[7357] = S 23
[7358] = CNOT 23 44
[7359] = CNOT 23 46
[7360] = Z 23
[7361] = CNOT 23 46
[7362] = CNOT 23 47
[7363] = S 23
[7364] = CNOT 23 47
[7365] = CNOT 23 50
[7366] = Z 23
[7367] = CNOT 23 50
[7368] = CNOT 23 31
[7369] = CNOT 23 32
[7370] = CNOT 23 38
[7371] = S 23
[7372] = Z 23
[7373] = CNOT 23 38
[7374] = CNOT 23 44
[7375] = Z 23
[7376] = CNOT 23 44
[7377] = CNOT 23 47
[7378] = Z 23
[7379] = CNOT 23 47
[7380] = CNOT 23 48
[7381] = Z 23
[7382] = CNOT 23 48
[7383] = CNOT 23 32
[7384] = CNOT 23 34
[7385] = CNOT 23 36
[7386] = S 23
[7387] = Z 23
[7388] = CNOT 23 36
[7389] = CNOT 23 47
[7390] = Z 23
[7391] = CNOT 23 34
[7392] = CNOT 23 35
[7393] = Z 23
[7394] = CNOT 23 35
[7395] = CNOT 23 36
[7396] = Z 23
[7397] = CNOT 23 47
[7398] = CNOT 23 50
[7399] = S 23
[7400] = Z 23
[7401] = CNOT 23 50
[7402] = CNOT 23 36
[7403] = CNOT 23 38
[7404] = CNOT 23 48
[7405] = S 23
[7406] = CNOT 23 48
[7407] = CNOT 23 38
[7408] = CNOT 23 40
[7409] = CNOT 23 46
[7410] = S 23
[7411] = Z 23
[7412] = CNOT 23 46
[7413] = CNOT 23 47
[7414] = Z 23
[7415] = CNOT 23 47
[7416] = CNOT 23 40
[7417] = CNOT 23 42
[7418] = CNOT 23 44
[7419] = S 23
[7420] = Z 23
[7421] = CNOT 23 44
[7422] = CNOT 23 47
[7423] = Z 23
[7424] = CNOT 23 42
[7425] = CNOT 23 43
[7426] = Z 23
[7427] = CNOT 23 43
[7428] = CNOT 23 44
[7429] = S 23
[7430] = CNOT 23 44
[7431] = CNOT 23 46
[7432] = Z 23
[7433] = CNOT 23 46
[7434] = CNOT 23 50
[7435] = Z 23
[7436] = CNOT 23 50
[7437] = CNOT 23 47
[7438] = CNOT 24 26
[7439] = CNOT 24 31
[7440] = S 24
[7441] = Z 24
[7442] = CNOT 24 31
[7443] = CNOT 24 32
[7444] = Z 24
[7445] = CNOT 24 32
[7446] = CNOT 24 42
[7447] = Z 24
[7448] = CNOT 24 42
[7449] = CNOT 24 44
[7450] = S 24
[7451] = CNOT 24 44
[7452] = CNOT 24 47
[7453] = S 24
[7454] = Z 24
[7455] = CNOT 24 47
[7456] = CNOT 24 26
[7457] = CNOT 24 28
[7458] = CNOT 24 31
[7459] = S 24
[7460] = Z 24
[7461] = CNOT 24 31
[7462] = CNOT 24 32
[7463] = Z 24
[7464] = CNOT 24 32
[7465] = CNOT 24 42
[7466] = S 24
[7467] = Z 24
[7468] = CNOT 24 42
[7469] = CNOT 24 44
[7470] = S 24
[7471] = CNOT 24 44
[7472] = CNOT 24 47
[7473] = S 24
[7474] = Z 24
[7475] = CNOT 24 47
[7476] = CNOT 24 28
[7477] = CNOT 24 30
[7478] = CNOT 24 31
[7479] = S 24
[7480] = Z 24
[7481] = CNOT 24 31
[7482] = CNOT 24 47
[7483] = S 24
[7484] = Z 24
[7485] = CNOT 24 47
[7486] = CNOT 24 30
[7487] = CNOT 24 31
[7488] = CNOT 24 32
[7489] = Z 24
[7490] = CNOT 24 32
[7491] = CNOT 24 42
[7492] = Z 24
[7493] = CNOT 24 42
[7494] = CNOT 24 44
[7495] = S 24
[7496] = CNOT 24 44
[7497] = CNOT 24 31
[7498] = CNOT 24 32
[7499] = CNOT 24 38
[7500] = S 24
[7501] = Z 24
[7502] = CNOT 24 38
[7503] = CNOT 24 44
[7504] = Z 24
[7505] = CNOT 24 44
[7506] = CNOT 24 47
[7507] = Z 24
[7508] = CNOT 24 47
[7509] = CNOT 24 48
[7510] = Z 24
[7511] = CNOT 24 32
[7512] = CNOT 24 38
[7513] = S 24
[7514] = CNOT 24 48
[7515] = CNOT 24 38
[7516] = CNOT 24 42
[7517] = CNOT 24 44
[7518] = S 24
[7519] = Z 24
[7520] = CNOT 24 44
[7521] = CNOT 24 47
[7522] = Z 24
[7523] = CNOT 24 42
[7524] = CNOT 24 44
[7525] = S 24
[7526] = CNOT 24 44
[7527] = CNOT 25 29
[7528] = CNOT 25 33
[7529] = S 25
[7530] = Z 25
[7531] = CNOT 25 33
[7532] = CNOT 25 37
[7533] = S 25
[7534] = Z 25
[7535] = CNOT 25 37
[7536] = CNOT 25 41
[7537] = S 25
[7538] = Z 25
[7539] = CNOT 25 41
[7540] = CNOT 25 45
[7541] = S 25
[7542] = Z 25
[7543] = CNOT 25 45
[7544] = CNOT 25 29
[7545] = CNOT 25 33
[7546] = CNOT 25 37
[7547] = Z 25
[7548] = CNOT 25 37
[7549] = CNOT 25 41
[7550] = Z 25
[7551] = CNOT 25 41
[7552] = CNOT 25 45
[7553] = Z 25
[7554] = CNOT 25 45
[7555] = CNOT 25 33
[7556] = CNOT 25 37
[7557] = CNOT 25 41
[7558] = Z 25
[7559] = CNOT 25 41
[7560] = CNOT 25 45
[7561] = Z 25
[7562] = CNOT 25 37
[7563] = CNOT 25 41
[7564] = Z 25
[7565] = CNOT 25 45
[7566] = CNOT 25 41
[7567] = CNOT 26 28
[7568] = CNOT 26 32
[7569] = Z 26
[7570] = CNOT 26 32
[7571] = CNOT 26 42
[7572] = S 26
[7573] = Z 26
[7574] = CNOT 26 42
[7575] = CNOT 26 44
[7576] = S 26
[7577] = CNOT 26 44
[7578] = CNOT 26 28
[7579] = CNOT 26 31
[7580] = CNOT 26 32
[7581] = Z 26
[7582] = CNOT 26 32
[7583] = CNOT 26 42
[7584] = Z 26
[7585] = CNOT 26 42
[7586] = CNOT 26 44
[7587] = S 26
[7588] = CNOT 26 44
[7589] = CNOT 26 47
[7590] = S 26
[7591] = Z 26
[7592] = CNOT 26 47
[7593] = CNOT 26 31
[7594] = CNOT 26 32
[7595] = CNOT 26 38
[7596] = S 26
[7597] = Z 26
[7598] = CNOT 26 38
[7599] = CNOT 26 44
[7600] = Z 26
[7601] = CNOT 26 44
[7602] = CNOT 26 47
[7603] = Z 26
[7604] = CNOT 26 47
[7605] = CNOT 26 48
[7606] = Z 26
[7607] = CNOT 26 32
[7608] = CNOT 26 38
[7609] = S 26
[7610] = CNOT 26 48
[7611] = CNOT 26 38
[7612] = CNOT 26 42
[7613] = CNOT 26 44
[7614] = S 26
[7615] = Z 26
[7616] = CNOT 26 44
[7617] = CNOT 26 47
[7618] = Z 26
[7619] = CNOT 26 42
[7620] = CNOT 26 44
[7621] = S 26
[7622] = CNOT 26 47
[7623] = CNOT 26 44
[7624] = CNOT 27 31
[7625] = CNOT 27 43
[7626] = Z 27
[7627] = CNOT 27 43
[7628] = CNOT 27 47
[7629] = Z 27
[7630] = CNOT 27 31
[7631] = CNOT 27 43
[7632] = Z 27
[7633] = CNOT 27 47
[7634] = CNOT 27 43
[7635] = CNOT 28 31
[7636] = CNOT 28 32
[7637] = Z 28
[7638] = CNOT 28 32
[7639] = CNOT 28 42
[7640] = S 28
[7641] = Z 28
[7642] = CNOT 28 42
[7643] = CNOT 28 44
[7644] = S 28
[7645] = CNOT 28 44
[7646] = CNOT 28 47
[7647] = S 28
[7648] = Z 28
[7649] = CNOT 28 47
[7650] = CNOT 28 31
[7651] = CNOT 28 32
[7652] = CNOT 28 38
[7653] = S 28
[7654] = Z 28
[7655] = CNOT 28 38
[7656] = CNOT 28 44
[7657] = Z 28
[7658] = CNOT 28 44
[7659] = CNOT 28 47
[7660] = Z 28
[7661] = CNOT 28 47
[7662] = CNOT 28 48
[7663] = Z 28
[7664] = CNOT 28 32
[7665] = CNOT 28 38
[7666] = S 28
[7667] = CNOT 28 48
[7668] = CNOT 28 38
[7669] = CNOT 28 42
[7670] = CNOT 28 44
[7671] = S 28
[7672] = Z 28
[7673] = CNOT 28 44
[7674] = CNOT 28 47
[7675] = S 28
[7676] = Z 28
[7677] = CNOT 28 42
[7678] = CNOT 28 44
[7679] = S 28
[7680] = CNOT 28 47
[7681] = CNOT 29 33
[7682] = CNOT 29 37
[7683] = Z 29
[7684] = CNOT 29 37
[7685] = CNOT 29 41
[7686] = S 29
[7687] = Z 29
[7688] = CNOT 29 41
[7689] = CNOT 29 45
[7690] = Z 29
[7691] = CNOT 29 45
[7692] = CNOT 29 33
[7693] = CNOT 29 37
[7694] = CNOT 29 41
[7695] = S 29
[7696] = Z 29
[7697] = CNOT 29 41
[7698] = CNOT 29 45
[7699] = Z 29
[7700] = CNOT 29 37
[7701] = CNOT 29 41
[7702] = S 29
[7703] = Z 29
[7704] = CNOT 29 41
[7705] = CNOT 30 31
[7706] = CNOT 30 40
[7707] = S 30
[7708] = Z 30
[7709] = CNOT 30 40
[7710] = CNOT 30 47
[7711] = Z 30
[7712] = CNOT 30 31
[7713] = CNOT 30 40
[7714] = S 30
[7715] = Z 30
[7716] = CNOT 30 47
[7717] = CNOT 30 40
[7718] = CNOT 31 32
[7719] = CNOT 31 38
[7720] = S 31
[7721] = Z 31
[7722] = CNOT 31 38
[7723] = CNOT 31 44
[7724] = Z 31
[7725] = CNOT 31 44
[7726] = CNOT 31 47
[7727] = Z 31
[7728] = CNOT 31 47
[7729] = CNOT 31 48
[7730] = Z 31
[7731] = CNOT 31 48
[7732] = CNOT 31 32
[7733] = CNOT 31 34
[7734] = CNOT 31 36
[7735] = S 31
[7736] = Z 31
[7737] = CNOT 31 36
[7738] = CNOT 31 47
[7739] = Z 31
[7740] = CNOT 31 34
[7741] = CNOT 31 35
[7742] = Z 31
[7743] = CNOT 31 35
[7744] = CNOT 31 36
[7745] = Z 31
[7746] = CNOT 31 47
[7747] = CNOT 31 50
[7748] = S 31
[7749] = Z 31
[7750] = CNOT 31 50
[7751] = CNOT 31 36
[7752] = CNOT 31 38
[7753] = CNOT 31 48
[7754] = S 31
[7755] = CNOT 31 48
[7756] = CNOT 31 38
[7757] = CNOT 31 39
[7758] = CNOT 31 47
[7759] = S 31
[7760] = Z 31
[7761] = CNOT 31 47
[7762] = CNOT 31 39
[7763] = CNOT 31 40
[7764] = CNOT 31 46
[7765] = S 31
[7766] = Z 31
[7767] = CNOT 31 46
[7768] = CNOT 31 47
[7769] = Z 31
[7770] = CNOT 31 47
[7771] = CNOT 31 40
[7772] = CNOT 31 42
[7773] = CNOT 31 44
[7774] = S 31
[7775] = Z 31
[7776] = CNOT 31 44
[7777] = CNOT 31 47
[7778] = Z 31
[7779] = CNOT 31 42
[7780] = CNOT 31 43
[7781] = Z 31
[7782] = CNOT 31 43
[7783] = CNOT 31 44
[7784] = S 31
[7785] = CNOT 31 44
[7786] = CNOT 31 46
[7787] = Z 31
[7788] = CNOT 31 46
[7789] = CNOT 31 50
[7790] = Z 31
[7791] = CNOT 31 50
[7792] = CNOT 32 38
[7793] = CNOT 32 44
[7794] = S 32
[7795] = Z 32
[7796] = CNOT 32 44
[7797] = CNOT 32 47
[7798] = S 32
[7799] = Z 32
[7800] = CNOT 32 47
[7801] = CNOT 32 48
[7802] = S 32
[7803] = Z 32
[7804] = CNOT 32 48
[7805] = CNOT 32 38
[7806] = CNOT 32 44
[7807] = CNOT 32 47
[7808] = Z 32
[7809] = CNOT 32 47
[7810] = CNOT 32 48
[7811] = Z 32
[7812] = CNOT 32 44
[7813] = CNOT 32 47
[7814] = Z 32
[7815] = CNOT 32 47
[7816] = CNOT 33 41
[7817] = CNOT 33 45
[7818] = S 33
[7819] = CNOT 33 45
[7820] = CNOT 33 41
[7821] = CNOT 34 36
[7822] = CNOT 34 47
[7823] = S 34
[7824] = Z 34
[7825] = CNOT 34 47
[7826] = CNOT 34 36
[7827] = CNOT 36 47
[7828] = CNOT 36 50
[7829] = S 36
[7830] = Z 36
[7831] = CNOT 36 50
[7832] = CNOT 36 47
[7833] = CNOT 37 41
[7834] = CNOT 37 45
[7835] = S 37
[7836] = CNOT 37 45
[7837] = CNOT 37 41
[7838] = CNOT 38 44
[7839] = CNOT 38 48
[7840] = S 38
[7841] = CNOT 38 44
[7842] = CNOT 38 47
[7843] = S 38
[7844] = CNOT 38 48
[7845] = CNOT 38 47
[7846] = CNOT 40 46
[7847] = CNOT 40 47
[7848] = S 40
[7849] = Z 40
[7850] = CNOT 40 46
[7851] = CNOT 42 44
[7852] = CNOT 42 47
[7853] = S 42
[7854] = Z 42
[7855] = CNOT 42 47
[7856] = CNOT 42 44
[7857] = CNOT 37 50
[7858] = CNOT 34 50
[7859] = CNOT 21 50
[7860] = CNOT 38 49
[7861] = CNOT 33 49
[7862] = CNOT 22 49
[7863] = CNOT 16 49
[7864] = CNOT 39 48
[7865] = CNOT 23 48
[7866] = CNOT 41 46
[7867] = CNOT 30 46
[7868] = CNOT 25 46
[7869] = CNOT 42 45
[7870] = CNOT 26 45
[7871] = CNOT 43 44
[7872] = CNOT 27 44
[7873] = CNOT 11 44
[7874] = CNOT 44 43
[7875] = CNOT 43 44
[7876] = CNOT 45 42
[7877] = CNOT 42 45
[7878] = CNOT 46 41
[7879] = CNOT 41 46
[7880] = CNOT 47 40
[7881] = CNOT 40 47
[7882] = CNOT 48 39
[7883] = CNOT 39 48
[7884] = CNOT 49 38
[7885] = CNOT 38 49
[7886] = CNOT 50 37
[7887] = CNOT 37 50
[7888] = CNOT 35 36
[7889] = CNOT 20 36
[7890] = CNOT 18 36
[7891] = CNOT 36 35
[7892] = CNOT 35 36
[7893] = CNOT 37 34
[7894] = CNOT 34 37
[7895] = CNOT 38 33
[7896] = CNOT 33 38
[7897] = CNOT 39 32
[7898] = CNOT 32 39
[7899] = CNOT 40 31
[7900] = CNOT 31 40
[7901] = CNOT 41 30
[7902] = CNOT 30 41
[7903] = CNOT 42 29
[7904] = CNOT 29 42
[7905] = CNOT 43 28
[7906] = CNOT 28 43
[7907] = CNOT 28 27
[7908] = CNOT 27 28
[7909] = CNOT 29 26
[7910] = CNOT 26 29
[7911] = CNOT 30 25
[7912] = CNOT 25 30
[7913] = CNOT 31 24
[7914] = CNOT 24 31
[7915] = CNOT 32 23
[7916] = CNOT 23 32
[7917] = CNOT 33 22
[7918] = CNOT 22 33
[7919] = CNOT 34 21
[7920] = CNOT 21 34
[7921] = CNOT 35 20
[7922] = CNOT 20 35
[7923] = CNOT 20 18
[7924] = CNOT 18 20
[7925] = CNOT 21 17
[7926] = CNOT 17 21
[7927] = CNOT 22 16
[7928] = CNOT 16 22
[7929] = CNOT 23 15
[7930] = CNOT 15 23
[7931] = CNOT 24 14
[7932] = CNOT 14 24
[7933] = CNOT 25 13
[7934] = CNOT 13 25
[7935] = CNOT 26 12
[7936] = CNOT 12 26
[7937] = CNOT 27 11
[7938] = CNOT 11 27
[7939] = H 20
[7940] = M 20
[7941] = H 21
[7942] = M 21
[7943] = H 22
[7944] = M 22
[7945] = H 23
[7946] = M 23
[7947] = H 24
[7948] = M 24
[7949] = H 25
[7950] = M 25
[7951] = H 26
[7952] = M 26
[7953] = H 27
[7954] = M 27
[7955] = H 28
[7956] = M 28
[7957] = H 29
[7958] = M 29
[7959] = H 30
[7960] = M 30
[7961] = H 31
[7962] = M 31
[7963] = H 32
[7964] = M 32
[7965] = H 33
[7966] = M 33
[7967] = H 34
[7968] = M 34
[7969] = H 35
[7970] = M 35
[7971] = H 36
[7972] = M 36
[7973] = H 37
[7974] = M 37
[7975] = H 38
[7976] = M 38
[7977] = H 39
[7978] = M 39
[7979] = H 40
[7980] = M 40
[7981] = H 41
[7982] = M 41
[7983] = H 42
[7984] = M 42
[7985] = H 43
[7986] = M 43
[7987] = H 44
[7988] = M 44
[7989] = H 45
[7990] = M 45
[7991] = H 46
[7992] = M 46
[7993] = H 47
[7994] = M 47
[7995] = H 48
[7996] = M 48
[7997] = H 49
[7998] = M 49
[7999] = H 50
[8000] = M 50
[8001] = H 18
[8002] = H 19
Gate distributions:
Input:
Operator distribution:
Total number of qubits = 19
Number of `data' qubits = 19
Number of `Toff_n' ancillas = 0
Number of Hadamard ancillas = 0
Hadamard ancilla cap = infinite
Number of {CNOT,T} partitions = 1
T count = 224
Cost estimation = 112034
	id	Count
	0	0
	1	0
	2	0
	3	34
	4	0
	5	0
	6	0
	7	0
	8	0
	9	0
	10	32
	11	0
	12	0
	13	0
	14	0
	15	0
	16	0
	17	0
	18	0
Output:
Operator distribution:
Total number of qubits = 50
Number of `data' qubits = 19
Number of `Toff_n' ancillas = 0
Number of Hadamard ancillas = 31
Hadamard ancilla cap = infinite
Number of {CNOT,T} partitions = 1
T count = 84
Cost estimation = 49934.5
	id	Count
	0	0
	1	0
	2	0
	3	65
	4	5159
	5	84
	6	0
	7	0
	8	0
	9	0
	10	0
	11	1082
	12	0
	13	1582
	14	0
	15	0
	16	0
	17	0
	18	31
Output T Count (SQC_Circuit) = 84
Output T Count (PhasePolynomial) = 84
Fail count = 0

Execution time: 328.998s
Number of LCL errors: 0
Number of LCL warnings: 0
