Optimize a Clifford + T circuit.
Input filename = /home/ryo-mtmt/TOpt/forme/tpar_benchmark/gf2^10_mult.tfc
Number of unknown gates = 0
Number of unknown qubit labels = 0
Circuit filename: /home/ryo-mtmt/TOpt/forme/tpar_benchmark/gf2^10_mult.tfc

n 30
n_x 30
n_y 0
n_z 0
m 201
[0] = H 21
[1] = H 22
[2] = H 23
[3] = H 24
[4] = H 25
[5] = H 26
[6] = H 27
[7] = H 28
[8] = H 29
[9] = CCZ 10 12 21
[10] = CCZ 9 13 21
[11] = CCZ 8 14 21
[12] = CCZ 7 15 21
[13] = CCZ 6 16 21
[14] = CCZ 5 17 21
[15] = CCZ 4 18 21
[16] = CCZ 3 19 21
[17] = CCZ 2 20 21
[18] = CCZ 10 13 22
[19] = CCZ 9 14 22
[20] = CCZ 8 15 22
[21] = CCZ 7 16 22
[22] = CCZ 6 17 22
[23] = CCZ 5 18 22
[24] = CCZ 4 19 22
[25] = CCZ 3 20 22
[26] = CCZ 10 14 23
[27] = CCZ 9 15 23
[28] = CCZ 8 16 23
[29] = CCZ 7 17 23
[30] = CCZ 6 18 23
[31] = CCZ 5 19 23
[32] = CCZ 4 20 23
[33] = CCZ 10 15 24
[34] = CCZ 9 16 24
[35] = CCZ 8 17 24
[36] = CCZ 7 18 24
[37] = CCZ 6 19 24
[38] = CCZ 5 20 24
[39] = CCZ 10 16 25
[40] = CCZ 9 17 25
[41] = CCZ 8 18 25
[42] = CCZ 7 19 25
[43] = CCZ 6 20 25
[44] = CCZ 10 17 26
[45] = CCZ 9 18 26
[46] = CCZ 8 19 26
[47] = CCZ 7 20 26
[48] = CCZ 10 18 27
[49] = CCZ 9 19 27
[50] = CCZ 8 20 27
[51] = CCZ 10 19 28
[52] = CCZ 9 20 28
[53] = CCZ 10 20 29
[54] = H 21
[55] = H 22
[56] = H 23
[57] = H 24
[58] = H 25
[59] = H 26
[60] = H 27
[61] = H 28
[62] = H 29
[63] = CNOT 22 29
[64] = CNOT 21 28
[65] = CNOT 30 27
[66] = CNOT 29 26
[67] = CNOT 28 25
[68] = CNOT 27 24
[69] = CNOT 26 23
[70] = CNOT 25 22
[71] = CNOT 24 21
[72] = H 21
[73] = H 22
[74] = H 23
[75] = H 24
[76] = H 25
[77] = H 26
[78] = H 27
[79] = H 28
[80] = H 29
[81] = H 30
[82] = CCZ 10 11 30
[83] = CCZ 9 12 30
[84] = CCZ 8 13 30
[85] = CCZ 7 14 30
[86] = CCZ 6 15 30
[87] = CCZ 5 16 30
[88] = CCZ 4 17 30
[89] = CCZ 3 18 30
[90] = CCZ 2 19 30
[91] = CCZ 1 20 30
[92] = CCZ 9 11 29
[93] = CCZ 8 12 29
[94] = CCZ 7 13 29
[95] = CCZ 6 14 29
[96] = CCZ 5 15 29
[97] = CCZ 4 16 29
[98] = CCZ 3 17 29
[99] = CCZ 2 18 29
[100] = CCZ 1 19 29
[101] = CCZ 8 11 28
[102] = CCZ 7 12 28
[103] = CCZ 6 13 28
[104] = CCZ 5 14 28
[105] = CCZ 4 15 28
[106] = CCZ 3 16 28
[107] = CCZ 2 17 28
[108] = CCZ 1 18 28
[109] = CCZ 7 11 27
[110] = CCZ 6 12 27
[111] = CCZ 5 13 27
[112] = CCZ 4 14 27
[113] = CCZ 3 15 27
[114] = CCZ 2 16 27
[115] = CCZ 1 17 27
[116] = CCZ 6 11 26
[117] = CCZ 5 12 26
[118] = CCZ 4 13 26
[119] = CCZ 3 14 26
[120] = CCZ 2 15 26
[121] = CCZ 1 16 26
[122] = CCZ 5 11 25
[123] = CCZ 4 12 25
[124] = CCZ 3 13 25
[125] = CCZ 2 14 25
[126] = CCZ 1 15 25
[127] = CCZ 4 11 24
[128] = CCZ 3 12 24
[129] = CCZ 2 13 24
[130] = CCZ 1 14 24
[131] = CCZ 3 11 23
[132] = CCZ 2 12 23
[133] = CCZ 1 13 23
[134] = CCZ 2 11 22
[135] = CCZ 1 12 22
[136] = CCZ 1 11 21
[137] = H 21
[138] = H 22
[139] = H 23
[140] = H 24
[141] = H 25
[142] = H 26
[143] = H 27
[144] = H 28
[145] = H 29
[146] = H 30

Algorithm used: lx2_dynamic_repair_chi_packed_aa

UniversalOptimize begin.
	Gate synthesis begin.
A_BMS
BMSparse object. Dims: 49x410
9019 2459 6967 2457 2456 5323 813 3681 20080 4908 3678 8597 8596 2446 8595 6545 6544 2444 8593 6543 17202 17201 17200 4899 798 19656 3666 4485 4484 4483 7351 7350 8989 7349 378 5706 5293 3242 5291 3241 19657 8567 17176 5285 5284 5283 19632 3232 19631 3230 19629 3229 8558 8557 7327 7326 8555 7325 19624 19623 5273 5272 19621 5271 1580 6909 6908 1578 20027 6907 1577 19616 19615 6495 6493 11002 11001 3211 8130 3209 8128 19197 19196 19194 6074 1564 3203 10582 18779 18778 5657 10164 10163 3193 3191 3190 18358 19655 5238 18356 1546 3185 6874 1951 9740 3664 8100 3663 8099 8098 18347 307 10583 18346 305 18344 6454 1532 4810 6494 3167 1933 1549 9312 10998 7671 1931 1547 9310 1930 6028 6027 287 6026 286 9742 17505 1515 7710 4383 1513 4382 1512 8891 3151 8890 6020 4910 6019 8888 4909 6018 3148 3201 18727 3200 18726 4785 18724 4784 2324 7290 3963 6422 6927 19126 10515 8053 289 8052 18777 4360 4359 20053 2309 18775 4358 3947 9686 5996 8863 8862 1071 8040 2299 5988 9314 5987 2297 1073 19926 9313 5986 2296 2443 11315 3935 7624 7623 3933 7622 3165 18691 5854 363 3690 7146 5656 111 7144 4898 8225 19045 4208 19653 5236 7454 19785 3149 19784 7073 17595 7614 7848 18162 7072 9120 4620 19350 18268 19782 17726 19890 17625 3208 5426 17624 5425 1070 2179 5424 7291 19490 2722 504 17275 9587 19866 18483 19024 18947 2176 19488 5007 1761 9118 5006 5005 1759 4786 10331 3298 7068 2199 4146 17671 9556 2521 1089 17724 17727 6637 9121 897 113 18966 572 923 8686 9741 17504 10850 922 8685 4871 5980 1304 4869 5978 1303 6968 2532 7849 5324 888 8570 4134 1565 18200 1949 4167 5322 886 8054 2509 18198 20029 3394 8263 5558 3679 10333 3300 5464 4165 885 8264 6641 2524 4147 8261 6638 5556 555 16081 19868 5801 9080 7998 10162 1290 9079 9134 801 5237 7455 17598 5399 5940 1585 2694 1287 9077 205 799 7453 4207 7615 961 8224 19044 7070 18892 8223 4540 10112 3458 7069 18891 1567 8221 6598 16877 18889 2976 2327 6763 18301 16083 18300 16082 17502 8630 9316 3771 16878 6599 6639 5557 3244 2135 2812 19447 4563 6727 3297 812 9684 10793 8216 3706 8860 6642 6966 2530 7847 3301 10334 2138 5465 2814 596 5357 19749 8659 17276 1046 8215 2177 2500 2311 10074 2725 507 4943 3704 9655 5355 7519 9559 7936 2498 304 2522 4145 9136 3698 5862 925 4523 1948 4166 7292 19491 17273 1086 3304 10580 599 2895 1813 7792 1841 6872 218 4942 10009 7791 217 2723 505 4941 375 4811 3702 4622 11276 2898 9025 4190 17931 9059 5091 6200 9027 2151 366 8129 3693 5803 8021 8042 2497 6643 1558 5994 10430 6075 7184 3302 5466 597 2896 5655 110 6764 3437 9317 3772 364 3691 5855 18968 2197 9744 6417 19725 10853 3696 5938 11483 3736 3695 11482 3735 2136 10792 4963 1839 17622 16513 17932 11278 9060 10110 4565 6445 900 5336 6420 19728 3820 4929 5090 6199 9986 20078 18969 2510 8569 4133 17673 9558 2010 6446 5337 4541 10113 3459 6597 11480 4524 6928 2492 20051 89 4525 3699 5863 8683 5356 9738 8629 7520 3182 5400 1586 2695 10160 1288 5292 8619 18600 7145 2308 90 17916 19025 861 2512 4135 18201 3183 5401 4189 862 2489 16875 4539 2490 1306 3470 9028 8041 2496 9745 6418 873 20054 92 18945 16510 17929 4621 9057 16512 3961 8397 4962 18602 8621 1047 3738 6929 19128 2493 2007 898 19751 8661 19129 2494 4809 3700 5864 2008 6444 19752 8662 5335 874 19727 9989 4564 6728 376 3703 9654 2529 5856 5802 8020 9137 1758 4218 17748 4219 4220 17750 9988 17751 10514 533 5348 7566 18359 19468 1588 2697 1529 7074 18164 535 7568 3944 19470 1530 18165 7670 19869 16542 7506 7507 7508 1555 9318 7100 10790 2811 19446 1556 10428 3774 7101 7102 19928 2184 561 19404 16079 553 19406 5514 2187 18298 19407 958 2149 19893 8627 864 4191 7518 575 8338 6201 5092 959 8340 9016 3471 8341 6421 876 18620 552 4242 9652 7672 16544 11000 16545 1087 2196 573 6416 10852 17918 7937 17919 7938 560 6300 6301 6302 17198 563 8622 18603 2325 3434 1811 2977 6304 9584 19613 6305 2979 6306 1798 4668 1799 7997 4670 1801 20030 3395 6722 1853 230 19022 6723 231 3397 6724 20081 8991 3446 9586 1823 6726 10006 8992 3447 7790 10008 3435 6762 3449 203 1810 18622 18486 1851 4206 18623 584 19444 585 587 19347 4930 3821 7148 4931 7149 19349 3823 7150 3461 1838 215 5995 8213 10431 6076 10512 7185 1822 19929 2185 5512 5513 1825 202 2022 5349 7567 4243 7570 4244 7571 7572 9018 3473 18485 1850 604 6361 8394 3932 605 11312 7985 6362 3960 8396 607 11484 5939 3945 19471 18652 2019 6455 18654 2020 6456 5347 18655 3486 5705 3487 5707 3489 17933 19042 11279 815 9687 6360 2148 17674 19892 4961 18269 214 221 7984 19074 532 7186 7986 19076 11314 19077 18688 7598 6873 219 7599 4900 1573 8227 2682 19912 1059 17173 7192 1574 8228 2683 7193 17175 7194 1576 2685 18266 1049 7711 4384 19910 8022 7996 4669 233 19913 17597 7616 18948 10076 10077 7712 1058 4870 5979 3164 7600 18690 1061 

[Dynamic Basis Local Repair TODD + Chi Compression + Packed + AA] Compare with lx2_dynamic_repair_chi_packed
--- Round 0 | Current Columns: 410 ---
  [HIT!] Pair(205,329) x-weight=1 | 410 -> 408 columns
--- Round 1 | Current Columns: 408 ---
  [HIT!] Pair(221,387) x-weight=1 | 408 -> 406 columns
--- Round 2 | Current Columns: 406 ---
  [HIT!] Pair(289,303) x-weight=1 | 406 -> 404 columns
--- Round 3 | Current Columns: 404 ---
  [HIT!] Pair(366,392) x-weight=1 | 404 -> 402 columns
--- Round 4 | Current Columns: 402 ---
  [HIT!] Pair(197,397) x-weight=1 | 402 -> 400 columns
--- Round 5 | Current Columns: 400 ---
  [HIT!] Pair(90,143) x-weight=1 | 400 -> 394 columns
--- Round 6 | Current Columns: 394 ---
  [HIT!] Pair(42,364) x-weight=1 | 394 -> 390 columns
--- Round 7 | Current Columns: 390 ---
  [HIT!] Pair(54,111) x-weight=1 | 390 -> 388 columns
--- Round 8 | Current Columns: 388 ---
  [HIT!] Pair(44,121) x-weight=1 | 388 -> 386 columns
--- Round 9 | Current Columns: 386 ---
  [HIT!] Pair(185,269) x-weight=1 | 386 -> 380 columns
--- Round 10 | Current Columns: 380 ---
  [HIT!] Pair(199,287) x-weight=1 | 380 -> 378 columns
--- Round 11 | Current Columns: 378 ---
  [HIT!] Pair(211,305) x-weight=1 | 378 -> 376 columns
--- Round 12 | Current Columns: 376 ---
  [HIT!] Pair(78,163) x-weight=1 | 376 -> 368 columns
--- Round 13 | Current Columns: 368 ---
  [HIT!] Pair(287,289) x-weight=1 | 368 -> 366 columns
--- Round 14 | Current Columns: 366 ---
  [HIT!] Pair(103,239) x-weight=1 | 366 -> 362 columns
--- Round 15 | Current Columns: 362 ---
  [HIT!] Pair(141,358) x-weight=1 | 362 -> 360 columns
--- Round 16 | Current Columns: 360 ---
  [HIT!] Pair(183,211) x-weight=1 | 360 -> 358 columns
--- Round 17 | Current Columns: 358 ---
  [HIT!] Pair(76,253) x-weight=2 | 358 -> 356 columns
--- Round 18 | Current Columns: 356 ---
  [HIT!] Pair(231,251) x-weight=1 | 356 -> 354 columns
--- Round 19 | Current Columns: 354 ---
  [HIT!] Pair(235,243) x-weight=2 | 354 -> 352 columns
--- Round 20 | Current Columns: 352 ---
  [HIT!] Pair(151,297) x-weight=3 | 352 -> 350 columns
--- Round 21 | Current Columns: 350 ---

=== Dynamic Basis Local Repair Chi Packed AA Summary ===
Algorithm       : LempelX2_DynamicBasisLocalRepairChiPackedAA
Initial T-count : 410
Final T-count   : 350
Total Reduced   : 60 gates
Execution Time  : 510345 ms
Pairs tested    : 63932
Filtered miss   : 63911
Nullspace runs  : 21
Rebuild count   : 57891
Local add count : 6041
AA Table time   : 1.535 ms
Chi update time : 507762 ms
Basis work time : 507762 ms
Nullspace time  : 73.336 ms
Avg affected    : 21975.4 rows
Avg active rows : 36388.1
=======================================================
		TODD executed in 509.676 seconds.
		Total time: 509.788s
	Gate synthesis end.
	Total time: 521.509s
UniversalOptimize end.
Output circuit:
n 49
n_x 30
n_y 0
n_z 19
m 5901
[0] = H 21
[1] = H 22
[2] = H 23
[3] = H 24
[4] = H 25
[5] = H 26
[6] = H 27
[7] = H 28
[8] = H 29
[9] = H 31
[10] = H 32
[11] = H 33
[12] = H 34
[13] = H 35
[14] = H 36
[15] = H 37
[16] = H 38
[17] = H 39
[18] = H 40
[19] = H 41
[20] = H 42
[21] = H 43
[22] = H 44
[23] = H 45
[24] = H 46
[25] = H 47
[26] = H 48
[27] = H 49
[28] = CNOT 1 2
[29] = CNOT 1 10
[30] = CNOT 1 20
[31] = CNOT 1 29
[32] = CNOT 1 43
[33] = T 1
[34] = CNOT 1 29
[35] = T 1
[36] = CNOT 1 10
[37] = CNOT 1 29
[38] = T 1
[39] = CNOT 1 20
[40] = CNOT 1 10
[41] = T 1
[42] = CNOT 1 10
[43] = T 1
[44] = CNOT 1 29
[45] = CNOT 10 14
[46] = CNOT 10 23
[47] = T 10
[48] = CNOT 10 23
[49] = T 10
[50] = S 10
[51] = CNOT 10 14
[52] = CNOT 14 23
[53] = T 14
[54] = S 14
[55] = CNOT 14 23
[56] = CNOT 10 23
[57] = T 10
[58] = S 10
[59] = CNOT 10 23
[60] = CNOT 10 13
[61] = CNOT 10 22
[62] = T 10
[63] = CNOT 10 22
[64] = T 10
[65] = S 10
[66] = CNOT 10 13
[67] = CNOT 13 22
[68] = T 13
[69] = S 13
[70] = CNOT 13 22
[71] = CNOT 10 22
[72] = T 10
[73] = S 10
[74] = CNOT 10 22
[75] = CNOT 1 3
[76] = CNOT 1 5
[77] = CNOT 1 10
[78] = CNOT 1 12
[79] = CNOT 1 21
[80] = T 1
[81] = CNOT 1 21
[82] = T 1
[83] = CNOT 1 10
[84] = CNOT 1 21
[85] = T 1
[86] = CNOT 1 12
[87] = CNOT 1 10
[88] = T 1
[89] = CNOT 1 21
[90] = CNOT 1 10
[91] = CNOT 1 5
[92] = CNOT 1 3
[93] = CNOT 1 2
[94] = CNOT 3 9
[95] = CNOT 3 14
[96] = CNOT 3 22
[97] = CNOT 3 43
[98] = T 3
[99] = CNOT 3 22
[100] = T 3
[101] = CNOT 3 9
[102] = CNOT 3 22
[103] = T 3
[104] = CNOT 3 14
[105] = CNOT 3 9
[106] = T 3
[107] = CNOT 3 43
[108] = CNOT 3 22
[109] = CNOT 3 9
[110] = CNOT 2 5
[111] = CNOT 2 9
[112] = CNOT 2 13
[113] = CNOT 2 21
[114] = CNOT 2 43
[115] = T 2
[116] = CNOT 2 21
[117] = T 2
[118] = CNOT 2 9
[119] = CNOT 2 21
[120] = T 2
[121] = CNOT 2 13
[122] = CNOT 2 9
[123] = T 2
[124] = CNOT 2 43
[125] = CNOT 2 21
[126] = CNOT 2 9
[127] = CNOT 2 5
[128] = CNOT 5 8
[129] = CNOT 5 14
[130] = CNOT 5 21
[131] = CNOT 5 43
[132] = T 5
[133] = CNOT 5 21
[134] = T 5
[135] = CNOT 5 8
[136] = CNOT 5 21
[137] = T 5
[138] = CNOT 5 14
[139] = CNOT 5 8
[140] = T 5
[141] = CNOT 5 43
[142] = CNOT 5 21
[143] = CNOT 5 8
[144] = CNOT 7 12
[145] = CNOT 7 43
[146] = CNOT 7 47
[147] = T 7
[148] = CNOT 7 47
[149] = T 7
[150] = S 7
[151] = Z 7
[152] = CNOT 7 12
[153] = CNOT 12 43
[154] = CNOT 12 47
[155] = T 12
[156] = S 12
[157] = Z 12
[158] = CNOT 12 47
[159] = CNOT 12 43
[160] = CNOT 7 47
[161] = T 7
[162] = S 7
[163] = Z 7
[164] = CNOT 7 47
[165] = CNOT 7 43
[166] = CNOT 1 2
[167] = CNOT 1 3
[168] = CNOT 1 7
[169] = CNOT 1 11
[170] = CNOT 1 46
[171] = T 1
[172] = CNOT 1 46
[173] = T 1
[174] = CNOT 1 7
[175] = CNOT 1 46
[176] = T 1
[177] = CNOT 1 11
[178] = CNOT 1 7
[179] = T 1
[180] = CNOT 1 46
[181] = CNOT 1 17
[182] = CNOT 1 23
[183] = T 1
[184] = CNOT 1 23
[185] = T 1
[186] = CNOT 1 7
[187] = CNOT 1 23
[188] = T 1
[189] = CNOT 1 17
[190] = CNOT 1 7
[191] = T 1
[192] = CNOT 1 23
[193] = CNOT 1 7
[194] = CNOT 1 3
[195] = CNOT 1 13
[196] = CNOT 1 44
[197] = T 1
[198] = CNOT 4 6
[199] = CNOT 4 16
[200] = CNOT 4 21
[201] = CNOT 4 43
[202] = T 4
[203] = CNOT 4 21
[204] = CNOT 4 16
[205] = CNOT 1 3
[206] = T 1
[207] = CNOT 1 44
[208] = CNOT 1 13
[209] = CNOT 4 17
[210] = CNOT 4 22
[211] = T 4
[212] = CNOT 4 43
[213] = CNOT 4 22
[214] = CNOT 4 17
[215] = CNOT 4 6
[216] = CNOT 1 5
[217] = CNOT 1 10
[218] = CNOT 1 11
[219] = CNOT 1 49
[220] = T 1
[221] = CNOT 1 49
[222] = T 1
[223] = CNOT 1 10
[224] = CNOT 1 49
[225] = T 1
[226] = CNOT 1 11
[227] = CNOT 1 10
[228] = T 1
[229] = CNOT 1 49
[230] = CNOT 1 10
[231] = CNOT 1 5
[232] = CNOT 1 3
[233] = CNOT 7 16
[234] = CNOT 7 22
[235] = T 7
[236] = CNOT 7 22
[237] = T 7
[238] = S 7
[239] = CNOT 7 16
[240] = CNOT 16 22
[241] = T 16
[242] = S 16
[243] = CNOT 16 22
[244] = CNOT 7 22
[245] = T 7
[246] = S 7
[247] = CNOT 7 22
[248] = CNOT 3 12
[249] = T 3
[250] = S 3
[251] = Z 3
[252] = CNOT 3 12
[253] = CNOT 1 12
[254] = T 1
[255] = CNOT 1 2
[256] = CNOT 1 3
[257] = T 1
[258] = CNOT 1 12
[259] = T 3
[260] = S 3
[261] = Z 3
[262] = CNOT 1 4
[263] = CNOT 1 20
[264] = CNOT 1 23
[265] = T 1
[266] = CNOT 1 23
[267] = T 1
[268] = CNOT 1 4
[269] = CNOT 1 23
[270] = T 1
[271] = CNOT 1 20
[272] = CNOT 1 4
[273] = T 1
[274] = CNOT 1 23
[275] = CNOT 1 4
[276] = CNOT 1 2
[277] = CNOT 1 5
[278] = CNOT 1 7
[279] = CNOT 1 15
[280] = CNOT 1 21
[281] = T 1
[282] = CNOT 1 21
[283] = T 1
[284] = CNOT 1 7
[285] = CNOT 1 21
[286] = T 1
[287] = CNOT 1 15
[288] = CNOT 1 7
[289] = T 1
[290] = CNOT 1 21
[291] = CNOT 1 7
[292] = CNOT 1 5
[293] = CNOT 1 2
[294] = CNOT 1 11
[295] = CNOT 1 42
[296] = T 1
[297] = CNOT 1 42
[298] = CNOT 1 3
[299] = CNOT 1 2
[300] = CNOT 1 5
[301] = T 1
[302] = CNOT 1 5
[303] = CNOT 1 2
[304] = CNOT 1 42
[305] = T 1
[306] = CNOT 1 42
[307] = CNOT 1 11
[308] = CNOT 42 43
[309] = T 42
[310] = S 42
[311] = CNOT 42 43
[312] = CNOT 2 7
[313] = CNOT 2 14
[314] = CNOT 2 43
[315] = CNOT 2 49
[316] = T 2
[317] = CNOT 2 49
[318] = T 2
[319] = CNOT 2 7
[320] = CNOT 2 49
[321] = T 2
[322] = CNOT 2 14
[323] = CNOT 2 7
[324] = T 2
[325] = CNOT 2 49
[326] = CNOT 2 43
[327] = CNOT 2 7
[328] = CNOT 4 19
[329] = CNOT 4 22
[330] = CNOT 4 43
[331] = T 4
[332] = CNOT 4 22
[333] = T 4
[334] = S 4
[335] = Z 4
[336] = CNOT 4 19
[337] = CNOT 19 22
[338] = CNOT 19 43
[339] = T 19
[340] = S 19
[341] = Z 19
[342] = CNOT 19 43
[343] = CNOT 19 22
[344] = CNOT 18 21
[345] = CNOT 18 43
[346] = T 18
[347] = S 18
[348] = Z 18
[349] = CNOT 18 43
[350] = CNOT 18 21
[351] = CNOT 1 5
[352] = CNOT 1 17
[353] = CNOT 1 48
[354] = T 1
[355] = CNOT 1 48
[356] = CNOT 1 43
[357] = CNOT 1 17
[358] = CNOT 1 5
[359] = CNOT 1 14
[360] = T 1
[361] = S 1
[362] = CNOT 1 14
[363] = CNOT 1 3
[364] = CNOT 1 5
[365] = CNOT 1 17
[366] = CNOT 1 43
[367] = CNOT 1 48
[368] = T 1
[369] = CNOT 1 48
[370] = CNOT 1 5
[371] = CNOT 1 3
[372] = CNOT 8 43
[373] = CNOT 8 49
[374] = T 8
[375] = S 8
[376] = Z 8
[377] = CNOT 8 49
[378] = CNOT 8 43
[379] = CNOT 1 2
[380] = CNOT 1 10
[381] = CNOT 1 26
[382] = T 1
[383] = CNOT 1 26
[384] = T 1
[385] = CNOT 1 10
[386] = CNOT 1 26
[387] = T 1
[388] = CNOT 1 17
[389] = CNOT 1 10
[390] = T 1
[391] = CNOT 1 26
[392] = CNOT 1 10
[393] = CNOT 1 2
[394] = CNOT 2 6
[395] = CNOT 2 13
[396] = CNOT 2 43
[397] = CNOT 2 47
[398] = T 2
[399] = CNOT 2 47
[400] = T 2
[401] = CNOT 2 6
[402] = CNOT 2 47
[403] = T 2
[404] = CNOT 2 13
[405] = CNOT 2 6
[406] = T 2
[407] = CNOT 2 47
[408] = CNOT 2 43
[409] = CNOT 2 6
[410] = CNOT 5 11
[411] = CNOT 5 40
[412] = CNOT 5 43
[413] = T 5
[414] = CNOT 5 43
[415] = CNOT 5 40
[416] = CNOT 5 11
[417] = CNOT 1 2
[418] = CNOT 1 3
[419] = CNOT 1 5
[420] = CNOT 1 9
[421] = CNOT 1 12
[422] = T 1
[423] = CNOT 1 12
[424] = CNOT 1 9
[425] = CNOT 1 3
[426] = CNOT 1 2
[427] = CNOT 1 11
[428] = CNOT 1 40
[429] = T 1
[430] = CNOT 1 11
[431] = CNOT 1 5
[432] = CNOT 5 40
[433] = CNOT 5 43
[434] = T 5
[435] = Z 5
[436] = CNOT 5 43
[437] = CNOT 5 40
[438] = CNOT 1 5
[439] = T 1
[440] = CNOT 1 40
[441] = CNOT 2 3
[442] = CNOT 2 5
[443] = CNOT 2 14
[444] = CNOT 2 43
[445] = CNOT 2 44
[446] = T 2
[447] = CNOT 2 44
[448] = CNOT 2 43
[449] = CNOT 2 14
[450] = CNOT 2 5
[451] = CNOT 2 3
[452] = CNOT 1 2
[453] = CNOT 1 3
[454] = CNOT 1 9
[455] = CNOT 1 12
[456] = CNOT 1 49
[457] = T 1
[458] = CNOT 1 49
[459] = CNOT 1 12
[460] = CNOT 1 9
[461] = CNOT 1 5
[462] = CNOT 1 3
[463] = CNOT 3 5
[464] = CNOT 3 14
[465] = CNOT 3 43
[466] = CNOT 3 44
[467] = T 3
[468] = CNOT 3 14
[469] = T 3
[470] = CNOT 3 44
[471] = CNOT 3 43
[472] = CNOT 3 5
[473] = CNOT 1 3
[474] = CNOT 1 6
[475] = CNOT 1 18
[476] = CNOT 1 23
[477] = T 1
[478] = CNOT 1 23
[479] = T 1
[480] = CNOT 1 6
[481] = CNOT 1 23
[482] = T 1
[483] = CNOT 1 18
[484] = CNOT 1 6
[485] = T 1
[486] = CNOT 1 23
[487] = CNOT 1 6
[488] = CNOT 1 2
[489] = CNOT 2 3
[490] = CNOT 2 5
[491] = CNOT 2 18
[492] = CNOT 2 43
[493] = CNOT 2 49
[494] = T 2
[495] = CNOT 2 3
[496] = CNOT 13 42
[497] = CNOT 13 43
[498] = T 13
[499] = S 13
[500] = Z 13
[501] = CNOT 13 42
[502] = T 2
[503] = CNOT 2 18
[504] = T 2
[505] = CNOT 2 49
[506] = CNOT 2 5
[507] = CNOT 5 8
[508] = CNOT 5 11
[509] = CNOT 5 43
[510] = CNOT 5 47
[511] = T 5
[512] = CNOT 5 47
[513] = T 5
[514] = CNOT 5 8
[515] = CNOT 5 47
[516] = T 5
[517] = CNOT 5 11
[518] = CNOT 5 8
[519] = T 5
[520] = CNOT 5 47
[521] = CNOT 5 43
[522] = CNOT 5 8
[523] = CNOT 2 3
[524] = CNOT 2 5
[525] = CNOT 2 12
[526] = CNOT 2 41
[527] = T 2
[528] = CNOT 2 43
[529] = CNOT 2 41
[530] = CNOT 2 12
[531] = CNOT 2 5
[532] = CNOT 2 3
[533] = CNOT 1 2
[534] = CNOT 1 12
[535] = CNOT 1 42
[536] = T 1
[537] = CNOT 1 42
[538] = CNOT 1 5
[539] = CNOT 1 41
[540] = T 1
[541] = CNOT 1 12
[542] = T 1
[543] = CNOT 1 41
[544] = CNOT 1 5
[545] = CNOT 1 3
[546] = CNOT 1 9
[547] = CNOT 1 15
[548] = CNOT 1 23
[549] = T 1
[550] = CNOT 1 23
[551] = T 1
[552] = CNOT 1 9
[553] = CNOT 1 23
[554] = T 1
[555] = CNOT 1 15
[556] = CNOT 1 9
[557] = T 1
[558] = CNOT 1 23
[559] = CNOT 1 9
[560] = CNOT 1 3
[561] = CNOT 1 5
[562] = CNOT 1 11
[563] = CNOT 1 44
[564] = T 1
[565] = CNOT 1 44
[566] = CNOT 1 5
[567] = CNOT 1 2
[568] = T 1
[569] = CNOT 1 2
[570] = CNOT 1 44
[571] = T 1
[572] = CNOT 1 44
[573] = CNOT 1 11
[574] = CNOT 1 3
[575] = CNOT 3 9
[576] = CNOT 3 43
[577] = CNOT 3 48
[578] = T 3
[579] = CNOT 3 48
[580] = CNOT 3 9
[581] = CNOT 1 15
[582] = CNOT 1 45
[583] = T 1
[584] = CNOT 1 2
[585] = CNOT 13 49
[586] = T 13
[587] = S 13
[588] = Z 13
[589] = CNOT 13 49
[590] = CNOT 13 43
[591] = T 1
[592] = CNOT 1 45
[593] = CNOT 1 43
[594] = CNOT 1 15
[595] = CNOT 8 13
[596] = CNOT 8 43
[597] = T 8
[598] = S 8
[599] = Z 8
[600] = CNOT 2 6
[601] = CNOT 2 19
[602] = CNOT 2 24
[603] = CNOT 2 43
[604] = T 2
[605] = CNOT 2 24
[606] = T 2
[607] = CNOT 2 6
[608] = CNOT 2 24
[609] = T 2
[610] = CNOT 2 19
[611] = CNOT 2 6
[612] = T 2
[613] = CNOT 2 24
[614] = CNOT 2 6
[615] = CNOT 2 10
[616] = CNOT 2 18
[617] = CNOT 2 27
[618] = T 2
[619] = CNOT 2 27
[620] = T 2
[621] = CNOT 2 10
[622] = CNOT 2 27
[623] = T 2
[624] = CNOT 2 18
[625] = CNOT 2 10
[626] = T 2
[627] = CNOT 2 27
[628] = CNOT 2 10
[629] = CNOT 2 5
[630] = CNOT 2 6
[631] = CNOT 2 14
[632] = CNOT 2 48
[633] = T 2
[634] = CNOT 2 48
[635] = T 2
[636] = CNOT 2 6
[637] = CNOT 2 48
[638] = T 2
[639] = CNOT 2 14
[640] = CNOT 2 6
[641] = T 2
[642] = CNOT 2 48
[643] = CNOT 2 43
[644] = CNOT 2 6
[645] = CNOT 2 5
[646] = CNOT 19 21
[647] = CNOT 19 43
[648] = T 19
[649] = S 19
[650] = Z 19
[651] = CNOT 19 43
[652] = CNOT 19 21
[653] = CNOT 1 2
[654] = CNOT 1 13
[655] = T 1
[656] = Z 1
[657] = CNOT 1 13
[658] = CNOT 1 2
[659] = CNOT 3 19
[660] = CNOT 3 21
[661] = T 3
[662] = CNOT 3 43
[663] = CNOT 3 21
[664] = CNOT 3 19
[665] = CNOT 12 48
[666] = T 12
[667] = S 12
[668] = CNOT 12 48
[669] = CNOT 2 3
[670] = CNOT 2 5
[671] = CNOT 2 11
[672] = CNOT 2 41
[673] = CNOT 2 43
[674] = T 2
[675] = CNOT 2 43
[676] = CNOT 2 41
[677] = CNOT 2 11
[678] = CNOT 2 5
[679] = CNOT 2 3
[680] = CNOT 1 2
[681] = CNOT 1 3
[682] = CNOT 1 5
[683] = CNOT 1 12
[684] = CNOT 1 43
[685] = CNOT 1 49
[686] = T 1
[687] = CNOT 1 49
[688] = CNOT 1 12
[689] = CNOT 1 5
[690] = CNOT 1 3
[691] = CNOT 1 2
[692] = CNOT 3 5
[693] = CNOT 3 11
[694] = CNOT 3 41
[695] = CNOT 3 43
[696] = T 3
[697] = CNOT 3 11
[698] = T 3
[699] = CNOT 3 43
[700] = CNOT 3 41
[701] = CNOT 3 5
[702] = CNOT 2 5
[703] = CNOT 2 6
[704] = CNOT 2 20
[705] = CNOT 2 25
[706] = CNOT 2 43
[707] = T 2
[708] = CNOT 2 25
[709] = T 2
[710] = CNOT 2 6
[711] = CNOT 2 25
[712] = T 2
[713] = CNOT 2 20
[714] = CNOT 2 6
[715] = T 2
[716] = CNOT 2 25
[717] = CNOT 2 6
[718] = CNOT 2 5
[719] = CNOT 2 16
[720] = CNOT 2 46
[721] = T 2
[722] = CNOT 2 46
[723] = CNOT 2 43
[724] = CNOT 2 16
[725] = CNOT 7 13
[726] = CNOT 7 48
[727] = T 7
[728] = CNOT 7 48
[729] = CNOT 7 13
[730] = CNOT 16 43
[731] = CNOT 16 46
[732] = T 16
[733] = S 16
[734] = Z 16
[735] = CNOT 16 46
[736] = CNOT 16 43
[737] = CNOT 1 3
[738] = CNOT 1 46
[739] = T 1
[740] = CNOT 1 46
[741] = CNOT 1 2
[742] = CNOT 1 5
[743] = CNOT 1 9
[744] = CNOT 1 16
[745] = CNOT 1 24
[746] = T 1
[747] = CNOT 1 24
[748] = T 1
[749] = CNOT 1 9
[750] = CNOT 1 24
[751] = T 1
[752] = CNOT 1 16
[753] = CNOT 1 9
[754] = T 1
[755] = CNOT 1 24
[756] = CNOT 1 9
[757] = CNOT 1 2
[758] = CNOT 1 12
[759] = CNOT 1 45
[760] = T 1
[761] = CNOT 1 5
[762] = CNOT 1 3
[763] = CNOT 3 5
[764] = CNOT 3 12
[765] = CNOT 3 43
[766] = T 3
[767] = CNOT 3 43
[768] = CNOT 3 12
[769] = CNOT 3 5
[770] = CNOT 1 3
[771] = T 1
[772] = CNOT 1 12
[773] = CNOT 1 5
[774] = T 1
[775] = CNOT 1 45
[776] = CNOT 1 2
[777] = CNOT 1 17
[778] = CNOT 1 47
[779] = T 1
[780] = CNOT 1 2
[781] = CNOT 8 49
[782] = T 8
[783] = CNOT 8 49
[784] = CNOT 8 43
[785] = CNOT 8 13
[786] = T 1
[787] = CNOT 1 47
[788] = CNOT 1 17
[789] = CNOT 1 5
[790] = CNOT 1 3
[791] = CNOT 4 6
[792] = CNOT 4 21
[793] = T 4
[794] = CNOT 4 43
[795] = CNOT 4 21
[796] = CNOT 2 5
[797] = CNOT 2 9
[798] = CNOT 2 17
[799] = CNOT 2 25
[800] = CNOT 2 43
[801] = T 2
[802] = CNOT 2 25
[803] = T 2
[804] = CNOT 2 9
[805] = CNOT 2 25
[806] = T 2
[807] = CNOT 2 17
[808] = CNOT 2 9
[809] = T 2
[810] = CNOT 2 25
[811] = CNOT 2 9
[812] = CNOT 2 13
[813] = CNOT 2 46
[814] = T 2
[815] = CNOT 2 5
[816] = CNOT 1 13
[817] = T 1
[818] = CNOT 1 13
[819] = T 2
[820] = CNOT 2 13
[821] = CNOT 2 5
[822] = T 2
[823] = CNOT 2 46
[824] = CNOT 2 5
[825] = CNOT 2 18
[826] = CNOT 2 48
[827] = T 2
[828] = CNOT 2 48
[829] = CNOT 2 3
[830] = T 2
[831] = CNOT 2 43
[832] = CNOT 2 18
[833] = CNOT 2 3
[834] = CNOT 18 43
[835] = CNOT 18 48
[836] = T 18
[837] = S 18
[838] = Z 18
[839] = CNOT 18 48
[840] = CNOT 18 43
[841] = CNOT 3 5
[842] = CNOT 3 21
[843] = CNOT 3 43
[844] = T 3
[845] = CNOT 3 21
[846] = CNOT 3 5
[847] = CNOT 1 2
[848] = CNOT 1 9
[849] = CNOT 1 18
[850] = CNOT 1 26
[851] = T 1
[852] = CNOT 1 26
[853] = T 1
[854] = CNOT 1 9
[855] = CNOT 1 26
[856] = T 1
[857] = CNOT 1 18
[858] = CNOT 1 9
[859] = T 1
[860] = CNOT 1 43
[861] = CNOT 1 26
[862] = CNOT 1 9
[863] = CNOT 1 2
[864] = CNOT 2 5
[865] = CNOT 2 14
[866] = CNOT 2 43
[867] = CNOT 2 47
[868] = T 2
[869] = CNOT 2 5
[870] = CNOT 8 12
[871] = CNOT 8 48
[872] = T 8
[873] = CNOT 8 48
[874] = T 2
[875] = CNOT 2 47
[876] = CNOT 2 14
[877] = CNOT 3 11
[878] = CNOT 3 48
[879] = T 3
[880] = CNOT 3 48
[881] = CNOT 3 43
[882] = CNOT 3 11
[883] = CNOT 2 19
[884] = CNOT 2 49
[885] = T 2
[886] = CNOT 2 49
[887] = CNOT 2 7
[888] = CNOT 2 10
[889] = T 2
[890] = CNOT 2 43
[891] = CNOT 2 19
[892] = CNOT 2 10
[893] = CNOT 2 7
[894] = CNOT 19 43
[895] = CNOT 19 49
[896] = T 19
[897] = S 19
[898] = Z 19
[899] = CNOT 19 49
[900] = CNOT 19 43
[901] = CNOT 43 49
[902] = T 43
[903] = S 43
[904] = Z 43
[905] = CNOT 43 49
[906] = CNOT 2 9
[907] = CNOT 2 19
[908] = CNOT 2 27
[909] = CNOT 2 43
[910] = T 2
[911] = CNOT 2 27
[912] = T 2
[913] = CNOT 2 9
[914] = CNOT 2 27
[915] = T 2
[916] = CNOT 2 19
[917] = CNOT 2 9
[918] = T 2
[919] = CNOT 2 27
[920] = CNOT 2 9
[921] = CNOT 2 5
[922] = CNOT 2 20
[923] = CNOT 2 21
[924] = T 2
[925] = CNOT 2 43
[926] = CNOT 2 21
[927] = CNOT 2 20
[928] = CNOT 2 5
[929] = CNOT 1 3
[930] = CNOT 1 12
[931] = CNOT 1 42
[932] = CNOT 1 43
[933] = T 1
[934] = CNOT 1 42
[935] = CNOT 1 12
[936] = CNOT 5 20
[937] = CNOT 5 21
[938] = CNOT 5 43
[939] = T 5
[940] = CNOT 5 43
[941] = CNOT 5 21
[942] = CNOT 5 20
[943] = CNOT 1 2
[944] = CNOT 1 5
[945] = CNOT 1 9
[946] = CNOT 1 49
[947] = T 1
[948] = CNOT 1 49
[949] = CNOT 1 9
[950] = CNOT 1 3
[951] = CNOT 1 2
[952] = CNOT 2 3
[953] = CNOT 2 5
[954] = CNOT 2 15
[955] = CNOT 2 43
[956] = CNOT 2 48
[957] = T 2
[958] = CNOT 2 48
[959] = CNOT 2 43
[960] = CNOT 2 15
[961] = CNOT 2 5
[962] = CNOT 2 3
[963] = CNOT 1 2
[964] = CNOT 1 18
[965] = CNOT 1 22
[966] = T 1
[967] = CNOT 1 22
[968] = CNOT 1 18
[969] = CNOT 1 5
[970] = CNOT 1 2
[971] = CNOT 2 3
[972] = CNOT 2 15
[973] = CNOT 2 43
[974] = CNOT 2 48
[975] = T 2
[976] = CNOT 2 48
[977] = CNOT 2 43
[978] = CNOT 2 15
[979] = CNOT 2 3
[980] = CNOT 1 48
[981] = T 1
[982] = Z 1
[983] = CNOT 1 48
[984] = CNOT 1 2
[985] = CNOT 1 17
[986] = CNOT 1 46
[987] = T 1
[988] = CNOT 1 46
[989] = CNOT 1 17
[990] = CNOT 1 2
[991] = CNOT 3 9
[992] = CNOT 3 11
[993] = CNOT 3 43
[994] = T 3
[995] = CNOT 3 43
[996] = CNOT 3 11
[997] = CNOT 3 9
[998] = CNOT 2 17
[999] = CNOT 2 43
[1000] = CNOT 2 46
[1001] = T 2
[1002] = CNOT 2 46
[1003] = CNOT 2 17
[1004] = CNOT 4 22
[1005] = CNOT 4 43
[1006] = T 4
[1007] = CNOT 4 22
[1008] = CNOT 4 6
[1009] = CNOT 2 9
[1010] = CNOT 2 20
[1011] = CNOT 2 28
[1012] = T 2
[1013] = CNOT 2 28
[1014] = T 2
[1015] = CNOT 2 9
[1016] = CNOT 2 28
[1017] = T 2
[1018] = CNOT 2 20
[1019] = CNOT 2 9
[1020] = T 2
[1021] = CNOT 2 43
[1022] = CNOT 2 28
[1023] = CNOT 2 9
[1024] = CNOT 1 2
[1025] = CNOT 1 3
[1026] = CNOT 1 5
[1027] = CNOT 1 16
[1028] = CNOT 1 49
[1029] = T 1
[1030] = CNOT 1 5
[1031] = T 8
[1032] = S 8
[1033] = CNOT 8 12
[1034] = T 1
[1035] = CNOT 1 49
[1036] = CNOT 1 16
[1037] = CNOT 1 3
[1038] = CNOT 3 9
[1039] = CNOT 3 11
[1040] = CNOT 3 43
[1041] = CNOT 3 48
[1042] = T 3
[1043] = CNOT 3 11
[1044] = CNOT 3 9
[1045] = CNOT 1 18
[1046] = CNOT 1 47
[1047] = T 1
[1048] = CNOT 1 47
[1049] = CNOT 1 18
[1050] = CNOT 1 2
[1051] = CNOT 8 16
[1052] = CNOT 8 18
[1053] = CNOT 8 23
[1054] = T 8
[1055] = CNOT 8 23
[1056] = CNOT 8 18
[1057] = CNOT 8 16
[1058] = CNOT 2 18
[1059] = CNOT 2 43
[1060] = CNOT 2 47
[1061] = T 2
[1062] = CNOT 2 47
[1063] = CNOT 2 43
[1064] = CNOT 2 18
[1065] = CNOT 4 16
[1066] = CNOT 4 21
[1067] = T 4
[1068] = CNOT 4 21
[1069] = CNOT 4 16
[1070] = CNOT 3 19
[1071] = T 3
[1072] = CNOT 3 48
[1073] = CNOT 3 43
[1074] = CNOT 3 19
[1075] = CNOT 1 2
[1076] = CNOT 1 3
[1077] = CNOT 1 42
[1078] = T 1
[1079] = CNOT 1 42
[1080] = CNOT 1 2
[1081] = CNOT 1 19
[1082] = CNOT 1 48
[1083] = T 1
[1084] = CNOT 1 48
[1085] = CNOT 1 19
[1086] = CNOT 4 6
[1087] = CNOT 4 17
[1088] = T 4
[1089] = CNOT 4 17
[1090] = CNOT 4 6
[1091] = CNOT 1 2
[1092] = CNOT 1 5
[1093] = CNOT 1 7
[1094] = CNOT 1 18
[1095] = CNOT 1 24
[1096] = T 1
[1097] = CNOT 1 24
[1098] = T 1
[1099] = CNOT 1 7
[1100] = CNOT 1 24
[1101] = T 1
[1102] = CNOT 1 18
[1103] = CNOT 1 7
[1104] = T 1
[1105] = CNOT 1 24
[1106] = CNOT 1 7
[1107] = CNOT 1 3
[1108] = CNOT 1 2
[1109] = CNOT 2 14
[1110] = CNOT 2 43
[1111] = CNOT 2 45
[1112] = T 2
[1113] = CNOT 2 45
[1114] = CNOT 2 5
[1115] = T 2
[1116] = CNOT 2 5
[1117] = CNOT 2 3
[1118] = CNOT 2 45
[1119] = T 2
[1120] = CNOT 2 45
[1121] = CNOT 2 43
[1122] = CNOT 2 14
[1123] = CNOT 2 3
[1124] = CNOT 3 17
[1125] = CNOT 3 21
[1126] = CNOT 3 43
[1127] = T 3
[1128] = CNOT 3 43
[1129] = CNOT 3 21
[1130] = CNOT 3 17
[1131] = CNOT 1 2
[1132] = CNOT 1 3
[1133] = CNOT 1 20
[1134] = CNOT 1 49
[1135] = T 1
[1136] = CNOT 1 49
[1137] = CNOT 1 20
[1138] = CNOT 1 3
[1139] = CNOT 1 2
[1140] = CNOT 4 18
[1141] = CNOT 4 21
[1142] = T 4
[1143] = CNOT 4 43
[1144] = CNOT 4 21
[1145] = CNOT 2 3
[1146] = CNOT 2 5
[1147] = CNOT 2 20
[1148] = CNOT 2 43
[1149] = CNOT 2 49
[1150] = T 2
[1151] = CNOT 2 49
[1152] = CNOT 2 43
[1153] = CNOT 2 20
[1154] = CNOT 2 5
[1155] = CNOT 2 3
[1156] = CNOT 1 2
[1157] = CNOT 1 22
[1158] = T 1
[1159] = CNOT 1 22
[1160] = CNOT 1 5
[1161] = CNOT 1 2
[1162] = CNOT 2 10
[1163] = CNOT 2 19
[1164] = CNOT 2 25
[1165] = CNOT 2 43
[1166] = T 2
[1167] = CNOT 13 48
[1168] = T 13
[1169] = S 13
[1170] = CNOT 13 48
[1171] = CNOT 2 7
[1172] = T 2
[1173] = CNOT 2 19
[1174] = CNOT 2 10
[1175] = T 2
[1176] = CNOT 2 43
[1177] = CNOT 2 25
[1178] = CNOT 2 7
[1179] = CNOT 15 43
[1180] = CNOT 15 46
[1181] = T 15
[1182] = S 15
[1183] = Z 15
[1184] = CNOT 15 46
[1185] = CNOT 15 43
[1186] = CNOT 1 13
[1187] = CNOT 1 42
[1188] = T 1
[1189] = CNOT 1 43
[1190] = CNOT 1 42
[1191] = CNOT 1 13
[1192] = CNOT 3 15
[1193] = CNOT 3 43
[1194] = CNOT 3 46
[1195] = T 3
[1196] = CNOT 3 46
[1197] = CNOT 3 43
[1198] = CNOT 3 15
[1199] = CNOT 43 46
[1200] = T 43
[1201] = S 43
[1202] = Z 43
[1203] = CNOT 43 46
[1204] = CNOT 2 10
[1205] = CNOT 2 19
[1206] = CNOT 2 28
[1207] = CNOT 2 43
[1208] = T 2
[1209] = CNOT 2 10
[1210] = CNOT 7 13
[1211] = T 7
[1212] = S 7
[1213] = CNOT 7 13
[1214] = T 2
[1215] = CNOT 2 19
[1216] = CNOT 2 10
[1217] = T 2
[1218] = CNOT 2 43
[1219] = CNOT 2 28
[1220] = CNOT 2 10
[1221] = CNOT 1 2
[1222] = CNOT 1 3
[1223] = CNOT 1 6
[1224] = CNOT 1 15
[1225] = CNOT 1 43
[1226] = CNOT 1 49
[1227] = T 1
[1228] = CNOT 1 49
[1229] = T 1
[1230] = CNOT 1 6
[1231] = CNOT 1 49
[1232] = T 1
[1233] = CNOT 1 15
[1234] = CNOT 1 6
[1235] = T 1
[1236] = CNOT 1 49
[1237] = CNOT 1 6
[1238] = CNOT 1 3
[1239] = CNOT 1 2
[1240] = CNOT 20 22
[1241] = CNOT 20 43
[1242] = T 20
[1243] = S 20
[1244] = Z 20
[1245] = CNOT 20 43
[1246] = CNOT 20 22
[1247] = CNOT 7 48
[1248] = T 7
[1249] = S 7
[1250] = CNOT 7 48
[1251] = CNOT 3 20
[1252] = CNOT 3 22
[1253] = CNOT 3 43
[1254] = T 3
[1255] = CNOT 3 43
[1256] = CNOT 3 22
[1257] = CNOT 3 20
[1258] = CNOT 4 43
[1259] = T 4
[1260] = S 4
[1261] = Z 4
[1262] = CNOT 4 43
[1263] = CNOT 4 18
[1264] = CNOT 2 10
[1265] = CNOT 2 15
[1266] = CNOT 2 24
[1267] = CNOT 2 43
[1268] = T 2
[1269] = CNOT 2 24
[1270] = T 2
[1271] = CNOT 2 10
[1272] = CNOT 2 24
[1273] = T 2
[1274] = CNOT 2 15
[1275] = CNOT 2 10
[1276] = T 2
[1277] = CNOT 2 24
[1278] = CNOT 2 10
[1279] = CNOT 2 3
[1280] = CNOT 2 6
[1281] = CNOT 2 11
[1282] = CNOT 2 45
[1283] = T 2
[1284] = CNOT 2 45
[1285] = T 2
[1286] = CNOT 2 6
[1287] = CNOT 2 45
[1288] = T 2
[1289] = CNOT 2 11
[1290] = CNOT 2 6
[1291] = T 2
[1292] = CNOT 2 45
[1293] = CNOT 2 43
[1294] = CNOT 2 6
[1295] = CNOT 2 3
[1296] = CNOT 7 20
[1297] = CNOT 7 26
[1298] = CNOT 7 43
[1299] = T 7
[1300] = CNOT 7 26
[1301] = T 7
[1302] = S 7
[1303] = Z 7
[1304] = CNOT 7 20
[1305] = CNOT 20 26
[1306] = CNOT 20 43
[1307] = T 20
[1308] = S 20
[1309] = Z 20
[1310] = CNOT 20 43
[1311] = CNOT 20 26
[1312] = CNOT 7 26
[1313] = T 7
[1314] = S 7
[1315] = Z 7
[1316] = CNOT 7 43
[1317] = CNOT 7 26
[1318] = CNOT 1 2
[1319] = CNOT 1 3
[1320] = CNOT 1 16
[1321] = CNOT 1 47
[1322] = T 1
[1323] = CNOT 1 3
[1324] = CNOT 1 2
[1325] = CNOT 2 7
[1326] = CNOT 2 10
[1327] = CNOT 2 16
[1328] = CNOT 2 43
[1329] = T 2
[1330] = CNOT 2 43
[1331] = CNOT 2 16
[1332] = CNOT 2 10
[1333] = CNOT 2 7
[1334] = CNOT 1 2
[1335] = T 1
[1336] = CNOT 1 47
[1337] = CNOT 1 16
[1338] = CNOT 1 18
[1339] = CNOT 1 22
[1340] = T 1
[1341] = CNOT 1 18
[1342] = CNOT 1 2
[1343] = CNOT 2 7
[1344] = CNOT 2 16
[1345] = CNOT 2 25
[1346] = CNOT 2 43
[1347] = T 2
[1348] = CNOT 2 25
[1349] = T 2
[1350] = CNOT 2 10
[1351] = CNOT 2 25
[1352] = T 2
[1353] = CNOT 2 16
[1354] = CNOT 2 7
[1355] = T 2
[1356] = CNOT 2 25
[1357] = CNOT 2 10
[1358] = CNOT 2 3
[1359] = CNOT 2 6
[1360] = CNOT 2 12
[1361] = CNOT 2 46
[1362] = T 2
[1363] = CNOT 2 46
[1364] = T 2
[1365] = CNOT 2 6
[1366] = CNOT 2 46
[1367] = T 2
[1368] = CNOT 2 12
[1369] = CNOT 2 6
[1370] = T 2
[1371] = CNOT 2 46
[1372] = CNOT 2 43
[1373] = CNOT 2 6
[1374] = CNOT 2 3
[1375] = CNOT 1 2
[1376] = CNOT 1 8
[1377] = CNOT 1 15
[1378] = T 1
[1379] = CNOT 1 22
[1380] = T 1
[1381] = CNOT 1 8
[1382] = CNOT 1 22
[1383] = T 1
[1384] = CNOT 1 15
[1385] = CNOT 1 8
[1386] = T 1
[1387] = CNOT 1 22
[1388] = CNOT 1 8
[1389] = CNOT 1 4
[1390] = CNOT 1 11
[1391] = T 1
[1392] = CNOT 1 43
[1393] = T 1
[1394] = CNOT 1 4
[1395] = T 1
[1396] = Z 1
[1397] = CNOT 1 11
[1398] = CNOT 1 4
[1399] = T 1
[1400] = S 1
[1401] = CNOT 1 4
[1402] = CNOT 1 2
[1403] = CNOT 2 3
[1404] = CNOT 2 5
[1405] = CNOT 2 15
[1406] = CNOT 2 43
[1407] = CNOT 2 44
[1408] = T 2
[1409] = CNOT 2 44
[1410] = CNOT 2 43
[1411] = CNOT 2 15
[1412] = CNOT 2 5
[1413] = CNOT 2 3
[1414] = CNOT 3 5
[1415] = CNOT 3 17
[1416] = CNOT 3 21
[1417] = CNOT 3 43
[1418] = T 3
[1419] = CNOT 3 43
[1420] = CNOT 3 21
[1421] = CNOT 3 17
[1422] = CNOT 3 5
[1423] = CNOT 1 2
[1424] = CNOT 1 3
[1425] = CNOT 1 5
[1426] = CNOT 1 15
[1427] = CNOT 1 43
[1428] = CNOT 1 44
[1429] = T 1
[1430] = CNOT 1 44
[1431] = CNOT 1 15
[1432] = CNOT 1 5
[1433] = CNOT 1 13
[1434] = T 1
[1435] = CNOT 1 13
[1436] = CNOT 1 2
[1437] = CNOT 1 5
[1438] = CNOT 1 19
[1439] = CNOT 1 23
[1440] = T 1
[1441] = CNOT 1 23
[1442] = T 1
[1443] = CNOT 1 5
[1444] = CNOT 1 23
[1445] = T 1
[1446] = CNOT 1 19
[1447] = CNOT 1 5
[1448] = T 1
[1449] = CNOT 1 23
[1450] = CNOT 1 5
[1451] = CNOT 1 3
[1452] = CNOT 1 2
[1453] = T 1
[1454] = S 1
[1455] = CNOT 1 23
[1456] = T 1
[1457] = CNOT 1 23
[1458] = CNOT 1 8
[1459] = T 1
[1460] = CNOT 1 8
[1461] = CNOT 4 43
[1462] = CNOT 4 49
[1463] = T 4
[1464] = S 4
[1465] = Z 4
[1466] = CNOT 4 49
[1467] = CNOT 4 43
[1468] = CNOT 8 16
[1469] = T 8
[1470] = S 8
[1471] = CNOT 8 16
[1472] = CNOT 1 4
[1473] = CNOT 1 12
[1474] = CNOT 1 44
[1475] = T 1
[1476] = CNOT 1 44
[1477] = T 1
[1478] = CNOT 1 4
[1479] = CNOT 1 44
[1480] = T 1
[1481] = CNOT 1 12
[1482] = CNOT 1 4
[1483] = T 1
[1484] = CNOT 1 44
[1485] = CNOT 1 43
[1486] = CNOT 1 4
[1487] = CNOT 1 2
[1488] = CNOT 1 13
[1489] = T 1
[1490] = S 1
[1491] = Z 1
[1492] = CNOT 1 13
[1493] = CNOT 1 2
[1494] = CNOT 1 16
[1495] = CNOT 1 43
[1496] = CNOT 1 45
[1497] = T 1
[1498] = CNOT 1 16
[1499] = CNOT 1 2
[1500] = CNOT 4 6
[1501] = CNOT 4 16
[1502] = CNOT 4 43
[1503] = T 4
[1504] = CNOT 4 43
[1505] = CNOT 4 16
[1506] = CNOT 4 6
[1507] = CNOT 2 16
[1508] = CNOT 2 43
[1509] = CNOT 2 45
[1510] = T 2
[1511] = CNOT 2 45
[1512] = CNOT 2 43
[1513] = CNOT 2 16
[1514] = CNOT 1 3
[1515] = T 1
[1516] = CNOT 1 45
[1517] = CNOT 1 3
[1518] = CNOT 1 5
[1519] = CNOT 1 20
[1520] = CNOT 1 24
[1521] = T 1
[1522] = CNOT 1 5
[1523] = CNOT 8 48
[1524] = T 8
[1525] = S 8
[1526] = CNOT 8 48
[1527] = T 1
[1528] = CNOT 1 20
[1529] = CNOT 1 5
[1530] = T 1
[1531] = CNOT 1 5
[1532] = CNOT 1 8
[1533] = CNOT 1 17
[1534] = T 1
[1535] = CNOT 1 24
[1536] = T 1
[1537] = CNOT 1 8
[1538] = CNOT 1 24
[1539] = T 1
[1540] = CNOT 1 17
[1541] = CNOT 1 8
[1542] = T 1
[1543] = CNOT 1 24
[1544] = CNOT 1 8
[1545] = CNOT 1 4
[1546] = CNOT 1 13
[1547] = CNOT 1 45
[1548] = T 1
[1549] = CNOT 1 45
[1550] = T 1
[1551] = CNOT 1 4
[1552] = CNOT 1 45
[1553] = T 1
[1554] = CNOT 1 13
[1555] = CNOT 1 4
[1556] = T 1
[1557] = CNOT 1 45
[1558] = CNOT 16 18
[1559] = CNOT 16 23
[1560] = CNOT 16 25
[1561] = T 16
[1562] = CNOT 16 25
[1563] = T 16
[1564] = Z 16
[1565] = CNOT 16 23
[1566] = CNOT 16 18
[1567] = CNOT 8 16
[1568] = CNOT 8 18
[1569] = CNOT 8 23
[1570] = CNOT 8 25
[1571] = T 8
[1572] = CNOT 8 18
[1573] = CNOT 8 16
[1574] = CNOT 16 23
[1575] = CNOT 16 25
[1576] = T 16
[1577] = Z 16
[1578] = CNOT 16 25
[1579] = CNOT 16 23
[1580] = CNOT 8 16
[1581] = T 8
[1582] = CNOT 8 25
[1583] = CNOT 8 23
[1584] = CNOT 8 16
[1585] = CNOT 1 14
[1586] = CNOT 1 46
[1587] = T 1
[1588] = CNOT 1 46
[1589] = T 1
[1590] = CNOT 1 4
[1591] = CNOT 1 46
[1592] = T 1
[1593] = CNOT 1 14
[1594] = CNOT 1 4
[1595] = T 1
[1596] = CNOT 1 46
[1597] = CNOT 1 4
[1598] = CNOT 4 17
[1599] = CNOT 4 22
[1600] = CNOT 4 43
[1601] = T 4
[1602] = CNOT 4 43
[1603] = CNOT 4 22
[1604] = CNOT 4 17
[1605] = CNOT 8 19
[1606] = CNOT 8 26
[1607] = CNOT 8 43
[1608] = T 8
[1609] = CNOT 8 26
[1610] = T 8
[1611] = S 8
[1612] = Z 8
[1613] = CNOT 8 19
[1614] = CNOT 19 26
[1615] = CNOT 19 43
[1616] = T 19
[1617] = S 19
[1618] = Z 19
[1619] = CNOT 19 43
[1620] = CNOT 19 26
[1621] = CNOT 8 26
[1622] = T 8
[1623] = S 8
[1624] = Z 8
[1625] = CNOT 8 43
[1626] = CNOT 8 26
[1627] = CNOT 1 3
[1628] = CNOT 1 4
[1629] = CNOT 1 15
[1630] = CNOT 1 47
[1631] = T 1
[1632] = CNOT 1 47
[1633] = T 1
[1634] = CNOT 1 4
[1635] = CNOT 1 47
[1636] = T 1
[1637] = CNOT 1 15
[1638] = CNOT 1 4
[1639] = T 1
[1640] = CNOT 1 47
[1641] = CNOT 1 4
[1642] = CNOT 1 3
[1643] = CNOT 1 8
[1644] = CNOT 1 20
[1645] = CNOT 1 27
[1646] = T 1
[1647] = CNOT 1 27
[1648] = T 1
[1649] = CNOT 1 8
[1650] = CNOT 1 27
[1651] = T 1
[1652] = CNOT 1 20
[1653] = CNOT 1 8
[1654] = T 1
[1655] = CNOT 1 8
[1656] = T 1
[1657] = Z 1
[1658] = CNOT 1 43
[1659] = CNOT 1 27
[1660] = CNOT 4 16
[1661] = CNOT 4 43
[1662] = CNOT 4 48
[1663] = T 4
[1664] = CNOT 4 16
[1665] = CNOT 8 23
[1666] = T 8
[1667] = S 8
[1668] = CNOT 8 23
[1669] = CNOT 16 43
[1670] = CNOT 16 48
[1671] = T 16
[1672] = S 16
[1673] = Z 16
[1674] = CNOT 16 48
[1675] = CNOT 16 43
[1676] = T 4
[1677] = S 4
[1678] = Z 4
[1679] = CNOT 4 48
[1680] = CNOT 4 17
[1681] = CNOT 4 49
[1682] = T 4
[1683] = CNOT 4 49
[1684] = CNOT 4 43
[1685] = CNOT 4 17
[1686] = CNOT 17 43
[1687] = T 17
[1688] = S 17
[1689] = Z 17
[1690] = CNOT 17 49
[1691] = T 17
[1692] = S 17
[1693] = Z 17
[1694] = CNOT 17 49
[1695] = CNOT 17 43
[1696] = S 1
[1697] = Z 1
[1698] = S 2
[1699] = Z 4
[1700] = S 5
[1701] = S 6
[1702] = S 7
[1703] = Z 7
[1704] = S 8
[1705] = Z 8
[1706] = Z 9
[1707] = S 11
[1708] = Z 11
[1709] = S 12
[1710] = S 13
[1711] = Z 13
[1712] = S 15
[1713] = Z 17
[1714] = S 18
[1715] = Z 18
[1716] = Z 19
[1717] = S 20
[1718] = Z 21
[1719] = S 22
[1720] = S 23
[1721] = Z 23
[1722] = S 24
[1723] = Z 24
[1724] = S 25
[1725] = Z 25
[1726] = S 27
[1727] = S 28
[1728] = Z 28
[1729] = S 29
[1730] = Z 30
[1731] = Z 31
[1732] = Z 32
[1733] = Z 34
[1734] = Z 35
[1735] = S 36
[1736] = Z 36
[1737] = S 37
[1738] = Z 37
[1739] = S 40
[1740] = Z 40
[1741] = Z 41
[1742] = Z 42
[1743] = S 44
[1744] = S 45
[1745] = Z 45
[1746] = S 46
[1747] = S 47
[1748] = Z 47
[1749] = S 48
[1750] = Z 48
[1751] = S 49
[1752] = CNOT 1 2
[1753] = S 1
[1754] = Z 1
[1755] = CNOT 1 2
[1756] = CNOT 1 3
[1757] = S 1
[1758] = Z 1
[1759] = CNOT 1 3
[1760] = CNOT 1 4
[1761] = Z 1
[1762] = CNOT 1 4
[1763] = CNOT 1 5
[1764] = S 1
[1765] = Z 1
[1766] = CNOT 1 5
[1767] = CNOT 1 7
[1768] = S 1
[1769] = Z 1
[1770] = CNOT 1 7
[1771] = CNOT 1 8
[1772] = Z 1
[1773] = CNOT 1 8
[1774] = CNOT 1 15
[1775] = S 1
[1776] = Z 1
[1777] = CNOT 1 15
[1778] = CNOT 1 16
[1779] = S 1
[1780] = CNOT 1 16
[1781] = CNOT 1 17
[1782] = S 1
[1783] = Z 1
[1784] = CNOT 1 17
[1785] = CNOT 1 18
[1786] = Z 1
[1787] = CNOT 1 18
[1788] = CNOT 1 21
[1789] = S 1
[1790] = Z 1
[1791] = CNOT 1 21
[1792] = CNOT 1 22
[1793] = S 1
[1794] = CNOT 1 22
[1795] = CNOT 1 23
[1796] = S 1
[1797] = CNOT 1 23
[1798] = CNOT 1 24
[1799] = S 1
[1800] = CNOT 1 24
[1801] = CNOT 1 26
[1802] = S 1
[1803] = CNOT 1 26
[1804] = CNOT 1 27
[1805] = Z 1
[1806] = CNOT 1 27
[1807] = CNOT 1 40
[1808] = S 1
[1809] = Z 1
[1810] = CNOT 1 40
[1811] = CNOT 1 41
[1812] = S 1
[1813] = CNOT 1 41
[1814] = CNOT 1 42
[1815] = S 1
[1816] = Z 1
[1817] = CNOT 1 42
[1818] = CNOT 1 43
[1819] = S 1
[1820] = Z 1
[1821] = CNOT 1 43
[1822] = CNOT 1 44
[1823] = S 1
[1824] = Z 1
[1825] = CNOT 1 44
[1826] = CNOT 1 45
[1827] = Z 1
[1828] = CNOT 1 45
[1829] = CNOT 1 47
[1830] = Z 1
[1831] = CNOT 1 47
[1832] = CNOT 1 48
[1833] = S 1
[1834] = Z 1
[1835] = CNOT 1 48
[1836] = CNOT 1 49
[1837] = S 1
[1838] = Z 1
[1839] = CNOT 1 49
[1840] = CNOT 2 3
[1841] = Z 2
[1842] = CNOT 2 3
[1843] = CNOT 2 4
[1844] = S 2
[1845] = Z 2
[1846] = CNOT 2 4
[1847] = CNOT 2 5
[1848] = Z 2
[1849] = CNOT 2 5
[1850] = CNOT 2 7
[1851] = Z 2
[1852] = CNOT 2 7
[1853] = CNOT 2 9
[1854] = S 2
[1855] = Z 2
[1856] = CNOT 2 9
[1857] = CNOT 2 10
[1858] = Z 2
[1859] = CNOT 2 10
[1860] = CNOT 2 11
[1861] = Z 2
[1862] = CNOT 2 11
[1863] = CNOT 2 12
[1864] = S 2
[1865] = CNOT 2 12
[1866] = CNOT 2 13
[1867] = Z 2
[1868] = CNOT 2 13
[1869] = CNOT 2 14
[1870] = Z 2
[1871] = CNOT 2 14
[1872] = CNOT 2 15
[1873] = S 2
[1874] = Z 2
[1875] = CNOT 2 15
[1876] = CNOT 2 17
[1877] = S 2
[1878] = Z 2
[1879] = CNOT 2 17
[1880] = CNOT 2 19
[1881] = S 2
[1882] = CNOT 2 19
[1883] = CNOT 2 20
[1884] = S 2
[1885] = CNOT 2 20
[1886] = CNOT 2 21
[1887] = S 2
[1888] = Z 2
[1889] = CNOT 2 21
[1890] = CNOT 2 22
[1891] = S 2
[1892] = CNOT 2 22
[1893] = CNOT 2 24
[1894] = S 2
[1895] = CNOT 2 24
[1896] = CNOT 2 25
[1897] = S 2
[1898] = CNOT 2 25
[1899] = CNOT 2 26
[1900] = S 2
[1901] = CNOT 2 26
[1902] = CNOT 2 27
[1903] = Z 2
[1904] = CNOT 2 27
[1905] = CNOT 2 28
[1906] = Z 2
[1907] = CNOT 2 28
[1908] = CNOT 2 41
[1909] = Z 2
[1910] = CNOT 2 41
[1911] = CNOT 2 43
[1912] = Z 2
[1913] = CNOT 2 43
[1914] = CNOT 2 45
[1915] = S 2
[1916] = Z 2
[1917] = CNOT 2 45
[1918] = CNOT 2 47
[1919] = S 2
[1920] = Z 2
[1921] = CNOT 2 47
[1922] = CNOT 2 49
[1923] = Z 2
[1924] = CNOT 2 49
[1925] = CNOT 3 4
[1926] = S 3
[1927] = CNOT 3 4
[1928] = CNOT 3 5
[1929] = S 3
[1930] = CNOT 3 5
[1931] = CNOT 3 6
[1932] = S 3
[1933] = CNOT 3 6
[1934] = CNOT 3 7
[1935] = S 3
[1936] = Z 3
[1937] = CNOT 3 7
[1938] = CNOT 3 9
[1939] = S 3
[1940] = CNOT 3 9
[1941] = CNOT 3 10
[1942] = S 3
[1943] = Z 3
[1944] = CNOT 3 10
[1945] = CNOT 3 11
[1946] = Z 3
[1947] = CNOT 3 11
[1948] = CNOT 3 14
[1949] = S 3
[1950] = Z 3
[1951] = CNOT 3 14
[1952] = CNOT 3 15
[1953] = S 3
[1954] = Z 3
[1955] = CNOT 3 15
[1956] = CNOT 3 16
[1957] = S 3
[1958] = CNOT 3 16
[1959] = CNOT 3 17
[1960] = S 3
[1961] = Z 3
[1962] = CNOT 3 17
[1963] = CNOT 3 18
[1964] = S 3
[1965] = CNOT 3 18
[1966] = CNOT 3 19
[1967] = S 3
[1968] = Z 3
[1969] = CNOT 3 19
[1970] = CNOT 3 20
[1971] = S 3
[1972] = CNOT 3 20
[1973] = CNOT 3 21
[1974] = S 3
[1975] = CNOT 3 21
[1976] = CNOT 3 22
[1977] = Z 3
[1978] = CNOT 3 22
[1979] = CNOT 3 23
[1980] = S 3
[1981] = CNOT 3 23
[1982] = CNOT 3 24
[1983] = S 3
[1984] = Z 3
[1985] = CNOT 3 24
[1986] = CNOT 3 41
[1987] = Z 3
[1988] = CNOT 3 41
[1989] = CNOT 3 43
[1990] = S 3
[1991] = Z 3
[1992] = CNOT 3 43
[1993] = CNOT 3 44
[1994] = S 3
[1995] = Z 3
[1996] = CNOT 3 44
[1997] = CNOT 3 46
[1998] = S 3
[1999] = CNOT 3 46
[2000] = CNOT 3 47
[2001] = Z 3
[2002] = CNOT 3 47
[2003] = CNOT 3 48
[2004] = S 3
[2005] = Z 3
[2006] = CNOT 3 48
[2007] = CNOT 4 6
[2008] = Z 4
[2009] = CNOT 4 6
[2010] = CNOT 4 11
[2011] = S 4
[2012] = Z 4
[2013] = CNOT 4 11
[2014] = CNOT 4 13
[2015] = S 4
[2016] = Z 4
[2017] = CNOT 4 13
[2018] = CNOT 4 14
[2019] = S 4
[2020] = Z 4
[2021] = CNOT 4 14
[2022] = CNOT 4 16
[2023] = Z 4
[2024] = CNOT 4 16
[2025] = CNOT 4 17
[2026] = Z 4
[2027] = CNOT 4 17
[2028] = CNOT 4 18
[2029] = Z 4
[2030] = CNOT 4 18
[2031] = CNOT 4 19
[2032] = Z 4
[2033] = CNOT 4 19
[2034] = CNOT 4 21
[2035] = Z 4
[2036] = CNOT 4 21
[2037] = CNOT 4 22
[2038] = Z 4
[2039] = CNOT 4 22
[2040] = CNOT 4 43
[2041] = Z 4
[2042] = CNOT 4 43
[2043] = CNOT 4 45
[2044] = S 4
[2045] = Z 4
[2046] = CNOT 4 45
[2047] = CNOT 4 46
[2048] = S 4
[2049] = Z 4
[2050] = CNOT 4 46
[2051] = CNOT 4 48
[2052] = Z 4
[2053] = CNOT 4 48
[2054] = CNOT 4 49
[2055] = Z 4
[2056] = CNOT 4 49
[2057] = CNOT 5 6
[2058] = S 5
[2059] = CNOT 5 6
[2060] = CNOT 5 7
[2061] = S 5
[2062] = Z 5
[2063] = CNOT 5 7
[2064] = CNOT 5 8
[2065] = Z 5
[2066] = CNOT 5 8
[2067] = CNOT 5 10
[2068] = S 5
[2069] = Z 5
[2070] = CNOT 5 10
[2071] = CNOT 5 11
[2072] = S 5
[2073] = Z 5
[2074] = CNOT 5 11
[2075] = CNOT 5 14
[2076] = S 5
[2077] = Z 5
[2078] = CNOT 5 14
[2079] = CNOT 5 15
[2080] = S 5
[2081] = CNOT 5 15
[2082] = CNOT 5 17
[2083] = Z 5
[2084] = CNOT 5 17
[2085] = CNOT 5 20
[2086] = S 5
[2087] = CNOT 5 20
[2088] = CNOT 5 21
[2089] = S 5
[2090] = CNOT 5 21
[2091] = CNOT 5 24
[2092] = Z 5
[2093] = CNOT 5 24
[2094] = CNOT 5 25
[2095] = S 5
[2096] = CNOT 5 25
[2097] = CNOT 5 40
[2098] = Z 5
[2099] = CNOT 5 40
[2100] = CNOT 5 41
[2101] = Z 5
[2102] = CNOT 5 41
[2103] = CNOT 5 44
[2104] = Z 5
[2105] = CNOT 5 44
[2106] = CNOT 5 46
[2107] = S 5
[2108] = Z 5
[2109] = CNOT 5 46
[2110] = CNOT 5 48
[2111] = S 5
[2112] = CNOT 5 48
[2113] = CNOT 5 49
[2114] = S 5
[2115] = CNOT 5 49
[2116] = CNOT 6 13
[2117] = S 6
[2118] = Z 6
[2119] = CNOT 6 13
[2120] = CNOT 6 15
[2121] = S 6
[2122] = CNOT 6 15
[2123] = CNOT 6 16
[2124] = S 6
[2125] = Z 6
[2126] = CNOT 6 16
[2127] = CNOT 6 17
[2128] = S 6
[2129] = Z 6
[2130] = CNOT 6 17
[2131] = CNOT 6 18
[2132] = S 6
[2133] = CNOT 6 18
[2134] = CNOT 6 19
[2135] = S 6
[2136] = Z 6
[2137] = CNOT 6 19
[2138] = CNOT 6 21
[2139] = S 6
[2140] = Z 6
[2141] = CNOT 6 21
[2142] = CNOT 6 22
[2143] = S 6
[2144] = Z 6
[2145] = CNOT 6 22
[2146] = CNOT 6 23
[2147] = S 6
[2148] = CNOT 6 23
[2149] = CNOT 6 24
[2150] = S 6
[2151] = Z 6
[2152] = CNOT 6 24
[2153] = CNOT 6 43
[2154] = Z 6
[2155] = CNOT 6 43
[2156] = CNOT 6 47
[2157] = S 6
[2158] = Z 6
[2159] = CNOT 6 47
[2160] = CNOT 6 49
[2161] = S 6
[2162] = CNOT 6 49
[2163] = CNOT 7 10
[2164] = S 7
[2165] = CNOT 7 10
[2166] = CNOT 7 11
[2167] = S 7
[2168] = CNOT 7 11
[2169] = CNOT 7 12
[2170] = Z 7
[2171] = CNOT 7 12
[2172] = CNOT 7 14
[2173] = S 7
[2174] = Z 7
[2175] = CNOT 7 14
[2176] = CNOT 7 15
[2177] = Z 7
[2178] = CNOT 7 15
[2179] = CNOT 7 17
[2180] = S 7
[2181] = CNOT 7 17
[2182] = CNOT 7 18
[2183] = Z 7
[2184] = CNOT 7 18
[2185] = CNOT 7 20
[2186] = Z 7
[2187] = CNOT 7 20
[2188] = CNOT 7 21
[2189] = Z 7
[2190] = CNOT 7 21
[2191] = CNOT 7 23
[2192] = S 7
[2193] = CNOT 7 23
[2194] = CNOT 7 24
[2195] = Z 7
[2196] = CNOT 7 24
[2197] = CNOT 7 26
[2198] = Z 7
[2199] = CNOT 7 26
[2200] = CNOT 7 43
[2201] = S 7
[2202] = CNOT 7 43
[2203] = CNOT 7 46
[2204] = S 7
[2205] = CNOT 7 46
[2206] = CNOT 7 47
[2207] = Z 7
[2208] = CNOT 7 47
[2209] = CNOT 7 49
[2210] = S 7
[2211] = Z 7
[2212] = CNOT 7 49
[2213] = CNOT 8 11
[2214] = S 8
[2215] = Z 8
[2216] = CNOT 8 11
[2217] = CNOT 8 13
[2218] = Z 8
[2219] = CNOT 8 13
[2220] = CNOT 8 14
[2221] = S 8
[2222] = Z 8
[2223] = CNOT 8 14
[2224] = CNOT 8 17
[2225] = S 8
[2226] = Z 8
[2227] = CNOT 8 17
[2228] = CNOT 8 18
[2229] = S 8
[2230] = Z 8
[2231] = CNOT 8 18
[2232] = CNOT 8 19
[2233] = Z 8
[2234] = CNOT 8 19
[2235] = CNOT 8 20
[2236] = S 8
[2237] = Z 8
[2238] = CNOT 8 20
[2239] = CNOT 8 21
[2240] = S 8
[2241] = Z 8
[2242] = CNOT 8 21
[2243] = CNOT 8 24
[2244] = S 8
[2245] = Z 8
[2246] = CNOT 8 24
[2247] = CNOT 8 25
[2248] = S 8
[2249] = Z 8
[2250] = CNOT 8 25
[2251] = CNOT 8 26
[2252] = Z 8
[2253] = CNOT 8 26
[2254] = CNOT 8 27
[2255] = S 8
[2256] = Z 8
[2257] = CNOT 8 27
[2258] = CNOT 8 43
[2259] = S 8
[2260] = Z 8
[2261] = CNOT 8 43
[2262] = CNOT 8 47
[2263] = S 8
[2264] = Z 8
[2265] = CNOT 8 47
[2266] = CNOT 8 49
[2267] = Z 8
[2268] = CNOT 8 49
[2269] = CNOT 9 11
[2270] = S 9
[2271] = Z 9
[2272] = CNOT 9 11
[2273] = CNOT 9 12
[2274] = Z 9
[2275] = CNOT 9 12
[2276] = CNOT 9 14
[2277] = S 9
[2278] = Z 9
[2279] = CNOT 9 14
[2280] = CNOT 9 16
[2281] = Z 9
[2282] = CNOT 9 16
[2283] = CNOT 9 19
[2284] = S 9
[2285] = Z 9
[2286] = CNOT 9 19
[2287] = CNOT 9 20
[2288] = S 9
[2289] = Z 9
[2290] = CNOT 9 20
[2291] = CNOT 9 22
[2292] = S 9
[2293] = Z 9
[2294] = CNOT 9 22
[2295] = CNOT 9 24
[2296] = Z 9
[2297] = CNOT 9 24
[2298] = CNOT 9 27
[2299] = S 9
[2300] = Z 9
[2301] = CNOT 9 27
[2302] = CNOT 9 28
[2303] = S 9
[2304] = Z 9
[2305] = CNOT 9 28
[2306] = CNOT 9 43
[2307] = S 9
[2308] = CNOT 9 43
[2309] = CNOT 9 48
[2310] = S 9
[2311] = Z 9
[2312] = CNOT 9 48
[2313] = CNOT 9 49
[2314] = Z 9
[2315] = CNOT 9 49
[2316] = CNOT 10 11
[2317] = Z 10
[2318] = CNOT 10 11
[2319] = CNOT 10 12
[2320] = Z 10
[2321] = CNOT 10 12
[2322] = CNOT 10 15
[2323] = S 10
[2324] = Z 10
[2325] = CNOT 10 15
[2326] = CNOT 10 18
[2327] = S 10
[2328] = Z 10
[2329] = CNOT 10 18
[2330] = CNOT 10 21
[2331] = Z 10
[2332] = CNOT 10 21
[2333] = CNOT 10 24
[2334] = S 10
[2335] = Z 10
[2336] = CNOT 10 24
[2337] = CNOT 10 27
[2338] = S 10
[2339] = Z 10
[2340] = CNOT 10 27
[2341] = CNOT 10 28
[2342] = S 10
[2343] = Z 10
[2344] = CNOT 10 28
[2345] = CNOT 10 43
[2346] = Z 10
[2347] = CNOT 10 43
[2348] = CNOT 10 49
[2349] = Z 10
[2350] = CNOT 10 49
[2351] = CNOT 11 40
[2352] = S 11
[2353] = Z 11
[2354] = CNOT 11 40
[2355] = CNOT 11 42
[2356] = S 11
[2357] = Z 11
[2358] = CNOT 11 42
[2359] = CNOT 11 44
[2360] = S 11
[2361] = CNOT 11 44
[2362] = CNOT 11 46
[2363] = S 11
[2364] = CNOT 11 46
[2365] = CNOT 11 47
[2366] = S 11
[2367] = Z 11
[2368] = CNOT 11 47
[2369] = CNOT 11 48
[2370] = S 11
[2371] = Z 11
[2372] = CNOT 11 48
[2373] = CNOT 11 49
[2374] = Z 11
[2375] = CNOT 11 49
[2376] = CNOT 12 21
[2377] = Z 12
[2378] = CNOT 12 21
[2379] = CNOT 12 41
[2380] = S 12
[2381] = CNOT 12 41
[2382] = CNOT 12 43
[2383] = Z 12
[2384] = CNOT 12 43
[2385] = CNOT 12 47
[2386] = Z 12
[2387] = CNOT 12 47
[2388] = CNOT 12 49
[2389] = Z 12
[2390] = CNOT 12 49
[2391] = CNOT 13 42
[2392] = Z 13
[2393] = CNOT 13 42
[2394] = CNOT 13 43
[2395] = S 13
[2396] = CNOT 13 43
[2397] = CNOT 13 45
[2398] = S 13
[2399] = Z 13
[2400] = CNOT 13 45
[2401] = CNOT 13 46
[2402] = S 13
[2403] = Z 13
[2404] = CNOT 13 46
[2405] = CNOT 13 47
[2406] = S 13
[2407] = Z 13
[2408] = CNOT 13 47
[2409] = CNOT 13 49
[2410] = Z 13
[2411] = CNOT 13 49
[2412] = CNOT 14 21
[2413] = S 14
[2414] = Z 14
[2415] = CNOT 14 21
[2416] = CNOT 14 22
[2417] = S 14
[2418] = Z 14
[2419] = CNOT 14 22
[2420] = CNOT 14 43
[2421] = S 14
[2422] = Z 14
[2423] = CNOT 14 43
[2424] = CNOT 14 45
[2425] = S 14
[2426] = Z 14
[2427] = CNOT 14 45
[2428] = CNOT 14 46
[2429] = S 14
[2430] = Z 14
[2431] = CNOT 14 46
[2432] = CNOT 14 47
[2433] = S 14
[2434] = Z 14
[2435] = CNOT 14 47
[2436] = CNOT 14 49
[2437] = S 14
[2438] = Z 14
[2439] = CNOT 14 49
[2440] = CNOT 15 21
[2441] = Z 15
[2442] = CNOT 15 21
[2443] = CNOT 15 24
[2444] = S 15
[2445] = Z 15
[2446] = CNOT 15 24
[2447] = CNOT 15 43
[2448] = Z 15
[2449] = CNOT 15 43
[2450] = CNOT 15 44
[2451] = S 15
[2452] = CNOT 15 44
[2453] = CNOT 15 45
[2454] = S 15
[2455] = Z 15
[2456] = CNOT 15 45
[2457] = CNOT 15 46
[2458] = Z 15
[2459] = CNOT 15 46
[2460] = CNOT 15 49
[2461] = S 15
[2462] = CNOT 15 49
[2463] = CNOT 16 18
[2464] = Z 16
[2465] = CNOT 16 18
[2466] = CNOT 16 21
[2467] = S 16
[2468] = Z 16
[2469] = CNOT 16 21
[2470] = CNOT 16 24
[2471] = Z 16
[2472] = CNOT 16 24
[2473] = CNOT 16 25
[2474] = Z 16
[2475] = CNOT 16 25
[2476] = CNOT 16 43
[2477] = S 16
[2478] = CNOT 16 43
[2479] = CNOT 16 45
[2480] = S 16
[2481] = Z 16
[2482] = CNOT 16 45
[2483] = CNOT 16 46
[2484] = Z 16
[2485] = CNOT 16 46
[2486] = CNOT 16 48
[2487] = Z 16
[2488] = CNOT 16 48
[2489] = CNOT 16 49
[2490] = S 16
[2491] = CNOT 16 49
[2492] = CNOT 17 21
[2493] = S 17
[2494] = Z 17
[2495] = CNOT 17 21
[2496] = CNOT 17 22
[2497] = S 17
[2498] = Z 17
[2499] = CNOT 17 22
[2500] = CNOT 17 23
[2501] = S 17
[2502] = CNOT 17 23
[2503] = CNOT 17 24
[2504] = S 17
[2505] = Z 17
[2506] = CNOT 17 24
[2507] = CNOT 17 46
[2508] = S 17
[2509] = Z 17
[2510] = CNOT 17 46
[2511] = CNOT 17 47
[2512] = S 17
[2513] = CNOT 17 47
[2514] = CNOT 17 49
[2515] = Z 17
[2516] = CNOT 17 49
[2517] = CNOT 18 21
[2518] = Z 18
[2519] = CNOT 18 21
[2520] = CNOT 18 23
[2521] = S 18
[2522] = Z 18
[2523] = CNOT 18 23
[2524] = CNOT 18 24
[2525] = Z 18
[2526] = CNOT 18 24
[2527] = CNOT 18 25
[2528] = S 18
[2529] = Z 18
[2530] = CNOT 18 25
[2531] = CNOT 18 27
[2532] = S 18
[2533] = Z 18
[2534] = CNOT 18 27
[2535] = CNOT 18 43
[2536] = S 18
[2537] = CNOT 18 43
[2538] = CNOT 18 47
[2539] = S 18
[2540] = Z 18
[2541] = CNOT 18 47
[2542] = CNOT 18 48
[2543] = Z 18
[2544] = CNOT 18 48
[2545] = CNOT 19 21
[2546] = Z 19
[2547] = CNOT 19 21
[2548] = CNOT 19 22
[2549] = Z 19
[2550] = CNOT 19 22
[2551] = CNOT 19 24
[2552] = S 19
[2553] = Z 19
[2554] = CNOT 19 24
[2555] = CNOT 19 26
[2556] = Z 19
[2557] = CNOT 19 26
[2558] = CNOT 19 27
[2559] = S 19
[2560] = Z 19
[2561] = CNOT 19 27
[2562] = CNOT 19 28
[2563] = S 19
[2564] = Z 19
[2565] = CNOT 19 28
[2566] = CNOT 19 43
[2567] = Z 19
[2568] = CNOT 19 43
[2569] = CNOT 19 48
[2570] = S 19
[2571] = Z 19
[2572] = CNOT 19 48
[2573] = CNOT 19 49
[2574] = Z 19
[2575] = CNOT 19 49
[2576] = CNOT 20 21
[2577] = S 20
[2578] = Z 20
[2579] = CNOT 20 21
[2580] = CNOT 20 22
[2581] = Z 20
[2582] = CNOT 20 22
[2583] = CNOT 20 24
[2584] = S 20
[2585] = Z 20
[2586] = CNOT 20 24
[2587] = CNOT 20 26
[2588] = Z 20
[2589] = CNOT 20 26
[2590] = CNOT 20 27
[2591] = S 20
[2592] = Z 20
[2593] = CNOT 20 27
[2594] = CNOT 20 28
[2595] = S 20
[2596] = Z 20
[2597] = CNOT 20 28
[2598] = CNOT 20 49
[2599] = S 20
[2600] = CNOT 20 49
[2601] = CNOT 21 31
[2602] = S 21
[2603] = CNOT 21 31
[2604] = CNOT 21 43
[2605] = S 21
[2606] = CNOT 21 43
[2607] = CNOT 22 32
[2608] = S 22
[2609] = CNOT 22 32
[2610] = CNOT 23 25
[2611] = Z 23
[2612] = CNOT 23 25
[2613] = CNOT 23 33
[2614] = S 23
[2615] = CNOT 23 33
[2616] = CNOT 23 43
[2617] = S 23
[2618] = CNOT 23 43
[2619] = CNOT 24 34
[2620] = S 24
[2621] = CNOT 24 34
[2622] = CNOT 24 43
[2623] = S 24
[2624] = Z 24
[2625] = CNOT 24 43
[2626] = CNOT 25 35
[2627] = S 25
[2628] = CNOT 25 35
[2629] = CNOT 25 43
[2630] = S 25
[2631] = CNOT 25 43
[2632] = CNOT 26 36
[2633] = S 26
[2634] = CNOT 26 36
[2635] = CNOT 27 37
[2636] = S 27
[2637] = CNOT 27 37
[2638] = CNOT 28 38
[2639] = S 28
[2640] = CNOT 28 38
[2641] = CNOT 28 43
[2642] = Z 28
[2643] = CNOT 28 43
[2644] = CNOT 29 39
[2645] = S 29
[2646] = CNOT 29 39
[2647] = CNOT 30 37
[2648] = S 30
[2649] = CNOT 30 37
[2650] = CNOT 30 49
[2651] = Z 30
[2652] = CNOT 31 34
[2653] = S 31
[2654] = CNOT 31 34
[2655] = CNOT 31 38
[2656] = Z 31
[2657] = CNOT 31 38
[2658] = CNOT 31 40
[2659] = Z 31
[2660] = CNOT 31 40
[2661] = CNOT 31 43
[2662] = S 31
[2663] = Z 31
[2664] = CNOT 31 43
[2665] = CNOT 32 35
[2666] = S 32
[2667] = CNOT 32 35
[2668] = CNOT 32 39
[2669] = Z 32
[2670] = CNOT 32 39
[2671] = CNOT 32 41
[2672] = Z 32
[2673] = CNOT 32 41
[2674] = CNOT 32 44
[2675] = S 32
[2676] = Z 32
[2677] = CNOT 33 36
[2678] = S 33
[2679] = CNOT 33 36
[2680] = CNOT 33 42
[2681] = S 33
[2682] = CNOT 33 42
[2683] = CNOT 33 45
[2684] = Z 33
[2685] = CNOT 34 37
[2686] = S 34
[2687] = CNOT 34 37
[2688] = CNOT 34 38
[2689] = S 34
[2690] = CNOT 34 38
[2691] = CNOT 34 43
[2692] = S 34
[2693] = Z 34
[2694] = CNOT 34 43
[2695] = CNOT 34 46
[2696] = Z 34
[2697] = CNOT 34 46
[2698] = CNOT 35 38
[2699] = S 35
[2700] = CNOT 35 38
[2701] = CNOT 35 39
[2702] = S 35
[2703] = CNOT 35 39
[2704] = CNOT 35 44
[2705] = S 35
[2706] = Z 35
[2707] = CNOT 35 44
[2708] = CNOT 35 47
[2709] = Z 35
[2710] = CNOT 35 47
[2711] = CNOT 36 39
[2712] = S 36
[2713] = CNOT 36 39
[2714] = CNOT 36 45
[2715] = Z 36
[2716] = CNOT 36 45
[2717] = CNOT 36 48
[2718] = Z 36
[2719] = CNOT 36 48
[2720] = CNOT 37 46
[2721] = Z 37
[2722] = CNOT 37 46
[2723] = CNOT 37 49
[2724] = Z 37
[2725] = CNOT 37 49
[2726] = CNOT 38 40
[2727] = Z 38
[2728] = CNOT 38 40
[2729] = CNOT 38 43
[2730] = S 38
[2731] = Z 38
[2732] = CNOT 38 43
[2733] = CNOT 38 47
[2734] = Z 38
[2735] = CNOT 38 47
[2736] = CNOT 39 41
[2737] = Z 39
[2738] = CNOT 39 41
[2739] = CNOT 39 44
[2740] = S 39
[2741] = Z 39
[2742] = CNOT 39 44
[2743] = CNOT 39 48
[2744] = Z 39
[2745] = CNOT 39 48
[2746] = CNOT 40 43
[2747] = Z 40
[2748] = CNOT 40 43
[2749] = CNOT 41 43
[2750] = Z 41
[2751] = CNOT 41 43
[2752] = CNOT 43 45
[2753] = Z 43
[2754] = CNOT 43 45
[2755] = CNOT 43 47
[2756] = S 43
[2757] = CNOT 43 47
[2758] = CNOT 43 48
[2759] = S 43
[2760] = Z 43
[2761] = CNOT 43 48
[2762] = CNOT 1 2
[2763] = CNOT 1 3
[2764] = S 1
[2765] = CNOT 1 3
[2766] = CNOT 1 5
[2767] = S 1
[2768] = Z 1
[2769] = CNOT 1 5
[2770] = CNOT 1 6
[2771] = S 1
[2772] = CNOT 1 6
[2773] = CNOT 1 7
[2774] = Z 1
[2775] = CNOT 1 7
[2776] = CNOT 1 8
[2777] = Z 1
[2778] = CNOT 1 8
[2779] = CNOT 1 9
[2780] = Z 1
[2781] = CNOT 1 9
[2782] = CNOT 1 10
[2783] = Z 1
[2784] = CNOT 1 10
[2785] = CNOT 1 12
[2786] = Z 1
[2787] = CNOT 1 12
[2788] = CNOT 1 15
[2789] = S 1
[2790] = CNOT 1 15
[2791] = CNOT 1 18
[2792] = Z 1
[2793] = CNOT 1 18
[2794] = CNOT 1 20
[2795] = Z 1
[2796] = CNOT 1 20
[2797] = CNOT 1 21
[2798] = S 1
[2799] = CNOT 1 21
[2800] = CNOT 1 22
[2801] = S 1
[2802] = CNOT 1 22
[2803] = CNOT 1 23
[2804] = S 1
[2805] = Z 1
[2806] = CNOT 1 23
[2807] = CNOT 1 24
[2808] = S 1
[2809] = CNOT 1 24
[2810] = CNOT 1 26
[2811] = S 1
[2812] = CNOT 1 26
[2813] = CNOT 1 29
[2814] = Z 1
[2815] = CNOT 1 29
[2816] = CNOT 1 41
[2817] = S 1
[2818] = Z 1
[2819] = CNOT 1 41
[2820] = CNOT 1 42
[2821] = S 1
[2822] = Z 1
[2823] = CNOT 1 42
[2824] = CNOT 1 45
[2825] = S 1
[2826] = Z 1
[2827] = CNOT 1 45
[2828] = CNOT 1 46
[2829] = Z 1
[2830] = CNOT 1 46
[2831] = CNOT 1 47
[2832] = Z 1
[2833] = CNOT 1 47
[2834] = CNOT 1 49
[2835] = Z 1
[2836] = CNOT 1 49
[2837] = CNOT 1 2
[2838] = CNOT 1 3
[2839] = CNOT 1 4
[2840] = S 1
[2841] = CNOT 1 4
[2842] = CNOT 1 5
[2843] = S 1
[2844] = CNOT 1 5
[2845] = CNOT 1 6
[2846] = S 1
[2847] = CNOT 1 6
[2848] = CNOT 1 7
[2849] = Z 1
[2850] = CNOT 1 7
[2851] = CNOT 1 9
[2852] = S 1
[2853] = CNOT 1 9
[2854] = CNOT 1 10
[2855] = S 1
[2856] = CNOT 1 10
[2857] = CNOT 1 11
[2858] = S 1
[2859] = Z 1
[2860] = CNOT 1 11
[2861] = CNOT 1 12
[2862] = Z 1
[2863] = CNOT 1 12
[2864] = CNOT 1 13
[2865] = S 1
[2866] = Z 1
[2867] = CNOT 1 13
[2868] = CNOT 1 15
[2869] = S 1
[2870] = Z 1
[2871] = CNOT 1 15
[2872] = CNOT 1 16
[2873] = S 1
[2874] = CNOT 1 16
[2875] = CNOT 1 17
[2876] = S 1
[2877] = CNOT 1 17
[2878] = CNOT 1 18
[2879] = S 1
[2880] = CNOT 1 18
[2881] = CNOT 1 19
[2882] = Z 1
[2883] = CNOT 1 19
[2884] = CNOT 1 20
[2885] = Z 1
[2886] = CNOT 1 20
[2887] = CNOT 1 21
[2888] = S 1
[2889] = CNOT 1 21
[2890] = CNOT 1 23
[2891] = Z 1
[2892] = CNOT 1 23
[2893] = CNOT 1 24
[2894] = S 1
[2895] = CNOT 1 24
[2896] = CNOT 1 41
[2897] = S 1
[2898] = Z 1
[2899] = CNOT 1 41
[2900] = CNOT 1 42
[2901] = Z 1
[2902] = CNOT 1 42
[2903] = CNOT 1 43
[2904] = S 1
[2905] = CNOT 1 43
[2906] = CNOT 1 44
[2907] = Z 1
[2908] = CNOT 1 44
[2909] = CNOT 1 45
[2910] = Z 1
[2911] = CNOT 1 45
[2912] = CNOT 1 46
[2913] = Z 1
[2914] = CNOT 1 46
[2915] = CNOT 1 47
[2916] = S 1
[2917] = CNOT 1 47
[2918] = CNOT 1 48
[2919] = S 1
[2920] = Z 1
[2921] = CNOT 1 48
[2922] = CNOT 1 49
[2923] = Z 1
[2924] = CNOT 1 49
[2925] = CNOT 1 3
[2926] = CNOT 1 4
[2927] = CNOT 1 11
[2928] = S 1
[2929] = Z 1
[2930] = CNOT 1 11
[2931] = CNOT 1 12
[2932] = S 1
[2933] = Z 1
[2934] = CNOT 1 12
[2935] = CNOT 1 13
[2936] = S 1
[2937] = Z 1
[2938] = CNOT 1 13
[2939] = CNOT 1 14
[2940] = S 1
[2941] = Z 1
[2942] = CNOT 1 14
[2943] = CNOT 1 15
[2944] = S 1
[2945] = Z 1
[2946] = CNOT 1 15
[2947] = CNOT 1 20
[2948] = S 1
[2949] = Z 1
[2950] = CNOT 1 20
[2951] = CNOT 1 23
[2952] = S 1
[2953] = Z 1
[2954] = CNOT 1 23
[2955] = CNOT 1 44
[2956] = S 1
[2957] = Z 1
[2958] = CNOT 1 44
[2959] = CNOT 1 45
[2960] = S 1
[2961] = Z 1
[2962] = CNOT 1 45
[2963] = CNOT 1 46
[2964] = S 1
[2965] = Z 1
[2966] = CNOT 1 46
[2967] = CNOT 1 47
[2968] = S 1
[2969] = Z 1
[2970] = CNOT 1 47
[2971] = CNOT 1 4
[2972] = CNOT 1 5
[2973] = CNOT 1 7
[2974] = S 1
[2975] = CNOT 1 7
[2976] = CNOT 1 9
[2977] = S 1
[2978] = CNOT 1 9
[2979] = CNOT 1 10
[2980] = S 1
[2981] = CNOT 1 10
[2982] = CNOT 1 11
[2983] = S 1
[2984] = CNOT 1 11
[2985] = CNOT 1 15
[2986] = Z 1
[2987] = CNOT 1 15
[2988] = CNOT 1 16
[2989] = Z 1
[2990] = CNOT 1 16
[2991] = CNOT 1 17
[2992] = Z 1
[2993] = CNOT 1 17
[2994] = CNOT 1 18
[2995] = Z 1
[2996] = CNOT 1 18
[2997] = CNOT 1 19
[2998] = S 1
[2999] = Z 1
[3000] = CNOT 1 19
[3001] = CNOT 1 20
[3002] = S 1
[3003] = Z 1
[3004] = CNOT 1 20
[3005] = CNOT 1 21
[3006] = S 1
[3007] = CNOT 1 21
[3008] = CNOT 1 22
[3009] = S 1
[3010] = Z 1
[3011] = CNOT 1 22
[3012] = CNOT 1 23
[3013] = S 1
[3014] = Z 1
[3015] = CNOT 1 23
[3016] = CNOT 1 40
[3017] = S 1
[3018] = Z 1
[3019] = CNOT 1 40
[3020] = CNOT 1 41
[3021] = S 1
[3022] = Z 1
[3023] = CNOT 1 41
[3024] = CNOT 1 43
[3025] = S 1
[3026] = CNOT 1 43
[3027] = CNOT 1 44
[3028] = S 1
[3029] = Z 1
[3030] = CNOT 1 44
[3031] = CNOT 1 45
[3032] = S 1
[3033] = Z 1
[3034] = CNOT 1 45
[3035] = CNOT 1 47
[3036] = S 1
[3037] = Z 1
[3038] = CNOT 1 47
[3039] = CNOT 1 48
[3040] = S 1
[3041] = Z 1
[3042] = CNOT 1 48
[3043] = CNOT 1 5
[3044] = CNOT 1 6
[3045] = CNOT 1 15
[3046] = S 1
[3047] = Z 1
[3048] = CNOT 1 15
[3049] = CNOT 1 18
[3050] = S 1
[3051] = Z 1
[3052] = CNOT 1 18
[3053] = CNOT 1 23
[3054] = S 1
[3055] = Z 1
[3056] = CNOT 1 23
[3057] = CNOT 1 43
[3058] = S 1
[3059] = CNOT 1 43
[3060] = CNOT 1 49
[3061] = S 1
[3062] = Z 1
[3063] = CNOT 1 49
[3064] = CNOT 1 6
[3065] = CNOT 1 7
[3066] = CNOT 1 11
[3067] = S 1
[3068] = Z 1
[3069] = CNOT 1 11
[3070] = CNOT 1 15
[3071] = S 1
[3072] = Z 1
[3073] = CNOT 1 15
[3074] = CNOT 1 17
[3075] = S 1
[3076] = Z 1
[3077] = CNOT 1 17
[3078] = CNOT 1 18
[3079] = S 1
[3080] = Z 1
[3081] = CNOT 1 18
[3082] = CNOT 1 21
[3083] = S 1
[3084] = Z 1
[3085] = CNOT 1 21
[3086] = CNOT 1 23
[3087] = S 1
[3088] = Z 1
[3089] = CNOT 1 23
[3090] = CNOT 1 24
[3091] = S 1
[3092] = Z 1
[3093] = CNOT 1 24
[3094] = CNOT 1 43
[3095] = Z 1
[3096] = CNOT 1 43
[3097] = CNOT 1 46
[3098] = S 1
[3099] = Z 1
[3100] = CNOT 1 46
[3101] = CNOT 1 7
[3102] = CNOT 1 8
[3103] = CNOT 1 15
[3104] = S 1
[3105] = Z 1
[3106] = CNOT 1 15
[3107] = CNOT 1 17
[3108] = S 1
[3109] = Z 1
[3110] = CNOT 1 17
[3111] = CNOT 1 20
[3112] = S 1
[3113] = Z 1
[3114] = CNOT 1 20
[3115] = CNOT 1 22
[3116] = S 1
[3117] = Z 1
[3118] = CNOT 1 22
[3119] = CNOT 1 24
[3120] = S 1
[3121] = Z 1
[3122] = CNOT 1 24
[3123] = CNOT 1 27
[3124] = S 1
[3125] = Z 1
[3126] = CNOT 1 27
[3127] = CNOT 1 43
[3128] = S 1
[3129] = Z 1
[3130] = CNOT 1 43
[3131] = CNOT 1 8
[3132] = CNOT 1 9
[3133] = CNOT 1 12
[3134] = S 1
[3135] = Z 1
[3136] = CNOT 1 12
[3137] = CNOT 1 15
[3138] = S 1
[3139] = Z 1
[3140] = CNOT 1 15
[3141] = CNOT 1 16
[3142] = S 1
[3143] = Z 1
[3144] = CNOT 1 16
[3145] = CNOT 1 18
[3146] = S 1
[3147] = Z 1
[3148] = CNOT 1 18
[3149] = CNOT 1 23
[3150] = S 1
[3151] = Z 1
[3152] = CNOT 1 23
[3153] = CNOT 1 24
[3154] = S 1
[3155] = Z 1
[3156] = CNOT 1 24
[3157] = CNOT 1 26
[3158] = S 1
[3159] = Z 1
[3160] = CNOT 1 26
[3161] = CNOT 1 43
[3162] = Z 1
[3163] = CNOT 1 43
[3164] = CNOT 1 49
[3165] = S 1
[3166] = Z 1
[3167] = CNOT 1 49
[3168] = CNOT 1 9
[3169] = CNOT 1 10
[3170] = CNOT 1 11
[3171] = S 1
[3172] = Z 1
[3173] = CNOT 1 11
[3174] = CNOT 1 12
[3175] = S 1
[3176] = Z 1
[3177] = CNOT 1 12
[3178] = CNOT 1 17
[3179] = S 1
[3180] = Z 1
[3181] = CNOT 1 17
[3182] = CNOT 1 20
[3183] = S 1
[3184] = Z 1
[3185] = CNOT 1 20
[3186] = CNOT 1 21
[3187] = S 1
[3188] = Z 1
[3189] = CNOT 1 21
[3190] = CNOT 1 26
[3191] = S 1
[3192] = Z 1
[3193] = CNOT 1 26
[3194] = CNOT 1 29
[3195] = S 1
[3196] = Z 1
[3197] = CNOT 1 29
[3198] = CNOT 1 43
[3199] = Z 1
[3200] = CNOT 1 43
[3201] = CNOT 1 49
[3202] = S 1
[3203] = Z 1
[3204] = CNOT 1 49
[3205] = CNOT 1 10
[3206] = CNOT 1 11
[3207] = CNOT 1 42
[3208] = S 1
[3209] = Z 1
[3210] = CNOT 1 42
[3211] = CNOT 1 43
[3212] = S 1
[3213] = CNOT 1 43
[3214] = CNOT 1 44
[3215] = S 1
[3216] = Z 1
[3217] = CNOT 1 44
[3218] = CNOT 1 46
[3219] = S 1
[3220] = Z 1
[3221] = CNOT 1 46
[3222] = CNOT 1 49
[3223] = S 1
[3224] = Z 1
[3225] = CNOT 1 49
[3226] = CNOT 1 11
[3227] = CNOT 1 12
[3228] = CNOT 1 21
[3229] = S 1
[3230] = Z 1
[3231] = CNOT 1 21
[3232] = CNOT 1 42
[3233] = S 1
[3234] = Z 1
[3235] = CNOT 1 42
[3236] = CNOT 1 44
[3237] = S 1
[3238] = Z 1
[3239] = CNOT 1 44
[3240] = CNOT 1 45
[3241] = S 1
[3242] = Z 1
[3243] = CNOT 1 45
[3244] = CNOT 1 49
[3245] = S 1
[3246] = Z 1
[3247] = CNOT 1 49
[3248] = CNOT 1 12
[3249] = CNOT 1 13
[3250] = CNOT 1 44
[3251] = S 1
[3252] = Z 1
[3253] = CNOT 1 44
[3254] = CNOT 1 45
[3255] = S 1
[3256] = Z 1
[3257] = CNOT 1 45
[3258] = CNOT 1 13
[3259] = CNOT 1 14
[3260] = CNOT 1 43
[3261] = S 1
[3262] = Z 1
[3263] = CNOT 1 43
[3264] = CNOT 1 46
[3265] = S 1
[3266] = Z 1
[3267] = CNOT 1 46
[3268] = CNOT 1 14
[3269] = CNOT 1 15
[3270] = CNOT 1 21
[3271] = S 1
[3272] = Z 1
[3273] = CNOT 1 21
[3274] = CNOT 1 22
[3275] = S 1
[3276] = Z 1
[3277] = CNOT 1 22
[3278] = CNOT 1 23
[3279] = S 1
[3280] = Z 1
[3281] = CNOT 1 23
[3282] = CNOT 1 43
[3283] = S 1
[3284] = Z 1
[3285] = CNOT 1 43
[3286] = CNOT 1 45
[3287] = S 1
[3288] = Z 1
[3289] = CNOT 1 45
[3290] = CNOT 1 47
[3291] = S 1
[3292] = Z 1
[3293] = CNOT 1 47
[3294] = CNOT 1 49
[3295] = S 1
[3296] = Z 1
[3297] = CNOT 1 49
[3298] = CNOT 1 15
[3299] = CNOT 1 16
[3300] = CNOT 1 24
[3301] = S 1
[3302] = Z 1
[3303] = CNOT 1 24
[3304] = CNOT 1 47
[3305] = S 1
[3306] = Z 1
[3307] = CNOT 1 47
[3308] = CNOT 1 49
[3309] = S 1
[3310] = Z 1
[3311] = CNOT 1 49
[3312] = CNOT 1 16
[3313] = CNOT 1 17
[3314] = CNOT 1 23
[3315] = S 1
[3316] = Z 1
[3317] = CNOT 1 23
[3318] = CNOT 1 24
[3319] = S 1
[3320] = Z 1
[3321] = CNOT 1 24
[3322] = CNOT 1 26
[3323] = S 1
[3324] = Z 1
[3325] = CNOT 1 26
[3326] = CNOT 1 43
[3327] = S 1
[3328] = CNOT 1 43
[3329] = CNOT 1 47
[3330] = S 1
[3331] = Z 1
[3332] = CNOT 1 47
[3333] = CNOT 1 48
[3334] = S 1
[3335] = Z 1
[3336] = CNOT 1 48
[3337] = CNOT 1 17
[3338] = CNOT 1 18
[3339] = CNOT 1 22
[3340] = S 1
[3341] = Z 1
[3342] = CNOT 1 22
[3343] = CNOT 1 23
[3344] = S 1
[3345] = Z 1
[3346] = CNOT 1 23
[3347] = CNOT 1 24
[3348] = S 1
[3349] = Z 1
[3350] = CNOT 1 24
[3351] = CNOT 1 26
[3352] = S 1
[3353] = Z 1
[3354] = CNOT 1 26
[3355] = CNOT 1 43
[3356] = Z 1
[3357] = CNOT 1 43
[3358] = CNOT 1 18
[3359] = CNOT 1 19
[3360] = CNOT 1 23
[3361] = S 1
[3362] = Z 1
[3363] = CNOT 1 23
[3364] = CNOT 1 43
[3365] = Z 1
[3366] = CNOT 1 43
[3367] = CNOT 1 19
[3368] = CNOT 1 20
[3369] = CNOT 1 23
[3370] = S 1
[3371] = Z 1
[3372] = CNOT 1 23
[3373] = CNOT 1 24
[3374] = S 1
[3375] = Z 1
[3376] = CNOT 1 24
[3377] = CNOT 1 27
[3378] = S 1
[3379] = Z 1
[3380] = CNOT 1 27
[3381] = CNOT 1 29
[3382] = S 1
[3383] = Z 1
[3384] = CNOT 1 29
[3385] = CNOT 1 43
[3386] = Z 1
[3387] = CNOT 1 20
[3388] = CNOT 1 21
[3389] = S 1
[3390] = CNOT 1 21
[3391] = CNOT 1 22
[3392] = S 1
[3393] = CNOT 1 22
[3394] = CNOT 1 24
[3395] = Z 1
[3396] = CNOT 1 24
[3397] = CNOT 1 26
[3398] = S 1
[3399] = CNOT 1 26
[3400] = CNOT 1 29
[3401] = Z 1
[3402] = CNOT 1 29
[3403] = CNOT 1 40
[3404] = S 1
[3405] = Z 1
[3406] = CNOT 1 40
[3407] = CNOT 1 41
[3408] = S 1
[3409] = Z 1
[3410] = CNOT 1 41
[3411] = CNOT 1 42
[3412] = S 1
[3413] = CNOT 1 42
[3414] = CNOT 1 45
[3415] = S 1
[3416] = Z 1
[3417] = CNOT 1 45
[3418] = CNOT 1 49
[3419] = Z 1
[3420] = CNOT 1 49
[3421] = CNOT 1 43
[3422] = CNOT 2 3
[3423] = CNOT 2 5
[3424] = S 2
[3425] = CNOT 2 5
[3426] = CNOT 2 6
[3427] = Z 2
[3428] = CNOT 2 6
[3429] = CNOT 2 7
[3430] = Z 2
[3431] = CNOT 2 7
[3432] = CNOT 2 9
[3433] = S 2
[3434] = CNOT 2 9
[3435] = CNOT 2 10
[3436] = S 2
[3437] = CNOT 2 10
[3438] = CNOT 2 11
[3439] = Z 2
[3440] = CNOT 2 11
[3441] = CNOT 2 12
[3442] = Z 2
[3443] = CNOT 2 12
[3444] = CNOT 2 13
[3445] = S 2
[3446] = Z 2
[3447] = CNOT 2 13
[3448] = CNOT 2 14
[3449] = S 2
[3450] = Z 2
[3451] = CNOT 2 14
[3452] = CNOT 2 15
[3453] = S 2
[3454] = Z 2
[3455] = CNOT 2 15
[3456] = CNOT 2 16
[3457] = S 2
[3458] = CNOT 2 16
[3459] = CNOT 2 17
[3460] = Z 2
[3461] = CNOT 2 17
[3462] = CNOT 2 20
[3463] = S 2
[3464] = Z 2
[3465] = CNOT 2 20
[3466] = CNOT 2 21
[3467] = S 2
[3468] = CNOT 2 21
[3469] = CNOT 2 23
[3470] = S 2
[3471] = CNOT 2 23
[3472] = CNOT 2 24
[3473] = S 2
[3474] = CNOT 2 24
[3475] = CNOT 2 41
[3476] = Z 2
[3477] = CNOT 2 41
[3478] = CNOT 2 42
[3479] = S 2
[3480] = Z 2
[3481] = CNOT 2 42
[3482] = CNOT 2 44
[3483] = S 2
[3484] = CNOT 2 44
[3485] = CNOT 2 45
[3486] = Z 2
[3487] = CNOT 2 45
[3488] = CNOT 2 46
[3489] = S 2
[3490] = CNOT 2 46
[3491] = CNOT 2 47
[3492] = S 2
[3493] = Z 2
[3494] = CNOT 2 47
[3495] = CNOT 2 48
[3496] = S 2
[3497] = Z 2
[3498] = CNOT 2 48
[3499] = CNOT 2 49
[3500] = S 2
[3501] = CNOT 2 49
[3502] = CNOT 2 3
[3503] = CNOT 2 4
[3504] = CNOT 2 11
[3505] = S 2
[3506] = Z 2
[3507] = CNOT 2 11
[3508] = CNOT 2 12
[3509] = S 2
[3510] = Z 2
[3511] = CNOT 2 12
[3512] = CNOT 2 43
[3513] = Z 2
[3514] = CNOT 2 43
[3515] = CNOT 2 44
[3516] = S 2
[3517] = Z 2
[3518] = CNOT 2 44
[3519] = CNOT 2 4
[3520] = CNOT 2 5
[3521] = CNOT 2 6
[3522] = S 2
[3523] = CNOT 2 6
[3524] = CNOT 2 7
[3525] = S 2
[3526] = CNOT 2 7
[3527] = CNOT 2 9
[3528] = Z 2
[3529] = CNOT 2 9
[3530] = CNOT 2 10
[3531] = S 2
[3532] = CNOT 2 10
[3533] = CNOT 2 11
[3534] = S 2
[3535] = CNOT 2 11
[3536] = CNOT 2 13
[3537] = Z 2
[3538] = CNOT 2 13
[3539] = CNOT 2 14
[3540] = S 2
[3541] = CNOT 2 14
[3542] = CNOT 2 15
[3543] = S 2
[3544] = CNOT 2 15
[3545] = CNOT 2 16
[3546] = Z 2
[3547] = CNOT 2 16
[3548] = CNOT 2 17
[3549] = Z 2
[3550] = CNOT 2 17
[3551] = CNOT 2 18
[3552] = S 2
[3553] = CNOT 2 18
[3554] = CNOT 2 20
[3555] = S 2
[3556] = CNOT 2 20
[3557] = CNOT 2 21
[3558] = S 2
[3559] = Z 2
[3560] = CNOT 2 21
[3561] = CNOT 2 22
[3562] = S 2
[3563] = Z 2
[3564] = CNOT 2 22
[3565] = CNOT 2 24
[3566] = S 2
[3567] = CNOT 2 24
[3568] = CNOT 2 25
[3569] = S 2
[3570] = CNOT 2 25
[3571] = CNOT 2 41
[3572] = Z 2
[3573] = CNOT 2 41
[3574] = CNOT 2 44
[3575] = Z 2
[3576] = CNOT 2 44
[3577] = CNOT 2 46
[3578] = S 2
[3579] = Z 2
[3580] = CNOT 2 46
[3581] = CNOT 2 47
[3582] = S 2
[3583] = Z 2
[3584] = CNOT 2 47
[3585] = CNOT 2 48
[3586] = Z 2
[3587] = CNOT 2 48
[3588] = CNOT 2 49
[3589] = Z 2
[3590] = CNOT 2 49
[3591] = CNOT 2 5
[3592] = CNOT 2 6
[3593] = CNOT 2 11
[3594] = S 2
[3595] = Z 2
[3596] = CNOT 2 11
[3597] = CNOT 2 12
[3598] = S 2
[3599] = Z 2
[3600] = CNOT 2 12
[3601] = CNOT 2 13
[3602] = S 2
[3603] = Z 2
[3604] = CNOT 2 13
[3605] = CNOT 2 14
[3606] = S 2
[3607] = Z 2
[3608] = CNOT 2 14
[3609] = CNOT 2 15
[3610] = S 2
[3611] = Z 2
[3612] = CNOT 2 15
[3613] = CNOT 2 18
[3614] = S 2
[3615] = Z 2
[3616] = CNOT 2 18
[3617] = CNOT 2 19
[3618] = S 2
[3619] = Z 2
[3620] = CNOT 2 19
[3621] = CNOT 2 20
[3622] = S 2
[3623] = Z 2
[3624] = CNOT 2 20
[3625] = CNOT 2 23
[3626] = S 2
[3627] = Z 2
[3628] = CNOT 2 23
[3629] = CNOT 2 24
[3630] = S 2
[3631] = Z 2
[3632] = CNOT 2 24
[3633] = CNOT 2 25
[3634] = S 2
[3635] = Z 2
[3636] = CNOT 2 25
[3637] = CNOT 2 45
[3638] = S 2
[3639] = Z 2
[3640] = CNOT 2 45
[3641] = CNOT 2 46
[3642] = S 2
[3643] = Z 2
[3644] = CNOT 2 46
[3645] = CNOT 2 47
[3646] = S 2
[3647] = Z 2
[3648] = CNOT 2 47
[3649] = CNOT 2 48
[3650] = S 2
[3651] = Z 2
[3652] = CNOT 2 48
[3653] = CNOT 2 49
[3654] = S 2
[3655] = Z 2
[3656] = CNOT 2 49
[3657] = CNOT 2 6
[3658] = CNOT 2 7
[3659] = CNOT 2 10
[3660] = Z 2
[3661] = CNOT 2 10
[3662] = CNOT 2 11
[3663] = S 2
[3664] = Z 2
[3665] = CNOT 2 11
[3666] = CNOT 2 14
[3667] = S 2
[3668] = Z 2
[3669] = CNOT 2 14
[3670] = CNOT 2 15
[3671] = S 2
[3672] = Z 2
[3673] = CNOT 2 15
[3674] = CNOT 2 16
[3675] = Z 2
[3676] = CNOT 2 16
[3677] = CNOT 2 17
[3678] = S 2
[3679] = Z 2
[3680] = CNOT 2 17
[3681] = CNOT 2 18
[3682] = S 2
[3683] = Z 2
[3684] = CNOT 2 18
[3685] = CNOT 2 19
[3686] = S 2
[3687] = Z 2
[3688] = CNOT 2 19
[3689] = CNOT 2 21
[3690] = S 2
[3691] = Z 2
[3692] = CNOT 2 21
[3693] = CNOT 2 23
[3694] = S 2
[3695] = Z 2
[3696] = CNOT 2 23
[3697] = CNOT 2 24
[3698] = S 2
[3699] = Z 2
[3700] = CNOT 2 24
[3701] = CNOT 2 25
[3702] = Z 2
[3703] = CNOT 2 25
[3704] = CNOT 2 43
[3705] = S 2
[3706] = CNOT 2 43
[3707] = CNOT 2 46
[3708] = S 2
[3709] = Z 2
[3710] = CNOT 2 46
[3711] = CNOT 2 49
[3712] = S 2
[3713] = Z 2
[3714] = CNOT 2 49
[3715] = CNOT 2 7
[3716] = CNOT 2 8
[3717] = CNOT 2 15
[3718] = S 2
[3719] = Z 2
[3720] = CNOT 2 15
[3721] = CNOT 2 22
[3722] = S 2
[3723] = Z 2
[3724] = CNOT 2 22
[3725] = CNOT 2 43
[3726] = Z 2
[3727] = CNOT 2 43
[3728] = CNOT 2 8
[3729] = CNOT 2 9
[3730] = CNOT 2 12
[3731] = S 2
[3732] = Z 2
[3733] = CNOT 2 12
[3734] = CNOT 2 13
[3735] = S 2
[3736] = Z 2
[3737] = CNOT 2 13
[3738] = CNOT 2 15
[3739] = S 2
[3740] = Z 2
[3741] = CNOT 2 15
[3742] = CNOT 2 16
[3743] = S 2
[3744] = Z 2
[3745] = CNOT 2 16
[3746] = CNOT 2 17
[3747] = S 2
[3748] = Z 2
[3749] = CNOT 2 17
[3750] = CNOT 2 18
[3751] = S 2
[3752] = Z 2
[3753] = CNOT 2 18
[3754] = CNOT 2 19
[3755] = S 2
[3756] = Z 2
[3757] = CNOT 2 19
[3758] = CNOT 2 20
[3759] = S 2
[3760] = Z 2
[3761] = CNOT 2 20
[3762] = CNOT 2 21
[3763] = S 2
[3764] = Z 2
[3765] = CNOT 2 21
[3766] = CNOT 2 23
[3767] = S 2
[3768] = Z 2
[3769] = CNOT 2 23
[3770] = CNOT 2 24
[3771] = S 2
[3772] = Z 2
[3773] = CNOT 2 24
[3774] = CNOT 2 25
[3775] = S 2
[3776] = Z 2
[3777] = CNOT 2 25
[3778] = CNOT 2 26
[3779] = S 2
[3780] = Z 2
[3781] = CNOT 2 26
[3782] = CNOT 2 27
[3783] = S 2
[3784] = Z 2
[3785] = CNOT 2 27
[3786] = CNOT 2 28
[3787] = S 2
[3788] = Z 2
[3789] = CNOT 2 28
[3790] = CNOT 2 49
[3791] = S 2
[3792] = Z 2
[3793] = CNOT 2 49
[3794] = CNOT 2 9
[3795] = CNOT 2 10
[3796] = CNOT 2 11
[3797] = S 2
[3798] = Z 2
[3799] = CNOT 2 11
[3800] = CNOT 2 12
[3801] = S 2
[3802] = Z 2
[3803] = CNOT 2 12
[3804] = CNOT 2 15
[3805] = S 2
[3806] = Z 2
[3807] = CNOT 2 15
[3808] = CNOT 2 16
[3809] = S 2
[3810] = Z 2
[3811] = CNOT 2 16
[3812] = CNOT 2 17
[3813] = S 2
[3814] = Z 2
[3815] = CNOT 2 17
[3816] = CNOT 2 18
[3817] = S 2
[3818] = Z 2
[3819] = CNOT 2 18
[3820] = CNOT 2 19
[3821] = Z 2
[3822] = CNOT 2 19
[3823] = CNOT 2 20
[3824] = S 2
[3825] = Z 2
[3826] = CNOT 2 20
[3827] = CNOT 2 21
[3828] = S 2
[3829] = Z 2
[3830] = CNOT 2 21
[3831] = CNOT 2 24
[3832] = S 2
[3833] = Z 2
[3834] = CNOT 2 24
[3835] = CNOT 2 25
[3836] = Z 2
[3837] = CNOT 2 25
[3838] = CNOT 2 26
[3839] = S 2
[3840] = Z 2
[3841] = CNOT 2 26
[3842] = CNOT 2 27
[3843] = S 2
[3844] = Z 2
[3845] = CNOT 2 27
[3846] = CNOT 2 28
[3847] = S 2
[3848] = Z 2
[3849] = CNOT 2 28
[3850] = CNOT 2 29
[3851] = S 2
[3852] = Z 2
[3853] = CNOT 2 29
[3854] = CNOT 2 43
[3855] = S 2
[3856] = Z 2
[3857] = CNOT 2 43
[3858] = CNOT 2 49
[3859] = S 2
[3860] = Z 2
[3861] = CNOT 2 49
[3862] = CNOT 2 10
[3863] = CNOT 2 11
[3864] = CNOT 2 43
[3865] = S 2
[3866] = CNOT 2 43
[3867] = CNOT 2 44
[3868] = S 2
[3869] = Z 2
[3870] = CNOT 2 44
[3871] = CNOT 2 45
[3872] = S 2
[3873] = Z 2
[3874] = CNOT 2 45
[3875] = CNOT 2 46
[3876] = S 2
[3877] = Z 2
[3878] = CNOT 2 46
[3879] = CNOT 2 49
[3880] = S 2
[3881] = Z 2
[3882] = CNOT 2 49
[3883] = CNOT 2 11
[3884] = CNOT 2 12
[3885] = CNOT 2 21
[3886] = S 2
[3887] = Z 2
[3888] = CNOT 2 21
[3889] = CNOT 2 41
[3890] = S 2
[3891] = Z 2
[3892] = CNOT 2 41
[3893] = CNOT 2 44
[3894] = S 2
[3895] = Z 2
[3896] = CNOT 2 44
[3897] = CNOT 2 46
[3898] = S 2
[3899] = Z 2
[3900] = CNOT 2 46
[3901] = CNOT 2 49
[3902] = S 2
[3903] = Z 2
[3904] = CNOT 2 49
[3905] = CNOT 2 12
[3906] = CNOT 2 13
[3907] = CNOT 2 21
[3908] = S 2
[3909] = Z 2
[3910] = CNOT 2 21
[3911] = CNOT 2 43
[3912] = S 2
[3913] = Z 2
[3914] = CNOT 2 43
[3915] = CNOT 2 44
[3916] = S 2
[3917] = Z 2
[3918] = CNOT 2 44
[3919] = CNOT 2 46
[3920] = S 2
[3921] = Z 2
[3922] = CNOT 2 46
[3923] = CNOT 2 47
[3924] = S 2
[3925] = Z 2
[3926] = CNOT 2 47
[3927] = CNOT 2 13
[3928] = CNOT 2 14
[3929] = CNOT 2 43
[3930] = Z 2
[3931] = CNOT 2 43
[3932] = CNOT 2 45
[3933] = S 2
[3934] = Z 2
[3935] = CNOT 2 45
[3936] = CNOT 2 47
[3937] = S 2
[3938] = Z 2
[3939] = CNOT 2 47
[3940] = CNOT 2 48
[3941] = S 2
[3942] = Z 2
[3943] = CNOT 2 48
[3944] = CNOT 2 49
[3945] = S 2
[3946] = Z 2
[3947] = CNOT 2 49
[3948] = CNOT 2 14
[3949] = CNOT 2 15
[3950] = CNOT 2 21
[3951] = S 2
[3952] = Z 2
[3953] = CNOT 2 21
[3954] = CNOT 2 22
[3955] = S 2
[3956] = Z 2
[3957] = CNOT 2 22
[3958] = CNOT 2 23
[3959] = S 2
[3960] = Z 2
[3961] = CNOT 2 23
[3962] = CNOT 2 24
[3963] = S 2
[3964] = Z 2
[3965] = CNOT 2 24
[3966] = CNOT 2 43
[3967] = Z 2
[3968] = CNOT 2 43
[3969] = CNOT 2 44
[3970] = S 2
[3971] = Z 2
[3972] = CNOT 2 44
[3973] = CNOT 2 48
[3974] = S 2
[3975] = Z 2
[3976] = CNOT 2 48
[3977] = CNOT 2 49
[3978] = S 2
[3979] = Z 2
[3980] = CNOT 2 49
[3981] = CNOT 2 15
[3982] = CNOT 2 16
[3983] = CNOT 2 24
[3984] = S 2
[3985] = Z 2
[3986] = CNOT 2 24
[3987] = CNOT 2 25
[3988] = S 2
[3989] = Z 2
[3990] = CNOT 2 25
[3991] = CNOT 2 43
[3992] = S 2
[3993] = CNOT 2 43
[3994] = CNOT 2 45
[3995] = S 2
[3996] = Z 2
[3997] = CNOT 2 45
[3998] = CNOT 2 47
[3999] = S 2
[4000] = Z 2
[4001] = CNOT 2 47
[4002] = CNOT 2 49
[4003] = S 2
[4004] = Z 2
[4005] = CNOT 2 49
[4006] = CNOT 2 16
[4007] = CNOT 2 17
[4008] = CNOT 2 23
[4009] = S 2
[4010] = Z 2
[4011] = CNOT 2 23
[4012] = CNOT 2 25
[4013] = S 2
[4014] = Z 2
[4015] = CNOT 2 25
[4016] = CNOT 2 26
[4017] = S 2
[4018] = Z 2
[4019] = CNOT 2 26
[4020] = CNOT 2 43
[4021] = Z 2
[4022] = CNOT 2 43
[4023] = CNOT 2 46
[4024] = S 2
[4025] = Z 2
[4026] = CNOT 2 46
[4027] = CNOT 2 17
[4028] = CNOT 2 18
[4029] = CNOT 2 22
[4030] = S 2
[4031] = Z 2
[4032] = CNOT 2 22
[4033] = CNOT 2 23
[4034] = S 2
[4035] = Z 2
[4036] = CNOT 2 23
[4037] = CNOT 2 24
[4038] = S 2
[4039] = Z 2
[4040] = CNOT 2 24
[4041] = CNOT 2 26
[4042] = S 2
[4043] = Z 2
[4044] = CNOT 2 26
[4045] = CNOT 2 27
[4046] = S 2
[4047] = Z 2
[4048] = CNOT 2 27
[4049] = CNOT 2 43
[4050] = Z 2
[4051] = CNOT 2 43
[4052] = CNOT 2 47
[4053] = S 2
[4054] = Z 2
[4055] = CNOT 2 47
[4056] = CNOT 2 49
[4057] = S 2
[4058] = Z 2
[4059] = CNOT 2 49
[4060] = CNOT 2 18
[4061] = CNOT 2 19
[4062] = CNOT 2 24
[4063] = S 2
[4064] = Z 2
[4065] = CNOT 2 24
[4066] = CNOT 2 25
[4067] = S 2
[4068] = Z 2
[4069] = CNOT 2 25
[4070] = CNOT 2 27
[4071] = S 2
[4072] = Z 2
[4073] = CNOT 2 27
[4074] = CNOT 2 28
[4075] = S 2
[4076] = Z 2
[4077] = CNOT 2 28
[4078] = CNOT 2 43
[4079] = Z 2
[4080] = CNOT 2 43
[4081] = CNOT 2 19
[4082] = CNOT 2 20
[4083] = CNOT 2 25
[4084] = S 2
[4085] = Z 2
[4086] = CNOT 2 25
[4087] = CNOT 2 28
[4088] = S 2
[4089] = Z 2
[4090] = CNOT 2 28
[4091] = CNOT 2 29
[4092] = S 2
[4093] = Z 2
[4094] = CNOT 2 29
[4095] = CNOT 2 43
[4096] = Z 2
[4097] = CNOT 2 43
[4098] = CNOT 2 49
[4099] = S 2
[4100] = Z 2
[4101] = CNOT 2 49
[4102] = CNOT 2 20
[4103] = CNOT 2 21
[4104] = CNOT 2 43
[4105] = S 2
[4106] = Z 2
[4107] = CNOT 2 21
[4108] = CNOT 2 22
[4109] = S 2
[4110] = CNOT 2 22
[4111] = CNOT 2 23
[4112] = S 2
[4113] = Z 2
[4114] = CNOT 2 23
[4115] = CNOT 2 24
[4116] = Z 2
[4117] = CNOT 2 24
[4118] = CNOT 2 25
[4119] = Z 2
[4120] = CNOT 2 25
[4121] = CNOT 2 26
[4122] = S 2
[4123] = CNOT 2 26
[4124] = CNOT 2 27
[4125] = S 2
[4126] = CNOT 2 27
[4127] = CNOT 2 28
[4128] = S 2
[4129] = CNOT 2 28
[4130] = CNOT 2 29
[4131] = Z 2
[4132] = CNOT 2 29
[4133] = CNOT 2 41
[4134] = Z 2
[4135] = CNOT 2 41
[4136] = CNOT 2 42
[4137] = S 2
[4138] = Z 2
[4139] = CNOT 2 42
[4140] = CNOT 2 44
[4141] = S 2
[4142] = Z 2
[4143] = CNOT 2 44
[4144] = CNOT 2 46
[4145] = Z 2
[4146] = CNOT 2 46
[4147] = CNOT 2 47
[4148] = S 2
[4149] = Z 2
[4150] = CNOT 2 47
[4151] = CNOT 2 48
[4152] = S 2
[4153] = CNOT 2 48
[4154] = CNOT 2 49
[4155] = Z 2
[4156] = CNOT 2 49
[4157] = CNOT 2 43
[4158] = CNOT 3 4
[4159] = CNOT 3 15
[4160] = S 3
[4161] = Z 3
[4162] = CNOT 3 15
[4163] = CNOT 3 20
[4164] = S 3
[4165] = Z 3
[4166] = CNOT 3 20
[4167] = CNOT 3 23
[4168] = S 3
[4169] = Z 3
[4170] = CNOT 3 23
[4171] = CNOT 3 43
[4172] = S 3
[4173] = CNOT 3 43
[4174] = CNOT 3 47
[4175] = S 3
[4176] = Z 3
[4177] = CNOT 3 47
[4178] = CNOT 3 4
[4179] = CNOT 3 5
[4180] = CNOT 3 7
[4181] = S 3
[4182] = CNOT 3 7
[4183] = CNOT 3 9
[4184] = S 3
[4185] = CNOT 3 9
[4186] = CNOT 3 10
[4187] = S 3
[4188] = CNOT 3 10
[4189] = CNOT 3 11
[4190] = S 3
[4191] = CNOT 3 11
[4192] = CNOT 3 12
[4193] = S 3
[4194] = Z 3
[4195] = CNOT 3 12
[4196] = CNOT 3 14
[4197] = S 3
[4198] = Z 3
[4199] = CNOT 3 14
[4200] = CNOT 3 15
[4201] = S 3
[4202] = CNOT 3 15
[4203] = CNOT 3 16
[4204] = Z 3
[4205] = CNOT 3 16
[4206] = CNOT 3 17
[4207] = Z 3
[4208] = CNOT 3 17
[4209] = CNOT 3 18
[4210] = Z 3
[4211] = CNOT 3 18
[4212] = CNOT 3 19
[4213] = S 3
[4214] = Z 3
[4215] = CNOT 3 19
[4216] = CNOT 3 20
[4217] = S 3
[4218] = Z 3
[4219] = CNOT 3 20
[4220] = CNOT 3 23
[4221] = S 3
[4222] = Z 3
[4223] = CNOT 3 23
[4224] = CNOT 3 24
[4225] = S 3
[4226] = CNOT 3 24
[4227] = CNOT 3 41
[4228] = S 3
[4229] = CNOT 3 41
[4230] = CNOT 3 43
[4231] = Z 3
[4232] = CNOT 3 43
[4233] = CNOT 3 44
[4234] = S 3
[4235] = CNOT 3 44
[4236] = CNOT 3 45
[4237] = S 3
[4238] = Z 3
[4239] = CNOT 3 45
[4240] = CNOT 3 47
[4241] = S 3
[4242] = Z 3
[4243] = CNOT 3 47
[4244] = CNOT 3 48
[4245] = S 3
[4246] = Z 3
[4247] = CNOT 3 48
[4248] = CNOT 3 49
[4249] = S 3
[4250] = Z 3
[4251] = CNOT 3 49
[4252] = CNOT 3 5
[4253] = CNOT 3 6
[4254] = CNOT 3 11
[4255] = S 3
[4256] = Z 3
[4257] = CNOT 3 11
[4258] = CNOT 3 12
[4259] = S 3
[4260] = Z 3
[4261] = CNOT 3 12
[4262] = CNOT 3 15
[4263] = S 3
[4264] = Z 3
[4265] = CNOT 3 15
[4266] = CNOT 3 18
[4267] = S 3
[4268] = Z 3
[4269] = CNOT 3 18
[4270] = CNOT 3 23
[4271] = S 3
[4272] = Z 3
[4273] = CNOT 3 23
[4274] = CNOT 3 43
[4275] = Z 3
[4276] = CNOT 3 43
[4277] = CNOT 3 45
[4278] = S 3
[4279] = Z 3
[4280] = CNOT 3 45
[4281] = CNOT 3 46
[4282] = S 3
[4283] = Z 3
[4284] = CNOT 3 46
[4285] = CNOT 3 49
[4286] = S 3
[4287] = Z 3
[4288] = CNOT 3 49
[4289] = CNOT 3 6
[4290] = CNOT 3 7
[4291] = CNOT 3 11
[4292] = S 3
[4293] = Z 3
[4294] = CNOT 3 11
[4295] = CNOT 3 15
[4296] = S 3
[4297] = Z 3
[4298] = CNOT 3 15
[4299] = CNOT 3 17
[4300] = S 3
[4301] = Z 3
[4302] = CNOT 3 17
[4303] = CNOT 3 18
[4304] = S 3
[4305] = Z 3
[4306] = CNOT 3 18
[4307] = CNOT 3 21
[4308] = S 3
[4309] = Z 3
[4310] = CNOT 3 21
[4311] = CNOT 3 23
[4312] = S 3
[4313] = Z 3
[4314] = CNOT 3 23
[4315] = CNOT 3 24
[4316] = S 3
[4317] = Z 3
[4318] = CNOT 3 24
[4319] = CNOT 3 43
[4320] = Z 3
[4321] = CNOT 3 43
[4322] = CNOT 3 46
[4323] = S 3
[4324] = Z 3
[4325] = CNOT 3 46
[4326] = CNOT 3 7
[4327] = CNOT 3 9
[4328] = CNOT 3 11
[4329] = S 3
[4330] = Z 3
[4331] = CNOT 3 11
[4332] = CNOT 3 12
[4333] = S 3
[4334] = Z 3
[4335] = CNOT 3 12
[4336] = CNOT 3 14
[4337] = S 3
[4338] = Z 3
[4339] = CNOT 3 14
[4340] = CNOT 3 16
[4341] = S 3
[4342] = Z 3
[4343] = CNOT 3 16
[4344] = CNOT 3 22
[4345] = S 3
[4346] = Z 3
[4347] = CNOT 3 22
[4348] = CNOT 3 24
[4349] = S 3
[4350] = Z 3
[4351] = CNOT 3 24
[4352] = CNOT 3 43
[4353] = Z 3
[4354] = CNOT 3 43
[4355] = CNOT 3 48
[4356] = S 3
[4357] = Z 3
[4358] = CNOT 3 48
[4359] = CNOT 3 49
[4360] = S 3
[4361] = Z 3
[4362] = CNOT 3 49
[4363] = CNOT 3 9
[4364] = CNOT 3 10
[4365] = CNOT 3 11
[4366] = S 3
[4367] = Z 3
[4368] = CNOT 3 11
[4369] = CNOT 3 12
[4370] = S 3
[4371] = Z 3
[4372] = CNOT 3 12
[4373] = CNOT 3 21
[4374] = S 3
[4375] = Z 3
[4376] = CNOT 3 21
[4377] = CNOT 3 43
[4378] = S 3
[4379] = CNOT 3 43
[4380] = CNOT 3 49
[4381] = S 3
[4382] = Z 3
[4383] = CNOT 3 49
[4384] = CNOT 3 10
[4385] = CNOT 3 11
[4386] = CNOT 3 41
[4387] = S 3
[4388] = Z 3
[4389] = CNOT 3 41
[4390] = CNOT 3 43
[4391] = S 3
[4392] = Z 3
[4393] = CNOT 3 43
[4394] = CNOT 3 44
[4395] = S 3
[4396] = Z 3
[4397] = CNOT 3 44
[4398] = CNOT 3 45
[4399] = S 3
[4400] = Z 3
[4401] = CNOT 3 45
[4402] = CNOT 3 46
[4403] = S 3
[4404] = Z 3
[4405] = CNOT 3 46
[4406] = CNOT 3 48
[4407] = S 3
[4408] = Z 3
[4409] = CNOT 3 48
[4410] = CNOT 3 49
[4411] = S 3
[4412] = Z 3
[4413] = CNOT 3 49
[4414] = CNOT 3 11
[4415] = CNOT 3 12
[4416] = CNOT 3 21
[4417] = S 3
[4418] = Z 3
[4419] = CNOT 3 21
[4420] = CNOT 3 41
[4421] = S 3
[4422] = Z 3
[4423] = CNOT 3 41
[4424] = CNOT 3 42
[4425] = S 3
[4426] = Z 3
[4427] = CNOT 3 42
[4428] = CNOT 3 45
[4429] = S 3
[4430] = Z 3
[4431] = CNOT 3 45
[4432] = CNOT 3 46
[4433] = S 3
[4434] = Z 3
[4435] = CNOT 3 46
[4436] = CNOT 3 49
[4437] = S 3
[4438] = Z 3
[4439] = CNOT 3 49
[4440] = CNOT 3 12
[4441] = CNOT 3 13
[4442] = CNOT 3 43
[4443] = S 3
[4444] = Z 3
[4445] = CNOT 3 43
[4446] = CNOT 3 13
[4447] = CNOT 3 14
[4448] = CNOT 3 22
[4449] = S 3
[4450] = Z 3
[4451] = CNOT 3 22
[4452] = CNOT 3 43
[4453] = S 3
[4454] = CNOT 3 43
[4455] = CNOT 3 44
[4456] = S 3
[4457] = Z 3
[4458] = CNOT 3 44
[4459] = CNOT 3 14
[4460] = CNOT 3 15
[4461] = CNOT 3 21
[4462] = S 3
[4463] = Z 3
[4464] = CNOT 3 21
[4465] = CNOT 3 43
[4466] = S 3
[4467] = CNOT 3 43
[4468] = CNOT 3 44
[4469] = S 3
[4470] = Z 3
[4471] = CNOT 3 44
[4472] = CNOT 3 47
[4473] = S 3
[4474] = Z 3
[4475] = CNOT 3 47
[4476] = CNOT 3 48
[4477] = S 3
[4478] = Z 3
[4479] = CNOT 3 48
[4480] = CNOT 3 49
[4481] = S 3
[4482] = Z 3
[4483] = CNOT 3 49
[4484] = CNOT 3 15
[4485] = CNOT 3 16
[4486] = CNOT 3 24
[4487] = S 3
[4488] = Z 3
[4489] = CNOT 3 24
[4490] = CNOT 3 43
[4491] = S 3
[4492] = CNOT 3 43
[4493] = CNOT 3 49
[4494] = S 3
[4495] = Z 3
[4496] = CNOT 3 49
[4497] = CNOT 3 16
[4498] = CNOT 3 17
[4499] = CNOT 3 21
[4500] = S 3
[4501] = Z 3
[4502] = CNOT 3 21
[4503] = CNOT 3 23
[4504] = S 3
[4505] = Z 3
[4506] = CNOT 3 23
[4507] = CNOT 3 47
[4508] = S 3
[4509] = Z 3
[4510] = CNOT 3 47
[4511] = CNOT 3 17
[4512] = CNOT 3 18
[4513] = CNOT 3 23
[4514] = S 3
[4515] = Z 3
[4516] = CNOT 3 23
[4517] = CNOT 3 24
[4518] = S 3
[4519] = Z 3
[4520] = CNOT 3 24
[4521] = CNOT 3 18
[4522] = CNOT 3 19
[4523] = CNOT 3 23
[4524] = S 3
[4525] = Z 3
[4526] = CNOT 3 23
[4527] = CNOT 3 43
[4528] = S 3
[4529] = CNOT 3 43
[4530] = CNOT 3 48
[4531] = S 3
[4532] = Z 3
[4533] = CNOT 3 48
[4534] = CNOT 3 19
[4535] = CNOT 3 20
[4536] = CNOT 3 23
[4537] = S 3
[4538] = Z 3
[4539] = CNOT 3 23
[4540] = CNOT 3 43
[4541] = S 3
[4542] = CNOT 3 43
[4543] = CNOT 3 49
[4544] = S 3
[4545] = Z 3
[4546] = CNOT 3 49
[4547] = CNOT 3 20
[4548] = CNOT 3 21
[4549] = CNOT 3 43
[4550] = S 3
[4551] = Z 3
[4552] = CNOT 3 21
[4553] = CNOT 3 22
[4554] = Z 3
[4555] = CNOT 3 22
[4556] = CNOT 3 23
[4557] = Z 3
[4558] = CNOT 3 23
[4559] = CNOT 3 24
[4560] = S 3
[4561] = CNOT 3 24
[4562] = CNOT 3 41
[4563] = S 3
[4564] = CNOT 3 41
[4565] = CNOT 3 42
[4566] = Z 3
[4567] = CNOT 3 42
[4568] = CNOT 3 47
[4569] = S 3
[4570] = CNOT 3 47
[4571] = CNOT 3 49
[4572] = S 3
[4573] = CNOT 3 49
[4574] = CNOT 3 43
[4575] = CNOT 4 6
[4576] = CNOT 4 16
[4577] = S 4
[4578] = Z 4
[4579] = CNOT 4 16
[4580] = CNOT 4 17
[4581] = S 4
[4582] = Z 4
[4583] = CNOT 4 17
[4584] = CNOT 4 21
[4585] = S 4
[4586] = Z 4
[4587] = CNOT 4 21
[4588] = CNOT 4 22
[4589] = S 4
[4590] = Z 4
[4591] = CNOT 4 22
[4592] = CNOT 4 43
[4593] = S 4
[4594] = CNOT 4 6
[4595] = CNOT 4 12
[4596] = S 4
[4597] = Z 4
[4598] = CNOT 4 12
[4599] = CNOT 4 13
[4600] = S 4
[4601] = Z 4
[4602] = CNOT 4 13
[4603] = CNOT 4 14
[4604] = S 4
[4605] = Z 4
[4606] = CNOT 4 14
[4607] = CNOT 4 15
[4608] = S 4
[4609] = Z 4
[4610] = CNOT 4 43
[4611] = CNOT 4 15
[4612] = CNOT 4 16
[4613] = CNOT 4 21
[4614] = S 4
[4615] = Z 4
[4616] = CNOT 4 21
[4617] = CNOT 4 43
[4618] = Z 4
[4619] = CNOT 4 43
[4620] = CNOT 4 16
[4621] = CNOT 4 17
[4622] = CNOT 4 22
[4623] = S 4
[4624] = Z 4
[4625] = CNOT 4 22
[4626] = CNOT 4 43
[4627] = Z 4
[4628] = CNOT 4 17
[4629] = CNOT 4 20
[4630] = S 4
[4631] = Z 4
[4632] = CNOT 4 20
[4633] = CNOT 4 21
[4634] = Z 4
[4635] = CNOT 4 21
[4636] = CNOT 4 22
[4637] = Z 4
[4638] = CNOT 4 22
[4639] = CNOT 4 23
[4640] = S 4
[4641] = Z 4
[4642] = CNOT 4 23
[4643] = CNOT 4 44
[4644] = S 4
[4645] = Z 4
[4646] = CNOT 4 44
[4647] = CNOT 4 45
[4648] = S 4
[4649] = Z 4
[4650] = CNOT 4 45
[4651] = CNOT 4 46
[4652] = S 4
[4653] = Z 4
[4654] = CNOT 4 46
[4655] = CNOT 4 47
[4656] = S 4
[4657] = Z 4
[4658] = CNOT 4 47
[4659] = CNOT 4 43
[4660] = CNOT 5 6
[4661] = CNOT 5 14
[4662] = S 5
[4663] = Z 5
[4664] = CNOT 5 14
[4665] = CNOT 5 20
[4666] = S 5
[4667] = Z 5
[4668] = CNOT 5 20
[4669] = CNOT 5 25
[4670] = S 5
[4671] = Z 5
[4672] = CNOT 5 25
[4673] = CNOT 5 43
[4674] = S 5
[4675] = CNOT 5 43
[4676] = CNOT 5 48
[4677] = S 5
[4678] = Z 5
[4679] = CNOT 5 48
[4680] = CNOT 5 6
[4681] = CNOT 5 7
[4682] = CNOT 5 15
[4683] = S 5
[4684] = Z 5
[4685] = CNOT 5 15
[4686] = CNOT 5 18
[4687] = S 5
[4688] = Z 5
[4689] = CNOT 5 18
[4690] = CNOT 5 21
[4691] = S 5
[4692] = Z 5
[4693] = CNOT 5 21
[4694] = CNOT 5 24
[4695] = S 5
[4696] = Z 5
[4697] = CNOT 5 24
[4698] = CNOT 5 43
[4699] = S 5
[4700] = CNOT 5 43
[4701] = CNOT 5 7
[4702] = CNOT 5 8
[4703] = CNOT 5 11
[4704] = S 5
[4705] = Z 5
[4706] = CNOT 5 11
[4707] = CNOT 5 14
[4708] = S 5
[4709] = Z 5
[4710] = CNOT 5 14
[4711] = CNOT 5 21
[4712] = S 5
[4713] = Z 5
[4714] = CNOT 5 21
[4715] = CNOT 5 43
[4716] = S 5
[4717] = CNOT 5 43
[4718] = CNOT 5 47
[4719] = S 5
[4720] = Z 5
[4721] = CNOT 5 47
[4722] = CNOT 5 8
[4723] = CNOT 5 9
[4724] = CNOT 5 12
[4725] = S 5
[4726] = Z 5
[4727] = CNOT 5 12
[4728] = CNOT 5 13
[4729] = S 5
[4730] = Z 5
[4731] = CNOT 5 13
[4732] = CNOT 5 16
[4733] = S 5
[4734] = Z 5
[4735] = CNOT 5 16
[4736] = CNOT 5 17
[4737] = S 5
[4738] = Z 5
[4739] = CNOT 5 17
[4740] = CNOT 5 21
[4741] = S 5
[4742] = Z 5
[4743] = CNOT 5 21
[4744] = CNOT 5 24
[4745] = S 5
[4746] = Z 5
[4747] = CNOT 5 24
[4748] = CNOT 5 25
[4749] = S 5
[4750] = Z 5
[4751] = CNOT 5 25
[4752] = CNOT 5 43
[4753] = Z 5
[4754] = CNOT 5 43
[4755] = CNOT 5 49
[4756] = S 5
[4757] = Z 5
[4758] = CNOT 5 49
[4759] = CNOT 5 9
[4760] = CNOT 5 10
[4761] = CNOT 5 11
[4762] = S 5
[4763] = Z 5
[4764] = CNOT 5 11
[4765] = CNOT 5 12
[4766] = S 5
[4767] = Z 5
[4768] = CNOT 5 12
[4769] = CNOT 5 21
[4770] = S 5
[4771] = Z 5
[4772] = CNOT 5 21
[4773] = CNOT 5 43
[4774] = S 5
[4775] = CNOT 5 43
[4776] = CNOT 5 49
[4777] = S 5
[4778] = Z 5
[4779] = CNOT 5 49
[4780] = CNOT 5 10
[4781] = CNOT 5 11
[4782] = CNOT 5 40
[4783] = S 5
[4784] = Z 5
[4785] = CNOT 5 40
[4786] = CNOT 5 41
[4787] = S 5
[4788] = Z 5
[4789] = CNOT 5 41
[4790] = CNOT 5 43
[4791] = Z 5
[4792] = CNOT 5 43
[4793] = CNOT 5 47
[4794] = S 5
[4795] = Z 5
[4796] = CNOT 5 47
[4797] = CNOT 5 49
[4798] = S 5
[4799] = Z 5
[4800] = CNOT 5 49
[4801] = CNOT 5 11
[4802] = CNOT 5 12
[4803] = CNOT 5 21
[4804] = S 5
[4805] = Z 5
[4806] = CNOT 5 21
[4807] = CNOT 5 41
[4808] = S 5
[4809] = Z 5
[4810] = CNOT 5 41
[4811] = CNOT 5 43
[4812] = S 5
[4813] = Z 5
[4814] = CNOT 5 43
[4815] = CNOT 5 49
[4816] = S 5
[4817] = Z 5
[4818] = CNOT 5 49
[4819] = CNOT 5 12
[4820] = CNOT 5 13
[4821] = CNOT 5 21
[4822] = S 5
[4823] = Z 5
[4824] = CNOT 5 21
[4825] = CNOT 5 43
[4826] = Z 5
[4827] = CNOT 5 43
[4828] = CNOT 5 13
[4829] = CNOT 5 14
[4830] = CNOT 5 21
[4831] = S 5
[4832] = Z 5
[4833] = CNOT 5 21
[4834] = CNOT 5 43
[4835] = S 5
[4836] = Z 5
[4837] = CNOT 5 43
[4838] = CNOT 5 44
[4839] = S 5
[4840] = Z 5
[4841] = CNOT 5 44
[4842] = CNOT 5 48
[4843] = S 5
[4844] = Z 5
[4845] = CNOT 5 48
[4846] = CNOT 5 14
[4847] = CNOT 5 15
[4848] = CNOT 5 21
[4849] = S 5
[4850] = Z 5
[4851] = CNOT 5 21
[4852] = CNOT 5 43
[4853] = S 5
[4854] = CNOT 5 43
[4855] = CNOT 5 44
[4856] = S 5
[4857] = Z 5
[4858] = CNOT 5 44
[4859] = CNOT 5 15
[4860] = CNOT 5 16
[4861] = CNOT 5 24
[4862] = S 5
[4863] = Z 5
[4864] = CNOT 5 24
[4865] = CNOT 5 43
[4866] = Z 5
[4867] = CNOT 5 43
[4868] = CNOT 5 16
[4869] = CNOT 5 17
[4870] = CNOT 5 25
[4871] = S 5
[4872] = Z 5
[4873] = CNOT 5 25
[4874] = CNOT 5 47
[4875] = S 5
[4876] = Z 5
[4877] = CNOT 5 47
[4878] = CNOT 5 48
[4879] = S 5
[4880] = Z 5
[4881] = CNOT 5 48
[4882] = CNOT 5 17
[4883] = CNOT 5 18
[4884] = CNOT 5 24
[4885] = S 5
[4886] = Z 5
[4887] = CNOT 5 24
[4888] = CNOT 5 43
[4889] = S 5
[4890] = CNOT 5 43
[4891] = CNOT 5 49
[4892] = S 5
[4893] = Z 5
[4894] = CNOT 5 49
[4895] = CNOT 5 18
[4896] = CNOT 5 19
[4897] = CNOT 5 43
[4898] = S 5
[4899] = Z 5
[4900] = CNOT 5 43
[4901] = CNOT 5 19
[4902] = CNOT 5 20
[4903] = CNOT 5 21
[4904] = S 5
[4905] = Z 5
[4906] = CNOT 5 21
[4907] = CNOT 5 25
[4908] = S 5
[4909] = Z 5
[4910] = CNOT 5 25
[4911] = CNOT 5 49
[4912] = S 5
[4913] = Z 5
[4914] = CNOT 5 49
[4915] = CNOT 5 20
[4916] = CNOT 5 22
[4917] = CNOT 5 43
[4918] = S 5
[4919] = Z 5
[4920] = CNOT 5 22
[4921] = CNOT 5 23
[4922] = S 5
[4923] = Z 5
[4924] = CNOT 5 23
[4925] = CNOT 5 25
[4926] = S 5
[4927] = CNOT 5 25
[4928] = CNOT 5 41
[4929] = S 5
[4930] = CNOT 5 41
[4931] = CNOT 5 44
[4932] = S 5
[4933] = CNOT 5 44
[4934] = CNOT 5 45
[4935] = S 5
[4936] = Z 5
[4937] = CNOT 5 45
[4938] = CNOT 5 46
[4939] = S 5
[4940] = Z 5
[4941] = CNOT 5 46
[4942] = CNOT 5 47
[4943] = S 5
[4944] = CNOT 5 47
[4945] = CNOT 5 48
[4946] = S 5
[4947] = CNOT 5 48
[4948] = CNOT 5 49
[4949] = Z 5
[4950] = CNOT 5 49
[4951] = CNOT 5 43
[4952] = CNOT 6 11
[4953] = CNOT 6 43
[4954] = S 6
[4955] = Z 6
[4956] = CNOT 6 11
[4957] = CNOT 6 12
[4958] = S 6
[4959] = Z 6
[4960] = CNOT 6 12
[4961] = CNOT 6 13
[4962] = S 6
[4963] = Z 6
[4964] = CNOT 6 13
[4965] = CNOT 6 14
[4966] = S 6
[4967] = Z 6
[4968] = CNOT 6 14
[4969] = CNOT 6 15
[4970] = S 6
[4971] = Z 6
[4972] = CNOT 6 15
[4973] = CNOT 6 16
[4974] = S 6
[4975] = Z 6
[4976] = CNOT 6 16
[4977] = CNOT 6 17
[4978] = S 6
[4979] = Z 6
[4980] = CNOT 6 17
[4981] = CNOT 6 18
[4982] = S 6
[4983] = Z 6
[4984] = CNOT 6 18
[4985] = CNOT 6 19
[4986] = S 6
[4987] = Z 6
[4988] = CNOT 6 19
[4989] = CNOT 6 20
[4990] = S 6
[4991] = Z 6
[4992] = CNOT 6 20
[4993] = CNOT 6 21
[4994] = S 6
[4995] = Z 6
[4996] = CNOT 6 21
[4997] = CNOT 6 22
[4998] = S 6
[4999] = Z 6
[5000] = CNOT 6 22
[5001] = CNOT 6 23
[5002] = S 6
[5003] = Z 6
[5004] = CNOT 6 23
[5005] = CNOT 6 24
[5006] = S 6
[5007] = Z 6
[5008] = CNOT 6 24
[5009] = CNOT 6 25
[5010] = S 6
[5011] = Z 6
[5012] = CNOT 6 25
[5013] = CNOT 6 45
[5014] = S 6
[5015] = Z 6
[5016] = CNOT 6 45
[5017] = CNOT 6 46
[5018] = S 6
[5019] = Z 6
[5020] = CNOT 6 46
[5021] = CNOT 6 47
[5022] = S 6
[5023] = Z 6
[5024] = CNOT 6 47
[5025] = CNOT 6 48
[5026] = S 6
[5027] = Z 6
[5028] = CNOT 6 48
[5029] = CNOT 6 49
[5030] = S 6
[5031] = Z 6
[5032] = CNOT 6 49
[5033] = CNOT 6 43
[5034] = CNOT 7 10
[5035] = CNOT 7 16
[5036] = S 7
[5037] = Z 7
[5038] = CNOT 7 16
[5039] = CNOT 7 19
[5040] = S 7
[5041] = Z 7
[5042] = CNOT 7 19
[5043] = CNOT 7 25
[5044] = S 7
[5045] = Z 7
[5046] = CNOT 7 25
[5047] = CNOT 7 43
[5048] = Z 7
[5049] = CNOT 7 10
[5050] = CNOT 7 11
[5051] = S 7
[5052] = Z 7
[5053] = CNOT 7 11
[5054] = CNOT 7 14
[5055] = S 7
[5056] = Z 7
[5057] = CNOT 7 14
[5058] = CNOT 7 15
[5059] = S 7
[5060] = Z 7
[5061] = CNOT 7 43
[5062] = CNOT 7 15
[5063] = CNOT 7 16
[5064] = CNOT 7 25
[5065] = S 7
[5066] = Z 7
[5067] = CNOT 7 25
[5068] = CNOT 7 43
[5069] = Z 7
[5070] = CNOT 7 16
[5071] = CNOT 7 17
[5072] = S 7
[5073] = Z 7
[5074] = CNOT 7 17
[5075] = CNOT 7 18
[5076] = S 7
[5077] = Z 7
[5078] = CNOT 7 18
[5079] = CNOT 7 19
[5080] = S 7
[5081] = Z 7
[5082] = CNOT 7 19
[5083] = CNOT 7 21
[5084] = S 7
[5085] = Z 7
[5086] = CNOT 7 21
[5087] = CNOT 7 23
[5088] = S 7
[5089] = Z 7
[5090] = CNOT 7 23
[5091] = CNOT 7 24
[5092] = S 7
[5093] = Z 7
[5094] = CNOT 7 24
[5095] = CNOT 7 25
[5096] = Z 7
[5097] = CNOT 7 25
[5098] = CNOT 7 46
[5099] = S 7
[5100] = Z 7
[5101] = CNOT 7 46
[5102] = CNOT 7 49
[5103] = S 7
[5104] = Z 7
[5105] = CNOT 7 49
[5106] = CNOT 7 43
[5107] = CNOT 8 11
[5108] = CNOT 8 43
[5109] = S 8
[5110] = Z 8
[5111] = CNOT 8 11
[5112] = CNOT 8 14
[5113] = S 8
[5114] = Z 8
[5115] = CNOT 8 14
[5116] = CNOT 8 15
[5117] = S 8
[5118] = Z 8
[5119] = CNOT 8 43
[5120] = CNOT 8 15
[5121] = CNOT 8 16
[5122] = CNOT 8 18
[5123] = S 8
[5124] = Z 8
[5125] = CNOT 8 18
[5126] = CNOT 8 23
[5127] = S 8
[5128] = Z 8
[5129] = CNOT 8 23
[5130] = CNOT 8 25
[5131] = S 8
[5132] = Z 8
[5133] = CNOT 8 25
[5134] = CNOT 8 16
[5135] = CNOT 8 17
[5136] = CNOT 8 43
[5137] = S 8
[5138] = Z 8
[5139] = CNOT 8 43
[5140] = CNOT 8 17
[5141] = CNOT 8 18
[5142] = CNOT 8 23
[5143] = S 8
[5144] = Z 8
[5145] = CNOT 8 23
[5146] = CNOT 8 18
[5147] = CNOT 8 20
[5148] = CNOT 8 43
[5149] = S 8
[5150] = Z 8
[5151] = CNOT 8 20
[5152] = CNOT 8 21
[5153] = S 8
[5154] = Z 8
[5155] = CNOT 8 21
[5156] = CNOT 8 22
[5157] = S 8
[5158] = Z 8
[5159] = CNOT 8 43
[5160] = CNOT 8 22
[5161] = CNOT 8 23
[5162] = CNOT 8 25
[5163] = S 8
[5164] = Z 8
[5165] = CNOT 8 25
[5166] = CNOT 8 23
[5167] = CNOT 8 24
[5168] = CNOT 8 43
[5169] = S 8
[5170] = Z 8
[5171] = CNOT 8 24
[5172] = CNOT 8 27
[5173] = S 8
[5174] = Z 8
[5175] = CNOT 8 27
[5176] = CNOT 8 47
[5177] = S 8
[5178] = Z 8
[5179] = CNOT 8 47
[5180] = CNOT 8 43
[5181] = CNOT 9 11
[5182] = CNOT 9 43
[5183] = S 9
[5184] = Z 9
[5185] = CNOT 9 11
[5186] = CNOT 9 12
[5187] = S 9
[5188] = Z 9
[5189] = CNOT 9 12
[5190] = CNOT 9 13
[5191] = S 9
[5192] = Z 9
[5193] = CNOT 9 13
[5194] = CNOT 9 14
[5195] = S 9
[5196] = Z 9
[5197] = CNOT 9 14
[5198] = CNOT 9 15
[5199] = S 9
[5200] = Z 9
[5201] = CNOT 9 15
[5202] = CNOT 9 16
[5203] = S 9
[5204] = Z 9
[5205] = CNOT 9 16
[5206] = CNOT 9 17
[5207] = S 9
[5208] = Z 9
[5209] = CNOT 9 17
[5210] = CNOT 9 18
[5211] = S 9
[5212] = Z 9
[5213] = CNOT 9 18
[5214] = CNOT 9 19
[5215] = S 9
[5216] = Z 9
[5217] = CNOT 9 19
[5218] = CNOT 9 20
[5219] = S 9
[5220] = Z 9
[5221] = CNOT 9 20
[5222] = CNOT 9 21
[5223] = S 9
[5224] = Z 9
[5225] = CNOT 9 21
[5226] = CNOT 9 22
[5227] = S 9
[5228] = Z 9
[5229] = CNOT 9 22
[5230] = CNOT 9 23
[5231] = S 9
[5232] = Z 9
[5233] = CNOT 9 23
[5234] = CNOT 9 24
[5235] = S 9
[5236] = Z 9
[5237] = CNOT 9 24
[5238] = CNOT 9 25
[5239] = S 9
[5240] = Z 9
[5241] = CNOT 9 25
[5242] = CNOT 9 26
[5243] = S 9
[5244] = Z 9
[5245] = CNOT 9 26
[5246] = CNOT 9 27
[5247] = S 9
[5248] = Z 9
[5249] = CNOT 9 27
[5250] = CNOT 9 28
[5251] = S 9
[5252] = Z 9
[5253] = CNOT 9 28
[5254] = CNOT 9 48
[5255] = S 9
[5256] = Z 9
[5257] = CNOT 9 48
[5258] = CNOT 9 49
[5259] = S 9
[5260] = Z 9
[5261] = CNOT 9 49
[5262] = CNOT 9 43
[5263] = CNOT 10 11
[5264] = CNOT 10 43
[5265] = S 10
[5266] = Z 10
[5267] = CNOT 10 11
[5268] = CNOT 10 12
[5269] = S 10
[5270] = Z 10
[5271] = CNOT 10 12
[5272] = CNOT 10 15
[5273] = S 10
[5274] = Z 10
[5275] = CNOT 10 15
[5276] = CNOT 10 16
[5277] = S 10
[5278] = Z 10
[5279] = CNOT 10 16
[5280] = CNOT 10 17
[5281] = S 10
[5282] = Z 10
[5283] = CNOT 10 17
[5284] = CNOT 10 18
[5285] = S 10
[5286] = Z 10
[5287] = CNOT 10 43
[5288] = CNOT 10 18
[5289] = CNOT 10 19
[5290] = CNOT 10 25
[5291] = S 10
[5292] = Z 10
[5293] = CNOT 10 25
[5294] = CNOT 10 43
[5295] = Z 10
[5296] = CNOT 10 19
[5297] = CNOT 10 20
[5298] = S 10
[5299] = Z 10
[5300] = CNOT 10 20
[5301] = CNOT 10 21
[5302] = S 10
[5303] = Z 10
[5304] = CNOT 10 21
[5305] = CNOT 10 24
[5306] = S 10
[5307] = Z 10
[5308] = CNOT 10 24
[5309] = CNOT 10 25
[5310] = Z 10
[5311] = CNOT 10 25
[5312] = CNOT 10 26
[5313] = S 10
[5314] = Z 10
[5315] = CNOT 10 26
[5316] = CNOT 10 27
[5317] = S 10
[5318] = Z 10
[5319] = CNOT 10 27
[5320] = CNOT 10 28
[5321] = S 10
[5322] = Z 10
[5323] = CNOT 10 28
[5324] = CNOT 10 29
[5325] = S 10
[5326] = Z 10
[5327] = CNOT 10 29
[5328] = CNOT 10 49
[5329] = S 10
[5330] = Z 10
[5331] = CNOT 10 49
[5332] = CNOT 10 43
[5333] = CNOT 11 40
[5334] = CNOT 11 43
[5335] = S 11
[5336] = Z 11
[5337] = CNOT 11 40
[5338] = CNOT 11 41
[5339] = S 11
[5340] = Z 11
[5341] = CNOT 11 41
[5342] = CNOT 11 42
[5343] = S 11
[5344] = Z 11
[5345] = CNOT 11 42
[5346] = CNOT 11 44
[5347] = S 11
[5348] = Z 11
[5349] = CNOT 11 44
[5350] = CNOT 11 45
[5351] = S 11
[5352] = Z 11
[5353] = CNOT 11 45
[5354] = CNOT 11 46
[5355] = S 11
[5356] = Z 11
[5357] = CNOT 11 46
[5358] = CNOT 11 47
[5359] = S 11
[5360] = Z 11
[5361] = CNOT 11 47
[5362] = CNOT 11 48
[5363] = S 11
[5364] = Z 11
[5365] = CNOT 11 48
[5366] = CNOT 11 49
[5367] = S 11
[5368] = Z 11
[5369] = CNOT 11 49
[5370] = CNOT 11 43
[5371] = CNOT 12 21
[5372] = CNOT 12 43
[5373] = S 12
[5374] = Z 12
[5375] = CNOT 12 21
[5376] = CNOT 12 41
[5377] = S 12
[5378] = Z 12
[5379] = CNOT 12 41
[5380] = CNOT 12 42
[5381] = S 12
[5382] = Z 12
[5383] = CNOT 12 42
[5384] = CNOT 12 44
[5385] = S 12
[5386] = Z 12
[5387] = CNOT 12 44
[5388] = CNOT 12 45
[5389] = S 12
[5390] = Z 12
[5391] = CNOT 12 45
[5392] = CNOT 12 46
[5393] = S 12
[5394] = Z 12
[5395] = CNOT 12 46
[5396] = CNOT 12 49
[5397] = S 12
[5398] = Z 12
[5399] = CNOT 12 49
[5400] = CNOT 12 43
[5401] = CNOT 13 21
[5402] = CNOT 13 43
[5403] = S 13
[5404] = Z 13
[5405] = CNOT 13 21
[5406] = CNOT 13 44
[5407] = S 13
[5408] = Z 13
[5409] = CNOT 13 44
[5410] = CNOT 13 45
[5411] = S 13
[5412] = Z 13
[5413] = CNOT 13 45
[5414] = CNOT 13 46
[5415] = S 13
[5416] = Z 13
[5417] = CNOT 13 46
[5418] = CNOT 13 47
[5419] = S 13
[5420] = Z 13
[5421] = CNOT 13 47
[5422] = CNOT 13 43
[5423] = CNOT 14 21
[5424] = CNOT 14 43
[5425] = S 14
[5426] = Z 14
[5427] = CNOT 14 21
[5428] = CNOT 14 22
[5429] = S 14
[5430] = Z 14
[5431] = CNOT 14 22
[5432] = CNOT 14 44
[5433] = S 14
[5434] = Z 14
[5435] = CNOT 14 44
[5436] = CNOT 14 45
[5437] = S 14
[5438] = Z 14
[5439] = CNOT 14 45
[5440] = CNOT 14 46
[5441] = S 14
[5442] = Z 14
[5443] = CNOT 14 46
[5444] = CNOT 14 47
[5445] = S 14
[5446] = Z 14
[5447] = CNOT 14 47
[5448] = CNOT 14 48
[5449] = S 14
[5450] = Z 14
[5451] = CNOT 14 48
[5452] = CNOT 14 49
[5453] = S 14
[5454] = Z 14
[5455] = CNOT 14 49
[5456] = CNOT 14 43
[5457] = CNOT 15 21
[5458] = CNOT 15 43
[5459] = S 15
[5460] = Z 15
[5461] = CNOT 15 21
[5462] = CNOT 15 22
[5463] = S 15
[5464] = Z 15
[5465] = CNOT 15 22
[5466] = CNOT 15 23
[5467] = S 15
[5468] = Z 15
[5469] = CNOT 15 23
[5470] = CNOT 15 24
[5471] = S 15
[5472] = Z 15
[5473] = CNOT 15 24
[5474] = CNOT 15 44
[5475] = S 15
[5476] = Z 15
[5477] = CNOT 15 44
[5478] = CNOT 15 45
[5479] = S 15
[5480] = Z 15
[5481] = CNOT 15 45
[5482] = CNOT 15 47
[5483] = S 15
[5484] = Z 15
[5485] = CNOT 15 47
[5486] = CNOT 15 48
[5487] = S 15
[5488] = Z 15
[5489] = CNOT 15 48
[5490] = CNOT 15 49
[5491] = S 15
[5492] = Z 15
[5493] = CNOT 15 49
[5494] = CNOT 15 43
[5495] = CNOT 16 18
[5496] = CNOT 16 25
[5497] = S 16
[5498] = Z 16
[5499] = CNOT 16 25
[5500] = CNOT 16 18
[5501] = CNOT 16 21
[5502] = CNOT 16 43
[5503] = S 16
[5504] = Z 16
[5505] = CNOT 16 21
[5506] = CNOT 16 24
[5507] = S 16
[5508] = Z 16
[5509] = CNOT 16 24
[5510] = CNOT 16 25
[5511] = S 16
[5512] = Z 16
[5513] = CNOT 16 25
[5514] = CNOT 16 45
[5515] = S 16
[5516] = Z 16
[5517] = CNOT 16 45
[5518] = CNOT 16 47
[5519] = S 16
[5520] = Z 16
[5521] = CNOT 16 47
[5522] = CNOT 16 49
[5523] = S 16
[5524] = Z 16
[5525] = CNOT 16 49
[5526] = CNOT 16 43
[5527] = CNOT 17 21
[5528] = CNOT 17 43
[5529] = S 17
[5530] = Z 17
[5531] = CNOT 17 21
[5532] = CNOT 17 22
[5533] = S 17
[5534] = Z 17
[5535] = CNOT 17 22
[5536] = CNOT 17 23
[5537] = S 17
[5538] = Z 17
[5539] = CNOT 17 23
[5540] = CNOT 17 24
[5541] = S 17
[5542] = Z 17
[5543] = CNOT 17 24
[5544] = CNOT 17 25
[5545] = S 17
[5546] = Z 17
[5547] = CNOT 17 25
[5548] = CNOT 17 26
[5549] = S 17
[5550] = Z 17
[5551] = CNOT 17 26
[5552] = CNOT 17 46
[5553] = S 17
[5554] = Z 17
[5555] = CNOT 17 46
[5556] = CNOT 17 47
[5557] = S 17
[5558] = Z 17
[5559] = CNOT 17 47
[5560] = CNOT 17 48
[5561] = S 17
[5562] = Z 17
[5563] = CNOT 17 48
[5564] = CNOT 17 43
[5565] = CNOT 18 22
[5566] = CNOT 18 43
[5567] = S 18
[5568] = Z 18
[5569] = CNOT 18 43
[5570] = CNOT 18 22
[5571] = CNOT 18 23
[5572] = CNOT 18 25
[5573] = S 18
[5574] = Z 18
[5575] = CNOT 18 25
[5576] = CNOT 18 43
[5577] = S 18
[5578] = Z 18
[5579] = CNOT 18 23
[5580] = CNOT 18 24
[5581] = S 18
[5582] = Z 18
[5583] = CNOT 18 24
[5584] = CNOT 18 26
[5585] = S 18
[5586] = Z 18
[5587] = CNOT 18 26
[5588] = CNOT 18 27
[5589] = S 18
[5590] = Z 18
[5591] = CNOT 18 27
[5592] = CNOT 18 47
[5593] = S 18
[5594] = Z 18
[5595] = CNOT 18 47
[5596] = CNOT 18 49
[5597] = S 18
[5598] = Z 18
[5599] = CNOT 18 49
[5600] = CNOT 18 43
[5601] = CNOT 19 23
[5602] = CNOT 19 43
[5603] = S 19
[5604] = Z 19
[5605] = CNOT 19 23
[5606] = CNOT 19 24
[5607] = S 19
[5608] = Z 19
[5609] = CNOT 19 24
[5610] = CNOT 19 25
[5611] = S 19
[5612] = Z 19
[5613] = CNOT 19 25
[5614] = CNOT 19 27
[5615] = S 19
[5616] = Z 19
[5617] = CNOT 19 27
[5618] = CNOT 19 28
[5619] = S 19
[5620] = Z 19
[5621] = CNOT 19 28
[5622] = CNOT 19 48
[5623] = S 19
[5624] = Z 19
[5625] = CNOT 19 48
[5626] = CNOT 19 43
[5627] = CNOT 20 21
[5628] = CNOT 20 43
[5629] = S 20
[5630] = Z 20
[5631] = CNOT 20 21
[5632] = CNOT 20 23
[5633] = S 20
[5634] = Z 20
[5635] = CNOT 20 23
[5636] = CNOT 20 24
[5637] = S 20
[5638] = Z 20
[5639] = CNOT 20 24
[5640] = CNOT 20 25
[5641] = S 20
[5642] = Z 20
[5643] = CNOT 20 25
[5644] = CNOT 20 27
[5645] = S 20
[5646] = Z 20
[5647] = CNOT 20 27
[5648] = CNOT 20 28
[5649] = S 20
[5650] = Z 20
[5651] = CNOT 20 28
[5652] = CNOT 20 29
[5653] = S 20
[5654] = Z 20
[5655] = CNOT 20 29
[5656] = CNOT 20 49
[5657] = S 20
[5658] = Z 20
[5659] = CNOT 20 49
[5660] = CNOT 20 43
[5661] = CNOT 30 37
[5662] = S 30
[5663] = Z 30
[5664] = CNOT 30 37
[5665] = CNOT 31 34
[5666] = CNOT 31 43
[5667] = S 31
[5668] = Z 31
[5669] = CNOT 31 43
[5670] = CNOT 31 34
[5671] = CNOT 31 38
[5672] = CNOT 31 40
[5673] = S 31
[5674] = Z 31
[5675] = CNOT 31 40
[5676] = CNOT 31 43
[5677] = S 31
[5678] = Z 31
[5679] = CNOT 31 43
[5680] = CNOT 31 38
[5681] = CNOT 32 35
[5682] = S 32
[5683] = Z 32
[5684] = CNOT 32 44
[5685] = CNOT 32 35
[5686] = CNOT 32 39
[5687] = CNOT 32 41
[5688] = S 32
[5689] = Z 32
[5690] = CNOT 32 41
[5691] = CNOT 32 44
[5692] = S 32
[5693] = Z 32
[5694] = CNOT 32 44
[5695] = CNOT 32 39
[5696] = CNOT 33 36
[5697] = S 33
[5698] = Z 33
[5699] = CNOT 33 45
[5700] = CNOT 33 36
[5701] = CNOT 34 37
[5702] = CNOT 34 46
[5703] = S 34
[5704] = Z 34
[5705] = CNOT 34 46
[5706] = CNOT 34 37
[5707] = CNOT 34 38
[5708] = CNOT 34 43
[5709] = S 34
[5710] = Z 34
[5711] = CNOT 34 38
[5712] = CNOT 35 38
[5713] = CNOT 35 47
[5714] = S 35
[5715] = Z 35
[5716] = CNOT 35 47
[5717] = CNOT 35 38
[5718] = CNOT 35 39
[5719] = CNOT 35 44
[5720] = S 35
[5721] = Z 35
[5722] = CNOT 35 39
[5723] = CNOT 36 39
[5724] = CNOT 36 48
[5725] = S 36
[5726] = Z 36
[5727] = CNOT 36 48
[5728] = CNOT 36 39
[5729] = CNOT 39 48
[5730] = CNOT 32 48
[5731] = CNOT 29 48
[5732] = CNOT 38 47
[5733] = CNOT 31 47
[5734] = CNOT 28 47
[5735] = CNOT 37 46
[5736] = CNOT 30 46
[5737] = CNOT 27 46
[5738] = CNOT 39 45
[5739] = CNOT 36 45
[5740] = CNOT 32 45
[5741] = CNOT 26 45
[5742] = CNOT 38 44
[5743] = CNOT 31 44
[5744] = CNOT 25 44
[5745] = CNOT 37 43
[5746] = CNOT 30 43
[5747] = CNOT 24 43
[5748] = CNOT 39 42
[5749] = CNOT 36 42
[5750] = CNOT 33 42
[5751] = CNOT 32 42
[5752] = CNOT 23 42
[5753] = CNOT 38 41
[5754] = CNOT 35 41
[5755] = CNOT 32 41
[5756] = CNOT 31 41
[5757] = CNOT 22 41
[5758] = CNOT 37 40
[5759] = CNOT 34 40
[5760] = CNOT 31 40
[5761] = CNOT 30 40
[5762] = CNOT 21 40
[5763] = CNOT 48 39
[5764] = CNOT 32 39
[5765] = CNOT 39 48
[5766] = CNOT 47 38
[5767] = CNOT 31 38
[5768] = CNOT 38 47
[5769] = CNOT 46 37
[5770] = CNOT 30 37
[5771] = CNOT 37 46
[5772] = CNOT 48 36
[5773] = CNOT 45 36
[5774] = CNOT 36 45
[5775] = CNOT 47 35
[5776] = CNOT 44 35
[5777] = CNOT 35 44
[5778] = CNOT 46 34
[5779] = CNOT 43 34
[5780] = CNOT 34 43
[5781] = CNOT 45 33
[5782] = CNOT 42 33
[5783] = CNOT 33 42
[5784] = CNOT 44 32
[5785] = CNOT 41 32
[5786] = CNOT 32 41
[5787] = CNOT 43 31
[5788] = CNOT 40 31
[5789] = CNOT 31 40
[5790] = CNOT 49 30
[5791] = CNOT 30 49
[5792] = CNOT 39 29
[5793] = CNOT 29 39
[5794] = CNOT 38 28
[5795] = CNOT 28 38
[5796] = CNOT 37 27
[5797] = CNOT 27 37
[5798] = CNOT 36 26
[5799] = CNOT 26 36
[5800] = CNOT 35 25
[5801] = CNOT 25 35
[5802] = CNOT 34 24
[5803] = CNOT 24 34
[5804] = CNOT 33 23
[5805] = CNOT 23 33
[5806] = CNOT 32 22
[5807] = CNOT 22 32
[5808] = CNOT 31 21
[5809] = CNOT 21 31
[5810] = H 31
[5811] = M 31
[5812] = H 32
[5813] = M 32
[5814] = H 33
[5815] = M 33
[5816] = H 34
[5817] = M 34
[5818] = H 35
[5819] = M 35
[5820] = H 36
[5821] = M 36
[5822] = H 37
[5823] = M 37
[5824] = H 38
[5825] = M 38
[5826] = H 39
[5827] = M 39
[5828] = H 40
[5829] = M 40
[5830] = H 41
[5831] = M 41
[5832] = H 42
[5833] = M 42
[5834] = H 43
[5835] = M 43
[5836] = H 44
[5837] = M 44
[5838] = H 45
[5839] = M 45
[5840] = H 46
[5841] = M 46
[5842] = H 47
[5843] = M 47
[5844] = H 48
[5845] = M 48
[5846] = H 49
[5847] = M 49
[5848] = H 30
[5849] = H 29
[5850] = H 28
[5851] = H 27
[5852] = H 26
[5853] = H 25
[5854] = H 24
[5855] = H 23
[5856] = H 22
[5857] = H 21
Gate distributions:
Input:
Operator distribution:
Total number of qubits = 30
Number of `data' qubits = 30
Number of `Toff_n' ancillas = 0
Number of Hadamard ancillas = 0
Hadamard ancilla cap = infinite
Number of {CNOT,T} partitions = 1
T count = 700
Cost estimation = 350047
	id	Count
	0	0
	1	0
	2	0
	3	38
	4	9
	5	0
	6	0
	7	0
	8	0
	9	0
	10	100
	11	0
	12	0
	13	0
	14	0
	15	0
	16	0
	17	0
	18	0
Output:
Operator distribution:
Total number of qubits = 49
Number of `data' qubits = 30
Number of `Toff_n' ancillas = 0
Number of Hadamard ancillas = 19
Hadamard ancilla cap = infinite
Number of {CNOT,T} partitions = 1
T count = 350
Cost estimation = 180518
	id	Count
	0	0
	1	0
	2	0
	3	57
	4	3582
	5	350
	6	0
	7	0
	8	0
	9	0
	10	0
	11	916
	12	0
	13	934
	14	0
	15	0
	16	0
	17	0
	18	19
Output T Count (SQC_Circuit) = 350
Output T Count (PhasePolynomial) = 350
Fail count = 0

Execution time: 521.51s
Number of LCL errors: 0
Number of LCL warnings: 0
