Optimize a Clifford + T circuit.
Input filename = /home/ryo-mtmt/TOpt/forme/tpar_benchmark/qcla_mod_7.tfc
Number of unknown gates = 0
Number of unknown qubit labels = 0
Circuit filename: /home/ryo-mtmt/TOpt/forme/tpar_benchmark/qcla_mod_7.tfc

n 26
n_x 26
n_y 0
n_z 0
m 201
[0] = H 1
[1] = H 4
[2] = H 5
[3] = H 8
[4] = H 9
[5] = H 12
[6] = H 13
[7] = H 16
[8] = H 19
[9] = H 20
[10] = H 23
[11] = H 24
[12] = CCZ 2 3 5
[13] = CCZ 6 7 9
[14] = CCZ 10 11 13
[15] = CCZ 14 15 16
[16] = CCZ 17 18 20
[17] = CCZ 21 22 24
[18] = CCZ 25 26 1
[19] = CNOT 3 2
[20] = CNOT 7 6
[21] = CNOT 11 10
[22] = CNOT 15 14
[23] = CNOT 18 17
[24] = CNOT 22 21
[25] = CNOT 26 25
[26] = CCZ 3 7 4
[27] = CCZ 11 15 12
[28] = CCZ 18 22 19
[29] = H 4
[30] = H 5
[31] = H 12
[32] = H 13
[33] = H 19
[34] = H 20
[35] = CCZ 4 12 8
[36] = CCZ 19 26 23
[37] = CCZ 5 7 9
[38] = CCZ 13 15 16
[39] = CCZ 20 22 24
[40] = H 8
[41] = H 9
[42] = H 23
[43] = H 24
[44] = CCZ 9 12 16
[45] = H 16
[46] = CCZ 8 23 1
[47] = CCZ 26 24 1
[48] = CCZ 23 16 1
[49] = H 1
[50] = H 16
[51] = CCZ 1 8 16
[52] = H 16
[53] = H 9
[54] = H 8
[55] = H 5
[56] = H 20
[57] = H 23
[58] = H 24
[59] = CCZ 1 4 9
[60] = CCZ 1 3 5
[61] = CCZ 4 12 8
[62] = CCZ 16 19 24
[63] = CCZ 16 18 20
[64] = CCZ 19 26 23
[65] = H 5
[66] = H 9
[67] = H 20
[68] = H 24
[69] = H 4
[70] = H 12
[71] = H 13
[72] = H 19
[73] = CCZ 3 7 4
[74] = CCZ 11 15 12
[75] = CCZ 9 11 13
[76] = CCZ 18 22 19
[77] = H 13
[78] = CNOT 3 1
[79] = CNOT 7 5
[80] = CNOT 11 9
[81] = CNOT 15 13
[82] = CNOT 18 16
[83] = CNOT 22 20
[84] = CNOT 26 24
[85] = CNOT 3 2
[86] = CNOT 7 6
[87] = CNOT 11 10
[88] = CNOT 15 14
[89] = CNOT 18 17
[90] = CNOT 22 21
[91] = CNOT 26 25
[92] = H 13
[93] = CCZ 3 7 4
[94] = CCZ 11 15 12
[95] = CCZ 9 11 13
[96] = CCZ 18 22 19
[97] = H 4
[98] = H 12
[99] = H 13
[100] = H 19
[101] = H 5
[102] = H 9
[103] = H 20
[104] = H 24
[105] = CCZ 1 4 9
[106] = CCZ 1 3 5
[107] = CCZ 4 12 8
[108] = CCZ 16 19 24
[109] = CCZ 16 18 20
[110] = CCZ 19 26 23
[111] = H 9
[112] = H 8
[113] = H 5
[114] = H 20
[115] = H 23
[116] = H 24
[117] = H 16
[118] = CCZ 1 8 16
[119] = H 1
[120] = H 16
[121] = CCZ 26 24 1
[122] = CCZ 23 16 1
[123] = H 16
[124] = CCZ 9 12 16
[125] = H 8
[126] = H 9
[127] = H 23
[128] = H 24
[129] = CCZ 4 12 8
[130] = CCZ 19 26 23
[131] = CCZ 5 7 9
[132] = CCZ 13 15 16
[133] = CCZ 20 22 24
[134] = H 4
[135] = H 5
[136] = H 12
[137] = H 13
[138] = H 19
[139] = H 20
[140] = CCZ 3 7 4
[141] = CCZ 11 15 12
[142] = CCZ 18 22 19
[143] = CNOT 3 2
[144] = CNOT 7 6
[145] = CNOT 11 10
[146] = CNOT 15 14
[147] = CNOT 18 17
[148] = CNOT 22 21
[149] = CNOT 26 25
[150] = CCZ 2 3 5
[151] = CCZ 6 7 9
[152] = CCZ 10 11 13
[153] = CCZ 14 15 16
[154] = CCZ 17 18 20
[155] = CCZ 21 22 24
[156] = CCZ 25 26 1
[157] = H 1
[158] = H 4
[159] = H 5
[160] = H 8
[161] = H 9
[162] = H 12
[163] = H 13
[164] = H 16
[165] = H 19
[166] = H 20
[167] = H 23
[168] = H 24

Algorithm used: todd

UniversalOptimize begin.
	Gate synthesis begin.

in LempelX3 (Hamming Distance Version)
		Round = 0 | Current Columns: 237
  [HIT] Reduced to m = 235 using Dist = 1
		Round = 1 | Current Columns: 235
  [HIT] Reduced to m = 233 using Dist = 1
		Round = 2 | Current Columns: 233
  [HIT] Reduced to m = 231 using Dist = 1
		Round = 3 | Current Columns: 231
  [HIT] Reduced to m = 228 using Dist = 1
		Round = 4 | Current Columns: 228
  [HIT] Reduced to m = 226 using Dist = 1
		Round = 5 | Current Columns: 226
  [HIT] Reduced to m = 224 using Dist = 1
		Round = 6 | Current Columns: 224
  [HIT] Reduced to m = 222 using Dist = 1
		Round = 7 | Current Columns: 222
  [HIT] Reduced to m = 220 using Dist = 1
		Round = 8 | Current Columns: 220
  [HIT] Reduced to m = 218 using Dist = 2
		Round = 9 | Current Columns: 218
  [HIT] Reduced to m = 216 using Dist = 2
		Round = 10 | Current Columns: 216
  [HIT] Reduced to m = 214 using Dist = 2
		Round = 11 | Current Columns: 214
  [HIT] Reduced to m = 212 using Dist = 2
		Round = 12 | Current Columns: 212
  [HIT] Reduced to m = 210 using Dist = 2
		Round = 13 | Current Columns: 210
  [HIT] Reduced to m = 208 using Dist = 2
		Round = 14 | Current Columns: 208
  [HIT] Reduced to m = 206 using Dist = 2
		Round = 15 | Current Columns: 206
  [HIT] Reduced to m = 202 using Dist = 2
		Round = 16 | Current Columns: 202
  [HIT] Reduced to m = 200 using Dist = 2
		Round = 17 | Current Columns: 200
  [HIT] Reduced to m = 198 using Dist = 1
		Round = 18 | Current Columns: 198
  [HIT] Reduced to m = 196 using Dist = 2
		Round = 19 | Current Columns: 196
  [HIT] Reduced to m = 194 using Dist = 2
		Round = 20 | Current Columns: 194
  [HIT] Reduced to m = 192 using Dist = 2
		Round = 21 | Current Columns: 192
  [HIT] Reduced to m = 190 using Dist = 3
		Round = 22 | Current Columns: 190
  [HIT] Reduced to m = 188 using Dist = 3
		Round = 23 | Current Columns: 188
  [HIT] Reduced to m = 186 using Dist = 4
		Round = 24 | Current Columns: 186
  [HIT] Reduced to m = 184 using Dist = 4
		Round = 25 | Current Columns: 184
  [HIT] Reduced to m = 182 using Dist = 5
		Round = 26 | Current Columns: 182
  [HIT] Reduced to m = 180 using Dist = 4
		Round = 27 | Current Columns: 180
  [HIT] Reduced to m = 178 using Dist = 6
		Round = 28 | Current Columns: 178
  [HIT] Reduced to m = 176 using Dist = 7
		Round = 29 | Current Columns: 176
  [HIT] Reduced to m = 174 using Dist = 7
		Round = 30 | Current Columns: 174
  [HIT] Reduced to m = 172 using Dist = 7
		Round = 31 | Current Columns: 172
  [HIT] Reduced to m = 170 using Dist = 12
		Round = 32 | Current Columns: 170
  [HIT] Reduced to m = 168 using Dist = 8
		Round = 33 | Current Columns: 168
  [HIT] Reduced to m = 166 using Dist = 7
		Round = 34 | Current Columns: 166
  [HIT] Reduced to m = 164 using Dist = 10
		Round = 35 | Current Columns: 164
  [HIT] Reduced to m = 162 using Dist = 15
		Round = 36 | Current Columns: 162
Total LempelX2 (Hamming) time: 77911636 ms
Final Nullspace total time: 64695717 ms
		TODD executed in 77788.5 seconds.
		Total time: 77788.5s
	Gate synthesis end.
	Total time: 78296.5s
UniversalOptimize end.
Output circuit:
n 84
n_x 26
n_y 0
n_z 58
m 34801
[0] = H 1
[1] = H 4
[2] = H 5
[3] = H 8
[4] = H 9
[5] = H 12
[6] = H 13
[7] = H 16
[8] = H 19
[9] = H 20
[10] = H 23
[11] = H 24
[12] = H 27
[13] = H 28
[14] = H 29
[15] = H 30
[16] = H 31
[17] = H 32
[18] = H 33
[19] = H 34
[20] = H 35
[21] = H 36
[22] = H 37
[23] = H 38
[24] = H 39
[25] = H 40
[26] = H 41
[27] = H 42
[28] = H 43
[29] = H 44
[30] = H 45
[31] = H 46
[32] = H 47
[33] = H 48
[34] = H 49
[35] = H 50
[36] = H 51
[37] = H 52
[38] = H 53
[39] = H 54
[40] = H 55
[41] = H 56
[42] = H 57
[43] = H 58
[44] = H 59
[45] = H 60
[46] = H 61
[47] = H 62
[48] = H 63
[49] = H 64
[50] = H 65
[51] = H 66
[52] = H 67
[53] = H 68
[54] = H 69
[55] = H 70
[56] = H 71
[57] = H 72
[58] = H 73
[59] = H 74
[60] = H 75
[61] = H 76
[62] = H 77
[63] = H 78
[64] = H 79
[65] = H 80
[66] = H 81
[67] = H 82
[68] = H 83
[69] = H 84
[70] = CNOT 1 4
[71] = CNOT 1 5
[72] = CNOT 1 6
[73] = CNOT 1 7
[74] = CNOT 1 18
[75] = CNOT 1 23
[76] = CNOT 1 25
[77] = CNOT 1 26
[78] = CNOT 1 46
[79] = CNOT 1 51
[80] = CNOT 1 61
[81] = CNOT 1 63
[82] = CNOT 1 64
[83] = CNOT 1 77
[84] = CNOT 1 79
[85] = CNOT 1 84
[86] = T 1
[87] = CNOT 1 84
[88] = CNOT 1 18
[89] = CNOT 1 7
[90] = CNOT 1 6
[91] = CNOT 1 20
[92] = CNOT 1 21
[93] = CNOT 1 22
[94] = CNOT 1 49
[95] = CNOT 1 54
[96] = CNOT 1 68
[97] = CNOT 1 78
[98] = CNOT 1 83
[99] = T 1
[100] = CNOT 1 83
[101] = CNOT 1 78
[102] = CNOT 1 68
[103] = CNOT 1 54
[104] = CNOT 1 51
[105] = CNOT 1 49
[106] = CNOT 1 22
[107] = CNOT 1 21
[108] = CNOT 1 20
[109] = CNOT 1 4
[110] = CNOT 1 3
[111] = CNOT 1 9
[112] = CNOT 1 18
[113] = CNOT 1 84
[114] = T 1
[115] = CNOT 1 3
[116] = CNOT 1 2
[117] = T 1
[118] = CNOT 1 84
[119] = CNOT 1 9
[120] = CNOT 1 2
[121] = CNOT 1 4
[122] = CNOT 1 20
[123] = CNOT 1 40
[124] = CNOT 1 51
[125] = CNOT 1 54
[126] = CNOT 1 83
[127] = T 1
[128] = CNOT 1 83
[129] = CNOT 1 63
[130] = CNOT 1 54
[131] = CNOT 1 40
[132] = CNOT 1 84
[133] = T 1
[134] = CNOT 1 51
[135] = CNOT 1 20
[136] = CNOT 1 5
[137] = CNOT 1 4
[138] = CNOT 9 18
[139] = CNOT 9 25
[140] = CNOT 9 43
[141] = CNOT 9 45
[142] = CNOT 9 50
[143] = CNOT 9 53
[144] = CNOT 9 56
[145] = CNOT 9 60
[146] = CNOT 9 61
[147] = CNOT 9 63
[148] = CNOT 9 77
[149] = CNOT 9 79
[150] = CNOT 9 84
[151] = T 9
[152] = CNOT 9 84
[153] = CNOT 9 79
[154] = CNOT 9 77
[155] = CNOT 9 63
[156] = CNOT 9 61
[157] = CNOT 9 60
[158] = CNOT 9 56
[159] = CNOT 9 53
[160] = CNOT 9 50
[161] = CNOT 9 45
[162] = CNOT 9 43
[163] = CNOT 9 25
[164] = CNOT 9 18
[165] = CNOT 1 9
[166] = CNOT 1 13
[167] = CNOT 1 43
[168] = CNOT 1 56
[169] = CNOT 1 63
[170] = T 1
[171] = CNOT 1 10
[172] = CNOT 1 11
[173] = T 1
[174] = CNOT 1 56
[175] = CNOT 1 13
[176] = CNOT 1 10
[177] = CNOT 1 52
[178] = CNOT 1 81
[179] = T 1
[180] = CNOT 1 81
[181] = CNOT 1 61
[182] = CNOT 1 52
[183] = CNOT 1 43
[184] = CNOT 1 11
[185] = CNOT 1 8
[186] = CNOT 1 58
[187] = CNOT 1 65
[188] = CNOT 1 74
[189] = CNOT 1 75
[190] = T 1
[191] = CNOT 1 84
[192] = CNOT 1 75
[193] = CNOT 1 74
[194] = CNOT 1 65
[195] = CNOT 1 58
[196] = CNOT 1 18
[197] = CNOT 1 9
[198] = CNOT 1 8
[199] = CNOT 9 18
[200] = CNOT 9 26
[201] = CNOT 9 43
[202] = CNOT 9 53
[203] = CNOT 9 56
[204] = CNOT 9 61
[205] = CNOT 9 63
[206] = CNOT 9 69
[207] = CNOT 9 70
[208] = CNOT 9 79
[209] = CNOT 9 84
[210] = T 9
[211] = CNOT 9 84
[212] = CNOT 9 79
[213] = CNOT 9 70
[214] = CNOT 9 69
[215] = CNOT 9 63
[216] = CNOT 9 61
[217] = CNOT 9 56
[218] = CNOT 9 53
[219] = CNOT 9 43
[220] = CNOT 9 26
[221] = CNOT 9 18
[222] = CNOT 1 4
[223] = CNOT 1 5
[224] = CNOT 1 20
[225] = CNOT 1 22
[226] = CNOT 1 49
[227] = CNOT 1 51
[228] = CNOT 1 54
[229] = CNOT 1 61
[230] = CNOT 1 78
[231] = CNOT 1 83
[232] = T 1
[233] = CNOT 1 78
[234] = CNOT 1 21
[235] = CNOT 1 68
[236] = T 1
[237] = CNOT 1 83
[238] = CNOT 1 68
[239] = CNOT 1 54
[240] = CNOT 1 51
[241] = CNOT 1 49
[242] = CNOT 1 22
[243] = CNOT 1 21
[244] = CNOT 1 20
[245] = CNOT 1 5
[246] = CNOT 1 4
[247] = CNOT 1 9
[248] = CNOT 1 11
[249] = CNOT 1 12
[250] = CNOT 1 13
[251] = CNOT 1 14
[252] = CNOT 1 16
[253] = CNOT 1 18
[254] = CNOT 1 30
[255] = CNOT 1 43
[256] = CNOT 1 52
[257] = CNOT 1 56
[258] = CNOT 1 84
[259] = T 1
[260] = CNOT 1 61
[261] = CNOT 1 56
[262] = CNOT 1 52
[263] = CNOT 1 43
[264] = CNOT 1 30
[265] = CNOT 1 16
[266] = CNOT 1 14
[267] = CNOT 1 13
[268] = CNOT 1 12
[269] = CNOT 1 11
[270] = CNOT 1 8
[271] = CNOT 1 27
[272] = CNOT 1 38
[273] = CNOT 1 42
[274] = CNOT 1 62
[275] = CNOT 1 71
[276] = T 1
[277] = CNOT 1 71
[278] = CNOT 1 62
[279] = CNOT 1 42
[280] = CNOT 1 38
[281] = CNOT 1 27
[282] = CNOT 1 18
[283] = CNOT 1 9
[284] = CNOT 1 8
[285] = CNOT 1 4
[286] = CNOT 1 5
[287] = CNOT 1 17
[288] = CNOT 1 51
[289] = CNOT 1 61
[290] = T 1
[291] = CNOT 1 84
[292] = CNOT 9 18
[293] = CNOT 9 25
[294] = CNOT 9 43
[295] = CNOT 9 50
[296] = CNOT 9 53
[297] = CNOT 9 56
[298] = CNOT 9 61
[299] = CNOT 9 63
[300] = CNOT 9 72
[301] = CNOT 9 79
[302] = CNOT 9 84
[303] = T 9
[304] = CNOT 9 84
[305] = CNOT 9 79
[306] = CNOT 9 72
[307] = CNOT 9 63
[308] = CNOT 9 61
[309] = CNOT 9 56
[310] = CNOT 9 53
[311] = CNOT 9 50
[312] = CNOT 9 43
[313] = CNOT 9 25
[314] = CNOT 9 18
[315] = CNOT 1 20
[316] = T 1
[317] = CNOT 1 51
[318] = CNOT 1 20
[319] = CNOT 1 17
[320] = CNOT 1 5
[321] = CNOT 1 4
[322] = CNOT 1 2
[323] = CNOT 1 3
[324] = CNOT 1 9
[325] = CNOT 1 18
[326] = CNOT 1 38
[327] = CNOT 1 80
[328] = CNOT 1 84
[329] = T 1
[330] = CNOT 1 80
[331] = CNOT 1 38
[332] = CNOT 1 18
[333] = CNOT 1 9
[334] = CNOT 1 3
[335] = CNOT 1 2
[336] = CNOT 1 4
[337] = CNOT 1 5
[338] = CNOT 1 19
[339] = CNOT 1 24
[340] = CNOT 1 51
[341] = CNOT 1 54
[342] = T 1
[343] = CNOT 1 21
[344] = CNOT 1 22
[345] = T 1
[346] = CNOT 1 84
[347] = CNOT 1 24
[348] = CNOT 1 21
[349] = CNOT 1 19
[350] = CNOT 1 18
[351] = CNOT 1 20
[352] = CNOT 1 40
[353] = CNOT 1 49
[354] = CNOT 1 83
[355] = T 1
[356] = CNOT 1 83
[357] = CNOT 1 54
[358] = CNOT 1 51
[359] = CNOT 1 49
[360] = CNOT 1 40
[361] = CNOT 1 22
[362] = CNOT 1 20
[363] = CNOT 1 5
[364] = CNOT 1 4
[365] = CNOT 1 9
[366] = CNOT 1 80
[367] = CNOT 1 84
[368] = T 1
[369] = CNOT 1 80
[370] = CNOT 1 61
[371] = CNOT 1 8
[372] = CNOT 1 74
[373] = CNOT 1 75
[374] = T 1
[375] = CNOT 1 14
[376] = CNOT 1 59
[377] = CNOT 1 65
[378] = T 1
[379] = CNOT 1 75
[380] = CNOT 1 74
[381] = CNOT 1 65
[382] = CNOT 1 59
[383] = CNOT 1 14
[384] = CNOT 1 8
[385] = CNOT 1 2
[386] = CNOT 1 3
[387] = CNOT 1 4
[388] = CNOT 1 5
[389] = CNOT 1 6
[390] = CNOT 1 7
[391] = CNOT 1 51
[392] = CNOT 1 61
[393] = T 1
[394] = CNOT 1 61
[395] = CNOT 1 51
[396] = CNOT 1 7
[397] = CNOT 1 6
[398] = CNOT 1 5
[399] = CNOT 1 4
[400] = CNOT 1 3
[401] = CNOT 1 2
[402] = CNOT 1 8
[403] = CNOT 1 57
[404] = CNOT 1 75
[405] = T 1
[406] = CNOT 1 75
[407] = CNOT 1 57
[408] = CNOT 1 8
[409] = CNOT 1 2
[410] = CNOT 1 3
[411] = CNOT 1 4
[412] = CNOT 1 5
[413] = CNOT 1 51
[414] = CNOT 1 61
[415] = T 1
[416] = CNOT 1 51
[417] = CNOT 1 9
[418] = CNOT 1 5
[419] = CNOT 1 4
[420] = CNOT 1 3
[421] = CNOT 1 2
[422] = CNOT 9 18
[423] = CNOT 9 26
[424] = CNOT 9 43
[425] = CNOT 9 53
[426] = CNOT 9 56
[427] = CNOT 9 61
[428] = CNOT 9 63
[429] = CNOT 9 70
[430] = CNOT 9 72
[431] = CNOT 9 73
[432] = CNOT 9 79
[433] = CNOT 9 84
[434] = T 9
[435] = CNOT 9 84
[436] = CNOT 9 79
[437] = CNOT 9 73
[438] = CNOT 9 72
[439] = CNOT 9 70
[440] = CNOT 9 63
[441] = CNOT 9 61
[442] = CNOT 9 56
[443] = CNOT 9 53
[444] = CNOT 9 43
[445] = CNOT 9 26
[446] = CNOT 9 18
[447] = CNOT 1 9
[448] = CNOT 1 10
[449] = CNOT 1 12
[450] = CNOT 1 13
[451] = CNOT 1 14
[452] = CNOT 1 15
[453] = CNOT 1 43
[454] = CNOT 1 52
[455] = CNOT 1 56
[456] = T 1
[457] = CNOT 1 61
[458] = CNOT 1 56
[459] = CNOT 1 52
[460] = CNOT 1 43
[461] = CNOT 1 15
[462] = CNOT 1 14
[463] = CNOT 1 13
[464] = CNOT 1 12
[465] = CNOT 1 10
[466] = CNOT 1 8
[467] = CNOT 1 27
[468] = CNOT 1 38
[469] = CNOT 1 42
[470] = CNOT 1 62
[471] = CNOT 1 66
[472] = CNOT 1 71
[473] = T 1
[474] = CNOT 1 71
[475] = CNOT 1 66
[476] = CNOT 1 62
[477] = CNOT 1 42
[478] = CNOT 1 38
[479] = CNOT 1 27
[480] = CNOT 1 8
[481] = CNOT 1 10
[482] = CNOT 1 12
[483] = CNOT 1 13
[484] = CNOT 1 43
[485] = CNOT 1 52
[486] = CNOT 1 56
[487] = CNOT 1 61
[488] = T 1
[489] = CNOT 1 56
[490] = CNOT 1 52
[491] = CNOT 1 13
[492] = CNOT 1 12
[493] = CNOT 1 10
[494] = CNOT 1 11
[495] = CNOT 1 15
[496] = CNOT 1 55
[497] = T 1
[498] = CNOT 1 55
[499] = CNOT 1 43
[500] = CNOT 1 15
[501] = CNOT 1 11
[502] = CNOT 1 9
[503] = CNOT 1 4
[504] = CNOT 1 5
[505] = CNOT 1 17
[506] = CNOT 1 19
[507] = CNOT 1 21
[508] = CNOT 1 22
[509] = CNOT 1 51
[510] = CNOT 1 54
[511] = T 1
[512] = CNOT 1 61
[513] = CNOT 1 54
[514] = CNOT 1 51
[515] = CNOT 1 22
[516] = CNOT 1 21
[517] = CNOT 1 19
[518] = CNOT 1 17
[519] = CNOT 1 5
[520] = CNOT 1 4
[521] = CNOT 1 8
[522] = CNOT 1 9
[523] = CNOT 1 27
[524] = CNOT 1 42
[525] = CNOT 1 62
[526] = CNOT 1 66
[527] = CNOT 1 71
[528] = T 1
[529] = CNOT 1 71
[530] = CNOT 1 66
[531] = CNOT 1 62
[532] = CNOT 1 42
[533] = CNOT 1 27
[534] = CNOT 1 9
[535] = CNOT 1 8
[536] = CNOT 1 4
[537] = CNOT 1 5
[538] = CNOT 1 17
[539] = CNOT 1 19
[540] = CNOT 1 51
[541] = CNOT 1 54
[542] = CNOT 1 61
[543] = T 1
[544] = CNOT 1 84
[545] = CNOT 1 19
[546] = CNOT 1 18
[547] = CNOT 1 17
[548] = CNOT 1 20
[549] = CNOT 1 78
[550] = CNOT 1 83
[551] = T 1
[552] = CNOT 1 83
[553] = CNOT 1 78
[554] = CNOT 1 54
[555] = CNOT 1 20
[556] = CNOT 1 7
[557] = CNOT 1 18
[558] = CNOT 1 28
[559] = CNOT 1 84
[560] = T 1
[561] = CNOT 1 51
[562] = CNOT 1 28
[563] = CNOT 1 7
[564] = CNOT 1 5
[565] = CNOT 1 4
[566] = CNOT 1 9
[567] = CNOT 1 11
[568] = CNOT 1 12
[569] = CNOT 1 13
[570] = CNOT 1 15
[571] = CNOT 1 29
[572] = CNOT 1 30
[573] = CNOT 1 43
[574] = CNOT 1 52
[575] = CNOT 1 56
[576] = T 1
[577] = CNOT 1 61
[578] = CNOT 1 56
[579] = CNOT 1 52
[580] = CNOT 1 43
[581] = CNOT 1 30
[582] = CNOT 1 29
[583] = CNOT 1 15
[584] = CNOT 1 13
[585] = CNOT 1 12
[586] = CNOT 1 11
[587] = CNOT 1 3
[588] = CNOT 1 7
[589] = CNOT 1 38
[590] = CNOT 1 47
[591] = T 1
[592] = CNOT 1 47
[593] = CNOT 1 38
[594] = CNOT 1 18
[595] = CNOT 1 9
[596] = CNOT 1 7
[597] = CNOT 1 3
[598] = CNOT 9 18
[599] = CNOT 9 25
[600] = CNOT 9 26
[601] = CNOT 9 31
[602] = CNOT 9 43
[603] = CNOT 9 45
[604] = CNOT 9 53
[605] = CNOT 9 56
[606] = CNOT 9 61
[607] = CNOT 9 63
[608] = CNOT 9 64
[609] = CNOT 9 77
[610] = CNOT 9 79
[611] = CNOT 9 84
[612] = T 9
[613] = CNOT 9 84
[614] = CNOT 9 79
[615] = CNOT 9 77
[616] = CNOT 9 64
[617] = CNOT 9 63
[618] = CNOT 9 61
[619] = CNOT 9 56
[620] = CNOT 9 53
[621] = CNOT 9 45
[622] = CNOT 9 43
[623] = CNOT 9 31
[624] = CNOT 9 26
[625] = CNOT 9 25
[626] = CNOT 9 18
[627] = CNOT 1 4
[628] = CNOT 1 5
[629] = CNOT 1 19
[630] = CNOT 1 22
[631] = CNOT 1 32
[632] = CNOT 1 51
[633] = CNOT 1 54
[634] = CNOT 1 61
[635] = T 1
[636] = CNOT 1 54
[637] = CNOT 1 51
[638] = CNOT 1 32
[639] = CNOT 1 22
[640] = CNOT 1 19
[641] = CNOT 1 5
[642] = CNOT 1 4
[643] = CNOT 1 9
[644] = CNOT 1 10
[645] = CNOT 1 11
[646] = CNOT 1 18
[647] = CNOT 1 43
[648] = CNOT 1 48
[649] = CNOT 1 56
[650] = CNOT 1 82
[651] = T 1
[652] = CNOT 1 82
[653] = CNOT 1 61
[654] = CNOT 1 56
[655] = CNOT 1 48
[656] = CNOT 1 43
[657] = CNOT 1 11
[658] = CNOT 1 10
[659] = CNOT 1 27
[660] = CNOT 1 29
[661] = T 1
[662] = CNOT 1 27
[663] = T 1
[664] = CNOT 1 29
[665] = CNOT 1 9
[666] = CNOT 9 18
[667] = CNOT 9 26
[668] = CNOT 9 43
[669] = CNOT 9 53
[670] = CNOT 9 56
[671] = CNOT 9 61
[672] = CNOT 9 63
[673] = CNOT 9 70
[674] = CNOT 9 73
[675] = CNOT 9 79
[676] = CNOT 9 84
[677] = T 9
[678] = CNOT 9 84
[679] = CNOT 9 79
[680] = CNOT 9 73
[681] = CNOT 9 70
[682] = CNOT 9 63
[683] = CNOT 9 61
[684] = CNOT 9 56
[685] = CNOT 9 53
[686] = CNOT 9 43
[687] = CNOT 9 26
[688] = CNOT 9 18
[689] = CNOT 1 2
[690] = CNOT 1 9
[691] = CNOT 1 61
[692] = CNOT 1 80
[693] = T 1
[694] = CNOT 1 80
[695] = CNOT 1 9
[696] = CNOT 1 2
[697] = CNOT 9 18
[698] = CNOT 9 23
[699] = CNOT 9 31
[700] = CNOT 9 43
[701] = CNOT 9 46
[702] = CNOT 9 53
[703] = CNOT 9 56
[704] = CNOT 9 61
[705] = CNOT 9 63
[706] = CNOT 9 64
[707] = CNOT 9 77
[708] = CNOT 9 79
[709] = CNOT 9 84
[710] = T 9
[711] = CNOT 9 77
[712] = CNOT 9 64
[713] = CNOT 9 46
[714] = CNOT 9 31
[715] = CNOT 9 23
[716] = CNOT 9 26
[717] = CNOT 9 69
[718] = CNOT 9 70
[719] = CNOT 9 72
[720] = T 9
[721] = CNOT 9 72
[722] = CNOT 9 70
[723] = CNOT 9 69
[724] = CNOT 9 23
[725] = CNOT 9 25
[726] = CNOT 9 31
[727] = CNOT 9 46
[728] = CNOT 9 64
[729] = CNOT 9 77
[730] = T 9
[731] = CNOT 9 84
[732] = CNOT 9 79
[733] = CNOT 9 77
[734] = CNOT 9 64
[735] = CNOT 9 63
[736] = CNOT 9 61
[737] = CNOT 9 56
[738] = CNOT 9 53
[739] = CNOT 9 46
[740] = CNOT 9 43
[741] = CNOT 9 31
[742] = CNOT 9 26
[743] = CNOT 9 25
[744] = CNOT 9 23
[745] = CNOT 9 18
[746] = CNOT 1 4
[747] = CNOT 1 5
[748] = CNOT 1 6
[749] = CNOT 1 28
[750] = CNOT 1 51
[751] = T 1
[752] = CNOT 1 9
[753] = T 1
[754] = CNOT 1 6
[755] = CNOT 1 7
[756] = T 1
[757] = CNOT 1 61
[758] = CNOT 1 51
[759] = CNOT 1 28
[760] = CNOT 1 7
[761] = CNOT 1 5
[762] = CNOT 1 4
[763] = CNOT 1 8
[764] = CNOT 1 27
[765] = CNOT 1 38
[766] = CNOT 1 42
[767] = CNOT 1 62
[768] = CNOT 1 66
[769] = T 1
[770] = CNOT 1 66
[771] = CNOT 1 62
[772] = CNOT 1 42
[773] = CNOT 1 38
[774] = CNOT 1 27
[775] = CNOT 1 8
[776] = CNOT 1 11
[777] = CNOT 1 12
[778] = CNOT 1 13
[779] = CNOT 1 14
[780] = CNOT 1 15
[781] = CNOT 1 16
[782] = CNOT 1 43
[783] = CNOT 1 52
[784] = CNOT 1 56
[785] = CNOT 1 61
[786] = T 1
[787] = CNOT 1 15
[788] = CNOT 1 14
[789] = T 1
[790] = CNOT 1 56
[791] = CNOT 1 52
[792] = CNOT 1 43
[793] = CNOT 1 18
[794] = CNOT 1 16
[795] = CNOT 1 13
[796] = CNOT 1 12
[797] = CNOT 1 11
[798] = CNOT 1 9
[799] = CNOT 1 4
[800] = CNOT 1 5
[801] = CNOT 1 19
[802] = CNOT 1 21
[803] = CNOT 1 32
[804] = CNOT 1 51
[805] = CNOT 1 54
[806] = T 1
[807] = CNOT 1 24
[808] = T 1
[809] = CNOT 1 21
[810] = CNOT 1 22
[811] = T 1
[812] = CNOT 1 54
[813] = CNOT 1 51
[814] = CNOT 1 32
[815] = CNOT 1 24
[816] = CNOT 1 22
[817] = CNOT 1 19
[818] = CNOT 1 5
[819] = CNOT 1 4
[820] = CNOT 1 9
[821] = CNOT 1 11
[822] = CNOT 1 12
[823] = CNOT 1 13
[824] = CNOT 1 15
[825] = CNOT 1 18
[826] = CNOT 1 30
[827] = CNOT 1 34
[828] = CNOT 1 43
[829] = CNOT 1 52
[830] = CNOT 1 56
[831] = T 1
[832] = CNOT 1 52
[833] = CNOT 1 34
[834] = CNOT 1 30
[835] = CNOT 1 26
[836] = CNOT 1 15
[837] = CNOT 1 13
[838] = CNOT 1 12
[839] = CNOT 1 11
[840] = CNOT 1 36
[841] = CNOT 1 53
[842] = T 1
[843] = CNOT 1 53
[844] = CNOT 1 36
[845] = CNOT 1 11
[846] = CNOT 1 12
[847] = CNOT 1 13
[848] = CNOT 1 15
[849] = CNOT 1 26
[850] = CNOT 1 29
[851] = CNOT 1 30
[852] = CNOT 1 34
[853] = CNOT 1 52
[854] = T 1
[855] = CNOT 1 16
[856] = T 1
[857] = CNOT 1 34
[858] = T 1
[859] = CNOT 1 29
[860] = CNOT 1 34
[861] = T 1
[862] = CNOT 1 52
[863] = CNOT 1 34
[864] = CNOT 1 30
[865] = CNOT 1 25
[866] = CNOT 1 16
[867] = CNOT 1 15
[868] = CNOT 1 13
[869] = CNOT 1 12
[870] = CNOT 1 11
[871] = CNOT 1 33
[872] = CNOT 1 36
[873] = CNOT 1 37
[874] = CNOT 1 53
[875] = T 1
[876] = CNOT 1 37
[877] = CNOT 1 33
[878] = CNOT 1 35
[879] = T 1
[880] = CNOT 1 61
[881] = CNOT 1 56
[882] = CNOT 1 53
[883] = CNOT 1 43
[884] = CNOT 1 36
[885] = CNOT 1 35
[886] = CNOT 1 9
[887] = CNOT 9 18
[888] = CNOT 9 23
[889] = CNOT 9 26
[890] = CNOT 9 35
[891] = CNOT 9 36
[892] = CNOT 9 43
[893] = CNOT 9 46
[894] = CNOT 9 53
[895] = CNOT 9 56
[896] = CNOT 9 61
[897] = CNOT 9 63
[898] = CNOT 9 64
[899] = CNOT 9 77
[900] = CNOT 9 79
[901] = CNOT 9 84
[902] = T 9
[903] = CNOT 9 84
[904] = CNOT 9 79
[905] = CNOT 9 77
[906] = CNOT 9 64
[907] = CNOT 9 63
[908] = CNOT 9 61
[909] = CNOT 9 56
[910] = CNOT 9 53
[911] = CNOT 9 46
[912] = CNOT 9 43
[913] = CNOT 9 36
[914] = CNOT 9 35
[915] = CNOT 9 26
[916] = CNOT 9 23
[917] = CNOT 9 18
[918] = CNOT 1 8
[919] = CNOT 1 9
[920] = CNOT 1 25
[921] = CNOT 1 27
[922] = CNOT 1 42
[923] = CNOT 1 62
[924] = CNOT 1 71
[925] = T 1
[926] = CNOT 1 71
[927] = CNOT 1 42
[928] = CNOT 1 8
[929] = CNOT 1 33
[930] = CNOT 1 41
[931] = T 1
[932] = CNOT 1 62
[933] = CNOT 1 41
[934] = CNOT 1 33
[935] = CNOT 1 27
[936] = CNOT 1 8
[937] = CNOT 1 15
[938] = CNOT 1 55
[939] = CNOT 1 65
[940] = CNOT 1 74
[941] = CNOT 1 75
[942] = T 1
[943] = CNOT 1 75
[944] = CNOT 1 74
[945] = CNOT 1 65
[946] = CNOT 1 55
[947] = CNOT 1 25
[948] = CNOT 1 15
[949] = CNOT 1 9
[950] = CNOT 1 8
[951] = CNOT 9 18
[952] = CNOT 9 23
[953] = CNOT 9 25
[954] = CNOT 9 36
[955] = CNOT 9 43
[956] = CNOT 9 46
[957] = CNOT 9 53
[958] = CNOT 9 56
[959] = CNOT 9 61
[960] = CNOT 9 63
[961] = CNOT 9 64
[962] = CNOT 9 77
[963] = CNOT 9 79
[964] = CNOT 9 84
[965] = T 9
[966] = CNOT 9 84
[967] = CNOT 9 79
[968] = CNOT 9 77
[969] = CNOT 9 64
[970] = CNOT 9 63
[971] = CNOT 9 61
[972] = CNOT 9 56
[973] = CNOT 9 53
[974] = CNOT 9 46
[975] = CNOT 9 43
[976] = CNOT 9 36
[977] = CNOT 9 25
[978] = CNOT 9 23
[979] = CNOT 9 18
[980] = CNOT 1 9
[981] = CNOT 1 33
[982] = CNOT 1 35
[983] = CNOT 1 36
[984] = CNOT 1 37
[985] = CNOT 1 43
[986] = CNOT 1 53
[987] = CNOT 1 56
[988] = CNOT 1 61
[989] = T 1
[990] = CNOT 1 61
[991] = CNOT 1 56
[992] = CNOT 1 53
[993] = CNOT 1 43
[994] = CNOT 1 37
[995] = CNOT 1 36
[996] = CNOT 1 35
[997] = CNOT 1 33
[998] = CNOT 1 9
[999] = CNOT 9 18
[1000] = CNOT 9 23
[1001] = CNOT 9 26
[1002] = CNOT 9 33
[1003] = CNOT 9 35
[1004] = CNOT 9 36
[1005] = CNOT 9 37
[1006] = CNOT 9 43
[1007] = CNOT 9 46
[1008] = CNOT 9 53
[1009] = CNOT 9 56
[1010] = CNOT 9 61
[1011] = CNOT 9 63
[1012] = CNOT 9 64
[1013] = CNOT 9 77
[1014] = CNOT 9 79
[1015] = CNOT 9 84
[1016] = T 9
[1017] = CNOT 9 35
[1018] = T 9
[1019] = CNOT 9 84
[1020] = CNOT 9 79
[1021] = CNOT 9 77
[1022] = CNOT 9 64
[1023] = CNOT 9 63
[1024] = CNOT 9 61
[1025] = CNOT 9 56
[1026] = CNOT 9 53
[1027] = CNOT 9 46
[1028] = CNOT 9 43
[1029] = CNOT 9 37
[1030] = CNOT 9 36
[1031] = CNOT 9 33
[1032] = CNOT 9 26
[1033] = CNOT 9 23
[1034] = CNOT 9 18
[1035] = CNOT 1 9
[1036] = CNOT 1 25
[1037] = CNOT 1 27
[1038] = CNOT 1 39
[1039] = CNOT 1 41
[1040] = CNOT 1 62
[1041] = T 1
[1042] = CNOT 1 39
[1043] = CNOT 1 33
[1044] = CNOT 1 38
[1045] = T 1
[1046] = CNOT 1 39
[1047] = T 1
[1048] = CNOT 1 38
[1049] = T 1
[1050] = CNOT 1 33
[1051] = CNOT 1 38
[1052] = T 1
[1053] = CNOT 1 62
[1054] = CNOT 1 41
[1055] = CNOT 1 39
[1056] = CNOT 1 38
[1057] = CNOT 1 27
[1058] = CNOT 1 11
[1059] = CNOT 1 43
[1060] = CNOT 1 48
[1061] = CNOT 1 56
[1062] = CNOT 1 61
[1063] = CNOT 1 82
[1064] = T 1
[1065] = CNOT 1 82
[1066] = CNOT 1 56
[1067] = CNOT 1 48
[1068] = CNOT 1 43
[1069] = CNOT 1 11
[1070] = CNOT 1 3
[1071] = CNOT 1 38
[1072] = CNOT 1 80
[1073] = T 1
[1074] = CNOT 1 80
[1075] = CNOT 1 38
[1076] = CNOT 1 26
[1077] = CNOT 1 25
[1078] = CNOT 1 9
[1079] = CNOT 1 3
[1080] = CNOT 9 18
[1081] = CNOT 9 43
[1082] = CNOT 9 50
[1083] = CNOT 9 53
[1084] = CNOT 9 56
[1085] = CNOT 9 61
[1086] = CNOT 9 63
[1087] = CNOT 9 70
[1088] = CNOT 9 79
[1089] = CNOT 9 84
[1090] = T 9
[1091] = CNOT 9 84
[1092] = CNOT 9 79
[1093] = CNOT 9 70
[1094] = CNOT 9 63
[1095] = CNOT 9 61
[1096] = CNOT 9 56
[1097] = CNOT 9 53
[1098] = CNOT 9 50
[1099] = CNOT 9 43
[1100] = CNOT 9 18
[1101] = CNOT 1 9
[1102] = CNOT 1 43
[1103] = CNOT 1 53
[1104] = CNOT 1 56
[1105] = T 1
[1106] = CNOT 1 61
[1107] = CNOT 1 56
[1108] = CNOT 1 53
[1109] = CNOT 1 43
[1110] = CNOT 1 25
[1111] = CNOT 1 26
[1112] = CNOT 1 27
[1113] = CNOT 1 38
[1114] = T 1
[1115] = CNOT 1 27
[1116] = CNOT 1 41
[1117] = CNOT 1 62
[1118] = T 1
[1119] = CNOT 1 38
[1120] = T 1
[1121] = CNOT 1 62
[1122] = CNOT 1 41
[1123] = CNOT 1 8
[1124] = CNOT 1 14
[1125] = CNOT 1 15
[1126] = CNOT 1 55
[1127] = CNOT 1 59
[1128] = CNOT 1 65
[1129] = CNOT 1 75
[1130] = T 1
[1131] = CNOT 1 75
[1132] = CNOT 1 65
[1133] = CNOT 1 59
[1134] = CNOT 1 55
[1135] = CNOT 1 15
[1136] = CNOT 1 14
[1137] = CNOT 1 8
[1138] = CNOT 1 2
[1139] = CNOT 1 3
[1140] = CNOT 1 38
[1141] = CNOT 1 43
[1142] = CNOT 1 61
[1143] = T 1
[1144] = CNOT 1 38
[1145] = T 1
[1146] = CNOT 1 3
[1147] = CNOT 1 2
[1148] = CNOT 1 38
[1149] = T 1
[1150] = CNOT 1 61
[1151] = CNOT 1 43
[1152] = CNOT 1 38
[1153] = CNOT 1 8
[1154] = CNOT 1 27
[1155] = CNOT 1 29
[1156] = CNOT 1 42
[1157] = T 1
[1158] = CNOT 1 27
[1159] = T 1
[1160] = CNOT 1 79
[1161] = CNOT 1 42
[1162] = CNOT 1 29
[1163] = CNOT 1 8
[1164] = CNOT 1 6
[1165] = CNOT 1 7
[1166] = CNOT 1 47
[1167] = CNOT 1 51
[1168] = CNOT 1 67
[1169] = CNOT 1 76
[1170] = T 1
[1171] = CNOT 1 67
[1172] = CNOT 1 9
[1173] = CNOT 1 6
[1174] = CNOT 9 18
[1175] = CNOT 9 25
[1176] = CNOT 9 26
[1177] = CNOT 9 31
[1178] = CNOT 9 40
[1179] = CNOT 9 43
[1180] = CNOT 9 45
[1181] = CNOT 9 53
[1182] = CNOT 9 56
[1183] = CNOT 9 61
[1184] = CNOT 9 63
[1185] = CNOT 9 64
[1186] = CNOT 9 77
[1187] = CNOT 9 79
[1188] = CNOT 9 84
[1189] = T 9
[1190] = CNOT 9 46
[1191] = T 9
[1192] = CNOT 9 84
[1193] = CNOT 9 79
[1194] = CNOT 9 77
[1195] = CNOT 9 64
[1196] = CNOT 9 63
[1197] = CNOT 9 61
[1198] = CNOT 9 56
[1199] = CNOT 9 53
[1200] = CNOT 9 46
[1201] = CNOT 9 45
[1202] = CNOT 9 43
[1203] = CNOT 9 40
[1204] = CNOT 9 31
[1205] = CNOT 9 26
[1206] = CNOT 9 25
[1207] = CNOT 9 18
[1208] = CNOT 1 9
[1209] = T 1
[1210] = CNOT 1 76
[1211] = CNOT 1 47
[1212] = CNOT 1 9
[1213] = CNOT 1 7
[1214] = CNOT 9 18
[1215] = CNOT 9 25
[1216] = CNOT 9 26
[1217] = CNOT 9 40
[1218] = CNOT 9 43
[1219] = CNOT 9 45
[1220] = CNOT 9 46
[1221] = CNOT 9 53
[1222] = CNOT 9 56
[1223] = CNOT 9 61
[1224] = CNOT 9 63
[1225] = CNOT 9 64
[1226] = CNOT 9 77
[1227] = CNOT 9 79
[1228] = CNOT 9 84
[1229] = T 9
[1230] = CNOT 9 40
[1231] = CNOT 9 26
[1232] = CNOT 9 25
[1233] = CNOT 1 4
[1234] = CNOT 1 5
[1235] = CNOT 1 17
[1236] = CNOT 1 20
[1237] = CNOT 1 40
[1238] = CNOT 1 44
[1239] = CNOT 1 61
[1240] = CNOT 1 79
[1241] = T 1
[1242] = CNOT 1 40
[1243] = T 1
[1244] = CNOT 1 18
[1245] = CNOT 1 17
[1246] = CNOT 1 40
[1247] = T 1
[1248] = CNOT 1 84
[1249] = CNOT 1 44
[1250] = CNOT 9 31
[1251] = T 9
[1252] = CNOT 9 31
[1253] = T 9
[1254] = CNOT 9 77
[1255] = CNOT 9 64
[1256] = CNOT 9 46
[1257] = CNOT 9 45
[1258] = CNOT 1 17
[1259] = CNOT 1 18
[1260] = T 1
[1261] = CNOT 1 51
[1262] = CNOT 1 40
[1263] = CNOT 1 20
[1264] = CNOT 1 17
[1265] = CNOT 1 4
[1266] = CNOT 9 26
[1267] = CNOT 9 69
[1268] = CNOT 9 70
[1269] = CNOT 9 73
[1270] = T 9
[1271] = CNOT 9 84
[1272] = CNOT 9 79
[1273] = CNOT 9 73
[1274] = CNOT 9 70
[1275] = CNOT 9 69
[1276] = CNOT 9 63
[1277] = CNOT 9 61
[1278] = CNOT 9 56
[1279] = CNOT 9 53
[1280] = CNOT 9 43
[1281] = CNOT 9 26
[1282] = CNOT 9 18
[1283] = CNOT 1 2
[1284] = CNOT 1 3
[1285] = CNOT 1 6
[1286] = CNOT 1 7
[1287] = CNOT 1 9
[1288] = CNOT 1 84
[1289] = T 1
[1290] = CNOT 1 3
[1291] = CNOT 1 2
[1292] = T 1
[1293] = CNOT 1 61
[1294] = CNOT 1 7
[1295] = CNOT 1 6
[1296] = CNOT 1 5
[1297] = CNOT 1 8
[1298] = CNOT 1 57
[1299] = CNOT 1 58
[1300] = CNOT 1 75
[1301] = T 1
[1302] = CNOT 1 75
[1303] = CNOT 1 58
[1304] = CNOT 1 57
[1305] = CNOT 1 8
[1306] = CNOT 1 10
[1307] = CNOT 1 13
[1308] = CNOT 1 14
[1309] = CNOT 1 15
[1310] = CNOT 1 43
[1311] = CNOT 1 56
[1312] = CNOT 1 61
[1313] = T 1
[1314] = CNOT 1 10
[1315] = CNOT 1 11
[1316] = T 1
[1317] = CNOT 1 61
[1318] = CNOT 1 56
[1319] = CNOT 1 43
[1320] = CNOT 1 15
[1321] = CNOT 1 14
[1322] = CNOT 1 13
[1323] = CNOT 1 11
[1324] = CNOT 1 8
[1325] = CNOT 1 58
[1326] = CNOT 1 65
[1327] = CNOT 1 75
[1328] = T 1
[1329] = CNOT 1 75
[1330] = CNOT 1 65
[1331] = CNOT 1 58
[1332] = CNOT 1 8
[1333] = CNOT 1 10
[1334] = CNOT 1 11
[1335] = CNOT 1 43
[1336] = CNOT 1 48
[1337] = CNOT 1 53
[1338] = CNOT 1 56
[1339] = CNOT 1 61
[1340] = T 1
[1341] = CNOT 1 48
[1342] = T 1
[1343] = CNOT 1 11
[1344] = CNOT 1 10
[1345] = CNOT 1 48
[1346] = T 1
[1347] = CNOT 1 56
[1348] = CNOT 1 53
[1349] = CNOT 1 48
[1350] = CNOT 1 43
[1351] = CNOT 1 9
[1352] = CNOT 1 4
[1353] = CNOT 1 5
[1354] = CNOT 1 17
[1355] = CNOT 1 21
[1356] = CNOT 1 22
[1357] = CNOT 1 51
[1358] = T 1
[1359] = CNOT 1 18
[1360] = CNOT 1 17
[1361] = T 1
[1362] = CNOT 1 84
[1363] = CNOT 1 22
[1364] = CNOT 1 20
[1365] = CNOT 1 54
[1366] = CNOT 1 68
[1367] = CNOT 1 78
[1368] = CNOT 1 83
[1369] = T 1
[1370] = CNOT 1 83
[1371] = CNOT 1 78
[1372] = CNOT 1 68
[1373] = CNOT 1 54
[1374] = CNOT 1 51
[1375] = CNOT 1 21
[1376] = CNOT 1 20
[1377] = CNOT 1 5
[1378] = CNOT 1 4
[1379] = CNOT 1 9
[1380] = CNOT 1 15
[1381] = CNOT 1 18
[1382] = CNOT 1 43
[1383] = CNOT 1 48
[1384] = CNOT 1 55
[1385] = CNOT 1 84
[1386] = T 1
[1387] = CNOT 1 79
[1388] = CNOT 1 61
[1389] = CNOT 1 55
[1390] = CNOT 1 48
[1391] = CNOT 1 43
[1392] = CNOT 1 15
[1393] = CNOT 1 3
[1394] = CNOT 1 7
[1395] = CNOT 1 38
[1396] = CNOT 1 47
[1397] = CNOT 1 51
[1398] = T 1
[1399] = CNOT 1 47
[1400] = CNOT 1 9
[1401] = CNOT 1 7
[1402] = CNOT 9 18
[1403] = CNOT 9 26
[1404] = CNOT 9 43
[1405] = CNOT 9 53
[1406] = CNOT 9 56
[1407] = CNOT 9 61
[1408] = CNOT 9 63
[1409] = CNOT 9 69
[1410] = CNOT 9 70
[1411] = CNOT 9 72
[1412] = CNOT 9 73
[1413] = CNOT 9 79
[1414] = CNOT 9 84
[1415] = T 9
[1416] = CNOT 9 84
[1417] = CNOT 9 79
[1418] = CNOT 9 73
[1419] = CNOT 9 72
[1420] = CNOT 9 70
[1421] = CNOT 9 69
[1422] = CNOT 9 63
[1423] = CNOT 9 61
[1424] = CNOT 9 56
[1425] = CNOT 9 53
[1426] = CNOT 9 43
[1427] = CNOT 9 26
[1428] = CNOT 9 18
[1429] = CNOT 1 9
[1430] = T 1
[1431] = CNOT 1 51
[1432] = CNOT 1 38
[1433] = CNOT 1 3
[1434] = CNOT 1 15
[1435] = CNOT 1 43
[1436] = CNOT 1 48
[1437] = CNOT 1 52
[1438] = CNOT 1 55
[1439] = CNOT 1 61
[1440] = CNOT 1 79
[1441] = CNOT 1 81
[1442] = T 1
[1443] = CNOT 1 48
[1444] = CNOT 1 11
[1445] = T 1
[1446] = CNOT 1 55
[1447] = CNOT 1 15
[1448] = CNOT 1 11
[1449] = CNOT 1 48
[1450] = T 1
[1451] = CNOT 1 81
[1452] = CNOT 1 52
[1453] = CNOT 1 48
[1454] = CNOT 1 43
[1455] = CNOT 1 18
[1456] = CNOT 1 9
[1457] = CNOT 1 4
[1458] = CNOT 1 5
[1459] = CNOT 1 20
[1460] = CNOT 1 44
[1461] = CNOT 1 51
[1462] = T 1
[1463] = CNOT 1 51
[1464] = CNOT 1 44
[1465] = CNOT 1 20
[1466] = CNOT 1 5
[1467] = CNOT 1 4
[1468] = CNOT 1 9
[1469] = CNOT 1 11
[1470] = CNOT 1 18
[1471] = CNOT 1 43
[1472] = CNOT 1 48
[1473] = T 1
[1474] = CNOT 1 61
[1475] = CNOT 1 48
[1476] = CNOT 1 43
[1477] = CNOT 1 11
[1478] = CNOT 1 8
[1479] = CNOT 1 58
[1480] = CNOT 1 74
[1481] = CNOT 1 75
[1482] = T 1
[1483] = CNOT 1 84
[1484] = CNOT 1 75
[1485] = CNOT 1 74
[1486] = CNOT 1 58
[1487] = CNOT 1 9
[1488] = CNOT 1 8
[1489] = CNOT 1 4
[1490] = CNOT 1 5
[1491] = CNOT 1 20
[1492] = CNOT 1 22
[1493] = CNOT 1 40
[1494] = CNOT 1 49
[1495] = CNOT 1 51
[1496] = CNOT 1 61
[1497] = T 1
[1498] = CNOT 1 40
[1499] = CNOT 1 18
[1500] = T 1
[1501] = CNOT 1 61
[1502] = CNOT 1 51
[1503] = CNOT 1 49
[1504] = CNOT 1 22
[1505] = CNOT 1 20
[1506] = CNOT 1 5
[1507] = CNOT 1 4
[1508] = CNOT 9 18
[1509] = CNOT 9 25
[1510] = CNOT 9 43
[1511] = CNOT 9 45
[1512] = CNOT 9 50
[1513] = CNOT 9 53
[1514] = CNOT 9 56
[1515] = CNOT 9 61
[1516] = CNOT 9 63
[1517] = CNOT 9 77
[1518] = CNOT 9 79
[1519] = CNOT 9 84
[1520] = T 9
[1521] = CNOT 9 84
[1522] = CNOT 9 79
[1523] = CNOT 9 77
[1524] = CNOT 9 63
[1525] = CNOT 9 61
[1526] = CNOT 9 56
[1527] = CNOT 9 53
[1528] = CNOT 9 50
[1529] = CNOT 9 45
[1530] = CNOT 9 43
[1531] = CNOT 9 25
[1532] = CNOT 9 18
[1533] = CNOT 1 8
[1534] = CNOT 1 9
[1535] = CNOT 1 15
[1536] = CNOT 1 18
[1537] = CNOT 1 55
[1538] = CNOT 1 65
[1539] = CNOT 1 75
[1540] = CNOT 1 84
[1541] = T 1
[1542] = CNOT 1 84
[1543] = CNOT 1 75
[1544] = CNOT 1 65
[1545] = CNOT 1 55
[1546] = CNOT 1 18
[1547] = CNOT 1 15
[1548] = CNOT 1 9
[1549] = CNOT 1 8
[1550] = CNOT 1 4
[1551] = CNOT 1 5
[1552] = CNOT 1 20
[1553] = CNOT 1 21
[1554] = CNOT 1 51
[1555] = CNOT 1 54
[1556] = CNOT 1 61
[1557] = CNOT 1 68
[1558] = CNOT 1 83
[1559] = T 1
[1560] = CNOT 1 83
[1561] = CNOT 1 68
[1562] = CNOT 1 61
[1563] = CNOT 1 54
[1564] = CNOT 1 51
[1565] = CNOT 1 21
[1566] = CNOT 1 20
[1567] = CNOT 1 5
[1568] = CNOT 1 4
[1569] = CNOT 1 8
[1570] = CNOT 1 9
[1571] = CNOT 1 14
[1572] = CNOT 1 18
[1573] = CNOT 1 59
[1574] = CNOT 1 65
[1575] = CNOT 1 75
[1576] = CNOT 1 84
[1577] = T 1
[1578] = CNOT 1 75
[1579] = CNOT 1 65
[1580] = CNOT 1 59
[1581] = CNOT 1 14
[1582] = CNOT 1 9
[1583] = CNOT 1 8
[1584] = CNOT 9 18
[1585] = CNOT 9 25
[1586] = CNOT 9 26
[1587] = CNOT 9 43
[1588] = CNOT 9 53
[1589] = CNOT 9 56
[1590] = CNOT 9 61
[1591] = CNOT 9 63
[1592] = CNOT 9 72
[1593] = CNOT 9 79
[1594] = CNOT 9 84
[1595] = T 9
[1596] = CNOT 9 84
[1597] = CNOT 9 79
[1598] = CNOT 9 72
[1599] = CNOT 9 63
[1600] = CNOT 9 61
[1601] = CNOT 9 56
[1602] = CNOT 9 53
[1603] = CNOT 9 43
[1604] = CNOT 9 26
[1605] = CNOT 9 25
[1606] = CNOT 9 18
[1607] = CNOT 1 9
[1608] = CNOT 1 43
[1609] = CNOT 1 56
[1610] = CNOT 1 61
[1611] = CNOT 1 82
[1612] = T 1
[1613] = CNOT 1 82
[1614] = CNOT 1 79
[1615] = CNOT 1 61
[1616] = CNOT 1 56
[1617] = CNOT 1 43
[1618] = CNOT 1 6
[1619] = CNOT 1 7
[1620] = CNOT 1 47
[1621] = CNOT 1 51
[1622] = CNOT 1 67
[1623] = T 1
[1624] = CNOT 1 67
[1625] = CNOT 1 51
[1626] = CNOT 1 47
[1627] = CNOT 1 7
[1628] = CNOT 1 6
[1629] = CNOT 1 8
[1630] = CNOT 1 14
[1631] = CNOT 1 15
[1632] = CNOT 1 55
[1633] = CNOT 1 59
[1634] = CNOT 1 65
[1635] = CNOT 1 74
[1636] = CNOT 1 75
[1637] = CNOT 1 79
[1638] = T 1
[1639] = CNOT 1 79
[1640] = CNOT 1 75
[1641] = CNOT 1 74
[1642] = CNOT 1 65
[1643] = CNOT 1 59
[1644] = CNOT 1 55
[1645] = CNOT 1 15
[1646] = CNOT 1 14
[1647] = CNOT 1 8
[1648] = CNOT 1 51
[1649] = CNOT 1 76
[1650] = T 1
[1651] = CNOT 1 76
[1652] = CNOT 1 51
[1653] = CNOT 1 8
[1654] = CNOT 1 38
[1655] = CNOT 1 42
[1656] = CNOT 1 57
[1657] = CNOT 1 79
[1658] = T 1
[1659] = CNOT 1 62
[1660] = T 1
[1661] = CNOT 1 38
[1662] = T 1
[1663] = CNOT 1 62
[1664] = CNOT 1 57
[1665] = CNOT 1 27
[1666] = CNOT 1 38
[1667] = T 1
[1668] = CNOT 1 42
[1669] = CNOT 1 38
[1670] = CNOT 1 27
[1671] = CNOT 1 8
[1672] = CNOT 1 3
[1673] = T 1
[1674] = CNOT 1 3
[1675] = CNOT 1 7
[1676] = CNOT 1 47
[1677] = T 1
[1678] = CNOT 1 79
[1679] = CNOT 1 47
[1680] = CNOT 1 7
[1681] = CNOT 1 6
[1682] = CNOT 1 51
[1683] = CNOT 1 67
[1684] = CNOT 1 76
[1685] = T 1
[1686] = CNOT 1 76
[1687] = CNOT 1 67
[1688] = CNOT 1 51
[1689] = CNOT 1 6
[1690] = CNOT 1 8
[1691] = CNOT 1 42
[1692] = CNOT 1 57
[1693] = CNOT 1 58
[1694] = CNOT 1 79
[1695] = T 1
[1696] = CNOT 1 57
[1697] = T 1
[1698] = CNOT 1 58
[1699] = CNOT 1 42
[1700] = CNOT 1 8
[1701] = CNOT 1 10
[1702] = CNOT 1 43
[1703] = CNOT 1 56
[1704] = CNOT 1 61
[1705] = CNOT 1 82
[1706] = T 1
[1707] = CNOT 1 82
[1708] = CNOT 1 63
[1709] = CNOT 1 56
[1710] = CNOT 1 43
[1711] = CNOT 1 18
[1712] = CNOT 1 10
[1713] = CNOT 1 9
[1714] = CNOT 9 18
[1715] = CNOT 9 25
[1716] = CNOT 9 26
[1717] = CNOT 9 40
[1718] = CNOT 9 43
[1719] = CNOT 9 45
[1720] = CNOT 9 53
[1721] = CNOT 9 56
[1722] = CNOT 9 60
[1723] = CNOT 9 61
[1724] = CNOT 9 63
[1725] = CNOT 9 77
[1726] = CNOT 9 79
[1727] = CNOT 9 84
[1728] = T 9
[1729] = CNOT 9 64
[1730] = T 9
[1731] = CNOT 9 40
[1732] = T 9
[1733] = CNOT 9 64
[1734] = CNOT 9 60
[1735] = CNOT 9 40
[1736] = T 9
[1737] = CNOT 9 77
[1738] = CNOT 9 45
[1739] = CNOT 9 40
[1740] = CNOT 9 26
[1741] = CNOT 1 4
[1742] = CNOT 1 5
[1743] = CNOT 1 20
[1744] = CNOT 1 51
[1745] = T 1
[1746] = CNOT 1 40
[1747] = T 1
[1748] = CNOT 1 18
[1749] = T 1
[1750] = CNOT 1 51
[1751] = CNOT 1 40
[1752] = CNOT 1 20
[1753] = CNOT 1 5
[1754] = CNOT 1 4
[1755] = CNOT 9 50
[1756] = CNOT 9 60
[1757] = T 9
[1758] = CNOT 9 60
[1759] = CNOT 9 25
[1760] = CNOT 9 70
[1761] = CNOT 9 72
[1762] = T 9
[1763] = CNOT 9 72
[1764] = CNOT 9 70
[1765] = CNOT 9 50
[1766] = CNOT 9 25
[1767] = CNOT 9 26
[1768] = CNOT 9 60
[1769] = T 9
[1770] = CNOT 9 84
[1771] = CNOT 9 79
[1772] = CNOT 9 63
[1773] = CNOT 9 61
[1774] = CNOT 9 60
[1775] = CNOT 9 56
[1776] = CNOT 9 53
[1777] = CNOT 9 43
[1778] = CNOT 9 26
[1779] = CNOT 9 25
[1780] = CNOT 9 18
[1781] = CNOT 1 9
[1782] = CNOT 1 11
[1783] = CNOT 1 12
[1784] = CNOT 1 13
[1785] = CNOT 1 14
[1786] = CNOT 1 30
[1787] = CNOT 1 43
[1788] = CNOT 1 52
[1789] = CNOT 1 56
[1790] = CNOT 1 63
[1791] = T 1
[1792] = CNOT 1 61
[1793] = CNOT 1 56
[1794] = CNOT 1 52
[1795] = CNOT 1 43
[1796] = CNOT 1 30
[1797] = CNOT 1 14
[1798] = CNOT 1 13
[1799] = CNOT 1 12
[1800] = CNOT 1 11
[1801] = CNOT 1 8
[1802] = CNOT 1 27
[1803] = CNOT 1 42
[1804] = CNOT 1 62
[1805] = CNOT 1 66
[1806] = T 1
[1807] = CNOT 1 79
[1808] = CNOT 1 66
[1809] = CNOT 1 62
[1810] = CNOT 1 42
[1811] = CNOT 1 27
[1812] = CNOT 1 8
[1813] = CNOT 1 6
[1814] = CNOT 1 51
[1815] = CNOT 1 67
[1816] = T 1
[1817] = CNOT 1 84
[1818] = CNOT 1 77
[1819] = CNOT 1 67
[1820] = CNOT 1 64
[1821] = CNOT 1 63
[1822] = CNOT 1 51
[1823] = CNOT 1 46
[1824] = CNOT 1 26
[1825] = CNOT 1 25
[1826] = CNOT 1 23
[1827] = CNOT 1 18
[1828] = CNOT 1 9
[1829] = CNOT 1 6
[1830] = Z 1
[1831] = S 3
[1832] = S 4
[1833] = Z 4
[1834] = Z 5
[1835] = Z 6
[1836] = S 7
[1837] = Z 9
[1838] = S 10
[1839] = S 11
[1840] = Z 11
[1841] = S 12
[1842] = Z 13
[1843] = S 14
[1844] = Z 14
[1845] = S 16
[1846] = Z 17
[1847] = S 20
[1848] = S 21
[1849] = Z 21
[1850] = S 22
[1851] = Z 22
[1852] = S 23
[1853] = Z 23
[1854] = Z 24
[1855] = Z 25
[1856] = Z 26
[1857] = S 27
[1858] = Z 30
[1859] = Z 31
[1860] = S 32
[1861] = Z 34
[1862] = S 35
[1863] = Z 35
[1864] = Z 37
[1865] = S 38
[1866] = S 40
[1867] = S 43
[1868] = S 44
[1869] = Z 44
[1870] = Z 45
[1871] = S 46
[1872] = Z 46
[1873] = S 47
[1874] = Z 47
[1875] = Z 48
[1876] = S 50
[1877] = S 51
[1878] = S 52
[1879] = S 53
[1880] = Z 53
[1881] = Z 54
[1882] = S 56
[1883] = Z 56
[1884] = S 60
[1885] = S 61
[1886] = S 62
[1887] = S 63
[1888] = Z 63
[1889] = S 65
[1890] = Z 66
[1891] = S 67
[1892] = Z 67
[1893] = S 68
[1894] = Z 68
[1895] = Z 70
[1896] = Z 71
[1897] = S 72
[1898] = S 74
[1899] = Z 74
[1900] = S 75
[1901] = Z 75
[1902] = S 77
[1903] = Z 79
[1904] = S 80
[1905] = S 82
[1906] = Z 83
[1907] = S 84
[1908] = CNOT 1 5
[1909] = Z 1
[1910] = CNOT 1 5
[1911] = CNOT 1 6
[1912] = S 1
[1913] = Z 1
[1914] = CNOT 1 6
[1915] = CNOT 1 7
[1916] = Z 1
[1917] = CNOT 1 7
[1918] = CNOT 1 8
[1919] = Z 1
[1920] = CNOT 1 8
[1921] = CNOT 1 9
[1922] = S 1
[1923] = CNOT 1 9
[1924] = CNOT 1 10
[1925] = S 1
[1926] = Z 1
[1927] = CNOT 1 10
[1928] = CNOT 1 11
[1929] = S 1
[1930] = Z 1
[1931] = CNOT 1 11
[1932] = CNOT 1 12
[1933] = S 1
[1934] = CNOT 1 12
[1935] = CNOT 1 13
[1936] = S 1
[1937] = Z 1
[1938] = CNOT 1 13
[1939] = CNOT 1 14
[1940] = Z 1
[1941] = CNOT 1 14
[1942] = CNOT 1 15
[1943] = S 1
[1944] = CNOT 1 15
[1945] = CNOT 1 17
[1946] = Z 1
[1947] = CNOT 1 17
[1948] = CNOT 1 18
[1949] = Z 1
[1950] = CNOT 1 18
[1951] = CNOT 1 19
[1952] = Z 1
[1953] = CNOT 1 19
[1954] = CNOT 1 21
[1955] = S 1
[1956] = CNOT 1 21
[1957] = CNOT 1 22
[1958] = Z 1
[1959] = CNOT 1 22
[1960] = CNOT 1 23
[1961] = Z 1
[1962] = CNOT 1 23
[1963] = CNOT 1 24
[1964] = S 1
[1965] = Z 1
[1966] = CNOT 1 24
[1967] = CNOT 1 25
[1968] = S 1
[1969] = CNOT 1 25
[1970] = CNOT 1 26
[1971] = S 1
[1972] = Z 1
[1973] = CNOT 1 26
[1974] = CNOT 1 27
[1975] = Z 1
[1976] = CNOT 1 27
[1977] = CNOT 1 28
[1978] = S 1
[1979] = CNOT 1 28
[1980] = CNOT 1 29
[1981] = S 1
[1982] = Z 1
[1983] = CNOT 1 29
[1984] = CNOT 1 30
[1985] = Z 1
[1986] = CNOT 1 30
[1987] = CNOT 1 32
[1988] = S 1
[1989] = Z 1
[1990] = CNOT 1 32
[1991] = CNOT 1 33
[1992] = S 1
[1993] = CNOT 1 33
[1994] = CNOT 1 37
[1995] = S 1
[1996] = CNOT 1 37
[1997] = CNOT 1 40
[1998] = Z 1
[1999] = CNOT 1 40
[2000] = CNOT 1 41
[2001] = S 1
[2002] = CNOT 1 41
[2003] = CNOT 1 42
[2004] = Z 1
[2005] = CNOT 1 42
[2006] = CNOT 1 43
[2007] = S 1
[2008] = CNOT 1 43
[2009] = CNOT 1 44
[2010] = S 1
[2011] = CNOT 1 44
[2012] = CNOT 1 46
[2013] = Z 1
[2014] = CNOT 1 46
[2015] = CNOT 1 48
[2016] = S 1
[2017] = Z 1
[2018] = CNOT 1 48
[2019] = CNOT 1 49
[2020] = Z 1
[2021] = CNOT 1 49
[2022] = CNOT 1 52
[2023] = S 1
[2024] = Z 1
[2025] = CNOT 1 52
[2026] = CNOT 1 53
[2027] = S 1
[2028] = CNOT 1 53
[2029] = CNOT 1 54
[2030] = Z 1
[2031] = CNOT 1 54
[2032] = CNOT 1 55
[2033] = S 1
[2034] = CNOT 1 55
[2035] = CNOT 1 56
[2036] = S 1
[2037] = CNOT 1 56
[2038] = CNOT 1 57
[2039] = S 1
[2040] = CNOT 1 57
[2041] = CNOT 1 58
[2042] = S 1
[2043] = CNOT 1 58
[2044] = CNOT 1 59
[2045] = S 1
[2046] = Z 1
[2047] = CNOT 1 59
[2048] = CNOT 1 62
[2049] = S 1
[2050] = Z 1
[2051] = CNOT 1 62
[2052] = CNOT 1 63
[2053] = Z 1
[2054] = CNOT 1 63
[2055] = CNOT 1 64
[2056] = Z 1
[2057] = CNOT 1 64
[2058] = CNOT 1 65
[2059] = S 1
[2060] = Z 1
[2061] = CNOT 1 65
[2062] = CNOT 1 66
[2063] = Z 1
[2064] = CNOT 1 66
[2065] = CNOT 1 67
[2066] = S 1
[2067] = CNOT 1 67
[2068] = CNOT 1 68
[2069] = S 1
[2070] = CNOT 1 68
[2071] = CNOT 1 71
[2072] = Z 1
[2073] = CNOT 1 71
[2074] = CNOT 1 74
[2075] = S 1
[2076] = CNOT 1 74
[2077] = CNOT 1 77
[2078] = Z 1
[2079] = CNOT 1 77
[2080] = CNOT 1 79
[2081] = Z 1
[2082] = CNOT 1 79
[2083] = CNOT 1 80
[2084] = S 1
[2085] = CNOT 1 80
[2086] = CNOT 1 81
[2087] = Z 1
[2088] = CNOT 1 81
[2089] = CNOT 1 82
[2090] = S 1
[2091] = CNOT 1 82
[2092] = CNOT 1 84
[2093] = S 1
[2094] = Z 1
[2095] = CNOT 1 84
[2096] = CNOT 2 3
[2097] = Z 2
[2098] = CNOT 2 3
[2099] = CNOT 2 4
[2100] = S 2
[2101] = CNOT 2 4
[2102] = CNOT 2 5
[2103] = S 2
[2104] = CNOT 2 5
[2105] = CNOT 2 6
[2106] = S 2
[2107] = CNOT 2 6
[2108] = CNOT 2 7
[2109] = S 2
[2110] = CNOT 2 7
[2111] = CNOT 2 43
[2112] = S 2
[2113] = Z 2
[2114] = CNOT 2 43
[2115] = CNOT 2 51
[2116] = S 2
[2117] = CNOT 2 51
[2118] = CNOT 2 80
[2119] = S 2
[2120] = CNOT 2 80
[2121] = CNOT 3 4
[2122] = S 3
[2123] = CNOT 3 4
[2124] = CNOT 3 5
[2125] = S 3
[2126] = CNOT 3 5
[2127] = CNOT 3 6
[2128] = S 3
[2129] = CNOT 3 6
[2130] = CNOT 3 7
[2131] = S 3
[2132] = Z 3
[2133] = CNOT 3 7
[2134] = CNOT 3 38
[2135] = S 3
[2136] = CNOT 3 38
[2137] = CNOT 3 43
[2138] = S 3
[2139] = Z 3
[2140] = CNOT 3 43
[2141] = CNOT 3 47
[2142] = Z 3
[2143] = CNOT 3 47
[2144] = CNOT 3 51
[2145] = Z 3
[2146] = CNOT 3 51
[2147] = CNOT 3 61
[2148] = S 3
[2149] = CNOT 3 61
[2150] = CNOT 3 79
[2151] = S 3
[2152] = CNOT 3 79
[2153] = CNOT 4 6
[2154] = S 4
[2155] = CNOT 4 6
[2156] = CNOT 4 7
[2157] = S 4
[2158] = CNOT 4 7
[2159] = CNOT 4 9
[2160] = S 4
[2161] = Z 4
[2162] = CNOT 4 9
[2163] = CNOT 4 17
[2164] = Z 4
[2165] = CNOT 4 17
[2166] = CNOT 4 19
[2167] = Z 4
[2168] = CNOT 4 19
[2169] = CNOT 4 21
[2170] = S 4
[2171] = CNOT 4 21
[2172] = CNOT 4 22
[2173] = Z 4
[2174] = CNOT 4 22
[2175] = CNOT 4 24
[2176] = S 4
[2177] = Z 4
[2178] = CNOT 4 24
[2179] = CNOT 4 27
[2180] = S 4
[2181] = CNOT 4 27
[2182] = CNOT 4 28
[2183] = S 4
[2184] = CNOT 4 28
[2185] = CNOT 4 32
[2186] = S 4
[2187] = Z 4
[2188] = CNOT 4 32
[2189] = CNOT 4 40
[2190] = Z 4
[2191] = CNOT 4 40
[2192] = CNOT 4 44
[2193] = S 4
[2194] = CNOT 4 44
[2195] = CNOT 4 49
[2196] = Z 4
[2197] = CNOT 4 49
[2198] = CNOT 4 54
[2199] = Z 4
[2200] = CNOT 4 54
[2201] = CNOT 4 68
[2202] = S 4
[2203] = CNOT 4 68
[2204] = CNOT 4 84
[2205] = S 4
[2206] = CNOT 4 84
[2207] = CNOT 5 6
[2208] = Z 5
[2209] = CNOT 5 6
[2210] = CNOT 5 7
[2211] = Z 5
[2212] = CNOT 5 7
[2213] = CNOT 5 9
[2214] = S 5
[2215] = CNOT 5 9
[2216] = CNOT 5 17
[2217] = Z 5
[2218] = CNOT 5 17
[2219] = CNOT 5 18
[2220] = Z 5
[2221] = CNOT 5 18
[2222] = CNOT 5 19
[2223] = Z 5
[2224] = CNOT 5 19
[2225] = CNOT 5 21
[2226] = S 5
[2227] = CNOT 5 21
[2228] = CNOT 5 22
[2229] = Z 5
[2230] = CNOT 5 22
[2231] = CNOT 5 23
[2232] = Z 5
[2233] = CNOT 5 23
[2234] = CNOT 5 24
[2235] = S 5
[2236] = Z 5
[2237] = CNOT 5 24
[2238] = CNOT 5 25
[2239] = Z 5
[2240] = CNOT 5 25
[2241] = CNOT 5 26
[2242] = Z 5
[2243] = CNOT 5 26
[2244] = CNOT 5 28
[2245] = Z 5
[2246] = CNOT 5 28
[2247] = CNOT 5 32
[2248] = S 5
[2249] = Z 5
[2250] = CNOT 5 32
[2251] = CNOT 5 40
[2252] = Z 5
[2253] = CNOT 5 40
[2254] = CNOT 5 44
[2255] = S 5
[2256] = CNOT 5 44
[2257] = CNOT 5 46
[2258] = Z 5
[2259] = CNOT 5 46
[2260] = CNOT 5 49
[2261] = Z 5
[2262] = CNOT 5 49
[2263] = CNOT 5 54
[2264] = Z 5
[2265] = CNOT 5 54
[2266] = CNOT 5 61
[2267] = Z 5
[2268] = CNOT 5 61
[2269] = CNOT 5 63
[2270] = Z 5
[2271] = CNOT 5 63
[2272] = CNOT 5 64
[2273] = Z 5
[2274] = CNOT 5 64
[2275] = CNOT 5 68
[2276] = S 5
[2277] = CNOT 5 68
[2278] = CNOT 5 77
[2279] = Z 5
[2280] = CNOT 5 77
[2281] = CNOT 5 79
[2282] = Z 5
[2283] = CNOT 5 79
[2284] = CNOT 5 84
[2285] = S 5
[2286] = Z 5
[2287] = CNOT 5 84
[2288] = CNOT 6 7
[2289] = S 6
[2290] = CNOT 6 7
[2291] = CNOT 6 9
[2292] = Z 6
[2293] = CNOT 6 9
[2294] = CNOT 6 18
[2295] = S 6
[2296] = Z 6
[2297] = CNOT 6 18
[2298] = CNOT 6 23
[2299] = S 6
[2300] = Z 6
[2301] = CNOT 6 23
[2302] = CNOT 6 25
[2303] = S 6
[2304] = Z 6
[2305] = CNOT 6 25
[2306] = CNOT 6 26
[2307] = S 6
[2308] = Z 6
[2309] = CNOT 6 26
[2310] = CNOT 6 46
[2311] = S 6
[2312] = Z 6
[2313] = CNOT 6 46
[2314] = CNOT 6 51
[2315] = Z 6
[2316] = CNOT 6 51
[2317] = CNOT 6 61
[2318] = Z 6
[2319] = CNOT 6 61
[2320] = CNOT 6 63
[2321] = S 6
[2322] = Z 6
[2323] = CNOT 6 63
[2324] = CNOT 6 64
[2325] = S 6
[2326] = Z 6
[2327] = CNOT 6 64
[2328] = CNOT 6 67
[2329] = S 6
[2330] = CNOT 6 67
[2331] = CNOT 6 76
[2332] = S 6
[2333] = CNOT 6 76
[2334] = CNOT 6 77
[2335] = S 6
[2336] = Z 6
[2337] = CNOT 6 77
[2338] = CNOT 6 79
[2339] = Z 6
[2340] = CNOT 6 79
[2341] = CNOT 6 84
[2342] = S 6
[2343] = Z 6
[2344] = CNOT 6 84
[2345] = CNOT 7 9
[2346] = S 7
[2347] = CNOT 7 9
[2348] = CNOT 7 18
[2349] = Z 7
[2350] = CNOT 7 18
[2351] = CNOT 7 23
[2352] = Z 7
[2353] = CNOT 7 23
[2354] = CNOT 7 25
[2355] = Z 7
[2356] = CNOT 7 25
[2357] = CNOT 7 26
[2358] = Z 7
[2359] = CNOT 7 26
[2360] = CNOT 7 38
[2361] = Z 7
[2362] = CNOT 7 38
[2363] = CNOT 7 46
[2364] = Z 7
[2365] = CNOT 7 46
[2366] = CNOT 7 51
[2367] = Z 7
[2368] = CNOT 7 51
[2369] = CNOT 7 61
[2370] = Z 7
[2371] = CNOT 7 61
[2372] = CNOT 7 63
[2373] = Z 7
[2374] = CNOT 7 63
[2375] = CNOT 7 64
[2376] = Z 7
[2377] = CNOT 7 64
[2378] = CNOT 7 67
[2379] = S 7
[2380] = Z 7
[2381] = CNOT 7 67
[2382] = CNOT 7 76
[2383] = S 7
[2384] = Z 7
[2385] = CNOT 7 76
[2386] = CNOT 7 77
[2387] = Z 7
[2388] = CNOT 7 77
[2389] = CNOT 7 79
[2390] = S 7
[2391] = Z 7
[2392] = CNOT 7 79
[2393] = CNOT 7 84
[2394] = Z 7
[2395] = CNOT 7 84
[2396] = CNOT 8 9
[2397] = Z 8
[2398] = CNOT 8 9
[2399] = CNOT 8 14
[2400] = S 8
[2401] = Z 8
[2402] = CNOT 8 14
[2403] = CNOT 8 15
[2404] = S 8
[2405] = Z 8
[2406] = CNOT 8 15
[2407] = CNOT 8 18
[2408] = Z 8
[2409] = CNOT 8 18
[2410] = CNOT 8 23
[2411] = Z 8
[2412] = CNOT 8 23
[2413] = CNOT 8 25
[2414] = Z 8
[2415] = CNOT 8 25
[2416] = CNOT 8 26
[2417] = Z 8
[2418] = CNOT 8 26
[2419] = CNOT 8 27
[2420] = S 8
[2421] = CNOT 8 27
[2422] = CNOT 8 29
[2423] = Z 8
[2424] = CNOT 8 29
[2425] = CNOT 8 33
[2426] = S 8
[2427] = CNOT 8 33
[2428] = CNOT 8 38
[2429] = S 8
[2430] = CNOT 8 38
[2431] = CNOT 8 42
[2432] = Z 8
[2433] = CNOT 8 42
[2434] = CNOT 8 46
[2435] = Z 8
[2436] = CNOT 8 46
[2437] = CNOT 8 55
[2438] = S 8
[2439] = Z 8
[2440] = CNOT 8 55
[2441] = CNOT 8 57
[2442] = S 8
[2443] = CNOT 8 57
[2444] = CNOT 8 58
[2445] = S 8
[2446] = CNOT 8 58
[2447] = CNOT 8 59
[2448] = S 8
[2449] = Z 8
[2450] = CNOT 8 59
[2451] = CNOT 8 62
[2452] = Z 8
[2453] = CNOT 8 62
[2454] = CNOT 8 63
[2455] = Z 8
[2456] = CNOT 8 63
[2457] = CNOT 8 64
[2458] = Z 8
[2459] = CNOT 8 64
[2460] = CNOT 8 65
[2461] = S 8
[2462] = Z 8
[2463] = CNOT 8 65
[2464] = CNOT 8 66
[2465] = Z 8
[2466] = CNOT 8 66
[2467] = CNOT 8 71
[2468] = Z 8
[2469] = CNOT 8 71
[2470] = CNOT 8 74
[2471] = S 8
[2472] = CNOT 8 74
[2473] = CNOT 8 77
[2474] = Z 8
[2475] = CNOT 8 77
[2476] = CNOT 8 79
[2477] = Z 8
[2478] = CNOT 8 79
[2479] = CNOT 8 84
[2480] = Z 8
[2481] = CNOT 8 84
[2482] = CNOT 9 10
[2483] = S 9
[2484] = Z 9
[2485] = CNOT 9 10
[2486] = CNOT 9 11
[2487] = S 9
[2488] = Z 9
[2489] = CNOT 9 11
[2490] = CNOT 9 12
[2491] = S 9
[2492] = CNOT 9 12
[2493] = CNOT 9 13
[2494] = S 9
[2495] = Z 9
[2496] = CNOT 9 13
[2497] = CNOT 9 14
[2498] = Z 9
[2499] = CNOT 9 14
[2500] = CNOT 9 15
[2501] = S 9
[2502] = CNOT 9 15
[2503] = CNOT 9 18
[2504] = S 9
[2505] = CNOT 9 18
[2506] = CNOT 9 23
[2507] = Z 9
[2508] = CNOT 9 23
[2509] = CNOT 9 26
[2510] = S 9
[2511] = Z 9
[2512] = CNOT 9 26
[2513] = CNOT 9 27
[2514] = Z 9
[2515] = CNOT 9 27
[2516] = CNOT 9 29
[2517] = S 9
[2518] = Z 9
[2519] = CNOT 9 29
[2520] = CNOT 9 30
[2521] = Z 9
[2522] = CNOT 9 30
[2523] = CNOT 9 31
[2524] = S 9
[2525] = Z 9
[2526] = CNOT 9 31
[2527] = CNOT 9 33
[2528] = Z 9
[2529] = CNOT 9 33
[2530] = CNOT 9 34
[2531] = S 9
[2532] = CNOT 9 34
[2533] = CNOT 9 35
[2534] = S 9
[2535] = CNOT 9 35
[2536] = CNOT 9 37
[2537] = Z 9
[2538] = CNOT 9 37
[2539] = CNOT 9 38
[2540] = S 9
[2541] = Z 9
[2542] = CNOT 9 38
[2543] = CNOT 9 41
[2544] = S 9
[2545] = CNOT 9 41
[2546] = CNOT 9 42
[2547] = Z 9
[2548] = CNOT 9 42
[2549] = CNOT 9 43
[2550] = S 9
[2551] = CNOT 9 43
[2552] = CNOT 9 45
[2553] = S 9
[2554] = Z 9
[2555] = CNOT 9 45
[2556] = CNOT 9 46
[2557] = Z 9
[2558] = CNOT 9 46
[2559] = CNOT 9 48
[2560] = S 9
[2561] = Z 9
[2562] = CNOT 9 48
[2563] = CNOT 9 50
[2564] = Z 9
[2565] = CNOT 9 50
[2566] = CNOT 9 51
[2567] = S 9
[2568] = Z 9
[2569] = CNOT 9 51
[2570] = CNOT 9 52
[2571] = S 9
[2572] = Z 9
[2573] = CNOT 9 52
[2574] = CNOT 9 53
[2575] = S 9
[2576] = CNOT 9 53
[2577] = CNOT 9 55
[2578] = S 9
[2579] = CNOT 9 55
[2580] = CNOT 9 56
[2581] = S 9
[2582] = CNOT 9 56
[2583] = CNOT 9 57
[2584] = S 9
[2585] = CNOT 9 57
[2586] = CNOT 9 58
[2587] = S 9
[2588] = CNOT 9 58
[2589] = CNOT 9 59
[2590] = S 9
[2591] = Z 9
[2592] = CNOT 9 59
[2593] = CNOT 9 60
[2594] = S 9
[2595] = Z 9
[2596] = CNOT 9 60
[2597] = CNOT 9 61
[2598] = S 9
[2599] = Z 9
[2600] = CNOT 9 61
[2601] = CNOT 9 62
[2602] = S 9
[2603] = Z 9
[2604] = CNOT 9 62
[2605] = CNOT 9 63
[2606] = S 9
[2607] = CNOT 9 63
[2608] = CNOT 9 64
[2609] = S 9
[2610] = Z 9
[2611] = CNOT 9 64
[2612] = CNOT 9 65
[2613] = S 9
[2614] = Z 9
[2615] = CNOT 9 65
[2616] = CNOT 9 66
[2617] = Z 9
[2618] = CNOT 9 66
[2619] = CNOT 9 67
[2620] = S 9
[2621] = CNOT 9 67
[2622] = CNOT 9 70
[2623] = Z 9
[2624] = CNOT 9 70
[2625] = CNOT 9 71
[2626] = Z 9
[2627] = CNOT 9 71
[2628] = CNOT 9 72
[2629] = S 9
[2630] = Z 9
[2631] = CNOT 9 72
[2632] = CNOT 9 74
[2633] = S 9
[2634] = CNOT 9 74
[2635] = CNOT 9 77
[2636] = S 9
[2637] = CNOT 9 77
[2638] = CNOT 9 79
[2639] = S 9
[2640] = CNOT 9 79
[2641] = CNOT 9 80
[2642] = S 9
[2643] = CNOT 9 80
[2644] = CNOT 9 81
[2645] = Z 9
[2646] = CNOT 9 81
[2647] = CNOT 9 82
[2648] = S 9
[2649] = CNOT 9 82
[2650] = CNOT 9 84
[2651] = S 9
[2652] = CNOT 9 84
[2653] = CNOT 10 11
[2654] = S 10
[2655] = Z 10
[2656] = CNOT 10 11
[2657] = CNOT 10 12
[2658] = Z 10
[2659] = CNOT 10 12
[2660] = CNOT 10 14
[2661] = Z 10
[2662] = CNOT 10 14
[2663] = CNOT 10 15
[2664] = Z 10
[2665] = CNOT 10 15
[2666] = CNOT 10 18
[2667] = S 10
[2668] = Z 10
[2669] = CNOT 10 18
[2670] = CNOT 10 23
[2671] = S 10
[2672] = Z 10
[2673] = CNOT 10 23
[2674] = CNOT 10 25
[2675] = S 10
[2676] = Z 10
[2677] = CNOT 10 25
[2678] = CNOT 10 26
[2679] = S 10
[2680] = Z 10
[2681] = CNOT 10 26
[2682] = CNOT 10 43
[2683] = S 10
[2684] = Z 10
[2685] = CNOT 10 43
[2686] = CNOT 10 46
[2687] = S 10
[2688] = Z 10
[2689] = CNOT 10 46
[2690] = CNOT 10 48
[2691] = Z 10
[2692] = CNOT 10 48
[2693] = CNOT 10 52
[2694] = Z 10
[2695] = CNOT 10 52
[2696] = CNOT 10 53
[2697] = S 10
[2698] = CNOT 10 53
[2699] = CNOT 10 56
[2700] = S 10
[2701] = Z 10
[2702] = CNOT 10 56
[2703] = CNOT 10 61
[2704] = S 10
[2705] = Z 10
[2706] = CNOT 10 61
[2707] = CNOT 10 63
[2708] = S 10
[2709] = Z 10
[2710] = CNOT 10 63
[2711] = CNOT 10 64
[2712] = S 10
[2713] = Z 10
[2714] = CNOT 10 64
[2715] = CNOT 10 77
[2716] = S 10
[2717] = Z 10
[2718] = CNOT 10 77
[2719] = CNOT 10 79
[2720] = S 10
[2721] = Z 10
[2722] = CNOT 10 79
[2723] = CNOT 10 82
[2724] = S 10
[2725] = Z 10
[2726] = CNOT 10 82
[2727] = CNOT 10 84
[2728] = S 10
[2729] = Z 10
[2730] = CNOT 10 84
[2731] = CNOT 11 12
[2732] = S 11
[2733] = CNOT 11 12
[2734] = CNOT 11 13
[2735] = S 11
[2736] = Z 11
[2737] = CNOT 11 13
[2738] = CNOT 11 14
[2739] = S 11
[2740] = Z 11
[2741] = CNOT 11 14
[2742] = CNOT 11 18
[2743] = S 11
[2744] = Z 11
[2745] = CNOT 11 18
[2746] = CNOT 11 23
[2747] = S 11
[2748] = Z 11
[2749] = CNOT 11 23
[2750] = CNOT 11 25
[2751] = S 11
[2752] = Z 11
[2753] = CNOT 11 25
[2754] = CNOT 11 26
[2755] = S 11
[2756] = Z 11
[2757] = CNOT 11 26
[2758] = CNOT 11 30
[2759] = Z 11
[2760] = CNOT 11 30
[2761] = CNOT 11 43
[2762] = S 11
[2763] = Z 11
[2764] = CNOT 11 43
[2765] = CNOT 11 46
[2766] = S 11
[2767] = Z 11
[2768] = CNOT 11 46
[2769] = CNOT 11 48
[2770] = Z 11
[2771] = CNOT 11 48
[2772] = CNOT 11 52
[2773] = S 11
[2774] = CNOT 11 52
[2775] = CNOT 11 53
[2776] = S 11
[2777] = CNOT 11 53
[2778] = CNOT 11 56
[2779] = S 11
[2780] = Z 11
[2781] = CNOT 11 56
[2782] = CNOT 11 61
[2783] = S 11
[2784] = Z 11
[2785] = CNOT 11 61
[2786] = CNOT 11 63
[2787] = S 11
[2788] = Z 11
[2789] = CNOT 11 63
[2790] = CNOT 11 64
[2791] = S 11
[2792] = Z 11
[2793] = CNOT 11 64
[2794] = CNOT 11 77
[2795] = S 11
[2796] = Z 11
[2797] = CNOT 11 77
[2798] = CNOT 11 79
[2799] = S 11
[2800] = Z 11
[2801] = CNOT 11 79
[2802] = CNOT 11 82
[2803] = Z 11
[2804] = CNOT 11 82
[2805] = CNOT 11 84
[2806] = S 11
[2807] = Z 11
[2808] = CNOT 11 84
[2809] = CNOT 12 13
[2810] = S 12
[2811] = CNOT 12 13
[2812] = CNOT 12 15
[2813] = S 12
[2814] = CNOT 12 15
[2815] = CNOT 12 18
[2816] = S 12
[2817] = CNOT 12 18
[2818] = CNOT 12 23
[2819] = S 12
[2820] = CNOT 12 23
[2821] = CNOT 12 25
[2822] = S 12
[2823] = CNOT 12 25
[2824] = CNOT 12 26
[2825] = S 12
[2826] = CNOT 12 26
[2827] = CNOT 12 29
[2828] = S 12
[2829] = CNOT 12 29
[2830] = CNOT 12 30
[2831] = Z 12
[2832] = CNOT 12 30
[2833] = CNOT 12 43
[2834] = S 12
[2835] = CNOT 12 43
[2836] = CNOT 12 46
[2837] = S 12
[2838] = CNOT 12 46
[2839] = CNOT 12 52
[2840] = S 12
[2841] = CNOT 12 52
[2842] = CNOT 12 56
[2843] = S 12
[2844] = CNOT 12 56
[2845] = CNOT 12 61
[2846] = S 12
[2847] = CNOT 12 61
[2848] = CNOT 12 63
[2849] = S 12
[2850] = CNOT 12 63
[2851] = CNOT 12 64
[2852] = S 12
[2853] = CNOT 12 64
[2854] = CNOT 12 77
[2855] = S 12
[2856] = CNOT 12 77
[2857] = CNOT 12 79
[2858] = S 12
[2859] = CNOT 12 79
[2860] = CNOT 12 84
[2861] = S 12
[2862] = CNOT 12 84
[2863] = CNOT 13 14
[2864] = S 13
[2865] = Z 13
[2866] = CNOT 13 14
[2867] = CNOT 13 18
[2868] = S 13
[2869] = Z 13
[2870] = CNOT 13 18
[2871] = CNOT 13 23
[2872] = S 13
[2873] = Z 13
[2874] = CNOT 13 23
[2875] = CNOT 13 25
[2876] = S 13
[2877] = Z 13
[2878] = CNOT 13 25
[2879] = CNOT 13 26
[2880] = S 13
[2881] = Z 13
[2882] = CNOT 13 26
[2883] = CNOT 13 30
[2884] = S 13
[2885] = Z 13
[2886] = CNOT 13 30
[2887] = CNOT 13 43
[2888] = S 13
[2889] = Z 13
[2890] = CNOT 13 43
[2891] = CNOT 13 46
[2892] = S 13
[2893] = Z 13
[2894] = CNOT 13 46
[2895] = CNOT 13 52
[2896] = S 13
[2897] = CNOT 13 52
[2898] = CNOT 13 56
[2899] = S 13
[2900] = Z 13
[2901] = CNOT 13 56
[2902] = CNOT 13 61
[2903] = S 13
[2904] = Z 13
[2905] = CNOT 13 61
[2906] = CNOT 13 63
[2907] = S 13
[2908] = Z 13
[2909] = CNOT 13 63
[2910] = CNOT 13 64
[2911] = S 13
[2912] = Z 13
[2913] = CNOT 13 64
[2914] = CNOT 13 77
[2915] = S 13
[2916] = Z 13
[2917] = CNOT 13 77
[2918] = CNOT 13 79
[2919] = S 13
[2920] = Z 13
[2921] = CNOT 13 79
[2922] = CNOT 13 84
[2923] = S 13
[2924] = Z 13
[2925] = CNOT 13 84
[2926] = CNOT 14 15
[2927] = S 14
[2928] = CNOT 14 15
[2929] = CNOT 14 18
[2930] = Z 14
[2931] = CNOT 14 18
[2932] = CNOT 14 23
[2933] = Z 14
[2934] = CNOT 14 23
[2935] = CNOT 14 25
[2936] = Z 14
[2937] = CNOT 14 25
[2938] = CNOT 14 26
[2939] = Z 14
[2940] = CNOT 14 26
[2941] = CNOT 14 43
[2942] = S 14
[2943] = Z 14
[2944] = CNOT 14 43
[2945] = CNOT 14 46
[2946] = Z 14
[2947] = CNOT 14 46
[2948] = CNOT 14 55
[2949] = S 14
[2950] = Z 14
[2951] = CNOT 14 55
[2952] = CNOT 14 56
[2953] = S 14
[2954] = Z 14
[2955] = CNOT 14 56
[2956] = CNOT 14 59
[2957] = S 14
[2958] = Z 14
[2959] = CNOT 14 59
[2960] = CNOT 14 61
[2961] = S 14
[2962] = Z 14
[2963] = CNOT 14 61
[2964] = CNOT 14 63
[2965] = Z 14
[2966] = CNOT 14 63
[2967] = CNOT 14 64
[2968] = Z 14
[2969] = CNOT 14 64
[2970] = CNOT 14 65
[2971] = S 14
[2972] = Z 14
[2973] = CNOT 14 65
[2974] = CNOT 14 75
[2975] = S 14
[2976] = Z 14
[2977] = CNOT 14 75
[2978] = CNOT 14 77
[2979] = Z 14
[2980] = CNOT 14 77
[2981] = CNOT 14 79
[2982] = Z 14
[2983] = CNOT 14 79
[2984] = CNOT 14 84
[2985] = Z 14
[2986] = CNOT 14 84
[2987] = CNOT 15 16
[2988] = S 15
[2989] = Z 15
[2990] = CNOT 15 16
[2991] = CNOT 15 18
[2992] = S 15
[2993] = CNOT 15 18
[2994] = CNOT 15 23
[2995] = S 15
[2996] = CNOT 15 23
[2997] = CNOT 15 25
[2998] = S 15
[2999] = CNOT 15 25
[3000] = CNOT 15 26
[3001] = S 15
[3002] = CNOT 15 26
[3003] = CNOT 15 30
[3004] = S 15
[3005] = CNOT 15 30
[3006] = CNOT 15 43
[3007] = Z 15
[3008] = CNOT 15 43
[3009] = CNOT 15 46
[3010] = S 15
[3011] = CNOT 15 46
[3012] = CNOT 15 52
[3013] = Z 15
[3014] = CNOT 15 52
[3015] = CNOT 15 55
[3016] = S 15
[3017] = CNOT 15 55
[3018] = CNOT 15 59
[3019] = Z 15
[3020] = CNOT 15 59
[3021] = CNOT 15 61
[3022] = Z 15
[3023] = CNOT 15 61
[3024] = CNOT 15 63
[3025] = S 15
[3026] = CNOT 15 63
[3027] = CNOT 15 64
[3028] = S 15
[3029] = CNOT 15 64
[3030] = CNOT 15 65
[3031] = S 15
[3032] = Z 15
[3033] = CNOT 15 65
[3034] = CNOT 15 74
[3035] = Z 15
[3036] = CNOT 15 74
[3037] = CNOT 15 75
[3038] = S 15
[3039] = Z 15
[3040] = CNOT 15 75
[3041] = CNOT 15 77
[3042] = S 15
[3043] = CNOT 15 77
[3044] = CNOT 15 79
[3045] = S 15
[3046] = CNOT 15 79
[3047] = CNOT 15 81
[3048] = S 15
[3049] = CNOT 15 81
[3050] = CNOT 15 84
[3051] = S 15
[3052] = CNOT 15 84
[3053] = CNOT 16 29
[3054] = Z 16
[3055] = CNOT 16 29
[3056] = CNOT 16 30
[3057] = S 16
[3058] = Z 16
[3059] = CNOT 16 30
[3060] = CNOT 16 34
[3061] = Z 16
[3062] = CNOT 16 34
[3063] = CNOT 16 37
[3064] = S 16
[3065] = CNOT 16 37
[3066] = CNOT 17 19
[3067] = S 17
[3068] = CNOT 17 19
[3069] = CNOT 17 21
[3070] = S 17
[3071] = CNOT 17 21
[3072] = CNOT 17 22
[3073] = S 17
[3074] = CNOT 17 22
[3075] = CNOT 17 23
[3076] = Z 17
[3077] = CNOT 17 23
[3078] = CNOT 17 25
[3079] = Z 17
[3080] = CNOT 17 25
[3081] = CNOT 17 26
[3082] = Z 17
[3083] = CNOT 17 26
[3084] = CNOT 17 40
[3085] = S 17
[3086] = CNOT 17 40
[3087] = CNOT 17 44
[3088] = S 17
[3089] = CNOT 17 44
[3090] = CNOT 17 46
[3091] = Z 17
[3092] = CNOT 17 46
[3093] = CNOT 17 51
[3094] = Z 17
[3095] = CNOT 17 51
[3096] = CNOT 17 54
[3097] = S 17
[3098] = CNOT 17 54
[3099] = CNOT 17 61
[3100] = Z 17
[3101] = CNOT 17 61
[3102] = CNOT 17 63
[3103] = Z 17
[3104] = CNOT 17 63
[3105] = CNOT 17 64
[3106] = Z 17
[3107] = CNOT 17 64
[3108] = CNOT 17 77
[3109] = Z 17
[3110] = CNOT 17 77
[3111] = CNOT 17 79
[3112] = Z 17
[3113] = CNOT 17 79
[3114] = CNOT 17 84
[3115] = S 17
[3116] = CNOT 17 84
[3117] = CNOT 18 19
[3118] = S 18
[3119] = CNOT 18 19
[3120] = CNOT 18 20
[3121] = Z 18
[3122] = CNOT 18 20
[3123] = CNOT 18 21
[3124] = S 18
[3125] = CNOT 18 21
[3126] = CNOT 18 22
[3127] = Z 18
[3128] = CNOT 18 22
[3129] = CNOT 18 23
[3130] = S 18
[3131] = Z 18
[3132] = CNOT 18 23
[3133] = CNOT 18 25
[3134] = S 18
[3135] = CNOT 18 25
[3136] = CNOT 18 27
[3137] = Z 18
[3138] = CNOT 18 27
[3139] = CNOT 18 28
[3140] = S 18
[3141] = CNOT 18 28
[3142] = CNOT 18 29
[3143] = S 18
[3144] = Z 18
[3145] = CNOT 18 29
[3146] = CNOT 18 30
[3147] = Z 18
[3148] = CNOT 18 30
[3149] = CNOT 18 31
[3150] = S 18
[3151] = Z 18
[3152] = CNOT 18 31
[3153] = CNOT 18 33
[3154] = Z 18
[3155] = CNOT 18 33
[3156] = CNOT 18 35
[3157] = S 18
[3158] = CNOT 18 35
[3159] = CNOT 18 37
[3160] = Z 18
[3161] = CNOT 18 37
[3162] = CNOT 18 38
[3163] = S 18
[3164] = Z 18
[3165] = CNOT 18 38
[3166] = CNOT 18 40
[3167] = S 18
[3168] = Z 18
[3169] = CNOT 18 40
[3170] = CNOT 18 41
[3171] = S 18
[3172] = CNOT 18 41
[3173] = CNOT 18 42
[3174] = Z 18
[3175] = CNOT 18 42
[3176] = CNOT 18 43
[3177] = S 18
[3178] = CNOT 18 43
[3179] = CNOT 18 44
[3180] = S 18
[3181] = CNOT 18 44
[3182] = CNOT 18 45
[3183] = S 18
[3184] = Z 18
[3185] = CNOT 18 45
[3186] = CNOT 18 46
[3187] = S 18
[3188] = Z 18
[3189] = CNOT 18 46
[3190] = CNOT 18 48
[3191] = S 18
[3192] = Z 18
[3193] = CNOT 18 48
[3194] = CNOT 18 49
[3195] = S 18
[3196] = CNOT 18 49
[3197] = CNOT 18 50
[3198] = Z 18
[3199] = CNOT 18 50
[3200] = CNOT 18 52
[3201] = S 18
[3202] = Z 18
[3203] = CNOT 18 52
[3204] = CNOT 18 53
[3205] = S 18
[3206] = CNOT 18 53
[3207] = CNOT 18 54
[3208] = Z 18
[3209] = CNOT 18 54
[3210] = CNOT 18 55
[3211] = S 18
[3212] = CNOT 18 55
[3213] = CNOT 18 56
[3214] = S 18
[3215] = CNOT 18 56
[3216] = CNOT 18 57
[3217] = S 18
[3218] = CNOT 18 57
[3219] = CNOT 18 58
[3220] = S 18
[3221] = CNOT 18 58
[3222] = CNOT 18 59
[3223] = S 18
[3224] = Z 18
[3225] = CNOT 18 59
[3226] = CNOT 18 60
[3227] = S 18
[3228] = Z 18
[3229] = CNOT 18 60
[3230] = CNOT 18 62
[3231] = S 18
[3232] = Z 18
[3233] = CNOT 18 62
[3234] = CNOT 18 65
[3235] = S 18
[3236] = Z 18
[3237] = CNOT 18 65
[3238] = CNOT 18 66
[3239] = Z 18
[3240] = CNOT 18 66
[3241] = CNOT 18 67
[3242] = S 18
[3243] = CNOT 18 67
[3244] = CNOT 18 70
[3245] = Z 18
[3246] = CNOT 18 70
[3247] = CNOT 18 71
[3248] = Z 18
[3249] = CNOT 18 71
[3250] = CNOT 18 72
[3251] = S 18
[3252] = Z 18
[3253] = CNOT 18 72
[3254] = CNOT 18 74
[3255] = S 18
[3256] = CNOT 18 74
[3257] = CNOT 18 77
[3258] = Z 18
[3259] = CNOT 18 77
[3260] = CNOT 18 79
[3261] = Z 18
[3262] = CNOT 18 79
[3263] = CNOT 18 80
[3264] = S 18
[3265] = CNOT 18 80
[3266] = CNOT 18 81
[3267] = Z 18
[3268] = CNOT 18 81
[3269] = CNOT 18 82
[3270] = S 18
[3271] = CNOT 18 82
[3272] = CNOT 18 83
[3273] = S 18
[3274] = CNOT 18 83
[3275] = CNOT 19 21
[3276] = S 19
[3277] = Z 19
[3278] = CNOT 19 21
[3279] = CNOT 19 22
[3280] = S 19
[3281] = Z 19
[3282] = CNOT 19 22
[3283] = CNOT 19 23
[3284] = Z 19
[3285] = CNOT 19 23
[3286] = CNOT 19 24
[3287] = S 19
[3288] = Z 19
[3289] = CNOT 19 24
[3290] = CNOT 19 25
[3291] = Z 19
[3292] = CNOT 19 25
[3293] = CNOT 19 26
[3294] = Z 19
[3295] = CNOT 19 26
[3296] = CNOT 19 31
[3297] = S 19
[3298] = CNOT 19 31
[3299] = CNOT 19 32
[3300] = S 19
[3301] = Z 19
[3302] = CNOT 19 32
[3303] = CNOT 19 46
[3304] = Z 19
[3305] = CNOT 19 46
[3306] = CNOT 19 51
[3307] = Z 19
[3308] = CNOT 19 51
[3309] = CNOT 19 54
[3310] = Z 19
[3311] = CNOT 19 54
[3312] = CNOT 19 61
[3313] = Z 19
[3314] = CNOT 19 61
[3315] = CNOT 19 63
[3316] = Z 19
[3317] = CNOT 19 63
[3318] = CNOT 19 64
[3319] = Z 19
[3320] = CNOT 19 64
[3321] = CNOT 19 77
[3322] = Z 19
[3323] = CNOT 19 77
[3324] = CNOT 19 79
[3325] = Z 19
[3326] = CNOT 19 79
[3327] = CNOT 19 84
[3328] = Z 19
[3329] = CNOT 19 84
[3330] = CNOT 20 21
[3331] = S 20
[3332] = CNOT 20 21
[3333] = CNOT 20 22
[3334] = Z 20
[3335] = CNOT 20 22
[3336] = CNOT 20 32
[3337] = S 20
[3338] = CNOT 20 32
[3339] = CNOT 20 40
[3340] = Z 20
[3341] = CNOT 20 40
[3342] = CNOT 20 44
[3343] = S 20
[3344] = CNOT 20 44
[3345] = CNOT 20 49
[3346] = Z 20
[3347] = CNOT 20 49
[3348] = CNOT 20 68
[3349] = S 20
[3350] = CNOT 20 68
[3351] = CNOT 20 84
[3352] = S 20
[3353] = CNOT 20 84
[3354] = CNOT 21 22
[3355] = Z 21
[3356] = CNOT 21 22
[3357] = CNOT 21 23
[3358] = S 21
[3359] = CNOT 21 23
[3360] = CNOT 21 24
[3361] = S 21
[3362] = CNOT 21 24
[3363] = CNOT 21 25
[3364] = S 21
[3365] = CNOT 21 25
[3366] = CNOT 21 26
[3367] = S 21
[3368] = CNOT 21 26
[3369] = CNOT 21 32
[3370] = S 21
[3371] = CNOT 21 32
[3372] = CNOT 21 46
[3373] = S 21
[3374] = CNOT 21 46
[3375] = CNOT 21 51
[3376] = S 21
[3377] = CNOT 21 51
[3378] = CNOT 21 61
[3379] = S 21
[3380] = CNOT 21 61
[3381] = CNOT 21 63
[3382] = S 21
[3383] = CNOT 21 63
[3384] = CNOT 21 64
[3385] = S 21
[3386] = CNOT 21 64
[3387] = CNOT 21 68
[3388] = S 21
[3389] = CNOT 21 68
[3390] = CNOT 21 77
[3391] = S 21
[3392] = CNOT 21 77
[3393] = CNOT 21 78
[3394] = S 21
[3395] = CNOT 21 78
[3396] = CNOT 21 79
[3397] = S 21
[3398] = CNOT 21 79
[3399] = CNOT 21 83
[3400] = S 21
[3401] = CNOT 21 83
[3402] = CNOT 22 23
[3403] = Z 22
[3404] = CNOT 22 23
[3405] = CNOT 22 24
[3406] = S 22
[3407] = CNOT 22 24
[3408] = CNOT 22 25
[3409] = Z 22
[3410] = CNOT 22 25
[3411] = CNOT 22 26
[3412] = Z 22
[3413] = CNOT 22 26
[3414] = CNOT 22 32
[3415] = S 22
[3416] = CNOT 22 32
[3417] = CNOT 22 40
[3418] = S 22
[3419] = CNOT 22 40
[3420] = CNOT 22 46
[3421] = Z 22
[3422] = CNOT 22 46
[3423] = CNOT 22 49
[3424] = Z 22
[3425] = CNOT 22 49
[3426] = CNOT 22 51
[3427] = Z 22
[3428] = CNOT 22 51
[3429] = CNOT 22 61
[3430] = Z 22
[3431] = CNOT 22 61
[3432] = CNOT 22 63
[3433] = Z 22
[3434] = CNOT 22 63
[3435] = CNOT 22 64
[3436] = Z 22
[3437] = CNOT 22 64
[3438] = CNOT 22 68
[3439] = S 22
[3440] = Z 22
[3441] = CNOT 22 68
[3442] = CNOT 22 77
[3443] = Z 22
[3444] = CNOT 22 77
[3445] = CNOT 22 78
[3446] = S 22
[3447] = Z 22
[3448] = CNOT 22 78
[3449] = CNOT 22 79
[3450] = Z 22
[3451] = CNOT 22 79
[3452] = CNOT 22 83
[3453] = S 22
[3454] = CNOT 22 83
[3455] = CNOT 23 24
[3456] = S 23
[3457] = Z 23
[3458] = CNOT 23 24
[3459] = CNOT 23 26
[3460] = S 23
[3461] = Z 23
[3462] = CNOT 23 26
[3463] = CNOT 23 27
[3464] = Z 23
[3465] = CNOT 23 27
[3466] = CNOT 23 28
[3467] = S 23
[3468] = CNOT 23 28
[3469] = CNOT 23 29
[3470] = S 23
[3471] = Z 23
[3472] = CNOT 23 29
[3473] = CNOT 23 30
[3474] = Z 23
[3475] = CNOT 23 30
[3476] = CNOT 23 31
[3477] = S 23
[3478] = CNOT 23 31
[3479] = CNOT 23 32
[3480] = S 23
[3481] = Z 23
[3482] = CNOT 23 32
[3483] = CNOT 23 33
[3484] = Z 23
[3485] = CNOT 23 33
[3486] = CNOT 23 35
[3487] = Z 23
[3488] = CNOT 23 35
[3489] = CNOT 23 37
[3490] = Z 23
[3491] = CNOT 23 37
[3492] = CNOT 23 38
[3493] = S 23
[3494] = Z 23
[3495] = CNOT 23 38
[3496] = CNOT 23 40
[3497] = Z 23
[3498] = CNOT 23 40
[3499] = CNOT 23 41
[3500] = S 23
[3501] = CNOT 23 41
[3502] = CNOT 23 42
[3503] = Z 23
[3504] = CNOT 23 42
[3505] = CNOT 23 43
[3506] = Z 23
[3507] = CNOT 23 43
[3508] = CNOT 23 44
[3509] = S 23
[3510] = CNOT 23 44
[3511] = CNOT 23 46
[3512] = S 23
[3513] = Z 23
[3514] = CNOT 23 46
[3515] = CNOT 23 48
[3516] = S 23
[3517] = Z 23
[3518] = CNOT 23 48
[3519] = CNOT 23 49
[3520] = Z 23
[3521] = CNOT 23 49
[3522] = CNOT 23 52
[3523] = S 23
[3524] = Z 23
[3525] = CNOT 23 52
[3526] = CNOT 23 53
[3527] = Z 23
[3528] = CNOT 23 53
[3529] = CNOT 23 54
[3530] = Z 23
[3531] = CNOT 23 54
[3532] = CNOT 23 55
[3533] = S 23
[3534] = CNOT 23 55
[3535] = CNOT 23 56
[3536] = Z 23
[3537] = CNOT 23 56
[3538] = CNOT 23 57
[3539] = S 23
[3540] = CNOT 23 57
[3541] = CNOT 23 58
[3542] = S 23
[3543] = CNOT 23 58
[3544] = CNOT 23 59
[3545] = S 23
[3546] = Z 23
[3547] = CNOT 23 59
[3548] = CNOT 23 61
[3549] = S 23
[3550] = CNOT 23 61
[3551] = CNOT 23 62
[3552] = S 23
[3553] = Z 23
[3554] = CNOT 23 62
[3555] = CNOT 23 63
[3556] = S 23
[3557] = Z 23
[3558] = CNOT 23 63
[3559] = CNOT 23 64
[3560] = S 23
[3561] = Z 23
[3562] = CNOT 23 64
[3563] = CNOT 23 65
[3564] = S 23
[3565] = Z 23
[3566] = CNOT 23 65
[3567] = CNOT 23 66
[3568] = Z 23
[3569] = CNOT 23 66
[3570] = CNOT 23 67
[3571] = S 23
[3572] = CNOT 23 67
[3573] = CNOT 23 68
[3574] = S 23
[3575] = CNOT 23 68
[3576] = CNOT 23 71
[3577] = Z 23
[3578] = CNOT 23 71
[3579] = CNOT 23 74
[3580] = S 23
[3581] = CNOT 23 74
[3582] = CNOT 23 77
[3583] = S 23
[3584] = Z 23
[3585] = CNOT 23 77
[3586] = CNOT 23 79
[3587] = S 23
[3588] = Z 23
[3589] = CNOT 23 79
[3590] = CNOT 23 80
[3591] = S 23
[3592] = CNOT 23 80
[3593] = CNOT 23 81
[3594] = Z 23
[3595] = CNOT 23 81
[3596] = CNOT 23 82
[3597] = S 23
[3598] = CNOT 23 82
[3599] = CNOT 24 25
[3600] = S 24
[3601] = Z 24
[3602] = CNOT 24 25
[3603] = CNOT 24 26
[3604] = S 24
[3605] = Z 24
[3606] = CNOT 24 26
[3607] = CNOT 24 32
[3608] = S 24
[3609] = CNOT 24 32
[3610] = CNOT 24 36
[3611] = S 24
[3612] = CNOT 24 36
[3613] = CNOT 24 46
[3614] = S 24
[3615] = Z 24
[3616] = CNOT 24 46
[3617] = CNOT 24 51
[3618] = S 24
[3619] = Z 24
[3620] = CNOT 24 51
[3621] = CNOT 24 54
[3622] = S 24
[3623] = Z 24
[3624] = CNOT 24 54
[3625] = CNOT 24 61
[3626] = S 24
[3627] = Z 24
[3628] = CNOT 24 61
[3629] = CNOT 24 63
[3630] = S 24
[3631] = Z 24
[3632] = CNOT 24 63
[3633] = CNOT 24 64
[3634] = S 24
[3635] = Z 24
[3636] = CNOT 24 64
[3637] = CNOT 24 77
[3638] = S 24
[3639] = Z 24
[3640] = CNOT 24 77
[3641] = CNOT 24 79
[3642] = S 24
[3643] = Z 24
[3644] = CNOT 24 79
[3645] = CNOT 24 84
[3646] = S 24
[3647] = Z 24
[3648] = CNOT 24 84
[3649] = CNOT 25 26
[3650] = S 25
[3651] = Z 25
[3652] = CNOT 25 26
[3653] = CNOT 25 27
[3654] = Z 25
[3655] = CNOT 25 27
[3656] = CNOT 25 28
[3657] = S 25
[3658] = CNOT 25 28
[3659] = CNOT 25 29
[3660] = S 25
[3661] = Z 25
[3662] = CNOT 25 29
[3663] = CNOT 25 30
[3664] = Z 25
[3665] = CNOT 25 30
[3666] = CNOT 25 31
[3667] = S 25
[3668] = CNOT 25 31
[3669] = CNOT 25 32
[3670] = S 25
[3671] = Z 25
[3672] = CNOT 25 32
[3673] = CNOT 25 36
[3674] = Z 25
[3675] = CNOT 25 36
[3676] = CNOT 25 38
[3677] = S 25
[3678] = Z 25
[3679] = CNOT 25 38
[3680] = CNOT 25 40
[3681] = Z 25
[3682] = CNOT 25 40
[3683] = CNOT 25 41
[3684] = S 25
[3685] = CNOT 25 41
[3686] = CNOT 25 42
[3687] = Z 25
[3688] = CNOT 25 42
[3689] = CNOT 25 44
[3690] = S 25
[3691] = CNOT 25 44
[3692] = CNOT 25 45
[3693] = Z 25
[3694] = CNOT 25 45
[3695] = CNOT 25 48
[3696] = S 25
[3697] = Z 25
[3698] = CNOT 25 48
[3699] = CNOT 25 49
[3700] = Z 25
[3701] = CNOT 25 49
[3702] = CNOT 25 52
[3703] = S 25
[3704] = Z 25
[3705] = CNOT 25 52
[3706] = CNOT 25 54
[3707] = Z 25
[3708] = CNOT 25 54
[3709] = CNOT 25 55
[3710] = S 25
[3711] = CNOT 25 55
[3712] = CNOT 25 57
[3713] = S 25
[3714] = CNOT 25 57
[3715] = CNOT 25 58
[3716] = S 25
[3717] = CNOT 25 58
[3718] = CNOT 25 59
[3719] = S 25
[3720] = Z 25
[3721] = CNOT 25 59
[3722] = CNOT 25 60
[3723] = S 25
[3724] = Z 25
[3725] = CNOT 25 60
[3726] = CNOT 25 61
[3727] = S 25
[3728] = Z 25
[3729] = CNOT 25 61
[3730] = CNOT 25 62
[3731] = S 25
[3732] = Z 25
[3733] = CNOT 25 62
[3734] = CNOT 25 63
[3735] = S 25
[3736] = CNOT 25 63
[3737] = CNOT 25 64
[3738] = S 25
[3739] = CNOT 25 64
[3740] = CNOT 25 65
[3741] = S 25
[3742] = Z 25
[3743] = CNOT 25 65
[3744] = CNOT 25 66
[3745] = Z 25
[3746] = CNOT 25 66
[3747] = CNOT 25 67
[3748] = S 25
[3749] = CNOT 25 67
[3750] = CNOT 25 68
[3751] = S 25
[3752] = CNOT 25 68
[3753] = CNOT 25 71
[3754] = Z 25
[3755] = CNOT 25 71
[3756] = CNOT 25 72
[3757] = S 25
[3758] = CNOT 25 72
[3759] = CNOT 25 74
[3760] = S 25
[3761] = CNOT 25 74
[3762] = CNOT 25 77
[3763] = S 25
[3764] = Z 25
[3765] = CNOT 25 77
[3766] = CNOT 25 79
[3767] = S 25
[3768] = CNOT 25 79
[3769] = CNOT 25 80
[3770] = S 25
[3771] = CNOT 25 80
[3772] = CNOT 25 81
[3773] = Z 25
[3774] = CNOT 25 81
[3775] = CNOT 25 82
[3776] = S 25
[3777] = CNOT 25 82
[3778] = CNOT 25 84
[3779] = Z 25
[3780] = CNOT 25 84
[3781] = CNOT 26 27
[3782] = Z 26
[3783] = CNOT 26 27
[3784] = CNOT 26 28
[3785] = S 26
[3786] = CNOT 26 28
[3787] = CNOT 26 29
[3788] = S 26
[3789] = Z 26
[3790] = CNOT 26 29
[3791] = CNOT 26 30
[3792] = Z 26
[3793] = CNOT 26 30
[3794] = CNOT 26 31
[3795] = S 26
[3796] = CNOT 26 31
[3797] = CNOT 26 32
[3798] = S 26
[3799] = Z 26
[3800] = CNOT 26 32
[3801] = CNOT 26 33
[3802] = Z 26
[3803] = CNOT 26 33
[3804] = CNOT 26 35
[3805] = S 26
[3806] = CNOT 26 35
[3807] = CNOT 26 36
[3808] = S 26
[3809] = CNOT 26 36
[3810] = CNOT 26 37
[3811] = Z 26
[3812] = CNOT 26 37
[3813] = CNOT 26 38
[3814] = S 26
[3815] = Z 26
[3816] = CNOT 26 38
[3817] = CNOT 26 40
[3818] = Z 26
[3819] = CNOT 26 40
[3820] = CNOT 26 41
[3821] = S 26
[3822] = CNOT 26 41
[3823] = CNOT 26 42
[3824] = Z 26
[3825] = CNOT 26 42
[3826] = CNOT 26 43
[3827] = S 26
[3828] = Z 26
[3829] = CNOT 26 43
[3830] = CNOT 26 44
[3831] = S 26
[3832] = CNOT 26 44
[3833] = CNOT 26 45
[3834] = S 26
[3835] = CNOT 26 45
[3836] = CNOT 26 46
[3837] = S 26
[3838] = Z 26
[3839] = CNOT 26 46
[3840] = CNOT 26 48
[3841] = S 26
[3842] = Z 26
[3843] = CNOT 26 48
[3844] = CNOT 26 49
[3845] = Z 26
[3846] = CNOT 26 49
[3847] = CNOT 26 52
[3848] = S 26
[3849] = Z 26
[3850] = CNOT 26 52
[3851] = CNOT 26 53
[3852] = S 26
[3853] = Z 26
[3854] = CNOT 26 53
[3855] = CNOT 26 54
[3856] = Z 26
[3857] = CNOT 26 54
[3858] = CNOT 26 55
[3859] = S 26
[3860] = CNOT 26 55
[3861] = CNOT 26 56
[3862] = S 26
[3863] = Z 26
[3864] = CNOT 26 56
[3865] = CNOT 26 57
[3866] = S 26
[3867] = CNOT 26 57
[3868] = CNOT 26 58
[3869] = S 26
[3870] = CNOT 26 58
[3871] = CNOT 26 59
[3872] = S 26
[3873] = Z 26
[3874] = CNOT 26 59
[3875] = CNOT 26 60
[3876] = Z 26
[3877] = CNOT 26 60
[3878] = CNOT 26 61
[3879] = Z 26
[3880] = CNOT 26 61
[3881] = CNOT 26 62
[3882] = S 26
[3883] = Z 26
[3884] = CNOT 26 62
[3885] = CNOT 26 65
[3886] = S 26
[3887] = Z 26
[3888] = CNOT 26 65
[3889] = CNOT 26 66
[3890] = Z 26
[3891] = CNOT 26 66
[3892] = CNOT 26 67
[3893] = S 26
[3894] = CNOT 26 67
[3895] = CNOT 26 68
[3896] = S 26
[3897] = CNOT 26 68
[3898] = CNOT 26 70
[3899] = S 26
[3900] = Z 26
[3901] = CNOT 26 70
[3902] = CNOT 26 71
[3903] = Z 26
[3904] = CNOT 26 71
[3905] = CNOT 26 74
[3906] = S 26
[3907] = CNOT 26 74
[3908] = CNOT 26 77
[3909] = S 26
[3910] = CNOT 26 77
[3911] = CNOT 26 80
[3912] = S 26
[3913] = CNOT 26 80
[3914] = CNOT 26 81
[3915] = Z 26
[3916] = CNOT 26 81
[3917] = CNOT 26 82
[3918] = S 26
[3919] = CNOT 26 82
[3920] = CNOT 26 84
[3921] = S 26
[3922] = CNOT 26 84
[3923] = CNOT 27 29
[3924] = S 27
[3925] = CNOT 27 29
[3926] = CNOT 27 41
[3927] = S 27
[3928] = Z 27
[3929] = CNOT 27 41
[3930] = CNOT 27 42
[3931] = S 27
[3932] = CNOT 27 42
[3933] = CNOT 27 46
[3934] = Z 27
[3935] = CNOT 27 46
[3936] = CNOT 27 51
[3937] = S 27
[3938] = CNOT 27 51
[3939] = CNOT 27 62
[3940] = Z 27
[3941] = CNOT 27 62
[3942] = CNOT 27 63
[3943] = Z 27
[3944] = CNOT 27 63
[3945] = CNOT 27 64
[3946] = Z 27
[3947] = CNOT 27 64
[3948] = CNOT 27 66
[3949] = Z 27
[3950] = CNOT 27 66
[3951] = CNOT 27 71
[3952] = Z 27
[3953] = CNOT 27 71
[3954] = CNOT 27 77
[3955] = Z 27
[3956] = CNOT 27 77
[3957] = CNOT 27 79
[3958] = Z 27
[3959] = CNOT 27 79
[3960] = CNOT 27 84
[3961] = Z 27
[3962] = CNOT 27 84
[3963] = CNOT 28 43
[3964] = S 28
[3965] = CNOT 28 43
[3966] = CNOT 28 46
[3967] = S 28
[3968] = CNOT 28 46
[3969] = CNOT 28 51
[3970] = S 28
[3971] = CNOT 28 51
[3972] = CNOT 28 61
[3973] = S 28
[3974] = CNOT 28 61
[3975] = CNOT 28 63
[3976] = S 28
[3977] = CNOT 28 63
[3978] = CNOT 28 64
[3979] = S 28
[3980] = CNOT 28 64
[3981] = CNOT 28 77
[3982] = S 28
[3983] = CNOT 28 77
[3984] = CNOT 28 79
[3985] = S 28
[3986] = CNOT 28 79
[3987] = CNOT 28 84
[3988] = S 28
[3989] = CNOT 28 84
[3990] = CNOT 29 34
[3991] = Z 29
[3992] = CNOT 29 34
[3993] = CNOT 29 42
[3994] = Z 29
[3995] = CNOT 29 42
[3996] = CNOT 29 46
[3997] = S 29
[3998] = Z 29
[3999] = CNOT 29 46
[4000] = CNOT 29 52
[4001] = S 29
[4002] = CNOT 29 52
[4003] = CNOT 29 63
[4004] = S 29
[4005] = Z 29
[4006] = CNOT 29 63
[4007] = CNOT 29 64
[4008] = S 29
[4009] = Z 29
[4010] = CNOT 29 64
[4011] = CNOT 29 77
[4012] = S 29
[4013] = Z 29
[4014] = CNOT 29 77
[4015] = CNOT 29 79
[4016] = S 29
[4017] = Z 29
[4018] = CNOT 29 79
[4019] = CNOT 29 84
[4020] = S 29
[4021] = Z 29
[4022] = CNOT 29 84
[4023] = CNOT 30 43
[4024] = Z 30
[4025] = CNOT 30 43
[4026] = CNOT 30 46
[4027] = Z 30
[4028] = CNOT 30 46
[4029] = CNOT 30 52
[4030] = Z 30
[4031] = CNOT 30 52
[4032] = CNOT 30 53
[4033] = S 30
[4034] = CNOT 30 53
[4035] = CNOT 30 56
[4036] = Z 30
[4037] = CNOT 30 56
[4038] = CNOT 30 61
[4039] = Z 30
[4040] = CNOT 30 61
[4041] = CNOT 30 63
[4042] = Z 30
[4043] = CNOT 30 63
[4044] = CNOT 30 64
[4045] = Z 30
[4046] = CNOT 30 64
[4047] = CNOT 30 77
[4048] = Z 30
[4049] = CNOT 30 77
[4050] = CNOT 30 79
[4051] = Z 30
[4052] = CNOT 30 79
[4053] = CNOT 30 84
[4054] = Z 30
[4055] = CNOT 30 84
[4056] = CNOT 31 40
[4057] = S 31
[4058] = Z 31
[4059] = CNOT 31 40
[4060] = CNOT 31 43
[4061] = S 31
[4062] = Z 31
[4063] = CNOT 31 43
[4064] = CNOT 31 53
[4065] = S 31
[4066] = Z 31
[4067] = CNOT 31 53
[4068] = CNOT 31 54
[4069] = S 31
[4070] = CNOT 31 54
[4071] = CNOT 31 56
[4072] = S 31
[4073] = Z 31
[4074] = CNOT 31 56
[4075] = CNOT 31 61
[4076] = S 31
[4077] = Z 31
[4078] = CNOT 31 61
[4079] = CNOT 31 63
[4080] = S 31
[4081] = Z 31
[4082] = CNOT 31 63
[4083] = CNOT 31 64
[4084] = S 31
[4085] = Z 31
[4086] = CNOT 31 64
[4087] = CNOT 31 77
[4088] = S 31
[4089] = Z 31
[4090] = CNOT 31 77
[4091] = CNOT 31 79
[4092] = S 31
[4093] = Z 31
[4094] = CNOT 31 79
[4095] = CNOT 31 84
[4096] = S 31
[4097] = Z 31
[4098] = CNOT 31 84
[4099] = CNOT 32 44
[4100] = S 32
[4101] = CNOT 32 44
[4102] = CNOT 32 46
[4103] = S 32
[4104] = Z 32
[4105] = CNOT 32 46
[4106] = CNOT 32 51
[4107] = S 32
[4108] = Z 32
[4109] = CNOT 32 51
[4110] = CNOT 32 54
[4111] = S 32
[4112] = Z 32
[4113] = CNOT 32 54
[4114] = CNOT 32 61
[4115] = S 32
[4116] = Z 32
[4117] = CNOT 32 61
[4118] = CNOT 32 63
[4119] = S 32
[4120] = Z 32
[4121] = CNOT 32 63
[4122] = CNOT 32 64
[4123] = S 32
[4124] = Z 32
[4125] = CNOT 32 64
[4126] = CNOT 32 77
[4127] = S 32
[4128] = Z 32
[4129] = CNOT 32 77
[4130] = CNOT 32 79
[4131] = S 32
[4132] = Z 32
[4133] = CNOT 32 79
[4134] = CNOT 32 84
[4135] = S 32
[4136] = Z 32
[4137] = CNOT 32 84
[4138] = CNOT 33 35
[4139] = S 33
[4140] = CNOT 33 35
[4141] = CNOT 33 36
[4142] = Z 33
[4143] = CNOT 33 36
[4144] = CNOT 33 37
[4145] = Z 33
[4146] = CNOT 33 37
[4147] = CNOT 33 42
[4148] = S 33
[4149] = CNOT 33 42
[4150] = CNOT 33 43
[4151] = Z 33
[4152] = CNOT 33 43
[4153] = CNOT 33 46
[4154] = Z 33
[4155] = CNOT 33 46
[4156] = CNOT 33 53
[4157] = Z 33
[4158] = CNOT 33 53
[4159] = CNOT 33 56
[4160] = Z 33
[4161] = CNOT 33 56
[4162] = CNOT 33 61
[4163] = Z 33
[4164] = CNOT 33 61
[4165] = CNOT 33 63
[4166] = Z 33
[4167] = CNOT 33 63
[4168] = CNOT 33 64
[4169] = Z 33
[4170] = CNOT 33 64
[4171] = CNOT 33 77
[4172] = Z 33
[4173] = CNOT 33 77
[4174] = CNOT 33 79
[4175] = Z 33
[4176] = CNOT 33 79
[4177] = CNOT 33 84
[4178] = Z 33
[4179] = CNOT 33 84
[4180] = CNOT 34 41
[4181] = S 34
[4182] = CNOT 34 41
[4183] = CNOT 35 36
[4184] = S 35
[4185] = CNOT 35 36
[4186] = CNOT 35 37
[4187] = S 35
[4188] = CNOT 35 37
[4189] = CNOT 35 43
[4190] = S 35
[4191] = CNOT 35 43
[4192] = CNOT 35 45
[4193] = S 35
[4194] = CNOT 35 45
[4195] = CNOT 35 46
[4196] = S 35
[4197] = CNOT 35 46
[4198] = CNOT 35 53
[4199] = S 35
[4200] = CNOT 35 53
[4201] = CNOT 35 56
[4202] = S 35
[4203] = CNOT 35 56
[4204] = CNOT 35 61
[4205] = S 35
[4206] = CNOT 35 61
[4207] = CNOT 35 63
[4208] = S 35
[4209] = CNOT 35 63
[4210] = CNOT 35 64
[4211] = S 35
[4212] = CNOT 35 64
[4213] = CNOT 35 77
[4214] = S 35
[4215] = CNOT 35 77
[4216] = CNOT 35 79
[4217] = S 35
[4218] = CNOT 35 79
[4219] = CNOT 35 84
[4220] = S 35
[4221] = CNOT 35 84
[4222] = CNOT 36 37
[4223] = Z 36
[4224] = CNOT 36 37
[4225] = CNOT 36 46
[4226] = S 36
[4227] = CNOT 36 46
[4228] = CNOT 37 39
[4229] = S 37
[4230] = CNOT 37 39
[4231] = CNOT 37 43
[4232] = Z 37
[4233] = CNOT 37 43
[4234] = CNOT 37 46
[4235] = Z 37
[4236] = CNOT 37 46
[4237] = CNOT 37 53
[4238] = Z 37
[4239] = CNOT 37 53
[4240] = CNOT 37 56
[4241] = Z 37
[4242] = CNOT 37 56
[4243] = CNOT 37 61
[4244] = Z 37
[4245] = CNOT 37 61
[4246] = CNOT 37 63
[4247] = Z 37
[4248] = CNOT 37 63
[4249] = CNOT 37 64
[4250] = Z 37
[4251] = CNOT 37 64
[4252] = CNOT 37 77
[4253] = Z 37
[4254] = CNOT 37 77
[4255] = CNOT 37 79
[4256] = Z 37
[4257] = CNOT 37 79
[4258] = CNOT 37 84
[4259] = Z 37
[4260] = CNOT 37 84
[4261] = CNOT 38 41
[4262] = S 38
[4263] = Z 38
[4264] = CNOT 38 41
[4265] = CNOT 38 42
[4266] = S 38
[4267] = CNOT 38 42
[4268] = CNOT 38 43
[4269] = Z 38
[4270] = CNOT 38 43
[4271] = CNOT 38 46
[4272] = S 38
[4273] = Z 38
[4274] = CNOT 38 46
[4275] = CNOT 38 47
[4276] = Z 38
[4277] = CNOT 38 47
[4278] = CNOT 38 51
[4279] = S 38
[4280] = CNOT 38 51
[4281] = CNOT 38 57
[4282] = S 38
[4283] = Z 38
[4284] = CNOT 38 57
[4285] = CNOT 38 62
[4286] = S 38
[4287] = CNOT 38 62
[4288] = CNOT 38 63
[4289] = S 38
[4290] = Z 38
[4291] = CNOT 38 63
[4292] = CNOT 38 64
[4293] = S 38
[4294] = Z 38
[4295] = CNOT 38 64
[4296] = CNOT 38 66
[4297] = S 38
[4298] = CNOT 38 66
[4299] = CNOT 38 71
[4300] = S 38
[4301] = CNOT 38 71
[4302] = CNOT 38 72
[4303] = S 38
[4304] = CNOT 38 72
[4305] = CNOT 38 77
[4306] = S 38
[4307] = Z 38
[4308] = CNOT 38 77
[4309] = CNOT 38 84
[4310] = S 38
[4311] = Z 38
[4312] = CNOT 38 84
[4313] = CNOT 39 40
[4314] = S 39
[4315] = CNOT 39 40
[4316] = CNOT 40 46
[4317] = S 40
[4318] = CNOT 40 46
[4319] = CNOT 40 49
[4320] = S 40
[4321] = CNOT 40 49
[4322] = CNOT 40 51
[4323] = Z 40
[4324] = CNOT 40 51
[4325] = CNOT 40 54
[4326] = S 40
[4327] = CNOT 40 54
[4328] = CNOT 40 60
[4329] = Z 40
[4330] = CNOT 40 60
[4331] = CNOT 40 61
[4332] = Z 40
[4333] = CNOT 40 61
[4334] = CNOT 40 63
[4335] = S 40
[4336] = CNOT 40 63
[4337] = CNOT 40 71
[4338] = S 40
[4339] = CNOT 40 71
[4340] = CNOT 40 77
[4341] = Z 40
[4342] = CNOT 40 77
[4343] = CNOT 40 79
[4344] = Z 40
[4345] = CNOT 40 79
[4346] = CNOT 40 83
[4347] = S 40
[4348] = CNOT 40 83
[4349] = CNOT 41 46
[4350] = S 41
[4351] = CNOT 41 46
[4352] = CNOT 41 48
[4353] = S 41
[4354] = CNOT 41 48
[4355] = CNOT 41 62
[4356] = S 41
[4357] = CNOT 41 62
[4358] = CNOT 41 63
[4359] = S 41
[4360] = CNOT 41 63
[4361] = CNOT 41 64
[4362] = S 41
[4363] = CNOT 41 64
[4364] = CNOT 41 77
[4365] = S 41
[4366] = CNOT 41 77
[4367] = CNOT 41 79
[4368] = S 41
[4369] = CNOT 41 79
[4370] = CNOT 41 84
[4371] = S 41
[4372] = CNOT 41 84
[4373] = CNOT 42 46
[4374] = Z 42
[4375] = CNOT 42 46
[4376] = CNOT 42 57
[4377] = Z 42
[4378] = CNOT 42 57
[4379] = CNOT 42 58
[4380] = Z 42
[4381] = CNOT 42 58
[4382] = CNOT 42 62
[4383] = Z 42
[4384] = CNOT 42 62
[4385] = CNOT 42 63
[4386] = Z 42
[4387] = CNOT 42 63
[4388] = CNOT 42 64
[4389] = Z 42
[4390] = CNOT 42 64
[4391] = CNOT 42 66
[4392] = S 42
[4393] = Z 42
[4394] = CNOT 42 66
[4395] = CNOT 42 71
[4396] = Z 42
[4397] = CNOT 42 71
[4398] = CNOT 42 77
[4399] = Z 42
[4400] = CNOT 42 77
[4401] = CNOT 42 79
[4402] = Z 42
[4403] = CNOT 42 79
[4404] = CNOT 42 84
[4405] = Z 42
[4406] = CNOT 42 84
[4407] = CNOT 43 45
[4408] = S 43
[4409] = Z 43
[4410] = CNOT 43 45
[4411] = CNOT 43 46
[4412] = Z 43
[4413] = CNOT 43 46
[4414] = CNOT 43 47
[4415] = S 43
[4416] = CNOT 43 47
[4417] = CNOT 43 48
[4418] = S 43
[4419] = Z 43
[4420] = CNOT 43 48
[4421] = CNOT 43 50
[4422] = Z 43
[4423] = CNOT 43 50
[4424] = CNOT 43 52
[4425] = S 43
[4426] = Z 43
[4427] = CNOT 43 52
[4428] = CNOT 43 53
[4429] = S 43
[4430] = CNOT 43 53
[4431] = CNOT 43 55
[4432] = Z 43
[4433] = CNOT 43 55
[4434] = CNOT 43 56
[4435] = S 43
[4436] = CNOT 43 56
[4437] = CNOT 43 60
[4438] = S 43
[4439] = Z 43
[4440] = CNOT 43 60
[4441] = CNOT 43 61
[4442] = S 43
[4443] = CNOT 43 61
[4444] = CNOT 43 63
[4445] = S 43
[4446] = CNOT 43 63
[4447] = CNOT 43 64
[4448] = S 43
[4449] = Z 43
[4450] = CNOT 43 64
[4451] = CNOT 43 70
[4452] = Z 43
[4453] = CNOT 43 70
[4454] = CNOT 43 72
[4455] = S 43
[4456] = Z 43
[4457] = CNOT 43 72
[4458] = CNOT 43 77
[4459] = S 43
[4460] = CNOT 43 77
[4461] = CNOT 43 79
[4462] = S 43
[4463] = CNOT 43 79
[4464] = CNOT 43 81
[4465] = Z 43
[4466] = CNOT 43 81
[4467] = CNOT 43 82
[4468] = S 43
[4469] = CNOT 43 82
[4470] = CNOT 43 84
[4471] = S 43
[4472] = CNOT 43 84
[4473] = CNOT 44 46
[4474] = S 44
[4475] = CNOT 44 46
[4476] = CNOT 44 49
[4477] = S 44
[4478] = CNOT 44 49
[4479] = CNOT 44 51
[4480] = S 44
[4481] = CNOT 44 51
[4482] = CNOT 44 61
[4483] = S 44
[4484] = CNOT 44 61
[4485] = CNOT 44 63
[4486] = S 44
[4487] = CNOT 44 63
[4488] = CNOT 44 64
[4489] = S 44
[4490] = CNOT 44 64
[4491] = CNOT 44 77
[4492] = S 44
[4493] = CNOT 44 77
[4494] = CNOT 44 79
[4495] = S 44
[4496] = CNOT 44 79
[4497] = CNOT 44 84
[4498] = S 44
[4499] = CNOT 44 84
[4500] = CNOT 45 53
[4501] = S 45
[4502] = Z 45
[4503] = CNOT 45 53
[4504] = CNOT 45 56
[4505] = S 45
[4506] = Z 45
[4507] = CNOT 45 56
[4508] = CNOT 45 60
[4509] = S 45
[4510] = Z 45
[4511] = CNOT 45 60
[4512] = CNOT 45 61
[4513] = S 45
[4514] = Z 45
[4515] = CNOT 45 61
[4516] = CNOT 45 63
[4517] = S 45
[4518] = Z 45
[4519] = CNOT 45 63
[4520] = CNOT 45 64
[4521] = S 45
[4522] = CNOT 45 64
[4523] = CNOT 45 69
[4524] = S 45
[4525] = CNOT 45 69
[4526] = CNOT 45 77
[4527] = S 45
[4528] = Z 45
[4529] = CNOT 45 77
[4530] = CNOT 45 79
[4531] = S 45
[4532] = Z 45
[4533] = CNOT 45 79
[4534] = CNOT 45 84
[4535] = S 45
[4536] = Z 45
[4537] = CNOT 45 84
[4538] = CNOT 46 48
[4539] = S 46
[4540] = Z 46
[4541] = CNOT 46 48
[4542] = CNOT 46 49
[4543] = Z 46
[4544] = CNOT 46 49
[4545] = CNOT 46 50
[4546] = S 46
[4547] = CNOT 46 50
[4548] = CNOT 46 52
[4549] = S 46
[4550] = Z 46
[4551] = CNOT 46 52
[4552] = CNOT 46 53
[4553] = Z 46
[4554] = CNOT 46 53
[4555] = CNOT 46 54
[4556] = Z 46
[4557] = CNOT 46 54
[4558] = CNOT 46 55
[4559] = S 46
[4560] = CNOT 46 55
[4561] = CNOT 46 56
[4562] = Z 46
[4563] = CNOT 46 56
[4564] = CNOT 46 57
[4565] = S 46
[4566] = CNOT 46 57
[4567] = CNOT 46 58
[4568] = S 46
[4569] = CNOT 46 58
[4570] = CNOT 46 59
[4571] = S 46
[4572] = Z 46
[4573] = CNOT 46 59
[4574] = CNOT 46 61
[4575] = S 46
[4576] = CNOT 46 61
[4577] = CNOT 46 62
[4578] = S 46
[4579] = Z 46
[4580] = CNOT 46 62
[4581] = CNOT 46 63
[4582] = S 46
[4583] = Z 46
[4584] = CNOT 46 63
[4585] = CNOT 46 64
[4586] = S 46
[4587] = Z 46
[4588] = CNOT 46 64
[4589] = CNOT 46 65
[4590] = S 46
[4591] = Z 46
[4592] = CNOT 46 65
[4593] = CNOT 46 66
[4594] = Z 46
[4595] = CNOT 46 66
[4596] = CNOT 46 67
[4597] = S 46
[4598] = CNOT 46 67
[4599] = CNOT 46 68
[4600] = S 46
[4601] = CNOT 46 68
[4602] = CNOT 46 71
[4603] = Z 46
[4604] = CNOT 46 71
[4605] = CNOT 46 74
[4606] = S 46
[4607] = CNOT 46 74
[4608] = CNOT 46 77
[4609] = S 46
[4610] = Z 46
[4611] = CNOT 46 77
[4612] = CNOT 46 79
[4613] = S 46
[4614] = Z 46
[4615] = CNOT 46 79
[4616] = CNOT 46 80
[4617] = S 46
[4618] = CNOT 46 80
[4619] = CNOT 46 81
[4620] = Z 46
[4621] = CNOT 46 81
[4622] = CNOT 46 82
[4623] = S 46
[4624] = CNOT 46 82
[4625] = CNOT 47 51
[4626] = S 47
[4627] = CNOT 47 51
[4628] = CNOT 47 61
[4629] = S 47
[4630] = CNOT 47 61
[4631] = CNOT 47 67
[4632] = S 47
[4633] = Z 47
[4634] = CNOT 47 67
[4635] = CNOT 47 76
[4636] = S 47
[4637] = Z 47
[4638] = CNOT 47 76
[4639] = CNOT 47 79
[4640] = S 47
[4641] = CNOT 47 79
[4642] = CNOT 48 61
[4643] = S 48
[4644] = Z 48
[4645] = CNOT 48 61
[4646] = CNOT 48 62
[4647] = S 48
[4648] = CNOT 48 62
[4649] = CNOT 48 63
[4650] = S 48
[4651] = Z 48
[4652] = CNOT 48 63
[4653] = CNOT 48 64
[4654] = S 48
[4655] = Z 48
[4656] = CNOT 48 64
[4657] = CNOT 48 77
[4658] = S 48
[4659] = Z 48
[4660] = CNOT 48 77
[4661] = CNOT 48 79
[4662] = S 48
[4663] = Z 48
[4664] = CNOT 48 79
[4665] = CNOT 48 82
[4666] = Z 48
[4667] = CNOT 48 82
[4668] = CNOT 48 84
[4669] = S 48
[4670] = Z 48
[4671] = CNOT 48 84
[4672] = CNOT 49 51
[4673] = Z 49
[4674] = CNOT 49 51
[4675] = CNOT 49 54
[4676] = S 49
[4677] = CNOT 49 54
[4678] = CNOT 49 61
[4679] = Z 49
[4680] = CNOT 49 61
[4681] = CNOT 49 63
[4682] = S 49
[4683] = Z 49
[4684] = CNOT 49 63
[4685] = CNOT 49 64
[4686] = Z 49
[4687] = CNOT 49 64
[4688] = CNOT 49 68
[4689] = S 49
[4690] = Z 49
[4691] = CNOT 49 68
[4692] = CNOT 49 77
[4693] = Z 49
[4694] = CNOT 49 77
[4695] = CNOT 49 78
[4696] = S 49
[4697] = Z 49
[4698] = CNOT 49 78
[4699] = CNOT 49 79
[4700] = Z 49
[4701] = CNOT 49 79
[4702] = CNOT 49 83
[4703] = S 49
[4704] = CNOT 49 83
[4705] = CNOT 50 53
[4706] = Z 50
[4707] = CNOT 50 53
[4708] = CNOT 50 56
[4709] = Z 50
[4710] = CNOT 50 56
[4711] = CNOT 50 60
[4712] = S 50
[4713] = Z 50
[4714] = CNOT 50 60
[4715] = CNOT 50 61
[4716] = Z 50
[4717] = CNOT 50 61
[4718] = CNOT 50 63
[4719] = Z 50
[4720] = CNOT 50 63
[4721] = CNOT 50 64
[4722] = S 50
[4723] = CNOT 50 64
[4724] = CNOT 50 70
[4725] = Z 50
[4726] = CNOT 50 70
[4727] = CNOT 50 72
[4728] = S 50
[4729] = Z 50
[4730] = CNOT 50 72
[4731] = CNOT 50 79
[4732] = Z 50
[4733] = CNOT 50 79
[4734] = CNOT 50 84
[4735] = Z 50
[4736] = CNOT 50 84
[4737] = CNOT 51 54
[4738] = Z 51
[4739] = CNOT 51 54
[4740] = CNOT 51 57
[4741] = S 51
[4742] = CNOT 51 57
[4743] = CNOT 51 67
[4744] = S 51
[4745] = CNOT 51 67
[4746] = CNOT 51 68
[4747] = S 51
[4748] = CNOT 51 68
[4749] = CNOT 51 84
[4750] = S 51
[4751] = CNOT 51 84
[4752] = CNOT 52 55
[4753] = S 52
[4754] = CNOT 52 55
[4755] = CNOT 52 56
[4756] = S 52
[4757] = CNOT 52 56
[4758] = CNOT 52 58
[4759] = S 52
[4760] = CNOT 52 58
[4761] = CNOT 52 61
[4762] = S 52
[4763] = Z 52
[4764] = CNOT 52 61
[4765] = CNOT 52 63
[4766] = S 52
[4767] = Z 52
[4768] = CNOT 52 63
[4769] = CNOT 52 64
[4770] = S 52
[4771] = Z 52
[4772] = CNOT 52 64
[4773] = CNOT 52 77
[4774] = S 52
[4775] = Z 52
[4776] = CNOT 52 77
[4777] = CNOT 52 79
[4778] = S 52
[4779] = Z 52
[4780] = CNOT 52 79
[4781] = CNOT 52 81
[4782] = Z 52
[4783] = CNOT 52 81
[4784] = CNOT 52 84
[4785] = S 52
[4786] = Z 52
[4787] = CNOT 52 84
[4788] = CNOT 53 55
[4789] = S 53
[4790] = CNOT 53 55
[4791] = CNOT 53 56
[4792] = S 53
[4793] = CNOT 53 56
[4794] = CNOT 53 60
[4795] = S 53
[4796] = Z 53
[4797] = CNOT 53 60
[4798] = CNOT 53 61
[4799] = S 53
[4800] = CNOT 53 61
[4801] = CNOT 53 63
[4802] = S 53
[4803] = CNOT 53 63
[4804] = CNOT 53 64
[4805] = S 53
[4806] = Z 53
[4807] = CNOT 53 64
[4808] = CNOT 53 70
[4809] = Z 53
[4810] = CNOT 53 70
[4811] = CNOT 53 72
[4812] = S 53
[4813] = Z 53
[4814] = CNOT 53 72
[4815] = CNOT 53 77
[4816] = S 53
[4817] = CNOT 53 77
[4818] = CNOT 53 79
[4819] = S 53
[4820] = CNOT 53 79
[4821] = CNOT 53 84
[4822] = S 53
[4823] = CNOT 53 84
[4824] = CNOT 54 60
[4825] = S 54
[4826] = CNOT 54 60
[4827] = CNOT 54 61
[4828] = Z 54
[4829] = CNOT 54 61
[4830] = CNOT 54 63
[4831] = Z 54
[4832] = CNOT 54 63
[4833] = CNOT 54 64
[4834] = Z 54
[4835] = CNOT 54 64
[4836] = CNOT 54 68
[4837] = S 54
[4838] = CNOT 54 68
[4839] = CNOT 54 77
[4840] = Z 54
[4841] = CNOT 54 77
[4842] = CNOT 54 79
[4843] = Z 54
[4844] = CNOT 54 79
[4845] = CNOT 54 84
[4846] = Z 54
[4847] = CNOT 54 84
[4848] = CNOT 55 56
[4849] = S 55
[4850] = CNOT 55 56
[4851] = CNOT 55 59
[4852] = Z 55
[4853] = CNOT 55 59
[4854] = CNOT 55 61
[4855] = Z 55
[4856] = CNOT 55 61
[4857] = CNOT 55 63
[4858] = S 55
[4859] = CNOT 55 63
[4860] = CNOT 55 64
[4861] = S 55
[4862] = CNOT 55 64
[4863] = CNOT 55 65
[4864] = S 55
[4865] = Z 55
[4866] = CNOT 55 65
[4867] = CNOT 55 74
[4868] = Z 55
[4869] = CNOT 55 74
[4870] = CNOT 55 75
[4871] = S 55
[4872] = Z 55
[4873] = CNOT 55 75
[4874] = CNOT 55 77
[4875] = S 55
[4876] = CNOT 55 77
[4877] = CNOT 55 79
[4878] = S 55
[4879] = CNOT 55 79
[4880] = CNOT 55 81
[4881] = S 55
[4882] = CNOT 55 81
[4883] = CNOT 55 84
[4884] = S 55
[4885] = CNOT 55 84
[4886] = CNOT 56 59
[4887] = S 56
[4888] = CNOT 56 59
[4889] = CNOT 56 60
[4890] = S 56
[4891] = Z 56
[4892] = CNOT 56 60
[4893] = CNOT 56 61
[4894] = S 56
[4895] = CNOT 56 61
[4896] = CNOT 56 63
[4897] = S 56
[4898] = CNOT 56 63
[4899] = CNOT 56 64
[4900] = S 56
[4901] = Z 56
[4902] = CNOT 56 64
[4903] = CNOT 56 70
[4904] = Z 56
[4905] = CNOT 56 70
[4906] = CNOT 56 72
[4907] = S 56
[4908] = Z 56
[4909] = CNOT 56 72
[4910] = CNOT 56 77
[4911] = S 56
[4912] = CNOT 56 77
[4913] = CNOT 56 79
[4914] = S 56
[4915] = CNOT 56 79
[4916] = CNOT 56 82
[4917] = S 56
[4918] = CNOT 56 82
[4919] = CNOT 56 84
[4920] = S 56
[4921] = CNOT 56 84
[4922] = CNOT 57 58
[4923] = Z 57
[4924] = CNOT 57 58
[4925] = CNOT 57 62
[4926] = S 57
[4927] = Z 57
[4928] = CNOT 57 62
[4929] = CNOT 57 63
[4930] = S 57
[4931] = CNOT 57 63
[4932] = CNOT 57 64
[4933] = S 57
[4934] = CNOT 57 64
[4935] = CNOT 57 75
[4936] = Z 57
[4937] = CNOT 57 75
[4938] = CNOT 57 77
[4939] = S 57
[4940] = CNOT 57 77
[4941] = CNOT 57 79
[4942] = Z 57
[4943] = CNOT 57 79
[4944] = CNOT 57 84
[4945] = S 57
[4946] = CNOT 57 84
[4947] = CNOT 58 63
[4948] = S 58
[4949] = CNOT 58 63
[4950] = CNOT 58 64
[4951] = S 58
[4952] = CNOT 58 64
[4953] = CNOT 58 65
[4954] = S 58
[4955] = Z 58
[4956] = CNOT 58 65
[4957] = CNOT 58 74
[4958] = S 58
[4959] = Z 58
[4960] = CNOT 58 74
[4961] = CNOT 58 75
[4962] = Z 58
[4963] = CNOT 58 75
[4964] = CNOT 58 77
[4965] = S 58
[4966] = CNOT 58 77
[4967] = CNOT 58 79
[4968] = S 58
[4969] = CNOT 58 79
[4970] = CNOT 58 81
[4971] = S 58
[4972] = CNOT 58 81
[4973] = CNOT 58 84
[4974] = S 58
[4975] = CNOT 58 84
[4976] = CNOT 59 63
[4977] = S 59
[4978] = Z 59
[4979] = CNOT 59 63
[4980] = CNOT 59 64
[4981] = S 59
[4982] = Z 59
[4983] = CNOT 59 64
[4984] = CNOT 59 65
[4985] = S 59
[4986] = Z 59
[4987] = CNOT 59 65
[4988] = CNOT 59 74
[4989] = S 59
[4990] = CNOT 59 74
[4991] = CNOT 59 75
[4992] = S 59
[4993] = Z 59
[4994] = CNOT 59 75
[4995] = CNOT 59 77
[4996] = S 59
[4997] = Z 59
[4998] = CNOT 59 77
[4999] = CNOT 59 79
[5000] = S 59
[5001] = Z 59
[5002] = CNOT 59 79
[5003] = CNOT 59 82
[5004] = S 59
[5005] = CNOT 59 82
[5006] = CNOT 59 84
[5007] = S 59
[5008] = Z 59
[5009] = CNOT 59 84
[5010] = CNOT 60 61
[5011] = S 60
[5012] = Z 60
[5013] = CNOT 60 61
[5014] = CNOT 60 63
[5015] = S 60
[5016] = Z 60
[5017] = CNOT 60 63
[5018] = CNOT 60 64
[5019] = Z 60
[5020] = CNOT 60 64
[5021] = CNOT 60 77
[5022] = S 60
[5023] = Z 60
[5024] = CNOT 60 77
[5025] = CNOT 60 79
[5026] = S 60
[5027] = Z 60
[5028] = CNOT 60 79
[5029] = CNOT 60 83
[5030] = S 60
[5031] = CNOT 60 83
[5032] = CNOT 60 84
[5033] = S 60
[5034] = Z 60
[5035] = CNOT 60 84
[5036] = CNOT 61 64
[5037] = Z 61
[5038] = CNOT 61 64
[5039] = CNOT 61 67
[5040] = S 61
[5041] = CNOT 61 67
[5042] = CNOT 61 68
[5043] = S 61
[5044] = CNOT 61 68
[5045] = CNOT 61 70
[5046] = Z 61
[5047] = CNOT 61 70
[5048] = CNOT 61 72
[5049] = S 61
[5050] = Z 61
[5051] = CNOT 61 72
[5052] = CNOT 61 80
[5053] = S 61
[5054] = CNOT 61 80
[5055] = CNOT 61 81
[5056] = Z 61
[5057] = CNOT 61 81
[5058] = CNOT 61 82
[5059] = S 61
[5060] = CNOT 61 82
[5061] = CNOT 61 84
[5062] = S 61
[5063] = CNOT 61 84
[5064] = CNOT 62 63
[5065] = S 62
[5066] = Z 62
[5067] = CNOT 62 63
[5068] = CNOT 62 64
[5069] = S 62
[5070] = Z 62
[5071] = CNOT 62 64
[5072] = CNOT 62 65
[5073] = S 62
[5074] = CNOT 62 65
[5075] = CNOT 62 66
[5076] = Z 62
[5077] = CNOT 62 66
[5078] = CNOT 62 71
[5079] = Z 62
[5080] = CNOT 62 71
[5081] = CNOT 62 77
[5082] = S 62
[5083] = Z 62
[5084] = CNOT 62 77
[5085] = CNOT 62 79
[5086] = S 62
[5087] = Z 62
[5088] = CNOT 62 79
[5089] = CNOT 62 84
[5090] = S 62
[5091] = Z 62
[5092] = CNOT 62 84
[5093] = CNOT 63 65
[5094] = S 63
[5095] = Z 63
[5096] = CNOT 63 65
[5097] = CNOT 63 66
[5098] = Z 63
[5099] = CNOT 63 66
[5100] = CNOT 63 67
[5101] = S 63
[5102] = CNOT 63 67
[5103] = CNOT 63 68
[5104] = Z 63
[5105] = CNOT 63 68
[5106] = CNOT 63 70
[5107] = Z 63
[5108] = CNOT 63 70
[5109] = CNOT 63 71
[5110] = Z 63
[5111] = CNOT 63 71
[5112] = CNOT 63 72
[5113] = S 63
[5114] = Z 63
[5115] = CNOT 63 72
[5116] = CNOT 63 74
[5117] = S 63
[5118] = CNOT 63 74
[5119] = CNOT 63 77
[5120] = Z 63
[5121] = CNOT 63 77
[5122] = CNOT 63 79
[5123] = Z 63
[5124] = CNOT 63 79
[5125] = CNOT 63 80
[5126] = S 63
[5127] = CNOT 63 80
[5128] = CNOT 63 81
[5129] = Z 63
[5130] = CNOT 63 81
[5131] = CNOT 63 82
[5132] = S 63
[5133] = CNOT 63 82
[5134] = CNOT 63 84
[5135] = S 63
[5136] = Z 63
[5137] = CNOT 63 84
[5138] = CNOT 64 65
[5139] = S 64
[5140] = Z 64
[5141] = CNOT 64 65
[5142] = CNOT 64 66
[5143] = Z 64
[5144] = CNOT 64 66
[5145] = CNOT 64 67
[5146] = S 64
[5147] = CNOT 64 67
[5148] = CNOT 64 68
[5149] = S 64
[5150] = CNOT 64 68
[5151] = CNOT 64 70
[5152] = S 64
[5153] = CNOT 64 70
[5154] = CNOT 64 71
[5155] = Z 64
[5156] = CNOT 64 71
[5157] = CNOT 64 74
[5158] = S 64
[5159] = CNOT 64 74
[5160] = CNOT 64 80
[5161] = S 64
[5162] = CNOT 64 80
[5163] = CNOT 64 81
[5164] = Z 64
[5165] = CNOT 64 81
[5166] = CNOT 64 82
[5167] = S 64
[5168] = CNOT 64 82
[5169] = CNOT 64 84
[5170] = S 64
[5171] = CNOT 64 84
[5172] = CNOT 65 74
[5173] = Z 65
[5174] = CNOT 65 74
[5175] = CNOT 65 75
[5176] = S 65
[5177] = Z 65
[5178] = CNOT 65 75
[5179] = CNOT 65 76
[5180] = S 65
[5181] = CNOT 65 76
[5182] = CNOT 65 77
[5183] = S 65
[5184] = Z 65
[5185] = CNOT 65 77
[5186] = CNOT 65 79
[5187] = S 65
[5188] = Z 65
[5189] = CNOT 65 79
[5190] = CNOT 65 84
[5191] = S 65
[5192] = Z 65
[5193] = CNOT 65 84
[5194] = CNOT 66 71
[5195] = S 66
[5196] = CNOT 66 71
[5197] = CNOT 66 75
[5198] = S 66
[5199] = CNOT 66 75
[5200] = CNOT 66 77
[5201] = Z 66
[5202] = CNOT 66 77
[5203] = CNOT 66 79
[5204] = Z 66
[5205] = CNOT 66 79
[5206] = CNOT 66 84
[5207] = Z 66
[5208] = CNOT 66 84
[5209] = CNOT 67 76
[5210] = Z 67
[5211] = CNOT 67 76
[5212] = CNOT 67 77
[5213] = S 67
[5214] = CNOT 67 77
[5215] = CNOT 67 80
[5216] = S 67
[5217] = CNOT 67 80
[5218] = CNOT 67 84
[5219] = S 67
[5220] = CNOT 67 84
[5221] = CNOT 68 77
[5222] = S 68
[5223] = CNOT 68 77
[5224] = CNOT 68 78
[5225] = Z 68
[5226] = CNOT 68 78
[5227] = CNOT 68 79
[5228] = S 68
[5229] = CNOT 68 79
[5230] = CNOT 68 83
[5231] = S 68
[5232] = CNOT 68 83
[5233] = CNOT 68 84
[5234] = S 68
[5235] = CNOT 68 84
[5236] = CNOT 69 77
[5237] = S 69
[5238] = CNOT 69 77
[5239] = CNOT 70 72
[5240] = S 70
[5241] = Z 70
[5242] = CNOT 70 72
[5243] = CNOT 70 78
[5244] = S 70
[5245] = CNOT 70 78
[5246] = CNOT 70 79
[5247] = Z 70
[5248] = CNOT 70 79
[5249] = CNOT 70 84
[5250] = Z 70
[5251] = CNOT 70 84
[5252] = CNOT 71 73
[5253] = S 71
[5254] = CNOT 71 73
[5255] = CNOT 71 77
[5256] = Z 71
[5257] = CNOT 71 77
[5258] = CNOT 71 79
[5259] = Z 71
[5260] = CNOT 71 79
[5261] = CNOT 71 84
[5262] = Z 71
[5263] = CNOT 71 84
[5264] = CNOT 72 79
[5265] = S 72
[5266] = Z 72
[5267] = CNOT 72 79
[5268] = CNOT 72 84
[5269] = S 72
[5270] = Z 72
[5271] = CNOT 72 84
[5272] = CNOT 73 74
[5273] = S 73
[5274] = CNOT 73 74
[5275] = CNOT 74 75
[5276] = S 74
[5277] = CNOT 74 75
[5278] = CNOT 74 77
[5279] = S 74
[5280] = CNOT 74 77
[5281] = CNOT 74 79
[5282] = S 74
[5283] = CNOT 74 79
[5284] = CNOT 74 84
[5285] = S 74
[5286] = CNOT 74 84
[5287] = CNOT 77 79
[5288] = Z 77
[5289] = CNOT 77 79
[5290] = CNOT 77 80
[5291] = S 77
[5292] = CNOT 77 80
[5293] = CNOT 77 81
[5294] = Z 77
[5295] = CNOT 77 81
[5296] = CNOT 77 82
[5297] = S 77
[5298] = CNOT 77 82
[5299] = CNOT 77 84
[5300] = S 77
[5301] = Z 77
[5302] = CNOT 77 84
[5303] = CNOT 79 80
[5304] = S 79
[5305] = CNOT 79 80
[5306] = CNOT 79 81
[5307] = Z 79
[5308] = CNOT 79 81
[5309] = CNOT 79 82
[5310] = S 79
[5311] = CNOT 79 82
[5312] = CNOT 79 84
[5313] = S 79
[5314] = Z 79
[5315] = CNOT 79 84
[5316] = CNOT 80 84
[5317] = S 80
[5318] = CNOT 80 84
[5319] = CNOT 81 84
[5320] = Z 81
[5321] = CNOT 81 84
[5322] = CNOT 82 84
[5323] = S 82
[5324] = CNOT 82 84
[5325] = CNOT 1 2
[5326] = CNOT 1 3
[5327] = S 1
[5328] = CNOT 1 3
[5329] = CNOT 1 4
[5330] = S 1
[5331] = Z 1
[5332] = CNOT 1 4
[5333] = CNOT 1 5
[5334] = Z 1
[5335] = CNOT 1 5
[5336] = CNOT 1 6
[5337] = S 1
[5338] = Z 1
[5339] = CNOT 1 6
[5340] = CNOT 1 7
[5341] = S 1
[5342] = Z 1
[5343] = CNOT 1 7
[5344] = CNOT 1 38
[5345] = S 1
[5346] = Z 1
[5347] = CNOT 1 38
[5348] = CNOT 1 43
[5349] = S 1
[5350] = Z 1
[5351] = CNOT 1 43
[5352] = CNOT 1 51
[5353] = S 1
[5354] = Z 1
[5355] = CNOT 1 51
[5356] = CNOT 1 80
[5357] = S 1
[5358] = Z 1
[5359] = CNOT 1 80
[5360] = CNOT 1 2
[5361] = CNOT 1 3
[5362] = CNOT 1 4
[5363] = S 1
[5364] = Z 1
[5365] = CNOT 1 4
[5366] = CNOT 1 5
[5367] = Z 1
[5368] = CNOT 1 5
[5369] = CNOT 1 6
[5370] = S 1
[5371] = Z 1
[5372] = CNOT 1 6
[5373] = CNOT 1 7
[5374] = Z 1
[5375] = CNOT 1 7
[5376] = CNOT 1 9
[5377] = Z 1
[5378] = CNOT 1 9
[5379] = CNOT 1 18
[5380] = Z 1
[5381] = CNOT 1 18
[5382] = CNOT 1 23
[5383] = Z 1
[5384] = CNOT 1 23
[5385] = CNOT 1 25
[5386] = Z 1
[5387] = CNOT 1 25
[5388] = CNOT 1 26
[5389] = Z 1
[5390] = CNOT 1 26
[5391] = CNOT 1 38
[5392] = S 1
[5393] = CNOT 1 38
[5394] = CNOT 1 43
[5395] = S 1
[5396] = Z 1
[5397] = CNOT 1 43
[5398] = CNOT 1 46
[5399] = Z 1
[5400] = CNOT 1 46
[5401] = CNOT 1 47
[5402] = S 1
[5403] = Z 1
[5404] = CNOT 1 47
[5405] = CNOT 1 51
[5406] = Z 1
[5407] = CNOT 1 51
[5408] = CNOT 1 63
[5409] = Z 1
[5410] = CNOT 1 63
[5411] = CNOT 1 64
[5412] = Z 1
[5413] = CNOT 1 64
[5414] = CNOT 1 77
[5415] = Z 1
[5416] = CNOT 1 77
[5417] = CNOT 1 79
[5418] = S 1
[5419] = Z 1
[5420] = CNOT 1 79
[5421] = CNOT 1 80
[5422] = S 1
[5423] = Z 1
[5424] = CNOT 1 80
[5425] = CNOT 1 84
[5426] = Z 1
[5427] = CNOT 1 84
[5428] = CNOT 1 3
[5429] = CNOT 1 4
[5430] = CNOT 1 5
[5431] = S 1
[5432] = CNOT 1 5
[5433] = CNOT 1 6
[5434] = Z 1
[5435] = CNOT 1 6
[5436] = CNOT 1 7
[5437] = Z 1
[5438] = CNOT 1 7
[5439] = CNOT 1 9
[5440] = Z 1
[5441] = CNOT 1 9
[5442] = CNOT 1 18
[5443] = S 1
[5444] = Z 1
[5445] = CNOT 1 18
[5446] = CNOT 1 20
[5447] = Z 1
[5448] = CNOT 1 20
[5449] = CNOT 1 21
[5450] = S 1
[5451] = Z 1
[5452] = CNOT 1 21
[5453] = CNOT 1 22
[5454] = Z 1
[5455] = CNOT 1 22
[5456] = CNOT 1 23
[5457] = S 1
[5458] = CNOT 1 23
[5459] = CNOT 1 24
[5460] = Z 1
[5461] = CNOT 1 24
[5462] = CNOT 1 25
[5463] = S 1
[5464] = CNOT 1 25
[5465] = CNOT 1 26
[5466] = S 1
[5467] = CNOT 1 26
[5468] = CNOT 1 28
[5469] = Z 1
[5470] = CNOT 1 28
[5471] = CNOT 1 32
[5472] = Z 1
[5473] = CNOT 1 32
[5474] = CNOT 1 44
[5475] = Z 1
[5476] = CNOT 1 44
[5477] = CNOT 1 46
[5478] = S 1
[5479] = CNOT 1 46
[5480] = CNOT 1 49
[5481] = S 1
[5482] = CNOT 1 49
[5483] = CNOT 1 51
[5484] = S 1
[5485] = CNOT 1 51
[5486] = CNOT 1 61
[5487] = S 1
[5488] = CNOT 1 61
[5489] = CNOT 1 63
[5490] = S 1
[5491] = Z 1
[5492] = CNOT 1 63
[5493] = CNOT 1 64
[5494] = S 1
[5495] = CNOT 1 64
[5496] = CNOT 1 68
[5497] = Z 1
[5498] = CNOT 1 68
[5499] = CNOT 1 77
[5500] = S 1
[5501] = CNOT 1 77
[5502] = CNOT 1 78
[5503] = Z 1
[5504] = CNOT 1 78
[5505] = CNOT 1 79
[5506] = S 1
[5507] = CNOT 1 79
[5508] = CNOT 1 84
[5509] = S 1
[5510] = Z 1
[5511] = CNOT 1 84
[5512] = CNOT 1 4
[5513] = CNOT 1 5
[5514] = CNOT 1 6
[5515] = S 1
[5516] = CNOT 1 6
[5517] = CNOT 1 7
[5518] = S 1
[5519] = CNOT 1 7
[5520] = CNOT 1 18
[5521] = S 1
[5522] = CNOT 1 18
[5523] = CNOT 1 20
[5524] = Z 1
[5525] = CNOT 1 20
[5526] = CNOT 1 21
[5527] = S 1
[5528] = Z 1
[5529] = CNOT 1 21
[5530] = CNOT 1 22
[5531] = Z 1
[5532] = CNOT 1 22
[5533] = CNOT 1 23
[5534] = S 1
[5535] = Z 1
[5536] = CNOT 1 23
[5537] = CNOT 1 24
[5538] = Z 1
[5539] = CNOT 1 24
[5540] = CNOT 1 25
[5541] = S 1
[5542] = Z 1
[5543] = CNOT 1 25
[5544] = CNOT 1 26
[5545] = S 1
[5546] = Z 1
[5547] = CNOT 1 26
[5548] = CNOT 1 28
[5549] = Z 1
[5550] = CNOT 1 28
[5551] = CNOT 1 32
[5552] = Z 1
[5553] = CNOT 1 32
[5554] = CNOT 1 44
[5555] = Z 1
[5556] = CNOT 1 44
[5557] = CNOT 1 46
[5558] = S 1
[5559] = Z 1
[5560] = CNOT 1 46
[5561] = CNOT 1 49
[5562] = S 1
[5563] = CNOT 1 49
[5564] = CNOT 1 51
[5565] = S 1
[5566] = CNOT 1 51
[5567] = CNOT 1 61
[5568] = S 1
[5569] = Z 1
[5570] = CNOT 1 61
[5571] = CNOT 1 63
[5572] = S 1
[5573] = CNOT 1 63
[5574] = CNOT 1 64
[5575] = S 1
[5576] = Z 1
[5577] = CNOT 1 64
[5578] = CNOT 1 68
[5579] = Z 1
[5580] = CNOT 1 68
[5581] = CNOT 1 77
[5582] = S 1
[5583] = Z 1
[5584] = CNOT 1 77
[5585] = CNOT 1 78
[5586] = Z 1
[5587] = CNOT 1 78
[5588] = CNOT 1 79
[5589] = S 1
[5590] = Z 1
[5591] = CNOT 1 79
[5592] = CNOT 1 84
[5593] = S 1
[5594] = CNOT 1 84
[5595] = CNOT 1 5
[5596] = CNOT 1 6
[5597] = CNOT 1 7
[5598] = S 1
[5599] = CNOT 1 7
[5600] = CNOT 1 18
[5601] = S 1
[5602] = Z 1
[5603] = CNOT 1 18
[5604] = CNOT 1 23
[5605] = S 1
[5606] = Z 1
[5607] = CNOT 1 23
[5608] = CNOT 1 25
[5609] = S 1
[5610] = Z 1
[5611] = CNOT 1 25
[5612] = CNOT 1 26
[5613] = S 1
[5614] = Z 1
[5615] = CNOT 1 26
[5616] = CNOT 1 28
[5617] = S 1
[5618] = Z 1
[5619] = CNOT 1 28
[5620] = CNOT 1 46
[5621] = S 1
[5622] = Z 1
[5623] = CNOT 1 46
[5624] = CNOT 1 47
[5625] = S 1
[5626] = Z 1
[5627] = CNOT 1 47
[5628] = CNOT 1 61
[5629] = S 1
[5630] = CNOT 1 61
[5631] = CNOT 1 63
[5632] = S 1
[5633] = Z 1
[5634] = CNOT 1 63
[5635] = CNOT 1 64
[5636] = S 1
[5637] = Z 1
[5638] = CNOT 1 64
[5639] = CNOT 1 67
[5640] = Z 1
[5641] = CNOT 1 67
[5642] = CNOT 1 76
[5643] = S 1
[5644] = Z 1
[5645] = CNOT 1 76
[5646] = CNOT 1 77
[5647] = S 1
[5648] = Z 1
[5649] = CNOT 1 77
[5650] = CNOT 1 79
[5651] = S 1
[5652] = CNOT 1 79
[5653] = CNOT 1 84
[5654] = S 1
[5655] = Z 1
[5656] = CNOT 1 84
[5657] = CNOT 1 6
[5658] = CNOT 1 7
[5659] = CNOT 1 9
[5660] = S 1
[5661] = Z 1
[5662] = CNOT 1 9
[5663] = CNOT 1 18
[5664] = Z 1
[5665] = CNOT 1 18
[5666] = CNOT 1 23
[5667] = Z 1
[5668] = CNOT 1 23
[5669] = CNOT 1 25
[5670] = Z 1
[5671] = CNOT 1 25
[5672] = CNOT 1 26
[5673] = Z 1
[5674] = CNOT 1 26
[5675] = CNOT 1 28
[5676] = S 1
[5677] = Z 1
[5678] = CNOT 1 28
[5679] = CNOT 1 38
[5680] = S 1
[5681] = Z 1
[5682] = CNOT 1 38
[5683] = CNOT 1 46
[5684] = Z 1
[5685] = CNOT 1 46
[5686] = CNOT 1 47
[5687] = S 1
[5688] = CNOT 1 47
[5689] = CNOT 1 61
[5690] = S 1
[5691] = CNOT 1 61
[5692] = CNOT 1 63
[5693] = Z 1
[5694] = CNOT 1 63
[5695] = CNOT 1 64
[5696] = Z 1
[5697] = CNOT 1 64
[5698] = CNOT 1 67
[5699] = S 1
[5700] = Z 1
[5701] = CNOT 1 67
[5702] = CNOT 1 76
[5703] = S 1
[5704] = Z 1
[5705] = CNOT 1 76
[5706] = CNOT 1 77
[5707] = Z 1
[5708] = CNOT 1 77
[5709] = CNOT 1 84
[5710] = Z 1
[5711] = CNOT 1 84
[5712] = CNOT 1 7
[5713] = CNOT 1 8
[5714] = CNOT 1 9
[5715] = S 1
[5716] = Z 1
[5717] = CNOT 1 9
[5718] = CNOT 1 14
[5719] = Z 1
[5720] = CNOT 1 14
[5721] = CNOT 1 15
[5722] = Z 1
[5723] = CNOT 1 15
[5724] = CNOT 1 18
[5725] = S 1
[5726] = Z 1
[5727] = CNOT 1 18
[5728] = CNOT 1 23
[5729] = S 1
[5730] = Z 1
[5731] = CNOT 1 23
[5732] = CNOT 1 25
[5733] = S 1
[5734] = Z 1
[5735] = CNOT 1 25
[5736] = CNOT 1 26
[5737] = S 1
[5738] = Z 1
[5739] = CNOT 1 26
[5740] = CNOT 1 29
[5741] = S 1
[5742] = Z 1
[5743] = CNOT 1 29
[5744] = CNOT 1 38
[5745] = S 1
[5746] = CNOT 1 38
[5747] = CNOT 1 42
[5748] = S 1
[5749] = CNOT 1 42
[5750] = CNOT 1 46
[5751] = S 1
[5752] = Z 1
[5753] = CNOT 1 46
[5754] = CNOT 1 55
[5755] = Z 1
[5756] = CNOT 1 55
[5757] = CNOT 1 57
[5758] = S 1
[5759] = CNOT 1 57
[5760] = CNOT 1 58
[5761] = S 1
[5762] = CNOT 1 58
[5763] = CNOT 1 59
[5764] = Z 1
[5765] = CNOT 1 59
[5766] = CNOT 1 63
[5767] = S 1
[5768] = Z 1
[5769] = CNOT 1 63
[5770] = CNOT 1 64
[5771] = S 1
[5772] = Z 1
[5773] = CNOT 1 64
[5774] = CNOT 1 66
[5775] = Z 1
[5776] = CNOT 1 66
[5777] = CNOT 1 71
[5778] = Z 1
[5779] = CNOT 1 71
[5780] = CNOT 1 74
[5781] = S 1
[5782] = CNOT 1 74
[5783] = CNOT 1 75
[5784] = Z 1
[5785] = CNOT 1 75
[5786] = CNOT 1 77
[5787] = S 1
[5788] = Z 1
[5789] = CNOT 1 77
[5790] = CNOT 1 79
[5791] = S 1
[5792] = Z 1
[5793] = CNOT 1 79
[5794] = CNOT 1 84
[5795] = S 1
[5796] = Z 1
[5797] = CNOT 1 84
[5798] = CNOT 1 8
[5799] = CNOT 1 9
[5800] = CNOT 1 11
[5801] = Z 1
[5802] = CNOT 1 11
[5803] = CNOT 1 12
[5804] = Z 1
[5805] = CNOT 1 12
[5806] = CNOT 1 14
[5807] = S 1
[5808] = Z 1
[5809] = CNOT 1 14
[5810] = CNOT 1 15
[5811] = S 1
[5812] = Z 1
[5813] = CNOT 1 15
[5814] = CNOT 1 16
[5815] = S 1
[5816] = CNOT 1 16
[5817] = CNOT 1 18
[5818] = S 1
[5819] = Z 1
[5820] = CNOT 1 18
[5821] = CNOT 1 23
[5822] = S 1
[5823] = Z 1
[5824] = CNOT 1 23
[5825] = CNOT 1 25
[5826] = S 1
[5827] = CNOT 1 25
[5828] = CNOT 1 28
[5829] = S 1
[5830] = Z 1
[5831] = CNOT 1 28
[5832] = CNOT 1 33
[5833] = S 1
[5834] = CNOT 1 33
[5835] = CNOT 1 34
[5836] = Z 1
[5837] = CNOT 1 34
[5838] = CNOT 1 35
[5839] = S 1
[5840] = Z 1
[5841] = CNOT 1 35
[5842] = CNOT 1 36
[5843] = Z 1
[5844] = CNOT 1 36
[5845] = CNOT 1 37
[5846] = S 1
[5847] = Z 1
[5848] = CNOT 1 37
[5849] = CNOT 1 38
[5850] = S 1
[5851] = Z 1
[5852] = CNOT 1 38
[5853] = CNOT 1 39
[5854] = Z 1
[5855] = CNOT 1 39
[5856] = CNOT 1 42
[5857] = S 1
[5858] = CNOT 1 42
[5859] = CNOT 1 43
[5860] = S 1
[5861] = CNOT 1 43
[5862] = CNOT 1 46
[5863] = S 1
[5864] = Z 1
[5865] = CNOT 1 46
[5866] = CNOT 1 47
[5867] = S 1
[5868] = CNOT 1 47
[5869] = CNOT 1 51
[5870] = Z 1
[5871] = CNOT 1 51
[5872] = CNOT 1 56
[5873] = Z 1
[5874] = CNOT 1 56
[5875] = CNOT 1 57
[5876] = S 1
[5877] = CNOT 1 57
[5878] = CNOT 1 58
[5879] = S 1
[5880] = CNOT 1 58
[5881] = CNOT 1 59
[5882] = Z 1
[5883] = CNOT 1 59
[5884] = CNOT 1 61
[5885] = S 1
[5886] = Z 1
[5887] = CNOT 1 61
[5888] = CNOT 1 63
[5889] = S 1
[5890] = Z 1
[5891] = CNOT 1 63
[5892] = CNOT 1 64
[5893] = S 1
[5894] = Z 1
[5895] = CNOT 1 64
[5896] = CNOT 1 66
[5897] = Z 1
[5898] = CNOT 1 66
[5899] = CNOT 1 67
[5900] = Z 1
[5901] = CNOT 1 67
[5902] = CNOT 1 71
[5903] = Z 1
[5904] = CNOT 1 71
[5905] = CNOT 1 74
[5906] = S 1
[5907] = CNOT 1 74
[5908] = CNOT 1 75
[5909] = Z 1
[5910] = CNOT 1 75
[5911] = CNOT 1 76
[5912] = Z 1
[5913] = CNOT 1 76
[5914] = CNOT 1 77
[5915] = S 1
[5916] = Z 1
[5917] = CNOT 1 77
[5918] = CNOT 1 79
[5919] = S 1
[5920] = Z 1
[5921] = CNOT 1 79
[5922] = CNOT 1 80
[5923] = Z 1
[5924] = CNOT 1 80
[5925] = CNOT 1 81
[5926] = Z 1
[5927] = CNOT 1 81
[5928] = CNOT 1 82
[5929] = Z 1
[5930] = CNOT 1 82
[5931] = CNOT 1 84
[5932] = S 1
[5933] = Z 1
[5934] = CNOT 1 84
[5935] = CNOT 1 9
[5936] = CNOT 1 10
[5937] = CNOT 1 11
[5938] = Z 1
[5939] = CNOT 1 11
[5940] = CNOT 1 12
[5941] = S 1
[5942] = Z 1
[5943] = CNOT 1 12
[5944] = CNOT 1 13
[5945] = Z 1
[5946] = CNOT 1 13
[5947] = CNOT 1 14
[5948] = S 1
[5949] = Z 1
[5950] = CNOT 1 14
[5951] = CNOT 1 15
[5952] = S 1
[5953] = Z 1
[5954] = CNOT 1 15
[5955] = CNOT 1 48
[5956] = S 1
[5957] = Z 1
[5958] = CNOT 1 48
[5959] = CNOT 1 52
[5960] = S 1
[5961] = Z 1
[5962] = CNOT 1 52
[5963] = CNOT 1 53
[5964] = S 1
[5965] = Z 1
[5966] = CNOT 1 53
[5967] = CNOT 1 82
[5968] = S 1
[5969] = Z 1
[5970] = CNOT 1 82
[5971] = CNOT 1 10
[5972] = CNOT 1 11
[5973] = CNOT 1 12
[5974] = S 1
[5975] = Z 1
[5976] = CNOT 1 12
[5977] = CNOT 1 13
[5978] = Z 1
[5979] = CNOT 1 13
[5980] = CNOT 1 14
[5981] = Z 1
[5982] = CNOT 1 14
[5983] = CNOT 1 15
[5984] = S 1
[5985] = Z 1
[5986] = CNOT 1 15
[5987] = CNOT 1 16
[5988] = S 1
[5989] = CNOT 1 16
[5990] = CNOT 1 18
[5991] = Z 1
[5992] = CNOT 1 18
[5993] = CNOT 1 23
[5994] = Z 1
[5995] = CNOT 1 23
[5996] = CNOT 1 25
[5997] = Z 1
[5998] = CNOT 1 25
[5999] = CNOT 1 26
[6000] = Z 1
[6001] = CNOT 1 26
[6002] = CNOT 1 29
[6003] = Z 1
[6004] = CNOT 1 29
[6005] = CNOT 1 34
[6006] = Z 1
[6007] = CNOT 1 34
[6008] = CNOT 1 43
[6009] = Z 1
[6010] = CNOT 1 43
[6011] = CNOT 1 46
[6012] = Z 1
[6013] = CNOT 1 46
[6014] = CNOT 1 48
[6015] = Z 1
[6016] = CNOT 1 48
[6017] = CNOT 1 52
[6018] = Z 1
[6019] = CNOT 1 52
[6020] = CNOT 1 53
[6021] = S 1
[6022] = Z 1
[6023] = CNOT 1 53
[6024] = CNOT 1 55
[6025] = S 1
[6026] = Z 1
[6027] = CNOT 1 55
[6028] = CNOT 1 61
[6029] = Z 1
[6030] = CNOT 1 61
[6031] = CNOT 1 63
[6032] = Z 1
[6033] = CNOT 1 63
[6034] = CNOT 1 64
[6035] = Z 1
[6036] = CNOT 1 64
[6037] = CNOT 1 77
[6038] = Z 1
[6039] = CNOT 1 77
[6040] = CNOT 1 79
[6041] = Z 1
[6042] = CNOT 1 79
[6043] = CNOT 1 81
[6044] = S 1
[6045] = Z 1
[6046] = CNOT 1 81
[6047] = CNOT 1 82
[6048] = S 1
[6049] = Z 1
[6050] = CNOT 1 82
[6051] = CNOT 1 84
[6052] = Z 1
[6053] = CNOT 1 84
[6054] = CNOT 1 11
[6055] = CNOT 1 12
[6056] = CNOT 1 13
[6057] = Z 1
[6058] = CNOT 1 13
[6059] = CNOT 1 14
[6060] = Z 1
[6061] = CNOT 1 14
[6062] = CNOT 1 16
[6063] = S 1
[6064] = CNOT 1 16
[6065] = CNOT 1 18
[6066] = Z 1
[6067] = CNOT 1 18
[6068] = CNOT 1 23
[6069] = Z 1
[6070] = CNOT 1 23
[6071] = CNOT 1 25
[6072] = Z 1
[6073] = CNOT 1 25
[6074] = CNOT 1 26
[6075] = Z 1
[6076] = CNOT 1 26
[6077] = CNOT 1 29
[6078] = Z 1
[6079] = CNOT 1 29
[6080] = CNOT 1 34
[6081] = Z 1
[6082] = CNOT 1 34
[6083] = CNOT 1 43
[6084] = Z 1
[6085] = CNOT 1 43
[6086] = CNOT 1 46
[6087] = Z 1
[6088] = CNOT 1 46
[6089] = CNOT 1 52
[6090] = Z 1
[6091] = CNOT 1 52
[6092] = CNOT 1 56
[6093] = Z 1
[6094] = CNOT 1 56
[6095] = CNOT 1 61
[6096] = Z 1
[6097] = CNOT 1 61
[6098] = CNOT 1 63
[6099] = Z 1
[6100] = CNOT 1 63
[6101] = CNOT 1 64
[6102] = Z 1
[6103] = CNOT 1 64
[6104] = CNOT 1 77
[6105] = Z 1
[6106] = CNOT 1 77
[6107] = CNOT 1 79
[6108] = Z 1
[6109] = CNOT 1 79
[6110] = CNOT 1 84
[6111] = Z 1
[6112] = CNOT 1 84
[6113] = CNOT 1 12
[6114] = CNOT 1 13
[6115] = CNOT 1 14
[6116] = S 1
[6117] = CNOT 1 14
[6118] = CNOT 1 15
[6119] = S 1
[6120] = Z 1
[6121] = CNOT 1 15
[6122] = CNOT 1 16
[6123] = S 1
[6124] = CNOT 1 16
[6125] = CNOT 1 29
[6126] = Z 1
[6127] = CNOT 1 29
[6128] = CNOT 1 34
[6129] = Z 1
[6130] = CNOT 1 34
[6131] = CNOT 1 52
[6132] = Z 1
[6133] = CNOT 1 52
[6134] = CNOT 1 13
[6135] = CNOT 1 14
[6136] = CNOT 1 15
[6137] = S 1
[6138] = CNOT 1 15
[6139] = CNOT 1 16
[6140] = S 1
[6141] = Z 1
[6142] = CNOT 1 16
[6143] = CNOT 1 18
[6144] = S 1
[6145] = Z 1
[6146] = CNOT 1 18
[6147] = CNOT 1 23
[6148] = S 1
[6149] = Z 1
[6150] = CNOT 1 23
[6151] = CNOT 1 25
[6152] = S 1
[6153] = Z 1
[6154] = CNOT 1 25
[6155] = CNOT 1 26
[6156] = S 1
[6157] = Z 1
[6158] = CNOT 1 26
[6159] = CNOT 1 30
[6160] = S 1
[6161] = Z 1
[6162] = CNOT 1 30
[6163] = CNOT 1 43
[6164] = S 1
[6165] = CNOT 1 43
[6166] = CNOT 1 46
[6167] = S 1
[6168] = Z 1
[6169] = CNOT 1 46
[6170] = CNOT 1 52
[6171] = Z 1
[6172] = CNOT 1 52
[6173] = CNOT 1 55
[6174] = S 1
[6175] = Z 1
[6176] = CNOT 1 55
[6177] = CNOT 1 56
[6178] = S 1
[6179] = CNOT 1 56
[6180] = CNOT 1 59
[6181] = Z 1
[6182] = CNOT 1 59
[6183] = CNOT 1 61
[6184] = S 1
[6185] = CNOT 1 61
[6186] = CNOT 1 63
[6187] = S 1
[6188] = Z 1
[6189] = CNOT 1 63
[6190] = CNOT 1 64
[6191] = S 1
[6192] = Z 1
[6193] = CNOT 1 64
[6194] = CNOT 1 65
[6195] = Z 1
[6196] = CNOT 1 65
[6197] = CNOT 1 74
[6198] = S 1
[6199] = Z 1
[6200] = CNOT 1 74
[6201] = CNOT 1 75
[6202] = Z 1
[6203] = CNOT 1 75
[6204] = CNOT 1 77
[6205] = S 1
[6206] = Z 1
[6207] = CNOT 1 77
[6208] = CNOT 1 79
[6209] = S 1
[6210] = Z 1
[6211] = CNOT 1 79
[6212] = CNOT 1 84
[6213] = S 1
[6214] = Z 1
[6215] = CNOT 1 84
[6216] = CNOT 1 14
[6217] = CNOT 1 15
[6218] = CNOT 1 16
[6219] = Z 1
[6220] = CNOT 1 16
[6221] = CNOT 1 18
[6222] = S 1
[6223] = Z 1
[6224] = CNOT 1 18
[6225] = CNOT 1 23
[6226] = S 1
[6227] = Z 1
[6228] = CNOT 1 23
[6229] = CNOT 1 25
[6230] = S 1
[6231] = Z 1
[6232] = CNOT 1 25
[6233] = CNOT 1 26
[6234] = S 1
[6235] = Z 1
[6236] = CNOT 1 26
[6237] = CNOT 1 29
[6238] = Z 1
[6239] = CNOT 1 29
[6240] = CNOT 1 30
[6241] = S 1
[6242] = CNOT 1 30
[6243] = CNOT 1 34
[6244] = Z 1
[6245] = CNOT 1 34
[6246] = CNOT 1 43
[6247] = S 1
[6248] = CNOT 1 43
[6249] = CNOT 1 46
[6250] = S 1
[6251] = Z 1
[6252] = CNOT 1 46
[6253] = CNOT 1 48
[6254] = S 1
[6255] = Z 1
[6256] = CNOT 1 48
[6257] = CNOT 1 52
[6258] = S 1
[6259] = Z 1
[6260] = CNOT 1 52
[6261] = CNOT 1 56
[6262] = S 1
[6263] = Z 1
[6264] = CNOT 1 56
[6265] = CNOT 1 59
[6266] = S 1
[6267] = Z 1
[6268] = CNOT 1 59
[6269] = CNOT 1 61
[6270] = S 1
[6271] = CNOT 1 61
[6272] = CNOT 1 63
[6273] = S 1
[6274] = Z 1
[6275] = CNOT 1 63
[6276] = CNOT 1 64
[6277] = S 1
[6278] = Z 1
[6279] = CNOT 1 64
[6280] = CNOT 1 65
[6281] = Z 1
[6282] = CNOT 1 65
[6283] = CNOT 1 74
[6284] = S 1
[6285] = Z 1
[6286] = CNOT 1 74
[6287] = CNOT 1 75
[6288] = Z 1
[6289] = CNOT 1 75
[6290] = CNOT 1 77
[6291] = S 1
[6292] = Z 1
[6293] = CNOT 1 77
[6294] = CNOT 1 79
[6295] = S 1
[6296] = Z 1
[6297] = CNOT 1 79
[6298] = CNOT 1 81
[6299] = S 1
[6300] = Z 1
[6301] = CNOT 1 81
[6302] = CNOT 1 84
[6303] = S 1
[6304] = Z 1
[6305] = CNOT 1 84
[6306] = CNOT 1 15
[6307] = CNOT 1 16
[6308] = CNOT 1 18
[6309] = S 1
[6310] = CNOT 1 18
[6311] = CNOT 1 23
[6312] = S 1
[6313] = CNOT 1 23
[6314] = CNOT 1 25
[6315] = S 1
[6316] = CNOT 1 25
[6317] = CNOT 1 26
[6318] = S 1
[6319] = CNOT 1 26
[6320] = CNOT 1 29
[6321] = S 1
[6322] = Z 1
[6323] = CNOT 1 29
[6324] = CNOT 1 30
[6325] = Z 1
[6326] = CNOT 1 30
[6327] = CNOT 1 34
[6328] = S 1
[6329] = Z 1
[6330] = CNOT 1 34
[6331] = CNOT 1 43
[6332] = S 1
[6333] = CNOT 1 43
[6334] = CNOT 1 46
[6335] = S 1
[6336] = CNOT 1 46
[6337] = CNOT 1 52
[6338] = S 1
[6339] = CNOT 1 52
[6340] = CNOT 1 56
[6341] = S 1
[6342] = CNOT 1 56
[6343] = CNOT 1 61
[6344] = S 1
[6345] = CNOT 1 61
[6346] = CNOT 1 63
[6347] = S 1
[6348] = CNOT 1 63
[6349] = CNOT 1 64
[6350] = S 1
[6351] = CNOT 1 64
[6352] = CNOT 1 77
[6353] = S 1
[6354] = CNOT 1 77
[6355] = CNOT 1 79
[6356] = S 1
[6357] = CNOT 1 79
[6358] = CNOT 1 84
[6359] = S 1
[6360] = CNOT 1 84
[6361] = CNOT 1 16
[6362] = CNOT 1 17
[6363] = CNOT 1 18
[6364] = S 1
[6365] = CNOT 1 18
[6366] = CNOT 1 19
[6367] = S 1
[6368] = Z 1
[6369] = CNOT 1 19
[6370] = CNOT 1 20
[6371] = Z 1
[6372] = CNOT 1 20
[6373] = CNOT 1 21
[6374] = S 1
[6375] = Z 1
[6376] = CNOT 1 21
[6377] = CNOT 1 22
[6378] = S 1
[6379] = Z 1
[6380] = CNOT 1 22
[6381] = CNOT 1 40
[6382] = S 1
[6383] = Z 1
[6384] = CNOT 1 40
[6385] = CNOT 1 44
[6386] = S 1
[6387] = Z 1
[6388] = CNOT 1 44
[6389] = CNOT 1 54
[6390] = S 1
[6391] = Z 1
[6392] = CNOT 1 54
[6393] = CNOT 1 84
[6394] = S 1
[6395] = CNOT 1 84
[6396] = CNOT 1 17
[6397] = CNOT 1 18
[6398] = CNOT 1 19
[6399] = S 1
[6400] = Z 1
[6401] = CNOT 1 19
[6402] = CNOT 1 21
[6403] = S 1
[6404] = Z 1
[6405] = CNOT 1 21
[6406] = CNOT 1 22
[6407] = Z 1
[6408] = CNOT 1 22
[6409] = CNOT 1 25
[6410] = Z 1
[6411] = CNOT 1 25
[6412] = CNOT 1 26
[6413] = S 1
[6414] = CNOT 1 26
[6415] = CNOT 1 28
[6416] = Z 1
[6417] = CNOT 1 28
[6418] = CNOT 1 33
[6419] = S 1
[6420] = CNOT 1 33
[6421] = CNOT 1 34
[6422] = Z 1
[6423] = CNOT 1 34
[6424] = CNOT 1 35
[6425] = S 1
[6426] = Z 1
[6427] = CNOT 1 35
[6428] = CNOT 1 36
[6429] = Z 1
[6430] = CNOT 1 36
[6431] = CNOT 1 37
[6432] = S 1
[6433] = Z 1
[6434] = CNOT 1 37
[6435] = CNOT 1 38
[6436] = S 1
[6437] = Z 1
[6438] = CNOT 1 38
[6439] = CNOT 1 39
[6440] = Z 1
[6441] = CNOT 1 39
[6442] = CNOT 1 40
[6443] = S 1
[6444] = CNOT 1 40
[6445] = CNOT 1 42
[6446] = S 1
[6447] = CNOT 1 42
[6448] = CNOT 1 43
[6449] = S 1
[6450] = CNOT 1 43
[6451] = CNOT 1 44
[6452] = S 1
[6453] = Z 1
[6454] = CNOT 1 44
[6455] = CNOT 1 47
[6456] = S 1
[6457] = CNOT 1 47
[6458] = CNOT 1 49
[6459] = S 1
[6460] = Z 1
[6461] = CNOT 1 49
[6462] = CNOT 1 51
[6463] = S 1
[6464] = Z 1
[6465] = CNOT 1 51
[6466] = CNOT 1 54
[6467] = Z 1
[6468] = CNOT 1 54
[6469] = CNOT 1 56
[6470] = Z 1
[6471] = CNOT 1 56
[6472] = CNOT 1 57
[6473] = S 1
[6474] = CNOT 1 57
[6475] = CNOT 1 58
[6476] = S 1
[6477] = CNOT 1 58
[6478] = CNOT 1 59
[6479] = Z 1
[6480] = CNOT 1 59
[6481] = CNOT 1 63
[6482] = S 1
[6483] = CNOT 1 63
[6484] = CNOT 1 66
[6485] = Z 1
[6486] = CNOT 1 66
[6487] = CNOT 1 67
[6488] = Z 1
[6489] = CNOT 1 67
[6490] = CNOT 1 71
[6491] = Z 1
[6492] = CNOT 1 71
[6493] = CNOT 1 74
[6494] = S 1
[6495] = CNOT 1 74
[6496] = CNOT 1 75
[6497] = Z 1
[6498] = CNOT 1 75
[6499] = CNOT 1 76
[6500] = Z 1
[6501] = CNOT 1 76
[6502] = CNOT 1 80
[6503] = Z 1
[6504] = CNOT 1 80
[6505] = CNOT 1 81
[6506] = Z 1
[6507] = CNOT 1 81
[6508] = CNOT 1 82
[6509] = Z 1
[6510] = CNOT 1 82
[6511] = CNOT 1 83
[6512] = S 1
[6513] = Z 1
[6514] = CNOT 1 83
[6515] = CNOT 1 84
[6516] = Z 1
[6517] = CNOT 1 84
[6518] = CNOT 1 18
[6519] = CNOT 1 19
[6520] = CNOT 1 21
[6521] = Z 1
[6522] = CNOT 1 21
[6523] = CNOT 1 22
[6524] = Z 1
[6525] = CNOT 1 22
[6526] = CNOT 1 24
[6527] = Z 1
[6528] = CNOT 1 24
[6529] = CNOT 1 32
[6530] = Z 1
[6531] = CNOT 1 32
[6532] = CNOT 1 19
[6533] = CNOT 1 20
[6534] = CNOT 1 21
[6535] = Z 1
[6536] = CNOT 1 21
[6537] = CNOT 1 22
[6538] = S 1
[6539] = CNOT 1 22
[6540] = CNOT 1 23
[6541] = Z 1
[6542] = CNOT 1 23
[6543] = CNOT 1 25
[6544] = Z 1
[6545] = CNOT 1 25
[6546] = CNOT 1 26
[6547] = Z 1
[6548] = CNOT 1 26
[6549] = CNOT 1 44
[6550] = Z 1
[6551] = CNOT 1 44
[6552] = CNOT 1 46
[6553] = Z 1
[6554] = CNOT 1 46
[6555] = CNOT 1 49
[6556] = S 1
[6557] = CNOT 1 49
[6558] = CNOT 1 51
[6559] = Z 1
[6560] = CNOT 1 51
[6561] = CNOT 1 61
[6562] = Z 1
[6563] = CNOT 1 61
[6564] = CNOT 1 64
[6565] = Z 1
[6566] = CNOT 1 64
[6567] = CNOT 1 68
[6568] = Z 1
[6569] = CNOT 1 68
[6570] = CNOT 1 77
[6571] = Z 1
[6572] = CNOT 1 77
[6573] = CNOT 1 78
[6574] = Z 1
[6575] = CNOT 1 78
[6576] = CNOT 1 79
[6577] = Z 1
[6578] = CNOT 1 79
[6579] = CNOT 1 20
[6580] = CNOT 1 21
[6581] = CNOT 1 22
[6582] = S 1
[6583] = CNOT 1 22
[6584] = CNOT 1 23
[6585] = S 1
[6586] = Z 1
[6587] = CNOT 1 23
[6588] = CNOT 1 24
[6589] = S 1
[6590] = Z 1
[6591] = CNOT 1 24
[6592] = CNOT 1 25
[6593] = S 1
[6594] = Z 1
[6595] = CNOT 1 25
[6596] = CNOT 1 26
[6597] = S 1
[6598] = Z 1
[6599] = CNOT 1 26
[6600] = CNOT 1 32
[6601] = S 1
[6602] = Z 1
[6603] = CNOT 1 32
[6604] = CNOT 1 46
[6605] = S 1
[6606] = Z 1
[6607] = CNOT 1 46
[6608] = CNOT 1 49
[6609] = S 1
[6610] = Z 1
[6611] = CNOT 1 49
[6612] = CNOT 1 51
[6613] = S 1
[6614] = Z 1
[6615] = CNOT 1 51
[6616] = CNOT 1 61
[6617] = S 1
[6618] = Z 1
[6619] = CNOT 1 61
[6620] = CNOT 1 63
[6621] = S 1
[6622] = Z 1
[6623] = CNOT 1 63
[6624] = CNOT 1 64
[6625] = S 1
[6626] = Z 1
[6627] = CNOT 1 64
[6628] = CNOT 1 68
[6629] = Z 1
[6630] = CNOT 1 68
[6631] = CNOT 1 77
[6632] = S 1
[6633] = Z 1
[6634] = CNOT 1 77
[6635] = CNOT 1 78
[6636] = S 1
[6637] = Z 1
[6638] = CNOT 1 78
[6639] = CNOT 1 79
[6640] = S 1
[6641] = Z 1
[6642] = CNOT 1 79
[6643] = CNOT 1 83
[6644] = Z 1
[6645] = CNOT 1 83
[6646] = CNOT 1 84
[6647] = S 1
[6648] = CNOT 1 84
[6649] = CNOT 1 21
[6650] = CNOT 1 22
[6651] = CNOT 1 23
[6652] = Z 1
[6653] = CNOT 1 23
[6654] = CNOT 1 24
[6655] = S 1
[6656] = Z 1
[6657] = CNOT 1 24
[6658] = CNOT 1 25
[6659] = Z 1
[6660] = CNOT 1 25
[6661] = CNOT 1 26
[6662] = Z 1
[6663] = CNOT 1 26
[6664] = CNOT 1 32
[6665] = S 1
[6666] = Z 1
[6667] = CNOT 1 32
[6668] = CNOT 1 40
[6669] = S 1
[6670] = Z 1
[6671] = CNOT 1 40
[6672] = CNOT 1 46
[6673] = Z 1
[6674] = CNOT 1 46
[6675] = CNOT 1 49
[6676] = S 1
[6677] = CNOT 1 49
[6678] = CNOT 1 51
[6679] = Z 1
[6680] = CNOT 1 51
[6681] = CNOT 1 61
[6682] = Z 1
[6683] = CNOT 1 61
[6684] = CNOT 1 63
[6685] = Z 1
[6686] = CNOT 1 63
[6687] = CNOT 1 64
[6688] = Z 1
[6689] = CNOT 1 64
[6690] = CNOT 1 68
[6691] = S 1
[6692] = Z 1
[6693] = CNOT 1 68
[6694] = CNOT 1 77
[6695] = Z 1
[6696] = CNOT 1 77
[6697] = CNOT 1 78
[6698] = S 1
[6699] = Z 1
[6700] = CNOT 1 78
[6701] = CNOT 1 79
[6702] = Z 1
[6703] = CNOT 1 79
[6704] = CNOT 1 83
[6705] = Z 1
[6706] = CNOT 1 83
[6707] = CNOT 1 84
[6708] = S 1
[6709] = CNOT 1 84
[6710] = CNOT 1 22
[6711] = CNOT 1 23
[6712] = CNOT 1 24
[6713] = Z 1
[6714] = CNOT 1 24
[6715] = CNOT 1 26
[6716] = S 1
[6717] = Z 1
[6718] = CNOT 1 26
[6719] = CNOT 1 28
[6720] = Z 1
[6721] = CNOT 1 28
[6722] = CNOT 1 32
[6723] = Z 1
[6724] = CNOT 1 32
[6725] = CNOT 1 33
[6726] = S 1
[6727] = CNOT 1 33
[6728] = CNOT 1 34
[6729] = Z 1
[6730] = CNOT 1 34
[6731] = CNOT 1 35
[6732] = S 1
[6733] = Z 1
[6734] = CNOT 1 35
[6735] = CNOT 1 36
[6736] = Z 1
[6737] = CNOT 1 36
[6738] = CNOT 1 37
[6739] = S 1
[6740] = Z 1
[6741] = CNOT 1 37
[6742] = CNOT 1 38
[6743] = S 1
[6744] = Z 1
[6745] = CNOT 1 38
[6746] = CNOT 1 39
[6747] = Z 1
[6748] = CNOT 1 39
[6749] = CNOT 1 42
[6750] = S 1
[6751] = CNOT 1 42
[6752] = CNOT 1 43
[6753] = S 1
[6754] = CNOT 1 43
[6755] = CNOT 1 44
[6756] = Z 1
[6757] = CNOT 1 44
[6758] = CNOT 1 46
[6759] = Z 1
[6760] = CNOT 1 46
[6761] = CNOT 1 47
[6762] = S 1
[6763] = CNOT 1 47
[6764] = CNOT 1 49
[6765] = S 1
[6766] = CNOT 1 49
[6767] = CNOT 1 51
[6768] = S 1
[6769] = CNOT 1 51
[6770] = CNOT 1 56
[6771] = Z 1
[6772] = CNOT 1 56
[6773] = CNOT 1 57
[6774] = S 1
[6775] = CNOT 1 57
[6776] = CNOT 1 58
[6777] = S 1
[6778] = CNOT 1 58
[6779] = CNOT 1 59
[6780] = Z 1
[6781] = CNOT 1 59
[6782] = CNOT 1 61
[6783] = Z 1
[6784] = CNOT 1 61
[6785] = CNOT 1 64
[6786] = Z 1
[6787] = CNOT 1 64
[6788] = CNOT 1 66
[6789] = Z 1
[6790] = CNOT 1 66
[6791] = CNOT 1 67
[6792] = Z 1
[6793] = CNOT 1 67
[6794] = CNOT 1 68
[6795] = Z 1
[6796] = CNOT 1 68
[6797] = CNOT 1 71
[6798] = Z 1
[6799] = CNOT 1 71
[6800] = CNOT 1 74
[6801] = S 1
[6802] = CNOT 1 74
[6803] = CNOT 1 75
[6804] = Z 1
[6805] = CNOT 1 75
[6806] = CNOT 1 76
[6807] = Z 1
[6808] = CNOT 1 76
[6809] = CNOT 1 77
[6810] = Z 1
[6811] = CNOT 1 77
[6812] = CNOT 1 78
[6813] = Z 1
[6814] = CNOT 1 78
[6815] = CNOT 1 79
[6816] = Z 1
[6817] = CNOT 1 79
[6818] = CNOT 1 80
[6819] = Z 1
[6820] = CNOT 1 80
[6821] = CNOT 1 81
[6822] = Z 1
[6823] = CNOT 1 81
[6824] = CNOT 1 82
[6825] = Z 1
[6826] = CNOT 1 82
[6827] = CNOT 1 23
[6828] = CNOT 1 24
[6829] = CNOT 1 25
[6830] = Z 1
[6831] = CNOT 1 25
[6832] = CNOT 1 26
[6833] = Z 1
[6834] = CNOT 1 26
[6835] = CNOT 1 32
[6836] = S 1
[6837] = Z 1
[6838] = CNOT 1 32
[6839] = CNOT 1 46
[6840] = Z 1
[6841] = CNOT 1 46
[6842] = CNOT 1 51
[6843] = Z 1
[6844] = CNOT 1 51
[6845] = CNOT 1 54
[6846] = Z 1
[6847] = CNOT 1 54
[6848] = CNOT 1 61
[6849] = Z 1
[6850] = CNOT 1 61
[6851] = CNOT 1 63
[6852] = Z 1
[6853] = CNOT 1 63
[6854] = CNOT 1 64
[6855] = Z 1
[6856] = CNOT 1 64
[6857] = CNOT 1 77
[6858] = Z 1
[6859] = CNOT 1 77
[6860] = CNOT 1 79
[6861] = Z 1
[6862] = CNOT 1 79
[6863] = CNOT 1 84
[6864] = Z 1
[6865] = CNOT 1 84
[6866] = CNOT 1 24
[6867] = CNOT 1 25
[6868] = CNOT 1 26
[6869] = S 1
[6870] = CNOT 1 26
[6871] = CNOT 1 28
[6872] = Z 1
[6873] = CNOT 1 28
[6874] = CNOT 1 32
[6875] = Z 1
[6876] = CNOT 1 32
[6877] = CNOT 1 33
[6878] = Z 1
[6879] = CNOT 1 33
[6880] = CNOT 1 34
[6881] = Z 1
[6882] = CNOT 1 34
[6883] = CNOT 1 38
[6884] = S 1
[6885] = Z 1
[6886] = CNOT 1 38
[6887] = CNOT 1 39
[6888] = Z 1
[6889] = CNOT 1 39
[6890] = CNOT 1 42
[6891] = S 1
[6892] = CNOT 1 42
[6893] = CNOT 1 43
[6894] = S 1
[6895] = Z 1
[6896] = CNOT 1 43
[6897] = CNOT 1 44
[6898] = Z 1
[6899] = CNOT 1 44
[6900] = CNOT 1 47
[6901] = S 1
[6902] = CNOT 1 47
[6903] = CNOT 1 49
[6904] = S 1
[6905] = CNOT 1 49
[6906] = CNOT 1 51
[6907] = S 1
[6908] = CNOT 1 51
[6909] = CNOT 1 53
[6910] = Z 1
[6911] = CNOT 1 53
[6912] = CNOT 1 57
[6913] = S 1
[6914] = CNOT 1 57
[6915] = CNOT 1 58
[6916] = S 1
[6917] = CNOT 1 58
[6918] = CNOT 1 59
[6919] = Z 1
[6920] = CNOT 1 59
[6921] = CNOT 1 63
[6922] = Z 1
[6923] = CNOT 1 63
[6924] = CNOT 1 66
[6925] = Z 1
[6926] = CNOT 1 66
[6927] = CNOT 1 67
[6928] = Z 1
[6929] = CNOT 1 67
[6930] = CNOT 1 68
[6931] = Z 1
[6932] = CNOT 1 68
[6933] = CNOT 1 71
[6934] = Z 1
[6935] = CNOT 1 71
[6936] = CNOT 1 74
[6937] = S 1
[6938] = CNOT 1 74
[6939] = CNOT 1 75
[6940] = Z 1
[6941] = CNOT 1 75
[6942] = CNOT 1 76
[6943] = Z 1
[6944] = CNOT 1 76
[6945] = CNOT 1 78
[6946] = Z 1
[6947] = CNOT 1 78
[6948] = CNOT 1 80
[6949] = Z 1
[6950] = CNOT 1 80
[6951] = CNOT 1 81
[6952] = Z 1
[6953] = CNOT 1 81
[6954] = CNOT 1 82
[6955] = Z 1
[6956] = CNOT 1 82
[6957] = CNOT 1 84
[6958] = Z 1
[6959] = CNOT 1 84
[6960] = CNOT 1 25
[6961] = CNOT 1 26
[6962] = CNOT 1 28
[6963] = Z 1
[6964] = CNOT 1 28
[6965] = CNOT 1 32
[6966] = Z 1
[6967] = CNOT 1 32
[6968] = CNOT 1 33
[6969] = S 1
[6970] = CNOT 1 33
[6971] = CNOT 1 34
[6972] = Z 1
[6973] = CNOT 1 34
[6974] = CNOT 1 35
[6975] = S 1
[6976] = Z 1
[6977] = CNOT 1 35
[6978] = CNOT 1 36
[6979] = S 1
[6980] = Z 1
[6981] = CNOT 1 36
[6982] = CNOT 1 37
[6983] = S 1
[6984] = Z 1
[6985] = CNOT 1 37
[6986] = CNOT 1 38
[6987] = S 1
[6988] = Z 1
[6989] = CNOT 1 38
[6990] = CNOT 1 39
[6991] = Z 1
[6992] = CNOT 1 39
[6993] = CNOT 1 42
[6994] = S 1
[6995] = CNOT 1 42
[6996] = CNOT 1 43
[6997] = Z 1
[6998] = CNOT 1 43
[6999] = CNOT 1 44
[7000] = Z 1
[7001] = CNOT 1 44
[7002] = CNOT 1 46
[7003] = S 1
[7004] = Z 1
[7005] = CNOT 1 46
[7006] = CNOT 1 47
[7007] = S 1
[7008] = CNOT 1 47
[7009] = CNOT 1 49
[7010] = S 1
[7011] = CNOT 1 49
[7012] = CNOT 1 51
[7013] = S 1
[7014] = CNOT 1 51
[7015] = CNOT 1 53
[7016] = S 1
[7017] = CNOT 1 53
[7018] = CNOT 1 56
[7019] = S 1
[7020] = Z 1
[7021] = CNOT 1 56
[7022] = CNOT 1 57
[7023] = S 1
[7024] = CNOT 1 57
[7025] = CNOT 1 58
[7026] = S 1
[7027] = CNOT 1 58
[7028] = CNOT 1 59
[7029] = Z 1
[7030] = CNOT 1 59
[7031] = CNOT 1 61
[7032] = S 1
[7033] = Z 1
[7034] = CNOT 1 61
[7035] = CNOT 1 63
[7036] = S 1
[7037] = CNOT 1 63
[7038] = CNOT 1 64
[7039] = S 1
[7040] = Z 1
[7041] = CNOT 1 64
[7042] = CNOT 1 66
[7043] = Z 1
[7044] = CNOT 1 66
[7045] = CNOT 1 67
[7046] = Z 1
[7047] = CNOT 1 67
[7048] = CNOT 1 68
[7049] = Z 1
[7050] = CNOT 1 68
[7051] = CNOT 1 71
[7052] = Z 1
[7053] = CNOT 1 71
[7054] = CNOT 1 74
[7055] = S 1
[7056] = CNOT 1 74
[7057] = CNOT 1 75
[7058] = Z 1
[7059] = CNOT 1 75
[7060] = CNOT 1 76
[7061] = Z 1
[7062] = CNOT 1 76
[7063] = CNOT 1 77
[7064] = S 1
[7065] = Z 1
[7066] = CNOT 1 77
[7067] = CNOT 1 78
[7068] = Z 1
[7069] = CNOT 1 78
[7070] = CNOT 1 79
[7071] = S 1
[7072] = Z 1
[7073] = CNOT 1 79
[7074] = CNOT 1 80
[7075] = Z 1
[7076] = CNOT 1 80
[7077] = CNOT 1 81
[7078] = Z 1
[7079] = CNOT 1 81
[7080] = CNOT 1 82
[7081] = Z 1
[7082] = CNOT 1 82
[7083] = CNOT 1 84
[7084] = S 1
[7085] = CNOT 1 84
[7086] = CNOT 1 26
[7087] = CNOT 1 27
[7088] = CNOT 1 29
[7089] = S 1
[7090] = Z 1
[7091] = CNOT 1 29
[7092] = CNOT 1 33
[7093] = Z 1
[7094] = CNOT 1 33
[7095] = CNOT 1 39
[7096] = Z 1
[7097] = CNOT 1 39
[7098] = CNOT 1 41
[7099] = S 1
[7100] = CNOT 1 41
[7101] = CNOT 1 62
[7102] = Z 1
[7103] = CNOT 1 62
[7104] = CNOT 1 66
[7105] = Z 1
[7106] = CNOT 1 66
[7107] = CNOT 1 71
[7108] = Z 1
[7109] = CNOT 1 71
[7110] = CNOT 1 27
[7111] = CNOT 1 28
[7112] = CNOT 1 46
[7113] = Z 1
[7114] = CNOT 1 46
[7115] = CNOT 1 51
[7116] = Z 1
[7117] = CNOT 1 51
[7118] = CNOT 1 61
[7119] = Z 1
[7120] = CNOT 1 61
[7121] = CNOT 1 63
[7122] = Z 1
[7123] = CNOT 1 63
[7124] = CNOT 1 64
[7125] = Z 1
[7126] = CNOT 1 64
[7127] = CNOT 1 77
[7128] = Z 1
[7129] = CNOT 1 77
[7130] = CNOT 1 79
[7131] = Z 1
[7132] = CNOT 1 79
[7133] = CNOT 1 84
[7134] = Z 1
[7135] = CNOT 1 84
[7136] = CNOT 1 28
[7137] = CNOT 1 29
[7138] = CNOT 1 30
[7139] = Z 1
[7140] = CNOT 1 30
[7141] = CNOT 1 34
[7142] = S 1
[7143] = Z 1
[7144] = CNOT 1 34
[7145] = CNOT 1 42
[7146] = S 1
[7147] = Z 1
[7148] = CNOT 1 42
[7149] = CNOT 1 43
[7150] = Z 1
[7151] = CNOT 1 43
[7152] = CNOT 1 52
[7153] = Z 1
[7154] = CNOT 1 52
[7155] = CNOT 1 56
[7156] = Z 1
[7157] = CNOT 1 56
[7158] = CNOT 1 61
[7159] = Z 1
[7160] = CNOT 1 61
[7161] = CNOT 1 29
[7162] = CNOT 1 30
[7163] = CNOT 1 34
[7164] = Z 1
[7165] = CNOT 1 34
[7166] = CNOT 1 30
[7167] = CNOT 1 32
[7168] = CNOT 1 46
[7169] = Z 1
[7170] = CNOT 1 46
[7171] = CNOT 1 51
[7172] = Z 1
[7173] = CNOT 1 51
[7174] = CNOT 1 54
[7175] = Z 1
[7176] = CNOT 1 54
[7177] = CNOT 1 61
[7178] = Z 1
[7179] = CNOT 1 61
[7180] = CNOT 1 63
[7181] = Z 1
[7182] = CNOT 1 63
[7183] = CNOT 1 64
[7184] = Z 1
[7185] = CNOT 1 64
[7186] = CNOT 1 77
[7187] = Z 1
[7188] = CNOT 1 77
[7189] = CNOT 1 79
[7190] = Z 1
[7191] = CNOT 1 79
[7192] = CNOT 1 84
[7193] = Z 1
[7194] = CNOT 1 84
[7195] = CNOT 1 32
[7196] = CNOT 1 33
[7197] = CNOT 1 36
[7198] = S 1
[7199] = Z 1
[7200] = CNOT 1 36
[7201] = CNOT 1 37
[7202] = S 1
[7203] = Z 1
[7204] = CNOT 1 37
[7205] = CNOT 1 38
[7206] = S 1
[7207] = Z 1
[7208] = CNOT 1 38
[7209] = CNOT 1 39
[7210] = S 1
[7211] = Z 1
[7212] = CNOT 1 39
[7213] = CNOT 1 41
[7214] = Z 1
[7215] = CNOT 1 41
[7216] = CNOT 1 43
[7217] = S 1
[7218] = Z 1
[7219] = CNOT 1 43
[7220] = CNOT 1 46
[7221] = S 1
[7222] = CNOT 1 46
[7223] = CNOT 1 53
[7224] = S 1
[7225] = Z 1
[7226] = CNOT 1 53
[7227] = CNOT 1 56
[7228] = S 1
[7229] = Z 1
[7230] = CNOT 1 56
[7231] = CNOT 1 61
[7232] = S 1
[7233] = Z 1
[7234] = CNOT 1 61
[7235] = CNOT 1 62
[7236] = Z 1
[7237] = CNOT 1 62
[7238] = CNOT 1 63
[7239] = S 1
[7240] = CNOT 1 63
[7241] = CNOT 1 64
[7242] = S 1
[7243] = CNOT 1 64
[7244] = CNOT 1 77
[7245] = S 1
[7246] = CNOT 1 77
[7247] = CNOT 1 79
[7248] = S 1
[7249] = CNOT 1 79
[7250] = CNOT 1 84
[7251] = S 1
[7252] = CNOT 1 84
[7253] = CNOT 1 33
[7254] = CNOT 1 34
[7255] = CNOT 1 43
[7256] = Z 1
[7257] = CNOT 1 43
[7258] = CNOT 1 46
[7259] = Z 1
[7260] = CNOT 1 46
[7261] = CNOT 1 52
[7262] = Z 1
[7263] = CNOT 1 52
[7264] = CNOT 1 56
[7265] = Z 1
[7266] = CNOT 1 56
[7267] = CNOT 1 61
[7268] = Z 1
[7269] = CNOT 1 61
[7270] = CNOT 1 63
[7271] = Z 1
[7272] = CNOT 1 63
[7273] = CNOT 1 64
[7274] = Z 1
[7275] = CNOT 1 64
[7276] = CNOT 1 77
[7277] = Z 1
[7278] = CNOT 1 77
[7279] = CNOT 1 79
[7280] = Z 1
[7281] = CNOT 1 79
[7282] = CNOT 1 84
[7283] = Z 1
[7284] = CNOT 1 84
[7285] = CNOT 1 34
[7286] = CNOT 1 35
[7287] = CNOT 1 36
[7288] = S 1
[7289] = Z 1
[7290] = CNOT 1 36
[7291] = CNOT 1 43
[7292] = S 1
[7293] = Z 1
[7294] = CNOT 1 43
[7295] = CNOT 1 46
[7296] = S 1
[7297] = Z 1
[7298] = CNOT 1 46
[7299] = CNOT 1 53
[7300] = S 1
[7301] = Z 1
[7302] = CNOT 1 53
[7303] = CNOT 1 56
[7304] = S 1
[7305] = Z 1
[7306] = CNOT 1 56
[7307] = CNOT 1 61
[7308] = S 1
[7309] = Z 1
[7310] = CNOT 1 61
[7311] = CNOT 1 63
[7312] = S 1
[7313] = Z 1
[7314] = CNOT 1 63
[7315] = CNOT 1 64
[7316] = S 1
[7317] = Z 1
[7318] = CNOT 1 64
[7319] = CNOT 1 77
[7320] = S 1
[7321] = Z 1
[7322] = CNOT 1 77
[7323] = CNOT 1 79
[7324] = S 1
[7325] = Z 1
[7326] = CNOT 1 79
[7327] = CNOT 1 84
[7328] = S 1
[7329] = Z 1
[7330] = CNOT 1 84
[7331] = CNOT 1 35
[7332] = CNOT 1 36
[7333] = CNOT 1 37
[7334] = S 1
[7335] = Z 1
[7336] = CNOT 1 37
[7337] = CNOT 1 43
[7338] = Z 1
[7339] = CNOT 1 43
[7340] = CNOT 1 46
[7341] = Z 1
[7342] = CNOT 1 46
[7343] = CNOT 1 53
[7344] = Z 1
[7345] = CNOT 1 53
[7346] = CNOT 1 56
[7347] = Z 1
[7348] = CNOT 1 56
[7349] = CNOT 1 61
[7350] = Z 1
[7351] = CNOT 1 61
[7352] = CNOT 1 63
[7353] = Z 1
[7354] = CNOT 1 63
[7355] = CNOT 1 64
[7356] = Z 1
[7357] = CNOT 1 64
[7358] = CNOT 1 77
[7359] = Z 1
[7360] = CNOT 1 77
[7361] = CNOT 1 79
[7362] = Z 1
[7363] = CNOT 1 79
[7364] = CNOT 1 84
[7365] = Z 1
[7366] = CNOT 1 84
[7367] = CNOT 1 36
[7368] = CNOT 1 37
[7369] = CNOT 1 43
[7370] = S 1
[7371] = Z 1
[7372] = CNOT 1 43
[7373] = CNOT 1 46
[7374] = S 1
[7375] = Z 1
[7376] = CNOT 1 46
[7377] = CNOT 1 53
[7378] = S 1
[7379] = Z 1
[7380] = CNOT 1 53
[7381] = CNOT 1 56
[7382] = S 1
[7383] = Z 1
[7384] = CNOT 1 56
[7385] = CNOT 1 61
[7386] = S 1
[7387] = Z 1
[7388] = CNOT 1 61
[7389] = CNOT 1 63
[7390] = S 1
[7391] = Z 1
[7392] = CNOT 1 63
[7393] = CNOT 1 64
[7394] = S 1
[7395] = Z 1
[7396] = CNOT 1 64
[7397] = CNOT 1 77
[7398] = S 1
[7399] = Z 1
[7400] = CNOT 1 77
[7401] = CNOT 1 79
[7402] = S 1
[7403] = Z 1
[7404] = CNOT 1 79
[7405] = CNOT 1 84
[7406] = S 1
[7407] = Z 1
[7408] = CNOT 1 84
[7409] = CNOT 1 37
[7410] = CNOT 1 38
[7411] = CNOT 1 39
[7412] = S 1
[7413] = Z 1
[7414] = CNOT 1 39
[7415] = CNOT 1 41
[7416] = Z 1
[7417] = CNOT 1 41
[7418] = CNOT 1 42
[7419] = S 1
[7420] = CNOT 1 42
[7421] = CNOT 1 43
[7422] = S 1
[7423] = Z 1
[7424] = CNOT 1 43
[7425] = CNOT 1 46
[7426] = S 1
[7427] = Z 1
[7428] = CNOT 1 46
[7429] = CNOT 1 47
[7430] = S 1
[7431] = Z 1
[7432] = CNOT 1 47
[7433] = CNOT 1 51
[7434] = S 1
[7435] = Z 1
[7436] = CNOT 1 51
[7437] = CNOT 1 57
[7438] = S 1
[7439] = Z 1
[7440] = CNOT 1 57
[7441] = CNOT 1 61
[7442] = Z 1
[7443] = CNOT 1 61
[7444] = CNOT 1 63
[7445] = S 1
[7446] = Z 1
[7447] = CNOT 1 63
[7448] = CNOT 1 64
[7449] = S 1
[7450] = Z 1
[7451] = CNOT 1 64
[7452] = CNOT 1 66
[7453] = S 1
[7454] = Z 1
[7455] = CNOT 1 66
[7456] = CNOT 1 71
[7457] = S 1
[7458] = Z 1
[7459] = CNOT 1 71
[7460] = CNOT 1 77
[7461] = S 1
[7462] = Z 1
[7463] = CNOT 1 77
[7464] = CNOT 1 80
[7465] = S 1
[7466] = Z 1
[7467] = CNOT 1 80
[7468] = CNOT 1 84
[7469] = S 1
[7470] = Z 1
[7471] = CNOT 1 84
[7472] = CNOT 1 38
[7473] = CNOT 1 39
[7474] = CNOT 1 41
[7475] = Z 1
[7476] = CNOT 1 41
[7477] = CNOT 1 46
[7478] = Z 1
[7479] = CNOT 1 46
[7480] = CNOT 1 62
[7481] = Z 1
[7482] = CNOT 1 62
[7483] = CNOT 1 63
[7484] = Z 1
[7485] = CNOT 1 63
[7486] = CNOT 1 64
[7487] = Z 1
[7488] = CNOT 1 64
[7489] = CNOT 1 77
[7490] = Z 1
[7491] = CNOT 1 77
[7492] = CNOT 1 79
[7493] = Z 1
[7494] = CNOT 1 79
[7495] = CNOT 1 84
[7496] = Z 1
[7497] = CNOT 1 84
[7498] = CNOT 1 39
[7499] = CNOT 1 40
[7500] = CNOT 1 44
[7501] = S 1
[7502] = Z 1
[7503] = CNOT 1 44
[7504] = CNOT 1 49
[7505] = S 1
[7506] = Z 1
[7507] = CNOT 1 49
[7508] = CNOT 1 54
[7509] = S 1
[7510] = Z 1
[7511] = CNOT 1 54
[7512] = CNOT 1 63
[7513] = S 1
[7514] = CNOT 1 63
[7515] = CNOT 1 83
[7516] = S 1
[7517] = Z 1
[7518] = CNOT 1 83
[7519] = CNOT 1 84
[7520] = Z 1
[7521] = CNOT 1 84
[7522] = CNOT 1 40
[7523] = CNOT 1 42
[7524] = CNOT 1 46
[7525] = S 1
[7526] = CNOT 1 46
[7527] = CNOT 1 57
[7528] = Z 1
[7529] = CNOT 1 57
[7530] = CNOT 1 58
[7531] = S 1
[7532] = Z 1
[7533] = CNOT 1 58
[7534] = CNOT 1 63
[7535] = S 1
[7536] = CNOT 1 63
[7537] = CNOT 1 64
[7538] = S 1
[7539] = CNOT 1 64
[7540] = CNOT 1 66
[7541] = Z 1
[7542] = CNOT 1 66
[7543] = CNOT 1 71
[7544] = Z 1
[7545] = CNOT 1 71
[7546] = CNOT 1 77
[7547] = S 1
[7548] = CNOT 1 77
[7549] = CNOT 1 79
[7550] = S 1
[7551] = CNOT 1 79
[7552] = CNOT 1 84
[7553] = S 1
[7554] = CNOT 1 84
[7555] = CNOT 1 42
[7556] = CNOT 1 43
[7557] = CNOT 1 46
[7558] = S 1
[7559] = CNOT 1 46
[7560] = CNOT 1 55
[7561] = Z 1
[7562] = CNOT 1 55
[7563] = CNOT 1 56
[7564] = Z 1
[7565] = CNOT 1 56
[7566] = CNOT 1 61
[7567] = S 1
[7568] = CNOT 1 61
[7569] = CNOT 1 63
[7570] = S 1
[7571] = CNOT 1 63
[7572] = CNOT 1 64
[7573] = S 1
[7574] = CNOT 1 64
[7575] = CNOT 1 77
[7576] = S 1
[7577] = CNOT 1 77
[7578] = CNOT 1 79
[7579] = S 1
[7580] = CNOT 1 79
[7581] = CNOT 1 81
[7582] = Z 1
[7583] = CNOT 1 81
[7584] = CNOT 1 82
[7585] = Z 1
[7586] = CNOT 1 82
[7587] = CNOT 1 84
[7588] = S 1
[7589] = CNOT 1 84
[7590] = CNOT 1 43
[7591] = CNOT 1 44
[7592] = CNOT 1 46
[7593] = Z 1
[7594] = CNOT 1 46
[7595] = CNOT 1 51
[7596] = Z 1
[7597] = CNOT 1 51
[7598] = CNOT 1 61
[7599] = Z 1
[7600] = CNOT 1 61
[7601] = CNOT 1 63
[7602] = Z 1
[7603] = CNOT 1 63
[7604] = CNOT 1 64
[7605] = Z 1
[7606] = CNOT 1 64
[7607] = CNOT 1 77
[7608] = Z 1
[7609] = CNOT 1 77
[7610] = CNOT 1 79
[7611] = Z 1
[7612] = CNOT 1 79
[7613] = CNOT 1 84
[7614] = Z 1
[7615] = CNOT 1 84
[7616] = CNOT 1 44
[7617] = CNOT 1 46
[7618] = CNOT 1 47
[7619] = S 1
[7620] = CNOT 1 47
[7621] = CNOT 1 49
[7622] = S 1
[7623] = CNOT 1 49
[7624] = CNOT 1 51
[7625] = S 1
[7626] = CNOT 1 51
[7627] = CNOT 1 56
[7628] = Z 1
[7629] = CNOT 1 56
[7630] = CNOT 1 57
[7631] = S 1
[7632] = CNOT 1 57
[7633] = CNOT 1 58
[7634] = S 1
[7635] = CNOT 1 58
[7636] = CNOT 1 59
[7637] = Z 1
[7638] = CNOT 1 59
[7639] = CNOT 1 61
[7640] = Z 1
[7641] = CNOT 1 61
[7642] = CNOT 1 64
[7643] = Z 1
[7644] = CNOT 1 64
[7645] = CNOT 1 66
[7646] = Z 1
[7647] = CNOT 1 66
[7648] = CNOT 1 67
[7649] = Z 1
[7650] = CNOT 1 67
[7651] = CNOT 1 68
[7652] = Z 1
[7653] = CNOT 1 68
[7654] = CNOT 1 71
[7655] = Z 1
[7656] = CNOT 1 71
[7657] = CNOT 1 74
[7658] = S 1
[7659] = CNOT 1 74
[7660] = CNOT 1 75
[7661] = Z 1
[7662] = CNOT 1 75
[7663] = CNOT 1 76
[7664] = Z 1
[7665] = CNOT 1 76
[7666] = CNOT 1 77
[7667] = Z 1
[7668] = CNOT 1 77
[7669] = CNOT 1 78
[7670] = Z 1
[7671] = CNOT 1 78
[7672] = CNOT 1 79
[7673] = Z 1
[7674] = CNOT 1 79
[7675] = CNOT 1 80
[7676] = Z 1
[7677] = CNOT 1 80
[7678] = CNOT 1 81
[7679] = Z 1
[7680] = CNOT 1 81
[7681] = CNOT 1 82
[7682] = Z 1
[7683] = CNOT 1 82
[7684] = CNOT 1 46
[7685] = CNOT 1 47
[7686] = CNOT 1 51
[7687] = Z 1
[7688] = CNOT 1 51
[7689] = CNOT 1 63
[7690] = S 1
[7691] = CNOT 1 63
[7692] = CNOT 1 64
[7693] = S 1
[7694] = CNOT 1 64
[7695] = CNOT 1 67
[7696] = S 1
[7697] = Z 1
[7698] = CNOT 1 67
[7699] = CNOT 1 76
[7700] = S 1
[7701] = Z 1
[7702] = CNOT 1 76
[7703] = CNOT 1 77
[7704] = S 1
[7705] = CNOT 1 77
[7706] = CNOT 1 79
[7707] = S 1
[7708] = Z 1
[7709] = CNOT 1 79
[7710] = CNOT 1 84
[7711] = S 1
[7712] = CNOT 1 84
[7713] = CNOT 1 47
[7714] = CNOT 1 48
[7715] = CNOT 1 52
[7716] = S 1
[7717] = Z 1
[7718] = CNOT 1 52
[7719] = CNOT 1 53
[7720] = S 1
[7721] = Z 1
[7722] = CNOT 1 53
[7723] = CNOT 1 55
[7724] = S 1
[7725] = Z 1
[7726] = CNOT 1 55
[7727] = CNOT 1 56
[7728] = Z 1
[7729] = CNOT 1 56
[7730] = CNOT 1 81
[7731] = S 1
[7732] = Z 1
[7733] = CNOT 1 81
[7734] = CNOT 1 82
[7735] = S 1
[7736] = Z 1
[7737] = CNOT 1 82
[7738] = CNOT 1 48
[7739] = CNOT 1 49
[7740] = CNOT 1 51
[7741] = S 1
[7742] = CNOT 1 51
[7743] = CNOT 1 54
[7744] = Z 1
[7745] = CNOT 1 54
[7746] = CNOT 1 61
[7747] = S 1
[7748] = CNOT 1 61
[7749] = CNOT 1 63
[7750] = S 1
[7751] = CNOT 1 63
[7752] = CNOT 1 64
[7753] = S 1
[7754] = CNOT 1 64
[7755] = CNOT 1 68
[7756] = S 1
[7757] = Z 1
[7758] = CNOT 1 68
[7759] = CNOT 1 77
[7760] = S 1
[7761] = CNOT 1 77
[7762] = CNOT 1 78
[7763] = S 1
[7764] = Z 1
[7765] = CNOT 1 78
[7766] = CNOT 1 79
[7767] = S 1
[7768] = CNOT 1 79
[7769] = CNOT 1 83
[7770] = Z 1
[7771] = CNOT 1 83
[7772] = CNOT 1 49
[7773] = CNOT 1 51
[7774] = CNOT 1 61
[7775] = S 1
[7776] = CNOT 1 61
[7777] = CNOT 1 63
[7778] = S 1
[7779] = Z 1
[7780] = CNOT 1 63
[7781] = CNOT 1 64
[7782] = S 1
[7783] = CNOT 1 64
[7784] = CNOT 1 67
[7785] = Z 1
[7786] = CNOT 1 67
[7787] = CNOT 1 68
[7788] = Z 1
[7789] = CNOT 1 68
[7790] = CNOT 1 76
[7791] = Z 1
[7792] = CNOT 1 76
[7793] = CNOT 1 77
[7794] = S 1
[7795] = CNOT 1 77
[7796] = CNOT 1 78
[7797] = Z 1
[7798] = CNOT 1 78
[7799] = CNOT 1 79
[7800] = S 1
[7801] = CNOT 1 79
[7802] = CNOT 1 84
[7803] = S 1
[7804] = Z 1
[7805] = CNOT 1 84
[7806] = CNOT 1 51
[7807] = CNOT 1 52
[7808] = CNOT 1 55
[7809] = S 1
[7810] = Z 1
[7811] = CNOT 1 55
[7812] = CNOT 1 56
[7813] = Z 1
[7814] = CNOT 1 56
[7815] = CNOT 1 81
[7816] = Z 1
[7817] = CNOT 1 81
[7818] = CNOT 1 52
[7819] = CNOT 1 54
[7820] = CNOT 1 68
[7821] = Z 1
[7822] = CNOT 1 68
[7823] = CNOT 1 78
[7824] = Z 1
[7825] = CNOT 1 78
[7826] = CNOT 1 54
[7827] = CNOT 1 55
[7828] = CNOT 1 59
[7829] = S 1
[7830] = Z 1
[7831] = CNOT 1 59
[7832] = CNOT 1 61
[7833] = Z 1
[7834] = CNOT 1 61
[7835] = CNOT 1 65
[7836] = Z 1
[7837] = CNOT 1 65
[7838] = CNOT 1 74
[7839] = S 1
[7840] = Z 1
[7841] = CNOT 1 74
[7842] = CNOT 1 75
[7843] = Z 1
[7844] = CNOT 1 75
[7845] = CNOT 1 81
[7846] = S 1
[7847] = Z 1
[7848] = CNOT 1 81
[7849] = CNOT 1 55
[7850] = CNOT 1 56
[7851] = CNOT 1 61
[7852] = Z 1
[7853] = CNOT 1 61
[7854] = CNOT 1 63
[7855] = Z 1
[7856] = CNOT 1 63
[7857] = CNOT 1 64
[7858] = Z 1
[7859] = CNOT 1 64
[7860] = CNOT 1 77
[7861] = Z 1
[7862] = CNOT 1 77
[7863] = CNOT 1 79
[7864] = Z 1
[7865] = CNOT 1 79
[7866] = CNOT 1 82
[7867] = Z 1
[7868] = CNOT 1 82
[7869] = CNOT 1 84
[7870] = Z 1
[7871] = CNOT 1 84
[7872] = CNOT 1 56
[7873] = CNOT 1 57
[7874] = CNOT 1 58
[7875] = S 1
[7876] = Z 1
[7877] = CNOT 1 58
[7878] = CNOT 1 62
[7879] = S 1
[7880] = Z 1
[7881] = CNOT 1 62
[7882] = CNOT 1 63
[7883] = S 1
[7884] = CNOT 1 63
[7885] = CNOT 1 64
[7886] = S 1
[7887] = CNOT 1 64
[7888] = CNOT 1 75
[7889] = S 1
[7890] = Z 1
[7891] = CNOT 1 75
[7892] = CNOT 1 77
[7893] = S 1
[7894] = CNOT 1 77
[7895] = CNOT 1 79
[7896] = S 1
[7897] = CNOT 1 79
[7898] = CNOT 1 84
[7899] = S 1
[7900] = CNOT 1 84
[7901] = CNOT 1 57
[7902] = CNOT 1 58
[7903] = CNOT 1 63
[7904] = S 1
[7905] = CNOT 1 63
[7906] = CNOT 1 64
[7907] = S 1
[7908] = CNOT 1 64
[7909] = CNOT 1 65
[7910] = S 1
[7911] = Z 1
[7912] = CNOT 1 65
[7913] = CNOT 1 74
[7914] = S 1
[7915] = Z 1
[7916] = CNOT 1 74
[7917] = CNOT 1 75
[7918] = Z 1
[7919] = CNOT 1 75
[7920] = CNOT 1 77
[7921] = S 1
[7922] = CNOT 1 77
[7923] = CNOT 1 79
[7924] = S 1
[7925] = CNOT 1 79
[7926] = CNOT 1 84
[7927] = S 1
[7928] = CNOT 1 84
[7929] = CNOT 1 58
[7930] = CNOT 1 59
[7931] = CNOT 1 63
[7932] = Z 1
[7933] = CNOT 1 63
[7934] = CNOT 1 64
[7935] = Z 1
[7936] = CNOT 1 64
[7937] = CNOT 1 65
[7938] = Z 1
[7939] = CNOT 1 65
[7940] = CNOT 1 74
[7941] = S 1
[7942] = Z 1
[7943] = CNOT 1 74
[7944] = CNOT 1 75
[7945] = Z 1
[7946] = CNOT 1 75
[7947] = CNOT 1 77
[7948] = Z 1
[7949] = CNOT 1 77
[7950] = CNOT 1 79
[7951] = Z 1
[7952] = CNOT 1 79
[7953] = CNOT 1 84
[7954] = Z 1
[7955] = CNOT 1 84
[7956] = CNOT 1 59
[7957] = CNOT 1 61
[7958] = CNOT 1 64
[7959] = Z 1
[7960] = CNOT 1 64
[7961] = CNOT 1 68
[7962] = Z 1
[7963] = CNOT 1 68
[7964] = CNOT 1 77
[7965] = Z 1
[7966] = CNOT 1 77
[7967] = CNOT 1 78
[7968] = Z 1
[7969] = CNOT 1 78
[7970] = CNOT 1 79
[7971] = Z 1
[7972] = CNOT 1 79
[7973] = CNOT 1 80
[7974] = Z 1
[7975] = CNOT 1 80
[7976] = CNOT 1 81
[7977] = Z 1
[7978] = CNOT 1 81
[7979] = CNOT 1 82
[7980] = Z 1
[7981] = CNOT 1 82
[7982] = CNOT 1 61
[7983] = CNOT 1 62
[7984] = CNOT 1 66
[7985] = Z 1
[7986] = CNOT 1 66
[7987] = CNOT 1 71
[7988] = Z 1
[7989] = CNOT 1 71
[7990] = CNOT 1 62
[7991] = CNOT 1 63
[7992] = CNOT 1 66
[7993] = Z 1
[7994] = CNOT 1 66
[7995] = CNOT 1 67
[7996] = Z 1
[7997] = CNOT 1 67
[7998] = CNOT 1 68
[7999] = Z 1
[8000] = CNOT 1 68
[8001] = CNOT 1 71
[8002] = Z 1
[8003] = CNOT 1 71
[8004] = CNOT 1 74
[8005] = S 1
[8006] = CNOT 1 74
[8007] = CNOT 1 75
[8008] = Z 1
[8009] = CNOT 1 75
[8010] = CNOT 1 76
[8011] = Z 1
[8012] = CNOT 1 76
[8013] = CNOT 1 78
[8014] = Z 1
[8015] = CNOT 1 78
[8016] = CNOT 1 80
[8017] = Z 1
[8018] = CNOT 1 80
[8019] = CNOT 1 81
[8020] = Z 1
[8021] = CNOT 1 81
[8022] = CNOT 1 82
[8023] = Z 1
[8024] = CNOT 1 82
[8025] = CNOT 1 84
[8026] = Z 1
[8027] = CNOT 1 84
[8028] = CNOT 1 63
[8029] = CNOT 1 64
[8030] = CNOT 1 66
[8031] = Z 1
[8032] = CNOT 1 66
[8033] = CNOT 1 67
[8034] = Z 1
[8035] = CNOT 1 67
[8036] = CNOT 1 68
[8037] = Z 1
[8038] = CNOT 1 68
[8039] = CNOT 1 71
[8040] = Z 1
[8041] = CNOT 1 71
[8042] = CNOT 1 74
[8043] = S 1
[8044] = CNOT 1 74
[8045] = CNOT 1 75
[8046] = Z 1
[8047] = CNOT 1 75
[8048] = CNOT 1 76
[8049] = Z 1
[8050] = CNOT 1 76
[8051] = CNOT 1 77
[8052] = Z 1
[8053] = CNOT 1 77
[8054] = CNOT 1 78
[8055] = Z 1
[8056] = CNOT 1 78
[8057] = CNOT 1 79
[8058] = Z 1
[8059] = CNOT 1 79
[8060] = CNOT 1 80
[8061] = Z 1
[8062] = CNOT 1 80
[8063] = CNOT 1 81
[8064] = Z 1
[8065] = CNOT 1 81
[8066] = CNOT 1 82
[8067] = Z 1
[8068] = CNOT 1 82
[8069] = CNOT 1 64
[8070] = CNOT 1 65
[8071] = CNOT 1 74
[8072] = Z 1
[8073] = CNOT 1 74
[8074] = CNOT 1 65
[8075] = CNOT 1 66
[8076] = CNOT 1 71
[8077] = S 1
[8078] = Z 1
[8079] = CNOT 1 71
[8080] = CNOT 1 77
[8081] = Z 1
[8082] = CNOT 1 77
[8083] = CNOT 1 79
[8084] = Z 1
[8085] = CNOT 1 79
[8086] = CNOT 1 84
[8087] = Z 1
[8088] = CNOT 1 84
[8089] = CNOT 1 66
[8090] = CNOT 1 67
[8091] = CNOT 1 76
[8092] = S 1
[8093] = Z 1
[8094] = CNOT 1 76
[8095] = CNOT 1 77
[8096] = Z 1
[8097] = CNOT 1 77
[8098] = CNOT 1 84
[8099] = Z 1
[8100] = CNOT 1 84
[8101] = CNOT 1 67
[8102] = CNOT 1 68
[8103] = CNOT 1 77
[8104] = Z 1
[8105] = CNOT 1 77
[8106] = CNOT 1 78
[8107] = S 1
[8108] = Z 1
[8109] = CNOT 1 78
[8110] = CNOT 1 79
[8111] = Z 1
[8112] = CNOT 1 79
[8113] = CNOT 1 83
[8114] = Z 1
[8115] = CNOT 1 83
[8116] = CNOT 1 68
[8117] = CNOT 1 71
[8118] = CNOT 1 77
[8119] = Z 1
[8120] = CNOT 1 77
[8121] = CNOT 1 79
[8122] = Z 1
[8123] = CNOT 1 79
[8124] = CNOT 1 84
[8125] = Z 1
[8126] = CNOT 1 84
[8127] = CNOT 1 71
[8128] = CNOT 1 74
[8129] = CNOT 1 75
[8130] = S 1
[8131] = CNOT 1 75
[8132] = CNOT 1 77
[8133] = S 1
[8134] = CNOT 1 77
[8135] = CNOT 1 79
[8136] = S 1
[8137] = CNOT 1 79
[8138] = CNOT 1 84
[8139] = S 1
[8140] = CNOT 1 84
[8141] = CNOT 1 74
[8142] = CNOT 1 75
[8143] = CNOT 1 77
[8144] = Z 1
[8145] = CNOT 1 77
[8146] = CNOT 1 79
[8147] = Z 1
[8148] = CNOT 1 79
[8149] = CNOT 1 84
[8150] = Z 1
[8151] = CNOT 1 84
[8152] = CNOT 1 75
[8153] = CNOT 1 76
[8154] = CNOT 1 77
[8155] = Z 1
[8156] = CNOT 1 77
[8157] = CNOT 1 84
[8158] = Z 1
[8159] = CNOT 1 84
[8160] = CNOT 1 76
[8161] = CNOT 1 77
[8162] = CNOT 1 78
[8163] = Z 1
[8164] = CNOT 1 78
[8165] = CNOT 1 79
[8166] = Z 1
[8167] = CNOT 1 79
[8168] = CNOT 1 80
[8169] = Z 1
[8170] = CNOT 1 80
[8171] = CNOT 1 81
[8172] = Z 1
[8173] = CNOT 1 81
[8174] = CNOT 1 82
[8175] = Z 1
[8176] = CNOT 1 82
[8177] = CNOT 1 77
[8178] = CNOT 1 78
[8179] = CNOT 1 79
[8180] = Z 1
[8181] = CNOT 1 79
[8182] = CNOT 1 83
[8183] = Z 1
[8184] = CNOT 1 83
[8185] = CNOT 1 78
[8186] = CNOT 1 79
[8187] = CNOT 1 80
[8188] = Z 1
[8189] = CNOT 1 80
[8190] = CNOT 1 81
[8191] = Z 1
[8192] = CNOT 1 81
[8193] = CNOT 1 82
[8194] = Z 1
[8195] = CNOT 1 82
[8196] = CNOT 1 79
[8197] = CNOT 1 80
[8198] = CNOT 1 84
[8199] = Z 1
[8200] = CNOT 1 80
[8201] = CNOT 1 81
[8202] = Z 1
[8203] = CNOT 1 81
[8204] = CNOT 1 82
[8205] = Z 1
[8206] = CNOT 1 84
[8207] = CNOT 1 82
[8208] = CNOT 2 3
[8209] = CNOT 2 4
[8210] = S 2
[8211] = Z 2
[8212] = CNOT 2 4
[8213] = CNOT 2 5
[8214] = S 2
[8215] = Z 2
[8216] = CNOT 2 5
[8217] = CNOT 2 6
[8218] = S 2
[8219] = Z 2
[8220] = CNOT 2 6
[8221] = CNOT 2 7
[8222] = S 2
[8223] = Z 2
[8224] = CNOT 2 7
[8225] = CNOT 2 9
[8226] = S 2
[8227] = CNOT 2 9
[8228] = CNOT 2 18
[8229] = S 2
[8230] = CNOT 2 18
[8231] = CNOT 2 23
[8232] = S 2
[8233] = CNOT 2 23
[8234] = CNOT 2 25
[8235] = S 2
[8236] = CNOT 2 25
[8237] = CNOT 2 26
[8238] = S 2
[8239] = CNOT 2 26
[8240] = CNOT 2 38
[8241] = S 2
[8242] = Z 2
[8243] = CNOT 2 38
[8244] = CNOT 2 43
[8245] = S 2
[8246] = Z 2
[8247] = CNOT 2 43
[8248] = CNOT 2 46
[8249] = S 2
[8250] = CNOT 2 46
[8251] = CNOT 2 51
[8252] = S 2
[8253] = Z 2
[8254] = CNOT 2 51
[8255] = CNOT 2 61
[8256] = S 2
[8257] = CNOT 2 61
[8258] = CNOT 2 63
[8259] = S 2
[8260] = CNOT 2 63
[8261] = CNOT 2 64
[8262] = S 2
[8263] = CNOT 2 64
[8264] = CNOT 2 77
[8265] = S 2
[8266] = CNOT 2 77
[8267] = CNOT 2 79
[8268] = S 2
[8269] = CNOT 2 79
[8270] = CNOT 2 80
[8271] = S 2
[8272] = Z 2
[8273] = CNOT 2 80
[8274] = CNOT 2 84
[8275] = S 2
[8276] = CNOT 2 84
[8277] = CNOT 2 3
[8278] = CNOT 2 4
[8279] = CNOT 2 5
[8280] = S 2
[8281] = Z 2
[8282] = CNOT 2 5
[8283] = CNOT 2 9
[8284] = S 2
[8285] = Z 2
[8286] = CNOT 2 9
[8287] = CNOT 2 18
[8288] = S 2
[8289] = Z 2
[8290] = CNOT 2 18
[8291] = CNOT 2 23
[8292] = S 2
[8293] = Z 2
[8294] = CNOT 2 23
[8295] = CNOT 2 25
[8296] = S 2
[8297] = Z 2
[8298] = CNOT 2 25
[8299] = CNOT 2 26
[8300] = S 2
[8301] = Z 2
[8302] = CNOT 2 26
[8303] = CNOT 2 46
[8304] = S 2
[8305] = Z 2
[8306] = CNOT 2 46
[8307] = CNOT 2 51
[8308] = S 2
[8309] = Z 2
[8310] = CNOT 2 51
[8311] = CNOT 2 61
[8312] = S 2
[8313] = Z 2
[8314] = CNOT 2 61
[8315] = CNOT 2 63
[8316] = S 2
[8317] = Z 2
[8318] = CNOT 2 63
[8319] = CNOT 2 64
[8320] = S 2
[8321] = Z 2
[8322] = CNOT 2 64
[8323] = CNOT 2 77
[8324] = S 2
[8325] = Z 2
[8326] = CNOT 2 77
[8327] = CNOT 2 79
[8328] = S 2
[8329] = Z 2
[8330] = CNOT 2 79
[8331] = CNOT 2 84
[8332] = S 2
[8333] = Z 2
[8334] = CNOT 2 84
[8335] = CNOT 2 4
[8336] = CNOT 2 5
[8337] = CNOT 2 6
[8338] = S 2
[8339] = Z 2
[8340] = CNOT 2 6
[8341] = CNOT 2 7
[8342] = S 2
[8343] = Z 2
[8344] = CNOT 2 7
[8345] = CNOT 2 9
[8346] = Z 2
[8347] = CNOT 2 9
[8348] = CNOT 2 18
[8349] = Z 2
[8350] = CNOT 2 18
[8351] = CNOT 2 23
[8352] = Z 2
[8353] = CNOT 2 23
[8354] = CNOT 2 25
[8355] = Z 2
[8356] = CNOT 2 25
[8357] = CNOT 2 26
[8358] = Z 2
[8359] = CNOT 2 26
[8360] = CNOT 2 46
[8361] = Z 2
[8362] = CNOT 2 46
[8363] = CNOT 2 51
[8364] = S 2
[8365] = Z 2
[8366] = CNOT 2 51
[8367] = CNOT 2 61
[8368] = Z 2
[8369] = CNOT 2 61
[8370] = CNOT 2 63
[8371] = Z 2
[8372] = CNOT 2 63
[8373] = CNOT 2 64
[8374] = Z 2
[8375] = CNOT 2 64
[8376] = CNOT 2 77
[8377] = Z 2
[8378] = CNOT 2 77
[8379] = CNOT 2 79
[8380] = Z 2
[8381] = CNOT 2 79
[8382] = CNOT 2 84
[8383] = Z 2
[8384] = CNOT 2 84
[8385] = CNOT 2 5
[8386] = CNOT 2 6
[8387] = CNOT 2 7
[8388] = S 2
[8389] = Z 2
[8390] = CNOT 2 7
[8391] = CNOT 2 9
[8392] = S 2
[8393] = Z 2
[8394] = CNOT 2 9
[8395] = CNOT 2 18
[8396] = S 2
[8397] = Z 2
[8398] = CNOT 2 18
[8399] = CNOT 2 23
[8400] = S 2
[8401] = Z 2
[8402] = CNOT 2 23
[8403] = CNOT 2 25
[8404] = S 2
[8405] = Z 2
[8406] = CNOT 2 25
[8407] = CNOT 2 26
[8408] = S 2
[8409] = Z 2
[8410] = CNOT 2 26
[8411] = CNOT 2 46
[8412] = S 2
[8413] = Z 2
[8414] = CNOT 2 46
[8415] = CNOT 2 61
[8416] = S 2
[8417] = Z 2
[8418] = CNOT 2 61
[8419] = CNOT 2 63
[8420] = S 2
[8421] = Z 2
[8422] = CNOT 2 63
[8423] = CNOT 2 64
[8424] = S 2
[8425] = Z 2
[8426] = CNOT 2 64
[8427] = CNOT 2 77
[8428] = S 2
[8429] = Z 2
[8430] = CNOT 2 77
[8431] = CNOT 2 79
[8432] = S 2
[8433] = Z 2
[8434] = CNOT 2 79
[8435] = CNOT 2 84
[8436] = S 2
[8437] = Z 2
[8438] = CNOT 2 84
[8439] = CNOT 2 6
[8440] = CNOT 2 7
[8441] = CNOT 2 9
[8442] = S 2
[8443] = Z 2
[8444] = CNOT 2 9
[8445] = CNOT 2 18
[8446] = S 2
[8447] = Z 2
[8448] = CNOT 2 18
[8449] = CNOT 2 23
[8450] = S 2
[8451] = Z 2
[8452] = CNOT 2 23
[8453] = CNOT 2 25
[8454] = S 2
[8455] = Z 2
[8456] = CNOT 2 25
[8457] = CNOT 2 26
[8458] = S 2
[8459] = Z 2
[8460] = CNOT 2 26
[8461] = CNOT 2 46
[8462] = S 2
[8463] = Z 2
[8464] = CNOT 2 46
[8465] = CNOT 2 61
[8466] = S 2
[8467] = Z 2
[8468] = CNOT 2 61
[8469] = CNOT 2 63
[8470] = S 2
[8471] = Z 2
[8472] = CNOT 2 63
[8473] = CNOT 2 64
[8474] = S 2
[8475] = Z 2
[8476] = CNOT 2 64
[8477] = CNOT 2 77
[8478] = S 2
[8479] = Z 2
[8480] = CNOT 2 77
[8481] = CNOT 2 79
[8482] = S 2
[8483] = Z 2
[8484] = CNOT 2 79
[8485] = CNOT 2 84
[8486] = S 2
[8487] = Z 2
[8488] = CNOT 2 84
[8489] = CNOT 2 7
[8490] = CNOT 2 9
[8491] = CNOT 2 38
[8492] = S 2
[8493] = Z 2
[8494] = CNOT 2 38
[8495] = CNOT 2 43
[8496] = S 2
[8497] = Z 2
[8498] = CNOT 2 43
[8499] = CNOT 2 51
[8500] = S 2
[8501] = Z 2
[8502] = CNOT 2 51
[8503] = CNOT 2 80
[8504] = S 2
[8505] = Z 2
[8506] = CNOT 2 80
[8507] = CNOT 2 9
[8508] = CNOT 2 18
[8509] = CNOT 2 38
[8510] = S 2
[8511] = Z 2
[8512] = CNOT 2 38
[8513] = CNOT 2 43
[8514] = S 2
[8515] = Z 2
[8516] = CNOT 2 43
[8517] = CNOT 2 51
[8518] = S 2
[8519] = Z 2
[8520] = CNOT 2 51
[8521] = CNOT 2 80
[8522] = S 2
[8523] = Z 2
[8524] = CNOT 2 80
[8525] = CNOT 2 18
[8526] = CNOT 2 23
[8527] = CNOT 2 38
[8528] = S 2
[8529] = Z 2
[8530] = CNOT 2 38
[8531] = CNOT 2 43
[8532] = S 2
[8533] = Z 2
[8534] = CNOT 2 43
[8535] = CNOT 2 51
[8536] = S 2
[8537] = Z 2
[8538] = CNOT 2 51
[8539] = CNOT 2 80
[8540] = S 2
[8541] = Z 2
[8542] = CNOT 2 80
[8543] = CNOT 2 23
[8544] = CNOT 2 25
[8545] = CNOT 2 38
[8546] = S 2
[8547] = Z 2
[8548] = CNOT 2 38
[8549] = CNOT 2 43
[8550] = S 2
[8551] = Z 2
[8552] = CNOT 2 43
[8553] = CNOT 2 51
[8554] = S 2
[8555] = Z 2
[8556] = CNOT 2 51
[8557] = CNOT 2 80
[8558] = S 2
[8559] = Z 2
[8560] = CNOT 2 80
[8561] = CNOT 2 25
[8562] = CNOT 2 26
[8563] = CNOT 2 38
[8564] = S 2
[8565] = Z 2
[8566] = CNOT 2 38
[8567] = CNOT 2 43
[8568] = S 2
[8569] = Z 2
[8570] = CNOT 2 43
[8571] = CNOT 2 51
[8572] = S 2
[8573] = Z 2
[8574] = CNOT 2 51
[8575] = CNOT 2 80
[8576] = S 2
[8577] = Z 2
[8578] = CNOT 2 80
[8579] = CNOT 2 26
[8580] = CNOT 2 38
[8581] = CNOT 2 46
[8582] = S 2
[8583] = Z 2
[8584] = CNOT 2 46
[8585] = CNOT 2 61
[8586] = S 2
[8587] = Z 2
[8588] = CNOT 2 61
[8589] = CNOT 2 63
[8590] = S 2
[8591] = Z 2
[8592] = CNOT 2 63
[8593] = CNOT 2 64
[8594] = S 2
[8595] = Z 2
[8596] = CNOT 2 64
[8597] = CNOT 2 77
[8598] = S 2
[8599] = Z 2
[8600] = CNOT 2 77
[8601] = CNOT 2 79
[8602] = S 2
[8603] = Z 2
[8604] = CNOT 2 79
[8605] = CNOT 2 80
[8606] = S 2
[8607] = Z 2
[8608] = CNOT 2 80
[8609] = CNOT 2 84
[8610] = S 2
[8611] = Z 2
[8612] = CNOT 2 84
[8613] = CNOT 2 38
[8614] = CNOT 2 43
[8615] = CNOT 2 46
[8616] = S 2
[8617] = Z 2
[8618] = CNOT 2 46
[8619] = CNOT 2 61
[8620] = S 2
[8621] = Z 2
[8622] = CNOT 2 61
[8623] = CNOT 2 63
[8624] = S 2
[8625] = Z 2
[8626] = CNOT 2 63
[8627] = CNOT 2 64
[8628] = S 2
[8629] = Z 2
[8630] = CNOT 2 64
[8631] = CNOT 2 77
[8632] = S 2
[8633] = Z 2
[8634] = CNOT 2 77
[8635] = CNOT 2 79
[8636] = S 2
[8637] = Z 2
[8638] = CNOT 2 79
[8639] = CNOT 2 84
[8640] = S 2
[8641] = Z 2
[8642] = CNOT 2 84
[8643] = CNOT 2 43
[8644] = CNOT 2 46
[8645] = CNOT 2 51
[8646] = S 2
[8647] = Z 2
[8648] = CNOT 2 51
[8649] = CNOT 2 80
[8650] = S 2
[8651] = Z 2
[8652] = CNOT 2 80
[8653] = CNOT 2 46
[8654] = CNOT 2 51
[8655] = CNOT 2 61
[8656] = S 2
[8657] = Z 2
[8658] = CNOT 2 61
[8659] = CNOT 2 63
[8660] = S 2
[8661] = Z 2
[8662] = CNOT 2 63
[8663] = CNOT 2 64
[8664] = S 2
[8665] = Z 2
[8666] = CNOT 2 64
[8667] = CNOT 2 77
[8668] = S 2
[8669] = Z 2
[8670] = CNOT 2 77
[8671] = CNOT 2 79
[8672] = S 2
[8673] = Z 2
[8674] = CNOT 2 79
[8675] = CNOT 2 84
[8676] = S 2
[8677] = Z 2
[8678] = CNOT 2 84
[8679] = CNOT 2 51
[8680] = CNOT 2 61
[8681] = CNOT 2 80
[8682] = S 2
[8683] = Z 2
[8684] = CNOT 2 61
[8685] = CNOT 2 63
[8686] = S 2
[8687] = Z 2
[8688] = CNOT 2 63
[8689] = CNOT 2 64
[8690] = S 2
[8691] = Z 2
[8692] = CNOT 2 64
[8693] = CNOT 2 77
[8694] = S 2
[8695] = Z 2
[8696] = CNOT 2 77
[8697] = CNOT 2 79
[8698] = S 2
[8699] = Z 2
[8700] = CNOT 2 79
[8701] = CNOT 2 84
[8702] = S 2
[8703] = Z 2
[8704] = CNOT 2 84
[8705] = CNOT 2 80
[8706] = CNOT 3 4
[8707] = CNOT 3 5
[8708] = S 3
[8709] = Z 3
[8710] = CNOT 3 5
[8711] = CNOT 3 9
[8712] = S 3
[8713] = Z 3
[8714] = CNOT 3 9
[8715] = CNOT 3 18
[8716] = S 3
[8717] = Z 3
[8718] = CNOT 3 18
[8719] = CNOT 3 23
[8720] = S 3
[8721] = Z 3
[8722] = CNOT 3 23
[8723] = CNOT 3 25
[8724] = S 3
[8725] = Z 3
[8726] = CNOT 3 25
[8727] = CNOT 3 26
[8728] = S 3
[8729] = Z 3
[8730] = CNOT 3 26
[8731] = CNOT 3 46
[8732] = S 3
[8733] = Z 3
[8734] = CNOT 3 46
[8735] = CNOT 3 51
[8736] = S 3
[8737] = Z 3
[8738] = CNOT 3 51
[8739] = CNOT 3 61
[8740] = S 3
[8741] = Z 3
[8742] = CNOT 3 61
[8743] = CNOT 3 63
[8744] = S 3
[8745] = Z 3
[8746] = CNOT 3 63
[8747] = CNOT 3 64
[8748] = S 3
[8749] = Z 3
[8750] = CNOT 3 64
[8751] = CNOT 3 77
[8752] = S 3
[8753] = Z 3
[8754] = CNOT 3 77
[8755] = CNOT 3 79
[8756] = S 3
[8757] = Z 3
[8758] = CNOT 3 79
[8759] = CNOT 3 84
[8760] = S 3
[8761] = Z 3
[8762] = CNOT 3 84
[8763] = CNOT 3 4
[8764] = CNOT 3 5
[8765] = CNOT 3 6
[8766] = S 3
[8767] = Z 3
[8768] = CNOT 3 6
[8769] = CNOT 3 7
[8770] = S 3
[8771] = Z 3
[8772] = CNOT 3 7
[8773] = CNOT 3 9
[8774] = Z 3
[8775] = CNOT 3 9
[8776] = CNOT 3 18
[8777] = Z 3
[8778] = CNOT 3 18
[8779] = CNOT 3 23
[8780] = Z 3
[8781] = CNOT 3 23
[8782] = CNOT 3 25
[8783] = Z 3
[8784] = CNOT 3 25
[8785] = CNOT 3 26
[8786] = Z 3
[8787] = CNOT 3 26
[8788] = CNOT 3 46
[8789] = Z 3
[8790] = CNOT 3 46
[8791] = CNOT 3 51
[8792] = S 3
[8793] = Z 3
[8794] = CNOT 3 51
[8795] = CNOT 3 61
[8796] = Z 3
[8797] = CNOT 3 61
[8798] = CNOT 3 63
[8799] = Z 3
[8800] = CNOT 3 63
[8801] = CNOT 3 64
[8802] = Z 3
[8803] = CNOT 3 64
[8804] = CNOT 3 77
[8805] = Z 3
[8806] = CNOT 3 77
[8807] = CNOT 3 79
[8808] = Z 3
[8809] = CNOT 3 79
[8810] = CNOT 3 84
[8811] = Z 3
[8812] = CNOT 3 84
[8813] = CNOT 3 5
[8814] = CNOT 3 6
[8815] = CNOT 3 7
[8816] = S 3
[8817] = Z 3
[8818] = CNOT 3 7
[8819] = CNOT 3 9
[8820] = S 3
[8821] = Z 3
[8822] = CNOT 3 9
[8823] = CNOT 3 18
[8824] = S 3
[8825] = Z 3
[8826] = CNOT 3 18
[8827] = CNOT 3 23
[8828] = S 3
[8829] = Z 3
[8830] = CNOT 3 23
[8831] = CNOT 3 25
[8832] = S 3
[8833] = Z 3
[8834] = CNOT 3 25
[8835] = CNOT 3 26
[8836] = S 3
[8837] = Z 3
[8838] = CNOT 3 26
[8839] = CNOT 3 46
[8840] = S 3
[8841] = Z 3
[8842] = CNOT 3 46
[8843] = CNOT 3 61
[8844] = S 3
[8845] = Z 3
[8846] = CNOT 3 61
[8847] = CNOT 3 63
[8848] = S 3
[8849] = Z 3
[8850] = CNOT 3 63
[8851] = CNOT 3 64
[8852] = S 3
[8853] = Z 3
[8854] = CNOT 3 64
[8855] = CNOT 3 77
[8856] = S 3
[8857] = Z 3
[8858] = CNOT 3 77
[8859] = CNOT 3 79
[8860] = S 3
[8861] = Z 3
[8862] = CNOT 3 79
[8863] = CNOT 3 84
[8864] = S 3
[8865] = Z 3
[8866] = CNOT 3 84
[8867] = CNOT 3 6
[8868] = CNOT 3 7
[8869] = CNOT 3 9
[8870] = Z 3
[8871] = CNOT 3 9
[8872] = CNOT 3 18
[8873] = Z 3
[8874] = CNOT 3 18
[8875] = CNOT 3 23
[8876] = Z 3
[8877] = CNOT 3 23
[8878] = CNOT 3 25
[8879] = Z 3
[8880] = CNOT 3 25
[8881] = CNOT 3 26
[8882] = Z 3
[8883] = CNOT 3 26
[8884] = CNOT 3 38
[8885] = S 3
[8886] = Z 3
[8887] = CNOT 3 38
[8888] = CNOT 3 46
[8889] = Z 3
[8890] = CNOT 3 46
[8891] = CNOT 3 47
[8892] = S 3
[8893] = Z 3
[8894] = CNOT 3 47
[8895] = CNOT 3 61
[8896] = S 3
[8897] = Z 3
[8898] = CNOT 3 61
[8899] = CNOT 3 63
[8900] = Z 3
[8901] = CNOT 3 63
[8902] = CNOT 3 64
[8903] = Z 3
[8904] = CNOT 3 64
[8905] = CNOT 3 77
[8906] = Z 3
[8907] = CNOT 3 77
[8908] = CNOT 3 79
[8909] = S 3
[8910] = Z 3
[8911] = CNOT 3 79
[8912] = CNOT 3 84
[8913] = Z 3
[8914] = CNOT 3 84
[8915] = CNOT 3 7
[8916] = CNOT 3 9
[8917] = CNOT 3 18
[8918] = Z 3
[8919] = CNOT 3 18
[8920] = CNOT 3 23
[8921] = Z 3
[8922] = CNOT 3 23
[8923] = CNOT 3 25
[8924] = Z 3
[8925] = CNOT 3 25
[8926] = CNOT 3 26
[8927] = Z 3
[8928] = CNOT 3 26
[8929] = CNOT 3 38
[8930] = S 3
[8931] = CNOT 3 38
[8932] = CNOT 3 43
[8933] = S 3
[8934] = Z 3
[8935] = CNOT 3 43
[8936] = CNOT 3 46
[8937] = Z 3
[8938] = CNOT 3 46
[8939] = CNOT 3 47
[8940] = S 3
[8941] = Z 3
[8942] = CNOT 3 47
[8943] = CNOT 3 51
[8944] = Z 3
[8945] = CNOT 3 51
[8946] = CNOT 3 63
[8947] = Z 3
[8948] = CNOT 3 63
[8949] = CNOT 3 64
[8950] = Z 3
[8951] = CNOT 3 64
[8952] = CNOT 3 77
[8953] = Z 3
[8954] = CNOT 3 77
[8955] = CNOT 3 79
[8956] = S 3
[8957] = Z 3
[8958] = CNOT 3 79
[8959] = CNOT 3 80
[8960] = S 3
[8961] = Z 3
[8962] = CNOT 3 80
[8963] = CNOT 3 84
[8964] = Z 3
[8965] = CNOT 3 84
[8966] = CNOT 3 9
[8967] = CNOT 3 18
[8968] = CNOT 3 23
[8969] = Z 3
[8970] = CNOT 3 23
[8971] = CNOT 3 25
[8972] = Z 3
[8973] = CNOT 3 25
[8974] = CNOT 3 26
[8975] = Z 3
[8976] = CNOT 3 26
[8977] = CNOT 3 38
[8978] = S 3
[8979] = CNOT 3 38
[8980] = CNOT 3 43
[8981] = S 3
[8982] = Z 3
[8983] = CNOT 3 43
[8984] = CNOT 3 46
[8985] = Z 3
[8986] = CNOT 3 46
[8987] = CNOT 3 47
[8988] = S 3
[8989] = Z 3
[8990] = CNOT 3 47
[8991] = CNOT 3 51
[8992] = Z 3
[8993] = CNOT 3 51
[8994] = CNOT 3 63
[8995] = Z 3
[8996] = CNOT 3 63
[8997] = CNOT 3 64
[8998] = Z 3
[8999] = CNOT 3 64
[9000] = CNOT 3 77
[9001] = Z 3
[9002] = CNOT 3 77
[9003] = CNOT 3 79
[9004] = S 3
[9005] = Z 3
[9006] = CNOT 3 79
[9007] = CNOT 3 80
[9008] = S 3
[9009] = Z 3
[9010] = CNOT 3 80
[9011] = CNOT 3 84
[9012] = Z 3
[9013] = CNOT 3 84
[9014] = CNOT 3 18
[9015] = CNOT 3 23
[9016] = CNOT 3 25
[9017] = Z 3
[9018] = CNOT 3 25
[9019] = CNOT 3 26
[9020] = Z 3
[9021] = CNOT 3 26
[9022] = CNOT 3 38
[9023] = S 3
[9024] = CNOT 3 38
[9025] = CNOT 3 43
[9026] = S 3
[9027] = Z 3
[9028] = CNOT 3 43
[9029] = CNOT 3 46
[9030] = Z 3
[9031] = CNOT 3 46
[9032] = CNOT 3 47
[9033] = S 3
[9034] = Z 3
[9035] = CNOT 3 47
[9036] = CNOT 3 51
[9037] = Z 3
[9038] = CNOT 3 51
[9039] = CNOT 3 63
[9040] = Z 3
[9041] = CNOT 3 63
[9042] = CNOT 3 64
[9043] = Z 3
[9044] = CNOT 3 64
[9045] = CNOT 3 77
[9046] = Z 3
[9047] = CNOT 3 77
[9048] = CNOT 3 79
[9049] = S 3
[9050] = Z 3
[9051] = CNOT 3 79
[9052] = CNOT 3 80
[9053] = S 3
[9054] = Z 3
[9055] = CNOT 3 80
[9056] = CNOT 3 84
[9057] = Z 3
[9058] = CNOT 3 84
[9059] = CNOT 3 23
[9060] = CNOT 3 25
[9061] = CNOT 3 26
[9062] = Z 3
[9063] = CNOT 3 26
[9064] = CNOT 3 38
[9065] = S 3
[9066] = CNOT 3 38
[9067] = CNOT 3 43
[9068] = S 3
[9069] = Z 3
[9070] = CNOT 3 43
[9071] = CNOT 3 46
[9072] = Z 3
[9073] = CNOT 3 46
[9074] = CNOT 3 47
[9075] = S 3
[9076] = Z 3
[9077] = CNOT 3 47
[9078] = CNOT 3 51
[9079] = Z 3
[9080] = CNOT 3 51
[9081] = CNOT 3 63
[9082] = Z 3
[9083] = CNOT 3 63
[9084] = CNOT 3 64
[9085] = Z 3
[9086] = CNOT 3 64
[9087] = CNOT 3 77
[9088] = Z 3
[9089] = CNOT 3 77
[9090] = CNOT 3 79
[9091] = S 3
[9092] = Z 3
[9093] = CNOT 3 79
[9094] = CNOT 3 80
[9095] = S 3
[9096] = Z 3
[9097] = CNOT 3 80
[9098] = CNOT 3 84
[9099] = Z 3
[9100] = CNOT 3 84
[9101] = CNOT 3 25
[9102] = CNOT 3 26
[9103] = CNOT 3 38
[9104] = S 3
[9105] = CNOT 3 38
[9106] = CNOT 3 43
[9107] = S 3
[9108] = Z 3
[9109] = CNOT 3 43
[9110] = CNOT 3 46
[9111] = Z 3
[9112] = CNOT 3 46
[9113] = CNOT 3 47
[9114] = S 3
[9115] = Z 3
[9116] = CNOT 3 47
[9117] = CNOT 3 51
[9118] = Z 3
[9119] = CNOT 3 51
[9120] = CNOT 3 63
[9121] = Z 3
[9122] = CNOT 3 63
[9123] = CNOT 3 64
[9124] = Z 3
[9125] = CNOT 3 64
[9126] = CNOT 3 77
[9127] = Z 3
[9128] = CNOT 3 77
[9129] = CNOT 3 79
[9130] = S 3
[9131] = Z 3
[9132] = CNOT 3 79
[9133] = CNOT 3 80
[9134] = S 3
[9135] = Z 3
[9136] = CNOT 3 80
[9137] = CNOT 3 84
[9138] = Z 3
[9139] = CNOT 3 84
[9140] = CNOT 3 26
[9141] = CNOT 3 38
[9142] = CNOT 3 46
[9143] = S 3
[9144] = CNOT 3 46
[9145] = CNOT 3 47
[9146] = S 3
[9147] = Z 3
[9148] = CNOT 3 47
[9149] = CNOT 3 51
[9150] = S 3
[9151] = Z 3
[9152] = CNOT 3 51
[9153] = CNOT 3 61
[9154] = Z 3
[9155] = CNOT 3 61
[9156] = CNOT 3 63
[9157] = S 3
[9158] = CNOT 3 63
[9159] = CNOT 3 64
[9160] = S 3
[9161] = CNOT 3 64
[9162] = CNOT 3 77
[9163] = S 3
[9164] = CNOT 3 77
[9165] = CNOT 3 79
[9166] = Z 3
[9167] = CNOT 3 79
[9168] = CNOT 3 80
[9169] = S 3
[9170] = Z 3
[9171] = CNOT 3 80
[9172] = CNOT 3 84
[9173] = S 3
[9174] = CNOT 3 84
[9175] = CNOT 3 38
[9176] = CNOT 3 43
[9177] = CNOT 3 46
[9178] = S 3
[9179] = Z 3
[9180] = CNOT 3 46
[9181] = CNOT 3 61
[9182] = S 3
[9183] = Z 3
[9184] = CNOT 3 61
[9185] = CNOT 3 63
[9186] = S 3
[9187] = Z 3
[9188] = CNOT 3 63
[9189] = CNOT 3 64
[9190] = S 3
[9191] = Z 3
[9192] = CNOT 3 64
[9193] = CNOT 3 77
[9194] = S 3
[9195] = Z 3
[9196] = CNOT 3 77
[9197] = CNOT 3 79
[9198] = S 3
[9199] = Z 3
[9200] = CNOT 3 79
[9201] = CNOT 3 84
[9202] = S 3
[9203] = Z 3
[9204] = CNOT 3 84
[9205] = CNOT 3 43
[9206] = CNOT 3 46
[9207] = CNOT 3 47
[9208] = S 3
[9209] = Z 3
[9210] = CNOT 3 47
[9211] = CNOT 3 51
[9212] = Z 3
[9213] = CNOT 3 51
[9214] = CNOT 3 63
[9215] = Z 3
[9216] = CNOT 3 63
[9217] = CNOT 3 64
[9218] = Z 3
[9219] = CNOT 3 64
[9220] = CNOT 3 77
[9221] = Z 3
[9222] = CNOT 3 77
[9223] = CNOT 3 79
[9224] = S 3
[9225] = Z 3
[9226] = CNOT 3 79
[9227] = CNOT 3 80
[9228] = S 3
[9229] = Z 3
[9230] = CNOT 3 80
[9231] = CNOT 3 84
[9232] = Z 3
[9233] = CNOT 3 84
[9234] = CNOT 3 46
[9235] = CNOT 3 47
[9236] = CNOT 3 63
[9237] = S 3
[9238] = Z 3
[9239] = CNOT 3 63
[9240] = CNOT 3 64
[9241] = S 3
[9242] = Z 3
[9243] = CNOT 3 64
[9244] = CNOT 3 77
[9245] = S 3
[9246] = Z 3
[9247] = CNOT 3 77
[9248] = CNOT 3 84
[9249] = S 3
[9250] = Z 3
[9251] = CNOT 3 84
[9252] = CNOT 3 47
[9253] = CNOT 3 51
[9254] = CNOT 3 61
[9255] = S 3
[9256] = Z 3
[9257] = CNOT 3 61
[9258] = CNOT 3 63
[9259] = Z 3
[9260] = CNOT 3 63
[9261] = CNOT 3 64
[9262] = Z 3
[9263] = CNOT 3 64
[9264] = CNOT 3 77
[9265] = Z 3
[9266] = CNOT 3 77
[9267] = CNOT 3 79
[9268] = S 3
[9269] = Z 3
[9270] = CNOT 3 79
[9271] = CNOT 3 84
[9272] = Z 3
[9273] = CNOT 3 84
[9274] = CNOT 3 51
[9275] = CNOT 3 61
[9276] = CNOT 3 80
[9277] = S 3
[9278] = Z 3
[9279] = CNOT 3 80
[9280] = CNOT 3 61
[9281] = CNOT 3 63
[9282] = CNOT 3 64
[9283] = Z 3
[9284] = CNOT 3 64
[9285] = CNOT 3 77
[9286] = Z 3
[9287] = CNOT 3 77
[9288] = CNOT 3 79
[9289] = S 3
[9290] = Z 3
[9291] = CNOT 3 79
[9292] = CNOT 3 80
[9293] = S 3
[9294] = Z 3
[9295] = CNOT 3 80
[9296] = CNOT 3 84
[9297] = Z 3
[9298] = CNOT 3 84
[9299] = CNOT 3 63
[9300] = CNOT 3 64
[9301] = CNOT 3 77
[9302] = Z 3
[9303] = CNOT 3 77
[9304] = CNOT 3 79
[9305] = S 3
[9306] = Z 3
[9307] = CNOT 3 79
[9308] = CNOT 3 80
[9309] = S 3
[9310] = Z 3
[9311] = CNOT 3 80
[9312] = CNOT 3 84
[9313] = Z 3
[9314] = CNOT 3 84
[9315] = CNOT 3 64
[9316] = CNOT 3 77
[9317] = CNOT 3 79
[9318] = S 3
[9319] = Z 3
[9320] = CNOT 3 79
[9321] = CNOT 3 80
[9322] = S 3
[9323] = Z 3
[9324] = CNOT 3 80
[9325] = CNOT 3 84
[9326] = Z 3
[9327] = CNOT 3 84
[9328] = CNOT 3 77
[9329] = CNOT 3 79
[9330] = CNOT 3 80
[9331] = S 3
[9332] = Z 3
[9333] = CNOT 3 80
[9334] = CNOT 3 84
[9335] = S 3
[9336] = Z 3
[9337] = CNOT 3 79
[9338] = CNOT 3 80
[9339] = S 3
[9340] = Z 3
[9341] = CNOT 3 84
[9342] = CNOT 3 80
[9343] = CNOT 4 5
[9344] = CNOT 4 6
[9345] = Z 4
[9346] = CNOT 4 6
[9347] = CNOT 4 7
[9348] = Z 4
[9349] = CNOT 4 7
[9350] = CNOT 4 9
[9351] = Z 4
[9352] = CNOT 4 9
[9353] = CNOT 4 18
[9354] = S 4
[9355] = Z 4
[9356] = CNOT 4 18
[9357] = CNOT 4 20
[9358] = Z 4
[9359] = CNOT 4 20
[9360] = CNOT 4 21
[9361] = S 4
[9362] = Z 4
[9363] = CNOT 4 21
[9364] = CNOT 4 22
[9365] = Z 4
[9366] = CNOT 4 22
[9367] = CNOT 4 23
[9368] = S 4
[9369] = CNOT 4 23
[9370] = CNOT 4 24
[9371] = Z 4
[9372] = CNOT 4 24
[9373] = CNOT 4 25
[9374] = S 4
[9375] = CNOT 4 25
[9376] = CNOT 4 26
[9377] = S 4
[9378] = CNOT 4 26
[9379] = CNOT 4 28
[9380] = Z 4
[9381] = CNOT 4 28
[9382] = CNOT 4 32
[9383] = Z 4
[9384] = CNOT 4 32
[9385] = CNOT 4 44
[9386] = Z 4
[9387] = CNOT 4 44
[9388] = CNOT 4 46
[9389] = S 4
[9390] = CNOT 4 46
[9391] = CNOT 4 49
[9392] = S 4
[9393] = CNOT 4 49
[9394] = CNOT 4 51
[9395] = S 4
[9396] = CNOT 4 51
[9397] = CNOT 4 61
[9398] = S 4
[9399] = CNOT 4 61
[9400] = CNOT 4 63
[9401] = S 4
[9402] = Z 4
[9403] = CNOT 4 63
[9404] = CNOT 4 64
[9405] = S 4
[9406] = CNOT 4 64
[9407] = CNOT 4 68
[9408] = Z 4
[9409] = CNOT 4 68
[9410] = CNOT 4 77
[9411] = S 4
[9412] = CNOT 4 77
[9413] = CNOT 4 78
[9414] = Z 4
[9415] = CNOT 4 78
[9416] = CNOT 4 79
[9417] = S 4
[9418] = CNOT 4 79
[9419] = CNOT 4 84
[9420] = S 4
[9421] = Z 4
[9422] = CNOT 4 84
[9423] = CNOT 4 5
[9424] = CNOT 4 6
[9425] = CNOT 4 7
[9426] = S 4
[9427] = Z 4
[9428] = CNOT 4 7
[9429] = CNOT 4 9
[9430] = S 4
[9431] = Z 4
[9432] = CNOT 4 9
[9433] = CNOT 4 18
[9434] = Z 4
[9435] = CNOT 4 18
[9436] = CNOT 4 23
[9437] = Z 4
[9438] = CNOT 4 23
[9439] = CNOT 4 25
[9440] = Z 4
[9441] = CNOT 4 25
[9442] = CNOT 4 26
[9443] = Z 4
[9444] = CNOT 4 26
[9445] = CNOT 4 28
[9446] = S 4
[9447] = Z 4
[9448] = CNOT 4 28
[9449] = CNOT 4 46
[9450] = Z 4
[9451] = CNOT 4 46
[9452] = CNOT 4 51
[9453] = Z 4
[9454] = CNOT 4 51
[9455] = CNOT 4 61
[9456] = Z 4
[9457] = CNOT 4 61
[9458] = CNOT 4 63
[9459] = Z 4
[9460] = CNOT 4 63
[9461] = CNOT 4 64
[9462] = Z 4
[9463] = CNOT 4 64
[9464] = CNOT 4 77
[9465] = Z 4
[9466] = CNOT 4 77
[9467] = CNOT 4 79
[9468] = Z 4
[9469] = CNOT 4 79
[9470] = CNOT 4 84
[9471] = Z 4
[9472] = CNOT 4 84
[9473] = CNOT 4 6
[9474] = CNOT 4 7
[9475] = CNOT 4 9
[9476] = S 4
[9477] = Z 4
[9478] = CNOT 4 9
[9479] = CNOT 4 18
[9480] = Z 4
[9481] = CNOT 4 18
[9482] = CNOT 4 23
[9483] = Z 4
[9484] = CNOT 4 23
[9485] = CNOT 4 25
[9486] = Z 4
[9487] = CNOT 4 25
[9488] = CNOT 4 26
[9489] = Z 4
[9490] = CNOT 4 26
[9491] = CNOT 4 28
[9492] = S 4
[9493] = Z 4
[9494] = CNOT 4 28
[9495] = CNOT 4 46
[9496] = Z 4
[9497] = CNOT 4 46
[9498] = CNOT 4 51
[9499] = Z 4
[9500] = CNOT 4 51
[9501] = CNOT 4 61
[9502] = Z 4
[9503] = CNOT 4 61
[9504] = CNOT 4 63
[9505] = Z 4
[9506] = CNOT 4 63
[9507] = CNOT 4 64
[9508] = Z 4
[9509] = CNOT 4 64
[9510] = CNOT 4 77
[9511] = Z 4
[9512] = CNOT 4 77
[9513] = CNOT 4 79
[9514] = Z 4
[9515] = CNOT 4 79
[9516] = CNOT 4 84
[9517] = Z 4
[9518] = CNOT 4 84
[9519] = CNOT 4 7
[9520] = CNOT 4 9
[9521] = CNOT 4 18
[9522] = Z 4
[9523] = CNOT 4 18
[9524] = CNOT 4 23
[9525] = Z 4
[9526] = CNOT 4 23
[9527] = CNOT 4 25
[9528] = Z 4
[9529] = CNOT 4 25
[9530] = CNOT 4 26
[9531] = Z 4
[9532] = CNOT 4 26
[9533] = CNOT 4 28
[9534] = S 4
[9535] = Z 4
[9536] = CNOT 4 28
[9537] = CNOT 4 46
[9538] = Z 4
[9539] = CNOT 4 46
[9540] = CNOT 4 51
[9541] = Z 4
[9542] = CNOT 4 51
[9543] = CNOT 4 61
[9544] = Z 4
[9545] = CNOT 4 61
[9546] = CNOT 4 63
[9547] = Z 4
[9548] = CNOT 4 63
[9549] = CNOT 4 64
[9550] = Z 4
[9551] = CNOT 4 64
[9552] = CNOT 4 77
[9553] = Z 4
[9554] = CNOT 4 77
[9555] = CNOT 4 79
[9556] = Z 4
[9557] = CNOT 4 79
[9558] = CNOT 4 84
[9559] = Z 4
[9560] = CNOT 4 84
[9561] = CNOT 4 9
[9562] = CNOT 4 17
[9563] = CNOT 4 18
[9564] = S 4
[9565] = CNOT 4 18
[9566] = CNOT 4 19
[9567] = S 4
[9568] = Z 4
[9569] = CNOT 4 19
[9570] = CNOT 4 20
[9571] = Z 4
[9572] = CNOT 4 20
[9573] = CNOT 4 21
[9574] = S 4
[9575] = Z 4
[9576] = CNOT 4 21
[9577] = CNOT 4 22
[9578] = S 4
[9579] = Z 4
[9580] = CNOT 4 22
[9581] = CNOT 4 40
[9582] = S 4
[9583] = Z 4
[9584] = CNOT 4 40
[9585] = CNOT 4 44
[9586] = S 4
[9587] = Z 4
[9588] = CNOT 4 44
[9589] = CNOT 4 54
[9590] = S 4
[9591] = Z 4
[9592] = CNOT 4 54
[9593] = CNOT 4 84
[9594] = S 4
[9595] = CNOT 4 84
[9596] = CNOT 4 17
[9597] = CNOT 4 18
[9598] = CNOT 4 19
[9599] = S 4
[9600] = Z 4
[9601] = CNOT 4 19
[9602] = CNOT 4 21
[9603] = S 4
[9604] = Z 4
[9605] = CNOT 4 21
[9606] = CNOT 4 22
[9607] = Z 4
[9608] = CNOT 4 22
[9609] = CNOT 4 23
[9610] = S 4
[9611] = Z 4
[9612] = CNOT 4 23
[9613] = CNOT 4 25
[9614] = S 4
[9615] = Z 4
[9616] = CNOT 4 25
[9617] = CNOT 4 26
[9618] = S 4
[9619] = Z 4
[9620] = CNOT 4 26
[9621] = CNOT 4 28
[9622] = Z 4
[9623] = CNOT 4 28
[9624] = CNOT 4 40
[9625] = S 4
[9626] = CNOT 4 40
[9627] = CNOT 4 44
[9628] = S 4
[9629] = Z 4
[9630] = CNOT 4 44
[9631] = CNOT 4 46
[9632] = S 4
[9633] = Z 4
[9634] = CNOT 4 46
[9635] = CNOT 4 49
[9636] = S 4
[9637] = Z 4
[9638] = CNOT 4 49
[9639] = CNOT 4 51
[9640] = S 4
[9641] = Z 4
[9642] = CNOT 4 51
[9643] = CNOT 4 54
[9644] = Z 4
[9645] = CNOT 4 54
[9646] = CNOT 4 61
[9647] = S 4
[9648] = Z 4
[9649] = CNOT 4 61
[9650] = CNOT 4 64
[9651] = S 4
[9652] = Z 4
[9653] = CNOT 4 64
[9654] = CNOT 4 77
[9655] = S 4
[9656] = Z 4
[9657] = CNOT 4 77
[9658] = CNOT 4 79
[9659] = S 4
[9660] = Z 4
[9661] = CNOT 4 79
[9662] = CNOT 4 83
[9663] = S 4
[9664] = Z 4
[9665] = CNOT 4 83
[9666] = CNOT 4 84
[9667] = S 4
[9668] = CNOT 4 84
[9669] = CNOT 4 18
[9670] = CNOT 4 19
[9671] = CNOT 4 21
[9672] = Z 4
[9673] = CNOT 4 21
[9674] = CNOT 4 22
[9675] = Z 4
[9676] = CNOT 4 22
[9677] = CNOT 4 24
[9678] = Z 4
[9679] = CNOT 4 24
[9680] = CNOT 4 32
[9681] = Z 4
[9682] = CNOT 4 32
[9683] = CNOT 4 19
[9684] = CNOT 4 20
[9685] = CNOT 4 21
[9686] = Z 4
[9687] = CNOT 4 21
[9688] = CNOT 4 22
[9689] = S 4
[9690] = CNOT 4 22
[9691] = CNOT 4 23
[9692] = Z 4
[9693] = CNOT 4 23
[9694] = CNOT 4 25
[9695] = Z 4
[9696] = CNOT 4 25
[9697] = CNOT 4 26
[9698] = Z 4
[9699] = CNOT 4 26
[9700] = CNOT 4 44
[9701] = Z 4
[9702] = CNOT 4 44
[9703] = CNOT 4 46
[9704] = Z 4
[9705] = CNOT 4 46
[9706] = CNOT 4 49
[9707] = S 4
[9708] = CNOT 4 49
[9709] = CNOT 4 51
[9710] = Z 4
[9711] = CNOT 4 51
[9712] = CNOT 4 61
[9713] = Z 4
[9714] = CNOT 4 61
[9715] = CNOT 4 64
[9716] = Z 4
[9717] = CNOT 4 64
[9718] = CNOT 4 68
[9719] = Z 4
[9720] = CNOT 4 68
[9721] = CNOT 4 77
[9722] = Z 4
[9723] = CNOT 4 77
[9724] = CNOT 4 78
[9725] = Z 4
[9726] = CNOT 4 78
[9727] = CNOT 4 79
[9728] = Z 4
[9729] = CNOT 4 79
[9730] = CNOT 4 20
[9731] = CNOT 4 21
[9732] = CNOT 4 22
[9733] = S 4
[9734] = CNOT 4 22
[9735] = CNOT 4 23
[9736] = S 4
[9737] = Z 4
[9738] = CNOT 4 23
[9739] = CNOT 4 24
[9740] = S 4
[9741] = Z 4
[9742] = CNOT 4 24
[9743] = CNOT 4 25
[9744] = S 4
[9745] = Z 4
[9746] = CNOT 4 25
[9747] = CNOT 4 26
[9748] = S 4
[9749] = Z 4
[9750] = CNOT 4 26
[9751] = CNOT 4 32
[9752] = S 4
[9753] = Z 4
[9754] = CNOT 4 32
[9755] = CNOT 4 46
[9756] = S 4
[9757] = Z 4
[9758] = CNOT 4 46
[9759] = CNOT 4 49
[9760] = S 4
[9761] = Z 4
[9762] = CNOT 4 49
[9763] = CNOT 4 51
[9764] = S 4
[9765] = Z 4
[9766] = CNOT 4 51
[9767] = CNOT 4 61
[9768] = S 4
[9769] = Z 4
[9770] = CNOT 4 61
[9771] = CNOT 4 63
[9772] = S 4
[9773] = Z 4
[9774] = CNOT 4 63
[9775] = CNOT 4 64
[9776] = S 4
[9777] = Z 4
[9778] = CNOT 4 64
[9779] = CNOT 4 68
[9780] = Z 4
[9781] = CNOT 4 68
[9782] = CNOT 4 77
[9783] = S 4
[9784] = Z 4
[9785] = CNOT 4 77
[9786] = CNOT 4 78
[9787] = S 4
[9788] = Z 4
[9789] = CNOT 4 78
[9790] = CNOT 4 79
[9791] = S 4
[9792] = Z 4
[9793] = CNOT 4 79
[9794] = CNOT 4 83
[9795] = Z 4
[9796] = CNOT 4 83
[9797] = CNOT 4 84
[9798] = S 4
[9799] = CNOT 4 84
[9800] = CNOT 4 21
[9801] = CNOT 4 22
[9802] = CNOT 4 23
[9803] = Z 4
[9804] = CNOT 4 23
[9805] = CNOT 4 24
[9806] = S 4
[9807] = Z 4
[9808] = CNOT 4 24
[9809] = CNOT 4 25
[9810] = Z 4
[9811] = CNOT 4 25
[9812] = CNOT 4 26
[9813] = Z 4
[9814] = CNOT 4 26
[9815] = CNOT 4 32
[9816] = S 4
[9817] = Z 4
[9818] = CNOT 4 32
[9819] = CNOT 4 40
[9820] = S 4
[9821] = Z 4
[9822] = CNOT 4 40
[9823] = CNOT 4 46
[9824] = Z 4
[9825] = CNOT 4 46
[9826] = CNOT 4 49
[9827] = S 4
[9828] = CNOT 4 49
[9829] = CNOT 4 51
[9830] = Z 4
[9831] = CNOT 4 51
[9832] = CNOT 4 61
[9833] = Z 4
[9834] = CNOT 4 61
[9835] = CNOT 4 63
[9836] = Z 4
[9837] = CNOT 4 63
[9838] = CNOT 4 64
[9839] = Z 4
[9840] = CNOT 4 64
[9841] = CNOT 4 68
[9842] = S 4
[9843] = Z 4
[9844] = CNOT 4 68
[9845] = CNOT 4 77
[9846] = Z 4
[9847] = CNOT 4 77
[9848] = CNOT 4 78
[9849] = S 4
[9850] = Z 4
[9851] = CNOT 4 78
[9852] = CNOT 4 79
[9853] = Z 4
[9854] = CNOT 4 79
[9855] = CNOT 4 83
[9856] = Z 4
[9857] = CNOT 4 83
[9858] = CNOT 4 84
[9859] = S 4
[9860] = CNOT 4 84
[9861] = CNOT 4 22
[9862] = CNOT 4 23
[9863] = CNOT 4 24
[9864] = Z 4
[9865] = CNOT 4 24
[9866] = CNOT 4 25
[9867] = S 4
[9868] = CNOT 4 25
[9869] = CNOT 4 26
[9870] = S 4
[9871] = CNOT 4 26
[9872] = CNOT 4 28
[9873] = Z 4
[9874] = CNOT 4 28
[9875] = CNOT 4 32
[9876] = Z 4
[9877] = CNOT 4 32
[9878] = CNOT 4 44
[9879] = Z 4
[9880] = CNOT 4 44
[9881] = CNOT 4 46
[9882] = S 4
[9883] = CNOT 4 46
[9884] = CNOT 4 49
[9885] = S 4
[9886] = CNOT 4 49
[9887] = CNOT 4 51
[9888] = S 4
[9889] = CNOT 4 51
[9890] = CNOT 4 61
[9891] = S 4
[9892] = CNOT 4 61
[9893] = CNOT 4 63
[9894] = S 4
[9895] = Z 4
[9896] = CNOT 4 63
[9897] = CNOT 4 64
[9898] = S 4
[9899] = CNOT 4 64
[9900] = CNOT 4 68
[9901] = Z 4
[9902] = CNOT 4 68
[9903] = CNOT 4 77
[9904] = S 4
[9905] = CNOT 4 77
[9906] = CNOT 4 78
[9907] = Z 4
[9908] = CNOT 4 78
[9909] = CNOT 4 79
[9910] = S 4
[9911] = CNOT 4 79
[9912] = CNOT 4 84
[9913] = S 4
[9914] = Z 4
[9915] = CNOT 4 84
[9916] = CNOT 4 23
[9917] = CNOT 4 24
[9918] = CNOT 4 25
[9919] = Z 4
[9920] = CNOT 4 25
[9921] = CNOT 4 26
[9922] = Z 4
[9923] = CNOT 4 26
[9924] = CNOT 4 32
[9925] = S 4
[9926] = Z 4
[9927] = CNOT 4 32
[9928] = CNOT 4 46
[9929] = Z 4
[9930] = CNOT 4 46
[9931] = CNOT 4 51
[9932] = Z 4
[9933] = CNOT 4 51
[9934] = CNOT 4 54
[9935] = Z 4
[9936] = CNOT 4 54
[9937] = CNOT 4 61
[9938] = Z 4
[9939] = CNOT 4 61
[9940] = CNOT 4 63
[9941] = Z 4
[9942] = CNOT 4 63
[9943] = CNOT 4 64
[9944] = Z 4
[9945] = CNOT 4 64
[9946] = CNOT 4 77
[9947] = Z 4
[9948] = CNOT 4 77
[9949] = CNOT 4 79
[9950] = Z 4
[9951] = CNOT 4 79
[9952] = CNOT 4 84
[9953] = Z 4
[9954] = CNOT 4 84
[9955] = CNOT 4 24
[9956] = CNOT 4 25
[9957] = CNOT 4 26
[9958] = S 4
[9959] = CNOT 4 26
[9960] = CNOT 4 28
[9961] = Z 4
[9962] = CNOT 4 28
[9963] = CNOT 4 32
[9964] = Z 4
[9965] = CNOT 4 32
[9966] = CNOT 4 44
[9967] = Z 4
[9968] = CNOT 4 44
[9969] = CNOT 4 46
[9970] = S 4
[9971] = CNOT 4 46
[9972] = CNOT 4 49
[9973] = S 4
[9974] = CNOT 4 49
[9975] = CNOT 4 51
[9976] = S 4
[9977] = CNOT 4 51
[9978] = CNOT 4 61
[9979] = S 4
[9980] = CNOT 4 61
[9981] = CNOT 4 63
[9982] = S 4
[9983] = Z 4
[9984] = CNOT 4 63
[9985] = CNOT 4 64
[9986] = S 4
[9987] = CNOT 4 64
[9988] = CNOT 4 68
[9989] = Z 4
[9990] = CNOT 4 68
[9991] = CNOT 4 77
[9992] = S 4
[9993] = CNOT 4 77
[9994] = CNOT 4 78
[9995] = Z 4
[9996] = CNOT 4 78
[9997] = CNOT 4 79
[9998] = S 4
[9999] = CNOT 4 79
[10000] = CNOT 4 84
[10001] = S 4
[10002] = Z 4
[10003] = CNOT 4 84
[10004] = CNOT 4 25
[10005] = CNOT 4 26
[10006] = CNOT 4 28
[10007] = Z 4
[10008] = CNOT 4 28
[10009] = CNOT 4 32
[10010] = Z 4
[10011] = CNOT 4 32
[10012] = CNOT 4 44
[10013] = Z 4
[10014] = CNOT 4 44
[10015] = CNOT 4 46
[10016] = S 4
[10017] = CNOT 4 46
[10018] = CNOT 4 49
[10019] = S 4
[10020] = CNOT 4 49
[10021] = CNOT 4 51
[10022] = S 4
[10023] = CNOT 4 51
[10024] = CNOT 4 61
[10025] = S 4
[10026] = CNOT 4 61
[10027] = CNOT 4 63
[10028] = S 4
[10029] = Z 4
[10030] = CNOT 4 63
[10031] = CNOT 4 64
[10032] = S 4
[10033] = CNOT 4 64
[10034] = CNOT 4 68
[10035] = Z 4
[10036] = CNOT 4 68
[10037] = CNOT 4 77
[10038] = S 4
[10039] = CNOT 4 77
[10040] = CNOT 4 78
[10041] = Z 4
[10042] = CNOT 4 78
[10043] = CNOT 4 79
[10044] = S 4
[10045] = CNOT 4 79
[10046] = CNOT 4 84
[10047] = S 4
[10048] = Z 4
[10049] = CNOT 4 84
[10050] = CNOT 4 26
[10051] = CNOT 4 28
[10052] = CNOT 4 46
[10053] = Z 4
[10054] = CNOT 4 46
[10055] = CNOT 4 51
[10056] = Z 4
[10057] = CNOT 4 51
[10058] = CNOT 4 61
[10059] = Z 4
[10060] = CNOT 4 61
[10061] = CNOT 4 63
[10062] = Z 4
[10063] = CNOT 4 63
[10064] = CNOT 4 64
[10065] = Z 4
[10066] = CNOT 4 64
[10067] = CNOT 4 77
[10068] = Z 4
[10069] = CNOT 4 77
[10070] = CNOT 4 79
[10071] = Z 4
[10072] = CNOT 4 79
[10073] = CNOT 4 84
[10074] = Z 4
[10075] = CNOT 4 84
[10076] = CNOT 4 28
[10077] = CNOT 4 32
[10078] = CNOT 4 46
[10079] = Z 4
[10080] = CNOT 4 46
[10081] = CNOT 4 51
[10082] = Z 4
[10083] = CNOT 4 51
[10084] = CNOT 4 54
[10085] = Z 4
[10086] = CNOT 4 54
[10087] = CNOT 4 61
[10088] = Z 4
[10089] = CNOT 4 61
[10090] = CNOT 4 63
[10091] = Z 4
[10092] = CNOT 4 63
[10093] = CNOT 4 64
[10094] = Z 4
[10095] = CNOT 4 64
[10096] = CNOT 4 77
[10097] = Z 4
[10098] = CNOT 4 77
[10099] = CNOT 4 79
[10100] = Z 4
[10101] = CNOT 4 79
[10102] = CNOT 4 84
[10103] = Z 4
[10104] = CNOT 4 84
[10105] = CNOT 4 32
[10106] = CNOT 4 40
[10107] = CNOT 4 44
[10108] = S 4
[10109] = Z 4
[10110] = CNOT 4 44
[10111] = CNOT 4 49
[10112] = S 4
[10113] = Z 4
[10114] = CNOT 4 49
[10115] = CNOT 4 54
[10116] = S 4
[10117] = Z 4
[10118] = CNOT 4 54
[10119] = CNOT 4 63
[10120] = S 4
[10121] = CNOT 4 63
[10122] = CNOT 4 83
[10123] = S 4
[10124] = Z 4
[10125] = CNOT 4 83
[10126] = CNOT 4 84
[10127] = Z 4
[10128] = CNOT 4 84
[10129] = CNOT 4 40
[10130] = CNOT 4 44
[10131] = CNOT 4 46
[10132] = Z 4
[10133] = CNOT 4 46
[10134] = CNOT 4 51
[10135] = Z 4
[10136] = CNOT 4 51
[10137] = CNOT 4 61
[10138] = Z 4
[10139] = CNOT 4 61
[10140] = CNOT 4 63
[10141] = Z 4
[10142] = CNOT 4 63
[10143] = CNOT 4 64
[10144] = Z 4
[10145] = CNOT 4 64
[10146] = CNOT 4 77
[10147] = Z 4
[10148] = CNOT 4 77
[10149] = CNOT 4 79
[10150] = Z 4
[10151] = CNOT 4 79
[10152] = CNOT 4 84
[10153] = Z 4
[10154] = CNOT 4 84
[10155] = CNOT 4 44
[10156] = CNOT 4 46
[10157] = CNOT 4 49
[10158] = S 4
[10159] = CNOT 4 49
[10160] = CNOT 4 51
[10161] = S 4
[10162] = CNOT 4 51
[10163] = CNOT 4 61
[10164] = S 4
[10165] = CNOT 4 61
[10166] = CNOT 4 63
[10167] = S 4
[10168] = Z 4
[10169] = CNOT 4 63
[10170] = CNOT 4 64
[10171] = S 4
[10172] = CNOT 4 64
[10173] = CNOT 4 68
[10174] = Z 4
[10175] = CNOT 4 68
[10176] = CNOT 4 77
[10177] = S 4
[10178] = CNOT 4 77
[10179] = CNOT 4 78
[10180] = Z 4
[10181] = CNOT 4 78
[10182] = CNOT 4 79
[10183] = S 4
[10184] = CNOT 4 79
[10185] = CNOT 4 84
[10186] = S 4
[10187] = Z 4
[10188] = CNOT 4 84
[10189] = CNOT 4 46
[10190] = CNOT 4 49
[10191] = CNOT 4 51
[10192] = S 4
[10193] = CNOT 4 51
[10194] = CNOT 4 54
[10195] = Z 4
[10196] = CNOT 4 54
[10197] = CNOT 4 61
[10198] = S 4
[10199] = CNOT 4 61
[10200] = CNOT 4 63
[10201] = S 4
[10202] = CNOT 4 63
[10203] = CNOT 4 64
[10204] = S 4
[10205] = CNOT 4 64
[10206] = CNOT 4 68
[10207] = S 4
[10208] = Z 4
[10209] = CNOT 4 68
[10210] = CNOT 4 77
[10211] = S 4
[10212] = CNOT 4 77
[10213] = CNOT 4 78
[10214] = S 4
[10215] = Z 4
[10216] = CNOT 4 78
[10217] = CNOT 4 79
[10218] = S 4
[10219] = CNOT 4 79
[10220] = CNOT 4 83
[10221] = Z 4
[10222] = CNOT 4 83
[10223] = CNOT 4 49
[10224] = CNOT 4 51
[10225] = CNOT 4 61
[10226] = S 4
[10227] = CNOT 4 61
[10228] = CNOT 4 63
[10229] = S 4
[10230] = Z 4
[10231] = CNOT 4 63
[10232] = CNOT 4 64
[10233] = S 4
[10234] = CNOT 4 64
[10235] = CNOT 4 68
[10236] = Z 4
[10237] = CNOT 4 68
[10238] = CNOT 4 77
[10239] = S 4
[10240] = CNOT 4 77
[10241] = CNOT 4 78
[10242] = Z 4
[10243] = CNOT 4 78
[10244] = CNOT 4 79
[10245] = S 4
[10246] = CNOT 4 79
[10247] = CNOT 4 84
[10248] = S 4
[10249] = Z 4
[10250] = CNOT 4 84
[10251] = CNOT 4 51
[10252] = CNOT 4 54
[10253] = CNOT 4 68
[10254] = Z 4
[10255] = CNOT 4 68
[10256] = CNOT 4 78
[10257] = Z 4
[10258] = CNOT 4 78
[10259] = CNOT 4 54
[10260] = CNOT 4 61
[10261] = CNOT 4 63
[10262] = S 4
[10263] = Z 4
[10264] = CNOT 4 63
[10265] = CNOT 4 64
[10266] = S 4
[10267] = CNOT 4 64
[10268] = CNOT 4 68
[10269] = Z 4
[10270] = CNOT 4 68
[10271] = CNOT 4 77
[10272] = S 4
[10273] = CNOT 4 77
[10274] = CNOT 4 78
[10275] = Z 4
[10276] = CNOT 4 78
[10277] = CNOT 4 79
[10278] = S 4
[10279] = CNOT 4 79
[10280] = CNOT 4 84
[10281] = S 4
[10282] = Z 4
[10283] = CNOT 4 84
[10284] = CNOT 4 61
[10285] = CNOT 4 63
[10286] = CNOT 4 64
[10287] = S 4
[10288] = Z 4
[10289] = CNOT 4 64
[10290] = CNOT 4 68
[10291] = Z 4
[10292] = CNOT 4 68
[10293] = CNOT 4 77
[10294] = S 4
[10295] = Z 4
[10296] = CNOT 4 77
[10297] = CNOT 4 78
[10298] = Z 4
[10299] = CNOT 4 78
[10300] = CNOT 4 79
[10301] = S 4
[10302] = Z 4
[10303] = CNOT 4 79
[10304] = CNOT 4 84
[10305] = S 4
[10306] = CNOT 4 84
[10307] = CNOT 4 63
[10308] = CNOT 4 64
[10309] = CNOT 4 68
[10310] = Z 4
[10311] = CNOT 4 68
[10312] = CNOT 4 77
[10313] = S 4
[10314] = CNOT 4 77
[10315] = CNOT 4 78
[10316] = Z 4
[10317] = CNOT 4 78
[10318] = CNOT 4 79
[10319] = S 4
[10320] = CNOT 4 79
[10321] = CNOT 4 84
[10322] = S 4
[10323] = Z 4
[10324] = CNOT 4 84
[10325] = CNOT 4 64
[10326] = CNOT 4 68
[10327] = CNOT 4 77
[10328] = Z 4
[10329] = CNOT 4 77
[10330] = CNOT 4 78
[10331] = S 4
[10332] = Z 4
[10333] = CNOT 4 78
[10334] = CNOT 4 79
[10335] = Z 4
[10336] = CNOT 4 79
[10337] = CNOT 4 83
[10338] = Z 4
[10339] = CNOT 4 83
[10340] = CNOT 4 68
[10341] = CNOT 4 77
[10342] = CNOT 4 78
[10343] = Z 4
[10344] = CNOT 4 78
[10345] = CNOT 4 79
[10346] = S 4
[10347] = CNOT 4 79
[10348] = CNOT 4 84
[10349] = S 4
[10350] = Z 4
[10351] = CNOT 4 84
[10352] = CNOT 4 77
[10353] = CNOT 4 78
[10354] = CNOT 4 79
[10355] = Z 4
[10356] = CNOT 4 79
[10357] = CNOT 4 83
[10358] = Z 4
[10359] = CNOT 4 83
[10360] = CNOT 4 78
[10361] = CNOT 4 79
[10362] = CNOT 4 84
[10363] = S 4
[10364] = Z 4
[10365] = CNOT 4 84
[10366] = CNOT 4 79
[10367] = CNOT 5 6
[10368] = CNOT 5 7
[10369] = Z 5
[10370] = CNOT 5 7
[10371] = CNOT 5 9
[10372] = Z 5
[10373] = CNOT 5 9
[10374] = CNOT 5 18
[10375] = S 5
[10376] = CNOT 5 18
[10377] = CNOT 5 23
[10378] = S 5
[10379] = CNOT 5 23
[10380] = CNOT 5 25
[10381] = S 5
[10382] = CNOT 5 25
[10383] = CNOT 5 26
[10384] = S 5
[10385] = CNOT 5 26
[10386] = CNOT 5 28
[10387] = S 5
[10388] = Z 5
[10389] = CNOT 5 28
[10390] = CNOT 5 46
[10391] = S 5
[10392] = CNOT 5 46
[10393] = CNOT 5 51
[10394] = Z 5
[10395] = CNOT 5 51
[10396] = CNOT 5 61
[10397] = S 5
[10398] = CNOT 5 61
[10399] = CNOT 5 63
[10400] = S 5
[10401] = CNOT 5 63
[10402] = CNOT 5 64
[10403] = S 5
[10404] = CNOT 5 64
[10405] = CNOT 5 77
[10406] = S 5
[10407] = CNOT 5 77
[10408] = CNOT 5 79
[10409] = S 5
[10410] = CNOT 5 79
[10411] = CNOT 5 84
[10412] = S 5
[10413] = CNOT 5 84
[10414] = CNOT 5 6
[10415] = CNOT 5 7
[10416] = CNOT 5 9
[10417] = Z 5
[10418] = CNOT 5 9
[10419] = CNOT 5 18
[10420] = S 5
[10421] = CNOT 5 18
[10422] = CNOT 5 23
[10423] = S 5
[10424] = CNOT 5 23
[10425] = CNOT 5 25
[10426] = S 5
[10427] = CNOT 5 25
[10428] = CNOT 5 26
[10429] = S 5
[10430] = CNOT 5 26
[10431] = CNOT 5 28
[10432] = S 5
[10433] = Z 5
[10434] = CNOT 5 28
[10435] = CNOT 5 46
[10436] = S 5
[10437] = CNOT 5 46
[10438] = CNOT 5 51
[10439] = Z 5
[10440] = CNOT 5 51
[10441] = CNOT 5 61
[10442] = S 5
[10443] = CNOT 5 61
[10444] = CNOT 5 63
[10445] = S 5
[10446] = CNOT 5 63
[10447] = CNOT 5 64
[10448] = S 5
[10449] = CNOT 5 64
[10450] = CNOT 5 77
[10451] = S 5
[10452] = CNOT 5 77
[10453] = CNOT 5 79
[10454] = S 5
[10455] = CNOT 5 79
[10456] = CNOT 5 84
[10457] = S 5
[10458] = CNOT 5 84
[10459] = CNOT 5 7
[10460] = CNOT 5 9
[10461] = CNOT 5 28
[10462] = S 5
[10463] = Z 5
[10464] = CNOT 5 28
[10465] = CNOT 5 51
[10466] = Z 5
[10467] = CNOT 5 51
[10468] = CNOT 5 9
[10469] = CNOT 5 17
[10470] = CNOT 5 18
[10471] = S 5
[10472] = CNOT 5 18
[10473] = CNOT 5 19
[10474] = S 5
[10475] = Z 5
[10476] = CNOT 5 19
[10477] = CNOT 5 20
[10478] = Z 5
[10479] = CNOT 5 20
[10480] = CNOT 5 21
[10481] = S 5
[10482] = Z 5
[10483] = CNOT 5 21
[10484] = CNOT 5 22
[10485] = S 5
[10486] = Z 5
[10487] = CNOT 5 22
[10488] = CNOT 5 40
[10489] = S 5
[10490] = Z 5
[10491] = CNOT 5 40
[10492] = CNOT 5 44
[10493] = S 5
[10494] = Z 5
[10495] = CNOT 5 44
[10496] = CNOT 5 54
[10497] = S 5
[10498] = Z 5
[10499] = CNOT 5 54
[10500] = CNOT 5 84
[10501] = S 5
[10502] = CNOT 5 84
[10503] = CNOT 5 17
[10504] = CNOT 5 18
[10505] = CNOT 5 19
[10506] = S 5
[10507] = Z 5
[10508] = CNOT 5 19
[10509] = CNOT 5 21
[10510] = S 5
[10511] = Z 5
[10512] = CNOT 5 21
[10513] = CNOT 5 22
[10514] = Z 5
[10515] = CNOT 5 22
[10516] = CNOT 5 23
[10517] = S 5
[10518] = CNOT 5 23
[10519] = CNOT 5 25
[10520] = S 5
[10521] = CNOT 5 25
[10522] = CNOT 5 26
[10523] = S 5
[10524] = CNOT 5 26
[10525] = CNOT 5 28
[10526] = Z 5
[10527] = CNOT 5 28
[10528] = CNOT 5 40
[10529] = S 5
[10530] = CNOT 5 40
[10531] = CNOT 5 44
[10532] = S 5
[10533] = Z 5
[10534] = CNOT 5 44
[10535] = CNOT 5 46
[10536] = S 5
[10537] = CNOT 5 46
[10538] = CNOT 5 49
[10539] = S 5
[10540] = Z 5
[10541] = CNOT 5 49
[10542] = CNOT 5 51
[10543] = S 5
[10544] = Z 5
[10545] = CNOT 5 51
[10546] = CNOT 5 54
[10547] = Z 5
[10548] = CNOT 5 54
[10549] = CNOT 5 61
[10550] = S 5
[10551] = CNOT 5 61
[10552] = CNOT 5 63
[10553] = Z 5
[10554] = CNOT 5 63
[10555] = CNOT 5 64
[10556] = S 5
[10557] = CNOT 5 64
[10558] = CNOT 5 77
[10559] = S 5
[10560] = CNOT 5 77
[10561] = CNOT 5 79
[10562] = S 5
[10563] = CNOT 5 79
[10564] = CNOT 5 83
[10565] = S 5
[10566] = Z 5
[10567] = CNOT 5 83
[10568] = CNOT 5 84
[10569] = S 5
[10570] = Z 5
[10571] = CNOT 5 84
[10572] = CNOT 5 18
[10573] = CNOT 5 19
[10574] = CNOT 5 21
[10575] = Z 5
[10576] = CNOT 5 21
[10577] = CNOT 5 22
[10578] = Z 5
[10579] = CNOT 5 22
[10580] = CNOT 5 24
[10581] = Z 5
[10582] = CNOT 5 24
[10583] = CNOT 5 32
[10584] = Z 5
[10585] = CNOT 5 32
[10586] = CNOT 5 19
[10587] = CNOT 5 20
[10588] = CNOT 5 21
[10589] = Z 5
[10590] = CNOT 5 21
[10591] = CNOT 5 22
[10592] = S 5
[10593] = CNOT 5 22
[10594] = CNOT 5 23
[10595] = Z 5
[10596] = CNOT 5 23
[10597] = CNOT 5 25
[10598] = Z 5
[10599] = CNOT 5 25
[10600] = CNOT 5 26
[10601] = Z 5
[10602] = CNOT 5 26
[10603] = CNOT 5 44
[10604] = Z 5
[10605] = CNOT 5 44
[10606] = CNOT 5 46
[10607] = Z 5
[10608] = CNOT 5 46
[10609] = CNOT 5 49
[10610] = S 5
[10611] = CNOT 5 49
[10612] = CNOT 5 51
[10613] = Z 5
[10614] = CNOT 5 51
[10615] = CNOT 5 61
[10616] = Z 5
[10617] = CNOT 5 61
[10618] = CNOT 5 64
[10619] = Z 5
[10620] = CNOT 5 64
[10621] = CNOT 5 68
[10622] = Z 5
[10623] = CNOT 5 68
[10624] = CNOT 5 77
[10625] = Z 5
[10626] = CNOT 5 77
[10627] = CNOT 5 78
[10628] = Z 5
[10629] = CNOT 5 78
[10630] = CNOT 5 79
[10631] = Z 5
[10632] = CNOT 5 79
[10633] = CNOT 5 20
[10634] = CNOT 5 21
[10635] = CNOT 5 22
[10636] = S 5
[10637] = CNOT 5 22
[10638] = CNOT 5 23
[10639] = S 5
[10640] = Z 5
[10641] = CNOT 5 23
[10642] = CNOT 5 24
[10643] = S 5
[10644] = Z 5
[10645] = CNOT 5 24
[10646] = CNOT 5 25
[10647] = S 5
[10648] = Z 5
[10649] = CNOT 5 25
[10650] = CNOT 5 26
[10651] = S 5
[10652] = Z 5
[10653] = CNOT 5 26
[10654] = CNOT 5 32
[10655] = S 5
[10656] = Z 5
[10657] = CNOT 5 32
[10658] = CNOT 5 46
[10659] = S 5
[10660] = Z 5
[10661] = CNOT 5 46
[10662] = CNOT 5 49
[10663] = S 5
[10664] = Z 5
[10665] = CNOT 5 49
[10666] = CNOT 5 51
[10667] = S 5
[10668] = Z 5
[10669] = CNOT 5 51
[10670] = CNOT 5 61
[10671] = S 5
[10672] = Z 5
[10673] = CNOT 5 61
[10674] = CNOT 5 63
[10675] = S 5
[10676] = Z 5
[10677] = CNOT 5 63
[10678] = CNOT 5 64
[10679] = S 5
[10680] = Z 5
[10681] = CNOT 5 64
[10682] = CNOT 5 68
[10683] = Z 5
[10684] = CNOT 5 68
[10685] = CNOT 5 77
[10686] = S 5
[10687] = Z 5
[10688] = CNOT 5 77
[10689] = CNOT 5 78
[10690] = S 5
[10691] = Z 5
[10692] = CNOT 5 78
[10693] = CNOT 5 79
[10694] = S 5
[10695] = Z 5
[10696] = CNOT 5 79
[10697] = CNOT 5 83
[10698] = Z 5
[10699] = CNOT 5 83
[10700] = CNOT 5 84
[10701] = S 5
[10702] = CNOT 5 84
[10703] = CNOT 5 21
[10704] = CNOT 5 22
[10705] = CNOT 5 23
[10706] = Z 5
[10707] = CNOT 5 23
[10708] = CNOT 5 24
[10709] = S 5
[10710] = Z 5
[10711] = CNOT 5 24
[10712] = CNOT 5 25
[10713] = Z 5
[10714] = CNOT 5 25
[10715] = CNOT 5 26
[10716] = Z 5
[10717] = CNOT 5 26
[10718] = CNOT 5 32
[10719] = S 5
[10720] = Z 5
[10721] = CNOT 5 32
[10722] = CNOT 5 40
[10723] = S 5
[10724] = Z 5
[10725] = CNOT 5 40
[10726] = CNOT 5 46
[10727] = Z 5
[10728] = CNOT 5 46
[10729] = CNOT 5 49
[10730] = S 5
[10731] = CNOT 5 49
[10732] = CNOT 5 51
[10733] = Z 5
[10734] = CNOT 5 51
[10735] = CNOT 5 61
[10736] = Z 5
[10737] = CNOT 5 61
[10738] = CNOT 5 63
[10739] = Z 5
[10740] = CNOT 5 63
[10741] = CNOT 5 64
[10742] = Z 5
[10743] = CNOT 5 64
[10744] = CNOT 5 68
[10745] = S 5
[10746] = Z 5
[10747] = CNOT 5 68
[10748] = CNOT 5 77
[10749] = Z 5
[10750] = CNOT 5 77
[10751] = CNOT 5 78
[10752] = S 5
[10753] = Z 5
[10754] = CNOT 5 78
[10755] = CNOT 5 79
[10756] = Z 5
[10757] = CNOT 5 79
[10758] = CNOT 5 83
[10759] = Z 5
[10760] = CNOT 5 83
[10761] = CNOT 5 84
[10762] = S 5
[10763] = CNOT 5 84
[10764] = CNOT 5 22
[10765] = CNOT 5 23
[10766] = CNOT 5 24
[10767] = Z 5
[10768] = CNOT 5 24
[10769] = CNOT 5 25
[10770] = S 5
[10771] = Z 5
[10772] = CNOT 5 25
[10773] = CNOT 5 26
[10774] = S 5
[10775] = Z 5
[10776] = CNOT 5 26
[10777] = CNOT 5 28
[10778] = Z 5
[10779] = CNOT 5 28
[10780] = CNOT 5 32
[10781] = Z 5
[10782] = CNOT 5 32
[10783] = CNOT 5 44
[10784] = Z 5
[10785] = CNOT 5 44
[10786] = CNOT 5 46
[10787] = S 5
[10788] = Z 5
[10789] = CNOT 5 46
[10790] = CNOT 5 49
[10791] = S 5
[10792] = CNOT 5 49
[10793] = CNOT 5 51
[10794] = S 5
[10795] = CNOT 5 51
[10796] = CNOT 5 61
[10797] = S 5
[10798] = Z 5
[10799] = CNOT 5 61
[10800] = CNOT 5 63
[10801] = S 5
[10802] = CNOT 5 63
[10803] = CNOT 5 64
[10804] = S 5
[10805] = Z 5
[10806] = CNOT 5 64
[10807] = CNOT 5 68
[10808] = Z 5
[10809] = CNOT 5 68
[10810] = CNOT 5 77
[10811] = S 5
[10812] = Z 5
[10813] = CNOT 5 77
[10814] = CNOT 5 78
[10815] = Z 5
[10816] = CNOT 5 78
[10817] = CNOT 5 79
[10818] = S 5
[10819] = Z 5
[10820] = CNOT 5 79
[10821] = CNOT 5 84
[10822] = S 5
[10823] = CNOT 5 84
[10824] = CNOT 5 23
[10825] = CNOT 5 24
[10826] = CNOT 5 25
[10827] = Z 5
[10828] = CNOT 5 25
[10829] = CNOT 5 26
[10830] = Z 5
[10831] = CNOT 5 26
[10832] = CNOT 5 32
[10833] = S 5
[10834] = Z 5
[10835] = CNOT 5 32
[10836] = CNOT 5 46
[10837] = Z 5
[10838] = CNOT 5 46
[10839] = CNOT 5 51
[10840] = Z 5
[10841] = CNOT 5 51
[10842] = CNOT 5 54
[10843] = Z 5
[10844] = CNOT 5 54
[10845] = CNOT 5 61
[10846] = Z 5
[10847] = CNOT 5 61
[10848] = CNOT 5 63
[10849] = Z 5
[10850] = CNOT 5 63
[10851] = CNOT 5 64
[10852] = Z 5
[10853] = CNOT 5 64
[10854] = CNOT 5 77
[10855] = Z 5
[10856] = CNOT 5 77
[10857] = CNOT 5 79
[10858] = Z 5
[10859] = CNOT 5 79
[10860] = CNOT 5 84
[10861] = Z 5
[10862] = CNOT 5 84
[10863] = CNOT 5 24
[10864] = CNOT 5 25
[10865] = CNOT 5 26
[10866] = S 5
[10867] = Z 5
[10868] = CNOT 5 26
[10869] = CNOT 5 28
[10870] = Z 5
[10871] = CNOT 5 28
[10872] = CNOT 5 32
[10873] = Z 5
[10874] = CNOT 5 32
[10875] = CNOT 5 44
[10876] = Z 5
[10877] = CNOT 5 44
[10878] = CNOT 5 46
[10879] = S 5
[10880] = Z 5
[10881] = CNOT 5 46
[10882] = CNOT 5 49
[10883] = S 5
[10884] = CNOT 5 49
[10885] = CNOT 5 51
[10886] = S 5
[10887] = CNOT 5 51
[10888] = CNOT 5 61
[10889] = S 5
[10890] = Z 5
[10891] = CNOT 5 61
[10892] = CNOT 5 63
[10893] = S 5
[10894] = CNOT 5 63
[10895] = CNOT 5 64
[10896] = S 5
[10897] = Z 5
[10898] = CNOT 5 64
[10899] = CNOT 5 68
[10900] = Z 5
[10901] = CNOT 5 68
[10902] = CNOT 5 77
[10903] = S 5
[10904] = Z 5
[10905] = CNOT 5 77
[10906] = CNOT 5 78
[10907] = Z 5
[10908] = CNOT 5 78
[10909] = CNOT 5 79
[10910] = S 5
[10911] = Z 5
[10912] = CNOT 5 79
[10913] = CNOT 5 84
[10914] = S 5
[10915] = CNOT 5 84
[10916] = CNOT 5 25
[10917] = CNOT 5 26
[10918] = CNOT 5 28
[10919] = Z 5
[10920] = CNOT 5 28
[10921] = CNOT 5 32
[10922] = Z 5
[10923] = CNOT 5 32
[10924] = CNOT 5 44
[10925] = Z 5
[10926] = CNOT 5 44
[10927] = CNOT 5 46
[10928] = S 5
[10929] = Z 5
[10930] = CNOT 5 46
[10931] = CNOT 5 49
[10932] = S 5
[10933] = CNOT 5 49
[10934] = CNOT 5 51
[10935] = S 5
[10936] = CNOT 5 51
[10937] = CNOT 5 61
[10938] = S 5
[10939] = Z 5
[10940] = CNOT 5 61
[10941] = CNOT 5 63
[10942] = S 5
[10943] = CNOT 5 63
[10944] = CNOT 5 64
[10945] = S 5
[10946] = Z 5
[10947] = CNOT 5 64
[10948] = CNOT 5 68
[10949] = Z 5
[10950] = CNOT 5 68
[10951] = CNOT 5 77
[10952] = S 5
[10953] = Z 5
[10954] = CNOT 5 77
[10955] = CNOT 5 78
[10956] = Z 5
[10957] = CNOT 5 78
[10958] = CNOT 5 79
[10959] = S 5
[10960] = Z 5
[10961] = CNOT 5 79
[10962] = CNOT 5 84
[10963] = S 5
[10964] = CNOT 5 84
[10965] = CNOT 5 26
[10966] = CNOT 5 28
[10967] = CNOT 5 46
[10968] = Z 5
[10969] = CNOT 5 46
[10970] = CNOT 5 51
[10971] = Z 5
[10972] = CNOT 5 51
[10973] = CNOT 5 61
[10974] = Z 5
[10975] = CNOT 5 61
[10976] = CNOT 5 63
[10977] = Z 5
[10978] = CNOT 5 63
[10979] = CNOT 5 64
[10980] = Z 5
[10981] = CNOT 5 64
[10982] = CNOT 5 77
[10983] = Z 5
[10984] = CNOT 5 77
[10985] = CNOT 5 79
[10986] = Z 5
[10987] = CNOT 5 79
[10988] = CNOT 5 84
[10989] = Z 5
[10990] = CNOT 5 84
[10991] = CNOT 5 28
[10992] = CNOT 5 32
[10993] = CNOT 5 46
[10994] = Z 5
[10995] = CNOT 5 46
[10996] = CNOT 5 51
[10997] = Z 5
[10998] = CNOT 5 51
[10999] = CNOT 5 54
[11000] = Z 5
[11001] = CNOT 5 54
[11002] = CNOT 5 61
[11003] = Z 5
[11004] = CNOT 5 61
[11005] = CNOT 5 63
[11006] = Z 5
[11007] = CNOT 5 63
[11008] = CNOT 5 64
[11009] = Z 5
[11010] = CNOT 5 64
[11011] = CNOT 5 77
[11012] = Z 5
[11013] = CNOT 5 77
[11014] = CNOT 5 79
[11015] = Z 5
[11016] = CNOT 5 79
[11017] = CNOT 5 84
[11018] = Z 5
[11019] = CNOT 5 84
[11020] = CNOT 5 32
[11021] = CNOT 5 40
[11022] = CNOT 5 44
[11023] = S 5
[11024] = Z 5
[11025] = CNOT 5 44
[11026] = CNOT 5 49
[11027] = S 5
[11028] = Z 5
[11029] = CNOT 5 49
[11030] = CNOT 5 54
[11031] = S 5
[11032] = Z 5
[11033] = CNOT 5 54
[11034] = CNOT 5 63
[11035] = S 5
[11036] = CNOT 5 63
[11037] = CNOT 5 83
[11038] = S 5
[11039] = Z 5
[11040] = CNOT 5 83
[11041] = CNOT 5 84
[11042] = Z 5
[11043] = CNOT 5 84
[11044] = CNOT 5 40
[11045] = CNOT 5 44
[11046] = CNOT 5 46
[11047] = Z 5
[11048] = CNOT 5 46
[11049] = CNOT 5 51
[11050] = Z 5
[11051] = CNOT 5 51
[11052] = CNOT 5 61
[11053] = Z 5
[11054] = CNOT 5 61
[11055] = CNOT 5 63
[11056] = Z 5
[11057] = CNOT 5 63
[11058] = CNOT 5 64
[11059] = Z 5
[11060] = CNOT 5 64
[11061] = CNOT 5 77
[11062] = Z 5
[11063] = CNOT 5 77
[11064] = CNOT 5 79
[11065] = Z 5
[11066] = CNOT 5 79
[11067] = CNOT 5 84
[11068] = Z 5
[11069] = CNOT 5 84
[11070] = CNOT 5 44
[11071] = CNOT 5 46
[11072] = CNOT 5 49
[11073] = S 5
[11074] = CNOT 5 49
[11075] = CNOT 5 51
[11076] = S 5
[11077] = CNOT 5 51
[11078] = CNOT 5 61
[11079] = S 5
[11080] = Z 5
[11081] = CNOT 5 61
[11082] = CNOT 5 63
[11083] = S 5
[11084] = CNOT 5 63
[11085] = CNOT 5 64
[11086] = S 5
[11087] = Z 5
[11088] = CNOT 5 64
[11089] = CNOT 5 68
[11090] = Z 5
[11091] = CNOT 5 68
[11092] = CNOT 5 77
[11093] = S 5
[11094] = Z 5
[11095] = CNOT 5 77
[11096] = CNOT 5 78
[11097] = Z 5
[11098] = CNOT 5 78
[11099] = CNOT 5 79
[11100] = S 5
[11101] = Z 5
[11102] = CNOT 5 79
[11103] = CNOT 5 84
[11104] = S 5
[11105] = CNOT 5 84
[11106] = CNOT 5 46
[11107] = CNOT 5 49
[11108] = CNOT 5 51
[11109] = S 5
[11110] = CNOT 5 51
[11111] = CNOT 5 54
[11112] = Z 5
[11113] = CNOT 5 54
[11114] = CNOT 5 61
[11115] = S 5
[11116] = CNOT 5 61
[11117] = CNOT 5 63
[11118] = S 5
[11119] = CNOT 5 63
[11120] = CNOT 5 64
[11121] = S 5
[11122] = CNOT 5 64
[11123] = CNOT 5 68
[11124] = S 5
[11125] = Z 5
[11126] = CNOT 5 68
[11127] = CNOT 5 77
[11128] = S 5
[11129] = CNOT 5 77
[11130] = CNOT 5 78
[11131] = S 5
[11132] = Z 5
[11133] = CNOT 5 78
[11134] = CNOT 5 79
[11135] = S 5
[11136] = CNOT 5 79
[11137] = CNOT 5 83
[11138] = Z 5
[11139] = CNOT 5 83
[11140] = CNOT 5 49
[11141] = CNOT 5 51
[11142] = CNOT 5 61
[11143] = S 5
[11144] = CNOT 5 61
[11145] = CNOT 5 63
[11146] = S 5
[11147] = Z 5
[11148] = CNOT 5 63
[11149] = CNOT 5 64
[11150] = S 5
[11151] = CNOT 5 64
[11152] = CNOT 5 68
[11153] = Z 5
[11154] = CNOT 5 68
[11155] = CNOT 5 77
[11156] = S 5
[11157] = CNOT 5 77
[11158] = CNOT 5 78
[11159] = Z 5
[11160] = CNOT 5 78
[11161] = CNOT 5 79
[11162] = S 5
[11163] = CNOT 5 79
[11164] = CNOT 5 84
[11165] = S 5
[11166] = Z 5
[11167] = CNOT 5 84
[11168] = CNOT 5 51
[11169] = CNOT 5 54
[11170] = CNOT 5 68
[11171] = Z 5
[11172] = CNOT 5 68
[11173] = CNOT 5 78
[11174] = Z 5
[11175] = CNOT 5 78
[11176] = CNOT 5 54
[11177] = CNOT 5 61
[11178] = CNOT 5 63
[11179] = S 5
[11180] = CNOT 5 63
[11181] = CNOT 5 64
[11182] = S 5
[11183] = Z 5
[11184] = CNOT 5 64
[11185] = CNOT 5 68
[11186] = Z 5
[11187] = CNOT 5 68
[11188] = CNOT 5 77
[11189] = S 5
[11190] = Z 5
[11191] = CNOT 5 77
[11192] = CNOT 5 78
[11193] = Z 5
[11194] = CNOT 5 78
[11195] = CNOT 5 79
[11196] = S 5
[11197] = Z 5
[11198] = CNOT 5 79
[11199] = CNOT 5 84
[11200] = S 5
[11201] = CNOT 5 84
[11202] = CNOT 5 61
[11203] = CNOT 5 63
[11204] = CNOT 5 64
[11205] = S 5
[11206] = CNOT 5 64
[11207] = CNOT 5 68
[11208] = Z 5
[11209] = CNOT 5 68
[11210] = CNOT 5 77
[11211] = S 5
[11212] = CNOT 5 77
[11213] = CNOT 5 78
[11214] = Z 5
[11215] = CNOT 5 78
[11216] = CNOT 5 79
[11217] = S 5
[11218] = CNOT 5 79
[11219] = CNOT 5 84
[11220] = S 5
[11221] = Z 5
[11222] = CNOT 5 84
[11223] = CNOT 5 63
[11224] = CNOT 5 64
[11225] = CNOT 5 68
[11226] = Z 5
[11227] = CNOT 5 68
[11228] = CNOT 5 77
[11229] = S 5
[11230] = Z 5
[11231] = CNOT 5 77
[11232] = CNOT 5 78
[11233] = Z 5
[11234] = CNOT 5 78
[11235] = CNOT 5 79
[11236] = S 5
[11237] = Z 5
[11238] = CNOT 5 79
[11239] = CNOT 5 84
[11240] = S 5
[11241] = CNOT 5 84
[11242] = CNOT 5 64
[11243] = CNOT 5 68
[11244] = CNOT 5 77
[11245] = Z 5
[11246] = CNOT 5 77
[11247] = CNOT 5 78
[11248] = S 5
[11249] = Z 5
[11250] = CNOT 5 78
[11251] = CNOT 5 79
[11252] = Z 5
[11253] = CNOT 5 79
[11254] = CNOT 5 83
[11255] = Z 5
[11256] = CNOT 5 83
[11257] = CNOT 5 68
[11258] = CNOT 5 77
[11259] = CNOT 5 78
[11260] = Z 5
[11261] = CNOT 5 78
[11262] = CNOT 5 79
[11263] = S 5
[11264] = Z 5
[11265] = CNOT 5 79
[11266] = CNOT 5 84
[11267] = S 5
[11268] = CNOT 5 84
[11269] = CNOT 5 77
[11270] = CNOT 5 78
[11271] = CNOT 5 79
[11272] = Z 5
[11273] = CNOT 5 79
[11274] = CNOT 5 83
[11275] = Z 5
[11276] = CNOT 5 83
[11277] = CNOT 5 78
[11278] = CNOT 5 79
[11279] = CNOT 5 84
[11280] = S 5
[11281] = CNOT 5 84
[11282] = CNOT 5 79
[11283] = CNOT 6 7
[11284] = CNOT 6 9
[11285] = Z 6
[11286] = CNOT 6 9
[11287] = CNOT 6 18
[11288] = S 6
[11289] = CNOT 6 18
[11290] = CNOT 6 23
[11291] = S 6
[11292] = CNOT 6 23
[11293] = CNOT 6 25
[11294] = S 6
[11295] = CNOT 6 25
[11296] = CNOT 6 26
[11297] = S 6
[11298] = CNOT 6 26
[11299] = CNOT 6 46
[11300] = S 6
[11301] = CNOT 6 46
[11302] = CNOT 6 47
[11303] = S 6
[11304] = Z 6
[11305] = CNOT 6 47
[11306] = CNOT 6 51
[11307] = Z 6
[11308] = CNOT 6 51
[11309] = CNOT 6 61
[11310] = Z 6
[11311] = CNOT 6 61
[11312] = CNOT 6 63
[11313] = S 6
[11314] = CNOT 6 63
[11315] = CNOT 6 64
[11316] = S 6
[11317] = CNOT 6 64
[11318] = CNOT 6 67
[11319] = S 6
[11320] = Z 6
[11321] = CNOT 6 67
[11322] = CNOT 6 76
[11323] = S 6
[11324] = Z 6
[11325] = CNOT 6 76
[11326] = CNOT 6 77
[11327] = S 6
[11328] = CNOT 6 77
[11329] = CNOT 6 79
[11330] = Z 6
[11331] = CNOT 6 79
[11332] = CNOT 6 84
[11333] = S 6
[11334] = CNOT 6 84
[11335] = CNOT 6 7
[11336] = CNOT 6 9
[11337] = CNOT 6 47
[11338] = S 6
[11339] = Z 6
[11340] = CNOT 6 47
[11341] = CNOT 6 51
[11342] = S 6
[11343] = CNOT 6 51
[11344] = CNOT 6 61
[11345] = Z 6
[11346] = CNOT 6 61
[11347] = CNOT 6 67
[11348] = Z 6
[11349] = CNOT 6 67
[11350] = CNOT 6 76
[11351] = S 6
[11352] = Z 6
[11353] = CNOT 6 76
[11354] = CNOT 6 79
[11355] = Z 6
[11356] = CNOT 6 79
[11357] = CNOT 6 9
[11358] = CNOT 6 18
[11359] = CNOT 6 23
[11360] = S 6
[11361] = Z 6
[11362] = CNOT 6 23
[11363] = CNOT 6 25
[11364] = S 6
[11365] = Z 6
[11366] = CNOT 6 25
[11367] = CNOT 6 26
[11368] = S 6
[11369] = Z 6
[11370] = CNOT 6 26
[11371] = CNOT 6 28
[11372] = S 6
[11373] = Z 6
[11374] = CNOT 6 28
[11375] = CNOT 6 46
[11376] = S 6
[11377] = Z 6
[11378] = CNOT 6 46
[11379] = CNOT 6 47
[11380] = S 6
[11381] = Z 6
[11382] = CNOT 6 47
[11383] = CNOT 6 61
[11384] = S 6
[11385] = CNOT 6 61
[11386] = CNOT 6 63
[11387] = S 6
[11388] = Z 6
[11389] = CNOT 6 63
[11390] = CNOT 6 64
[11391] = S 6
[11392] = Z 6
[11393] = CNOT 6 64
[11394] = CNOT 6 67
[11395] = Z 6
[11396] = CNOT 6 67
[11397] = CNOT 6 76
[11398] = S 6
[11399] = Z 6
[11400] = CNOT 6 76
[11401] = CNOT 6 77
[11402] = S 6
[11403] = Z 6
[11404] = CNOT 6 77
[11405] = CNOT 6 79
[11406] = S 6
[11407] = CNOT 6 79
[11408] = CNOT 6 84
[11409] = S 6
[11410] = Z 6
[11411] = CNOT 6 84
[11412] = CNOT 6 18
[11413] = CNOT 6 23
[11414] = CNOT 6 25
[11415] = S 6
[11416] = Z 6
[11417] = CNOT 6 25
[11418] = CNOT 6 26
[11419] = S 6
[11420] = Z 6
[11421] = CNOT 6 26
[11422] = CNOT 6 28
[11423] = S 6
[11424] = Z 6
[11425] = CNOT 6 28
[11426] = CNOT 6 46
[11427] = S 6
[11428] = Z 6
[11429] = CNOT 6 46
[11430] = CNOT 6 47
[11431] = S 6
[11432] = Z 6
[11433] = CNOT 6 47
[11434] = CNOT 6 61
[11435] = S 6
[11436] = CNOT 6 61
[11437] = CNOT 6 63
[11438] = S 6
[11439] = Z 6
[11440] = CNOT 6 63
[11441] = CNOT 6 64
[11442] = S 6
[11443] = Z 6
[11444] = CNOT 6 64
[11445] = CNOT 6 67
[11446] = Z 6
[11447] = CNOT 6 67
[11448] = CNOT 6 76
[11449] = S 6
[11450] = Z 6
[11451] = CNOT 6 76
[11452] = CNOT 6 77
[11453] = S 6
[11454] = Z 6
[11455] = CNOT 6 77
[11456] = CNOT 6 79
[11457] = S 6
[11458] = CNOT 6 79
[11459] = CNOT 6 84
[11460] = S 6
[11461] = Z 6
[11462] = CNOT 6 84
[11463] = CNOT 6 23
[11464] = CNOT 6 25
[11465] = CNOT 6 26
[11466] = S 6
[11467] = Z 6
[11468] = CNOT 6 26
[11469] = CNOT 6 28
[11470] = S 6
[11471] = Z 6
[11472] = CNOT 6 28
[11473] = CNOT 6 46
[11474] = S 6
[11475] = Z 6
[11476] = CNOT 6 46
[11477] = CNOT 6 47
[11478] = S 6
[11479] = Z 6
[11480] = CNOT 6 47
[11481] = CNOT 6 61
[11482] = S 6
[11483] = CNOT 6 61
[11484] = CNOT 6 63
[11485] = S 6
[11486] = Z 6
[11487] = CNOT 6 63
[11488] = CNOT 6 64
[11489] = S 6
[11490] = Z 6
[11491] = CNOT 6 64
[11492] = CNOT 6 67
[11493] = Z 6
[11494] = CNOT 6 67
[11495] = CNOT 6 76
[11496] = S 6
[11497] = Z 6
[11498] = CNOT 6 76
[11499] = CNOT 6 77
[11500] = S 6
[11501] = Z 6
[11502] = CNOT 6 77
[11503] = CNOT 6 79
[11504] = S 6
[11505] = CNOT 6 79
[11506] = CNOT 6 84
[11507] = S 6
[11508] = Z 6
[11509] = CNOT 6 84
[11510] = CNOT 6 25
[11511] = CNOT 6 26
[11512] = CNOT 6 28
[11513] = S 6
[11514] = Z 6
[11515] = CNOT 6 28
[11516] = CNOT 6 46
[11517] = S 6
[11518] = Z 6
[11519] = CNOT 6 46
[11520] = CNOT 6 47
[11521] = S 6
[11522] = Z 6
[11523] = CNOT 6 47
[11524] = CNOT 6 61
[11525] = S 6
[11526] = CNOT 6 61
[11527] = CNOT 6 63
[11528] = S 6
[11529] = Z 6
[11530] = CNOT 6 63
[11531] = CNOT 6 64
[11532] = S 6
[11533] = Z 6
[11534] = CNOT 6 64
[11535] = CNOT 6 67
[11536] = Z 6
[11537] = CNOT 6 67
[11538] = CNOT 6 76
[11539] = S 6
[11540] = Z 6
[11541] = CNOT 6 76
[11542] = CNOT 6 77
[11543] = S 6
[11544] = Z 6
[11545] = CNOT 6 77
[11546] = CNOT 6 79
[11547] = S 6
[11548] = CNOT 6 79
[11549] = CNOT 6 84
[11550] = S 6
[11551] = Z 6
[11552] = CNOT 6 84
[11553] = CNOT 6 26
[11554] = CNOT 6 28
[11555] = CNOT 6 46
[11556] = S 6
[11557] = Z 6
[11558] = CNOT 6 46
[11559] = CNOT 6 51
[11560] = S 6
[11561] = Z 6
[11562] = CNOT 6 51
[11563] = CNOT 6 61
[11564] = S 6
[11565] = Z 6
[11566] = CNOT 6 61
[11567] = CNOT 6 63
[11568] = S 6
[11569] = Z 6
[11570] = CNOT 6 63
[11571] = CNOT 6 64
[11572] = S 6
[11573] = Z 6
[11574] = CNOT 6 64
[11575] = CNOT 6 77
[11576] = S 6
[11577] = Z 6
[11578] = CNOT 6 77
[11579] = CNOT 6 79
[11580] = S 6
[11581] = Z 6
[11582] = CNOT 6 79
[11583] = CNOT 6 84
[11584] = S 6
[11585] = Z 6
[11586] = CNOT 6 84
[11587] = CNOT 6 28
[11588] = CNOT 6 46
[11589] = CNOT 6 47
[11590] = S 6
[11591] = Z 6
[11592] = CNOT 6 47
[11593] = CNOT 6 61
[11594] = S 6
[11595] = CNOT 6 61
[11596] = CNOT 6 63
[11597] = S 6
[11598] = Z 6
[11599] = CNOT 6 63
[11600] = CNOT 6 64
[11601] = S 6
[11602] = Z 6
[11603] = CNOT 6 64
[11604] = CNOT 6 67
[11605] = Z 6
[11606] = CNOT 6 67
[11607] = CNOT 6 76
[11608] = S 6
[11609] = Z 6
[11610] = CNOT 6 76
[11611] = CNOT 6 77
[11612] = S 6
[11613] = Z 6
[11614] = CNOT 6 77
[11615] = CNOT 6 79
[11616] = S 6
[11617] = CNOT 6 79
[11618] = CNOT 6 84
[11619] = S 6
[11620] = Z 6
[11621] = CNOT 6 84
[11622] = CNOT 6 46
[11623] = CNOT 6 47
[11624] = CNOT 6 51
[11625] = S 6
[11626] = Z 6
[11627] = CNOT 6 51
[11628] = CNOT 6 63
[11629] = S 6
[11630] = Z 6
[11631] = CNOT 6 63
[11632] = CNOT 6 64
[11633] = S 6
[11634] = Z 6
[11635] = CNOT 6 64
[11636] = CNOT 6 67
[11637] = S 6
[11638] = Z 6
[11639] = CNOT 6 67
[11640] = CNOT 6 76
[11641] = S 6
[11642] = Z 6
[11643] = CNOT 6 76
[11644] = CNOT 6 77
[11645] = S 6
[11646] = Z 6
[11647] = CNOT 6 77
[11648] = CNOT 6 84
[11649] = S 6
[11650] = Z 6
[11651] = CNOT 6 84
[11652] = CNOT 6 47
[11653] = CNOT 6 51
[11654] = CNOT 6 61
[11655] = Z 6
[11656] = CNOT 6 61
[11657] = CNOT 6 67
[11658] = Z 6
[11659] = CNOT 6 67
[11660] = CNOT 6 76
[11661] = S 6
[11662] = Z 6
[11663] = CNOT 6 76
[11664] = CNOT 6 79
[11665] = Z 6
[11666] = CNOT 6 79
[11667] = CNOT 6 51
[11668] = CNOT 6 61
[11669] = CNOT 6 63
[11670] = S 6
[11671] = CNOT 6 63
[11672] = CNOT 6 64
[11673] = S 6
[11674] = CNOT 6 64
[11675] = CNOT 6 77
[11676] = S 6
[11677] = CNOT 6 77
[11678] = CNOT 6 79
[11679] = S 6
[11680] = CNOT 6 79
[11681] = CNOT 6 84
[11682] = S 6
[11683] = CNOT 6 84
[11684] = CNOT 6 61
[11685] = CNOT 6 63
[11686] = CNOT 6 64
[11687] = S 6
[11688] = Z 6
[11689] = CNOT 6 64
[11690] = CNOT 6 67
[11691] = Z 6
[11692] = CNOT 6 67
[11693] = CNOT 6 76
[11694] = S 6
[11695] = Z 6
[11696] = CNOT 6 76
[11697] = CNOT 6 77
[11698] = S 6
[11699] = Z 6
[11700] = CNOT 6 77
[11701] = CNOT 6 79
[11702] = S 6
[11703] = CNOT 6 79
[11704] = CNOT 6 84
[11705] = S 6
[11706] = Z 6
[11707] = CNOT 6 84
[11708] = CNOT 6 63
[11709] = CNOT 6 64
[11710] = CNOT 6 67
[11711] = Z 6
[11712] = CNOT 6 67
[11713] = CNOT 6 76
[11714] = S 6
[11715] = Z 6
[11716] = CNOT 6 76
[11717] = CNOT 6 77
[11718] = S 6
[11719] = Z 6
[11720] = CNOT 6 77
[11721] = CNOT 6 79
[11722] = S 6
[11723] = CNOT 6 79
[11724] = CNOT 6 84
[11725] = S 6
[11726] = Z 6
[11727] = CNOT 6 84
[11728] = CNOT 6 64
[11729] = CNOT 6 67
[11730] = CNOT 6 76
[11731] = S 6
[11732] = Z 6
[11733] = CNOT 6 76
[11734] = CNOT 6 77
[11735] = Z 6
[11736] = CNOT 6 77
[11737] = CNOT 6 84
[11738] = Z 6
[11739] = CNOT 6 84
[11740] = CNOT 6 67
[11741] = CNOT 6 76
[11742] = CNOT 6 77
[11743] = S 6
[11744] = Z 6
[11745] = CNOT 6 77
[11746] = CNOT 6 84
[11747] = S 6
[11748] = Z 6
[11749] = CNOT 6 84
[11750] = CNOT 6 76
[11751] = CNOT 6 77
[11752] = CNOT 6 79
[11753] = S 6
[11754] = CNOT 6 79
[11755] = CNOT 6 84
[11756] = S 6
[11757] = Z 6
[11758] = CNOT 6 77
[11759] = CNOT 6 79
[11760] = S 6
[11761] = CNOT 6 84
[11762] = CNOT 6 79
[11763] = CNOT 7 9
[11764] = CNOT 7 18
[11765] = S 7
[11766] = Z 7
[11767] = CNOT 7 18
[11768] = CNOT 7 23
[11769] = S 7
[11770] = Z 7
[11771] = CNOT 7 23
[11772] = CNOT 7 25
[11773] = S 7
[11774] = Z 7
[11775] = CNOT 7 25
[11776] = CNOT 7 26
[11777] = S 7
[11778] = Z 7
[11779] = CNOT 7 26
[11780] = CNOT 7 38
[11781] = S 7
[11782] = Z 7
[11783] = CNOT 7 38
[11784] = CNOT 7 46
[11785] = S 7
[11786] = Z 7
[11787] = CNOT 7 46
[11788] = CNOT 7 47
[11789] = S 7
[11790] = CNOT 7 47
[11791] = CNOT 7 51
[11792] = S 7
[11793] = CNOT 7 51
[11794] = CNOT 7 61
[11795] = Z 7
[11796] = CNOT 7 61
[11797] = CNOT 7 63
[11798] = S 7
[11799] = Z 7
[11800] = CNOT 7 63
[11801] = CNOT 7 64
[11802] = S 7
[11803] = Z 7
[11804] = CNOT 7 64
[11805] = CNOT 7 67
[11806] = S 7
[11807] = Z 7
[11808] = CNOT 7 67
[11809] = CNOT 7 76
[11810] = S 7
[11811] = Z 7
[11812] = CNOT 7 76
[11813] = CNOT 7 77
[11814] = S 7
[11815] = Z 7
[11816] = CNOT 7 77
[11817] = CNOT 7 79
[11818] = S 7
[11819] = CNOT 7 79
[11820] = CNOT 7 84
[11821] = S 7
[11822] = Z 7
[11823] = CNOT 7 84
[11824] = CNOT 7 9
[11825] = CNOT 7 18
[11826] = CNOT 7 23
[11827] = Z 7
[11828] = CNOT 7 23
[11829] = CNOT 7 25
[11830] = Z 7
[11831] = CNOT 7 25
[11832] = CNOT 7 26
[11833] = Z 7
[11834] = CNOT 7 26
[11835] = CNOT 7 28
[11836] = S 7
[11837] = Z 7
[11838] = CNOT 7 28
[11839] = CNOT 7 38
[11840] = S 7
[11841] = Z 7
[11842] = CNOT 7 38
[11843] = CNOT 7 46
[11844] = Z 7
[11845] = CNOT 7 46
[11846] = CNOT 7 47
[11847] = S 7
[11848] = CNOT 7 47
[11849] = CNOT 7 61
[11850] = S 7
[11851] = CNOT 7 61
[11852] = CNOT 7 63
[11853] = Z 7
[11854] = CNOT 7 63
[11855] = CNOT 7 64
[11856] = Z 7
[11857] = CNOT 7 64
[11858] = CNOT 7 67
[11859] = S 7
[11860] = Z 7
[11861] = CNOT 7 67
[11862] = CNOT 7 76
[11863] = S 7
[11864] = Z 7
[11865] = CNOT 7 76
[11866] = CNOT 7 77
[11867] = Z 7
[11868] = CNOT 7 77
[11869] = CNOT 7 84
[11870] = Z 7
[11871] = CNOT 7 84
[11872] = CNOT 7 18
[11873] = CNOT 7 23
[11874] = CNOT 7 25
[11875] = Z 7
[11876] = CNOT 7 25
[11877] = CNOT 7 26
[11878] = Z 7
[11879] = CNOT 7 26
[11880] = CNOT 7 28
[11881] = S 7
[11882] = Z 7
[11883] = CNOT 7 28
[11884] = CNOT 7 38
[11885] = S 7
[11886] = Z 7
[11887] = CNOT 7 38
[11888] = CNOT 7 46
[11889] = Z 7
[11890] = CNOT 7 46
[11891] = CNOT 7 47
[11892] = S 7
[11893] = CNOT 7 47
[11894] = CNOT 7 61
[11895] = S 7
[11896] = CNOT 7 61
[11897] = CNOT 7 63
[11898] = Z 7
[11899] = CNOT 7 63
[11900] = CNOT 7 64
[11901] = Z 7
[11902] = CNOT 7 64
[11903] = CNOT 7 67
[11904] = S 7
[11905] = Z 7
[11906] = CNOT 7 67
[11907] = CNOT 7 76
[11908] = S 7
[11909] = Z 7
[11910] = CNOT 7 76
[11911] = CNOT 7 77
[11912] = Z 7
[11913] = CNOT 7 77
[11914] = CNOT 7 84
[11915] = Z 7
[11916] = CNOT 7 84
[11917] = CNOT 7 23
[11918] = CNOT 7 25
[11919] = CNOT 7 26
[11920] = Z 7
[11921] = CNOT 7 26
[11922] = CNOT 7 28
[11923] = S 7
[11924] = Z 7
[11925] = CNOT 7 28
[11926] = CNOT 7 38
[11927] = S 7
[11928] = Z 7
[11929] = CNOT 7 38
[11930] = CNOT 7 46
[11931] = Z 7
[11932] = CNOT 7 46
[11933] = CNOT 7 47
[11934] = S 7
[11935] = CNOT 7 47
[11936] = CNOT 7 61
[11937] = S 7
[11938] = CNOT 7 61
[11939] = CNOT 7 63
[11940] = Z 7
[11941] = CNOT 7 63
[11942] = CNOT 7 64
[11943] = Z 7
[11944] = CNOT 7 64
[11945] = CNOT 7 67
[11946] = S 7
[11947] = Z 7
[11948] = CNOT 7 67
[11949] = CNOT 7 76
[11950] = S 7
[11951] = Z 7
[11952] = CNOT 7 76
[11953] = CNOT 7 77
[11954] = Z 7
[11955] = CNOT 7 77
[11956] = CNOT 7 84
[11957] = Z 7
[11958] = CNOT 7 84
[11959] = CNOT 7 25
[11960] = CNOT 7 26
[11961] = CNOT 7 28
[11962] = S 7
[11963] = Z 7
[11964] = CNOT 7 28
[11965] = CNOT 7 38
[11966] = S 7
[11967] = Z 7
[11968] = CNOT 7 38
[11969] = CNOT 7 46
[11970] = Z 7
[11971] = CNOT 7 46
[11972] = CNOT 7 47
[11973] = S 7
[11974] = CNOT 7 47
[11975] = CNOT 7 61
[11976] = S 7
[11977] = CNOT 7 61
[11978] = CNOT 7 63
[11979] = Z 7
[11980] = CNOT 7 63
[11981] = CNOT 7 64
[11982] = Z 7
[11983] = CNOT 7 64
[11984] = CNOT 7 67
[11985] = S 7
[11986] = Z 7
[11987] = CNOT 7 67
[11988] = CNOT 7 76
[11989] = S 7
[11990] = Z 7
[11991] = CNOT 7 76
[11992] = CNOT 7 77
[11993] = Z 7
[11994] = CNOT 7 77
[11995] = CNOT 7 84
[11996] = Z 7
[11997] = CNOT 7 84
[11998] = CNOT 7 26
[11999] = CNOT 7 28
[12000] = CNOT 7 46
[12001] = S 7
[12002] = Z 7
[12003] = CNOT 7 46
[12004] = CNOT 7 51
[12005] = S 7
[12006] = Z 7
[12007] = CNOT 7 51
[12008] = CNOT 7 61
[12009] = S 7
[12010] = Z 7
[12011] = CNOT 7 61
[12012] = CNOT 7 63
[12013] = S 7
[12014] = Z 7
[12015] = CNOT 7 63
[12016] = CNOT 7 64
[12017] = S 7
[12018] = Z 7
[12019] = CNOT 7 64
[12020] = CNOT 7 77
[12021] = S 7
[12022] = Z 7
[12023] = CNOT 7 77
[12024] = CNOT 7 79
[12025] = S 7
[12026] = Z 7
[12027] = CNOT 7 79
[12028] = CNOT 7 84
[12029] = S 7
[12030] = Z 7
[12031] = CNOT 7 84
[12032] = CNOT 7 28
[12033] = CNOT 7 38
[12034] = CNOT 7 46
[12035] = S 7
[12036] = Z 7
[12037] = CNOT 7 46
[12038] = CNOT 7 47
[12039] = S 7
[12040] = Z 7
[12041] = CNOT 7 47
[12042] = CNOT 7 63
[12043] = S 7
[12044] = Z 7
[12045] = CNOT 7 63
[12046] = CNOT 7 64
[12047] = S 7
[12048] = Z 7
[12049] = CNOT 7 64
[12050] = CNOT 7 77
[12051] = S 7
[12052] = Z 7
[12053] = CNOT 7 77
[12054] = CNOT 7 84
[12055] = S 7
[12056] = Z 7
[12057] = CNOT 7 84
[12058] = CNOT 7 38
[12059] = CNOT 7 46
[12060] = CNOT 7 47
[12061] = S 7
[12062] = CNOT 7 47
[12063] = CNOT 7 61
[12064] = S 7
[12065] = CNOT 7 61
[12066] = CNOT 7 63
[12067] = Z 7
[12068] = CNOT 7 63
[12069] = CNOT 7 64
[12070] = Z 7
[12071] = CNOT 7 64
[12072] = CNOT 7 67
[12073] = S 7
[12074] = Z 7
[12075] = CNOT 7 67
[12076] = CNOT 7 76
[12077] = S 7
[12078] = Z 7
[12079] = CNOT 7 76
[12080] = CNOT 7 77
[12081] = Z 7
[12082] = CNOT 7 77
[12083] = CNOT 7 84
[12084] = Z 7
[12085] = CNOT 7 84
[12086] = CNOT 7 46
[12087] = CNOT 7 47
[12088] = CNOT 7 51
[12089] = Z 7
[12090] = CNOT 7 51
[12091] = CNOT 7 63
[12092] = S 7
[12093] = CNOT 7 63
[12094] = CNOT 7 64
[12095] = S 7
[12096] = CNOT 7 64
[12097] = CNOT 7 67
[12098] = S 7
[12099] = Z 7
[12100] = CNOT 7 67
[12101] = CNOT 7 76
[12102] = S 7
[12103] = Z 7
[12104] = CNOT 7 76
[12105] = CNOT 7 77
[12106] = S 7
[12107] = CNOT 7 77
[12108] = CNOT 7 79
[12109] = S 7
[12110] = Z 7
[12111] = CNOT 7 79
[12112] = CNOT 7 84
[12113] = S 7
[12114] = CNOT 7 84
[12115] = CNOT 7 47
[12116] = CNOT 7 51
[12117] = CNOT 7 61
[12118] = Z 7
[12119] = CNOT 7 61
[12120] = CNOT 7 67
[12121] = S 7
[12122] = Z 7
[12123] = CNOT 7 67
[12124] = CNOT 7 76
[12125] = S 7
[12126] = Z 7
[12127] = CNOT 7 76
[12128] = CNOT 7 79
[12129] = Z 7
[12130] = CNOT 7 79
[12131] = CNOT 7 51
[12132] = CNOT 7 61
[12133] = CNOT 7 63
[12134] = S 7
[12135] = CNOT 7 63
[12136] = CNOT 7 64
[12137] = S 7
[12138] = CNOT 7 64
[12139] = CNOT 7 77
[12140] = S 7
[12141] = CNOT 7 77
[12142] = CNOT 7 79
[12143] = S 7
[12144] = CNOT 7 79
[12145] = CNOT 7 84
[12146] = S 7
[12147] = CNOT 7 84
[12148] = CNOT 7 61
[12149] = CNOT 7 63
[12150] = CNOT 7 64
[12151] = Z 7
[12152] = CNOT 7 64
[12153] = CNOT 7 67
[12154] = S 7
[12155] = Z 7
[12156] = CNOT 7 67
[12157] = CNOT 7 76
[12158] = S 7
[12159] = Z 7
[12160] = CNOT 7 76
[12161] = CNOT 7 77
[12162] = Z 7
[12163] = CNOT 7 77
[12164] = CNOT 7 84
[12165] = Z 7
[12166] = CNOT 7 84
[12167] = CNOT 7 63
[12168] = CNOT 7 64
[12169] = CNOT 7 67
[12170] = S 7
[12171] = Z 7
[12172] = CNOT 7 67
[12173] = CNOT 7 76
[12174] = S 7
[12175] = Z 7
[12176] = CNOT 7 76
[12177] = CNOT 7 77
[12178] = Z 7
[12179] = CNOT 7 77
[12180] = CNOT 7 84
[12181] = Z 7
[12182] = CNOT 7 84
[12183] = CNOT 7 64
[12184] = CNOT 7 67
[12185] = CNOT 7 77
[12186] = S 7
[12187] = Z 7
[12188] = CNOT 7 77
[12189] = CNOT 7 84
[12190] = S 7
[12191] = Z 7
[12192] = CNOT 7 84
[12193] = CNOT 7 67
[12194] = CNOT 7 76
[12195] = CNOT 7 77
[12196] = S 7
[12197] = Z 7
[12198] = CNOT 7 77
[12199] = CNOT 7 84
[12200] = S 7
[12201] = Z 7
[12202] = CNOT 7 76
[12203] = CNOT 7 77
[12204] = Z 7
[12205] = CNOT 7 84
[12206] = CNOT 7 77
[12207] = CNOT 8 9
[12208] = CNOT 8 14
[12209] = Z 8
[12210] = CNOT 8 14
[12211] = CNOT 8 15
[12212] = Z 8
[12213] = CNOT 8 15
[12214] = CNOT 8 18
[12215] = S 8
[12216] = Z 8
[12217] = CNOT 8 18
[12218] = CNOT 8 23
[12219] = S 8
[12220] = Z 8
[12221] = CNOT 8 23
[12222] = CNOT 8 25
[12223] = S 8
[12224] = Z 8
[12225] = CNOT 8 25
[12226] = CNOT 8 26
[12227] = S 8
[12228] = Z 8
[12229] = CNOT 8 26
[12230] = CNOT 8 29
[12231] = S 8
[12232] = Z 8
[12233] = CNOT 8 29
[12234] = CNOT 8 38
[12235] = S 8
[12236] = CNOT 8 38
[12237] = CNOT 8 42
[12238] = S 8
[12239] = CNOT 8 42
[12240] = CNOT 8 46
[12241] = S 8
[12242] = Z 8
[12243] = CNOT 8 46
[12244] = CNOT 8 55
[12245] = Z 8
[12246] = CNOT 8 55
[12247] = CNOT 8 57
[12248] = S 8
[12249] = CNOT 8 57
[12250] = CNOT 8 58
[12251] = S 8
[12252] = CNOT 8 58
[12253] = CNOT 8 59
[12254] = Z 8
[12255] = CNOT 8 59
[12256] = CNOT 8 63
[12257] = S 8
[12258] = Z 8
[12259] = CNOT 8 63
[12260] = CNOT 8 64
[12261] = S 8
[12262] = Z 8
[12263] = CNOT 8 64
[12264] = CNOT 8 66
[12265] = Z 8
[12266] = CNOT 8 66
[12267] = CNOT 8 71
[12268] = Z 8
[12269] = CNOT 8 71
[12270] = CNOT 8 74
[12271] = S 8
[12272] = CNOT 8 74
[12273] = CNOT 8 75
[12274] = Z 8
[12275] = CNOT 8 75
[12276] = CNOT 8 77
[12277] = S 8
[12278] = Z 8
[12279] = CNOT 8 77
[12280] = CNOT 8 79
[12281] = S 8
[12282] = Z 8
[12283] = CNOT 8 79
[12284] = CNOT 8 84
[12285] = S 8
[12286] = Z 8
[12287] = CNOT 8 84
[12288] = CNOT 8 9
[12289] = CNOT 8 14
[12290] = CNOT 8 15
[12291] = S 8
[12292] = Z 8
[12293] = CNOT 8 15
[12294] = CNOT 8 18
[12295] = Z 8
[12296] = CNOT 8 18
[12297] = CNOT 8 23
[12298] = Z 8
[12299] = CNOT 8 23
[12300] = CNOT 8 25
[12301] = Z 8
[12302] = CNOT 8 25
[12303] = CNOT 8 26
[12304] = Z 8
[12305] = CNOT 8 26
[12306] = CNOT 8 46
[12307] = Z 8
[12308] = CNOT 8 46
[12309] = CNOT 8 55
[12310] = S 8
[12311] = Z 8
[12312] = CNOT 8 55
[12313] = CNOT 8 59
[12314] = Z 8
[12315] = CNOT 8 59
[12316] = CNOT 8 63
[12317] = Z 8
[12318] = CNOT 8 63
[12319] = CNOT 8 64
[12320] = Z 8
[12321] = CNOT 8 64
[12322] = CNOT 8 65
[12323] = Z 8
[12324] = CNOT 8 65
[12325] = CNOT 8 74
[12326] = S 8
[12327] = Z 8
[12328] = CNOT 8 74
[12329] = CNOT 8 75
[12330] = Z 8
[12331] = CNOT 8 75
[12332] = CNOT 8 77
[12333] = Z 8
[12334] = CNOT 8 77
[12335] = CNOT 8 79
[12336] = Z 8
[12337] = CNOT 8 79
[12338] = CNOT 8 84
[12339] = Z 8
[12340] = CNOT 8 84
[12341] = CNOT 8 14
[12342] = CNOT 8 15
[12343] = CNOT 8 18
[12344] = Z 8
[12345] = CNOT 8 18
[12346] = CNOT 8 23
[12347] = Z 8
[12348] = CNOT 8 23
[12349] = CNOT 8 25
[12350] = Z 8
[12351] = CNOT 8 25
[12352] = CNOT 8 26
[12353] = Z 8
[12354] = CNOT 8 26
[12355] = CNOT 8 46
[12356] = Z 8
[12357] = CNOT 8 46
[12358] = CNOT 8 55
[12359] = Z 8
[12360] = CNOT 8 55
[12361] = CNOT 8 59
[12362] = S 8
[12363] = Z 8
[12364] = CNOT 8 59
[12365] = CNOT 8 63
[12366] = Z 8
[12367] = CNOT 8 63
[12368] = CNOT 8 64
[12369] = Z 8
[12370] = CNOT 8 64
[12371] = CNOT 8 65
[12372] = Z 8
[12373] = CNOT 8 65
[12374] = CNOT 8 74
[12375] = S 8
[12376] = Z 8
[12377] = CNOT 8 74
[12378] = CNOT 8 75
[12379] = Z 8
[12380] = CNOT 8 75
[12381] = CNOT 8 77
[12382] = Z 8
[12383] = CNOT 8 77
[12384] = CNOT 8 79
[12385] = Z 8
[12386] = CNOT 8 79
[12387] = CNOT 8 84
[12388] = Z 8
[12389] = CNOT 8 84
[12390] = CNOT 8 15
[12391] = CNOT 8 18
[12392] = CNOT 8 23
[12393] = S 8
[12394] = Z 8
[12395] = CNOT 8 23
[12396] = CNOT 8 25
[12397] = S 8
[12398] = Z 8
[12399] = CNOT 8 25
[12400] = CNOT 8 26
[12401] = S 8
[12402] = Z 8
[12403] = CNOT 8 26
[12404] = CNOT 8 29
[12405] = S 8
[12406] = Z 8
[12407] = CNOT 8 29
[12408] = CNOT 8 38
[12409] = S 8
[12410] = CNOT 8 38
[12411] = CNOT 8 42
[12412] = S 8
[12413] = CNOT 8 42
[12414] = CNOT 8 46
[12415] = S 8
[12416] = Z 8
[12417] = CNOT 8 46
[12418] = CNOT 8 55
[12419] = Z 8
[12420] = CNOT 8 55
[12421] = CNOT 8 57
[12422] = S 8
[12423] = CNOT 8 57
[12424] = CNOT 8 58
[12425] = S 8
[12426] = CNOT 8 58
[12427] = CNOT 8 59
[12428] = Z 8
[12429] = CNOT 8 59
[12430] = CNOT 8 63
[12431] = S 8
[12432] = Z 8
[12433] = CNOT 8 63
[12434] = CNOT 8 64
[12435] = S 8
[12436] = Z 8
[12437] = CNOT 8 64
[12438] = CNOT 8 66
[12439] = Z 8
[12440] = CNOT 8 66
[12441] = CNOT 8 71
[12442] = Z 8
[12443] = CNOT 8 71
[12444] = CNOT 8 74
[12445] = S 8
[12446] = CNOT 8 74
[12447] = CNOT 8 75
[12448] = Z 8
[12449] = CNOT 8 75
[12450] = CNOT 8 77
[12451] = S 8
[12452] = Z 8
[12453] = CNOT 8 77
[12454] = CNOT 8 79
[12455] = S 8
[12456] = Z 8
[12457] = CNOT 8 79
[12458] = CNOT 8 84
[12459] = S 8
[12460] = Z 8
[12461] = CNOT 8 84
[12462] = CNOT 8 18
[12463] = CNOT 8 23
[12464] = CNOT 8 25
[12465] = S 8
[12466] = Z 8
[12467] = CNOT 8 25
[12468] = CNOT 8 26
[12469] = S 8
[12470] = Z 8
[12471] = CNOT 8 26
[12472] = CNOT 8 29
[12473] = S 8
[12474] = Z 8
[12475] = CNOT 8 29
[12476] = CNOT 8 38
[12477] = S 8
[12478] = CNOT 8 38
[12479] = CNOT 8 42
[12480] = S 8
[12481] = CNOT 8 42
[12482] = CNOT 8 46
[12483] = S 8
[12484] = Z 8
[12485] = CNOT 8 46
[12486] = CNOT 8 55
[12487] = Z 8
[12488] = CNOT 8 55
[12489] = CNOT 8 57
[12490] = S 8
[12491] = CNOT 8 57
[12492] = CNOT 8 58
[12493] = S 8
[12494] = CNOT 8 58
[12495] = CNOT 8 59
[12496] = Z 8
[12497] = CNOT 8 59
[12498] = CNOT 8 63
[12499] = S 8
[12500] = Z 8
[12501] = CNOT 8 63
[12502] = CNOT 8 64
[12503] = S 8
[12504] = Z 8
[12505] = CNOT 8 64
[12506] = CNOT 8 66
[12507] = Z 8
[12508] = CNOT 8 66
[12509] = CNOT 8 71
[12510] = Z 8
[12511] = CNOT 8 71
[12512] = CNOT 8 74
[12513] = S 8
[12514] = CNOT 8 74
[12515] = CNOT 8 75
[12516] = Z 8
[12517] = CNOT 8 75
[12518] = CNOT 8 77
[12519] = S 8
[12520] = Z 8
[12521] = CNOT 8 77
[12522] = CNOT 8 79
[12523] = S 8
[12524] = Z 8
[12525] = CNOT 8 79
[12526] = CNOT 8 84
[12527] = S 8
[12528] = Z 8
[12529] = CNOT 8 84
[12530] = CNOT 8 23
[12531] = CNOT 8 25
[12532] = CNOT 8 26
[12533] = S 8
[12534] = Z 8
[12535] = CNOT 8 26
[12536] = CNOT 8 29
[12537] = S 8
[12538] = Z 8
[12539] = CNOT 8 29
[12540] = CNOT 8 38
[12541] = S 8
[12542] = CNOT 8 38
[12543] = CNOT 8 42
[12544] = S 8
[12545] = CNOT 8 42
[12546] = CNOT 8 46
[12547] = S 8
[12548] = Z 8
[12549] = CNOT 8 46
[12550] = CNOT 8 55
[12551] = Z 8
[12552] = CNOT 8 55
[12553] = CNOT 8 57
[12554] = S 8
[12555] = CNOT 8 57
[12556] = CNOT 8 58
[12557] = S 8
[12558] = CNOT 8 58
[12559] = CNOT 8 59
[12560] = Z 8
[12561] = CNOT 8 59
[12562] = CNOT 8 63
[12563] = S 8
[12564] = Z 8
[12565] = CNOT 8 63
[12566] = CNOT 8 64
[12567] = S 8
[12568] = Z 8
[12569] = CNOT 8 64
[12570] = CNOT 8 66
[12571] = Z 8
[12572] = CNOT 8 66
[12573] = CNOT 8 71
[12574] = Z 8
[12575] = CNOT 8 71
[12576] = CNOT 8 74
[12577] = S 8
[12578] = CNOT 8 74
[12579] = CNOT 8 75
[12580] = Z 8
[12581] = CNOT 8 75
[12582] = CNOT 8 77
[12583] = S 8
[12584] = Z 8
[12585] = CNOT 8 77
[12586] = CNOT 8 79
[12587] = S 8
[12588] = Z 8
[12589] = CNOT 8 79
[12590] = CNOT 8 84
[12591] = S 8
[12592] = Z 8
[12593] = CNOT 8 84
[12594] = CNOT 8 25
[12595] = CNOT 8 26
[12596] = CNOT 8 29
[12597] = S 8
[12598] = Z 8
[12599] = CNOT 8 29
[12600] = CNOT 8 38
[12601] = S 8
[12602] = CNOT 8 38
[12603] = CNOT 8 42
[12604] = S 8
[12605] = CNOT 8 42
[12606] = CNOT 8 46
[12607] = S 8
[12608] = Z 8
[12609] = CNOT 8 46
[12610] = CNOT 8 55
[12611] = Z 8
[12612] = CNOT 8 55
[12613] = CNOT 8 57
[12614] = S 8
[12615] = CNOT 8 57
[12616] = CNOT 8 58
[12617] = S 8
[12618] = CNOT 8 58
[12619] = CNOT 8 59
[12620] = Z 8
[12621] = CNOT 8 59
[12622] = CNOT 8 63
[12623] = S 8
[12624] = Z 8
[12625] = CNOT 8 63
[12626] = CNOT 8 64
[12627] = S 8
[12628] = Z 8
[12629] = CNOT 8 64
[12630] = CNOT 8 66
[12631] = Z 8
[12632] = CNOT 8 66
[12633] = CNOT 8 71
[12634] = Z 8
[12635] = CNOT 8 71
[12636] = CNOT 8 74
[12637] = S 8
[12638] = CNOT 8 74
[12639] = CNOT 8 75
[12640] = Z 8
[12641] = CNOT 8 75
[12642] = CNOT 8 77
[12643] = S 8
[12644] = Z 8
[12645] = CNOT 8 77
[12646] = CNOT 8 79
[12647] = S 8
[12648] = Z 8
[12649] = CNOT 8 79
[12650] = CNOT 8 84
[12651] = S 8
[12652] = Z 8
[12653] = CNOT 8 84
[12654] = CNOT 8 26
[12655] = CNOT 8 27
[12656] = CNOT 8 38
[12657] = Z 8
[12658] = CNOT 8 38
[12659] = CNOT 8 62
[12660] = S 8
[12661] = CNOT 8 62
[12662] = CNOT 8 66
[12663] = Z 8
[12664] = CNOT 8 66
[12665] = CNOT 8 71
[12666] = Z 8
[12667] = CNOT 8 71
[12668] = CNOT 8 27
[12669] = CNOT 8 29
[12670] = CNOT 8 42
[12671] = S 8
[12672] = Z 8
[12673] = CNOT 8 42
[12674] = CNOT 8 46
[12675] = S 8
[12676] = Z 8
[12677] = CNOT 8 46
[12678] = CNOT 8 63
[12679] = S 8
[12680] = Z 8
[12681] = CNOT 8 63
[12682] = CNOT 8 64
[12683] = S 8
[12684] = Z 8
[12685] = CNOT 8 64
[12686] = CNOT 8 77
[12687] = S 8
[12688] = Z 8
[12689] = CNOT 8 77
[12690] = CNOT 8 79
[12691] = S 8
[12692] = Z 8
[12693] = CNOT 8 79
[12694] = CNOT 8 84
[12695] = S 8
[12696] = Z 8
[12697] = CNOT 8 84
[12698] = CNOT 8 29
[12699] = CNOT 8 38
[12700] = CNOT 8 42
[12701] = S 8
[12702] = CNOT 8 42
[12703] = CNOT 8 46
[12704] = S 8
[12705] = CNOT 8 46
[12706] = CNOT 8 57
[12707] = S 8
[12708] = Z 8
[12709] = CNOT 8 57
[12710] = CNOT 8 62
[12711] = Z 8
[12712] = CNOT 8 62
[12713] = CNOT 8 63
[12714] = S 8
[12715] = CNOT 8 63
[12716] = CNOT 8 64
[12717] = S 8
[12718] = CNOT 8 64
[12719] = CNOT 8 66
[12720] = S 8
[12721] = Z 8
[12722] = CNOT 8 66
[12723] = CNOT 8 71
[12724] = S 8
[12725] = Z 8
[12726] = CNOT 8 71
[12727] = CNOT 8 77
[12728] = S 8
[12729] = CNOT 8 77
[12730] = CNOT 8 79
[12731] = S 8
[12732] = CNOT 8 79
[12733] = CNOT 8 84
[12734] = S 8
[12735] = CNOT 8 84
[12736] = CNOT 8 38
[12737] = CNOT 8 42
[12738] = CNOT 8 46
[12739] = S 8
[12740] = CNOT 8 46
[12741] = CNOT 8 57
[12742] = Z 8
[12743] = CNOT 8 57
[12744] = CNOT 8 58
[12745] = S 8
[12746] = Z 8
[12747] = CNOT 8 58
[12748] = CNOT 8 63
[12749] = S 8
[12750] = CNOT 8 63
[12751] = CNOT 8 64
[12752] = S 8
[12753] = CNOT 8 64
[12754] = CNOT 8 66
[12755] = Z 8
[12756] = CNOT 8 66
[12757] = CNOT 8 71
[12758] = Z 8
[12759] = CNOT 8 71
[12760] = CNOT 8 77
[12761] = S 8
[12762] = CNOT 8 77
[12763] = CNOT 8 79
[12764] = S 8
[12765] = CNOT 8 79
[12766] = CNOT 8 84
[12767] = S 8
[12768] = CNOT 8 84
[12769] = CNOT 8 42
[12770] = CNOT 8 46
[12771] = CNOT 8 55
[12772] = Z 8
[12773] = CNOT 8 55
[12774] = CNOT 8 57
[12775] = S 8
[12776] = CNOT 8 57
[12777] = CNOT 8 58
[12778] = S 8
[12779] = CNOT 8 58
[12780] = CNOT 8 59
[12781] = Z 8
[12782] = CNOT 8 59
[12783] = CNOT 8 63
[12784] = S 8
[12785] = Z 8
[12786] = CNOT 8 63
[12787] = CNOT 8 64
[12788] = S 8
[12789] = Z 8
[12790] = CNOT 8 64
[12791] = CNOT 8 66
[12792] = Z 8
[12793] = CNOT 8 66
[12794] = CNOT 8 71
[12795] = Z 8
[12796] = CNOT 8 71
[12797] = CNOT 8 74
[12798] = S 8
[12799] = CNOT 8 74
[12800] = CNOT 8 75
[12801] = Z 8
[12802] = CNOT 8 75
[12803] = CNOT 8 77
[12804] = S 8
[12805] = Z 8
[12806] = CNOT 8 77
[12807] = CNOT 8 79
[12808] = S 8
[12809] = Z 8
[12810] = CNOT 8 79
[12811] = CNOT 8 84
[12812] = S 8
[12813] = Z 8
[12814] = CNOT 8 84
[12815] = CNOT 8 46
[12816] = CNOT 8 55
[12817] = CNOT 8 59
[12818] = S 8
[12819] = Z 8
[12820] = CNOT 8 59
[12821] = CNOT 8 63
[12822] = Z 8
[12823] = CNOT 8 63
[12824] = CNOT 8 64
[12825] = Z 8
[12826] = CNOT 8 64
[12827] = CNOT 8 65
[12828] = Z 8
[12829] = CNOT 8 65
[12830] = CNOT 8 74
[12831] = S 8
[12832] = Z 8
[12833] = CNOT 8 74
[12834] = CNOT 8 75
[12835] = Z 8
[12836] = CNOT 8 75
[12837] = CNOT 8 77
[12838] = Z 8
[12839] = CNOT 8 77
[12840] = CNOT 8 79
[12841] = Z 8
[12842] = CNOT 8 79
[12843] = CNOT 8 84
[12844] = Z 8
[12845] = CNOT 8 84
[12846] = CNOT 8 55
[12847] = CNOT 8 57
[12848] = CNOT 8 58
[12849] = S 8
[12850] = Z 8
[12851] = CNOT 8 58
[12852] = CNOT 8 62
[12853] = S 8
[12854] = Z 8
[12855] = CNOT 8 62
[12856] = CNOT 8 63
[12857] = S 8
[12858] = CNOT 8 63
[12859] = CNOT 8 64
[12860] = S 8
[12861] = CNOT 8 64
[12862] = CNOT 8 75
[12863] = S 8
[12864] = Z 8
[12865] = CNOT 8 75
[12866] = CNOT 8 77
[12867] = S 8
[12868] = CNOT 8 77
[12869] = CNOT 8 79
[12870] = S 8
[12871] = CNOT 8 79
[12872] = CNOT 8 84
[12873] = S 8
[12874] = CNOT 8 84
[12875] = CNOT 8 57
[12876] = CNOT 8 58
[12877] = CNOT 8 63
[12878] = S 8
[12879] = CNOT 8 63
[12880] = CNOT 8 64
[12881] = S 8
[12882] = CNOT 8 64
[12883] = CNOT 8 65
[12884] = S 8
[12885] = Z 8
[12886] = CNOT 8 65
[12887] = CNOT 8 74
[12888] = S 8
[12889] = Z 8
[12890] = CNOT 8 74
[12891] = CNOT 8 75
[12892] = Z 8
[12893] = CNOT 8 75
[12894] = CNOT 8 77
[12895] = S 8
[12896] = CNOT 8 77
[12897] = CNOT 8 79
[12898] = S 8
[12899] = CNOT 8 79
[12900] = CNOT 8 84
[12901] = S 8
[12902] = CNOT 8 84
[12903] = CNOT 8 58
[12904] = CNOT 8 59
[12905] = CNOT 8 63
[12906] = Z 8
[12907] = CNOT 8 63
[12908] = CNOT 8 64
[12909] = Z 8
[12910] = CNOT 8 64
[12911] = CNOT 8 65
[12912] = Z 8
[12913] = CNOT 8 65
[12914] = CNOT 8 74
[12915] = S 8
[12916] = Z 8
[12917] = CNOT 8 74
[12918] = CNOT 8 75
[12919] = Z 8
[12920] = CNOT 8 75
[12921] = CNOT 8 77
[12922] = Z 8
[12923] = CNOT 8 77
[12924] = CNOT 8 79
[12925] = Z 8
[12926] = CNOT 8 79
[12927] = CNOT 8 84
[12928] = Z 8
[12929] = CNOT 8 84
[12930] = CNOT 8 59
[12931] = CNOT 8 62
[12932] = CNOT 8 66
[12933] = Z 8
[12934] = CNOT 8 66
[12935] = CNOT 8 71
[12936] = Z 8
[12937] = CNOT 8 71
[12938] = CNOT 8 62
[12939] = CNOT 8 63
[12940] = CNOT 8 64
[12941] = S 8
[12942] = Z 8
[12943] = CNOT 8 64
[12944] = CNOT 8 66
[12945] = Z 8
[12946] = CNOT 8 66
[12947] = CNOT 8 71
[12948] = Z 8
[12949] = CNOT 8 71
[12950] = CNOT 8 74
[12951] = S 8
[12952] = CNOT 8 74
[12953] = CNOT 8 75
[12954] = Z 8
[12955] = CNOT 8 75
[12956] = CNOT 8 77
[12957] = S 8
[12958] = Z 8
[12959] = CNOT 8 77
[12960] = CNOT 8 79
[12961] = S 8
[12962] = Z 8
[12963] = CNOT 8 79
[12964] = CNOT 8 84
[12965] = S 8
[12966] = Z 8
[12967] = CNOT 8 84
[12968] = CNOT 8 63
[12969] = CNOT 8 64
[12970] = CNOT 8 66
[12971] = Z 8
[12972] = CNOT 8 66
[12973] = CNOT 8 71
[12974] = Z 8
[12975] = CNOT 8 71
[12976] = CNOT 8 74
[12977] = S 8
[12978] = CNOT 8 74
[12979] = CNOT 8 75
[12980] = Z 8
[12981] = CNOT 8 75
[12982] = CNOT 8 77
[12983] = S 8
[12984] = Z 8
[12985] = CNOT 8 77
[12986] = CNOT 8 79
[12987] = S 8
[12988] = Z 8
[12989] = CNOT 8 79
[12990] = CNOT 8 84
[12991] = S 8
[12992] = Z 8
[12993] = CNOT 8 84
[12994] = CNOT 8 64
[12995] = CNOT 8 65
[12996] = CNOT 8 74
[12997] = Z 8
[12998] = CNOT 8 74
[12999] = CNOT 8 65
[13000] = CNOT 8 66
[13001] = CNOT 8 71
[13002] = S 8
[13003] = Z 8
[13004] = CNOT 8 71
[13005] = CNOT 8 77
[13006] = Z 8
[13007] = CNOT 8 77
[13008] = CNOT 8 79
[13009] = Z 8
[13010] = CNOT 8 79
[13011] = CNOT 8 84
[13012] = Z 8
[13013] = CNOT 8 84
[13014] = CNOT 8 66
[13015] = CNOT 8 71
[13016] = CNOT 8 77
[13017] = Z 8
[13018] = CNOT 8 77
[13019] = CNOT 8 79
[13020] = Z 8
[13021] = CNOT 8 79
[13022] = CNOT 8 84
[13023] = Z 8
[13024] = CNOT 8 84
[13025] = CNOT 8 71
[13026] = CNOT 8 74
[13027] = CNOT 8 75
[13028] = S 8
[13029] = CNOT 8 75
[13030] = CNOT 8 77
[13031] = S 8
[13032] = CNOT 8 77
[13033] = CNOT 8 79
[13034] = S 8
[13035] = CNOT 8 79
[13036] = CNOT 8 84
[13037] = S 8
[13038] = CNOT 8 84
[13039] = CNOT 8 74
[13040] = CNOT 8 75
[13041] = CNOT 8 77
[13042] = Z 8
[13043] = CNOT 8 77
[13044] = CNOT 8 79
[13045] = Z 8
[13046] = CNOT 8 79
[13047] = CNOT 8 84
[13048] = Z 8
[13049] = CNOT 8 84
[13050] = CNOT 8 75
[13051] = CNOT 8 77
[13052] = CNOT 8 79
[13053] = S 8
[13054] = Z 8
[13055] = CNOT 8 79
[13056] = CNOT 8 84
[13057] = S 8
[13058] = Z 8
[13059] = CNOT 8 77
[13060] = CNOT 8 79
[13061] = S 8
[13062] = Z 8
[13063] = CNOT 8 84
[13064] = CNOT 8 79
[13065] = CNOT 9 10
[13066] = CNOT 9 11
[13067] = Z 9
[13068] = CNOT 9 11
[13069] = CNOT 9 12
[13070] = S 9
[13071] = Z 9
[13072] = CNOT 9 12
[13073] = CNOT 9 13
[13074] = Z 9
[13075] = CNOT 9 13
[13076] = CNOT 9 14
[13077] = S 9
[13078] = Z 9
[13079] = CNOT 9 14
[13080] = CNOT 9 15
[13081] = S 9
[13082] = Z 9
[13083] = CNOT 9 15
[13084] = CNOT 9 48
[13085] = S 9
[13086] = Z 9
[13087] = CNOT 9 48
[13088] = CNOT 9 52
[13089] = S 9
[13090] = Z 9
[13091] = CNOT 9 52
[13092] = CNOT 9 53
[13093] = S 9
[13094] = Z 9
[13095] = CNOT 9 53
[13096] = CNOT 9 82
[13097] = S 9
[13098] = Z 9
[13099] = CNOT 9 82
[13100] = CNOT 9 10
[13101] = CNOT 9 11
[13102] = CNOT 9 12
[13103] = S 9
[13104] = Z 9
[13105] = CNOT 9 12
[13106] = CNOT 9 13
[13107] = Z 9
[13108] = CNOT 9 13
[13109] = CNOT 9 14
[13110] = Z 9
[13111] = CNOT 9 14
[13112] = CNOT 9 15
[13113] = S 9
[13114] = Z 9
[13115] = CNOT 9 15
[13116] = CNOT 9 16
[13117] = S 9
[13118] = CNOT 9 16
[13119] = CNOT 9 18
[13120] = Z 9
[13121] = CNOT 9 18
[13122] = CNOT 9 23
[13123] = Z 9
[13124] = CNOT 9 23
[13125] = CNOT 9 25
[13126] = Z 9
[13127] = CNOT 9 25
[13128] = CNOT 9 26
[13129] = Z 9
[13130] = CNOT 9 26
[13131] = CNOT 9 29
[13132] = Z 9
[13133] = CNOT 9 29
[13134] = CNOT 9 34
[13135] = Z 9
[13136] = CNOT 9 34
[13137] = CNOT 9 43
[13138] = Z 9
[13139] = CNOT 9 43
[13140] = CNOT 9 46
[13141] = Z 9
[13142] = CNOT 9 46
[13143] = CNOT 9 48
[13144] = Z 9
[13145] = CNOT 9 48
[13146] = CNOT 9 52
[13147] = Z 9
[13148] = CNOT 9 52
[13149] = CNOT 9 53
[13150] = S 9
[13151] = Z 9
[13152] = CNOT 9 53
[13153] = CNOT 9 55
[13154] = S 9
[13155] = Z 9
[13156] = CNOT 9 55
[13157] = CNOT 9 61
[13158] = Z 9
[13159] = CNOT 9 61
[13160] = CNOT 9 63
[13161] = Z 9
[13162] = CNOT 9 63
[13163] = CNOT 9 64
[13164] = Z 9
[13165] = CNOT 9 64
[13166] = CNOT 9 77
[13167] = Z 9
[13168] = CNOT 9 77
[13169] = CNOT 9 79
[13170] = Z 9
[13171] = CNOT 9 79
[13172] = CNOT 9 81
[13173] = S 9
[13174] = Z 9
[13175] = CNOT 9 81
[13176] = CNOT 9 82
[13177] = S 9
[13178] = Z 9
[13179] = CNOT 9 82
[13180] = CNOT 9 84
[13181] = Z 9
[13182] = CNOT 9 84
[13183] = CNOT 9 11
[13184] = CNOT 9 12
[13185] = CNOT 9 13
[13186] = Z 9
[13187] = CNOT 9 13
[13188] = CNOT 9 14
[13189] = Z 9
[13190] = CNOT 9 14
[13191] = CNOT 9 16
[13192] = S 9
[13193] = CNOT 9 16
[13194] = CNOT 9 18
[13195] = Z 9
[13196] = CNOT 9 18
[13197] = CNOT 9 23
[13198] = Z 9
[13199] = CNOT 9 23
[13200] = CNOT 9 25
[13201] = Z 9
[13202] = CNOT 9 25
[13203] = CNOT 9 26
[13204] = Z 9
[13205] = CNOT 9 26
[13206] = CNOT 9 29
[13207] = Z 9
[13208] = CNOT 9 29
[13209] = CNOT 9 34
[13210] = Z 9
[13211] = CNOT 9 34
[13212] = CNOT 9 43
[13213] = Z 9
[13214] = CNOT 9 43
[13215] = CNOT 9 46
[13216] = Z 9
[13217] = CNOT 9 46
[13218] = CNOT 9 52
[13219] = Z 9
[13220] = CNOT 9 52
[13221] = CNOT 9 56
[13222] = Z 9
[13223] = CNOT 9 56
[13224] = CNOT 9 61
[13225] = Z 9
[13226] = CNOT 9 61
[13227] = CNOT 9 63
[13228] = Z 9
[13229] = CNOT 9 63
[13230] = CNOT 9 64
[13231] = Z 9
[13232] = CNOT 9 64
[13233] = CNOT 9 77
[13234] = Z 9
[13235] = CNOT 9 77
[13236] = CNOT 9 79
[13237] = Z 9
[13238] = CNOT 9 79
[13239] = CNOT 9 84
[13240] = Z 9
[13241] = CNOT 9 84
[13242] = CNOT 9 12
[13243] = CNOT 9 13
[13244] = CNOT 9 14
[13245] = S 9
[13246] = CNOT 9 14
[13247] = CNOT 9 15
[13248] = S 9
[13249] = Z 9
[13250] = CNOT 9 15
[13251] = CNOT 9 16
[13252] = S 9
[13253] = CNOT 9 16
[13254] = CNOT 9 29
[13255] = Z 9
[13256] = CNOT 9 29
[13257] = CNOT 9 34
[13258] = Z 9
[13259] = CNOT 9 34
[13260] = CNOT 9 52
[13261] = Z 9
[13262] = CNOT 9 52
[13263] = CNOT 9 13
[13264] = CNOT 9 14
[13265] = CNOT 9 15
[13266] = S 9
[13267] = CNOT 9 15
[13268] = CNOT 9 16
[13269] = S 9
[13270] = Z 9
[13271] = CNOT 9 16
[13272] = CNOT 9 18
[13273] = S 9
[13274] = Z 9
[13275] = CNOT 9 18
[13276] = CNOT 9 23
[13277] = S 9
[13278] = Z 9
[13279] = CNOT 9 23
[13280] = CNOT 9 25
[13281] = S 9
[13282] = Z 9
[13283] = CNOT 9 25
[13284] = CNOT 9 26
[13285] = S 9
[13286] = Z 9
[13287] = CNOT 9 26
[13288] = CNOT 9 30
[13289] = S 9
[13290] = Z 9
[13291] = CNOT 9 30
[13292] = CNOT 9 43
[13293] = S 9
[13294] = CNOT 9 43
[13295] = CNOT 9 46
[13296] = S 9
[13297] = Z 9
[13298] = CNOT 9 46
[13299] = CNOT 9 52
[13300] = Z 9
[13301] = CNOT 9 52
[13302] = CNOT 9 55
[13303] = S 9
[13304] = Z 9
[13305] = CNOT 9 55
[13306] = CNOT 9 56
[13307] = S 9
[13308] = CNOT 9 56
[13309] = CNOT 9 59
[13310] = Z 9
[13311] = CNOT 9 59
[13312] = CNOT 9 61
[13313] = S 9
[13314] = CNOT 9 61
[13315] = CNOT 9 63
[13316] = S 9
[13317] = Z 9
[13318] = CNOT 9 63
[13319] = CNOT 9 64
[13320] = S 9
[13321] = Z 9
[13322] = CNOT 9 64
[13323] = CNOT 9 65
[13324] = Z 9
[13325] = CNOT 9 65
[13326] = CNOT 9 74
[13327] = S 9
[13328] = Z 9
[13329] = CNOT 9 74
[13330] = CNOT 9 75
[13331] = Z 9
[13332] = CNOT 9 75
[13333] = CNOT 9 77
[13334] = S 9
[13335] = Z 9
[13336] = CNOT 9 77
[13337] = CNOT 9 79
[13338] = S 9
[13339] = Z 9
[13340] = CNOT 9 79
[13341] = CNOT 9 84
[13342] = S 9
[13343] = Z 9
[13344] = CNOT 9 84
[13345] = CNOT 9 14
[13346] = CNOT 9 15
[13347] = CNOT 9 16
[13348] = Z 9
[13349] = CNOT 9 16
[13350] = CNOT 9 18
[13351] = S 9
[13352] = Z 9
[13353] = CNOT 9 18
[13354] = CNOT 9 23
[13355] = S 9
[13356] = Z 9
[13357] = CNOT 9 23
[13358] = CNOT 9 25
[13359] = S 9
[13360] = Z 9
[13361] = CNOT 9 25
[13362] = CNOT 9 26
[13363] = S 9
[13364] = Z 9
[13365] = CNOT 9 26
[13366] = CNOT 9 29
[13367] = Z 9
[13368] = CNOT 9 29
[13369] = CNOT 9 30
[13370] = S 9
[13371] = CNOT 9 30
[13372] = CNOT 9 34
[13373] = Z 9
[13374] = CNOT 9 34
[13375] = CNOT 9 43
[13376] = S 9
[13377] = CNOT 9 43
[13378] = CNOT 9 46
[13379] = S 9
[13380] = Z 9
[13381] = CNOT 9 46
[13382] = CNOT 9 48
[13383] = S 9
[13384] = Z 9
[13385] = CNOT 9 48
[13386] = CNOT 9 52
[13387] = S 9
[13388] = Z 9
[13389] = CNOT 9 52
[13390] = CNOT 9 56
[13391] = S 9
[13392] = Z 9
[13393] = CNOT 9 56
[13394] = CNOT 9 59
[13395] = S 9
[13396] = Z 9
[13397] = CNOT 9 59
[13398] = CNOT 9 61
[13399] = S 9
[13400] = CNOT 9 61
[13401] = CNOT 9 63
[13402] = S 9
[13403] = Z 9
[13404] = CNOT 9 63
[13405] = CNOT 9 64
[13406] = S 9
[13407] = Z 9
[13408] = CNOT 9 64
[13409] = CNOT 9 65
[13410] = Z 9
[13411] = CNOT 9 65
[13412] = CNOT 9 74
[13413] = S 9
[13414] = Z 9
[13415] = CNOT 9 74
[13416] = CNOT 9 75
[13417] = Z 9
[13418] = CNOT 9 75
[13419] = CNOT 9 77
[13420] = S 9
[13421] = Z 9
[13422] = CNOT 9 77
[13423] = CNOT 9 79
[13424] = S 9
[13425] = Z 9
[13426] = CNOT 9 79
[13427] = CNOT 9 81
[13428] = S 9
[13429] = Z 9
[13430] = CNOT 9 81
[13431] = CNOT 9 84
[13432] = S 9
[13433] = Z 9
[13434] = CNOT 9 84
[13435] = CNOT 9 15
[13436] = CNOT 9 16
[13437] = CNOT 9 18
[13438] = S 9
[13439] = CNOT 9 18
[13440] = CNOT 9 23
[13441] = S 9
[13442] = CNOT 9 23
[13443] = CNOT 9 25
[13444] = S 9
[13445] = CNOT 9 25
[13446] = CNOT 9 26
[13447] = S 9
[13448] = CNOT 9 26
[13449] = CNOT 9 29
[13450] = S 9
[13451] = Z 9
[13452] = CNOT 9 29
[13453] = CNOT 9 30
[13454] = Z 9
[13455] = CNOT 9 30
[13456] = CNOT 9 34
[13457] = S 9
[13458] = Z 9
[13459] = CNOT 9 34
[13460] = CNOT 9 43
[13461] = S 9
[13462] = CNOT 9 43
[13463] = CNOT 9 46
[13464] = S 9
[13465] = CNOT 9 46
[13466] = CNOT 9 52
[13467] = S 9
[13468] = CNOT 9 52
[13469] = CNOT 9 56
[13470] = S 9
[13471] = CNOT 9 56
[13472] = CNOT 9 61
[13473] = S 9
[13474] = CNOT 9 61
[13475] = CNOT 9 63
[13476] = S 9
[13477] = CNOT 9 63
[13478] = CNOT 9 64
[13479] = S 9
[13480] = CNOT 9 64
[13481] = CNOT 9 77
[13482] = S 9
[13483] = CNOT 9 77
[13484] = CNOT 9 79
[13485] = S 9
[13486] = CNOT 9 79
[13487] = CNOT 9 84
[13488] = S 9
[13489] = CNOT 9 84
[13490] = CNOT 9 16
[13491] = CNOT 9 18
[13492] = CNOT 9 25
[13493] = S 9
[13494] = CNOT 9 25
[13495] = CNOT 9 26
[13496] = Z 9
[13497] = CNOT 9 26
[13498] = CNOT 9 28
[13499] = S 9
[13500] = Z 9
[13501] = CNOT 9 28
[13502] = CNOT 9 31
[13503] = S 9
[13504] = CNOT 9 31
[13505] = CNOT 9 34
[13506] = Z 9
[13507] = CNOT 9 34
[13508] = CNOT 9 35
[13509] = Z 9
[13510] = CNOT 9 35
[13511] = CNOT 9 37
[13512] = Z 9
[13513] = CNOT 9 37
[13514] = CNOT 9 38
[13515] = S 9
[13516] = Z 9
[13517] = CNOT 9 38
[13518] = CNOT 9 39
[13519] = Z 9
[13520] = CNOT 9 39
[13521] = CNOT 9 40
[13522] = S 9
[13523] = CNOT 9 40
[13524] = CNOT 9 42
[13525] = S 9
[13526] = CNOT 9 42
[13527] = CNOT 9 43
[13528] = Z 9
[13529] = CNOT 9 43
[13530] = CNOT 9 45
[13531] = Z 9
[13532] = CNOT 9 45
[13533] = CNOT 9 46
[13534] = Z 9
[13535] = CNOT 9 46
[13536] = CNOT 9 47
[13537] = S 9
[13538] = CNOT 9 47
[13539] = CNOT 9 50
[13540] = S 9
[13541] = CNOT 9 50
[13542] = CNOT 9 51
[13543] = Z 9
[13544] = CNOT 9 51
[13545] = CNOT 9 53
[13546] = S 9
[13547] = CNOT 9 53
[13548] = CNOT 9 56
[13549] = S 9
[13550] = Z 9
[13551] = CNOT 9 56
[13552] = CNOT 9 57
[13553] = S 9
[13554] = CNOT 9 57
[13555] = CNOT 9 58
[13556] = S 9
[13557] = CNOT 9 58
[13558] = CNOT 9 59
[13559] = Z 9
[13560] = CNOT 9 59
[13561] = CNOT 9 60
[13562] = S 9
[13563] = CNOT 9 60
[13564] = CNOT 9 66
[13565] = Z 9
[13566] = CNOT 9 66
[13567] = CNOT 9 67
[13568] = Z 9
[13569] = CNOT 9 67
[13570] = CNOT 9 69
[13571] = Z 9
[13572] = CNOT 9 69
[13573] = CNOT 9 71
[13574] = Z 9
[13575] = CNOT 9 71
[13576] = CNOT 9 72
[13577] = S 9
[13578] = CNOT 9 72
[13579] = CNOT 9 73
[13580] = Z 9
[13581] = CNOT 9 73
[13582] = CNOT 9 74
[13583] = S 9
[13584] = CNOT 9 74
[13585] = CNOT 9 75
[13586] = Z 9
[13587] = CNOT 9 75
[13588] = CNOT 9 76
[13589] = Z 9
[13590] = CNOT 9 76
[13591] = CNOT 9 77
[13592] = Z 9
[13593] = CNOT 9 77
[13594] = CNOT 9 80
[13595] = Z 9
[13596] = CNOT 9 80
[13597] = CNOT 9 81
[13598] = Z 9
[13599] = CNOT 9 81
[13600] = CNOT 9 82
[13601] = Z 9
[13602] = CNOT 9 82
[13603] = CNOT 9 18
[13604] = CNOT 9 23
[13605] = CNOT 9 26
[13606] = Z 9
[13607] = CNOT 9 26
[13608] = CNOT 9 28
[13609] = S 9
[13610] = Z 9
[13611] = CNOT 9 28
[13612] = CNOT 9 31
[13613] = S 9
[13614] = Z 9
[13615] = CNOT 9 31
[13616] = CNOT 9 34
[13617] = Z 9
[13618] = CNOT 9 34
[13619] = CNOT 9 35
[13620] = Z 9
[13621] = CNOT 9 35
[13622] = CNOT 9 37
[13623] = Z 9
[13624] = CNOT 9 37
[13625] = CNOT 9 38
[13626] = S 9
[13627] = Z 9
[13628] = CNOT 9 38
[13629] = CNOT 9 39
[13630] = Z 9
[13631] = CNOT 9 39
[13632] = CNOT 9 42
[13633] = S 9
[13634] = CNOT 9 42
[13635] = CNOT 9 43
[13636] = Z 9
[13637] = CNOT 9 43
[13638] = CNOT 9 47
[13639] = S 9
[13640] = CNOT 9 47
[13641] = CNOT 9 51
[13642] = Z 9
[13643] = CNOT 9 51
[13644] = CNOT 9 53
[13645] = S 9
[13646] = CNOT 9 53
[13647] = CNOT 9 56
[13648] = S 9
[13649] = Z 9
[13650] = CNOT 9 56
[13651] = CNOT 9 57
[13652] = S 9
[13653] = CNOT 9 57
[13654] = CNOT 9 58
[13655] = S 9
[13656] = CNOT 9 58
[13657] = CNOT 9 59
[13658] = Z 9
[13659] = CNOT 9 59
[13660] = CNOT 9 66
[13661] = Z 9
[13662] = CNOT 9 66
[13663] = CNOT 9 67
[13664] = Z 9
[13665] = CNOT 9 67
[13666] = CNOT 9 71
[13667] = Z 9
[13668] = CNOT 9 71
[13669] = CNOT 9 74
[13670] = S 9
[13671] = CNOT 9 74
[13672] = CNOT 9 75
[13673] = Z 9
[13674] = CNOT 9 75
[13675] = CNOT 9 76
[13676] = Z 9
[13677] = CNOT 9 76
[13678] = CNOT 9 80
[13679] = Z 9
[13680] = CNOT 9 80
[13681] = CNOT 9 81
[13682] = Z 9
[13683] = CNOT 9 81
[13684] = CNOT 9 82
[13685] = Z 9
[13686] = CNOT 9 82
[13687] = CNOT 9 23
[13688] = CNOT 9 25
[13689] = CNOT 9 28
[13690] = S 9
[13691] = Z 9
[13692] = CNOT 9 28
[13693] = CNOT 9 31
[13694] = Z 9
[13695] = CNOT 9 31
[13696] = CNOT 9 33
[13697] = Z 9
[13698] = CNOT 9 33
[13699] = CNOT 9 34
[13700] = Z 9
[13701] = CNOT 9 34
[13702] = CNOT 9 36
[13703] = S 9
[13704] = Z 9
[13705] = CNOT 9 36
[13706] = CNOT 9 38
[13707] = S 9
[13708] = Z 9
[13709] = CNOT 9 38
[13710] = CNOT 9 39
[13711] = Z 9
[13712] = CNOT 9 39
[13713] = CNOT 9 40
[13714] = S 9
[13715] = CNOT 9 40
[13716] = CNOT 9 42
[13717] = S 9
[13718] = CNOT 9 42
[13719] = CNOT 9 43
[13720] = S 9
[13721] = Z 9
[13722] = CNOT 9 43
[13723] = CNOT 9 45
[13724] = S 9
[13725] = Z 9
[13726] = CNOT 9 45
[13727] = CNOT 9 46
[13728] = S 9
[13729] = Z 9
[13730] = CNOT 9 46
[13731] = CNOT 9 47
[13732] = S 9
[13733] = CNOT 9 47
[13734] = CNOT 9 50
[13735] = Z 9
[13736] = CNOT 9 50
[13737] = CNOT 9 51
[13738] = Z 9
[13739] = CNOT 9 51
[13740] = CNOT 9 53
[13741] = Z 9
[13742] = CNOT 9 53
[13743] = CNOT 9 57
[13744] = S 9
[13745] = CNOT 9 57
[13746] = CNOT 9 58
[13747] = S 9
[13748] = CNOT 9 58
[13749] = CNOT 9 59
[13750] = Z 9
[13751] = CNOT 9 59
[13752] = CNOT 9 60
[13753] = S 9
[13754] = CNOT 9 60
[13755] = CNOT 9 61
[13756] = S 9
[13757] = CNOT 9 61
[13758] = CNOT 9 63
[13759] = S 9
[13760] = CNOT 9 63
[13761] = CNOT 9 64
[13762] = S 9
[13763] = CNOT 9 64
[13764] = CNOT 9 66
[13765] = Z 9
[13766] = CNOT 9 66
[13767] = CNOT 9 67
[13768] = Z 9
[13769] = CNOT 9 67
[13770] = CNOT 9 71
[13771] = Z 9
[13772] = CNOT 9 71
[13773] = CNOT 9 72
[13774] = S 9
[13775] = Z 9
[13776] = CNOT 9 72
[13777] = CNOT 9 74
[13778] = S 9
[13779] = CNOT 9 74
[13780] = CNOT 9 75
[13781] = Z 9
[13782] = CNOT 9 75
[13783] = CNOT 9 76
[13784] = Z 9
[13785] = CNOT 9 76
[13786] = CNOT 9 77
[13787] = S 9
[13788] = Z 9
[13789] = CNOT 9 77
[13790] = CNOT 9 79
[13791] = S 9
[13792] = CNOT 9 79
[13793] = CNOT 9 80
[13794] = Z 9
[13795] = CNOT 9 80
[13796] = CNOT 9 81
[13797] = Z 9
[13798] = CNOT 9 81
[13799] = CNOT 9 82
[13800] = Z 9
[13801] = CNOT 9 82
[13802] = CNOT 9 84
[13803] = S 9
[13804] = CNOT 9 84
[13805] = CNOT 9 25
[13806] = CNOT 9 26
[13807] = CNOT 9 28
[13808] = S 9
[13809] = Z 9
[13810] = CNOT 9 28
[13811] = CNOT 9 31
[13812] = Z 9
[13813] = CNOT 9 31
[13814] = CNOT 9 34
[13815] = Z 9
[13816] = CNOT 9 34
[13817] = CNOT 9 35
[13818] = Z 9
[13819] = CNOT 9 35
[13820] = CNOT 9 36
[13821] = S 9
[13822] = CNOT 9 36
[13823] = CNOT 9 37
[13824] = Z 9
[13825] = CNOT 9 37
[13826] = CNOT 9 38
[13827] = S 9
[13828] = Z 9
[13829] = CNOT 9 38
[13830] = CNOT 9 39
[13831] = Z 9
[13832] = CNOT 9 39
[13833] = CNOT 9 40
[13834] = S 9
[13835] = CNOT 9 40
[13836] = CNOT 9 42
[13837] = S 9
[13838] = CNOT 9 42
[13839] = CNOT 9 46
[13840] = S 9
[13841] = CNOT 9 46
[13842] = CNOT 9 47
[13843] = S 9
[13844] = CNOT 9 47
[13845] = CNOT 9 51
[13846] = Z 9
[13847] = CNOT 9 51
[13848] = CNOT 9 53
[13849] = S 9
[13850] = Z 9
[13851] = CNOT 9 53
[13852] = CNOT 9 56
[13853] = S 9
[13854] = CNOT 9 56
[13855] = CNOT 9 57
[13856] = S 9
[13857] = CNOT 9 57
[13858] = CNOT 9 58
[13859] = S 9
[13860] = CNOT 9 58
[13861] = CNOT 9 59
[13862] = Z 9
[13863] = CNOT 9 59
[13864] = CNOT 9 60
[13865] = Z 9
[13866] = CNOT 9 60
[13867] = CNOT 9 61
[13868] = Z 9
[13869] = CNOT 9 61
[13870] = CNOT 9 63
[13871] = Z 9
[13872] = CNOT 9 63
[13873] = CNOT 9 64
[13874] = S 9
[13875] = Z 9
[13876] = CNOT 9 64
[13877] = CNOT 9 66
[13878] = Z 9
[13879] = CNOT 9 66
[13880] = CNOT 9 67
[13881] = Z 9
[13882] = CNOT 9 67
[13883] = CNOT 9 69
[13884] = Z 9
[13885] = CNOT 9 69
[13886] = CNOT 9 70
[13887] = S 9
[13888] = CNOT 9 70
[13889] = CNOT 9 71
[13890] = Z 9
[13891] = CNOT 9 71
[13892] = CNOT 9 72
[13893] = Z 9
[13894] = CNOT 9 72
[13895] = CNOT 9 73
[13896] = Z 9
[13897] = CNOT 9 73
[13898] = CNOT 9 74
[13899] = S 9
[13900] = CNOT 9 74
[13901] = CNOT 9 75
[13902] = Z 9
[13903] = CNOT 9 75
[13904] = CNOT 9 76
[13905] = Z 9
[13906] = CNOT 9 76
[13907] = CNOT 9 77
[13908] = Z 9
[13909] = CNOT 9 77
[13910] = CNOT 9 79
[13911] = Z 9
[13912] = CNOT 9 79
[13913] = CNOT 9 80
[13914] = Z 9
[13915] = CNOT 9 80
[13916] = CNOT 9 81
[13917] = Z 9
[13918] = CNOT 9 81
[13919] = CNOT 9 82
[13920] = Z 9
[13921] = CNOT 9 82
[13922] = CNOT 9 84
[13923] = Z 9
[13924] = CNOT 9 84
[13925] = CNOT 9 26
[13926] = CNOT 9 27
[13927] = CNOT 9 29
[13928] = S 9
[13929] = Z 9
[13930] = CNOT 9 29
[13931] = CNOT 9 33
[13932] = Z 9
[13933] = CNOT 9 33
[13934] = CNOT 9 39
[13935] = Z 9
[13936] = CNOT 9 39
[13937] = CNOT 9 41
[13938] = S 9
[13939] = CNOT 9 41
[13940] = CNOT 9 62
[13941] = Z 9
[13942] = CNOT 9 62
[13943] = CNOT 9 66
[13944] = Z 9
[13945] = CNOT 9 66
[13946] = CNOT 9 71
[13947] = Z 9
[13948] = CNOT 9 71
[13949] = CNOT 9 27
[13950] = CNOT 9 28
[13951] = CNOT 9 46
[13952] = S 9
[13953] = Z 9
[13954] = CNOT 9 46
[13955] = CNOT 9 51
[13956] = S 9
[13957] = Z 9
[13958] = CNOT 9 51
[13959] = CNOT 9 61
[13960] = S 9
[13961] = Z 9
[13962] = CNOT 9 61
[13963] = CNOT 9 63
[13964] = S 9
[13965] = Z 9
[13966] = CNOT 9 63
[13967] = CNOT 9 64
[13968] = S 9
[13969] = Z 9
[13970] = CNOT 9 64
[13971] = CNOT 9 77
[13972] = S 9
[13973] = Z 9
[13974] = CNOT 9 77
[13975] = CNOT 9 79
[13976] = S 9
[13977] = Z 9
[13978] = CNOT 9 79
[13979] = CNOT 9 84
[13980] = S 9
[13981] = Z 9
[13982] = CNOT 9 84
[13983] = CNOT 9 28
[13984] = CNOT 9 29
[13985] = CNOT 9 30
[13986] = Z 9
[13987] = CNOT 9 30
[13988] = CNOT 9 34
[13989] = S 9
[13990] = Z 9
[13991] = CNOT 9 34
[13992] = CNOT 9 42
[13993] = S 9
[13994] = Z 9
[13995] = CNOT 9 42
[13996] = CNOT 9 43
[13997] = Z 9
[13998] = CNOT 9 43
[13999] = CNOT 9 52
[14000] = Z 9
[14001] = CNOT 9 52
[14002] = CNOT 9 56
[14003] = Z 9
[14004] = CNOT 9 56
[14005] = CNOT 9 61
[14006] = Z 9
[14007] = CNOT 9 61
[14008] = CNOT 9 29
[14009] = CNOT 9 30
[14010] = CNOT 9 34
[14011] = Z 9
[14012] = CNOT 9 34
[14013] = CNOT 9 30
[14014] = CNOT 9 31
[14015] = CNOT 9 40
[14016] = S 9
[14017] = Z 9
[14018] = CNOT 9 40
[14019] = CNOT 9 43
[14020] = S 9
[14021] = CNOT 9 43
[14022] = CNOT 9 45
[14023] = Z 9
[14024] = CNOT 9 45
[14025] = CNOT 9 46
[14026] = Z 9
[14027] = CNOT 9 46
[14028] = CNOT 9 53
[14029] = S 9
[14030] = CNOT 9 53
[14031] = CNOT 9 56
[14032] = S 9
[14033] = CNOT 9 56
[14034] = CNOT 9 61
[14035] = S 9
[14036] = CNOT 9 61
[14037] = CNOT 9 63
[14038] = S 9
[14039] = CNOT 9 63
[14040] = CNOT 9 64
[14041] = S 9
[14042] = CNOT 9 64
[14043] = CNOT 9 77
[14044] = S 9
[14045] = CNOT 9 77
[14046] = CNOT 9 79
[14047] = S 9
[14048] = CNOT 9 79
[14049] = CNOT 9 84
[14050] = S 9
[14051] = CNOT 9 84
[14052] = CNOT 9 31
[14053] = CNOT 9 33
[14054] = CNOT 9 35
[14055] = S 9
[14056] = Z 9
[14057] = CNOT 9 35
[14058] = CNOT 9 36
[14059] = Z 9
[14060] = CNOT 9 36
[14061] = CNOT 9 37
[14062] = Z 9
[14063] = CNOT 9 37
[14064] = CNOT 9 38
[14065] = S 9
[14066] = Z 9
[14067] = CNOT 9 38
[14068] = CNOT 9 39
[14069] = S 9
[14070] = Z 9
[14071] = CNOT 9 39
[14072] = CNOT 9 41
[14073] = Z 9
[14074] = CNOT 9 41
[14075] = CNOT 9 43
[14076] = Z 9
[14077] = CNOT 9 43
[14078] = CNOT 9 53
[14079] = Z 9
[14080] = CNOT 9 53
[14081] = CNOT 9 56
[14082] = Z 9
[14083] = CNOT 9 56
[14084] = CNOT 9 61
[14085] = Z 9
[14086] = CNOT 9 61
[14087] = CNOT 9 62
[14088] = Z 9
[14089] = CNOT 9 62
[14090] = CNOT 9 33
[14091] = CNOT 9 34
[14092] = CNOT 9 43
[14093] = Z 9
[14094] = CNOT 9 43
[14095] = CNOT 9 46
[14096] = Z 9
[14097] = CNOT 9 46
[14098] = CNOT 9 52
[14099] = Z 9
[14100] = CNOT 9 52
[14101] = CNOT 9 56
[14102] = Z 9
[14103] = CNOT 9 56
[14104] = CNOT 9 61
[14105] = Z 9
[14106] = CNOT 9 61
[14107] = CNOT 9 63
[14108] = Z 9
[14109] = CNOT 9 63
[14110] = CNOT 9 64
[14111] = Z 9
[14112] = CNOT 9 64
[14113] = CNOT 9 77
[14114] = Z 9
[14115] = CNOT 9 77
[14116] = CNOT 9 79
[14117] = Z 9
[14118] = CNOT 9 79
[14119] = CNOT 9 84
[14120] = Z 9
[14121] = CNOT 9 84
[14122] = CNOT 9 34
[14123] = CNOT 9 35
[14124] = CNOT 9 36
[14125] = Z 9
[14126] = CNOT 9 36
[14127] = CNOT 9 37
[14128] = S 9
[14129] = Z 9
[14130] = CNOT 9 37
[14131] = CNOT 9 43
[14132] = Z 9
[14133] = CNOT 9 43
[14134] = CNOT 9 46
[14135] = Z 9
[14136] = CNOT 9 46
[14137] = CNOT 9 53
[14138] = Z 9
[14139] = CNOT 9 53
[14140] = CNOT 9 56
[14141] = Z 9
[14142] = CNOT 9 56
[14143] = CNOT 9 61
[14144] = Z 9
[14145] = CNOT 9 61
[14146] = CNOT 9 63
[14147] = Z 9
[14148] = CNOT 9 63
[14149] = CNOT 9 64
[14150] = Z 9
[14151] = CNOT 9 64
[14152] = CNOT 9 77
[14153] = Z 9
[14154] = CNOT 9 77
[14155] = CNOT 9 79
[14156] = Z 9
[14157] = CNOT 9 79
[14158] = CNOT 9 84
[14159] = Z 9
[14160] = CNOT 9 84
[14161] = CNOT 9 35
[14162] = CNOT 9 36
[14163] = CNOT 9 37
[14164] = Z 9
[14165] = CNOT 9 36
[14166] = CNOT 9 43
[14167] = Z 9
[14168] = CNOT 9 43
[14169] = CNOT 9 46
[14170] = Z 9
[14171] = CNOT 9 46
[14172] = CNOT 9 53
[14173] = Z 9
[14174] = CNOT 9 53
[14175] = CNOT 9 56
[14176] = Z 9
[14177] = CNOT 9 56
[14178] = CNOT 9 61
[14179] = Z 9
[14180] = CNOT 9 61
[14181] = CNOT 9 63
[14182] = Z 9
[14183] = CNOT 9 63
[14184] = CNOT 9 64
[14185] = Z 9
[14186] = CNOT 9 64
[14187] = CNOT 9 77
[14188] = Z 9
[14189] = CNOT 9 77
[14190] = CNOT 9 79
[14191] = Z 9
[14192] = CNOT 9 79
[14193] = CNOT 9 84
[14194] = Z 9
[14195] = CNOT 9 84
[14196] = CNOT 9 37
[14197] = CNOT 9 38
[14198] = CNOT 9 39
[14199] = S 9
[14200] = Z 9
[14201] = CNOT 9 39
[14202] = CNOT 9 41
[14203] = Z 9
[14204] = CNOT 9 41
[14205] = CNOT 9 42
[14206] = S 9
[14207] = CNOT 9 42
[14208] = CNOT 9 43
[14209] = S 9
[14210] = Z 9
[14211] = CNOT 9 43
[14212] = CNOT 9 46
[14213] = S 9
[14214] = Z 9
[14215] = CNOT 9 46
[14216] = CNOT 9 47
[14217] = S 9
[14218] = Z 9
[14219] = CNOT 9 47
[14220] = CNOT 9 51
[14221] = S 9
[14222] = Z 9
[14223] = CNOT 9 51
[14224] = CNOT 9 57
[14225] = S 9
[14226] = Z 9
[14227] = CNOT 9 57
[14228] = CNOT 9 61
[14229] = Z 9
[14230] = CNOT 9 61
[14231] = CNOT 9 63
[14232] = S 9
[14233] = Z 9
[14234] = CNOT 9 63
[14235] = CNOT 9 64
[14236] = S 9
[14237] = Z 9
[14238] = CNOT 9 64
[14239] = CNOT 9 66
[14240] = S 9
[14241] = Z 9
[14242] = CNOT 9 66
[14243] = CNOT 9 71
[14244] = S 9
[14245] = Z 9
[14246] = CNOT 9 71
[14247] = CNOT 9 77
[14248] = S 9
[14249] = Z 9
[14250] = CNOT 9 77
[14251] = CNOT 9 80
[14252] = S 9
[14253] = Z 9
[14254] = CNOT 9 80
[14255] = CNOT 9 84
[14256] = S 9
[14257] = Z 9
[14258] = CNOT 9 84
[14259] = CNOT 9 38
[14260] = CNOT 9 39
[14261] = CNOT 9 41
[14262] = Z 9
[14263] = CNOT 9 41
[14264] = CNOT 9 46
[14265] = Z 9
[14266] = CNOT 9 46
[14267] = CNOT 9 62
[14268] = Z 9
[14269] = CNOT 9 62
[14270] = CNOT 9 63
[14271] = Z 9
[14272] = CNOT 9 63
[14273] = CNOT 9 64
[14274] = Z 9
[14275] = CNOT 9 64
[14276] = CNOT 9 77
[14277] = Z 9
[14278] = CNOT 9 77
[14279] = CNOT 9 79
[14280] = Z 9
[14281] = CNOT 9 79
[14282] = CNOT 9 84
[14283] = Z 9
[14284] = CNOT 9 84
[14285] = CNOT 9 39
[14286] = CNOT 9 40
[14287] = CNOT 9 43
[14288] = S 9
[14289] = CNOT 9 43
[14290] = CNOT 9 45
[14291] = S 9
[14292] = CNOT 9 45
[14293] = CNOT 9 46
[14294] = S 9
[14295] = Z 9
[14296] = CNOT 9 46
[14297] = CNOT 9 53
[14298] = S 9
[14299] = CNOT 9 53
[14300] = CNOT 9 56
[14301] = S 9
[14302] = CNOT 9 56
[14303] = CNOT 9 60
[14304] = S 9
[14305] = Z 9
[14306] = CNOT 9 60
[14307] = CNOT 9 61
[14308] = S 9
[14309] = CNOT 9 61
[14310] = CNOT 9 63
[14311] = S 9
[14312] = CNOT 9 63
[14313] = CNOT 9 64
[14314] = Z 9
[14315] = CNOT 9 64
[14316] = CNOT 9 77
[14317] = S 9
[14318] = CNOT 9 77
[14319] = CNOT 9 79
[14320] = S 9
[14321] = CNOT 9 79
[14322] = CNOT 9 84
[14323] = S 9
[14324] = CNOT 9 84
[14325] = CNOT 9 40
[14326] = CNOT 9 42
[14327] = CNOT 9 46
[14328] = S 9
[14329] = CNOT 9 46
[14330] = CNOT 9 57
[14331] = Z 9
[14332] = CNOT 9 57
[14333] = CNOT 9 58
[14334] = S 9
[14335] = Z 9
[14336] = CNOT 9 58
[14337] = CNOT 9 63
[14338] = S 9
[14339] = CNOT 9 63
[14340] = CNOT 9 64
[14341] = S 9
[14342] = CNOT 9 64
[14343] = CNOT 9 66
[14344] = Z 9
[14345] = CNOT 9 66
[14346] = CNOT 9 71
[14347] = Z 9
[14348] = CNOT 9 71
[14349] = CNOT 9 77
[14350] = S 9
[14351] = CNOT 9 77
[14352] = CNOT 9 79
[14353] = S 9
[14354] = CNOT 9 79
[14355] = CNOT 9 84
[14356] = S 9
[14357] = CNOT 9 84
[14358] = CNOT 9 42
[14359] = CNOT 9 43
[14360] = CNOT 9 45
[14361] = Z 9
[14362] = CNOT 9 45
[14363] = CNOT 9 50
[14364] = S 9
[14365] = CNOT 9 50
[14366] = CNOT 9 53
[14367] = S 9
[14368] = CNOT 9 53
[14369] = CNOT 9 55
[14370] = Z 9
[14371] = CNOT 9 55
[14372] = CNOT 9 56
[14373] = S 9
[14374] = Z 9
[14375] = CNOT 9 56
[14376] = CNOT 9 60
[14377] = S 9
[14378] = CNOT 9 60
[14379] = CNOT 9 61
[14380] = Z 9
[14381] = CNOT 9 61
[14382] = CNOT 9 63
[14383] = Z 9
[14384] = CNOT 9 63
[14385] = CNOT 9 64
[14386] = Z 9
[14387] = CNOT 9 64
[14388] = CNOT 9 69
[14389] = Z 9
[14390] = CNOT 9 69
[14391] = CNOT 9 72
[14392] = S 9
[14393] = CNOT 9 72
[14394] = CNOT 9 73
[14395] = Z 9
[14396] = CNOT 9 73
[14397] = CNOT 9 79
[14398] = Z 9
[14399] = CNOT 9 79
[14400] = CNOT 9 81
[14401] = Z 9
[14402] = CNOT 9 81
[14403] = CNOT 9 82
[14404] = Z 9
[14405] = CNOT 9 82
[14406] = CNOT 9 84
[14407] = Z 9
[14408] = CNOT 9 84
[14409] = CNOT 9 43
[14410] = CNOT 9 45
[14411] = CNOT 9 46
[14412] = Z 9
[14413] = CNOT 9 46
[14414] = CNOT 9 50
[14415] = S 9
[14416] = Z 9
[14417] = CNOT 9 50
[14418] = CNOT 9 53
[14419] = Z 9
[14420] = CNOT 9 53
[14421] = CNOT 9 56
[14422] = Z 9
[14423] = CNOT 9 56
[14424] = CNOT 9 60
[14425] = Z 9
[14426] = CNOT 9 60
[14427] = CNOT 9 61
[14428] = Z 9
[14429] = CNOT 9 61
[14430] = CNOT 9 63
[14431] = Z 9
[14432] = CNOT 9 63
[14433] = CNOT 9 77
[14434] = Z 9
[14435] = CNOT 9 77
[14436] = CNOT 9 79
[14437] = Z 9
[14438] = CNOT 9 79
[14439] = CNOT 9 84
[14440] = Z 9
[14441] = CNOT 9 84
[14442] = CNOT 9 45
[14443] = CNOT 9 46
[14444] = CNOT 9 47
[14445] = S 9
[14446] = CNOT 9 47
[14447] = CNOT 9 51
[14448] = Z 9
[14449] = CNOT 9 51
[14450] = CNOT 9 53
[14451] = S 9
[14452] = Z 9
[14453] = CNOT 9 53
[14454] = CNOT 9 56
[14455] = S 9
[14456] = CNOT 9 56
[14457] = CNOT 9 57
[14458] = S 9
[14459] = CNOT 9 57
[14460] = CNOT 9 58
[14461] = S 9
[14462] = CNOT 9 58
[14463] = CNOT 9 59
[14464] = Z 9
[14465] = CNOT 9 59
[14466] = CNOT 9 61
[14467] = Z 9
[14468] = CNOT 9 61
[14469] = CNOT 9 63
[14470] = Z 9
[14471] = CNOT 9 63
[14472] = CNOT 9 64
[14473] = Z 9
[14474] = CNOT 9 64
[14475] = CNOT 9 66
[14476] = Z 9
[14477] = CNOT 9 66
[14478] = CNOT 9 67
[14479] = Z 9
[14480] = CNOT 9 67
[14481] = CNOT 9 71
[14482] = Z 9
[14483] = CNOT 9 71
[14484] = CNOT 9 74
[14485] = S 9
[14486] = CNOT 9 74
[14487] = CNOT 9 75
[14488] = Z 9
[14489] = CNOT 9 75
[14490] = CNOT 9 76
[14491] = Z 9
[14492] = CNOT 9 76
[14493] = CNOT 9 77
[14494] = Z 9
[14495] = CNOT 9 77
[14496] = CNOT 9 79
[14497] = Z 9
[14498] = CNOT 9 79
[14499] = CNOT 9 80
[14500] = Z 9
[14501] = CNOT 9 80
[14502] = CNOT 9 81
[14503] = Z 9
[14504] = CNOT 9 81
[14505] = CNOT 9 82
[14506] = Z 9
[14507] = CNOT 9 82
[14508] = CNOT 9 84
[14509] = Z 9
[14510] = CNOT 9 84
[14511] = CNOT 9 46
[14512] = CNOT 9 47
[14513] = CNOT 9 51
[14514] = Z 9
[14515] = CNOT 9 51
[14516] = CNOT 9 63
[14517] = S 9
[14518] = CNOT 9 63
[14519] = CNOT 9 64
[14520] = S 9
[14521] = CNOT 9 64
[14522] = CNOT 9 67
[14523] = S 9
[14524] = Z 9
[14525] = CNOT 9 67
[14526] = CNOT 9 76
[14527] = S 9
[14528] = Z 9
[14529] = CNOT 9 76
[14530] = CNOT 9 77
[14531] = S 9
[14532] = CNOT 9 77
[14533] = CNOT 9 79
[14534] = S 9
[14535] = Z 9
[14536] = CNOT 9 79
[14537] = CNOT 9 84
[14538] = S 9
[14539] = CNOT 9 84
[14540] = CNOT 9 47
[14541] = CNOT 9 48
[14542] = CNOT 9 52
[14543] = S 9
[14544] = Z 9
[14545] = CNOT 9 52
[14546] = CNOT 9 53
[14547] = S 9
[14548] = Z 9
[14549] = CNOT 9 53
[14550] = CNOT 9 55
[14551] = S 9
[14552] = Z 9
[14553] = CNOT 9 55
[14554] = CNOT 9 56
[14555] = Z 9
[14556] = CNOT 9 56
[14557] = CNOT 9 81
[14558] = S 9
[14559] = Z 9
[14560] = CNOT 9 81
[14561] = CNOT 9 82
[14562] = S 9
[14563] = Z 9
[14564] = CNOT 9 82
[14565] = CNOT 9 48
[14566] = CNOT 9 50
[14567] = CNOT 9 53
[14568] = S 9
[14569] = CNOT 9 53
[14570] = CNOT 9 56
[14571] = S 9
[14572] = CNOT 9 56
[14573] = CNOT 9 60
[14574] = S 9
[14575] = Z 9
[14576] = CNOT 9 60
[14577] = CNOT 9 61
[14578] = S 9
[14579] = CNOT 9 61
[14580] = CNOT 9 63
[14581] = S 9
[14582] = CNOT 9 63
[14583] = CNOT 9 70
[14584] = S 9
[14585] = Z 9
[14586] = CNOT 9 70
[14587] = CNOT 9 72
[14588] = S 9
[14589] = Z 9
[14590] = CNOT 9 72
[14591] = CNOT 9 77
[14592] = S 9
[14593] = Z 9
[14594] = CNOT 9 77
[14595] = CNOT 9 79
[14596] = S 9
[14597] = CNOT 9 79
[14598] = CNOT 9 84
[14599] = S 9
[14600] = CNOT 9 84
[14601] = CNOT 9 50
[14602] = CNOT 9 51
[14603] = CNOT 9 61
[14604] = Z 9
[14605] = CNOT 9 61
[14606] = CNOT 9 63
[14607] = Z 9
[14608] = CNOT 9 63
[14609] = CNOT 9 64
[14610] = Z 9
[14611] = CNOT 9 64
[14612] = CNOT 9 67
[14613] = Z 9
[14614] = CNOT 9 67
[14615] = CNOT 9 76
[14616] = Z 9
[14617] = CNOT 9 76
[14618] = CNOT 9 77
[14619] = Z 9
[14620] = CNOT 9 77
[14621] = CNOT 9 79
[14622] = Z 9
[14623] = CNOT 9 79
[14624] = CNOT 9 84
[14625] = Z 9
[14626] = CNOT 9 84
[14627] = CNOT 9 51
[14628] = CNOT 9 52
[14629] = CNOT 9 55
[14630] = S 9
[14631] = Z 9
[14632] = CNOT 9 55
[14633] = CNOT 9 56
[14634] = Z 9
[14635] = CNOT 9 56
[14636] = CNOT 9 81
[14637] = Z 9
[14638] = CNOT 9 81
[14639] = CNOT 9 52
[14640] = CNOT 9 53
[14641] = CNOT 9 56
[14642] = S 9
[14643] = CNOT 9 56
[14644] = CNOT 9 60
[14645] = S 9
[14646] = CNOT 9 60
[14647] = CNOT 9 61
[14648] = S 9
[14649] = CNOT 9 61
[14650] = CNOT 9 63
[14651] = S 9
[14652] = CNOT 9 63
[14653] = CNOT 9 64
[14654] = S 9
[14655] = CNOT 9 64
[14656] = CNOT 9 69
[14657] = Z 9
[14658] = CNOT 9 69
[14659] = CNOT 9 72
[14660] = S 9
[14661] = CNOT 9 72
[14662] = CNOT 9 73
[14663] = Z 9
[14664] = CNOT 9 73
[14665] = CNOT 9 77
[14666] = S 9
[14667] = Z 9
[14668] = CNOT 9 77
[14669] = CNOT 9 79
[14670] = S 9
[14671] = CNOT 9 79
[14672] = CNOT 9 84
[14673] = S 9
[14674] = CNOT 9 84
[14675] = CNOT 9 53
[14676] = CNOT 9 55
[14677] = CNOT 9 59
[14678] = S 9
[14679] = Z 9
[14680] = CNOT 9 59
[14681] = CNOT 9 61
[14682] = Z 9
[14683] = CNOT 9 61
[14684] = CNOT 9 65
[14685] = Z 9
[14686] = CNOT 9 65
[14687] = CNOT 9 74
[14688] = S 9
[14689] = Z 9
[14690] = CNOT 9 74
[14691] = CNOT 9 75
[14692] = Z 9
[14693] = CNOT 9 75
[14694] = CNOT 9 81
[14695] = S 9
[14696] = Z 9
[14697] = CNOT 9 81
[14698] = CNOT 9 55
[14699] = CNOT 9 56
[14700] = CNOT 9 60
[14701] = S 9
[14702] = CNOT 9 60
[14703] = CNOT 9 61
[14704] = S 9
[14705] = Z 9
[14706] = CNOT 9 61
[14707] = CNOT 9 63
[14708] = S 9
[14709] = Z 9
[14710] = CNOT 9 63
[14711] = CNOT 9 64
[14712] = S 9
[14713] = Z 9
[14714] = CNOT 9 64
[14715] = CNOT 9 69
[14716] = Z 9
[14717] = CNOT 9 69
[14718] = CNOT 9 72
[14719] = S 9
[14720] = CNOT 9 72
[14721] = CNOT 9 73
[14722] = Z 9
[14723] = CNOT 9 73
[14724] = CNOT 9 77
[14725] = S 9
[14726] = CNOT 9 77
[14727] = CNOT 9 79
[14728] = S 9
[14729] = Z 9
[14730] = CNOT 9 79
[14731] = CNOT 9 82
[14732] = Z 9
[14733] = CNOT 9 82
[14734] = CNOT 9 84
[14735] = S 9
[14736] = Z 9
[14737] = CNOT 9 84
[14738] = CNOT 9 56
[14739] = CNOT 9 57
[14740] = CNOT 9 58
[14741] = S 9
[14742] = Z 9
[14743] = CNOT 9 58
[14744] = CNOT 9 62
[14745] = S 9
[14746] = Z 9
[14747] = CNOT 9 62
[14748] = CNOT 9 63
[14749] = S 9
[14750] = CNOT 9 63
[14751] = CNOT 9 64
[14752] = S 9
[14753] = CNOT 9 64
[14754] = CNOT 9 75
[14755] = S 9
[14756] = Z 9
[14757] = CNOT 9 75
[14758] = CNOT 9 77
[14759] = S 9
[14760] = CNOT 9 77
[14761] = CNOT 9 79
[14762] = S 9
[14763] = CNOT 9 79
[14764] = CNOT 9 84
[14765] = S 9
[14766] = CNOT 9 84
[14767] = CNOT 9 57
[14768] = CNOT 9 58
[14769] = CNOT 9 63
[14770] = S 9
[14771] = CNOT 9 63
[14772] = CNOT 9 64
[14773] = S 9
[14774] = CNOT 9 64
[14775] = CNOT 9 65
[14776] = S 9
[14777] = Z 9
[14778] = CNOT 9 65
[14779] = CNOT 9 74
[14780] = S 9
[14781] = Z 9
[14782] = CNOT 9 74
[14783] = CNOT 9 75
[14784] = Z 9
[14785] = CNOT 9 75
[14786] = CNOT 9 77
[14787] = S 9
[14788] = CNOT 9 77
[14789] = CNOT 9 79
[14790] = S 9
[14791] = CNOT 9 79
[14792] = CNOT 9 84
[14793] = S 9
[14794] = CNOT 9 84
[14795] = CNOT 9 58
[14796] = CNOT 9 59
[14797] = CNOT 9 63
[14798] = Z 9
[14799] = CNOT 9 63
[14800] = CNOT 9 64
[14801] = Z 9
[14802] = CNOT 9 64
[14803] = CNOT 9 65
[14804] = Z 9
[14805] = CNOT 9 65
[14806] = CNOT 9 74
[14807] = S 9
[14808] = Z 9
[14809] = CNOT 9 74
[14810] = CNOT 9 75
[14811] = Z 9
[14812] = CNOT 9 75
[14813] = CNOT 9 77
[14814] = Z 9
[14815] = CNOT 9 77
[14816] = CNOT 9 79
[14817] = Z 9
[14818] = CNOT 9 79
[14819] = CNOT 9 84
[14820] = Z 9
[14821] = CNOT 9 84
[14822] = CNOT 9 59
[14823] = CNOT 9 60
[14824] = CNOT 9 61
[14825] = S 9
[14826] = CNOT 9 61
[14827] = CNOT 9 63
[14828] = S 9
[14829] = CNOT 9 63
[14830] = CNOT 9 64
[14831] = S 9
[14832] = Z 9
[14833] = CNOT 9 64
[14834] = CNOT 9 77
[14835] = Z 9
[14836] = CNOT 9 77
[14837] = CNOT 9 79
[14838] = S 9
[14839] = CNOT 9 79
[14840] = CNOT 9 84
[14841] = S 9
[14842] = CNOT 9 84
[14843] = CNOT 9 60
[14844] = CNOT 9 61
[14845] = CNOT 9 69
[14846] = Z 9
[14847] = CNOT 9 69
[14848] = CNOT 9 72
[14849] = S 9
[14850] = CNOT 9 72
[14851] = CNOT 9 73
[14852] = Z 9
[14853] = CNOT 9 73
[14854] = CNOT 9 77
[14855] = Z 9
[14856] = CNOT 9 77
[14857] = CNOT 9 80
[14858] = Z 9
[14859] = CNOT 9 80
[14860] = CNOT 9 81
[14861] = Z 9
[14862] = CNOT 9 81
[14863] = CNOT 9 82
[14864] = Z 9
[14865] = CNOT 9 82
[14866] = CNOT 9 61
[14867] = CNOT 9 62
[14868] = CNOT 9 66
[14869] = Z 9
[14870] = CNOT 9 66
[14871] = CNOT 9 71
[14872] = Z 9
[14873] = CNOT 9 71
[14874] = CNOT 9 62
[14875] = CNOT 9 63
[14876] = CNOT 9 66
[14877] = Z 9
[14878] = CNOT 9 66
[14879] = CNOT 9 67
[14880] = Z 9
[14881] = CNOT 9 67
[14882] = CNOT 9 69
[14883] = Z 9
[14884] = CNOT 9 69
[14885] = CNOT 9 71
[14886] = Z 9
[14887] = CNOT 9 71
[14888] = CNOT 9 72
[14889] = S 9
[14890] = CNOT 9 72
[14891] = CNOT 9 73
[14892] = Z 9
[14893] = CNOT 9 73
[14894] = CNOT 9 74
[14895] = S 9
[14896] = CNOT 9 74
[14897] = CNOT 9 75
[14898] = Z 9
[14899] = CNOT 9 75
[14900] = CNOT 9 76
[14901] = Z 9
[14902] = CNOT 9 76
[14903] = CNOT 9 77
[14904] = Z 9
[14905] = CNOT 9 77
[14906] = CNOT 9 80
[14907] = Z 9
[14908] = CNOT 9 80
[14909] = CNOT 9 81
[14910] = Z 9
[14911] = CNOT 9 81
[14912] = CNOT 9 82
[14913] = Z 9
[14914] = CNOT 9 82
[14915] = CNOT 9 63
[14916] = CNOT 9 64
[14917] = CNOT 9 66
[14918] = Z 9
[14919] = CNOT 9 66
[14920] = CNOT 9 67
[14921] = Z 9
[14922] = CNOT 9 67
[14923] = CNOT 9 71
[14924] = Z 9
[14925] = CNOT 9 71
[14926] = CNOT 9 74
[14927] = S 9
[14928] = CNOT 9 74
[14929] = CNOT 9 75
[14930] = Z 9
[14931] = CNOT 9 75
[14932] = CNOT 9 76
[14933] = Z 9
[14934] = CNOT 9 76
[14935] = CNOT 9 80
[14936] = Z 9
[14937] = CNOT 9 80
[14938] = CNOT 9 81
[14939] = Z 9
[14940] = CNOT 9 81
[14941] = CNOT 9 82
[14942] = Z 9
[14943] = CNOT 9 82
[14944] = CNOT 9 64
[14945] = CNOT 9 65
[14946] = CNOT 9 74
[14947] = Z 9
[14948] = CNOT 9 74
[14949] = CNOT 9 65
[14950] = CNOT 9 66
[14951] = CNOT 9 71
[14952] = S 9
[14953] = Z 9
[14954] = CNOT 9 71
[14955] = CNOT 9 77
[14956] = Z 9
[14957] = CNOT 9 77
[14958] = CNOT 9 79
[14959] = Z 9
[14960] = CNOT 9 79
[14961] = CNOT 9 84
[14962] = Z 9
[14963] = CNOT 9 84
[14964] = CNOT 9 66
[14965] = CNOT 9 67
[14966] = CNOT 9 76
[14967] = S 9
[14968] = Z 9
[14969] = CNOT 9 76
[14970] = CNOT 9 77
[14971] = Z 9
[14972] = CNOT 9 77
[14973] = CNOT 9 84
[14974] = Z 9
[14975] = CNOT 9 84
[14976] = CNOT 9 67
[14977] = CNOT 9 69
[14978] = CNOT 9 70
[14979] = Z 9
[14980] = CNOT 9 70
[14981] = CNOT 9 72
[14982] = S 9
[14983] = Z 9
[14984] = CNOT 9 72
[14985] = CNOT 9 73
[14986] = S 9
[14987] = Z 9
[14988] = CNOT 9 73
[14989] = CNOT 9 79
[14990] = Z 9
[14991] = CNOT 9 79
[14992] = CNOT 9 84
[14993] = Z 9
[14994] = CNOT 9 84
[14995] = CNOT 9 69
[14996] = CNOT 9 70
[14997] = CNOT 9 72
[14998] = Z 9
[14999] = CNOT 9 72
[15000] = CNOT 9 73
[15001] = Z 9
[15002] = CNOT 9 73
[15003] = CNOT 9 70
[15004] = CNOT 9 71
[15005] = CNOT 9 77
[15006] = Z 9
[15007] = CNOT 9 77
[15008] = CNOT 9 79
[15009] = Z 9
[15010] = CNOT 9 79
[15011] = CNOT 9 84
[15012] = Z 9
[15013] = CNOT 9 84
[15014] = CNOT 9 71
[15015] = CNOT 9 72
[15016] = CNOT 9 73
[15017] = S 9
[15018] = Z 9
[15019] = CNOT 9 73
[15020] = CNOT 9 79
[15021] = S 9
[15022] = CNOT 9 79
[15023] = CNOT 9 84
[15024] = S 9
[15025] = CNOT 9 84
[15026] = CNOT 9 72
[15027] = CNOT 9 73
[15028] = CNOT 9 79
[15029] = Z 9
[15030] = CNOT 9 79
[15031] = CNOT 9 84
[15032] = Z 9
[15033] = CNOT 9 84
[15034] = CNOT 9 73
[15035] = CNOT 9 74
[15036] = CNOT 9 75
[15037] = S 9
[15038] = CNOT 9 75
[15039] = CNOT 9 77
[15040] = S 9
[15041] = CNOT 9 77
[15042] = CNOT 9 79
[15043] = S 9
[15044] = CNOT 9 79
[15045] = CNOT 9 84
[15046] = S 9
[15047] = CNOT 9 84
[15048] = CNOT 9 74
[15049] = CNOT 9 75
[15050] = CNOT 9 77
[15051] = Z 9
[15052] = CNOT 9 77
[15053] = CNOT 9 79
[15054] = Z 9
[15055] = CNOT 9 79
[15056] = CNOT 9 84
[15057] = Z 9
[15058] = CNOT 9 84
[15059] = CNOT 9 75
[15060] = CNOT 9 76
[15061] = CNOT 9 77
[15062] = Z 9
[15063] = CNOT 9 77
[15064] = CNOT 9 84
[15065] = Z 9
[15066] = CNOT 9 84
[15067] = CNOT 9 76
[15068] = CNOT 9 77
[15069] = CNOT 9 79
[15070] = Z 9
[15071] = CNOT 9 79
[15072] = CNOT 9 80
[15073] = Z 9
[15074] = CNOT 9 80
[15075] = CNOT 9 81
[15076] = Z 9
[15077] = CNOT 9 81
[15078] = CNOT 9 82
[15079] = Z 9
[15080] = CNOT 9 82
[15081] = CNOT 9 84
[15082] = Z 9
[15083] = CNOT 9 84
[15084] = CNOT 9 77
[15085] = CNOT 9 79
[15086] = CNOT 9 80
[15087] = Z 9
[15088] = CNOT 9 80
[15089] = CNOT 9 81
[15090] = Z 9
[15091] = CNOT 9 81
[15092] = CNOT 9 82
[15093] = Z 9
[15094] = CNOT 9 82
[15095] = CNOT 9 79
[15096] = CNOT 9 80
[15097] = CNOT 9 84
[15098] = Z 9
[15099] = CNOT 9 80
[15100] = CNOT 9 81
[15101] = Z 9
[15102] = CNOT 9 81
[15103] = CNOT 9 82
[15104] = Z 9
[15105] = CNOT 9 84
[15106] = CNOT 9 82
[15107] = CNOT 10 11
[15108] = CNOT 10 18
[15109] = Z 10
[15110] = CNOT 10 18
[15111] = CNOT 10 23
[15112] = Z 10
[15113] = CNOT 10 23
[15114] = CNOT 10 25
[15115] = Z 10
[15116] = CNOT 10 25
[15117] = CNOT 10 26
[15118] = Z 10
[15119] = CNOT 10 26
[15120] = CNOT 10 43
[15121] = Z 10
[15122] = CNOT 10 43
[15123] = CNOT 10 46
[15124] = Z 10
[15125] = CNOT 10 46
[15126] = CNOT 10 48
[15127] = S 10
[15128] = Z 10
[15129] = CNOT 10 48
[15130] = CNOT 10 53
[15131] = S 10
[15132] = Z 10
[15133] = CNOT 10 53
[15134] = CNOT 10 56
[15135] = Z 10
[15136] = CNOT 10 56
[15137] = CNOT 10 61
[15138] = Z 10
[15139] = CNOT 10 61
[15140] = CNOT 10 63
[15141] = Z 10
[15142] = CNOT 10 63
[15143] = CNOT 10 64
[15144] = Z 10
[15145] = CNOT 10 64
[15146] = CNOT 10 77
[15147] = Z 10
[15148] = CNOT 10 77
[15149] = CNOT 10 79
[15150] = Z 10
[15151] = CNOT 10 79
[15152] = CNOT 10 82
[15153] = S 10
[15154] = Z 10
[15155] = CNOT 10 82
[15156] = CNOT 10 84
[15157] = Z 10
[15158] = CNOT 10 84
[15159] = CNOT 10 11
[15160] = CNOT 10 12
[15161] = CNOT 10 13
[15162] = S 10
[15163] = Z 10
[15164] = CNOT 10 13
[15165] = CNOT 10 18
[15166] = S 10
[15167] = Z 10
[15168] = CNOT 10 18
[15169] = CNOT 10 23
[15170] = S 10
[15171] = Z 10
[15172] = CNOT 10 23
[15173] = CNOT 10 25
[15174] = S 10
[15175] = Z 10
[15176] = CNOT 10 25
[15177] = CNOT 10 26
[15178] = S 10
[15179] = Z 10
[15180] = CNOT 10 26
[15181] = CNOT 10 43
[15182] = S 10
[15183] = Z 10
[15184] = CNOT 10 43
[15185] = CNOT 10 46
[15186] = S 10
[15187] = Z 10
[15188] = CNOT 10 46
[15189] = CNOT 10 52
[15190] = S 10
[15191] = Z 10
[15192] = CNOT 10 52
[15193] = CNOT 10 56
[15194] = S 10
[15195] = Z 10
[15196] = CNOT 10 56
[15197] = CNOT 10 61
[15198] = S 10
[15199] = Z 10
[15200] = CNOT 10 61
[15201] = CNOT 10 63
[15202] = S 10
[15203] = Z 10
[15204] = CNOT 10 63
[15205] = CNOT 10 64
[15206] = S 10
[15207] = Z 10
[15208] = CNOT 10 64
[15209] = CNOT 10 77
[15210] = S 10
[15211] = Z 10
[15212] = CNOT 10 77
[15213] = CNOT 10 79
[15214] = S 10
[15215] = Z 10
[15216] = CNOT 10 79
[15217] = CNOT 10 84
[15218] = S 10
[15219] = Z 10
[15220] = CNOT 10 84
[15221] = CNOT 10 12
[15222] = CNOT 10 13
[15223] = CNOT 10 14
[15224] = S 10
[15225] = Z 10
[15226] = CNOT 10 14
[15227] = CNOT 10 15
[15228] = S 10
[15229] = Z 10
[15230] = CNOT 10 15
[15231] = CNOT 10 18
[15232] = Z 10
[15233] = CNOT 10 18
[15234] = CNOT 10 23
[15235] = Z 10
[15236] = CNOT 10 23
[15237] = CNOT 10 25
[15238] = Z 10
[15239] = CNOT 10 25
[15240] = CNOT 10 26
[15241] = Z 10
[15242] = CNOT 10 26
[15243] = CNOT 10 43
[15244] = Z 10
[15245] = CNOT 10 43
[15246] = CNOT 10 46
[15247] = Z 10
[15248] = CNOT 10 46
[15249] = CNOT 10 52
[15250] = S 10
[15251] = Z 10
[15252] = CNOT 10 52
[15253] = CNOT 10 56
[15254] = Z 10
[15255] = CNOT 10 56
[15256] = CNOT 10 61
[15257] = Z 10
[15258] = CNOT 10 61
[15259] = CNOT 10 63
[15260] = Z 10
[15261] = CNOT 10 63
[15262] = CNOT 10 64
[15263] = Z 10
[15264] = CNOT 10 64
[15265] = CNOT 10 77
[15266] = Z 10
[15267] = CNOT 10 77
[15268] = CNOT 10 79
[15269] = Z 10
[15270] = CNOT 10 79
[15271] = CNOT 10 84
[15272] = Z 10
[15273] = CNOT 10 84
[15274] = CNOT 10 13
[15275] = CNOT 10 14
[15276] = CNOT 10 15
[15277] = S 10
[15278] = Z 10
[15279] = CNOT 10 15
[15280] = CNOT 10 18
[15281] = S 10
[15282] = Z 10
[15283] = CNOT 10 18
[15284] = CNOT 10 23
[15285] = S 10
[15286] = Z 10
[15287] = CNOT 10 23
[15288] = CNOT 10 25
[15289] = S 10
[15290] = Z 10
[15291] = CNOT 10 25
[15292] = CNOT 10 26
[15293] = S 10
[15294] = Z 10
[15295] = CNOT 10 26
[15296] = CNOT 10 43
[15297] = S 10
[15298] = Z 10
[15299] = CNOT 10 43
[15300] = CNOT 10 46
[15301] = S 10
[15302] = Z 10
[15303] = CNOT 10 46
[15304] = CNOT 10 56
[15305] = S 10
[15306] = Z 10
[15307] = CNOT 10 56
[15308] = CNOT 10 61
[15309] = S 10
[15310] = Z 10
[15311] = CNOT 10 61
[15312] = CNOT 10 63
[15313] = S 10
[15314] = Z 10
[15315] = CNOT 10 63
[15316] = CNOT 10 64
[15317] = S 10
[15318] = Z 10
[15319] = CNOT 10 64
[15320] = CNOT 10 77
[15321] = S 10
[15322] = Z 10
[15323] = CNOT 10 77
[15324] = CNOT 10 79
[15325] = S 10
[15326] = Z 10
[15327] = CNOT 10 79
[15328] = CNOT 10 84
[15329] = S 10
[15330] = Z 10
[15331] = CNOT 10 84
[15332] = CNOT 10 14
[15333] = CNOT 10 15
[15334] = CNOT 10 18
[15335] = S 10
[15336] = Z 10
[15337] = CNOT 10 18
[15338] = CNOT 10 23
[15339] = S 10
[15340] = Z 10
[15341] = CNOT 10 23
[15342] = CNOT 10 25
[15343] = S 10
[15344] = Z 10
[15345] = CNOT 10 25
[15346] = CNOT 10 26
[15347] = S 10
[15348] = Z 10
[15349] = CNOT 10 26
[15350] = CNOT 10 43
[15351] = S 10
[15352] = Z 10
[15353] = CNOT 10 43
[15354] = CNOT 10 46
[15355] = S 10
[15356] = Z 10
[15357] = CNOT 10 46
[15358] = CNOT 10 56
[15359] = S 10
[15360] = Z 10
[15361] = CNOT 10 56
[15362] = CNOT 10 61
[15363] = S 10
[15364] = Z 10
[15365] = CNOT 10 61
[15366] = CNOT 10 63
[15367] = S 10
[15368] = Z 10
[15369] = CNOT 10 63
[15370] = CNOT 10 64
[15371] = S 10
[15372] = Z 10
[15373] = CNOT 10 64
[15374] = CNOT 10 77
[15375] = S 10
[15376] = Z 10
[15377] = CNOT 10 77
[15378] = CNOT 10 79
[15379] = S 10
[15380] = Z 10
[15381] = CNOT 10 79
[15382] = CNOT 10 84
[15383] = S 10
[15384] = Z 10
[15385] = CNOT 10 84
[15386] = CNOT 10 15
[15387] = CNOT 10 18
[15388] = CNOT 10 48
[15389] = S 10
[15390] = Z 10
[15391] = CNOT 10 48
[15392] = CNOT 10 52
[15393] = S 10
[15394] = Z 10
[15395] = CNOT 10 52
[15396] = CNOT 10 53
[15397] = S 10
[15398] = Z 10
[15399] = CNOT 10 53
[15400] = CNOT 10 82
[15401] = S 10
[15402] = Z 10
[15403] = CNOT 10 82
[15404] = CNOT 10 18
[15405] = CNOT 10 23
[15406] = CNOT 10 48
[15407] = S 10
[15408] = Z 10
[15409] = CNOT 10 48
[15410] = CNOT 10 52
[15411] = S 10
[15412] = Z 10
[15413] = CNOT 10 52
[15414] = CNOT 10 53
[15415] = S 10
[15416] = Z 10
[15417] = CNOT 10 53
[15418] = CNOT 10 82
[15419] = S 10
[15420] = Z 10
[15421] = CNOT 10 82
[15422] = CNOT 10 23
[15423] = CNOT 10 25
[15424] = CNOT 10 48
[15425] = S 10
[15426] = Z 10
[15427] = CNOT 10 48
[15428] = CNOT 10 52
[15429] = S 10
[15430] = Z 10
[15431] = CNOT 10 52
[15432] = CNOT 10 53
[15433] = S 10
[15434] = Z 10
[15435] = CNOT 10 53
[15436] = CNOT 10 82
[15437] = S 10
[15438] = Z 10
[15439] = CNOT 10 82
[15440] = CNOT 10 25
[15441] = CNOT 10 26
[15442] = CNOT 10 48
[15443] = S 10
[15444] = Z 10
[15445] = CNOT 10 48
[15446] = CNOT 10 52
[15447] = S 10
[15448] = Z 10
[15449] = CNOT 10 52
[15450] = CNOT 10 53
[15451] = S 10
[15452] = Z 10
[15453] = CNOT 10 53
[15454] = CNOT 10 82
[15455] = S 10
[15456] = Z 10
[15457] = CNOT 10 82
[15458] = CNOT 10 26
[15459] = CNOT 10 43
[15460] = CNOT 10 48
[15461] = S 10
[15462] = Z 10
[15463] = CNOT 10 48
[15464] = CNOT 10 52
[15465] = S 10
[15466] = Z 10
[15467] = CNOT 10 52
[15468] = CNOT 10 53
[15469] = S 10
[15470] = Z 10
[15471] = CNOT 10 53
[15472] = CNOT 10 82
[15473] = S 10
[15474] = Z 10
[15475] = CNOT 10 82
[15476] = CNOT 10 43
[15477] = CNOT 10 46
[15478] = CNOT 10 48
[15479] = S 10
[15480] = Z 10
[15481] = CNOT 10 48
[15482] = CNOT 10 52
[15483] = S 10
[15484] = Z 10
[15485] = CNOT 10 52
[15486] = CNOT 10 53
[15487] = S 10
[15488] = Z 10
[15489] = CNOT 10 53
[15490] = CNOT 10 82
[15491] = S 10
[15492] = Z 10
[15493] = CNOT 10 82
[15494] = CNOT 10 46
[15495] = CNOT 10 48
[15496] = CNOT 10 56
[15497] = S 10
[15498] = Z 10
[15499] = CNOT 10 56
[15500] = CNOT 10 61
[15501] = S 10
[15502] = Z 10
[15503] = CNOT 10 61
[15504] = CNOT 10 63
[15505] = S 10
[15506] = Z 10
[15507] = CNOT 10 63
[15508] = CNOT 10 64
[15509] = S 10
[15510] = Z 10
[15511] = CNOT 10 64
[15512] = CNOT 10 77
[15513] = S 10
[15514] = Z 10
[15515] = CNOT 10 77
[15516] = CNOT 10 79
[15517] = S 10
[15518] = Z 10
[15519] = CNOT 10 79
[15520] = CNOT 10 82
[15521] = S 10
[15522] = Z 10
[15523] = CNOT 10 82
[15524] = CNOT 10 84
[15525] = S 10
[15526] = Z 10
[15527] = CNOT 10 84
[15528] = CNOT 10 48
[15529] = CNOT 10 52
[15530] = CNOT 10 56
[15531] = S 10
[15532] = Z 10
[15533] = CNOT 10 56
[15534] = CNOT 10 61
[15535] = S 10
[15536] = Z 10
[15537] = CNOT 10 61
[15538] = CNOT 10 63
[15539] = S 10
[15540] = Z 10
[15541] = CNOT 10 63
[15542] = CNOT 10 64
[15543] = S 10
[15544] = Z 10
[15545] = CNOT 10 64
[15546] = CNOT 10 77
[15547] = S 10
[15548] = Z 10
[15549] = CNOT 10 77
[15550] = CNOT 10 79
[15551] = S 10
[15552] = Z 10
[15553] = CNOT 10 79
[15554] = CNOT 10 84
[15555] = S 10
[15556] = Z 10
[15557] = CNOT 10 84
[15558] = CNOT 10 52
[15559] = CNOT 10 53
[15560] = CNOT 10 56
[15561] = S 10
[15562] = Z 10
[15563] = CNOT 10 56
[15564] = CNOT 10 61
[15565] = S 10
[15566] = Z 10
[15567] = CNOT 10 61
[15568] = CNOT 10 63
[15569] = S 10
[15570] = Z 10
[15571] = CNOT 10 63
[15572] = CNOT 10 64
[15573] = S 10
[15574] = Z 10
[15575] = CNOT 10 64
[15576] = CNOT 10 77
[15577] = S 10
[15578] = Z 10
[15579] = CNOT 10 77
[15580] = CNOT 10 79
[15581] = S 10
[15582] = Z 10
[15583] = CNOT 10 79
[15584] = CNOT 10 84
[15585] = S 10
[15586] = Z 10
[15587] = CNOT 10 84
[15588] = CNOT 10 53
[15589] = CNOT 10 56
[15590] = CNOT 10 82
[15591] = S 10
[15592] = Z 10
[15593] = CNOT 10 56
[15594] = CNOT 10 61
[15595] = S 10
[15596] = Z 10
[15597] = CNOT 10 61
[15598] = CNOT 10 63
[15599] = S 10
[15600] = Z 10
[15601] = CNOT 10 63
[15602] = CNOT 10 64
[15603] = S 10
[15604] = Z 10
[15605] = CNOT 10 64
[15606] = CNOT 10 77
[15607] = S 10
[15608] = Z 10
[15609] = CNOT 10 77
[15610] = CNOT 10 79
[15611] = S 10
[15612] = Z 10
[15613] = CNOT 10 79
[15614] = CNOT 10 84
[15615] = S 10
[15616] = Z 10
[15617] = CNOT 10 84
[15618] = CNOT 10 82
[15619] = CNOT 11 12
[15620] = CNOT 11 13
[15621] = S 11
[15622] = Z 11
[15623] = CNOT 11 13
[15624] = CNOT 11 14
[15625] = S 11
[15626] = Z 11
[15627] = CNOT 11 14
[15628] = CNOT 11 15
[15629] = S 11
[15630] = CNOT 11 15
[15631] = CNOT 11 16
[15632] = S 11
[15633] = CNOT 11 16
[15634] = CNOT 11 18
[15635] = S 11
[15636] = Z 11
[15637] = CNOT 11 18
[15638] = CNOT 11 23
[15639] = S 11
[15640] = Z 11
[15641] = CNOT 11 23
[15642] = CNOT 11 25
[15643] = S 11
[15644] = Z 11
[15645] = CNOT 11 25
[15646] = CNOT 11 26
[15647] = S 11
[15648] = Z 11
[15649] = CNOT 11 26
[15650] = CNOT 11 29
[15651] = Z 11
[15652] = CNOT 11 29
[15653] = CNOT 11 34
[15654] = Z 11
[15655] = CNOT 11 34
[15656] = CNOT 11 43
[15657] = S 11
[15658] = Z 11
[15659] = CNOT 11 43
[15660] = CNOT 11 46
[15661] = S 11
[15662] = Z 11
[15663] = CNOT 11 46
[15664] = CNOT 11 52
[15665] = S 11
[15666] = Z 11
[15667] = CNOT 11 52
[15668] = CNOT 11 56
[15669] = S 11
[15670] = Z 11
[15671] = CNOT 11 56
[15672] = CNOT 11 61
[15673] = S 11
[15674] = Z 11
[15675] = CNOT 11 61
[15676] = CNOT 11 63
[15677] = S 11
[15678] = Z 11
[15679] = CNOT 11 63
[15680] = CNOT 11 64
[15681] = S 11
[15682] = Z 11
[15683] = CNOT 11 64
[15684] = CNOT 11 77
[15685] = S 11
[15686] = Z 11
[15687] = CNOT 11 77
[15688] = CNOT 11 79
[15689] = S 11
[15690] = Z 11
[15691] = CNOT 11 79
[15692] = CNOT 11 84
[15693] = S 11
[15694] = Z 11
[15695] = CNOT 11 84
[15696] = CNOT 11 12
[15697] = CNOT 11 13
[15698] = CNOT 11 14
[15699] = Z 11
[15700] = CNOT 11 14
[15701] = CNOT 11 16
[15702] = S 11
[15703] = CNOT 11 16
[15704] = CNOT 11 18
[15705] = Z 11
[15706] = CNOT 11 18
[15707] = CNOT 11 23
[15708] = Z 11
[15709] = CNOT 11 23
[15710] = CNOT 11 25
[15711] = Z 11
[15712] = CNOT 11 25
[15713] = CNOT 11 26
[15714] = Z 11
[15715] = CNOT 11 26
[15716] = CNOT 11 29
[15717] = Z 11
[15718] = CNOT 11 29
[15719] = CNOT 11 34
[15720] = Z 11
[15721] = CNOT 11 34
[15722] = CNOT 11 43
[15723] = Z 11
[15724] = CNOT 11 43
[15725] = CNOT 11 46
[15726] = Z 11
[15727] = CNOT 11 46
[15728] = CNOT 11 52
[15729] = S 11
[15730] = Z 11
[15731] = CNOT 11 52
[15732] = CNOT 11 56
[15733] = Z 11
[15734] = CNOT 11 56
[15735] = CNOT 11 61
[15736] = Z 11
[15737] = CNOT 11 61
[15738] = CNOT 11 63
[15739] = Z 11
[15740] = CNOT 11 63
[15741] = CNOT 11 64
[15742] = Z 11
[15743] = CNOT 11 64
[15744] = CNOT 11 77
[15745] = Z 11
[15746] = CNOT 11 77
[15747] = CNOT 11 79
[15748] = Z 11
[15749] = CNOT 11 79
[15750] = CNOT 11 84
[15751] = Z 11
[15752] = CNOT 11 84
[15753] = CNOT 11 13
[15754] = CNOT 11 14
[15755] = CNOT 11 15
[15756] = S 11
[15757] = Z 11
[15758] = CNOT 11 15
[15759] = CNOT 11 16
[15760] = S 11
[15761] = Z 11
[15762] = CNOT 11 16
[15763] = CNOT 11 18
[15764] = Z 11
[15765] = CNOT 11 18
[15766] = CNOT 11 23
[15767] = Z 11
[15768] = CNOT 11 23
[15769] = CNOT 11 25
[15770] = Z 11
[15771] = CNOT 11 25
[15772] = CNOT 11 26
[15773] = Z 11
[15774] = CNOT 11 26
[15775] = CNOT 11 30
[15776] = S 11
[15777] = Z 11
[15778] = CNOT 11 30
[15779] = CNOT 11 43
[15780] = Z 11
[15781] = CNOT 11 43
[15782] = CNOT 11 46
[15783] = Z 11
[15784] = CNOT 11 46
[15785] = CNOT 11 52
[15786] = S 11
[15787] = Z 11
[15788] = CNOT 11 52
[15789] = CNOT 11 56
[15790] = Z 11
[15791] = CNOT 11 56
[15792] = CNOT 11 61
[15793] = Z 11
[15794] = CNOT 11 61
[15795] = CNOT 11 63
[15796] = Z 11
[15797] = CNOT 11 63
[15798] = CNOT 11 64
[15799] = Z 11
[15800] = CNOT 11 64
[15801] = CNOT 11 77
[15802] = Z 11
[15803] = CNOT 11 77
[15804] = CNOT 11 79
[15805] = Z 11
[15806] = CNOT 11 79
[15807] = CNOT 11 84
[15808] = Z 11
[15809] = CNOT 11 84
[15810] = CNOT 11 14
[15811] = CNOT 11 15
[15812] = CNOT 11 16
[15813] = Z 11
[15814] = CNOT 11 16
[15815] = CNOT 11 18
[15816] = S 11
[15817] = Z 11
[15818] = CNOT 11 18
[15819] = CNOT 11 23
[15820] = S 11
[15821] = Z 11
[15822] = CNOT 11 23
[15823] = CNOT 11 25
[15824] = S 11
[15825] = Z 11
[15826] = CNOT 11 25
[15827] = CNOT 11 26
[15828] = S 11
[15829] = Z 11
[15830] = CNOT 11 26
[15831] = CNOT 11 29
[15832] = Z 11
[15833] = CNOT 11 29
[15834] = CNOT 11 30
[15835] = S 11
[15836] = CNOT 11 30
[15837] = CNOT 11 34
[15838] = Z 11
[15839] = CNOT 11 34
[15840] = CNOT 11 43
[15841] = S 11
[15842] = Z 11
[15843] = CNOT 11 43
[15844] = CNOT 11 46
[15845] = S 11
[15846] = Z 11
[15847] = CNOT 11 46
[15848] = CNOT 11 52
[15849] = S 11
[15850] = CNOT 11 52
[15851] = CNOT 11 55
[15852] = S 11
[15853] = Z 11
[15854] = CNOT 11 55
[15855] = CNOT 11 61
[15856] = S 11
[15857] = Z 11
[15858] = CNOT 11 61
[15859] = CNOT 11 63
[15860] = S 11
[15861] = Z 11
[15862] = CNOT 11 63
[15863] = CNOT 11 64
[15864] = S 11
[15865] = Z 11
[15866] = CNOT 11 64
[15867] = CNOT 11 77
[15868] = S 11
[15869] = Z 11
[15870] = CNOT 11 77
[15871] = CNOT 11 79
[15872] = S 11
[15873] = Z 11
[15874] = CNOT 11 79
[15875] = CNOT 11 84
[15876] = S 11
[15877] = Z 11
[15878] = CNOT 11 84
[15879] = CNOT 11 15
[15880] = CNOT 11 16
[15881] = CNOT 11 18
[15882] = S 11
[15883] = CNOT 11 18
[15884] = CNOT 11 23
[15885] = S 11
[15886] = CNOT 11 23
[15887] = CNOT 11 25
[15888] = S 11
[15889] = CNOT 11 25
[15890] = CNOT 11 26
[15891] = S 11
[15892] = CNOT 11 26
[15893] = CNOT 11 29
[15894] = S 11
[15895] = Z 11
[15896] = CNOT 11 29
[15897] = CNOT 11 30
[15898] = Z 11
[15899] = CNOT 11 30
[15900] = CNOT 11 34
[15901] = S 11
[15902] = Z 11
[15903] = CNOT 11 34
[15904] = CNOT 11 43
[15905] = S 11
[15906] = CNOT 11 43
[15907] = CNOT 11 46
[15908] = S 11
[15909] = CNOT 11 46
[15910] = CNOT 11 52
[15911] = S 11
[15912] = CNOT 11 52
[15913] = CNOT 11 56
[15914] = S 11
[15915] = CNOT 11 56
[15916] = CNOT 11 61
[15917] = S 11
[15918] = CNOT 11 61
[15919] = CNOT 11 63
[15920] = S 11
[15921] = CNOT 11 63
[15922] = CNOT 11 64
[15923] = S 11
[15924] = CNOT 11 64
[15925] = CNOT 11 77
[15926] = S 11
[15927] = CNOT 11 77
[15928] = CNOT 11 79
[15929] = S 11
[15930] = CNOT 11 79
[15931] = CNOT 11 84
[15932] = S 11
[15933] = CNOT 11 84
[15934] = CNOT 11 16
[15935] = CNOT 11 18
[15936] = CNOT 11 23
[15937] = Z 11
[15938] = CNOT 11 23
[15939] = CNOT 11 25
[15940] = Z 11
[15941] = CNOT 11 25
[15942] = CNOT 11 26
[15943] = Z 11
[15944] = CNOT 11 26
[15945] = CNOT 11 29
[15946] = Z 11
[15947] = CNOT 11 29
[15948] = CNOT 11 34
[15949] = Z 11
[15950] = CNOT 11 34
[15951] = CNOT 11 43
[15952] = Z 11
[15953] = CNOT 11 43
[15954] = CNOT 11 46
[15955] = Z 11
[15956] = CNOT 11 46
[15957] = CNOT 11 48
[15958] = Z 11
[15959] = CNOT 11 48
[15960] = CNOT 11 52
[15961] = Z 11
[15962] = CNOT 11 52
[15963] = CNOT 11 53
[15964] = S 11
[15965] = Z 11
[15966] = CNOT 11 53
[15967] = CNOT 11 55
[15968] = S 11
[15969] = Z 11
[15970] = CNOT 11 55
[15971] = CNOT 11 61
[15972] = Z 11
[15973] = CNOT 11 61
[15974] = CNOT 11 63
[15975] = Z 11
[15976] = CNOT 11 63
[15977] = CNOT 11 64
[15978] = Z 11
[15979] = CNOT 11 64
[15980] = CNOT 11 77
[15981] = Z 11
[15982] = CNOT 11 77
[15983] = CNOT 11 79
[15984] = Z 11
[15985] = CNOT 11 79
[15986] = CNOT 11 81
[15987] = S 11
[15988] = Z 11
[15989] = CNOT 11 81
[15990] = CNOT 11 82
[15991] = S 11
[15992] = Z 11
[15993] = CNOT 11 82
[15994] = CNOT 11 84
[15995] = Z 11
[15996] = CNOT 11 84
[15997] = CNOT 11 18
[15998] = CNOT 11 23
[15999] = CNOT 11 25
[16000] = Z 11
[16001] = CNOT 11 25
[16002] = CNOT 11 26
[16003] = Z 11
[16004] = CNOT 11 26
[16005] = CNOT 11 29
[16006] = Z 11
[16007] = CNOT 11 29
[16008] = CNOT 11 34
[16009] = Z 11
[16010] = CNOT 11 34
[16011] = CNOT 11 43
[16012] = Z 11
[16013] = CNOT 11 43
[16014] = CNOT 11 46
[16015] = Z 11
[16016] = CNOT 11 46
[16017] = CNOT 11 48
[16018] = Z 11
[16019] = CNOT 11 48
[16020] = CNOT 11 52
[16021] = Z 11
[16022] = CNOT 11 52
[16023] = CNOT 11 53
[16024] = S 11
[16025] = Z 11
[16026] = CNOT 11 53
[16027] = CNOT 11 55
[16028] = S 11
[16029] = Z 11
[16030] = CNOT 11 55
[16031] = CNOT 11 61
[16032] = Z 11
[16033] = CNOT 11 61
[16034] = CNOT 11 63
[16035] = Z 11
[16036] = CNOT 11 63
[16037] = CNOT 11 64
[16038] = Z 11
[16039] = CNOT 11 64
[16040] = CNOT 11 77
[16041] = Z 11
[16042] = CNOT 11 77
[16043] = CNOT 11 79
[16044] = Z 11
[16045] = CNOT 11 79
[16046] = CNOT 11 81
[16047] = S 11
[16048] = Z 11
[16049] = CNOT 11 81
[16050] = CNOT 11 82
[16051] = S 11
[16052] = Z 11
[16053] = CNOT 11 82
[16054] = CNOT 11 84
[16055] = Z 11
[16056] = CNOT 11 84
[16057] = CNOT 11 23
[16058] = CNOT 11 25
[16059] = CNOT 11 26
[16060] = Z 11
[16061] = CNOT 11 26
[16062] = CNOT 11 29
[16063] = Z 11
[16064] = CNOT 11 29
[16065] = CNOT 11 34
[16066] = Z 11
[16067] = CNOT 11 34
[16068] = CNOT 11 43
[16069] = Z 11
[16070] = CNOT 11 43
[16071] = CNOT 11 46
[16072] = Z 11
[16073] = CNOT 11 46
[16074] = CNOT 11 48
[16075] = Z 11
[16076] = CNOT 11 48
[16077] = CNOT 11 52
[16078] = Z 11
[16079] = CNOT 11 52
[16080] = CNOT 11 53
[16081] = S 11
[16082] = Z 11
[16083] = CNOT 11 53
[16084] = CNOT 11 55
[16085] = S 11
[16086] = Z 11
[16087] = CNOT 11 55
[16088] = CNOT 11 61
[16089] = Z 11
[16090] = CNOT 11 61
[16091] = CNOT 11 63
[16092] = Z 11
[16093] = CNOT 11 63
[16094] = CNOT 11 64
[16095] = Z 11
[16096] = CNOT 11 64
[16097] = CNOT 11 77
[16098] = Z 11
[16099] = CNOT 11 77
[16100] = CNOT 11 79
[16101] = Z 11
[16102] = CNOT 11 79
[16103] = CNOT 11 81
[16104] = S 11
[16105] = Z 11
[16106] = CNOT 11 81
[16107] = CNOT 11 82
[16108] = S 11
[16109] = Z 11
[16110] = CNOT 11 82
[16111] = CNOT 11 84
[16112] = Z 11
[16113] = CNOT 11 84
[16114] = CNOT 11 25
[16115] = CNOT 11 26
[16116] = CNOT 11 29
[16117] = Z 11
[16118] = CNOT 11 29
[16119] = CNOT 11 34
[16120] = Z 11
[16121] = CNOT 11 34
[16122] = CNOT 11 43
[16123] = Z 11
[16124] = CNOT 11 43
[16125] = CNOT 11 46
[16126] = Z 11
[16127] = CNOT 11 46
[16128] = CNOT 11 48
[16129] = Z 11
[16130] = CNOT 11 48
[16131] = CNOT 11 52
[16132] = Z 11
[16133] = CNOT 11 52
[16134] = CNOT 11 53
[16135] = S 11
[16136] = Z 11
[16137] = CNOT 11 53
[16138] = CNOT 11 55
[16139] = S 11
[16140] = Z 11
[16141] = CNOT 11 55
[16142] = CNOT 11 61
[16143] = Z 11
[16144] = CNOT 11 61
[16145] = CNOT 11 63
[16146] = Z 11
[16147] = CNOT 11 63
[16148] = CNOT 11 64
[16149] = Z 11
[16150] = CNOT 11 64
[16151] = CNOT 11 77
[16152] = Z 11
[16153] = CNOT 11 77
[16154] = CNOT 11 79
[16155] = Z 11
[16156] = CNOT 11 79
[16157] = CNOT 11 81
[16158] = S 11
[16159] = Z 11
[16160] = CNOT 11 81
[16161] = CNOT 11 82
[16162] = S 11
[16163] = Z 11
[16164] = CNOT 11 82
[16165] = CNOT 11 84
[16166] = Z 11
[16167] = CNOT 11 84
[16168] = CNOT 11 26
[16169] = CNOT 11 29
[16170] = CNOT 11 30
[16171] = Z 11
[16172] = CNOT 11 30
[16173] = CNOT 11 34
[16174] = S 11
[16175] = Z 11
[16176] = CNOT 11 34
[16177] = CNOT 11 43
[16178] = Z 11
[16179] = CNOT 11 43
[16180] = CNOT 11 46
[16181] = Z 11
[16182] = CNOT 11 46
[16183] = CNOT 11 52
[16184] = Z 11
[16185] = CNOT 11 52
[16186] = CNOT 11 56
[16187] = Z 11
[16188] = CNOT 11 56
[16189] = CNOT 11 61
[16190] = Z 11
[16191] = CNOT 11 61
[16192] = CNOT 11 63
[16193] = Z 11
[16194] = CNOT 11 63
[16195] = CNOT 11 64
[16196] = Z 11
[16197] = CNOT 11 64
[16198] = CNOT 11 77
[16199] = Z 11
[16200] = CNOT 11 77
[16201] = CNOT 11 79
[16202] = Z 11
[16203] = CNOT 11 79
[16204] = CNOT 11 84
[16205] = Z 11
[16206] = CNOT 11 84
[16207] = CNOT 11 29
[16208] = CNOT 11 30
[16209] = CNOT 11 34
[16210] = Z 11
[16211] = CNOT 11 30
[16212] = CNOT 11 43
[16213] = Z 11
[16214] = CNOT 11 43
[16215] = CNOT 11 46
[16216] = Z 11
[16217] = CNOT 11 46
[16218] = CNOT 11 52
[16219] = Z 11
[16220] = CNOT 11 52
[16221] = CNOT 11 56
[16222] = Z 11
[16223] = CNOT 11 56
[16224] = CNOT 11 61
[16225] = Z 11
[16226] = CNOT 11 61
[16227] = CNOT 11 63
[16228] = Z 11
[16229] = CNOT 11 63
[16230] = CNOT 11 64
[16231] = Z 11
[16232] = CNOT 11 64
[16233] = CNOT 11 77
[16234] = Z 11
[16235] = CNOT 11 77
[16236] = CNOT 11 79
[16237] = Z 11
[16238] = CNOT 11 79
[16239] = CNOT 11 84
[16240] = Z 11
[16241] = CNOT 11 84
[16242] = CNOT 11 34
[16243] = CNOT 11 43
[16244] = CNOT 11 46
[16245] = Z 11
[16246] = CNOT 11 46
[16247] = CNOT 11 48
[16248] = Z 11
[16249] = CNOT 11 48
[16250] = CNOT 11 52
[16251] = Z 11
[16252] = CNOT 11 52
[16253] = CNOT 11 53
[16254] = S 11
[16255] = Z 11
[16256] = CNOT 11 53
[16257] = CNOT 11 55
[16258] = S 11
[16259] = Z 11
[16260] = CNOT 11 55
[16261] = CNOT 11 61
[16262] = Z 11
[16263] = CNOT 11 61
[16264] = CNOT 11 63
[16265] = Z 11
[16266] = CNOT 11 63
[16267] = CNOT 11 64
[16268] = Z 11
[16269] = CNOT 11 64
[16270] = CNOT 11 77
[16271] = Z 11
[16272] = CNOT 11 77
[16273] = CNOT 11 79
[16274] = Z 11
[16275] = CNOT 11 79
[16276] = CNOT 11 81
[16277] = S 11
[16278] = Z 11
[16279] = CNOT 11 81
[16280] = CNOT 11 82
[16281] = S 11
[16282] = Z 11
[16283] = CNOT 11 82
[16284] = CNOT 11 84
[16285] = Z 11
[16286] = CNOT 11 84
[16287] = CNOT 11 43
[16288] = CNOT 11 46
[16289] = CNOT 11 48
[16290] = Z 11
[16291] = CNOT 11 48
[16292] = CNOT 11 52
[16293] = Z 11
[16294] = CNOT 11 52
[16295] = CNOT 11 53
[16296] = S 11
[16297] = Z 11
[16298] = CNOT 11 53
[16299] = CNOT 11 55
[16300] = S 11
[16301] = Z 11
[16302] = CNOT 11 55
[16303] = CNOT 11 61
[16304] = Z 11
[16305] = CNOT 11 61
[16306] = CNOT 11 63
[16307] = Z 11
[16308] = CNOT 11 63
[16309] = CNOT 11 64
[16310] = Z 11
[16311] = CNOT 11 64
[16312] = CNOT 11 77
[16313] = Z 11
[16314] = CNOT 11 77
[16315] = CNOT 11 79
[16316] = Z 11
[16317] = CNOT 11 79
[16318] = CNOT 11 81
[16319] = S 11
[16320] = Z 11
[16321] = CNOT 11 81
[16322] = CNOT 11 82
[16323] = S 11
[16324] = Z 11
[16325] = CNOT 11 82
[16326] = CNOT 11 84
[16327] = Z 11
[16328] = CNOT 11 84
[16329] = CNOT 11 46
[16330] = CNOT 11 48
[16331] = CNOT 11 56
[16332] = Z 11
[16333] = CNOT 11 56
[16334] = CNOT 11 61
[16335] = Z 11
[16336] = CNOT 11 61
[16337] = CNOT 11 63
[16338] = Z 11
[16339] = CNOT 11 63
[16340] = CNOT 11 64
[16341] = Z 11
[16342] = CNOT 11 64
[16343] = CNOT 11 77
[16344] = Z 11
[16345] = CNOT 11 77
[16346] = CNOT 11 79
[16347] = Z 11
[16348] = CNOT 11 79
[16349] = CNOT 11 82
[16350] = S 11
[16351] = Z 11
[16352] = CNOT 11 82
[16353] = CNOT 11 84
[16354] = Z 11
[16355] = CNOT 11 84
[16356] = CNOT 11 48
[16357] = CNOT 11 52
[16358] = CNOT 11 56
[16359] = S 11
[16360] = Z 11
[16361] = CNOT 11 56
[16362] = CNOT 11 61
[16363] = Z 11
[16364] = CNOT 11 61
[16365] = CNOT 11 63
[16366] = Z 11
[16367] = CNOT 11 63
[16368] = CNOT 11 64
[16369] = Z 11
[16370] = CNOT 11 64
[16371] = CNOT 11 77
[16372] = Z 11
[16373] = CNOT 11 77
[16374] = CNOT 11 79
[16375] = Z 11
[16376] = CNOT 11 79
[16377] = CNOT 11 81
[16378] = S 11
[16379] = Z 11
[16380] = CNOT 11 81
[16381] = CNOT 11 84
[16382] = Z 11
[16383] = CNOT 11 84
[16384] = CNOT 11 52
[16385] = CNOT 11 53
[16386] = CNOT 11 56
[16387] = S 11
[16388] = Z 11
[16389] = CNOT 11 56
[16390] = CNOT 11 61
[16391] = S 11
[16392] = Z 11
[16393] = CNOT 11 61
[16394] = CNOT 11 63
[16395] = S 11
[16396] = Z 11
[16397] = CNOT 11 63
[16398] = CNOT 11 64
[16399] = S 11
[16400] = Z 11
[16401] = CNOT 11 64
[16402] = CNOT 11 77
[16403] = S 11
[16404] = Z 11
[16405] = CNOT 11 77
[16406] = CNOT 11 79
[16407] = S 11
[16408] = Z 11
[16409] = CNOT 11 79
[16410] = CNOT 11 84
[16411] = S 11
[16412] = Z 11
[16413] = CNOT 11 84
[16414] = CNOT 11 53
[16415] = CNOT 11 55
[16416] = CNOT 11 61
[16417] = S 11
[16418] = Z 11
[16419] = CNOT 11 61
[16420] = CNOT 11 63
[16421] = S 11
[16422] = Z 11
[16423] = CNOT 11 63
[16424] = CNOT 11 64
[16425] = S 11
[16426] = Z 11
[16427] = CNOT 11 64
[16428] = CNOT 11 77
[16429] = S 11
[16430] = Z 11
[16431] = CNOT 11 77
[16432] = CNOT 11 79
[16433] = S 11
[16434] = Z 11
[16435] = CNOT 11 79
[16436] = CNOT 11 84
[16437] = S 11
[16438] = Z 11
[16439] = CNOT 11 84
[16440] = CNOT 11 55
[16441] = CNOT 11 56
[16442] = CNOT 11 82
[16443] = S 11
[16444] = Z 11
[16445] = CNOT 11 82
[16446] = CNOT 11 56
[16447] = CNOT 11 61
[16448] = CNOT 11 63
[16449] = Z 11
[16450] = CNOT 11 63
[16451] = CNOT 11 64
[16452] = Z 11
[16453] = CNOT 11 64
[16454] = CNOT 11 77
[16455] = Z 11
[16456] = CNOT 11 77
[16457] = CNOT 11 79
[16458] = Z 11
[16459] = CNOT 11 79
[16460] = CNOT 11 81
[16461] = S 11
[16462] = Z 11
[16463] = CNOT 11 81
[16464] = CNOT 11 82
[16465] = S 11
[16466] = Z 11
[16467] = CNOT 11 82
[16468] = CNOT 11 84
[16469] = Z 11
[16470] = CNOT 11 84
[16471] = CNOT 11 61
[16472] = CNOT 11 63
[16473] = CNOT 11 64
[16474] = Z 11
[16475] = CNOT 11 64
[16476] = CNOT 11 77
[16477] = Z 11
[16478] = CNOT 11 77
[16479] = CNOT 11 79
[16480] = Z 11
[16481] = CNOT 11 79
[16482] = CNOT 11 81
[16483] = S 11
[16484] = Z 11
[16485] = CNOT 11 81
[16486] = CNOT 11 82
[16487] = S 11
[16488] = Z 11
[16489] = CNOT 11 82
[16490] = CNOT 11 84
[16491] = Z 11
[16492] = CNOT 11 84
[16493] = CNOT 11 63
[16494] = CNOT 11 64
[16495] = CNOT 11 77
[16496] = Z 11
[16497] = CNOT 11 77
[16498] = CNOT 11 79
[16499] = Z 11
[16500] = CNOT 11 79
[16501] = CNOT 11 81
[16502] = S 11
[16503] = Z 11
[16504] = CNOT 11 81
[16505] = CNOT 11 82
[16506] = S 11
[16507] = Z 11
[16508] = CNOT 11 82
[16509] = CNOT 11 84
[16510] = Z 11
[16511] = CNOT 11 84
[16512] = CNOT 11 64
[16513] = CNOT 11 77
[16514] = CNOT 11 79
[16515] = Z 11
[16516] = CNOT 11 79
[16517] = CNOT 11 81
[16518] = S 11
[16519] = Z 11
[16520] = CNOT 11 81
[16521] = CNOT 11 82
[16522] = S 11
[16523] = Z 11
[16524] = CNOT 11 82
[16525] = CNOT 11 84
[16526] = Z 11
[16527] = CNOT 11 84
[16528] = CNOT 11 77
[16529] = CNOT 11 79
[16530] = CNOT 11 81
[16531] = S 11
[16532] = Z 11
[16533] = CNOT 11 81
[16534] = CNOT 11 82
[16535] = S 11
[16536] = Z 11
[16537] = CNOT 11 82
[16538] = CNOT 11 84
[16539] = Z 11
[16540] = CNOT 11 79
[16541] = CNOT 11 81
[16542] = S 11
[16543] = Z 11
[16544] = CNOT 11 81
[16545] = CNOT 11 82
[16546] = S 11
[16547] = Z 11
[16548] = CNOT 11 84
[16549] = CNOT 11 82
[16550] = CNOT 12 13
[16551] = CNOT 12 14
[16552] = Z 12
[16553] = CNOT 12 14
[16554] = CNOT 12 16
[16555] = S 12
[16556] = CNOT 12 16
[16557] = CNOT 12 18
[16558] = Z 12
[16559] = CNOT 12 18
[16560] = CNOT 12 23
[16561] = Z 12
[16562] = CNOT 12 23
[16563] = CNOT 12 25
[16564] = Z 12
[16565] = CNOT 12 25
[16566] = CNOT 12 26
[16567] = Z 12
[16568] = CNOT 12 26
[16569] = CNOT 12 29
[16570] = Z 12
[16571] = CNOT 12 29
[16572] = CNOT 12 34
[16573] = Z 12
[16574] = CNOT 12 34
[16575] = CNOT 12 43
[16576] = Z 12
[16577] = CNOT 12 43
[16578] = CNOT 12 46
[16579] = Z 12
[16580] = CNOT 12 46
[16581] = CNOT 12 52
[16582] = Z 12
[16583] = CNOT 12 52
[16584] = CNOT 12 56
[16585] = Z 12
[16586] = CNOT 12 56
[16587] = CNOT 12 61
[16588] = Z 12
[16589] = CNOT 12 61
[16590] = CNOT 12 63
[16591] = Z 12
[16592] = CNOT 12 63
[16593] = CNOT 12 64
[16594] = Z 12
[16595] = CNOT 12 64
[16596] = CNOT 12 77
[16597] = Z 12
[16598] = CNOT 12 77
[16599] = CNOT 12 79
[16600] = Z 12
[16601] = CNOT 12 79
[16602] = CNOT 12 84
[16603] = Z 12
[16604] = CNOT 12 84
[16605] = CNOT 12 13
[16606] = CNOT 12 14
[16607] = CNOT 12 15
[16608] = S 12
[16609] = Z 12
[16610] = CNOT 12 15
[16611] = CNOT 12 16
[16612] = S 12
[16613] = Z 12
[16614] = CNOT 12 16
[16615] = CNOT 12 18
[16616] = Z 12
[16617] = CNOT 12 18
[16618] = CNOT 12 23
[16619] = Z 12
[16620] = CNOT 12 23
[16621] = CNOT 12 25
[16622] = Z 12
[16623] = CNOT 12 25
[16624] = CNOT 12 26
[16625] = Z 12
[16626] = CNOT 12 26
[16627] = CNOT 12 30
[16628] = S 12
[16629] = Z 12
[16630] = CNOT 12 30
[16631] = CNOT 12 43
[16632] = Z 12
[16633] = CNOT 12 43
[16634] = CNOT 12 46
[16635] = Z 12
[16636] = CNOT 12 46
[16637] = CNOT 12 52
[16638] = Z 12
[16639] = CNOT 12 52
[16640] = CNOT 12 56
[16641] = Z 12
[16642] = CNOT 12 56
[16643] = CNOT 12 61
[16644] = Z 12
[16645] = CNOT 12 61
[16646] = CNOT 12 63
[16647] = Z 12
[16648] = CNOT 12 63
[16649] = CNOT 12 64
[16650] = Z 12
[16651] = CNOT 12 64
[16652] = CNOT 12 77
[16653] = Z 12
[16654] = CNOT 12 77
[16655] = CNOT 12 79
[16656] = Z 12
[16657] = CNOT 12 79
[16658] = CNOT 12 84
[16659] = Z 12
[16660] = CNOT 12 84
[16661] = CNOT 12 14
[16662] = CNOT 12 15
[16663] = CNOT 12 16
[16664] = Z 12
[16665] = CNOT 12 16
[16666] = CNOT 12 29
[16667] = Z 12
[16668] = CNOT 12 29
[16669] = CNOT 12 30
[16670] = S 12
[16671] = CNOT 12 30
[16672] = CNOT 12 34
[16673] = Z 12
[16674] = CNOT 12 34
[16675] = CNOT 12 15
[16676] = CNOT 12 16
[16677] = CNOT 12 18
[16678] = S 12
[16679] = CNOT 12 18
[16680] = CNOT 12 23
[16681] = S 12
[16682] = CNOT 12 23
[16683] = CNOT 12 25
[16684] = S 12
[16685] = CNOT 12 25
[16686] = CNOT 12 26
[16687] = S 12
[16688] = CNOT 12 26
[16689] = CNOT 12 29
[16690] = S 12
[16691] = Z 12
[16692] = CNOT 12 29
[16693] = CNOT 12 30
[16694] = Z 12
[16695] = CNOT 12 30
[16696] = CNOT 12 34
[16697] = S 12
[16698] = Z 12
[16699] = CNOT 12 34
[16700] = CNOT 12 43
[16701] = S 12
[16702] = CNOT 12 43
[16703] = CNOT 12 46
[16704] = S 12
[16705] = CNOT 12 46
[16706] = CNOT 12 52
[16707] = S 12
[16708] = CNOT 12 52
[16709] = CNOT 12 56
[16710] = S 12
[16711] = CNOT 12 56
[16712] = CNOT 12 61
[16713] = S 12
[16714] = CNOT 12 61
[16715] = CNOT 12 63
[16716] = S 12
[16717] = CNOT 12 63
[16718] = CNOT 12 64
[16719] = S 12
[16720] = CNOT 12 64
[16721] = CNOT 12 77
[16722] = S 12
[16723] = CNOT 12 77
[16724] = CNOT 12 79
[16725] = S 12
[16726] = CNOT 12 79
[16727] = CNOT 12 84
[16728] = S 12
[16729] = CNOT 12 84
[16730] = CNOT 12 16
[16731] = CNOT 12 18
[16732] = CNOT 12 23
[16733] = Z 12
[16734] = CNOT 12 23
[16735] = CNOT 12 25
[16736] = Z 12
[16737] = CNOT 12 25
[16738] = CNOT 12 26
[16739] = Z 12
[16740] = CNOT 12 26
[16741] = CNOT 12 29
[16742] = Z 12
[16743] = CNOT 12 29
[16744] = CNOT 12 34
[16745] = Z 12
[16746] = CNOT 12 34
[16747] = CNOT 12 43
[16748] = Z 12
[16749] = CNOT 12 43
[16750] = CNOT 12 46
[16751] = Z 12
[16752] = CNOT 12 46
[16753] = CNOT 12 52
[16754] = Z 12
[16755] = CNOT 12 52
[16756] = CNOT 12 56
[16757] = Z 12
[16758] = CNOT 12 56
[16759] = CNOT 12 61
[16760] = Z 12
[16761] = CNOT 12 61
[16762] = CNOT 12 63
[16763] = Z 12
[16764] = CNOT 12 63
[16765] = CNOT 12 64
[16766] = Z 12
[16767] = CNOT 12 64
[16768] = CNOT 12 77
[16769] = Z 12
[16770] = CNOT 12 77
[16771] = CNOT 12 79
[16772] = Z 12
[16773] = CNOT 12 79
[16774] = CNOT 12 84
[16775] = Z 12
[16776] = CNOT 12 84
[16777] = CNOT 12 18
[16778] = CNOT 12 23
[16779] = CNOT 12 25
[16780] = Z 12
[16781] = CNOT 12 25
[16782] = CNOT 12 26
[16783] = Z 12
[16784] = CNOT 12 26
[16785] = CNOT 12 29
[16786] = Z 12
[16787] = CNOT 12 29
[16788] = CNOT 12 34
[16789] = Z 12
[16790] = CNOT 12 34
[16791] = CNOT 12 43
[16792] = Z 12
[16793] = CNOT 12 43
[16794] = CNOT 12 46
[16795] = Z 12
[16796] = CNOT 12 46
[16797] = CNOT 12 52
[16798] = Z 12
[16799] = CNOT 12 52
[16800] = CNOT 12 56
[16801] = Z 12
[16802] = CNOT 12 56
[16803] = CNOT 12 61
[16804] = Z 12
[16805] = CNOT 12 61
[16806] = CNOT 12 63
[16807] = Z 12
[16808] = CNOT 12 63
[16809] = CNOT 12 64
[16810] = Z 12
[16811] = CNOT 12 64
[16812] = CNOT 12 77
[16813] = Z 12
[16814] = CNOT 12 77
[16815] = CNOT 12 79
[16816] = Z 12
[16817] = CNOT 12 79
[16818] = CNOT 12 84
[16819] = Z 12
[16820] = CNOT 12 84
[16821] = CNOT 12 23
[16822] = CNOT 12 25
[16823] = CNOT 12 26
[16824] = Z 12
[16825] = CNOT 12 26
[16826] = CNOT 12 29
[16827] = Z 12
[16828] = CNOT 12 29
[16829] = CNOT 12 34
[16830] = Z 12
[16831] = CNOT 12 34
[16832] = CNOT 12 43
[16833] = Z 12
[16834] = CNOT 12 43
[16835] = CNOT 12 46
[16836] = Z 12
[16837] = CNOT 12 46
[16838] = CNOT 12 52
[16839] = Z 12
[16840] = CNOT 12 52
[16841] = CNOT 12 56
[16842] = Z 12
[16843] = CNOT 12 56
[16844] = CNOT 12 61
[16845] = Z 12
[16846] = CNOT 12 61
[16847] = CNOT 12 63
[16848] = Z 12
[16849] = CNOT 12 63
[16850] = CNOT 12 64
[16851] = Z 12
[16852] = CNOT 12 64
[16853] = CNOT 12 77
[16854] = Z 12
[16855] = CNOT 12 77
[16856] = CNOT 12 79
[16857] = Z 12
[16858] = CNOT 12 79
[16859] = CNOT 12 84
[16860] = Z 12
[16861] = CNOT 12 84
[16862] = CNOT 12 25
[16863] = CNOT 12 26
[16864] = CNOT 12 29
[16865] = Z 12
[16866] = CNOT 12 29
[16867] = CNOT 12 34
[16868] = Z 12
[16869] = CNOT 12 34
[16870] = CNOT 12 43
[16871] = Z 12
[16872] = CNOT 12 43
[16873] = CNOT 12 46
[16874] = Z 12
[16875] = CNOT 12 46
[16876] = CNOT 12 52
[16877] = Z 12
[16878] = CNOT 12 52
[16879] = CNOT 12 56
[16880] = Z 12
[16881] = CNOT 12 56
[16882] = CNOT 12 61
[16883] = Z 12
[16884] = CNOT 12 61
[16885] = CNOT 12 63
[16886] = Z 12
[16887] = CNOT 12 63
[16888] = CNOT 12 64
[16889] = Z 12
[16890] = CNOT 12 64
[16891] = CNOT 12 77
[16892] = Z 12
[16893] = CNOT 12 77
[16894] = CNOT 12 79
[16895] = Z 12
[16896] = CNOT 12 79
[16897] = CNOT 12 84
[16898] = Z 12
[16899] = CNOT 12 84
[16900] = CNOT 12 26
[16901] = CNOT 12 29
[16902] = CNOT 12 30
[16903] = Z 12
[16904] = CNOT 12 30
[16905] = CNOT 12 34
[16906] = S 12
[16907] = Z 12
[16908] = CNOT 12 34
[16909] = CNOT 12 43
[16910] = Z 12
[16911] = CNOT 12 43
[16912] = CNOT 12 46
[16913] = Z 12
[16914] = CNOT 12 46
[16915] = CNOT 12 52
[16916] = Z 12
[16917] = CNOT 12 52
[16918] = CNOT 12 56
[16919] = Z 12
[16920] = CNOT 12 56
[16921] = CNOT 12 61
[16922] = Z 12
[16923] = CNOT 12 61
[16924] = CNOT 12 63
[16925] = Z 12
[16926] = CNOT 12 63
[16927] = CNOT 12 64
[16928] = Z 12
[16929] = CNOT 12 64
[16930] = CNOT 12 77
[16931] = Z 12
[16932] = CNOT 12 77
[16933] = CNOT 12 79
[16934] = Z 12
[16935] = CNOT 12 79
[16936] = CNOT 12 84
[16937] = Z 12
[16938] = CNOT 12 84
[16939] = CNOT 12 29
[16940] = CNOT 12 30
[16941] = CNOT 12 34
[16942] = Z 12
[16943] = CNOT 12 30
[16944] = CNOT 12 43
[16945] = Z 12
[16946] = CNOT 12 43
[16947] = CNOT 12 46
[16948] = Z 12
[16949] = CNOT 12 46
[16950] = CNOT 12 52
[16951] = Z 12
[16952] = CNOT 12 52
[16953] = CNOT 12 56
[16954] = Z 12
[16955] = CNOT 12 56
[16956] = CNOT 12 61
[16957] = Z 12
[16958] = CNOT 12 61
[16959] = CNOT 12 63
[16960] = Z 12
[16961] = CNOT 12 63
[16962] = CNOT 12 64
[16963] = Z 12
[16964] = CNOT 12 64
[16965] = CNOT 12 77
[16966] = Z 12
[16967] = CNOT 12 77
[16968] = CNOT 12 79
[16969] = Z 12
[16970] = CNOT 12 79
[16971] = CNOT 12 84
[16972] = Z 12
[16973] = CNOT 12 84
[16974] = CNOT 12 34
[16975] = CNOT 12 43
[16976] = CNOT 12 46
[16977] = Z 12
[16978] = CNOT 12 46
[16979] = CNOT 12 52
[16980] = Z 12
[16981] = CNOT 12 52
[16982] = CNOT 12 56
[16983] = Z 12
[16984] = CNOT 12 56
[16985] = CNOT 12 61
[16986] = Z 12
[16987] = CNOT 12 61
[16988] = CNOT 12 63
[16989] = Z 12
[16990] = CNOT 12 63
[16991] = CNOT 12 64
[16992] = Z 12
[16993] = CNOT 12 64
[16994] = CNOT 12 77
[16995] = Z 12
[16996] = CNOT 12 77
[16997] = CNOT 12 79
[16998] = Z 12
[16999] = CNOT 12 79
[17000] = CNOT 12 84
[17001] = Z 12
[17002] = CNOT 12 84
[17003] = CNOT 12 43
[17004] = CNOT 12 46
[17005] = CNOT 12 52
[17006] = Z 12
[17007] = CNOT 12 52
[17008] = CNOT 12 56
[17009] = Z 12
[17010] = CNOT 12 56
[17011] = CNOT 12 61
[17012] = Z 12
[17013] = CNOT 12 61
[17014] = CNOT 12 63
[17015] = Z 12
[17016] = CNOT 12 63
[17017] = CNOT 12 64
[17018] = Z 12
[17019] = CNOT 12 64
[17020] = CNOT 12 77
[17021] = Z 12
[17022] = CNOT 12 77
[17023] = CNOT 12 79
[17024] = Z 12
[17025] = CNOT 12 79
[17026] = CNOT 12 84
[17027] = Z 12
[17028] = CNOT 12 84
[17029] = CNOT 12 46
[17030] = CNOT 12 52
[17031] = CNOT 12 56
[17032] = Z 12
[17033] = CNOT 12 56
[17034] = CNOT 12 61
[17035] = Z 12
[17036] = CNOT 12 61
[17037] = CNOT 12 63
[17038] = Z 12
[17039] = CNOT 12 63
[17040] = CNOT 12 64
[17041] = Z 12
[17042] = CNOT 12 64
[17043] = CNOT 12 77
[17044] = Z 12
[17045] = CNOT 12 77
[17046] = CNOT 12 79
[17047] = Z 12
[17048] = CNOT 12 79
[17049] = CNOT 12 84
[17050] = Z 12
[17051] = CNOT 12 84
[17052] = CNOT 12 52
[17053] = CNOT 12 56
[17054] = CNOT 12 61
[17055] = Z 12
[17056] = CNOT 12 61
[17057] = CNOT 12 63
[17058] = Z 12
[17059] = CNOT 12 63
[17060] = CNOT 12 64
[17061] = Z 12
[17062] = CNOT 12 64
[17063] = CNOT 12 77
[17064] = Z 12
[17065] = CNOT 12 77
[17066] = CNOT 12 79
[17067] = Z 12
[17068] = CNOT 12 79
[17069] = CNOT 12 84
[17070] = Z 12
[17071] = CNOT 12 84
[17072] = CNOT 12 56
[17073] = CNOT 12 61
[17074] = CNOT 12 63
[17075] = Z 12
[17076] = CNOT 12 63
[17077] = CNOT 12 64
[17078] = Z 12
[17079] = CNOT 12 64
[17080] = CNOT 12 77
[17081] = Z 12
[17082] = CNOT 12 77
[17083] = CNOT 12 79
[17084] = Z 12
[17085] = CNOT 12 79
[17086] = CNOT 12 84
[17087] = Z 12
[17088] = CNOT 12 84
[17089] = CNOT 12 61
[17090] = CNOT 12 63
[17091] = CNOT 12 64
[17092] = Z 12
[17093] = CNOT 12 64
[17094] = CNOT 12 77
[17095] = Z 12
[17096] = CNOT 12 77
[17097] = CNOT 12 79
[17098] = Z 12
[17099] = CNOT 12 79
[17100] = CNOT 12 84
[17101] = Z 12
[17102] = CNOT 12 84
[17103] = CNOT 12 63
[17104] = CNOT 12 64
[17105] = CNOT 12 77
[17106] = Z 12
[17107] = CNOT 12 77
[17108] = CNOT 12 79
[17109] = Z 12
[17110] = CNOT 12 79
[17111] = CNOT 12 84
[17112] = Z 12
[17113] = CNOT 12 84
[17114] = CNOT 12 64
[17115] = CNOT 12 77
[17116] = CNOT 12 79
[17117] = Z 12
[17118] = CNOT 12 79
[17119] = CNOT 12 84
[17120] = Z 12
[17121] = CNOT 12 77
[17122] = CNOT 12 79
[17123] = Z 12
[17124] = CNOT 12 84
[17125] = CNOT 12 79
[17126] = CNOT 13 14
[17127] = CNOT 13 15
[17128] = Z 13
[17129] = CNOT 13 15
[17130] = CNOT 13 16
[17131] = S 13
[17132] = Z 13
[17133] = CNOT 13 16
[17134] = CNOT 13 18
[17135] = S 13
[17136] = CNOT 13 18
[17137] = CNOT 13 23
[17138] = S 13
[17139] = CNOT 13 23
[17140] = CNOT 13 25
[17141] = S 13
[17142] = CNOT 13 25
[17143] = CNOT 13 26
[17144] = S 13
[17145] = CNOT 13 26
[17146] = CNOT 13 30
[17147] = S 13
[17148] = Z 13
[17149] = CNOT 13 30
[17150] = CNOT 13 43
[17151] = S 13
[17152] = CNOT 13 43
[17153] = CNOT 13 46
[17154] = S 13
[17155] = CNOT 13 46
[17156] = CNOT 13 52
[17157] = Z 13
[17158] = CNOT 13 52
[17159] = CNOT 13 56
[17160] = S 13
[17161] = CNOT 13 56
[17162] = CNOT 13 61
[17163] = S 13
[17164] = CNOT 13 61
[17165] = CNOT 13 63
[17166] = S 13
[17167] = CNOT 13 63
[17168] = CNOT 13 64
[17169] = S 13
[17170] = CNOT 13 64
[17171] = CNOT 13 77
[17172] = S 13
[17173] = CNOT 13 77
[17174] = CNOT 13 79
[17175] = S 13
[17176] = CNOT 13 79
[17177] = CNOT 13 84
[17178] = S 13
[17179] = CNOT 13 84
[17180] = CNOT 13 14
[17181] = CNOT 13 15
[17182] = CNOT 13 16
[17183] = Z 13
[17184] = CNOT 13 16
[17185] = CNOT 13 18
[17186] = S 13
[17187] = Z 13
[17188] = CNOT 13 18
[17189] = CNOT 13 23
[17190] = S 13
[17191] = Z 13
[17192] = CNOT 13 23
[17193] = CNOT 13 25
[17194] = S 13
[17195] = Z 13
[17196] = CNOT 13 25
[17197] = CNOT 13 26
[17198] = S 13
[17199] = Z 13
[17200] = CNOT 13 26
[17201] = CNOT 13 29
[17202] = Z 13
[17203] = CNOT 13 29
[17204] = CNOT 13 30
[17205] = S 13
[17206] = CNOT 13 30
[17207] = CNOT 13 34
[17208] = Z 13
[17209] = CNOT 13 34
[17210] = CNOT 13 43
[17211] = S 13
[17212] = Z 13
[17213] = CNOT 13 43
[17214] = CNOT 13 46
[17215] = S 13
[17216] = Z 13
[17217] = CNOT 13 46
[17218] = CNOT 13 56
[17219] = S 13
[17220] = Z 13
[17221] = CNOT 13 56
[17222] = CNOT 13 61
[17223] = S 13
[17224] = Z 13
[17225] = CNOT 13 61
[17226] = CNOT 13 63
[17227] = S 13
[17228] = Z 13
[17229] = CNOT 13 63
[17230] = CNOT 13 64
[17231] = S 13
[17232] = Z 13
[17233] = CNOT 13 64
[17234] = CNOT 13 77
[17235] = S 13
[17236] = Z 13
[17237] = CNOT 13 77
[17238] = CNOT 13 79
[17239] = S 13
[17240] = Z 13
[17241] = CNOT 13 79
[17242] = CNOT 13 84
[17243] = S 13
[17244] = Z 13
[17245] = CNOT 13 84
[17246] = CNOT 13 15
[17247] = CNOT 13 16
[17248] = CNOT 13 18
[17249] = S 13
[17250] = CNOT 13 18
[17251] = CNOT 13 23
[17252] = S 13
[17253] = CNOT 13 23
[17254] = CNOT 13 25
[17255] = S 13
[17256] = CNOT 13 25
[17257] = CNOT 13 26
[17258] = S 13
[17259] = CNOT 13 26
[17260] = CNOT 13 29
[17261] = S 13
[17262] = Z 13
[17263] = CNOT 13 29
[17264] = CNOT 13 30
[17265] = Z 13
[17266] = CNOT 13 30
[17267] = CNOT 13 34
[17268] = S 13
[17269] = Z 13
[17270] = CNOT 13 34
[17271] = CNOT 13 43
[17272] = S 13
[17273] = CNOT 13 43
[17274] = CNOT 13 46
[17275] = S 13
[17276] = CNOT 13 46
[17277] = CNOT 13 52
[17278] = S 13
[17279] = CNOT 13 52
[17280] = CNOT 13 56
[17281] = S 13
[17282] = CNOT 13 56
[17283] = CNOT 13 61
[17284] = S 13
[17285] = CNOT 13 61
[17286] = CNOT 13 63
[17287] = S 13
[17288] = CNOT 13 63
[17289] = CNOT 13 64
[17290] = S 13
[17291] = CNOT 13 64
[17292] = CNOT 13 77
[17293] = S 13
[17294] = CNOT 13 77
[17295] = CNOT 13 79
[17296] = S 13
[17297] = CNOT 13 79
[17298] = CNOT 13 84
[17299] = S 13
[17300] = CNOT 13 84
[17301] = CNOT 13 16
[17302] = CNOT 13 18
[17303] = CNOT 13 29
[17304] = Z 13
[17305] = CNOT 13 29
[17306] = CNOT 13 34
[17307] = Z 13
[17308] = CNOT 13 34
[17309] = CNOT 13 52
[17310] = Z 13
[17311] = CNOT 13 52
[17312] = CNOT 13 18
[17313] = CNOT 13 23
[17314] = CNOT 13 29
[17315] = Z 13
[17316] = CNOT 13 29
[17317] = CNOT 13 34
[17318] = Z 13
[17319] = CNOT 13 34
[17320] = CNOT 13 52
[17321] = Z 13
[17322] = CNOT 13 52
[17323] = CNOT 13 23
[17324] = CNOT 13 25
[17325] = CNOT 13 29
[17326] = Z 13
[17327] = CNOT 13 29
[17328] = CNOT 13 34
[17329] = Z 13
[17330] = CNOT 13 34
[17331] = CNOT 13 52
[17332] = Z 13
[17333] = CNOT 13 52
[17334] = CNOT 13 25
[17335] = CNOT 13 26
[17336] = CNOT 13 29
[17337] = Z 13
[17338] = CNOT 13 29
[17339] = CNOT 13 34
[17340] = Z 13
[17341] = CNOT 13 34
[17342] = CNOT 13 52
[17343] = Z 13
[17344] = CNOT 13 52
[17345] = CNOT 13 26
[17346] = CNOT 13 29
[17347] = CNOT 13 30
[17348] = Z 13
[17349] = CNOT 13 30
[17350] = CNOT 13 34
[17351] = S 13
[17352] = Z 13
[17353] = CNOT 13 34
[17354] = CNOT 13 43
[17355] = Z 13
[17356] = CNOT 13 43
[17357] = CNOT 13 46
[17358] = Z 13
[17359] = CNOT 13 46
[17360] = CNOT 13 52
[17361] = Z 13
[17362] = CNOT 13 52
[17363] = CNOT 13 56
[17364] = Z 13
[17365] = CNOT 13 56
[17366] = CNOT 13 61
[17367] = Z 13
[17368] = CNOT 13 61
[17369] = CNOT 13 63
[17370] = Z 13
[17371] = CNOT 13 63
[17372] = CNOT 13 64
[17373] = Z 13
[17374] = CNOT 13 64
[17375] = CNOT 13 77
[17376] = Z 13
[17377] = CNOT 13 77
[17378] = CNOT 13 79
[17379] = Z 13
[17380] = CNOT 13 79
[17381] = CNOT 13 84
[17382] = Z 13
[17383] = CNOT 13 84
[17384] = CNOT 13 29
[17385] = CNOT 13 30
[17386] = CNOT 13 34
[17387] = Z 13
[17388] = CNOT 13 30
[17389] = CNOT 13 43
[17390] = Z 13
[17391] = CNOT 13 43
[17392] = CNOT 13 46
[17393] = Z 13
[17394] = CNOT 13 46
[17395] = CNOT 13 52
[17396] = Z 13
[17397] = CNOT 13 52
[17398] = CNOT 13 56
[17399] = Z 13
[17400] = CNOT 13 56
[17401] = CNOT 13 61
[17402] = Z 13
[17403] = CNOT 13 61
[17404] = CNOT 13 63
[17405] = Z 13
[17406] = CNOT 13 63
[17407] = CNOT 13 64
[17408] = Z 13
[17409] = CNOT 13 64
[17410] = CNOT 13 77
[17411] = Z 13
[17412] = CNOT 13 77
[17413] = CNOT 13 79
[17414] = Z 13
[17415] = CNOT 13 79
[17416] = CNOT 13 84
[17417] = Z 13
[17418] = CNOT 13 84
[17419] = CNOT 13 34
[17420] = CNOT 13 43
[17421] = CNOT 13 52
[17422] = Z 13
[17423] = CNOT 13 43
[17424] = CNOT 13 46
[17425] = Z 13
[17426] = CNOT 13 46
[17427] = CNOT 13 56
[17428] = Z 13
[17429] = CNOT 13 56
[17430] = CNOT 13 61
[17431] = Z 13
[17432] = CNOT 13 61
[17433] = CNOT 13 63
[17434] = Z 13
[17435] = CNOT 13 63
[17436] = CNOT 13 64
[17437] = Z 13
[17438] = CNOT 13 64
[17439] = CNOT 13 77
[17440] = Z 13
[17441] = CNOT 13 77
[17442] = CNOT 13 79
[17443] = Z 13
[17444] = CNOT 13 79
[17445] = CNOT 13 84
[17446] = Z 13
[17447] = CNOT 13 84
[17448] = CNOT 13 52
[17449] = CNOT 14 15
[17450] = CNOT 14 18
[17451] = S 14
[17452] = CNOT 14 18
[17453] = CNOT 14 23
[17454] = S 14
[17455] = CNOT 14 23
[17456] = CNOT 14 25
[17457] = S 14
[17458] = CNOT 14 25
[17459] = CNOT 14 26
[17460] = S 14
[17461] = CNOT 14 26
[17462] = CNOT 14 43
[17463] = Z 14
[17464] = CNOT 14 43
[17465] = CNOT 14 46
[17466] = S 14
[17467] = CNOT 14 46
[17468] = CNOT 14 52
[17469] = S 14
[17470] = Z 14
[17471] = CNOT 14 52
[17472] = CNOT 14 55
[17473] = S 14
[17474] = Z 14
[17475] = CNOT 14 55
[17476] = CNOT 14 56
[17477] = Z 14
[17478] = CNOT 14 56
[17479] = CNOT 14 59
[17480] = S 14
[17481] = Z 14
[17482] = CNOT 14 59
[17483] = CNOT 14 61
[17484] = Z 14
[17485] = CNOT 14 61
[17486] = CNOT 14 63
[17487] = S 14
[17488] = CNOT 14 63
[17489] = CNOT 14 64
[17490] = S 14
[17491] = CNOT 14 64
[17492] = CNOT 14 65
[17493] = S 14
[17494] = Z 14
[17495] = CNOT 14 65
[17496] = CNOT 14 74
[17497] = S 14
[17498] = Z 14
[17499] = CNOT 14 74
[17500] = CNOT 14 75
[17501] = S 14
[17502] = Z 14
[17503] = CNOT 14 75
[17504] = CNOT 14 77
[17505] = S 14
[17506] = CNOT 14 77
[17507] = CNOT 14 79
[17508] = S 14
[17509] = CNOT 14 79
[17510] = CNOT 14 84
[17511] = S 14
[17512] = CNOT 14 84
[17513] = CNOT 14 15
[17514] = CNOT 14 16
[17515] = CNOT 14 18
[17516] = S 14
[17517] = Z 14
[17518] = CNOT 14 18
[17519] = CNOT 14 23
[17520] = S 14
[17521] = Z 14
[17522] = CNOT 14 23
[17523] = CNOT 14 25
[17524] = S 14
[17525] = Z 14
[17526] = CNOT 14 25
[17527] = CNOT 14 26
[17528] = S 14
[17529] = Z 14
[17530] = CNOT 14 26
[17531] = CNOT 14 43
[17532] = S 14
[17533] = Z 14
[17534] = CNOT 14 43
[17535] = CNOT 14 46
[17536] = S 14
[17537] = Z 14
[17538] = CNOT 14 46
[17539] = CNOT 14 52
[17540] = S 14
[17541] = Z 14
[17542] = CNOT 14 52
[17543] = CNOT 14 56
[17544] = S 14
[17545] = Z 14
[17546] = CNOT 14 56
[17547] = CNOT 14 61
[17548] = S 14
[17549] = Z 14
[17550] = CNOT 14 61
[17551] = CNOT 14 63
[17552] = S 14
[17553] = Z 14
[17554] = CNOT 14 63
[17555] = CNOT 14 64
[17556] = S 14
[17557] = Z 14
[17558] = CNOT 14 64
[17559] = CNOT 14 77
[17560] = S 14
[17561] = Z 14
[17562] = CNOT 14 77
[17563] = CNOT 14 79
[17564] = S 14
[17565] = Z 14
[17566] = CNOT 14 79
[17567] = CNOT 14 84
[17568] = S 14
[17569] = Z 14
[17570] = CNOT 14 84
[17571] = CNOT 14 16
[17572] = CNOT 14 18
[17573] = CNOT 14 23
[17574] = S 14
[17575] = Z 14
[17576] = CNOT 14 23
[17577] = CNOT 14 25
[17578] = S 14
[17579] = Z 14
[17580] = CNOT 14 25
[17581] = CNOT 14 26
[17582] = S 14
[17583] = Z 14
[17584] = CNOT 14 26
[17585] = CNOT 14 30
[17586] = S 14
[17587] = Z 14
[17588] = CNOT 14 30
[17589] = CNOT 14 43
[17590] = S 14
[17591] = CNOT 14 43
[17592] = CNOT 14 46
[17593] = S 14
[17594] = Z 14
[17595] = CNOT 14 46
[17596] = CNOT 14 52
[17597] = Z 14
[17598] = CNOT 14 52
[17599] = CNOT 14 55
[17600] = S 14
[17601] = Z 14
[17602] = CNOT 14 55
[17603] = CNOT 14 56
[17604] = S 14
[17605] = CNOT 14 56
[17606] = CNOT 14 59
[17607] = Z 14
[17608] = CNOT 14 59
[17609] = CNOT 14 61
[17610] = S 14
[17611] = CNOT 14 61
[17612] = CNOT 14 63
[17613] = S 14
[17614] = Z 14
[17615] = CNOT 14 63
[17616] = CNOT 14 64
[17617] = S 14
[17618] = Z 14
[17619] = CNOT 14 64
[17620] = CNOT 14 65
[17621] = Z 14
[17622] = CNOT 14 65
[17623] = CNOT 14 74
[17624] = S 14
[17625] = Z 14
[17626] = CNOT 14 74
[17627] = CNOT 14 75
[17628] = Z 14
[17629] = CNOT 14 75
[17630] = CNOT 14 77
[17631] = S 14
[17632] = Z 14
[17633] = CNOT 14 77
[17634] = CNOT 14 79
[17635] = S 14
[17636] = Z 14
[17637] = CNOT 14 79
[17638] = CNOT 14 84
[17639] = S 14
[17640] = Z 14
[17641] = CNOT 14 84
[17642] = CNOT 14 18
[17643] = CNOT 14 23
[17644] = CNOT 14 25
[17645] = S 14
[17646] = Z 14
[17647] = CNOT 14 25
[17648] = CNOT 14 26
[17649] = S 14
[17650] = Z 14
[17651] = CNOT 14 26
[17652] = CNOT 14 30
[17653] = S 14
[17654] = Z 14
[17655] = CNOT 14 30
[17656] = CNOT 14 43
[17657] = S 14
[17658] = CNOT 14 43
[17659] = CNOT 14 46
[17660] = S 14
[17661] = Z 14
[17662] = CNOT 14 46
[17663] = CNOT 14 52
[17664] = Z 14
[17665] = CNOT 14 52
[17666] = CNOT 14 55
[17667] = S 14
[17668] = Z 14
[17669] = CNOT 14 55
[17670] = CNOT 14 56
[17671] = S 14
[17672] = CNOT 14 56
[17673] = CNOT 14 59
[17674] = Z 14
[17675] = CNOT 14 59
[17676] = CNOT 14 61
[17677] = S 14
[17678] = CNOT 14 61
[17679] = CNOT 14 63
[17680] = S 14
[17681] = Z 14
[17682] = CNOT 14 63
[17683] = CNOT 14 64
[17684] = S 14
[17685] = Z 14
[17686] = CNOT 14 64
[17687] = CNOT 14 65
[17688] = Z 14
[17689] = CNOT 14 65
[17690] = CNOT 14 74
[17691] = S 14
[17692] = Z 14
[17693] = CNOT 14 74
[17694] = CNOT 14 75
[17695] = Z 14
[17696] = CNOT 14 75
[17697] = CNOT 14 77
[17698] = S 14
[17699] = Z 14
[17700] = CNOT 14 77
[17701] = CNOT 14 79
[17702] = S 14
[17703] = Z 14
[17704] = CNOT 14 79
[17705] = CNOT 14 84
[17706] = S 14
[17707] = Z 14
[17708] = CNOT 14 84
[17709] = CNOT 14 23
[17710] = CNOT 14 25
[17711] = CNOT 14 26
[17712] = S 14
[17713] = Z 14
[17714] = CNOT 14 26
[17715] = CNOT 14 30
[17716] = S 14
[17717] = Z 14
[17718] = CNOT 14 30
[17719] = CNOT 14 43
[17720] = S 14
[17721] = CNOT 14 43
[17722] = CNOT 14 46
[17723] = S 14
[17724] = Z 14
[17725] = CNOT 14 46
[17726] = CNOT 14 52
[17727] = Z 14
[17728] = CNOT 14 52
[17729] = CNOT 14 55
[17730] = S 14
[17731] = Z 14
[17732] = CNOT 14 55
[17733] = CNOT 14 56
[17734] = S 14
[17735] = CNOT 14 56
[17736] = CNOT 14 59
[17737] = Z 14
[17738] = CNOT 14 59
[17739] = CNOT 14 61
[17740] = S 14
[17741] = CNOT 14 61
[17742] = CNOT 14 63
[17743] = S 14
[17744] = Z 14
[17745] = CNOT 14 63
[17746] = CNOT 14 64
[17747] = S 14
[17748] = Z 14
[17749] = CNOT 14 64
[17750] = CNOT 14 65
[17751] = Z 14
[17752] = CNOT 14 65
[17753] = CNOT 14 74
[17754] = S 14
[17755] = Z 14
[17756] = CNOT 14 74
[17757] = CNOT 14 75
[17758] = Z 14
[17759] = CNOT 14 75
[17760] = CNOT 14 77
[17761] = S 14
[17762] = Z 14
[17763] = CNOT 14 77
[17764] = CNOT 14 79
[17765] = S 14
[17766] = Z 14
[17767] = CNOT 14 79
[17768] = CNOT 14 84
[17769] = S 14
[17770] = Z 14
[17771] = CNOT 14 84
[17772] = CNOT 14 25
[17773] = CNOT 14 26
[17774] = CNOT 14 30
[17775] = S 14
[17776] = Z 14
[17777] = CNOT 14 30
[17778] = CNOT 14 43
[17779] = S 14
[17780] = CNOT 14 43
[17781] = CNOT 14 46
[17782] = S 14
[17783] = Z 14
[17784] = CNOT 14 46
[17785] = CNOT 14 52
[17786] = Z 14
[17787] = CNOT 14 52
[17788] = CNOT 14 55
[17789] = S 14
[17790] = Z 14
[17791] = CNOT 14 55
[17792] = CNOT 14 56
[17793] = S 14
[17794] = CNOT 14 56
[17795] = CNOT 14 59
[17796] = Z 14
[17797] = CNOT 14 59
[17798] = CNOT 14 61
[17799] = S 14
[17800] = CNOT 14 61
[17801] = CNOT 14 63
[17802] = S 14
[17803] = Z 14
[17804] = CNOT 14 63
[17805] = CNOT 14 64
[17806] = S 14
[17807] = Z 14
[17808] = CNOT 14 64
[17809] = CNOT 14 65
[17810] = Z 14
[17811] = CNOT 14 65
[17812] = CNOT 14 74
[17813] = S 14
[17814] = Z 14
[17815] = CNOT 14 74
[17816] = CNOT 14 75
[17817] = Z 14
[17818] = CNOT 14 75
[17819] = CNOT 14 77
[17820] = S 14
[17821] = Z 14
[17822] = CNOT 14 77
[17823] = CNOT 14 79
[17824] = S 14
[17825] = Z 14
[17826] = CNOT 14 79
[17827] = CNOT 14 84
[17828] = S 14
[17829] = Z 14
[17830] = CNOT 14 84
[17831] = CNOT 14 26
[17832] = CNOT 14 30
[17833] = CNOT 14 43
[17834] = S 14
[17835] = Z 14
[17836] = CNOT 14 43
[17837] = CNOT 14 46
[17838] = S 14
[17839] = Z 14
[17840] = CNOT 14 46
[17841] = CNOT 14 52
[17842] = S 14
[17843] = Z 14
[17844] = CNOT 14 52
[17845] = CNOT 14 56
[17846] = S 14
[17847] = Z 14
[17848] = CNOT 14 56
[17849] = CNOT 14 61
[17850] = S 14
[17851] = Z 14
[17852] = CNOT 14 61
[17853] = CNOT 14 63
[17854] = S 14
[17855] = Z 14
[17856] = CNOT 14 63
[17857] = CNOT 14 64
[17858] = S 14
[17859] = Z 14
[17860] = CNOT 14 64
[17861] = CNOT 14 77
[17862] = S 14
[17863] = Z 14
[17864] = CNOT 14 77
[17865] = CNOT 14 79
[17866] = S 14
[17867] = Z 14
[17868] = CNOT 14 79
[17869] = CNOT 14 84
[17870] = S 14
[17871] = Z 14
[17872] = CNOT 14 84
[17873] = CNOT 14 30
[17874] = CNOT 14 43
[17875] = CNOT 14 46
[17876] = S 14
[17877] = CNOT 14 46
[17878] = CNOT 14 52
[17879] = Z 14
[17880] = CNOT 14 52
[17881] = CNOT 14 56
[17882] = S 14
[17883] = CNOT 14 56
[17884] = CNOT 14 61
[17885] = S 14
[17886] = CNOT 14 61
[17887] = CNOT 14 63
[17888] = S 14
[17889] = CNOT 14 63
[17890] = CNOT 14 64
[17891] = S 14
[17892] = CNOT 14 64
[17893] = CNOT 14 77
[17894] = S 14
[17895] = CNOT 14 77
[17896] = CNOT 14 79
[17897] = S 14
[17898] = CNOT 14 79
[17899] = CNOT 14 84
[17900] = S 14
[17901] = CNOT 14 84
[17902] = CNOT 14 43
[17903] = CNOT 14 46
[17904] = CNOT 14 52
[17905] = Z 14
[17906] = CNOT 14 52
[17907] = CNOT 14 55
[17908] = S 14
[17909] = Z 14
[17910] = CNOT 14 55
[17911] = CNOT 14 56
[17912] = S 14
[17913] = CNOT 14 56
[17914] = CNOT 14 59
[17915] = Z 14
[17916] = CNOT 14 59
[17917] = CNOT 14 61
[17918] = S 14
[17919] = CNOT 14 61
[17920] = CNOT 14 63
[17921] = S 14
[17922] = Z 14
[17923] = CNOT 14 63
[17924] = CNOT 14 64
[17925] = S 14
[17926] = Z 14
[17927] = CNOT 14 64
[17928] = CNOT 14 65
[17929] = Z 14
[17930] = CNOT 14 65
[17931] = CNOT 14 74
[17932] = S 14
[17933] = Z 14
[17934] = CNOT 14 74
[17935] = CNOT 14 75
[17936] = Z 14
[17937] = CNOT 14 75
[17938] = CNOT 14 77
[17939] = S 14
[17940] = Z 14
[17941] = CNOT 14 77
[17942] = CNOT 14 79
[17943] = S 14
[17944] = Z 14
[17945] = CNOT 14 79
[17946] = CNOT 14 84
[17947] = S 14
[17948] = Z 14
[17949] = CNOT 14 84
[17950] = CNOT 14 46
[17951] = CNOT 14 52
[17952] = CNOT 14 56
[17953] = Z 14
[17954] = CNOT 14 56
[17955] = CNOT 14 61
[17956] = Z 14
[17957] = CNOT 14 61
[17958] = CNOT 14 63
[17959] = Z 14
[17960] = CNOT 14 63
[17961] = CNOT 14 64
[17962] = Z 14
[17963] = CNOT 14 64
[17964] = CNOT 14 77
[17965] = Z 14
[17966] = CNOT 14 77
[17967] = CNOT 14 79
[17968] = Z 14
[17969] = CNOT 14 79
[17970] = CNOT 14 84
[17971] = Z 14
[17972] = CNOT 14 84
[17973] = CNOT 14 52
[17974] = CNOT 14 55
[17975] = CNOT 14 59
[17976] = S 14
[17977] = Z 14
[17978] = CNOT 14 59
[17979] = CNOT 14 63
[17980] = S 14
[17981] = Z 14
[17982] = CNOT 14 63
[17983] = CNOT 14 64
[17984] = S 14
[17985] = Z 14
[17986] = CNOT 14 64
[17987] = CNOT 14 65
[17988] = S 14
[17989] = Z 14
[17990] = CNOT 14 65
[17991] = CNOT 14 74
[17992] = S 14
[17993] = Z 14
[17994] = CNOT 14 74
[17995] = CNOT 14 75
[17996] = S 14
[17997] = Z 14
[17998] = CNOT 14 75
[17999] = CNOT 14 77
[18000] = S 14
[18001] = Z 14
[18002] = CNOT 14 77
[18003] = CNOT 14 79
[18004] = S 14
[18005] = Z 14
[18006] = CNOT 14 79
[18007] = CNOT 14 84
[18008] = S 14
[18009] = Z 14
[18010] = CNOT 14 84
[18011] = CNOT 14 55
[18012] = CNOT 14 56
[18013] = CNOT 14 61
[18014] = S 14
[18015] = CNOT 14 61
[18016] = CNOT 14 63
[18017] = S 14
[18018] = CNOT 14 63
[18019] = CNOT 14 64
[18020] = S 14
[18021] = CNOT 14 64
[18022] = CNOT 14 77
[18023] = S 14
[18024] = CNOT 14 77
[18025] = CNOT 14 79
[18026] = S 14
[18027] = CNOT 14 79
[18028] = CNOT 14 84
[18029] = S 14
[18030] = CNOT 14 84
[18031] = CNOT 14 56
[18032] = CNOT 14 59
[18033] = CNOT 14 63
[18034] = Z 14
[18035] = CNOT 14 63
[18036] = CNOT 14 64
[18037] = Z 14
[18038] = CNOT 14 64
[18039] = CNOT 14 65
[18040] = Z 14
[18041] = CNOT 14 65
[18042] = CNOT 14 74
[18043] = S 14
[18044] = Z 14
[18045] = CNOT 14 74
[18046] = CNOT 14 75
[18047] = Z 14
[18048] = CNOT 14 75
[18049] = CNOT 14 77
[18050] = Z 14
[18051] = CNOT 14 77
[18052] = CNOT 14 79
[18053] = Z 14
[18054] = CNOT 14 79
[18055] = CNOT 14 84
[18056] = Z 14
[18057] = CNOT 14 84
[18058] = CNOT 14 59
[18059] = CNOT 14 61
[18060] = CNOT 14 63
[18061] = S 14
[18062] = CNOT 14 63
[18063] = CNOT 14 64
[18064] = S 14
[18065] = CNOT 14 64
[18066] = CNOT 14 77
[18067] = S 14
[18068] = CNOT 14 77
[18069] = CNOT 14 79
[18070] = S 14
[18071] = CNOT 14 79
[18072] = CNOT 14 84
[18073] = S 14
[18074] = CNOT 14 84
[18075] = CNOT 14 61
[18076] = CNOT 14 63
[18077] = CNOT 14 64
[18078] = S 14
[18079] = Z 14
[18080] = CNOT 14 64
[18081] = CNOT 14 65
[18082] = Z 14
[18083] = CNOT 14 65
[18084] = CNOT 14 74
[18085] = S 14
[18086] = Z 14
[18087] = CNOT 14 74
[18088] = CNOT 14 75
[18089] = Z 14
[18090] = CNOT 14 75
[18091] = CNOT 14 77
[18092] = S 14
[18093] = Z 14
[18094] = CNOT 14 77
[18095] = CNOT 14 79
[18096] = S 14
[18097] = Z 14
[18098] = CNOT 14 79
[18099] = CNOT 14 84
[18100] = S 14
[18101] = Z 14
[18102] = CNOT 14 84
[18103] = CNOT 14 63
[18104] = CNOT 14 64
[18105] = CNOT 14 65
[18106] = Z 14
[18107] = CNOT 14 65
[18108] = CNOT 14 74
[18109] = S 14
[18110] = Z 14
[18111] = CNOT 14 74
[18112] = CNOT 14 75
[18113] = Z 14
[18114] = CNOT 14 75
[18115] = CNOT 14 77
[18116] = S 14
[18117] = Z 14
[18118] = CNOT 14 77
[18119] = CNOT 14 79
[18120] = S 14
[18121] = Z 14
[18122] = CNOT 14 79
[18123] = CNOT 14 84
[18124] = S 14
[18125] = Z 14
[18126] = CNOT 14 84
[18127] = CNOT 14 64
[18128] = CNOT 14 65
[18129] = CNOT 14 74
[18130] = S 14
[18131] = Z 14
[18132] = CNOT 14 74
[18133] = CNOT 14 75
[18134] = Z 14
[18135] = CNOT 14 75
[18136] = CNOT 14 77
[18137] = Z 14
[18138] = CNOT 14 77
[18139] = CNOT 14 79
[18140] = Z 14
[18141] = CNOT 14 79
[18142] = CNOT 14 84
[18143] = Z 14
[18144] = CNOT 14 84
[18145] = CNOT 14 65
[18146] = CNOT 14 74
[18147] = CNOT 14 75
[18148] = S 14
[18149] = Z 14
[18150] = CNOT 14 75
[18151] = CNOT 14 77
[18152] = S 14
[18153] = Z 14
[18154] = CNOT 14 77
[18155] = CNOT 14 79
[18156] = S 14
[18157] = Z 14
[18158] = CNOT 14 79
[18159] = CNOT 14 84
[18160] = S 14
[18161] = Z 14
[18162] = CNOT 14 84
[18163] = CNOT 14 74
[18164] = CNOT 14 75
[18165] = CNOT 14 77
[18166] = Z 14
[18167] = CNOT 14 77
[18168] = CNOT 14 79
[18169] = Z 14
[18170] = CNOT 14 79
[18171] = CNOT 14 84
[18172] = Z 14
[18173] = CNOT 14 84
[18174] = CNOT 14 75
[18175] = CNOT 14 77
[18176] = CNOT 14 79
[18177] = S 14
[18178] = Z 14
[18179] = CNOT 14 79
[18180] = CNOT 14 84
[18181] = S 14
[18182] = Z 14
[18183] = CNOT 14 77
[18184] = CNOT 14 79
[18185] = S 14
[18186] = Z 14
[18187] = CNOT 14 84
[18188] = CNOT 14 79
[18189] = CNOT 15 16
[18190] = CNOT 15 18
[18191] = Z 15
[18192] = CNOT 15 18
[18193] = CNOT 15 23
[18194] = Z 15
[18195] = CNOT 15 23
[18196] = CNOT 15 25
[18197] = Z 15
[18198] = CNOT 15 25
[18199] = CNOT 15 26
[18200] = Z 15
[18201] = CNOT 15 26
[18202] = CNOT 15 29
[18203] = S 15
[18204] = Z 15
[18205] = CNOT 15 29
[18206] = CNOT 15 30
[18207] = S 15
[18208] = Z 15
[18209] = CNOT 15 30
[18210] = CNOT 15 34
[18211] = S 15
[18212] = Z 15
[18213] = CNOT 15 34
[18214] = CNOT 15 43
[18215] = Z 15
[18216] = CNOT 15 43
[18217] = CNOT 15 46
[18218] = Z 15
[18219] = CNOT 15 46
[18220] = CNOT 15 52
[18221] = Z 15
[18222] = CNOT 15 52
[18223] = CNOT 15 56
[18224] = Z 15
[18225] = CNOT 15 56
[18226] = CNOT 15 61
[18227] = Z 15
[18228] = CNOT 15 61
[18229] = CNOT 15 63
[18230] = Z 15
[18231] = CNOT 15 63
[18232] = CNOT 15 64
[18233] = Z 15
[18234] = CNOT 15 64
[18235] = CNOT 15 77
[18236] = Z 15
[18237] = CNOT 15 77
[18238] = CNOT 15 79
[18239] = Z 15
[18240] = CNOT 15 79
[18241] = CNOT 15 84
[18242] = Z 15
[18243] = CNOT 15 84
[18244] = CNOT 15 16
[18245] = CNOT 15 18
[18246] = CNOT 15 23
[18247] = S 15
[18248] = Z 15
[18249] = CNOT 15 23
[18250] = CNOT 15 25
[18251] = S 15
[18252] = Z 15
[18253] = CNOT 15 25
[18254] = CNOT 15 26
[18255] = S 15
[18256] = Z 15
[18257] = CNOT 15 26
[18258] = CNOT 15 29
[18259] = Z 15
[18260] = CNOT 15 29
[18261] = CNOT 15 30
[18262] = S 15
[18263] = CNOT 15 30
[18264] = CNOT 15 34
[18265] = Z 15
[18266] = CNOT 15 34
[18267] = CNOT 15 43
[18268] = S 15
[18269] = CNOT 15 43
[18270] = CNOT 15 46
[18271] = S 15
[18272] = Z 15
[18273] = CNOT 15 46
[18274] = CNOT 15 48
[18275] = S 15
[18276] = Z 15
[18277] = CNOT 15 48
[18278] = CNOT 15 52
[18279] = S 15
[18280] = Z 15
[18281] = CNOT 15 52
[18282] = CNOT 15 56
[18283] = S 15
[18284] = Z 15
[18285] = CNOT 15 56
[18286] = CNOT 15 59
[18287] = S 15
[18288] = Z 15
[18289] = CNOT 15 59
[18290] = CNOT 15 61
[18291] = S 15
[18292] = CNOT 15 61
[18293] = CNOT 15 63
[18294] = S 15
[18295] = Z 15
[18296] = CNOT 15 63
[18297] = CNOT 15 64
[18298] = S 15
[18299] = Z 15
[18300] = CNOT 15 64
[18301] = CNOT 15 65
[18302] = Z 15
[18303] = CNOT 15 65
[18304] = CNOT 15 74
[18305] = S 15
[18306] = Z 15
[18307] = CNOT 15 74
[18308] = CNOT 15 75
[18309] = Z 15
[18310] = CNOT 15 75
[18311] = CNOT 15 77
[18312] = S 15
[18313] = Z 15
[18314] = CNOT 15 77
[18315] = CNOT 15 79
[18316] = S 15
[18317] = Z 15
[18318] = CNOT 15 79
[18319] = CNOT 15 81
[18320] = S 15
[18321] = Z 15
[18322] = CNOT 15 81
[18323] = CNOT 15 84
[18324] = S 15
[18325] = Z 15
[18326] = CNOT 15 84
[18327] = CNOT 15 18
[18328] = CNOT 15 23
[18329] = CNOT 15 25
[18330] = S 15
[18331] = Z 15
[18332] = CNOT 15 25
[18333] = CNOT 15 26
[18334] = S 15
[18335] = Z 15
[18336] = CNOT 15 26
[18337] = CNOT 15 29
[18338] = Z 15
[18339] = CNOT 15 29
[18340] = CNOT 15 30
[18341] = S 15
[18342] = CNOT 15 30
[18343] = CNOT 15 34
[18344] = Z 15
[18345] = CNOT 15 34
[18346] = CNOT 15 43
[18347] = S 15
[18348] = CNOT 15 43
[18349] = CNOT 15 46
[18350] = S 15
[18351] = Z 15
[18352] = CNOT 15 46
[18353] = CNOT 15 48
[18354] = S 15
[18355] = Z 15
[18356] = CNOT 15 48
[18357] = CNOT 15 52
[18358] = S 15
[18359] = Z 15
[18360] = CNOT 15 52
[18361] = CNOT 15 56
[18362] = S 15
[18363] = Z 15
[18364] = CNOT 15 56
[18365] = CNOT 15 59
[18366] = S 15
[18367] = Z 15
[18368] = CNOT 15 59
[18369] = CNOT 15 61
[18370] = S 15
[18371] = CNOT 15 61
[18372] = CNOT 15 63
[18373] = S 15
[18374] = Z 15
[18375] = CNOT 15 63
[18376] = CNOT 15 64
[18377] = S 15
[18378] = Z 15
[18379] = CNOT 15 64
[18380] = CNOT 15 65
[18381] = Z 15
[18382] = CNOT 15 65
[18383] = CNOT 15 74
[18384] = S 15
[18385] = Z 15
[18386] = CNOT 15 74
[18387] = CNOT 15 75
[18388] = Z 15
[18389] = CNOT 15 75
[18390] = CNOT 15 77
[18391] = S 15
[18392] = Z 15
[18393] = CNOT 15 77
[18394] = CNOT 15 79
[18395] = S 15
[18396] = Z 15
[18397] = CNOT 15 79
[18398] = CNOT 15 81
[18399] = S 15
[18400] = Z 15
[18401] = CNOT 15 81
[18402] = CNOT 15 84
[18403] = S 15
[18404] = Z 15
[18405] = CNOT 15 84
[18406] = CNOT 15 23
[18407] = CNOT 15 25
[18408] = CNOT 15 26
[18409] = S 15
[18410] = Z 15
[18411] = CNOT 15 26
[18412] = CNOT 15 29
[18413] = Z 15
[18414] = CNOT 15 29
[18415] = CNOT 15 30
[18416] = S 15
[18417] = CNOT 15 30
[18418] = CNOT 15 34
[18419] = Z 15
[18420] = CNOT 15 34
[18421] = CNOT 15 43
[18422] = S 15
[18423] = CNOT 15 43
[18424] = CNOT 15 46
[18425] = S 15
[18426] = Z 15
[18427] = CNOT 15 46
[18428] = CNOT 15 48
[18429] = S 15
[18430] = Z 15
[18431] = CNOT 15 48
[18432] = CNOT 15 52
[18433] = S 15
[18434] = Z 15
[18435] = CNOT 15 52
[18436] = CNOT 15 56
[18437] = S 15
[18438] = Z 15
[18439] = CNOT 15 56
[18440] = CNOT 15 59
[18441] = S 15
[18442] = Z 15
[18443] = CNOT 15 59
[18444] = CNOT 15 61
[18445] = S 15
[18446] = CNOT 15 61
[18447] = CNOT 15 63
[18448] = S 15
[18449] = Z 15
[18450] = CNOT 15 63
[18451] = CNOT 15 64
[18452] = S 15
[18453] = Z 15
[18454] = CNOT 15 64
[18455] = CNOT 15 65
[18456] = Z 15
[18457] = CNOT 15 65
[18458] = CNOT 15 74
[18459] = S 15
[18460] = Z 15
[18461] = CNOT 15 74
[18462] = CNOT 15 75
[18463] = Z 15
[18464] = CNOT 15 75
[18465] = CNOT 15 77
[18466] = S 15
[18467] = Z 15
[18468] = CNOT 15 77
[18469] = CNOT 15 79
[18470] = S 15
[18471] = Z 15
[18472] = CNOT 15 79
[18473] = CNOT 15 81
[18474] = S 15
[18475] = Z 15
[18476] = CNOT 15 81
[18477] = CNOT 15 84
[18478] = S 15
[18479] = Z 15
[18480] = CNOT 15 84
[18481] = CNOT 15 25
[18482] = CNOT 15 26
[18483] = CNOT 15 29
[18484] = Z 15
[18485] = CNOT 15 29
[18486] = CNOT 15 30
[18487] = S 15
[18488] = CNOT 15 30
[18489] = CNOT 15 34
[18490] = Z 15
[18491] = CNOT 15 34
[18492] = CNOT 15 43
[18493] = S 15
[18494] = CNOT 15 43
[18495] = CNOT 15 46
[18496] = S 15
[18497] = Z 15
[18498] = CNOT 15 46
[18499] = CNOT 15 48
[18500] = S 15
[18501] = Z 15
[18502] = CNOT 15 48
[18503] = CNOT 15 52
[18504] = S 15
[18505] = Z 15
[18506] = CNOT 15 52
[18507] = CNOT 15 56
[18508] = S 15
[18509] = Z 15
[18510] = CNOT 15 56
[18511] = CNOT 15 59
[18512] = S 15
[18513] = Z 15
[18514] = CNOT 15 59
[18515] = CNOT 15 61
[18516] = S 15
[18517] = CNOT 15 61
[18518] = CNOT 15 63
[18519] = S 15
[18520] = Z 15
[18521] = CNOT 15 63
[18522] = CNOT 15 64
[18523] = S 15
[18524] = Z 15
[18525] = CNOT 15 64
[18526] = CNOT 15 65
[18527] = Z 15
[18528] = CNOT 15 65
[18529] = CNOT 15 74
[18530] = S 15
[18531] = Z 15
[18532] = CNOT 15 74
[18533] = CNOT 15 75
[18534] = Z 15
[18535] = CNOT 15 75
[18536] = CNOT 15 77
[18537] = S 15
[18538] = Z 15
[18539] = CNOT 15 77
[18540] = CNOT 15 79
[18541] = S 15
[18542] = Z 15
[18543] = CNOT 15 79
[18544] = CNOT 15 81
[18545] = S 15
[18546] = Z 15
[18547] = CNOT 15 81
[18548] = CNOT 15 84
[18549] = S 15
[18550] = Z 15
[18551] = CNOT 15 84
[18552] = CNOT 15 26
[18553] = CNOT 15 29
[18554] = CNOT 15 30
[18555] = Z 15
[18556] = CNOT 15 30
[18557] = CNOT 15 34
[18558] = S 15
[18559] = Z 15
[18560] = CNOT 15 34
[18561] = CNOT 15 43
[18562] = Z 15
[18563] = CNOT 15 43
[18564] = CNOT 15 46
[18565] = Z 15
[18566] = CNOT 15 46
[18567] = CNOT 15 52
[18568] = Z 15
[18569] = CNOT 15 52
[18570] = CNOT 15 56
[18571] = Z 15
[18572] = CNOT 15 56
[18573] = CNOT 15 61
[18574] = Z 15
[18575] = CNOT 15 61
[18576] = CNOT 15 63
[18577] = Z 15
[18578] = CNOT 15 63
[18579] = CNOT 15 64
[18580] = Z 15
[18581] = CNOT 15 64
[18582] = CNOT 15 77
[18583] = Z 15
[18584] = CNOT 15 77
[18585] = CNOT 15 79
[18586] = Z 15
[18587] = CNOT 15 79
[18588] = CNOT 15 84
[18589] = Z 15
[18590] = CNOT 15 84
[18591] = CNOT 15 29
[18592] = CNOT 15 30
[18593] = CNOT 15 34
[18594] = Z 15
[18595] = CNOT 15 34
[18596] = CNOT 15 43
[18597] = S 15
[18598] = CNOT 15 43
[18599] = CNOT 15 46
[18600] = S 15
[18601] = CNOT 15 46
[18602] = CNOT 15 52
[18603] = S 15
[18604] = CNOT 15 52
[18605] = CNOT 15 56
[18606] = S 15
[18607] = CNOT 15 56
[18608] = CNOT 15 61
[18609] = S 15
[18610] = CNOT 15 61
[18611] = CNOT 15 63
[18612] = S 15
[18613] = CNOT 15 63
[18614] = CNOT 15 64
[18615] = S 15
[18616] = CNOT 15 64
[18617] = CNOT 15 77
[18618] = S 15
[18619] = CNOT 15 77
[18620] = CNOT 15 79
[18621] = S 15
[18622] = CNOT 15 79
[18623] = CNOT 15 84
[18624] = S 15
[18625] = CNOT 15 84
[18626] = CNOT 15 30
[18627] = CNOT 15 34
[18628] = CNOT 15 43
[18629] = Z 15
[18630] = CNOT 15 43
[18631] = CNOT 15 46
[18632] = Z 15
[18633] = CNOT 15 46
[18634] = CNOT 15 52
[18635] = Z 15
[18636] = CNOT 15 52
[18637] = CNOT 15 56
[18638] = Z 15
[18639] = CNOT 15 56
[18640] = CNOT 15 61
[18641] = Z 15
[18642] = CNOT 15 61
[18643] = CNOT 15 63
[18644] = Z 15
[18645] = CNOT 15 63
[18646] = CNOT 15 64
[18647] = Z 15
[18648] = CNOT 15 64
[18649] = CNOT 15 77
[18650] = Z 15
[18651] = CNOT 15 77
[18652] = CNOT 15 79
[18653] = Z 15
[18654] = CNOT 15 79
[18655] = CNOT 15 84
[18656] = Z 15
[18657] = CNOT 15 84
[18658] = CNOT 15 34
[18659] = CNOT 15 43
[18660] = CNOT 15 46
[18661] = S 15
[18662] = CNOT 15 46
[18663] = CNOT 15 48
[18664] = S 15
[18665] = Z 15
[18666] = CNOT 15 48
[18667] = CNOT 15 52
[18668] = S 15
[18669] = Z 15
[18670] = CNOT 15 52
[18671] = CNOT 15 55
[18672] = Z 15
[18673] = CNOT 15 55
[18674] = CNOT 15 56
[18675] = S 15
[18676] = Z 15
[18677] = CNOT 15 56
[18678] = CNOT 15 61
[18679] = S 15
[18680] = CNOT 15 61
[18681] = CNOT 15 63
[18682] = S 15
[18683] = CNOT 15 63
[18684] = CNOT 15 64
[18685] = S 15
[18686] = CNOT 15 64
[18687] = CNOT 15 77
[18688] = S 15
[18689] = CNOT 15 77
[18690] = CNOT 15 79
[18691] = S 15
[18692] = CNOT 15 79
[18693] = CNOT 15 81
[18694] = S 15
[18695] = Z 15
[18696] = CNOT 15 81
[18697] = CNOT 15 84
[18698] = S 15
[18699] = CNOT 15 84
[18700] = CNOT 15 43
[18701] = CNOT 15 46
[18702] = CNOT 15 48
[18703] = S 15
[18704] = Z 15
[18705] = CNOT 15 48
[18706] = CNOT 15 52
[18707] = S 15
[18708] = Z 15
[18709] = CNOT 15 52
[18710] = CNOT 15 56
[18711] = S 15
[18712] = Z 15
[18713] = CNOT 15 56
[18714] = CNOT 15 59
[18715] = S 15
[18716] = Z 15
[18717] = CNOT 15 59
[18718] = CNOT 15 61
[18719] = S 15
[18720] = CNOT 15 61
[18721] = CNOT 15 63
[18722] = S 15
[18723] = Z 15
[18724] = CNOT 15 63
[18725] = CNOT 15 64
[18726] = S 15
[18727] = Z 15
[18728] = CNOT 15 64
[18729] = CNOT 15 65
[18730] = Z 15
[18731] = CNOT 15 65
[18732] = CNOT 15 74
[18733] = S 15
[18734] = Z 15
[18735] = CNOT 15 74
[18736] = CNOT 15 75
[18737] = Z 15
[18738] = CNOT 15 75
[18739] = CNOT 15 77
[18740] = S 15
[18741] = Z 15
[18742] = CNOT 15 77
[18743] = CNOT 15 79
[18744] = S 15
[18745] = Z 15
[18746] = CNOT 15 79
[18747] = CNOT 15 81
[18748] = S 15
[18749] = Z 15
[18750] = CNOT 15 81
[18751] = CNOT 15 84
[18752] = S 15
[18753] = Z 15
[18754] = CNOT 15 84
[18755] = CNOT 15 46
[18756] = CNOT 15 48
[18757] = CNOT 15 55
[18758] = S 15
[18759] = Z 15
[18760] = CNOT 15 55
[18761] = CNOT 15 61
[18762] = S 15
[18763] = Z 15
[18764] = CNOT 15 61
[18765] = CNOT 15 63
[18766] = S 15
[18767] = Z 15
[18768] = CNOT 15 63
[18769] = CNOT 15 64
[18770] = S 15
[18771] = Z 15
[18772] = CNOT 15 64
[18773] = CNOT 15 77
[18774] = S 15
[18775] = Z 15
[18776] = CNOT 15 77
[18777] = CNOT 15 79
[18778] = S 15
[18779] = Z 15
[18780] = CNOT 15 79
[18781] = CNOT 15 84
[18782] = S 15
[18783] = Z 15
[18784] = CNOT 15 84
[18785] = CNOT 15 48
[18786] = CNOT 15 52
[18787] = CNOT 15 55
[18788] = S 15
[18789] = Z 15
[18790] = CNOT 15 55
[18791] = CNOT 15 61
[18792] = S 15
[18793] = Z 15
[18794] = CNOT 15 61
[18795] = CNOT 15 63
[18796] = S 15
[18797] = Z 15
[18798] = CNOT 15 63
[18799] = CNOT 15 64
[18800] = S 15
[18801] = Z 15
[18802] = CNOT 15 64
[18803] = CNOT 15 77
[18804] = S 15
[18805] = Z 15
[18806] = CNOT 15 77
[18807] = CNOT 15 79
[18808] = S 15
[18809] = Z 15
[18810] = CNOT 15 79
[18811] = CNOT 15 81
[18812] = S 15
[18813] = Z 15
[18814] = CNOT 15 81
[18815] = CNOT 15 84
[18816] = S 15
[18817] = Z 15
[18818] = CNOT 15 84
[18819] = CNOT 15 52
[18820] = CNOT 15 55
[18821] = CNOT 15 59
[18822] = S 15
[18823] = Z 15
[18824] = CNOT 15 59
[18825] = CNOT 15 61
[18826] = Z 15
[18827] = CNOT 15 61
[18828] = CNOT 15 65
[18829] = Z 15
[18830] = CNOT 15 65
[18831] = CNOT 15 74
[18832] = S 15
[18833] = Z 15
[18834] = CNOT 15 74
[18835] = CNOT 15 75
[18836] = Z 15
[18837] = CNOT 15 75
[18838] = CNOT 15 81
[18839] = S 15
[18840] = Z 15
[18841] = CNOT 15 81
[18842] = CNOT 15 55
[18843] = CNOT 15 56
[18844] = CNOT 15 61
[18845] = S 15
[18846] = Z 15
[18847] = CNOT 15 61
[18848] = CNOT 15 63
[18849] = S 15
[18850] = Z 15
[18851] = CNOT 15 63
[18852] = CNOT 15 64
[18853] = S 15
[18854] = Z 15
[18855] = CNOT 15 64
[18856] = CNOT 15 77
[18857] = S 15
[18858] = Z 15
[18859] = CNOT 15 77
[18860] = CNOT 15 79
[18861] = S 15
[18862] = Z 15
[18863] = CNOT 15 79
[18864] = CNOT 15 84
[18865] = S 15
[18866] = Z 15
[18867] = CNOT 15 84
[18868] = CNOT 15 56
[18869] = CNOT 15 59
[18870] = CNOT 15 63
[18871] = S 15
[18872] = Z 15
[18873] = CNOT 15 63
[18874] = CNOT 15 64
[18875] = S 15
[18876] = Z 15
[18877] = CNOT 15 64
[18878] = CNOT 15 65
[18879] = S 15
[18880] = Z 15
[18881] = CNOT 15 65
[18882] = CNOT 15 75
[18883] = S 15
[18884] = Z 15
[18885] = CNOT 15 75
[18886] = CNOT 15 77
[18887] = S 15
[18888] = Z 15
[18889] = CNOT 15 77
[18890] = CNOT 15 79
[18891] = S 15
[18892] = Z 15
[18893] = CNOT 15 79
[18894] = CNOT 15 84
[18895] = S 15
[18896] = Z 15
[18897] = CNOT 15 84
[18898] = CNOT 15 59
[18899] = CNOT 15 61
[18900] = CNOT 15 63
[18901] = S 15
[18902] = CNOT 15 63
[18903] = CNOT 15 64
[18904] = S 15
[18905] = CNOT 15 64
[18906] = CNOT 15 77
[18907] = S 15
[18908] = CNOT 15 77
[18909] = CNOT 15 79
[18910] = S 15
[18911] = CNOT 15 79
[18912] = CNOT 15 81
[18913] = S 15
[18914] = Z 15
[18915] = CNOT 15 81
[18916] = CNOT 15 84
[18917] = S 15
[18918] = CNOT 15 84
[18919] = CNOT 15 61
[18920] = CNOT 15 63
[18921] = CNOT 15 64
[18922] = S 15
[18923] = Z 15
[18924] = CNOT 15 64
[18925] = CNOT 15 65
[18926] = Z 15
[18927] = CNOT 15 65
[18928] = CNOT 15 74
[18929] = S 15
[18930] = Z 15
[18931] = CNOT 15 74
[18932] = CNOT 15 75
[18933] = Z 15
[18934] = CNOT 15 75
[18935] = CNOT 15 77
[18936] = S 15
[18937] = Z 15
[18938] = CNOT 15 77
[18939] = CNOT 15 79
[18940] = S 15
[18941] = Z 15
[18942] = CNOT 15 79
[18943] = CNOT 15 81
[18944] = S 15
[18945] = Z 15
[18946] = CNOT 15 81
[18947] = CNOT 15 84
[18948] = S 15
[18949] = Z 15
[18950] = CNOT 15 84
[18951] = CNOT 15 63
[18952] = CNOT 15 64
[18953] = CNOT 15 65
[18954] = Z 15
[18955] = CNOT 15 65
[18956] = CNOT 15 74
[18957] = S 15
[18958] = Z 15
[18959] = CNOT 15 74
[18960] = CNOT 15 75
[18961] = Z 15
[18962] = CNOT 15 75
[18963] = CNOT 15 77
[18964] = S 15
[18965] = Z 15
[18966] = CNOT 15 77
[18967] = CNOT 15 79
[18968] = S 15
[18969] = Z 15
[18970] = CNOT 15 79
[18971] = CNOT 15 81
[18972] = S 15
[18973] = Z 15
[18974] = CNOT 15 81
[18975] = CNOT 15 84
[18976] = S 15
[18977] = Z 15
[18978] = CNOT 15 84
[18979] = CNOT 15 64
[18980] = CNOT 15 65
[18981] = CNOT 15 74
[18982] = S 15
[18983] = Z 15
[18984] = CNOT 15 74
[18985] = CNOT 15 75
[18986] = Z 15
[18987] = CNOT 15 75
[18988] = CNOT 15 77
[18989] = Z 15
[18990] = CNOT 15 77
[18991] = CNOT 15 79
[18992] = Z 15
[18993] = CNOT 15 79
[18994] = CNOT 15 84
[18995] = Z 15
[18996] = CNOT 15 84
[18997] = CNOT 15 65
[18998] = CNOT 15 74
[18999] = CNOT 15 75
[19000] = S 15
[19001] = Z 15
[19002] = CNOT 15 75
[19003] = CNOT 15 77
[19004] = S 15
[19005] = Z 15
[19006] = CNOT 15 77
[19007] = CNOT 15 79
[19008] = S 15
[19009] = Z 15
[19010] = CNOT 15 79
[19011] = CNOT 15 84
[19012] = S 15
[19013] = Z 15
[19014] = CNOT 15 84
[19015] = CNOT 15 74
[19016] = CNOT 15 75
[19017] = CNOT 15 77
[19018] = Z 15
[19019] = CNOT 15 77
[19020] = CNOT 15 79
[19021] = Z 15
[19022] = CNOT 15 79
[19023] = CNOT 15 84
[19024] = Z 15
[19025] = CNOT 15 84
[19026] = CNOT 15 75
[19027] = CNOT 15 77
[19028] = CNOT 15 79
[19029] = S 15
[19030] = Z 15
[19031] = CNOT 15 79
[19032] = CNOT 15 81
[19033] = S 15
[19034] = Z 15
[19035] = CNOT 15 81
[19036] = CNOT 15 84
[19037] = S 15
[19038] = Z 15
[19039] = CNOT 15 84
[19040] = CNOT 15 77
[19041] = CNOT 15 79
[19042] = CNOT 15 81
[19043] = S 15
[19044] = Z 15
[19045] = CNOT 15 81
[19046] = CNOT 15 84
[19047] = S 15
[19048] = Z 15
[19049] = CNOT 15 79
[19050] = CNOT 15 81
[19051] = S 15
[19052] = Z 15
[19053] = CNOT 15 84
[19054] = CNOT 15 81
[19055] = CNOT 16 18
[19056] = CNOT 16 23
[19057] = S 16
[19058] = CNOT 16 23
[19059] = CNOT 16 25
[19060] = S 16
[19061] = CNOT 16 25
[19062] = CNOT 16 26
[19063] = S 16
[19064] = CNOT 16 26
[19065] = CNOT 16 29
[19066] = S 16
[19067] = Z 16
[19068] = CNOT 16 29
[19069] = CNOT 16 30
[19070] = Z 16
[19071] = CNOT 16 30
[19072] = CNOT 16 34
[19073] = S 16
[19074] = Z 16
[19075] = CNOT 16 34
[19076] = CNOT 16 43
[19077] = S 16
[19078] = CNOT 16 43
[19079] = CNOT 16 46
[19080] = S 16
[19081] = CNOT 16 46
[19082] = CNOT 16 52
[19083] = S 16
[19084] = CNOT 16 52
[19085] = CNOT 16 56
[19086] = S 16
[19087] = CNOT 16 56
[19088] = CNOT 16 61
[19089] = S 16
[19090] = CNOT 16 61
[19091] = CNOT 16 63
[19092] = S 16
[19093] = CNOT 16 63
[19094] = CNOT 16 64
[19095] = S 16
[19096] = CNOT 16 64
[19097] = CNOT 16 77
[19098] = S 16
[19099] = CNOT 16 77
[19100] = CNOT 16 79
[19101] = S 16
[19102] = CNOT 16 79
[19103] = CNOT 16 84
[19104] = S 16
[19105] = CNOT 16 84
[19106] = CNOT 16 18
[19107] = CNOT 16 23
[19108] = CNOT 16 25
[19109] = S 16
[19110] = CNOT 16 25
[19111] = CNOT 16 26
[19112] = S 16
[19113] = CNOT 16 26
[19114] = CNOT 16 29
[19115] = S 16
[19116] = Z 16
[19117] = CNOT 16 29
[19118] = CNOT 16 30
[19119] = Z 16
[19120] = CNOT 16 30
[19121] = CNOT 16 34
[19122] = S 16
[19123] = Z 16
[19124] = CNOT 16 34
[19125] = CNOT 16 43
[19126] = S 16
[19127] = CNOT 16 43
[19128] = CNOT 16 46
[19129] = S 16
[19130] = CNOT 16 46
[19131] = CNOT 16 52
[19132] = S 16
[19133] = CNOT 16 52
[19134] = CNOT 16 56
[19135] = S 16
[19136] = CNOT 16 56
[19137] = CNOT 16 61
[19138] = S 16
[19139] = CNOT 16 61
[19140] = CNOT 16 63
[19141] = S 16
[19142] = CNOT 16 63
[19143] = CNOT 16 64
[19144] = S 16
[19145] = CNOT 16 64
[19146] = CNOT 16 77
[19147] = S 16
[19148] = CNOT 16 77
[19149] = CNOT 16 79
[19150] = S 16
[19151] = CNOT 16 79
[19152] = CNOT 16 84
[19153] = S 16
[19154] = CNOT 16 84
[19155] = CNOT 16 23
[19156] = CNOT 16 25
[19157] = CNOT 16 26
[19158] = S 16
[19159] = CNOT 16 26
[19160] = CNOT 16 29
[19161] = S 16
[19162] = Z 16
[19163] = CNOT 16 29
[19164] = CNOT 16 30
[19165] = Z 16
[19166] = CNOT 16 30
[19167] = CNOT 16 34
[19168] = S 16
[19169] = Z 16
[19170] = CNOT 16 34
[19171] = CNOT 16 43
[19172] = S 16
[19173] = CNOT 16 43
[19174] = CNOT 16 46
[19175] = S 16
[19176] = CNOT 16 46
[19177] = CNOT 16 52
[19178] = S 16
[19179] = CNOT 16 52
[19180] = CNOT 16 56
[19181] = S 16
[19182] = CNOT 16 56
[19183] = CNOT 16 61
[19184] = S 16
[19185] = CNOT 16 61
[19186] = CNOT 16 63
[19187] = S 16
[19188] = CNOT 16 63
[19189] = CNOT 16 64
[19190] = S 16
[19191] = CNOT 16 64
[19192] = CNOT 16 77
[19193] = S 16
[19194] = CNOT 16 77
[19195] = CNOT 16 79
[19196] = S 16
[19197] = CNOT 16 79
[19198] = CNOT 16 84
[19199] = S 16
[19200] = CNOT 16 84
[19201] = CNOT 16 25
[19202] = CNOT 16 26
[19203] = CNOT 16 29
[19204] = S 16
[19205] = Z 16
[19206] = CNOT 16 29
[19207] = CNOT 16 30
[19208] = Z 16
[19209] = CNOT 16 30
[19210] = CNOT 16 34
[19211] = S 16
[19212] = Z 16
[19213] = CNOT 16 34
[19214] = CNOT 16 43
[19215] = S 16
[19216] = CNOT 16 43
[19217] = CNOT 16 46
[19218] = S 16
[19219] = CNOT 16 46
[19220] = CNOT 16 52
[19221] = S 16
[19222] = CNOT 16 52
[19223] = CNOT 16 56
[19224] = S 16
[19225] = CNOT 16 56
[19226] = CNOT 16 61
[19227] = S 16
[19228] = CNOT 16 61
[19229] = CNOT 16 63
[19230] = S 16
[19231] = CNOT 16 63
[19232] = CNOT 16 64
[19233] = S 16
[19234] = CNOT 16 64
[19235] = CNOT 16 77
[19236] = S 16
[19237] = CNOT 16 77
[19238] = CNOT 16 79
[19239] = S 16
[19240] = CNOT 16 79
[19241] = CNOT 16 84
[19242] = S 16
[19243] = CNOT 16 84
[19244] = CNOT 16 26
[19245] = CNOT 16 29
[19246] = CNOT 16 30
[19247] = S 16
[19248] = Z 16
[19249] = CNOT 16 30
[19250] = CNOT 16 43
[19251] = S 16
[19252] = Z 16
[19253] = CNOT 16 43
[19254] = CNOT 16 46
[19255] = S 16
[19256] = Z 16
[19257] = CNOT 16 46
[19258] = CNOT 16 52
[19259] = S 16
[19260] = Z 16
[19261] = CNOT 16 52
[19262] = CNOT 16 56
[19263] = S 16
[19264] = Z 16
[19265] = CNOT 16 56
[19266] = CNOT 16 61
[19267] = S 16
[19268] = Z 16
[19269] = CNOT 16 61
[19270] = CNOT 16 63
[19271] = S 16
[19272] = Z 16
[19273] = CNOT 16 63
[19274] = CNOT 16 64
[19275] = S 16
[19276] = Z 16
[19277] = CNOT 16 64
[19278] = CNOT 16 77
[19279] = S 16
[19280] = Z 16
[19281] = CNOT 16 77
[19282] = CNOT 16 79
[19283] = S 16
[19284] = Z 16
[19285] = CNOT 16 79
[19286] = CNOT 16 84
[19287] = S 16
[19288] = Z 16
[19289] = CNOT 16 84
[19290] = CNOT 16 29
[19291] = CNOT 16 30
[19292] = CNOT 16 34
[19293] = S 16
[19294] = Z 16
[19295] = CNOT 16 34
[19296] = CNOT 16 43
[19297] = Z 16
[19298] = CNOT 16 43
[19299] = CNOT 16 46
[19300] = Z 16
[19301] = CNOT 16 46
[19302] = CNOT 16 52
[19303] = Z 16
[19304] = CNOT 16 52
[19305] = CNOT 16 56
[19306] = Z 16
[19307] = CNOT 16 56
[19308] = CNOT 16 61
[19309] = Z 16
[19310] = CNOT 16 61
[19311] = CNOT 16 63
[19312] = Z 16
[19313] = CNOT 16 63
[19314] = CNOT 16 64
[19315] = Z 16
[19316] = CNOT 16 64
[19317] = CNOT 16 77
[19318] = Z 16
[19319] = CNOT 16 77
[19320] = CNOT 16 79
[19321] = Z 16
[19322] = CNOT 16 79
[19323] = CNOT 16 84
[19324] = Z 16
[19325] = CNOT 16 84
[19326] = CNOT 16 30
[19327] = CNOT 16 34
[19328] = CNOT 16 43
[19329] = S 16
[19330] = Z 16
[19331] = CNOT 16 43
[19332] = CNOT 16 46
[19333] = S 16
[19334] = Z 16
[19335] = CNOT 16 46
[19336] = CNOT 16 52
[19337] = S 16
[19338] = Z 16
[19339] = CNOT 16 52
[19340] = CNOT 16 56
[19341] = S 16
[19342] = Z 16
[19343] = CNOT 16 56
[19344] = CNOT 16 61
[19345] = S 16
[19346] = Z 16
[19347] = CNOT 16 61
[19348] = CNOT 16 63
[19349] = S 16
[19350] = Z 16
[19351] = CNOT 16 63
[19352] = CNOT 16 64
[19353] = S 16
[19354] = Z 16
[19355] = CNOT 16 64
[19356] = CNOT 16 77
[19357] = S 16
[19358] = Z 16
[19359] = CNOT 16 77
[19360] = CNOT 16 79
[19361] = S 16
[19362] = Z 16
[19363] = CNOT 16 79
[19364] = CNOT 16 84
[19365] = S 16
[19366] = Z 16
[19367] = CNOT 16 84
[19368] = CNOT 16 34
[19369] = CNOT 16 43
[19370] = CNOT 16 46
[19371] = S 16
[19372] = CNOT 16 46
[19373] = CNOT 16 52
[19374] = S 16
[19375] = CNOT 16 52
[19376] = CNOT 16 56
[19377] = S 16
[19378] = CNOT 16 56
[19379] = CNOT 16 61
[19380] = S 16
[19381] = CNOT 16 61
[19382] = CNOT 16 63
[19383] = S 16
[19384] = CNOT 16 63
[19385] = CNOT 16 64
[19386] = S 16
[19387] = CNOT 16 64
[19388] = CNOT 16 77
[19389] = S 16
[19390] = CNOT 16 77
[19391] = CNOT 16 79
[19392] = S 16
[19393] = CNOT 16 79
[19394] = CNOT 16 84
[19395] = S 16
[19396] = CNOT 16 84
[19397] = CNOT 16 43
[19398] = CNOT 16 46
[19399] = CNOT 16 52
[19400] = S 16
[19401] = CNOT 16 52
[19402] = CNOT 16 56
[19403] = S 16
[19404] = CNOT 16 56
[19405] = CNOT 16 61
[19406] = S 16
[19407] = CNOT 16 61
[19408] = CNOT 16 63
[19409] = S 16
[19410] = CNOT 16 63
[19411] = CNOT 16 64
[19412] = S 16
[19413] = CNOT 16 64
[19414] = CNOT 16 77
[19415] = S 16
[19416] = CNOT 16 77
[19417] = CNOT 16 79
[19418] = S 16
[19419] = CNOT 16 79
[19420] = CNOT 16 84
[19421] = S 16
[19422] = CNOT 16 84
[19423] = CNOT 16 46
[19424] = CNOT 16 52
[19425] = CNOT 16 56
[19426] = S 16
[19427] = CNOT 16 56
[19428] = CNOT 16 61
[19429] = S 16
[19430] = CNOT 16 61
[19431] = CNOT 16 63
[19432] = S 16
[19433] = CNOT 16 63
[19434] = CNOT 16 64
[19435] = S 16
[19436] = CNOT 16 64
[19437] = CNOT 16 77
[19438] = S 16
[19439] = CNOT 16 77
[19440] = CNOT 16 79
[19441] = S 16
[19442] = CNOT 16 79
[19443] = CNOT 16 84
[19444] = S 16
[19445] = CNOT 16 84
[19446] = CNOT 16 52
[19447] = CNOT 16 56
[19448] = CNOT 16 61
[19449] = S 16
[19450] = CNOT 16 61
[19451] = CNOT 16 63
[19452] = S 16
[19453] = CNOT 16 63
[19454] = CNOT 16 64
[19455] = S 16
[19456] = CNOT 16 64
[19457] = CNOT 16 77
[19458] = S 16
[19459] = CNOT 16 77
[19460] = CNOT 16 79
[19461] = S 16
[19462] = CNOT 16 79
[19463] = CNOT 16 84
[19464] = S 16
[19465] = CNOT 16 84
[19466] = CNOT 16 56
[19467] = CNOT 16 61
[19468] = CNOT 16 63
[19469] = S 16
[19470] = CNOT 16 63
[19471] = CNOT 16 64
[19472] = S 16
[19473] = CNOT 16 64
[19474] = CNOT 16 77
[19475] = S 16
[19476] = CNOT 16 77
[19477] = CNOT 16 79
[19478] = S 16
[19479] = CNOT 16 79
[19480] = CNOT 16 84
[19481] = S 16
[19482] = CNOT 16 84
[19483] = CNOT 16 61
[19484] = CNOT 16 63
[19485] = CNOT 16 64
[19486] = S 16
[19487] = CNOT 16 64
[19488] = CNOT 16 77
[19489] = S 16
[19490] = CNOT 16 77
[19491] = CNOT 16 79
[19492] = S 16
[19493] = CNOT 16 79
[19494] = CNOT 16 84
[19495] = S 16
[19496] = CNOT 16 84
[19497] = CNOT 16 63
[19498] = CNOT 16 64
[19499] = CNOT 16 77
[19500] = S 16
[19501] = CNOT 16 77
[19502] = CNOT 16 79
[19503] = S 16
[19504] = CNOT 16 79
[19505] = CNOT 16 84
[19506] = S 16
[19507] = CNOT 16 84
[19508] = CNOT 16 64
[19509] = CNOT 16 77
[19510] = CNOT 16 79
[19511] = S 16
[19512] = CNOT 16 79
[19513] = CNOT 16 84
[19514] = S 16
[19515] = CNOT 16 77
[19516] = CNOT 16 79
[19517] = S 16
[19518] = CNOT 16 84
[19519] = CNOT 16 79
[19520] = CNOT 17 18
[19521] = CNOT 17 19
[19522] = S 17
[19523] = Z 17
[19524] = CNOT 17 19
[19525] = CNOT 17 20
[19526] = S 17
[19527] = Z 17
[19528] = CNOT 17 20
[19529] = CNOT 17 21
[19530] = S 17
[19531] = Z 17
[19532] = CNOT 17 21
[19533] = CNOT 17 22
[19534] = S 17
[19535] = Z 17
[19536] = CNOT 17 22
[19537] = CNOT 17 23
[19538] = S 17
[19539] = CNOT 17 23
[19540] = CNOT 17 25
[19541] = S 17
[19542] = CNOT 17 25
[19543] = CNOT 17 26
[19544] = S 17
[19545] = CNOT 17 26
[19546] = CNOT 17 40
[19547] = S 17
[19548] = Z 17
[19549] = CNOT 17 40
[19550] = CNOT 17 44
[19551] = S 17
[19552] = Z 17
[19553] = CNOT 17 44
[19554] = CNOT 17 46
[19555] = S 17
[19556] = CNOT 17 46
[19557] = CNOT 17 51
[19558] = S 17
[19559] = CNOT 17 51
[19560] = CNOT 17 54
[19561] = S 17
[19562] = Z 17
[19563] = CNOT 17 54
[19564] = CNOT 17 61
[19565] = S 17
[19566] = CNOT 17 61
[19567] = CNOT 17 63
[19568] = S 17
[19569] = CNOT 17 63
[19570] = CNOT 17 64
[19571] = S 17
[19572] = CNOT 17 64
[19573] = CNOT 17 77
[19574] = S 17
[19575] = CNOT 17 77
[19576] = CNOT 17 79
[19577] = S 17
[19578] = CNOT 17 79
[19579] = CNOT 17 84
[19580] = S 17
[19581] = CNOT 17 84
[19582] = CNOT 17 18
[19583] = CNOT 17 19
[19584] = CNOT 17 23
[19585] = S 17
[19586] = Z 17
[19587] = CNOT 17 23
[19588] = CNOT 17 25
[19589] = S 17
[19590] = Z 17
[19591] = CNOT 17 25
[19592] = CNOT 17 26
[19593] = S 17
[19594] = Z 17
[19595] = CNOT 17 26
[19596] = CNOT 17 46
[19597] = S 17
[19598] = Z 17
[19599] = CNOT 17 46
[19600] = CNOT 17 51
[19601] = S 17
[19602] = Z 17
[19603] = CNOT 17 51
[19604] = CNOT 17 54
[19605] = S 17
[19606] = Z 17
[19607] = CNOT 17 54
[19608] = CNOT 17 61
[19609] = S 17
[19610] = Z 17
[19611] = CNOT 17 61
[19612] = CNOT 17 63
[19613] = S 17
[19614] = Z 17
[19615] = CNOT 17 63
[19616] = CNOT 17 64
[19617] = S 17
[19618] = Z 17
[19619] = CNOT 17 64
[19620] = CNOT 17 77
[19621] = S 17
[19622] = Z 17
[19623] = CNOT 17 77
[19624] = CNOT 17 79
[19625] = S 17
[19626] = Z 17
[19627] = CNOT 17 79
[19628] = CNOT 17 84
[19629] = S 17
[19630] = Z 17
[19631] = CNOT 17 84
[19632] = CNOT 17 19
[19633] = CNOT 17 20
[19634] = CNOT 17 23
[19635] = Z 17
[19636] = CNOT 17 23
[19637] = CNOT 17 25
[19638] = Z 17
[19639] = CNOT 17 25
[19640] = CNOT 17 26
[19641] = Z 17
[19642] = CNOT 17 26
[19643] = CNOT 17 40
[19644] = S 17
[19645] = Z 17
[19646] = CNOT 17 40
[19647] = CNOT 17 44
[19648] = S 17
[19649] = Z 17
[19650] = CNOT 17 44
[19651] = CNOT 17 46
[19652] = Z 17
[19653] = CNOT 17 46
[19654] = CNOT 17 51
[19655] = Z 17
[19656] = CNOT 17 51
[19657] = CNOT 17 61
[19658] = Z 17
[19659] = CNOT 17 61
[19660] = CNOT 17 63
[19661] = Z 17
[19662] = CNOT 17 63
[19663] = CNOT 17 64
[19664] = Z 17
[19665] = CNOT 17 64
[19666] = CNOT 17 77
[19667] = Z 17
[19668] = CNOT 17 77
[19669] = CNOT 17 79
[19670] = Z 17
[19671] = CNOT 17 79
[19672] = CNOT 17 84
[19673] = S 17
[19674] = Z 17
[19675] = CNOT 17 84
[19676] = CNOT 17 20
[19677] = CNOT 17 21
[19678] = CNOT 17 22
[19679] = S 17
[19680] = Z 17
[19681] = CNOT 17 22
[19682] = CNOT 17 23
[19683] = S 17
[19684] = Z 17
[19685] = CNOT 17 23
[19686] = CNOT 17 25
[19687] = S 17
[19688] = Z 17
[19689] = CNOT 17 25
[19690] = CNOT 17 26
[19691] = S 17
[19692] = Z 17
[19693] = CNOT 17 26
[19694] = CNOT 17 46
[19695] = S 17
[19696] = Z 17
[19697] = CNOT 17 46
[19698] = CNOT 17 51
[19699] = S 17
[19700] = Z 17
[19701] = CNOT 17 51
[19702] = CNOT 17 61
[19703] = S 17
[19704] = Z 17
[19705] = CNOT 17 61
[19706] = CNOT 17 63
[19707] = S 17
[19708] = Z 17
[19709] = CNOT 17 63
[19710] = CNOT 17 64
[19711] = S 17
[19712] = Z 17
[19713] = CNOT 17 64
[19714] = CNOT 17 77
[19715] = S 17
[19716] = Z 17
[19717] = CNOT 17 77
[19718] = CNOT 17 79
[19719] = S 17
[19720] = Z 17
[19721] = CNOT 17 79
[19722] = CNOT 17 84
[19723] = S 17
[19724] = Z 17
[19725] = CNOT 17 84
[19726] = CNOT 17 21
[19727] = CNOT 17 22
[19728] = CNOT 17 23
[19729] = S 17
[19730] = Z 17
[19731] = CNOT 17 23
[19732] = CNOT 17 25
[19733] = S 17
[19734] = Z 17
[19735] = CNOT 17 25
[19736] = CNOT 17 26
[19737] = S 17
[19738] = Z 17
[19739] = CNOT 17 26
[19740] = CNOT 17 46
[19741] = S 17
[19742] = Z 17
[19743] = CNOT 17 46
[19744] = CNOT 17 51
[19745] = S 17
[19746] = Z 17
[19747] = CNOT 17 51
[19748] = CNOT 17 61
[19749] = S 17
[19750] = Z 17
[19751] = CNOT 17 61
[19752] = CNOT 17 63
[19753] = S 17
[19754] = Z 17
[19755] = CNOT 17 63
[19756] = CNOT 17 64
[19757] = S 17
[19758] = Z 17
[19759] = CNOT 17 64
[19760] = CNOT 17 77
[19761] = S 17
[19762] = Z 17
[19763] = CNOT 17 77
[19764] = CNOT 17 79
[19765] = S 17
[19766] = Z 17
[19767] = CNOT 17 79
[19768] = CNOT 17 84
[19769] = S 17
[19770] = Z 17
[19771] = CNOT 17 84
[19772] = CNOT 17 22
[19773] = CNOT 17 23
[19774] = CNOT 17 40
[19775] = S 17
[19776] = Z 17
[19777] = CNOT 17 40
[19778] = CNOT 17 44
[19779] = S 17
[19780] = Z 17
[19781] = CNOT 17 44
[19782] = CNOT 17 54
[19783] = S 17
[19784] = Z 17
[19785] = CNOT 17 54
[19786] = CNOT 17 84
[19787] = S 17
[19788] = CNOT 17 84
[19789] = CNOT 17 23
[19790] = CNOT 17 25
[19791] = CNOT 17 40
[19792] = S 17
[19793] = Z 17
[19794] = CNOT 17 40
[19795] = CNOT 17 44
[19796] = S 17
[19797] = Z 17
[19798] = CNOT 17 44
[19799] = CNOT 17 54
[19800] = S 17
[19801] = Z 17
[19802] = CNOT 17 54
[19803] = CNOT 17 84
[19804] = S 17
[19805] = CNOT 17 84
[19806] = CNOT 17 25
[19807] = CNOT 17 26
[19808] = CNOT 17 40
[19809] = S 17
[19810] = Z 17
[19811] = CNOT 17 40
[19812] = CNOT 17 44
[19813] = S 17
[19814] = Z 17
[19815] = CNOT 17 44
[19816] = CNOT 17 54
[19817] = S 17
[19818] = Z 17
[19819] = CNOT 17 54
[19820] = CNOT 17 84
[19821] = S 17
[19822] = CNOT 17 84
[19823] = CNOT 17 26
[19824] = CNOT 17 40
[19825] = CNOT 17 46
[19826] = S 17
[19827] = Z 17
[19828] = CNOT 17 46
[19829] = CNOT 17 51
[19830] = S 17
[19831] = Z 17
[19832] = CNOT 17 51
[19833] = CNOT 17 61
[19834] = S 17
[19835] = Z 17
[19836] = CNOT 17 61
[19837] = CNOT 17 63
[19838] = S 17
[19839] = Z 17
[19840] = CNOT 17 63
[19841] = CNOT 17 64
[19842] = S 17
[19843] = Z 17
[19844] = CNOT 17 64
[19845] = CNOT 17 77
[19846] = S 17
[19847] = Z 17
[19848] = CNOT 17 77
[19849] = CNOT 17 79
[19850] = S 17
[19851] = Z 17
[19852] = CNOT 17 79
[19853] = CNOT 17 84
[19854] = S 17
[19855] = Z 17
[19856] = CNOT 17 84
[19857] = CNOT 17 40
[19858] = CNOT 17 44
[19859] = CNOT 17 46
[19860] = S 17
[19861] = Z 17
[19862] = CNOT 17 46
[19863] = CNOT 17 51
[19864] = S 17
[19865] = Z 17
[19866] = CNOT 17 51
[19867] = CNOT 17 61
[19868] = S 17
[19869] = Z 17
[19870] = CNOT 17 61
[19871] = CNOT 17 63
[19872] = S 17
[19873] = Z 17
[19874] = CNOT 17 63
[19875] = CNOT 17 64
[19876] = S 17
[19877] = Z 17
[19878] = CNOT 17 64
[19879] = CNOT 17 77
[19880] = S 17
[19881] = Z 17
[19882] = CNOT 17 77
[19883] = CNOT 17 79
[19884] = S 17
[19885] = Z 17
[19886] = CNOT 17 79
[19887] = CNOT 17 84
[19888] = S 17
[19889] = Z 17
[19890] = CNOT 17 84
[19891] = CNOT 17 44
[19892] = CNOT 17 46
[19893] = CNOT 17 54
[19894] = S 17
[19895] = Z 17
[19896] = CNOT 17 54
[19897] = CNOT 17 84
[19898] = S 17
[19899] = CNOT 17 84
[19900] = CNOT 17 46
[19901] = CNOT 17 51
[19902] = CNOT 17 54
[19903] = S 17
[19904] = Z 17
[19905] = CNOT 17 54
[19906] = CNOT 17 84
[19907] = S 17
[19908] = CNOT 17 84
[19909] = CNOT 17 51
[19910] = CNOT 17 54
[19911] = CNOT 17 61
[19912] = S 17
[19913] = Z 17
[19914] = CNOT 17 61
[19915] = CNOT 17 63
[19916] = S 17
[19917] = Z 17
[19918] = CNOT 17 63
[19919] = CNOT 17 64
[19920] = S 17
[19921] = Z 17
[19922] = CNOT 17 64
[19923] = CNOT 17 77
[19924] = S 17
[19925] = Z 17
[19926] = CNOT 17 77
[19927] = CNOT 17 79
[19928] = S 17
[19929] = Z 17
[19930] = CNOT 17 79
[19931] = CNOT 17 84
[19932] = S 17
[19933] = Z 17
[19934] = CNOT 17 54
[19935] = CNOT 17 61
[19936] = S 17
[19937] = CNOT 17 61
[19938] = CNOT 17 63
[19939] = S 17
[19940] = CNOT 17 63
[19941] = CNOT 17 64
[19942] = S 17
[19943] = CNOT 17 64
[19944] = CNOT 17 77
[19945] = S 17
[19946] = CNOT 17 77
[19947] = CNOT 17 79
[19948] = S 17
[19949] = CNOT 17 84
[19950] = CNOT 17 79
[19951] = CNOT 18 19
[19952] = CNOT 18 23
[19953] = S 18
[19954] = Z 18
[19955] = CNOT 18 23
[19956] = CNOT 18 25
[19957] = S 18
[19958] = Z 18
[19959] = CNOT 18 25
[19960] = CNOT 18 26
[19961] = S 18
[19962] = Z 18
[19963] = CNOT 18 26
[19964] = CNOT 18 46
[19965] = S 18
[19966] = Z 18
[19967] = CNOT 18 46
[19968] = CNOT 18 51
[19969] = S 18
[19970] = Z 18
[19971] = CNOT 18 51
[19972] = CNOT 18 54
[19973] = S 18
[19974] = Z 18
[19975] = CNOT 18 54
[19976] = CNOT 18 61
[19977] = S 18
[19978] = Z 18
[19979] = CNOT 18 61
[19980] = CNOT 18 63
[19981] = S 18
[19982] = Z 18
[19983] = CNOT 18 63
[19984] = CNOT 18 64
[19985] = S 18
[19986] = Z 18
[19987] = CNOT 18 64
[19988] = CNOT 18 77
[19989] = S 18
[19990] = Z 18
[19991] = CNOT 18 77
[19992] = CNOT 18 79
[19993] = S 18
[19994] = Z 18
[19995] = CNOT 18 79
[19996] = CNOT 18 84
[19997] = S 18
[19998] = Z 18
[19999] = CNOT 18 84
[20000] = CNOT 18 19
[20001] = CNOT 18 20
[20002] = CNOT 18 22
[20003] = S 18
[20004] = Z 18
[20005] = CNOT 18 22
[20006] = CNOT 18 40
[20007] = S 18
[20008] = CNOT 18 40
[20009] = CNOT 18 44
[20010] = S 18
[20011] = Z 18
[20012] = CNOT 18 44
[20013] = CNOT 18 49
[20014] = S 18
[20015] = Z 18
[20016] = CNOT 18 49
[20017] = CNOT 18 54
[20018] = S 18
[20019] = Z 18
[20020] = CNOT 18 54
[20021] = CNOT 18 63
[20022] = S 18
[20023] = CNOT 18 63
[20024] = CNOT 18 83
[20025] = S 18
[20026] = Z 18
[20027] = CNOT 18 83
[20028] = CNOT 18 84
[20029] = Z 18
[20030] = CNOT 18 84
[20031] = CNOT 18 20
[20032] = CNOT 18 21
[20033] = CNOT 18 22
[20034] = S 18
[20035] = Z 18
[20036] = CNOT 18 22
[20037] = CNOT 18 23
[20038] = S 18
[20039] = Z 18
[20040] = CNOT 18 23
[20041] = CNOT 18 25
[20042] = S 18
[20043] = Z 18
[20044] = CNOT 18 25
[20045] = CNOT 18 26
[20046] = S 18
[20047] = Z 18
[20048] = CNOT 18 26
[20049] = CNOT 18 46
[20050] = S 18
[20051] = Z 18
[20052] = CNOT 18 46
[20053] = CNOT 18 51
[20054] = S 18
[20055] = Z 18
[20056] = CNOT 18 51
[20057] = CNOT 18 61
[20058] = S 18
[20059] = Z 18
[20060] = CNOT 18 61
[20061] = CNOT 18 63
[20062] = S 18
[20063] = Z 18
[20064] = CNOT 18 63
[20065] = CNOT 18 64
[20066] = S 18
[20067] = Z 18
[20068] = CNOT 18 64
[20069] = CNOT 18 77
[20070] = S 18
[20071] = Z 18
[20072] = CNOT 18 77
[20073] = CNOT 18 79
[20074] = S 18
[20075] = Z 18
[20076] = CNOT 18 79
[20077] = CNOT 18 84
[20078] = S 18
[20079] = Z 18
[20080] = CNOT 18 84
[20081] = CNOT 18 21
[20082] = CNOT 18 22
[20083] = CNOT 18 23
[20084] = Z 18
[20085] = CNOT 18 23
[20086] = CNOT 18 25
[20087] = Z 18
[20088] = CNOT 18 25
[20089] = CNOT 18 26
[20090] = Z 18
[20091] = CNOT 18 26
[20092] = CNOT 18 40
[20093] = S 18
[20094] = Z 18
[20095] = CNOT 18 40
[20096] = CNOT 18 46
[20097] = Z 18
[20098] = CNOT 18 46
[20099] = CNOT 18 49
[20100] = S 18
[20101] = Z 18
[20102] = CNOT 18 49
[20103] = CNOT 18 51
[20104] = Z 18
[20105] = CNOT 18 51
[20106] = CNOT 18 61
[20107] = Z 18
[20108] = CNOT 18 61
[20109] = CNOT 18 63
[20110] = Z 18
[20111] = CNOT 18 63
[20112] = CNOT 18 64
[20113] = Z 18
[20114] = CNOT 18 64
[20115] = CNOT 18 77
[20116] = Z 18
[20117] = CNOT 18 77
[20118] = CNOT 18 79
[20119] = Z 18
[20120] = CNOT 18 79
[20121] = CNOT 18 84
[20122] = S 18
[20123] = Z 18
[20124] = CNOT 18 84
[20125] = CNOT 18 22
[20126] = CNOT 18 23
[20127] = CNOT 18 25
[20128] = S 18
[20129] = CNOT 18 25
[20130] = CNOT 18 26
[20131] = S 18
[20132] = Z 18
[20133] = CNOT 18 26
[20134] = CNOT 18 28
[20135] = Z 18
[20136] = CNOT 18 28
[20137] = CNOT 18 31
[20138] = S 18
[20139] = Z 18
[20140] = CNOT 18 31
[20141] = CNOT 18 34
[20142] = Z 18
[20143] = CNOT 18 34
[20144] = CNOT 18 35
[20145] = Z 18
[20146] = CNOT 18 35
[20147] = CNOT 18 37
[20148] = Z 18
[20149] = CNOT 18 37
[20150] = CNOT 18 38
[20151] = S 18
[20152] = Z 18
[20153] = CNOT 18 38
[20154] = CNOT 18 39
[20155] = Z 18
[20156] = CNOT 18 39
[20157] = CNOT 18 40
[20158] = S 18
[20159] = CNOT 18 40
[20160] = CNOT 18 42
[20161] = S 18
[20162] = CNOT 18 42
[20163] = CNOT 18 43
[20164] = Z 18
[20165] = CNOT 18 43
[20166] = CNOT 18 44
[20167] = S 18
[20168] = Z 18
[20169] = CNOT 18 44
[20170] = CNOT 18 46
[20171] = S 18
[20172] = CNOT 18 46
[20173] = CNOT 18 47
[20174] = S 18
[20175] = CNOT 18 47
[20176] = CNOT 18 49
[20177] = S 18
[20178] = Z 18
[20179] = CNOT 18 49
[20180] = CNOT 18 51
[20181] = S 18
[20182] = Z 18
[20183] = CNOT 18 51
[20184] = CNOT 18 53
[20185] = S 18
[20186] = CNOT 18 53
[20187] = CNOT 18 54
[20188] = Z 18
[20189] = CNOT 18 54
[20190] = CNOT 18 56
[20191] = S 18
[20192] = Z 18
[20193] = CNOT 18 56
[20194] = CNOT 18 57
[20195] = S 18
[20196] = CNOT 18 57
[20197] = CNOT 18 58
[20198] = S 18
[20199] = CNOT 18 58
[20200] = CNOT 18 59
[20201] = Z 18
[20202] = CNOT 18 59
[20203] = CNOT 18 61
[20204] = S 18
[20205] = CNOT 18 61
[20206] = CNOT 18 63
[20207] = Z 18
[20208] = CNOT 18 63
[20209] = CNOT 18 64
[20210] = S 18
[20211] = CNOT 18 64
[20212] = CNOT 18 66
[20213] = Z 18
[20214] = CNOT 18 66
[20215] = CNOT 18 67
[20216] = Z 18
[20217] = CNOT 18 67
[20218] = CNOT 18 71
[20219] = Z 18
[20220] = CNOT 18 71
[20221] = CNOT 18 74
[20222] = S 18
[20223] = CNOT 18 74
[20224] = CNOT 18 75
[20225] = Z 18
[20226] = CNOT 18 75
[20227] = CNOT 18 76
[20228] = Z 18
[20229] = CNOT 18 76
[20230] = CNOT 18 77
[20231] = S 18
[20232] = CNOT 18 77
[20233] = CNOT 18 79
[20234] = S 18
[20235] = CNOT 18 79
[20236] = CNOT 18 80
[20237] = Z 18
[20238] = CNOT 18 80
[20239] = CNOT 18 81
[20240] = Z 18
[20241] = CNOT 18 81
[20242] = CNOT 18 82
[20243] = Z 18
[20244] = CNOT 18 82
[20245] = CNOT 18 83
[20246] = S 18
[20247] = Z 18
[20248] = CNOT 18 83
[20249] = CNOT 18 84
[20250] = S 18
[20251] = Z 18
[20252] = CNOT 18 84
[20253] = CNOT 18 23
[20254] = CNOT 18 25
[20255] = CNOT 18 26
[20256] = S 18
[20257] = CNOT 18 26
[20258] = CNOT 18 28
[20259] = Z 18
[20260] = CNOT 18 28
[20261] = CNOT 18 31
[20262] = Z 18
[20263] = CNOT 18 31
[20264] = CNOT 18 33
[20265] = Z 18
[20266] = CNOT 18 33
[20267] = CNOT 18 34
[20268] = Z 18
[20269] = CNOT 18 34
[20270] = CNOT 18 36
[20271] = S 18
[20272] = Z 18
[20273] = CNOT 18 36
[20274] = CNOT 18 38
[20275] = S 18
[20276] = Z 18
[20277] = CNOT 18 38
[20278] = CNOT 18 39
[20279] = Z 18
[20280] = CNOT 18 39
[20281] = CNOT 18 40
[20282] = Z 18
[20283] = CNOT 18 40
[20284] = CNOT 18 42
[20285] = S 18
[20286] = CNOT 18 42
[20287] = CNOT 18 43
[20288] = S 18
[20289] = Z 18
[20290] = CNOT 18 43
[20291] = CNOT 18 44
[20292] = S 18
[20293] = Z 18
[20294] = CNOT 18 44
[20295] = CNOT 18 45
[20296] = S 18
[20297] = Z 18
[20298] = CNOT 18 45
[20299] = CNOT 18 47
[20300] = S 18
[20301] = CNOT 18 47
[20302] = CNOT 18 49
[20303] = S 18
[20304] = Z 18
[20305] = CNOT 18 49
[20306] = CNOT 18 50
[20307] = Z 18
[20308] = CNOT 18 50
[20309] = CNOT 18 51
[20310] = S 18
[20311] = Z 18
[20312] = CNOT 18 51
[20313] = CNOT 18 53
[20314] = Z 18
[20315] = CNOT 18 53
[20316] = CNOT 18 54
[20317] = Z 18
[20318] = CNOT 18 54
[20319] = CNOT 18 57
[20320] = S 18
[20321] = CNOT 18 57
[20322] = CNOT 18 58
[20323] = S 18
[20324] = CNOT 18 58
[20325] = CNOT 18 59
[20326] = Z 18
[20327] = CNOT 18 59
[20328] = CNOT 18 60
[20329] = S 18
[20330] = CNOT 18 60
[20331] = CNOT 18 61
[20332] = Z 18
[20333] = CNOT 18 61
[20334] = CNOT 18 63
[20335] = S 18
[20336] = Z 18
[20337] = CNOT 18 63
[20338] = CNOT 18 64
[20339] = Z 18
[20340] = CNOT 18 64
[20341] = CNOT 18 66
[20342] = Z 18
[20343] = CNOT 18 66
[20344] = CNOT 18 67
[20345] = Z 18
[20346] = CNOT 18 67
[20347] = CNOT 18 71
[20348] = Z 18
[20349] = CNOT 18 71
[20350] = CNOT 18 72
[20351] = S 18
[20352] = Z 18
[20353] = CNOT 18 72
[20354] = CNOT 18 74
[20355] = S 18
[20356] = CNOT 18 74
[20357] = CNOT 18 75
[20358] = Z 18
[20359] = CNOT 18 75
[20360] = CNOT 18 76
[20361] = Z 18
[20362] = CNOT 18 76
[20363] = CNOT 18 79
[20364] = Z 18
[20365] = CNOT 18 79
[20366] = CNOT 18 80
[20367] = Z 18
[20368] = CNOT 18 80
[20369] = CNOT 18 81
[20370] = Z 18
[20371] = CNOT 18 81
[20372] = CNOT 18 82
[20373] = Z 18
[20374] = CNOT 18 82
[20375] = CNOT 18 83
[20376] = S 18
[20377] = Z 18
[20378] = CNOT 18 83
[20379] = CNOT 18 25
[20380] = CNOT 18 26
[20381] = CNOT 18 28
[20382] = Z 18
[20383] = CNOT 18 28
[20384] = CNOT 18 31
[20385] = Z 18
[20386] = CNOT 18 31
[20387] = CNOT 18 34
[20388] = Z 18
[20389] = CNOT 18 34
[20390] = CNOT 18 35
[20391] = Z 18
[20392] = CNOT 18 35
[20393] = CNOT 18 36
[20394] = S 18
[20395] = CNOT 18 36
[20396] = CNOT 18 37
[20397] = Z 18
[20398] = CNOT 18 37
[20399] = CNOT 18 38
[20400] = S 18
[20401] = Z 18
[20402] = CNOT 18 38
[20403] = CNOT 18 39
[20404] = Z 18
[20405] = CNOT 18 39
[20406] = CNOT 18 40
[20407] = Z 18
[20408] = CNOT 18 40
[20409] = CNOT 18 42
[20410] = S 18
[20411] = CNOT 18 42
[20412] = CNOT 18 44
[20413] = S 18
[20414] = Z 18
[20415] = CNOT 18 44
[20416] = CNOT 18 46
[20417] = Z 18
[20418] = CNOT 18 46
[20419] = CNOT 18 47
[20420] = S 18
[20421] = CNOT 18 47
[20422] = CNOT 18 49
[20423] = S 18
[20424] = Z 18
[20425] = CNOT 18 49
[20426] = CNOT 18 51
[20427] = S 18
[20428] = Z 18
[20429] = CNOT 18 51
[20430] = CNOT 18 53
[20431] = S 18
[20432] = Z 18
[20433] = CNOT 18 53
[20434] = CNOT 18 54
[20435] = Z 18
[20436] = CNOT 18 54
[20437] = CNOT 18 56
[20438] = S 18
[20439] = CNOT 18 56
[20440] = CNOT 18 57
[20441] = S 18
[20442] = CNOT 18 57
[20443] = CNOT 18 58
[20444] = S 18
[20445] = CNOT 18 58
[20446] = CNOT 18 59
[20447] = Z 18
[20448] = CNOT 18 59
[20449] = CNOT 18 60
[20450] = Z 18
[20451] = CNOT 18 60
[20452] = CNOT 18 61
[20453] = S 18
[20454] = Z 18
[20455] = CNOT 18 61
[20456] = CNOT 18 66
[20457] = Z 18
[20458] = CNOT 18 66
[20459] = CNOT 18 67
[20460] = Z 18
[20461] = CNOT 18 67
[20462] = CNOT 18 69
[20463] = Z 18
[20464] = CNOT 18 69
[20465] = CNOT 18 70
[20466] = S 18
[20467] = CNOT 18 70
[20468] = CNOT 18 71
[20469] = Z 18
[20470] = CNOT 18 71
[20471] = CNOT 18 72
[20472] = Z 18
[20473] = CNOT 18 72
[20474] = CNOT 18 73
[20475] = Z 18
[20476] = CNOT 18 73
[20477] = CNOT 18 74
[20478] = S 18
[20479] = CNOT 18 74
[20480] = CNOT 18 75
[20481] = Z 18
[20482] = CNOT 18 75
[20483] = CNOT 18 76
[20484] = Z 18
[20485] = CNOT 18 76
[20486] = CNOT 18 77
[20487] = S 18
[20488] = Z 18
[20489] = CNOT 18 77
[20490] = CNOT 18 79
[20491] = S 18
[20492] = Z 18
[20493] = CNOT 18 79
[20494] = CNOT 18 80
[20495] = Z 18
[20496] = CNOT 18 80
[20497] = CNOT 18 81
[20498] = Z 18
[20499] = CNOT 18 81
[20500] = CNOT 18 82
[20501] = Z 18
[20502] = CNOT 18 82
[20503] = CNOT 18 83
[20504] = S 18
[20505] = Z 18
[20506] = CNOT 18 83
[20507] = CNOT 18 84
[20508] = S 18
[20509] = CNOT 18 84
[20510] = CNOT 18 26
[20511] = CNOT 18 27
[20512] = CNOT 18 29
[20513] = S 18
[20514] = Z 18
[20515] = CNOT 18 29
[20516] = CNOT 18 33
[20517] = Z 18
[20518] = CNOT 18 33
[20519] = CNOT 18 39
[20520] = Z 18
[20521] = CNOT 18 39
[20522] = CNOT 18 41
[20523] = S 18
[20524] = CNOT 18 41
[20525] = CNOT 18 62
[20526] = Z 18
[20527] = CNOT 18 62
[20528] = CNOT 18 66
[20529] = Z 18
[20530] = CNOT 18 66
[20531] = CNOT 18 71
[20532] = Z 18
[20533] = CNOT 18 71
[20534] = CNOT 18 27
[20535] = CNOT 18 28
[20536] = CNOT 18 46
[20537] = Z 18
[20538] = CNOT 18 46
[20539] = CNOT 18 51
[20540] = Z 18
[20541] = CNOT 18 51
[20542] = CNOT 18 61
[20543] = Z 18
[20544] = CNOT 18 61
[20545] = CNOT 18 63
[20546] = Z 18
[20547] = CNOT 18 63
[20548] = CNOT 18 64
[20549] = Z 18
[20550] = CNOT 18 64
[20551] = CNOT 18 77
[20552] = Z 18
[20553] = CNOT 18 77
[20554] = CNOT 18 79
[20555] = Z 18
[20556] = CNOT 18 79
[20557] = CNOT 18 84
[20558] = Z 18
[20559] = CNOT 18 84
[20560] = CNOT 18 28
[20561] = CNOT 18 29
[20562] = CNOT 18 30
[20563] = Z 18
[20564] = CNOT 18 30
[20565] = CNOT 18 34
[20566] = S 18
[20567] = Z 18
[20568] = CNOT 18 34
[20569] = CNOT 18 42
[20570] = S 18
[20571] = Z 18
[20572] = CNOT 18 42
[20573] = CNOT 18 43
[20574] = Z 18
[20575] = CNOT 18 43
[20576] = CNOT 18 52
[20577] = Z 18
[20578] = CNOT 18 52
[20579] = CNOT 18 56
[20580] = Z 18
[20581] = CNOT 18 56
[20582] = CNOT 18 61
[20583] = Z 18
[20584] = CNOT 18 61
[20585] = CNOT 18 29
[20586] = CNOT 18 30
[20587] = CNOT 18 34
[20588] = Z 18
[20589] = CNOT 18 34
[20590] = CNOT 18 30
[20591] = CNOT 18 31
[20592] = CNOT 18 40
[20593] = S 18
[20594] = Z 18
[20595] = CNOT 18 40
[20596] = CNOT 18 43
[20597] = S 18
[20598] = CNOT 18 43
[20599] = CNOT 18 45
[20600] = Z 18
[20601] = CNOT 18 45
[20602] = CNOT 18 46
[20603] = Z 18
[20604] = CNOT 18 46
[20605] = CNOT 18 53
[20606] = S 18
[20607] = CNOT 18 53
[20608] = CNOT 18 56
[20609] = S 18
[20610] = CNOT 18 56
[20611] = CNOT 18 61
[20612] = S 18
[20613] = CNOT 18 61
[20614] = CNOT 18 63
[20615] = S 18
[20616] = CNOT 18 63
[20617] = CNOT 18 64
[20618] = S 18
[20619] = CNOT 18 64
[20620] = CNOT 18 77
[20621] = S 18
[20622] = CNOT 18 77
[20623] = CNOT 18 79
[20624] = S 18
[20625] = CNOT 18 79
[20626] = CNOT 18 84
[20627] = S 18
[20628] = CNOT 18 84
[20629] = CNOT 18 31
[20630] = CNOT 18 33
[20631] = CNOT 18 35
[20632] = S 18
[20633] = Z 18
[20634] = CNOT 18 35
[20635] = CNOT 18 36
[20636] = Z 18
[20637] = CNOT 18 36
[20638] = CNOT 18 37
[20639] = Z 18
[20640] = CNOT 18 37
[20641] = CNOT 18 38
[20642] = S 18
[20643] = Z 18
[20644] = CNOT 18 38
[20645] = CNOT 18 39
[20646] = S 18
[20647] = Z 18
[20648] = CNOT 18 39
[20649] = CNOT 18 41
[20650] = Z 18
[20651] = CNOT 18 41
[20652] = CNOT 18 43
[20653] = Z 18
[20654] = CNOT 18 43
[20655] = CNOT 18 53
[20656] = Z 18
[20657] = CNOT 18 53
[20658] = CNOT 18 56
[20659] = Z 18
[20660] = CNOT 18 56
[20661] = CNOT 18 61
[20662] = Z 18
[20663] = CNOT 18 61
[20664] = CNOT 18 62
[20665] = Z 18
[20666] = CNOT 18 62
[20667] = CNOT 18 33
[20668] = CNOT 18 34
[20669] = CNOT 18 43
[20670] = Z 18
[20671] = CNOT 18 43
[20672] = CNOT 18 46
[20673] = Z 18
[20674] = CNOT 18 46
[20675] = CNOT 18 52
[20676] = Z 18
[20677] = CNOT 18 52
[20678] = CNOT 18 56
[20679] = Z 18
[20680] = CNOT 18 56
[20681] = CNOT 18 61
[20682] = Z 18
[20683] = CNOT 18 61
[20684] = CNOT 18 63
[20685] = Z 18
[20686] = CNOT 18 63
[20687] = CNOT 18 64
[20688] = Z 18
[20689] = CNOT 18 64
[20690] = CNOT 18 77
[20691] = Z 18
[20692] = CNOT 18 77
[20693] = CNOT 18 79
[20694] = Z 18
[20695] = CNOT 18 79
[20696] = CNOT 18 84
[20697] = Z 18
[20698] = CNOT 18 84
[20699] = CNOT 18 34
[20700] = CNOT 18 35
[20701] = CNOT 18 36
[20702] = Z 18
[20703] = CNOT 18 36
[20704] = CNOT 18 37
[20705] = S 18
[20706] = Z 18
[20707] = CNOT 18 37
[20708] = CNOT 18 43
[20709] = Z 18
[20710] = CNOT 18 43
[20711] = CNOT 18 46
[20712] = Z 18
[20713] = CNOT 18 46
[20714] = CNOT 18 53
[20715] = Z 18
[20716] = CNOT 18 53
[20717] = CNOT 18 56
[20718] = Z 18
[20719] = CNOT 18 56
[20720] = CNOT 18 61
[20721] = Z 18
[20722] = CNOT 18 61
[20723] = CNOT 18 63
[20724] = Z 18
[20725] = CNOT 18 63
[20726] = CNOT 18 64
[20727] = Z 18
[20728] = CNOT 18 64
[20729] = CNOT 18 77
[20730] = Z 18
[20731] = CNOT 18 77
[20732] = CNOT 18 79
[20733] = Z 18
[20734] = CNOT 18 79
[20735] = CNOT 18 84
[20736] = Z 18
[20737] = CNOT 18 84
[20738] = CNOT 18 35
[20739] = CNOT 18 36
[20740] = CNOT 18 37
[20741] = Z 18
[20742] = CNOT 18 36
[20743] = CNOT 18 43
[20744] = Z 18
[20745] = CNOT 18 43
[20746] = CNOT 18 46
[20747] = Z 18
[20748] = CNOT 18 46
[20749] = CNOT 18 53
[20750] = Z 18
[20751] = CNOT 18 53
[20752] = CNOT 18 56
[20753] = Z 18
[20754] = CNOT 18 56
[20755] = CNOT 18 61
[20756] = Z 18
[20757] = CNOT 18 61
[20758] = CNOT 18 63
[20759] = Z 18
[20760] = CNOT 18 63
[20761] = CNOT 18 64
[20762] = Z 18
[20763] = CNOT 18 64
[20764] = CNOT 18 77
[20765] = Z 18
[20766] = CNOT 18 77
[20767] = CNOT 18 79
[20768] = Z 18
[20769] = CNOT 18 79
[20770] = CNOT 18 84
[20771] = Z 18
[20772] = CNOT 18 84
[20773] = CNOT 18 37
[20774] = CNOT 18 38
[20775] = CNOT 18 39
[20776] = S 18
[20777] = Z 18
[20778] = CNOT 18 39
[20779] = CNOT 18 41
[20780] = Z 18
[20781] = CNOT 18 41
[20782] = CNOT 18 42
[20783] = S 18
[20784] = CNOT 18 42
[20785] = CNOT 18 43
[20786] = S 18
[20787] = Z 18
[20788] = CNOT 18 43
[20789] = CNOT 18 46
[20790] = S 18
[20791] = Z 18
[20792] = CNOT 18 46
[20793] = CNOT 18 47
[20794] = S 18
[20795] = Z 18
[20796] = CNOT 18 47
[20797] = CNOT 18 51
[20798] = S 18
[20799] = Z 18
[20800] = CNOT 18 51
[20801] = CNOT 18 57
[20802] = S 18
[20803] = Z 18
[20804] = CNOT 18 57
[20805] = CNOT 18 61
[20806] = Z 18
[20807] = CNOT 18 61
[20808] = CNOT 18 63
[20809] = S 18
[20810] = Z 18
[20811] = CNOT 18 63
[20812] = CNOT 18 64
[20813] = S 18
[20814] = Z 18
[20815] = CNOT 18 64
[20816] = CNOT 18 66
[20817] = S 18
[20818] = Z 18
[20819] = CNOT 18 66
[20820] = CNOT 18 71
[20821] = S 18
[20822] = Z 18
[20823] = CNOT 18 71
[20824] = CNOT 18 77
[20825] = S 18
[20826] = Z 18
[20827] = CNOT 18 77
[20828] = CNOT 18 80
[20829] = S 18
[20830] = Z 18
[20831] = CNOT 18 80
[20832] = CNOT 18 84
[20833] = S 18
[20834] = Z 18
[20835] = CNOT 18 84
[20836] = CNOT 18 38
[20837] = CNOT 18 39
[20838] = CNOT 18 41
[20839] = Z 18
[20840] = CNOT 18 41
[20841] = CNOT 18 46
[20842] = Z 18
[20843] = CNOT 18 46
[20844] = CNOT 18 62
[20845] = Z 18
[20846] = CNOT 18 62
[20847] = CNOT 18 63
[20848] = Z 18
[20849] = CNOT 18 63
[20850] = CNOT 18 64
[20851] = Z 18
[20852] = CNOT 18 64
[20853] = CNOT 18 77
[20854] = Z 18
[20855] = CNOT 18 77
[20856] = CNOT 18 79
[20857] = Z 18
[20858] = CNOT 18 79
[20859] = CNOT 18 84
[20860] = Z 18
[20861] = CNOT 18 84
[20862] = CNOT 18 39
[20863] = CNOT 18 40
[20864] = CNOT 18 43
[20865] = S 18
[20866] = CNOT 18 43
[20867] = CNOT 18 45
[20868] = S 18
[20869] = CNOT 18 45
[20870] = CNOT 18 49
[20871] = S 18
[20872] = Z 18
[20873] = CNOT 18 49
[20874] = CNOT 18 51
[20875] = S 18
[20876] = CNOT 18 51
[20877] = CNOT 18 53
[20878] = S 18
[20879] = CNOT 18 53
[20880] = CNOT 18 54
[20881] = S 18
[20882] = Z 18
[20883] = CNOT 18 54
[20884] = CNOT 18 56
[20885] = S 18
[20886] = CNOT 18 56
[20887] = CNOT 18 60
[20888] = S 18
[20889] = Z 18
[20890] = CNOT 18 60
[20891] = CNOT 18 61
[20892] = Z 18
[20893] = CNOT 18 61
[20894] = CNOT 18 63
[20895] = Z 18
[20896] = CNOT 18 63
[20897] = CNOT 18 64
[20898] = S 18
[20899] = Z 18
[20900] = CNOT 18 64
[20901] = CNOT 18 77
[20902] = Z 18
[20903] = CNOT 18 77
[20904] = CNOT 18 79
[20905] = Z 18
[20906] = CNOT 18 79
[20907] = CNOT 18 83
[20908] = S 18
[20909] = Z 18
[20910] = CNOT 18 83
[20911] = CNOT 18 40
[20912] = CNOT 18 42
[20913] = CNOT 18 46
[20914] = S 18
[20915] = CNOT 18 46
[20916] = CNOT 18 57
[20917] = Z 18
[20918] = CNOT 18 57
[20919] = CNOT 18 58
[20920] = S 18
[20921] = Z 18
[20922] = CNOT 18 58
[20923] = CNOT 18 63
[20924] = S 18
[20925] = CNOT 18 63
[20926] = CNOT 18 64
[20927] = S 18
[20928] = CNOT 18 64
[20929] = CNOT 18 66
[20930] = Z 18
[20931] = CNOT 18 66
[20932] = CNOT 18 71
[20933] = Z 18
[20934] = CNOT 18 71
[20935] = CNOT 18 77
[20936] = S 18
[20937] = CNOT 18 77
[20938] = CNOT 18 79
[20939] = S 18
[20940] = CNOT 18 79
[20941] = CNOT 18 84
[20942] = S 18
[20943] = CNOT 18 84
[20944] = CNOT 18 42
[20945] = CNOT 18 43
[20946] = CNOT 18 45
[20947] = Z 18
[20948] = CNOT 18 45
[20949] = CNOT 18 50
[20950] = S 18
[20951] = CNOT 18 50
[20952] = CNOT 18 53
[20953] = S 18
[20954] = CNOT 18 53
[20955] = CNOT 18 55
[20956] = Z 18
[20957] = CNOT 18 55
[20958] = CNOT 18 56
[20959] = S 18
[20960] = Z 18
[20961] = CNOT 18 56
[20962] = CNOT 18 60
[20963] = S 18
[20964] = CNOT 18 60
[20965] = CNOT 18 61
[20966] = Z 18
[20967] = CNOT 18 61
[20968] = CNOT 18 63
[20969] = Z 18
[20970] = CNOT 18 63
[20971] = CNOT 18 64
[20972] = Z 18
[20973] = CNOT 18 64
[20974] = CNOT 18 69
[20975] = Z 18
[20976] = CNOT 18 69
[20977] = CNOT 18 72
[20978] = S 18
[20979] = CNOT 18 72
[20980] = CNOT 18 73
[20981] = Z 18
[20982] = CNOT 18 73
[20983] = CNOT 18 79
[20984] = Z 18
[20985] = CNOT 18 79
[20986] = CNOT 18 81
[20987] = Z 18
[20988] = CNOT 18 81
[20989] = CNOT 18 82
[20990] = Z 18
[20991] = CNOT 18 82
[20992] = CNOT 18 84
[20993] = Z 18
[20994] = CNOT 18 84
[20995] = CNOT 18 43
[20996] = CNOT 18 44
[20997] = CNOT 18 46
[20998] = S 18
[20999] = Z 18
[21000] = CNOT 18 46
[21001] = CNOT 18 51
[21002] = S 18
[21003] = Z 18
[21004] = CNOT 18 51
[21005] = CNOT 18 61
[21006] = S 18
[21007] = Z 18
[21008] = CNOT 18 61
[21009] = CNOT 18 63
[21010] = S 18
[21011] = Z 18
[21012] = CNOT 18 63
[21013] = CNOT 18 64
[21014] = S 18
[21015] = Z 18
[21016] = CNOT 18 64
[21017] = CNOT 18 77
[21018] = S 18
[21019] = Z 18
[21020] = CNOT 18 77
[21021] = CNOT 18 79
[21022] = S 18
[21023] = Z 18
[21024] = CNOT 18 79
[21025] = CNOT 18 84
[21026] = S 18
[21027] = Z 18
[21028] = CNOT 18 84
[21029] = CNOT 18 44
[21030] = CNOT 18 45
[21031] = CNOT 18 46
[21032] = Z 18
[21033] = CNOT 18 46
[21034] = CNOT 18 50
[21035] = S 18
[21036] = Z 18
[21037] = CNOT 18 50
[21038] = CNOT 18 53
[21039] = Z 18
[21040] = CNOT 18 53
[21041] = CNOT 18 56
[21042] = Z 18
[21043] = CNOT 18 56
[21044] = CNOT 18 60
[21045] = Z 18
[21046] = CNOT 18 60
[21047] = CNOT 18 61
[21048] = Z 18
[21049] = CNOT 18 61
[21050] = CNOT 18 63
[21051] = Z 18
[21052] = CNOT 18 63
[21053] = CNOT 18 77
[21054] = Z 18
[21055] = CNOT 18 77
[21056] = CNOT 18 79
[21057] = Z 18
[21058] = CNOT 18 79
[21059] = CNOT 18 84
[21060] = Z 18
[21061] = CNOT 18 84
[21062] = CNOT 18 45
[21063] = CNOT 18 46
[21064] = CNOT 18 47
[21065] = S 18
[21066] = CNOT 18 47
[21067] = CNOT 18 49
[21068] = S 18
[21069] = Z 18
[21070] = CNOT 18 49
[21071] = CNOT 18 51
[21072] = S 18
[21073] = Z 18
[21074] = CNOT 18 51
[21075] = CNOT 18 53
[21076] = S 18
[21077] = Z 18
[21078] = CNOT 18 53
[21079] = CNOT 18 54
[21080] = Z 18
[21081] = CNOT 18 54
[21082] = CNOT 18 56
[21083] = S 18
[21084] = CNOT 18 56
[21085] = CNOT 18 57
[21086] = S 18
[21087] = CNOT 18 57
[21088] = CNOT 18 58
[21089] = S 18
[21090] = CNOT 18 58
[21091] = CNOT 18 59
[21092] = Z 18
[21093] = CNOT 18 59
[21094] = CNOT 18 61
[21095] = S 18
[21096] = Z 18
[21097] = CNOT 18 61
[21098] = CNOT 18 64
[21099] = S 18
[21100] = Z 18
[21101] = CNOT 18 64
[21102] = CNOT 18 66
[21103] = Z 18
[21104] = CNOT 18 66
[21105] = CNOT 18 67
[21106] = Z 18
[21107] = CNOT 18 67
[21108] = CNOT 18 71
[21109] = Z 18
[21110] = CNOT 18 71
[21111] = CNOT 18 74
[21112] = S 18
[21113] = CNOT 18 74
[21114] = CNOT 18 75
[21115] = Z 18
[21116] = CNOT 18 75
[21117] = CNOT 18 76
[21118] = Z 18
[21119] = CNOT 18 76
[21120] = CNOT 18 77
[21121] = S 18
[21122] = Z 18
[21123] = CNOT 18 77
[21124] = CNOT 18 79
[21125] = S 18
[21126] = Z 18
[21127] = CNOT 18 79
[21128] = CNOT 18 80
[21129] = Z 18
[21130] = CNOT 18 80
[21131] = CNOT 18 81
[21132] = Z 18
[21133] = CNOT 18 81
[21134] = CNOT 18 82
[21135] = Z 18
[21136] = CNOT 18 82
[21137] = CNOT 18 83
[21138] = S 18
[21139] = Z 18
[21140] = CNOT 18 83
[21141] = CNOT 18 84
[21142] = S 18
[21143] = CNOT 18 84
[21144] = CNOT 18 46
[21145] = CNOT 18 47
[21146] = CNOT 18 51
[21147] = Z 18
[21148] = CNOT 18 51
[21149] = CNOT 18 63
[21150] = S 18
[21151] = CNOT 18 63
[21152] = CNOT 18 64
[21153] = S 18
[21154] = CNOT 18 64
[21155] = CNOT 18 67
[21156] = S 18
[21157] = Z 18
[21158] = CNOT 18 67
[21159] = CNOT 18 76
[21160] = S 18
[21161] = Z 18
[21162] = CNOT 18 76
[21163] = CNOT 18 77
[21164] = S 18
[21165] = CNOT 18 77
[21166] = CNOT 18 79
[21167] = S 18
[21168] = Z 18
[21169] = CNOT 18 79
[21170] = CNOT 18 84
[21171] = S 18
[21172] = CNOT 18 84
[21173] = CNOT 18 47
[21174] = CNOT 18 48
[21175] = CNOT 18 52
[21176] = S 18
[21177] = Z 18
[21178] = CNOT 18 52
[21179] = CNOT 18 53
[21180] = S 18
[21181] = Z 18
[21182] = CNOT 18 53
[21183] = CNOT 18 55
[21184] = S 18
[21185] = Z 18
[21186] = CNOT 18 55
[21187] = CNOT 18 56
[21188] = Z 18
[21189] = CNOT 18 56
[21190] = CNOT 18 81
[21191] = S 18
[21192] = Z 18
[21193] = CNOT 18 81
[21194] = CNOT 18 82
[21195] = S 18
[21196] = Z 18
[21197] = CNOT 18 82
[21198] = CNOT 18 48
[21199] = CNOT 18 49
[21200] = CNOT 18 51
[21201] = S 18
[21202] = Z 18
[21203] = CNOT 18 51
[21204] = CNOT 18 61
[21205] = S 18
[21206] = Z 18
[21207] = CNOT 18 61
[21208] = CNOT 18 63
[21209] = S 18
[21210] = Z 18
[21211] = CNOT 18 63
[21212] = CNOT 18 64
[21213] = S 18
[21214] = Z 18
[21215] = CNOT 18 64
[21216] = CNOT 18 77
[21217] = S 18
[21218] = Z 18
[21219] = CNOT 18 77
[21220] = CNOT 18 79
[21221] = S 18
[21222] = Z 18
[21223] = CNOT 18 79
[21224] = CNOT 18 49
[21225] = CNOT 18 50
[21226] = CNOT 18 53
[21227] = S 18
[21228] = CNOT 18 53
[21229] = CNOT 18 56
[21230] = S 18
[21231] = CNOT 18 56
[21232] = CNOT 18 60
[21233] = S 18
[21234] = Z 18
[21235] = CNOT 18 60
[21236] = CNOT 18 61
[21237] = S 18
[21238] = CNOT 18 61
[21239] = CNOT 18 63
[21240] = S 18
[21241] = CNOT 18 63
[21242] = CNOT 18 70
[21243] = S 18
[21244] = Z 18
[21245] = CNOT 18 70
[21246] = CNOT 18 72
[21247] = S 18
[21248] = Z 18
[21249] = CNOT 18 72
[21250] = CNOT 18 77
[21251] = S 18
[21252] = Z 18
[21253] = CNOT 18 77
[21254] = CNOT 18 79
[21255] = S 18
[21256] = CNOT 18 79
[21257] = CNOT 18 84
[21258] = S 18
[21259] = CNOT 18 84
[21260] = CNOT 18 50
[21261] = CNOT 18 51
[21262] = CNOT 18 54
[21263] = Z 18
[21264] = CNOT 18 54
[21265] = CNOT 18 61
[21266] = S 18
[21267] = Z 18
[21268] = CNOT 18 61
[21269] = CNOT 18 64
[21270] = S 18
[21271] = Z 18
[21272] = CNOT 18 64
[21273] = CNOT 18 67
[21274] = Z 18
[21275] = CNOT 18 67
[21276] = CNOT 18 76
[21277] = Z 18
[21278] = CNOT 18 76
[21279] = CNOT 18 77
[21280] = S 18
[21281] = Z 18
[21282] = CNOT 18 77
[21283] = CNOT 18 79
[21284] = S 18
[21285] = Z 18
[21286] = CNOT 18 79
[21287] = CNOT 18 83
[21288] = S 18
[21289] = Z 18
[21290] = CNOT 18 83
[21291] = CNOT 18 84
[21292] = S 18
[21293] = CNOT 18 84
[21294] = CNOT 18 51
[21295] = CNOT 18 52
[21296] = CNOT 18 55
[21297] = S 18
[21298] = Z 18
[21299] = CNOT 18 55
[21300] = CNOT 18 56
[21301] = Z 18
[21302] = CNOT 18 56
[21303] = CNOT 18 81
[21304] = Z 18
[21305] = CNOT 18 81
[21306] = CNOT 18 52
[21307] = CNOT 18 53
[21308] = CNOT 18 56
[21309] = S 18
[21310] = CNOT 18 56
[21311] = CNOT 18 60
[21312] = S 18
[21313] = CNOT 18 60
[21314] = CNOT 18 61
[21315] = S 18
[21316] = CNOT 18 61
[21317] = CNOT 18 63
[21318] = S 18
[21319] = CNOT 18 63
[21320] = CNOT 18 64
[21321] = S 18
[21322] = CNOT 18 64
[21323] = CNOT 18 69
[21324] = Z 18
[21325] = CNOT 18 69
[21326] = CNOT 18 72
[21327] = S 18
[21328] = CNOT 18 72
[21329] = CNOT 18 73
[21330] = Z 18
[21331] = CNOT 18 73
[21332] = CNOT 18 77
[21333] = S 18
[21334] = Z 18
[21335] = CNOT 18 77
[21336] = CNOT 18 79
[21337] = S 18
[21338] = CNOT 18 79
[21339] = CNOT 18 84
[21340] = S 18
[21341] = CNOT 18 84
[21342] = CNOT 18 53
[21343] = CNOT 18 54
[21344] = CNOT 18 61
[21345] = Z 18
[21346] = CNOT 18 61
[21347] = CNOT 18 63
[21348] = Z 18
[21349] = CNOT 18 63
[21350] = CNOT 18 64
[21351] = Z 18
[21352] = CNOT 18 64
[21353] = CNOT 18 77
[21354] = Z 18
[21355] = CNOT 18 77
[21356] = CNOT 18 79
[21357] = Z 18
[21358] = CNOT 18 79
[21359] = CNOT 18 83
[21360] = S 18
[21361] = Z 18
[21362] = CNOT 18 83
[21363] = CNOT 18 84
[21364] = S 18
[21365] = Z 18
[21366] = CNOT 18 84
[21367] = CNOT 18 54
[21368] = CNOT 18 55
[21369] = CNOT 18 59
[21370] = S 18
[21371] = Z 18
[21372] = CNOT 18 59
[21373] = CNOT 18 61
[21374] = Z 18
[21375] = CNOT 18 61
[21376] = CNOT 18 65
[21377] = Z 18
[21378] = CNOT 18 65
[21379] = CNOT 18 74
[21380] = S 18
[21381] = Z 18
[21382] = CNOT 18 74
[21383] = CNOT 18 75
[21384] = Z 18
[21385] = CNOT 18 75
[21386] = CNOT 18 81
[21387] = S 18
[21388] = Z 18
[21389] = CNOT 18 81
[21390] = CNOT 18 55
[21391] = CNOT 18 56
[21392] = CNOT 18 60
[21393] = S 18
[21394] = CNOT 18 60
[21395] = CNOT 18 61
[21396] = S 18
[21397] = Z 18
[21398] = CNOT 18 61
[21399] = CNOT 18 63
[21400] = S 18
[21401] = Z 18
[21402] = CNOT 18 63
[21403] = CNOT 18 64
[21404] = S 18
[21405] = Z 18
[21406] = CNOT 18 64
[21407] = CNOT 18 69
[21408] = Z 18
[21409] = CNOT 18 69
[21410] = CNOT 18 72
[21411] = S 18
[21412] = CNOT 18 72
[21413] = CNOT 18 73
[21414] = Z 18
[21415] = CNOT 18 73
[21416] = CNOT 18 77
[21417] = S 18
[21418] = CNOT 18 77
[21419] = CNOT 18 79
[21420] = S 18
[21421] = Z 18
[21422] = CNOT 18 79
[21423] = CNOT 18 82
[21424] = Z 18
[21425] = CNOT 18 82
[21426] = CNOT 18 84
[21427] = S 18
[21428] = Z 18
[21429] = CNOT 18 84
[21430] = CNOT 18 56
[21431] = CNOT 18 57
[21432] = CNOT 18 58
[21433] = S 18
[21434] = Z 18
[21435] = CNOT 18 58
[21436] = CNOT 18 62
[21437] = S 18
[21438] = Z 18
[21439] = CNOT 18 62
[21440] = CNOT 18 63
[21441] = S 18
[21442] = CNOT 18 63
[21443] = CNOT 18 64
[21444] = S 18
[21445] = CNOT 18 64
[21446] = CNOT 18 75
[21447] = S 18
[21448] = Z 18
[21449] = CNOT 18 75
[21450] = CNOT 18 77
[21451] = S 18
[21452] = CNOT 18 77
[21453] = CNOT 18 79
[21454] = S 18
[21455] = CNOT 18 79
[21456] = CNOT 18 84
[21457] = S 18
[21458] = CNOT 18 84
[21459] = CNOT 18 57
[21460] = CNOT 18 58
[21461] = CNOT 18 63
[21462] = S 18
[21463] = CNOT 18 63
[21464] = CNOT 18 64
[21465] = S 18
[21466] = CNOT 18 64
[21467] = CNOT 18 65
[21468] = S 18
[21469] = Z 18
[21470] = CNOT 18 65
[21471] = CNOT 18 74
[21472] = S 18
[21473] = Z 18
[21474] = CNOT 18 74
[21475] = CNOT 18 75
[21476] = Z 18
[21477] = CNOT 18 75
[21478] = CNOT 18 77
[21479] = S 18
[21480] = CNOT 18 77
[21481] = CNOT 18 79
[21482] = S 18
[21483] = CNOT 18 79
[21484] = CNOT 18 84
[21485] = S 18
[21486] = CNOT 18 84
[21487] = CNOT 18 58
[21488] = CNOT 18 59
[21489] = CNOT 18 63
[21490] = Z 18
[21491] = CNOT 18 63
[21492] = CNOT 18 64
[21493] = Z 18
[21494] = CNOT 18 64
[21495] = CNOT 18 65
[21496] = Z 18
[21497] = CNOT 18 65
[21498] = CNOT 18 74
[21499] = S 18
[21500] = Z 18
[21501] = CNOT 18 74
[21502] = CNOT 18 75
[21503] = Z 18
[21504] = CNOT 18 75
[21505] = CNOT 18 77
[21506] = Z 18
[21507] = CNOT 18 77
[21508] = CNOT 18 79
[21509] = Z 18
[21510] = CNOT 18 79
[21511] = CNOT 18 84
[21512] = Z 18
[21513] = CNOT 18 84
[21514] = CNOT 18 59
[21515] = CNOT 18 60
[21516] = CNOT 18 61
[21517] = S 18
[21518] = CNOT 18 61
[21519] = CNOT 18 63
[21520] = S 18
[21521] = CNOT 18 63
[21522] = CNOT 18 64
[21523] = S 18
[21524] = Z 18
[21525] = CNOT 18 64
[21526] = CNOT 18 77
[21527] = Z 18
[21528] = CNOT 18 77
[21529] = CNOT 18 79
[21530] = S 18
[21531] = CNOT 18 79
[21532] = CNOT 18 84
[21533] = S 18
[21534] = CNOT 18 84
[21535] = CNOT 18 60
[21536] = CNOT 18 61
[21537] = CNOT 18 63
[21538] = Z 18
[21539] = CNOT 18 63
[21540] = CNOT 18 64
[21541] = S 18
[21542] = CNOT 18 64
[21543] = CNOT 18 69
[21544] = Z 18
[21545] = CNOT 18 69
[21546] = CNOT 18 72
[21547] = S 18
[21548] = CNOT 18 72
[21549] = CNOT 18 73
[21550] = Z 18
[21551] = CNOT 18 73
[21552] = CNOT 18 77
[21553] = S 18
[21554] = Z 18
[21555] = CNOT 18 77
[21556] = CNOT 18 79
[21557] = S 18
[21558] = CNOT 18 79
[21559] = CNOT 18 80
[21560] = Z 18
[21561] = CNOT 18 80
[21562] = CNOT 18 81
[21563] = Z 18
[21564] = CNOT 18 81
[21565] = CNOT 18 82
[21566] = Z 18
[21567] = CNOT 18 82
[21568] = CNOT 18 83
[21569] = S 18
[21570] = Z 18
[21571] = CNOT 18 83
[21572] = CNOT 18 84
[21573] = S 18
[21574] = Z 18
[21575] = CNOT 18 84
[21576] = CNOT 18 61
[21577] = CNOT 18 62
[21578] = CNOT 18 66
[21579] = Z 18
[21580] = CNOT 18 66
[21581] = CNOT 18 71
[21582] = Z 18
[21583] = CNOT 18 71
[21584] = CNOT 18 62
[21585] = CNOT 18 63
[21586] = CNOT 18 64
[21587] = Z 18
[21588] = CNOT 18 64
[21589] = CNOT 18 66
[21590] = Z 18
[21591] = CNOT 18 66
[21592] = CNOT 18 67
[21593] = Z 18
[21594] = CNOT 18 67
[21595] = CNOT 18 69
[21596] = Z 18
[21597] = CNOT 18 69
[21598] = CNOT 18 71
[21599] = Z 18
[21600] = CNOT 18 71
[21601] = CNOT 18 72
[21602] = S 18
[21603] = CNOT 18 72
[21604] = CNOT 18 73
[21605] = Z 18
[21606] = CNOT 18 73
[21607] = CNOT 18 74
[21608] = S 18
[21609] = CNOT 18 74
[21610] = CNOT 18 75
[21611] = Z 18
[21612] = CNOT 18 75
[21613] = CNOT 18 76
[21614] = Z 18
[21615] = CNOT 18 76
[21616] = CNOT 18 79
[21617] = Z 18
[21618] = CNOT 18 79
[21619] = CNOT 18 80
[21620] = Z 18
[21621] = CNOT 18 80
[21622] = CNOT 18 81
[21623] = Z 18
[21624] = CNOT 18 81
[21625] = CNOT 18 82
[21626] = Z 18
[21627] = CNOT 18 82
[21628] = CNOT 18 83
[21629] = S 18
[21630] = Z 18
[21631] = CNOT 18 83
[21632] = CNOT 18 63
[21633] = CNOT 18 64
[21634] = CNOT 18 66
[21635] = Z 18
[21636] = CNOT 18 66
[21637] = CNOT 18 67
[21638] = Z 18
[21639] = CNOT 18 67
[21640] = CNOT 18 71
[21641] = Z 18
[21642] = CNOT 18 71
[21643] = CNOT 18 74
[21644] = S 18
[21645] = CNOT 18 74
[21646] = CNOT 18 75
[21647] = Z 18
[21648] = CNOT 18 75
[21649] = CNOT 18 76
[21650] = Z 18
[21651] = CNOT 18 76
[21652] = CNOT 18 77
[21653] = S 18
[21654] = CNOT 18 77
[21655] = CNOT 18 79
[21656] = S 18
[21657] = CNOT 18 79
[21658] = CNOT 18 80
[21659] = Z 18
[21660] = CNOT 18 80
[21661] = CNOT 18 81
[21662] = Z 18
[21663] = CNOT 18 81
[21664] = CNOT 18 82
[21665] = Z 18
[21666] = CNOT 18 82
[21667] = CNOT 18 83
[21668] = S 18
[21669] = Z 18
[21670] = CNOT 18 83
[21671] = CNOT 18 84
[21672] = S 18
[21673] = Z 18
[21674] = CNOT 18 84
[21675] = CNOT 18 64
[21676] = CNOT 18 65
[21677] = CNOT 18 74
[21678] = Z 18
[21679] = CNOT 18 74
[21680] = CNOT 18 65
[21681] = CNOT 18 66
[21682] = CNOT 18 71
[21683] = S 18
[21684] = Z 18
[21685] = CNOT 18 71
[21686] = CNOT 18 77
[21687] = Z 18
[21688] = CNOT 18 77
[21689] = CNOT 18 79
[21690] = Z 18
[21691] = CNOT 18 79
[21692] = CNOT 18 84
[21693] = Z 18
[21694] = CNOT 18 84
[21695] = CNOT 18 66
[21696] = CNOT 18 67
[21697] = CNOT 18 76
[21698] = S 18
[21699] = Z 18
[21700] = CNOT 18 76
[21701] = CNOT 18 77
[21702] = Z 18
[21703] = CNOT 18 77
[21704] = CNOT 18 84
[21705] = Z 18
[21706] = CNOT 18 84
[21707] = CNOT 18 67
[21708] = CNOT 18 69
[21709] = CNOT 18 70
[21710] = Z 18
[21711] = CNOT 18 70
[21712] = CNOT 18 72
[21713] = S 18
[21714] = Z 18
[21715] = CNOT 18 72
[21716] = CNOT 18 73
[21717] = S 18
[21718] = Z 18
[21719] = CNOT 18 73
[21720] = CNOT 18 79
[21721] = Z 18
[21722] = CNOT 18 79
[21723] = CNOT 18 84
[21724] = Z 18
[21725] = CNOT 18 84
[21726] = CNOT 18 69
[21727] = CNOT 18 70
[21728] = CNOT 18 72
[21729] = Z 18
[21730] = CNOT 18 72
[21731] = CNOT 18 73
[21732] = Z 18
[21733] = CNOT 18 73
[21734] = CNOT 18 70
[21735] = CNOT 18 71
[21736] = CNOT 18 77
[21737] = Z 18
[21738] = CNOT 18 77
[21739] = CNOT 18 79
[21740] = Z 18
[21741] = CNOT 18 79
[21742] = CNOT 18 84
[21743] = Z 18
[21744] = CNOT 18 84
[21745] = CNOT 18 71
[21746] = CNOT 18 72
[21747] = CNOT 18 73
[21748] = S 18
[21749] = Z 18
[21750] = CNOT 18 73
[21751] = CNOT 18 79
[21752] = S 18
[21753] = CNOT 18 79
[21754] = CNOT 18 84
[21755] = S 18
[21756] = CNOT 18 84
[21757] = CNOT 18 72
[21758] = CNOT 18 73
[21759] = CNOT 18 79
[21760] = Z 18
[21761] = CNOT 18 79
[21762] = CNOT 18 84
[21763] = Z 18
[21764] = CNOT 18 84
[21765] = CNOT 18 73
[21766] = CNOT 18 74
[21767] = CNOT 18 75
[21768] = S 18
[21769] = CNOT 18 75
[21770] = CNOT 18 77
[21771] = S 18
[21772] = CNOT 18 77
[21773] = CNOT 18 79
[21774] = S 18
[21775] = CNOT 18 79
[21776] = CNOT 18 84
[21777] = S 18
[21778] = CNOT 18 84
[21779] = CNOT 18 74
[21780] = CNOT 18 75
[21781] = CNOT 18 77
[21782] = Z 18
[21783] = CNOT 18 77
[21784] = CNOT 18 79
[21785] = Z 18
[21786] = CNOT 18 79
[21787] = CNOT 18 84
[21788] = Z 18
[21789] = CNOT 18 84
[21790] = CNOT 18 75
[21791] = CNOT 18 76
[21792] = CNOT 18 77
[21793] = Z 18
[21794] = CNOT 18 77
[21795] = CNOT 18 84
[21796] = Z 18
[21797] = CNOT 18 84
[21798] = CNOT 18 76
[21799] = CNOT 18 77
[21800] = CNOT 18 79
[21801] = S 18
[21802] = Z 18
[21803] = CNOT 18 79
[21804] = CNOT 18 80
[21805] = Z 18
[21806] = CNOT 18 80
[21807] = CNOT 18 81
[21808] = Z 18
[21809] = CNOT 18 81
[21810] = CNOT 18 82
[21811] = Z 18
[21812] = CNOT 18 82
[21813] = CNOT 18 83
[21814] = S 18
[21815] = Z 18
[21816] = CNOT 18 83
[21817] = CNOT 18 84
[21818] = S 18
[21819] = CNOT 18 84
[21820] = CNOT 18 77
[21821] = CNOT 18 79
[21822] = CNOT 18 80
[21823] = Z 18
[21824] = CNOT 18 80
[21825] = CNOT 18 81
[21826] = Z 18
[21827] = CNOT 18 81
[21828] = CNOT 18 82
[21829] = Z 18
[21830] = CNOT 18 82
[21831] = CNOT 18 83
[21832] = S 18
[21833] = Z 18
[21834] = CNOT 18 83
[21835] = CNOT 18 84
[21836] = S 18
[21837] = Z 18
[21838] = CNOT 18 79
[21839] = CNOT 18 80
[21840] = Z 18
[21841] = CNOT 18 80
[21842] = CNOT 18 81
[21843] = Z 18
[21844] = CNOT 18 81
[21845] = CNOT 18 82
[21846] = Z 18
[21847] = CNOT 18 84
[21848] = CNOT 18 82
[21849] = CNOT 19 21
[21850] = CNOT 19 22
[21851] = S 19
[21852] = Z 19
[21853] = CNOT 19 22
[21854] = CNOT 19 23
[21855] = Z 19
[21856] = CNOT 19 23
[21857] = CNOT 19 24
[21858] = S 19
[21859] = Z 19
[21860] = CNOT 19 24
[21861] = CNOT 19 25
[21862] = Z 19
[21863] = CNOT 19 25
[21864] = CNOT 19 26
[21865] = Z 19
[21866] = CNOT 19 26
[21867] = CNOT 19 32
[21868] = S 19
[21869] = Z 19
[21870] = CNOT 19 32
[21871] = CNOT 19 46
[21872] = Z 19
[21873] = CNOT 19 46
[21874] = CNOT 19 51
[21875] = Z 19
[21876] = CNOT 19 51
[21877] = CNOT 19 54
[21878] = Z 19
[21879] = CNOT 19 54
[21880] = CNOT 19 61
[21881] = Z 19
[21882] = CNOT 19 61
[21883] = CNOT 19 63
[21884] = Z 19
[21885] = CNOT 19 63
[21886] = CNOT 19 64
[21887] = Z 19
[21888] = CNOT 19 64
[21889] = CNOT 19 77
[21890] = Z 19
[21891] = CNOT 19 77
[21892] = CNOT 19 79
[21893] = Z 19
[21894] = CNOT 19 79
[21895] = CNOT 19 84
[21896] = Z 19
[21897] = CNOT 19 84
[21898] = CNOT 19 21
[21899] = CNOT 19 22
[21900] = CNOT 19 23
[21901] = Z 19
[21902] = CNOT 19 23
[21903] = CNOT 19 24
[21904] = S 19
[21905] = Z 19
[21906] = CNOT 19 24
[21907] = CNOT 19 25
[21908] = Z 19
[21909] = CNOT 19 25
[21910] = CNOT 19 26
[21911] = Z 19
[21912] = CNOT 19 26
[21913] = CNOT 19 32
[21914] = S 19
[21915] = Z 19
[21916] = CNOT 19 32
[21917] = CNOT 19 46
[21918] = Z 19
[21919] = CNOT 19 46
[21920] = CNOT 19 51
[21921] = Z 19
[21922] = CNOT 19 51
[21923] = CNOT 19 54
[21924] = Z 19
[21925] = CNOT 19 54
[21926] = CNOT 19 61
[21927] = Z 19
[21928] = CNOT 19 61
[21929] = CNOT 19 63
[21930] = Z 19
[21931] = CNOT 19 63
[21932] = CNOT 19 64
[21933] = Z 19
[21934] = CNOT 19 64
[21935] = CNOT 19 77
[21936] = Z 19
[21937] = CNOT 19 77
[21938] = CNOT 19 79
[21939] = Z 19
[21940] = CNOT 19 79
[21941] = CNOT 19 84
[21942] = Z 19
[21943] = CNOT 19 84
[21944] = CNOT 19 22
[21945] = CNOT 19 23
[21946] = CNOT 19 24
[21947] = Z 19
[21948] = CNOT 19 24
[21949] = CNOT 19 32
[21950] = Z 19
[21951] = CNOT 19 32
[21952] = CNOT 19 23
[21953] = CNOT 19 24
[21954] = CNOT 19 25
[21955] = Z 19
[21956] = CNOT 19 25
[21957] = CNOT 19 26
[21958] = Z 19
[21959] = CNOT 19 26
[21960] = CNOT 19 32
[21961] = S 19
[21962] = Z 19
[21963] = CNOT 19 32
[21964] = CNOT 19 46
[21965] = Z 19
[21966] = CNOT 19 46
[21967] = CNOT 19 51
[21968] = Z 19
[21969] = CNOT 19 51
[21970] = CNOT 19 54
[21971] = Z 19
[21972] = CNOT 19 54
[21973] = CNOT 19 61
[21974] = Z 19
[21975] = CNOT 19 61
[21976] = CNOT 19 63
[21977] = Z 19
[21978] = CNOT 19 63
[21979] = CNOT 19 64
[21980] = Z 19
[21981] = CNOT 19 64
[21982] = CNOT 19 77
[21983] = Z 19
[21984] = CNOT 19 77
[21985] = CNOT 19 79
[21986] = Z 19
[21987] = CNOT 19 79
[21988] = CNOT 19 84
[21989] = Z 19
[21990] = CNOT 19 84
[21991] = CNOT 19 24
[21992] = CNOT 19 25
[21993] = CNOT 19 32
[21994] = Z 19
[21995] = CNOT 19 25
[21996] = CNOT 19 26
[21997] = Z 19
[21998] = CNOT 19 26
[21999] = CNOT 19 46
[22000] = Z 19
[22001] = CNOT 19 46
[22002] = CNOT 19 51
[22003] = Z 19
[22004] = CNOT 19 51
[22005] = CNOT 19 54
[22006] = Z 19
[22007] = CNOT 19 54
[22008] = CNOT 19 61
[22009] = Z 19
[22010] = CNOT 19 61
[22011] = CNOT 19 63
[22012] = Z 19
[22013] = CNOT 19 63
[22014] = CNOT 19 64
[22015] = Z 19
[22016] = CNOT 19 64
[22017] = CNOT 19 77
[22018] = Z 19
[22019] = CNOT 19 77
[22020] = CNOT 19 79
[22021] = Z 19
[22022] = CNOT 19 79
[22023] = CNOT 19 84
[22024] = Z 19
[22025] = CNOT 19 84
[22026] = CNOT 19 32
[22027] = CNOT 20 21
[22028] = CNOT 20 22
[22029] = S 20
[22030] = Z 20
[22031] = CNOT 20 22
[22032] = CNOT 20 23
[22033] = Z 20
[22034] = CNOT 20 23
[22035] = CNOT 20 25
[22036] = Z 20
[22037] = CNOT 20 25
[22038] = CNOT 20 26
[22039] = Z 20
[22040] = CNOT 20 26
[22041] = CNOT 20 46
[22042] = Z 20
[22043] = CNOT 20 46
[22044] = CNOT 20 49
[22045] = S 20
[22046] = Z 20
[22047] = CNOT 20 49
[22048] = CNOT 20 51
[22049] = Z 20
[22050] = CNOT 20 51
[22051] = CNOT 20 54
[22052] = Z 20
[22053] = CNOT 20 54
[22054] = CNOT 20 61
[22055] = Z 20
[22056] = CNOT 20 61
[22057] = CNOT 20 63
[22058] = Z 20
[22059] = CNOT 20 63
[22060] = CNOT 20 64
[22061] = Z 20
[22062] = CNOT 20 64
[22063] = CNOT 20 68
[22064] = Z 20
[22065] = CNOT 20 68
[22066] = CNOT 20 77
[22067] = Z 20
[22068] = CNOT 20 77
[22069] = CNOT 20 78
[22070] = S 20
[22071] = Z 20
[22072] = CNOT 20 78
[22073] = CNOT 20 79
[22074] = Z 20
[22075] = CNOT 20 79
[22076] = CNOT 20 83
[22077] = Z 20
[22078] = CNOT 20 83
[22079] = CNOT 20 21
[22080] = CNOT 20 22
[22081] = CNOT 20 23
[22082] = S 20
[22083] = CNOT 20 23
[22084] = CNOT 20 25
[22085] = S 20
[22086] = CNOT 20 25
[22087] = CNOT 20 26
[22088] = S 20
[22089] = CNOT 20 26
[22090] = CNOT 20 40
[22091] = S 20
[22092] = Z 20
[22093] = CNOT 20 40
[22094] = CNOT 20 46
[22095] = S 20
[22096] = CNOT 20 46
[22097] = CNOT 20 49
[22098] = S 20
[22099] = CNOT 20 49
[22100] = CNOT 20 51
[22101] = S 20
[22102] = CNOT 20 51
[22103] = CNOT 20 54
[22104] = Z 20
[22105] = CNOT 20 54
[22106] = CNOT 20 61
[22107] = S 20
[22108] = CNOT 20 61
[22109] = CNOT 20 63
[22110] = S 20
[22111] = CNOT 20 63
[22112] = CNOT 20 64
[22113] = S 20
[22114] = CNOT 20 64
[22115] = CNOT 20 68
[22116] = S 20
[22117] = Z 20
[22118] = CNOT 20 68
[22119] = CNOT 20 77
[22120] = S 20
[22121] = CNOT 20 77
[22122] = CNOT 20 78
[22123] = S 20
[22124] = Z 20
[22125] = CNOT 20 78
[22126] = CNOT 20 79
[22127] = S 20
[22128] = CNOT 20 79
[22129] = CNOT 20 83
[22130] = Z 20
[22131] = CNOT 20 83
[22132] = CNOT 20 22
[22133] = CNOT 20 23
[22134] = CNOT 20 25
[22135] = Z 20
[22136] = CNOT 20 25
[22137] = CNOT 20 26
[22138] = Z 20
[22139] = CNOT 20 26
[22140] = CNOT 20 44
[22141] = Z 20
[22142] = CNOT 20 44
[22143] = CNOT 20 46
[22144] = Z 20
[22145] = CNOT 20 46
[22146] = CNOT 20 49
[22147] = S 20
[22148] = CNOT 20 49
[22149] = CNOT 20 51
[22150] = Z 20
[22151] = CNOT 20 51
[22152] = CNOT 20 61
[22153] = Z 20
[22154] = CNOT 20 61
[22155] = CNOT 20 64
[22156] = Z 20
[22157] = CNOT 20 64
[22158] = CNOT 20 68
[22159] = Z 20
[22160] = CNOT 20 68
[22161] = CNOT 20 77
[22162] = Z 20
[22163] = CNOT 20 77
[22164] = CNOT 20 78
[22165] = Z 20
[22166] = CNOT 20 78
[22167] = CNOT 20 79
[22168] = Z 20
[22169] = CNOT 20 79
[22170] = CNOT 20 23
[22171] = CNOT 20 25
[22172] = CNOT 20 26
[22173] = Z 20
[22174] = CNOT 20 26
[22175] = CNOT 20 44
[22176] = Z 20
[22177] = CNOT 20 44
[22178] = CNOT 20 46
[22179] = Z 20
[22180] = CNOT 20 46
[22181] = CNOT 20 49
[22182] = S 20
[22183] = CNOT 20 49
[22184] = CNOT 20 51
[22185] = Z 20
[22186] = CNOT 20 51
[22187] = CNOT 20 61
[22188] = Z 20
[22189] = CNOT 20 61
[22190] = CNOT 20 64
[22191] = Z 20
[22192] = CNOT 20 64
[22193] = CNOT 20 68
[22194] = Z 20
[22195] = CNOT 20 68
[22196] = CNOT 20 77
[22197] = Z 20
[22198] = CNOT 20 77
[22199] = CNOT 20 78
[22200] = Z 20
[22201] = CNOT 20 78
[22202] = CNOT 20 79
[22203] = Z 20
[22204] = CNOT 20 79
[22205] = CNOT 20 25
[22206] = CNOT 20 26
[22207] = CNOT 20 44
[22208] = Z 20
[22209] = CNOT 20 44
[22210] = CNOT 20 46
[22211] = Z 20
[22212] = CNOT 20 46
[22213] = CNOT 20 49
[22214] = S 20
[22215] = CNOT 20 49
[22216] = CNOT 20 51
[22217] = Z 20
[22218] = CNOT 20 51
[22219] = CNOT 20 61
[22220] = Z 20
[22221] = CNOT 20 61
[22222] = CNOT 20 64
[22223] = Z 20
[22224] = CNOT 20 64
[22225] = CNOT 20 68
[22226] = Z 20
[22227] = CNOT 20 68
[22228] = CNOT 20 77
[22229] = Z 20
[22230] = CNOT 20 77
[22231] = CNOT 20 78
[22232] = Z 20
[22233] = CNOT 20 78
[22234] = CNOT 20 79
[22235] = Z 20
[22236] = CNOT 20 79
[22237] = CNOT 20 26
[22238] = CNOT 20 40
[22239] = CNOT 20 44
[22240] = S 20
[22241] = Z 20
[22242] = CNOT 20 44
[22243] = CNOT 20 49
[22244] = S 20
[22245] = Z 20
[22246] = CNOT 20 49
[22247] = CNOT 20 54
[22248] = S 20
[22249] = Z 20
[22250] = CNOT 20 54
[22251] = CNOT 20 63
[22252] = S 20
[22253] = CNOT 20 63
[22254] = CNOT 20 83
[22255] = S 20
[22256] = Z 20
[22257] = CNOT 20 83
[22258] = CNOT 20 84
[22259] = Z 20
[22260] = CNOT 20 84
[22261] = CNOT 20 40
[22262] = CNOT 20 44
[22263] = CNOT 20 46
[22264] = Z 20
[22265] = CNOT 20 46
[22266] = CNOT 20 51
[22267] = Z 20
[22268] = CNOT 20 51
[22269] = CNOT 20 61
[22270] = Z 20
[22271] = CNOT 20 61
[22272] = CNOT 20 63
[22273] = Z 20
[22274] = CNOT 20 63
[22275] = CNOT 20 64
[22276] = Z 20
[22277] = CNOT 20 64
[22278] = CNOT 20 77
[22279] = Z 20
[22280] = CNOT 20 77
[22281] = CNOT 20 79
[22282] = Z 20
[22283] = CNOT 20 79
[22284] = CNOT 20 84
[22285] = Z 20
[22286] = CNOT 20 84
[22287] = CNOT 20 44
[22288] = CNOT 20 46
[22289] = CNOT 20 49
[22290] = S 20
[22291] = CNOT 20 49
[22292] = CNOT 20 51
[22293] = Z 20
[22294] = CNOT 20 51
[22295] = CNOT 20 61
[22296] = Z 20
[22297] = CNOT 20 61
[22298] = CNOT 20 64
[22299] = Z 20
[22300] = CNOT 20 64
[22301] = CNOT 20 68
[22302] = Z 20
[22303] = CNOT 20 68
[22304] = CNOT 20 77
[22305] = Z 20
[22306] = CNOT 20 77
[22307] = CNOT 20 78
[22308] = Z 20
[22309] = CNOT 20 78
[22310] = CNOT 20 79
[22311] = Z 20
[22312] = CNOT 20 79
[22313] = CNOT 20 46
[22314] = CNOT 20 49
[22315] = CNOT 20 51
[22316] = S 20
[22317] = CNOT 20 51
[22318] = CNOT 20 54
[22319] = Z 20
[22320] = CNOT 20 54
[22321] = CNOT 20 61
[22322] = S 20
[22323] = CNOT 20 61
[22324] = CNOT 20 63
[22325] = S 20
[22326] = CNOT 20 63
[22327] = CNOT 20 64
[22328] = S 20
[22329] = CNOT 20 64
[22330] = CNOT 20 68
[22331] = S 20
[22332] = Z 20
[22333] = CNOT 20 68
[22334] = CNOT 20 77
[22335] = S 20
[22336] = CNOT 20 77
[22337] = CNOT 20 78
[22338] = S 20
[22339] = Z 20
[22340] = CNOT 20 78
[22341] = CNOT 20 79
[22342] = S 20
[22343] = CNOT 20 79
[22344] = CNOT 20 83
[22345] = Z 20
[22346] = CNOT 20 83
[22347] = CNOT 20 49
[22348] = CNOT 20 51
[22349] = CNOT 20 61
[22350] = Z 20
[22351] = CNOT 20 61
[22352] = CNOT 20 64
[22353] = Z 20
[22354] = CNOT 20 64
[22355] = CNOT 20 68
[22356] = Z 20
[22357] = CNOT 20 68
[22358] = CNOT 20 77
[22359] = Z 20
[22360] = CNOT 20 77
[22361] = CNOT 20 78
[22362] = Z 20
[22363] = CNOT 20 78
[22364] = CNOT 20 79
[22365] = Z 20
[22366] = CNOT 20 79
[22367] = CNOT 20 51
[22368] = CNOT 20 54
[22369] = CNOT 20 68
[22370] = Z 20
[22371] = CNOT 20 68
[22372] = CNOT 20 78
[22373] = Z 20
[22374] = CNOT 20 78
[22375] = CNOT 20 54
[22376] = CNOT 20 61
[22377] = CNOT 20 64
[22378] = Z 20
[22379] = CNOT 20 64
[22380] = CNOT 20 68
[22381] = Z 20
[22382] = CNOT 20 68
[22383] = CNOT 20 77
[22384] = Z 20
[22385] = CNOT 20 77
[22386] = CNOT 20 78
[22387] = Z 20
[22388] = CNOT 20 78
[22389] = CNOT 20 79
[22390] = Z 20
[22391] = CNOT 20 79
[22392] = CNOT 20 61
[22393] = CNOT 20 63
[22394] = CNOT 20 68
[22395] = Z 20
[22396] = CNOT 20 68
[22397] = CNOT 20 78
[22398] = Z 20
[22399] = CNOT 20 78
[22400] = CNOT 20 84
[22401] = Z 20
[22402] = CNOT 20 84
[22403] = CNOT 20 63
[22404] = CNOT 20 64
[22405] = CNOT 20 68
[22406] = Z 20
[22407] = CNOT 20 68
[22408] = CNOT 20 77
[22409] = Z 20
[22410] = CNOT 20 77
[22411] = CNOT 20 78
[22412] = Z 20
[22413] = CNOT 20 78
[22414] = CNOT 20 79
[22415] = Z 20
[22416] = CNOT 20 79
[22417] = CNOT 20 64
[22418] = CNOT 20 68
[22419] = CNOT 20 77
[22420] = Z 20
[22421] = CNOT 20 77
[22422] = CNOT 20 78
[22423] = S 20
[22424] = Z 20
[22425] = CNOT 20 78
[22426] = CNOT 20 79
[22427] = Z 20
[22428] = CNOT 20 79
[22429] = CNOT 20 83
[22430] = Z 20
[22431] = CNOT 20 83
[22432] = CNOT 20 68
[22433] = CNOT 20 77
[22434] = CNOT 20 78
[22435] = Z 20
[22436] = CNOT 20 78
[22437] = CNOT 20 79
[22438] = Z 20
[22439] = CNOT 20 77
[22440] = CNOT 20 78
[22441] = Z 20
[22442] = CNOT 20 79
[22443] = CNOT 20 83
[22444] = Z 20
[22445] = CNOT 20 83
[22446] = CNOT 20 78
[22447] = CNOT 21 22
[22448] = CNOT 21 23
[22449] = S 21
[22450] = CNOT 21 23
[22451] = CNOT 21 25
[22452] = S 21
[22453] = CNOT 21 25
[22454] = CNOT 21 26
[22455] = S 21
[22456] = CNOT 21 26
[22457] = CNOT 21 46
[22458] = S 21
[22459] = CNOT 21 46
[22460] = CNOT 21 49
[22461] = S 21
[22462] = Z 21
[22463] = CNOT 21 49
[22464] = CNOT 21 51
[22465] = S 21
[22466] = CNOT 21 51
[22467] = CNOT 21 54
[22468] = Z 21
[22469] = CNOT 21 54
[22470] = CNOT 21 61
[22471] = S 21
[22472] = CNOT 21 61
[22473] = CNOT 21 63
[22474] = S 21
[22475] = CNOT 21 63
[22476] = CNOT 21 64
[22477] = S 21
[22478] = CNOT 21 64
[22479] = CNOT 21 68
[22480] = S 21
[22481] = Z 21
[22482] = CNOT 21 68
[22483] = CNOT 21 77
[22484] = S 21
[22485] = CNOT 21 77
[22486] = CNOT 21 78
[22487] = S 21
[22488] = Z 21
[22489] = CNOT 21 78
[22490] = CNOT 21 79
[22491] = S 21
[22492] = CNOT 21 79
[22493] = CNOT 21 83
[22494] = S 21
[22495] = Z 21
[22496] = CNOT 21 83
[22497] = CNOT 21 84
[22498] = Z 21
[22499] = CNOT 21 84
[22500] = CNOT 21 22
[22501] = CNOT 21 23
[22502] = CNOT 21 24
[22503] = S 21
[22504] = Z 21
[22505] = CNOT 21 24
[22506] = CNOT 21 25
[22507] = S 21
[22508] = Z 21
[22509] = CNOT 21 25
[22510] = CNOT 21 26
[22511] = S 21
[22512] = Z 21
[22513] = CNOT 21 26
[22514] = CNOT 21 32
[22515] = S 21
[22516] = Z 21
[22517] = CNOT 21 32
[22518] = CNOT 21 46
[22519] = S 21
[22520] = Z 21
[22521] = CNOT 21 46
[22522] = CNOT 21 49
[22523] = S 21
[22524] = Z 21
[22525] = CNOT 21 49
[22526] = CNOT 21 51
[22527] = S 21
[22528] = Z 21
[22529] = CNOT 21 51
[22530] = CNOT 21 61
[22531] = S 21
[22532] = Z 21
[22533] = CNOT 21 61
[22534] = CNOT 21 63
[22535] = S 21
[22536] = Z 21
[22537] = CNOT 21 63
[22538] = CNOT 21 64
[22539] = S 21
[22540] = Z 21
[22541] = CNOT 21 64
[22542] = CNOT 21 68
[22543] = Z 21
[22544] = CNOT 21 68
[22545] = CNOT 21 77
[22546] = S 21
[22547] = Z 21
[22548] = CNOT 21 77
[22549] = CNOT 21 78
[22550] = S 21
[22551] = Z 21
[22552] = CNOT 21 78
[22553] = CNOT 21 79
[22554] = S 21
[22555] = Z 21
[22556] = CNOT 21 79
[22557] = CNOT 21 83
[22558] = Z 21
[22559] = CNOT 21 83
[22560] = CNOT 21 84
[22561] = S 21
[22562] = CNOT 21 84
[22563] = CNOT 21 23
[22564] = CNOT 21 24
[22565] = CNOT 21 25
[22566] = S 21
[22567] = Z 21
[22568] = CNOT 21 25
[22569] = CNOT 21 26
[22570] = S 21
[22571] = Z 21
[22572] = CNOT 21 26
[22573] = CNOT 21 46
[22574] = S 21
[22575] = Z 21
[22576] = CNOT 21 46
[22577] = CNOT 21 51
[22578] = S 21
[22579] = Z 21
[22580] = CNOT 21 51
[22581] = CNOT 21 54
[22582] = S 21
[22583] = Z 21
[22584] = CNOT 21 54
[22585] = CNOT 21 61
[22586] = S 21
[22587] = Z 21
[22588] = CNOT 21 61
[22589] = CNOT 21 63
[22590] = S 21
[22591] = Z 21
[22592] = CNOT 21 63
[22593] = CNOT 21 64
[22594] = S 21
[22595] = Z 21
[22596] = CNOT 21 64
[22597] = CNOT 21 77
[22598] = S 21
[22599] = Z 21
[22600] = CNOT 21 77
[22601] = CNOT 21 79
[22602] = S 21
[22603] = Z 21
[22604] = CNOT 21 79
[22605] = CNOT 21 84
[22606] = S 21
[22607] = Z 21
[22608] = CNOT 21 84
[22609] = CNOT 21 24
[22610] = CNOT 21 25
[22611] = CNOT 21 26
[22612] = S 21
[22613] = Z 21
[22614] = CNOT 21 26
[22615] = CNOT 21 32
[22616] = S 21
[22617] = Z 21
[22618] = CNOT 21 32
[22619] = CNOT 21 46
[22620] = S 21
[22621] = Z 21
[22622] = CNOT 21 46
[22623] = CNOT 21 49
[22624] = S 21
[22625] = Z 21
[22626] = CNOT 21 49
[22627] = CNOT 21 51
[22628] = S 21
[22629] = Z 21
[22630] = CNOT 21 51
[22631] = CNOT 21 61
[22632] = S 21
[22633] = Z 21
[22634] = CNOT 21 61
[22635] = CNOT 21 63
[22636] = S 21
[22637] = Z 21
[22638] = CNOT 21 63
[22639] = CNOT 21 64
[22640] = S 21
[22641] = Z 21
[22642] = CNOT 21 64
[22643] = CNOT 21 68
[22644] = Z 21
[22645] = CNOT 21 68
[22646] = CNOT 21 77
[22647] = S 21
[22648] = Z 21
[22649] = CNOT 21 77
[22650] = CNOT 21 78
[22651] = S 21
[22652] = Z 21
[22653] = CNOT 21 78
[22654] = CNOT 21 79
[22655] = S 21
[22656] = Z 21
[22657] = CNOT 21 79
[22658] = CNOT 21 83
[22659] = Z 21
[22660] = CNOT 21 83
[22661] = CNOT 21 84
[22662] = S 21
[22663] = CNOT 21 84
[22664] = CNOT 21 25
[22665] = CNOT 21 26
[22666] = CNOT 21 32
[22667] = S 21
[22668] = Z 21
[22669] = CNOT 21 32
[22670] = CNOT 21 46
[22671] = S 21
[22672] = Z 21
[22673] = CNOT 21 46
[22674] = CNOT 21 49
[22675] = S 21
[22676] = Z 21
[22677] = CNOT 21 49
[22678] = CNOT 21 51
[22679] = S 21
[22680] = Z 21
[22681] = CNOT 21 51
[22682] = CNOT 21 61
[22683] = S 21
[22684] = Z 21
[22685] = CNOT 21 61
[22686] = CNOT 21 63
[22687] = S 21
[22688] = Z 21
[22689] = CNOT 21 63
[22690] = CNOT 21 64
[22691] = S 21
[22692] = Z 21
[22693] = CNOT 21 64
[22694] = CNOT 21 68
[22695] = Z 21
[22696] = CNOT 21 68
[22697] = CNOT 21 77
[22698] = S 21
[22699] = Z 21
[22700] = CNOT 21 77
[22701] = CNOT 21 78
[22702] = S 21
[22703] = Z 21
[22704] = CNOT 21 78
[22705] = CNOT 21 79
[22706] = S 21
[22707] = Z 21
[22708] = CNOT 21 79
[22709] = CNOT 21 83
[22710] = Z 21
[22711] = CNOT 21 83
[22712] = CNOT 21 84
[22713] = S 21
[22714] = CNOT 21 84
[22715] = CNOT 21 26
[22716] = CNOT 21 32
[22717] = CNOT 21 46
[22718] = S 21
[22719] = Z 21
[22720] = CNOT 21 46
[22721] = CNOT 21 51
[22722] = S 21
[22723] = Z 21
[22724] = CNOT 21 51
[22725] = CNOT 21 54
[22726] = S 21
[22727] = Z 21
[22728] = CNOT 21 54
[22729] = CNOT 21 61
[22730] = S 21
[22731] = Z 21
[22732] = CNOT 21 61
[22733] = CNOT 21 63
[22734] = S 21
[22735] = Z 21
[22736] = CNOT 21 63
[22737] = CNOT 21 64
[22738] = S 21
[22739] = Z 21
[22740] = CNOT 21 64
[22741] = CNOT 21 77
[22742] = S 21
[22743] = Z 21
[22744] = CNOT 21 77
[22745] = CNOT 21 79
[22746] = S 21
[22747] = Z 21
[22748] = CNOT 21 79
[22749] = CNOT 21 84
[22750] = S 21
[22751] = Z 21
[22752] = CNOT 21 84
[22753] = CNOT 21 32
[22754] = CNOT 21 46
[22755] = CNOT 21 49
[22756] = S 21
[22757] = Z 21
[22758] = CNOT 21 49
[22759] = CNOT 21 51
[22760] = S 21
[22761] = Z 21
[22762] = CNOT 21 51
[22763] = CNOT 21 61
[22764] = S 21
[22765] = Z 21
[22766] = CNOT 21 61
[22767] = CNOT 21 63
[22768] = S 21
[22769] = Z 21
[22770] = CNOT 21 63
[22771] = CNOT 21 64
[22772] = S 21
[22773] = Z 21
[22774] = CNOT 21 64
[22775] = CNOT 21 68
[22776] = Z 21
[22777] = CNOT 21 68
[22778] = CNOT 21 77
[22779] = S 21
[22780] = Z 21
[22781] = CNOT 21 77
[22782] = CNOT 21 78
[22783] = S 21
[22784] = Z 21
[22785] = CNOT 21 78
[22786] = CNOT 21 79
[22787] = S 21
[22788] = Z 21
[22789] = CNOT 21 79
[22790] = CNOT 21 83
[22791] = Z 21
[22792] = CNOT 21 83
[22793] = CNOT 21 84
[22794] = S 21
[22795] = CNOT 21 84
[22796] = CNOT 21 46
[22797] = CNOT 21 49
[22798] = CNOT 21 51
[22799] = S 21
[22800] = Z 21
[22801] = CNOT 21 51
[22802] = CNOT 21 54
[22803] = S 21
[22804] = Z 21
[22805] = CNOT 21 54
[22806] = CNOT 21 61
[22807] = S 21
[22808] = Z 21
[22809] = CNOT 21 61
[22810] = CNOT 21 63
[22811] = S 21
[22812] = Z 21
[22813] = CNOT 21 63
[22814] = CNOT 21 64
[22815] = S 21
[22816] = Z 21
[22817] = CNOT 21 64
[22818] = CNOT 21 68
[22819] = S 21
[22820] = Z 21
[22821] = CNOT 21 68
[22822] = CNOT 21 77
[22823] = S 21
[22824] = Z 21
[22825] = CNOT 21 77
[22826] = CNOT 21 78
[22827] = S 21
[22828] = Z 21
[22829] = CNOT 21 78
[22830] = CNOT 21 79
[22831] = S 21
[22832] = Z 21
[22833] = CNOT 21 79
[22834] = CNOT 21 83
[22835] = S 21
[22836] = Z 21
[22837] = CNOT 21 83
[22838] = CNOT 21 49
[22839] = CNOT 21 51
[22840] = CNOT 21 61
[22841] = S 21
[22842] = Z 21
[22843] = CNOT 21 61
[22844] = CNOT 21 63
[22845] = S 21
[22846] = Z 21
[22847] = CNOT 21 63
[22848] = CNOT 21 64
[22849] = S 21
[22850] = Z 21
[22851] = CNOT 21 64
[22852] = CNOT 21 68
[22853] = Z 21
[22854] = CNOT 21 68
[22855] = CNOT 21 77
[22856] = S 21
[22857] = Z 21
[22858] = CNOT 21 77
[22859] = CNOT 21 78
[22860] = S 21
[22861] = Z 21
[22862] = CNOT 21 78
[22863] = CNOT 21 79
[22864] = S 21
[22865] = Z 21
[22866] = CNOT 21 79
[22867] = CNOT 21 83
[22868] = Z 21
[22869] = CNOT 21 83
[22870] = CNOT 21 84
[22871] = S 21
[22872] = CNOT 21 84
[22873] = CNOT 21 51
[22874] = CNOT 21 54
[22875] = CNOT 21 68
[22876] = Z 21
[22877] = CNOT 21 68
[22878] = CNOT 21 78
[22879] = S 21
[22880] = Z 21
[22881] = CNOT 21 78
[22882] = CNOT 21 83
[22883] = Z 21
[22884] = CNOT 21 83
[22885] = CNOT 21 84
[22886] = Z 21
[22887] = CNOT 21 84
[22888] = CNOT 21 54
[22889] = CNOT 21 61
[22890] = CNOT 21 63
[22891] = S 21
[22892] = Z 21
[22893] = CNOT 21 63
[22894] = CNOT 21 64
[22895] = S 21
[22896] = Z 21
[22897] = CNOT 21 64
[22898] = CNOT 21 68
[22899] = Z 21
[22900] = CNOT 21 68
[22901] = CNOT 21 77
[22902] = S 21
[22903] = Z 21
[22904] = CNOT 21 77
[22905] = CNOT 21 78
[22906] = S 21
[22907] = Z 21
[22908] = CNOT 21 78
[22909] = CNOT 21 79
[22910] = S 21
[22911] = Z 21
[22912] = CNOT 21 79
[22913] = CNOT 21 83
[22914] = Z 21
[22915] = CNOT 21 83
[22916] = CNOT 21 84
[22917] = S 21
[22918] = CNOT 21 84
[22919] = CNOT 21 61
[22920] = CNOT 21 63
[22921] = CNOT 21 64
[22922] = S 21
[22923] = Z 21
[22924] = CNOT 21 64
[22925] = CNOT 21 68
[22926] = Z 21
[22927] = CNOT 21 68
[22928] = CNOT 21 77
[22929] = S 21
[22930] = Z 21
[22931] = CNOT 21 77
[22932] = CNOT 21 78
[22933] = S 21
[22934] = Z 21
[22935] = CNOT 21 78
[22936] = CNOT 21 79
[22937] = S 21
[22938] = Z 21
[22939] = CNOT 21 79
[22940] = CNOT 21 83
[22941] = Z 21
[22942] = CNOT 21 83
[22943] = CNOT 21 84
[22944] = S 21
[22945] = CNOT 21 84
[22946] = CNOT 21 63
[22947] = CNOT 21 64
[22948] = CNOT 21 68
[22949] = Z 21
[22950] = CNOT 21 68
[22951] = CNOT 21 77
[22952] = S 21
[22953] = Z 21
[22954] = CNOT 21 77
[22955] = CNOT 21 78
[22956] = S 21
[22957] = Z 21
[22958] = CNOT 21 78
[22959] = CNOT 21 79
[22960] = S 21
[22961] = Z 21
[22962] = CNOT 21 79
[22963] = CNOT 21 83
[22964] = Z 21
[22965] = CNOT 21 83
[22966] = CNOT 21 84
[22967] = S 21
[22968] = CNOT 21 84
[22969] = CNOT 21 64
[22970] = CNOT 21 68
[22971] = CNOT 21 77
[22972] = Z 21
[22973] = CNOT 21 77
[22974] = CNOT 21 78
[22975] = S 21
[22976] = Z 21
[22977] = CNOT 21 78
[22978] = CNOT 21 79
[22979] = Z 21
[22980] = CNOT 21 79
[22981] = CNOT 21 83
[22982] = Z 21
[22983] = CNOT 21 83
[22984] = CNOT 21 68
[22985] = CNOT 21 77
[22986] = CNOT 21 78
[22987] = S 21
[22988] = Z 21
[22989] = CNOT 21 78
[22990] = CNOT 21 79
[22991] = S 21
[22992] = Z 21
[22993] = CNOT 21 79
[22994] = CNOT 21 83
[22995] = Z 21
[22996] = CNOT 21 83
[22997] = CNOT 21 84
[22998] = S 21
[22999] = CNOT 21 84
[23000] = CNOT 21 77
[23001] = CNOT 21 78
[23002] = CNOT 21 79
[23003] = S 21
[23004] = Z 21
[23005] = CNOT 21 79
[23006] = CNOT 21 83
[23007] = S 21
[23008] = Z 21
[23009] = CNOT 21 78
[23010] = CNOT 21 79
[23011] = Z 21
[23012] = CNOT 21 83
[23013] = CNOT 21 84
[23014] = S 21
[23015] = CNOT 21 84
[23016] = CNOT 21 79
[23017] = CNOT 22 23
[23018] = CNOT 22 24
[23019] = S 22
[23020] = Z 22
[23021] = CNOT 22 24
[23022] = CNOT 22 25
[23023] = Z 22
[23024] = CNOT 22 25
[23025] = CNOT 22 26
[23026] = Z 22
[23027] = CNOT 22 26
[23028] = CNOT 22 32
[23029] = S 22
[23030] = Z 22
[23031] = CNOT 22 32
[23032] = CNOT 22 40
[23033] = S 22
[23034] = Z 22
[23035] = CNOT 22 40
[23036] = CNOT 22 46
[23037] = Z 22
[23038] = CNOT 22 46
[23039] = CNOT 22 49
[23040] = S 22
[23041] = CNOT 22 49
[23042] = CNOT 22 51
[23043] = Z 22
[23044] = CNOT 22 51
[23045] = CNOT 22 61
[23046] = Z 22
[23047] = CNOT 22 61
[23048] = CNOT 22 63
[23049] = Z 22
[23050] = CNOT 22 63
[23051] = CNOT 22 64
[23052] = Z 22
[23053] = CNOT 22 64
[23054] = CNOT 22 68
[23055] = S 22
[23056] = Z 22
[23057] = CNOT 22 68
[23058] = CNOT 22 77
[23059] = Z 22
[23060] = CNOT 22 77
[23061] = CNOT 22 78
[23062] = S 22
[23063] = Z 22
[23064] = CNOT 22 78
[23065] = CNOT 22 79
[23066] = Z 22
[23067] = CNOT 22 79
[23068] = CNOT 22 83
[23069] = Z 22
[23070] = CNOT 22 83
[23071] = CNOT 22 84
[23072] = S 22
[23073] = CNOT 22 84
[23074] = CNOT 22 23
[23075] = CNOT 22 24
[23076] = CNOT 22 25
[23077] = S 22
[23078] = Z 22
[23079] = CNOT 22 25
[23080] = CNOT 22 26
[23081] = S 22
[23082] = Z 22
[23083] = CNOT 22 26
[23084] = CNOT 22 46
[23085] = S 22
[23086] = Z 22
[23087] = CNOT 22 46
[23088] = CNOT 22 51
[23089] = S 22
[23090] = Z 22
[23091] = CNOT 22 51
[23092] = CNOT 22 54
[23093] = S 22
[23094] = Z 22
[23095] = CNOT 22 54
[23096] = CNOT 22 61
[23097] = S 22
[23098] = Z 22
[23099] = CNOT 22 61
[23100] = CNOT 22 63
[23101] = S 22
[23102] = Z 22
[23103] = CNOT 22 63
[23104] = CNOT 22 64
[23105] = S 22
[23106] = Z 22
[23107] = CNOT 22 64
[23108] = CNOT 22 77
[23109] = S 22
[23110] = Z 22
[23111] = CNOT 22 77
[23112] = CNOT 22 79
[23113] = S 22
[23114] = Z 22
[23115] = CNOT 22 79
[23116] = CNOT 22 84
[23117] = S 22
[23118] = Z 22
[23119] = CNOT 22 84
[23120] = CNOT 22 24
[23121] = CNOT 22 25
[23122] = CNOT 22 26
[23123] = Z 22
[23124] = CNOT 22 26
[23125] = CNOT 22 32
[23126] = S 22
[23127] = Z 22
[23128] = CNOT 22 32
[23129] = CNOT 22 40
[23130] = S 22
[23131] = Z 22
[23132] = CNOT 22 40
[23133] = CNOT 22 46
[23134] = Z 22
[23135] = CNOT 22 46
[23136] = CNOT 22 49
[23137] = S 22
[23138] = CNOT 22 49
[23139] = CNOT 22 51
[23140] = Z 22
[23141] = CNOT 22 51
[23142] = CNOT 22 61
[23143] = Z 22
[23144] = CNOT 22 61
[23145] = CNOT 22 63
[23146] = Z 22
[23147] = CNOT 22 63
[23148] = CNOT 22 64
[23149] = Z 22
[23150] = CNOT 22 64
[23151] = CNOT 22 68
[23152] = S 22
[23153] = Z 22
[23154] = CNOT 22 68
[23155] = CNOT 22 77
[23156] = Z 22
[23157] = CNOT 22 77
[23158] = CNOT 22 78
[23159] = S 22
[23160] = Z 22
[23161] = CNOT 22 78
[23162] = CNOT 22 79
[23163] = Z 22
[23164] = CNOT 22 79
[23165] = CNOT 22 83
[23166] = Z 22
[23167] = CNOT 22 83
[23168] = CNOT 22 84
[23169] = S 22
[23170] = CNOT 22 84
[23171] = CNOT 22 25
[23172] = CNOT 22 26
[23173] = CNOT 22 32
[23174] = S 22
[23175] = Z 22
[23176] = CNOT 22 32
[23177] = CNOT 22 40
[23178] = S 22
[23179] = Z 22
[23180] = CNOT 22 40
[23181] = CNOT 22 46
[23182] = Z 22
[23183] = CNOT 22 46
[23184] = CNOT 22 49
[23185] = S 22
[23186] = CNOT 22 49
[23187] = CNOT 22 51
[23188] = Z 22
[23189] = CNOT 22 51
[23190] = CNOT 22 61
[23191] = Z 22
[23192] = CNOT 22 61
[23193] = CNOT 22 63
[23194] = Z 22
[23195] = CNOT 22 63
[23196] = CNOT 22 64
[23197] = Z 22
[23198] = CNOT 22 64
[23199] = CNOT 22 68
[23200] = S 22
[23201] = Z 22
[23202] = CNOT 22 68
[23203] = CNOT 22 77
[23204] = Z 22
[23205] = CNOT 22 77
[23206] = CNOT 22 78
[23207] = S 22
[23208] = Z 22
[23209] = CNOT 22 78
[23210] = CNOT 22 79
[23211] = Z 22
[23212] = CNOT 22 79
[23213] = CNOT 22 83
[23214] = Z 22
[23215] = CNOT 22 83
[23216] = CNOT 22 84
[23217] = S 22
[23218] = CNOT 22 84
[23219] = CNOT 22 26
[23220] = CNOT 22 32
[23221] = CNOT 22 46
[23222] = S 22
[23223] = Z 22
[23224] = CNOT 22 46
[23225] = CNOT 22 51
[23226] = S 22
[23227] = Z 22
[23228] = CNOT 22 51
[23229] = CNOT 22 54
[23230] = S 22
[23231] = Z 22
[23232] = CNOT 22 54
[23233] = CNOT 22 61
[23234] = S 22
[23235] = Z 22
[23236] = CNOT 22 61
[23237] = CNOT 22 63
[23238] = S 22
[23239] = Z 22
[23240] = CNOT 22 63
[23241] = CNOT 22 64
[23242] = S 22
[23243] = Z 22
[23244] = CNOT 22 64
[23245] = CNOT 22 77
[23246] = S 22
[23247] = Z 22
[23248] = CNOT 22 77
[23249] = CNOT 22 79
[23250] = S 22
[23251] = Z 22
[23252] = CNOT 22 79
[23253] = CNOT 22 84
[23254] = S 22
[23255] = Z 22
[23256] = CNOT 22 84
[23257] = CNOT 22 32
[23258] = CNOT 22 40
[23259] = CNOT 22 46
[23260] = S 22
[23261] = Z 22
[23262] = CNOT 22 46
[23263] = CNOT 22 49
[23264] = S 22
[23265] = Z 22
[23266] = CNOT 22 49
[23267] = CNOT 22 51
[23268] = S 22
[23269] = Z 22
[23270] = CNOT 22 51
[23271] = CNOT 22 61
[23272] = S 22
[23273] = Z 22
[23274] = CNOT 22 61
[23275] = CNOT 22 63
[23276] = S 22
[23277] = Z 22
[23278] = CNOT 22 63
[23279] = CNOT 22 64
[23280] = S 22
[23281] = Z 22
[23282] = CNOT 22 64
[23283] = CNOT 22 77
[23284] = S 22
[23285] = Z 22
[23286] = CNOT 22 77
[23287] = CNOT 22 79
[23288] = S 22
[23289] = Z 22
[23290] = CNOT 22 79
[23291] = CNOT 22 40
[23292] = CNOT 22 46
[23293] = CNOT 22 49
[23294] = S 22
[23295] = CNOT 22 49
[23296] = CNOT 22 51
[23297] = Z 22
[23298] = CNOT 22 51
[23299] = CNOT 22 61
[23300] = Z 22
[23301] = CNOT 22 61
[23302] = CNOT 22 63
[23303] = Z 22
[23304] = CNOT 22 63
[23305] = CNOT 22 64
[23306] = Z 22
[23307] = CNOT 22 64
[23308] = CNOT 22 68
[23309] = S 22
[23310] = Z 22
[23311] = CNOT 22 68
[23312] = CNOT 22 77
[23313] = Z 22
[23314] = CNOT 22 77
[23315] = CNOT 22 78
[23316] = S 22
[23317] = Z 22
[23318] = CNOT 22 78
[23319] = CNOT 22 79
[23320] = Z 22
[23321] = CNOT 22 79
[23322] = CNOT 22 83
[23323] = Z 22
[23324] = CNOT 22 83
[23325] = CNOT 22 84
[23326] = S 22
[23327] = CNOT 22 84
[23328] = CNOT 22 46
[23329] = CNOT 22 49
[23330] = CNOT 22 51
[23331] = S 22
[23332] = CNOT 22 51
[23333] = CNOT 22 54
[23334] = Z 22
[23335] = CNOT 22 54
[23336] = CNOT 22 61
[23337] = S 22
[23338] = CNOT 22 61
[23339] = CNOT 22 63
[23340] = S 22
[23341] = CNOT 22 63
[23342] = CNOT 22 64
[23343] = S 22
[23344] = CNOT 22 64
[23345] = CNOT 22 68
[23346] = S 22
[23347] = Z 22
[23348] = CNOT 22 68
[23349] = CNOT 22 77
[23350] = S 22
[23351] = CNOT 22 77
[23352] = CNOT 22 78
[23353] = S 22
[23354] = Z 22
[23355] = CNOT 22 78
[23356] = CNOT 22 79
[23357] = S 22
[23358] = CNOT 22 79
[23359] = CNOT 22 83
[23360] = Z 22
[23361] = CNOT 22 83
[23362] = CNOT 22 49
[23363] = CNOT 22 51
[23364] = CNOT 22 61
[23365] = Z 22
[23366] = CNOT 22 61
[23367] = CNOT 22 63
[23368] = Z 22
[23369] = CNOT 22 63
[23370] = CNOT 22 64
[23371] = Z 22
[23372] = CNOT 22 64
[23373] = CNOT 22 68
[23374] = S 22
[23375] = Z 22
[23376] = CNOT 22 68
[23377] = CNOT 22 77
[23378] = Z 22
[23379] = CNOT 22 77
[23380] = CNOT 22 78
[23381] = S 22
[23382] = Z 22
[23383] = CNOT 22 78
[23384] = CNOT 22 79
[23385] = Z 22
[23386] = CNOT 22 79
[23387] = CNOT 22 83
[23388] = Z 22
[23389] = CNOT 22 83
[23390] = CNOT 22 84
[23391] = S 22
[23392] = CNOT 22 84
[23393] = CNOT 22 51
[23394] = CNOT 22 54
[23395] = CNOT 22 68
[23396] = S 22
[23397] = Z 22
[23398] = CNOT 22 68
[23399] = CNOT 22 78
[23400] = S 22
[23401] = Z 22
[23402] = CNOT 22 78
[23403] = CNOT 22 83
[23404] = Z 22
[23405] = CNOT 22 83
[23406] = CNOT 22 84
[23407] = Z 22
[23408] = CNOT 22 84
[23409] = CNOT 22 54
[23410] = CNOT 22 61
[23411] = CNOT 22 63
[23412] = Z 22
[23413] = CNOT 22 63
[23414] = CNOT 22 64
[23415] = Z 22
[23416] = CNOT 22 64
[23417] = CNOT 22 68
[23418] = S 22
[23419] = Z 22
[23420] = CNOT 22 68
[23421] = CNOT 22 77
[23422] = Z 22
[23423] = CNOT 22 77
[23424] = CNOT 22 78
[23425] = S 22
[23426] = Z 22
[23427] = CNOT 22 78
[23428] = CNOT 22 79
[23429] = Z 22
[23430] = CNOT 22 79
[23431] = CNOT 22 83
[23432] = Z 22
[23433] = CNOT 22 83
[23434] = CNOT 22 84
[23435] = S 22
[23436] = CNOT 22 84
[23437] = CNOT 22 61
[23438] = CNOT 22 63
[23439] = CNOT 22 64
[23440] = Z 22
[23441] = CNOT 22 64
[23442] = CNOT 22 68
[23443] = S 22
[23444] = Z 22
[23445] = CNOT 22 68
[23446] = CNOT 22 77
[23447] = Z 22
[23448] = CNOT 22 77
[23449] = CNOT 22 78
[23450] = S 22
[23451] = Z 22
[23452] = CNOT 22 78
[23453] = CNOT 22 79
[23454] = Z 22
[23455] = CNOT 22 79
[23456] = CNOT 22 83
[23457] = Z 22
[23458] = CNOT 22 83
[23459] = CNOT 22 84
[23460] = S 22
[23461] = CNOT 22 84
[23462] = CNOT 22 63
[23463] = CNOT 22 64
[23464] = CNOT 22 68
[23465] = S 22
[23466] = Z 22
[23467] = CNOT 22 68
[23468] = CNOT 22 77
[23469] = Z 22
[23470] = CNOT 22 77
[23471] = CNOT 22 78
[23472] = S 22
[23473] = Z 22
[23474] = CNOT 22 78
[23475] = CNOT 22 79
[23476] = Z 22
[23477] = CNOT 22 79
[23478] = CNOT 22 83
[23479] = Z 22
[23480] = CNOT 22 83
[23481] = CNOT 22 84
[23482] = S 22
[23483] = CNOT 22 84
[23484] = CNOT 22 64
[23485] = CNOT 22 68
[23486] = CNOT 22 77
[23487] = S 22
[23488] = Z 22
[23489] = CNOT 22 77
[23490] = CNOT 22 79
[23491] = S 22
[23492] = Z 22
[23493] = CNOT 22 79
[23494] = CNOT 22 83
[23495] = S 22
[23496] = Z 22
[23497] = CNOT 22 83
[23498] = CNOT 22 68
[23499] = CNOT 22 77
[23500] = CNOT 22 78
[23501] = S 22
[23502] = Z 22
[23503] = CNOT 22 78
[23504] = CNOT 22 79
[23505] = Z 22
[23506] = CNOT 22 79
[23507] = CNOT 22 83
[23508] = Z 22
[23509] = CNOT 22 83
[23510] = CNOT 22 84
[23511] = S 22
[23512] = CNOT 22 84
[23513] = CNOT 22 77
[23514] = CNOT 22 78
[23515] = CNOT 22 79
[23516] = S 22
[23517] = Z 22
[23518] = CNOT 22 79
[23519] = CNOT 22 83
[23520] = S 22
[23521] = Z 22
[23522] = CNOT 22 78
[23523] = CNOT 22 79
[23524] = Z 22
[23525] = CNOT 22 83
[23526] = CNOT 22 84
[23527] = S 22
[23528] = CNOT 22 79
[23529] = CNOT 23 24
[23530] = CNOT 23 25
[23531] = Z 23
[23532] = CNOT 23 25
[23533] = CNOT 23 26
[23534] = Z 23
[23535] = CNOT 23 26
[23536] = CNOT 23 32
[23537] = S 23
[23538] = Z 23
[23539] = CNOT 23 32
[23540] = CNOT 23 46
[23541] = Z 23
[23542] = CNOT 23 46
[23543] = CNOT 23 51
[23544] = Z 23
[23545] = CNOT 23 51
[23546] = CNOT 23 54
[23547] = Z 23
[23548] = CNOT 23 54
[23549] = CNOT 23 61
[23550] = Z 23
[23551] = CNOT 23 61
[23552] = CNOT 23 63
[23553] = Z 23
[23554] = CNOT 23 63
[23555] = CNOT 23 64
[23556] = Z 23
[23557] = CNOT 23 64
[23558] = CNOT 23 77
[23559] = Z 23
[23560] = CNOT 23 77
[23561] = CNOT 23 79
[23562] = Z 23
[23563] = CNOT 23 79
[23564] = CNOT 23 84
[23565] = Z 23
[23566] = CNOT 23 84
[23567] = CNOT 23 24
[23568] = CNOT 23 25
[23569] = CNOT 23 28
[23570] = Z 23
[23571] = CNOT 23 28
[23572] = CNOT 23 32
[23573] = Z 23
[23574] = CNOT 23 32
[23575] = CNOT 23 33
[23576] = Z 23
[23577] = CNOT 23 33
[23578] = CNOT 23 34
[23579] = Z 23
[23580] = CNOT 23 34
[23581] = CNOT 23 36
[23582] = S 23
[23583] = Z 23
[23584] = CNOT 23 36
[23585] = CNOT 23 38
[23586] = S 23
[23587] = Z 23
[23588] = CNOT 23 38
[23589] = CNOT 23 39
[23590] = Z 23
[23591] = CNOT 23 39
[23592] = CNOT 23 42
[23593] = S 23
[23594] = CNOT 23 42
[23595] = CNOT 23 43
[23596] = Z 23
[23597] = CNOT 23 43
[23598] = CNOT 23 44
[23599] = Z 23
[23600] = CNOT 23 44
[23601] = CNOT 23 46
[23602] = S 23
[23603] = Z 23
[23604] = CNOT 23 46
[23605] = CNOT 23 47
[23606] = S 23
[23607] = CNOT 23 47
[23608] = CNOT 23 49
[23609] = S 23
[23610] = CNOT 23 49
[23611] = CNOT 23 51
[23612] = S 23
[23613] = CNOT 23 51
[23614] = CNOT 23 53
[23615] = S 23
[23616] = CNOT 23 53
[23617] = CNOT 23 56
[23618] = S 23
[23619] = Z 23
[23620] = CNOT 23 56
[23621] = CNOT 23 57
[23622] = S 23
[23623] = CNOT 23 57
[23624] = CNOT 23 58
[23625] = S 23
[23626] = CNOT 23 58
[23627] = CNOT 23 59
[23628] = Z 23
[23629] = CNOT 23 59
[23630] = CNOT 23 61
[23631] = S 23
[23632] = Z 23
[23633] = CNOT 23 61
[23634] = CNOT 23 63
[23635] = S 23
[23636] = CNOT 23 63
[23637] = CNOT 23 64
[23638] = S 23
[23639] = Z 23
[23640] = CNOT 23 64
[23641] = CNOT 23 66
[23642] = Z 23
[23643] = CNOT 23 66
[23644] = CNOT 23 67
[23645] = Z 23
[23646] = CNOT 23 67
[23647] = CNOT 23 68
[23648] = Z 23
[23649] = CNOT 23 68
[23650] = CNOT 23 71
[23651] = Z 23
[23652] = CNOT 23 71
[23653] = CNOT 23 74
[23654] = S 23
[23655] = CNOT 23 74
[23656] = CNOT 23 75
[23657] = Z 23
[23658] = CNOT 23 75
[23659] = CNOT 23 76
[23660] = Z 23
[23661] = CNOT 23 76
[23662] = CNOT 23 77
[23663] = S 23
[23664] = Z 23
[23665] = CNOT 23 77
[23666] = CNOT 23 78
[23667] = Z 23
[23668] = CNOT 23 78
[23669] = CNOT 23 79
[23670] = S 23
[23671] = Z 23
[23672] = CNOT 23 79
[23673] = CNOT 23 80
[23674] = Z 23
[23675] = CNOT 23 80
[23676] = CNOT 23 81
[23677] = Z 23
[23678] = CNOT 23 81
[23679] = CNOT 23 82
[23680] = Z 23
[23681] = CNOT 23 82
[23682] = CNOT 23 84
[23683] = S 23
[23684] = CNOT 23 84
[23685] = CNOT 23 25
[23686] = CNOT 23 26
[23687] = CNOT 23 28
[23688] = Z 23
[23689] = CNOT 23 28
[23690] = CNOT 23 32
[23691] = Z 23
[23692] = CNOT 23 32
[23693] = CNOT 23 34
[23694] = Z 23
[23695] = CNOT 23 34
[23696] = CNOT 23 35
[23697] = Z 23
[23698] = CNOT 23 35
[23699] = CNOT 23 36
[23700] = S 23
[23701] = CNOT 23 36
[23702] = CNOT 23 37
[23703] = Z 23
[23704] = CNOT 23 37
[23705] = CNOT 23 38
[23706] = S 23
[23707] = Z 23
[23708] = CNOT 23 38
[23709] = CNOT 23 39
[23710] = Z 23
[23711] = CNOT 23 39
[23712] = CNOT 23 42
[23713] = S 23
[23714] = CNOT 23 42
[23715] = CNOT 23 44
[23716] = Z 23
[23717] = CNOT 23 44
[23718] = CNOT 23 46
[23719] = S 23
[23720] = CNOT 23 46
[23721] = CNOT 23 47
[23722] = S 23
[23723] = CNOT 23 47
[23724] = CNOT 23 49
[23725] = S 23
[23726] = CNOT 23 49
[23727] = CNOT 23 51
[23728] = S 23
[23729] = CNOT 23 51
[23730] = CNOT 23 53
[23731] = S 23
[23732] = Z 23
[23733] = CNOT 23 53
[23734] = CNOT 23 56
[23735] = S 23
[23736] = CNOT 23 56
[23737] = CNOT 23 57
[23738] = S 23
[23739] = CNOT 23 57
[23740] = CNOT 23 58
[23741] = S 23
[23742] = CNOT 23 58
[23743] = CNOT 23 59
[23744] = Z 23
[23745] = CNOT 23 59
[23746] = CNOT 23 61
[23747] = S 23
[23748] = CNOT 23 61
[23749] = CNOT 23 63
[23750] = S 23
[23751] = Z 23
[23752] = CNOT 23 63
[23753] = CNOT 23 64
[23754] = S 23
[23755] = CNOT 23 64
[23756] = CNOT 23 66
[23757] = Z 23
[23758] = CNOT 23 66
[23759] = CNOT 23 67
[23760] = Z 23
[23761] = CNOT 23 67
[23762] = CNOT 23 68
[23763] = Z 23
[23764] = CNOT 23 68
[23765] = CNOT 23 71
[23766] = Z 23
[23767] = CNOT 23 71
[23768] = CNOT 23 74
[23769] = S 23
[23770] = CNOT 23 74
[23771] = CNOT 23 75
[23772] = Z 23
[23773] = CNOT 23 75
[23774] = CNOT 23 76
[23775] = Z 23
[23776] = CNOT 23 76
[23777] = CNOT 23 77
[23778] = S 23
[23779] = CNOT 23 77
[23780] = CNOT 23 78
[23781] = Z 23
[23782] = CNOT 23 78
[23783] = CNOT 23 79
[23784] = S 23
[23785] = CNOT 23 79
[23786] = CNOT 23 80
[23787] = Z 23
[23788] = CNOT 23 80
[23789] = CNOT 23 81
[23790] = Z 23
[23791] = CNOT 23 81
[23792] = CNOT 23 82
[23793] = Z 23
[23794] = CNOT 23 82
[23795] = CNOT 23 84
[23796] = S 23
[23797] = Z 23
[23798] = CNOT 23 84
[23799] = CNOT 23 26
[23800] = CNOT 23 27
[23801] = CNOT 23 29
[23802] = S 23
[23803] = Z 23
[23804] = CNOT 23 29
[23805] = CNOT 23 33
[23806] = Z 23
[23807] = CNOT 23 33
[23808] = CNOT 23 39
[23809] = Z 23
[23810] = CNOT 23 39
[23811] = CNOT 23 41
[23812] = S 23
[23813] = CNOT 23 41
[23814] = CNOT 23 62
[23815] = Z 23
[23816] = CNOT 23 62
[23817] = CNOT 23 66
[23818] = Z 23
[23819] = CNOT 23 66
[23820] = CNOT 23 71
[23821] = Z 23
[23822] = CNOT 23 71
[23823] = CNOT 23 27
[23824] = CNOT 23 28
[23825] = CNOT 23 46
[23826] = Z 23
[23827] = CNOT 23 46
[23828] = CNOT 23 51
[23829] = Z 23
[23830] = CNOT 23 51
[23831] = CNOT 23 61
[23832] = Z 23
[23833] = CNOT 23 61
[23834] = CNOT 23 63
[23835] = Z 23
[23836] = CNOT 23 63
[23837] = CNOT 23 64
[23838] = Z 23
[23839] = CNOT 23 64
[23840] = CNOT 23 77
[23841] = Z 23
[23842] = CNOT 23 77
[23843] = CNOT 23 79
[23844] = Z 23
[23845] = CNOT 23 79
[23846] = CNOT 23 84
[23847] = Z 23
[23848] = CNOT 23 84
[23849] = CNOT 23 28
[23850] = CNOT 23 29
[23851] = CNOT 23 30
[23852] = Z 23
[23853] = CNOT 23 30
[23854] = CNOT 23 34
[23855] = S 23
[23856] = Z 23
[23857] = CNOT 23 34
[23858] = CNOT 23 42
[23859] = S 23
[23860] = Z 23
[23861] = CNOT 23 42
[23862] = CNOT 23 43
[23863] = Z 23
[23864] = CNOT 23 43
[23865] = CNOT 23 52
[23866] = Z 23
[23867] = CNOT 23 52
[23868] = CNOT 23 56
[23869] = Z 23
[23870] = CNOT 23 56
[23871] = CNOT 23 61
[23872] = Z 23
[23873] = CNOT 23 61
[23874] = CNOT 23 29
[23875] = CNOT 23 30
[23876] = CNOT 23 34
[23877] = Z 23
[23878] = CNOT 23 34
[23879] = CNOT 23 30
[23880] = CNOT 23 31
[23881] = CNOT 23 43
[23882] = S 23
[23883] = Z 23
[23884] = CNOT 23 43
[23885] = CNOT 23 46
[23886] = S 23
[23887] = Z 23
[23888] = CNOT 23 46
[23889] = CNOT 23 53
[23890] = S 23
[23891] = Z 23
[23892] = CNOT 23 53
[23893] = CNOT 23 56
[23894] = S 23
[23895] = Z 23
[23896] = CNOT 23 56
[23897] = CNOT 23 61
[23898] = S 23
[23899] = Z 23
[23900] = CNOT 23 61
[23901] = CNOT 23 63
[23902] = S 23
[23903] = Z 23
[23904] = CNOT 23 63
[23905] = CNOT 23 64
[23906] = S 23
[23907] = Z 23
[23908] = CNOT 23 64
[23909] = CNOT 23 77
[23910] = S 23
[23911] = Z 23
[23912] = CNOT 23 77
[23913] = CNOT 23 79
[23914] = S 23
[23915] = Z 23
[23916] = CNOT 23 79
[23917] = CNOT 23 84
[23918] = S 23
[23919] = Z 23
[23920] = CNOT 23 84
[23921] = CNOT 23 31
[23922] = CNOT 23 32
[23923] = CNOT 23 46
[23924] = Z 23
[23925] = CNOT 23 46
[23926] = CNOT 23 51
[23927] = Z 23
[23928] = CNOT 23 51
[23929] = CNOT 23 54
[23930] = Z 23
[23931] = CNOT 23 54
[23932] = CNOT 23 61
[23933] = Z 23
[23934] = CNOT 23 61
[23935] = CNOT 23 63
[23936] = Z 23
[23937] = CNOT 23 63
[23938] = CNOT 23 64
[23939] = Z 23
[23940] = CNOT 23 64
[23941] = CNOT 23 77
[23942] = Z 23
[23943] = CNOT 23 77
[23944] = CNOT 23 79
[23945] = Z 23
[23946] = CNOT 23 79
[23947] = CNOT 23 84
[23948] = Z 23
[23949] = CNOT 23 84
[23950] = CNOT 23 32
[23951] = CNOT 23 33
[23952] = CNOT 23 35
[23953] = S 23
[23954] = Z 23
[23955] = CNOT 23 35
[23956] = CNOT 23 36
[23957] = Z 23
[23958] = CNOT 23 36
[23959] = CNOT 23 37
[23960] = Z 23
[23961] = CNOT 23 37
[23962] = CNOT 23 38
[23963] = S 23
[23964] = Z 23
[23965] = CNOT 23 38
[23966] = CNOT 23 39
[23967] = S 23
[23968] = Z 23
[23969] = CNOT 23 39
[23970] = CNOT 23 41
[23971] = Z 23
[23972] = CNOT 23 41
[23973] = CNOT 23 43
[23974] = Z 23
[23975] = CNOT 23 43
[23976] = CNOT 23 53
[23977] = Z 23
[23978] = CNOT 23 53
[23979] = CNOT 23 56
[23980] = Z 23
[23981] = CNOT 23 56
[23982] = CNOT 23 61
[23983] = Z 23
[23984] = CNOT 23 61
[23985] = CNOT 23 62
[23986] = Z 23
[23987] = CNOT 23 62
[23988] = CNOT 23 33
[23989] = CNOT 23 34
[23990] = CNOT 23 43
[23991] = Z 23
[23992] = CNOT 23 43
[23993] = CNOT 23 46
[23994] = Z 23
[23995] = CNOT 23 46
[23996] = CNOT 23 52
[23997] = Z 23
[23998] = CNOT 23 52
[23999] = CNOT 23 56
[24000] = Z 23
[24001] = CNOT 23 56
[24002] = CNOT 23 61
[24003] = Z 23
[24004] = CNOT 23 61
[24005] = CNOT 23 63
[24006] = Z 23
[24007] = CNOT 23 63
[24008] = CNOT 23 64
[24009] = Z 23
[24010] = CNOT 23 64
[24011] = CNOT 23 77
[24012] = Z 23
[24013] = CNOT 23 77
[24014] = CNOT 23 79
[24015] = Z 23
[24016] = CNOT 23 79
[24017] = CNOT 23 84
[24018] = Z 23
[24019] = CNOT 23 84
[24020] = CNOT 23 34
[24021] = CNOT 23 35
[24022] = CNOT 23 36
[24023] = Z 23
[24024] = CNOT 23 36
[24025] = CNOT 23 37
[24026] = S 23
[24027] = Z 23
[24028] = CNOT 23 37
[24029] = CNOT 23 43
[24030] = Z 23
[24031] = CNOT 23 43
[24032] = CNOT 23 46
[24033] = Z 23
[24034] = CNOT 23 46
[24035] = CNOT 23 53
[24036] = Z 23
[24037] = CNOT 23 53
[24038] = CNOT 23 56
[24039] = Z 23
[24040] = CNOT 23 56
[24041] = CNOT 23 61
[24042] = Z 23
[24043] = CNOT 23 61
[24044] = CNOT 23 63
[24045] = Z 23
[24046] = CNOT 23 63
[24047] = CNOT 23 64
[24048] = Z 23
[24049] = CNOT 23 64
[24050] = CNOT 23 77
[24051] = Z 23
[24052] = CNOT 23 77
[24053] = CNOT 23 79
[24054] = Z 23
[24055] = CNOT 23 79
[24056] = CNOT 23 84
[24057] = Z 23
[24058] = CNOT 23 84
[24059] = CNOT 23 35
[24060] = CNOT 23 36
[24061] = CNOT 23 37
[24062] = Z 23
[24063] = CNOT 23 36
[24064] = CNOT 23 43
[24065] = Z 23
[24066] = CNOT 23 43
[24067] = CNOT 23 46
[24068] = Z 23
[24069] = CNOT 23 46
[24070] = CNOT 23 53
[24071] = Z 23
[24072] = CNOT 23 53
[24073] = CNOT 23 56
[24074] = Z 23
[24075] = CNOT 23 56
[24076] = CNOT 23 61
[24077] = Z 23
[24078] = CNOT 23 61
[24079] = CNOT 23 63
[24080] = Z 23
[24081] = CNOT 23 63
[24082] = CNOT 23 64
[24083] = Z 23
[24084] = CNOT 23 64
[24085] = CNOT 23 77
[24086] = Z 23
[24087] = CNOT 23 77
[24088] = CNOT 23 79
[24089] = Z 23
[24090] = CNOT 23 79
[24091] = CNOT 23 84
[24092] = Z 23
[24093] = CNOT 23 84
[24094] = CNOT 23 37
[24095] = CNOT 23 38
[24096] = CNOT 23 39
[24097] = S 23
[24098] = Z 23
[24099] = CNOT 23 39
[24100] = CNOT 23 41
[24101] = Z 23
[24102] = CNOT 23 41
[24103] = CNOT 23 42
[24104] = S 23
[24105] = CNOT 23 42
[24106] = CNOT 23 43
[24107] = S 23
[24108] = Z 23
[24109] = CNOT 23 43
[24110] = CNOT 23 46
[24111] = S 23
[24112] = Z 23
[24113] = CNOT 23 46
[24114] = CNOT 23 47
[24115] = S 23
[24116] = Z 23
[24117] = CNOT 23 47
[24118] = CNOT 23 51
[24119] = S 23
[24120] = Z 23
[24121] = CNOT 23 51
[24122] = CNOT 23 57
[24123] = S 23
[24124] = Z 23
[24125] = CNOT 23 57
[24126] = CNOT 23 61
[24127] = Z 23
[24128] = CNOT 23 61
[24129] = CNOT 23 63
[24130] = S 23
[24131] = Z 23
[24132] = CNOT 23 63
[24133] = CNOT 23 64
[24134] = S 23
[24135] = Z 23
[24136] = CNOT 23 64
[24137] = CNOT 23 66
[24138] = S 23
[24139] = Z 23
[24140] = CNOT 23 66
[24141] = CNOT 23 71
[24142] = S 23
[24143] = Z 23
[24144] = CNOT 23 71
[24145] = CNOT 23 77
[24146] = S 23
[24147] = Z 23
[24148] = CNOT 23 77
[24149] = CNOT 23 80
[24150] = S 23
[24151] = Z 23
[24152] = CNOT 23 80
[24153] = CNOT 23 84
[24154] = S 23
[24155] = Z 23
[24156] = CNOT 23 84
[24157] = CNOT 23 38
[24158] = CNOT 23 39
[24159] = CNOT 23 41
[24160] = Z 23
[24161] = CNOT 23 41
[24162] = CNOT 23 46
[24163] = Z 23
[24164] = CNOT 23 46
[24165] = CNOT 23 62
[24166] = Z 23
[24167] = CNOT 23 62
[24168] = CNOT 23 63
[24169] = Z 23
[24170] = CNOT 23 63
[24171] = CNOT 23 64
[24172] = Z 23
[24173] = CNOT 23 64
[24174] = CNOT 23 77
[24175] = Z 23
[24176] = CNOT 23 77
[24177] = CNOT 23 79
[24178] = Z 23
[24179] = CNOT 23 79
[24180] = CNOT 23 84
[24181] = Z 23
[24182] = CNOT 23 84
[24183] = CNOT 23 39
[24184] = CNOT 23 40
[24185] = CNOT 23 44
[24186] = S 23
[24187] = Z 23
[24188] = CNOT 23 44
[24189] = CNOT 23 49
[24190] = S 23
[24191] = Z 23
[24192] = CNOT 23 49
[24193] = CNOT 23 54
[24194] = S 23
[24195] = Z 23
[24196] = CNOT 23 54
[24197] = CNOT 23 63
[24198] = S 23
[24199] = CNOT 23 63
[24200] = CNOT 23 83
[24201] = S 23
[24202] = Z 23
[24203] = CNOT 23 83
[24204] = CNOT 23 84
[24205] = Z 23
[24206] = CNOT 23 84
[24207] = CNOT 23 40
[24208] = CNOT 23 42
[24209] = CNOT 23 46
[24210] = S 23
[24211] = CNOT 23 46
[24212] = CNOT 23 57
[24213] = Z 23
[24214] = CNOT 23 57
[24215] = CNOT 23 58
[24216] = S 23
[24217] = Z 23
[24218] = CNOT 23 58
[24219] = CNOT 23 63
[24220] = S 23
[24221] = CNOT 23 63
[24222] = CNOT 23 64
[24223] = S 23
[24224] = CNOT 23 64
[24225] = CNOT 23 66
[24226] = Z 23
[24227] = CNOT 23 66
[24228] = CNOT 23 71
[24229] = Z 23
[24230] = CNOT 23 71
[24231] = CNOT 23 77
[24232] = S 23
[24233] = CNOT 23 77
[24234] = CNOT 23 79
[24235] = S 23
[24236] = CNOT 23 79
[24237] = CNOT 23 84
[24238] = S 23
[24239] = CNOT 23 84
[24240] = CNOT 23 42
[24241] = CNOT 23 43
[24242] = CNOT 23 46
[24243] = Z 23
[24244] = CNOT 23 46
[24245] = CNOT 23 53
[24246] = S 23
[24247] = CNOT 23 53
[24248] = CNOT 23 55
[24249] = Z 23
[24250] = CNOT 23 55
[24251] = CNOT 23 56
[24252] = S 23
[24253] = Z 23
[24254] = CNOT 23 56
[24255] = CNOT 23 61
[24256] = Z 23
[24257] = CNOT 23 61
[24258] = CNOT 23 63
[24259] = Z 23
[24260] = CNOT 23 63
[24261] = CNOT 23 64
[24262] = Z 23
[24263] = CNOT 23 64
[24264] = CNOT 23 77
[24265] = Z 23
[24266] = CNOT 23 77
[24267] = CNOT 23 79
[24268] = Z 23
[24269] = CNOT 23 79
[24270] = CNOT 23 81
[24271] = Z 23
[24272] = CNOT 23 81
[24273] = CNOT 23 82
[24274] = Z 23
[24275] = CNOT 23 82
[24276] = CNOT 23 84
[24277] = Z 23
[24278] = CNOT 23 84
[24279] = CNOT 23 43
[24280] = CNOT 23 44
[24281] = CNOT 23 46
[24282] = Z 23
[24283] = CNOT 23 46
[24284] = CNOT 23 51
[24285] = Z 23
[24286] = CNOT 23 51
[24287] = CNOT 23 61
[24288] = Z 23
[24289] = CNOT 23 61
[24290] = CNOT 23 63
[24291] = Z 23
[24292] = CNOT 23 63
[24293] = CNOT 23 64
[24294] = Z 23
[24295] = CNOT 23 64
[24296] = CNOT 23 77
[24297] = Z 23
[24298] = CNOT 23 77
[24299] = CNOT 23 79
[24300] = Z 23
[24301] = CNOT 23 79
[24302] = CNOT 23 84
[24303] = Z 23
[24304] = CNOT 23 84
[24305] = CNOT 23 44
[24306] = CNOT 23 46
[24307] = CNOT 23 47
[24308] = S 23
[24309] = CNOT 23 47
[24310] = CNOT 23 49
[24311] = S 23
[24312] = CNOT 23 49
[24313] = CNOT 23 51
[24314] = S 23
[24315] = CNOT 23 51
[24316] = CNOT 23 53
[24317] = S 23
[24318] = CNOT 23 53
[24319] = CNOT 23 56
[24320] = S 23
[24321] = Z 23
[24322] = CNOT 23 56
[24323] = CNOT 23 57
[24324] = S 23
[24325] = CNOT 23 57
[24326] = CNOT 23 58
[24327] = S 23
[24328] = CNOT 23 58
[24329] = CNOT 23 59
[24330] = Z 23
[24331] = CNOT 23 59
[24332] = CNOT 23 61
[24333] = S 23
[24334] = Z 23
[24335] = CNOT 23 61
[24336] = CNOT 23 63
[24337] = S 23
[24338] = CNOT 23 63
[24339] = CNOT 23 64
[24340] = S 23
[24341] = Z 23
[24342] = CNOT 23 64
[24343] = CNOT 23 66
[24344] = Z 23
[24345] = CNOT 23 66
[24346] = CNOT 23 67
[24347] = Z 23
[24348] = CNOT 23 67
[24349] = CNOT 23 68
[24350] = Z 23
[24351] = CNOT 23 68
[24352] = CNOT 23 71
[24353] = Z 23
[24354] = CNOT 23 71
[24355] = CNOT 23 74
[24356] = S 23
[24357] = CNOT 23 74
[24358] = CNOT 23 75
[24359] = Z 23
[24360] = CNOT 23 75
[24361] = CNOT 23 76
[24362] = Z 23
[24363] = CNOT 23 76
[24364] = CNOT 23 77
[24365] = S 23
[24366] = Z 23
[24367] = CNOT 23 77
[24368] = CNOT 23 78
[24369] = Z 23
[24370] = CNOT 23 78
[24371] = CNOT 23 79
[24372] = S 23
[24373] = Z 23
[24374] = CNOT 23 79
[24375] = CNOT 23 80
[24376] = Z 23
[24377] = CNOT 23 80
[24378] = CNOT 23 81
[24379] = Z 23
[24380] = CNOT 23 81
[24381] = CNOT 23 82
[24382] = Z 23
[24383] = CNOT 23 82
[24384] = CNOT 23 84
[24385] = S 23
[24386] = CNOT 23 84
[24387] = CNOT 23 46
[24388] = CNOT 23 47
[24389] = CNOT 23 51
[24390] = Z 23
[24391] = CNOT 23 51
[24392] = CNOT 23 63
[24393] = S 23
[24394] = CNOT 23 63
[24395] = CNOT 23 64
[24396] = S 23
[24397] = CNOT 23 64
[24398] = CNOT 23 67
[24399] = S 23
[24400] = Z 23
[24401] = CNOT 23 67
[24402] = CNOT 23 76
[24403] = S 23
[24404] = Z 23
[24405] = CNOT 23 76
[24406] = CNOT 23 77
[24407] = S 23
[24408] = CNOT 23 77
[24409] = CNOT 23 79
[24410] = S 23
[24411] = Z 23
[24412] = CNOT 23 79
[24413] = CNOT 23 84
[24414] = S 23
[24415] = CNOT 23 84
[24416] = CNOT 23 47
[24417] = CNOT 23 48
[24418] = CNOT 23 52
[24419] = S 23
[24420] = Z 23
[24421] = CNOT 23 52
[24422] = CNOT 23 53
[24423] = S 23
[24424] = Z 23
[24425] = CNOT 23 53
[24426] = CNOT 23 55
[24427] = S 23
[24428] = Z 23
[24429] = CNOT 23 55
[24430] = CNOT 23 56
[24431] = Z 23
[24432] = CNOT 23 56
[24433] = CNOT 23 81
[24434] = S 23
[24435] = Z 23
[24436] = CNOT 23 81
[24437] = CNOT 23 82
[24438] = S 23
[24439] = Z 23
[24440] = CNOT 23 82
[24441] = CNOT 23 48
[24442] = CNOT 23 49
[24443] = CNOT 23 51
[24444] = S 23
[24445] = CNOT 23 51
[24446] = CNOT 23 54
[24447] = Z 23
[24448] = CNOT 23 54
[24449] = CNOT 23 61
[24450] = S 23
[24451] = CNOT 23 61
[24452] = CNOT 23 63
[24453] = S 23
[24454] = CNOT 23 63
[24455] = CNOT 23 64
[24456] = S 23
[24457] = CNOT 23 64
[24458] = CNOT 23 68
[24459] = S 23
[24460] = Z 23
[24461] = CNOT 23 68
[24462] = CNOT 23 77
[24463] = S 23
[24464] = CNOT 23 77
[24465] = CNOT 23 78
[24466] = S 23
[24467] = Z 23
[24468] = CNOT 23 78
[24469] = CNOT 23 79
[24470] = S 23
[24471] = CNOT 23 79
[24472] = CNOT 23 83
[24473] = Z 23
[24474] = CNOT 23 83
[24475] = CNOT 23 49
[24476] = CNOT 23 51
[24477] = CNOT 23 61
[24478] = S 23
[24479] = CNOT 23 61
[24480] = CNOT 23 63
[24481] = S 23
[24482] = Z 23
[24483] = CNOT 23 63
[24484] = CNOT 23 64
[24485] = S 23
[24486] = CNOT 23 64
[24487] = CNOT 23 67
[24488] = Z 23
[24489] = CNOT 23 67
[24490] = CNOT 23 68
[24491] = Z 23
[24492] = CNOT 23 68
[24493] = CNOT 23 76
[24494] = Z 23
[24495] = CNOT 23 76
[24496] = CNOT 23 77
[24497] = S 23
[24498] = CNOT 23 77
[24499] = CNOT 23 78
[24500] = Z 23
[24501] = CNOT 23 78
[24502] = CNOT 23 79
[24503] = S 23
[24504] = CNOT 23 79
[24505] = CNOT 23 84
[24506] = S 23
[24507] = Z 23
[24508] = CNOT 23 84
[24509] = CNOT 23 51
[24510] = CNOT 23 52
[24511] = CNOT 23 55
[24512] = S 23
[24513] = Z 23
[24514] = CNOT 23 55
[24515] = CNOT 23 56
[24516] = Z 23
[24517] = CNOT 23 56
[24518] = CNOT 23 81
[24519] = Z 23
[24520] = CNOT 23 81
[24521] = CNOT 23 52
[24522] = CNOT 23 53
[24523] = CNOT 23 56
[24524] = S 23
[24525] = CNOT 23 56
[24526] = CNOT 23 61
[24527] = S 23
[24528] = CNOT 23 61
[24529] = CNOT 23 63
[24530] = S 23
[24531] = CNOT 23 63
[24532] = CNOT 23 64
[24533] = S 23
[24534] = CNOT 23 64
[24535] = CNOT 23 77
[24536] = S 23
[24537] = CNOT 23 77
[24538] = CNOT 23 79
[24539] = S 23
[24540] = CNOT 23 79
[24541] = CNOT 23 84
[24542] = S 23
[24543] = CNOT 23 84
[24544] = CNOT 23 53
[24545] = CNOT 23 54
[24546] = CNOT 23 68
[24547] = Z 23
[24548] = CNOT 23 68
[24549] = CNOT 23 78
[24550] = Z 23
[24551] = CNOT 23 78
[24552] = CNOT 23 54
[24553] = CNOT 23 55
[24554] = CNOT 23 59
[24555] = S 23
[24556] = Z 23
[24557] = CNOT 23 59
[24558] = CNOT 23 61
[24559] = Z 23
[24560] = CNOT 23 61
[24561] = CNOT 23 65
[24562] = Z 23
[24563] = CNOT 23 65
[24564] = CNOT 23 74
[24565] = S 23
[24566] = Z 23
[24567] = CNOT 23 74
[24568] = CNOT 23 75
[24569] = Z 23
[24570] = CNOT 23 75
[24571] = CNOT 23 81
[24572] = S 23
[24573] = Z 23
[24574] = CNOT 23 81
[24575] = CNOT 23 55
[24576] = CNOT 23 56
[24577] = CNOT 23 61
[24578] = S 23
[24579] = Z 23
[24580] = CNOT 23 61
[24581] = CNOT 23 63
[24582] = S 23
[24583] = Z 23
[24584] = CNOT 23 63
[24585] = CNOT 23 64
[24586] = S 23
[24587] = Z 23
[24588] = CNOT 23 64
[24589] = CNOT 23 77
[24590] = S 23
[24591] = Z 23
[24592] = CNOT 23 77
[24593] = CNOT 23 79
[24594] = S 23
[24595] = Z 23
[24596] = CNOT 23 79
[24597] = CNOT 23 82
[24598] = Z 23
[24599] = CNOT 23 82
[24600] = CNOT 23 84
[24601] = S 23
[24602] = Z 23
[24603] = CNOT 23 84
[24604] = CNOT 23 56
[24605] = CNOT 23 57
[24606] = CNOT 23 58
[24607] = S 23
[24608] = Z 23
[24609] = CNOT 23 58
[24610] = CNOT 23 62
[24611] = S 23
[24612] = Z 23
[24613] = CNOT 23 62
[24614] = CNOT 23 63
[24615] = S 23
[24616] = CNOT 23 63
[24617] = CNOT 23 64
[24618] = S 23
[24619] = CNOT 23 64
[24620] = CNOT 23 75
[24621] = S 23
[24622] = Z 23
[24623] = CNOT 23 75
[24624] = CNOT 23 77
[24625] = S 23
[24626] = CNOT 23 77
[24627] = CNOT 23 79
[24628] = S 23
[24629] = CNOT 23 79
[24630] = CNOT 23 84
[24631] = S 23
[24632] = CNOT 23 84
[24633] = CNOT 23 57
[24634] = CNOT 23 58
[24635] = CNOT 23 63
[24636] = S 23
[24637] = CNOT 23 63
[24638] = CNOT 23 64
[24639] = S 23
[24640] = CNOT 23 64
[24641] = CNOT 23 65
[24642] = S 23
[24643] = Z 23
[24644] = CNOT 23 65
[24645] = CNOT 23 74
[24646] = S 23
[24647] = Z 23
[24648] = CNOT 23 74
[24649] = CNOT 23 75
[24650] = Z 23
[24651] = CNOT 23 75
[24652] = CNOT 23 77
[24653] = S 23
[24654] = CNOT 23 77
[24655] = CNOT 23 79
[24656] = S 23
[24657] = CNOT 23 79
[24658] = CNOT 23 84
[24659] = S 23
[24660] = CNOT 23 84
[24661] = CNOT 23 58
[24662] = CNOT 23 59
[24663] = CNOT 23 63
[24664] = Z 23
[24665] = CNOT 23 63
[24666] = CNOT 23 64
[24667] = Z 23
[24668] = CNOT 23 64
[24669] = CNOT 23 65
[24670] = Z 23
[24671] = CNOT 23 65
[24672] = CNOT 23 74
[24673] = S 23
[24674] = Z 23
[24675] = CNOT 23 74
[24676] = CNOT 23 75
[24677] = Z 23
[24678] = CNOT 23 75
[24679] = CNOT 23 77
[24680] = Z 23
[24681] = CNOT 23 77
[24682] = CNOT 23 79
[24683] = Z 23
[24684] = CNOT 23 79
[24685] = CNOT 23 84
[24686] = Z 23
[24687] = CNOT 23 84
[24688] = CNOT 23 59
[24689] = CNOT 23 61
[24690] = CNOT 23 63
[24691] = S 23
[24692] = CNOT 23 63
[24693] = CNOT 23 64
[24694] = S 23
[24695] = Z 23
[24696] = CNOT 23 64
[24697] = CNOT 23 68
[24698] = Z 23
[24699] = CNOT 23 68
[24700] = CNOT 23 77
[24701] = S 23
[24702] = Z 23
[24703] = CNOT 23 77
[24704] = CNOT 23 78
[24705] = Z 23
[24706] = CNOT 23 78
[24707] = CNOT 23 79
[24708] = S 23
[24709] = Z 23
[24710] = CNOT 23 79
[24711] = CNOT 23 80
[24712] = Z 23
[24713] = CNOT 23 80
[24714] = CNOT 23 81
[24715] = Z 23
[24716] = CNOT 23 81
[24717] = CNOT 23 82
[24718] = Z 23
[24719] = CNOT 23 82
[24720] = CNOT 23 84
[24721] = S 23
[24722] = CNOT 23 84
[24723] = CNOT 23 61
[24724] = CNOT 23 62
[24725] = CNOT 23 66
[24726] = Z 23
[24727] = CNOT 23 66
[24728] = CNOT 23 71
[24729] = Z 23
[24730] = CNOT 23 71
[24731] = CNOT 23 62
[24732] = CNOT 23 63
[24733] = CNOT 23 64
[24734] = S 23
[24735] = CNOT 23 64
[24736] = CNOT 23 66
[24737] = Z 23
[24738] = CNOT 23 66
[24739] = CNOT 23 67
[24740] = Z 23
[24741] = CNOT 23 67
[24742] = CNOT 23 68
[24743] = Z 23
[24744] = CNOT 23 68
[24745] = CNOT 23 71
[24746] = Z 23
[24747] = CNOT 23 71
[24748] = CNOT 23 74
[24749] = S 23
[24750] = CNOT 23 74
[24751] = CNOT 23 75
[24752] = Z 23
[24753] = CNOT 23 75
[24754] = CNOT 23 76
[24755] = Z 23
[24756] = CNOT 23 76
[24757] = CNOT 23 77
[24758] = S 23
[24759] = CNOT 23 77
[24760] = CNOT 23 78
[24761] = Z 23
[24762] = CNOT 23 78
[24763] = CNOT 23 79
[24764] = S 23
[24765] = CNOT 23 79
[24766] = CNOT 23 80
[24767] = Z 23
[24768] = CNOT 23 80
[24769] = CNOT 23 81
[24770] = Z 23
[24771] = CNOT 23 81
[24772] = CNOT 23 82
[24773] = Z 23
[24774] = CNOT 23 82
[24775] = CNOT 23 84
[24776] = S 23
[24777] = Z 23
[24778] = CNOT 23 84
[24779] = CNOT 23 63
[24780] = CNOT 23 64
[24781] = CNOT 23 66
[24782] = Z 23
[24783] = CNOT 23 66
[24784] = CNOT 23 67
[24785] = Z 23
[24786] = CNOT 23 67
[24787] = CNOT 23 68
[24788] = Z 23
[24789] = CNOT 23 68
[24790] = CNOT 23 71
[24791] = Z 23
[24792] = CNOT 23 71
[24793] = CNOT 23 74
[24794] = S 23
[24795] = CNOT 23 74
[24796] = CNOT 23 75
[24797] = Z 23
[24798] = CNOT 23 75
[24799] = CNOT 23 76
[24800] = Z 23
[24801] = CNOT 23 76
[24802] = CNOT 23 77
[24803] = S 23
[24804] = Z 23
[24805] = CNOT 23 77
[24806] = CNOT 23 78
[24807] = Z 23
[24808] = CNOT 23 78
[24809] = CNOT 23 79
[24810] = S 23
[24811] = Z 23
[24812] = CNOT 23 79
[24813] = CNOT 23 80
[24814] = Z 23
[24815] = CNOT 23 80
[24816] = CNOT 23 81
[24817] = Z 23
[24818] = CNOT 23 81
[24819] = CNOT 23 82
[24820] = Z 23
[24821] = CNOT 23 82
[24822] = CNOT 23 84
[24823] = S 23
[24824] = CNOT 23 84
[24825] = CNOT 23 64
[24826] = CNOT 23 65
[24827] = CNOT 23 74
[24828] = Z 23
[24829] = CNOT 23 74
[24830] = CNOT 23 65
[24831] = CNOT 23 66
[24832] = CNOT 23 71
[24833] = S 23
[24834] = Z 23
[24835] = CNOT 23 71
[24836] = CNOT 23 77
[24837] = Z 23
[24838] = CNOT 23 77
[24839] = CNOT 23 79
[24840] = Z 23
[24841] = CNOT 23 79
[24842] = CNOT 23 84
[24843] = Z 23
[24844] = CNOT 23 84
[24845] = CNOT 23 66
[24846] = CNOT 23 67
[24847] = CNOT 23 76
[24848] = S 23
[24849] = Z 23
[24850] = CNOT 23 76
[24851] = CNOT 23 77
[24852] = Z 23
[24853] = CNOT 23 77
[24854] = CNOT 23 84
[24855] = Z 23
[24856] = CNOT 23 84
[24857] = CNOT 23 67
[24858] = CNOT 23 68
[24859] = CNOT 23 77
[24860] = Z 23
[24861] = CNOT 23 77
[24862] = CNOT 23 78
[24863] = S 23
[24864] = Z 23
[24865] = CNOT 23 78
[24866] = CNOT 23 79
[24867] = Z 23
[24868] = CNOT 23 79
[24869] = CNOT 23 83
[24870] = Z 23
[24871] = CNOT 23 83
[24872] = CNOT 23 68
[24873] = CNOT 23 71
[24874] = CNOT 23 77
[24875] = Z 23
[24876] = CNOT 23 77
[24877] = CNOT 23 79
[24878] = Z 23
[24879] = CNOT 23 79
[24880] = CNOT 23 84
[24881] = Z 23
[24882] = CNOT 23 84
[24883] = CNOT 23 71
[24884] = CNOT 23 74
[24885] = CNOT 23 75
[24886] = S 23
[24887] = CNOT 23 75
[24888] = CNOT 23 77
[24889] = S 23
[24890] = CNOT 23 77
[24891] = CNOT 23 79
[24892] = S 23
[24893] = CNOT 23 79
[24894] = CNOT 23 84
[24895] = S 23
[24896] = CNOT 23 84
[24897] = CNOT 23 74
[24898] = CNOT 23 75
[24899] = CNOT 23 77
[24900] = Z 23
[24901] = CNOT 23 77
[24902] = CNOT 23 79
[24903] = Z 23
[24904] = CNOT 23 79
[24905] = CNOT 23 84
[24906] = Z 23
[24907] = CNOT 23 84
[24908] = CNOT 23 75
[24909] = CNOT 23 76
[24910] = CNOT 23 77
[24911] = Z 23
[24912] = CNOT 23 77
[24913] = CNOT 23 84
[24914] = Z 23
[24915] = CNOT 23 84
[24916] = CNOT 23 76
[24917] = CNOT 23 77
[24918] = CNOT 23 78
[24919] = Z 23
[24920] = CNOT 23 78
[24921] = CNOT 23 79
[24922] = S 23
[24923] = Z 23
[24924] = CNOT 23 79
[24925] = CNOT 23 80
[24926] = Z 23
[24927] = CNOT 23 80
[24928] = CNOT 23 81
[24929] = Z 23
[24930] = CNOT 23 81
[24931] = CNOT 23 82
[24932] = Z 23
[24933] = CNOT 23 82
[24934] = CNOT 23 84
[24935] = S 23
[24936] = CNOT 23 84
[24937] = CNOT 23 77
[24938] = CNOT 23 78
[24939] = CNOT 23 79
[24940] = Z 23
[24941] = CNOT 23 79
[24942] = CNOT 23 83
[24943] = Z 23
[24944] = CNOT 23 83
[24945] = CNOT 23 78
[24946] = CNOT 23 79
[24947] = CNOT 23 80
[24948] = Z 23
[24949] = CNOT 23 80
[24950] = CNOT 23 81
[24951] = Z 23
[24952] = CNOT 23 81
[24953] = CNOT 23 82
[24954] = Z 23
[24955] = CNOT 23 82
[24956] = CNOT 23 84
[24957] = S 23
[24958] = CNOT 23 79
[24959] = CNOT 23 80
[24960] = Z 23
[24961] = CNOT 23 80
[24962] = CNOT 23 81
[24963] = Z 23
[24964] = CNOT 23 81
[24965] = CNOT 23 82
[24966] = Z 23
[24967] = CNOT 23 84
[24968] = CNOT 23 82
[24969] = CNOT 24 25
[24970] = CNOT 24 26
[24971] = Z 24
[24972] = CNOT 24 26
[24973] = CNOT 24 32
[24974] = S 24
[24975] = Z 24
[24976] = CNOT 24 32
[24977] = CNOT 24 46
[24978] = Z 24
[24979] = CNOT 24 46
[24980] = CNOT 24 51
[24981] = Z 24
[24982] = CNOT 24 51
[24983] = CNOT 24 54
[24984] = Z 24
[24985] = CNOT 24 54
[24986] = CNOT 24 61
[24987] = Z 24
[24988] = CNOT 24 61
[24989] = CNOT 24 63
[24990] = Z 24
[24991] = CNOT 24 63
[24992] = CNOT 24 64
[24993] = Z 24
[24994] = CNOT 24 64
[24995] = CNOT 24 77
[24996] = Z 24
[24997] = CNOT 24 77
[24998] = CNOT 24 79
[24999] = Z 24
[25000] = CNOT 24 79
[25001] = CNOT 24 84
[25002] = Z 24
[25003] = CNOT 24 84
[25004] = CNOT 24 25
[25005] = CNOT 24 26
[25006] = CNOT 24 32
[25007] = S 24
[25008] = Z 24
[25009] = CNOT 24 32
[25010] = CNOT 24 46
[25011] = Z 24
[25012] = CNOT 24 46
[25013] = CNOT 24 51
[25014] = Z 24
[25015] = CNOT 24 51
[25016] = CNOT 24 54
[25017] = Z 24
[25018] = CNOT 24 54
[25019] = CNOT 24 61
[25020] = Z 24
[25021] = CNOT 24 61
[25022] = CNOT 24 63
[25023] = Z 24
[25024] = CNOT 24 63
[25025] = CNOT 24 64
[25026] = Z 24
[25027] = CNOT 24 64
[25028] = CNOT 24 77
[25029] = Z 24
[25030] = CNOT 24 77
[25031] = CNOT 24 79
[25032] = Z 24
[25033] = CNOT 24 79
[25034] = CNOT 24 84
[25035] = Z 24
[25036] = CNOT 24 84
[25037] = CNOT 24 26
[25038] = CNOT 24 32
[25039] = CNOT 24 46
[25040] = S 24
[25041] = Z 24
[25042] = CNOT 24 46
[25043] = CNOT 24 51
[25044] = S 24
[25045] = Z 24
[25046] = CNOT 24 51
[25047] = CNOT 24 54
[25048] = S 24
[25049] = Z 24
[25050] = CNOT 24 54
[25051] = CNOT 24 61
[25052] = S 24
[25053] = Z 24
[25054] = CNOT 24 61
[25055] = CNOT 24 63
[25056] = S 24
[25057] = Z 24
[25058] = CNOT 24 63
[25059] = CNOT 24 64
[25060] = S 24
[25061] = Z 24
[25062] = CNOT 24 64
[25063] = CNOT 24 77
[25064] = S 24
[25065] = Z 24
[25066] = CNOT 24 77
[25067] = CNOT 24 79
[25068] = S 24
[25069] = Z 24
[25070] = CNOT 24 79
[25071] = CNOT 24 84
[25072] = S 24
[25073] = Z 24
[25074] = CNOT 24 84
[25075] = CNOT 24 32
[25076] = CNOT 24 46
[25077] = CNOT 24 51
[25078] = Z 24
[25079] = CNOT 24 51
[25080] = CNOT 24 54
[25081] = Z 24
[25082] = CNOT 24 54
[25083] = CNOT 24 61
[25084] = Z 24
[25085] = CNOT 24 61
[25086] = CNOT 24 63
[25087] = Z 24
[25088] = CNOT 24 63
[25089] = CNOT 24 64
[25090] = Z 24
[25091] = CNOT 24 64
[25092] = CNOT 24 77
[25093] = Z 24
[25094] = CNOT 24 77
[25095] = CNOT 24 79
[25096] = Z 24
[25097] = CNOT 24 79
[25098] = CNOT 24 84
[25099] = Z 24
[25100] = CNOT 24 84
[25101] = CNOT 24 46
[25102] = CNOT 24 51
[25103] = CNOT 24 54
[25104] = Z 24
[25105] = CNOT 24 54
[25106] = CNOT 24 61
[25107] = Z 24
[25108] = CNOT 24 61
[25109] = CNOT 24 63
[25110] = Z 24
[25111] = CNOT 24 63
[25112] = CNOT 24 64
[25113] = Z 24
[25114] = CNOT 24 64
[25115] = CNOT 24 77
[25116] = Z 24
[25117] = CNOT 24 77
[25118] = CNOT 24 79
[25119] = Z 24
[25120] = CNOT 24 79
[25121] = CNOT 24 84
[25122] = Z 24
[25123] = CNOT 24 84
[25124] = CNOT 24 51
[25125] = CNOT 24 54
[25126] = CNOT 24 61
[25127] = Z 24
[25128] = CNOT 24 61
[25129] = CNOT 24 63
[25130] = Z 24
[25131] = CNOT 24 63
[25132] = CNOT 24 64
[25133] = Z 24
[25134] = CNOT 24 64
[25135] = CNOT 24 77
[25136] = Z 24
[25137] = CNOT 24 77
[25138] = CNOT 24 79
[25139] = Z 24
[25140] = CNOT 24 79
[25141] = CNOT 24 84
[25142] = Z 24
[25143] = CNOT 24 84
[25144] = CNOT 24 54
[25145] = CNOT 24 61
[25146] = CNOT 24 63
[25147] = Z 24
[25148] = CNOT 24 63
[25149] = CNOT 24 64
[25150] = Z 24
[25151] = CNOT 24 64
[25152] = CNOT 24 77
[25153] = Z 24
[25154] = CNOT 24 77
[25155] = CNOT 24 79
[25156] = Z 24
[25157] = CNOT 24 79
[25158] = CNOT 24 84
[25159] = Z 24
[25160] = CNOT 24 84
[25161] = CNOT 24 61
[25162] = CNOT 24 63
[25163] = CNOT 24 64
[25164] = Z 24
[25165] = CNOT 24 64
[25166] = CNOT 24 77
[25167] = Z 24
[25168] = CNOT 24 77
[25169] = CNOT 24 79
[25170] = Z 24
[25171] = CNOT 24 79
[25172] = CNOT 24 84
[25173] = Z 24
[25174] = CNOT 24 84
[25175] = CNOT 24 63
[25176] = CNOT 24 64
[25177] = CNOT 24 77
[25178] = Z 24
[25179] = CNOT 24 77
[25180] = CNOT 24 79
[25181] = Z 24
[25182] = CNOT 24 79
[25183] = CNOT 24 84
[25184] = Z 24
[25185] = CNOT 24 84
[25186] = CNOT 24 64
[25187] = CNOT 24 77
[25188] = CNOT 24 79
[25189] = Z 24
[25190] = CNOT 24 79
[25191] = CNOT 24 84
[25192] = Z 24
[25193] = CNOT 24 77
[25194] = CNOT 24 79
[25195] = Z 24
[25196] = CNOT 24 84
[25197] = CNOT 24 79
[25198] = CNOT 25 26
[25199] = CNOT 25 28
[25200] = Z 25
[25201] = CNOT 25 28
[25202] = CNOT 25 31
[25203] = Z 25
[25204] = CNOT 25 31
[25205] = CNOT 25 32
[25206] = Z 25
[25207] = CNOT 25 32
[25208] = CNOT 25 33
[25209] = Z 25
[25210] = CNOT 25 33
[25211] = CNOT 25 34
[25212] = Z 25
[25213] = CNOT 25 34
[25214] = CNOT 25 38
[25215] = S 25
[25216] = Z 25
[25217] = CNOT 25 38
[25218] = CNOT 25 39
[25219] = Z 25
[25220] = CNOT 25 39
[25221] = CNOT 25 40
[25222] = S 25
[25223] = CNOT 25 40
[25224] = CNOT 25 42
[25225] = S 25
[25226] = CNOT 25 42
[25227] = CNOT 25 43
[25228] = Z 25
[25229] = CNOT 25 43
[25230] = CNOT 25 44
[25231] = Z 25
[25232] = CNOT 25 44
[25233] = CNOT 25 46
[25234] = S 25
[25235] = Z 25
[25236] = CNOT 25 46
[25237] = CNOT 25 47
[25238] = S 25
[25239] = CNOT 25 47
[25240] = CNOT 25 49
[25241] = S 25
[25242] = CNOT 25 49
[25243] = CNOT 25 51
[25244] = S 25
[25245] = CNOT 25 51
[25246] = CNOT 25 53
[25247] = S 25
[25248] = CNOT 25 53
[25249] = CNOT 25 56
[25250] = S 25
[25251] = Z 25
[25252] = CNOT 25 56
[25253] = CNOT 25 57
[25254] = S 25
[25255] = CNOT 25 57
[25256] = CNOT 25 58
[25257] = S 25
[25258] = CNOT 25 58
[25259] = CNOT 25 59
[25260] = Z 25
[25261] = CNOT 25 59
[25262] = CNOT 25 60
[25263] = Z 25
[25264] = CNOT 25 60
[25265] = CNOT 25 61
[25266] = S 25
[25267] = Z 25
[25268] = CNOT 25 61
[25269] = CNOT 25 63
[25270] = S 25
[25271] = CNOT 25 63
[25272] = CNOT 25 64
[25273] = S 25
[25274] = CNOT 25 64
[25275] = CNOT 25 66
[25276] = Z 25
[25277] = CNOT 25 66
[25278] = CNOT 25 67
[25279] = Z 25
[25280] = CNOT 25 67
[25281] = CNOT 25 68
[25282] = Z 25
[25283] = CNOT 25 68
[25284] = CNOT 25 71
[25285] = Z 25
[25286] = CNOT 25 71
[25287] = CNOT 25 72
[25288] = S 25
[25289] = Z 25
[25290] = CNOT 25 72
[25291] = CNOT 25 74
[25292] = S 25
[25293] = CNOT 25 74
[25294] = CNOT 25 75
[25295] = Z 25
[25296] = CNOT 25 75
[25297] = CNOT 25 76
[25298] = Z 25
[25299] = CNOT 25 76
[25300] = CNOT 25 78
[25301] = Z 25
[25302] = CNOT 25 78
[25303] = CNOT 25 79
[25304] = S 25
[25305] = Z 25
[25306] = CNOT 25 79
[25307] = CNOT 25 80
[25308] = Z 25
[25309] = CNOT 25 80
[25310] = CNOT 25 81
[25311] = Z 25
[25312] = CNOT 25 81
[25313] = CNOT 25 82
[25314] = Z 25
[25315] = CNOT 25 82
[25316] = CNOT 25 84
[25317] = S 25
[25318] = CNOT 25 84
[25319] = CNOT 25 26
[25320] = CNOT 25 27
[25321] = CNOT 25 29
[25322] = S 25
[25323] = Z 25
[25324] = CNOT 25 29
[25325] = CNOT 25 33
[25326] = Z 25
[25327] = CNOT 25 33
[25328] = CNOT 25 39
[25329] = Z 25
[25330] = CNOT 25 39
[25331] = CNOT 25 41
[25332] = S 25
[25333] = CNOT 25 41
[25334] = CNOT 25 62
[25335] = Z 25
[25336] = CNOT 25 62
[25337] = CNOT 25 66
[25338] = Z 25
[25339] = CNOT 25 66
[25340] = CNOT 25 71
[25341] = Z 25
[25342] = CNOT 25 71
[25343] = CNOT 25 27
[25344] = CNOT 25 28
[25345] = CNOT 25 46
[25346] = Z 25
[25347] = CNOT 25 46
[25348] = CNOT 25 51
[25349] = Z 25
[25350] = CNOT 25 51
[25351] = CNOT 25 61
[25352] = Z 25
[25353] = CNOT 25 61
[25354] = CNOT 25 63
[25355] = Z 25
[25356] = CNOT 25 63
[25357] = CNOT 25 64
[25358] = Z 25
[25359] = CNOT 25 64
[25360] = CNOT 25 77
[25361] = Z 25
[25362] = CNOT 25 77
[25363] = CNOT 25 79
[25364] = Z 25
[25365] = CNOT 25 79
[25366] = CNOT 25 84
[25367] = Z 25
[25368] = CNOT 25 84
[25369] = CNOT 25 28
[25370] = CNOT 25 29
[25371] = CNOT 25 30
[25372] = Z 25
[25373] = CNOT 25 30
[25374] = CNOT 25 34
[25375] = S 25
[25376] = Z 25
[25377] = CNOT 25 34
[25378] = CNOT 25 42
[25379] = S 25
[25380] = Z 25
[25381] = CNOT 25 42
[25382] = CNOT 25 43
[25383] = Z 25
[25384] = CNOT 25 43
[25385] = CNOT 25 52
[25386] = Z 25
[25387] = CNOT 25 52
[25388] = CNOT 25 56
[25389] = Z 25
[25390] = CNOT 25 56
[25391] = CNOT 25 61
[25392] = Z 25
[25393] = CNOT 25 61
[25394] = CNOT 25 29
[25395] = CNOT 25 30
[25396] = CNOT 25 34
[25397] = Z 25
[25398] = CNOT 25 34
[25399] = CNOT 25 30
[25400] = CNOT 25 31
[25401] = CNOT 25 40
[25402] = S 25
[25403] = Z 25
[25404] = CNOT 25 40
[25405] = CNOT 25 43
[25406] = Z 25
[25407] = CNOT 25 43
[25408] = CNOT 25 45
[25409] = S 25
[25410] = Z 25
[25411] = CNOT 25 45
[25412] = CNOT 25 46
[25413] = S 25
[25414] = Z 25
[25415] = CNOT 25 46
[25416] = CNOT 25 53
[25417] = Z 25
[25418] = CNOT 25 53
[25419] = CNOT 25 56
[25420] = Z 25
[25421] = CNOT 25 56
[25422] = CNOT 25 61
[25423] = Z 25
[25424] = CNOT 25 61
[25425] = CNOT 25 63
[25426] = Z 25
[25427] = CNOT 25 63
[25428] = CNOT 25 64
[25429] = Z 25
[25430] = CNOT 25 64
[25431] = CNOT 25 77
[25432] = Z 25
[25433] = CNOT 25 77
[25434] = CNOT 25 79
[25435] = Z 25
[25436] = CNOT 25 79
[25437] = CNOT 25 84
[25438] = Z 25
[25439] = CNOT 25 84
[25440] = CNOT 25 31
[25441] = CNOT 25 32
[25442] = CNOT 25 46
[25443] = Z 25
[25444] = CNOT 25 46
[25445] = CNOT 25 51
[25446] = Z 25
[25447] = CNOT 25 51
[25448] = CNOT 25 54
[25449] = Z 25
[25450] = CNOT 25 54
[25451] = CNOT 25 61
[25452] = Z 25
[25453] = CNOT 25 61
[25454] = CNOT 25 63
[25455] = Z 25
[25456] = CNOT 25 63
[25457] = CNOT 25 64
[25458] = Z 25
[25459] = CNOT 25 64
[25460] = CNOT 25 77
[25461] = Z 25
[25462] = CNOT 25 77
[25463] = CNOT 25 79
[25464] = Z 25
[25465] = CNOT 25 79
[25466] = CNOT 25 84
[25467] = Z 25
[25468] = CNOT 25 84
[25469] = CNOT 25 32
[25470] = CNOT 25 33
[25471] = CNOT 25 38
[25472] = S 25
[25473] = Z 25
[25474] = CNOT 25 38
[25475] = CNOT 25 39
[25476] = S 25
[25477] = Z 25
[25478] = CNOT 25 39
[25479] = CNOT 25 41
[25480] = Z 25
[25481] = CNOT 25 41
[25482] = CNOT 25 46
[25483] = Z 25
[25484] = CNOT 25 46
[25485] = CNOT 25 62
[25486] = Z 25
[25487] = CNOT 25 62
[25488] = CNOT 25 63
[25489] = Z 25
[25490] = CNOT 25 63
[25491] = CNOT 25 64
[25492] = Z 25
[25493] = CNOT 25 64
[25494] = CNOT 25 77
[25495] = Z 25
[25496] = CNOT 25 77
[25497] = CNOT 25 79
[25498] = Z 25
[25499] = CNOT 25 79
[25500] = CNOT 25 84
[25501] = Z 25
[25502] = CNOT 25 84
[25503] = CNOT 25 33
[25504] = CNOT 25 34
[25505] = CNOT 25 43
[25506] = Z 25
[25507] = CNOT 25 43
[25508] = CNOT 25 46
[25509] = Z 25
[25510] = CNOT 25 46
[25511] = CNOT 25 52
[25512] = Z 25
[25513] = CNOT 25 52
[25514] = CNOT 25 56
[25515] = Z 25
[25516] = CNOT 25 56
[25517] = CNOT 25 61
[25518] = Z 25
[25519] = CNOT 25 61
[25520] = CNOT 25 63
[25521] = Z 25
[25522] = CNOT 25 63
[25523] = CNOT 25 64
[25524] = Z 25
[25525] = CNOT 25 64
[25526] = CNOT 25 77
[25527] = Z 25
[25528] = CNOT 25 77
[25529] = CNOT 25 79
[25530] = Z 25
[25531] = CNOT 25 79
[25532] = CNOT 25 84
[25533] = Z 25
[25534] = CNOT 25 84
[25535] = CNOT 25 34
[25536] = CNOT 25 36
[25537] = CNOT 25 43
[25538] = S 25
[25539] = Z 25
[25540] = CNOT 25 43
[25541] = CNOT 25 46
[25542] = S 25
[25543] = Z 25
[25544] = CNOT 25 46
[25545] = CNOT 25 53
[25546] = S 25
[25547] = Z 25
[25548] = CNOT 25 53
[25549] = CNOT 25 56
[25550] = S 25
[25551] = Z 25
[25552] = CNOT 25 56
[25553] = CNOT 25 61
[25554] = S 25
[25555] = Z 25
[25556] = CNOT 25 61
[25557] = CNOT 25 63
[25558] = S 25
[25559] = Z 25
[25560] = CNOT 25 63
[25561] = CNOT 25 64
[25562] = S 25
[25563] = Z 25
[25564] = CNOT 25 64
[25565] = CNOT 25 77
[25566] = S 25
[25567] = Z 25
[25568] = CNOT 25 77
[25569] = CNOT 25 79
[25570] = S 25
[25571] = Z 25
[25572] = CNOT 25 79
[25573] = CNOT 25 84
[25574] = S 25
[25575] = Z 25
[25576] = CNOT 25 84
[25577] = CNOT 25 36
[25578] = CNOT 25 38
[25579] = CNOT 25 39
[25580] = S 25
[25581] = Z 25
[25582] = CNOT 25 39
[25583] = CNOT 25 41
[25584] = Z 25
[25585] = CNOT 25 41
[25586] = CNOT 25 42
[25587] = S 25
[25588] = CNOT 25 42
[25589] = CNOT 25 43
[25590] = S 25
[25591] = Z 25
[25592] = CNOT 25 43
[25593] = CNOT 25 46
[25594] = S 25
[25595] = Z 25
[25596] = CNOT 25 46
[25597] = CNOT 25 47
[25598] = S 25
[25599] = Z 25
[25600] = CNOT 25 47
[25601] = CNOT 25 51
[25602] = S 25
[25603] = Z 25
[25604] = CNOT 25 51
[25605] = CNOT 25 57
[25606] = S 25
[25607] = Z 25
[25608] = CNOT 25 57
[25609] = CNOT 25 61
[25610] = Z 25
[25611] = CNOT 25 61
[25612] = CNOT 25 63
[25613] = S 25
[25614] = Z 25
[25615] = CNOT 25 63
[25616] = CNOT 25 64
[25617] = S 25
[25618] = Z 25
[25619] = CNOT 25 64
[25620] = CNOT 25 66
[25621] = S 25
[25622] = Z 25
[25623] = CNOT 25 66
[25624] = CNOT 25 71
[25625] = S 25
[25626] = Z 25
[25627] = CNOT 25 71
[25628] = CNOT 25 77
[25629] = S 25
[25630] = Z 25
[25631] = CNOT 25 77
[25632] = CNOT 25 80
[25633] = S 25
[25634] = Z 25
[25635] = CNOT 25 80
[25636] = CNOT 25 84
[25637] = S 25
[25638] = Z 25
[25639] = CNOT 25 84
[25640] = CNOT 25 38
[25641] = CNOT 25 39
[25642] = CNOT 25 41
[25643] = Z 25
[25644] = CNOT 25 41
[25645] = CNOT 25 46
[25646] = Z 25
[25647] = CNOT 25 46
[25648] = CNOT 25 62
[25649] = Z 25
[25650] = CNOT 25 62
[25651] = CNOT 25 63
[25652] = Z 25
[25653] = CNOT 25 63
[25654] = CNOT 25 64
[25655] = Z 25
[25656] = CNOT 25 64
[25657] = CNOT 25 77
[25658] = Z 25
[25659] = CNOT 25 77
[25660] = CNOT 25 79
[25661] = Z 25
[25662] = CNOT 25 79
[25663] = CNOT 25 84
[25664] = Z 25
[25665] = CNOT 25 84
[25666] = CNOT 25 39
[25667] = CNOT 25 40
[25668] = CNOT 25 43
[25669] = S 25
[25670] = CNOT 25 43
[25671] = CNOT 25 44
[25672] = S 25
[25673] = Z 25
[25674] = CNOT 25 44
[25675] = CNOT 25 45
[25676] = S 25
[25677] = CNOT 25 45
[25678] = CNOT 25 46
[25679] = S 25
[25680] = Z 25
[25681] = CNOT 25 46
[25682] = CNOT 25 49
[25683] = S 25
[25684] = Z 25
[25685] = CNOT 25 49
[25686] = CNOT 25 53
[25687] = S 25
[25688] = CNOT 25 53
[25689] = CNOT 25 54
[25690] = S 25
[25691] = Z 25
[25692] = CNOT 25 54
[25693] = CNOT 25 56
[25694] = S 25
[25695] = CNOT 25 56
[25696] = CNOT 25 60
[25697] = S 25
[25698] = Z 25
[25699] = CNOT 25 60
[25700] = CNOT 25 61
[25701] = S 25
[25702] = CNOT 25 61
[25703] = CNOT 25 63
[25704] = Z 25
[25705] = CNOT 25 63
[25706] = CNOT 25 64
[25707] = Z 25
[25708] = CNOT 25 64
[25709] = CNOT 25 77
[25710] = S 25
[25711] = CNOT 25 77
[25712] = CNOT 25 79
[25713] = S 25
[25714] = CNOT 25 79
[25715] = CNOT 25 83
[25716] = S 25
[25717] = Z 25
[25718] = CNOT 25 83
[25719] = CNOT 25 84
[25720] = S 25
[25721] = Z 25
[25722] = CNOT 25 84
[25723] = CNOT 25 40
[25724] = CNOT 25 42
[25725] = CNOT 25 46
[25726] = S 25
[25727] = CNOT 25 46
[25728] = CNOT 25 57
[25729] = Z 25
[25730] = CNOT 25 57
[25731] = CNOT 25 58
[25732] = S 25
[25733] = Z 25
[25734] = CNOT 25 58
[25735] = CNOT 25 63
[25736] = S 25
[25737] = CNOT 25 63
[25738] = CNOT 25 64
[25739] = S 25
[25740] = CNOT 25 64
[25741] = CNOT 25 66
[25742] = Z 25
[25743] = CNOT 25 66
[25744] = CNOT 25 71
[25745] = Z 25
[25746] = CNOT 25 71
[25747] = CNOT 25 77
[25748] = S 25
[25749] = CNOT 25 77
[25750] = CNOT 25 79
[25751] = S 25
[25752] = CNOT 25 79
[25753] = CNOT 25 84
[25754] = S 25
[25755] = CNOT 25 84
[25756] = CNOT 25 42
[25757] = CNOT 25 43
[25758] = CNOT 25 45
[25759] = S 25
[25760] = Z 25
[25761] = CNOT 25 45
[25762] = CNOT 25 46
[25763] = S 25
[25764] = CNOT 25 46
[25765] = CNOT 25 50
[25766] = Z 25
[25767] = CNOT 25 50
[25768] = CNOT 25 53
[25769] = Z 25
[25770] = CNOT 25 53
[25771] = CNOT 25 55
[25772] = Z 25
[25773] = CNOT 25 55
[25774] = CNOT 25 60
[25775] = S 25
[25776] = CNOT 25 60
[25777] = CNOT 25 61
[25778] = S 25
[25779] = Z 25
[25780] = CNOT 25 61
[25781] = CNOT 25 63
[25782] = S 25
[25783] = Z 25
[25784] = CNOT 25 63
[25785] = CNOT 25 64
[25786] = S 25
[25787] = Z 25
[25788] = CNOT 25 64
[25789] = CNOT 25 72
[25790] = S 25
[25791] = Z 25
[25792] = CNOT 25 72
[25793] = CNOT 25 77
[25794] = S 25
[25795] = CNOT 25 77
[25796] = CNOT 25 79
[25797] = S 25
[25798] = Z 25
[25799] = CNOT 25 79
[25800] = CNOT 25 81
[25801] = Z 25
[25802] = CNOT 25 81
[25803] = CNOT 25 82
[25804] = Z 25
[25805] = CNOT 25 82
[25806] = CNOT 25 84
[25807] = S 25
[25808] = Z 25
[25809] = CNOT 25 84
[25810] = CNOT 25 43
[25811] = CNOT 25 44
[25812] = CNOT 25 46
[25813] = Z 25
[25814] = CNOT 25 46
[25815] = CNOT 25 51
[25816] = Z 25
[25817] = CNOT 25 51
[25818] = CNOT 25 61
[25819] = Z 25
[25820] = CNOT 25 61
[25821] = CNOT 25 63
[25822] = Z 25
[25823] = CNOT 25 63
[25824] = CNOT 25 64
[25825] = Z 25
[25826] = CNOT 25 64
[25827] = CNOT 25 77
[25828] = Z 25
[25829] = CNOT 25 77
[25830] = CNOT 25 79
[25831] = Z 25
[25832] = CNOT 25 79
[25833] = CNOT 25 84
[25834] = Z 25
[25835] = CNOT 25 84
[25836] = CNOT 25 44
[25837] = CNOT 25 45
[25838] = CNOT 25 46
[25839] = S 25
[25840] = Z 25
[25841] = CNOT 25 46
[25842] = CNOT 25 50
[25843] = S 25
[25844] = Z 25
[25845] = CNOT 25 50
[25846] = CNOT 25 53
[25847] = S 25
[25848] = Z 25
[25849] = CNOT 25 53
[25850] = CNOT 25 56
[25851] = S 25
[25852] = Z 25
[25853] = CNOT 25 56
[25854] = CNOT 25 60
[25855] = Z 25
[25856] = CNOT 25 60
[25857] = CNOT 25 61
[25858] = S 25
[25859] = Z 25
[25860] = CNOT 25 61
[25861] = CNOT 25 63
[25862] = S 25
[25863] = Z 25
[25864] = CNOT 25 63
[25865] = CNOT 25 64
[25866] = S 25
[25867] = CNOT 25 64
[25868] = CNOT 25 77
[25869] = S 25
[25870] = Z 25
[25871] = CNOT 25 77
[25872] = CNOT 25 79
[25873] = S 25
[25874] = Z 25
[25875] = CNOT 25 79
[25876] = CNOT 25 84
[25877] = S 25
[25878] = Z 25
[25879] = CNOT 25 84
[25880] = CNOT 25 45
[25881] = CNOT 25 46
[25882] = CNOT 25 47
[25883] = S 25
[25884] = CNOT 25 47
[25885] = CNOT 25 49
[25886] = S 25
[25887] = CNOT 25 49
[25888] = CNOT 25 51
[25889] = S 25
[25890] = CNOT 25 51
[25891] = CNOT 25 56
[25892] = Z 25
[25893] = CNOT 25 56
[25894] = CNOT 25 57
[25895] = S 25
[25896] = CNOT 25 57
[25897] = CNOT 25 58
[25898] = S 25
[25899] = CNOT 25 58
[25900] = CNOT 25 59
[25901] = Z 25
[25902] = CNOT 25 59
[25903] = CNOT 25 61
[25904] = Z 25
[25905] = CNOT 25 61
[25906] = CNOT 25 64
[25907] = Z 25
[25908] = CNOT 25 64
[25909] = CNOT 25 66
[25910] = Z 25
[25911] = CNOT 25 66
[25912] = CNOT 25 67
[25913] = Z 25
[25914] = CNOT 25 67
[25915] = CNOT 25 68
[25916] = Z 25
[25917] = CNOT 25 68
[25918] = CNOT 25 71
[25919] = Z 25
[25920] = CNOT 25 71
[25921] = CNOT 25 74
[25922] = S 25
[25923] = CNOT 25 74
[25924] = CNOT 25 75
[25925] = Z 25
[25926] = CNOT 25 75
[25927] = CNOT 25 76
[25928] = Z 25
[25929] = CNOT 25 76
[25930] = CNOT 25 77
[25931] = Z 25
[25932] = CNOT 25 77
[25933] = CNOT 25 78
[25934] = Z 25
[25935] = CNOT 25 78
[25936] = CNOT 25 79
[25937] = Z 25
[25938] = CNOT 25 79
[25939] = CNOT 25 80
[25940] = Z 25
[25941] = CNOT 25 80
[25942] = CNOT 25 81
[25943] = Z 25
[25944] = CNOT 25 81
[25945] = CNOT 25 82
[25946] = Z 25
[25947] = CNOT 25 82
[25948] = CNOT 25 46
[25949] = CNOT 25 47
[25950] = CNOT 25 51
[25951] = Z 25
[25952] = CNOT 25 51
[25953] = CNOT 25 63
[25954] = S 25
[25955] = CNOT 25 63
[25956] = CNOT 25 64
[25957] = S 25
[25958] = CNOT 25 64
[25959] = CNOT 25 67
[25960] = S 25
[25961] = Z 25
[25962] = CNOT 25 67
[25963] = CNOT 25 76
[25964] = S 25
[25965] = Z 25
[25966] = CNOT 25 76
[25967] = CNOT 25 77
[25968] = S 25
[25969] = CNOT 25 77
[25970] = CNOT 25 79
[25971] = S 25
[25972] = Z 25
[25973] = CNOT 25 79
[25974] = CNOT 25 84
[25975] = S 25
[25976] = CNOT 25 84
[25977] = CNOT 25 47
[25978] = CNOT 25 48
[25979] = CNOT 25 52
[25980] = S 25
[25981] = Z 25
[25982] = CNOT 25 52
[25983] = CNOT 25 53
[25984] = S 25
[25985] = Z 25
[25986] = CNOT 25 53
[25987] = CNOT 25 55
[25988] = S 25
[25989] = Z 25
[25990] = CNOT 25 55
[25991] = CNOT 25 56
[25992] = Z 25
[25993] = CNOT 25 56
[25994] = CNOT 25 81
[25995] = S 25
[25996] = Z 25
[25997] = CNOT 25 81
[25998] = CNOT 25 82
[25999] = S 25
[26000] = Z 25
[26001] = CNOT 25 82
[26002] = CNOT 25 48
[26003] = CNOT 25 49
[26004] = CNOT 25 51
[26005] = S 25
[26006] = CNOT 25 51
[26007] = CNOT 25 54
[26008] = Z 25
[26009] = CNOT 25 54
[26010] = CNOT 25 61
[26011] = S 25
[26012] = CNOT 25 61
[26013] = CNOT 25 63
[26014] = S 25
[26015] = CNOT 25 63
[26016] = CNOT 25 64
[26017] = S 25
[26018] = CNOT 25 64
[26019] = CNOT 25 68
[26020] = S 25
[26021] = Z 25
[26022] = CNOT 25 68
[26023] = CNOT 25 77
[26024] = S 25
[26025] = CNOT 25 77
[26026] = CNOT 25 78
[26027] = S 25
[26028] = Z 25
[26029] = CNOT 25 78
[26030] = CNOT 25 79
[26031] = S 25
[26032] = CNOT 25 79
[26033] = CNOT 25 83
[26034] = Z 25
[26035] = CNOT 25 83
[26036] = CNOT 25 49
[26037] = CNOT 25 50
[26038] = CNOT 25 53
[26039] = Z 25
[26040] = CNOT 25 53
[26041] = CNOT 25 56
[26042] = Z 25
[26043] = CNOT 25 56
[26044] = CNOT 25 60
[26045] = S 25
[26046] = Z 25
[26047] = CNOT 25 60
[26048] = CNOT 25 61
[26049] = Z 25
[26050] = CNOT 25 61
[26051] = CNOT 25 63
[26052] = Z 25
[26053] = CNOT 25 63
[26054] = CNOT 25 72
[26055] = S 25
[26056] = Z 25
[26057] = CNOT 25 72
[26058] = CNOT 25 77
[26059] = S 25
[26060] = Z 25
[26061] = CNOT 25 77
[26062] = CNOT 25 79
[26063] = Z 25
[26064] = CNOT 25 79
[26065] = CNOT 25 84
[26066] = Z 25
[26067] = CNOT 25 84
[26068] = CNOT 25 50
[26069] = CNOT 25 51
[26070] = CNOT 25 61
[26071] = S 25
[26072] = CNOT 25 61
[26073] = CNOT 25 63
[26074] = S 25
[26075] = Z 25
[26076] = CNOT 25 63
[26077] = CNOT 25 64
[26078] = S 25
[26079] = CNOT 25 64
[26080] = CNOT 25 67
[26081] = Z 25
[26082] = CNOT 25 67
[26083] = CNOT 25 68
[26084] = Z 25
[26085] = CNOT 25 68
[26086] = CNOT 25 76
[26087] = Z 25
[26088] = CNOT 25 76
[26089] = CNOT 25 77
[26090] = S 25
[26091] = CNOT 25 77
[26092] = CNOT 25 78
[26093] = Z 25
[26094] = CNOT 25 78
[26095] = CNOT 25 79
[26096] = S 25
[26097] = CNOT 25 79
[26098] = CNOT 25 84
[26099] = S 25
[26100] = Z 25
[26101] = CNOT 25 84
[26102] = CNOT 25 51
[26103] = CNOT 25 52
[26104] = CNOT 25 55
[26105] = S 25
[26106] = Z 25
[26107] = CNOT 25 55
[26108] = CNOT 25 56
[26109] = Z 25
[26110] = CNOT 25 56
[26111] = CNOT 25 81
[26112] = Z 25
[26113] = CNOT 25 81
[26114] = CNOT 25 52
[26115] = CNOT 25 53
[26116] = CNOT 25 56
[26117] = Z 25
[26118] = CNOT 25 56
[26119] = CNOT 25 60
[26120] = S 25
[26121] = CNOT 25 60
[26122] = CNOT 25 61
[26123] = Z 25
[26124] = CNOT 25 61
[26125] = CNOT 25 63
[26126] = Z 25
[26127] = CNOT 25 63
[26128] = CNOT 25 64
[26129] = Z 25
[26130] = CNOT 25 64
[26131] = CNOT 25 72
[26132] = S 25
[26133] = Z 25
[26134] = CNOT 25 72
[26135] = CNOT 25 79
[26136] = Z 25
[26137] = CNOT 25 79
[26138] = CNOT 25 84
[26139] = Z 25
[26140] = CNOT 25 84
[26141] = CNOT 25 53
[26142] = CNOT 25 54
[26143] = CNOT 25 68
[26144] = Z 25
[26145] = CNOT 25 68
[26146] = CNOT 25 78
[26147] = Z 25
[26148] = CNOT 25 78
[26149] = CNOT 25 54
[26150] = CNOT 25 55
[26151] = CNOT 25 59
[26152] = S 25
[26153] = Z 25
[26154] = CNOT 25 59
[26155] = CNOT 25 61
[26156] = Z 25
[26157] = CNOT 25 61
[26158] = CNOT 25 65
[26159] = Z 25
[26160] = CNOT 25 65
[26161] = CNOT 25 74
[26162] = S 25
[26163] = Z 25
[26164] = CNOT 25 74
[26165] = CNOT 25 75
[26166] = Z 25
[26167] = CNOT 25 75
[26168] = CNOT 25 81
[26169] = S 25
[26170] = Z 25
[26171] = CNOT 25 81
[26172] = CNOT 25 55
[26173] = CNOT 25 56
[26174] = CNOT 25 60
[26175] = S 25
[26176] = CNOT 25 60
[26177] = CNOT 25 72
[26178] = S 25
[26179] = Z 25
[26180] = CNOT 25 72
[26181] = CNOT 25 77
[26182] = Z 25
[26183] = CNOT 25 77
[26184] = CNOT 25 82
[26185] = Z 25
[26186] = CNOT 25 82
[26187] = CNOT 25 56
[26188] = CNOT 25 57
[26189] = CNOT 25 58
[26190] = S 25
[26191] = Z 25
[26192] = CNOT 25 58
[26193] = CNOT 25 62
[26194] = S 25
[26195] = Z 25
[26196] = CNOT 25 62
[26197] = CNOT 25 63
[26198] = S 25
[26199] = CNOT 25 63
[26200] = CNOT 25 64
[26201] = S 25
[26202] = CNOT 25 64
[26203] = CNOT 25 75
[26204] = S 25
[26205] = Z 25
[26206] = CNOT 25 75
[26207] = CNOT 25 77
[26208] = S 25
[26209] = CNOT 25 77
[26210] = CNOT 25 79
[26211] = S 25
[26212] = CNOT 25 79
[26213] = CNOT 25 84
[26214] = S 25
[26215] = CNOT 25 84
[26216] = CNOT 25 57
[26217] = CNOT 25 58
[26218] = CNOT 25 63
[26219] = S 25
[26220] = CNOT 25 63
[26221] = CNOT 25 64
[26222] = S 25
[26223] = CNOT 25 64
[26224] = CNOT 25 65
[26225] = S 25
[26226] = Z 25
[26227] = CNOT 25 65
[26228] = CNOT 25 74
[26229] = S 25
[26230] = Z 25
[26231] = CNOT 25 74
[26232] = CNOT 25 75
[26233] = Z 25
[26234] = CNOT 25 75
[26235] = CNOT 25 77
[26236] = S 25
[26237] = CNOT 25 77
[26238] = CNOT 25 79
[26239] = S 25
[26240] = CNOT 25 79
[26241] = CNOT 25 84
[26242] = S 25
[26243] = CNOT 25 84
[26244] = CNOT 25 58
[26245] = CNOT 25 59
[26246] = CNOT 25 63
[26247] = Z 25
[26248] = CNOT 25 63
[26249] = CNOT 25 64
[26250] = Z 25
[26251] = CNOT 25 64
[26252] = CNOT 25 65
[26253] = Z 25
[26254] = CNOT 25 65
[26255] = CNOT 25 74
[26256] = S 25
[26257] = Z 25
[26258] = CNOT 25 74
[26259] = CNOT 25 75
[26260] = Z 25
[26261] = CNOT 25 75
[26262] = CNOT 25 77
[26263] = Z 25
[26264] = CNOT 25 77
[26265] = CNOT 25 79
[26266] = Z 25
[26267] = CNOT 25 79
[26268] = CNOT 25 84
[26269] = Z 25
[26270] = CNOT 25 84
[26271] = CNOT 25 59
[26272] = CNOT 25 60
[26273] = CNOT 25 61
[26274] = S 25
[26275] = CNOT 25 61
[26276] = CNOT 25 63
[26277] = S 25
[26278] = CNOT 25 63
[26279] = CNOT 25 64
[26280] = S 25
[26281] = Z 25
[26282] = CNOT 25 64
[26283] = CNOT 25 77
[26284] = Z 25
[26285] = CNOT 25 77
[26286] = CNOT 25 79
[26287] = S 25
[26288] = CNOT 25 79
[26289] = CNOT 25 84
[26290] = S 25
[26291] = CNOT 25 84
[26292] = CNOT 25 60
[26293] = CNOT 25 61
[26294] = CNOT 25 63
[26295] = Z 25
[26296] = CNOT 25 63
[26297] = CNOT 25 68
[26298] = Z 25
[26299] = CNOT 25 68
[26300] = CNOT 25 72
[26301] = S 25
[26302] = Z 25
[26303] = CNOT 25 72
[26304] = CNOT 25 77
[26305] = Z 25
[26306] = CNOT 25 77
[26307] = CNOT 25 78
[26308] = Z 25
[26309] = CNOT 25 78
[26310] = CNOT 25 80
[26311] = Z 25
[26312] = CNOT 25 80
[26313] = CNOT 25 81
[26314] = Z 25
[26315] = CNOT 25 81
[26316] = CNOT 25 82
[26317] = Z 25
[26318] = CNOT 25 82
[26319] = CNOT 25 84
[26320] = Z 25
[26321] = CNOT 25 84
[26322] = CNOT 25 61
[26323] = CNOT 25 62
[26324] = CNOT 25 66
[26325] = Z 25
[26326] = CNOT 25 66
[26327] = CNOT 25 71
[26328] = Z 25
[26329] = CNOT 25 71
[26330] = CNOT 25 62
[26331] = CNOT 25 63
[26332] = CNOT 25 64
[26333] = Z 25
[26334] = CNOT 25 64
[26335] = CNOT 25 66
[26336] = Z 25
[26337] = CNOT 25 66
[26338] = CNOT 25 67
[26339] = Z 25
[26340] = CNOT 25 67
[26341] = CNOT 25 68
[26342] = Z 25
[26343] = CNOT 25 68
[26344] = CNOT 25 71
[26345] = Z 25
[26346] = CNOT 25 71
[26347] = CNOT 25 72
[26348] = S 25
[26349] = Z 25
[26350] = CNOT 25 72
[26351] = CNOT 25 74
[26352] = S 25
[26353] = CNOT 25 74
[26354] = CNOT 25 75
[26355] = Z 25
[26356] = CNOT 25 75
[26357] = CNOT 25 76
[26358] = Z 25
[26359] = CNOT 25 76
[26360] = CNOT 25 78
[26361] = Z 25
[26362] = CNOT 25 78
[26363] = CNOT 25 79
[26364] = Z 25
[26365] = CNOT 25 79
[26366] = CNOT 25 80
[26367] = Z 25
[26368] = CNOT 25 80
[26369] = CNOT 25 81
[26370] = Z 25
[26371] = CNOT 25 81
[26372] = CNOT 25 82
[26373] = Z 25
[26374] = CNOT 25 82
[26375] = CNOT 25 63
[26376] = CNOT 25 64
[26377] = CNOT 25 66
[26378] = Z 25
[26379] = CNOT 25 66
[26380] = CNOT 25 67
[26381] = Z 25
[26382] = CNOT 25 67
[26383] = CNOT 25 68
[26384] = Z 25
[26385] = CNOT 25 68
[26386] = CNOT 25 71
[26387] = Z 25
[26388] = CNOT 25 71
[26389] = CNOT 25 74
[26390] = S 25
[26391] = CNOT 25 74
[26392] = CNOT 25 75
[26393] = Z 25
[26394] = CNOT 25 75
[26395] = CNOT 25 76
[26396] = Z 25
[26397] = CNOT 25 76
[26398] = CNOT 25 78
[26399] = Z 25
[26400] = CNOT 25 78
[26401] = CNOT 25 80
[26402] = Z 25
[26403] = CNOT 25 80
[26404] = CNOT 25 81
[26405] = Z 25
[26406] = CNOT 25 81
[26407] = CNOT 25 82
[26408] = Z 25
[26409] = CNOT 25 82
[26410] = CNOT 25 84
[26411] = Z 25
[26412] = CNOT 25 84
[26413] = CNOT 25 64
[26414] = CNOT 25 65
[26415] = CNOT 25 74
[26416] = Z 25
[26417] = CNOT 25 74
[26418] = CNOT 25 65
[26419] = CNOT 25 66
[26420] = CNOT 25 71
[26421] = S 25
[26422] = Z 25
[26423] = CNOT 25 71
[26424] = CNOT 25 77
[26425] = Z 25
[26426] = CNOT 25 77
[26427] = CNOT 25 79
[26428] = Z 25
[26429] = CNOT 25 79
[26430] = CNOT 25 84
[26431] = Z 25
[26432] = CNOT 25 84
[26433] = CNOT 25 66
[26434] = CNOT 25 67
[26435] = CNOT 25 76
[26436] = S 25
[26437] = Z 25
[26438] = CNOT 25 76
[26439] = CNOT 25 77
[26440] = Z 25
[26441] = CNOT 25 77
[26442] = CNOT 25 84
[26443] = Z 25
[26444] = CNOT 25 84
[26445] = CNOT 25 67
[26446] = CNOT 25 68
[26447] = CNOT 25 77
[26448] = Z 25
[26449] = CNOT 25 77
[26450] = CNOT 25 78
[26451] = S 25
[26452] = Z 25
[26453] = CNOT 25 78
[26454] = CNOT 25 79
[26455] = Z 25
[26456] = CNOT 25 79
[26457] = CNOT 25 83
[26458] = Z 25
[26459] = CNOT 25 83
[26460] = CNOT 25 68
[26461] = CNOT 25 71
[26462] = CNOT 25 77
[26463] = Z 25
[26464] = CNOT 25 77
[26465] = CNOT 25 79
[26466] = Z 25
[26467] = CNOT 25 79
[26468] = CNOT 25 84
[26469] = Z 25
[26470] = CNOT 25 84
[26471] = CNOT 25 71
[26472] = CNOT 25 72
[26473] = CNOT 25 79
[26474] = S 25
[26475] = Z 25
[26476] = CNOT 25 79
[26477] = CNOT 25 84
[26478] = S 25
[26479] = Z 25
[26480] = CNOT 25 84
[26481] = CNOT 25 72
[26482] = CNOT 25 74
[26483] = CNOT 25 75
[26484] = S 25
[26485] = CNOT 25 75
[26486] = CNOT 25 77
[26487] = S 25
[26488] = CNOT 25 77
[26489] = CNOT 25 79
[26490] = S 25
[26491] = CNOT 25 79
[26492] = CNOT 25 84
[26493] = S 25
[26494] = CNOT 25 84
[26495] = CNOT 25 74
[26496] = CNOT 25 75
[26497] = CNOT 25 77
[26498] = Z 25
[26499] = CNOT 25 77
[26500] = CNOT 25 79
[26501] = Z 25
[26502] = CNOT 25 79
[26503] = CNOT 25 84
[26504] = Z 25
[26505] = CNOT 25 84
[26506] = CNOT 25 75
[26507] = CNOT 25 76
[26508] = CNOT 25 77
[26509] = Z 25
[26510] = CNOT 25 77
[26511] = CNOT 25 84
[26512] = Z 25
[26513] = CNOT 25 84
[26514] = CNOT 25 76
[26515] = CNOT 25 77
[26516] = CNOT 25 78
[26517] = Z 25
[26518] = CNOT 25 78
[26519] = CNOT 25 79
[26520] = Z 25
[26521] = CNOT 25 79
[26522] = CNOT 25 80
[26523] = Z 25
[26524] = CNOT 25 80
[26525] = CNOT 25 81
[26526] = Z 25
[26527] = CNOT 25 81
[26528] = CNOT 25 82
[26529] = Z 25
[26530] = CNOT 25 82
[26531] = CNOT 25 77
[26532] = CNOT 25 78
[26533] = CNOT 25 79
[26534] = Z 25
[26535] = CNOT 25 79
[26536] = CNOT 25 83
[26537] = Z 25
[26538] = CNOT 25 83
[26539] = CNOT 25 78
[26540] = CNOT 25 79
[26541] = CNOT 25 80
[26542] = Z 25
[26543] = CNOT 25 80
[26544] = CNOT 25 81
[26545] = Z 25
[26546] = CNOT 25 81
[26547] = CNOT 25 82
[26548] = Z 25
[26549] = CNOT 25 82
[26550] = CNOT 25 84
[26551] = Z 25
[26552] = CNOT 25 79
[26553] = CNOT 25 80
[26554] = Z 25
[26555] = CNOT 25 80
[26556] = CNOT 25 81
[26557] = Z 25
[26558] = CNOT 25 81
[26559] = CNOT 25 82
[26560] = Z 25
[26561] = CNOT 25 84
[26562] = CNOT 25 82
[26563] = CNOT 26 27
[26564] = CNOT 26 29
[26565] = S 26
[26566] = Z 26
[26567] = CNOT 26 29
[26568] = CNOT 26 33
[26569] = Z 26
[26570] = CNOT 26 33
[26571] = CNOT 26 39
[26572] = Z 26
[26573] = CNOT 26 39
[26574] = CNOT 26 41
[26575] = S 26
[26576] = CNOT 26 41
[26577] = CNOT 26 62
[26578] = Z 26
[26579] = CNOT 26 62
[26580] = CNOT 26 66
[26581] = Z 26
[26582] = CNOT 26 66
[26583] = CNOT 26 71
[26584] = Z 26
[26585] = CNOT 26 71
[26586] = CNOT 26 27
[26587] = CNOT 26 28
[26588] = CNOT 26 46
[26589] = Z 26
[26590] = CNOT 26 46
[26591] = CNOT 26 51
[26592] = Z 26
[26593] = CNOT 26 51
[26594] = CNOT 26 61
[26595] = Z 26
[26596] = CNOT 26 61
[26597] = CNOT 26 63
[26598] = Z 26
[26599] = CNOT 26 63
[26600] = CNOT 26 64
[26601] = Z 26
[26602] = CNOT 26 64
[26603] = CNOT 26 77
[26604] = Z 26
[26605] = CNOT 26 77
[26606] = CNOT 26 79
[26607] = Z 26
[26608] = CNOT 26 79
[26609] = CNOT 26 84
[26610] = Z 26
[26611] = CNOT 26 84
[26612] = CNOT 26 28
[26613] = CNOT 26 29
[26614] = CNOT 26 30
[26615] = Z 26
[26616] = CNOT 26 30
[26617] = CNOT 26 34
[26618] = S 26
[26619] = Z 26
[26620] = CNOT 26 34
[26621] = CNOT 26 42
[26622] = S 26
[26623] = Z 26
[26624] = CNOT 26 42
[26625] = CNOT 26 43
[26626] = Z 26
[26627] = CNOT 26 43
[26628] = CNOT 26 52
[26629] = Z 26
[26630] = CNOT 26 52
[26631] = CNOT 26 56
[26632] = Z 26
[26633] = CNOT 26 56
[26634] = CNOT 26 61
[26635] = Z 26
[26636] = CNOT 26 61
[26637] = CNOT 26 29
[26638] = CNOT 26 30
[26639] = CNOT 26 34
[26640] = Z 26
[26641] = CNOT 26 34
[26642] = CNOT 26 30
[26643] = CNOT 26 31
[26644] = CNOT 26 40
[26645] = S 26
[26646] = Z 26
[26647] = CNOT 26 40
[26648] = CNOT 26 43
[26649] = Z 26
[26650] = CNOT 26 43
[26651] = CNOT 26 45
[26652] = S 26
[26653] = Z 26
[26654] = CNOT 26 45
[26655] = CNOT 26 46
[26656] = S 26
[26657] = Z 26
[26658] = CNOT 26 46
[26659] = CNOT 26 53
[26660] = Z 26
[26661] = CNOT 26 53
[26662] = CNOT 26 56
[26663] = Z 26
[26664] = CNOT 26 56
[26665] = CNOT 26 61
[26666] = Z 26
[26667] = CNOT 26 61
[26668] = CNOT 26 63
[26669] = Z 26
[26670] = CNOT 26 63
[26671] = CNOT 26 64
[26672] = Z 26
[26673] = CNOT 26 64
[26674] = CNOT 26 77
[26675] = Z 26
[26676] = CNOT 26 77
[26677] = CNOT 26 79
[26678] = Z 26
[26679] = CNOT 26 79
[26680] = CNOT 26 84
[26681] = Z 26
[26682] = CNOT 26 84
[26683] = CNOT 26 31
[26684] = CNOT 26 32
[26685] = CNOT 26 46
[26686] = Z 26
[26687] = CNOT 26 46
[26688] = CNOT 26 51
[26689] = Z 26
[26690] = CNOT 26 51
[26691] = CNOT 26 54
[26692] = Z 26
[26693] = CNOT 26 54
[26694] = CNOT 26 61
[26695] = Z 26
[26696] = CNOT 26 61
[26697] = CNOT 26 63
[26698] = Z 26
[26699] = CNOT 26 63
[26700] = CNOT 26 64
[26701] = Z 26
[26702] = CNOT 26 64
[26703] = CNOT 26 77
[26704] = Z 26
[26705] = CNOT 26 77
[26706] = CNOT 26 79
[26707] = Z 26
[26708] = CNOT 26 79
[26709] = CNOT 26 84
[26710] = Z 26
[26711] = CNOT 26 84
[26712] = CNOT 26 32
[26713] = CNOT 26 33
[26714] = CNOT 26 35
[26715] = S 26
[26716] = Z 26
[26717] = CNOT 26 35
[26718] = CNOT 26 36
[26719] = Z 26
[26720] = CNOT 26 36
[26721] = CNOT 26 37
[26722] = Z 26
[26723] = CNOT 26 37
[26724] = CNOT 26 38
[26725] = S 26
[26726] = Z 26
[26727] = CNOT 26 38
[26728] = CNOT 26 39
[26729] = S 26
[26730] = Z 26
[26731] = CNOT 26 39
[26732] = CNOT 26 41
[26733] = Z 26
[26734] = CNOT 26 41
[26735] = CNOT 26 43
[26736] = Z 26
[26737] = CNOT 26 43
[26738] = CNOT 26 53
[26739] = Z 26
[26740] = CNOT 26 53
[26741] = CNOT 26 56
[26742] = Z 26
[26743] = CNOT 26 56
[26744] = CNOT 26 61
[26745] = Z 26
[26746] = CNOT 26 61
[26747] = CNOT 26 62
[26748] = Z 26
[26749] = CNOT 26 62
[26750] = CNOT 26 33
[26751] = CNOT 26 34
[26752] = CNOT 26 43
[26753] = Z 26
[26754] = CNOT 26 43
[26755] = CNOT 26 46
[26756] = Z 26
[26757] = CNOT 26 46
[26758] = CNOT 26 52
[26759] = Z 26
[26760] = CNOT 26 52
[26761] = CNOT 26 56
[26762] = Z 26
[26763] = CNOT 26 56
[26764] = CNOT 26 61
[26765] = Z 26
[26766] = CNOT 26 61
[26767] = CNOT 26 63
[26768] = Z 26
[26769] = CNOT 26 63
[26770] = CNOT 26 64
[26771] = Z 26
[26772] = CNOT 26 64
[26773] = CNOT 26 77
[26774] = Z 26
[26775] = CNOT 26 77
[26776] = CNOT 26 79
[26777] = Z 26
[26778] = CNOT 26 79
[26779] = CNOT 26 84
[26780] = Z 26
[26781] = CNOT 26 84
[26782] = CNOT 26 34
[26783] = CNOT 26 35
[26784] = CNOT 26 36
[26785] = Z 26
[26786] = CNOT 26 36
[26787] = CNOT 26 37
[26788] = S 26
[26789] = Z 26
[26790] = CNOT 26 37
[26791] = CNOT 26 43
[26792] = Z 26
[26793] = CNOT 26 43
[26794] = CNOT 26 46
[26795] = Z 26
[26796] = CNOT 26 46
[26797] = CNOT 26 53
[26798] = Z 26
[26799] = CNOT 26 53
[26800] = CNOT 26 56
[26801] = Z 26
[26802] = CNOT 26 56
[26803] = CNOT 26 61
[26804] = Z 26
[26805] = CNOT 26 61
[26806] = CNOT 26 63
[26807] = Z 26
[26808] = CNOT 26 63
[26809] = CNOT 26 64
[26810] = Z 26
[26811] = CNOT 26 64
[26812] = CNOT 26 77
[26813] = Z 26
[26814] = CNOT 26 77
[26815] = CNOT 26 79
[26816] = Z 26
[26817] = CNOT 26 79
[26818] = CNOT 26 84
[26819] = Z 26
[26820] = CNOT 26 84
[26821] = CNOT 26 35
[26822] = CNOT 26 36
[26823] = CNOT 26 37
[26824] = Z 26
[26825] = CNOT 26 37
[26826] = CNOT 26 43
[26827] = S 26
[26828] = CNOT 26 43
[26829] = CNOT 26 46
[26830] = S 26
[26831] = CNOT 26 46
[26832] = CNOT 26 53
[26833] = S 26
[26834] = CNOT 26 53
[26835] = CNOT 26 56
[26836] = S 26
[26837] = CNOT 26 56
[26838] = CNOT 26 61
[26839] = S 26
[26840] = CNOT 26 61
[26841] = CNOT 26 63
[26842] = S 26
[26843] = CNOT 26 63
[26844] = CNOT 26 64
[26845] = S 26
[26846] = CNOT 26 64
[26847] = CNOT 26 77
[26848] = S 26
[26849] = CNOT 26 77
[26850] = CNOT 26 79
[26851] = S 26
[26852] = CNOT 26 79
[26853] = CNOT 26 84
[26854] = S 26
[26855] = CNOT 26 84
[26856] = CNOT 26 36
[26857] = CNOT 26 37
[26858] = CNOT 26 43
[26859] = Z 26
[26860] = CNOT 26 43
[26861] = CNOT 26 46
[26862] = Z 26
[26863] = CNOT 26 46
[26864] = CNOT 26 53
[26865] = Z 26
[26866] = CNOT 26 53
[26867] = CNOT 26 56
[26868] = Z 26
[26869] = CNOT 26 56
[26870] = CNOT 26 61
[26871] = Z 26
[26872] = CNOT 26 61
[26873] = CNOT 26 63
[26874] = Z 26
[26875] = CNOT 26 63
[26876] = CNOT 26 64
[26877] = Z 26
[26878] = CNOT 26 64
[26879] = CNOT 26 77
[26880] = Z 26
[26881] = CNOT 26 77
[26882] = CNOT 26 79
[26883] = Z 26
[26884] = CNOT 26 79
[26885] = CNOT 26 84
[26886] = Z 26
[26887] = CNOT 26 84
[26888] = CNOT 26 37
[26889] = CNOT 26 38
[26890] = CNOT 26 39
[26891] = S 26
[26892] = Z 26
[26893] = CNOT 26 39
[26894] = CNOT 26 41
[26895] = Z 26
[26896] = CNOT 26 41
[26897] = CNOT 26 42
[26898] = S 26
[26899] = CNOT 26 42
[26900] = CNOT 26 43
[26901] = S 26
[26902] = Z 26
[26903] = CNOT 26 43
[26904] = CNOT 26 46
[26905] = S 26
[26906] = Z 26
[26907] = CNOT 26 46
[26908] = CNOT 26 47
[26909] = S 26
[26910] = Z 26
[26911] = CNOT 26 47
[26912] = CNOT 26 51
[26913] = S 26
[26914] = Z 26
[26915] = CNOT 26 51
[26916] = CNOT 26 57
[26917] = S 26
[26918] = Z 26
[26919] = CNOT 26 57
[26920] = CNOT 26 61
[26921] = Z 26
[26922] = CNOT 26 61
[26923] = CNOT 26 63
[26924] = S 26
[26925] = Z 26
[26926] = CNOT 26 63
[26927] = CNOT 26 64
[26928] = S 26
[26929] = Z 26
[26930] = CNOT 26 64
[26931] = CNOT 26 66
[26932] = S 26
[26933] = Z 26
[26934] = CNOT 26 66
[26935] = CNOT 26 71
[26936] = S 26
[26937] = Z 26
[26938] = CNOT 26 71
[26939] = CNOT 26 77
[26940] = S 26
[26941] = Z 26
[26942] = CNOT 26 77
[26943] = CNOT 26 80
[26944] = S 26
[26945] = Z 26
[26946] = CNOT 26 80
[26947] = CNOT 26 84
[26948] = S 26
[26949] = Z 26
[26950] = CNOT 26 84
[26951] = CNOT 26 38
[26952] = CNOT 26 39
[26953] = CNOT 26 41
[26954] = Z 26
[26955] = CNOT 26 41
[26956] = CNOT 26 46
[26957] = Z 26
[26958] = CNOT 26 46
[26959] = CNOT 26 62
[26960] = Z 26
[26961] = CNOT 26 62
[26962] = CNOT 26 63
[26963] = Z 26
[26964] = CNOT 26 63
[26965] = CNOT 26 64
[26966] = Z 26
[26967] = CNOT 26 64
[26968] = CNOT 26 77
[26969] = Z 26
[26970] = CNOT 26 77
[26971] = CNOT 26 79
[26972] = Z 26
[26973] = CNOT 26 79
[26974] = CNOT 26 84
[26975] = Z 26
[26976] = CNOT 26 84
[26977] = CNOT 26 39
[26978] = CNOT 26 40
[26979] = CNOT 26 43
[26980] = S 26
[26981] = CNOT 26 43
[26982] = CNOT 26 44
[26983] = S 26
[26984] = Z 26
[26985] = CNOT 26 44
[26986] = CNOT 26 45
[26987] = S 26
[26988] = CNOT 26 45
[26989] = CNOT 26 46
[26990] = S 26
[26991] = Z 26
[26992] = CNOT 26 46
[26993] = CNOT 26 49
[26994] = S 26
[26995] = Z 26
[26996] = CNOT 26 49
[26997] = CNOT 26 53
[26998] = S 26
[26999] = CNOT 26 53
[27000] = CNOT 26 54
[27001] = S 26
[27002] = Z 26
[27003] = CNOT 26 54
[27004] = CNOT 26 56
[27005] = S 26
[27006] = CNOT 26 56
[27007] = CNOT 26 60
[27008] = S 26
[27009] = Z 26
[27010] = CNOT 26 60
[27011] = CNOT 26 61
[27012] = S 26
[27013] = CNOT 26 61
[27014] = CNOT 26 63
[27015] = Z 26
[27016] = CNOT 26 63
[27017] = CNOT 26 64
[27018] = Z 26
[27019] = CNOT 26 64
[27020] = CNOT 26 77
[27021] = S 26
[27022] = CNOT 26 77
[27023] = CNOT 26 79
[27024] = S 26
[27025] = CNOT 26 79
[27026] = CNOT 26 83
[27027] = S 26
[27028] = Z 26
[27029] = CNOT 26 83
[27030] = CNOT 26 84
[27031] = S 26
[27032] = Z 26
[27033] = CNOT 26 84
[27034] = CNOT 26 40
[27035] = CNOT 26 42
[27036] = CNOT 26 46
[27037] = S 26
[27038] = CNOT 26 46
[27039] = CNOT 26 57
[27040] = Z 26
[27041] = CNOT 26 57
[27042] = CNOT 26 58
[27043] = S 26
[27044] = Z 26
[27045] = CNOT 26 58
[27046] = CNOT 26 63
[27047] = S 26
[27048] = CNOT 26 63
[27049] = CNOT 26 64
[27050] = S 26
[27051] = CNOT 26 64
[27052] = CNOT 26 66
[27053] = Z 26
[27054] = CNOT 26 66
[27055] = CNOT 26 71
[27056] = Z 26
[27057] = CNOT 26 71
[27058] = CNOT 26 77
[27059] = S 26
[27060] = CNOT 26 77
[27061] = CNOT 26 79
[27062] = S 26
[27063] = CNOT 26 79
[27064] = CNOT 26 84
[27065] = S 26
[27066] = CNOT 26 84
[27067] = CNOT 26 42
[27068] = CNOT 26 43
[27069] = CNOT 26 46
[27070] = S 26
[27071] = Z 26
[27072] = CNOT 26 46
[27073] = CNOT 26 53
[27074] = S 26
[27075] = Z 26
[27076] = CNOT 26 53
[27077] = CNOT 26 55
[27078] = Z 26
[27079] = CNOT 26 55
[27080] = CNOT 26 56
[27081] = S 26
[27082] = CNOT 26 56
[27083] = CNOT 26 60
[27084] = Z 26
[27085] = CNOT 26 60
[27086] = CNOT 26 64
[27087] = S 26
[27088] = CNOT 26 64
[27089] = CNOT 26 69
[27090] = Z 26
[27091] = CNOT 26 69
[27092] = CNOT 26 70
[27093] = S 26
[27094] = CNOT 26 70
[27095] = CNOT 26 72
[27096] = Z 26
[27097] = CNOT 26 72
[27098] = CNOT 26 73
[27099] = Z 26
[27100] = CNOT 26 73
[27101] = CNOT 26 81
[27102] = Z 26
[27103] = CNOT 26 81
[27104] = CNOT 26 82
[27105] = Z 26
[27106] = CNOT 26 82
[27107] = CNOT 26 43
[27108] = CNOT 26 44
[27109] = CNOT 26 46
[27110] = Z 26
[27111] = CNOT 26 46
[27112] = CNOT 26 51
[27113] = Z 26
[27114] = CNOT 26 51
[27115] = CNOT 26 61
[27116] = Z 26
[27117] = CNOT 26 61
[27118] = CNOT 26 63
[27119] = Z 26
[27120] = CNOT 26 63
[27121] = CNOT 26 64
[27122] = Z 26
[27123] = CNOT 26 64
[27124] = CNOT 26 77
[27125] = Z 26
[27126] = CNOT 26 77
[27127] = CNOT 26 79
[27128] = Z 26
[27129] = CNOT 26 79
[27130] = CNOT 26 84
[27131] = Z 26
[27132] = CNOT 26 84
[27133] = CNOT 26 44
[27134] = CNOT 26 45
[27135] = CNOT 26 46
[27136] = S 26
[27137] = Z 26
[27138] = CNOT 26 46
[27139] = CNOT 26 60
[27140] = S 26
[27141] = Z 26
[27142] = CNOT 26 60
[27143] = CNOT 26 64
[27144] = S 26
[27145] = CNOT 26 64
[27146] = CNOT 26 45
[27147] = CNOT 26 46
[27148] = CNOT 26 47
[27149] = S 26
[27150] = CNOT 26 47
[27151] = CNOT 26 49
[27152] = S 26
[27153] = CNOT 26 49
[27154] = CNOT 26 51
[27155] = S 26
[27156] = CNOT 26 51
[27157] = CNOT 26 53
[27158] = Z 26
[27159] = CNOT 26 53
[27160] = CNOT 26 57
[27161] = S 26
[27162] = CNOT 26 57
[27163] = CNOT 26 58
[27164] = S 26
[27165] = CNOT 26 58
[27166] = CNOT 26 59
[27167] = Z 26
[27168] = CNOT 26 59
[27169] = CNOT 26 63
[27170] = Z 26
[27171] = CNOT 26 63
[27172] = CNOT 26 66
[27173] = Z 26
[27174] = CNOT 26 66
[27175] = CNOT 26 67
[27176] = Z 26
[27177] = CNOT 26 67
[27178] = CNOT 26 68
[27179] = Z 26
[27180] = CNOT 26 68
[27181] = CNOT 26 71
[27182] = Z 26
[27183] = CNOT 26 71
[27184] = CNOT 26 74
[27185] = S 26
[27186] = CNOT 26 74
[27187] = CNOT 26 75
[27188] = Z 26
[27189] = CNOT 26 75
[27190] = CNOT 26 76
[27191] = Z 26
[27192] = CNOT 26 76
[27193] = CNOT 26 78
[27194] = Z 26
[27195] = CNOT 26 78
[27196] = CNOT 26 80
[27197] = Z 26
[27198] = CNOT 26 80
[27199] = CNOT 26 81
[27200] = Z 26
[27201] = CNOT 26 81
[27202] = CNOT 26 82
[27203] = Z 26
[27204] = CNOT 26 82
[27205] = CNOT 26 84
[27206] = Z 26
[27207] = CNOT 26 84
[27208] = CNOT 26 46
[27209] = CNOT 26 47
[27210] = CNOT 26 51
[27211] = Z 26
[27212] = CNOT 26 51
[27213] = CNOT 26 63
[27214] = S 26
[27215] = CNOT 26 63
[27216] = CNOT 26 64
[27217] = S 26
[27218] = CNOT 26 64
[27219] = CNOT 26 67
[27220] = S 26
[27221] = Z 26
[27222] = CNOT 26 67
[27223] = CNOT 26 76
[27224] = S 26
[27225] = Z 26
[27226] = CNOT 26 76
[27227] = CNOT 26 77
[27228] = S 26
[27229] = CNOT 26 77
[27230] = CNOT 26 79
[27231] = S 26
[27232] = Z 26
[27233] = CNOT 26 79
[27234] = CNOT 26 84
[27235] = S 26
[27236] = CNOT 26 84
[27237] = CNOT 26 47
[27238] = CNOT 26 48
[27239] = CNOT 26 52
[27240] = S 26
[27241] = Z 26
[27242] = CNOT 26 52
[27243] = CNOT 26 53
[27244] = S 26
[27245] = Z 26
[27246] = CNOT 26 53
[27247] = CNOT 26 55
[27248] = S 26
[27249] = Z 26
[27250] = CNOT 26 55
[27251] = CNOT 26 56
[27252] = Z 26
[27253] = CNOT 26 56
[27254] = CNOT 26 81
[27255] = S 26
[27256] = Z 26
[27257] = CNOT 26 81
[27258] = CNOT 26 82
[27259] = S 26
[27260] = Z 26
[27261] = CNOT 26 82
[27262] = CNOT 26 48
[27263] = CNOT 26 49
[27264] = CNOT 26 51
[27265] = S 26
[27266] = CNOT 26 51
[27267] = CNOT 26 54
[27268] = Z 26
[27269] = CNOT 26 54
[27270] = CNOT 26 61
[27271] = S 26
[27272] = CNOT 26 61
[27273] = CNOT 26 63
[27274] = S 26
[27275] = CNOT 26 63
[27276] = CNOT 26 64
[27277] = S 26
[27278] = CNOT 26 64
[27279] = CNOT 26 68
[27280] = S 26
[27281] = Z 26
[27282] = CNOT 26 68
[27283] = CNOT 26 77
[27284] = S 26
[27285] = CNOT 26 77
[27286] = CNOT 26 78
[27287] = S 26
[27288] = Z 26
[27289] = CNOT 26 78
[27290] = CNOT 26 79
[27291] = S 26
[27292] = CNOT 26 79
[27293] = CNOT 26 83
[27294] = Z 26
[27295] = CNOT 26 83
[27296] = CNOT 26 49
[27297] = CNOT 26 51
[27298] = CNOT 26 61
[27299] = S 26
[27300] = CNOT 26 61
[27301] = CNOT 26 63
[27302] = S 26
[27303] = Z 26
[27304] = CNOT 26 63
[27305] = CNOT 26 64
[27306] = S 26
[27307] = CNOT 26 64
[27308] = CNOT 26 67
[27309] = Z 26
[27310] = CNOT 26 67
[27311] = CNOT 26 68
[27312] = Z 26
[27313] = CNOT 26 68
[27314] = CNOT 26 76
[27315] = Z 26
[27316] = CNOT 26 76
[27317] = CNOT 26 77
[27318] = S 26
[27319] = CNOT 26 77
[27320] = CNOT 26 78
[27321] = Z 26
[27322] = CNOT 26 78
[27323] = CNOT 26 79
[27324] = S 26
[27325] = CNOT 26 79
[27326] = CNOT 26 84
[27327] = S 26
[27328] = Z 26
[27329] = CNOT 26 84
[27330] = CNOT 26 51
[27331] = CNOT 26 52
[27332] = CNOT 26 55
[27333] = S 26
[27334] = Z 26
[27335] = CNOT 26 55
[27336] = CNOT 26 56
[27337] = Z 26
[27338] = CNOT 26 56
[27339] = CNOT 26 81
[27340] = Z 26
[27341] = CNOT 26 81
[27342] = CNOT 26 52
[27343] = CNOT 26 53
[27344] = CNOT 26 56
[27345] = S 26
[27346] = Z 26
[27347] = CNOT 26 56
[27348] = CNOT 26 60
[27349] = Z 26
[27350] = CNOT 26 60
[27351] = CNOT 26 61
[27352] = S 26
[27353] = Z 26
[27354] = CNOT 26 61
[27355] = CNOT 26 63
[27356] = S 26
[27357] = Z 26
[27358] = CNOT 26 63
[27359] = CNOT 26 69
[27360] = Z 26
[27361] = CNOT 26 69
[27362] = CNOT 26 70
[27363] = S 26
[27364] = CNOT 26 70
[27365] = CNOT 26 72
[27366] = Z 26
[27367] = CNOT 26 72
[27368] = CNOT 26 73
[27369] = Z 26
[27370] = CNOT 26 73
[27371] = CNOT 26 77
[27372] = S 26
[27373] = Z 26
[27374] = CNOT 26 77
[27375] = CNOT 26 79
[27376] = S 26
[27377] = Z 26
[27378] = CNOT 26 79
[27379] = CNOT 26 84
[27380] = S 26
[27381] = Z 26
[27382] = CNOT 26 84
[27383] = CNOT 26 53
[27384] = CNOT 26 54
[27385] = CNOT 26 68
[27386] = Z 26
[27387] = CNOT 26 68
[27388] = CNOT 26 78
[27389] = Z 26
[27390] = CNOT 26 78
[27391] = CNOT 26 54
[27392] = CNOT 26 55
[27393] = CNOT 26 59
[27394] = S 26
[27395] = Z 26
[27396] = CNOT 26 59
[27397] = CNOT 26 61
[27398] = Z 26
[27399] = CNOT 26 61
[27400] = CNOT 26 65
[27401] = Z 26
[27402] = CNOT 26 65
[27403] = CNOT 26 74
[27404] = S 26
[27405] = Z 26
[27406] = CNOT 26 74
[27407] = CNOT 26 75
[27408] = Z 26
[27409] = CNOT 26 75
[27410] = CNOT 26 81
[27411] = S 26
[27412] = Z 26
[27413] = CNOT 26 81
[27414] = CNOT 26 55
[27415] = CNOT 26 56
[27416] = CNOT 26 60
[27417] = Z 26
[27418] = CNOT 26 60
[27419] = CNOT 26 61
[27420] = S 26
[27421] = CNOT 26 61
[27422] = CNOT 26 63
[27423] = S 26
[27424] = CNOT 26 63
[27425] = CNOT 26 64
[27426] = Z 26
[27427] = CNOT 26 64
[27428] = CNOT 26 69
[27429] = Z 26
[27430] = CNOT 26 69
[27431] = CNOT 26 70
[27432] = S 26
[27433] = CNOT 26 70
[27434] = CNOT 26 72
[27435] = Z 26
[27436] = CNOT 26 72
[27437] = CNOT 26 73
[27438] = Z 26
[27439] = CNOT 26 73
[27440] = CNOT 26 77
[27441] = S 26
[27442] = CNOT 26 77
[27443] = CNOT 26 79
[27444] = S 26
[27445] = CNOT 26 79
[27446] = CNOT 26 82
[27447] = Z 26
[27448] = CNOT 26 82
[27449] = CNOT 26 84
[27450] = S 26
[27451] = CNOT 26 84
[27452] = CNOT 26 56
[27453] = CNOT 26 57
[27454] = CNOT 26 58
[27455] = S 26
[27456] = Z 26
[27457] = CNOT 26 58
[27458] = CNOT 26 62
[27459] = S 26
[27460] = Z 26
[27461] = CNOT 26 62
[27462] = CNOT 26 63
[27463] = S 26
[27464] = CNOT 26 63
[27465] = CNOT 26 64
[27466] = S 26
[27467] = CNOT 26 64
[27468] = CNOT 26 75
[27469] = S 26
[27470] = Z 26
[27471] = CNOT 26 75
[27472] = CNOT 26 77
[27473] = S 26
[27474] = CNOT 26 77
[27475] = CNOT 26 79
[27476] = S 26
[27477] = CNOT 26 79
[27478] = CNOT 26 84
[27479] = S 26
[27480] = CNOT 26 84
[27481] = CNOT 26 57
[27482] = CNOT 26 58
[27483] = CNOT 26 63
[27484] = S 26
[27485] = CNOT 26 63
[27486] = CNOT 26 64
[27487] = S 26
[27488] = CNOT 26 64
[27489] = CNOT 26 65
[27490] = S 26
[27491] = Z 26
[27492] = CNOT 26 65
[27493] = CNOT 26 74
[27494] = S 26
[27495] = Z 26
[27496] = CNOT 26 74
[27497] = CNOT 26 75
[27498] = Z 26
[27499] = CNOT 26 75
[27500] = CNOT 26 77
[27501] = S 26
[27502] = CNOT 26 77
[27503] = CNOT 26 79
[27504] = S 26
[27505] = CNOT 26 79
[27506] = CNOT 26 84
[27507] = S 26
[27508] = CNOT 26 84
[27509] = CNOT 26 58
[27510] = CNOT 26 59
[27511] = CNOT 26 63
[27512] = Z 26
[27513] = CNOT 26 63
[27514] = CNOT 26 64
[27515] = Z 26
[27516] = CNOT 26 64
[27517] = CNOT 26 65
[27518] = Z 26
[27519] = CNOT 26 65
[27520] = CNOT 26 74
[27521] = S 26
[27522] = Z 26
[27523] = CNOT 26 74
[27524] = CNOT 26 75
[27525] = Z 26
[27526] = CNOT 26 75
[27527] = CNOT 26 77
[27528] = Z 26
[27529] = CNOT 26 77
[27530] = CNOT 26 79
[27531] = Z 26
[27532] = CNOT 26 79
[27533] = CNOT 26 84
[27534] = Z 26
[27535] = CNOT 26 84
[27536] = CNOT 26 59
[27537] = CNOT 26 60
[27538] = CNOT 26 61
[27539] = Z 26
[27540] = CNOT 26 61
[27541] = CNOT 26 63
[27542] = Z 26
[27543] = CNOT 26 63
[27544] = CNOT 26 64
[27545] = S 26
[27546] = Z 26
[27547] = CNOT 26 64
[27548] = CNOT 26 77
[27549] = S 26
[27550] = Z 26
[27551] = CNOT 26 77
[27552] = CNOT 26 79
[27553] = Z 26
[27554] = CNOT 26 79
[27555] = CNOT 26 84
[27556] = Z 26
[27557] = CNOT 26 84
[27558] = CNOT 26 60
[27559] = CNOT 26 61
[27560] = CNOT 26 63
[27561] = S 26
[27562] = Z 26
[27563] = CNOT 26 63
[27564] = CNOT 26 64
[27565] = Z 26
[27566] = CNOT 26 64
[27567] = CNOT 26 68
[27568] = Z 26
[27569] = CNOT 26 68
[27570] = CNOT 26 69
[27571] = Z 26
[27572] = CNOT 26 69
[27573] = CNOT 26 70
[27574] = S 26
[27575] = CNOT 26 70
[27576] = CNOT 26 72
[27577] = Z 26
[27578] = CNOT 26 72
[27579] = CNOT 26 73
[27580] = Z 26
[27581] = CNOT 26 73
[27582] = CNOT 26 77
[27583] = S 26
[27584] = CNOT 26 77
[27585] = CNOT 26 78
[27586] = Z 26
[27587] = CNOT 26 78
[27588] = CNOT 26 79
[27589] = S 26
[27590] = CNOT 26 79
[27591] = CNOT 26 80
[27592] = Z 26
[27593] = CNOT 26 80
[27594] = CNOT 26 81
[27595] = Z 26
[27596] = CNOT 26 81
[27597] = CNOT 26 82
[27598] = Z 26
[27599] = CNOT 26 82
[27600] = CNOT 26 84
[27601] = S 26
[27602] = Z 26
[27603] = CNOT 26 84
[27604] = CNOT 26 61
[27605] = CNOT 26 62
[27606] = CNOT 26 66
[27607] = Z 26
[27608] = CNOT 26 66
[27609] = CNOT 26 71
[27610] = Z 26
[27611] = CNOT 26 71
[27612] = CNOT 26 62
[27613] = CNOT 26 63
[27614] = CNOT 26 66
[27615] = Z 26
[27616] = CNOT 26 66
[27617] = CNOT 26 67
[27618] = Z 26
[27619] = CNOT 26 67
[27620] = CNOT 26 68
[27621] = Z 26
[27622] = CNOT 26 68
[27623] = CNOT 26 69
[27624] = Z 26
[27625] = CNOT 26 69
[27626] = CNOT 26 70
[27627] = S 26
[27628] = CNOT 26 70
[27629] = CNOT 26 71
[27630] = Z 26
[27631] = CNOT 26 71
[27632] = CNOT 26 72
[27633] = Z 26
[27634] = CNOT 26 72
[27635] = CNOT 26 73
[27636] = Z 26
[27637] = CNOT 26 73
[27638] = CNOT 26 74
[27639] = S 26
[27640] = CNOT 26 74
[27641] = CNOT 26 75
[27642] = Z 26
[27643] = CNOT 26 75
[27644] = CNOT 26 76
[27645] = Z 26
[27646] = CNOT 26 76
[27647] = CNOT 26 77
[27648] = S 26
[27649] = Z 26
[27650] = CNOT 26 77
[27651] = CNOT 26 78
[27652] = Z 26
[27653] = CNOT 26 78
[27654] = CNOT 26 79
[27655] = S 26
[27656] = Z 26
[27657] = CNOT 26 79
[27658] = CNOT 26 80
[27659] = Z 26
[27660] = CNOT 26 80
[27661] = CNOT 26 81
[27662] = Z 26
[27663] = CNOT 26 81
[27664] = CNOT 26 82
[27665] = Z 26
[27666] = CNOT 26 82
[27667] = CNOT 26 84
[27668] = S 26
[27669] = CNOT 26 84
[27670] = CNOT 26 63
[27671] = CNOT 26 64
[27672] = CNOT 26 66
[27673] = Z 26
[27674] = CNOT 26 66
[27675] = CNOT 26 67
[27676] = Z 26
[27677] = CNOT 26 67
[27678] = CNOT 26 68
[27679] = Z 26
[27680] = CNOT 26 68
[27681] = CNOT 26 71
[27682] = Z 26
[27683] = CNOT 26 71
[27684] = CNOT 26 74
[27685] = S 26
[27686] = CNOT 26 74
[27687] = CNOT 26 75
[27688] = Z 26
[27689] = CNOT 26 75
[27690] = CNOT 26 76
[27691] = Z 26
[27692] = CNOT 26 76
[27693] = CNOT 26 77
[27694] = Z 26
[27695] = CNOT 26 77
[27696] = CNOT 26 78
[27697] = Z 26
[27698] = CNOT 26 78
[27699] = CNOT 26 79
[27700] = Z 26
[27701] = CNOT 26 79
[27702] = CNOT 26 80
[27703] = Z 26
[27704] = CNOT 26 80
[27705] = CNOT 26 81
[27706] = Z 26
[27707] = CNOT 26 81
[27708] = CNOT 26 82
[27709] = Z 26
[27710] = CNOT 26 82
[27711] = CNOT 26 64
[27712] = CNOT 26 65
[27713] = CNOT 26 74
[27714] = Z 26
[27715] = CNOT 26 74
[27716] = CNOT 26 65
[27717] = CNOT 26 66
[27718] = CNOT 26 71
[27719] = S 26
[27720] = Z 26
[27721] = CNOT 26 71
[27722] = CNOT 26 77
[27723] = Z 26
[27724] = CNOT 26 77
[27725] = CNOT 26 79
[27726] = Z 26
[27727] = CNOT 26 79
[27728] = CNOT 26 84
[27729] = Z 26
[27730] = CNOT 26 84
[27731] = CNOT 26 66
[27732] = CNOT 26 67
[27733] = CNOT 26 76
[27734] = S 26
[27735] = Z 26
[27736] = CNOT 26 76
[27737] = CNOT 26 77
[27738] = Z 26
[27739] = CNOT 26 77
[27740] = CNOT 26 84
[27741] = Z 26
[27742] = CNOT 26 84
[27743] = CNOT 26 67
[27744] = CNOT 26 68
[27745] = CNOT 26 77
[27746] = Z 26
[27747] = CNOT 26 77
[27748] = CNOT 26 78
[27749] = S 26
[27750] = Z 26
[27751] = CNOT 26 78
[27752] = CNOT 26 79
[27753] = Z 26
[27754] = CNOT 26 79
[27755] = CNOT 26 83
[27756] = Z 26
[27757] = CNOT 26 83
[27758] = CNOT 26 68
[27759] = CNOT 26 69
[27760] = CNOT 26 70
[27761] = Z 26
[27762] = CNOT 26 70
[27763] = CNOT 26 72
[27764] = S 26
[27765] = Z 26
[27766] = CNOT 26 72
[27767] = CNOT 26 73
[27768] = S 26
[27769] = Z 26
[27770] = CNOT 26 73
[27771] = CNOT 26 79
[27772] = Z 26
[27773] = CNOT 26 79
[27774] = CNOT 26 84
[27775] = Z 26
[27776] = CNOT 26 84
[27777] = CNOT 26 69
[27778] = CNOT 26 70
[27779] = CNOT 26 72
[27780] = S 26
[27781] = Z 26
[27782] = CNOT 26 72
[27783] = CNOT 26 73
[27784] = Z 26
[27785] = CNOT 26 73
[27786] = CNOT 26 79
[27787] = S 26
[27788] = CNOT 26 79
[27789] = CNOT 26 84
[27790] = S 26
[27791] = CNOT 26 84
[27792] = CNOT 26 70
[27793] = CNOT 26 71
[27794] = CNOT 26 77
[27795] = Z 26
[27796] = CNOT 26 77
[27797] = CNOT 26 79
[27798] = Z 26
[27799] = CNOT 26 79
[27800] = CNOT 26 84
[27801] = Z 26
[27802] = CNOT 26 84
[27803] = CNOT 26 71
[27804] = CNOT 26 72
[27805] = CNOT 26 73
[27806] = S 26
[27807] = Z 26
[27808] = CNOT 26 73
[27809] = CNOT 26 79
[27810] = Z 26
[27811] = CNOT 26 79
[27812] = CNOT 26 84
[27813] = Z 26
[27814] = CNOT 26 84
[27815] = CNOT 26 72
[27816] = CNOT 26 73
[27817] = CNOT 26 79
[27818] = Z 26
[27819] = CNOT 26 79
[27820] = CNOT 26 84
[27821] = Z 26
[27822] = CNOT 26 84
[27823] = CNOT 26 73
[27824] = CNOT 26 74
[27825] = CNOT 26 75
[27826] = S 26
[27827] = CNOT 26 75
[27828] = CNOT 26 77
[27829] = S 26
[27830] = CNOT 26 77
[27831] = CNOT 26 79
[27832] = S 26
[27833] = CNOT 26 79
[27834] = CNOT 26 84
[27835] = S 26
[27836] = CNOT 26 84
[27837] = CNOT 26 74
[27838] = CNOT 26 75
[27839] = CNOT 26 77
[27840] = Z 26
[27841] = CNOT 26 77
[27842] = CNOT 26 79
[27843] = Z 26
[27844] = CNOT 26 79
[27845] = CNOT 26 84
[27846] = Z 26
[27847] = CNOT 26 84
[27848] = CNOT 26 75
[27849] = CNOT 26 76
[27850] = CNOT 26 77
[27851] = Z 26
[27852] = CNOT 26 77
[27853] = CNOT 26 84
[27854] = Z 26
[27855] = CNOT 26 84
[27856] = CNOT 26 76
[27857] = CNOT 26 77
[27858] = CNOT 26 78
[27859] = Z 26
[27860] = CNOT 26 78
[27861] = CNOT 26 79
[27862] = S 26
[27863] = CNOT 26 79
[27864] = CNOT 26 80
[27865] = Z 26
[27866] = CNOT 26 80
[27867] = CNOT 26 81
[27868] = Z 26
[27869] = CNOT 26 81
[27870] = CNOT 26 82
[27871] = Z 26
[27872] = CNOT 26 82
[27873] = CNOT 26 84
[27874] = S 26
[27875] = Z 26
[27876] = CNOT 26 84
[27877] = CNOT 26 77
[27878] = CNOT 26 78
[27879] = CNOT 26 79
[27880] = Z 26
[27881] = CNOT 26 79
[27882] = CNOT 26 83
[27883] = Z 26
[27884] = CNOT 26 83
[27885] = CNOT 26 78
[27886] = CNOT 26 79
[27887] = CNOT 26 80
[27888] = Z 26
[27889] = CNOT 26 80
[27890] = CNOT 26 81
[27891] = Z 26
[27892] = CNOT 26 81
[27893] = CNOT 26 82
[27894] = Z 26
[27895] = CNOT 26 82
[27896] = CNOT 26 84
[27897] = S 26
[27898] = Z 26
[27899] = CNOT 26 79
[27900] = CNOT 26 80
[27901] = Z 26
[27902] = CNOT 26 80
[27903] = CNOT 26 81
[27904] = Z 26
[27905] = CNOT 26 81
[27906] = CNOT 26 82
[27907] = Z 26
[27908] = CNOT 26 84
[27909] = CNOT 26 82
[27910] = CNOT 27 29
[27911] = CNOT 27 46
[27912] = S 27
[27913] = Z 27
[27914] = CNOT 27 46
[27915] = CNOT 27 63
[27916] = S 27
[27917] = Z 27
[27918] = CNOT 27 63
[27919] = CNOT 27 64
[27920] = S 27
[27921] = Z 27
[27922] = CNOT 27 64
[27923] = CNOT 27 77
[27924] = S 27
[27925] = Z 27
[27926] = CNOT 27 77
[27927] = CNOT 27 79
[27928] = S 27
[27929] = Z 27
[27930] = CNOT 27 79
[27931] = CNOT 27 84
[27932] = S 27
[27933] = Z 27
[27934] = CNOT 27 84
[27935] = CNOT 27 29
[27936] = CNOT 27 33
[27937] = CNOT 27 38
[27938] = S 27
[27939] = Z 27
[27940] = CNOT 27 38
[27941] = CNOT 27 39
[27942] = S 27
[27943] = Z 27
[27944] = CNOT 27 39
[27945] = CNOT 27 41
[27946] = Z 27
[27947] = CNOT 27 41
[27948] = CNOT 27 46
[27949] = Z 27
[27950] = CNOT 27 46
[27951] = CNOT 27 62
[27952] = Z 27
[27953] = CNOT 27 62
[27954] = CNOT 27 63
[27955] = Z 27
[27956] = CNOT 27 63
[27957] = CNOT 27 64
[27958] = Z 27
[27959] = CNOT 27 64
[27960] = CNOT 27 77
[27961] = Z 27
[27962] = CNOT 27 77
[27963] = CNOT 27 79
[27964] = Z 27
[27965] = CNOT 27 79
[27966] = CNOT 27 84
[27967] = Z 27
[27968] = CNOT 27 84
[27969] = CNOT 27 33
[27970] = CNOT 27 38
[27971] = CNOT 27 39
[27972] = S 27
[27973] = Z 27
[27974] = CNOT 27 39
[27975] = CNOT 27 41
[27976] = S 27
[27977] = Z 27
[27978] = CNOT 27 41
[27979] = CNOT 27 42
[27980] = Z 27
[27981] = CNOT 27 42
[27982] = CNOT 27 62
[27983] = S 27
[27984] = CNOT 27 62
[27985] = CNOT 27 66
[27986] = S 27
[27987] = Z 27
[27988] = CNOT 27 66
[27989] = CNOT 27 71
[27990] = S 27
[27991] = Z 27
[27992] = CNOT 27 71
[27993] = CNOT 27 38
[27994] = CNOT 27 39
[27995] = CNOT 27 41
[27996] = Z 27
[27997] = CNOT 27 41
[27998] = CNOT 27 46
[27999] = Z 27
[28000] = CNOT 27 46
[28001] = CNOT 27 62
[28002] = Z 27
[28003] = CNOT 27 62
[28004] = CNOT 27 63
[28005] = Z 27
[28006] = CNOT 27 63
[28007] = CNOT 27 64
[28008] = Z 27
[28009] = CNOT 27 64
[28010] = CNOT 27 77
[28011] = Z 27
[28012] = CNOT 27 77
[28013] = CNOT 27 79
[28014] = Z 27
[28015] = CNOT 27 79
[28016] = CNOT 27 84
[28017] = Z 27
[28018] = CNOT 27 84
[28019] = CNOT 27 39
[28020] = CNOT 27 41
[28021] = CNOT 27 46
[28022] = S 27
[28023] = CNOT 27 46
[28024] = CNOT 27 62
[28025] = S 27
[28026] = CNOT 27 62
[28027] = CNOT 27 63
[28028] = S 27
[28029] = CNOT 27 63
[28030] = CNOT 27 64
[28031] = S 27
[28032] = CNOT 27 64
[28033] = CNOT 27 77
[28034] = S 27
[28035] = CNOT 27 77
[28036] = CNOT 27 79
[28037] = S 27
[28038] = CNOT 27 79
[28039] = CNOT 27 84
[28040] = S 27
[28041] = CNOT 27 84
[28042] = CNOT 27 41
[28043] = CNOT 27 42
[28044] = CNOT 27 62
[28045] = S 27
[28046] = CNOT 27 62
[28047] = CNOT 27 66
[28048] = Z 27
[28049] = CNOT 27 66
[28050] = CNOT 27 71
[28051] = Z 27
[28052] = CNOT 27 71
[28053] = CNOT 27 42
[28054] = CNOT 27 46
[28055] = CNOT 27 62
[28056] = Z 27
[28057] = CNOT 27 62
[28058] = CNOT 27 66
[28059] = Z 27
[28060] = CNOT 27 66
[28061] = CNOT 27 71
[28062] = Z 27
[28063] = CNOT 27 71
[28064] = CNOT 27 46
[28065] = CNOT 27 62
[28066] = CNOT 27 63
[28067] = Z 27
[28068] = CNOT 27 63
[28069] = CNOT 27 64
[28070] = Z 27
[28071] = CNOT 27 64
[28072] = CNOT 27 66
[28073] = Z 27
[28074] = CNOT 27 66
[28075] = CNOT 27 71
[28076] = Z 27
[28077] = CNOT 27 71
[28078] = CNOT 27 77
[28079] = Z 27
[28080] = CNOT 27 77
[28081] = CNOT 27 79
[28082] = Z 27
[28083] = CNOT 27 79
[28084] = CNOT 27 84
[28085] = Z 27
[28086] = CNOT 27 84
[28087] = CNOT 27 62
[28088] = CNOT 27 63
[28089] = CNOT 27 66
[28090] = Z 27
[28091] = CNOT 27 66
[28092] = CNOT 27 71
[28093] = Z 27
[28094] = CNOT 27 71
[28095] = CNOT 27 63
[28096] = CNOT 27 64
[28097] = CNOT 27 66
[28098] = Z 27
[28099] = CNOT 27 66
[28100] = CNOT 27 71
[28101] = Z 27
[28102] = CNOT 27 64
[28103] = CNOT 27 66
[28104] = S 27
[28105] = Z 27
[28106] = CNOT 27 71
[28107] = CNOT 27 77
[28108] = Z 27
[28109] = CNOT 27 77
[28110] = CNOT 27 79
[28111] = Z 27
[28112] = CNOT 27 79
[28113] = CNOT 27 84
[28114] = Z 27
[28115] = CNOT 27 84
[28116] = CNOT 27 66
[28117] = CNOT 27 71
[28118] = CNOT 27 77
[28119] = Z 27
[28120] = CNOT 27 77
[28121] = CNOT 27 79
[28122] = Z 27
[28123] = CNOT 27 79
[28124] = CNOT 27 84
[28125] = Z 27
[28126] = CNOT 27 84
[28127] = CNOT 27 71
[28128] = CNOT 28 46
[28129] = CNOT 28 51
[28130] = Z 28
[28131] = CNOT 28 51
[28132] = CNOT 28 61
[28133] = Z 28
[28134] = CNOT 28 61
[28135] = CNOT 28 63
[28136] = Z 28
[28137] = CNOT 28 63
[28138] = CNOT 28 64
[28139] = Z 28
[28140] = CNOT 28 64
[28141] = CNOT 28 77
[28142] = Z 28
[28143] = CNOT 28 77
[28144] = CNOT 28 79
[28145] = Z 28
[28146] = CNOT 28 79
[28147] = CNOT 28 84
[28148] = Z 28
[28149] = CNOT 28 84
[28150] = CNOT 28 46
[28151] = CNOT 28 51
[28152] = CNOT 28 61
[28153] = Z 28
[28154] = CNOT 28 61
[28155] = CNOT 28 63
[28156] = Z 28
[28157] = CNOT 28 63
[28158] = CNOT 28 64
[28159] = Z 28
[28160] = CNOT 28 64
[28161] = CNOT 28 77
[28162] = Z 28
[28163] = CNOT 28 77
[28164] = CNOT 28 79
[28165] = Z 28
[28166] = CNOT 28 79
[28167] = CNOT 28 84
[28168] = Z 28
[28169] = CNOT 28 84
[28170] = CNOT 28 51
[28171] = CNOT 28 61
[28172] = CNOT 28 63
[28173] = Z 28
[28174] = CNOT 28 63
[28175] = CNOT 28 64
[28176] = Z 28
[28177] = CNOT 28 64
[28178] = CNOT 28 77
[28179] = Z 28
[28180] = CNOT 28 77
[28181] = CNOT 28 79
[28182] = Z 28
[28183] = CNOT 28 79
[28184] = CNOT 28 84
[28185] = Z 28
[28186] = CNOT 28 84
[28187] = CNOT 28 61
[28188] = CNOT 28 63
[28189] = CNOT 28 64
[28190] = Z 28
[28191] = CNOT 28 64
[28192] = CNOT 28 77
[28193] = Z 28
[28194] = CNOT 28 77
[28195] = CNOT 28 79
[28196] = Z 28
[28197] = CNOT 28 79
[28198] = CNOT 28 84
[28199] = Z 28
[28200] = CNOT 28 84
[28201] = CNOT 28 63
[28202] = CNOT 28 64
[28203] = CNOT 28 77
[28204] = Z 28
[28205] = CNOT 28 77
[28206] = CNOT 28 79
[28207] = Z 28
[28208] = CNOT 28 79
[28209] = CNOT 28 84
[28210] = Z 28
[28211] = CNOT 28 84
[28212] = CNOT 28 64
[28213] = CNOT 28 77
[28214] = CNOT 28 79
[28215] = Z 28
[28216] = CNOT 28 79
[28217] = CNOT 28 84
[28218] = Z 28
[28219] = CNOT 28 77
[28220] = CNOT 28 79
[28221] = Z 28
[28222] = CNOT 28 84
[28223] = CNOT 28 79
[28224] = CNOT 29 30
[28225] = CNOT 29 34
[28226] = S 29
[28227] = Z 29
[28228] = CNOT 29 34
[28229] = CNOT 29 43
[28230] = Z 29
[28231] = CNOT 29 43
[28232] = CNOT 29 46
[28233] = Z 29
[28234] = CNOT 29 46
[28235] = CNOT 29 52
[28236] = Z 29
[28237] = CNOT 29 52
[28238] = CNOT 29 56
[28239] = Z 29
[28240] = CNOT 29 56
[28241] = CNOT 29 61
[28242] = Z 29
[28243] = CNOT 29 61
[28244] = CNOT 29 63
[28245] = Z 29
[28246] = CNOT 29 63
[28247] = CNOT 29 64
[28248] = Z 29
[28249] = CNOT 29 64
[28250] = CNOT 29 77
[28251] = Z 29
[28252] = CNOT 29 77
[28253] = CNOT 29 79
[28254] = Z 29
[28255] = CNOT 29 79
[28256] = CNOT 29 84
[28257] = Z 29
[28258] = CNOT 29 84
[28259] = CNOT 29 30
[28260] = CNOT 29 34
[28261] = CNOT 29 43
[28262] = S 29
[28263] = Z 29
[28264] = CNOT 29 43
[28265] = CNOT 29 46
[28266] = S 29
[28267] = Z 29
[28268] = CNOT 29 46
[28269] = CNOT 29 52
[28270] = S 29
[28271] = Z 29
[28272] = CNOT 29 52
[28273] = CNOT 29 56
[28274] = S 29
[28275] = Z 29
[28276] = CNOT 29 56
[28277] = CNOT 29 61
[28278] = S 29
[28279] = Z 29
[28280] = CNOT 29 61
[28281] = CNOT 29 63
[28282] = S 29
[28283] = Z 29
[28284] = CNOT 29 63
[28285] = CNOT 29 64
[28286] = S 29
[28287] = Z 29
[28288] = CNOT 29 64
[28289] = CNOT 29 77
[28290] = S 29
[28291] = Z 29
[28292] = CNOT 29 77
[28293] = CNOT 29 79
[28294] = S 29
[28295] = Z 29
[28296] = CNOT 29 79
[28297] = CNOT 29 84
[28298] = S 29
[28299] = Z 29
[28300] = CNOT 29 84
[28301] = CNOT 29 34
[28302] = CNOT 29 42
[28303] = CNOT 29 46
[28304] = S 29
[28305] = Z 29
[28306] = CNOT 29 46
[28307] = CNOT 29 63
[28308] = S 29
[28309] = Z 29
[28310] = CNOT 29 63
[28311] = CNOT 29 64
[28312] = S 29
[28313] = Z 29
[28314] = CNOT 29 64
[28315] = CNOT 29 77
[28316] = S 29
[28317] = Z 29
[28318] = CNOT 29 77
[28319] = CNOT 29 79
[28320] = S 29
[28321] = Z 29
[28322] = CNOT 29 79
[28323] = CNOT 29 84
[28324] = S 29
[28325] = Z 29
[28326] = CNOT 29 84
[28327] = CNOT 29 42
[28328] = CNOT 29 43
[28329] = CNOT 29 46
[28330] = Z 29
[28331] = CNOT 29 46
[28332] = CNOT 29 52
[28333] = Z 29
[28334] = CNOT 29 52
[28335] = CNOT 29 56
[28336] = Z 29
[28337] = CNOT 29 56
[28338] = CNOT 29 61
[28339] = Z 29
[28340] = CNOT 29 61
[28341] = CNOT 29 63
[28342] = Z 29
[28343] = CNOT 29 63
[28344] = CNOT 29 64
[28345] = Z 29
[28346] = CNOT 29 64
[28347] = CNOT 29 77
[28348] = Z 29
[28349] = CNOT 29 77
[28350] = CNOT 29 79
[28351] = Z 29
[28352] = CNOT 29 79
[28353] = CNOT 29 84
[28354] = Z 29
[28355] = CNOT 29 84
[28356] = CNOT 29 43
[28357] = CNOT 29 46
[28358] = CNOT 29 52
[28359] = Z 29
[28360] = CNOT 29 52
[28361] = CNOT 29 56
[28362] = Z 29
[28363] = CNOT 29 56
[28364] = CNOT 29 61
[28365] = Z 29
[28366] = CNOT 29 61
[28367] = CNOT 29 46
[28368] = CNOT 29 52
[28369] = CNOT 29 56
[28370] = Z 29
[28371] = CNOT 29 56
[28372] = CNOT 29 61
[28373] = Z 29
[28374] = CNOT 29 61
[28375] = CNOT 29 63
[28376] = Z 29
[28377] = CNOT 29 63
[28378] = CNOT 29 64
[28379] = Z 29
[28380] = CNOT 29 64
[28381] = CNOT 29 77
[28382] = Z 29
[28383] = CNOT 29 77
[28384] = CNOT 29 79
[28385] = Z 29
[28386] = CNOT 29 79
[28387] = CNOT 29 84
[28388] = Z 29
[28389] = CNOT 29 84
[28390] = CNOT 29 52
[28391] = CNOT 29 56
[28392] = CNOT 29 61
[28393] = Z 29
[28394] = CNOT 29 61
[28395] = CNOT 29 63
[28396] = Z 29
[28397] = CNOT 29 63
[28398] = CNOT 29 64
[28399] = Z 29
[28400] = CNOT 29 64
[28401] = CNOT 29 77
[28402] = Z 29
[28403] = CNOT 29 77
[28404] = CNOT 29 79
[28405] = Z 29
[28406] = CNOT 29 79
[28407] = CNOT 29 84
[28408] = Z 29
[28409] = CNOT 29 84
[28410] = CNOT 29 56
[28411] = CNOT 29 61
[28412] = CNOT 29 63
[28413] = Z 29
[28414] = CNOT 29 63
[28415] = CNOT 29 64
[28416] = Z 29
[28417] = CNOT 29 64
[28418] = CNOT 29 77
[28419] = Z 29
[28420] = CNOT 29 77
[28421] = CNOT 29 79
[28422] = Z 29
[28423] = CNOT 29 79
[28424] = CNOT 29 84
[28425] = Z 29
[28426] = CNOT 29 84
[28427] = CNOT 29 61
[28428] = CNOT 30 34
[28429] = CNOT 30 43
[28430] = Z 30
[28431] = CNOT 30 43
[28432] = CNOT 30 46
[28433] = Z 30
[28434] = CNOT 30 46
[28435] = CNOT 30 52
[28436] = Z 30
[28437] = CNOT 30 52
[28438] = CNOT 30 56
[28439] = Z 30
[28440] = CNOT 30 56
[28441] = CNOT 30 61
[28442] = Z 30
[28443] = CNOT 30 61
[28444] = CNOT 30 63
[28445] = Z 30
[28446] = CNOT 30 63
[28447] = CNOT 30 64
[28448] = Z 30
[28449] = CNOT 30 64
[28450] = CNOT 30 77
[28451] = Z 30
[28452] = CNOT 30 77
[28453] = CNOT 30 79
[28454] = Z 30
[28455] = CNOT 30 79
[28456] = CNOT 30 84
[28457] = Z 30
[28458] = CNOT 30 84
[28459] = CNOT 30 34
[28460] = CNOT 31 40
[28461] = CNOT 31 43
[28462] = S 31
[28463] = Z 31
[28464] = CNOT 31 43
[28465] = CNOT 31 45
[28466] = S 31
[28467] = Z 31
[28468] = CNOT 31 45
[28469] = CNOT 31 53
[28470] = S 31
[28471] = Z 31
[28472] = CNOT 31 53
[28473] = CNOT 31 56
[28474] = S 31
[28475] = Z 31
[28476] = CNOT 31 56
[28477] = CNOT 31 61
[28478] = S 31
[28479] = Z 31
[28480] = CNOT 31 61
[28481] = CNOT 31 63
[28482] = S 31
[28483] = Z 31
[28484] = CNOT 31 63
[28485] = CNOT 31 64
[28486] = S 31
[28487] = Z 31
[28488] = CNOT 31 64
[28489] = CNOT 31 77
[28490] = S 31
[28491] = Z 31
[28492] = CNOT 31 77
[28493] = CNOT 31 79
[28494] = S 31
[28495] = Z 31
[28496] = CNOT 31 79
[28497] = CNOT 31 84
[28498] = S 31
[28499] = Z 31
[28500] = CNOT 31 84
[28501] = CNOT 31 40
[28502] = CNOT 31 43
[28503] = CNOT 31 45
[28504] = Z 31
[28505] = CNOT 31 45
[28506] = CNOT 31 46
[28507] = Z 31
[28508] = CNOT 31 46
[28509] = CNOT 31 53
[28510] = S 31
[28511] = CNOT 31 53
[28512] = CNOT 31 56
[28513] = S 31
[28514] = CNOT 31 56
[28515] = CNOT 31 61
[28516] = S 31
[28517] = CNOT 31 61
[28518] = CNOT 31 63
[28519] = S 31
[28520] = CNOT 31 63
[28521] = CNOT 31 64
[28522] = S 31
[28523] = CNOT 31 64
[28524] = CNOT 31 77
[28525] = S 31
[28526] = CNOT 31 77
[28527] = CNOT 31 79
[28528] = S 31
[28529] = CNOT 31 79
[28530] = CNOT 31 84
[28531] = S 31
[28532] = CNOT 31 84
[28533] = CNOT 31 43
[28534] = CNOT 31 45
[28535] = CNOT 31 46
[28536] = S 31
[28537] = Z 31
[28538] = CNOT 31 46
[28539] = CNOT 31 53
[28540] = Z 31
[28541] = CNOT 31 53
[28542] = CNOT 31 56
[28543] = Z 31
[28544] = CNOT 31 56
[28545] = CNOT 31 61
[28546] = Z 31
[28547] = CNOT 31 61
[28548] = CNOT 31 63
[28549] = Z 31
[28550] = CNOT 31 63
[28551] = CNOT 31 64
[28552] = Z 31
[28553] = CNOT 31 64
[28554] = CNOT 31 77
[28555] = Z 31
[28556] = CNOT 31 77
[28557] = CNOT 31 79
[28558] = Z 31
[28559] = CNOT 31 79
[28560] = CNOT 31 84
[28561] = Z 31
[28562] = CNOT 31 84
[28563] = CNOT 31 45
[28564] = CNOT 31 46
[28565] = CNOT 31 53
[28566] = Z 31
[28567] = CNOT 31 53
[28568] = CNOT 31 56
[28569] = Z 31
[28570] = CNOT 31 56
[28571] = CNOT 31 61
[28572] = Z 31
[28573] = CNOT 31 61
[28574] = CNOT 31 63
[28575] = Z 31
[28576] = CNOT 31 63
[28577] = CNOT 31 64
[28578] = Z 31
[28579] = CNOT 31 64
[28580] = CNOT 31 77
[28581] = Z 31
[28582] = CNOT 31 77
[28583] = CNOT 31 79
[28584] = Z 31
[28585] = CNOT 31 79
[28586] = CNOT 31 84
[28587] = Z 31
[28588] = CNOT 31 84
[28589] = CNOT 31 46
[28590] = CNOT 31 53
[28591] = CNOT 31 56
[28592] = S 31
[28593] = CNOT 31 56
[28594] = CNOT 31 61
[28595] = S 31
[28596] = CNOT 31 61
[28597] = CNOT 31 63
[28598] = S 31
[28599] = CNOT 31 63
[28600] = CNOT 31 64
[28601] = S 31
[28602] = CNOT 31 64
[28603] = CNOT 31 77
[28604] = S 31
[28605] = CNOT 31 77
[28606] = CNOT 31 79
[28607] = S 31
[28608] = CNOT 31 79
[28609] = CNOT 31 84
[28610] = S 31
[28611] = CNOT 31 84
[28612] = CNOT 31 53
[28613] = CNOT 31 56
[28614] = CNOT 31 61
[28615] = S 31
[28616] = CNOT 31 61
[28617] = CNOT 31 63
[28618] = S 31
[28619] = CNOT 31 63
[28620] = CNOT 31 64
[28621] = S 31
[28622] = CNOT 31 64
[28623] = CNOT 31 77
[28624] = S 31
[28625] = CNOT 31 77
[28626] = CNOT 31 79
[28627] = S 31
[28628] = CNOT 31 79
[28629] = CNOT 31 84
[28630] = S 31
[28631] = CNOT 31 84
[28632] = CNOT 31 56
[28633] = CNOT 31 61
[28634] = CNOT 31 63
[28635] = S 31
[28636] = CNOT 31 63
[28637] = CNOT 31 64
[28638] = S 31
[28639] = CNOT 31 64
[28640] = CNOT 31 77
[28641] = S 31
[28642] = CNOT 31 77
[28643] = CNOT 31 79
[28644] = S 31
[28645] = CNOT 31 79
[28646] = CNOT 31 84
[28647] = S 31
[28648] = CNOT 31 84
[28649] = CNOT 31 61
[28650] = CNOT 31 63
[28651] = CNOT 31 64
[28652] = S 31
[28653] = CNOT 31 64
[28654] = CNOT 31 77
[28655] = S 31
[28656] = CNOT 31 77
[28657] = CNOT 31 79
[28658] = S 31
[28659] = CNOT 31 79
[28660] = CNOT 31 84
[28661] = S 31
[28662] = CNOT 31 84
[28663] = CNOT 31 63
[28664] = CNOT 31 64
[28665] = CNOT 31 77
[28666] = S 31
[28667] = CNOT 31 77
[28668] = CNOT 31 79
[28669] = S 31
[28670] = CNOT 31 79
[28671] = CNOT 31 84
[28672] = S 31
[28673] = CNOT 31 84
[28674] = CNOT 31 64
[28675] = CNOT 31 77
[28676] = CNOT 31 79
[28677] = S 31
[28678] = CNOT 31 79
[28679] = CNOT 31 84
[28680] = S 31
[28681] = CNOT 31 77
[28682] = CNOT 31 79
[28683] = S 31
[28684] = CNOT 31 84
[28685] = CNOT 31 79
[28686] = CNOT 32 46
[28687] = CNOT 32 51
[28688] = Z 32
[28689] = CNOT 32 51
[28690] = CNOT 32 54
[28691] = Z 32
[28692] = CNOT 32 54
[28693] = CNOT 32 61
[28694] = Z 32
[28695] = CNOT 32 61
[28696] = CNOT 32 63
[28697] = Z 32
[28698] = CNOT 32 63
[28699] = CNOT 32 64
[28700] = Z 32
[28701] = CNOT 32 64
[28702] = CNOT 32 77
[28703] = Z 32
[28704] = CNOT 32 77
[28705] = CNOT 32 79
[28706] = Z 32
[28707] = CNOT 32 79
[28708] = CNOT 32 84
[28709] = Z 32
[28710] = CNOT 32 84
[28711] = CNOT 32 46
[28712] = CNOT 32 51
[28713] = CNOT 32 54
[28714] = Z 32
[28715] = CNOT 32 54
[28716] = CNOT 32 61
[28717] = Z 32
[28718] = CNOT 32 61
[28719] = CNOT 32 63
[28720] = Z 32
[28721] = CNOT 32 63
[28722] = CNOT 32 64
[28723] = Z 32
[28724] = CNOT 32 64
[28725] = CNOT 32 77
[28726] = Z 32
[28727] = CNOT 32 77
[28728] = CNOT 32 79
[28729] = Z 32
[28730] = CNOT 32 79
[28731] = CNOT 32 84
[28732] = Z 32
[28733] = CNOT 32 84
[28734] = CNOT 32 51
[28735] = CNOT 32 54
[28736] = CNOT 32 61
[28737] = Z 32
[28738] = CNOT 32 61
[28739] = CNOT 32 63
[28740] = Z 32
[28741] = CNOT 32 63
[28742] = CNOT 32 64
[28743] = Z 32
[28744] = CNOT 32 64
[28745] = CNOT 32 77
[28746] = Z 32
[28747] = CNOT 32 77
[28748] = CNOT 32 79
[28749] = Z 32
[28750] = CNOT 32 79
[28751] = CNOT 32 84
[28752] = Z 32
[28753] = CNOT 32 84
[28754] = CNOT 32 54
[28755] = CNOT 32 61
[28756] = CNOT 32 63
[28757] = Z 32
[28758] = CNOT 32 63
[28759] = CNOT 32 64
[28760] = Z 32
[28761] = CNOT 32 64
[28762] = CNOT 32 77
[28763] = Z 32
[28764] = CNOT 32 77
[28765] = CNOT 32 79
[28766] = Z 32
[28767] = CNOT 32 79
[28768] = CNOT 32 84
[28769] = Z 32
[28770] = CNOT 32 84
[28771] = CNOT 32 61
[28772] = CNOT 32 63
[28773] = CNOT 32 64
[28774] = Z 32
[28775] = CNOT 32 64
[28776] = CNOT 32 77
[28777] = Z 32
[28778] = CNOT 32 77
[28779] = CNOT 32 79
[28780] = Z 32
[28781] = CNOT 32 79
[28782] = CNOT 32 84
[28783] = Z 32
[28784] = CNOT 32 84
[28785] = CNOT 32 63
[28786] = CNOT 32 64
[28787] = CNOT 32 77
[28788] = Z 32
[28789] = CNOT 32 77
[28790] = CNOT 32 79
[28791] = Z 32
[28792] = CNOT 32 79
[28793] = CNOT 32 84
[28794] = Z 32
[28795] = CNOT 32 84
[28796] = CNOT 32 64
[28797] = CNOT 32 77
[28798] = CNOT 32 79
[28799] = Z 32
[28800] = CNOT 32 79
[28801] = CNOT 32 84
[28802] = Z 32
[28803] = CNOT 32 77
[28804] = CNOT 32 79
[28805] = Z 32
[28806] = CNOT 32 79
[28807] = CNOT 33 35
[28808] = CNOT 33 36
[28809] = S 33
[28810] = Z 33
[28811] = CNOT 33 36
[28812] = CNOT 33 37
[28813] = S 33
[28814] = Z 33
[28815] = CNOT 33 37
[28816] = CNOT 33 43
[28817] = S 33
[28818] = Z 33
[28819] = CNOT 33 43
[28820] = CNOT 33 46
[28821] = S 33
[28822] = Z 33
[28823] = CNOT 33 46
[28824] = CNOT 33 53
[28825] = S 33
[28826] = Z 33
[28827] = CNOT 33 53
[28828] = CNOT 33 56
[28829] = S 33
[28830] = Z 33
[28831] = CNOT 33 56
[28832] = CNOT 33 61
[28833] = S 33
[28834] = Z 33
[28835] = CNOT 33 61
[28836] = CNOT 33 63
[28837] = S 33
[28838] = Z 33
[28839] = CNOT 33 63
[28840] = CNOT 33 64
[28841] = S 33
[28842] = Z 33
[28843] = CNOT 33 64
[28844] = CNOT 33 77
[28845] = S 33
[28846] = Z 33
[28847] = CNOT 33 77
[28848] = CNOT 33 79
[28849] = S 33
[28850] = Z 33
[28851] = CNOT 33 79
[28852] = CNOT 33 84
[28853] = S 33
[28854] = Z 33
[28855] = CNOT 33 84
[28856] = CNOT 33 35
[28857] = CNOT 33 36
[28858] = CNOT 33 37
[28859] = Z 33
[28860] = CNOT 33 37
[28861] = CNOT 33 43
[28862] = Z 33
[28863] = CNOT 33 43
[28864] = CNOT 33 46
[28865] = Z 33
[28866] = CNOT 33 46
[28867] = CNOT 33 53
[28868] = Z 33
[28869] = CNOT 33 53
[28870] = CNOT 33 56
[28871] = Z 33
[28872] = CNOT 33 56
[28873] = CNOT 33 61
[28874] = Z 33
[28875] = CNOT 33 61
[28876] = CNOT 33 63
[28877] = Z 33
[28878] = CNOT 33 63
[28879] = CNOT 33 64
[28880] = Z 33
[28881] = CNOT 33 64
[28882] = CNOT 33 77
[28883] = Z 33
[28884] = CNOT 33 77
[28885] = CNOT 33 79
[28886] = Z 33
[28887] = CNOT 33 79
[28888] = CNOT 33 84
[28889] = Z 33
[28890] = CNOT 33 84
[28891] = CNOT 33 36
[28892] = CNOT 33 37
[28893] = CNOT 33 43
[28894] = Z 33
[28895] = CNOT 33 43
[28896] = CNOT 33 46
[28897] = Z 33
[28898] = CNOT 33 46
[28899] = CNOT 33 53
[28900] = Z 33
[28901] = CNOT 33 53
[28902] = CNOT 33 56
[28903] = Z 33
[28904] = CNOT 33 56
[28905] = CNOT 33 61
[28906] = Z 33
[28907] = CNOT 33 61
[28908] = CNOT 33 63
[28909] = Z 33
[28910] = CNOT 33 63
[28911] = CNOT 33 64
[28912] = Z 33
[28913] = CNOT 33 64
[28914] = CNOT 33 77
[28915] = Z 33
[28916] = CNOT 33 77
[28917] = CNOT 33 79
[28918] = Z 33
[28919] = CNOT 33 79
[28920] = CNOT 33 84
[28921] = Z 33
[28922] = CNOT 33 84
[28923] = CNOT 33 37
[28924] = CNOT 33 38
[28925] = CNOT 33 41
[28926] = S 33
[28927] = Z 33
[28928] = CNOT 33 41
[28929] = CNOT 33 46
[28930] = S 33
[28931] = Z 33
[28932] = CNOT 33 46
[28933] = CNOT 33 62
[28934] = S 33
[28935] = Z 33
[28936] = CNOT 33 62
[28937] = CNOT 33 63
[28938] = S 33
[28939] = Z 33
[28940] = CNOT 33 63
[28941] = CNOT 33 64
[28942] = S 33
[28943] = Z 33
[28944] = CNOT 33 64
[28945] = CNOT 33 77
[28946] = S 33
[28947] = Z 33
[28948] = CNOT 33 77
[28949] = CNOT 33 79
[28950] = S 33
[28951] = Z 33
[28952] = CNOT 33 79
[28953] = CNOT 33 84
[28954] = S 33
[28955] = Z 33
[28956] = CNOT 33 84
[28957] = CNOT 33 38
[28958] = CNOT 33 39
[28959] = CNOT 33 41
[28960] = S 33
[28961] = Z 33
[28962] = CNOT 33 41
[28963] = CNOT 33 46
[28964] = S 33
[28965] = Z 33
[28966] = CNOT 33 46
[28967] = CNOT 33 62
[28968] = S 33
[28969] = Z 33
[28970] = CNOT 33 62
[28971] = CNOT 33 63
[28972] = S 33
[28973] = Z 33
[28974] = CNOT 33 63
[28975] = CNOT 33 64
[28976] = S 33
[28977] = Z 33
[28978] = CNOT 33 64
[28979] = CNOT 33 77
[28980] = S 33
[28981] = Z 33
[28982] = CNOT 33 77
[28983] = CNOT 33 79
[28984] = S 33
[28985] = Z 33
[28986] = CNOT 33 79
[28987] = CNOT 33 84
[28988] = S 33
[28989] = Z 33
[28990] = CNOT 33 84
[28991] = CNOT 33 39
[28992] = CNOT 33 41
[28993] = CNOT 33 46
[28994] = Z 33
[28995] = CNOT 33 46
[28996] = CNOT 33 62
[28997] = Z 33
[28998] = CNOT 33 62
[28999] = CNOT 33 63
[29000] = Z 33
[29001] = CNOT 33 63
[29002] = CNOT 33 64
[29003] = Z 33
[29004] = CNOT 33 64
[29005] = CNOT 33 77
[29006] = Z 33
[29007] = CNOT 33 77
[29008] = CNOT 33 79
[29009] = Z 33
[29010] = CNOT 33 79
[29011] = CNOT 33 84
[29012] = Z 33
[29013] = CNOT 33 84
[29014] = CNOT 33 41
[29015] = CNOT 33 43
[29016] = CNOT 33 46
[29017] = Z 33
[29018] = CNOT 33 46
[29019] = CNOT 33 53
[29020] = Z 33
[29021] = CNOT 33 53
[29022] = CNOT 33 56
[29023] = Z 33
[29024] = CNOT 33 56
[29025] = CNOT 33 61
[29026] = Z 33
[29027] = CNOT 33 61
[29028] = CNOT 33 63
[29029] = Z 33
[29030] = CNOT 33 63
[29031] = CNOT 33 64
[29032] = Z 33
[29033] = CNOT 33 64
[29034] = CNOT 33 77
[29035] = Z 33
[29036] = CNOT 33 77
[29037] = CNOT 33 79
[29038] = Z 33
[29039] = CNOT 33 79
[29040] = CNOT 33 84
[29041] = Z 33
[29042] = CNOT 33 84
[29043] = CNOT 33 43
[29044] = CNOT 33 46
[29045] = CNOT 33 53
[29046] = Z 33
[29047] = CNOT 33 53
[29048] = CNOT 33 56
[29049] = Z 33
[29050] = CNOT 33 56
[29051] = CNOT 33 61
[29052] = Z 33
[29053] = CNOT 33 61
[29054] = CNOT 33 62
[29055] = Z 33
[29056] = CNOT 33 62
[29057] = CNOT 33 46
[29058] = CNOT 33 53
[29059] = CNOT 33 56
[29060] = Z 33
[29061] = CNOT 33 56
[29062] = CNOT 33 61
[29063] = Z 33
[29064] = CNOT 33 61
[29065] = CNOT 33 63
[29066] = Z 33
[29067] = CNOT 33 63
[29068] = CNOT 33 64
[29069] = Z 33
[29070] = CNOT 33 64
[29071] = CNOT 33 77
[29072] = Z 33
[29073] = CNOT 33 77
[29074] = CNOT 33 79
[29075] = Z 33
[29076] = CNOT 33 79
[29077] = CNOT 33 84
[29078] = Z 33
[29079] = CNOT 33 84
[29080] = CNOT 33 53
[29081] = CNOT 33 56
[29082] = CNOT 33 61
[29083] = Z 33
[29084] = CNOT 33 61
[29085] = CNOT 33 63
[29086] = Z 33
[29087] = CNOT 33 63
[29088] = CNOT 33 64
[29089] = Z 33
[29090] = CNOT 33 64
[29091] = CNOT 33 77
[29092] = Z 33
[29093] = CNOT 33 77
[29094] = CNOT 33 79
[29095] = Z 33
[29096] = CNOT 33 79
[29097] = CNOT 33 84
[29098] = Z 33
[29099] = CNOT 33 84
[29100] = CNOT 33 56
[29101] = CNOT 33 61
[29102] = CNOT 33 63
[29103] = Z 33
[29104] = CNOT 33 63
[29105] = CNOT 33 64
[29106] = Z 33
[29107] = CNOT 33 64
[29108] = CNOT 33 77
[29109] = Z 33
[29110] = CNOT 33 77
[29111] = CNOT 33 79
[29112] = Z 33
[29113] = CNOT 33 79
[29114] = CNOT 33 84
[29115] = Z 33
[29116] = CNOT 33 84
[29117] = CNOT 33 61
[29118] = CNOT 33 62
[29119] = CNOT 33 63
[29120] = Z 33
[29121] = CNOT 33 63
[29122] = CNOT 33 64
[29123] = Z 33
[29124] = CNOT 33 64
[29125] = CNOT 33 77
[29126] = Z 33
[29127] = CNOT 33 77
[29128] = CNOT 33 79
[29129] = Z 33
[29130] = CNOT 33 79
[29131] = CNOT 33 84
[29132] = Z 33
[29133] = CNOT 33 84
[29134] = CNOT 33 62
[29135] = CNOT 34 43
[29136] = CNOT 34 46
[29137] = Z 34
[29138] = CNOT 34 46
[29139] = CNOT 34 52
[29140] = Z 34
[29141] = CNOT 34 52
[29142] = CNOT 34 56
[29143] = Z 34
[29144] = CNOT 34 56
[29145] = CNOT 34 61
[29146] = Z 34
[29147] = CNOT 34 61
[29148] = CNOT 34 63
[29149] = Z 34
[29150] = CNOT 34 63
[29151] = CNOT 34 64
[29152] = Z 34
[29153] = CNOT 34 64
[29154] = CNOT 34 77
[29155] = Z 34
[29156] = CNOT 34 77
[29157] = CNOT 34 79
[29158] = Z 34
[29159] = CNOT 34 79
[29160] = CNOT 34 84
[29161] = Z 34
[29162] = CNOT 34 84
[29163] = CNOT 34 43
[29164] = CNOT 34 46
[29165] = CNOT 34 52
[29166] = Z 34
[29167] = CNOT 34 52
[29168] = CNOT 34 56
[29169] = Z 34
[29170] = CNOT 34 56
[29171] = CNOT 34 61
[29172] = Z 34
[29173] = CNOT 34 61
[29174] = CNOT 34 63
[29175] = Z 34
[29176] = CNOT 34 63
[29177] = CNOT 34 64
[29178] = Z 34
[29179] = CNOT 34 64
[29180] = CNOT 34 77
[29181] = Z 34
[29182] = CNOT 34 77
[29183] = CNOT 34 79
[29184] = Z 34
[29185] = CNOT 34 79
[29186] = CNOT 34 84
[29187] = Z 34
[29188] = CNOT 34 84
[29189] = CNOT 34 46
[29190] = CNOT 34 52
[29191] = CNOT 34 56
[29192] = Z 34
[29193] = CNOT 34 56
[29194] = CNOT 34 61
[29195] = Z 34
[29196] = CNOT 34 61
[29197] = CNOT 34 63
[29198] = Z 34
[29199] = CNOT 34 63
[29200] = CNOT 34 64
[29201] = Z 34
[29202] = CNOT 34 64
[29203] = CNOT 34 77
[29204] = Z 34
[29205] = CNOT 34 77
[29206] = CNOT 34 79
[29207] = Z 34
[29208] = CNOT 34 79
[29209] = CNOT 34 84
[29210] = Z 34
[29211] = CNOT 34 84
[29212] = CNOT 34 52
[29213] = CNOT 34 56
[29214] = CNOT 34 61
[29215] = Z 34
[29216] = CNOT 34 61
[29217] = CNOT 34 63
[29218] = Z 34
[29219] = CNOT 34 63
[29220] = CNOT 34 64
[29221] = Z 34
[29222] = CNOT 34 64
[29223] = CNOT 34 77
[29224] = Z 34
[29225] = CNOT 34 77
[29226] = CNOT 34 79
[29227] = Z 34
[29228] = CNOT 34 79
[29229] = CNOT 34 84
[29230] = Z 34
[29231] = CNOT 34 84
[29232] = CNOT 34 56
[29233] = CNOT 34 61
[29234] = CNOT 34 63
[29235] = Z 34
[29236] = CNOT 34 63
[29237] = CNOT 34 64
[29238] = Z 34
[29239] = CNOT 34 64
[29240] = CNOT 34 77
[29241] = Z 34
[29242] = CNOT 34 77
[29243] = CNOT 34 79
[29244] = Z 34
[29245] = CNOT 34 79
[29246] = CNOT 34 84
[29247] = Z 34
[29248] = CNOT 34 84
[29249] = CNOT 34 61
[29250] = CNOT 34 63
[29251] = CNOT 34 64
[29252] = Z 34
[29253] = CNOT 34 64
[29254] = CNOT 34 77
[29255] = Z 34
[29256] = CNOT 34 77
[29257] = CNOT 34 79
[29258] = Z 34
[29259] = CNOT 34 79
[29260] = CNOT 34 84
[29261] = Z 34
[29262] = CNOT 34 84
[29263] = CNOT 34 63
[29264] = CNOT 34 64
[29265] = CNOT 34 77
[29266] = Z 34
[29267] = CNOT 34 77
[29268] = CNOT 34 79
[29269] = Z 34
[29270] = CNOT 34 79
[29271] = CNOT 34 84
[29272] = Z 34
[29273] = CNOT 34 84
[29274] = CNOT 34 64
[29275] = CNOT 34 77
[29276] = CNOT 34 79
[29277] = Z 34
[29278] = CNOT 34 79
[29279] = CNOT 34 84
[29280] = Z 34
[29281] = CNOT 34 77
[29282] = CNOT 34 79
[29283] = Z 34
[29284] = CNOT 34 84
[29285] = CNOT 34 79
[29286] = CNOT 35 36
[29287] = CNOT 35 37
[29288] = S 35
[29289] = Z 35
[29290] = CNOT 35 37
[29291] = CNOT 35 43
[29292] = Z 35
[29293] = CNOT 35 43
[29294] = CNOT 35 46
[29295] = Z 35
[29296] = CNOT 35 46
[29297] = CNOT 35 53
[29298] = Z 35
[29299] = CNOT 35 53
[29300] = CNOT 35 56
[29301] = Z 35
[29302] = CNOT 35 56
[29303] = CNOT 35 61
[29304] = Z 35
[29305] = CNOT 35 61
[29306] = CNOT 35 63
[29307] = Z 35
[29308] = CNOT 35 63
[29309] = CNOT 35 64
[29310] = Z 35
[29311] = CNOT 35 64
[29312] = CNOT 35 77
[29313] = Z 35
[29314] = CNOT 35 77
[29315] = CNOT 35 79
[29316] = Z 35
[29317] = CNOT 35 79
[29318] = CNOT 35 84
[29319] = Z 35
[29320] = CNOT 35 84
[29321] = CNOT 35 36
[29322] = CNOT 35 37
[29323] = CNOT 35 43
[29324] = S 35
[29325] = Z 35
[29326] = CNOT 35 43
[29327] = CNOT 35 46
[29328] = S 35
[29329] = Z 35
[29330] = CNOT 35 46
[29331] = CNOT 35 53
[29332] = S 35
[29333] = Z 35
[29334] = CNOT 35 53
[29335] = CNOT 35 56
[29336] = S 35
[29337] = Z 35
[29338] = CNOT 35 56
[29339] = CNOT 35 61
[29340] = S 35
[29341] = Z 35
[29342] = CNOT 35 61
[29343] = CNOT 35 63
[29344] = S 35
[29345] = Z 35
[29346] = CNOT 35 63
[29347] = CNOT 35 64
[29348] = S 35
[29349] = Z 35
[29350] = CNOT 35 64
[29351] = CNOT 35 77
[29352] = S 35
[29353] = Z 35
[29354] = CNOT 35 77
[29355] = CNOT 35 79
[29356] = S 35
[29357] = Z 35
[29358] = CNOT 35 79
[29359] = CNOT 35 84
[29360] = S 35
[29361] = Z 35
[29362] = CNOT 35 84
[29363] = CNOT 35 37
[29364] = CNOT 35 43
[29365] = CNOT 35 46
[29366] = Z 35
[29367] = CNOT 35 46
[29368] = CNOT 35 53
[29369] = Z 35
[29370] = CNOT 35 53
[29371] = CNOT 35 56
[29372] = Z 35
[29373] = CNOT 35 56
[29374] = CNOT 35 61
[29375] = Z 35
[29376] = CNOT 35 61
[29377] = CNOT 35 63
[29378] = Z 35
[29379] = CNOT 35 63
[29380] = CNOT 35 64
[29381] = Z 35
[29382] = CNOT 35 64
[29383] = CNOT 35 77
[29384] = Z 35
[29385] = CNOT 35 77
[29386] = CNOT 35 79
[29387] = Z 35
[29388] = CNOT 35 79
[29389] = CNOT 35 84
[29390] = Z 35
[29391] = CNOT 35 84
[29392] = CNOT 35 43
[29393] = CNOT 35 46
[29394] = CNOT 35 53
[29395] = Z 35
[29396] = CNOT 35 53
[29397] = CNOT 35 56
[29398] = Z 35
[29399] = CNOT 35 56
[29400] = CNOT 35 61
[29401] = Z 35
[29402] = CNOT 35 61
[29403] = CNOT 35 63
[29404] = Z 35
[29405] = CNOT 35 63
[29406] = CNOT 35 64
[29407] = Z 35
[29408] = CNOT 35 64
[29409] = CNOT 35 77
[29410] = Z 35
[29411] = CNOT 35 77
[29412] = CNOT 35 79
[29413] = Z 35
[29414] = CNOT 35 79
[29415] = CNOT 35 84
[29416] = Z 35
[29417] = CNOT 35 84
[29418] = CNOT 35 46
[29419] = CNOT 35 53
[29420] = CNOT 35 56
[29421] = Z 35
[29422] = CNOT 35 56
[29423] = CNOT 35 61
[29424] = Z 35
[29425] = CNOT 35 61
[29426] = CNOT 35 63
[29427] = Z 35
[29428] = CNOT 35 63
[29429] = CNOT 35 64
[29430] = Z 35
[29431] = CNOT 35 64
[29432] = CNOT 35 77
[29433] = Z 35
[29434] = CNOT 35 77
[29435] = CNOT 35 79
[29436] = Z 35
[29437] = CNOT 35 79
[29438] = CNOT 35 84
[29439] = Z 35
[29440] = CNOT 35 84
[29441] = CNOT 35 53
[29442] = CNOT 35 56
[29443] = CNOT 35 61
[29444] = Z 35
[29445] = CNOT 35 61
[29446] = CNOT 35 63
[29447] = Z 35
[29448] = CNOT 35 63
[29449] = CNOT 35 64
[29450] = Z 35
[29451] = CNOT 35 64
[29452] = CNOT 35 77
[29453] = Z 35
[29454] = CNOT 35 77
[29455] = CNOT 35 79
[29456] = Z 35
[29457] = CNOT 35 79
[29458] = CNOT 35 84
[29459] = Z 35
[29460] = CNOT 35 84
[29461] = CNOT 35 56
[29462] = CNOT 35 61
[29463] = CNOT 35 63
[29464] = Z 35
[29465] = CNOT 35 63
[29466] = CNOT 35 64
[29467] = Z 35
[29468] = CNOT 35 64
[29469] = CNOT 35 77
[29470] = Z 35
[29471] = CNOT 35 77
[29472] = CNOT 35 79
[29473] = Z 35
[29474] = CNOT 35 79
[29475] = CNOT 35 84
[29476] = Z 35
[29477] = CNOT 35 84
[29478] = CNOT 35 61
[29479] = CNOT 35 63
[29480] = CNOT 35 64
[29481] = Z 35
[29482] = CNOT 35 64
[29483] = CNOT 35 77
[29484] = Z 35
[29485] = CNOT 35 77
[29486] = CNOT 35 79
[29487] = Z 35
[29488] = CNOT 35 79
[29489] = CNOT 35 84
[29490] = Z 35
[29491] = CNOT 35 84
[29492] = CNOT 35 63
[29493] = CNOT 35 64
[29494] = CNOT 35 77
[29495] = Z 35
[29496] = CNOT 35 77
[29497] = CNOT 35 79
[29498] = Z 35
[29499] = CNOT 35 79
[29500] = CNOT 35 84
[29501] = Z 35
[29502] = CNOT 35 84
[29503] = CNOT 35 64
[29504] = CNOT 35 77
[29505] = CNOT 35 79
[29506] = Z 35
[29507] = CNOT 35 79
[29508] = CNOT 35 84
[29509] = Z 35
[29510] = CNOT 35 77
[29511] = CNOT 35 79
[29512] = Z 35
[29513] = CNOT 35 84
[29514] = CNOT 35 79
[29515] = CNOT 36 37
[29516] = CNOT 36 43
[29517] = Z 36
[29518] = CNOT 36 43
[29519] = CNOT 36 46
[29520] = Z 36
[29521] = CNOT 36 46
[29522] = CNOT 36 53
[29523] = Z 36
[29524] = CNOT 36 53
[29525] = CNOT 36 56
[29526] = Z 36
[29527] = CNOT 36 56
[29528] = CNOT 36 61
[29529] = Z 36
[29530] = CNOT 36 61
[29531] = CNOT 36 63
[29532] = Z 36
[29533] = CNOT 36 63
[29534] = CNOT 36 64
[29535] = Z 36
[29536] = CNOT 36 64
[29537] = CNOT 36 77
[29538] = Z 36
[29539] = CNOT 36 77
[29540] = CNOT 36 79
[29541] = Z 36
[29542] = CNOT 36 79
[29543] = CNOT 36 84
[29544] = Z 36
[29545] = CNOT 36 84
[29546] = CNOT 36 37
[29547] = CNOT 37 43
[29548] = CNOT 37 46
[29549] = Z 37
[29550] = CNOT 37 46
[29551] = CNOT 37 53
[29552] = Z 37
[29553] = CNOT 37 53
[29554] = CNOT 37 56
[29555] = Z 37
[29556] = CNOT 37 56
[29557] = CNOT 37 61
[29558] = Z 37
[29559] = CNOT 37 61
[29560] = CNOT 37 63
[29561] = Z 37
[29562] = CNOT 37 63
[29563] = CNOT 37 64
[29564] = Z 37
[29565] = CNOT 37 64
[29566] = CNOT 37 77
[29567] = Z 37
[29568] = CNOT 37 77
[29569] = CNOT 37 79
[29570] = Z 37
[29571] = CNOT 37 79
[29572] = CNOT 37 84
[29573] = Z 37
[29574] = CNOT 37 84
[29575] = CNOT 37 43
[29576] = CNOT 37 46
[29577] = CNOT 37 53
[29578] = Z 37
[29579] = CNOT 37 53
[29580] = CNOT 37 56
[29581] = Z 37
[29582] = CNOT 37 56
[29583] = CNOT 37 61
[29584] = Z 37
[29585] = CNOT 37 61
[29586] = CNOT 37 63
[29587] = Z 37
[29588] = CNOT 37 63
[29589] = CNOT 37 64
[29590] = Z 37
[29591] = CNOT 37 64
[29592] = CNOT 37 77
[29593] = Z 37
[29594] = CNOT 37 77
[29595] = CNOT 37 79
[29596] = Z 37
[29597] = CNOT 37 79
[29598] = CNOT 37 84
[29599] = Z 37
[29600] = CNOT 37 84
[29601] = CNOT 37 46
[29602] = CNOT 37 53
[29603] = CNOT 37 56
[29604] = Z 37
[29605] = CNOT 37 56
[29606] = CNOT 37 61
[29607] = Z 37
[29608] = CNOT 37 61
[29609] = CNOT 37 63
[29610] = Z 37
[29611] = CNOT 37 63
[29612] = CNOT 37 64
[29613] = Z 37
[29614] = CNOT 37 64
[29615] = CNOT 37 77
[29616] = Z 37
[29617] = CNOT 37 77
[29618] = CNOT 37 79
[29619] = Z 37
[29620] = CNOT 37 79
[29621] = CNOT 37 84
[29622] = Z 37
[29623] = CNOT 37 84
[29624] = CNOT 37 53
[29625] = CNOT 37 56
[29626] = CNOT 37 61
[29627] = Z 37
[29628] = CNOT 37 61
[29629] = CNOT 37 63
[29630] = Z 37
[29631] = CNOT 37 63
[29632] = CNOT 37 64
[29633] = Z 37
[29634] = CNOT 37 64
[29635] = CNOT 37 77
[29636] = Z 37
[29637] = CNOT 37 77
[29638] = CNOT 37 79
[29639] = Z 37
[29640] = CNOT 37 79
[29641] = CNOT 37 84
[29642] = Z 37
[29643] = CNOT 37 84
[29644] = CNOT 37 56
[29645] = CNOT 37 61
[29646] = CNOT 37 63
[29647] = Z 37
[29648] = CNOT 37 63
[29649] = CNOT 37 64
[29650] = Z 37
[29651] = CNOT 37 64
[29652] = CNOT 37 77
[29653] = Z 37
[29654] = CNOT 37 77
[29655] = CNOT 37 79
[29656] = Z 37
[29657] = CNOT 37 79
[29658] = CNOT 37 84
[29659] = Z 37
[29660] = CNOT 37 84
[29661] = CNOT 37 61
[29662] = CNOT 37 63
[29663] = CNOT 37 64
[29664] = Z 37
[29665] = CNOT 37 64
[29666] = CNOT 37 77
[29667] = Z 37
[29668] = CNOT 37 77
[29669] = CNOT 37 79
[29670] = Z 37
[29671] = CNOT 37 79
[29672] = CNOT 37 84
[29673] = Z 37
[29674] = CNOT 37 84
[29675] = CNOT 37 63
[29676] = CNOT 37 64
[29677] = CNOT 37 77
[29678] = Z 37
[29679] = CNOT 37 77
[29680] = CNOT 37 79
[29681] = Z 37
[29682] = CNOT 37 79
[29683] = CNOT 37 84
[29684] = Z 37
[29685] = CNOT 37 84
[29686] = CNOT 37 64
[29687] = CNOT 37 77
[29688] = CNOT 37 79
[29689] = Z 37
[29690] = CNOT 37 79
[29691] = CNOT 37 84
[29692] = Z 37
[29693] = CNOT 37 77
[29694] = CNOT 37 79
[29695] = Z 37
[29696] = CNOT 37 84
[29697] = CNOT 37 79
[29698] = CNOT 38 39
[29699] = CNOT 38 41
[29700] = S 38
[29701] = Z 38
[29702] = CNOT 38 41
[29703] = CNOT 38 46
[29704] = S 38
[29705] = Z 38
[29706] = CNOT 38 46
[29707] = CNOT 38 62
[29708] = S 38
[29709] = Z 38
[29710] = CNOT 38 62
[29711] = CNOT 38 63
[29712] = S 38
[29713] = Z 38
[29714] = CNOT 38 63
[29715] = CNOT 38 64
[29716] = S 38
[29717] = Z 38
[29718] = CNOT 38 64
[29719] = CNOT 38 77
[29720] = S 38
[29721] = Z 38
[29722] = CNOT 38 77
[29723] = CNOT 38 79
[29724] = S 38
[29725] = Z 38
[29726] = CNOT 38 79
[29727] = CNOT 38 84
[29728] = S 38
[29729] = Z 38
[29730] = CNOT 38 84
[29731] = CNOT 38 39
[29732] = CNOT 38 41
[29733] = CNOT 38 46
[29734] = Z 38
[29735] = CNOT 38 46
[29736] = CNOT 38 62
[29737] = Z 38
[29738] = CNOT 38 62
[29739] = CNOT 38 63
[29740] = Z 38
[29741] = CNOT 38 63
[29742] = CNOT 38 64
[29743] = Z 38
[29744] = CNOT 38 64
[29745] = CNOT 38 77
[29746] = Z 38
[29747] = CNOT 38 77
[29748] = CNOT 38 79
[29749] = Z 38
[29750] = CNOT 38 79
[29751] = CNOT 38 84
[29752] = Z 38
[29753] = CNOT 38 84
[29754] = CNOT 38 41
[29755] = CNOT 38 42
[29756] = CNOT 38 46
[29757] = S 38
[29758] = CNOT 38 46
[29759] = CNOT 38 57
[29760] = S 38
[29761] = Z 38
[29762] = CNOT 38 57
[29763] = CNOT 38 62
[29764] = Z 38
[29765] = CNOT 38 62
[29766] = CNOT 38 63
[29767] = S 38
[29768] = CNOT 38 63
[29769] = CNOT 38 64
[29770] = S 38
[29771] = CNOT 38 64
[29772] = CNOT 38 66
[29773] = S 38
[29774] = Z 38
[29775] = CNOT 38 66
[29776] = CNOT 38 71
[29777] = S 38
[29778] = Z 38
[29779] = CNOT 38 71
[29780] = CNOT 38 77
[29781] = S 38
[29782] = CNOT 38 77
[29783] = CNOT 38 79
[29784] = S 38
[29785] = CNOT 38 79
[29786] = CNOT 38 84
[29787] = S 38
[29788] = CNOT 38 84
[29789] = CNOT 38 42
[29790] = CNOT 38 43
[29791] = CNOT 38 46
[29792] = S 38
[29793] = Z 38
[29794] = CNOT 38 46
[29795] = CNOT 38 61
[29796] = S 38
[29797] = Z 38
[29798] = CNOT 38 61
[29799] = CNOT 38 63
[29800] = S 38
[29801] = Z 38
[29802] = CNOT 38 63
[29803] = CNOT 38 64
[29804] = S 38
[29805] = Z 38
[29806] = CNOT 38 64
[29807] = CNOT 38 77
[29808] = S 38
[29809] = Z 38
[29810] = CNOT 38 77
[29811] = CNOT 38 79
[29812] = S 38
[29813] = Z 38
[29814] = CNOT 38 79
[29815] = CNOT 38 84
[29816] = S 38
[29817] = Z 38
[29818] = CNOT 38 84
[29819] = CNOT 38 43
[29820] = CNOT 38 46
[29821] = CNOT 38 47
[29822] = S 38
[29823] = Z 38
[29824] = CNOT 38 47
[29825] = CNOT 38 51
[29826] = S 38
[29827] = Z 38
[29828] = CNOT 38 51
[29829] = CNOT 38 57
[29830] = S 38
[29831] = Z 38
[29832] = CNOT 38 57
[29833] = CNOT 38 61
[29834] = Z 38
[29835] = CNOT 38 61
[29836] = CNOT 38 63
[29837] = S 38
[29838] = Z 38
[29839] = CNOT 38 63
[29840] = CNOT 38 64
[29841] = S 38
[29842] = Z 38
[29843] = CNOT 38 64
[29844] = CNOT 38 66
[29845] = S 38
[29846] = Z 38
[29847] = CNOT 38 66
[29848] = CNOT 38 71
[29849] = S 38
[29850] = Z 38
[29851] = CNOT 38 71
[29852] = CNOT 38 77
[29853] = S 38
[29854] = Z 38
[29855] = CNOT 38 77
[29856] = CNOT 38 80
[29857] = S 38
[29858] = Z 38
[29859] = CNOT 38 80
[29860] = CNOT 38 84
[29861] = S 38
[29862] = Z 38
[29863] = CNOT 38 84
[29864] = CNOT 38 46
[29865] = CNOT 38 47
[29866] = CNOT 38 63
[29867] = S 38
[29868] = Z 38
[29869] = CNOT 38 63
[29870] = CNOT 38 64
[29871] = S 38
[29872] = Z 38
[29873] = CNOT 38 64
[29874] = CNOT 38 77
[29875] = S 38
[29876] = Z 38
[29877] = CNOT 38 77
[29878] = CNOT 38 84
[29879] = S 38
[29880] = Z 38
[29881] = CNOT 38 84
[29882] = CNOT 38 47
[29883] = CNOT 38 51
[29884] = CNOT 38 63
[29885] = S 38
[29886] = Z 38
[29887] = CNOT 38 63
[29888] = CNOT 38 64
[29889] = S 38
[29890] = Z 38
[29891] = CNOT 38 64
[29892] = CNOT 38 77
[29893] = S 38
[29894] = Z 38
[29895] = CNOT 38 77
[29896] = CNOT 38 84
[29897] = S 38
[29898] = Z 38
[29899] = CNOT 38 84
[29900] = CNOT 38 51
[29901] = CNOT 38 57
[29902] = CNOT 38 63
[29903] = S 38
[29904] = Z 38
[29905] = CNOT 38 63
[29906] = CNOT 38 64
[29907] = S 38
[29908] = Z 38
[29909] = CNOT 38 64
[29910] = CNOT 38 77
[29911] = S 38
[29912] = Z 38
[29913] = CNOT 38 77
[29914] = CNOT 38 79
[29915] = S 38
[29916] = Z 38
[29917] = CNOT 38 79
[29918] = CNOT 38 84
[29919] = S 38
[29920] = Z 38
[29921] = CNOT 38 84
[29922] = CNOT 38 57
[29923] = CNOT 38 61
[29924] = CNOT 38 63
[29925] = Z 38
[29926] = CNOT 38 63
[29927] = CNOT 38 64
[29928] = Z 38
[29929] = CNOT 38 64
[29930] = CNOT 38 77
[29931] = Z 38
[29932] = CNOT 38 77
[29933] = CNOT 38 79
[29934] = Z 38
[29935] = CNOT 38 79
[29936] = CNOT 38 80
[29937] = S 38
[29938] = Z 38
[29939] = CNOT 38 80
[29940] = CNOT 38 84
[29941] = Z 38
[29942] = CNOT 38 84
[29943] = CNOT 38 61
[29944] = CNOT 38 62
[29945] = CNOT 38 66
[29946] = S 38
[29947] = Z 38
[29948] = CNOT 38 66
[29949] = CNOT 38 71
[29950] = S 38
[29951] = Z 38
[29952] = CNOT 38 71
[29953] = CNOT 38 62
[29954] = CNOT 38 63
[29955] = CNOT 38 64
[29956] = S 38
[29957] = Z 38
[29958] = CNOT 38 64
[29959] = CNOT 38 66
[29960] = S 38
[29961] = Z 38
[29962] = CNOT 38 66
[29963] = CNOT 38 71
[29964] = S 38
[29965] = Z 38
[29966] = CNOT 38 71
[29967] = CNOT 38 77
[29968] = S 38
[29969] = Z 38
[29970] = CNOT 38 77
[29971] = CNOT 38 80
[29972] = S 38
[29973] = Z 38
[29974] = CNOT 38 80
[29975] = CNOT 38 84
[29976] = S 38
[29977] = Z 38
[29978] = CNOT 38 84
[29979] = CNOT 38 63
[29980] = CNOT 38 64
[29981] = CNOT 38 66
[29982] = S 38
[29983] = Z 38
[29984] = CNOT 38 66
[29985] = CNOT 38 71
[29986] = S 38
[29987] = Z 38
[29988] = CNOT 38 71
[29989] = CNOT 38 77
[29990] = S 38
[29991] = Z 38
[29992] = CNOT 38 77
[29993] = CNOT 38 80
[29994] = S 38
[29995] = Z 38
[29996] = CNOT 38 80
[29997] = CNOT 38 84
[29998] = S 38
[29999] = Z 38
[30000] = CNOT 38 84
[30001] = CNOT 38 64
[30002] = CNOT 38 66
[30003] = CNOT 38 77
[30004] = S 38
[30005] = Z 38
[30006] = CNOT 38 77
[30007] = CNOT 38 79
[30008] = S 38
[30009] = Z 38
[30010] = CNOT 38 79
[30011] = CNOT 38 84
[30012] = S 38
[30013] = Z 38
[30014] = CNOT 38 84
[30015] = CNOT 38 66
[30016] = CNOT 38 71
[30017] = CNOT 38 77
[30018] = S 38
[30019] = Z 38
[30020] = CNOT 38 77
[30021] = CNOT 38 79
[30022] = S 38
[30023] = Z 38
[30024] = CNOT 38 79
[30025] = CNOT 38 84
[30026] = S 38
[30027] = Z 38
[30028] = CNOT 38 84
[30029] = CNOT 38 71
[30030] = CNOT 38 77
[30031] = CNOT 38 80
[30032] = S 38
[30033] = Z 38
[30034] = CNOT 38 80
[30035] = CNOT 38 84
[30036] = S 38
[30037] = Z 38
[30038] = CNOT 38 84
[30039] = CNOT 38 77
[30040] = CNOT 38 79
[30041] = CNOT 38 80
[30042] = S 38
[30043] = Z 38
[30044] = CNOT 38 79
[30045] = CNOT 38 84
[30046] = S 38
[30047] = Z 38
[30048] = CNOT 38 84
[30049] = CNOT 38 80
[30050] = CNOT 39 41
[30051] = CNOT 39 46
[30052] = Z 39
[30053] = CNOT 39 46
[30054] = CNOT 39 62
[30055] = Z 39
[30056] = CNOT 39 62
[30057] = CNOT 39 63
[30058] = Z 39
[30059] = CNOT 39 63
[30060] = CNOT 39 64
[30061] = Z 39
[30062] = CNOT 39 64
[30063] = CNOT 39 77
[30064] = Z 39
[30065] = CNOT 39 77
[30066] = CNOT 39 79
[30067] = Z 39
[30068] = CNOT 39 79
[30069] = CNOT 39 84
[30070] = Z 39
[30071] = CNOT 39 84
[30072] = CNOT 39 41
[30073] = CNOT 39 46
[30074] = CNOT 39 62
[30075] = Z 39
[30076] = CNOT 39 62
[30077] = CNOT 39 63
[30078] = Z 39
[30079] = CNOT 39 63
[30080] = CNOT 39 64
[30081] = Z 39
[30082] = CNOT 39 64
[30083] = CNOT 39 77
[30084] = Z 39
[30085] = CNOT 39 77
[30086] = CNOT 39 79
[30087] = Z 39
[30088] = CNOT 39 79
[30089] = CNOT 39 84
[30090] = Z 39
[30091] = CNOT 39 84
[30092] = CNOT 39 46
[30093] = CNOT 39 62
[30094] = CNOT 39 63
[30095] = Z 39
[30096] = CNOT 39 63
[30097] = CNOT 39 64
[30098] = Z 39
[30099] = CNOT 39 64
[30100] = CNOT 39 77
[30101] = Z 39
[30102] = CNOT 39 77
[30103] = CNOT 39 79
[30104] = Z 39
[30105] = CNOT 39 79
[30106] = CNOT 39 84
[30107] = Z 39
[30108] = CNOT 39 84
[30109] = CNOT 39 62
[30110] = CNOT 39 63
[30111] = CNOT 39 64
[30112] = Z 39
[30113] = CNOT 39 64
[30114] = CNOT 39 77
[30115] = Z 39
[30116] = CNOT 39 77
[30117] = CNOT 39 79
[30118] = Z 39
[30119] = CNOT 39 79
[30120] = CNOT 39 84
[30121] = Z 39
[30122] = CNOT 39 84
[30123] = CNOT 39 63
[30124] = CNOT 39 64
[30125] = CNOT 39 77
[30126] = Z 39
[30127] = CNOT 39 77
[30128] = CNOT 39 79
[30129] = Z 39
[30130] = CNOT 39 79
[30131] = CNOT 39 84
[30132] = Z 39
[30133] = CNOT 39 84
[30134] = CNOT 39 64
[30135] = CNOT 39 77
[30136] = CNOT 39 79
[30137] = Z 39
[30138] = CNOT 39 79
[30139] = CNOT 39 84
[30140] = Z 39
[30141] = CNOT 39 77
[30142] = CNOT 39 79
[30143] = Z 39
[30144] = CNOT 39 84
[30145] = CNOT 39 79
[30146] = CNOT 40 43
[30147] = CNOT 40 45
[30148] = S 40
[30149] = CNOT 40 45
[30150] = CNOT 40 46
[30151] = S 40
[30152] = Z 40
[30153] = CNOT 40 46
[30154] = CNOT 40 53
[30155] = S 40
[30156] = CNOT 40 53
[30157] = CNOT 40 56
[30158] = S 40
[30159] = CNOT 40 56
[30160] = CNOT 40 60
[30161] = S 40
[30162] = Z 40
[30163] = CNOT 40 60
[30164] = CNOT 40 61
[30165] = S 40
[30166] = CNOT 40 61
[30167] = CNOT 40 63
[30168] = S 40
[30169] = CNOT 40 63
[30170] = CNOT 40 64
[30171] = Z 40
[30172] = CNOT 40 64
[30173] = CNOT 40 77
[30174] = S 40
[30175] = CNOT 40 77
[30176] = CNOT 40 79
[30177] = S 40
[30178] = CNOT 40 79
[30179] = CNOT 40 84
[30180] = S 40
[30181] = CNOT 40 84
[30182] = CNOT 40 43
[30183] = CNOT 40 44
[30184] = CNOT 40 46
[30185] = S 40
[30186] = Z 40
[30187] = CNOT 40 46
[30188] = CNOT 40 51
[30189] = S 40
[30190] = Z 40
[30191] = CNOT 40 51
[30192] = CNOT 40 61
[30193] = S 40
[30194] = Z 40
[30195] = CNOT 40 61
[30196] = CNOT 40 63
[30197] = S 40
[30198] = Z 40
[30199] = CNOT 40 63
[30200] = CNOT 40 64
[30201] = S 40
[30202] = Z 40
[30203] = CNOT 40 64
[30204] = CNOT 40 77
[30205] = S 40
[30206] = Z 40
[30207] = CNOT 40 77
[30208] = CNOT 40 79
[30209] = S 40
[30210] = Z 40
[30211] = CNOT 40 79
[30212] = CNOT 40 84
[30213] = S 40
[30214] = Z 40
[30215] = CNOT 40 84
[30216] = CNOT 40 44
[30217] = CNOT 40 45
[30218] = CNOT 40 46
[30219] = S 40
[30220] = Z 40
[30221] = CNOT 40 46
[30222] = CNOT 40 53
[30223] = S 40
[30224] = CNOT 40 53
[30225] = CNOT 40 56
[30226] = S 40
[30227] = CNOT 40 56
[30228] = CNOT 40 60
[30229] = S 40
[30230] = Z 40
[30231] = CNOT 40 60
[30232] = CNOT 40 61
[30233] = S 40
[30234] = CNOT 40 61
[30235] = CNOT 40 63
[30236] = S 40
[30237] = CNOT 40 63
[30238] = CNOT 40 64
[30239] = Z 40
[30240] = CNOT 40 64
[30241] = CNOT 40 77
[30242] = S 40
[30243] = CNOT 40 77
[30244] = CNOT 40 79
[30245] = S 40
[30246] = CNOT 40 79
[30247] = CNOT 40 84
[30248] = S 40
[30249] = CNOT 40 84
[30250] = CNOT 40 45
[30251] = CNOT 40 46
[30252] = CNOT 40 49
[30253] = S 40
[30254] = Z 40
[30255] = CNOT 40 49
[30256] = CNOT 40 53
[30257] = S 40
[30258] = Z 40
[30259] = CNOT 40 53
[30260] = CNOT 40 54
[30261] = S 40
[30262] = Z 40
[30263] = CNOT 40 54
[30264] = CNOT 40 56
[30265] = S 40
[30266] = Z 40
[30267] = CNOT 40 56
[30268] = CNOT 40 61
[30269] = S 40
[30270] = Z 40
[30271] = CNOT 40 61
[30272] = CNOT 40 64
[30273] = S 40
[30274] = Z 40
[30275] = CNOT 40 64
[30276] = CNOT 40 77
[30277] = S 40
[30278] = Z 40
[30279] = CNOT 40 77
[30280] = CNOT 40 79
[30281] = S 40
[30282] = Z 40
[30283] = CNOT 40 79
[30284] = CNOT 40 83
[30285] = S 40
[30286] = Z 40
[30287] = CNOT 40 83
[30288] = CNOT 40 84
[30289] = S 40
[30290] = CNOT 40 84
[30291] = CNOT 40 46
[30292] = CNOT 40 49
[30293] = CNOT 40 51
[30294] = S 40
[30295] = Z 40
[30296] = CNOT 40 51
[30297] = CNOT 40 61
[30298] = S 40
[30299] = Z 40
[30300] = CNOT 40 61
[30301] = CNOT 40 63
[30302] = S 40
[30303] = Z 40
[30304] = CNOT 40 63
[30305] = CNOT 40 64
[30306] = S 40
[30307] = Z 40
[30308] = CNOT 40 64
[30309] = CNOT 40 77
[30310] = S 40
[30311] = Z 40
[30312] = CNOT 40 77
[30313] = CNOT 40 79
[30314] = S 40
[30315] = Z 40
[30316] = CNOT 40 79
[30317] = CNOT 40 49
[30318] = CNOT 40 51
[30319] = CNOT 40 54
[30320] = S 40
[30321] = Z 40
[30322] = CNOT 40 54
[30323] = CNOT 40 63
[30324] = S 40
[30325] = CNOT 40 63
[30326] = CNOT 40 83
[30327] = S 40
[30328] = Z 40
[30329] = CNOT 40 83
[30330] = CNOT 40 84
[30331] = Z 40
[30332] = CNOT 40 84
[30333] = CNOT 40 51
[30334] = CNOT 40 53
[30335] = CNOT 40 56
[30336] = S 40
[30337] = CNOT 40 56
[30338] = CNOT 40 60
[30339] = S 40
[30340] = Z 40
[30341] = CNOT 40 60
[30342] = CNOT 40 61
[30343] = S 40
[30344] = CNOT 40 61
[30345] = CNOT 40 63
[30346] = S 40
[30347] = CNOT 40 63
[30348] = CNOT 40 64
[30349] = Z 40
[30350] = CNOT 40 64
[30351] = CNOT 40 77
[30352] = S 40
[30353] = CNOT 40 77
[30354] = CNOT 40 79
[30355] = S 40
[30356] = CNOT 40 79
[30357] = CNOT 40 84
[30358] = S 40
[30359] = CNOT 40 84
[30360] = CNOT 40 53
[30361] = CNOT 40 54
[30362] = CNOT 40 61
[30363] = S 40
[30364] = Z 40
[30365] = CNOT 40 61
[30366] = CNOT 40 63
[30367] = S 40
[30368] = Z 40
[30369] = CNOT 40 63
[30370] = CNOT 40 64
[30371] = S 40
[30372] = Z 40
[30373] = CNOT 40 64
[30374] = CNOT 40 77
[30375] = S 40
[30376] = Z 40
[30377] = CNOT 40 77
[30378] = CNOT 40 79
[30379] = S 40
[30380] = Z 40
[30381] = CNOT 40 79
[30382] = CNOT 40 83
[30383] = S 40
[30384] = Z 40
[30385] = CNOT 40 83
[30386] = CNOT 40 54
[30387] = CNOT 40 56
[30388] = CNOT 40 60
[30389] = S 40
[30390] = Z 40
[30391] = CNOT 40 60
[30392] = CNOT 40 61
[30393] = S 40
[30394] = CNOT 40 61
[30395] = CNOT 40 63
[30396] = S 40
[30397] = CNOT 40 63
[30398] = CNOT 40 64
[30399] = Z 40
[30400] = CNOT 40 64
[30401] = CNOT 40 77
[30402] = S 40
[30403] = CNOT 40 77
[30404] = CNOT 40 79
[30405] = S 40
[30406] = CNOT 40 79
[30407] = CNOT 40 84
[30408] = S 40
[30409] = CNOT 40 84
[30410] = CNOT 40 56
[30411] = CNOT 40 60
[30412] = CNOT 40 61
[30413] = S 40
[30414] = Z 40
[30415] = CNOT 40 61
[30416] = CNOT 40 63
[30417] = S 40
[30418] = Z 40
[30419] = CNOT 40 63
[30420] = CNOT 40 77
[30421] = S 40
[30422] = Z 40
[30423] = CNOT 40 77
[30424] = CNOT 40 79
[30425] = S 40
[30426] = Z 40
[30427] = CNOT 40 79
[30428] = CNOT 40 84
[30429] = S 40
[30430] = Z 40
[30431] = CNOT 40 84
[30432] = CNOT 40 60
[30433] = CNOT 40 61
[30434] = CNOT 40 63
[30435] = Z 40
[30436] = CNOT 40 63
[30437] = CNOT 40 64
[30438] = Z 40
[30439] = CNOT 40 64
[30440] = CNOT 40 77
[30441] = S 40
[30442] = CNOT 40 77
[30443] = CNOT 40 79
[30444] = S 40
[30445] = CNOT 40 79
[30446] = CNOT 40 83
[30447] = S 40
[30448] = Z 40
[30449] = CNOT 40 83
[30450] = CNOT 40 84
[30451] = S 40
[30452] = Z 40
[30453] = CNOT 40 84
[30454] = CNOT 40 61
[30455] = CNOT 40 63
[30456] = CNOT 40 64
[30457] = S 40
[30458] = Z 40
[30459] = CNOT 40 64
[30460] = CNOT 40 77
[30461] = Z 40
[30462] = CNOT 40 77
[30463] = CNOT 40 79
[30464] = Z 40
[30465] = CNOT 40 79
[30466] = CNOT 40 83
[30467] = S 40
[30468] = Z 40
[30469] = CNOT 40 83
[30470] = CNOT 40 63
[30471] = CNOT 40 64
[30472] = CNOT 40 77
[30473] = Z 40
[30474] = CNOT 40 77
[30475] = CNOT 40 79
[30476] = Z 40
[30477] = CNOT 40 79
[30478] = CNOT 40 83
[30479] = S 40
[30480] = Z 40
[30481] = CNOT 40 83
[30482] = CNOT 40 64
[30483] = CNOT 40 77
[30484] = CNOT 40 79
[30485] = S 40
[30486] = CNOT 40 79
[30487] = CNOT 40 83
[30488] = S 40
[30489] = Z 40
[30490] = CNOT 40 83
[30491] = CNOT 40 84
[30492] = S 40
[30493] = Z 40
[30494] = CNOT 40 84
[30495] = CNOT 40 77
[30496] = CNOT 40 79
[30497] = CNOT 40 83
[30498] = S 40
[30499] = Z 40
[30500] = CNOT 40 83
[30501] = CNOT 40 84
[30502] = S 40
[30503] = Z 40
[30504] = CNOT 40 84
[30505] = CNOT 40 79
[30506] = CNOT 42 46
[30507] = CNOT 42 57
[30508] = Z 42
[30509] = CNOT 42 57
[30510] = CNOT 42 58
[30511] = S 42
[30512] = Z 42
[30513] = CNOT 42 58
[30514] = CNOT 42 63
[30515] = S 42
[30516] = CNOT 42 63
[30517] = CNOT 42 64
[30518] = S 42
[30519] = CNOT 42 64
[30520] = CNOT 42 66
[30521] = Z 42
[30522] = CNOT 42 66
[30523] = CNOT 42 71
[30524] = Z 42
[30525] = CNOT 42 71
[30526] = CNOT 42 77
[30527] = S 42
[30528] = CNOT 42 77
[30529] = CNOT 42 79
[30530] = S 42
[30531] = CNOT 42 79
[30532] = CNOT 42 84
[30533] = S 42
[30534] = CNOT 42 84
[30535] = CNOT 42 46
[30536] = CNOT 42 57
[30537] = CNOT 42 62
[30538] = S 42
[30539] = Z 42
[30540] = CNOT 42 62
[30541] = CNOT 42 63
[30542] = Z 42
[30543] = CNOT 42 63
[30544] = CNOT 42 64
[30545] = Z 42
[30546] = CNOT 42 64
[30547] = CNOT 42 77
[30548] = Z 42
[30549] = CNOT 42 77
[30550] = CNOT 42 79
[30551] = Z 42
[30552] = CNOT 42 79
[30553] = CNOT 42 84
[30554] = Z 42
[30555] = CNOT 42 84
[30556] = CNOT 42 57
[30557] = CNOT 42 58
[30558] = CNOT 42 63
[30559] = S 42
[30560] = Z 42
[30561] = CNOT 42 63
[30562] = CNOT 42 64
[30563] = S 42
[30564] = Z 42
[30565] = CNOT 42 64
[30566] = CNOT 42 77
[30567] = S 42
[30568] = Z 42
[30569] = CNOT 42 77
[30570] = CNOT 42 79
[30571] = S 42
[30572] = Z 42
[30573] = CNOT 42 79
[30574] = CNOT 42 84
[30575] = S 42
[30576] = Z 42
[30577] = CNOT 42 84
[30578] = CNOT 42 58
[30579] = CNOT 42 62
[30580] = CNOT 42 66
[30581] = Z 42
[30582] = CNOT 42 66
[30583] = CNOT 42 71
[30584] = Z 42
[30585] = CNOT 42 71
[30586] = CNOT 42 62
[30587] = CNOT 42 63
[30588] = CNOT 42 64
[30589] = S 42
[30590] = CNOT 42 64
[30591] = CNOT 42 66
[30592] = Z 42
[30593] = CNOT 42 66
[30594] = CNOT 42 71
[30595] = Z 42
[30596] = CNOT 42 71
[30597] = CNOT 42 77
[30598] = S 42
[30599] = CNOT 42 77
[30600] = CNOT 42 79
[30601] = S 42
[30602] = CNOT 42 79
[30603] = CNOT 42 84
[30604] = S 42
[30605] = CNOT 42 84
[30606] = CNOT 42 63
[30607] = CNOT 42 64
[30608] = CNOT 42 66
[30609] = Z 42
[30610] = CNOT 42 66
[30611] = CNOT 42 71
[30612] = Z 42
[30613] = CNOT 42 71
[30614] = CNOT 42 77
[30615] = S 42
[30616] = CNOT 42 77
[30617] = CNOT 42 79
[30618] = S 42
[30619] = CNOT 42 79
[30620] = CNOT 42 84
[30621] = S 42
[30622] = CNOT 42 84
[30623] = CNOT 42 64
[30624] = CNOT 42 66
[30625] = CNOT 42 71
[30626] = S 42
[30627] = Z 42
[30628] = CNOT 42 71
[30629] = CNOT 42 77
[30630] = Z 42
[30631] = CNOT 42 77
[30632] = CNOT 42 79
[30633] = Z 42
[30634] = CNOT 42 79
[30635] = CNOT 42 84
[30636] = Z 42
[30637] = CNOT 42 84
[30638] = CNOT 42 66
[30639] = CNOT 42 71
[30640] = CNOT 42 77
[30641] = Z 42
[30642] = CNOT 42 77
[30643] = CNOT 42 79
[30644] = Z 42
[30645] = CNOT 42 79
[30646] = CNOT 42 84
[30647] = Z 42
[30648] = CNOT 42 84
[30649] = CNOT 42 71
[30650] = CNOT 42 77
[30651] = CNOT 42 79
[30652] = S 42
[30653] = CNOT 42 79
[30654] = CNOT 42 84
[30655] = S 42
[30656] = CNOT 42 77
[30657] = CNOT 42 79
[30658] = S 42
[30659] = CNOT 42 84
[30660] = CNOT 42 79
[30661] = CNOT 43 45
[30662] = CNOT 43 46
[30663] = Z 43
[30664] = CNOT 43 46
[30665] = CNOT 43 50
[30666] = S 43
[30667] = Z 43
[30668] = CNOT 43 50
[30669] = CNOT 43 53
[30670] = Z 43
[30671] = CNOT 43 53
[30672] = CNOT 43 56
[30673] = Z 43
[30674] = CNOT 43 56
[30675] = CNOT 43 60
[30676] = Z 43
[30677] = CNOT 43 60
[30678] = CNOT 43 61
[30679] = Z 43
[30680] = CNOT 43 61
[30681] = CNOT 43 63
[30682] = Z 43
[30683] = CNOT 43 63
[30684] = CNOT 43 77
[30685] = Z 43
[30686] = CNOT 43 77
[30687] = CNOT 43 79
[30688] = Z 43
[30689] = CNOT 43 79
[30690] = CNOT 43 84
[30691] = Z 43
[30692] = CNOT 43 84
[30693] = CNOT 43 45
[30694] = CNOT 43 46
[30695] = CNOT 43 53
[30696] = S 43
[30697] = Z 43
[30698] = CNOT 43 53
[30699] = CNOT 43 55
[30700] = Z 43
[30701] = CNOT 43 55
[30702] = CNOT 43 56
[30703] = S 43
[30704] = CNOT 43 56
[30705] = CNOT 43 81
[30706] = Z 43
[30707] = CNOT 43 81
[30708] = CNOT 43 82
[30709] = Z 43
[30710] = CNOT 43 82
[30711] = CNOT 43 46
[30712] = CNOT 43 48
[30713] = CNOT 43 52
[30714] = S 43
[30715] = Z 43
[30716] = CNOT 43 52
[30717] = CNOT 43 53
[30718] = S 43
[30719] = Z 43
[30720] = CNOT 43 53
[30721] = CNOT 43 55
[30722] = S 43
[30723] = Z 43
[30724] = CNOT 43 55
[30725] = CNOT 43 56
[30726] = Z 43
[30727] = CNOT 43 56
[30728] = CNOT 43 81
[30729] = S 43
[30730] = Z 43
[30731] = CNOT 43 81
[30732] = CNOT 43 82
[30733] = S 43
[30734] = Z 43
[30735] = CNOT 43 82
[30736] = CNOT 43 48
[30737] = CNOT 43 50
[30738] = CNOT 43 53
[30739] = S 43
[30740] = CNOT 43 53
[30741] = CNOT 43 56
[30742] = S 43
[30743] = CNOT 43 56
[30744] = CNOT 43 60
[30745] = S 43
[30746] = Z 43
[30747] = CNOT 43 60
[30748] = CNOT 43 61
[30749] = S 43
[30750] = CNOT 43 61
[30751] = CNOT 43 63
[30752] = S 43
[30753] = CNOT 43 63
[30754] = CNOT 43 70
[30755] = S 43
[30756] = Z 43
[30757] = CNOT 43 70
[30758] = CNOT 43 72
[30759] = S 43
[30760] = Z 43
[30761] = CNOT 43 72
[30762] = CNOT 43 77
[30763] = S 43
[30764] = Z 43
[30765] = CNOT 43 77
[30766] = CNOT 43 79
[30767] = S 43
[30768] = CNOT 43 79
[30769] = CNOT 43 84
[30770] = S 43
[30771] = CNOT 43 84
[30772] = CNOT 43 50
[30773] = CNOT 43 52
[30774] = CNOT 43 55
[30775] = S 43
[30776] = Z 43
[30777] = CNOT 43 55
[30778] = CNOT 43 56
[30779] = Z 43
[30780] = CNOT 43 56
[30781] = CNOT 43 81
[30782] = Z 43
[30783] = CNOT 43 81
[30784] = CNOT 43 52
[30785] = CNOT 43 53
[30786] = CNOT 43 56
[30787] = S 43
[30788] = CNOT 43 56
[30789] = CNOT 43 60
[30790] = S 43
[30791] = CNOT 43 60
[30792] = CNOT 43 61
[30793] = S 43
[30794] = CNOT 43 61
[30795] = CNOT 43 63
[30796] = S 43
[30797] = CNOT 43 63
[30798] = CNOT 43 64
[30799] = S 43
[30800] = CNOT 43 64
[30801] = CNOT 43 69
[30802] = Z 43
[30803] = CNOT 43 69
[30804] = CNOT 43 72
[30805] = S 43
[30806] = CNOT 43 72
[30807] = CNOT 43 73
[30808] = Z 43
[30809] = CNOT 43 73
[30810] = CNOT 43 77
[30811] = S 43
[30812] = Z 43
[30813] = CNOT 43 77
[30814] = CNOT 43 79
[30815] = S 43
[30816] = CNOT 43 79
[30817] = CNOT 43 84
[30818] = S 43
[30819] = CNOT 43 84
[30820] = CNOT 43 53
[30821] = CNOT 43 55
[30822] = CNOT 43 61
[30823] = Z 43
[30824] = CNOT 43 61
[30825] = CNOT 43 63
[30826] = Z 43
[30827] = CNOT 43 63
[30828] = CNOT 43 64
[30829] = Z 43
[30830] = CNOT 43 64
[30831] = CNOT 43 77
[30832] = Z 43
[30833] = CNOT 43 77
[30834] = CNOT 43 79
[30835] = Z 43
[30836] = CNOT 43 79
[30837] = CNOT 43 81
[30838] = S 43
[30839] = Z 43
[30840] = CNOT 43 81
[30841] = CNOT 43 84
[30842] = Z 43
[30843] = CNOT 43 84
[30844] = CNOT 43 55
[30845] = CNOT 43 56
[30846] = CNOT 43 60
[30847] = S 43
[30848] = CNOT 43 60
[30849] = CNOT 43 61
[30850] = S 43
[30851] = Z 43
[30852] = CNOT 43 61
[30853] = CNOT 43 63
[30854] = S 43
[30855] = Z 43
[30856] = CNOT 43 63
[30857] = CNOT 43 64
[30858] = S 43
[30859] = Z 43
[30860] = CNOT 43 64
[30861] = CNOT 43 69
[30862] = Z 43
[30863] = CNOT 43 69
[30864] = CNOT 43 72
[30865] = S 43
[30866] = CNOT 43 72
[30867] = CNOT 43 73
[30868] = Z 43
[30869] = CNOT 43 73
[30870] = CNOT 43 77
[30871] = S 43
[30872] = CNOT 43 77
[30873] = CNOT 43 79
[30874] = S 43
[30875] = Z 43
[30876] = CNOT 43 79
[30877] = CNOT 43 82
[30878] = Z 43
[30879] = CNOT 43 82
[30880] = CNOT 43 84
[30881] = S 43
[30882] = Z 43
[30883] = CNOT 43 84
[30884] = CNOT 43 56
[30885] = CNOT 43 60
[30886] = CNOT 43 61
[30887] = S 43
[30888] = CNOT 43 61
[30889] = CNOT 43 63
[30890] = S 43
[30891] = CNOT 43 63
[30892] = CNOT 43 64
[30893] = S 43
[30894] = Z 43
[30895] = CNOT 43 64
[30896] = CNOT 43 77
[30897] = Z 43
[30898] = CNOT 43 77
[30899] = CNOT 43 79
[30900] = S 43
[30901] = CNOT 43 79
[30902] = CNOT 43 84
[30903] = S 43
[30904] = CNOT 43 84
[30905] = CNOT 43 60
[30906] = CNOT 43 61
[30907] = CNOT 43 63
[30908] = Z 43
[30909] = CNOT 43 63
[30910] = CNOT 43 64
[30911] = Z 43
[30912] = CNOT 43 64
[30913] = CNOT 43 69
[30914] = Z 43
[30915] = CNOT 43 69
[30916] = CNOT 43 72
[30917] = S 43
[30918] = CNOT 43 72
[30919] = CNOT 43 73
[30920] = Z 43
[30921] = CNOT 43 73
[30922] = CNOT 43 79
[30923] = Z 43
[30924] = CNOT 43 79
[30925] = CNOT 43 81
[30926] = Z 43
[30927] = CNOT 43 81
[30928] = CNOT 43 82
[30929] = Z 43
[30930] = CNOT 43 82
[30931] = CNOT 43 84
[30932] = Z 43
[30933] = CNOT 43 84
[30934] = CNOT 43 61
[30935] = CNOT 43 63
[30936] = CNOT 43 64
[30937] = Z 43
[30938] = CNOT 43 64
[30939] = CNOT 43 69
[30940] = Z 43
[30941] = CNOT 43 69
[30942] = CNOT 43 72
[30943] = S 43
[30944] = CNOT 43 72
[30945] = CNOT 43 73
[30946] = Z 43
[30947] = CNOT 43 73
[30948] = CNOT 43 79
[30949] = Z 43
[30950] = CNOT 43 79
[30951] = CNOT 43 81
[30952] = Z 43
[30953] = CNOT 43 81
[30954] = CNOT 43 82
[30955] = Z 43
[30956] = CNOT 43 82
[30957] = CNOT 43 84
[30958] = Z 43
[30959] = CNOT 43 84
[30960] = CNOT 43 63
[30961] = CNOT 43 64
[30962] = CNOT 43 77
[30963] = Z 43
[30964] = CNOT 43 77
[30965] = CNOT 43 79
[30966] = Z 43
[30967] = CNOT 43 79
[30968] = CNOT 43 81
[30969] = Z 43
[30970] = CNOT 43 81
[30971] = CNOT 43 82
[30972] = Z 43
[30973] = CNOT 43 82
[30974] = CNOT 43 84
[30975] = Z 43
[30976] = CNOT 43 84
[30977] = CNOT 43 64
[30978] = CNOT 43 69
[30979] = CNOT 43 70
[30980] = Z 43
[30981] = CNOT 43 70
[30982] = CNOT 43 72
[30983] = S 43
[30984] = Z 43
[30985] = CNOT 43 72
[30986] = CNOT 43 73
[30987] = S 43
[30988] = Z 43
[30989] = CNOT 43 73
[30990] = CNOT 43 79
[30991] = Z 43
[30992] = CNOT 43 79
[30993] = CNOT 43 84
[30994] = Z 43
[30995] = CNOT 43 84
[30996] = CNOT 43 69
[30997] = CNOT 43 70
[30998] = CNOT 43 72
[30999] = Z 43
[31000] = CNOT 43 72
[31001] = CNOT 43 73
[31002] = Z 43
[31003] = CNOT 43 70
[31004] = CNOT 43 72
[31005] = S 43
[31006] = Z 43
[31007] = CNOT 43 73
[31008] = CNOT 43 79
[31009] = S 43
[31010] = CNOT 43 79
[31011] = CNOT 43 84
[31012] = S 43
[31013] = CNOT 43 84
[31014] = CNOT 43 72
[31015] = CNOT 43 73
[31016] = CNOT 43 79
[31017] = Z 43
[31018] = CNOT 43 79
[31019] = CNOT 43 84
[31020] = Z 43
[31021] = CNOT 43 84
[31022] = CNOT 43 73
[31023] = CNOT 43 77
[31024] = CNOT 43 81
[31025] = Z 43
[31026] = CNOT 43 81
[31027] = CNOT 43 82
[31028] = Z 43
[31029] = CNOT 43 82
[31030] = CNOT 43 77
[31031] = CNOT 43 79
[31032] = CNOT 43 81
[31033] = Z 43
[31034] = CNOT 43 81
[31035] = CNOT 43 82
[31036] = Z 43
[31037] = CNOT 43 82
[31038] = CNOT 43 84
[31039] = Z 43
[31040] = CNOT 43 79
[31041] = CNOT 43 81
[31042] = Z 43
[31043] = CNOT 43 81
[31044] = CNOT 43 82
[31045] = Z 43
[31046] = CNOT 43 84
[31047] = CNOT 43 82
[31048] = CNOT 44 46
[31049] = CNOT 44 51
[31050] = Z 44
[31051] = CNOT 44 51
[31052] = CNOT 44 61
[31053] = Z 44
[31054] = CNOT 44 61
[31055] = CNOT 44 63
[31056] = Z 44
[31057] = CNOT 44 63
[31058] = CNOT 44 64
[31059] = Z 44
[31060] = CNOT 44 64
[31061] = CNOT 44 77
[31062] = Z 44
[31063] = CNOT 44 77
[31064] = CNOT 44 79
[31065] = Z 44
[31066] = CNOT 44 79
[31067] = CNOT 44 84
[31068] = Z 44
[31069] = CNOT 44 84
[31070] = CNOT 44 46
[31071] = CNOT 44 51
[31072] = CNOT 44 61
[31073] = Z 44
[31074] = CNOT 44 61
[31075] = CNOT 44 63
[31076] = Z 44
[31077] = CNOT 44 63
[31078] = CNOT 44 64
[31079] = Z 44
[31080] = CNOT 44 64
[31081] = CNOT 44 77
[31082] = Z 44
[31083] = CNOT 44 77
[31084] = CNOT 44 79
[31085] = Z 44
[31086] = CNOT 44 79
[31087] = CNOT 44 84
[31088] = Z 44
[31089] = CNOT 44 84
[31090] = CNOT 44 51
[31091] = CNOT 44 61
[31092] = CNOT 44 63
[31093] = Z 44
[31094] = CNOT 44 63
[31095] = CNOT 44 64
[31096] = Z 44
[31097] = CNOT 44 64
[31098] = CNOT 44 77
[31099] = Z 44
[31100] = CNOT 44 77
[31101] = CNOT 44 79
[31102] = Z 44
[31103] = CNOT 44 79
[31104] = CNOT 44 84
[31105] = Z 44
[31106] = CNOT 44 84
[31107] = CNOT 44 61
[31108] = CNOT 44 63
[31109] = CNOT 44 64
[31110] = Z 44
[31111] = CNOT 44 64
[31112] = CNOT 44 77
[31113] = Z 44
[31114] = CNOT 44 77
[31115] = CNOT 44 79
[31116] = Z 44
[31117] = CNOT 44 79
[31118] = CNOT 44 84
[31119] = Z 44
[31120] = CNOT 44 84
[31121] = CNOT 44 63
[31122] = CNOT 44 64
[31123] = CNOT 44 77
[31124] = Z 44
[31125] = CNOT 44 77
[31126] = CNOT 44 79
[31127] = Z 44
[31128] = CNOT 44 79
[31129] = CNOT 44 84
[31130] = Z 44
[31131] = CNOT 44 84
[31132] = CNOT 44 64
[31133] = CNOT 44 77
[31134] = CNOT 44 79
[31135] = Z 44
[31136] = CNOT 44 79
[31137] = CNOT 44 84
[31138] = Z 44
[31139] = CNOT 44 77
[31140] = CNOT 44 79
[31141] = Z 44
[31142] = CNOT 44 79
[31143] = CNOT 45 46
[31144] = CNOT 45 53
[31145] = Z 45
[31146] = CNOT 45 53
[31147] = CNOT 45 56
[31148] = Z 45
[31149] = CNOT 45 56
[31150] = CNOT 45 61
[31151] = Z 45
[31152] = CNOT 45 61
[31153] = CNOT 45 63
[31154] = Z 45
[31155] = CNOT 45 63
[31156] = CNOT 45 64
[31157] = Z 45
[31158] = CNOT 45 64
[31159] = CNOT 45 77
[31160] = Z 45
[31161] = CNOT 45 77
[31162] = CNOT 45 79
[31163] = Z 45
[31164] = CNOT 45 79
[31165] = CNOT 45 84
[31166] = Z 45
[31167] = CNOT 45 84
[31168] = CNOT 45 46
[31169] = CNOT 45 50
[31170] = CNOT 45 53
[31171] = S 45
[31172] = Z 45
[31173] = CNOT 45 53
[31174] = CNOT 45 56
[31175] = S 45
[31176] = Z 45
[31177] = CNOT 45 56
[31178] = CNOT 45 61
[31179] = S 45
[31180] = Z 45
[31181] = CNOT 45 61
[31182] = CNOT 45 63
[31183] = S 45
[31184] = Z 45
[31185] = CNOT 45 63
[31186] = CNOT 45 77
[31187] = S 45
[31188] = Z 45
[31189] = CNOT 45 77
[31190] = CNOT 45 79
[31191] = S 45
[31192] = Z 45
[31193] = CNOT 45 79
[31194] = CNOT 45 84
[31195] = S 45
[31196] = Z 45
[31197] = CNOT 45 84
[31198] = CNOT 45 50
[31199] = CNOT 45 53
[31200] = CNOT 45 56
[31201] = Z 45
[31202] = CNOT 45 56
[31203] = CNOT 45 60
[31204] = Z 45
[31205] = CNOT 45 60
[31206] = CNOT 45 61
[31207] = Z 45
[31208] = CNOT 45 61
[31209] = CNOT 45 63
[31210] = Z 45
[31211] = CNOT 45 63
[31212] = CNOT 45 77
[31213] = Z 45
[31214] = CNOT 45 77
[31215] = CNOT 45 79
[31216] = Z 45
[31217] = CNOT 45 79
[31218] = CNOT 45 84
[31219] = Z 45
[31220] = CNOT 45 84
[31221] = CNOT 45 53
[31222] = CNOT 45 56
[31223] = CNOT 45 60
[31224] = Z 45
[31225] = CNOT 45 60
[31226] = CNOT 45 61
[31227] = Z 45
[31228] = CNOT 45 61
[31229] = CNOT 45 63
[31230] = Z 45
[31231] = CNOT 45 63
[31232] = CNOT 45 77
[31233] = Z 45
[31234] = CNOT 45 77
[31235] = CNOT 45 79
[31236] = Z 45
[31237] = CNOT 45 79
[31238] = CNOT 45 84
[31239] = Z 45
[31240] = CNOT 45 84
[31241] = CNOT 45 56
[31242] = CNOT 45 60
[31243] = CNOT 45 61
[31244] = Z 45
[31245] = CNOT 45 61
[31246] = CNOT 45 63
[31247] = Z 45
[31248] = CNOT 45 63
[31249] = CNOT 45 64
[31250] = S 45
[31251] = Z 45
[31252] = CNOT 45 64
[31253] = CNOT 45 77
[31254] = Z 45
[31255] = CNOT 45 77
[31256] = CNOT 45 79
[31257] = Z 45
[31258] = CNOT 45 79
[31259] = CNOT 45 84
[31260] = Z 45
[31261] = CNOT 45 84
[31262] = CNOT 45 60
[31263] = CNOT 45 61
[31264] = CNOT 45 63
[31265] = Z 45
[31266] = CNOT 45 63
[31267] = CNOT 45 77
[31268] = Z 45
[31269] = CNOT 45 77
[31270] = CNOT 45 79
[31271] = Z 45
[31272] = CNOT 45 79
[31273] = CNOT 45 84
[31274] = Z 45
[31275] = CNOT 45 84
[31276] = CNOT 45 61
[31277] = CNOT 45 63
[31278] = CNOT 45 77
[31279] = Z 45
[31280] = CNOT 45 77
[31281] = CNOT 45 79
[31282] = Z 45
[31283] = CNOT 45 79
[31284] = CNOT 45 84
[31285] = Z 45
[31286] = CNOT 45 84
[31287] = CNOT 45 63
[31288] = CNOT 45 77
[31289] = CNOT 45 79
[31290] = Z 45
[31291] = CNOT 45 79
[31292] = CNOT 45 84
[31293] = Z 45
[31294] = CNOT 45 77
[31295] = CNOT 45 79
[31296] = Z 45
[31297] = CNOT 45 84
[31298] = CNOT 45 79
[31299] = CNOT 46 47
[31300] = CNOT 46 51
[31301] = Z 46
[31302] = CNOT 46 51
[31303] = CNOT 46 63
[31304] = S 46
[31305] = CNOT 46 63
[31306] = CNOT 46 64
[31307] = S 46
[31308] = CNOT 46 64
[31309] = CNOT 46 67
[31310] = S 46
[31311] = Z 46
[31312] = CNOT 46 67
[31313] = CNOT 46 76
[31314] = S 46
[31315] = Z 46
[31316] = CNOT 46 76
[31317] = CNOT 46 77
[31318] = S 46
[31319] = CNOT 46 77
[31320] = CNOT 46 79
[31321] = S 46
[31322] = Z 46
[31323] = CNOT 46 79
[31324] = CNOT 46 84
[31325] = S 46
[31326] = CNOT 46 84
[31327] = CNOT 46 47
[31328] = CNOT 46 48
[31329] = CNOT 46 52
[31330] = S 46
[31331] = Z 46
[31332] = CNOT 46 52
[31333] = CNOT 46 53
[31334] = S 46
[31335] = Z 46
[31336] = CNOT 46 53
[31337] = CNOT 46 55
[31338] = S 46
[31339] = Z 46
[31340] = CNOT 46 55
[31341] = CNOT 46 56
[31342] = Z 46
[31343] = CNOT 46 56
[31344] = CNOT 46 81
[31345] = S 46
[31346] = Z 46
[31347] = CNOT 46 81
[31348] = CNOT 46 82
[31349] = S 46
[31350] = Z 46
[31351] = CNOT 46 82
[31352] = CNOT 46 48
[31353] = CNOT 46 49
[31354] = CNOT 46 51
[31355] = S 46
[31356] = CNOT 46 51
[31357] = CNOT 46 54
[31358] = Z 46
[31359] = CNOT 46 54
[31360] = CNOT 46 61
[31361] = S 46
[31362] = CNOT 46 61
[31363] = CNOT 46 63
[31364] = S 46
[31365] = CNOT 46 63
[31366] = CNOT 46 64
[31367] = S 46
[31368] = CNOT 46 64
[31369] = CNOT 46 68
[31370] = S 46
[31371] = Z 46
[31372] = CNOT 46 68
[31373] = CNOT 46 77
[31374] = S 46
[31375] = CNOT 46 77
[31376] = CNOT 46 78
[31377] = S 46
[31378] = Z 46
[31379] = CNOT 46 78
[31380] = CNOT 46 79
[31381] = S 46
[31382] = CNOT 46 79
[31383] = CNOT 46 83
[31384] = Z 46
[31385] = CNOT 46 83
[31386] = CNOT 46 49
[31387] = CNOT 46 51
[31388] = CNOT 46 61
[31389] = S 46
[31390] = CNOT 46 61
[31391] = CNOT 46 63
[31392] = S 46
[31393] = Z 46
[31394] = CNOT 46 63
[31395] = CNOT 46 64
[31396] = S 46
[31397] = CNOT 46 64
[31398] = CNOT 46 67
[31399] = Z 46
[31400] = CNOT 46 67
[31401] = CNOT 46 68
[31402] = Z 46
[31403] = CNOT 46 68
[31404] = CNOT 46 76
[31405] = Z 46
[31406] = CNOT 46 76
[31407] = CNOT 46 77
[31408] = S 46
[31409] = CNOT 46 77
[31410] = CNOT 46 78
[31411] = Z 46
[31412] = CNOT 46 78
[31413] = CNOT 46 79
[31414] = S 46
[31415] = CNOT 46 79
[31416] = CNOT 46 84
[31417] = S 46
[31418] = Z 46
[31419] = CNOT 46 84
[31420] = CNOT 46 51
[31421] = CNOT 46 52
[31422] = CNOT 46 55
[31423] = S 46
[31424] = Z 46
[31425] = CNOT 46 55
[31426] = CNOT 46 56
[31427] = Z 46
[31428] = CNOT 46 56
[31429] = CNOT 46 81
[31430] = Z 46
[31431] = CNOT 46 81
[31432] = CNOT 46 52
[31433] = CNOT 46 53
[31434] = CNOT 46 56
[31435] = S 46
[31436] = Z 46
[31437] = CNOT 46 56
[31438] = CNOT 46 61
[31439] = S 46
[31440] = Z 46
[31441] = CNOT 46 61
[31442] = CNOT 46 63
[31443] = S 46
[31444] = Z 46
[31445] = CNOT 46 63
[31446] = CNOT 46 64
[31447] = S 46
[31448] = Z 46
[31449] = CNOT 46 64
[31450] = CNOT 46 77
[31451] = S 46
[31452] = Z 46
[31453] = CNOT 46 77
[31454] = CNOT 46 79
[31455] = S 46
[31456] = Z 46
[31457] = CNOT 46 79
[31458] = CNOT 46 84
[31459] = S 46
[31460] = Z 46
[31461] = CNOT 46 84
[31462] = CNOT 46 53
[31463] = CNOT 46 54
[31464] = CNOT 46 68
[31465] = Z 46
[31466] = CNOT 46 68
[31467] = CNOT 46 78
[31468] = Z 46
[31469] = CNOT 46 78
[31470] = CNOT 46 54
[31471] = CNOT 46 55
[31472] = CNOT 46 59
[31473] = S 46
[31474] = Z 46
[31475] = CNOT 46 59
[31476] = CNOT 46 61
[31477] = Z 46
[31478] = CNOT 46 61
[31479] = CNOT 46 65
[31480] = Z 46
[31481] = CNOT 46 65
[31482] = CNOT 46 74
[31483] = S 46
[31484] = Z 46
[31485] = CNOT 46 74
[31486] = CNOT 46 75
[31487] = Z 46
[31488] = CNOT 46 75
[31489] = CNOT 46 81
[31490] = S 46
[31491] = Z 46
[31492] = CNOT 46 81
[31493] = CNOT 46 55
[31494] = CNOT 46 56
[31495] = CNOT 46 61
[31496] = S 46
[31497] = CNOT 46 61
[31498] = CNOT 46 63
[31499] = S 46
[31500] = CNOT 46 63
[31501] = CNOT 46 64
[31502] = S 46
[31503] = CNOT 46 64
[31504] = CNOT 46 77
[31505] = S 46
[31506] = CNOT 46 77
[31507] = CNOT 46 79
[31508] = S 46
[31509] = CNOT 46 79
[31510] = CNOT 46 82
[31511] = Z 46
[31512] = CNOT 46 82
[31513] = CNOT 46 84
[31514] = S 46
[31515] = CNOT 46 84
[31516] = CNOT 46 56
[31517] = CNOT 46 57
[31518] = CNOT 46 58
[31519] = S 46
[31520] = Z 46
[31521] = CNOT 46 58
[31522] = CNOT 46 62
[31523] = S 46
[31524] = Z 46
[31525] = CNOT 46 62
[31526] = CNOT 46 63
[31527] = S 46
[31528] = CNOT 46 63
[31529] = CNOT 46 64
[31530] = S 46
[31531] = CNOT 46 64
[31532] = CNOT 46 75
[31533] = S 46
[31534] = Z 46
[31535] = CNOT 46 75
[31536] = CNOT 46 77
[31537] = S 46
[31538] = CNOT 46 77
[31539] = CNOT 46 79
[31540] = S 46
[31541] = CNOT 46 79
[31542] = CNOT 46 84
[31543] = S 46
[31544] = CNOT 46 84
[31545] = CNOT 46 57
[31546] = CNOT 46 58
[31547] = CNOT 46 63
[31548] = S 46
[31549] = CNOT 46 63
[31550] = CNOT 46 64
[31551] = S 46
[31552] = CNOT 46 64
[31553] = CNOT 46 65
[31554] = S 46
[31555] = Z 46
[31556] = CNOT 46 65
[31557] = CNOT 46 74
[31558] = S 46
[31559] = Z 46
[31560] = CNOT 46 74
[31561] = CNOT 46 75
[31562] = Z 46
[31563] = CNOT 46 75
[31564] = CNOT 46 77
[31565] = S 46
[31566] = CNOT 46 77
[31567] = CNOT 46 79
[31568] = S 46
[31569] = CNOT 46 79
[31570] = CNOT 46 84
[31571] = S 46
[31572] = CNOT 46 84
[31573] = CNOT 46 58
[31574] = CNOT 46 59
[31575] = CNOT 46 63
[31576] = Z 46
[31577] = CNOT 46 63
[31578] = CNOT 46 64
[31579] = Z 46
[31580] = CNOT 46 64
[31581] = CNOT 46 65
[31582] = Z 46
[31583] = CNOT 46 65
[31584] = CNOT 46 74
[31585] = S 46
[31586] = Z 46
[31587] = CNOT 46 74
[31588] = CNOT 46 75
[31589] = Z 46
[31590] = CNOT 46 75
[31591] = CNOT 46 77
[31592] = Z 46
[31593] = CNOT 46 77
[31594] = CNOT 46 79
[31595] = Z 46
[31596] = CNOT 46 79
[31597] = CNOT 46 84
[31598] = Z 46
[31599] = CNOT 46 84
[31600] = CNOT 46 59
[31601] = CNOT 46 61
[31602] = CNOT 46 63
[31603] = S 46
[31604] = Z 46
[31605] = CNOT 46 63
[31606] = CNOT 46 64
[31607] = S 46
[31608] = CNOT 46 64
[31609] = CNOT 46 68
[31610] = Z 46
[31611] = CNOT 46 68
[31612] = CNOT 46 77
[31613] = S 46
[31614] = CNOT 46 77
[31615] = CNOT 46 78
[31616] = Z 46
[31617] = CNOT 46 78
[31618] = CNOT 46 79
[31619] = S 46
[31620] = CNOT 46 79
[31621] = CNOT 46 80
[31622] = Z 46
[31623] = CNOT 46 80
[31624] = CNOT 46 81
[31625] = Z 46
[31626] = CNOT 46 81
[31627] = CNOT 46 82
[31628] = Z 46
[31629] = CNOT 46 82
[31630] = CNOT 46 84
[31631] = S 46
[31632] = Z 46
[31633] = CNOT 46 84
[31634] = CNOT 46 61
[31635] = CNOT 46 62
[31636] = CNOT 46 66
[31637] = Z 46
[31638] = CNOT 46 66
[31639] = CNOT 46 71
[31640] = Z 46
[31641] = CNOT 46 71
[31642] = CNOT 46 62
[31643] = CNOT 46 63
[31644] = CNOT 46 64
[31645] = S 46
[31646] = Z 46
[31647] = CNOT 46 64
[31648] = CNOT 46 66
[31649] = Z 46
[31650] = CNOT 46 66
[31651] = CNOT 46 67
[31652] = Z 46
[31653] = CNOT 46 67
[31654] = CNOT 46 68
[31655] = Z 46
[31656] = CNOT 46 68
[31657] = CNOT 46 71
[31658] = Z 46
[31659] = CNOT 46 71
[31660] = CNOT 46 74
[31661] = S 46
[31662] = CNOT 46 74
[31663] = CNOT 46 75
[31664] = Z 46
[31665] = CNOT 46 75
[31666] = CNOT 46 76
[31667] = Z 46
[31668] = CNOT 46 76
[31669] = CNOT 46 77
[31670] = S 46
[31671] = Z 46
[31672] = CNOT 46 77
[31673] = CNOT 46 78
[31674] = Z 46
[31675] = CNOT 46 78
[31676] = CNOT 46 79
[31677] = S 46
[31678] = Z 46
[31679] = CNOT 46 79
[31680] = CNOT 46 80
[31681] = Z 46
[31682] = CNOT 46 80
[31683] = CNOT 46 81
[31684] = Z 46
[31685] = CNOT 46 81
[31686] = CNOT 46 82
[31687] = Z 46
[31688] = CNOT 46 82
[31689] = CNOT 46 84
[31690] = S 46
[31691] = CNOT 46 84
[31692] = CNOT 46 63
[31693] = CNOT 46 64
[31694] = CNOT 46 66
[31695] = Z 46
[31696] = CNOT 46 66
[31697] = CNOT 46 67
[31698] = Z 46
[31699] = CNOT 46 67
[31700] = CNOT 46 68
[31701] = Z 46
[31702] = CNOT 46 68
[31703] = CNOT 46 71
[31704] = Z 46
[31705] = CNOT 46 71
[31706] = CNOT 46 74
[31707] = S 46
[31708] = CNOT 46 74
[31709] = CNOT 46 75
[31710] = Z 46
[31711] = CNOT 46 75
[31712] = CNOT 46 76
[31713] = Z 46
[31714] = CNOT 46 76
[31715] = CNOT 46 77
[31716] = S 46
[31717] = CNOT 46 77
[31718] = CNOT 46 78
[31719] = Z 46
[31720] = CNOT 46 78
[31721] = CNOT 46 79
[31722] = S 46
[31723] = CNOT 46 79
[31724] = CNOT 46 80
[31725] = Z 46
[31726] = CNOT 46 80
[31727] = CNOT 46 81
[31728] = Z 46
[31729] = CNOT 46 81
[31730] = CNOT 46 82
[31731] = Z 46
[31732] = CNOT 46 82
[31733] = CNOT 46 84
[31734] = S 46
[31735] = Z 46
[31736] = CNOT 46 84
[31737] = CNOT 46 64
[31738] = CNOT 46 65
[31739] = CNOT 46 74
[31740] = Z 46
[31741] = CNOT 46 74
[31742] = CNOT 46 65
[31743] = CNOT 46 66
[31744] = CNOT 46 71
[31745] = S 46
[31746] = Z 46
[31747] = CNOT 46 71
[31748] = CNOT 46 77
[31749] = Z 46
[31750] = CNOT 46 77
[31751] = CNOT 46 79
[31752] = Z 46
[31753] = CNOT 46 79
[31754] = CNOT 46 84
[31755] = Z 46
[31756] = CNOT 46 84
[31757] = CNOT 46 66
[31758] = CNOT 46 67
[31759] = CNOT 46 76
[31760] = S 46
[31761] = Z 46
[31762] = CNOT 46 76
[31763] = CNOT 46 77
[31764] = Z 46
[31765] = CNOT 46 77
[31766] = CNOT 46 84
[31767] = Z 46
[31768] = CNOT 46 84
[31769] = CNOT 46 67
[31770] = CNOT 46 68
[31771] = CNOT 46 77
[31772] = Z 46
[31773] = CNOT 46 77
[31774] = CNOT 46 78
[31775] = S 46
[31776] = Z 46
[31777] = CNOT 46 78
[31778] = CNOT 46 79
[31779] = Z 46
[31780] = CNOT 46 79
[31781] = CNOT 46 83
[31782] = Z 46
[31783] = CNOT 46 83
[31784] = CNOT 46 68
[31785] = CNOT 46 71
[31786] = CNOT 46 77
[31787] = Z 46
[31788] = CNOT 46 77
[31789] = CNOT 46 79
[31790] = Z 46
[31791] = CNOT 46 79
[31792] = CNOT 46 84
[31793] = Z 46
[31794] = CNOT 46 84
[31795] = CNOT 46 71
[31796] = CNOT 46 74
[31797] = CNOT 46 75
[31798] = S 46
[31799] = CNOT 46 75
[31800] = CNOT 46 77
[31801] = S 46
[31802] = CNOT 46 77
[31803] = CNOT 46 79
[31804] = S 46
[31805] = CNOT 46 79
[31806] = CNOT 46 84
[31807] = S 46
[31808] = CNOT 46 84
[31809] = CNOT 46 74
[31810] = CNOT 46 75
[31811] = CNOT 46 77
[31812] = Z 46
[31813] = CNOT 46 77
[31814] = CNOT 46 79
[31815] = Z 46
[31816] = CNOT 46 79
[31817] = CNOT 46 84
[31818] = Z 46
[31819] = CNOT 46 84
[31820] = CNOT 46 75
[31821] = CNOT 46 76
[31822] = CNOT 46 77
[31823] = Z 46
[31824] = CNOT 46 77
[31825] = CNOT 46 84
[31826] = Z 46
[31827] = CNOT 46 84
[31828] = CNOT 46 76
[31829] = CNOT 46 77
[31830] = CNOT 46 78
[31831] = Z 46
[31832] = CNOT 46 78
[31833] = CNOT 46 79
[31834] = S 46
[31835] = CNOT 46 79
[31836] = CNOT 46 80
[31837] = Z 46
[31838] = CNOT 46 80
[31839] = CNOT 46 81
[31840] = Z 46
[31841] = CNOT 46 81
[31842] = CNOT 46 82
[31843] = Z 46
[31844] = CNOT 46 82
[31845] = CNOT 46 84
[31846] = S 46
[31847] = Z 46
[31848] = CNOT 46 84
[31849] = CNOT 46 77
[31850] = CNOT 46 78
[31851] = CNOT 46 79
[31852] = Z 46
[31853] = CNOT 46 79
[31854] = CNOT 46 83
[31855] = Z 46
[31856] = CNOT 46 83
[31857] = CNOT 46 78
[31858] = CNOT 46 79
[31859] = CNOT 46 80
[31860] = Z 46
[31861] = CNOT 46 80
[31862] = CNOT 46 81
[31863] = Z 46
[31864] = CNOT 46 81
[31865] = CNOT 46 82
[31866] = Z 46
[31867] = CNOT 46 82
[31868] = CNOT 46 84
[31869] = S 46
[31870] = Z 46
[31871] = CNOT 46 79
[31872] = CNOT 46 80
[31873] = Z 46
[31874] = CNOT 46 80
[31875] = CNOT 46 81
[31876] = Z 46
[31877] = CNOT 46 81
[31878] = CNOT 46 82
[31879] = Z 46
[31880] = CNOT 46 84
[31881] = CNOT 46 82
[31882] = CNOT 47 51
[31883] = CNOT 47 63
[31884] = Z 47
[31885] = CNOT 47 63
[31886] = CNOT 47 64
[31887] = Z 47
[31888] = CNOT 47 64
[31889] = CNOT 47 67
[31890] = S 47
[31891] = Z 47
[31892] = CNOT 47 67
[31893] = CNOT 47 76
[31894] = S 47
[31895] = Z 47
[31896] = CNOT 47 76
[31897] = CNOT 47 77
[31898] = Z 47
[31899] = CNOT 47 77
[31900] = CNOT 47 84
[31901] = Z 47
[31902] = CNOT 47 84
[31903] = CNOT 47 51
[31904] = CNOT 47 63
[31905] = CNOT 47 64
[31906] = S 47
[31907] = CNOT 47 64
[31908] = CNOT 47 67
[31909] = S 47
[31910] = Z 47
[31911] = CNOT 47 67
[31912] = CNOT 47 76
[31913] = S 47
[31914] = Z 47
[31915] = CNOT 47 76
[31916] = CNOT 47 77
[31917] = S 47
[31918] = CNOT 47 77
[31919] = CNOT 47 79
[31920] = S 47
[31921] = Z 47
[31922] = CNOT 47 79
[31923] = CNOT 47 84
[31924] = S 47
[31925] = CNOT 47 84
[31926] = CNOT 47 63
[31927] = CNOT 47 64
[31928] = CNOT 47 67
[31929] = S 47
[31930] = Z 47
[31931] = CNOT 47 67
[31932] = CNOT 47 76
[31933] = S 47
[31934] = Z 47
[31935] = CNOT 47 76
[31936] = CNOT 47 77
[31937] = S 47
[31938] = CNOT 47 77
[31939] = CNOT 47 79
[31940] = S 47
[31941] = Z 47
[31942] = CNOT 47 79
[31943] = CNOT 47 84
[31944] = S 47
[31945] = CNOT 47 84
[31946] = CNOT 47 64
[31947] = CNOT 47 67
[31948] = CNOT 47 77
[31949] = S 47
[31950] = Z 47
[31951] = CNOT 47 77
[31952] = CNOT 47 84
[31953] = S 47
[31954] = Z 47
[31955] = CNOT 47 84
[31956] = CNOT 47 67
[31957] = CNOT 47 76
[31958] = CNOT 47 77
[31959] = S 47
[31960] = Z 47
[31961] = CNOT 47 77
[31962] = CNOT 47 84
[31963] = S 47
[31964] = Z 47
[31965] = CNOT 47 84
[31966] = CNOT 47 76
[31967] = CNOT 47 77
[31968] = CNOT 47 79
[31969] = S 47
[31970] = Z 47
[31971] = CNOT 47 79
[31972] = CNOT 47 84
[31973] = S 47
[31974] = CNOT 47 77
[31975] = CNOT 47 79
[31976] = S 47
[31977] = Z 47
[31978] = CNOT 47 84
[31979] = CNOT 47 79
[31980] = CNOT 48 52
[31981] = CNOT 48 61
[31982] = S 48
[31983] = Z 48
[31984] = CNOT 48 61
[31985] = CNOT 48 63
[31986] = S 48
[31987] = Z 48
[31988] = CNOT 48 63
[31989] = CNOT 48 64
[31990] = S 48
[31991] = Z 48
[31992] = CNOT 48 64
[31993] = CNOT 48 77
[31994] = S 48
[31995] = Z 48
[31996] = CNOT 48 77
[31997] = CNOT 48 79
[31998] = S 48
[31999] = Z 48
[32000] = CNOT 48 79
[32001] = CNOT 48 81
[32002] = S 48
[32003] = Z 48
[32004] = CNOT 48 81
[32005] = CNOT 48 84
[32006] = S 48
[32007] = Z 48
[32008] = CNOT 48 84
[32009] = CNOT 48 52
[32010] = CNOT 48 53
[32011] = CNOT 48 56
[32012] = S 48
[32013] = Z 48
[32014] = CNOT 48 56
[32015] = CNOT 48 61
[32016] = S 48
[32017] = Z 48
[32018] = CNOT 48 61
[32019] = CNOT 48 63
[32020] = S 48
[32021] = Z 48
[32022] = CNOT 48 63
[32023] = CNOT 48 64
[32024] = S 48
[32025] = Z 48
[32026] = CNOT 48 64
[32027] = CNOT 48 77
[32028] = S 48
[32029] = Z 48
[32030] = CNOT 48 77
[32031] = CNOT 48 79
[32032] = S 48
[32033] = Z 48
[32034] = CNOT 48 79
[32035] = CNOT 48 84
[32036] = S 48
[32037] = Z 48
[32038] = CNOT 48 84
[32039] = CNOT 48 53
[32040] = CNOT 48 55
[32041] = CNOT 48 61
[32042] = S 48
[32043] = Z 48
[32044] = CNOT 48 61
[32045] = CNOT 48 63
[32046] = S 48
[32047] = Z 48
[32048] = CNOT 48 63
[32049] = CNOT 48 64
[32050] = S 48
[32051] = Z 48
[32052] = CNOT 48 64
[32053] = CNOT 48 77
[32054] = S 48
[32055] = Z 48
[32056] = CNOT 48 77
[32057] = CNOT 48 79
[32058] = S 48
[32059] = Z 48
[32060] = CNOT 48 79
[32061] = CNOT 48 84
[32062] = S 48
[32063] = Z 48
[32064] = CNOT 48 84
[32065] = CNOT 48 55
[32066] = CNOT 48 56
[32067] = CNOT 48 61
[32068] = Z 48
[32069] = CNOT 48 61
[32070] = CNOT 48 63
[32071] = Z 48
[32072] = CNOT 48 63
[32073] = CNOT 48 64
[32074] = Z 48
[32075] = CNOT 48 64
[32076] = CNOT 48 77
[32077] = Z 48
[32078] = CNOT 48 77
[32079] = CNOT 48 79
[32080] = Z 48
[32081] = CNOT 48 79
[32082] = CNOT 48 82
[32083] = S 48
[32084] = Z 48
[32085] = CNOT 48 82
[32086] = CNOT 48 84
[32087] = Z 48
[32088] = CNOT 48 84
[32089] = CNOT 48 56
[32090] = CNOT 48 61
[32091] = CNOT 48 81
[32092] = S 48
[32093] = Z 48
[32094] = CNOT 48 81
[32095] = CNOT 48 82
[32096] = S 48
[32097] = Z 48
[32098] = CNOT 48 82
[32099] = CNOT 48 61
[32100] = CNOT 48 63
[32101] = CNOT 48 81
[32102] = S 48
[32103] = Z 48
[32104] = CNOT 48 81
[32105] = CNOT 48 82
[32106] = S 48
[32107] = Z 48
[32108] = CNOT 48 82
[32109] = CNOT 48 63
[32110] = CNOT 48 64
[32111] = CNOT 48 81
[32112] = S 48
[32113] = Z 48
[32114] = CNOT 48 81
[32115] = CNOT 48 82
[32116] = S 48
[32117] = Z 48
[32118] = CNOT 48 82
[32119] = CNOT 48 64
[32120] = CNOT 48 77
[32121] = CNOT 48 81
[32122] = S 48
[32123] = Z 48
[32124] = CNOT 48 81
[32125] = CNOT 48 82
[32126] = S 48
[32127] = Z 48
[32128] = CNOT 48 82
[32129] = CNOT 48 77
[32130] = CNOT 48 79
[32131] = CNOT 48 81
[32132] = S 48
[32133] = Z 48
[32134] = CNOT 48 81
[32135] = CNOT 48 82
[32136] = S 48
[32137] = Z 48
[32138] = CNOT 48 82
[32139] = CNOT 48 79
[32140] = CNOT 48 81
[32141] = CNOT 48 84
[32142] = S 48
[32143] = Z 48
[32144] = CNOT 48 81
[32145] = CNOT 48 82
[32146] = S 48
[32147] = Z 48
[32148] = CNOT 48 84
[32149] = CNOT 48 82
[32150] = CNOT 49 51
[32151] = CNOT 49 54
[32152] = Z 49
[32153] = CNOT 49 54
[32154] = CNOT 49 61
[32155] = S 49
[32156] = CNOT 49 61
[32157] = CNOT 49 63
[32158] = S 49
[32159] = CNOT 49 63
[32160] = CNOT 49 64
[32161] = S 49
[32162] = CNOT 49 64
[32163] = CNOT 49 68
[32164] = S 49
[32165] = Z 49
[32166] = CNOT 49 68
[32167] = CNOT 49 77
[32168] = S 49
[32169] = CNOT 49 77
[32170] = CNOT 49 78
[32171] = S 49
[32172] = Z 49
[32173] = CNOT 49 78
[32174] = CNOT 49 79
[32175] = S 49
[32176] = CNOT 49 79
[32177] = CNOT 49 83
[32178] = Z 49
[32179] = CNOT 49 83
[32180] = CNOT 49 51
[32181] = CNOT 49 54
[32182] = CNOT 49 61
[32183] = Z 49
[32184] = CNOT 49 61
[32185] = CNOT 49 63
[32186] = Z 49
[32187] = CNOT 49 63
[32188] = CNOT 49 64
[32189] = Z 49
[32190] = CNOT 49 64
[32191] = CNOT 49 68
[32192] = S 49
[32193] = Z 49
[32194] = CNOT 49 68
[32195] = CNOT 49 77
[32196] = Z 49
[32197] = CNOT 49 77
[32198] = CNOT 49 78
[32199] = S 49
[32200] = Z 49
[32201] = CNOT 49 78
[32202] = CNOT 49 79
[32203] = Z 49
[32204] = CNOT 49 79
[32205] = CNOT 49 83
[32206] = Z 49
[32207] = CNOT 49 83
[32208] = CNOT 49 54
[32209] = CNOT 49 61
[32210] = CNOT 49 63
[32211] = S 49
[32212] = CNOT 49 63
[32213] = CNOT 49 64
[32214] = S 49
[32215] = CNOT 49 64
[32216] = CNOT 49 68
[32217] = S 49
[32218] = Z 49
[32219] = CNOT 49 68
[32220] = CNOT 49 77
[32221] = S 49
[32222] = CNOT 49 77
[32223] = CNOT 49 78
[32224] = S 49
[32225] = Z 49
[32226] = CNOT 49 78
[32227] = CNOT 49 79
[32228] = S 49
[32229] = CNOT 49 79
[32230] = CNOT 49 83
[32231] = Z 49
[32232] = CNOT 49 83
[32233] = CNOT 49 61
[32234] = CNOT 49 63
[32235] = CNOT 49 64
[32236] = S 49
[32237] = CNOT 49 64
[32238] = CNOT 49 68
[32239] = S 49
[32240] = Z 49
[32241] = CNOT 49 68
[32242] = CNOT 49 77
[32243] = S 49
[32244] = CNOT 49 77
[32245] = CNOT 49 78
[32246] = S 49
[32247] = Z 49
[32248] = CNOT 49 78
[32249] = CNOT 49 79
[32250] = S 49
[32251] = CNOT 49 79
[32252] = CNOT 49 83
[32253] = Z 49
[32254] = CNOT 49 83
[32255] = CNOT 49 63
[32256] = CNOT 49 64
[32257] = CNOT 49 68
[32258] = S 49
[32259] = Z 49
[32260] = CNOT 49 68
[32261] = CNOT 49 77
[32262] = S 49
[32263] = CNOT 49 77
[32264] = CNOT 49 78
[32265] = S 49
[32266] = Z 49
[32267] = CNOT 49 78
[32268] = CNOT 49 79
[32269] = S 49
[32270] = CNOT 49 79
[32271] = CNOT 49 83
[32272] = Z 49
[32273] = CNOT 49 83
[32274] = CNOT 49 64
[32275] = CNOT 49 68
[32276] = CNOT 49 77
[32277] = S 49
[32278] = Z 49
[32279] = CNOT 49 77
[32280] = CNOT 49 79
[32281] = S 49
[32282] = Z 49
[32283] = CNOT 49 79
[32284] = CNOT 49 83
[32285] = S 49
[32286] = Z 49
[32287] = CNOT 49 83
[32288] = CNOT 49 68
[32289] = CNOT 49 77
[32290] = CNOT 49 78
[32291] = S 49
[32292] = Z 49
[32293] = CNOT 49 78
[32294] = CNOT 49 79
[32295] = S 49
[32296] = CNOT 49 79
[32297] = CNOT 49 83
[32298] = Z 49
[32299] = CNOT 49 83
[32300] = CNOT 49 77
[32301] = CNOT 49 78
[32302] = CNOT 49 79
[32303] = S 49
[32304] = Z 49
[32305] = CNOT 49 79
[32306] = CNOT 49 83
[32307] = S 49
[32308] = Z 49
[32309] = CNOT 49 78
[32310] = CNOT 49 79
[32311] = Z 49
[32312] = CNOT 49 83
[32313] = CNOT 49 79
[32314] = CNOT 50 53
[32315] = CNOT 50 56
[32316] = S 50
[32317] = CNOT 50 56
[32318] = CNOT 50 60
[32319] = S 50
[32320] = Z 50
[32321] = CNOT 50 60
[32322] = CNOT 50 61
[32323] = S 50
[32324] = CNOT 50 61
[32325] = CNOT 50 63
[32326] = S 50
[32327] = CNOT 50 63
[32328] = CNOT 50 70
[32329] = S 50
[32330] = Z 50
[32331] = CNOT 50 70
[32332] = CNOT 50 72
[32333] = S 50
[32334] = Z 50
[32335] = CNOT 50 72
[32336] = CNOT 50 77
[32337] = S 50
[32338] = Z 50
[32339] = CNOT 50 77
[32340] = CNOT 50 79
[32341] = S 50
[32342] = CNOT 50 79
[32343] = CNOT 50 84
[32344] = S 50
[32345] = CNOT 50 84
[32346] = CNOT 50 53
[32347] = CNOT 50 56
[32348] = CNOT 50 60
[32349] = S 50
[32350] = Z 50
[32351] = CNOT 50 60
[32352] = CNOT 50 61
[32353] = S 50
[32354] = CNOT 50 61
[32355] = CNOT 50 63
[32356] = S 50
[32357] = CNOT 50 63
[32358] = CNOT 50 70
[32359] = S 50
[32360] = Z 50
[32361] = CNOT 50 70
[32362] = CNOT 50 72
[32363] = S 50
[32364] = Z 50
[32365] = CNOT 50 72
[32366] = CNOT 50 77
[32367] = S 50
[32368] = Z 50
[32369] = CNOT 50 77
[32370] = CNOT 50 79
[32371] = S 50
[32372] = CNOT 50 79
[32373] = CNOT 50 84
[32374] = S 50
[32375] = CNOT 50 84
[32376] = CNOT 50 56
[32377] = CNOT 50 60
[32378] = CNOT 50 61
[32379] = S 50
[32380] = Z 50
[32381] = CNOT 50 61
[32382] = CNOT 50 63
[32383] = S 50
[32384] = Z 50
[32385] = CNOT 50 63
[32386] = CNOT 50 79
[32387] = S 50
[32388] = Z 50
[32389] = CNOT 50 79
[32390] = CNOT 50 84
[32391] = S 50
[32392] = Z 50
[32393] = CNOT 50 84
[32394] = CNOT 50 60
[32395] = CNOT 50 61
[32396] = CNOT 50 63
[32397] = S 50
[32398] = CNOT 50 63
[32399] = CNOT 50 70
[32400] = S 50
[32401] = Z 50
[32402] = CNOT 50 70
[32403] = CNOT 50 72
[32404] = S 50
[32405] = Z 50
[32406] = CNOT 50 72
[32407] = CNOT 50 77
[32408] = S 50
[32409] = Z 50
[32410] = CNOT 50 77
[32411] = CNOT 50 79
[32412] = S 50
[32413] = CNOT 50 79
[32414] = CNOT 50 84
[32415] = S 50
[32416] = CNOT 50 84
[32417] = CNOT 50 61
[32418] = CNOT 50 63
[32419] = CNOT 50 70
[32420] = S 50
[32421] = Z 50
[32422] = CNOT 50 70
[32423] = CNOT 50 72
[32424] = S 50
[32425] = Z 50
[32426] = CNOT 50 72
[32427] = CNOT 50 77
[32428] = S 50
[32429] = Z 50
[32430] = CNOT 50 77
[32431] = CNOT 50 79
[32432] = S 50
[32433] = CNOT 50 79
[32434] = CNOT 50 84
[32435] = S 50
[32436] = CNOT 50 84
[32437] = CNOT 50 63
[32438] = CNOT 50 70
[32439] = CNOT 50 79
[32440] = S 50
[32441] = Z 50
[32442] = CNOT 50 79
[32443] = CNOT 50 84
[32444] = S 50
[32445] = Z 50
[32446] = CNOT 50 84
[32447] = CNOT 50 70
[32448] = CNOT 50 72
[32449] = CNOT 50 79
[32450] = S 50
[32451] = Z 50
[32452] = CNOT 50 79
[32453] = CNOT 50 84
[32454] = S 50
[32455] = Z 50
[32456] = CNOT 50 84
[32457] = CNOT 50 72
[32458] = CNOT 50 77
[32459] = CNOT 50 79
[32460] = S 50
[32461] = Z 50
[32462] = CNOT 50 79
[32463] = CNOT 50 84
[32464] = S 50
[32465] = Z 50
[32466] = CNOT 50 77
[32467] = CNOT 50 79
[32468] = S 50
[32469] = CNOT 50 84
[32470] = CNOT 50 79
[32471] = CNOT 51 54
[32472] = CNOT 51 68
[32473] = Z 51
[32474] = CNOT 51 68
[32475] = CNOT 51 78
[32476] = Z 51
[32477] = CNOT 51 78
[32478] = CNOT 51 54
[32479] = CNOT 51 61
[32480] = CNOT 51 63
[32481] = S 51
[32482] = Z 51
[32483] = CNOT 51 63
[32484] = CNOT 51 64
[32485] = S 51
[32486] = CNOT 51 64
[32487] = CNOT 51 68
[32488] = Z 51
[32489] = CNOT 51 68
[32490] = CNOT 51 77
[32491] = S 51
[32492] = CNOT 51 77
[32493] = CNOT 51 78
[32494] = Z 51
[32495] = CNOT 51 78
[32496] = CNOT 51 79
[32497] = S 51
[32498] = CNOT 51 79
[32499] = CNOT 51 84
[32500] = S 51
[32501] = Z 51
[32502] = CNOT 51 84
[32503] = CNOT 51 61
[32504] = CNOT 51 63
[32505] = CNOT 51 64
[32506] = S 51
[32507] = Z 51
[32508] = CNOT 51 64
[32509] = CNOT 51 67
[32510] = Z 51
[32511] = CNOT 51 67
[32512] = CNOT 51 68
[32513] = Z 51
[32514] = CNOT 51 68
[32515] = CNOT 51 76
[32516] = Z 51
[32517] = CNOT 51 76
[32518] = CNOT 51 77
[32519] = S 51
[32520] = Z 51
[32521] = CNOT 51 77
[32522] = CNOT 51 78
[32523] = Z 51
[32524] = CNOT 51 78
[32525] = CNOT 51 79
[32526] = S 51
[32527] = Z 51
[32528] = CNOT 51 79
[32529] = CNOT 51 84
[32530] = S 51
[32531] = CNOT 51 84
[32532] = CNOT 51 63
[32533] = CNOT 51 64
[32534] = CNOT 51 67
[32535] = Z 51
[32536] = CNOT 51 67
[32537] = CNOT 51 68
[32538] = Z 51
[32539] = CNOT 51 68
[32540] = CNOT 51 76
[32541] = Z 51
[32542] = CNOT 51 76
[32543] = CNOT 51 77
[32544] = S 51
[32545] = CNOT 51 77
[32546] = CNOT 51 78
[32547] = Z 51
[32548] = CNOT 51 78
[32549] = CNOT 51 79
[32550] = S 51
[32551] = CNOT 51 79
[32552] = CNOT 51 84
[32553] = S 51
[32554] = Z 51
[32555] = CNOT 51 84
[32556] = CNOT 51 64
[32557] = CNOT 51 67
[32558] = CNOT 51 76
[32559] = S 51
[32560] = Z 51
[32561] = CNOT 51 76
[32562] = CNOT 51 77
[32563] = Z 51
[32564] = CNOT 51 77
[32565] = CNOT 51 84
[32566] = Z 51
[32567] = CNOT 51 84
[32568] = CNOT 51 67
[32569] = CNOT 51 68
[32570] = CNOT 51 77
[32571] = Z 51
[32572] = CNOT 51 77
[32573] = CNOT 51 78
[32574] = S 51
[32575] = Z 51
[32576] = CNOT 51 78
[32577] = CNOT 51 79
[32578] = Z 51
[32579] = CNOT 51 79
[32580] = CNOT 51 83
[32581] = Z 51
[32582] = CNOT 51 83
[32583] = CNOT 51 68
[32584] = CNOT 51 76
[32585] = CNOT 51 77
[32586] = Z 51
[32587] = CNOT 51 77
[32588] = CNOT 51 84
[32589] = Z 51
[32590] = CNOT 51 84
[32591] = CNOT 51 76
[32592] = CNOT 51 77
[32593] = CNOT 51 78
[32594] = Z 51
[32595] = CNOT 51 78
[32596] = CNOT 51 79
[32597] = S 51
[32598] = CNOT 51 79
[32599] = CNOT 51 84
[32600] = S 51
[32601] = Z 51
[32602] = CNOT 51 84
[32603] = CNOT 51 77
[32604] = CNOT 51 78
[32605] = CNOT 51 79
[32606] = Z 51
[32607] = CNOT 51 79
[32608] = CNOT 51 83
[32609] = Z 51
[32610] = CNOT 51 83
[32611] = CNOT 51 78
[32612] = CNOT 51 79
[32613] = CNOT 51 84
[32614] = S 51
[32615] = Z 51
[32616] = CNOT 51 84
[32617] = CNOT 51 79
[32618] = CNOT 52 55
[32619] = CNOT 52 61
[32620] = S 52
[32621] = Z 52
[32622] = CNOT 52 61
[32623] = CNOT 52 63
[32624] = S 52
[32625] = Z 52
[32626] = CNOT 52 63
[32627] = CNOT 52 64
[32628] = S 52
[32629] = Z 52
[32630] = CNOT 52 64
[32631] = CNOT 52 77
[32632] = S 52
[32633] = Z 52
[32634] = CNOT 52 77
[32635] = CNOT 52 79
[32636] = S 52
[32637] = Z 52
[32638] = CNOT 52 79
[32639] = CNOT 52 81
[32640] = S 52
[32641] = Z 52
[32642] = CNOT 52 81
[32643] = CNOT 52 84
[32644] = S 52
[32645] = Z 52
[32646] = CNOT 52 84
[32647] = CNOT 52 55
[32648] = CNOT 52 56
[32649] = CNOT 52 61
[32650] = Z 52
[32651] = CNOT 52 61
[32652] = CNOT 52 63
[32653] = Z 52
[32654] = CNOT 52 63
[32655] = CNOT 52 64
[32656] = Z 52
[32657] = CNOT 52 64
[32658] = CNOT 52 77
[32659] = Z 52
[32660] = CNOT 52 77
[32661] = CNOT 52 79
[32662] = Z 52
[32663] = CNOT 52 79
[32664] = CNOT 52 84
[32665] = Z 52
[32666] = CNOT 52 84
[32667] = CNOT 52 56
[32668] = CNOT 52 61
[32669] = CNOT 52 81
[32670] = Z 52
[32671] = CNOT 52 61
[32672] = CNOT 52 63
[32673] = Z 52
[32674] = CNOT 52 63
[32675] = CNOT 52 64
[32676] = Z 52
[32677] = CNOT 52 64
[32678] = CNOT 52 77
[32679] = Z 52
[32680] = CNOT 52 77
[32681] = CNOT 52 79
[32682] = Z 52
[32683] = CNOT 52 79
[32684] = CNOT 52 84
[32685] = Z 52
[32686] = CNOT 52 84
[32687] = CNOT 53 56
[32688] = CNOT 53 60
[32689] = S 53
[32690] = CNOT 53 60
[32691] = CNOT 53 61
[32692] = S 53
[32693] = CNOT 53 61
[32694] = CNOT 53 63
[32695] = S 53
[32696] = CNOT 53 63
[32697] = CNOT 53 64
[32698] = S 53
[32699] = CNOT 53 64
[32700] = CNOT 53 69
[32701] = Z 53
[32702] = CNOT 53 69
[32703] = CNOT 53 72
[32704] = S 53
[32705] = CNOT 53 72
[32706] = CNOT 53 73
[32707] = Z 53
[32708] = CNOT 53 73
[32709] = CNOT 53 77
[32710] = S 53
[32711] = Z 53
[32712] = CNOT 53 77
[32713] = CNOT 53 79
[32714] = S 53
[32715] = CNOT 53 79
[32716] = CNOT 53 84
[32717] = S 53
[32718] = CNOT 53 84
[32719] = CNOT 53 56
[32720] = CNOT 53 60
[32721] = CNOT 53 61
[32722] = S 53
[32723] = CNOT 53 61
[32724] = CNOT 53 63
[32725] = S 53
[32726] = CNOT 53 63
[32727] = CNOT 53 64
[32728] = S 53
[32729] = Z 53
[32730] = CNOT 53 64
[32731] = CNOT 53 77
[32732] = Z 53
[32733] = CNOT 53 77
[32734] = CNOT 53 79
[32735] = S 53
[32736] = CNOT 53 79
[32737] = CNOT 53 84
[32738] = S 53
[32739] = CNOT 53 84
[32740] = CNOT 53 60
[32741] = CNOT 53 61
[32742] = CNOT 53 63
[32743] = S 53
[32744] = CNOT 53 63
[32745] = CNOT 53 64
[32746] = S 53
[32747] = CNOT 53 64
[32748] = CNOT 53 69
[32749] = Z 53
[32750] = CNOT 53 69
[32751] = CNOT 53 72
[32752] = S 53
[32753] = CNOT 53 72
[32754] = CNOT 53 73
[32755] = Z 53
[32756] = CNOT 53 73
[32757] = CNOT 53 77
[32758] = S 53
[32759] = Z 53
[32760] = CNOT 53 77
[32761] = CNOT 53 79
[32762] = S 53
[32763] = CNOT 53 79
[32764] = CNOT 53 84
[32765] = S 53
[32766] = CNOT 53 84
[32767] = CNOT 53 61
[32768] = CNOT 53 63
[32769] = CNOT 53 64
[32770] = S 53
[32771] = CNOT 53 64
[32772] = CNOT 53 69
[32773] = Z 53
[32774] = CNOT 53 69
[32775] = CNOT 53 72
[32776] = S 53
[32777] = CNOT 53 72
[32778] = CNOT 53 73
[32779] = Z 53
[32780] = CNOT 53 73
[32781] = CNOT 53 77
[32782] = S 53
[32783] = Z 53
[32784] = CNOT 53 77
[32785] = CNOT 53 79
[32786] = S 53
[32787] = CNOT 53 79
[32788] = CNOT 53 84
[32789] = S 53
[32790] = CNOT 53 84
[32791] = CNOT 53 63
[32792] = CNOT 53 64
[32793] = CNOT 53 77
[32794] = S 53
[32795] = CNOT 53 77
[32796] = CNOT 53 79
[32797] = S 53
[32798] = CNOT 53 79
[32799] = CNOT 53 84
[32800] = S 53
[32801] = CNOT 53 84
[32802] = CNOT 53 64
[32803] = CNOT 53 69
[32804] = CNOT 53 70
[32805] = Z 53
[32806] = CNOT 53 70
[32807] = CNOT 53 72
[32808] = S 53
[32809] = Z 53
[32810] = CNOT 53 72
[32811] = CNOT 53 73
[32812] = S 53
[32813] = Z 53
[32814] = CNOT 53 73
[32815] = CNOT 53 79
[32816] = Z 53
[32817] = CNOT 53 79
[32818] = CNOT 53 84
[32819] = Z 53
[32820] = CNOT 53 84
[32821] = CNOT 53 69
[32822] = CNOT 53 70
[32823] = CNOT 53 72
[32824] = Z 53
[32825] = CNOT 53 72
[32826] = CNOT 53 73
[32827] = Z 53
[32828] = CNOT 53 70
[32829] = CNOT 53 72
[32830] = S 53
[32831] = Z 53
[32832] = CNOT 53 73
[32833] = CNOT 53 79
[32834] = S 53
[32835] = CNOT 53 79
[32836] = CNOT 53 84
[32837] = S 53
[32838] = CNOT 53 84
[32839] = CNOT 53 72
[32840] = CNOT 53 73
[32841] = CNOT 53 79
[32842] = Z 53
[32843] = CNOT 53 79
[32844] = CNOT 53 84
[32845] = Z 53
[32846] = CNOT 53 84
[32847] = CNOT 53 73
[32848] = CNOT 53 77
[32849] = CNOT 53 79
[32850] = S 53
[32851] = Z 53
[32852] = CNOT 53 79
[32853] = CNOT 53 84
[32854] = S 53
[32855] = Z 53
[32856] = CNOT 53 77
[32857] = CNOT 53 79
[32858] = S 53
[32859] = CNOT 53 84
[32860] = CNOT 53 79
[32861] = CNOT 54 61
[32862] = CNOT 54 68
[32863] = Z 54
[32864] = CNOT 54 68
[32865] = CNOT 54 78
[32866] = Z 54
[32867] = CNOT 54 78
[32868] = CNOT 54 61
[32869] = CNOT 54 63
[32870] = CNOT 54 68
[32871] = Z 54
[32872] = CNOT 54 68
[32873] = CNOT 54 78
[32874] = Z 54
[32875] = CNOT 54 78
[32876] = CNOT 54 63
[32877] = CNOT 54 64
[32878] = CNOT 54 68
[32879] = Z 54
[32880] = CNOT 54 68
[32881] = CNOT 54 78
[32882] = Z 54
[32883] = CNOT 54 78
[32884] = CNOT 54 64
[32885] = CNOT 54 68
[32886] = CNOT 54 77
[32887] = Z 54
[32888] = CNOT 54 77
[32889] = CNOT 54 78
[32890] = S 54
[32891] = Z 54
[32892] = CNOT 54 78
[32893] = CNOT 54 79
[32894] = Z 54
[32895] = CNOT 54 79
[32896] = CNOT 54 83
[32897] = Z 54
[32898] = CNOT 54 83
[32899] = CNOT 54 68
[32900] = CNOT 54 77
[32901] = CNOT 54 78
[32902] = Z 54
[32903] = CNOT 54 77
[32904] = CNOT 54 79
[32905] = Z 54
[32906] = CNOT 54 79
[32907] = CNOT 54 83
[32908] = Z 54
[32909] = CNOT 54 78
[32910] = CNOT 55 59
[32911] = CNOT 55 63
[32912] = S 55
[32913] = Z 55
[32914] = CNOT 55 63
[32915] = CNOT 55 64
[32916] = S 55
[32917] = Z 55
[32918] = CNOT 55 64
[32919] = CNOT 55 65
[32920] = S 55
[32921] = Z 55
[32922] = CNOT 55 65
[32923] = CNOT 55 75
[32924] = S 55
[32925] = Z 55
[32926] = CNOT 55 75
[32927] = CNOT 55 77
[32928] = S 55
[32929] = Z 55
[32930] = CNOT 55 77
[32931] = CNOT 55 79
[32932] = S 55
[32933] = Z 55
[32934] = CNOT 55 79
[32935] = CNOT 55 84
[32936] = S 55
[32937] = Z 55
[32938] = CNOT 55 84
[32939] = CNOT 55 59
[32940] = CNOT 55 61
[32941] = CNOT 55 63
[32942] = Z 55
[32943] = CNOT 55 63
[32944] = CNOT 55 64
[32945] = Z 55
[32946] = CNOT 55 64
[32947] = CNOT 55 77
[32948] = Z 55
[32949] = CNOT 55 77
[32950] = CNOT 55 79
[32951] = Z 55
[32952] = CNOT 55 79
[32953] = CNOT 55 81
[32954] = S 55
[32955] = Z 55
[32956] = CNOT 55 81
[32957] = CNOT 55 84
[32958] = Z 55
[32959] = CNOT 55 84
[32960] = CNOT 55 61
[32961] = CNOT 55 63
[32962] = CNOT 55 65
[32963] = Z 55
[32964] = CNOT 55 65
[32965] = CNOT 55 74
[32966] = S 55
[32967] = Z 55
[32968] = CNOT 55 74
[32969] = CNOT 55 75
[32970] = Z 55
[32971] = CNOT 55 75
[32972] = CNOT 55 81
[32973] = S 55
[32974] = Z 55
[32975] = CNOT 55 81
[32976] = CNOT 55 63
[32977] = CNOT 55 64
[32978] = CNOT 55 65
[32979] = Z 55
[32980] = CNOT 55 65
[32981] = CNOT 55 74
[32982] = S 55
[32983] = Z 55
[32984] = CNOT 55 74
[32985] = CNOT 55 75
[32986] = Z 55
[32987] = CNOT 55 75
[32988] = CNOT 55 81
[32989] = S 55
[32990] = Z 55
[32991] = CNOT 55 81
[32992] = CNOT 55 64
[32993] = CNOT 55 65
[32994] = CNOT 55 74
[32995] = S 55
[32996] = Z 55
[32997] = CNOT 55 74
[32998] = CNOT 55 75
[32999] = Z 55
[33000] = CNOT 55 75
[33001] = CNOT 55 77
[33002] = Z 55
[33003] = CNOT 55 77
[33004] = CNOT 55 79
[33005] = Z 55
[33006] = CNOT 55 79
[33007] = CNOT 55 84
[33008] = Z 55
[33009] = CNOT 55 84
[33010] = CNOT 55 65
[33011] = CNOT 55 74
[33012] = CNOT 55 75
[33013] = S 55
[33014] = Z 55
[33015] = CNOT 55 75
[33016] = CNOT 55 77
[33017] = S 55
[33018] = Z 55
[33019] = CNOT 55 77
[33020] = CNOT 55 79
[33021] = S 55
[33022] = Z 55
[33023] = CNOT 55 79
[33024] = CNOT 55 84
[33025] = S 55
[33026] = Z 55
[33027] = CNOT 55 84
[33028] = CNOT 55 74
[33029] = CNOT 55 75
[33030] = CNOT 55 77
[33031] = Z 55
[33032] = CNOT 55 77
[33033] = CNOT 55 79
[33034] = Z 55
[33035] = CNOT 55 79
[33036] = CNOT 55 84
[33037] = Z 55
[33038] = CNOT 55 84
[33039] = CNOT 55 75
[33040] = CNOT 55 77
[33041] = CNOT 55 81
[33042] = S 55
[33043] = Z 55
[33044] = CNOT 55 77
[33045] = CNOT 55 79
[33046] = S 55
[33047] = Z 55
[33048] = CNOT 55 79
[33049] = CNOT 55 84
[33050] = S 55
[33051] = Z 55
[33052] = CNOT 55 84
[33053] = CNOT 55 81
[33054] = CNOT 56 60
[33055] = CNOT 56 61
[33056] = S 56
[33057] = CNOT 56 61
[33058] = CNOT 56 63
[33059] = S 56
[33060] = CNOT 56 63
[33061] = CNOT 56 64
[33062] = S 56
[33063] = Z 56
[33064] = CNOT 56 64
[33065] = CNOT 56 77
[33066] = Z 56
[33067] = CNOT 56 77
[33068] = CNOT 56 79
[33069] = S 56
[33070] = CNOT 56 79
[33071] = CNOT 56 84
[33072] = S 56
[33073] = CNOT 56 84
[33074] = CNOT 56 60
[33075] = CNOT 56 61
[33076] = CNOT 56 63
[33077] = S 56
[33078] = Z 56
[33079] = CNOT 56 63
[33080] = CNOT 56 64
[33081] = S 56
[33082] = Z 56
[33083] = CNOT 56 64
[33084] = CNOT 56 69
[33085] = Z 56
[33086] = CNOT 56 69
[33087] = CNOT 56 72
[33088] = S 56
[33089] = CNOT 56 72
[33090] = CNOT 56 73
[33091] = Z 56
[33092] = CNOT 56 73
[33093] = CNOT 56 77
[33094] = S 56
[33095] = CNOT 56 77
[33096] = CNOT 56 79
[33097] = S 56
[33098] = Z 56
[33099] = CNOT 56 79
[33100] = CNOT 56 82
[33101] = Z 56
[33102] = CNOT 56 82
[33103] = CNOT 56 84
[33104] = S 56
[33105] = Z 56
[33106] = CNOT 56 84
[33107] = CNOT 56 61
[33108] = CNOT 56 63
[33109] = CNOT 56 64
[33110] = S 56
[33111] = Z 56
[33112] = CNOT 56 64
[33113] = CNOT 56 69
[33114] = Z 56
[33115] = CNOT 56 69
[33116] = CNOT 56 72
[33117] = S 56
[33118] = CNOT 56 72
[33119] = CNOT 56 73
[33120] = Z 56
[33121] = CNOT 56 73
[33122] = CNOT 56 77
[33123] = S 56
[33124] = CNOT 56 77
[33125] = CNOT 56 79
[33126] = S 56
[33127] = Z 56
[33128] = CNOT 56 79
[33129] = CNOT 56 82
[33130] = Z 56
[33131] = CNOT 56 82
[33132] = CNOT 56 84
[33133] = S 56
[33134] = Z 56
[33135] = CNOT 56 84
[33136] = CNOT 56 63
[33137] = CNOT 56 64
[33138] = CNOT 56 77
[33139] = S 56
[33140] = Z 56
[33141] = CNOT 56 77
[33142] = CNOT 56 79
[33143] = S 56
[33144] = Z 56
[33145] = CNOT 56 79
[33146] = CNOT 56 82
[33147] = Z 56
[33148] = CNOT 56 82
[33149] = CNOT 56 84
[33150] = S 56
[33151] = Z 56
[33152] = CNOT 56 84
[33153] = CNOT 56 64
[33154] = CNOT 56 69
[33155] = CNOT 56 70
[33156] = Z 56
[33157] = CNOT 56 70
[33158] = CNOT 56 72
[33159] = S 56
[33160] = Z 56
[33161] = CNOT 56 72
[33162] = CNOT 56 73
[33163] = S 56
[33164] = Z 56
[33165] = CNOT 56 73
[33166] = CNOT 56 79
[33167] = Z 56
[33168] = CNOT 56 79
[33169] = CNOT 56 84
[33170] = Z 56
[33171] = CNOT 56 84
[33172] = CNOT 56 69
[33173] = CNOT 56 70
[33174] = CNOT 56 72
[33175] = Z 56
[33176] = CNOT 56 72
[33177] = CNOT 56 73
[33178] = Z 56
[33179] = CNOT 56 70
[33180] = CNOT 56 72
[33181] = S 56
[33182] = Z 56
[33183] = CNOT 56 73
[33184] = CNOT 56 79
[33185] = S 56
[33186] = CNOT 56 79
[33187] = CNOT 56 84
[33188] = S 56
[33189] = CNOT 56 84
[33190] = CNOT 56 72
[33191] = CNOT 56 73
[33192] = CNOT 56 79
[33193] = Z 56
[33194] = CNOT 56 79
[33195] = CNOT 56 84
[33196] = Z 56
[33197] = CNOT 56 84
[33198] = CNOT 56 73
[33199] = CNOT 56 77
[33200] = CNOT 56 79
[33201] = S 56
[33202] = CNOT 56 79
[33203] = CNOT 56 82
[33204] = Z 56
[33205] = CNOT 56 82
[33206] = CNOT 56 84
[33207] = S 56
[33208] = CNOT 56 84
[33209] = CNOT 56 77
[33210] = CNOT 56 79
[33211] = CNOT 56 82
[33212] = Z 56
[33213] = CNOT 56 82
[33214] = CNOT 56 84
[33215] = S 56
[33216] = Z 56
[33217] = CNOT 56 79
[33218] = CNOT 56 82
[33219] = Z 56
[33220] = CNOT 56 84
[33221] = CNOT 57 58
[33222] = CNOT 57 63
[33223] = S 57
[33224] = Z 57
[33225] = CNOT 57 63
[33226] = CNOT 57 64
[33227] = S 57
[33228] = Z 57
[33229] = CNOT 57 64
[33230] = CNOT 57 77
[33231] = S 57
[33232] = Z 57
[33233] = CNOT 57 77
[33234] = CNOT 57 79
[33235] = S 57
[33236] = Z 57
[33237] = CNOT 57 79
[33238] = CNOT 57 84
[33239] = S 57
[33240] = Z 57
[33241] = CNOT 57 84
[33242] = CNOT 57 58
[33243] = CNOT 57 62
[33244] = CNOT 57 63
[33245] = S 57
[33246] = Z 57
[33247] = CNOT 57 63
[33248] = CNOT 57 64
[33249] = S 57
[33250] = Z 57
[33251] = CNOT 57 64
[33252] = CNOT 57 77
[33253] = S 57
[33254] = Z 57
[33255] = CNOT 57 77
[33256] = CNOT 57 79
[33257] = S 57
[33258] = Z 57
[33259] = CNOT 57 79
[33260] = CNOT 57 84
[33261] = S 57
[33262] = Z 57
[33263] = CNOT 57 84
[33264] = CNOT 57 62
[33265] = CNOT 57 63
[33266] = CNOT 57 64
[33267] = S 57
[33268] = CNOT 57 64
[33269] = CNOT 57 75
[33270] = S 57
[33271] = Z 57
[33272] = CNOT 57 75
[33273] = CNOT 57 77
[33274] = S 57
[33275] = CNOT 57 77
[33276] = CNOT 57 79
[33277] = S 57
[33278] = CNOT 57 79
[33279] = CNOT 57 84
[33280] = S 57
[33281] = CNOT 57 84
[33282] = CNOT 57 63
[33283] = CNOT 57 64
[33284] = CNOT 57 75
[33285] = S 57
[33286] = Z 57
[33287] = CNOT 57 75
[33288] = CNOT 57 77
[33289] = S 57
[33290] = CNOT 57 77
[33291] = CNOT 57 79
[33292] = S 57
[33293] = CNOT 57 79
[33294] = CNOT 57 84
[33295] = S 57
[33296] = CNOT 57 84
[33297] = CNOT 57 64
[33298] = CNOT 57 75
[33299] = CNOT 57 77
[33300] = S 57
[33301] = Z 57
[33302] = CNOT 57 77
[33303] = CNOT 57 79
[33304] = S 57
[33305] = Z 57
[33306] = CNOT 57 79
[33307] = CNOT 57 84
[33308] = S 57
[33309] = Z 57
[33310] = CNOT 57 84
[33311] = CNOT 57 75
[33312] = CNOT 57 77
[33313] = CNOT 57 79
[33314] = S 57
[33315] = CNOT 57 79
[33316] = CNOT 57 84
[33317] = S 57
[33318] = CNOT 57 77
[33319] = CNOT 57 79
[33320] = S 57
[33321] = CNOT 57 84
[33322] = CNOT 57 79
[33323] = CNOT 58 63
[33324] = CNOT 58 64
[33325] = S 58
[33326] = CNOT 58 64
[33327] = CNOT 58 65
[33328] = S 58
[33329] = Z 58
[33330] = CNOT 58 65
[33331] = CNOT 58 74
[33332] = S 58
[33333] = Z 58
[33334] = CNOT 58 74
[33335] = CNOT 58 75
[33336] = Z 58
[33337] = CNOT 58 75
[33338] = CNOT 58 77
[33339] = S 58
[33340] = CNOT 58 77
[33341] = CNOT 58 79
[33342] = S 58
[33343] = CNOT 58 79
[33344] = CNOT 58 84
[33345] = S 58
[33346] = CNOT 58 84
[33347] = CNOT 58 63
[33348] = CNOT 58 64
[33349] = CNOT 58 65
[33350] = S 58
[33351] = Z 58
[33352] = CNOT 58 65
[33353] = CNOT 58 74
[33354] = S 58
[33355] = Z 58
[33356] = CNOT 58 74
[33357] = CNOT 58 75
[33358] = Z 58
[33359] = CNOT 58 75
[33360] = CNOT 58 77
[33361] = S 58
[33362] = CNOT 58 77
[33363] = CNOT 58 79
[33364] = S 58
[33365] = CNOT 58 79
[33366] = CNOT 58 84
[33367] = S 58
[33368] = CNOT 58 84
[33369] = CNOT 58 64
[33370] = CNOT 58 65
[33371] = CNOT 58 75
[33372] = S 58
[33373] = Z 58
[33374] = CNOT 58 75
[33375] = CNOT 58 77
[33376] = S 58
[33377] = Z 58
[33378] = CNOT 58 77
[33379] = CNOT 58 79
[33380] = S 58
[33381] = Z 58
[33382] = CNOT 58 79
[33383] = CNOT 58 84
[33384] = S 58
[33385] = Z 58
[33386] = CNOT 58 84
[33387] = CNOT 58 65
[33388] = CNOT 58 74
[33389] = CNOT 58 75
[33390] = S 58
[33391] = Z 58
[33392] = CNOT 58 75
[33393] = CNOT 58 77
[33394] = S 58
[33395] = Z 58
[33396] = CNOT 58 77
[33397] = CNOT 58 79
[33398] = S 58
[33399] = Z 58
[33400] = CNOT 58 79
[33401] = CNOT 58 84
[33402] = S 58
[33403] = Z 58
[33404] = CNOT 58 84
[33405] = CNOT 58 74
[33406] = CNOT 58 75
[33407] = CNOT 58 77
[33408] = Z 58
[33409] = CNOT 58 77
[33410] = CNOT 58 79
[33411] = Z 58
[33412] = CNOT 58 79
[33413] = CNOT 58 84
[33414] = Z 58
[33415] = CNOT 58 84
[33416] = CNOT 58 75
[33417] = CNOT 58 77
[33418] = CNOT 58 79
[33419] = S 58
[33420] = CNOT 58 79
[33421] = CNOT 58 84
[33422] = S 58
[33423] = CNOT 58 77
[33424] = CNOT 58 79
[33425] = S 58
[33426] = CNOT 58 84
[33427] = CNOT 58 79
[33428] = CNOT 59 63
[33429] = CNOT 59 64
[33430] = Z 59
[33431] = CNOT 59 64
[33432] = CNOT 59 65
[33433] = Z 59
[33434] = CNOT 59 65
[33435] = CNOT 59 74
[33436] = S 59
[33437] = Z 59
[33438] = CNOT 59 74
[33439] = CNOT 59 75
[33440] = Z 59
[33441] = CNOT 59 75
[33442] = CNOT 59 77
[33443] = Z 59
[33444] = CNOT 59 77
[33445] = CNOT 59 79
[33446] = Z 59
[33447] = CNOT 59 79
[33448] = CNOT 59 84
[33449] = Z 59
[33450] = CNOT 59 84
[33451] = CNOT 59 63
[33452] = CNOT 59 64
[33453] = CNOT 59 65
[33454] = Z 59
[33455] = CNOT 59 65
[33456] = CNOT 59 74
[33457] = S 59
[33458] = Z 59
[33459] = CNOT 59 74
[33460] = CNOT 59 75
[33461] = Z 59
[33462] = CNOT 59 75
[33463] = CNOT 59 77
[33464] = Z 59
[33465] = CNOT 59 77
[33466] = CNOT 59 79
[33467] = Z 59
[33468] = CNOT 59 79
[33469] = CNOT 59 84
[33470] = Z 59
[33471] = CNOT 59 84
[33472] = CNOT 59 64
[33473] = CNOT 59 65
[33474] = CNOT 59 74
[33475] = S 59
[33476] = Z 59
[33477] = CNOT 59 74
[33478] = CNOT 59 75
[33479] = Z 59
[33480] = CNOT 59 75
[33481] = CNOT 59 77
[33482] = Z 59
[33483] = CNOT 59 77
[33484] = CNOT 59 79
[33485] = Z 59
[33486] = CNOT 59 79
[33487] = CNOT 59 84
[33488] = Z 59
[33489] = CNOT 59 84
[33490] = CNOT 59 65
[33491] = CNOT 59 74
[33492] = CNOT 59 75
[33493] = S 59
[33494] = Z 59
[33495] = CNOT 59 75
[33496] = CNOT 59 77
[33497] = S 59
[33498] = Z 59
[33499] = CNOT 59 77
[33500] = CNOT 59 79
[33501] = S 59
[33502] = Z 59
[33503] = CNOT 59 79
[33504] = CNOT 59 84
[33505] = S 59
[33506] = Z 59
[33507] = CNOT 59 84
[33508] = CNOT 59 74
[33509] = CNOT 59 75
[33510] = CNOT 59 77
[33511] = Z 59
[33512] = CNOT 59 77
[33513] = CNOT 59 79
[33514] = Z 59
[33515] = CNOT 59 79
[33516] = CNOT 59 84
[33517] = Z 59
[33518] = CNOT 59 84
[33519] = CNOT 59 75
[33520] = CNOT 59 77
[33521] = CNOT 59 79
[33522] = Z 59
[33523] = CNOT 59 79
[33524] = CNOT 59 84
[33525] = Z 59
[33526] = CNOT 59 77
[33527] = CNOT 59 79
[33528] = Z 59
[33529] = CNOT 59 84
[33530] = CNOT 59 79
[33531] = CNOT 60 61
[33532] = CNOT 60 63
[33533] = S 60
[33534] = CNOT 60 63
[33535] = CNOT 60 64
[33536] = S 60
[33537] = Z 60
[33538] = CNOT 60 64
[33539] = CNOT 60 77
[33540] = Z 60
[33541] = CNOT 60 77
[33542] = CNOT 60 79
[33543] = S 60
[33544] = CNOT 60 79
[33545] = CNOT 60 84
[33546] = S 60
[33547] = CNOT 60 84
[33548] = CNOT 60 61
[33549] = CNOT 60 63
[33550] = CNOT 60 64
[33551] = S 60
[33552] = Z 60
[33553] = CNOT 60 64
[33554] = CNOT 60 77
[33555] = Z 60
[33556] = CNOT 60 77
[33557] = CNOT 60 79
[33558] = S 60
[33559] = CNOT 60 79
[33560] = CNOT 60 84
[33561] = S 60
[33562] = CNOT 60 84
[33563] = CNOT 60 63
[33564] = CNOT 60 64
[33565] = CNOT 60 77
[33566] = S 60
[33567] = Z 60
[33568] = CNOT 60 77
[33569] = CNOT 60 79
[33570] = S 60
[33571] = Z 60
[33572] = CNOT 60 79
[33573] = CNOT 60 84
[33574] = S 60
[33575] = Z 60
[33576] = CNOT 60 84
[33577] = CNOT 60 64
[33578] = CNOT 60 77
[33579] = CNOT 60 79
[33580] = Z 60
[33581] = CNOT 60 79
[33582] = CNOT 60 84
[33583] = Z 60
[33584] = CNOT 60 77
[33585] = CNOT 60 79
[33586] = S 60
[33587] = CNOT 60 84
[33588] = CNOT 60 79
[33589] = CNOT 61 63
[33590] = CNOT 61 64
[33591] = S 61
[33592] = CNOT 61 64
[33593] = CNOT 61 68
[33594] = Z 61
[33595] = CNOT 61 68
[33596] = CNOT 61 69
[33597] = Z 61
[33598] = CNOT 61 69
[33599] = CNOT 61 72
[33600] = S 61
[33601] = CNOT 61 72
[33602] = CNOT 61 73
[33603] = Z 61
[33604] = CNOT 61 73
[33605] = CNOT 61 77
[33606] = S 61
[33607] = Z 61
[33608] = CNOT 61 77
[33609] = CNOT 61 78
[33610] = Z 61
[33611] = CNOT 61 78
[33612] = CNOT 61 79
[33613] = S 61
[33614] = CNOT 61 79
[33615] = CNOT 61 80
[33616] = Z 61
[33617] = CNOT 61 80
[33618] = CNOT 61 81
[33619] = Z 61
[33620] = CNOT 61 81
[33621] = CNOT 61 82
[33622] = Z 61
[33623] = CNOT 61 82
[33624] = CNOT 61 84
[33625] = S 61
[33626] = Z 61
[33627] = CNOT 61 84
[33628] = CNOT 61 63
[33629] = CNOT 61 64
[33630] = CNOT 61 68
[33631] = Z 61
[33632] = CNOT 61 68
[33633] = CNOT 61 77
[33634] = S 61
[33635] = Z 61
[33636] = CNOT 61 77
[33637] = CNOT 61 78
[33638] = Z 61
[33639] = CNOT 61 78
[33640] = CNOT 61 79
[33641] = S 61
[33642] = Z 61
[33643] = CNOT 61 79
[33644] = CNOT 61 80
[33645] = Z 61
[33646] = CNOT 61 80
[33647] = CNOT 61 81
[33648] = Z 61
[33649] = CNOT 61 81
[33650] = CNOT 61 82
[33651] = Z 61
[33652] = CNOT 61 82
[33653] = CNOT 61 84
[33654] = S 61
[33655] = CNOT 61 84
[33656] = CNOT 61 64
[33657] = CNOT 61 68
[33658] = CNOT 61 77
[33659] = Z 61
[33660] = CNOT 61 77
[33661] = CNOT 61 78
[33662] = S 61
[33663] = Z 61
[33664] = CNOT 61 78
[33665] = CNOT 61 79
[33666] = Z 61
[33667] = CNOT 61 79
[33668] = CNOT 61 83
[33669] = Z 61
[33670] = CNOT 61 83
[33671] = CNOT 61 68
[33672] = CNOT 61 69
[33673] = CNOT 61 70
[33674] = Z 61
[33675] = CNOT 61 70
[33676] = CNOT 61 72
[33677] = S 61
[33678] = Z 61
[33679] = CNOT 61 72
[33680] = CNOT 61 73
[33681] = S 61
[33682] = Z 61
[33683] = CNOT 61 73
[33684] = CNOT 61 79
[33685] = Z 61
[33686] = CNOT 61 79
[33687] = CNOT 61 84
[33688] = Z 61
[33689] = CNOT 61 84
[33690] = CNOT 61 69
[33691] = CNOT 61 70
[33692] = CNOT 61 72
[33693] = Z 61
[33694] = CNOT 61 72
[33695] = CNOT 61 73
[33696] = Z 61
[33697] = CNOT 61 70
[33698] = CNOT 61 72
[33699] = S 61
[33700] = Z 61
[33701] = CNOT 61 73
[33702] = CNOT 61 79
[33703] = S 61
[33704] = CNOT 61 79
[33705] = CNOT 61 84
[33706] = S 61
[33707] = CNOT 61 84
[33708] = CNOT 61 72
[33709] = CNOT 61 73
[33710] = CNOT 61 79
[33711] = Z 61
[33712] = CNOT 61 79
[33713] = CNOT 61 84
[33714] = Z 61
[33715] = CNOT 61 84
[33716] = CNOT 61 73
[33717] = CNOT 61 77
[33718] = CNOT 61 78
[33719] = Z 61
[33720] = CNOT 61 78
[33721] = CNOT 61 79
[33722] = S 61
[33723] = CNOT 61 79
[33724] = CNOT 61 80
[33725] = Z 61
[33726] = CNOT 61 80
[33727] = CNOT 61 81
[33728] = Z 61
[33729] = CNOT 61 81
[33730] = CNOT 61 82
[33731] = Z 61
[33732] = CNOT 61 82
[33733] = CNOT 61 84
[33734] = S 61
[33735] = Z 61
[33736] = CNOT 61 84
[33737] = CNOT 61 77
[33738] = CNOT 61 78
[33739] = CNOT 61 79
[33740] = Z 61
[33741] = CNOT 61 79
[33742] = CNOT 61 83
[33743] = Z 61
[33744] = CNOT 61 83
[33745] = CNOT 61 78
[33746] = CNOT 61 79
[33747] = CNOT 61 80
[33748] = Z 61
[33749] = CNOT 61 80
[33750] = CNOT 61 81
[33751] = Z 61
[33752] = CNOT 61 81
[33753] = CNOT 61 82
[33754] = Z 61
[33755] = CNOT 61 82
[33756] = CNOT 61 84
[33757] = S 61
[33758] = CNOT 61 79
[33759] = CNOT 61 80
[33760] = Z 61
[33761] = CNOT 61 80
[33762] = CNOT 61 81
[33763] = Z 61
[33764] = CNOT 61 81
[33765] = CNOT 61 82
[33766] = Z 61
[33767] = CNOT 61 84
[33768] = CNOT 61 82
[33769] = CNOT 62 63
[33770] = CNOT 62 66
[33771] = Z 62
[33772] = CNOT 62 66
[33773] = CNOT 62 71
[33774] = Z 62
[33775] = CNOT 62 71
[33776] = CNOT 62 63
[33777] = CNOT 62 64
[33778] = CNOT 62 66
[33779] = Z 62
[33780] = CNOT 62 66
[33781] = CNOT 62 71
[33782] = Z 62
[33783] = CNOT 62 64
[33784] = CNOT 62 66
[33785] = S 62
[33786] = Z 62
[33787] = CNOT 62 71
[33788] = CNOT 62 77
[33789] = Z 62
[33790] = CNOT 62 77
[33791] = CNOT 62 79
[33792] = Z 62
[33793] = CNOT 62 79
[33794] = CNOT 62 84
[33795] = Z 62
[33796] = CNOT 62 84
[33797] = CNOT 62 66
[33798] = CNOT 62 71
[33799] = CNOT 62 77
[33800] = Z 62
[33801] = CNOT 62 77
[33802] = CNOT 62 79
[33803] = Z 62
[33804] = CNOT 62 79
[33805] = CNOT 62 84
[33806] = Z 62
[33807] = CNOT 62 84
[33808] = CNOT 62 71
[33809] = CNOT 63 64
[33810] = CNOT 63 66
[33811] = Z 63
[33812] = CNOT 63 66
[33813] = CNOT 63 67
[33814] = Z 63
[33815] = CNOT 63 67
[33816] = CNOT 63 68
[33817] = Z 63
[33818] = CNOT 63 68
[33819] = CNOT 63 71
[33820] = Z 63
[33821] = CNOT 63 71
[33822] = CNOT 63 74
[33823] = S 63
[33824] = CNOT 63 74
[33825] = CNOT 63 75
[33826] = Z 63
[33827] = CNOT 63 75
[33828] = CNOT 63 76
[33829] = Z 63
[33830] = CNOT 63 76
[33831] = CNOT 63 77
[33832] = S 63
[33833] = CNOT 63 77
[33834] = CNOT 63 78
[33835] = Z 63
[33836] = CNOT 63 78
[33837] = CNOT 63 79
[33838] = S 63
[33839] = CNOT 63 79
[33840] = CNOT 63 80
[33841] = Z 63
[33842] = CNOT 63 80
[33843] = CNOT 63 81
[33844] = Z 63
[33845] = CNOT 63 81
[33846] = CNOT 63 82
[33847] = Z 63
[33848] = CNOT 63 82
[33849] = CNOT 63 84
[33850] = S 63
[33851] = Z 63
[33852] = CNOT 63 84
[33853] = CNOT 63 64
[33854] = CNOT 63 65
[33855] = CNOT 63 74
[33856] = Z 63
[33857] = CNOT 63 74
[33858] = CNOT 63 65
[33859] = CNOT 63 66
[33860] = CNOT 63 71
[33861] = S 63
[33862] = Z 63
[33863] = CNOT 63 71
[33864] = CNOT 63 77
[33865] = Z 63
[33866] = CNOT 63 77
[33867] = CNOT 63 79
[33868] = Z 63
[33869] = CNOT 63 79
[33870] = CNOT 63 84
[33871] = Z 63
[33872] = CNOT 63 84
[33873] = CNOT 63 66
[33874] = CNOT 63 67
[33875] = CNOT 63 76
[33876] = S 63
[33877] = Z 63
[33878] = CNOT 63 76
[33879] = CNOT 63 77
[33880] = Z 63
[33881] = CNOT 63 77
[33882] = CNOT 63 84
[33883] = Z 63
[33884] = CNOT 63 84
[33885] = CNOT 63 67
[33886] = CNOT 63 68
[33887] = CNOT 63 77
[33888] = Z 63
[33889] = CNOT 63 77
[33890] = CNOT 63 78
[33891] = S 63
[33892] = Z 63
[33893] = CNOT 63 78
[33894] = CNOT 63 79
[33895] = Z 63
[33896] = CNOT 63 79
[33897] = CNOT 63 83
[33898] = Z 63
[33899] = CNOT 63 83
[33900] = CNOT 63 68
[33901] = CNOT 63 69
[33902] = CNOT 63 70
[33903] = Z 63
[33904] = CNOT 63 70
[33905] = CNOT 63 72
[33906] = S 63
[33907] = Z 63
[33908] = CNOT 63 72
[33909] = CNOT 63 73
[33910] = S 63
[33911] = Z 63
[33912] = CNOT 63 73
[33913] = CNOT 63 79
[33914] = Z 63
[33915] = CNOT 63 79
[33916] = CNOT 63 84
[33917] = Z 63
[33918] = CNOT 63 84
[33919] = CNOT 63 69
[33920] = CNOT 63 70
[33921] = CNOT 63 72
[33922] = Z 63
[33923] = CNOT 63 72
[33924] = CNOT 63 73
[33925] = Z 63
[33926] = CNOT 63 73
[33927] = CNOT 63 70
[33928] = CNOT 63 71
[33929] = CNOT 63 77
[33930] = Z 63
[33931] = CNOT 63 77
[33932] = CNOT 63 79
[33933] = Z 63
[33934] = CNOT 63 79
[33935] = CNOT 63 84
[33936] = Z 63
[33937] = CNOT 63 84
[33938] = CNOT 63 71
[33939] = CNOT 63 72
[33940] = CNOT 63 73
[33941] = S 63
[33942] = Z 63
[33943] = CNOT 63 73
[33944] = CNOT 63 79
[33945] = S 63
[33946] = CNOT 63 79
[33947] = CNOT 63 84
[33948] = S 63
[33949] = CNOT 63 84
[33950] = CNOT 63 72
[33951] = CNOT 63 73
[33952] = CNOT 63 79
[33953] = Z 63
[33954] = CNOT 63 79
[33955] = CNOT 63 84
[33956] = Z 63
[33957] = CNOT 63 84
[33958] = CNOT 63 73
[33959] = CNOT 63 74
[33960] = CNOT 63 75
[33961] = S 63
[33962] = CNOT 63 75
[33963] = CNOT 63 77
[33964] = S 63
[33965] = CNOT 63 77
[33966] = CNOT 63 79
[33967] = S 63
[33968] = CNOT 63 79
[33969] = CNOT 63 84
[33970] = S 63
[33971] = CNOT 63 84
[33972] = CNOT 63 74
[33973] = CNOT 63 75
[33974] = CNOT 63 77
[33975] = Z 63
[33976] = CNOT 63 77
[33977] = CNOT 63 79
[33978] = Z 63
[33979] = CNOT 63 79
[33980] = CNOT 63 84
[33981] = Z 63
[33982] = CNOT 63 84
[33983] = CNOT 63 75
[33984] = CNOT 63 76
[33985] = CNOT 63 77
[33986] = Z 63
[33987] = CNOT 63 77
[33988] = CNOT 63 84
[33989] = Z 63
[33990] = CNOT 63 84
[33991] = CNOT 63 76
[33992] = CNOT 63 77
[33993] = CNOT 63 78
[33994] = Z 63
[33995] = CNOT 63 78
[33996] = CNOT 63 79
[33997] = S 63
[33998] = Z 63
[33999] = CNOT 63 79
[34000] = CNOT 63 80
[34001] = Z 63
[34002] = CNOT 63 80
[34003] = CNOT 63 81
[34004] = Z 63
[34005] = CNOT 63 81
[34006] = CNOT 63 82
[34007] = Z 63
[34008] = CNOT 63 82
[34009] = CNOT 63 84
[34010] = S 63
[34011] = CNOT 63 84
[34012] = CNOT 63 77
[34013] = CNOT 63 78
[34014] = CNOT 63 79
[34015] = Z 63
[34016] = CNOT 63 79
[34017] = CNOT 63 83
[34018] = Z 63
[34019] = CNOT 63 83
[34020] = CNOT 63 78
[34021] = CNOT 63 79
[34022] = CNOT 63 80
[34023] = Z 63
[34024] = CNOT 63 80
[34025] = CNOT 63 81
[34026] = Z 63
[34027] = CNOT 63 81
[34028] = CNOT 63 82
[34029] = Z 63
[34030] = CNOT 63 82
[34031] = CNOT 63 84
[34032] = S 63
[34033] = Z 63
[34034] = CNOT 63 79
[34035] = CNOT 63 80
[34036] = Z 63
[34037] = CNOT 63 80
[34038] = CNOT 63 81
[34039] = Z 63
[34040] = CNOT 63 81
[34041] = CNOT 63 82
[34042] = Z 63
[34043] = CNOT 63 82
[34044] = CNOT 64 65
[34045] = CNOT 64 74
[34046] = Z 64
[34047] = CNOT 64 74
[34048] = CNOT 64 65
[34049] = CNOT 64 66
[34050] = CNOT 64 71
[34051] = S 64
[34052] = Z 64
[34053] = CNOT 64 71
[34054] = CNOT 64 77
[34055] = Z 64
[34056] = CNOT 64 77
[34057] = CNOT 64 79
[34058] = Z 64
[34059] = CNOT 64 79
[34060] = CNOT 64 84
[34061] = Z 64
[34062] = CNOT 64 84
[34063] = CNOT 64 66
[34064] = CNOT 64 67
[34065] = CNOT 64 76
[34066] = S 64
[34067] = Z 64
[34068] = CNOT 64 76
[34069] = CNOT 64 77
[34070] = Z 64
[34071] = CNOT 64 77
[34072] = CNOT 64 84
[34073] = Z 64
[34074] = CNOT 64 84
[34075] = CNOT 64 67
[34076] = CNOT 64 68
[34077] = CNOT 64 77
[34078] = Z 64
[34079] = CNOT 64 77
[34080] = CNOT 64 78
[34081] = S 64
[34082] = Z 64
[34083] = CNOT 64 78
[34084] = CNOT 64 79
[34085] = Z 64
[34086] = CNOT 64 79
[34087] = CNOT 64 83
[34088] = Z 64
[34089] = CNOT 64 83
[34090] = CNOT 64 68
[34091] = CNOT 64 71
[34092] = CNOT 64 77
[34093] = Z 64
[34094] = CNOT 64 77
[34095] = CNOT 64 79
[34096] = Z 64
[34097] = CNOT 64 79
[34098] = CNOT 64 84
[34099] = Z 64
[34100] = CNOT 64 84
[34101] = CNOT 64 71
[34102] = CNOT 64 74
[34103] = CNOT 64 75
[34104] = S 64
[34105] = CNOT 64 75
[34106] = CNOT 64 77
[34107] = S 64
[34108] = CNOT 64 77
[34109] = CNOT 64 79
[34110] = S 64
[34111] = CNOT 64 79
[34112] = CNOT 64 84
[34113] = S 64
[34114] = CNOT 64 84
[34115] = CNOT 64 74
[34116] = CNOT 64 75
[34117] = CNOT 64 77
[34118] = Z 64
[34119] = CNOT 64 77
[34120] = CNOT 64 79
[34121] = Z 64
[34122] = CNOT 64 79
[34123] = CNOT 64 84
[34124] = Z 64
[34125] = CNOT 64 84
[34126] = CNOT 64 75
[34127] = CNOT 64 76
[34128] = CNOT 64 77
[34129] = Z 64
[34130] = CNOT 64 77
[34131] = CNOT 64 84
[34132] = Z 64
[34133] = CNOT 64 84
[34134] = CNOT 64 76
[34135] = CNOT 64 77
[34136] = CNOT 64 78
[34137] = Z 64
[34138] = CNOT 64 78
[34139] = CNOT 64 79
[34140] = S 64
[34141] = Z 64
[34142] = CNOT 64 79
[34143] = CNOT 64 80
[34144] = Z 64
[34145] = CNOT 64 80
[34146] = CNOT 64 81
[34147] = Z 64
[34148] = CNOT 64 81
[34149] = CNOT 64 82
[34150] = Z 64
[34151] = CNOT 64 82
[34152] = CNOT 64 84
[34153] = S 64
[34154] = CNOT 64 84
[34155] = CNOT 64 77
[34156] = CNOT 64 78
[34157] = CNOT 64 79
[34158] = Z 64
[34159] = CNOT 64 79
[34160] = CNOT 64 83
[34161] = Z 64
[34162] = CNOT 64 83
[34163] = CNOT 64 78
[34164] = CNOT 64 79
[34165] = CNOT 64 80
[34166] = Z 64
[34167] = CNOT 64 80
[34168] = CNOT 64 81
[34169] = Z 64
[34170] = CNOT 64 81
[34171] = CNOT 64 82
[34172] = Z 64
[34173] = CNOT 64 82
[34174] = CNOT 64 84
[34175] = S 64
[34176] = CNOT 64 79
[34177] = CNOT 64 80
[34178] = Z 64
[34179] = CNOT 64 80
[34180] = CNOT 64 81
[34181] = Z 64
[34182] = CNOT 64 81
[34183] = CNOT 64 82
[34184] = Z 64
[34185] = CNOT 64 84
[34186] = CNOT 64 82
[34187] = CNOT 65 74
[34188] = CNOT 65 75
[34189] = Z 65
[34190] = CNOT 65 75
[34191] = CNOT 65 77
[34192] = Z 65
[34193] = CNOT 65 77
[34194] = CNOT 65 79
[34195] = Z 65
[34196] = CNOT 65 79
[34197] = CNOT 65 84
[34198] = Z 65
[34199] = CNOT 65 84
[34200] = CNOT 65 74
[34201] = CNOT 66 71
[34202] = CNOT 66 77
[34203] = S 66
[34204] = Z 66
[34205] = CNOT 66 77
[34206] = CNOT 66 79
[34207] = S 66
[34208] = Z 66
[34209] = CNOT 66 79
[34210] = CNOT 66 84
[34211] = S 66
[34212] = Z 66
[34213] = CNOT 66 84
[34214] = CNOT 66 71
[34215] = CNOT 66 77
[34216] = CNOT 66 79
[34217] = Z 66
[34218] = CNOT 66 79
[34219] = CNOT 66 84
[34220] = Z 66
[34221] = CNOT 66 77
[34222] = CNOT 66 79
[34223] = Z 66
[34224] = CNOT 66 84
[34225] = CNOT 66 79
[34226] = CNOT 67 76
[34227] = CNOT 67 77
[34228] = S 67
[34229] = Z 67
[34230] = CNOT 67 77
[34231] = CNOT 67 84
[34232] = S 67
[34233] = Z 67
[34234] = CNOT 67 76
[34235] = CNOT 67 77
[34236] = Z 67
[34237] = CNOT 67 84
[34238] = CNOT 67 77
[34239] = CNOT 68 77
[34240] = CNOT 68 78
[34241] = S 68
[34242] = Z 68
[34243] = CNOT 68 78
[34244] = CNOT 68 79
[34245] = Z 68
[34246] = CNOT 68 79
[34247] = CNOT 68 83
[34248] = Z 68
[34249] = CNOT 68 83
[34250] = CNOT 68 77
[34251] = CNOT 68 78
[34252] = CNOT 68 79
[34253] = S 68
[34254] = Z 68
[34255] = CNOT 68 79
[34256] = CNOT 68 83
[34257] = S 68
[34258] = Z 68
[34259] = CNOT 68 78
[34260] = CNOT 68 79
[34261] = Z 68
[34262] = CNOT 68 83
[34263] = CNOT 68 79
[34264] = CNOT 69 70
[34265] = CNOT 69 72
[34266] = S 69
[34267] = Z 69
[34268] = CNOT 69 72
[34269] = CNOT 69 73
[34270] = S 69
[34271] = Z 69
[34272] = CNOT 69 73
[34273] = CNOT 69 79
[34274] = Z 69
[34275] = CNOT 69 79
[34276] = CNOT 69 84
[34277] = Z 69
[34278] = CNOT 69 84
[34279] = CNOT 69 70
[34280] = CNOT 69 72
[34281] = CNOT 69 79
[34282] = S 69
[34283] = Z 69
[34284] = CNOT 69 79
[34285] = CNOT 69 84
[34286] = S 69
[34287] = Z 69
[34288] = CNOT 69 84
[34289] = CNOT 69 72
[34290] = CNOT 69 73
[34291] = CNOT 69 79
[34292] = S 69
[34293] = Z 69
[34294] = CNOT 69 79
[34295] = CNOT 69 84
[34296] = S 69
[34297] = Z 69
[34298] = CNOT 69 73
[34299] = CNOT 69 79
[34300] = Z 69
[34301] = CNOT 69 84
[34302] = CNOT 69 79
[34303] = CNOT 70 72
[34304] = CNOT 70 73
[34305] = S 70
[34306] = Z 70
[34307] = CNOT 70 73
[34308] = CNOT 70 79
[34309] = Z 70
[34310] = CNOT 70 79
[34311] = CNOT 70 84
[34312] = Z 70
[34313] = CNOT 70 84
[34314] = CNOT 70 72
[34315] = CNOT 70 73
[34316] = CNOT 70 79
[34317] = Z 70
[34318] = CNOT 70 79
[34319] = CNOT 70 84
[34320] = Z 70
[34321] = CNOT 70 84
[34322] = CNOT 70 73
[34323] = CNOT 71 77
[34324] = CNOT 71 79
[34325] = Z 71
[34326] = CNOT 71 79
[34327] = CNOT 71 84
[34328] = Z 71
[34329] = CNOT 71 77
[34330] = CNOT 71 79
[34331] = Z 71
[34332] = CNOT 71 84
[34333] = CNOT 71 79
[34334] = CNOT 72 73
[34335] = CNOT 72 79
[34336] = S 72
[34337] = Z 72
[34338] = CNOT 72 79
[34339] = CNOT 72 84
[34340] = S 72
[34341] = Z 72
[34342] = CNOT 72 73
[34343] = CNOT 72 79
[34344] = S 72
[34345] = CNOT 72 84
[34346] = CNOT 72 79
[34347] = CNOT 73 79
[34348] = CNOT 73 84
[34349] = Z 73
[34350] = CNOT 73 84
[34351] = CNOT 73 79
[34352] = CNOT 74 75
[34353] = CNOT 74 77
[34354] = S 74
[34355] = CNOT 74 77
[34356] = CNOT 74 79
[34357] = S 74
[34358] = CNOT 74 79
[34359] = CNOT 74 84
[34360] = S 74
[34361] = CNOT 74 84
[34362] = CNOT 74 75
[34363] = CNOT 74 77
[34364] = CNOT 74 79
[34365] = S 74
[34366] = CNOT 74 79
[34367] = CNOT 74 84
[34368] = S 74
[34369] = CNOT 74 77
[34370] = CNOT 74 79
[34371] = S 74
[34372] = CNOT 74 84
[34373] = CNOT 74 79
[34374] = CNOT 75 77
[34375] = CNOT 75 79
[34376] = Z 75
[34377] = CNOT 75 79
[34378] = CNOT 75 84
[34379] = Z 75
[34380] = CNOT 75 77
[34381] = CNOT 75 79
[34382] = Z 75
[34383] = CNOT 75 84
[34384] = CNOT 75 79
[34385] = CNOT 76 77
[34386] = CNOT 76 84
[34387] = Z 76
[34388] = CNOT 76 84
[34389] = CNOT 76 77
[34390] = CNOT 77 78
[34391] = CNOT 77 79
[34392] = Z 77
[34393] = CNOT 77 79
[34394] = CNOT 77 83
[34395] = Z 77
[34396] = CNOT 77 83
[34397] = CNOT 77 78
[34398] = CNOT 77 79
[34399] = CNOT 77 80
[34400] = Z 77
[34401] = CNOT 77 80
[34402] = CNOT 77 81
[34403] = Z 77
[34404] = CNOT 77 81
[34405] = CNOT 77 82
[34406] = Z 77
[34407] = CNOT 77 82
[34408] = CNOT 77 84
[34409] = S 77
[34410] = Z 77
[34411] = CNOT 77 79
[34412] = CNOT 77 80
[34413] = Z 77
[34414] = CNOT 77 80
[34415] = CNOT 77 81
[34416] = Z 77
[34417] = CNOT 77 81
[34418] = CNOT 77 82
[34419] = Z 77
[34420] = CNOT 77 84
[34421] = CNOT 77 82
[34422] = CNOT 78 79
[34423] = CNOT 78 83
[34424] = Z 78
[34425] = CNOT 78 83
[34426] = CNOT 78 79
[34427] = CNOT 79 80
[34428] = CNOT 79 84
[34429] = Z 79
[34430] = CNOT 79 80
[34431] = CNOT 79 81
[34432] = Z 79
[34433] = CNOT 79 81
[34434] = CNOT 79 82
[34435] = Z 79
[34436] = CNOT 79 84
[34437] = CNOT 79 82
[34438] = CNOT 68 84
[34439] = CNOT 49 84
[34440] = CNOT 20 84
[34441] = CNOT 60 83
[34442] = CNOT 31 83
[34443] = CNOT 19 83
[34444] = CNOT 59 82
[34445] = CNOT 55 82
[34446] = CNOT 53 82
[34447] = CNOT 30 82
[34448] = CNOT 15 82
[34449] = CNOT 13 82
[34450] = CNOT 58 81
[34451] = CNOT 29 81
[34452] = CNOT 12 81
[34453] = CNOT 67 80
[34454] = CNOT 61 80
[34455] = CNOT 47 80
[34456] = CNOT 43 80
[34457] = CNOT 28 80
[34458] = CNOT 7 80
[34459] = CNOT 5 80
[34460] = CNOT 57 79
[34461] = CNOT 51 79
[34462] = CNOT 27 79
[34463] = CNOT 4 79
[34464] = CNOT 70 78
[34465] = CNOT 64 78
[34466] = CNOT 50 78
[34467] = CNOT 46 78
[34468] = CNOT 36 78
[34469] = CNOT 26 78
[34470] = CNOT 24 78
[34471] = CNOT 69 77
[34472] = CNOT 45 77
[34473] = CNOT 35 77
[34474] = CNOT 23 77
[34475] = CNOT 65 76
[34476] = CNOT 62 76
[34477] = CNOT 48 76
[34478] = CNOT 41 76
[34479] = CNOT 34 76
[34480] = CNOT 11 76
[34481] = CNOT 9 76
[34482] = CNOT 66 75
[34483] = CNOT 42 75
[34484] = CNOT 33 75
[34485] = CNOT 8 75
[34486] = CNOT 73 74
[34487] = CNOT 71 74
[34488] = CNOT 40 74
[34489] = CNOT 39 74
[34490] = CNOT 37 74
[34491] = CNOT 18 74
[34492] = CNOT 16 74
[34493] = CNOT 74 73
[34494] = CNOT 73 74
[34495] = CNOT 38 72
[34496] = CNOT 3 72
[34497] = CNOT 1 72
[34498] = CNOT 73 71
[34499] = CNOT 71 73
[34500] = CNOT 78 70
[34501] = CNOT 70 78
[34502] = CNOT 77 69
[34503] = CNOT 69 77
[34504] = CNOT 84 68
[34505] = CNOT 68 84
[34506] = CNOT 80 67
[34507] = CNOT 67 80
[34508] = CNOT 75 66
[34509] = CNOT 66 75
[34510] = CNOT 76 65
[34511] = CNOT 65 76
[34512] = CNOT 70 64
[34513] = CNOT 64 70
[34514] = CNOT 68 63
[34515] = CNOT 63 68
[34516] = CNOT 65 62
[34517] = CNOT 62 65
[34518] = CNOT 67 61
[34519] = CNOT 61 67
[34520] = CNOT 83 60
[34521] = CNOT 60 83
[34522] = CNOT 82 59
[34523] = CNOT 59 82
[34524] = CNOT 81 58
[34525] = CNOT 58 81
[34526] = CNOT 79 57
[34527] = CNOT 57 79
[34528] = CNOT 59 56
[34529] = CNOT 56 59
[34530] = CNOT 56 55
[34531] = CNOT 15 55
[34532] = CNOT 55 56
[34533] = CNOT 60 54
[34534] = CNOT 54 60
[34535] = CNOT 55 53
[34536] = CNOT 53 55
[34537] = CNOT 58 52
[34538] = CNOT 52 58
[34539] = CNOT 57 51
[34540] = CNOT 51 57
[34541] = CNOT 64 50
[34542] = CNOT 26 50
[34543] = CNOT 50 64
[34544] = CNOT 63 49
[34545] = CNOT 22 49
[34546] = CNOT 49 63
[34547] = CNOT 62 48
[34548] = CNOT 11 48
[34549] = CNOT 48 62
[34550] = CNOT 61 47
[34551] = CNOT 7 47
[34552] = CNOT 47 61
[34553] = CNOT 50 46
[34554] = CNOT 46 50
[34555] = CNOT 69 45
[34556] = CNOT 45 69
[34557] = CNOT 49 44
[34558] = CNOT 44 49
[34559] = CNOT 47 43
[34560] = CNOT 43 47
[34561] = CNOT 66 42
[34562] = CNOT 42 66
[34563] = CNOT 48 41
[34564] = CNOT 41 48
[34565] = CNOT 71 40
[34566] = CNOT 18 40
[34567] = CNOT 40 71
[34568] = CNOT 40 39
[34569] = CNOT 39 40
[34570] = CNOT 72 38
[34571] = CNOT 3 38
[34572] = CNOT 38 72
[34573] = CNOT 39 37
[34574] = CNOT 37 39
[34575] = CNOT 46 36
[34576] = CNOT 36 46
[34577] = CNOT 45 35
[34578] = CNOT 35 45
[34579] = CNOT 41 34
[34580] = CNOT 34 41
[34581] = CNOT 42 33
[34582] = CNOT 33 42
[34583] = CNOT 44 32
[34584] = CNOT 32 44
[34585] = CNOT 54 31
[34586] = CNOT 31 54
[34587] = CNOT 53 30
[34588] = CNOT 30 53
[34589] = CNOT 52 29
[34590] = CNOT 29 52
[34591] = CNOT 43 28
[34592] = CNOT 28 43
[34593] = CNOT 51 27
[34594] = CNOT 27 51
[34595] = CNOT 26 25
[34596] = CNOT 36 24
[34597] = CNOT 24 36
[34598] = CNOT 35 23
[34599] = CNOT 23 35
[34600] = CNOT 22 21
[34601] = CNOT 32 20
[34602] = CNOT 20 32
[34603] = CNOT 31 19
[34604] = CNOT 19 31
[34605] = CNOT 18 17
[34606] = CNOT 37 16
[34607] = CNOT 16 37
[34608] = CNOT 15 14
[34609] = CNOT 30 13
[34610] = CNOT 13 30
[34611] = CNOT 29 12
[34612] = CNOT 12 29
[34613] = CNOT 11 10
[34614] = CNOT 34 9
[34615] = CNOT 9 34
[34616] = CNOT 33 8
[34617] = CNOT 8 33
[34618] = CNOT 7 6
[34619] = CNOT 28 5
[34620] = CNOT 5 28
[34621] = CNOT 27 4
[34622] = CNOT 4 27
[34623] = CNOT 3 2
[34624] = CNOT 38 1
[34625] = CNOT 1 38
[34626] = H 27
[34627] = M 27
[34628] = H 28
[34629] = M 28
[34630] = H 29
[34631] = M 29
[34632] = H 30
[34633] = M 30
[34634] = H 31
[34635] = M 31
[34636] = H 32
[34637] = M 32
[34638] = H 33
[34639] = M 33
[34640] = H 34
[34641] = M 34
[34642] = H 35
[34643] = M 35
[34644] = H 36
[34645] = M 36
[34646] = H 37
[34647] = M 37
[34648] = H 38
[34649] = M 38
[34650] = H 39
[34651] = M 39
[34652] = H 40
[34653] = M 40
[34654] = H 41
[34655] = M 41
[34656] = H 42
[34657] = M 42
[34658] = H 43
[34659] = M 43
[34660] = H 44
[34661] = M 44
[34662] = H 45
[34663] = M 45
[34664] = H 46
[34665] = M 46
[34666] = H 47
[34667] = M 47
[34668] = H 48
[34669] = M 48
[34670] = H 49
[34671] = M 49
[34672] = H 50
[34673] = M 50
[34674] = H 51
[34675] = M 51
[34676] = H 52
[34677] = M 52
[34678] = H 53
[34679] = M 53
[34680] = H 54
[34681] = M 54
[34682] = H 55
[34683] = M 55
[34684] = H 56
[34685] = M 56
[34686] = H 57
[34687] = M 57
[34688] = H 58
[34689] = M 58
[34690] = H 59
[34691] = M 59
[34692] = H 60
[34693] = M 60
[34694] = H 61
[34695] = M 61
[34696] = H 62
[34697] = M 62
[34698] = H 63
[34699] = M 63
[34700] = H 64
[34701] = M 64
[34702] = H 65
[34703] = M 65
[34704] = H 66
[34705] = M 66
[34706] = H 67
[34707] = M 67
[34708] = H 68
[34709] = M 68
[34710] = H 69
[34711] = M 69
[34712] = H 70
[34713] = M 70
[34714] = H 71
[34715] = M 71
[34716] = H 72
[34717] = M 72
[34718] = H 73
[34719] = M 73
[34720] = H 74
[34721] = M 74
[34722] = H 75
[34723] = M 75
[34724] = H 76
[34725] = M 76
[34726] = H 77
[34727] = M 77
[34728] = H 78
[34729] = M 78
[34730] = H 79
[34731] = M 79
[34732] = H 80
[34733] = M 80
[34734] = H 81
[34735] = M 81
[34736] = H 82
[34737] = M 82
[34738] = H 83
[34739] = M 83
[34740] = H 84
[34741] = M 84
[34742] = H 24
[34743] = H 23
[34744] = H 20
[34745] = H 19
[34746] = H 16
[34747] = H 13
[34748] = H 12
[34749] = H 9
[34750] = H 8
[34751] = H 5
[34752] = H 4
[34753] = H 1
Gate distributions:
Input:
Operator distribution:
Total number of qubits = 26
Number of `data' qubits = 26
Number of `Toff_n' ancillas = 0
Number of Hadamard ancillas = 0
Hadamard ancilla cap = infinite
Number of {CNOT,T} partitions = 1
T count = 413
Cost estimation = 206610
	id	Count
	0	0
	1	0
	2	0
	3	82
	4	28
	5	0
	6	0
	7	0
	8	0
	9	0
	10	59
	11	0
	12	0
	13	0
	14	0
	15	0
	16	0
	17	0
	18	0
Output:
Operator distribution:
Total number of qubits = 84
Number of `data' qubits = 26
Number of `Toff_n' ancillas = 0
Number of Hadamard ancillas = 58
Hadamard ancilla cap = infinite
Number of {CNOT,T} partitions = 1
T count = 162
Cost estimation = 115621
	id	Count
	0	0
	1	0
	2	0
	3	140
	4	22211
	5	162
	6	0
	7	0
	8	0
	9	0
	10	0
	11	4895
	12	0
	13	7288
	14	0
	15	0
	16	0
	17	0
	18	58
Output T Count (SQC_Circuit) = 162
Output T Count (PhasePolynomial) = 162
Fail count = 0

Execution time: 78296.5s
Number of LCL errors: 0
Number of LCL warnings: 0
