Optimize a Clifford + T circuit.
Input filename = /home/rest/forpyzx/TOpt/forme/tpar_benchmark/mod_adder_1024.tfc
Number of unknown gates = 0
Number of unknown qubit labels = 0
Circuit filename: /home/rest/forpyzx/TOpt/forme/tpar_benchmark/mod_adder_1024.tfc

n 28
n_x 28
n_y 0
n_z 0
m 901
[0] = CNOT 20 10
[1] = H 20
[2] = CCZ 9 19 20
[3] = H 20
[4] = CNOT 19 9
[5] = H 21
[6] = CCZ 8 18 21
[7] = H 21
[8] = H 20
[9] = CCZ 21 19 20
[10] = H 20
[11] = H 21
[12] = CCZ 8 18 21
[13] = H 21
[14] = H 19
[15] = CCZ 8 18 19
[16] = H 19
[17] = CNOT 18 8
[18] = H 22
[19] = CCZ 7 17 22
[20] = H 22
[21] = H 21
[22] = CCZ 22 18 21
[23] = H 21
[24] = H 20
[25] = CCZ 21 19 20
[26] = H 20
[27] = H 21
[28] = CCZ 22 18 21
[29] = H 21
[30] = H 22
[31] = CCZ 7 17 22
[32] = H 22
[33] = H 21
[34] = CCZ 7 17 21
[35] = H 21
[36] = H 19
[37] = CCZ 21 18 19
[38] = H 19
[39] = H 21
[40] = CCZ 7 17 21
[41] = H 21
[42] = H 18
[43] = CCZ 7 17 18
[44] = H 18
[45] = CNOT 17 7
[46] = H 23
[47] = CCZ 6 16 23
[48] = H 23
[49] = H 22
[50] = CCZ 23 17 22
[51] = H 22
[52] = H 21
[53] = CCZ 22 18 21
[54] = H 21
[55] = H 20
[56] = CCZ 21 19 20
[57] = H 20
[58] = H 21
[59] = CCZ 22 18 21
[60] = H 21
[61] = H 22
[62] = CCZ 23 17 22
[63] = H 22
[64] = H 23
[65] = CCZ 6 16 23
[66] = H 23
[67] = H 22
[68] = CCZ 6 16 22
[69] = H 22
[70] = H 21
[71] = CCZ 22 17 21
[72] = H 21
[73] = H 19
[74] = CCZ 21 18 19
[75] = H 19
[76] = H 21
[77] = CCZ 22 17 21
[78] = H 21
[79] = H 22
[80] = CCZ 6 16 22
[81] = H 22
[82] = H 21
[83] = CCZ 6 16 21
[84] = H 21
[85] = H 18
[86] = CCZ 21 17 18
[87] = H 18
[88] = H 21
[89] = CCZ 6 16 21
[90] = H 21
[91] = H 17
[92] = CCZ 6 16 17
[93] = H 17
[94] = CNOT 16 6
[95] = H 24
[96] = CCZ 5 15 24
[97] = H 24
[98] = H 23
[99] = CCZ 24 16 23
[100] = H 23
[101] = H 22
[102] = CCZ 23 17 22
[103] = H 22
[104] = H 21
[105] = CCZ 22 18 21
[106] = H 21
[107] = H 20
[108] = CCZ 21 19 20
[109] = H 20
[110] = H 21
[111] = CCZ 22 18 21
[112] = H 21
[113] = H 22
[114] = CCZ 23 17 22
[115] = H 22
[116] = H 23
[117] = CCZ 24 16 23
[118] = H 23
[119] = H 24
[120] = CCZ 5 15 24
[121] = H 24
[122] = H 23
[123] = CCZ 5 15 23
[124] = H 23
[125] = H 22
[126] = CCZ 23 16 22
[127] = H 22
[128] = H 21
[129] = CCZ 22 17 21
[130] = H 21
[131] = H 19
[132] = CCZ 21 18 19
[133] = H 19
[134] = H 21
[135] = CCZ 22 17 21
[136] = H 21
[137] = H 22
[138] = CCZ 23 16 22
[139] = H 22
[140] = H 23
[141] = CCZ 5 15 23
[142] = H 23
[143] = H 22
[144] = CCZ 5 15 22
[145] = H 22
[146] = H 21
[147] = CCZ 22 16 21
[148] = H 21
[149] = H 18
[150] = CCZ 21 17 18
[151] = H 18
[152] = H 21
[153] = CCZ 22 16 21
[154] = H 21
[155] = H 22
[156] = CCZ 5 15 22
[157] = H 22
[158] = H 21
[159] = CCZ 5 15 21
[160] = H 21
[161] = H 17
[162] = CCZ 21 16 17
[163] = H 17
[164] = H 21
[165] = CCZ 5 15 21
[166] = H 21
[167] = H 16
[168] = CCZ 5 15 16
[169] = H 16
[170] = CNOT 15 5
[171] = H 25
[172] = CCZ 4 14 25
[173] = H 25
[174] = H 24
[175] = CCZ 25 15 24
[176] = H 24
[177] = H 23
[178] = CCZ 24 16 23
[179] = H 23
[180] = H 22
[181] = CCZ 23 17 22
[182] = H 22
[183] = H 21
[184] = CCZ 22 18 21
[185] = H 21
[186] = H 20
[187] = CCZ 21 19 20
[188] = H 20
[189] = H 21
[190] = CCZ 22 18 21
[191] = H 21
[192] = H 22
[193] = CCZ 23 17 22
[194] = H 22
[195] = H 23
[196] = CCZ 24 16 23
[197] = H 23
[198] = H 24
[199] = CCZ 25 15 24
[200] = H 24
[201] = H 25
[202] = CCZ 4 14 25
[203] = H 25
[204] = H 24
[205] = CCZ 4 14 24
[206] = H 24
[207] = H 23
[208] = CCZ 24 15 23
[209] = H 23
[210] = H 22
[211] = CCZ 23 16 22
[212] = H 22
[213] = H 21
[214] = CCZ 22 17 21
[215] = H 21
[216] = H 19
[217] = CCZ 21 18 19
[218] = H 19
[219] = H 21
[220] = CCZ 22 17 21
[221] = H 21
[222] = H 22
[223] = CCZ 23 16 22
[224] = H 22
[225] = H 23
[226] = CCZ 24 15 23
[227] = H 23
[228] = H 24
[229] = CCZ 4 14 24
[230] = H 24
[231] = H 23
[232] = CCZ 4 14 23
[233] = H 23
[234] = H 22
[235] = CCZ 23 15 22
[236] = H 22
[237] = H 21
[238] = CCZ 22 16 21
[239] = H 21
[240] = H 18
[241] = CCZ 21 17 18
[242] = H 18
[243] = H 21
[244] = CCZ 22 16 21
[245] = H 21
[246] = H 22
[247] = CCZ 23 15 22
[248] = H 22
[249] = H 23
[250] = CCZ 4 14 23
[251] = H 23
[252] = H 22
[253] = CCZ 4 14 22
[254] = H 22
[255] = H 21
[256] = CCZ 22 15 21
[257] = H 21
[258] = H 17
[259] = CCZ 21 16 17
[260] = H 17
[261] = H 21
[262] = CCZ 22 15 21
[263] = H 21
[264] = H 22
[265] = CCZ 4 14 22
[266] = H 22
[267] = H 21
[268] = CCZ 4 14 21
[269] = H 21
[270] = H 16
[271] = CCZ 21 15 16
[272] = H 16
[273] = H 21
[274] = CCZ 4 14 21
[275] = H 21
[276] = H 15
[277] = CCZ 4 14 15
[278] = H 15
[279] = CNOT 14 4
[280] = H 26
[281] = CCZ 3 13 26
[282] = H 26
[283] = H 25
[284] = CCZ 26 14 25
[285] = H 25
[286] = H 24
[287] = CCZ 25 15 24
[288] = H 24
[289] = H 23
[290] = CCZ 24 16 23
[291] = H 23
[292] = H 22
[293] = CCZ 23 17 22
[294] = H 22
[295] = H 21
[296] = CCZ 22 18 21
[297] = H 21
[298] = H 20
[299] = CCZ 21 19 20
[300] = H 20
[301] = H 21
[302] = CCZ 22 18 21
[303] = H 21
[304] = H 22
[305] = CCZ 23 17 22
[306] = H 22
[307] = H 23
[308] = CCZ 24 16 23
[309] = H 23
[310] = H 24
[311] = CCZ 25 15 24
[312] = H 24
[313] = H 25
[314] = CCZ 26 14 25
[315] = H 25
[316] = H 26
[317] = CCZ 3 13 26
[318] = H 26
[319] = H 25
[320] = CCZ 3 13 25
[321] = H 25
[322] = H 24
[323] = CCZ 25 14 24
[324] = H 24
[325] = H 23
[326] = CCZ 24 15 23
[327] = H 23
[328] = H 22
[329] = CCZ 23 16 22
[330] = H 22
[331] = H 21
[332] = CCZ 22 17 21
[333] = H 21
[334] = H 19
[335] = CCZ 21 18 19
[336] = H 19
[337] = H 21
[338] = CCZ 22 17 21
[339] = H 21
[340] = H 22
[341] = CCZ 23 16 22
[342] = H 22
[343] = H 23
[344] = CCZ 24 15 23
[345] = H 23
[346] = H 24
[347] = CCZ 25 14 24
[348] = H 24
[349] = H 25
[350] = CCZ 3 13 25
[351] = H 25
[352] = H 24
[353] = CCZ 3 13 24
[354] = H 24
[355] = H 23
[356] = CCZ 24 14 23
[357] = H 23
[358] = H 22
[359] = CCZ 23 15 22
[360] = H 22
[361] = H 21
[362] = CCZ 22 16 21
[363] = H 21
[364] = H 18
[365] = CCZ 21 17 18
[366] = H 18
[367] = H 21
[368] = CCZ 22 16 21
[369] = H 21
[370] = H 22
[371] = CCZ 23 15 22
[372] = H 22
[373] = H 23
[374] = CCZ 24 14 23
[375] = H 23
[376] = H 24
[377] = CCZ 3 13 24
[378] = H 24
[379] = H 23
[380] = CCZ 3 13 23
[381] = H 23
[382] = H 22
[383] = CCZ 23 14 22
[384] = H 22
[385] = H 21
[386] = CCZ 22 15 21
[387] = H 21
[388] = H 17
[389] = CCZ 21 16 17
[390] = H 17
[391] = H 21
[392] = CCZ 22 15 21
[393] = H 21
[394] = H 22
[395] = CCZ 23 14 22
[396] = H 22
[397] = H 23
[398] = CCZ 3 13 23
[399] = H 23
[400] = H 22
[401] = CCZ 3 13 22
[402] = H 22
[403] = H 21
[404] = CCZ 22 14 21
[405] = H 21
[406] = H 16
[407] = CCZ 21 15 16
[408] = H 16
[409] = H 21
[410] = CCZ 22 14 21
[411] = H 21
[412] = H 22
[413] = CCZ 3 13 22
[414] = H 22
[415] = H 21
[416] = CCZ 3 13 21
[417] = H 21
[418] = H 15
[419] = CCZ 21 14 15
[420] = H 15
[421] = H 21
[422] = CCZ 3 13 21
[423] = H 21
[424] = H 14
[425] = CCZ 3 13 14
[426] = H 14
[427] = CNOT 13 3
[428] = H 27
[429] = CCZ 2 12 27
[430] = H 27
[431] = H 26
[432] = CCZ 27 13 26
[433] = H 26
[434] = H 25
[435] = CCZ 26 14 25
[436] = H 25
[437] = H 24
[438] = CCZ 25 15 24
[439] = H 24
[440] = H 23
[441] = CCZ 24 16 23
[442] = H 23
[443] = H 22
[444] = CCZ 23 17 22
[445] = H 22
[446] = H 21
[447] = CCZ 22 18 21
[448] = H 21
[449] = H 20
[450] = CCZ 21 19 20
[451] = H 20
[452] = H 21
[453] = CCZ 22 18 21
[454] = H 21
[455] = H 22
[456] = CCZ 23 17 22
[457] = H 22
[458] = H 23
[459] = CCZ 24 16 23
[460] = H 23
[461] = H 24
[462] = CCZ 25 15 24
[463] = H 24
[464] = H 25
[465] = CCZ 26 14 25
[466] = H 25
[467] = H 26
[468] = CCZ 27 13 26
[469] = H 26
[470] = H 27
[471] = CCZ 2 12 27
[472] = H 27
[473] = H 26
[474] = CCZ 2 12 26
[475] = H 26
[476] = H 25
[477] = CCZ 26 13 25
[478] = H 25
[479] = H 24
[480] = CCZ 25 14 24
[481] = H 24
[482] = H 23
[483] = CCZ 24 15 23
[484] = H 23
[485] = H 22
[486] = CCZ 23 16 22
[487] = H 22
[488] = H 21
[489] = CCZ 22 17 21
[490] = H 21
[491] = H 19
[492] = CCZ 21 18 19
[493] = H 19
[494] = H 21
[495] = CCZ 22 17 21
[496] = H 21
[497] = H 22
[498] = CCZ 23 16 22
[499] = H 22
[500] = H 23
[501] = CCZ 24 15 23
[502] = H 23
[503] = H 24
[504] = CCZ 25 14 24
[505] = H 24
[506] = H 25
[507] = CCZ 26 13 25
[508] = H 25
[509] = H 26
[510] = CCZ 2 12 26
[511] = H 26
[512] = H 25
[513] = CCZ 2 12 25
[514] = H 25
[515] = H 24
[516] = CCZ 25 13 24
[517] = H 24
[518] = H 23
[519] = CCZ 24 14 23
[520] = H 23
[521] = H 22
[522] = CCZ 23 15 22
[523] = H 22
[524] = H 21
[525] = CCZ 22 16 21
[526] = H 21
[527] = H 18
[528] = CCZ 21 17 18
[529] = H 18
[530] = H 21
[531] = CCZ 22 16 21
[532] = H 21
[533] = H 22
[534] = CCZ 23 15 22
[535] = H 22
[536] = H 23
[537] = CCZ 24 14 23
[538] = H 23
[539] = H 24
[540] = CCZ 25 13 24
[541] = H 24
[542] = H 25
[543] = CCZ 2 12 25
[544] = H 25
[545] = H 24
[546] = CCZ 2 12 24
[547] = H 24
[548] = H 23
[549] = CCZ 24 13 23
[550] = H 23
[551] = H 22
[552] = CCZ 23 14 22
[553] = H 22
[554] = H 21
[555] = CCZ 22 15 21
[556] = H 21
[557] = H 17
[558] = CCZ 21 16 17
[559] = H 17
[560] = H 21
[561] = CCZ 22 15 21
[562] = H 21
[563] = H 22
[564] = CCZ 23 14 22
[565] = H 22
[566] = H 23
[567] = CCZ 24 13 23
[568] = H 23
[569] = H 24
[570] = CCZ 2 12 24
[571] = H 24
[572] = H 23
[573] = CCZ 2 12 23
[574] = H 23
[575] = H 22
[576] = CCZ 23 13 22
[577] = H 22
[578] = H 21
[579] = CCZ 22 14 21
[580] = H 21
[581] = H 16
[582] = CCZ 21 15 16
[583] = H 16
[584] = H 21
[585] = CCZ 22 14 21
[586] = H 21
[587] = H 22
[588] = CCZ 23 13 22
[589] = H 22
[590] = H 23
[591] = CCZ 2 12 23
[592] = H 23
[593] = H 22
[594] = CCZ 2 12 22
[595] = H 22
[596] = H 21
[597] = CCZ 22 13 21
[598] = H 21
[599] = H 15
[600] = CCZ 21 14 15
[601] = H 15
[602] = H 21
[603] = CCZ 22 13 21
[604] = H 21
[605] = H 22
[606] = CCZ 2 12 22
[607] = H 22
[608] = H 21
[609] = CCZ 2 12 21
[610] = H 21
[611] = H 14
[612] = CCZ 21 13 14
[613] = H 14
[614] = H 21
[615] = CCZ 2 12 21
[616] = H 21
[617] = H 13
[618] = CCZ 2 12 13
[619] = H 13
[620] = CNOT 12 2
[621] = H 28
[622] = CCZ 1 11 28
[623] = H 28
[624] = H 27
[625] = CCZ 28 12 27
[626] = H 27
[627] = H 26
[628] = CCZ 27 13 26
[629] = H 26
[630] = H 25
[631] = CCZ 26 14 25
[632] = H 25
[633] = H 24
[634] = CCZ 25 15 24
[635] = H 24
[636] = H 23
[637] = CCZ 24 16 23
[638] = H 23
[639] = H 22
[640] = CCZ 23 17 22
[641] = H 22
[642] = H 21
[643] = CCZ 22 18 21
[644] = H 21
[645] = H 20
[646] = CCZ 21 19 20
[647] = H 20
[648] = H 21
[649] = CCZ 22 18 21
[650] = H 21
[651] = H 22
[652] = CCZ 23 17 22
[653] = H 22
[654] = H 23
[655] = CCZ 24 16 23
[656] = H 23
[657] = H 24
[658] = CCZ 25 15 24
[659] = H 24
[660] = H 25
[661] = CCZ 26 14 25
[662] = H 25
[663] = H 26
[664] = CCZ 27 13 26
[665] = H 26
[666] = H 27
[667] = CCZ 28 12 27
[668] = H 27
[669] = H 28
[670] = CCZ 1 11 28
[671] = H 28
[672] = H 27
[673] = CCZ 1 11 27
[674] = H 27
[675] = H 26
[676] = CCZ 27 12 26
[677] = H 26
[678] = H 25
[679] = CCZ 26 13 25
[680] = H 25
[681] = H 24
[682] = CCZ 25 14 24
[683] = H 24
[684] = H 23
[685] = CCZ 24 15 23
[686] = H 23
[687] = H 22
[688] = CCZ 23 16 22
[689] = H 22
[690] = H 21
[691] = CCZ 22 17 21
[692] = H 21
[693] = H 19
[694] = CCZ 21 18 19
[695] = H 19
[696] = H 21
[697] = CCZ 22 17 21
[698] = H 21
[699] = H 22
[700] = CCZ 23 16 22
[701] = H 22
[702] = H 23
[703] = CCZ 24 15 23
[704] = H 23
[705] = H 24
[706] = CCZ 25 14 24
[707] = H 24
[708] = H 25
[709] = CCZ 26 13 25
[710] = H 25
[711] = H 26
[712] = CCZ 27 12 26
[713] = H 26
[714] = H 27
[715] = CCZ 1 11 27
[716] = H 27
[717] = H 26
[718] = CCZ 1 11 26
[719] = H 26
[720] = H 25
[721] = CCZ 26 12 25
[722] = H 25
[723] = H 24
[724] = CCZ 25 13 24
[725] = H 24
[726] = H 23
[727] = CCZ 24 14 23
[728] = H 23
[729] = H 22
[730] = CCZ 23 15 22
[731] = H 22
[732] = H 21
[733] = CCZ 22 16 21
[734] = H 21
[735] = H 18
[736] = CCZ 21 17 18
[737] = H 18
[738] = H 21
[739] = CCZ 22 16 21
[740] = H 21
[741] = H 22
[742] = CCZ 23 15 22
[743] = H 22
[744] = H 23
[745] = CCZ 24 14 23
[746] = H 23
[747] = H 24
[748] = CCZ 25 13 24
[749] = H 24
[750] = H 25
[751] = CCZ 26 12 25
[752] = H 25
[753] = H 26
[754] = CCZ 1 11 26
[755] = H 26
[756] = H 25
[757] = CCZ 1 11 25
[758] = H 25
[759] = H 24
[760] = CCZ 25 12 24
[761] = H 24
[762] = H 23
[763] = CCZ 24 13 23
[764] = H 23
[765] = H 22
[766] = CCZ 23 14 22
[767] = H 22
[768] = H 21
[769] = CCZ 22 15 21
[770] = H 21
[771] = H 17
[772] = CCZ 21 16 17
[773] = H 17
[774] = H 21
[775] = CCZ 22 15 21
[776] = H 21
[777] = H 22
[778] = CCZ 23 14 22
[779] = H 22
[780] = H 23
[781] = CCZ 24 13 23
[782] = H 23
[783] = H 24
[784] = CCZ 25 12 24
[785] = H 24
[786] = H 25
[787] = CCZ 1 11 25
[788] = H 25
[789] = H 24
[790] = CCZ 1 11 24
[791] = H 24
[792] = H 23
[793] = CCZ 24 12 23
[794] = H 23
[795] = H 22
[796] = CCZ 23 13 22
[797] = H 22
[798] = H 21
[799] = CCZ 22 14 21
[800] = H 21
[801] = H 16
[802] = CCZ 21 15 16
[803] = H 16
[804] = H 21
[805] = CCZ 22 14 21
[806] = H 21
[807] = H 22
[808] = CCZ 23 13 22
[809] = H 22
[810] = H 23
[811] = CCZ 24 12 23
[812] = H 23
[813] = H 24
[814] = CCZ 1 11 24
[815] = H 24
[816] = H 23
[817] = CCZ 1 11 23
[818] = H 23
[819] = H 22
[820] = CCZ 23 12 22
[821] = H 22
[822] = H 21
[823] = CCZ 22 13 21
[824] = H 21
[825] = H 15
[826] = CCZ 21 14 15
[827] = H 15
[828] = H 21
[829] = CCZ 22 13 21
[830] = H 21
[831] = H 22
[832] = CCZ 23 12 22
[833] = H 22
[834] = H 23
[835] = CCZ 1 11 23
[836] = H 23
[837] = H 22
[838] = CCZ 1 11 22
[839] = H 22
[840] = H 21
[841] = CCZ 22 12 21
[842] = H 21
[843] = H 14
[844] = CCZ 21 13 14
[845] = H 14
[846] = H 21
[847] = CCZ 22 12 21
[848] = H 21
[849] = H 22
[850] = CCZ 1 11 22
[851] = H 22
[852] = H 21
[853] = CCZ 1 11 21
[854] = H 21
[855] = H 13
[856] = CCZ 21 12 13
[857] = H 13
[858] = H 21
[859] = CCZ 1 11 21
[860] = H 21
[861] = H 12
[862] = CCZ 1 11 12
[863] = H 12
[864] = CNOT 11 1

Algorithm used: todd

UniversalOptimize begin.
	Gate synthesis begin.

--- Testing Hamming Distance Version ---
in LempelX2_M4RI_Hamming
		Round = 0 (Start m: 42)
--- Hamming Distance Stats ---
 Dist 1: 40 pairs
 Dist 2: 177 pairs
 Dist 3: 264 pairs
 Dist 4: 240 pairs
 Dist 5: 112 pairs
 Dist 6: 28 pairs
-------------------------------
>> Round 0 Result: Hit Rate = 0% (0/861)

=== Final Performance Statistics ===
Hamming time:   0 ms
Chi time:       44 ms
Nullspace time: 761 ms
Total attempts: 861 (Success: 0)
END OF LEMPELX2
Total LempelX2_M4RI_Hamming time: 830 ms
Hamming result size: 42 columns
		TODD executed in 0.830954 seconds.
		Total time: 0.831027s
	Gate synthesis end.
	Gate synthesis begin.

--- Testing Hamming Distance Version ---
in LempelX2_M4RI_Hamming
		Round = 0 (Start m: 7)
--- Hamming Distance Stats ---
 Dist 1: 7 pairs
 Dist 2: 7 pairs
 Dist 3: 5 pairs
 Dist 4: 2 pairs
-------------------------------
>> Round 0 Result: Hit Rate = 0% (0/21)

=== Final Performance Statistics ===
Hamming time:   0 ms
Chi time:       1 ms
Nullspace time: 5 ms
Total attempts: 21 (Success: 0)
END OF LEMPELX2
Total LempelX2_M4RI_Hamming time: 6 ms
Hamming result size: 7 columns
		TODD executed in 0.007004 seconds.
		Total time: 0.007023s
	Gate synthesis end.
	Gate synthesis begin.

--- Testing Hamming Distance Version ---
in LempelX2_M4RI_Hamming
		Round = 0 (Start m: 10)
--- Hamming Distance Stats ---
 Dist 1: 10 pairs
 Dist 2: 13 pairs
 Dist 3: 13 pairs
 Dist 4: 7 pairs
 Dist 5: 2 pairs
-------------------------------
  [HIT!] Dist=1 | Deleted: 2 cols
>> Round 0 Result: Hit Rate = 100% (1/1)
		Round = 1 (Start m: 8)
--- Hamming Distance Stats ---
 Dist 1: 7 pairs
 Dist 2: 8 pairs
 Dist 3: 9 pairs
 Dist 4: 4 pairs
-------------------------------
>> Round 1 Result: Hit Rate = 0% (0/28)

=== Final Performance Statistics ===
Hamming time:   0 ms
Chi time:       1 ms
Nullspace time: 9 ms
Total attempts: 29 (Success: 1)
END OF LEMPELX2
Total LempelX2_M4RI_Hamming time: 12 ms
Hamming result size: 8 columns
		TODD executed in 0.012157 seconds.
		Total time: 0.012204s
	Gate synthesis end.
	Gate synthesis begin.

--- Testing Hamming Distance Version ---
in LempelX2_M4RI_Hamming
		Round = 0 (Start m: 7)
--- Hamming Distance Stats ---
 Dist 1: 9 pairs
 Dist 2: 9 pairs
 Dist 3: 3 pairs
-------------------------------
>> Round 0 Result: Hit Rate = 0% (0/21)

=== Final Performance Statistics ===
Hamming time:   0 ms
Chi time:       1 ms
Nullspace time: 5 ms
Total attempts: 21 (Success: 0)
END OF LEMPELX2
Total LempelX2_M4RI_Hamming time: 7 ms
Hamming result size: 7 columns
		TODD executed in 0.007147 seconds.
		Total time: 0.007165s
	Gate synthesis end.
	Gate synthesis begin.

--- Testing Hamming Distance Version ---
in LempelX2_M4RI_Hamming
		Round = 0 (Start m: 5)
--- Hamming Distance Stats ---
 Dist 1: 3 pairs
 Dist 2: 3 pairs
 Dist 3: 3 pairs
 Dist 4: 1 pairs
-------------------------------
>> Round 0 Result: Hit Rate = 0% (0/10)

=== Final Performance Statistics ===
Hamming time:   0 ms
Chi time:       0 ms
Nullspace time: 2 ms
Total attempts: 10 (Success: 0)
END OF LEMPELX2
Total LempelX2_M4RI_Hamming time: 3 ms
Hamming result size: 5 columns
		TODD executed in 0.003124 seconds.
		Total time: 0.003138s
	Gate synthesis end.
	Gate synthesis begin.

--- Testing Hamming Distance Version ---
in LempelX2_M4RI_Hamming
		Round = 0 (Start m: 6)
--- Hamming Distance Stats ---
 Dist 1: 4 pairs
 Dist 2: 5 pairs
 Dist 3: 4 pairs
 Dist 4: 2 pairs
-------------------------------
>> Round 0 Result: Hit Rate = 0% (0/15)

=== Final Performance Statistics ===
Hamming time:   0 ms
Chi time:       0 ms
Nullspace time: 3 ms
Total attempts: 15 (Success: 0)
END OF LEMPELX2
Total LempelX2_M4RI_Hamming time: 4 ms
Hamming result size: 6 columns
		TODD executed in 0.004386 seconds.
		Total time: 0.004422s
	Gate synthesis end.
	Gate synthesis begin.

--- Testing Hamming Distance Version ---
in LempelX2_M4RI_Hamming
		Round = 0 (Start m: 5)
--- Hamming Distance Stats ---
 Dist 1: 5 pairs
 Dist 2: 4 pairs
 Dist 3: 1 pairs
-------------------------------
>> Round 0 Result: Hit Rate = 0% (0/10)

=== Final Performance Statistics ===
Hamming time:   0 ms
Chi time:       0 ms
Nullspace time: 2 ms
Total attempts: 10 (Success: 0)
END OF LEMPELX2
Total LempelX2_M4RI_Hamming time: 3 ms
Hamming result size: 5 columns
		TODD executed in 0.003216 seconds.
		Total time: 0.003231s
	Gate synthesis end.
	Gate synthesis begin.

--- Testing Hamming Distance Version ---
in LempelX2_M4RI_Hamming
		Round = 0 (Start m: 13)
--- Hamming Distance Stats ---
 Dist 1: 14 pairs
 Dist 2: 20 pairs
 Dist 3: 24 pairs
 Dist 4: 16 pairs
 Dist 5: 4 pairs
-------------------------------
  [HIT!] Dist=1 | Deleted: 4 cols
>> Round 0 Result: Hit Rate = 20% (1/5)
		Round = 1 (Start m: 9)
--- Hamming Distance Stats ---
 Dist 1: 6 pairs
 Dist 2: 5 pairs
 Dist 3: 8 pairs
 Dist 4: 9 pairs
 Dist 5: 6 pairs
 Dist 6: 2 pairs
-------------------------------
>> Round 1 Result: Hit Rate = 0% (0/36)

=== Final Performance Statistics ===
Hamming time:   0 ms
Chi time:       1 ms
Nullspace time: 13 ms
Total attempts: 41 (Success: 1)
END OF LEMPELX2
Total LempelX2_M4RI_Hamming time: 16 ms
Hamming result size: 9 columns
		TODD executed in 0.016896 seconds.
		Total time: 0.016921s
	Gate synthesis end.
	Gate synthesis begin.

--- Testing Hamming Distance Version ---
in LempelX2_M4RI_Hamming
		Round = 0 (Start m: 3)
--- Hamming Distance Stats ---
 Dist 1: 2 pairs
 Dist 2: 1 pairs
-------------------------------
>> Round 0 Result: Hit Rate = 0% (0/3)

=== Final Performance Statistics ===
Hamming time:   0 ms
Chi time:       0 ms
Nullspace time: 0 ms
Total attempts: 3 (Success: 0)
END OF LEMPELX2
Total LempelX2_M4RI_Hamming time: 0 ms
Hamming result size: 3 columns
		TODD executed in 0.000848 seconds.
		Total time: 0.00086s
	Gate synthesis end.
	Gate synthesis begin.

--- Testing Hamming Distance Version ---
in LempelX2_M4RI_Hamming
		Round = 0 (Start m: 6)
--- Hamming Distance Stats ---
 Dist 1: 7 pairs
 Dist 2: 6 pairs
 Dist 3: 2 pairs
-------------------------------
>> Round 0 Result: Hit Rate = 0% (0/15)

=== Final Performance Statistics ===
Hamming time:   0 ms
Chi time:       0 ms
Nullspace time: 3 ms
Total attempts: 15 (Success: 0)
END OF LEMPELX2
Total LempelX2_M4RI_Hamming time: 4 ms
Hamming result size: 6 columns
		TODD executed in 0.004689 seconds.
		Total time: 0.004704s
	Gate synthesis end.
	Gate synthesis begin.

--- Testing Hamming Distance Version ---
in LempelX2_M4RI_Hamming
		Round = 0 (Start m: 5)
--- Hamming Distance Stats ---
 Dist 1: 3 pairs
 Dist 2: 3 pairs
 Dist 3: 3 pairs
 Dist 4: 1 pairs
-------------------------------
>> Round 0 Result: Hit Rate = 0% (0/10)

=== Final Performance Statistics ===
Hamming time:   0 ms
Chi time:       0 ms
Nullspace time: 2 ms
Total attempts: 10 (Success: 0)
END OF LEMPELX2
Total LempelX2_M4RI_Hamming time: 3 ms
Hamming result size: 5 columns
		TODD executed in 0.00315 seconds.
		Total time: 0.003163s
	Gate synthesis end.
	Gate synthesis begin.

--- Testing Hamming Distance Version ---
in LempelX2_M4RI_Hamming
		Round = 0 (Start m: 4)
--- Hamming Distance Stats ---
 Dist 1: 3 pairs
 Dist 2: 3 pairs
-------------------------------
>> Round 0 Result: Hit Rate = 0% (0/6)

=== Final Performance Statistics ===
Hamming time:   0 ms
Chi time:       0 ms
Nullspace time: 1 ms
Total attempts: 6 (Success: 0)
END OF LEMPELX2
Total LempelX2_M4RI_Hamming time: 1 ms
Hamming result size: 4 columns
		TODD executed in 0.001685 seconds.
		Total time: 0.001697s
	Gate synthesis end.
	Gate synthesis begin.

--- Testing Hamming Distance Version ---
in LempelX2_M4RI_Hamming
		Round = 0 (Start m: 6)
--- Hamming Distance Stats ---
 Dist 1: 4 pairs
 Dist 2: 5 pairs
 Dist 3: 4 pairs
 Dist 4: 2 pairs
-------------------------------
>> Round 0 Result: Hit Rate = 0% (0/15)

=== Final Performance Statistics ===
Hamming time:   0 ms
Chi time:       0 ms
Nullspace time: 3 ms
Total attempts: 15 (Success: 0)
END OF LEMPELX2
Total LempelX2_M4RI_Hamming time: 4 ms
Hamming result size: 6 columns
		TODD executed in 0.004455 seconds.
		Total time: 0.004471s
	Gate synthesis end.
	Gate synthesis begin.

--- Testing Hamming Distance Version ---
in LempelX2_M4RI_Hamming
		Round = 0 (Start m: 4)
--- Hamming Distance Stats ---
 Dist 1: 3 pairs
 Dist 2: 2 pairs
 Dist 3: 1 pairs
-------------------------------
>> Round 0 Result: Hit Rate = 0% (0/6)

=== Final Performance Statistics ===
Hamming time:   0 ms
Chi time:       0 ms
Nullspace time: 1 ms
Total attempts: 6 (Success: 0)
END OF LEMPELX2
Total LempelX2_M4RI_Hamming time: 1 ms
Hamming result size: 4 columns
		TODD executed in 0.001746 seconds.
		Total time: 0.001759s
	Gate synthesis end.
	Gate synthesis begin.

--- Testing Hamming Distance Version ---
in LempelX2_M4RI_Hamming
		Round = 0 (Start m: 5)
--- Hamming Distance Stats ---
 Dist 1: 5 pairs
 Dist 2: 4 pairs
 Dist 3: 1 pairs
-------------------------------
>> Round 0 Result: Hit Rate = 0% (0/10)

=== Final Performance Statistics ===
Hamming time:   0 ms
Chi time:       0 ms
Nullspace time: 2 ms
Total attempts: 10 (Success: 0)
END OF LEMPELX2
Total LempelX2_M4RI_Hamming time: 3 ms
Hamming result size: 5 columns
		TODD executed in 0.003129 seconds.
		Total time: 0.003144s
	Gate synthesis end.
	Gate synthesis begin.

--- Testing Hamming Distance Version ---
in LempelX2_M4RI_Hamming
		Round = 0 (Start m: 6)
--- Hamming Distance Stats ---
 Dist 1: 3 pairs
 Dist 2: 4 pairs
 Dist 3: 6 pairs
 Dist 4: 2 pairs
-------------------------------
>> Round 0 Result: Hit Rate = 0% (0/15)

=== Final Performance Statistics ===
Hamming time:   0 ms
Chi time:       0 ms
Nullspace time: 4 ms
Total attempts: 15 (Success: 0)
END OF LEMPELX2
Total LempelX2_M4RI_Hamming time: 5 ms
Hamming result size: 6 columns
		TODD executed in 0.005283 seconds.
		Total time: 0.005298s
	Gate synthesis end.
	Gate synthesis begin.

--- Testing Hamming Distance Version ---
in LempelX2_M4RI_Hamming
		Round = 0 (Start m: 6)
--- Hamming Distance Stats ---
 Dist 1: 4 pairs
 Dist 2: 5 pairs
 Dist 3: 4 pairs
 Dist 4: 2 pairs
-------------------------------
>> Round 0 Result: Hit Rate = 0% (0/15)

=== Final Performance Statistics ===
Hamming time:   0 ms
Chi time:       0 ms
Nullspace time: 3 ms
Total attempts: 15 (Success: 0)
END OF LEMPELX2
Total LempelX2_M4RI_Hamming time: 4 ms
Hamming result size: 6 columns
		TODD executed in 0.004978 seconds.
		Total time: 0.004997s
	Gate synthesis end.
	Gate synthesis begin.

--- Testing Hamming Distance Version ---
in LempelX2_M4RI_Hamming
		Round = 0 (Start m: 5)
--- Hamming Distance Stats ---
 Dist 1: 5 pairs
 Dist 2: 4 pairs
 Dist 3: 1 pairs
-------------------------------
>> Round 0 Result: Hit Rate = 0% (0/10)

=== Final Performance Statistics ===
Hamming time:   0 ms
Chi time:       0 ms
Nullspace time: 2 ms
Total attempts: 10 (Success: 0)
END OF LEMPELX2
Total LempelX2_M4RI_Hamming time: 3 ms
Hamming result size: 5 columns
		TODD executed in 0.003501 seconds.
		Total time: 0.003515s
	Gate synthesis end.
	Gate synthesis begin.

--- Testing Hamming Distance Version ---
in LempelX2_M4RI_Hamming
		Round = 0 (Start m: 13)
--- Hamming Distance Stats ---
 Dist 1: 14 pairs
 Dist 2: 20 pairs
 Dist 3: 24 pairs
 Dist 4: 16 pairs
 Dist 5: 4 pairs
-------------------------------
  [HIT!] Dist=1 | Deleted: 4 cols
>> Round 0 Result: Hit Rate = 20% (1/5)
		Round = 1 (Start m: 9)
--- Hamming Distance Stats ---
 Dist 1: 6 pairs
 Dist 2: 5 pairs
 Dist 3: 8 pairs
 Dist 4: 9 pairs
 Dist 5: 6 pairs
 Dist 6: 2 pairs
-------------------------------
>> Round 1 Result: Hit Rate = 0% (0/36)

=== Final Performance Statistics ===
Hamming time:   0 ms
Chi time:       1 ms
Nullspace time: 15 ms
Total attempts: 41 (Success: 1)
END OF LEMPELX2
Total LempelX2_M4RI_Hamming time: 18 ms
Hamming result size: 9 columns
		TODD executed in 0.01872 seconds.
		Total time: 0.018746s
	Gate synthesis end.
	Gate synthesis begin.

--- Testing Hamming Distance Version ---
in LempelX2_M4RI_Hamming
		Round = 0 (Start m: 3)
--- Hamming Distance Stats ---
 Dist 1: 2 pairs
 Dist 2: 1 pairs
-------------------------------
>> Round 0 Result: Hit Rate = 0% (0/3)

=== Final Performance Statistics ===
Hamming time:   0 ms
Chi time:       0 ms
Nullspace time: 0 ms
Total attempts: 3 (Success: 0)
END OF LEMPELX2
Total LempelX2_M4RI_Hamming time: 0 ms
Hamming result size: 3 columns
		TODD executed in 0.001005 seconds.
		Total time: 0.001017s
	Gate synthesis end.
	Gate synthesis begin.

--- Testing Hamming Distance Version ---
in LempelX2_M4RI_Hamming
		Round = 0 (Start m: 4)
--- Hamming Distance Stats ---
 Dist 1: 3 pairs
 Dist 2: 2 pairs
 Dist 3: 1 pairs
-------------------------------
>> Round 0 Result: Hit Rate = 0% (0/6)

=== Final Performance Statistics ===
Hamming time:   0 ms
Chi time:       0 ms
Nullspace time: 1 ms
Total attempts: 6 (Success: 0)
END OF LEMPELX2
Total LempelX2_M4RI_Hamming time: 1 ms
Hamming result size: 4 columns
		TODD executed in 0.001881 seconds.
		Total time: 0.001895s
	Gate synthesis end.
	Gate synthesis begin.

--- Testing Hamming Distance Version ---
in LempelX2_M4RI_Hamming
		Round = 0 (Start m: 6)
--- Hamming Distance Stats ---
 Dist 1: 7 pairs
 Dist 2: 6 pairs
 Dist 3: 2 pairs
-------------------------------
>> Round 0 Result: Hit Rate = 0% (0/15)

=== Final Performance Statistics ===
Hamming time:   0 ms
Chi time:       0 ms
Nullspace time: 4 ms
Total attempts: 15 (Success: 0)
END OF LEMPELX2
Total LempelX2_M4RI_Hamming time: 5 ms
Hamming result size: 6 columns
		TODD executed in 0.005294 seconds.
		Total time: 0.00531s
	Gate synthesis end.
	Gate synthesis begin.

--- Testing Hamming Distance Version ---
in LempelX2_M4RI_Hamming
		Round = 0 (Start m: 5)
--- Hamming Distance Stats ---
 Dist 1: 3 pairs
 Dist 2: 3 pairs
 Dist 3: 3 pairs
 Dist 4: 1 pairs
-------------------------------
>> Round 0 Result: Hit Rate = 0% (0/10)

=== Final Performance Statistics ===
Hamming time:   0 ms
Chi time:       0 ms
Nullspace time: 2 ms
Total attempts: 10 (Success: 0)
END OF LEMPELX2
Total LempelX2_M4RI_Hamming time: 3 ms
Hamming result size: 5 columns
		TODD executed in 0.00359 seconds.
		Total time: 0.003604s
	Gate synthesis end.
	Gate synthesis begin.

--- Testing Hamming Distance Version ---
in LempelX2_M4RI_Hamming
		Round = 0 (Start m: 4)
--- Hamming Distance Stats ---
 Dist 1: 3 pairs
 Dist 2: 3 pairs
-------------------------------
>> Round 0 Result: Hit Rate = 0% (0/6)

=== Final Performance Statistics ===
Hamming time:   0 ms
Chi time:       0 ms
Nullspace time: 1 ms
Total attempts: 6 (Success: 0)
END OF LEMPELX2
Total LempelX2_M4RI_Hamming time: 1 ms
Hamming result size: 4 columns
		TODD executed in 0.001753 seconds.
		Total time: 0.001766s
	Gate synthesis end.
	Gate synthesis begin.

--- Testing Hamming Distance Version ---
in LempelX2_M4RI_Hamming
		Round = 0 (Start m: 4)
--- Hamming Distance Stats ---
 Dist 1: 3 pairs
 Dist 2: 3 pairs
-------------------------------
>> Round 0 Result: Hit Rate = 0% (0/6)

=== Final Performance Statistics ===
Hamming time:   0 ms
Chi time:       0 ms
Nullspace time: 1 ms
Total attempts: 6 (Success: 0)
END OF LEMPELX2
Total LempelX2_M4RI_Hamming time: 1 ms
Hamming result size: 4 columns
		TODD executed in 0.001882 seconds.
		Total time: 0.001895s
	Gate synthesis end.
	Gate synthesis begin.

--- Testing Hamming Distance Version ---
in LempelX2_M4RI_Hamming
		Round = 0 (Start m: 6)
--- Hamming Distance Stats ---
 Dist 1: 4 pairs
 Dist 2: 5 pairs
 Dist 3: 4 pairs
 Dist 4: 2 pairs
-------------------------------
>> Round 0 Result: Hit Rate = 0% (0/15)

=== Final Performance Statistics ===
Hamming time:   0 ms
Chi time:       0 ms
Nullspace time: 3 ms
Total attempts: 15 (Success: 0)
END OF LEMPELX2
Total LempelX2_M4RI_Hamming time: 4 ms
Hamming result size: 6 columns
		TODD executed in 0.004341 seconds.
		Total time: 0.004357s
	Gate synthesis end.
	Gate synthesis begin.

--- Testing Hamming Distance Version ---
in LempelX2_M4RI_Hamming
		Round = 0 (Start m: 4)
--- Hamming Distance Stats ---
 Dist 1: 3 pairs
 Dist 2: 2 pairs
 Dist 3: 1 pairs
-------------------------------
>> Round 0 Result: Hit Rate = 0% (0/6)

=== Final Performance Statistics ===
Hamming time:   0 ms
Chi time:       0 ms
Nullspace time: 1 ms
Total attempts: 6 (Success: 0)
END OF LEMPELX2
Total LempelX2_M4RI_Hamming time: 1 ms
Hamming result size: 4 columns
		TODD executed in 0.001686 seconds.
		Total time: 0.0017s
	Gate synthesis end.
	Gate synthesis begin.

--- Testing Hamming Distance Version ---
in LempelX2_M4RI_Hamming
		Round = 0 (Start m: 4)
--- Hamming Distance Stats ---
 Dist 1: 3 pairs
 Dist 2: 2 pairs
 Dist 3: 1 pairs
-------------------------------
>> Round 0 Result: Hit Rate = 0% (0/6)

=== Final Performance Statistics ===
Hamming time:   0 ms
Chi time:       0 ms
Nullspace time: 1 ms
Total attempts: 6 (Success: 0)
END OF LEMPELX2
Total LempelX2_M4RI_Hamming time: 1 ms
Hamming result size: 4 columns
		TODD executed in 0.00183 seconds.
		Total time: 0.001843s
	Gate synthesis end.
	Gate synthesis begin.

--- Testing Hamming Distance Version ---
in LempelX2_M4RI_Hamming
		Round = 0 (Start m: 5)
--- Hamming Distance Stats ---
 Dist 1: 5 pairs
 Dist 2: 4 pairs
 Dist 3: 1 pairs
-------------------------------
>> Round 0 Result: Hit Rate = 0% (0/10)

=== Final Performance Statistics ===
Hamming time:   0 ms
Chi time:       0 ms
Nullspace time: 2 ms
Total attempts: 10 (Success: 0)
END OF LEMPELX2
Total LempelX2_M4RI_Hamming time: 3 ms
Hamming result size: 5 columns
		TODD executed in 0.003194 seconds.
		Total time: 0.003208s
	Gate synthesis end.
	Gate synthesis begin.

--- Testing Hamming Distance Version ---
in LempelX2_M4RI_Hamming
		Round = 0 (Start m: 6)
--- Hamming Distance Stats ---
 Dist 1: 3 pairs
 Dist 2: 4 pairs
 Dist 3: 6 pairs
 Dist 4: 2 pairs
-------------------------------
>> Round 0 Result: Hit Rate = 0% (0/15)

=== Final Performance Statistics ===
Hamming time:   0 ms
Chi time:       0 ms
Nullspace time: 3 ms
Total attempts: 15 (Success: 0)
END OF LEMPELX2
Total LempelX2_M4RI_Hamming time: 5 ms
Hamming result size: 6 columns
		TODD executed in 0.005122 seconds.
		Total time: 0.005138s
	Gate synthesis end.
	Gate synthesis begin.

--- Testing Hamming Distance Version ---
in LempelX2_M4RI_Hamming
		Round = 0 (Start m: 4)
--- Hamming Distance Stats ---
 Dist 1: 3 pairs
 Dist 2: 3 pairs
-------------------------------
>> Round 0 Result: Hit Rate = 0% (0/6)

=== Final Performance Statistics ===
Hamming time:   0 ms
Chi time:       0 ms
Nullspace time: 1 ms
Total attempts: 6 (Success: 0)
END OF LEMPELX2
Total LempelX2_M4RI_Hamming time: 1 ms
Hamming result size: 4 columns
		TODD executed in 0.00178 seconds.
		Total time: 0.001793s
	Gate synthesis end.
	Gate synthesis begin.

--- Testing Hamming Distance Version ---
in LempelX2_M4RI_Hamming
		Round = 0 (Start m: 6)
--- Hamming Distance Stats ---
 Dist 1: 4 pairs
 Dist 2: 5 pairs
 Dist 3: 4 pairs
 Dist 4: 2 pairs
-------------------------------
>> Round 0 Result: Hit Rate = 0% (0/15)

=== Final Performance Statistics ===
Hamming time:   0 ms
Chi time:       0 ms
Nullspace time: 3 ms
Total attempts: 15 (Success: 0)
END OF LEMPELX2
Total LempelX2_M4RI_Hamming time: 4 ms
Hamming result size: 6 columns
		TODD executed in 0.004469 seconds.
		Total time: 0.004487s
	Gate synthesis end.
	Gate synthesis begin.

--- Testing Hamming Distance Version ---
in LempelX2_M4RI_Hamming
		Round = 0 (Start m: 4)
--- Hamming Distance Stats ---
 Dist 1: 3 pairs
 Dist 2: 2 pairs
 Dist 3: 1 pairs
-------------------------------
>> Round 0 Result: Hit Rate = 0% (0/6)

=== Final Performance Statistics ===
Hamming time:   0 ms
Chi time:       0 ms
Nullspace time: 1 ms
Total attempts: 6 (Success: 0)
END OF LEMPELX2
Total LempelX2_M4RI_Hamming time: 1 ms
Hamming result size: 4 columns
		TODD executed in 0.001817 seconds.
		Total time: 0.00183s
	Gate synthesis end.
	Gate synthesis begin.

--- Testing Hamming Distance Version ---
in LempelX2_M4RI_Hamming
		Round = 0 (Start m: 5)
--- Hamming Distance Stats ---
 Dist 1: 5 pairs
 Dist 2: 4 pairs
 Dist 3: 1 pairs
-------------------------------
>> Round 0 Result: Hit Rate = 0% (0/10)

=== Final Performance Statistics ===
Hamming time:   0 ms
Chi time:       0 ms
Nullspace time: 2 ms
Total attempts: 10 (Success: 0)
END OF LEMPELX2
Total LempelX2_M4RI_Hamming time: 3 ms
Hamming result size: 5 columns
		TODD executed in 0.003167 seconds.
		Total time: 0.003181s
	Gate synthesis end.
	Gate synthesis begin.

--- Testing Hamming Distance Version ---
in LempelX2_M4RI_Hamming
		Round = 0 (Start m: 6)
--- Hamming Distance Stats ---
 Dist 1: 3 pairs
 Dist 2: 4 pairs
 Dist 3: 6 pairs
 Dist 4: 2 pairs
-------------------------------
>> Round 0 Result: Hit Rate = 0% (0/15)

=== Final Performance Statistics ===
Hamming time:   0 ms
Chi time:       0 ms
Nullspace time: 3 ms
Total attempts: 15 (Success: 0)
END OF LEMPELX2
Total LempelX2_M4RI_Hamming time: 4 ms
Hamming result size: 6 columns
		TODD executed in 0.004847 seconds.
		Total time: 0.004875s
	Gate synthesis end.
	Gate synthesis begin.

--- Testing Hamming Distance Version ---
in LempelX2_M4RI_Hamming
		Round = 0 (Start m: 6)
--- Hamming Distance Stats ---
 Dist 1: 4 pairs
 Dist 2: 5 pairs
 Dist 3: 4 pairs
 Dist 4: 2 pairs
-------------------------------
>> Round 0 Result: Hit Rate = 0% (0/15)

=== Final Performance Statistics ===
Hamming time:   0 ms
Chi time:       0 ms
Nullspace time: 3 ms
Total attempts: 15 (Success: 0)
END OF LEMPELX2
Total LempelX2_M4RI_Hamming time: 4 ms
Hamming result size: 6 columns
		TODD executed in 0.004474 seconds.
		Total time: 0.004491s
	Gate synthesis end.
	Gate synthesis begin.

--- Testing Hamming Distance Version ---
in LempelX2_M4RI_Hamming
		Round = 0 (Start m: 5)
--- Hamming Distance Stats ---
 Dist 1: 5 pairs
 Dist 2: 4 pairs
 Dist 3: 1 pairs
-------------------------------
>> Round 0 Result: Hit Rate = 0% (0/10)

=== Final Performance Statistics ===
Hamming time:   0 ms
Chi time:       0 ms
Nullspace time: 2 ms
Total attempts: 10 (Success: 0)
END OF LEMPELX2
Total LempelX2_M4RI_Hamming time: 3 ms
Hamming result size: 5 columns
		TODD executed in 0.003038 seconds.
		Total time: 0.003054s
	Gate synthesis end.
	Gate synthesis begin.

--- Testing Hamming Distance Version ---
in LempelX2_M4RI_Hamming
		Round = 0 (Start m: 13)
--- Hamming Distance Stats ---
 Dist 1: 14 pairs
 Dist 2: 20 pairs
 Dist 3: 24 pairs
 Dist 4: 16 pairs
 Dist 5: 4 pairs
-------------------------------
  [HIT!] Dist=1 | Deleted: 4 cols
>> Round 0 Result: Hit Rate = 20% (1/5)
		Round = 1 (Start m: 9)
--- Hamming Distance Stats ---
 Dist 1: 6 pairs
 Dist 2: 5 pairs
 Dist 3: 8 pairs
 Dist 4: 9 pairs
 Dist 5: 6 pairs
 Dist 6: 2 pairs
-------------------------------
>> Round 1 Result: Hit Rate = 0% (0/36)

=== Final Performance Statistics ===
Hamming time:   0 ms
Chi time:       1 ms
Nullspace time: 13 ms
Total attempts: 41 (Success: 1)
END OF LEMPELX2
Total LempelX2_M4RI_Hamming time: 16 ms
Hamming result size: 9 columns
		TODD executed in 0.01635 seconds.
		Total time: 0.016376s
	Gate synthesis end.
	Gate synthesis begin.

--- Testing Hamming Distance Version ---
in LempelX2_M4RI_Hamming
		Round = 0 (Start m: 3)
--- Hamming Distance Stats ---
 Dist 1: 2 pairs
 Dist 2: 1 pairs
-------------------------------
>> Round 0 Result: Hit Rate = 0% (0/3)

=== Final Performance Statistics ===
Hamming time:   0 ms
Chi time:       0 ms
Nullspace time: 0 ms
Total attempts: 3 (Success: 0)
END OF LEMPELX2
Total LempelX2_M4RI_Hamming time: 0 ms
Hamming result size: 3 columns
		TODD executed in 0.000951 seconds.
		Total time: 0.000961s
	Gate synthesis end.
	Gate synthesis begin.

--- Testing Hamming Distance Version ---
in LempelX2_M4RI_Hamming
		Round = 0 (Start m: 4)
--- Hamming Distance Stats ---
 Dist 1: 3 pairs
 Dist 2: 2 pairs
 Dist 3: 1 pairs
-------------------------------
>> Round 0 Result: Hit Rate = 0% (0/6)

=== Final Performance Statistics ===
Hamming time:   0 ms
Chi time:       0 ms
Nullspace time: 1 ms
Total attempts: 6 (Success: 0)
END OF LEMPELX2
Total LempelX2_M4RI_Hamming time: 1 ms
Hamming result size: 4 columns
		TODD executed in 0.001914 seconds.
		Total time: 0.001926s
	Gate synthesis end.
	Gate synthesis begin.

--- Testing Hamming Distance Version ---
in LempelX2_M4RI_Hamming
		Round = 0 (Start m: 4)
--- Hamming Distance Stats ---
 Dist 1: 3 pairs
 Dist 2: 2 pairs
 Dist 3: 1 pairs
-------------------------------
>> Round 0 Result: Hit Rate = 0% (0/6)

=== Final Performance Statistics ===
Hamming time:   0 ms
Chi time:       0 ms
Nullspace time: 1 ms
Total attempts: 6 (Success: 0)
END OF LEMPELX2
Total LempelX2_M4RI_Hamming time: 1 ms
Hamming result size: 4 columns
		TODD executed in 0.001969 seconds.
		Total time: 0.001982s
	Gate synthesis end.
	Gate synthesis begin.

--- Testing Hamming Distance Version ---
in LempelX2_M4RI_Hamming
		Round = 0 (Start m: 6)
--- Hamming Distance Stats ---
 Dist 1: 7 pairs
 Dist 2: 6 pairs
 Dist 3: 2 pairs
-------------------------------
>> Round 0 Result: Hit Rate = 0% (0/15)

=== Final Performance Statistics ===
Hamming time:   0 ms
Chi time:       0 ms
Nullspace time: 3 ms
Total attempts: 15 (Success: 0)
END OF LEMPELX2
Total LempelX2_M4RI_Hamming time: 4 ms
Hamming result size: 6 columns
		TODD executed in 0.004807 seconds.
		Total time: 0.004822s
	Gate synthesis end.
	Gate synthesis begin.

--- Testing Hamming Distance Version ---
in LempelX2_M4RI_Hamming
		Round = 0 (Start m: 5)
--- Hamming Distance Stats ---
 Dist 1: 3 pairs
 Dist 2: 3 pairs
 Dist 3: 3 pairs
 Dist 4: 1 pairs
-------------------------------
>> Round 0 Result: Hit Rate = 0% (0/10)

=== Final Performance Statistics ===
Hamming time:   0 ms
Chi time:       0 ms
Nullspace time: 2 ms
Total attempts: 10 (Success: 0)
END OF LEMPELX2
Total LempelX2_M4RI_Hamming time: 3 ms
Hamming result size: 5 columns
		TODD executed in 0.003023 seconds.
		Total time: 0.00304s
	Gate synthesis end.
	Gate synthesis begin.

--- Testing Hamming Distance Version ---
in LempelX2_M4RI_Hamming
		Round = 0 (Start m: 4)
--- Hamming Distance Stats ---
 Dist 1: 3 pairs
 Dist 2: 3 pairs
-------------------------------
>> Round 0 Result: Hit Rate = 0% (0/6)

=== Final Performance Statistics ===
Hamming time:   0 ms
Chi time:       0 ms
Nullspace time: 1 ms
Total attempts: 6 (Success: 0)
END OF LEMPELX2
Total LempelX2_M4RI_Hamming time: 1 ms
Hamming result size: 4 columns
		TODD executed in 0.001736 seconds.
		Total time: 0.00175s
	Gate synthesis end.
	Gate synthesis begin.

--- Testing Hamming Distance Version ---
in LempelX2_M4RI_Hamming
		Round = 0 (Start m: 4)
--- Hamming Distance Stats ---
 Dist 1: 3 pairs
 Dist 2: 3 pairs
-------------------------------
>> Round 0 Result: Hit Rate = 0% (0/6)

=== Final Performance Statistics ===
Hamming time:   0 ms
Chi time:       0 ms
Nullspace time: 1 ms
Total attempts: 6 (Success: 0)
END OF LEMPELX2
Total LempelX2_M4RI_Hamming time: 1 ms
Hamming result size: 4 columns
		TODD executed in 0.001658 seconds.
		Total time: 0.00167s
	Gate synthesis end.
	Gate synthesis begin.

--- Testing Hamming Distance Version ---
in LempelX2_M4RI_Hamming
		Round = 0 (Start m: 4)
--- Hamming Distance Stats ---
 Dist 1: 3 pairs
 Dist 2: 3 pairs
-------------------------------
>> Round 0 Result: Hit Rate = 0% (0/6)

=== Final Performance Statistics ===
Hamming time:   0 ms
Chi time:       0 ms
Nullspace time: 1 ms
Total attempts: 6 (Success: 0)
END OF LEMPELX2
Total LempelX2_M4RI_Hamming time: 1 ms
Hamming result size: 4 columns
		TODD executed in 0.001826 seconds.
		Total time: 0.001855s
	Gate synthesis end.
	Gate synthesis begin.

--- Testing Hamming Distance Version ---
in LempelX2_M4RI_Hamming
		Round = 0 (Start m: 6)
--- Hamming Distance Stats ---
 Dist 1: 4 pairs
 Dist 2: 5 pairs
 Dist 3: 4 pairs
 Dist 4: 2 pairs
-------------------------------
>> Round 0 Result: Hit Rate = 0% (0/15)

=== Final Performance Statistics ===
Hamming time:   0 ms
Chi time:       0 ms
Nullspace time: 3 ms
Total attempts: 15 (Success: 0)
END OF LEMPELX2
Total LempelX2_M4RI_Hamming time: 4 ms
Hamming result size: 6 columns
		TODD executed in 0.004806 seconds.
		Total time: 0.004823s
	Gate synthesis end.
	Gate synthesis begin.

--- Testing Hamming Distance Version ---
in LempelX2_M4RI_Hamming
		Round = 0 (Start m: 4)
--- Hamming Distance Stats ---
 Dist 1: 3 pairs
 Dist 2: 2 pairs
 Dist 3: 1 pairs
-------------------------------
>> Round 0 Result: Hit Rate = 0% (0/6)

=== Final Performance Statistics ===
Hamming time:   0 ms
Chi time:       0 ms
Nullspace time: 1 ms
Total attempts: 6 (Success: 0)
END OF LEMPELX2
Total LempelX2_M4RI_Hamming time: 1 ms
Hamming result size: 4 columns
		TODD executed in 0.001874 seconds.
		Total time: 0.001886s
	Gate synthesis end.
	Gate synthesis begin.

--- Testing Hamming Distance Version ---
in LempelX2_M4RI_Hamming
		Round = 0 (Start m: 4)
--- Hamming Distance Stats ---
 Dist 1: 3 pairs
 Dist 2: 2 pairs
 Dist 3: 1 pairs
-------------------------------
>> Round 0 Result: Hit Rate = 0% (0/6)

=== Final Performance Statistics ===
Hamming time:   0 ms
Chi time:       0 ms
Nullspace time: 1 ms
Total attempts: 6 (Success: 0)
END OF LEMPELX2
Total LempelX2_M4RI_Hamming time: 1 ms
Hamming result size: 4 columns
		TODD executed in 0.001849 seconds.
		Total time: 0.001861s
	Gate synthesis end.
	Gate synthesis begin.

--- Testing Hamming Distance Version ---
in LempelX2_M4RI_Hamming
		Round = 0 (Start m: 4)
--- Hamming Distance Stats ---
 Dist 1: 3 pairs
 Dist 2: 2 pairs
 Dist 3: 1 pairs
-------------------------------
>> Round 0 Result: Hit Rate = 0% (0/6)

=== Final Performance Statistics ===
Hamming time:   0 ms
Chi time:       0 ms
Nullspace time: 1 ms
Total attempts: 6 (Success: 0)
END OF LEMPELX2
Total LempelX2_M4RI_Hamming time: 1 ms
Hamming result size: 4 columns
		TODD executed in 0.001763 seconds.
		Total time: 0.001776s
	Gate synthesis end.
	Gate synthesis begin.

--- Testing Hamming Distance Version ---
in LempelX2_M4RI_Hamming
		Round = 0 (Start m: 5)
--- Hamming Distance Stats ---
 Dist 1: 5 pairs
 Dist 2: 4 pairs
 Dist 3: 1 pairs
-------------------------------
>> Round 0 Result: Hit Rate = 0% (0/10)

=== Final Performance Statistics ===
Hamming time:   0 ms
Chi time:       0 ms
Nullspace time: 2 ms
Total attempts: 10 (Success: 0)
END OF LEMPELX2
Total LempelX2_M4RI_Hamming time: 3 ms
Hamming result size: 5 columns
		TODD executed in 0.003246 seconds.
		Total time: 0.003263s
	Gate synthesis end.
	Gate synthesis begin.

--- Testing Hamming Distance Version ---
in LempelX2_M4RI_Hamming
		Round = 0 (Start m: 6)
--- Hamming Distance Stats ---
 Dist 1: 3 pairs
 Dist 2: 4 pairs
 Dist 3: 6 pairs
 Dist 4: 2 pairs
-------------------------------
>> Round 0 Result: Hit Rate = 0% (0/15)

=== Final Performance Statistics ===
Hamming time:   0 ms
Chi time:       0 ms
Nullspace time: 4 ms
Total attempts: 15 (Success: 0)
END OF LEMPELX2
Total LempelX2_M4RI_Hamming time: 5 ms
Hamming result size: 6 columns
		TODD executed in 0.005978 seconds.
		Total time: 0.005996s
	Gate synthesis end.
	Gate synthesis begin.

--- Testing Hamming Distance Version ---
in LempelX2_M4RI_Hamming
		Round = 0 (Start m: 4)
--- Hamming Distance Stats ---
 Dist 1: 3 pairs
 Dist 2: 3 pairs
-------------------------------
>> Round 0 Result: Hit Rate = 0% (0/6)

=== Final Performance Statistics ===
Hamming time:   0 ms
Chi time:       0 ms
Nullspace time: 1 ms
Total attempts: 6 (Success: 0)
END OF LEMPELX2
Total LempelX2_M4RI_Hamming time: 1 ms
Hamming result size: 4 columns
		TODD executed in 0.001926 seconds.
		Total time: 0.001947s
	Gate synthesis end.
	Gate synthesis begin.

--- Testing Hamming Distance Version ---
in LempelX2_M4RI_Hamming
		Round = 0 (Start m: 4)
--- Hamming Distance Stats ---
 Dist 1: 3 pairs
 Dist 2: 3 pairs
-------------------------------
>> Round 0 Result: Hit Rate = 0% (0/6)

=== Final Performance Statistics ===
Hamming time:   0 ms
Chi time:       0 ms
Nullspace time: 1 ms
Total attempts: 6 (Success: 0)
END OF LEMPELX2
Total LempelX2_M4RI_Hamming time: 1 ms
Hamming result size: 4 columns
		TODD executed in 0.001814 seconds.
		Total time: 0.001827s
	Gate synthesis end.
	Gate synthesis begin.

--- Testing Hamming Distance Version ---
in LempelX2_M4RI_Hamming
		Round = 0 (Start m: 6)
--- Hamming Distance Stats ---
 Dist 1: 4 pairs
 Dist 2: 5 pairs
 Dist 3: 4 pairs
 Dist 4: 2 pairs
-------------------------------
>> Round 0 Result: Hit Rate = 0% (0/15)

=== Final Performance Statistics ===
Hamming time:   0 ms
Chi time:       0 ms
Nullspace time: 4 ms
Total attempts: 15 (Success: 0)
END OF LEMPELX2
Total LempelX2_M4RI_Hamming time: 5 ms
Hamming result size: 6 columns
		TODD executed in 0.00581 seconds.
		Total time: 0.005834s
	Gate synthesis end.
	Gate synthesis begin.

--- Testing Hamming Distance Version ---
in LempelX2_M4RI_Hamming
		Round = 0 (Start m: 4)
--- Hamming Distance Stats ---
 Dist 1: 3 pairs
 Dist 2: 2 pairs
 Dist 3: 1 pairs
-------------------------------
>> Round 0 Result: Hit Rate = 0% (0/6)

=== Final Performance Statistics ===
Hamming time:   0 ms
Chi time:       0 ms
Nullspace time: 1 ms
Total attempts: 6 (Success: 0)
END OF LEMPELX2
Total LempelX2_M4RI_Hamming time: 2 ms
Hamming result size: 4 columns
		TODD executed in 0.00232 seconds.
		Total time: 0.002337s
	Gate synthesis end.
	Gate synthesis begin.

--- Testing Hamming Distance Version ---
in LempelX2_M4RI_Hamming
		Round = 0 (Start m: 4)
--- Hamming Distance Stats ---
 Dist 1: 3 pairs
 Dist 2: 2 pairs
 Dist 3: 1 pairs
-------------------------------
>> Round 0 Result: Hit Rate = 0% (0/6)

=== Final Performance Statistics ===
Hamming time:   0 ms
Chi time:       0 ms
Nullspace time: 1 ms
Total attempts: 6 (Success: 0)
END OF LEMPELX2
Total LempelX2_M4RI_Hamming time: 2 ms
Hamming result size: 4 columns
		TODD executed in 0.002319 seconds.
		Total time: 0.002337s
	Gate synthesis end.
	Gate synthesis begin.

--- Testing Hamming Distance Version ---
in LempelX2_M4RI_Hamming
		Round = 0 (Start m: 5)
--- Hamming Distance Stats ---
 Dist 1: 5 pairs
 Dist 2: 4 pairs
 Dist 3: 1 pairs
-------------------------------
>> Round 0 Result: Hit Rate = 0% (0/10)

=== Final Performance Statistics ===
Hamming time:   0 ms
Chi time:       0 ms
Nullspace time: 2 ms
Total attempts: 10 (Success: 0)
END OF LEMPELX2
Total LempelX2_M4RI_Hamming time: 3 ms
Hamming result size: 5 columns
		TODD executed in 0.003348 seconds.
		Total time: 0.003363s
	Gate synthesis end.
	Gate synthesis begin.

--- Testing Hamming Distance Version ---
in LempelX2_M4RI_Hamming
		Round = 0 (Start m: 6)
--- Hamming Distance Stats ---
 Dist 1: 3 pairs
 Dist 2: 4 pairs
 Dist 3: 6 pairs
 Dist 4: 2 pairs
-------------------------------
>> Round 0 Result: Hit Rate = 0% (0/15)

=== Final Performance Statistics ===
Hamming time:   0 ms
Chi time:       0 ms
Nullspace time: 4 ms
Total attempts: 15 (Success: 0)
END OF LEMPELX2
Total LempelX2_M4RI_Hamming time: 5 ms
Hamming result size: 6 columns
		TODD executed in 0.005877 seconds.
		Total time: 0.005895s
	Gate synthesis end.
	Gate synthesis begin.

--- Testing Hamming Distance Version ---
in LempelX2_M4RI_Hamming
		Round = 0 (Start m: 4)
--- Hamming Distance Stats ---
 Dist 1: 3 pairs
 Dist 2: 3 pairs
-------------------------------
>> Round 0 Result: Hit Rate = 0% (0/6)

=== Final Performance Statistics ===
Hamming time:   0 ms
Chi time:       0 ms
Nullspace time: 1 ms
Total attempts: 6 (Success: 0)
END OF LEMPELX2
Total LempelX2_M4RI_Hamming time: 1 ms
Hamming result size: 4 columns
		TODD executed in 0.001901 seconds.
		Total time: 0.001914s
	Gate synthesis end.
	Gate synthesis begin.

--- Testing Hamming Distance Version ---
in LempelX2_M4RI_Hamming
		Round = 0 (Start m: 6)
--- Hamming Distance Stats ---
 Dist 1: 4 pairs
 Dist 2: 5 pairs
 Dist 3: 4 pairs
 Dist 4: 2 pairs
-------------------------------
>> Round 0 Result: Hit Rate = 0% (0/15)

=== Final Performance Statistics ===
Hamming time:   0 ms
Chi time:       1 ms
Nullspace time: 4 ms
Total attempts: 15 (Success: 0)
END OF LEMPELX2
Total LempelX2_M4RI_Hamming time: 6 ms
Hamming result size: 6 columns
		TODD executed in 0.006622 seconds.
		Total time: 0.006649s
	Gate synthesis end.
	Gate synthesis begin.

--- Testing Hamming Distance Version ---
in LempelX2_M4RI_Hamming
		Round = 0 (Start m: 4)
--- Hamming Distance Stats ---
 Dist 1: 3 pairs
 Dist 2: 2 pairs
 Dist 3: 1 pairs
-------------------------------
>> Round 0 Result: Hit Rate = 0% (0/6)

=== Final Performance Statistics ===
Hamming time:   0 ms
Chi time:       0 ms
Nullspace time: 1 ms
Total attempts: 6 (Success: 0)
END OF LEMPELX2
Total LempelX2_M4RI_Hamming time: 1 ms
Hamming result size: 4 columns
		TODD executed in 0.002006 seconds.
		Total time: 0.002022s
	Gate synthesis end.
	Gate synthesis begin.

--- Testing Hamming Distance Version ---
in LempelX2_M4RI_Hamming
		Round = 0 (Start m: 5)
--- Hamming Distance Stats ---
 Dist 1: 5 pairs
 Dist 2: 4 pairs
 Dist 3: 1 pairs
-------------------------------
>> Round 0 Result: Hit Rate = 0% (0/10)

=== Final Performance Statistics ===
Hamming time:   0 ms
Chi time:       0 ms
Nullspace time: 2 ms
Total attempts: 10 (Success: 0)
END OF LEMPELX2
Total LempelX2_M4RI_Hamming time: 3 ms
Hamming result size: 5 columns
		TODD executed in 0.003202 seconds.
		Total time: 0.003219s
	Gate synthesis end.
	Gate synthesis begin.

--- Testing Hamming Distance Version ---
in LempelX2_M4RI_Hamming
		Round = 0 (Start m: 6)
--- Hamming Distance Stats ---
 Dist 1: 3 pairs
 Dist 2: 4 pairs
 Dist 3: 6 pairs
 Dist 4: 2 pairs
-------------------------------
>> Round 0 Result: Hit Rate = 0% (0/15)

=== Final Performance Statistics ===
Hamming time:   0 ms
Chi time:       1 ms
Nullspace time: 4 ms
Total attempts: 15 (Success: 0)
END OF LEMPELX2
Total LempelX2_M4RI_Hamming time: 6 ms
Hamming result size: 6 columns
		TODD executed in 0.006486 seconds.
		Total time: 0.006507s
	Gate synthesis end.
	Gate synthesis begin.

--- Testing Hamming Distance Version ---
in LempelX2_M4RI_Hamming
		Round = 0 (Start m: 6)
--- Hamming Distance Stats ---
 Dist 1: 4 pairs
 Dist 2: 5 pairs
 Dist 3: 4 pairs
 Dist 4: 2 pairs
-------------------------------
>> Round 0 Result: Hit Rate = 0% (0/15)

=== Final Performance Statistics ===
Hamming time:   0 ms
Chi time:       0 ms
Nullspace time: 4 ms
Total attempts: 15 (Success: 0)
END OF LEMPELX2
Total LempelX2_M4RI_Hamming time: 6 ms
Hamming result size: 6 columns
		TODD executed in 0.006186 seconds.
		Total time: 0.006206s
	Gate synthesis end.
	Gate synthesis begin.

--- Testing Hamming Distance Version ---
in LempelX2_M4RI_Hamming
		Round = 0 (Start m: 5)
--- Hamming Distance Stats ---
 Dist 1: 5 pairs
 Dist 2: 4 pairs
 Dist 3: 1 pairs
-------------------------------
>> Round 0 Result: Hit Rate = 0% (0/10)

=== Final Performance Statistics ===
Hamming time:   0 ms
Chi time:       0 ms
Nullspace time: 2 ms
Total attempts: 10 (Success: 0)
END OF LEMPELX2
Total LempelX2_M4RI_Hamming time: 3 ms
Hamming result size: 5 columns
		TODD executed in 0.003141 seconds.
		Total time: 0.003157s
	Gate synthesis end.
	Gate synthesis begin.

--- Testing Hamming Distance Version ---
in LempelX2_M4RI_Hamming
		Round = 0 (Start m: 13)
--- Hamming Distance Stats ---
 Dist 1: 14 pairs
 Dist 2: 20 pairs
 Dist 3: 24 pairs
 Dist 4: 16 pairs
 Dist 5: 4 pairs
-------------------------------
  [HIT!] Dist=1 | Deleted: 4 cols
>> Round 0 Result: Hit Rate = 20% (1/5)
		Round = 1 (Start m: 9)
--- Hamming Distance Stats ---
 Dist 1: 6 pairs
 Dist 2: 5 pairs
 Dist 3: 8 pairs
 Dist 4: 9 pairs
 Dist 5: 6 pairs
 Dist 6: 2 pairs
-------------------------------
>> Round 1 Result: Hit Rate = 0% (0/36)

=== Final Performance Statistics ===
Hamming time:   0 ms
Chi time:       2 ms
Nullspace time: 14 ms
Total attempts: 41 (Success: 1)
END OF LEMPELX2
Total LempelX2_M4RI_Hamming time: 18 ms
Hamming result size: 9 columns
		TODD executed in 0.018384 seconds.
		Total time: 0.018413s
	Gate synthesis end.
	Gate synthesis begin.

--- Testing Hamming Distance Version ---
in LempelX2_M4RI_Hamming
		Round = 0 (Start m: 3)
--- Hamming Distance Stats ---
 Dist 1: 2 pairs
 Dist 2: 1 pairs
-------------------------------
>> Round 0 Result: Hit Rate = 0% (0/3)

=== Final Performance Statistics ===
Hamming time:   0 ms
Chi time:       0 ms
Nullspace time: 0 ms
Total attempts: 3 (Success: 0)
END OF LEMPELX2
Total LempelX2_M4RI_Hamming time: 1 ms
Hamming result size: 3 columns
		TODD executed in 0.001109 seconds.
		Total time: 0.001123s
	Gate synthesis end.
	Gate synthesis begin.

--- Testing Hamming Distance Version ---
in LempelX2_M4RI_Hamming
		Round = 0 (Start m: 4)
--- Hamming Distance Stats ---
 Dist 1: 3 pairs
 Dist 2: 2 pairs
 Dist 3: 1 pairs
-------------------------------
>> Round 0 Result: Hit Rate = 0% (0/6)

=== Final Performance Statistics ===
Hamming time:   0 ms
Chi time:       0 ms
Nullspace time: 1 ms
Total attempts: 6 (Success: 0)
END OF LEMPELX2
Total LempelX2_M4RI_Hamming time: 1 ms
Hamming result size: 4 columns
		TODD executed in 0.001865 seconds.
		Total time: 0.001877s
	Gate synthesis end.
	Gate synthesis begin.

--- Testing Hamming Distance Version ---
in LempelX2_M4RI_Hamming
		Round = 0 (Start m: 4)
--- Hamming Distance Stats ---
 Dist 1: 3 pairs
 Dist 2: 2 pairs
 Dist 3: 1 pairs
-------------------------------
>> Round 0 Result: Hit Rate = 0% (0/6)

=== Final Performance Statistics ===
Hamming time:   0 ms
Chi time:       0 ms
Nullspace time: 1 ms
Total attempts: 6 (Success: 0)
END OF LEMPELX2
Total LempelX2_M4RI_Hamming time: 1 ms
Hamming result size: 4 columns
		TODD executed in 0.001788 seconds.
		Total time: 0.0018s
	Gate synthesis end.
	Gate synthesis begin.

--- Testing Hamming Distance Version ---
in LempelX2_M4RI_Hamming
		Round = 0 (Start m: 4)
--- Hamming Distance Stats ---
 Dist 1: 3 pairs
 Dist 2: 2 pairs
 Dist 3: 1 pairs
-------------------------------
>> Round 0 Result: Hit Rate = 0% (0/6)

=== Final Performance Statistics ===
Hamming time:   0 ms
Chi time:       0 ms
Nullspace time: 1 ms
Total attempts: 6 (Success: 0)
END OF LEMPELX2
Total LempelX2_M4RI_Hamming time: 2 ms
Hamming result size: 4 columns
		TODD executed in 0.002022 seconds.
		Total time: 0.002038s
	Gate synthesis end.
	Gate synthesis begin.

--- Testing Hamming Distance Version ---
in LempelX2_M4RI_Hamming
		Round = 0 (Start m: 6)
--- Hamming Distance Stats ---
 Dist 1: 7 pairs
 Dist 2: 6 pairs
 Dist 3: 2 pairs
-------------------------------
>> Round 0 Result: Hit Rate = 0% (0/15)

=== Final Performance Statistics ===
Hamming time:   0 ms
Chi time:       0 ms
Nullspace time: 3 ms
Total attempts: 15 (Success: 0)
END OF LEMPELX2
Total LempelX2_M4RI_Hamming time: 4 ms
Hamming result size: 6 columns
		TODD executed in 0.004882 seconds.
		Total time: 0.004897s
	Gate synthesis end.
	Gate synthesis begin.

--- Testing Hamming Distance Version ---
in LempelX2_M4RI_Hamming
		Round = 0 (Start m: 5)
--- Hamming Distance Stats ---
 Dist 1: 3 pairs
 Dist 2: 3 pairs
 Dist 3: 3 pairs
 Dist 4: 1 pairs
-------------------------------
>> Round 0 Result: Hit Rate = 0% (0/10)

=== Final Performance Statistics ===
Hamming time:   0 ms
Chi time:       0 ms
Nullspace time: 2 ms
Total attempts: 10 (Success: 0)
END OF LEMPELX2
Total LempelX2_M4RI_Hamming time: 3 ms
Hamming result size: 5 columns
		TODD executed in 0.003421 seconds.
		Total time: 0.003436s
	Gate synthesis end.
	Gate synthesis begin.

--- Testing Hamming Distance Version ---
in LempelX2_M4RI_Hamming
		Round = 0 (Start m: 4)
--- Hamming Distance Stats ---
 Dist 1: 3 pairs
 Dist 2: 3 pairs
-------------------------------
>> Round 0 Result: Hit Rate = 0% (0/6)

=== Final Performance Statistics ===
Hamming time:   0 ms
Chi time:       0 ms
Nullspace time: 1 ms
Total attempts: 6 (Success: 0)
END OF LEMPELX2
Total LempelX2_M4RI_Hamming time: 1 ms
Hamming result size: 4 columns
		TODD executed in 0.001856 seconds.
		Total time: 0.001871s
	Gate synthesis end.
	Gate synthesis begin.

--- Testing Hamming Distance Version ---
in LempelX2_M4RI_Hamming
		Round = 0 (Start m: 4)
--- Hamming Distance Stats ---
 Dist 1: 3 pairs
 Dist 2: 3 pairs
-------------------------------
>> Round 0 Result: Hit Rate = 0% (0/6)

=== Final Performance Statistics ===
Hamming time:   0 ms
Chi time:       0 ms
Nullspace time: 1 ms
Total attempts: 6 (Success: 0)
END OF LEMPELX2
Total LempelX2_M4RI_Hamming time: 1 ms
Hamming result size: 4 columns
		TODD executed in 0.001743 seconds.
		Total time: 0.001783s
	Gate synthesis end.
	Gate synthesis begin.

--- Testing Hamming Distance Version ---
in LempelX2_M4RI_Hamming
		Round = 0 (Start m: 4)
--- Hamming Distance Stats ---
 Dist 1: 3 pairs
 Dist 2: 3 pairs
-------------------------------
>> Round 0 Result: Hit Rate = 0% (0/6)

=== Final Performance Statistics ===
Hamming time:   0 ms
Chi time:       0 ms
Nullspace time: 1 ms
Total attempts: 6 (Success: 0)
END OF LEMPELX2
Total LempelX2_M4RI_Hamming time: 2 ms
Hamming result size: 4 columns
		TODD executed in 0.002395 seconds.
		Total time: 0.002421s
	Gate synthesis end.
	Gate synthesis begin.

--- Testing Hamming Distance Version ---
in LempelX2_M4RI_Hamming
		Round = 0 (Start m: 4)
--- Hamming Distance Stats ---
 Dist 1: 3 pairs
 Dist 2: 3 pairs
-------------------------------
>> Round 0 Result: Hit Rate = 0% (0/6)

=== Final Performance Statistics ===
Hamming time:   0 ms
Chi time:       0 ms
Nullspace time: 1 ms
Total attempts: 6 (Success: 0)
END OF LEMPELX2
Total LempelX2_M4RI_Hamming time: 1 ms
Hamming result size: 4 columns
		TODD executed in 0.001652 seconds.
		Total time: 0.001664s
	Gate synthesis end.
	Gate synthesis begin.

--- Testing Hamming Distance Version ---
in LempelX2_M4RI_Hamming
		Round = 0 (Start m: 6)
--- Hamming Distance Stats ---
 Dist 1: 4 pairs
 Dist 2: 5 pairs
 Dist 3: 4 pairs
 Dist 4: 2 pairs
-------------------------------
>> Round 0 Result: Hit Rate = 0% (0/15)

=== Final Performance Statistics ===
Hamming time:   0 ms
Chi time:       0 ms
Nullspace time: 2 ms
Total attempts: 15 (Success: 0)
END OF LEMPELX2
Total LempelX2_M4RI_Hamming time: 4 ms
Hamming result size: 6 columns
		TODD executed in 0.004146 seconds.
		Total time: 0.004161s
	Gate synthesis end.
	Gate synthesis begin.

--- Testing Hamming Distance Version ---
in LempelX2_M4RI_Hamming
		Round = 0 (Start m: 4)
--- Hamming Distance Stats ---
 Dist 1: 3 pairs
 Dist 2: 2 pairs
 Dist 3: 1 pairs
-------------------------------
>> Round 0 Result: Hit Rate = 0% (0/6)

=== Final Performance Statistics ===
Hamming time:   0 ms
Chi time:       0 ms
Nullspace time: 1 ms
Total attempts: 6 (Success: 0)
END OF LEMPELX2
Total LempelX2_M4RI_Hamming time: 1 ms
Hamming result size: 4 columns
		TODD executed in 0.001737 seconds.
		Total time: 0.00175s
	Gate synthesis end.
	Gate synthesis begin.

--- Testing Hamming Distance Version ---
in LempelX2_M4RI_Hamming
		Round = 0 (Start m: 4)
--- Hamming Distance Stats ---
 Dist 1: 3 pairs
 Dist 2: 2 pairs
 Dist 3: 1 pairs
-------------------------------
>> Round 0 Result: Hit Rate = 0% (0/6)

=== Final Performance Statistics ===
Hamming time:   0 ms
Chi time:       0 ms
Nullspace time: 1 ms
Total attempts: 6 (Success: 0)
END OF LEMPELX2
Total LempelX2_M4RI_Hamming time: 1 ms
Hamming result size: 4 columns
		TODD executed in 0.001692 seconds.
		Total time: 0.001722s
	Gate synthesis end.
	Gate synthesis begin.

--- Testing Hamming Distance Version ---
in LempelX2_M4RI_Hamming
		Round = 0 (Start m: 4)
--- Hamming Distance Stats ---
 Dist 1: 3 pairs
 Dist 2: 2 pairs
 Dist 3: 1 pairs
-------------------------------
>> Round 0 Result: Hit Rate = 0% (0/6)

=== Final Performance Statistics ===
Hamming time:   0 ms
Chi time:       0 ms
Nullspace time: 1 ms
Total attempts: 6 (Success: 0)
END OF LEMPELX2
Total LempelX2_M4RI_Hamming time: 1 ms
Hamming result size: 4 columns
		TODD executed in 0.001848 seconds.
		Total time: 0.001862s
	Gate synthesis end.
	Gate synthesis begin.

--- Testing Hamming Distance Version ---
in LempelX2_M4RI_Hamming
		Round = 0 (Start m: 4)
--- Hamming Distance Stats ---
 Dist 1: 3 pairs
 Dist 2: 2 pairs
 Dist 3: 1 pairs
-------------------------------
>> Round 0 Result: Hit Rate = 0% (0/6)

=== Final Performance Statistics ===
Hamming time:   0 ms
Chi time:       0 ms
Nullspace time: 1 ms
Total attempts: 6 (Success: 0)
END OF LEMPELX2
Total LempelX2_M4RI_Hamming time: 1 ms
Hamming result size: 4 columns
		TODD executed in 0.001735 seconds.
		Total time: 0.001747s
	Gate synthesis end.
	Gate synthesis begin.

--- Testing Hamming Distance Version ---
in LempelX2_M4RI_Hamming
		Round = 0 (Start m: 5)
--- Hamming Distance Stats ---
 Dist 1: 5 pairs
 Dist 2: 4 pairs
 Dist 3: 1 pairs
-------------------------------
>> Round 0 Result: Hit Rate = 0% (0/10)

=== Final Performance Statistics ===
Hamming time:   0 ms
Chi time:       0 ms
Nullspace time: 2 ms
Total attempts: 10 (Success: 0)
END OF LEMPELX2
Total LempelX2_M4RI_Hamming time: 3 ms
Hamming result size: 5 columns
		TODD executed in 0.003181 seconds.
		Total time: 0.003197s
	Gate synthesis end.
	Gate synthesis begin.

--- Testing Hamming Distance Version ---
in LempelX2_M4RI_Hamming
		Round = 0 (Start m: 6)
--- Hamming Distance Stats ---
 Dist 1: 3 pairs
 Dist 2: 4 pairs
 Dist 3: 6 pairs
 Dist 4: 2 pairs
-------------------------------
>> Round 0 Result: Hit Rate = 0% (0/15)

=== Final Performance Statistics ===
Hamming time:   0 ms
Chi time:       0 ms
Nullspace time: 4 ms
Total attempts: 15 (Success: 0)
END OF LEMPELX2
Total LempelX2_M4RI_Hamming time: 5 ms
Hamming result size: 6 columns
		TODD executed in 0.0054 seconds.
		Total time: 0.005416s
	Gate synthesis end.
	Gate synthesis begin.

--- Testing Hamming Distance Version ---
in LempelX2_M4RI_Hamming
		Round = 0 (Start m: 4)
--- Hamming Distance Stats ---
 Dist 1: 3 pairs
 Dist 2: 3 pairs
-------------------------------
>> Round 0 Result: Hit Rate = 0% (0/6)

=== Final Performance Statistics ===
Hamming time:   0 ms
Chi time:       0 ms
Nullspace time: 1 ms
Total attempts: 6 (Success: 0)
END OF LEMPELX2
Total LempelX2_M4RI_Hamming time: 1 ms
Hamming result size: 4 columns
		TODD executed in 0.001739 seconds.
		Total time: 0.001753s
	Gate synthesis end.
	Gate synthesis begin.

--- Testing Hamming Distance Version ---
in LempelX2_M4RI_Hamming
		Round = 0 (Start m: 4)
--- Hamming Distance Stats ---
 Dist 1: 3 pairs
 Dist 2: 3 pairs
-------------------------------
>> Round 0 Result: Hit Rate = 0% (0/6)

=== Final Performance Statistics ===
Hamming time:   0 ms
Chi time:       0 ms
Nullspace time: 1 ms
Total attempts: 6 (Success: 0)
END OF LEMPELX2
Total LempelX2_M4RI_Hamming time: 2 ms
Hamming result size: 4 columns
		TODD executed in 0.002039 seconds.
		Total time: 0.002053s
	Gate synthesis end.
	Gate synthesis begin.

--- Testing Hamming Distance Version ---
in LempelX2_M4RI_Hamming
		Round = 0 (Start m: 4)
--- Hamming Distance Stats ---
 Dist 1: 3 pairs
 Dist 2: 3 pairs
-------------------------------
>> Round 0 Result: Hit Rate = 0% (0/6)

=== Final Performance Statistics ===
Hamming time:   0 ms
Chi time:       0 ms
Nullspace time: 1 ms
Total attempts: 6 (Success: 0)
END OF LEMPELX2
Total LempelX2_M4RI_Hamming time: 1 ms
Hamming result size: 4 columns
		TODD executed in 0.00179 seconds.
		Total time: 0.001806s
	Gate synthesis end.
	Gate synthesis begin.

--- Testing Hamming Distance Version ---
in LempelX2_M4RI_Hamming
		Round = 0 (Start m: 6)
--- Hamming Distance Stats ---
 Dist 1: 4 pairs
 Dist 2: 5 pairs
 Dist 3: 4 pairs
 Dist 4: 2 pairs
-------------------------------
>> Round 0 Result: Hit Rate = 0% (0/15)

=== Final Performance Statistics ===
Hamming time:   0 ms
Chi time:       0 ms
Nullspace time: 3 ms
Total attempts: 15 (Success: 0)
END OF LEMPELX2
Total LempelX2_M4RI_Hamming time: 4 ms
Hamming result size: 6 columns
		TODD executed in 0.004194 seconds.
		Total time: 0.004211s
	Gate synthesis end.
	Gate synthesis begin.

--- Testing Hamming Distance Version ---
in LempelX2_M4RI_Hamming
		Round = 0 (Start m: 4)
--- Hamming Distance Stats ---
 Dist 1: 3 pairs
 Dist 2: 2 pairs
 Dist 3: 1 pairs
-------------------------------
>> Round 0 Result: Hit Rate = 0% (0/6)

=== Final Performance Statistics ===
Hamming time:   0 ms
Chi time:       0 ms
Nullspace time: 1 ms
Total attempts: 6 (Success: 0)
END OF LEMPELX2
Total LempelX2_M4RI_Hamming time: 2 ms
Hamming result size: 4 columns
		TODD executed in 0.002371 seconds.
		Total time: 0.002387s
	Gate synthesis end.
	Gate synthesis begin.

--- Testing Hamming Distance Version ---
in LempelX2_M4RI_Hamming
		Round = 0 (Start m: 4)
--- Hamming Distance Stats ---
 Dist 1: 3 pairs
 Dist 2: 2 pairs
 Dist 3: 1 pairs
-------------------------------
>> Round 0 Result: Hit Rate = 0% (0/6)

=== Final Performance Statistics ===
Hamming time:   0 ms
Chi time:       0 ms
Nullspace time: 1 ms
Total attempts: 6 (Success: 0)
END OF LEMPELX2
Total LempelX2_M4RI_Hamming time: 1 ms
Hamming result size: 4 columns
		TODD executed in 0.001867 seconds.
		Total time: 0.001882s
	Gate synthesis end.
	Gate synthesis begin.

--- Testing Hamming Distance Version ---
in LempelX2_M4RI_Hamming
		Round = 0 (Start m: 4)
--- Hamming Distance Stats ---
 Dist 1: 3 pairs
 Dist 2: 2 pairs
 Dist 3: 1 pairs
-------------------------------
>> Round 0 Result: Hit Rate = 0% (0/6)

=== Final Performance Statistics ===
Hamming time:   0 ms
Chi time:       0 ms
Nullspace time: 1 ms
Total attempts: 6 (Success: 0)
END OF LEMPELX2
Total LempelX2_M4RI_Hamming time: 1 ms
Hamming result size: 4 columns
		TODD executed in 0.001865 seconds.
		Total time: 0.00188s
	Gate synthesis end.
	Gate synthesis begin.

--- Testing Hamming Distance Version ---
in LempelX2_M4RI_Hamming
		Round = 0 (Start m: 5)
--- Hamming Distance Stats ---
 Dist 1: 5 pairs
 Dist 2: 4 pairs
 Dist 3: 1 pairs
-------------------------------
>> Round 0 Result: Hit Rate = 0% (0/10)

=== Final Performance Statistics ===
Hamming time:   0 ms
Chi time:       0 ms
Nullspace time: 2 ms
Total attempts: 10 (Success: 0)
END OF LEMPELX2
Total LempelX2_M4RI_Hamming time: 3 ms
Hamming result size: 5 columns
		TODD executed in 0.003277 seconds.
		Total time: 0.003291s
	Gate synthesis end.
	Gate synthesis begin.

--- Testing Hamming Distance Version ---
in LempelX2_M4RI_Hamming
		Round = 0 (Start m: 6)
--- Hamming Distance Stats ---
 Dist 1: 3 pairs
 Dist 2: 4 pairs
 Dist 3: 6 pairs
 Dist 4: 2 pairs
-------------------------------
>> Round 0 Result: Hit Rate = 0% (0/15)

=== Final Performance Statistics ===
Hamming time:   0 ms
Chi time:       0 ms
Nullspace time: 3 ms
Total attempts: 15 (Success: 0)
END OF LEMPELX2
Total LempelX2_M4RI_Hamming time: 5 ms
Hamming result size: 6 columns
		TODD executed in 0.005129 seconds.
		Total time: 0.005145s
	Gate synthesis end.
	Gate synthesis begin.

--- Testing Hamming Distance Version ---
in LempelX2_M4RI_Hamming
		Round = 0 (Start m: 4)
--- Hamming Distance Stats ---
 Dist 1: 3 pairs
 Dist 2: 3 pairs
-------------------------------
>> Round 0 Result: Hit Rate = 0% (0/6)

=== Final Performance Statistics ===
Hamming time:   0 ms
Chi time:       0 ms
Nullspace time: 1 ms
Total attempts: 6 (Success: 0)
END OF LEMPELX2
Total LempelX2_M4RI_Hamming time: 1 ms
Hamming result size: 4 columns
		TODD executed in 0.001982 seconds.
		Total time: 0.001996s
	Gate synthesis end.
	Gate synthesis begin.

--- Testing Hamming Distance Version ---
in LempelX2_M4RI_Hamming
		Round = 0 (Start m: 4)
--- Hamming Distance Stats ---
 Dist 1: 3 pairs
 Dist 2: 3 pairs
-------------------------------
>> Round 0 Result: Hit Rate = 0% (0/6)

=== Final Performance Statistics ===
Hamming time:   0 ms
Chi time:       0 ms
Nullspace time: 1 ms
Total attempts: 6 (Success: 0)
END OF LEMPELX2
Total LempelX2_M4RI_Hamming time: 1 ms
Hamming result size: 4 columns
		TODD executed in 0.001767 seconds.
		Total time: 0.00178s
	Gate synthesis end.
	Gate synthesis begin.

--- Testing Hamming Distance Version ---
in LempelX2_M4RI_Hamming
		Round = 0 (Start m: 6)
--- Hamming Distance Stats ---
 Dist 1: 4 pairs
 Dist 2: 5 pairs
 Dist 3: 4 pairs
 Dist 4: 2 pairs
-------------------------------
>> Round 0 Result: Hit Rate = 0% (0/15)

=== Final Performance Statistics ===
Hamming time:   0 ms
Chi time:       0 ms
Nullspace time: 3 ms
Total attempts: 15 (Success: 0)
END OF LEMPELX2
Total LempelX2_M4RI_Hamming time: 4 ms
Hamming result size: 6 columns
		TODD executed in 0.004271 seconds.
		Total time: 0.004287s
	Gate synthesis end.
	Gate synthesis begin.

--- Testing Hamming Distance Version ---
in LempelX2_M4RI_Hamming
		Round = 0 (Start m: 4)
--- Hamming Distance Stats ---
 Dist 1: 3 pairs
 Dist 2: 2 pairs
 Dist 3: 1 pairs
-------------------------------
>> Round 0 Result: Hit Rate = 0% (0/6)

=== Final Performance Statistics ===
Hamming time:   0 ms
Chi time:       0 ms
Nullspace time: 1 ms
Total attempts: 6 (Success: 0)
END OF LEMPELX2
Total LempelX2_M4RI_Hamming time: 1 ms
Hamming result size: 4 columns
		TODD executed in 0.001694 seconds.
		Total time: 0.001708s
	Gate synthesis end.
	Gate synthesis begin.

--- Testing Hamming Distance Version ---
in LempelX2_M4RI_Hamming
		Round = 0 (Start m: 4)
--- Hamming Distance Stats ---
 Dist 1: 3 pairs
 Dist 2: 2 pairs
 Dist 3: 1 pairs
-------------------------------
>> Round 0 Result: Hit Rate = 0% (0/6)

=== Final Performance Statistics ===
Hamming time:   0 ms
Chi time:       0 ms
Nullspace time: 1 ms
Total attempts: 6 (Success: 0)
END OF LEMPELX2
Total LempelX2_M4RI_Hamming time: 1 ms
Hamming result size: 4 columns
		TODD executed in 0.001862 seconds.
		Total time: 0.001874s
	Gate synthesis end.
	Gate synthesis begin.

--- Testing Hamming Distance Version ---
in LempelX2_M4RI_Hamming
		Round = 0 (Start m: 5)
--- Hamming Distance Stats ---
 Dist 1: 5 pairs
 Dist 2: 4 pairs
 Dist 3: 1 pairs
-------------------------------
>> Round 0 Result: Hit Rate = 0% (0/10)

=== Final Performance Statistics ===
Hamming time:   0 ms
Chi time:       0 ms
Nullspace time: 2 ms
Total attempts: 10 (Success: 0)
END OF LEMPELX2
Total LempelX2_M4RI_Hamming time: 3 ms
Hamming result size: 5 columns
		TODD executed in 0.003133 seconds.
		Total time: 0.003146s
	Gate synthesis end.
	Gate synthesis begin.

--- Testing Hamming Distance Version ---
in LempelX2_M4RI_Hamming
		Round = 0 (Start m: 6)
--- Hamming Distance Stats ---
 Dist 1: 3 pairs
 Dist 2: 4 pairs
 Dist 3: 6 pairs
 Dist 4: 2 pairs
-------------------------------
>> Round 0 Result: Hit Rate = 0% (0/15)

=== Final Performance Statistics ===
Hamming time:   0 ms
Chi time:       0 ms
Nullspace time: 3 ms
Total attempts: 15 (Success: 0)
END OF LEMPELX2
Total LempelX2_M4RI_Hamming time: 4 ms
Hamming result size: 6 columns
		TODD executed in 0.004949 seconds.
		Total time: 0.004966s
	Gate synthesis end.
	Gate synthesis begin.

--- Testing Hamming Distance Version ---
in LempelX2_M4RI_Hamming
		Round = 0 (Start m: 4)
--- Hamming Distance Stats ---
 Dist 1: 3 pairs
 Dist 2: 3 pairs
-------------------------------
>> Round 0 Result: Hit Rate = 0% (0/6)

=== Final Performance Statistics ===
Hamming time:   0 ms
Chi time:       0 ms
Nullspace time: 1 ms
Total attempts: 6 (Success: 0)
END OF LEMPELX2
Total LempelX2_M4RI_Hamming time: 1 ms
Hamming result size: 4 columns
		TODD executed in 0.001882 seconds.
		Total time: 0.001896s
	Gate synthesis end.
	Gate synthesis begin.

--- Testing Hamming Distance Version ---
in LempelX2_M4RI_Hamming
		Round = 0 (Start m: 6)
--- Hamming Distance Stats ---
 Dist 1: 4 pairs
 Dist 2: 5 pairs
 Dist 3: 4 pairs
 Dist 4: 2 pairs
-------------------------------
>> Round 0 Result: Hit Rate = 0% (0/15)

=== Final Performance Statistics ===
Hamming time:   0 ms
Chi time:       0 ms
Nullspace time: 3 ms
Total attempts: 15 (Success: 0)
END OF LEMPELX2
Total LempelX2_M4RI_Hamming time: 4 ms
Hamming result size: 6 columns
		TODD executed in 0.004873 seconds.
		Total time: 0.00489s
	Gate synthesis end.
	Gate synthesis begin.

--- Testing Hamming Distance Version ---
in LempelX2_M4RI_Hamming
		Round = 0 (Start m: 4)
--- Hamming Distance Stats ---
 Dist 1: 3 pairs
 Dist 2: 2 pairs
 Dist 3: 1 pairs
-------------------------------
>> Round 0 Result: Hit Rate = 0% (0/6)

=== Final Performance Statistics ===
Hamming time:   0 ms
Chi time:       0 ms
Nullspace time: 1 ms
Total attempts: 6 (Success: 0)
END OF LEMPELX2
Total LempelX2_M4RI_Hamming time: 1 ms
Hamming result size: 4 columns
		TODD executed in 0.001776 seconds.
		Total time: 0.001806s
	Gate synthesis end.
	Gate synthesis begin.

--- Testing Hamming Distance Version ---
in LempelX2_M4RI_Hamming
		Round = 0 (Start m: 5)
--- Hamming Distance Stats ---
 Dist 1: 5 pairs
 Dist 2: 4 pairs
 Dist 3: 1 pairs
-------------------------------
>> Round 0 Result: Hit Rate = 0% (0/10)

=== Final Performance Statistics ===
Hamming time:   0 ms
Chi time:       0 ms
Nullspace time: 2 ms
Total attempts: 10 (Success: 0)
END OF LEMPELX2
Total LempelX2_M4RI_Hamming time: 3 ms
Hamming result size: 5 columns
		TODD executed in 0.003065 seconds.
		Total time: 0.003078s
	Gate synthesis end.
	Gate synthesis begin.

--- Testing Hamming Distance Version ---
in LempelX2_M4RI_Hamming
		Round = 0 (Start m: 6)
--- Hamming Distance Stats ---
 Dist 1: 3 pairs
 Dist 2: 4 pairs
 Dist 3: 6 pairs
 Dist 4: 2 pairs
-------------------------------
>> Round 0 Result: Hit Rate = 0% (0/15)

=== Final Performance Statistics ===
Hamming time:   0 ms
Chi time:       0 ms
Nullspace time: 3 ms
Total attempts: 15 (Success: 0)
END OF LEMPELX2
Total LempelX2_M4RI_Hamming time: 4 ms
Hamming result size: 6 columns
		TODD executed in 0.004711 seconds.
		Total time: 0.004726s
	Gate synthesis end.
	Gate synthesis begin.

--- Testing Hamming Distance Version ---
in LempelX2_M4RI_Hamming
		Round = 0 (Start m: 6)
--- Hamming Distance Stats ---
 Dist 1: 4 pairs
 Dist 2: 5 pairs
 Dist 3: 4 pairs
 Dist 4: 2 pairs
-------------------------------
>> Round 0 Result: Hit Rate = 0% (0/15)

=== Final Performance Statistics ===
Hamming time:   0 ms
Chi time:       0 ms
Nullspace time: 3 ms
Total attempts: 15 (Success: 0)
END OF LEMPELX2
Total LempelX2_M4RI_Hamming time: 4 ms
Hamming result size: 6 columns
		TODD executed in 0.00497 seconds.
		Total time: 0.004988s
	Gate synthesis end.
	Gate synthesis begin.

--- Testing Hamming Distance Version ---
in LempelX2_M4RI_Hamming
		Round = 0 (Start m: 5)
--- Hamming Distance Stats ---
 Dist 1: 5 pairs
 Dist 2: 4 pairs
 Dist 3: 1 pairs
-------------------------------
>> Round 0 Result: Hit Rate = 0% (0/10)

=== Final Performance Statistics ===
Hamming time:   0 ms
Chi time:       0 ms
Nullspace time: 2 ms
Total attempts: 10 (Success: 0)
END OF LEMPELX2
Total LempelX2_M4RI_Hamming time: 3 ms
Hamming result size: 5 columns
		TODD executed in 0.003118 seconds.
		Total time: 0.003135s
	Gate synthesis end.
	Gate synthesis begin.

--- Testing Hamming Distance Version ---
in LempelX2_M4RI_Hamming
		Round = 0 (Start m: 13)
--- Hamming Distance Stats ---
 Dist 1: 14 pairs
 Dist 2: 20 pairs
 Dist 3: 24 pairs
 Dist 4: 16 pairs
 Dist 5: 4 pairs
-------------------------------
  [HIT!] Dist=1 | Deleted: 4 cols
>> Round 0 Result: Hit Rate = 20% (1/5)
		Round = 1 (Start m: 9)
--- Hamming Distance Stats ---
 Dist 1: 6 pairs
 Dist 2: 5 pairs
 Dist 3: 8 pairs
 Dist 4: 9 pairs
 Dist 5: 6 pairs
 Dist 6: 2 pairs
-------------------------------
>> Round 1 Result: Hit Rate = 0% (0/36)

=== Final Performance Statistics ===
Hamming time:   0 ms
Chi time:       1 ms
Nullspace time: 12 ms
Total attempts: 41 (Success: 1)
END OF LEMPELX2
Total LempelX2_M4RI_Hamming time: 15 ms
Hamming result size: 9 columns
		TODD executed in 0.01534 seconds.
		Total time: 0.015365s
	Gate synthesis end.
	Gate synthesis begin.

--- Testing Hamming Distance Version ---
in LempelX2_M4RI_Hamming
		Round = 0 (Start m: 3)
--- Hamming Distance Stats ---
 Dist 1: 2 pairs
 Dist 2: 1 pairs
-------------------------------
>> Round 0 Result: Hit Rate = 0% (0/3)

=== Final Performance Statistics ===
Hamming time:   0 ms
Chi time:       0 ms
Nullspace time: 0 ms
Total attempts: 3 (Success: 0)
END OF LEMPELX2
Total LempelX2_M4RI_Hamming time: 0 ms
Hamming result size: 3 columns
		TODD executed in 0.000857 seconds.
		Total time: 0.000867s
	Gate synthesis end.
	Gate synthesis begin.

--- Testing Hamming Distance Version ---
in LempelX2_M4RI_Hamming
		Round = 0 (Start m: 4)
--- Hamming Distance Stats ---
 Dist 1: 3 pairs
 Dist 2: 2 pairs
 Dist 3: 1 pairs
-------------------------------
>> Round 0 Result: Hit Rate = 0% (0/6)

=== Final Performance Statistics ===
Hamming time:   0 ms
Chi time:       0 ms
Nullspace time: 1 ms
Total attempts: 6 (Success: 0)
END OF LEMPELX2
Total LempelX2_M4RI_Hamming time: 1 ms
Hamming result size: 4 columns
		TODD executed in 0.001716 seconds.
		Total time: 0.001728s
	Gate synthesis end.
	Gate synthesis begin.

--- Testing Hamming Distance Version ---
in LempelX2_M4RI_Hamming
		Round = 0 (Start m: 4)
--- Hamming Distance Stats ---
 Dist 1: 3 pairs
 Dist 2: 2 pairs
 Dist 3: 1 pairs
-------------------------------
>> Round 0 Result: Hit Rate = 0% (0/6)

=== Final Performance Statistics ===
Hamming time:   0 ms
Chi time:       0 ms
Nullspace time: 1 ms
Total attempts: 6 (Success: 0)
END OF LEMPELX2
Total LempelX2_M4RI_Hamming time: 1 ms
Hamming result size: 4 columns
		TODD executed in 0.001681 seconds.
		Total time: 0.001693s
	Gate synthesis end.
	Gate synthesis begin.

--- Testing Hamming Distance Version ---
in LempelX2_M4RI_Hamming
		Round = 0 (Start m: 4)
--- Hamming Distance Stats ---
 Dist 1: 3 pairs
 Dist 2: 2 pairs
 Dist 3: 1 pairs
-------------------------------
>> Round 0 Result: Hit Rate = 0% (0/6)

=== Final Performance Statistics ===
Hamming time:   0 ms
Chi time:       0 ms
Nullspace time: 1 ms
Total attempts: 6 (Success: 0)
END OF LEMPELX2
Total LempelX2_M4RI_Hamming time: 1 ms
Hamming result size: 4 columns
		TODD executed in 0.001747 seconds.
		Total time: 0.00176s
	Gate synthesis end.
	Gate synthesis begin.

--- Testing Hamming Distance Version ---
in LempelX2_M4RI_Hamming
		Round = 0 (Start m: 4)
--- Hamming Distance Stats ---
 Dist 1: 3 pairs
 Dist 2: 2 pairs
 Dist 3: 1 pairs
-------------------------------
>> Round 0 Result: Hit Rate = 0% (0/6)

=== Final Performance Statistics ===
Hamming time:   0 ms
Chi time:       0 ms
Nullspace time: 1 ms
Total attempts: 6 (Success: 0)
END OF LEMPELX2
Total LempelX2_M4RI_Hamming time: 1 ms
Hamming result size: 4 columns
		TODD executed in 0.00189 seconds.
		Total time: 0.001905s
	Gate synthesis end.
	Gate synthesis begin.

--- Testing Hamming Distance Version ---
in LempelX2_M4RI_Hamming
		Round = 0 (Start m: 6)
--- Hamming Distance Stats ---
 Dist 1: 7 pairs
 Dist 2: 6 pairs
 Dist 3: 2 pairs
-------------------------------
>> Round 0 Result: Hit Rate = 0% (0/15)

=== Final Performance Statistics ===
Hamming time:   0 ms
Chi time:       0 ms
Nullspace time: 3 ms
Total attempts: 15 (Success: 0)
END OF LEMPELX2
Total LempelX2_M4RI_Hamming time: 4 ms
Hamming result size: 6 columns
		TODD executed in 0.00481 seconds.
		Total time: 0.004824s
	Gate synthesis end.
	Gate synthesis begin.

--- Testing Hamming Distance Version ---
in LempelX2_M4RI_Hamming
		Round = 0 (Start m: 5)
--- Hamming Distance Stats ---
 Dist 1: 3 pairs
 Dist 2: 3 pairs
 Dist 3: 3 pairs
 Dist 4: 1 pairs
-------------------------------
>> Round 0 Result: Hit Rate = 0% (0/10)

=== Final Performance Statistics ===
Hamming time:   0 ms
Chi time:       0 ms
Nullspace time: 2 ms
Total attempts: 10 (Success: 0)
END OF LEMPELX2
Total LempelX2_M4RI_Hamming time: 3 ms
Hamming result size: 5 columns
		TODD executed in 0.003181 seconds.
		Total time: 0.003197s
	Gate synthesis end.
	Gate synthesis begin.

--- Testing Hamming Distance Version ---
in LempelX2_M4RI_Hamming
		Round = 0 (Start m: 4)
--- Hamming Distance Stats ---
 Dist 1: 3 pairs
 Dist 2: 3 pairs
-------------------------------
>> Round 0 Result: Hit Rate = 0% (0/6)

=== Final Performance Statistics ===
Hamming time:   0 ms
Chi time:       0 ms
Nullspace time: 1 ms
Total attempts: 6 (Success: 0)
END OF LEMPELX2
Total LempelX2_M4RI_Hamming time: 1 ms
Hamming result size: 4 columns
		TODD executed in 0.001657 seconds.
		Total time: 0.001669s
	Gate synthesis end.
	Gate synthesis begin.

--- Testing Hamming Distance Version ---
in LempelX2_M4RI_Hamming
		Round = 0 (Start m: 4)
--- Hamming Distance Stats ---
 Dist 1: 3 pairs
 Dist 2: 3 pairs
-------------------------------
>> Round 0 Result: Hit Rate = 0% (0/6)

=== Final Performance Statistics ===
Hamming time:   0 ms
Chi time:       0 ms
Nullspace time: 1 ms
Total attempts: 6 (Success: 0)
END OF LEMPELX2
Total LempelX2_M4RI_Hamming time: 1 ms
Hamming result size: 4 columns
		TODD executed in 0.001678 seconds.
		Total time: 0.001691s
	Gate synthesis end.
	Gate synthesis begin.

--- Testing Hamming Distance Version ---
in LempelX2_M4RI_Hamming
		Round = 0 (Start m: 4)
--- Hamming Distance Stats ---
 Dist 1: 3 pairs
 Dist 2: 3 pairs
-------------------------------
>> Round 0 Result: Hit Rate = 0% (0/6)

=== Final Performance Statistics ===
Hamming time:   0 ms
Chi time:       0 ms
Nullspace time: 1 ms
Total attempts: 6 (Success: 0)
END OF LEMPELX2
Total LempelX2_M4RI_Hamming time: 1 ms
Hamming result size: 4 columns
		TODD executed in 0.001923 seconds.
		Total time: 0.001936s
	Gate synthesis end.
	Gate synthesis begin.

--- Testing Hamming Distance Version ---
in LempelX2_M4RI_Hamming
		Round = 0 (Start m: 4)
--- Hamming Distance Stats ---
 Dist 1: 3 pairs
 Dist 2: 3 pairs
-------------------------------
>> Round 0 Result: Hit Rate = 0% (0/6)

=== Final Performance Statistics ===
Hamming time:   0 ms
Chi time:       0 ms
Nullspace time: 1 ms
Total attempts: 6 (Success: 0)
END OF LEMPELX2
Total LempelX2_M4RI_Hamming time: 1 ms
Hamming result size: 4 columns
		TODD executed in 0.001647 seconds.
		Total time: 0.00166s
	Gate synthesis end.
	Gate synthesis begin.

--- Testing Hamming Distance Version ---
in LempelX2_M4RI_Hamming
		Round = 0 (Start m: 4)
--- Hamming Distance Stats ---
 Dist 1: 3 pairs
 Dist 2: 3 pairs
-------------------------------
>> Round 0 Result: Hit Rate = 0% (0/6)

=== Final Performance Statistics ===
Hamming time:   0 ms
Chi time:       0 ms
Nullspace time: 1 ms
Total attempts: 6 (Success: 0)
END OF LEMPELX2
Total LempelX2_M4RI_Hamming time: 1 ms
Hamming result size: 4 columns
		TODD executed in 0.001749 seconds.
		Total time: 0.001761s
	Gate synthesis end.
	Gate synthesis begin.

--- Testing Hamming Distance Version ---
in LempelX2_M4RI_Hamming
		Round = 0 (Start m: 6)
--- Hamming Distance Stats ---
 Dist 1: 4 pairs
 Dist 2: 5 pairs
 Dist 3: 4 pairs
 Dist 4: 2 pairs
-------------------------------
>> Round 0 Result: Hit Rate = 0% (0/15)

=== Final Performance Statistics ===
Hamming time:   0 ms
Chi time:       0 ms
Nullspace time: 2 ms
Total attempts: 15 (Success: 0)
END OF LEMPELX2
Total LempelX2_M4RI_Hamming time: 3 ms
Hamming result size: 6 columns
		TODD executed in 0.003998 seconds.
		Total time: 0.004016s
	Gate synthesis end.
	Gate synthesis begin.

--- Testing Hamming Distance Version ---
in LempelX2_M4RI_Hamming
		Round = 0 (Start m: 4)
--- Hamming Distance Stats ---
 Dist 1: 3 pairs
 Dist 2: 2 pairs
 Dist 3: 1 pairs
-------------------------------
>> Round 0 Result: Hit Rate = 0% (0/6)

=== Final Performance Statistics ===
Hamming time:   0 ms
Chi time:       0 ms
Nullspace time: 1 ms
Total attempts: 6 (Success: 0)
END OF LEMPELX2
Total LempelX2_M4RI_Hamming time: 1 ms
Hamming result size: 4 columns
		TODD executed in 0.001735 seconds.
		Total time: 0.001747s
	Gate synthesis end.
	Gate synthesis begin.

--- Testing Hamming Distance Version ---
in LempelX2_M4RI_Hamming
		Round = 0 (Start m: 4)
--- Hamming Distance Stats ---
 Dist 1: 3 pairs
 Dist 2: 2 pairs
 Dist 3: 1 pairs
-------------------------------
>> Round 0 Result: Hit Rate = 0% (0/6)

=== Final Performance Statistics ===
Hamming time:   0 ms
Chi time:       0 ms
Nullspace time: 1 ms
Total attempts: 6 (Success: 0)
END OF LEMPELX2
Total LempelX2_M4RI_Hamming time: 1 ms
Hamming result size: 4 columns
		TODD executed in 0.001771 seconds.
		Total time: 0.001785s
	Gate synthesis end.
	Gate synthesis begin.

--- Testing Hamming Distance Version ---
in LempelX2_M4RI_Hamming
		Round = 0 (Start m: 4)
--- Hamming Distance Stats ---
 Dist 1: 3 pairs
 Dist 2: 2 pairs
 Dist 3: 1 pairs
-------------------------------
>> Round 0 Result: Hit Rate = 0% (0/6)

=== Final Performance Statistics ===
Hamming time:   0 ms
Chi time:       0 ms
Nullspace time: 1 ms
Total attempts: 6 (Success: 0)
END OF LEMPELX2
Total LempelX2_M4RI_Hamming time: 1 ms
Hamming result size: 4 columns
		TODD executed in 0.001698 seconds.
		Total time: 0.00171s
	Gate synthesis end.
	Gate synthesis begin.

--- Testing Hamming Distance Version ---
in LempelX2_M4RI_Hamming
		Round = 0 (Start m: 4)
--- Hamming Distance Stats ---
 Dist 1: 3 pairs
 Dist 2: 2 pairs
 Dist 3: 1 pairs
-------------------------------
>> Round 0 Result: Hit Rate = 0% (0/6)

=== Final Performance Statistics ===
Hamming time:   0 ms
Chi time:       0 ms
Nullspace time: 1 ms
Total attempts: 6 (Success: 0)
END OF LEMPELX2
Total LempelX2_M4RI_Hamming time: 1 ms
Hamming result size: 4 columns
		TODD executed in 0.001774 seconds.
		Total time: 0.001788s
	Gate synthesis end.
	Gate synthesis begin.

--- Testing Hamming Distance Version ---
in LempelX2_M4RI_Hamming
		Round = 0 (Start m: 4)
--- Hamming Distance Stats ---
 Dist 1: 3 pairs
 Dist 2: 2 pairs
 Dist 3: 1 pairs
-------------------------------
>> Round 0 Result: Hit Rate = 0% (0/6)

=== Final Performance Statistics ===
Hamming time:   0 ms
Chi time:       0 ms
Nullspace time: 1 ms
Total attempts: 6 (Success: 0)
END OF LEMPELX2
Total LempelX2_M4RI_Hamming time: 1 ms
Hamming result size: 4 columns
		TODD executed in 0.00174 seconds.
		Total time: 0.001755s
	Gate synthesis end.
	Gate synthesis begin.

--- Testing Hamming Distance Version ---
in LempelX2_M4RI_Hamming
		Round = 0 (Start m: 5)
--- Hamming Distance Stats ---
 Dist 1: 5 pairs
 Dist 2: 4 pairs
 Dist 3: 1 pairs
-------------------------------
>> Round 0 Result: Hit Rate = 0% (0/10)

=== Final Performance Statistics ===
Hamming time:   0 ms
Chi time:       0 ms
Nullspace time: 2 ms
Total attempts: 10 (Success: 0)
END OF LEMPELX2
Total LempelX2_M4RI_Hamming time: 3 ms
Hamming result size: 5 columns
		TODD executed in 0.003271 seconds.
		Total time: 0.003285s
	Gate synthesis end.
	Gate synthesis begin.

--- Testing Hamming Distance Version ---
in LempelX2_M4RI_Hamming
		Round = 0 (Start m: 6)
--- Hamming Distance Stats ---
 Dist 1: 3 pairs
 Dist 2: 4 pairs
 Dist 3: 6 pairs
 Dist 4: 2 pairs
-------------------------------
>> Round 0 Result: Hit Rate = 0% (0/15)

=== Final Performance Statistics ===
Hamming time:   0 ms
Chi time:       0 ms
Nullspace time: 3 ms
Total attempts: 15 (Success: 0)
END OF LEMPELX2
Total LempelX2_M4RI_Hamming time: 5 ms
Hamming result size: 6 columns
		TODD executed in 0.005243 seconds.
		Total time: 0.005259s
	Gate synthesis end.
	Gate synthesis begin.

--- Testing Hamming Distance Version ---
in LempelX2_M4RI_Hamming
		Round = 0 (Start m: 4)
--- Hamming Distance Stats ---
 Dist 1: 3 pairs
 Dist 2: 3 pairs
-------------------------------
>> Round 0 Result: Hit Rate = 0% (0/6)

=== Final Performance Statistics ===
Hamming time:   0 ms
Chi time:       0 ms
Nullspace time: 1 ms
Total attempts: 6 (Success: 0)
END OF LEMPELX2
Total LempelX2_M4RI_Hamming time: 1 ms
Hamming result size: 4 columns
		TODD executed in 0.001765 seconds.
		Total time: 0.001779s
	Gate synthesis end.
	Gate synthesis begin.

--- Testing Hamming Distance Version ---
in LempelX2_M4RI_Hamming
		Round = 0 (Start m: 4)
--- Hamming Distance Stats ---
 Dist 1: 3 pairs
 Dist 2: 3 pairs
-------------------------------
>> Round 0 Result: Hit Rate = 0% (0/6)

=== Final Performance Statistics ===
Hamming time:   0 ms
Chi time:       0 ms
Nullspace time: 1 ms
Total attempts: 6 (Success: 0)
END OF LEMPELX2
Total LempelX2_M4RI_Hamming time: 1 ms
Hamming result size: 4 columns
		TODD executed in 0.001727 seconds.
		Total time: 0.001739s
	Gate synthesis end.
	Gate synthesis begin.

--- Testing Hamming Distance Version ---
in LempelX2_M4RI_Hamming
		Round = 0 (Start m: 4)
--- Hamming Distance Stats ---
 Dist 1: 3 pairs
 Dist 2: 3 pairs
-------------------------------
>> Round 0 Result: Hit Rate = 0% (0/6)

=== Final Performance Statistics ===
Hamming time:   0 ms
Chi time:       0 ms
Nullspace time: 1 ms
Total attempts: 6 (Success: 0)
END OF LEMPELX2
Total LempelX2_M4RI_Hamming time: 1 ms
Hamming result size: 4 columns
		TODD executed in 0.001847 seconds.
		Total time: 0.00186s
	Gate synthesis end.
	Gate synthesis begin.

--- Testing Hamming Distance Version ---
in LempelX2_M4RI_Hamming
		Round = 0 (Start m: 4)
--- Hamming Distance Stats ---
 Dist 1: 3 pairs
 Dist 2: 3 pairs
-------------------------------
>> Round 0 Result: Hit Rate = 0% (0/6)

=== Final Performance Statistics ===
Hamming time:   0 ms
Chi time:       0 ms
Nullspace time: 1 ms
Total attempts: 6 (Success: 0)
END OF LEMPELX2
Total LempelX2_M4RI_Hamming time: 1 ms
Hamming result size: 4 columns
		TODD executed in 0.001736 seconds.
		Total time: 0.001748s
	Gate synthesis end.
	Gate synthesis begin.

--- Testing Hamming Distance Version ---
in LempelX2_M4RI_Hamming
		Round = 0 (Start m: 6)
--- Hamming Distance Stats ---
 Dist 1: 4 pairs
 Dist 2: 5 pairs
 Dist 3: 4 pairs
 Dist 4: 2 pairs
-------------------------------
>> Round 0 Result: Hit Rate = 0% (0/15)

=== Final Performance Statistics ===
Hamming time:   0 ms
Chi time:       0 ms
Nullspace time: 2 ms
Total attempts: 15 (Success: 0)
END OF LEMPELX2
Total LempelX2_M4RI_Hamming time: 4 ms
Hamming result size: 6 columns
		TODD executed in 0.004204 seconds.
		Total time: 0.004222s
	Gate synthesis end.
	Gate synthesis begin.

--- Testing Hamming Distance Version ---
in LempelX2_M4RI_Hamming
		Round = 0 (Start m: 4)
--- Hamming Distance Stats ---
 Dist 1: 3 pairs
 Dist 2: 2 pairs
 Dist 3: 1 pairs
-------------------------------
>> Round 0 Result: Hit Rate = 0% (0/6)

=== Final Performance Statistics ===
Hamming time:   0 ms
Chi time:       0 ms
Nullspace time: 1 ms
Total attempts: 6 (Success: 0)
END OF LEMPELX2
Total LempelX2_M4RI_Hamming time: 1 ms
Hamming result size: 4 columns
		TODD executed in 0.001846 seconds.
		Total time: 0.001858s
	Gate synthesis end.
	Gate synthesis begin.

--- Testing Hamming Distance Version ---
in LempelX2_M4RI_Hamming
		Round = 0 (Start m: 4)
--- Hamming Distance Stats ---
 Dist 1: 3 pairs
 Dist 2: 2 pairs
 Dist 3: 1 pairs
-------------------------------
>> Round 0 Result: Hit Rate = 0% (0/6)

=== Final Performance Statistics ===
Hamming time:   0 ms
Chi time:       0 ms
Nullspace time: 1 ms
Total attempts: 6 (Success: 0)
END OF LEMPELX2
Total LempelX2_M4RI_Hamming time: 1 ms
Hamming result size: 4 columns
		TODD executed in 0.00171 seconds.
		Total time: 0.001723s
	Gate synthesis end.
	Gate synthesis begin.

--- Testing Hamming Distance Version ---
in LempelX2_M4RI_Hamming
		Round = 0 (Start m: 4)
--- Hamming Distance Stats ---
 Dist 1: 3 pairs
 Dist 2: 2 pairs
 Dist 3: 1 pairs
-------------------------------
>> Round 0 Result: Hit Rate = 0% (0/6)

=== Final Performance Statistics ===
Hamming time:   0 ms
Chi time:       0 ms
Nullspace time: 1 ms
Total attempts: 6 (Success: 0)
END OF LEMPELX2
Total LempelX2_M4RI_Hamming time: 1 ms
Hamming result size: 4 columns
		TODD executed in 0.001807 seconds.
		Total time: 0.001821s
	Gate synthesis end.
	Gate synthesis begin.

--- Testing Hamming Distance Version ---
in LempelX2_M4RI_Hamming
		Round = 0 (Start m: 4)
--- Hamming Distance Stats ---
 Dist 1: 3 pairs
 Dist 2: 2 pairs
 Dist 3: 1 pairs
-------------------------------
>> Round 0 Result: Hit Rate = 0% (0/6)

=== Final Performance Statistics ===
Hamming time:   0 ms
Chi time:       0 ms
Nullspace time: 1 ms
Total attempts: 6 (Success: 0)
END OF LEMPELX2
Total LempelX2_M4RI_Hamming time: 1 ms
Hamming result size: 4 columns
		TODD executed in 0.001819 seconds.
		Total time: 0.001833s
	Gate synthesis end.
	Gate synthesis begin.

--- Testing Hamming Distance Version ---
in LempelX2_M4RI_Hamming
		Round = 0 (Start m: 5)
--- Hamming Distance Stats ---
 Dist 1: 5 pairs
 Dist 2: 4 pairs
 Dist 3: 1 pairs
-------------------------------
>> Round 0 Result: Hit Rate = 0% (0/10)

=== Final Performance Statistics ===
Hamming time:   0 ms
Chi time:       0 ms
Nullspace time: 2 ms
Total attempts: 10 (Success: 0)
END OF LEMPELX2
Total LempelX2_M4RI_Hamming time: 3 ms
Hamming result size: 5 columns
		TODD executed in 0.003787 seconds.
		Total time: 0.003803s
	Gate synthesis end.
	Gate synthesis begin.

--- Testing Hamming Distance Version ---
in LempelX2_M4RI_Hamming
		Round = 0 (Start m: 6)
--- Hamming Distance Stats ---
 Dist 1: 3 pairs
 Dist 2: 4 pairs
 Dist 3: 6 pairs
 Dist 4: 2 pairs
-------------------------------
>> Round 0 Result: Hit Rate = 0% (0/15)

=== Final Performance Statistics ===
Hamming time:   0 ms
Chi time:       0 ms
Nullspace time: 3 ms
Total attempts: 15 (Success: 0)
END OF LEMPELX2
Total LempelX2_M4RI_Hamming time: 5 ms
Hamming result size: 6 columns
		TODD executed in 0.00514 seconds.
		Total time: 0.005155s
	Gate synthesis end.
	Gate synthesis begin.

--- Testing Hamming Distance Version ---
in LempelX2_M4RI_Hamming
		Round = 0 (Start m: 4)
--- Hamming Distance Stats ---
 Dist 1: 3 pairs
 Dist 2: 3 pairs
-------------------------------
>> Round 0 Result: Hit Rate = 0% (0/6)

=== Final Performance Statistics ===
Hamming time:   0 ms
Chi time:       0 ms
Nullspace time: 1 ms
Total attempts: 6 (Success: 0)
END OF LEMPELX2
Total LempelX2_M4RI_Hamming time: 1 ms
Hamming result size: 4 columns
		TODD executed in 0.001798 seconds.
		Total time: 0.001811s
	Gate synthesis end.
	Gate synthesis begin.

--- Testing Hamming Distance Version ---
in LempelX2_M4RI_Hamming
		Round = 0 (Start m: 4)
--- Hamming Distance Stats ---
 Dist 1: 3 pairs
 Dist 2: 3 pairs
-------------------------------
>> Round 0 Result: Hit Rate = 0% (0/6)

=== Final Performance Statistics ===
Hamming time:   0 ms
Chi time:       0 ms
Nullspace time: 1 ms
Total attempts: 6 (Success: 0)
END OF LEMPELX2
Total LempelX2_M4RI_Hamming time: 1 ms
Hamming result size: 4 columns
		TODD executed in 0.001692 seconds.
		Total time: 0.001705s
	Gate synthesis end.
	Gate synthesis begin.

--- Testing Hamming Distance Version ---
in LempelX2_M4RI_Hamming
		Round = 0 (Start m: 4)
--- Hamming Distance Stats ---
 Dist 1: 3 pairs
 Dist 2: 3 pairs
-------------------------------
>> Round 0 Result: Hit Rate = 0% (0/6)

=== Final Performance Statistics ===
Hamming time:   0 ms
Chi time:       0 ms
Nullspace time: 1 ms
Total attempts: 6 (Success: 0)
END OF LEMPELX2
Total LempelX2_M4RI_Hamming time: 1 ms
Hamming result size: 4 columns
		TODD executed in 0.001835 seconds.
		Total time: 0.001847s
	Gate synthesis end.
	Gate synthesis begin.

--- Testing Hamming Distance Version ---
in LempelX2_M4RI_Hamming
		Round = 0 (Start m: 6)
--- Hamming Distance Stats ---
 Dist 1: 4 pairs
 Dist 2: 5 pairs
 Dist 3: 4 pairs
 Dist 4: 2 pairs
-------------------------------
>> Round 0 Result: Hit Rate = 0% (0/15)

=== Final Performance Statistics ===
Hamming time:   0 ms
Chi time:       0 ms
Nullspace time: 2 ms
Total attempts: 15 (Success: 0)
END OF LEMPELX2
Total LempelX2_M4RI_Hamming time: 4 ms
Hamming result size: 6 columns
		TODD executed in 0.004152 seconds.
		Total time: 0.004168s
	Gate synthesis end.
	Gate synthesis begin.

--- Testing Hamming Distance Version ---
in LempelX2_M4RI_Hamming
		Round = 0 (Start m: 4)
--- Hamming Distance Stats ---
 Dist 1: 3 pairs
 Dist 2: 2 pairs
 Dist 3: 1 pairs
-------------------------------
>> Round 0 Result: Hit Rate = 0% (0/6)

=== Final Performance Statistics ===
Hamming time:   0 ms
Chi time:       0 ms
Nullspace time: 1 ms
Total attempts: 6 (Success: 0)
END OF LEMPELX2
Total LempelX2_M4RI_Hamming time: 1 ms
Hamming result size: 4 columns
		TODD executed in 0.001728 seconds.
		Total time: 0.00174s
	Gate synthesis end.
	Gate synthesis begin.

--- Testing Hamming Distance Version ---
in LempelX2_M4RI_Hamming
		Round = 0 (Start m: 4)
--- Hamming Distance Stats ---
 Dist 1: 3 pairs
 Dist 2: 2 pairs
 Dist 3: 1 pairs
-------------------------------
>> Round 0 Result: Hit Rate = 0% (0/6)

=== Final Performance Statistics ===
Hamming time:   0 ms
Chi time:       0 ms
Nullspace time: 1 ms
Total attempts: 6 (Success: 0)
END OF LEMPELX2
Total LempelX2_M4RI_Hamming time: 1 ms
Hamming result size: 4 columns
		TODD executed in 0.001646 seconds.
		Total time: 0.001658s
	Gate synthesis end.
	Gate synthesis begin.

--- Testing Hamming Distance Version ---
in LempelX2_M4RI_Hamming
		Round = 0 (Start m: 4)
--- Hamming Distance Stats ---
 Dist 1: 3 pairs
 Dist 2: 2 pairs
 Dist 3: 1 pairs
-------------------------------
>> Round 0 Result: Hit Rate = 0% (0/6)

=== Final Performance Statistics ===
Hamming time:   0 ms
Chi time:       0 ms
Nullspace time: 1 ms
Total attempts: 6 (Success: 0)
END OF LEMPELX2
Total LempelX2_M4RI_Hamming time: 1 ms
Hamming result size: 4 columns
		TODD executed in 0.00177 seconds.
		Total time: 0.001782s
	Gate synthesis end.
	Gate synthesis begin.

--- Testing Hamming Distance Version ---
in LempelX2_M4RI_Hamming
		Round = 0 (Start m: 5)
--- Hamming Distance Stats ---
 Dist 1: 5 pairs
 Dist 2: 4 pairs
 Dist 3: 1 pairs
-------------------------------
>> Round 0 Result: Hit Rate = 0% (0/10)

=== Final Performance Statistics ===
Hamming time:   0 ms
Chi time:       0 ms
Nullspace time: 2 ms
Total attempts: 10 (Success: 0)
END OF LEMPELX2
Total LempelX2_M4RI_Hamming time: 2 ms
Hamming result size: 5 columns
		TODD executed in 0.002967 seconds.
		Total time: 0.002982s
	Gate synthesis end.
	Gate synthesis begin.

--- Testing Hamming Distance Version ---
in LempelX2_M4RI_Hamming
		Round = 0 (Start m: 6)
--- Hamming Distance Stats ---
 Dist 1: 3 pairs
 Dist 2: 4 pairs
 Dist 3: 6 pairs
 Dist 4: 2 pairs
-------------------------------
>> Round 0 Result: Hit Rate = 0% (0/15)

=== Final Performance Statistics ===
Hamming time:   0 ms
Chi time:       0 ms
Nullspace time: 3 ms
Total attempts: 15 (Success: 0)
END OF LEMPELX2
Total LempelX2_M4RI_Hamming time: 4 ms
Hamming result size: 6 columns
		TODD executed in 0.004913 seconds.
		Total time: 0.004929s
	Gate synthesis end.
	Gate synthesis begin.

--- Testing Hamming Distance Version ---
in LempelX2_M4RI_Hamming
		Round = 0 (Start m: 4)
--- Hamming Distance Stats ---
 Dist 1: 3 pairs
 Dist 2: 3 pairs
-------------------------------
>> Round 0 Result: Hit Rate = 0% (0/6)

=== Final Performance Statistics ===
Hamming time:   0 ms
Chi time:       0 ms
Nullspace time: 1 ms
Total attempts: 6 (Success: 0)
END OF LEMPELX2
Total LempelX2_M4RI_Hamming time: 1 ms
Hamming result size: 4 columns
		TODD executed in 0.001672 seconds.
		Total time: 0.001686s
	Gate synthesis end.
	Gate synthesis begin.

--- Testing Hamming Distance Version ---
in LempelX2_M4RI_Hamming
		Round = 0 (Start m: 4)
--- Hamming Distance Stats ---
 Dist 1: 3 pairs
 Dist 2: 3 pairs
-------------------------------
>> Round 0 Result: Hit Rate = 0% (0/6)

=== Final Performance Statistics ===
Hamming time:   0 ms
Chi time:       0 ms
Nullspace time: 1 ms
Total attempts: 6 (Success: 0)
END OF LEMPELX2
Total LempelX2_M4RI_Hamming time: 1 ms
Hamming result size: 4 columns
		TODD executed in 0.001719 seconds.
		Total time: 0.001734s
	Gate synthesis end.
	Gate synthesis begin.

--- Testing Hamming Distance Version ---
in LempelX2_M4RI_Hamming
		Round = 0 (Start m: 6)
--- Hamming Distance Stats ---
 Dist 1: 4 pairs
 Dist 2: 5 pairs
 Dist 3: 4 pairs
 Dist 4: 2 pairs
-------------------------------
>> Round 0 Result: Hit Rate = 0% (0/15)

=== Final Performance Statistics ===
Hamming time:   0 ms
Chi time:       0 ms
Nullspace time: 3 ms
Total attempts: 15 (Success: 0)
END OF LEMPELX2
Total LempelX2_M4RI_Hamming time: 4 ms
Hamming result size: 6 columns
		TODD executed in 0.004278 seconds.
		Total time: 0.004294s
	Gate synthesis end.
	Gate synthesis begin.

--- Testing Hamming Distance Version ---
in LempelX2_M4RI_Hamming
		Round = 0 (Start m: 4)
--- Hamming Distance Stats ---
 Dist 1: 3 pairs
 Dist 2: 2 pairs
 Dist 3: 1 pairs
-------------------------------
>> Round 0 Result: Hit Rate = 0% (0/6)

=== Final Performance Statistics ===
Hamming time:   0 ms
Chi time:       0 ms
Nullspace time: 1 ms
Total attempts: 6 (Success: 0)
END OF LEMPELX2
Total LempelX2_M4RI_Hamming time: 1 ms
Hamming result size: 4 columns
		TODD executed in 0.001726 seconds.
		Total time: 0.001739s
	Gate synthesis end.
	Gate synthesis begin.

--- Testing Hamming Distance Version ---
in LempelX2_M4RI_Hamming
		Round = 0 (Start m: 4)
--- Hamming Distance Stats ---
 Dist 1: 3 pairs
 Dist 2: 2 pairs
 Dist 3: 1 pairs
-------------------------------
>> Round 0 Result: Hit Rate = 0% (0/6)

=== Final Performance Statistics ===
Hamming time:   0 ms
Chi time:       0 ms
Nullspace time: 1 ms
Total attempts: 6 (Success: 0)
END OF LEMPELX2
Total LempelX2_M4RI_Hamming time: 1 ms
Hamming result size: 4 columns
		TODD executed in 0.001716 seconds.
		Total time: 0.00173s
	Gate synthesis end.
	Gate synthesis begin.

--- Testing Hamming Distance Version ---
in LempelX2_M4RI_Hamming
		Round = 0 (Start m: 5)
--- Hamming Distance Stats ---
 Dist 1: 5 pairs
 Dist 2: 4 pairs
 Dist 3: 1 pairs
-------------------------------
>> Round 0 Result: Hit Rate = 0% (0/10)

=== Final Performance Statistics ===
Hamming time:   0 ms
Chi time:       0 ms
Nullspace time: 2 ms
Total attempts: 10 (Success: 0)
END OF LEMPELX2
Total LempelX2_M4RI_Hamming time: 3 ms
Hamming result size: 5 columns
		TODD executed in 0.003241 seconds.
		Total time: 0.003254s
	Gate synthesis end.
	Gate synthesis begin.

--- Testing Hamming Distance Version ---
in LempelX2_M4RI_Hamming
		Round = 0 (Start m: 6)
--- Hamming Distance Stats ---
 Dist 1: 3 pairs
 Dist 2: 4 pairs
 Dist 3: 6 pairs
 Dist 4: 2 pairs
-------------------------------
>> Round 0 Result: Hit Rate = 0% (0/15)

=== Final Performance Statistics ===
Hamming time:   0 ms
Chi time:       0 ms
Nullspace time: 3 ms
Total attempts: 15 (Success: 0)
END OF LEMPELX2
Total LempelX2_M4RI_Hamming time: 4 ms
Hamming result size: 6 columns
		TODD executed in 0.004764 seconds.
		Total time: 0.004781s
	Gate synthesis end.
	Gate synthesis begin.

--- Testing Hamming Distance Version ---
in LempelX2_M4RI_Hamming
		Round = 0 (Start m: 4)
--- Hamming Distance Stats ---
 Dist 1: 3 pairs
 Dist 2: 3 pairs
-------------------------------
>> Round 0 Result: Hit Rate = 0% (0/6)

=== Final Performance Statistics ===
Hamming time:   0 ms
Chi time:       0 ms
Nullspace time: 1 ms
Total attempts: 6 (Success: 0)
END OF LEMPELX2
Total LempelX2_M4RI_Hamming time: 1 ms
Hamming result size: 4 columns
		TODD executed in 0.001977 seconds.
		Total time: 0.00199s
	Gate synthesis end.
	Gate synthesis begin.

--- Testing Hamming Distance Version ---
in LempelX2_M4RI_Hamming
		Round = 0 (Start m: 6)
--- Hamming Distance Stats ---
 Dist 1: 4 pairs
 Dist 2: 5 pairs
 Dist 3: 4 pairs
 Dist 4: 2 pairs
-------------------------------
>> Round 0 Result: Hit Rate = 0% (0/15)

=== Final Performance Statistics ===
Hamming time:   0 ms
Chi time:       0 ms
Nullspace time: 3 ms
Total attempts: 15 (Success: 0)
END OF LEMPELX2
Total LempelX2_M4RI_Hamming time: 4 ms
Hamming result size: 6 columns
		TODD executed in 0.004939 seconds.
		Total time: 0.004963s
	Gate synthesis end.
	Gate synthesis begin.

--- Testing Hamming Distance Version ---
in LempelX2_M4RI_Hamming
		Round = 0 (Start m: 4)
--- Hamming Distance Stats ---
 Dist 1: 3 pairs
 Dist 2: 2 pairs
 Dist 3: 1 pairs
-------------------------------
>> Round 0 Result: Hit Rate = 0% (0/6)

=== Final Performance Statistics ===
Hamming time:   0 ms
Chi time:       0 ms
Nullspace time: 1 ms
Total attempts: 6 (Success: 0)
END OF LEMPELX2
Total LempelX2_M4RI_Hamming time: 1 ms
Hamming result size: 4 columns
		TODD executed in 0.001699 seconds.
		Total time: 0.001711s
	Gate synthesis end.
	Gate synthesis begin.

--- Testing Hamming Distance Version ---
in LempelX2_M4RI_Hamming
		Round = 0 (Start m: 5)
--- Hamming Distance Stats ---
 Dist 1: 5 pairs
 Dist 2: 4 pairs
 Dist 3: 1 pairs
-------------------------------
>> Round 0 Result: Hit Rate = 0% (0/10)

=== Final Performance Statistics ===
Hamming time:   0 ms
Chi time:       0 ms
Nullspace time: 2 ms
Total attempts: 10 (Success: 0)
END OF LEMPELX2
Total LempelX2_M4RI_Hamming time: 3 ms
Hamming result size: 5 columns
		TODD executed in 0.003034 seconds.
		Total time: 0.003048s
	Gate synthesis end.
	Gate synthesis begin.

--- Testing Hamming Distance Version ---
in LempelX2_M4RI_Hamming
		Round = 0 (Start m: 6)
--- Hamming Distance Stats ---
 Dist 1: 3 pairs
 Dist 2: 4 pairs
 Dist 3: 6 pairs
 Dist 4: 2 pairs
-------------------------------
>> Round 0 Result: Hit Rate = 0% (0/15)

=== Final Performance Statistics ===
Hamming time:   0 ms
Chi time:       0 ms
Nullspace time: 3 ms
Total attempts: 15 (Success: 0)
END OF LEMPELX2
Total LempelX2_M4RI_Hamming time: 4 ms
Hamming result size: 6 columns
		TODD executed in 0.004996 seconds.
		Total time: 0.005027s
	Gate synthesis end.
	Gate synthesis begin.

--- Testing Hamming Distance Version ---
in LempelX2_M4RI_Hamming
		Round = 0 (Start m: 6)
--- Hamming Distance Stats ---
 Dist 1: 4 pairs
 Dist 2: 5 pairs
 Dist 3: 4 pairs
 Dist 4: 2 pairs
-------------------------------
>> Round 0 Result: Hit Rate = 0% (0/15)

=== Final Performance Statistics ===
Hamming time:   0 ms
Chi time:       0 ms
Nullspace time: 3 ms
Total attempts: 15 (Success: 0)
END OF LEMPELX2
Total LempelX2_M4RI_Hamming time: 4 ms
Hamming result size: 6 columns
		TODD executed in 0.00427 seconds.
		Total time: 0.004287s
	Gate synthesis end.
	Gate synthesis begin.

--- Testing Hamming Distance Version ---
in LempelX2_M4RI_Hamming
		Round = 0 (Start m: 5)
--- Hamming Distance Stats ---
 Dist 1: 5 pairs
 Dist 2: 4 pairs
 Dist 3: 1 pairs
-------------------------------
>> Round 0 Result: Hit Rate = 0% (0/10)

=== Final Performance Statistics ===
Hamming time:   0 ms
Chi time:       0 ms
Nullspace time: 2 ms
Total attempts: 10 (Success: 0)
END OF LEMPELX2
Total LempelX2_M4RI_Hamming time: 3 ms
Hamming result size: 5 columns
		TODD executed in 0.003243 seconds.
		Total time: 0.00326s
	Gate synthesis end.
	Gate synthesis begin.

--- Testing Hamming Distance Version ---
in LempelX2_M4RI_Hamming
		Round = 0 (Start m: 13)
--- Hamming Distance Stats ---
 Dist 1: 14 pairs
 Dist 2: 20 pairs
 Dist 3: 24 pairs
 Dist 4: 16 pairs
 Dist 5: 4 pairs
-------------------------------
  [HIT!] Dist=1 | Deleted: 4 cols
>> Round 0 Result: Hit Rate = 20% (1/5)
		Round = 1 (Start m: 9)
--- Hamming Distance Stats ---
 Dist 1: 6 pairs
 Dist 2: 5 pairs
 Dist 3: 8 pairs
 Dist 4: 9 pairs
 Dist 5: 6 pairs
 Dist 6: 2 pairs
-------------------------------
>> Round 1 Result: Hit Rate = 0% (0/36)

=== Final Performance Statistics ===
Hamming time:   0 ms
Chi time:       1 ms
Nullspace time: 11 ms
Total attempts: 41 (Success: 1)
END OF LEMPELX2
Total LempelX2_M4RI_Hamming time: 14 ms
Hamming result size: 9 columns
		TODD executed in 0.014905 seconds.
		Total time: 0.014931s
	Gate synthesis end.
	Gate synthesis begin.

--- Testing Hamming Distance Version ---
in LempelX2_M4RI_Hamming
		Round = 0 (Start m: 3)
--- Hamming Distance Stats ---
 Dist 1: 2 pairs
 Dist 2: 1 pairs
-------------------------------
>> Round 0 Result: Hit Rate = 0% (0/3)

=== Final Performance Statistics ===
Hamming time:   0 ms
Chi time:       0 ms
Nullspace time: 0 ms
Total attempts: 3 (Success: 0)
END OF LEMPELX2
Total LempelX2_M4RI_Hamming time: 0 ms
Hamming result size: 3 columns
		TODD executed in 0.000938 seconds.
		Total time: 0.00095s
	Gate synthesis end.
	Gate synthesis begin.

--- Testing Hamming Distance Version ---
in LempelX2_M4RI_Hamming
		Round = 0 (Start m: 4)
--- Hamming Distance Stats ---
 Dist 1: 3 pairs
 Dist 2: 2 pairs
 Dist 3: 1 pairs
-------------------------------
>> Round 0 Result: Hit Rate = 0% (0/6)

=== Final Performance Statistics ===
Hamming time:   0 ms
Chi time:       0 ms
Nullspace time: 1 ms
Total attempts: 6 (Success: 0)
END OF LEMPELX2
Total LempelX2_M4RI_Hamming time: 1 ms
Hamming result size: 4 columns
		TODD executed in 0.001752 seconds.
		Total time: 0.001765s
	Gate synthesis end.
	Gate synthesis begin.

--- Testing Hamming Distance Version ---
in LempelX2_M4RI_Hamming
		Round = 0 (Start m: 4)
--- Hamming Distance Stats ---
 Dist 1: 3 pairs
 Dist 2: 2 pairs
 Dist 3: 1 pairs
-------------------------------
>> Round 0 Result: Hit Rate = 0% (0/6)

=== Final Performance Statistics ===
Hamming time:   0 ms
Chi time:       0 ms
Nullspace time: 1 ms
Total attempts: 6 (Success: 0)
END OF LEMPELX2
Total LempelX2_M4RI_Hamming time: 1 ms
Hamming result size: 4 columns
		TODD executed in 0.00184 seconds.
		Total time: 0.001854s
	Gate synthesis end.
	Gate synthesis begin.

--- Testing Hamming Distance Version ---
in LempelX2_M4RI_Hamming
		Round = 0 (Start m: 4)
--- Hamming Distance Stats ---
 Dist 1: 3 pairs
 Dist 2: 2 pairs
 Dist 3: 1 pairs
-------------------------------
>> Round 0 Result: Hit Rate = 0% (0/6)

=== Final Performance Statistics ===
Hamming time:   0 ms
Chi time:       0 ms
Nullspace time: 1 ms
Total attempts: 6 (Success: 0)
END OF LEMPELX2
Total LempelX2_M4RI_Hamming time: 1 ms
Hamming result size: 4 columns
		TODD executed in 0.001658 seconds.
		Total time: 0.001671s
	Gate synthesis end.
	Gate synthesis begin.

--- Testing Hamming Distance Version ---
in LempelX2_M4RI_Hamming
		Round = 0 (Start m: 4)
--- Hamming Distance Stats ---
 Dist 1: 3 pairs
 Dist 2: 2 pairs
 Dist 3: 1 pairs
-------------------------------
>> Round 0 Result: Hit Rate = 0% (0/6)

=== Final Performance Statistics ===
Hamming time:   0 ms
Chi time:       0 ms
Nullspace time: 1 ms
Total attempts: 6 (Success: 0)
END OF LEMPELX2
Total LempelX2_M4RI_Hamming time: 1 ms
Hamming result size: 4 columns
		TODD executed in 0.001751 seconds.
		Total time: 0.001763s
	Gate synthesis end.
	Gate synthesis begin.

--- Testing Hamming Distance Version ---
in LempelX2_M4RI_Hamming
		Round = 0 (Start m: 4)
--- Hamming Distance Stats ---
 Dist 1: 3 pairs
 Dist 2: 2 pairs
 Dist 3: 1 pairs
-------------------------------
>> Round 0 Result: Hit Rate = 0% (0/6)

=== Final Performance Statistics ===
Hamming time:   0 ms
Chi time:       0 ms
Nullspace time: 1 ms
Total attempts: 6 (Success: 0)
END OF LEMPELX2
Total LempelX2_M4RI_Hamming time: 1 ms
Hamming result size: 4 columns
		TODD executed in 0.001808 seconds.
		Total time: 0.00182s
	Gate synthesis end.
	Gate synthesis begin.

--- Testing Hamming Distance Version ---
in LempelX2_M4RI_Hamming
		Round = 0 (Start m: 5)
--- Hamming Distance Stats ---
 Dist 1: 5 pairs
 Dist 2: 4 pairs
 Dist 3: 1 pairs
-------------------------------
>> Round 0 Result: Hit Rate = 0% (0/10)

=== Final Performance Statistics ===
Hamming time:   0 ms
Chi time:       0 ms
Nullspace time: 2 ms
Total attempts: 10 (Success: 0)
END OF LEMPELX2
Total LempelX2_M4RI_Hamming time: 3 ms
Hamming result size: 5 columns
		TODD executed in 0.003131 seconds.
		Total time: 0.003146s
	Gate synthesis end.
	Gate synthesis begin.

--- Testing Hamming Distance Version ---
in LempelX2_M4RI_Hamming
		Round = 0 (Start m: 5)
--- Hamming Distance Stats ---
 Dist 1: 3 pairs
 Dist 2: 3 pairs
 Dist 3: 3 pairs
 Dist 4: 1 pairs
-------------------------------
>> Round 0 Result: Hit Rate = 0% (0/10)

=== Final Performance Statistics ===
Hamming time:   0 ms
Chi time:       0 ms
Nullspace time: 2 ms
Total attempts: 10 (Success: 0)
END OF LEMPELX2
Total LempelX2_M4RI_Hamming time: 3 ms
Hamming result size: 5 columns
		TODD executed in 0.003239 seconds.
		Total time: 0.003254s
	Gate synthesis end.
	Gate synthesis begin.

--- Testing Hamming Distance Version ---
in LempelX2_M4RI_Hamming
		Round = 0 (Start m: 4)
--- Hamming Distance Stats ---
 Dist 1: 3 pairs
 Dist 2: 3 pairs
-------------------------------
>> Round 0 Result: Hit Rate = 0% (0/6)

=== Final Performance Statistics ===
Hamming time:   0 ms
Chi time:       0 ms
Nullspace time: 1 ms
Total attempts: 6 (Success: 0)
END OF LEMPELX2
Total LempelX2_M4RI_Hamming time: 1 ms
Hamming result size: 4 columns
		TODD executed in 0.001778 seconds.
		Total time: 0.001791s
	Gate synthesis end.
	Gate synthesis begin.

--- Testing Hamming Distance Version ---
in LempelX2_M4RI_Hamming
		Round = 0 (Start m: 4)
--- Hamming Distance Stats ---
 Dist 1: 3 pairs
 Dist 2: 3 pairs
-------------------------------
>> Round 0 Result: Hit Rate = 0% (0/6)

=== Final Performance Statistics ===
Hamming time:   0 ms
Chi time:       0 ms
Nullspace time: 1 ms
Total attempts: 6 (Success: 0)
END OF LEMPELX2
Total LempelX2_M4RI_Hamming time: 1 ms
Hamming result size: 4 columns
		TODD executed in 0.001738 seconds.
		Total time: 0.001751s
	Gate synthesis end.
	Gate synthesis begin.

--- Testing Hamming Distance Version ---
in LempelX2_M4RI_Hamming
		Round = 0 (Start m: 4)
--- Hamming Distance Stats ---
 Dist 1: 3 pairs
 Dist 2: 3 pairs
-------------------------------
>> Round 0 Result: Hit Rate = 0% (0/6)

=== Final Performance Statistics ===
Hamming time:   0 ms
Chi time:       0 ms
Nullspace time: 1 ms
Total attempts: 6 (Success: 0)
END OF LEMPELX2
Total LempelX2_M4RI_Hamming time: 1 ms
Hamming result size: 4 columns
		TODD executed in 0.001777 seconds.
		Total time: 0.001788s
	Gate synthesis end.
	Gate synthesis begin.

--- Testing Hamming Distance Version ---
in LempelX2_M4RI_Hamming
		Round = 0 (Start m: 4)
--- Hamming Distance Stats ---
 Dist 1: 3 pairs
 Dist 2: 3 pairs
-------------------------------
>> Round 0 Result: Hit Rate = 0% (0/6)

=== Final Performance Statistics ===
Hamming time:   0 ms
Chi time:       0 ms
Nullspace time: 1 ms
Total attempts: 6 (Success: 0)
END OF LEMPELX2
Total LempelX2_M4RI_Hamming time: 1 ms
Hamming result size: 4 columns
		TODD executed in 0.001911 seconds.
		Total time: 0.001923s
	Gate synthesis end.
	Gate synthesis begin.

--- Testing Hamming Distance Version ---
in LempelX2_M4RI_Hamming
		Round = 0 (Start m: 4)
--- Hamming Distance Stats ---
 Dist 1: 3 pairs
 Dist 2: 3 pairs
-------------------------------
>> Round 0 Result: Hit Rate = 0% (0/6)

=== Final Performance Statistics ===
Hamming time:   0 ms
Chi time:       0 ms
Nullspace time: 1 ms
Total attempts: 6 (Success: 0)
END OF LEMPELX2
Total LempelX2_M4RI_Hamming time: 1 ms
Hamming result size: 4 columns
		TODD executed in 0.001655 seconds.
		Total time: 0.001667s
	Gate synthesis end.
	Gate synthesis begin.

--- Testing Hamming Distance Version ---
in LempelX2_M4RI_Hamming
		Round = 0 (Start m: 4)
--- Hamming Distance Stats ---
 Dist 1: 3 pairs
 Dist 2: 3 pairs
-------------------------------
>> Round 0 Result: Hit Rate = 0% (0/6)

=== Final Performance Statistics ===
Hamming time:   0 ms
Chi time:       0 ms
Nullspace time: 1 ms
Total attempts: 6 (Success: 0)
END OF LEMPELX2
Total LempelX2_M4RI_Hamming time: 1 ms
Hamming result size: 4 columns
		TODD executed in 0.001615 seconds.
		Total time: 0.001626s
	Gate synthesis end.
	Gate synthesis begin.

--- Testing Hamming Distance Version ---
in LempelX2_M4RI_Hamming
		Round = 0 (Start m: 7)
--- Hamming Distance Stats ---
 Dist 1: 6 pairs
 Dist 2: 6 pairs
 Dist 3: 6 pairs
 Dist 4: 3 pairs
-------------------------------
>> Round 0 Result: Hit Rate = 0% (0/21)

=== Final Performance Statistics ===
Hamming time:   0 ms
Chi time:       1 ms
Nullspace time: 4 ms
Total attempts: 21 (Success: 0)
END OF LEMPELX2
Total LempelX2_M4RI_Hamming time: 5 ms
Hamming result size: 7 columns
		TODD executed in 0.005717 seconds.
		Total time: 0.005734s
	Gate synthesis end.
	Gate synthesis begin.

--- Testing Hamming Distance Version ---
in LempelX2_M4RI_Hamming
		Round = 0 (Start m: 4)
--- Hamming Distance Stats ---
 Dist 1: 3 pairs
 Dist 2: 2 pairs
 Dist 3: 1 pairs
-------------------------------
>> Round 0 Result: Hit Rate = 0% (0/6)

=== Final Performance Statistics ===
Hamming time:   0 ms
Chi time:       0 ms
Nullspace time: 1 ms
Total attempts: 6 (Success: 0)
END OF LEMPELX2
Total LempelX2_M4RI_Hamming time: 1 ms
Hamming result size: 4 columns
		TODD executed in 0.001644 seconds.
		Total time: 0.001657s
	Gate synthesis end.
	Gate synthesis begin.

--- Testing Hamming Distance Version ---
in LempelX2_M4RI_Hamming
		Round = 0 (Start m: 4)
--- Hamming Distance Stats ---
 Dist 1: 3 pairs
 Dist 2: 2 pairs
 Dist 3: 1 pairs
-------------------------------
>> Round 0 Result: Hit Rate = 0% (0/6)

=== Final Performance Statistics ===
Hamming time:   0 ms
Chi time:       0 ms
Nullspace time: 1 ms
Total attempts: 6 (Success: 0)
END OF LEMPELX2
Total LempelX2_M4RI_Hamming time: 1 ms
Hamming result size: 4 columns
		TODD executed in 0.001682 seconds.
		Total time: 0.001704s
	Gate synthesis end.
	Gate synthesis begin.

--- Testing Hamming Distance Version ---
in LempelX2_M4RI_Hamming
		Round = 0 (Start m: 4)
--- Hamming Distance Stats ---
 Dist 1: 3 pairs
 Dist 2: 2 pairs
 Dist 3: 1 pairs
-------------------------------
>> Round 0 Result: Hit Rate = 0% (0/6)

=== Final Performance Statistics ===
Hamming time:   0 ms
Chi time:       0 ms
Nullspace time: 1 ms
Total attempts: 6 (Success: 0)
END OF LEMPELX2
Total LempelX2_M4RI_Hamming time: 1 ms
Hamming result size: 4 columns
		TODD executed in 0.001689 seconds.
		Total time: 0.001701s
	Gate synthesis end.
	Gate synthesis begin.

--- Testing Hamming Distance Version ---
in LempelX2_M4RI_Hamming
		Round = 0 (Start m: 4)
--- Hamming Distance Stats ---
 Dist 1: 3 pairs
 Dist 2: 2 pairs
 Dist 3: 1 pairs
-------------------------------
>> Round 0 Result: Hit Rate = 0% (0/6)

=== Final Performance Statistics ===
Hamming time:   0 ms
Chi time:       0 ms
Nullspace time: 1 ms
Total attempts: 6 (Success: 0)
END OF LEMPELX2
Total LempelX2_M4RI_Hamming time: 1 ms
Hamming result size: 4 columns
		TODD executed in 0.001757 seconds.
		Total time: 0.00177s
	Gate synthesis end.
	Gate synthesis begin.

--- Testing Hamming Distance Version ---
in LempelX2_M4RI_Hamming
		Round = 0 (Start m: 4)
--- Hamming Distance Stats ---
 Dist 1: 3 pairs
 Dist 2: 2 pairs
 Dist 3: 1 pairs
-------------------------------
>> Round 0 Result: Hit Rate = 0% (0/6)

=== Final Performance Statistics ===
Hamming time:   0 ms
Chi time:       0 ms
Nullspace time: 1 ms
Total attempts: 6 (Success: 0)
END OF LEMPELX2
Total LempelX2_M4RI_Hamming time: 1 ms
Hamming result size: 4 columns
		TODD executed in 0.001804 seconds.
		Total time: 0.001816s
	Gate synthesis end.
	Gate synthesis begin.

--- Testing Hamming Distance Version ---
in LempelX2_M4RI_Hamming
		Round = 0 (Start m: 4)
--- Hamming Distance Stats ---
 Dist 1: 3 pairs
 Dist 2: 2 pairs
 Dist 3: 1 pairs
-------------------------------
>> Round 0 Result: Hit Rate = 0% (0/6)

=== Final Performance Statistics ===
Hamming time:   0 ms
Chi time:       0 ms
Nullspace time: 1 ms
Total attempts: 6 (Success: 0)
END OF LEMPELX2
Total LempelX2_M4RI_Hamming time: 1 ms
Hamming result size: 4 columns
		TODD executed in 0.00177 seconds.
		Total time: 0.001782s
	Gate synthesis end.
	Gate synthesis begin.

--- Testing Hamming Distance Version ---
in LempelX2_M4RI_Hamming
		Round = 0 (Start m: 5)
--- Hamming Distance Stats ---
 Dist 1: 5 pairs
 Dist 2: 4 pairs
 Dist 3: 1 pairs
-------------------------------
>> Round 0 Result: Hit Rate = 0% (0/10)

=== Final Performance Statistics ===
Hamming time:   0 ms
Chi time:       0 ms
Nullspace time: 2 ms
Total attempts: 10 (Success: 0)
END OF LEMPELX2
Total LempelX2_M4RI_Hamming time: 2 ms
Hamming result size: 5 columns
		TODD executed in 0.002996 seconds.
		Total time: 0.003031s
	Gate synthesis end.
	Gate synthesis begin.

--- Testing Hamming Distance Version ---
in LempelX2_M4RI_Hamming
		Round = 0 (Start m: 5)
--- Hamming Distance Stats ---
 Dist 1: 3 pairs
 Dist 2: 3 pairs
 Dist 3: 3 pairs
 Dist 4: 1 pairs
-------------------------------
>> Round 0 Result: Hit Rate = 0% (0/10)

=== Final Performance Statistics ===
Hamming time:   0 ms
Chi time:       0 ms
Nullspace time: 2 ms
Total attempts: 10 (Success: 0)
END OF LEMPELX2
Total LempelX2_M4RI_Hamming time: 3 ms
Hamming result size: 5 columns
		TODD executed in 0.003106 seconds.
		Total time: 0.003142s
	Gate synthesis end.
	Gate synthesis begin.

--- Testing Hamming Distance Version ---
in LempelX2_M4RI_Hamming
		Round = 0 (Start m: 4)
--- Hamming Distance Stats ---
 Dist 1: 3 pairs
 Dist 2: 3 pairs
-------------------------------
>> Round 0 Result: Hit Rate = 0% (0/6)

=== Final Performance Statistics ===
Hamming time:   0 ms
Chi time:       0 ms
Nullspace time: 1 ms
Total attempts: 6 (Success: 0)
END OF LEMPELX2
Total LempelX2_M4RI_Hamming time: 1 ms
Hamming result size: 4 columns
		TODD executed in 0.001713 seconds.
		Total time: 0.001726s
	Gate synthesis end.
	Gate synthesis begin.

--- Testing Hamming Distance Version ---
in LempelX2_M4RI_Hamming
		Round = 0 (Start m: 4)
--- Hamming Distance Stats ---
 Dist 1: 3 pairs
 Dist 2: 3 pairs
-------------------------------
>> Round 0 Result: Hit Rate = 0% (0/6)

=== Final Performance Statistics ===
Hamming time:   0 ms
Chi time:       0 ms
Nullspace time: 1 ms
Total attempts: 6 (Success: 0)
END OF LEMPELX2
Total LempelX2_M4RI_Hamming time: 1 ms
Hamming result size: 4 columns
		TODD executed in 0.001749 seconds.
		Total time: 0.001761s
	Gate synthesis end.
	Gate synthesis begin.

--- Testing Hamming Distance Version ---
in LempelX2_M4RI_Hamming
		Round = 0 (Start m: 4)
--- Hamming Distance Stats ---
 Dist 1: 3 pairs
 Dist 2: 3 pairs
-------------------------------
>> Round 0 Result: Hit Rate = 0% (0/6)

=== Final Performance Statistics ===
Hamming time:   0 ms
Chi time:       0 ms
Nullspace time: 1 ms
Total attempts: 6 (Success: 0)
END OF LEMPELX2
Total LempelX2_M4RI_Hamming time: 1 ms
Hamming result size: 4 columns
		TODD executed in 0.00167 seconds.
		Total time: 0.001683s
	Gate synthesis end.
	Gate synthesis begin.

--- Testing Hamming Distance Version ---
in LempelX2_M4RI_Hamming
		Round = 0 (Start m: 4)
--- Hamming Distance Stats ---
 Dist 1: 3 pairs
 Dist 2: 3 pairs
-------------------------------
>> Round 0 Result: Hit Rate = 0% (0/6)

=== Final Performance Statistics ===
Hamming time:   0 ms
Chi time:       0 ms
Nullspace time: 1 ms
Total attempts: 6 (Success: 0)
END OF LEMPELX2
Total LempelX2_M4RI_Hamming time: 1 ms
Hamming result size: 4 columns
		TODD executed in 0.001664 seconds.
		Total time: 0.001675s
	Gate synthesis end.
	Gate synthesis begin.

--- Testing Hamming Distance Version ---
in LempelX2_M4RI_Hamming
		Round = 0 (Start m: 4)
--- Hamming Distance Stats ---
 Dist 1: 3 pairs
 Dist 2: 3 pairs
-------------------------------
>> Round 0 Result: Hit Rate = 0% (0/6)

=== Final Performance Statistics ===
Hamming time:   0 ms
Chi time:       0 ms
Nullspace time: 1 ms
Total attempts: 6 (Success: 0)
END OF LEMPELX2
Total LempelX2_M4RI_Hamming time: 1 ms
Hamming result size: 4 columns
		TODD executed in 0.001537 seconds.
		Total time: 0.00155s
	Gate synthesis end.
	Gate synthesis begin.

--- Testing Hamming Distance Version ---
in LempelX2_M4RI_Hamming
		Round = 0 (Start m: 7)
--- Hamming Distance Stats ---
 Dist 1: 6 pairs
 Dist 2: 6 pairs
 Dist 3: 6 pairs
 Dist 4: 3 pairs
-------------------------------
>> Round 0 Result: Hit Rate = 0% (0/21)

=== Final Performance Statistics ===
Hamming time:   0 ms
Chi time:       0 ms
Nullspace time: 4 ms
Total attempts: 21 (Success: 0)
END OF LEMPELX2
Total LempelX2_M4RI_Hamming time: 5 ms
Hamming result size: 7 columns
		TODD executed in 0.005799 seconds.
		Total time: 0.005817s
	Gate synthesis end.
	Gate synthesis begin.

--- Testing Hamming Distance Version ---
in LempelX2_M4RI_Hamming
		Round = 0 (Start m: 4)
--- Hamming Distance Stats ---
 Dist 1: 3 pairs
 Dist 2: 2 pairs
 Dist 3: 1 pairs
-------------------------------
>> Round 0 Result: Hit Rate = 0% (0/6)

=== Final Performance Statistics ===
Hamming time:   0 ms
Chi time:       0 ms
Nullspace time: 1 ms
Total attempts: 6 (Success: 0)
END OF LEMPELX2
Total LempelX2_M4RI_Hamming time: 1 ms
Hamming result size: 4 columns
		TODD executed in 0.001662 seconds.
		Total time: 0.001675s
	Gate synthesis end.
	Gate synthesis begin.

--- Testing Hamming Distance Version ---
in LempelX2_M4RI_Hamming
		Round = 0 (Start m: 4)
--- Hamming Distance Stats ---
 Dist 1: 3 pairs
 Dist 2: 2 pairs
 Dist 3: 1 pairs
-------------------------------
>> Round 0 Result: Hit Rate = 0% (0/6)

=== Final Performance Statistics ===
Hamming time:   0 ms
Chi time:       0 ms
Nullspace time: 1 ms
Total attempts: 6 (Success: 0)
END OF LEMPELX2
Total LempelX2_M4RI_Hamming time: 1 ms
Hamming result size: 4 columns
		TODD executed in 0.001803 seconds.
		Total time: 0.001817s
	Gate synthesis end.
	Gate synthesis begin.

--- Testing Hamming Distance Version ---
in LempelX2_M4RI_Hamming
		Round = 0 (Start m: 4)
--- Hamming Distance Stats ---
 Dist 1: 3 pairs
 Dist 2: 2 pairs
 Dist 3: 1 pairs
-------------------------------
>> Round 0 Result: Hit Rate = 0% (0/6)

=== Final Performance Statistics ===
Hamming time:   0 ms
Chi time:       0 ms
Nullspace time: 1 ms
Total attempts: 6 (Success: 0)
END OF LEMPELX2
Total LempelX2_M4RI_Hamming time: 1 ms
Hamming result size: 4 columns
		TODD executed in 0.001601 seconds.
		Total time: 0.001618s
	Gate synthesis end.
	Gate synthesis begin.

--- Testing Hamming Distance Version ---
in LempelX2_M4RI_Hamming
		Round = 0 (Start m: 4)
--- Hamming Distance Stats ---
 Dist 1: 3 pairs
 Dist 2: 2 pairs
 Dist 3: 1 pairs
-------------------------------
>> Round 0 Result: Hit Rate = 0% (0/6)

=== Final Performance Statistics ===
Hamming time:   0 ms
Chi time:       0 ms
Nullspace time: 1 ms
Total attempts: 6 (Success: 0)
END OF LEMPELX2
Total LempelX2_M4RI_Hamming time: 1 ms
Hamming result size: 4 columns
		TODD executed in 0.001795 seconds.
		Total time: 0.001806s
	Gate synthesis end.
	Gate synthesis begin.

--- Testing Hamming Distance Version ---
in LempelX2_M4RI_Hamming
		Round = 0 (Start m: 4)
--- Hamming Distance Stats ---
 Dist 1: 3 pairs
 Dist 2: 2 pairs
 Dist 3: 1 pairs
-------------------------------
>> Round 0 Result: Hit Rate = 0% (0/6)

=== Final Performance Statistics ===
Hamming time:   0 ms
Chi time:       0 ms
Nullspace time: 1 ms
Total attempts: 6 (Success: 0)
END OF LEMPELX2
Total LempelX2_M4RI_Hamming time: 1 ms
Hamming result size: 4 columns
		TODD executed in 0.001767 seconds.
		Total time: 0.001779s
	Gate synthesis end.
	Gate synthesis begin.

--- Testing Hamming Distance Version ---
in LempelX2_M4RI_Hamming
		Round = 0 (Start m: 5)
--- Hamming Distance Stats ---
 Dist 1: 5 pairs
 Dist 2: 4 pairs
 Dist 3: 1 pairs
-------------------------------
>> Round 0 Result: Hit Rate = 0% (0/10)

=== Final Performance Statistics ===
Hamming time:   0 ms
Chi time:       0 ms
Nullspace time: 2 ms
Total attempts: 10 (Success: 0)
END OF LEMPELX2
Total LempelX2_M4RI_Hamming time: 3 ms
Hamming result size: 5 columns
		TODD executed in 0.003003 seconds.
		Total time: 0.003019s
	Gate synthesis end.
	Gate synthesis begin.

--- Testing Hamming Distance Version ---
in LempelX2_M4RI_Hamming
		Round = 0 (Start m: 5)
--- Hamming Distance Stats ---
 Dist 1: 3 pairs
 Dist 2: 3 pairs
 Dist 3: 3 pairs
 Dist 4: 1 pairs
-------------------------------
>> Round 0 Result: Hit Rate = 0% (0/10)

=== Final Performance Statistics ===
Hamming time:   0 ms
Chi time:       0 ms
Nullspace time: 2 ms
Total attempts: 10 (Success: 0)
END OF LEMPELX2
Total LempelX2_M4RI_Hamming time: 3 ms
Hamming result size: 5 columns
		TODD executed in 0.003192 seconds.
		Total time: 0.003206s
	Gate synthesis end.
	Gate synthesis begin.

--- Testing Hamming Distance Version ---
in LempelX2_M4RI_Hamming
		Round = 0 (Start m: 4)
--- Hamming Distance Stats ---
 Dist 1: 3 pairs
 Dist 2: 3 pairs
-------------------------------
>> Round 0 Result: Hit Rate = 0% (0/6)

=== Final Performance Statistics ===
Hamming time:   0 ms
Chi time:       0 ms
Nullspace time: 1 ms
Total attempts: 6 (Success: 0)
END OF LEMPELX2
Total LempelX2_M4RI_Hamming time: 1 ms
Hamming result size: 4 columns
		TODD executed in 0.001788 seconds.
		Total time: 0.001802s
	Gate synthesis end.
	Gate synthesis begin.

--- Testing Hamming Distance Version ---
in LempelX2_M4RI_Hamming
		Round = 0 (Start m: 4)
--- Hamming Distance Stats ---
 Dist 1: 3 pairs
 Dist 2: 3 pairs
-------------------------------
>> Round 0 Result: Hit Rate = 0% (0/6)

=== Final Performance Statistics ===
Hamming time:   0 ms
Chi time:       0 ms
Nullspace time: 1 ms
Total attempts: 6 (Success: 0)
END OF LEMPELX2
Total LempelX2_M4RI_Hamming time: 1 ms
Hamming result size: 4 columns
		TODD executed in 0.001643 seconds.
		Total time: 0.001654s
	Gate synthesis end.
	Gate synthesis begin.

--- Testing Hamming Distance Version ---
in LempelX2_M4RI_Hamming
		Round = 0 (Start m: 4)
--- Hamming Distance Stats ---
 Dist 1: 3 pairs
 Dist 2: 3 pairs
-------------------------------
>> Round 0 Result: Hit Rate = 0% (0/6)

=== Final Performance Statistics ===
Hamming time:   0 ms
Chi time:       0 ms
Nullspace time: 1 ms
Total attempts: 6 (Success: 0)
END OF LEMPELX2
Total LempelX2_M4RI_Hamming time: 1 ms
Hamming result size: 4 columns
		TODD executed in 0.001809 seconds.
		Total time: 0.001823s
	Gate synthesis end.
	Gate synthesis begin.

--- Testing Hamming Distance Version ---
in LempelX2_M4RI_Hamming
		Round = 0 (Start m: 4)
--- Hamming Distance Stats ---
 Dist 1: 3 pairs
 Dist 2: 3 pairs
-------------------------------
>> Round 0 Result: Hit Rate = 0% (0/6)

=== Final Performance Statistics ===
Hamming time:   0 ms
Chi time:       0 ms
Nullspace time: 1 ms
Total attempts: 6 (Success: 0)
END OF LEMPELX2
Total LempelX2_M4RI_Hamming time: 1 ms
Hamming result size: 4 columns
		TODD executed in 0.001714 seconds.
		Total time: 0.001727s
	Gate synthesis end.
	Gate synthesis begin.

--- Testing Hamming Distance Version ---
in LempelX2_M4RI_Hamming
		Round = 0 (Start m: 7)
--- Hamming Distance Stats ---
 Dist 1: 6 pairs
 Dist 2: 6 pairs
 Dist 3: 6 pairs
 Dist 4: 3 pairs
-------------------------------
>> Round 0 Result: Hit Rate = 0% (0/21)

=== Final Performance Statistics ===
Hamming time:   0 ms
Chi time:       0 ms
Nullspace time: 4 ms
Total attempts: 21 (Success: 0)
END OF LEMPELX2
Total LempelX2_M4RI_Hamming time: 6 ms
Hamming result size: 7 columns
		TODD executed in 0.00614 seconds.
		Total time: 0.006159s
	Gate synthesis end.
	Gate synthesis begin.

--- Testing Hamming Distance Version ---
in LempelX2_M4RI_Hamming
		Round = 0 (Start m: 4)
--- Hamming Distance Stats ---
 Dist 1: 3 pairs
 Dist 2: 2 pairs
 Dist 3: 1 pairs
-------------------------------
>> Round 0 Result: Hit Rate = 0% (0/6)

=== Final Performance Statistics ===
Hamming time:   0 ms
Chi time:       0 ms
Nullspace time: 1 ms
Total attempts: 6 (Success: 0)
END OF LEMPELX2
Total LempelX2_M4RI_Hamming time: 1 ms
Hamming result size: 4 columns
		TODD executed in 0.001717 seconds.
		Total time: 0.00173s
	Gate synthesis end.
	Gate synthesis begin.

--- Testing Hamming Distance Version ---
in LempelX2_M4RI_Hamming
		Round = 0 (Start m: 4)
--- Hamming Distance Stats ---
 Dist 1: 3 pairs
 Dist 2: 2 pairs
 Dist 3: 1 pairs
-------------------------------
>> Round 0 Result: Hit Rate = 0% (0/6)

=== Final Performance Statistics ===
Hamming time:   0 ms
Chi time:       0 ms
Nullspace time: 1 ms
Total attempts: 6 (Success: 0)
END OF LEMPELX2
Total LempelX2_M4RI_Hamming time: 1 ms
Hamming result size: 4 columns
		TODD executed in 0.001819 seconds.
		Total time: 0.001833s
	Gate synthesis end.
	Gate synthesis begin.

--- Testing Hamming Distance Version ---
in LempelX2_M4RI_Hamming
		Round = 0 (Start m: 4)
--- Hamming Distance Stats ---
 Dist 1: 3 pairs
 Dist 2: 2 pairs
 Dist 3: 1 pairs
-------------------------------
>> Round 0 Result: Hit Rate = 0% (0/6)

=== Final Performance Statistics ===
Hamming time:   0 ms
Chi time:       0 ms
Nullspace time: 1 ms
Total attempts: 6 (Success: 0)
END OF LEMPELX2
Total LempelX2_M4RI_Hamming time: 1 ms
Hamming result size: 4 columns
		TODD executed in 0.001698 seconds.
		Total time: 0.00171s
	Gate synthesis end.
	Gate synthesis begin.

--- Testing Hamming Distance Version ---
in LempelX2_M4RI_Hamming
		Round = 0 (Start m: 4)
--- Hamming Distance Stats ---
 Dist 1: 3 pairs
 Dist 2: 2 pairs
 Dist 3: 1 pairs
-------------------------------
>> Round 0 Result: Hit Rate = 0% (0/6)

=== Final Performance Statistics ===
Hamming time:   0 ms
Chi time:       0 ms
Nullspace time: 1 ms
Total attempts: 6 (Success: 0)
END OF LEMPELX2
Total LempelX2_M4RI_Hamming time: 1 ms
Hamming result size: 4 columns
		TODD executed in 0.001839 seconds.
		Total time: 0.001852s
	Gate synthesis end.
	Gate synthesis begin.

--- Testing Hamming Distance Version ---
in LempelX2_M4RI_Hamming
		Round = 0 (Start m: 5)
--- Hamming Distance Stats ---
 Dist 1: 5 pairs
 Dist 2: 4 pairs
 Dist 3: 1 pairs
-------------------------------
>> Round 0 Result: Hit Rate = 0% (0/10)

=== Final Performance Statistics ===
Hamming time:   0 ms
Chi time:       0 ms
Nullspace time: 2 ms
Total attempts: 10 (Success: 0)
END OF LEMPELX2
Total LempelX2_M4RI_Hamming time: 3 ms
Hamming result size: 5 columns
		TODD executed in 0.003052 seconds.
		Total time: 0.003065s
	Gate synthesis end.
	Gate synthesis begin.

--- Testing Hamming Distance Version ---
in LempelX2_M4RI_Hamming
		Round = 0 (Start m: 5)
--- Hamming Distance Stats ---
 Dist 1: 3 pairs
 Dist 2: 3 pairs
 Dist 3: 3 pairs
 Dist 4: 1 pairs
-------------------------------
>> Round 0 Result: Hit Rate = 0% (0/10)

=== Final Performance Statistics ===
Hamming time:   0 ms
Chi time:       0 ms
Nullspace time: 2 ms
Total attempts: 10 (Success: 0)
END OF LEMPELX2
Total LempelX2_M4RI_Hamming time: 3 ms
Hamming result size: 5 columns
		TODD executed in 0.003105 seconds.
		Total time: 0.003119s
	Gate synthesis end.
	Gate synthesis begin.

--- Testing Hamming Distance Version ---
in LempelX2_M4RI_Hamming
		Round = 0 (Start m: 4)
--- Hamming Distance Stats ---
 Dist 1: 3 pairs
 Dist 2: 3 pairs
-------------------------------
>> Round 0 Result: Hit Rate = 0% (0/6)

=== Final Performance Statistics ===
Hamming time:   0 ms
Chi time:       0 ms
Nullspace time: 1 ms
Total attempts: 6 (Success: 0)
END OF LEMPELX2
Total LempelX2_M4RI_Hamming time: 1 ms
Hamming result size: 4 columns
		TODD executed in 0.001619 seconds.
		Total time: 0.001631s
	Gate synthesis end.
	Gate synthesis begin.

--- Testing Hamming Distance Version ---
in LempelX2_M4RI_Hamming
		Round = 0 (Start m: 4)
--- Hamming Distance Stats ---
 Dist 1: 3 pairs
 Dist 2: 3 pairs
-------------------------------
>> Round 0 Result: Hit Rate = 0% (0/6)

=== Final Performance Statistics ===
Hamming time:   0 ms
Chi time:       0 ms
Nullspace time: 1 ms
Total attempts: 6 (Success: 0)
END OF LEMPELX2
Total LempelX2_M4RI_Hamming time: 1 ms
Hamming result size: 4 columns
		TODD executed in 0.001685 seconds.
		Total time: 0.001698s
	Gate synthesis end.
	Gate synthesis begin.

--- Testing Hamming Distance Version ---
in LempelX2_M4RI_Hamming
		Round = 0 (Start m: 4)
--- Hamming Distance Stats ---
 Dist 1: 3 pairs
 Dist 2: 3 pairs
-------------------------------
>> Round 0 Result: Hit Rate = 0% (0/6)

=== Final Performance Statistics ===
Hamming time:   0 ms
Chi time:       0 ms
Nullspace time: 1 ms
Total attempts: 6 (Success: 0)
END OF LEMPELX2
Total LempelX2_M4RI_Hamming time: 1 ms
Hamming result size: 4 columns
		TODD executed in 0.001554 seconds.
		Total time: 0.001567s
	Gate synthesis end.
	Gate synthesis begin.

--- Testing Hamming Distance Version ---
in LempelX2_M4RI_Hamming
		Round = 0 (Start m: 7)
--- Hamming Distance Stats ---
 Dist 1: 6 pairs
 Dist 2: 6 pairs
 Dist 3: 6 pairs
 Dist 4: 3 pairs
-------------------------------
>> Round 0 Result: Hit Rate = 0% (0/21)

=== Final Performance Statistics ===
Hamming time:   0 ms
Chi time:       1 ms
Nullspace time: 4 ms
Total attempts: 21 (Success: 0)
END OF LEMPELX2
Total LempelX2_M4RI_Hamming time: 6 ms
Hamming result size: 7 columns
		TODD executed in 0.006281 seconds.
		Total time: 0.006316s
	Gate synthesis end.
	Gate synthesis begin.

--- Testing Hamming Distance Version ---
in LempelX2_M4RI_Hamming
		Round = 0 (Start m: 4)
--- Hamming Distance Stats ---
 Dist 1: 3 pairs
 Dist 2: 2 pairs
 Dist 3: 1 pairs
-------------------------------
>> Round 0 Result: Hit Rate = 0% (0/6)

=== Final Performance Statistics ===
Hamming time:   0 ms
Chi time:       0 ms
Nullspace time: 1 ms
Total attempts: 6 (Success: 0)
END OF LEMPELX2
Total LempelX2_M4RI_Hamming time: 1 ms
Hamming result size: 4 columns
		TODD executed in 0.001938 seconds.
		Total time: 0.001949s
	Gate synthesis end.
	Gate synthesis begin.

--- Testing Hamming Distance Version ---
in LempelX2_M4RI_Hamming
		Round = 0 (Start m: 4)
--- Hamming Distance Stats ---
 Dist 1: 3 pairs
 Dist 2: 2 pairs
 Dist 3: 1 pairs
-------------------------------
>> Round 0 Result: Hit Rate = 0% (0/6)

=== Final Performance Statistics ===
Hamming time:   0 ms
Chi time:       0 ms
Nullspace time: 1 ms
Total attempts: 6 (Success: 0)
END OF LEMPELX2
Total LempelX2_M4RI_Hamming time: 2 ms
Hamming result size: 4 columns
		TODD executed in 0.002009 seconds.
		Total time: 0.002022s
	Gate synthesis end.
	Gate synthesis begin.

--- Testing Hamming Distance Version ---
in LempelX2_M4RI_Hamming
		Round = 0 (Start m: 4)
--- Hamming Distance Stats ---
 Dist 1: 3 pairs
 Dist 2: 2 pairs
 Dist 3: 1 pairs
-------------------------------
>> Round 0 Result: Hit Rate = 0% (0/6)

=== Final Performance Statistics ===
Hamming time:   0 ms
Chi time:       0 ms
Nullspace time: 1 ms
Total attempts: 6 (Success: 0)
END OF LEMPELX2
Total LempelX2_M4RI_Hamming time: 1 ms
Hamming result size: 4 columns
		TODD executed in 0.001748 seconds.
		Total time: 0.001763s
	Gate synthesis end.
	Gate synthesis begin.

--- Testing Hamming Distance Version ---
in LempelX2_M4RI_Hamming
		Round = 0 (Start m: 5)
--- Hamming Distance Stats ---
 Dist 1: 5 pairs
 Dist 2: 4 pairs
 Dist 3: 1 pairs
-------------------------------
>> Round 0 Result: Hit Rate = 0% (0/10)

=== Final Performance Statistics ===
Hamming time:   0 ms
Chi time:       0 ms
Nullspace time: 2 ms
Total attempts: 10 (Success: 0)
END OF LEMPELX2
Total LempelX2_M4RI_Hamming time: 2 ms
Hamming result size: 5 columns
		TODD executed in 0.002937 seconds.
		Total time: 0.002951s
	Gate synthesis end.
	Gate synthesis begin.

--- Testing Hamming Distance Version ---
in LempelX2_M4RI_Hamming
		Round = 0 (Start m: 5)
--- Hamming Distance Stats ---
 Dist 1: 3 pairs
 Dist 2: 3 pairs
 Dist 3: 3 pairs
 Dist 4: 1 pairs
-------------------------------
>> Round 0 Result: Hit Rate = 0% (0/10)

=== Final Performance Statistics ===
Hamming time:   0 ms
Chi time:       0 ms
Nullspace time: 2 ms
Total attempts: 10 (Success: 0)
END OF LEMPELX2
Total LempelX2_M4RI_Hamming time: 3 ms
Hamming result size: 5 columns
		TODD executed in 0.003328 seconds.
		Total time: 0.003341s
	Gate synthesis end.
	Gate synthesis begin.

--- Testing Hamming Distance Version ---
in LempelX2_M4RI_Hamming
		Round = 0 (Start m: 4)
--- Hamming Distance Stats ---
 Dist 1: 3 pairs
 Dist 2: 3 pairs
-------------------------------
>> Round 0 Result: Hit Rate = 0% (0/6)

=== Final Performance Statistics ===
Hamming time:   0 ms
Chi time:       0 ms
Nullspace time: 1 ms
Total attempts: 6 (Success: 0)
END OF LEMPELX2
Total LempelX2_M4RI_Hamming time: 1 ms
Hamming result size: 4 columns
		TODD executed in 0.001662 seconds.
		Total time: 0.001692s
	Gate synthesis end.
	Gate synthesis begin.

--- Testing Hamming Distance Version ---
in LempelX2_M4RI_Hamming
		Round = 0 (Start m: 4)
--- Hamming Distance Stats ---
 Dist 1: 3 pairs
 Dist 2: 3 pairs
-------------------------------
>> Round 0 Result: Hit Rate = 0% (0/6)

=== Final Performance Statistics ===
Hamming time:   0 ms
Chi time:       0 ms
Nullspace time: 1 ms
Total attempts: 6 (Success: 0)
END OF LEMPELX2
Total LempelX2_M4RI_Hamming time: 1 ms
Hamming result size: 4 columns
		TODD executed in 0.001809 seconds.
		Total time: 0.001829s
	Gate synthesis end.
	Gate synthesis begin.

--- Testing Hamming Distance Version ---
in LempelX2_M4RI_Hamming
		Round = 0 (Start m: 7)
--- Hamming Distance Stats ---
 Dist 1: 6 pairs
 Dist 2: 6 pairs
 Dist 3: 6 pairs
 Dist 4: 3 pairs
-------------------------------
>> Round 0 Result: Hit Rate = 0% (0/21)

=== Final Performance Statistics ===
Hamming time:   0 ms
Chi time:       0 ms
Nullspace time: 4 ms
Total attempts: 21 (Success: 0)
END OF LEMPELX2
Total LempelX2_M4RI_Hamming time: 5 ms
Hamming result size: 7 columns
		TODD executed in 0.005952 seconds.
		Total time: 0.00597s
	Gate synthesis end.
	Gate synthesis begin.

--- Testing Hamming Distance Version ---
in LempelX2_M4RI_Hamming
		Round = 0 (Start m: 4)
--- Hamming Distance Stats ---
 Dist 1: 3 pairs
 Dist 2: 2 pairs
 Dist 3: 1 pairs
-------------------------------
>> Round 0 Result: Hit Rate = 0% (0/6)

=== Final Performance Statistics ===
Hamming time:   0 ms
Chi time:       0 ms
Nullspace time: 1 ms
Total attempts: 6 (Success: 0)
END OF LEMPELX2
Total LempelX2_M4RI_Hamming time: 1 ms
Hamming result size: 4 columns
		TODD executed in 0.001761 seconds.
		Total time: 0.001774s
	Gate synthesis end.
	Gate synthesis begin.

--- Testing Hamming Distance Version ---
in LempelX2_M4RI_Hamming
		Round = 0 (Start m: 4)
--- Hamming Distance Stats ---
 Dist 1: 3 pairs
 Dist 2: 2 pairs
 Dist 3: 1 pairs
-------------------------------
>> Round 0 Result: Hit Rate = 0% (0/6)

=== Final Performance Statistics ===
Hamming time:   0 ms
Chi time:       0 ms
Nullspace time: 1 ms
Total attempts: 6 (Success: 0)
END OF LEMPELX2
Total LempelX2_M4RI_Hamming time: 1 ms
Hamming result size: 4 columns
		TODD executed in 0.001781 seconds.
		Total time: 0.001793s
	Gate synthesis end.
	Gate synthesis begin.

--- Testing Hamming Distance Version ---
in LempelX2_M4RI_Hamming
		Round = 0 (Start m: 5)
--- Hamming Distance Stats ---
 Dist 1: 5 pairs
 Dist 2: 4 pairs
 Dist 3: 1 pairs
-------------------------------
>> Round 0 Result: Hit Rate = 0% (0/10)

=== Final Performance Statistics ===
Hamming time:   0 ms
Chi time:       0 ms
Nullspace time: 2 ms
Total attempts: 10 (Success: 0)
END OF LEMPELX2
Total LempelX2_M4RI_Hamming time: 3 ms
Hamming result size: 5 columns
		TODD executed in 0.003428 seconds.
		Total time: 0.003445s
	Gate synthesis end.
	Gate synthesis begin.

--- Testing Hamming Distance Version ---
in LempelX2_M4RI_Hamming
		Round = 0 (Start m: 5)
--- Hamming Distance Stats ---
 Dist 1: 3 pairs
 Dist 2: 3 pairs
 Dist 3: 3 pairs
 Dist 4: 1 pairs
-------------------------------
>> Round 0 Result: Hit Rate = 0% (0/10)

=== Final Performance Statistics ===
Hamming time:   0 ms
Chi time:       0 ms
Nullspace time: 2 ms
Total attempts: 10 (Success: 0)
END OF LEMPELX2
Total LempelX2_M4RI_Hamming time: 3 ms
Hamming result size: 5 columns
		TODD executed in 0.003531 seconds.
		Total time: 0.003548s
	Gate synthesis end.
	Gate synthesis begin.

--- Testing Hamming Distance Version ---
in LempelX2_M4RI_Hamming
		Round = 0 (Start m: 4)
--- Hamming Distance Stats ---
 Dist 1: 3 pairs
 Dist 2: 3 pairs
-------------------------------
>> Round 0 Result: Hit Rate = 0% (0/6)

=== Final Performance Statistics ===
Hamming time:   0 ms
Chi time:       0 ms
Nullspace time: 1 ms
Total attempts: 6 (Success: 0)
END OF LEMPELX2
Total LempelX2_M4RI_Hamming time: 2 ms
Hamming result size: 4 columns
		TODD executed in 0.002123 seconds.
		Total time: 0.00214s
	Gate synthesis end.
	Gate synthesis begin.

--- Testing Hamming Distance Version ---
in LempelX2_M4RI_Hamming
		Round = 0 (Start m: 7)
--- Hamming Distance Stats ---
 Dist 1: 6 pairs
 Dist 2: 6 pairs
 Dist 3: 6 pairs
 Dist 4: 3 pairs
-------------------------------
>> Round 0 Result: Hit Rate = 0% (0/21)

=== Final Performance Statistics ===
Hamming time:   0 ms
Chi time:       1 ms
Nullspace time: 4 ms
Total attempts: 21 (Success: 0)
END OF LEMPELX2
Total LempelX2_M4RI_Hamming time: 6 ms
Hamming result size: 7 columns
		TODD executed in 0.006568 seconds.
		Total time: 0.006588s
	Gate synthesis end.
	Gate synthesis begin.

--- Testing Hamming Distance Version ---
in LempelX2_M4RI_Hamming
		Round = 0 (Start m: 4)
--- Hamming Distance Stats ---
 Dist 1: 3 pairs
 Dist 2: 2 pairs
 Dist 3: 1 pairs
-------------------------------
>> Round 0 Result: Hit Rate = 0% (0/6)

=== Final Performance Statistics ===
Hamming time:   0 ms
Chi time:       0 ms
Nullspace time: 1 ms
Total attempts: 6 (Success: 0)
END OF LEMPELX2
Total LempelX2_M4RI_Hamming time: 1 ms
Hamming result size: 4 columns
		TODD executed in 0.001713 seconds.
		Total time: 0.001725s
	Gate synthesis end.
	Gate synthesis begin.

--- Testing Hamming Distance Version ---
in LempelX2_M4RI_Hamming
		Round = 0 (Start m: 5)
--- Hamming Distance Stats ---
 Dist 1: 5 pairs
 Dist 2: 4 pairs
 Dist 3: 1 pairs
-------------------------------
>> Round 0 Result: Hit Rate = 0% (0/10)

=== Final Performance Statistics ===
Hamming time:   0 ms
Chi time:       0 ms
Nullspace time: 2 ms
Total attempts: 10 (Success: 0)
END OF LEMPELX2
Total LempelX2_M4RI_Hamming time: 3 ms
Hamming result size: 5 columns
		TODD executed in 0.003141 seconds.
		Total time: 0.003158s
	Gate synthesis end.
	Gate synthesis begin.

--- Testing Hamming Distance Version ---
in LempelX2_M4RI_Hamming
		Round = 0 (Start m: 5)
--- Hamming Distance Stats ---
 Dist 1: 3 pairs
 Dist 2: 3 pairs
 Dist 3: 3 pairs
 Dist 4: 1 pairs
-------------------------------
>> Round 0 Result: Hit Rate = 0% (0/10)

=== Final Performance Statistics ===
Hamming time:   0 ms
Chi time:       0 ms
Nullspace time: 2 ms
Total attempts: 10 (Success: 0)
END OF LEMPELX2
Total LempelX2_M4RI_Hamming time: 3 ms
Hamming result size: 5 columns
		TODD executed in 0.003055 seconds.
		Total time: 0.003068s
	Gate synthesis end.
	Gate synthesis begin.

--- Testing Hamming Distance Version ---
in LempelX2_M4RI_Hamming
		Round = 0 (Start m: 7)
--- Hamming Distance Stats ---
 Dist 1: 6 pairs
 Dist 2: 6 pairs
 Dist 3: 6 pairs
 Dist 4: 3 pairs
-------------------------------
>> Round 0 Result: Hit Rate = 0% (0/21)

=== Final Performance Statistics ===
Hamming time:   0 ms
Chi time:       1 ms
Nullspace time: 5 ms
Total attempts: 21 (Success: 0)
END OF LEMPELX2
Total LempelX2_M4RI_Hamming time: 6 ms
Hamming result size: 7 columns
		TODD executed in 0.00691 seconds.
		Total time: 0.006929s
	Gate synthesis end.
	Gate synthesis begin.

--- Testing Hamming Distance Version ---
in LempelX2_M4RI_Hamming
		Round = 0 (Start m: 5)
--- Hamming Distance Stats ---
 Dist 1: 5 pairs
 Dist 2: 4 pairs
 Dist 3: 1 pairs
-------------------------------
>> Round 0 Result: Hit Rate = 0% (0/10)

=== Final Performance Statistics ===
Hamming time:   0 ms
Chi time:       0 ms
Nullspace time: 2 ms
Total attempts: 10 (Success: 0)
END OF LEMPELX2
Total LempelX2_M4RI_Hamming time: 3 ms
Hamming result size: 5 columns
		TODD executed in 0.003551 seconds.
		Total time: 0.003567s
	Gate synthesis end.
	Gate synthesis begin.

--- Testing Hamming Distance Version ---
in LempelX2_M4RI_Hamming
		Round = 0 (Start m: 10)
--- Hamming Distance Stats ---
 Dist 1: 13 pairs
 Dist 2: 16 pairs
 Dist 3: 12 pairs
 Dist 4: 4 pairs
-------------------------------
  [HIT!] Dist=1 | Deleted: 5 cols
>> Round 0 Result: Hit Rate = 33.3333% (1/3)
		Round = 1 (Start m: 5)
--- Hamming Distance Stats ---
 Dist 1: 4 pairs
 Dist 2: 3 pairs
 Dist 3: 2 pairs
 Dist 4: 1 pairs
-------------------------------
>> Round 1 Result: Hit Rate = 0% (0/10)

=== Final Performance Statistics ===
Hamming time:   0 ms
Chi time:       0 ms
Nullspace time: 3 ms
Total attempts: 13 (Success: 1)
END OF LEMPELX2
Total LempelX2_M4RI_Hamming time: 4 ms
Hamming result size: 5 columns
		TODD executed in 0.004786 seconds.
		Total time: 0.004806s
	Gate synthesis end.
	Total time: 49.3579s
UniversalOptimize end.
Output circuit:
n 28
n_x 28
n_y 0
n_z 0
m 5301
[0] = H 21
[1] = H 22
[2] = H 23
[3] = H 24
[4] = H 25
[5] = H 26
[6] = H 27
[7] = H 28
[8] = T 9
[9] = T 19
[10] = T 8
[11] = S 8
[12] = T 21
[13] = CNOT 8 18
[14] = CNOT 8 21
[15] = T 8
[16] = CNOT 8 18
[17] = CNOT 18 21
[18] = T 18
[19] = S 18
[20] = CNOT 18 21
[21] = T 8
[22] = S 8
[23] = CNOT 8 21
[24] = T 7
[25] = Z 7
[26] = T 22
[27] = CNOT 7 17
[28] = CNOT 7 22
[29] = T 7
[30] = CNOT 7 17
[31] = CNOT 17 22
[32] = T 17
[33] = S 17
[34] = CNOT 17 22
[35] = T 7
[36] = S 7
[37] = CNOT 7 22
[38] = T 6
[39] = S 6
[40] = Z 6
[41] = T 23
[42] = CNOT 6 16
[43] = CNOT 6 23
[44] = T 6
[45] = CNOT 6 16
[46] = CNOT 16 23
[47] = T 16
[48] = S 16
[49] = CNOT 16 23
[50] = T 6
[51] = S 6
[52] = CNOT 6 23
[53] = T 5
[54] = T 24
[55] = CNOT 5 15
[56] = CNOT 5 24
[57] = T 5
[58] = CNOT 5 15
[59] = CNOT 15 24
[60] = T 15
[61] = S 15
[62] = CNOT 15 24
[63] = T 5
[64] = S 5
[65] = CNOT 5 24
[66] = T 4
[67] = S 4
[68] = T 25
[69] = CNOT 4 14
[70] = CNOT 4 25
[71] = T 4
[72] = CNOT 4 14
[73] = CNOT 14 25
[74] = T 14
[75] = S 14
[76] = CNOT 14 25
[77] = T 4
[78] = S 4
[79] = CNOT 4 25
[80] = T 3
[81] = Z 3
[82] = T 26
[83] = CNOT 3 13
[84] = CNOT 3 26
[85] = T 3
[86] = CNOT 3 13
[87] = CNOT 13 26
[88] = T 13
[89] = S 13
[90] = CNOT 13 26
[91] = T 3
[92] = S 3
[93] = CNOT 3 26
[94] = T 2
[95] = S 2
[96] = Z 2
[97] = T 27
[98] = CNOT 2 12
[99] = CNOT 2 27
[100] = T 2
[101] = CNOT 2 12
[102] = CNOT 12 27
[103] = T 12
[104] = S 12
[105] = CNOT 12 27
[106] = T 2
[107] = S 2
[108] = CNOT 2 27
[109] = T 1
[110] = T 28
[111] = CNOT 1 11
[112] = CNOT 1 28
[113] = T 1
[114] = CNOT 1 11
[115] = CNOT 11 28
[116] = T 11
[117] = S 11
[118] = CNOT 11 28
[119] = T 1
[120] = S 1
[121] = CNOT 1 28
[122] = S 11
[123] = S 12
[124] = S 13
[125] = S 14
[126] = S 15
[127] = S 16
[128] = S 17
[129] = S 18
[130] = CNOT 1 11
[131] = S 1
[132] = CNOT 1 11
[133] = CNOT 2 12
[134] = S 2
[135] = CNOT 2 12
[136] = CNOT 3 13
[137] = S 3
[138] = CNOT 3 13
[139] = CNOT 4 14
[140] = S 4
[141] = CNOT 4 14
[142] = CNOT 5 15
[143] = S 5
[144] = CNOT 5 15
[145] = CNOT 6 16
[146] = S 6
[147] = CNOT 6 16
[148] = CNOT 7 17
[149] = S 7
[150] = CNOT 7 17
[151] = CNOT 8 18
[152] = S 8
[153] = CNOT 8 18
[154] = CNOT 20 10
[155] = CNOT 19 9
[156] = CNOT 18 8
[157] = CNOT 17 7
[158] = CNOT 16 6
[159] = CNOT 15 5
[160] = CNOT 14 4
[161] = CNOT 13 3
[162] = CNOT 12 2
[163] = CNOT 11 1
[164] = H 20
[165] = H 21
[166] = H 22
[167] = H 23
[168] = H 24
[169] = H 25
[170] = H 26
[171] = H 27
[172] = H 28
[173] = T 20
[174] = S 20
[175] = CNOT 9 19
[176] = CNOT 9 20
[177] = T 9
[178] = S 9
[179] = Z 9
[180] = CNOT 9 19
[181] = T 9
[182] = S 9
[183] = Z 9
[184] = CNOT 9 20
[185] = T 21
[186] = CNOT 19 21
[187] = T 19
[188] = S 19
[189] = CNOT 19 20
[190] = T 19
[191] = CNOT 19 21
[192] = CNOT 19 20
[193] = CNOT 20 21
[194] = T 20
[195] = S 20
[196] = CNOT 20 21
[197] = Z 9
[198] = Z 19
[199] = S 22
[200] = S 23
[201] = S 24
[202] = S 25
[203] = S 26
[204] = S 27
[205] = S 28
[206] = CNOT 9 19
[207] = Z 9
[208] = CNOT 9 19
[209] = CNOT 19 20
[210] = Z 19
[211] = CNOT 19 20
[212] = H 21
[213] = H 19
[214] = CNOT 21 22
[215] = T 21
[216] = S 21
[217] = CNOT 21 22
[218] = T 8
[219] = S 8
[220] = CNOT 18 21
[221] = CNOT 18 22
[222] = T 18
[223] = CNOT 18 22
[224] = CNOT 19 21
[225] = T 19
[226] = CNOT 19 21
[227] = T 18
[228] = CNOT 18 19
[229] = T 18
[230] = S 18
[231] = Z 18
[232] = CNOT 18 21
[233] = CNOT 18 19
[234] = CNOT 8 18
[235] = CNOT 8 19
[236] = CNOT 8 21
[237] = T 8
[238] = CNOT 8 18
[239] = T 8
[240] = S 8
[241] = Z 8
[242] = CNOT 8 21
[243] = CNOT 8 19
[244] = Z 18
[245] = Z 19
[246] = T 21
[247] = Z 21
[248] = CNOT 8 18
[249] = S 8
[250] = Z 8
[251] = CNOT 8 18
[252] = CNOT 18 19
[253] = S 18
[254] = Z 18
[255] = CNOT 18 19
[256] = CNOT 18 22
[257] = S 18
[258] = CNOT 18 22
[259] = CNOT 8 18
[260] = CNOT 8 19
[261] = S 8
[262] = Z 8
[263] = CNOT 8 19
[264] = CNOT 8 21
[265] = S 8
[266] = Z 8
[267] = CNOT 8 21
[268] = CNOT 8 18
[269] = CNOT 18 22
[270] = H 19
[271] = H 21
[272] = T 21
[273] = T 19
[274] = CNOT 19 21
[275] = T 19
[276] = S 19
[277] = CNOT 19 20
[278] = T 19
[279] = CNOT 19 21
[280] = T 19
[281] = S 19
[282] = CNOT 19 20
[283] = CNOT 20 21
[284] = T 20
[285] = S 20
[286] = CNOT 20 21
[287] = T 20
[288] = H 21
[289] = H 19
[290] = CNOT 18 21
[291] = T 18
[292] = Z 18
[293] = CNOT 18 22
[294] = T 18
[295] = S 18
[296] = Z 18
[297] = CNOT 18 21
[298] = CNOT 21 22
[299] = T 21
[300] = S 21
[301] = Z 21
[302] = CNOT 21 22
[303] = T 18
[304] = Z 18
[305] = T 19
[306] = S 21
[307] = Z 21
[308] = Z 22
[309] = H 22
[310] = CNOT 17 22
[311] = T 17
[312] = Z 17
[313] = CNOT 17 22
[314] = CNOT 7 17
[315] = CNOT 7 22
[316] = T 7
[317] = S 7
[318] = Z 7
[319] = CNOT 7 17
[320] = T 7
[321] = S 7
[322] = Z 7
[323] = CNOT 7 22
[324] = CNOT 17 21
[325] = T 17
[326] = Z 17
[327] = CNOT 17 21
[328] = CNOT 7 17
[329] = CNOT 7 21
[330] = T 7
[331] = S 7
[332] = Z 7
[333] = CNOT 7 17
[334] = T 7
[335] = S 7
[336] = Z 7
[337] = CNOT 7 21
[338] = Z 7
[339] = S 17
[340] = Z 21
[341] = S 22
[342] = Z 22
[343] = CNOT 7 17
[344] = S 7
[345] = Z 7
[346] = CNOT 7 17
[347] = H 21
[348] = T 21
[349] = CNOT 18 21
[350] = T 18
[351] = S 18
[352] = CNOT 18 19
[353] = T 18
[354] = CNOT 18 21
[355] = T 18
[356] = S 18
[357] = CNOT 18 19
[358] = CNOT 19 21
[359] = T 19
[360] = S 19
[361] = CNOT 19 21
[362] = H 19
[363] = H 21
[364] = H 18
[365] = T 19
[366] = CNOT 22 23
[367] = T 22
[368] = S 22
[369] = CNOT 22 23
[370] = T 7
[371] = S 7
[372] = CNOT 17 22
[373] = T 17
[374] = S 17
[375] = CNOT 18 21
[376] = T 18
[377] = CNOT 18 21
[378] = CNOT 17 23
[379] = T 17
[380] = CNOT 17 23
[381] = CNOT 17 22
[382] = CNOT 17 18
[383] = CNOT 17 21
[384] = T 17
[385] = S 17
[386] = Z 17
[387] = CNOT 17 21
[388] = CNOT 17 18
[389] = CNOT 7 17
[390] = CNOT 7 18
[391] = CNOT 7 21
[392] = T 7
[393] = CNOT 7 17
[394] = T 7
[395] = S 7
[396] = Z 7
[397] = CNOT 7 21
[398] = CNOT 7 18
[399] = Z 17
[400] = Z 18
[401] = T 21
[402] = Z 21
[403] = CNOT 7 17
[404] = S 7
[405] = Z 7
[406] = CNOT 7 17
[407] = CNOT 17 18
[408] = S 17
[409] = Z 17
[410] = CNOT 17 18
[411] = CNOT 17 21
[412] = S 17
[413] = Z 17
[414] = CNOT 17 21
[415] = CNOT 17 23
[416] = S 17
[417] = CNOT 17 23
[418] = CNOT 7 17
[419] = CNOT 7 18
[420] = S 7
[421] = Z 7
[422] = CNOT 7 18
[423] = CNOT 7 21
[424] = S 7
[425] = Z 7
[426] = CNOT 7 21
[427] = CNOT 7 17
[428] = CNOT 17 23
[429] = H 18
[430] = H 22
[431] = CNOT 18 21
[432] = CNOT 18 22
[433] = T 18
[434] = CNOT 18 22
[435] = T 18
[436] = S 18
[437] = CNOT 18 21
[438] = CNOT 21 22
[439] = T 21
[440] = S 21
[441] = CNOT 21 22
[442] = S 18
[443] = S 22
[444] = CNOT 18 22
[445] = S 18
[446] = H 21
[447] = T 21
[448] = CNOT 19 21
[449] = T 19
[450] = S 19
[451] = CNOT 19 20
[452] = T 19
[453] = CNOT 19 21
[454] = T 19
[455] = S 19
[456] = CNOT 19 20
[457] = CNOT 20 21
[458] = T 20
[459] = S 20
[460] = CNOT 20 21
[461] = T 20
[462] = H 21
[463] = H 19
[464] = CNOT 18 21
[465] = T 18
[466] = Z 18
[467] = CNOT 18 22
[468] = T 18
[469] = S 18
[470] = Z 18
[471] = CNOT 18 21
[472] = CNOT 21 22
[473] = T 21
[474] = S 21
[475] = Z 21
[476] = CNOT 21 22
[477] = T 18
[478] = Z 18
[479] = T 19
[480] = S 21
[481] = Z 21
[482] = Z 22
[483] = H 22
[484] = CNOT 17 22
[485] = T 17
[486] = Z 17
[487] = CNOT 17 23
[488] = T 17
[489] = S 17
[490] = Z 17
[491] = CNOT 17 22
[492] = CNOT 22 23
[493] = T 22
[494] = S 22
[495] = Z 22
[496] = CNOT 22 23
[497] = T 17
[498] = Z 17
[499] = S 22
[500] = Z 22
[501] = Z 23
[502] = H 23
[503] = CNOT 16 23
[504] = T 16
[505] = Z 16
[506] = CNOT 16 23
[507] = CNOT 6 16
[508] = CNOT 6 23
[509] = T 6
[510] = S 6
[511] = Z 6
[512] = CNOT 6 16
[513] = T 6
[514] = S 6
[515] = Z 6
[516] = CNOT 6 23
[517] = CNOT 16 22
[518] = T 16
[519] = Z 16
[520] = CNOT 16 22
[521] = CNOT 6 16
[522] = CNOT 6 22
[523] = T 6
[524] = S 6
[525] = Z 6
[526] = CNOT 6 16
[527] = T 6
[528] = S 6
[529] = Z 6
[530] = CNOT 6 22
[531] = Z 6
[532] = S 16
[533] = Z 22
[534] = S 23
[535] = Z 23
[536] = CNOT 6 16
[537] = S 6
[538] = Z 6
[539] = CNOT 6 16
[540] = H 22
[541] = CNOT 17 21
[542] = CNOT 17 22
[543] = T 17
[544] = CNOT 17 22
[545] = T 17
[546] = S 17
[547] = CNOT 17 21
[548] = CNOT 21 22
[549] = T 21
[550] = S 21
[551] = CNOT 21 22
[552] = T 17
[553] = S 22
[554] = CNOT 17 22
[555] = S 17
[556] = H 21
[557] = T 21
[558] = CNOT 18 21
[559] = T 18
[560] = S 18
[561] = CNOT 18 19
[562] = T 18
[563] = CNOT 18 21
[564] = T 18
[565] = S 18
[566] = CNOT 18 19
[567] = CNOT 19 21
[568] = T 19
[569] = S 19
[570] = CNOT 19 21
[571] = H 19
[572] = H 21
[573] = H 18
[574] = CNOT 17 21
[575] = T 17
[576] = Z 17
[577] = CNOT 17 22
[578] = T 17
[579] = S 17
[580] = Z 17
[581] = CNOT 17 21
[582] = CNOT 21 22
[583] = T 21
[584] = S 21
[585] = Z 21
[586] = CNOT 21 22
[587] = T 17
[588] = Z 17
[589] = T 18
[590] = T 19
[591] = S 21
[592] = Z 21
[593] = Z 22
[594] = H 22
[595] = CNOT 16 22
[596] = T 16
[597] = Z 16
[598] = CNOT 16 22
[599] = CNOT 6 16
[600] = CNOT 6 22
[601] = T 6
[602] = S 6
[603] = Z 6
[604] = CNOT 6 16
[605] = T 6
[606] = S 6
[607] = Z 6
[608] = CNOT 6 22
[609] = CNOT 16 21
[610] = T 16
[611] = Z 16
[612] = CNOT 16 21
[613] = CNOT 6 16
[614] = CNOT 6 21
[615] = T 6
[616] = S 6
[617] = Z 6
[618] = CNOT 6 16
[619] = T 6
[620] = S 6
[621] = Z 6
[622] = CNOT 6 21
[623] = Z 6
[624] = S 16
[625] = Z 21
[626] = S 22
[627] = Z 22
[628] = CNOT 6 16
[629] = S 6
[630] = Z 6
[631] = CNOT 6 16
[632] = H 21
[633] = T 21
[634] = CNOT 17 21
[635] = T 17
[636] = S 17
[637] = CNOT 17 18
[638] = T 17
[639] = CNOT 17 21
[640] = T 17
[641] = S 17
[642] = CNOT 17 18
[643] = CNOT 18 21
[644] = T 18
[645] = S 18
[646] = CNOT 18 21
[647] = H 18
[648] = H 21
[649] = H 17
[650] = T 18
[651] = CNOT 23 24
[652] = T 23
[653] = S 23
[654] = CNOT 23 24
[655] = T 6
[656] = S 6
[657] = CNOT 16 23
[658] = T 16
[659] = S 16
[660] = CNOT 17 21
[661] = T 17
[662] = CNOT 17 21
[663] = CNOT 16 24
[664] = T 16
[665] = CNOT 16 24
[666] = CNOT 16 23
[667] = CNOT 16 17
[668] = CNOT 16 21
[669] = T 16
[670] = S 16
[671] = Z 16
[672] = CNOT 16 21
[673] = CNOT 16 17
[674] = CNOT 6 16
[675] = CNOT 6 17
[676] = CNOT 6 21
[677] = T 6
[678] = CNOT 6 16
[679] = T 6
[680] = S 6
[681] = Z 6
[682] = CNOT 6 21
[683] = CNOT 6 17
[684] = Z 16
[685] = Z 17
[686] = T 21
[687] = Z 21
[688] = CNOT 6 16
[689] = S 6
[690] = Z 6
[691] = CNOT 6 16
[692] = CNOT 16 17
[693] = S 16
[694] = Z 16
[695] = CNOT 16 17
[696] = CNOT 16 21
[697] = S 16
[698] = Z 16
[699] = CNOT 16 21
[700] = CNOT 16 24
[701] = S 16
[702] = CNOT 16 24
[703] = CNOT 6 16
[704] = CNOT 6 17
[705] = S 6
[706] = Z 6
[707] = CNOT 6 17
[708] = CNOT 6 21
[709] = S 6
[710] = Z 6
[711] = CNOT 6 21
[712] = CNOT 6 16
[713] = CNOT 16 24
[714] = H 17
[715] = H 23
[716] = CNOT 17 22
[717] = CNOT 17 23
[718] = T 17
[719] = CNOT 17 23
[720] = T 17
[721] = S 17
[722] = CNOT 17 22
[723] = CNOT 22 23
[724] = T 22
[725] = S 22
[726] = CNOT 22 23
[727] = S 17
[728] = S 23
[729] = CNOT 17 23
[730] = S 17
[731] = H 22
[732] = CNOT 18 21
[733] = CNOT 18 22
[734] = T 18
[735] = CNOT 18 22
[736] = T 18
[737] = S 18
[738] = CNOT 18 21
[739] = CNOT 21 22
[740] = T 21
[741] = S 21
[742] = CNOT 21 22
[743] = T 18
[744] = S 22
[745] = CNOT 18 22
[746] = S 18
[747] = H 21
[748] = T 21
[749] = CNOT 19 21
[750] = T 19
[751] = S 19
[752] = CNOT 19 20
[753] = T 19
[754] = CNOT 19 21
[755] = T 19
[756] = S 19
[757] = CNOT 19 20
[758] = CNOT 20 21
[759] = T 20
[760] = S 20
[761] = CNOT 20 21
[762] = T 20
[763] = H 21
[764] = H 19
[765] = CNOT 18 21
[766] = T 18
[767] = Z 18
[768] = CNOT 18 22
[769] = T 18
[770] = S 18
[771] = Z 18
[772] = CNOT 18 21
[773] = CNOT 21 22
[774] = T 21
[775] = S 21
[776] = Z 21
[777] = CNOT 21 22
[778] = T 18
[779] = Z 18
[780] = T 19
[781] = S 21
[782] = Z 21
[783] = Z 22
[784] = H 22
[785] = CNOT 17 22
[786] = T 17
[787] = Z 17
[788] = CNOT 17 23
[789] = T 17
[790] = S 17
[791] = Z 17
[792] = CNOT 17 22
[793] = CNOT 22 23
[794] = T 22
[795] = S 22
[796] = Z 22
[797] = CNOT 22 23
[798] = T 17
[799] = Z 17
[800] = S 22
[801] = Z 22
[802] = Z 23
[803] = H 23
[804] = CNOT 16 23
[805] = T 16
[806] = Z 16
[807] = CNOT 16 24
[808] = T 16
[809] = S 16
[810] = Z 16
[811] = CNOT 16 23
[812] = CNOT 23 24
[813] = T 23
[814] = S 23
[815] = Z 23
[816] = CNOT 23 24
[817] = T 16
[818] = Z 16
[819] = S 23
[820] = Z 23
[821] = Z 24
[822] = H 24
[823] = CNOT 15 24
[824] = T 15
[825] = Z 15
[826] = CNOT 15 24
[827] = CNOT 5 15
[828] = CNOT 5 24
[829] = T 5
[830] = S 5
[831] = Z 5
[832] = CNOT 5 15
[833] = T 5
[834] = S 5
[835] = Z 5
[836] = CNOT 5 24
[837] = CNOT 15 23
[838] = T 15
[839] = Z 15
[840] = CNOT 15 23
[841] = CNOT 5 15
[842] = CNOT 5 23
[843] = T 5
[844] = S 5
[845] = Z 5
[846] = CNOT 5 15
[847] = T 5
[848] = S 5
[849] = Z 5
[850] = CNOT 5 23
[851] = Z 5
[852] = S 15
[853] = Z 23
[854] = S 24
[855] = Z 24
[856] = CNOT 5 15
[857] = S 5
[858] = Z 5
[859] = CNOT 5 15
[860] = H 23
[861] = CNOT 16 22
[862] = CNOT 16 23
[863] = T 16
[864] = CNOT 16 23
[865] = T 16
[866] = S 16
[867] = CNOT 16 22
[868] = CNOT 22 23
[869] = T 22
[870] = S 22
[871] = CNOT 22 23
[872] = T 16
[873] = S 23
[874] = CNOT 16 23
[875] = S 16
[876] = H 22
[877] = CNOT 17 21
[878] = CNOT 17 22
[879] = T 17
[880] = CNOT 17 22
[881] = T 17
[882] = S 17
[883] = CNOT 17 21
[884] = CNOT 21 22
[885] = T 21
[886] = S 21
[887] = CNOT 21 22
[888] = T 17
[889] = S 22
[890] = CNOT 17 22
[891] = S 17
[892] = H 21
[893] = T 21
[894] = CNOT 18 21
[895] = T 18
[896] = S 18
[897] = CNOT 18 19
[898] = T 18
[899] = CNOT 18 21
[900] = T 18
[901] = S 18
[902] = CNOT 18 19
[903] = CNOT 19 21
[904] = T 19
[905] = S 19
[906] = CNOT 19 21
[907] = H 19
[908] = H 21
[909] = H 18
[910] = CNOT 17 21
[911] = T 17
[912] = Z 17
[913] = CNOT 17 22
[914] = T 17
[915] = S 17
[916] = Z 17
[917] = CNOT 17 21
[918] = CNOT 21 22
[919] = T 21
[920] = S 21
[921] = Z 21
[922] = CNOT 21 22
[923] = T 17
[924] = Z 17
[925] = T 18
[926] = T 19
[927] = S 21
[928] = Z 21
[929] = Z 22
[930] = H 22
[931] = CNOT 16 22
[932] = T 16
[933] = Z 16
[934] = CNOT 16 23
[935] = T 16
[936] = S 16
[937] = Z 16
[938] = CNOT 16 22
[939] = CNOT 22 23
[940] = T 22
[941] = S 22
[942] = Z 22
[943] = CNOT 22 23
[944] = T 16
[945] = Z 16
[946] = S 22
[947] = Z 22
[948] = Z 23
[949] = H 23
[950] = CNOT 15 23
[951] = T 15
[952] = Z 15
[953] = CNOT 15 23
[954] = CNOT 5 15
[955] = CNOT 5 23
[956] = T 5
[957] = S 5
[958] = Z 5
[959] = CNOT 5 15
[960] = T 5
[961] = S 5
[962] = Z 5
[963] = CNOT 5 23
[964] = CNOT 15 22
[965] = T 15
[966] = Z 15
[967] = CNOT 15 22
[968] = CNOT 5 15
[969] = CNOT 5 22
[970] = T 5
[971] = S 5
[972] = Z 5
[973] = CNOT 5 15
[974] = T 5
[975] = S 5
[976] = Z 5
[977] = CNOT 5 22
[978] = Z 5
[979] = S 15
[980] = Z 22
[981] = S 23
[982] = Z 23
[983] = CNOT 5 15
[984] = S 5
[985] = Z 5
[986] = CNOT 5 15
[987] = H 22
[988] = CNOT 16 21
[989] = CNOT 16 22
[990] = T 16
[991] = CNOT 16 22
[992] = T 16
[993] = S 16
[994] = CNOT 16 21
[995] = CNOT 21 22
[996] = T 21
[997] = S 21
[998] = CNOT 21 22
[999] = T 16
[1000] = S 22
[1001] = CNOT 16 22
[1002] = S 16
[1003] = H 21
[1004] = T 21
[1005] = CNOT 17 21
[1006] = T 17
[1007] = S 17
[1008] = CNOT 17 18
[1009] = T 17
[1010] = CNOT 17 21
[1011] = T 17
[1012] = S 17
[1013] = CNOT 17 18
[1014] = CNOT 18 21
[1015] = T 18
[1016] = S 18
[1017] = CNOT 18 21
[1018] = H 18
[1019] = H 21
[1020] = H 17
[1021] = CNOT 16 21
[1022] = T 16
[1023] = Z 16
[1024] = CNOT 16 22
[1025] = T 16
[1026] = S 16
[1027] = Z 16
[1028] = CNOT 16 21
[1029] = CNOT 21 22
[1030] = T 21
[1031] = S 21
[1032] = Z 21
[1033] = CNOT 21 22
[1034] = T 16
[1035] = Z 16
[1036] = T 17
[1037] = T 18
[1038] = S 21
[1039] = Z 21
[1040] = Z 22
[1041] = H 22
[1042] = CNOT 15 22
[1043] = T 15
[1044] = Z 15
[1045] = CNOT 15 22
[1046] = CNOT 5 15
[1047] = CNOT 5 22
[1048] = T 5
[1049] = S 5
[1050] = Z 5
[1051] = CNOT 5 15
[1052] = T 5
[1053] = S 5
[1054] = Z 5
[1055] = CNOT 5 22
[1056] = CNOT 15 21
[1057] = T 15
[1058] = Z 15
[1059] = CNOT 15 21
[1060] = CNOT 5 15
[1061] = CNOT 5 21
[1062] = T 5
[1063] = S 5
[1064] = Z 5
[1065] = CNOT 5 15
[1066] = T 5
[1067] = S 5
[1068] = Z 5
[1069] = CNOT 5 21
[1070] = Z 5
[1071] = S 15
[1072] = Z 21
[1073] = S 22
[1074] = Z 22
[1075] = CNOT 5 15
[1076] = S 5
[1077] = Z 5
[1078] = CNOT 5 15
[1079] = H 21
[1080] = T 21
[1081] = CNOT 16 21
[1082] = T 16
[1083] = S 16
[1084] = CNOT 16 17
[1085] = T 16
[1086] = CNOT 16 21
[1087] = T 16
[1088] = S 16
[1089] = CNOT 16 17
[1090] = CNOT 17 21
[1091] = T 17
[1092] = S 17
[1093] = CNOT 17 21
[1094] = H 17
[1095] = H 21
[1096] = H 16
[1097] = T 17
[1098] = CNOT 24 25
[1099] = T 24
[1100] = S 24
[1101] = CNOT 24 25
[1102] = T 5
[1103] = S 5
[1104] = CNOT 15 24
[1105] = T 15
[1106] = S 15
[1107] = CNOT 16 21
[1108] = T 16
[1109] = CNOT 16 21
[1110] = CNOT 15 25
[1111] = T 15
[1112] = CNOT 15 25
[1113] = CNOT 15 24
[1114] = CNOT 15 16
[1115] = CNOT 15 21
[1116] = T 15
[1117] = S 15
[1118] = Z 15
[1119] = CNOT 15 21
[1120] = CNOT 15 16
[1121] = CNOT 5 15
[1122] = CNOT 5 16
[1123] = CNOT 5 21
[1124] = T 5
[1125] = CNOT 5 15
[1126] = T 5
[1127] = S 5
[1128] = Z 5
[1129] = CNOT 5 21
[1130] = CNOT 5 16
[1131] = Z 15
[1132] = Z 16
[1133] = T 21
[1134] = Z 21
[1135] = CNOT 5 15
[1136] = S 5
[1137] = Z 5
[1138] = CNOT 5 15
[1139] = CNOT 15 16
[1140] = S 15
[1141] = Z 15
[1142] = CNOT 15 16
[1143] = CNOT 15 21
[1144] = S 15
[1145] = Z 15
[1146] = CNOT 15 21
[1147] = CNOT 15 25
[1148] = S 15
[1149] = CNOT 15 25
[1150] = CNOT 5 15
[1151] = CNOT 5 16
[1152] = S 5
[1153] = Z 5
[1154] = CNOT 5 16
[1155] = CNOT 5 21
[1156] = S 5
[1157] = Z 5
[1158] = CNOT 5 21
[1159] = CNOT 5 15
[1160] = CNOT 15 25
[1161] = H 16
[1162] = H 24
[1163] = CNOT 16 23
[1164] = CNOT 16 24
[1165] = T 16
[1166] = CNOT 16 24
[1167] = T 16
[1168] = S 16
[1169] = CNOT 16 23
[1170] = CNOT 23 24
[1171] = T 23
[1172] = S 23
[1173] = CNOT 23 24
[1174] = S 16
[1175] = S 24
[1176] = CNOT 16 24
[1177] = S 16
[1178] = H 23
[1179] = CNOT 17 22
[1180] = CNOT 17 23
[1181] = T 17
[1182] = CNOT 17 23
[1183] = T 17
[1184] = S 17
[1185] = CNOT 17 22
[1186] = CNOT 22 23
[1187] = T 22
[1188] = S 22
[1189] = CNOT 22 23
[1190] = T 17
[1191] = S 23
[1192] = CNOT 17 23
[1193] = S 17
[1194] = H 22
[1195] = CNOT 18 21
[1196] = CNOT 18 22
[1197] = T 18
[1198] = CNOT 18 22
[1199] = T 18
[1200] = S 18
[1201] = CNOT 18 21
[1202] = CNOT 21 22
[1203] = T 21
[1204] = S 21
[1205] = CNOT 21 22
[1206] = T 18
[1207] = S 22
[1208] = CNOT 18 22
[1209] = S 18
[1210] = H 21
[1211] = T 21
[1212] = CNOT 19 21
[1213] = T 19
[1214] = S 19
[1215] = CNOT 19 20
[1216] = T 19
[1217] = CNOT 19 21
[1218] = T 19
[1219] = S 19
[1220] = CNOT 19 20
[1221] = CNOT 20 21
[1222] = T 20
[1223] = S 20
[1224] = CNOT 20 21
[1225] = T 20
[1226] = H 21
[1227] = H 19
[1228] = CNOT 18 21
[1229] = T 18
[1230] = Z 18
[1231] = CNOT 18 22
[1232] = T 18
[1233] = S 18
[1234] = Z 18
[1235] = CNOT 18 21
[1236] = CNOT 21 22
[1237] = T 21
[1238] = S 21
[1239] = Z 21
[1240] = CNOT 21 22
[1241] = T 18
[1242] = Z 18
[1243] = T 19
[1244] = S 21
[1245] = Z 21
[1246] = Z 22
[1247] = H 22
[1248] = CNOT 17 22
[1249] = T 17
[1250] = Z 17
[1251] = CNOT 17 23
[1252] = T 17
[1253] = S 17
[1254] = Z 17
[1255] = CNOT 17 22
[1256] = CNOT 22 23
[1257] = T 22
[1258] = S 22
[1259] = Z 22
[1260] = CNOT 22 23
[1261] = T 17
[1262] = Z 17
[1263] = S 22
[1264] = Z 22
[1265] = Z 23
[1266] = H 23
[1267] = CNOT 16 23
[1268] = T 16
[1269] = Z 16
[1270] = CNOT 16 24
[1271] = T 16
[1272] = S 16
[1273] = Z 16
[1274] = CNOT 16 23
[1275] = CNOT 23 24
[1276] = T 23
[1277] = S 23
[1278] = Z 23
[1279] = CNOT 23 24
[1280] = T 16
[1281] = Z 16
[1282] = S 23
[1283] = Z 23
[1284] = Z 24
[1285] = H 24
[1286] = CNOT 15 24
[1287] = T 15
[1288] = Z 15
[1289] = CNOT 15 25
[1290] = T 15
[1291] = S 15
[1292] = Z 15
[1293] = CNOT 15 24
[1294] = CNOT 24 25
[1295] = T 24
[1296] = S 24
[1297] = Z 24
[1298] = CNOT 24 25
[1299] = T 15
[1300] = Z 15
[1301] = S 24
[1302] = Z 24
[1303] = Z 25
[1304] = H 25
[1305] = CNOT 14 25
[1306] = T 14
[1307] = Z 14
[1308] = CNOT 14 25
[1309] = CNOT 4 14
[1310] = CNOT 4 25
[1311] = T 4
[1312] = S 4
[1313] = Z 4
[1314] = CNOT 4 14
[1315] = T 4
[1316] = S 4
[1317] = Z 4
[1318] = CNOT 4 25
[1319] = CNOT 14 24
[1320] = T 14
[1321] = Z 14
[1322] = CNOT 14 24
[1323] = CNOT 4 14
[1324] = CNOT 4 24
[1325] = T 4
[1326] = S 4
[1327] = Z 4
[1328] = CNOT 4 14
[1329] = T 4
[1330] = S 4
[1331] = Z 4
[1332] = CNOT 4 24
[1333] = Z 4
[1334] = S 14
[1335] = Z 24
[1336] = S 25
[1337] = Z 25
[1338] = CNOT 4 14
[1339] = S 4
[1340] = Z 4
[1341] = CNOT 4 14
[1342] = H 24
[1343] = CNOT 15 23
[1344] = CNOT 15 24
[1345] = T 15
[1346] = CNOT 15 24
[1347] = T 15
[1348] = S 15
[1349] = CNOT 15 23
[1350] = CNOT 23 24
[1351] = T 23
[1352] = S 23
[1353] = CNOT 23 24
[1354] = T 15
[1355] = S 24
[1356] = CNOT 15 24
[1357] = S 15
[1358] = H 23
[1359] = CNOT 16 22
[1360] = CNOT 16 23
[1361] = T 16
[1362] = CNOT 16 23
[1363] = T 16
[1364] = S 16
[1365] = CNOT 16 22
[1366] = CNOT 22 23
[1367] = T 22
[1368] = S 22
[1369] = CNOT 22 23
[1370] = T 16
[1371] = S 23
[1372] = CNOT 16 23
[1373] = S 16
[1374] = H 22
[1375] = CNOT 17 21
[1376] = CNOT 17 22
[1377] = T 17
[1378] = CNOT 17 22
[1379] = T 17
[1380] = S 17
[1381] = CNOT 17 21
[1382] = CNOT 21 22
[1383] = T 21
[1384] = S 21
[1385] = CNOT 21 22
[1386] = T 17
[1387] = S 22
[1388] = CNOT 17 22
[1389] = S 17
[1390] = H 21
[1391] = T 21
[1392] = CNOT 18 21
[1393] = T 18
[1394] = S 18
[1395] = CNOT 18 19
[1396] = T 18
[1397] = CNOT 18 21
[1398] = T 18
[1399] = S 18
[1400] = CNOT 18 19
[1401] = CNOT 19 21
[1402] = T 19
[1403] = S 19
[1404] = CNOT 19 21
[1405] = H 19
[1406] = H 21
[1407] = H 18
[1408] = CNOT 17 21
[1409] = T 17
[1410] = Z 17
[1411] = CNOT 17 22
[1412] = T 17
[1413] = S 17
[1414] = Z 17
[1415] = CNOT 17 21
[1416] = CNOT 21 22
[1417] = T 21
[1418] = S 21
[1419] = Z 21
[1420] = CNOT 21 22
[1421] = T 17
[1422] = Z 17
[1423] = T 18
[1424] = T 19
[1425] = S 21
[1426] = Z 21
[1427] = Z 22
[1428] = H 22
[1429] = CNOT 16 22
[1430] = T 16
[1431] = Z 16
[1432] = CNOT 16 23
[1433] = T 16
[1434] = S 16
[1435] = Z 16
[1436] = CNOT 16 22
[1437] = CNOT 22 23
[1438] = T 22
[1439] = S 22
[1440] = Z 22
[1441] = CNOT 22 23
[1442] = T 16
[1443] = Z 16
[1444] = S 22
[1445] = Z 22
[1446] = Z 23
[1447] = H 23
[1448] = CNOT 15 23
[1449] = T 15
[1450] = Z 15
[1451] = CNOT 15 24
[1452] = T 15
[1453] = S 15
[1454] = Z 15
[1455] = CNOT 15 23
[1456] = CNOT 23 24
[1457] = T 23
[1458] = S 23
[1459] = Z 23
[1460] = CNOT 23 24
[1461] = T 15
[1462] = Z 15
[1463] = S 23
[1464] = Z 23
[1465] = Z 24
[1466] = H 24
[1467] = CNOT 14 24
[1468] = T 14
[1469] = Z 14
[1470] = CNOT 14 24
[1471] = CNOT 4 14
[1472] = CNOT 4 24
[1473] = T 4
[1474] = S 4
[1475] = Z 4
[1476] = CNOT 4 14
[1477] = T 4
[1478] = S 4
[1479] = Z 4
[1480] = CNOT 4 24
[1481] = CNOT 14 23
[1482] = T 14
[1483] = Z 14
[1484] = CNOT 14 23
[1485] = CNOT 4 14
[1486] = CNOT 4 23
[1487] = T 4
[1488] = S 4
[1489] = Z 4
[1490] = CNOT 4 14
[1491] = T 4
[1492] = S 4
[1493] = Z 4
[1494] = CNOT 4 23
[1495] = Z 4
[1496] = S 14
[1497] = Z 23
[1498] = S 24
[1499] = Z 24
[1500] = CNOT 4 14
[1501] = S 4
[1502] = Z 4
[1503] = CNOT 4 14
[1504] = H 23
[1505] = CNOT 15 22
[1506] = CNOT 15 23
[1507] = T 15
[1508] = CNOT 15 23
[1509] = T 15
[1510] = S 15
[1511] = CNOT 15 22
[1512] = CNOT 22 23
[1513] = T 22
[1514] = S 22
[1515] = CNOT 22 23
[1516] = T 15
[1517] = S 23
[1518] = CNOT 15 23
[1519] = S 15
[1520] = H 22
[1521] = CNOT 16 21
[1522] = CNOT 16 22
[1523] = T 16
[1524] = CNOT 16 22
[1525] = T 16
[1526] = S 16
[1527] = CNOT 16 21
[1528] = CNOT 21 22
[1529] = T 21
[1530] = S 21
[1531] = CNOT 21 22
[1532] = T 16
[1533] = S 22
[1534] = CNOT 16 22
[1535] = S 16
[1536] = H 21
[1537] = T 21
[1538] = CNOT 17 21
[1539] = T 17
[1540] = S 17
[1541] = CNOT 17 18
[1542] = T 17
[1543] = CNOT 17 21
[1544] = T 17
[1545] = S 17
[1546] = CNOT 17 18
[1547] = CNOT 18 21
[1548] = T 18
[1549] = S 18
[1550] = CNOT 18 21
[1551] = H 18
[1552] = H 21
[1553] = H 17
[1554] = CNOT 16 21
[1555] = T 16
[1556] = Z 16
[1557] = CNOT 16 22
[1558] = T 16
[1559] = S 16
[1560] = Z 16
[1561] = CNOT 16 21
[1562] = CNOT 21 22
[1563] = T 21
[1564] = S 21
[1565] = Z 21
[1566] = CNOT 21 22
[1567] = T 16
[1568] = Z 16
[1569] = T 17
[1570] = T 18
[1571] = S 21
[1572] = Z 21
[1573] = Z 22
[1574] = H 22
[1575] = CNOT 15 22
[1576] = T 15
[1577] = Z 15
[1578] = CNOT 15 23
[1579] = T 15
[1580] = S 15
[1581] = Z 15
[1582] = CNOT 15 22
[1583] = CNOT 22 23
[1584] = T 22
[1585] = S 22
[1586] = Z 22
[1587] = CNOT 22 23
[1588] = T 15
[1589] = Z 15
[1590] = S 22
[1591] = Z 22
[1592] = Z 23
[1593] = H 23
[1594] = CNOT 14 23
[1595] = T 14
[1596] = Z 14
[1597] = CNOT 14 23
[1598] = CNOT 4 14
[1599] = CNOT 4 23
[1600] = T 4
[1601] = S 4
[1602] = Z 4
[1603] = CNOT 4 14
[1604] = T 4
[1605] = S 4
[1606] = Z 4
[1607] = CNOT 4 23
[1608] = CNOT 14 22
[1609] = T 14
[1610] = Z 14
[1611] = CNOT 14 22
[1612] = CNOT 4 14
[1613] = CNOT 4 22
[1614] = T 4
[1615] = S 4
[1616] = Z 4
[1617] = CNOT 4 14
[1618] = T 4
[1619] = S 4
[1620] = Z 4
[1621] = CNOT 4 22
[1622] = Z 4
[1623] = S 14
[1624] = Z 22
[1625] = S 23
[1626] = Z 23
[1627] = CNOT 4 14
[1628] = S 4
[1629] = Z 4
[1630] = CNOT 4 14
[1631] = H 22
[1632] = CNOT 15 21
[1633] = CNOT 15 22
[1634] = T 15
[1635] = CNOT 15 22
[1636] = T 15
[1637] = S 15
[1638] = CNOT 15 21
[1639] = CNOT 21 22
[1640] = T 21
[1641] = S 21
[1642] = CNOT 21 22
[1643] = T 15
[1644] = S 22
[1645] = CNOT 15 22
[1646] = S 15
[1647] = H 21
[1648] = T 21
[1649] = CNOT 16 21
[1650] = T 16
[1651] = S 16
[1652] = CNOT 16 17
[1653] = T 16
[1654] = CNOT 16 21
[1655] = T 16
[1656] = S 16
[1657] = CNOT 16 17
[1658] = CNOT 17 21
[1659] = T 17
[1660] = S 17
[1661] = CNOT 17 21
[1662] = H 17
[1663] = H 21
[1664] = H 16
[1665] = CNOT 15 21
[1666] = T 15
[1667] = Z 15
[1668] = CNOT 15 22
[1669] = T 15
[1670] = S 15
[1671] = Z 15
[1672] = CNOT 15 21
[1673] = CNOT 21 22
[1674] = T 21
[1675] = S 21
[1676] = Z 21
[1677] = CNOT 21 22
[1678] = T 15
[1679] = Z 15
[1680] = T 16
[1681] = T 17
[1682] = S 21
[1683] = Z 21
[1684] = Z 22
[1685] = H 22
[1686] = CNOT 14 22
[1687] = T 14
[1688] = Z 14
[1689] = CNOT 14 22
[1690] = CNOT 4 14
[1691] = CNOT 4 22
[1692] = T 4
[1693] = S 4
[1694] = Z 4
[1695] = CNOT 4 14
[1696] = T 4
[1697] = S 4
[1698] = Z 4
[1699] = CNOT 4 22
[1700] = CNOT 14 21
[1701] = T 14
[1702] = Z 14
[1703] = CNOT 14 21
[1704] = CNOT 4 14
[1705] = CNOT 4 21
[1706] = T 4
[1707] = S 4
[1708] = Z 4
[1709] = CNOT 4 14
[1710] = T 4
[1711] = S 4
[1712] = Z 4
[1713] = CNOT 4 21
[1714] = Z 4
[1715] = S 14
[1716] = Z 21
[1717] = S 22
[1718] = Z 22
[1719] = CNOT 4 14
[1720] = S 4
[1721] = Z 4
[1722] = CNOT 4 14
[1723] = H 21
[1724] = T 21
[1725] = CNOT 15 21
[1726] = T 15
[1727] = S 15
[1728] = CNOT 15 16
[1729] = T 15
[1730] = CNOT 15 21
[1731] = T 15
[1732] = S 15
[1733] = CNOT 15 16
[1734] = CNOT 16 21
[1735] = T 16
[1736] = S 16
[1737] = CNOT 16 21
[1738] = H 16
[1739] = H 21
[1740] = H 15
[1741] = T 16
[1742] = CNOT 25 26
[1743] = T 25
[1744] = S 25
[1745] = CNOT 25 26
[1746] = T 4
[1747] = S 4
[1748] = CNOT 14 25
[1749] = T 14
[1750] = S 14
[1751] = CNOT 15 21
[1752] = T 15
[1753] = CNOT 15 21
[1754] = CNOT 14 26
[1755] = T 14
[1756] = CNOT 14 26
[1757] = CNOT 14 25
[1758] = CNOT 14 15
[1759] = CNOT 14 21
[1760] = T 14
[1761] = S 14
[1762] = Z 14
[1763] = CNOT 14 21
[1764] = CNOT 14 15
[1765] = CNOT 4 14
[1766] = CNOT 4 15
[1767] = CNOT 4 21
[1768] = T 4
[1769] = CNOT 4 14
[1770] = T 4
[1771] = S 4
[1772] = Z 4
[1773] = CNOT 4 21
[1774] = CNOT 4 15
[1775] = Z 14
[1776] = Z 15
[1777] = T 21
[1778] = Z 21
[1779] = CNOT 4 14
[1780] = S 4
[1781] = Z 4
[1782] = CNOT 4 14
[1783] = CNOT 14 15
[1784] = S 14
[1785] = Z 14
[1786] = CNOT 14 15
[1787] = CNOT 14 21
[1788] = S 14
[1789] = Z 14
[1790] = CNOT 14 21
[1791] = CNOT 14 26
[1792] = S 14
[1793] = CNOT 14 26
[1794] = CNOT 4 14
[1795] = CNOT 4 15
[1796] = S 4
[1797] = Z 4
[1798] = CNOT 4 15
[1799] = CNOT 4 21
[1800] = S 4
[1801] = Z 4
[1802] = CNOT 4 21
[1803] = CNOT 4 14
[1804] = CNOT 14 26
[1805] = H 15
[1806] = H 25
[1807] = CNOT 15 24
[1808] = CNOT 15 25
[1809] = T 15
[1810] = CNOT 15 25
[1811] = T 15
[1812] = S 15
[1813] = CNOT 15 24
[1814] = CNOT 24 25
[1815] = T 24
[1816] = S 24
[1817] = CNOT 24 25
[1818] = S 15
[1819] = S 25
[1820] = CNOT 15 25
[1821] = S 15
[1822] = H 24
[1823] = CNOT 16 23
[1824] = CNOT 16 24
[1825] = T 16
[1826] = CNOT 16 24
[1827] = T 16
[1828] = S 16
[1829] = CNOT 16 23
[1830] = CNOT 23 24
[1831] = T 23
[1832] = S 23
[1833] = CNOT 23 24
[1834] = T 16
[1835] = S 24
[1836] = CNOT 16 24
[1837] = S 16
[1838] = H 23
[1839] = CNOT 17 22
[1840] = CNOT 17 23
[1841] = T 17
[1842] = CNOT 17 23
[1843] = T 17
[1844] = S 17
[1845] = CNOT 17 22
[1846] = CNOT 22 23
[1847] = T 22
[1848] = S 22
[1849] = CNOT 22 23
[1850] = T 17
[1851] = S 23
[1852] = CNOT 17 23
[1853] = S 17
[1854] = H 22
[1855] = CNOT 18 21
[1856] = CNOT 18 22
[1857] = T 18
[1858] = CNOT 18 22
[1859] = T 18
[1860] = S 18
[1861] = CNOT 18 21
[1862] = CNOT 21 22
[1863] = T 21
[1864] = S 21
[1865] = CNOT 21 22
[1866] = T 18
[1867] = S 22
[1868] = CNOT 18 22
[1869] = S 18
[1870] = H 21
[1871] = T 21
[1872] = CNOT 19 21
[1873] = T 19
[1874] = S 19
[1875] = CNOT 19 20
[1876] = T 19
[1877] = CNOT 19 21
[1878] = T 19
[1879] = S 19
[1880] = CNOT 19 20
[1881] = CNOT 20 21
[1882] = T 20
[1883] = S 20
[1884] = CNOT 20 21
[1885] = T 20
[1886] = H 21
[1887] = H 19
[1888] = CNOT 18 21
[1889] = T 18
[1890] = Z 18
[1891] = CNOT 18 22
[1892] = T 18
[1893] = S 18
[1894] = Z 18
[1895] = CNOT 18 21
[1896] = CNOT 21 22
[1897] = T 21
[1898] = S 21
[1899] = Z 21
[1900] = CNOT 21 22
[1901] = T 18
[1902] = Z 18
[1903] = T 19
[1904] = S 21
[1905] = Z 21
[1906] = Z 22
[1907] = H 22
[1908] = CNOT 17 22
[1909] = T 17
[1910] = Z 17
[1911] = CNOT 17 23
[1912] = T 17
[1913] = S 17
[1914] = Z 17
[1915] = CNOT 17 22
[1916] = CNOT 22 23
[1917] = T 22
[1918] = S 22
[1919] = Z 22
[1920] = CNOT 22 23
[1921] = T 17
[1922] = Z 17
[1923] = S 22
[1924] = Z 22
[1925] = Z 23
[1926] = H 23
[1927] = CNOT 16 23
[1928] = T 16
[1929] = Z 16
[1930] = CNOT 16 24
[1931] = T 16
[1932] = S 16
[1933] = Z 16
[1934] = CNOT 16 23
[1935] = CNOT 23 24
[1936] = T 23
[1937] = S 23
[1938] = Z 23
[1939] = CNOT 23 24
[1940] = T 16
[1941] = Z 16
[1942] = S 23
[1943] = Z 23
[1944] = Z 24
[1945] = H 24
[1946] = CNOT 15 24
[1947] = T 15
[1948] = Z 15
[1949] = CNOT 15 25
[1950] = T 15
[1951] = S 15
[1952] = Z 15
[1953] = CNOT 15 24
[1954] = CNOT 24 25
[1955] = T 24
[1956] = S 24
[1957] = Z 24
[1958] = CNOT 24 25
[1959] = T 15
[1960] = Z 15
[1961] = S 24
[1962] = Z 24
[1963] = Z 25
[1964] = H 25
[1965] = CNOT 14 25
[1966] = T 14
[1967] = Z 14
[1968] = CNOT 14 26
[1969] = T 14
[1970] = S 14
[1971] = Z 14
[1972] = CNOT 14 25
[1973] = CNOT 25 26
[1974] = T 25
[1975] = S 25
[1976] = Z 25
[1977] = CNOT 25 26
[1978] = T 14
[1979] = Z 14
[1980] = S 25
[1981] = Z 25
[1982] = Z 26
[1983] = H 26
[1984] = CNOT 13 26
[1985] = T 13
[1986] = Z 13
[1987] = CNOT 13 26
[1988] = CNOT 3 13
[1989] = CNOT 3 26
[1990] = T 3
[1991] = S 3
[1992] = Z 3
[1993] = CNOT 3 13
[1994] = T 3
[1995] = S 3
[1996] = Z 3
[1997] = CNOT 3 26
[1998] = CNOT 13 25
[1999] = T 13
[2000] = Z 13
[2001] = CNOT 13 25
[2002] = CNOT 3 13
[2003] = CNOT 3 25
[2004] = T 3
[2005] = S 3
[2006] = Z 3
[2007] = CNOT 3 13
[2008] = T 3
[2009] = S 3
[2010] = Z 3
[2011] = CNOT 3 25
[2012] = Z 3
[2013] = S 13
[2014] = Z 25
[2015] = S 26
[2016] = Z 26
[2017] = CNOT 3 13
[2018] = S 3
[2019] = Z 3
[2020] = CNOT 3 13
[2021] = H 25
[2022] = CNOT 14 24
[2023] = CNOT 14 25
[2024] = T 14
[2025] = CNOT 14 25
[2026] = T 14
[2027] = S 14
[2028] = CNOT 14 24
[2029] = CNOT 24 25
[2030] = T 24
[2031] = S 24
[2032] = CNOT 24 25
[2033] = T 14
[2034] = S 25
[2035] = CNOT 14 25
[2036] = S 14
[2037] = H 24
[2038] = CNOT 15 23
[2039] = CNOT 15 24
[2040] = T 15
[2041] = CNOT 15 24
[2042] = T 15
[2043] = S 15
[2044] = CNOT 15 23
[2045] = CNOT 23 24
[2046] = T 23
[2047] = S 23
[2048] = CNOT 23 24
[2049] = T 15
[2050] = S 24
[2051] = CNOT 15 24
[2052] = S 15
[2053] = H 23
[2054] = CNOT 16 22
[2055] = CNOT 16 23
[2056] = T 16
[2057] = CNOT 16 23
[2058] = T 16
[2059] = S 16
[2060] = CNOT 16 22
[2061] = CNOT 22 23
[2062] = T 22
[2063] = S 22
[2064] = CNOT 22 23
[2065] = T 16
[2066] = S 23
[2067] = CNOT 16 23
[2068] = S 16
[2069] = H 22
[2070] = CNOT 17 21
[2071] = CNOT 17 22
[2072] = T 17
[2073] = CNOT 17 22
[2074] = T 17
[2075] = S 17
[2076] = CNOT 17 21
[2077] = CNOT 21 22
[2078] = T 21
[2079] = S 21
[2080] = CNOT 21 22
[2081] = T 17
[2082] = S 22
[2083] = CNOT 17 22
[2084] = S 17
[2085] = H 21
[2086] = T 21
[2087] = CNOT 18 21
[2088] = T 18
[2089] = S 18
[2090] = CNOT 18 19
[2091] = T 18
[2092] = CNOT 18 21
[2093] = T 18
[2094] = S 18
[2095] = CNOT 18 19
[2096] = CNOT 19 21
[2097] = T 19
[2098] = S 19
[2099] = CNOT 19 21
[2100] = H 19
[2101] = H 21
[2102] = H 18
[2103] = CNOT 17 21
[2104] = T 17
[2105] = Z 17
[2106] = CNOT 17 22
[2107] = T 17
[2108] = S 17
[2109] = Z 17
[2110] = CNOT 17 21
[2111] = CNOT 21 22
[2112] = T 21
[2113] = S 21
[2114] = Z 21
[2115] = CNOT 21 22
[2116] = T 17
[2117] = Z 17
[2118] = T 18
[2119] = T 19
[2120] = S 21
[2121] = Z 21
[2122] = Z 22
[2123] = H 22
[2124] = CNOT 16 22
[2125] = T 16
[2126] = Z 16
[2127] = CNOT 16 23
[2128] = T 16
[2129] = S 16
[2130] = Z 16
[2131] = CNOT 16 22
[2132] = CNOT 22 23
[2133] = T 22
[2134] = S 22
[2135] = Z 22
[2136] = CNOT 22 23
[2137] = T 16
[2138] = Z 16
[2139] = S 22
[2140] = Z 22
[2141] = Z 23
[2142] = H 23
[2143] = CNOT 15 23
[2144] = T 15
[2145] = Z 15
[2146] = CNOT 15 24
[2147] = T 15
[2148] = S 15
[2149] = Z 15
[2150] = CNOT 15 23
[2151] = CNOT 23 24
[2152] = T 23
[2153] = S 23
[2154] = Z 23
[2155] = CNOT 23 24
[2156] = T 15
[2157] = Z 15
[2158] = S 23
[2159] = Z 23
[2160] = Z 24
[2161] = H 24
[2162] = CNOT 14 24
[2163] = T 14
[2164] = Z 14
[2165] = CNOT 14 25
[2166] = T 14
[2167] = S 14
[2168] = Z 14
[2169] = CNOT 14 24
[2170] = CNOT 24 25
[2171] = T 24
[2172] = S 24
[2173] = Z 24
[2174] = CNOT 24 25
[2175] = T 14
[2176] = Z 14
[2177] = S 24
[2178] = Z 24
[2179] = Z 25
[2180] = H 25
[2181] = CNOT 13 25
[2182] = T 13
[2183] = Z 13
[2184] = CNOT 13 25
[2185] = CNOT 3 13
[2186] = CNOT 3 25
[2187] = T 3
[2188] = S 3
[2189] = Z 3
[2190] = CNOT 3 13
[2191] = T 3
[2192] = S 3
[2193] = Z 3
[2194] = CNOT 3 25
[2195] = CNOT 13 24
[2196] = T 13
[2197] = Z 13
[2198] = CNOT 13 24
[2199] = CNOT 3 13
[2200] = CNOT 3 24
[2201] = T 3
[2202] = S 3
[2203] = Z 3
[2204] = CNOT 3 13
[2205] = T 3
[2206] = S 3
[2207] = Z 3
[2208] = CNOT 3 24
[2209] = Z 3
[2210] = S 13
[2211] = Z 24
[2212] = S 25
[2213] = Z 25
[2214] = CNOT 3 13
[2215] = S 3
[2216] = Z 3
[2217] = CNOT 3 13
[2218] = H 24
[2219] = CNOT 14 23
[2220] = CNOT 14 24
[2221] = T 14
[2222] = CNOT 14 24
[2223] = T 14
[2224] = S 14
[2225] = CNOT 14 23
[2226] = CNOT 23 24
[2227] = T 23
[2228] = S 23
[2229] = CNOT 23 24
[2230] = T 14
[2231] = S 24
[2232] = CNOT 14 24
[2233] = S 14
[2234] = H 23
[2235] = CNOT 15 22
[2236] = CNOT 15 23
[2237] = T 15
[2238] = CNOT 15 23
[2239] = T 15
[2240] = S 15
[2241] = CNOT 15 22
[2242] = CNOT 22 23
[2243] = T 22
[2244] = S 22
[2245] = CNOT 22 23
[2246] = T 15
[2247] = S 23
[2248] = CNOT 15 23
[2249] = S 15
[2250] = H 22
[2251] = CNOT 16 21
[2252] = CNOT 16 22
[2253] = T 16
[2254] = CNOT 16 22
[2255] = T 16
[2256] = S 16
[2257] = CNOT 16 21
[2258] = CNOT 21 22
[2259] = T 21
[2260] = S 21
[2261] = CNOT 21 22
[2262] = T 16
[2263] = S 22
[2264] = CNOT 16 22
[2265] = S 16
[2266] = H 21
[2267] = T 21
[2268] = CNOT 17 21
[2269] = T 17
[2270] = S 17
[2271] = CNOT 17 18
[2272] = T 17
[2273] = CNOT 17 21
[2274] = T 17
[2275] = S 17
[2276] = CNOT 17 18
[2277] = CNOT 18 21
[2278] = T 18
[2279] = S 18
[2280] = CNOT 18 21
[2281] = H 18
[2282] = H 21
[2283] = H 17
[2284] = CNOT 16 21
[2285] = T 16
[2286] = Z 16
[2287] = CNOT 16 22
[2288] = T 16
[2289] = S 16
[2290] = Z 16
[2291] = CNOT 16 21
[2292] = CNOT 21 22
[2293] = T 21
[2294] = S 21
[2295] = Z 21
[2296] = CNOT 21 22
[2297] = T 16
[2298] = Z 16
[2299] = T 17
[2300] = T 18
[2301] = S 21
[2302] = Z 21
[2303] = Z 22
[2304] = H 22
[2305] = CNOT 15 22
[2306] = T 15
[2307] = Z 15
[2308] = CNOT 15 23
[2309] = T 15
[2310] = S 15
[2311] = Z 15
[2312] = CNOT 15 22
[2313] = CNOT 22 23
[2314] = T 22
[2315] = S 22
[2316] = Z 22
[2317] = CNOT 22 23
[2318] = T 15
[2319] = Z 15
[2320] = S 22
[2321] = Z 22
[2322] = Z 23
[2323] = H 23
[2324] = CNOT 14 23
[2325] = T 14
[2326] = Z 14
[2327] = CNOT 14 24
[2328] = T 14
[2329] = S 14
[2330] = Z 14
[2331] = CNOT 14 23
[2332] = CNOT 23 24
[2333] = T 23
[2334] = S 23
[2335] = Z 23
[2336] = CNOT 23 24
[2337] = T 14
[2338] = Z 14
[2339] = S 23
[2340] = Z 23
[2341] = Z 24
[2342] = H 24
[2343] = CNOT 13 24
[2344] = T 13
[2345] = Z 13
[2346] = CNOT 13 24
[2347] = CNOT 3 13
[2348] = CNOT 3 24
[2349] = T 3
[2350] = S 3
[2351] = Z 3
[2352] = CNOT 3 13
[2353] = T 3
[2354] = S 3
[2355] = Z 3
[2356] = CNOT 3 24
[2357] = CNOT 13 23
[2358] = T 13
[2359] = Z 13
[2360] = CNOT 13 23
[2361] = CNOT 3 13
[2362] = CNOT 3 23
[2363] = T 3
[2364] = S 3
[2365] = Z 3
[2366] = CNOT 3 13
[2367] = T 3
[2368] = S 3
[2369] = Z 3
[2370] = CNOT 3 23
[2371] = Z 3
[2372] = S 13
[2373] = Z 23
[2374] = S 24
[2375] = Z 24
[2376] = CNOT 3 13
[2377] = S 3
[2378] = Z 3
[2379] = CNOT 3 13
[2380] = H 23
[2381] = CNOT 14 22
[2382] = CNOT 14 23
[2383] = T 14
[2384] = CNOT 14 23
[2385] = T 14
[2386] = S 14
[2387] = CNOT 14 22
[2388] = CNOT 22 23
[2389] = T 22
[2390] = S 22
[2391] = CNOT 22 23
[2392] = T 14
[2393] = S 23
[2394] = CNOT 14 23
[2395] = S 14
[2396] = H 22
[2397] = CNOT 15 21
[2398] = CNOT 15 22
[2399] = T 15
[2400] = CNOT 15 22
[2401] = T 15
[2402] = S 15
[2403] = CNOT 15 21
[2404] = CNOT 21 22
[2405] = T 21
[2406] = S 21
[2407] = CNOT 21 22
[2408] = T 15
[2409] = S 22
[2410] = CNOT 15 22
[2411] = S 15
[2412] = H 21
[2413] = T 21
[2414] = CNOT 16 21
[2415] = T 16
[2416] = S 16
[2417] = CNOT 16 17
[2418] = T 16
[2419] = CNOT 16 21
[2420] = T 16
[2421] = S 16
[2422] = CNOT 16 17
[2423] = CNOT 17 21
[2424] = T 17
[2425] = S 17
[2426] = CNOT 17 21
[2427] = H 17
[2428] = H 21
[2429] = H 16
[2430] = CNOT 15 21
[2431] = T 15
[2432] = Z 15
[2433] = CNOT 15 22
[2434] = T 15
[2435] = S 15
[2436] = Z 15
[2437] = CNOT 15 21
[2438] = CNOT 21 22
[2439] = T 21
[2440] = S 21
[2441] = Z 21
[2442] = CNOT 21 22
[2443] = T 15
[2444] = Z 15
[2445] = T 16
[2446] = T 17
[2447] = S 21
[2448] = Z 21
[2449] = Z 22
[2450] = H 22
[2451] = CNOT 14 22
[2452] = T 14
[2453] = Z 14
[2454] = CNOT 14 23
[2455] = T 14
[2456] = S 14
[2457] = Z 14
[2458] = CNOT 14 22
[2459] = CNOT 22 23
[2460] = T 22
[2461] = S 22
[2462] = Z 22
[2463] = CNOT 22 23
[2464] = T 14
[2465] = Z 14
[2466] = S 22
[2467] = Z 22
[2468] = Z 23
[2469] = H 23
[2470] = CNOT 13 23
[2471] = T 13
[2472] = Z 13
[2473] = CNOT 13 23
[2474] = CNOT 3 13
[2475] = CNOT 3 23
[2476] = T 3
[2477] = S 3
[2478] = Z 3
[2479] = CNOT 3 13
[2480] = T 3
[2481] = S 3
[2482] = Z 3
[2483] = CNOT 3 23
[2484] = CNOT 13 22
[2485] = T 13
[2486] = Z 13
[2487] = CNOT 13 22
[2488] = CNOT 3 13
[2489] = CNOT 3 22
[2490] = T 3
[2491] = S 3
[2492] = Z 3
[2493] = CNOT 3 13
[2494] = T 3
[2495] = S 3
[2496] = Z 3
[2497] = CNOT 3 22
[2498] = Z 3
[2499] = S 13
[2500] = Z 22
[2501] = S 23
[2502] = Z 23
[2503] = CNOT 3 13
[2504] = S 3
[2505] = Z 3
[2506] = CNOT 3 13
[2507] = H 22
[2508] = CNOT 14 21
[2509] = CNOT 14 22
[2510] = T 14
[2511] = CNOT 14 22
[2512] = T 14
[2513] = S 14
[2514] = CNOT 14 21
[2515] = CNOT 21 22
[2516] = T 21
[2517] = S 21
[2518] = CNOT 21 22
[2519] = T 14
[2520] = S 22
[2521] = CNOT 14 22
[2522] = S 14
[2523] = H 21
[2524] = T 21
[2525] = CNOT 15 21
[2526] = T 15
[2527] = S 15
[2528] = CNOT 15 16
[2529] = T 15
[2530] = CNOT 15 21
[2531] = T 15
[2532] = S 15
[2533] = CNOT 15 16
[2534] = CNOT 16 21
[2535] = T 16
[2536] = S 16
[2537] = CNOT 16 21
[2538] = H 16
[2539] = H 21
[2540] = H 15
[2541] = CNOT 14 21
[2542] = T 14
[2543] = Z 14
[2544] = CNOT 14 22
[2545] = T 14
[2546] = S 14
[2547] = Z 14
[2548] = CNOT 14 21
[2549] = CNOT 21 22
[2550] = T 21
[2551] = S 21
[2552] = Z 21
[2553] = CNOT 21 22
[2554] = T 14
[2555] = Z 14
[2556] = T 15
[2557] = T 16
[2558] = S 21
[2559] = Z 21
[2560] = Z 22
[2561] = H 22
[2562] = CNOT 13 22
[2563] = T 13
[2564] = Z 13
[2565] = CNOT 13 22
[2566] = CNOT 3 13
[2567] = CNOT 3 22
[2568] = T 3
[2569] = S 3
[2570] = Z 3
[2571] = CNOT 3 13
[2572] = T 3
[2573] = S 3
[2574] = Z 3
[2575] = CNOT 3 22
[2576] = CNOT 13 21
[2577] = T 13
[2578] = Z 13
[2579] = CNOT 13 21
[2580] = CNOT 3 13
[2581] = CNOT 3 21
[2582] = T 3
[2583] = S 3
[2584] = Z 3
[2585] = CNOT 3 13
[2586] = T 3
[2587] = S 3
[2588] = Z 3
[2589] = CNOT 3 21
[2590] = Z 3
[2591] = S 13
[2592] = Z 21
[2593] = S 22
[2594] = Z 22
[2595] = CNOT 3 13
[2596] = S 3
[2597] = Z 3
[2598] = CNOT 3 13
[2599] = H 21
[2600] = T 21
[2601] = CNOT 14 21
[2602] = T 14
[2603] = S 14
[2604] = CNOT 14 15
[2605] = T 14
[2606] = CNOT 14 21
[2607] = T 14
[2608] = S 14
[2609] = CNOT 14 15
[2610] = CNOT 15 21
[2611] = T 15
[2612] = S 15
[2613] = CNOT 15 21
[2614] = H 15
[2615] = H 21
[2616] = H 14
[2617] = T 15
[2618] = CNOT 26 27
[2619] = T 26
[2620] = S 26
[2621] = CNOT 26 27
[2622] = T 3
[2623] = S 3
[2624] = CNOT 13 26
[2625] = T 13
[2626] = S 13
[2627] = CNOT 14 21
[2628] = T 14
[2629] = CNOT 14 21
[2630] = CNOT 13 27
[2631] = T 13
[2632] = CNOT 13 27
[2633] = CNOT 13 26
[2634] = CNOT 13 14
[2635] = CNOT 13 21
[2636] = T 13
[2637] = S 13
[2638] = Z 13
[2639] = CNOT 13 21
[2640] = CNOT 13 14
[2641] = CNOT 3 13
[2642] = CNOT 3 14
[2643] = CNOT 3 21
[2644] = T 3
[2645] = CNOT 3 13
[2646] = T 3
[2647] = S 3
[2648] = Z 3
[2649] = CNOT 3 21
[2650] = CNOT 3 14
[2651] = Z 13
[2652] = Z 14
[2653] = T 21
[2654] = Z 21
[2655] = CNOT 3 13
[2656] = S 3
[2657] = Z 3
[2658] = CNOT 3 13
[2659] = CNOT 13 14
[2660] = S 13
[2661] = Z 13
[2662] = CNOT 13 14
[2663] = CNOT 13 21
[2664] = S 13
[2665] = Z 13
[2666] = CNOT 13 21
[2667] = CNOT 13 27
[2668] = S 13
[2669] = CNOT 13 27
[2670] = CNOT 3 13
[2671] = CNOT 3 14
[2672] = S 3
[2673] = Z 3
[2674] = CNOT 3 14
[2675] = CNOT 3 21
[2676] = S 3
[2677] = Z 3
[2678] = CNOT 3 21
[2679] = CNOT 3 13
[2680] = CNOT 13 27
[2681] = H 14
[2682] = H 26
[2683] = CNOT 14 25
[2684] = CNOT 14 26
[2685] = T 14
[2686] = CNOT 14 26
[2687] = T 14
[2688] = S 14
[2689] = CNOT 14 25
[2690] = CNOT 25 26
[2691] = T 25
[2692] = S 25
[2693] = CNOT 25 26
[2694] = S 14
[2695] = S 26
[2696] = CNOT 14 26
[2697] = S 14
[2698] = H 25
[2699] = CNOT 15 24
[2700] = CNOT 15 25
[2701] = T 15
[2702] = CNOT 15 25
[2703] = T 15
[2704] = S 15
[2705] = CNOT 15 24
[2706] = CNOT 24 25
[2707] = T 24
[2708] = S 24
[2709] = CNOT 24 25
[2710] = T 15
[2711] = S 25
[2712] = CNOT 15 25
[2713] = S 15
[2714] = H 24
[2715] = CNOT 16 23
[2716] = CNOT 16 24
[2717] = T 16
[2718] = CNOT 16 24
[2719] = T 16
[2720] = S 16
[2721] = CNOT 16 23
[2722] = CNOT 23 24
[2723] = T 23
[2724] = S 23
[2725] = CNOT 23 24
[2726] = T 16
[2727] = S 24
[2728] = CNOT 16 24
[2729] = S 16
[2730] = H 23
[2731] = CNOT 17 22
[2732] = CNOT 17 23
[2733] = T 17
[2734] = CNOT 17 23
[2735] = T 17
[2736] = S 17
[2737] = CNOT 17 22
[2738] = CNOT 22 23
[2739] = T 22
[2740] = S 22
[2741] = CNOT 22 23
[2742] = T 17
[2743] = S 23
[2744] = CNOT 17 23
[2745] = S 17
[2746] = H 22
[2747] = CNOT 18 21
[2748] = CNOT 18 22
[2749] = T 18
[2750] = CNOT 18 22
[2751] = T 18
[2752] = S 18
[2753] = CNOT 18 21
[2754] = CNOT 21 22
[2755] = T 21
[2756] = S 21
[2757] = CNOT 21 22
[2758] = T 18
[2759] = S 22
[2760] = CNOT 18 22
[2761] = S 18
[2762] = H 21
[2763] = T 21
[2764] = CNOT 19 21
[2765] = T 19
[2766] = S 19
[2767] = CNOT 19 20
[2768] = T 19
[2769] = CNOT 19 21
[2770] = T 19
[2771] = S 19
[2772] = CNOT 19 20
[2773] = CNOT 20 21
[2774] = T 20
[2775] = S 20
[2776] = CNOT 20 21
[2777] = T 20
[2778] = H 21
[2779] = H 19
[2780] = CNOT 18 21
[2781] = T 18
[2782] = Z 18
[2783] = CNOT 18 22
[2784] = T 18
[2785] = S 18
[2786] = Z 18
[2787] = CNOT 18 21
[2788] = CNOT 21 22
[2789] = T 21
[2790] = S 21
[2791] = Z 21
[2792] = CNOT 21 22
[2793] = T 18
[2794] = Z 18
[2795] = T 19
[2796] = S 21
[2797] = Z 21
[2798] = Z 22
[2799] = H 22
[2800] = CNOT 17 22
[2801] = T 17
[2802] = Z 17
[2803] = CNOT 17 23
[2804] = T 17
[2805] = S 17
[2806] = Z 17
[2807] = CNOT 17 22
[2808] = CNOT 22 23
[2809] = T 22
[2810] = S 22
[2811] = Z 22
[2812] = CNOT 22 23
[2813] = T 17
[2814] = Z 17
[2815] = S 22
[2816] = Z 22
[2817] = Z 23
[2818] = H 23
[2819] = CNOT 16 23
[2820] = T 16
[2821] = Z 16
[2822] = CNOT 16 24
[2823] = T 16
[2824] = S 16
[2825] = Z 16
[2826] = CNOT 16 23
[2827] = CNOT 23 24
[2828] = T 23
[2829] = S 23
[2830] = Z 23
[2831] = CNOT 23 24
[2832] = T 16
[2833] = Z 16
[2834] = S 23
[2835] = Z 23
[2836] = Z 24
[2837] = H 24
[2838] = CNOT 15 24
[2839] = T 15
[2840] = Z 15
[2841] = CNOT 15 25
[2842] = T 15
[2843] = S 15
[2844] = Z 15
[2845] = CNOT 15 24
[2846] = CNOT 24 25
[2847] = T 24
[2848] = S 24
[2849] = Z 24
[2850] = CNOT 24 25
[2851] = T 15
[2852] = Z 15
[2853] = S 24
[2854] = Z 24
[2855] = Z 25
[2856] = H 25
[2857] = CNOT 14 25
[2858] = T 14
[2859] = Z 14
[2860] = CNOT 14 26
[2861] = T 14
[2862] = S 14
[2863] = Z 14
[2864] = CNOT 14 25
[2865] = CNOT 25 26
[2866] = T 25
[2867] = S 25
[2868] = Z 25
[2869] = CNOT 25 26
[2870] = T 14
[2871] = Z 14
[2872] = S 25
[2873] = Z 25
[2874] = Z 26
[2875] = H 26
[2876] = CNOT 13 26
[2877] = T 13
[2878] = Z 13
[2879] = CNOT 13 27
[2880] = T 13
[2881] = S 13
[2882] = Z 13
[2883] = CNOT 13 26
[2884] = CNOT 26 27
[2885] = T 26
[2886] = S 26
[2887] = Z 26
[2888] = CNOT 26 27
[2889] = T 13
[2890] = Z 13
[2891] = S 26
[2892] = Z 26
[2893] = Z 27
[2894] = H 27
[2895] = CNOT 12 27
[2896] = T 12
[2897] = Z 12
[2898] = CNOT 12 27
[2899] = CNOT 2 12
[2900] = CNOT 2 27
[2901] = T 2
[2902] = S 2
[2903] = Z 2
[2904] = CNOT 2 12
[2905] = T 2
[2906] = S 2
[2907] = Z 2
[2908] = CNOT 2 27
[2909] = CNOT 12 26
[2910] = T 12
[2911] = Z 12
[2912] = CNOT 12 26
[2913] = CNOT 2 12
[2914] = CNOT 2 26
[2915] = T 2
[2916] = S 2
[2917] = Z 2
[2918] = CNOT 2 12
[2919] = T 2
[2920] = S 2
[2921] = Z 2
[2922] = CNOT 2 26
[2923] = Z 2
[2924] = S 12
[2925] = Z 26
[2926] = S 27
[2927] = Z 27
[2928] = CNOT 2 12
[2929] = S 2
[2930] = Z 2
[2931] = CNOT 2 12
[2932] = H 26
[2933] = CNOT 13 25
[2934] = CNOT 13 26
[2935] = T 13
[2936] = CNOT 13 26
[2937] = T 13
[2938] = S 13
[2939] = CNOT 13 25
[2940] = CNOT 25 26
[2941] = T 25
[2942] = S 25
[2943] = CNOT 25 26
[2944] = T 13
[2945] = S 26
[2946] = CNOT 13 26
[2947] = S 13
[2948] = H 25
[2949] = CNOT 14 24
[2950] = CNOT 14 25
[2951] = T 14
[2952] = CNOT 14 25
[2953] = T 14
[2954] = S 14
[2955] = CNOT 14 24
[2956] = CNOT 24 25
[2957] = T 24
[2958] = S 24
[2959] = CNOT 24 25
[2960] = T 14
[2961] = S 25
[2962] = CNOT 14 25
[2963] = S 14
[2964] = H 24
[2965] = CNOT 15 23
[2966] = CNOT 15 24
[2967] = T 15
[2968] = CNOT 15 24
[2969] = T 15
[2970] = S 15
[2971] = CNOT 15 23
[2972] = CNOT 23 24
[2973] = T 23
[2974] = S 23
[2975] = CNOT 23 24
[2976] = T 15
[2977] = S 24
[2978] = CNOT 15 24
[2979] = S 15
[2980] = H 23
[2981] = CNOT 16 22
[2982] = CNOT 16 23
[2983] = T 16
[2984] = CNOT 16 23
[2985] = T 16
[2986] = S 16
[2987] = CNOT 16 22
[2988] = CNOT 22 23
[2989] = T 22
[2990] = S 22
[2991] = CNOT 22 23
[2992] = T 16
[2993] = S 23
[2994] = CNOT 16 23
[2995] = S 16
[2996] = H 22
[2997] = CNOT 17 21
[2998] = CNOT 17 22
[2999] = T 17
[3000] = CNOT 17 22
[3001] = T 17
[3002] = S 17
[3003] = CNOT 17 21
[3004] = CNOT 21 22
[3005] = T 21
[3006] = S 21
[3007] = CNOT 21 22
[3008] = T 17
[3009] = S 22
[3010] = CNOT 17 22
[3011] = S 17
[3012] = H 21
[3013] = T 21
[3014] = CNOT 18 21
[3015] = T 18
[3016] = S 18
[3017] = CNOT 18 19
[3018] = T 18
[3019] = CNOT 18 21
[3020] = T 18
[3021] = S 18
[3022] = CNOT 18 19
[3023] = CNOT 19 21
[3024] = T 19
[3025] = S 19
[3026] = CNOT 19 21
[3027] = H 19
[3028] = H 21
[3029] = H 18
[3030] = CNOT 17 21
[3031] = T 17
[3032] = Z 17
[3033] = CNOT 17 22
[3034] = T 17
[3035] = S 17
[3036] = Z 17
[3037] = CNOT 17 21
[3038] = CNOT 21 22
[3039] = T 21
[3040] = S 21
[3041] = Z 21
[3042] = CNOT 21 22
[3043] = T 17
[3044] = Z 17
[3045] = T 18
[3046] = T 19
[3047] = S 21
[3048] = Z 21
[3049] = Z 22
[3050] = H 22
[3051] = CNOT 16 22
[3052] = T 16
[3053] = Z 16
[3054] = CNOT 16 23
[3055] = T 16
[3056] = S 16
[3057] = Z 16
[3058] = CNOT 16 22
[3059] = CNOT 22 23
[3060] = T 22
[3061] = S 22
[3062] = Z 22
[3063] = CNOT 22 23
[3064] = T 16
[3065] = Z 16
[3066] = S 22
[3067] = Z 22
[3068] = Z 23
[3069] = H 23
[3070] = CNOT 15 23
[3071] = T 15
[3072] = Z 15
[3073] = CNOT 15 24
[3074] = T 15
[3075] = S 15
[3076] = Z 15
[3077] = CNOT 15 23
[3078] = CNOT 23 24
[3079] = T 23
[3080] = S 23
[3081] = Z 23
[3082] = CNOT 23 24
[3083] = T 15
[3084] = Z 15
[3085] = S 23
[3086] = Z 23
[3087] = Z 24
[3088] = H 24
[3089] = CNOT 14 24
[3090] = T 14
[3091] = Z 14
[3092] = CNOT 14 25
[3093] = T 14
[3094] = S 14
[3095] = Z 14
[3096] = CNOT 14 24
[3097] = CNOT 24 25
[3098] = T 24
[3099] = S 24
[3100] = Z 24
[3101] = CNOT 24 25
[3102] = T 14
[3103] = Z 14
[3104] = S 24
[3105] = Z 24
[3106] = Z 25
[3107] = H 25
[3108] = CNOT 13 25
[3109] = T 13
[3110] = Z 13
[3111] = CNOT 13 26
[3112] = T 13
[3113] = S 13
[3114] = Z 13
[3115] = CNOT 13 25
[3116] = CNOT 25 26
[3117] = T 25
[3118] = S 25
[3119] = Z 25
[3120] = CNOT 25 26
[3121] = T 13
[3122] = Z 13
[3123] = S 25
[3124] = Z 25
[3125] = Z 26
[3126] = H 26
[3127] = CNOT 12 26
[3128] = T 12
[3129] = Z 12
[3130] = CNOT 12 26
[3131] = CNOT 2 12
[3132] = CNOT 2 26
[3133] = T 2
[3134] = S 2
[3135] = Z 2
[3136] = CNOT 2 12
[3137] = T 2
[3138] = S 2
[3139] = Z 2
[3140] = CNOT 2 26
[3141] = CNOT 12 25
[3142] = T 12
[3143] = Z 12
[3144] = CNOT 12 25
[3145] = CNOT 2 12
[3146] = CNOT 2 25
[3147] = T 2
[3148] = S 2
[3149] = Z 2
[3150] = CNOT 2 12
[3151] = T 2
[3152] = S 2
[3153] = Z 2
[3154] = CNOT 2 25
[3155] = Z 2
[3156] = S 12
[3157] = Z 25
[3158] = S 26
[3159] = Z 26
[3160] = CNOT 2 12
[3161] = S 2
[3162] = Z 2
[3163] = CNOT 2 12
[3164] = H 25
[3165] = CNOT 13 24
[3166] = CNOT 13 25
[3167] = T 13
[3168] = CNOT 13 25
[3169] = T 13
[3170] = S 13
[3171] = CNOT 13 24
[3172] = CNOT 24 25
[3173] = T 24
[3174] = S 24
[3175] = CNOT 24 25
[3176] = T 13
[3177] = S 25
[3178] = CNOT 13 25
[3179] = S 13
[3180] = H 24
[3181] = CNOT 14 23
[3182] = CNOT 14 24
[3183] = T 14
[3184] = CNOT 14 24
[3185] = T 14
[3186] = S 14
[3187] = CNOT 14 23
[3188] = CNOT 23 24
[3189] = T 23
[3190] = S 23
[3191] = CNOT 23 24
[3192] = T 14
[3193] = S 24
[3194] = CNOT 14 24
[3195] = S 14
[3196] = H 23
[3197] = CNOT 15 22
[3198] = CNOT 15 23
[3199] = T 15
[3200] = CNOT 15 23
[3201] = T 15
[3202] = S 15
[3203] = CNOT 15 22
[3204] = CNOT 22 23
[3205] = T 22
[3206] = S 22
[3207] = CNOT 22 23
[3208] = T 15
[3209] = S 23
[3210] = CNOT 15 23
[3211] = S 15
[3212] = H 22
[3213] = CNOT 16 21
[3214] = CNOT 16 22
[3215] = T 16
[3216] = CNOT 16 22
[3217] = T 16
[3218] = S 16
[3219] = CNOT 16 21
[3220] = CNOT 21 22
[3221] = T 21
[3222] = S 21
[3223] = CNOT 21 22
[3224] = T 16
[3225] = S 22
[3226] = CNOT 16 22
[3227] = S 16
[3228] = H 21
[3229] = T 21
[3230] = CNOT 17 21
[3231] = T 17
[3232] = S 17
[3233] = CNOT 17 18
[3234] = T 17
[3235] = CNOT 17 21
[3236] = T 17
[3237] = S 17
[3238] = CNOT 17 18
[3239] = CNOT 18 21
[3240] = T 18
[3241] = S 18
[3242] = CNOT 18 21
[3243] = H 18
[3244] = H 21
[3245] = H 17
[3246] = CNOT 16 21
[3247] = T 16
[3248] = Z 16
[3249] = CNOT 16 22
[3250] = T 16
[3251] = S 16
[3252] = Z 16
[3253] = CNOT 16 21
[3254] = CNOT 21 22
[3255] = T 21
[3256] = S 21
[3257] = Z 21
[3258] = CNOT 21 22
[3259] = T 16
[3260] = Z 16
[3261] = T 17
[3262] = T 18
[3263] = S 21
[3264] = Z 21
[3265] = Z 22
[3266] = H 22
[3267] = CNOT 15 22
[3268] = T 15
[3269] = Z 15
[3270] = CNOT 15 23
[3271] = T 15
[3272] = S 15
[3273] = Z 15
[3274] = CNOT 15 22
[3275] = CNOT 22 23
[3276] = T 22
[3277] = S 22
[3278] = Z 22
[3279] = CNOT 22 23
[3280] = T 15
[3281] = Z 15
[3282] = S 22
[3283] = Z 22
[3284] = Z 23
[3285] = H 23
[3286] = CNOT 14 23
[3287] = T 14
[3288] = Z 14
[3289] = CNOT 14 24
[3290] = T 14
[3291] = S 14
[3292] = Z 14
[3293] = CNOT 14 23
[3294] = CNOT 23 24
[3295] = T 23
[3296] = S 23
[3297] = Z 23
[3298] = CNOT 23 24
[3299] = T 14
[3300] = Z 14
[3301] = S 23
[3302] = Z 23
[3303] = Z 24
[3304] = H 24
[3305] = CNOT 13 24
[3306] = T 13
[3307] = Z 13
[3308] = CNOT 13 25
[3309] = T 13
[3310] = S 13
[3311] = Z 13
[3312] = CNOT 13 24
[3313] = CNOT 24 25
[3314] = T 24
[3315] = S 24
[3316] = Z 24
[3317] = CNOT 24 25
[3318] = T 13
[3319] = Z 13
[3320] = S 24
[3321] = Z 24
[3322] = Z 25
[3323] = H 25
[3324] = CNOT 12 25
[3325] = T 12
[3326] = Z 12
[3327] = CNOT 12 25
[3328] = CNOT 2 12
[3329] = CNOT 2 25
[3330] = T 2
[3331] = S 2
[3332] = Z 2
[3333] = CNOT 2 12
[3334] = T 2
[3335] = S 2
[3336] = Z 2
[3337] = CNOT 2 25
[3338] = CNOT 12 24
[3339] = T 12
[3340] = Z 12
[3341] = CNOT 12 24
[3342] = CNOT 2 12
[3343] = CNOT 2 24
[3344] = T 2
[3345] = S 2
[3346] = Z 2
[3347] = CNOT 2 12
[3348] = T 2
[3349] = S 2
[3350] = Z 2
[3351] = CNOT 2 24
[3352] = Z 2
[3353] = S 12
[3354] = Z 24
[3355] = S 25
[3356] = Z 25
[3357] = CNOT 2 12
[3358] = S 2
[3359] = Z 2
[3360] = CNOT 2 12
[3361] = H 24
[3362] = CNOT 13 23
[3363] = CNOT 13 24
[3364] = T 13
[3365] = CNOT 13 24
[3366] = T 13
[3367] = S 13
[3368] = CNOT 13 23
[3369] = CNOT 23 24
[3370] = T 23
[3371] = S 23
[3372] = CNOT 23 24
[3373] = T 13
[3374] = S 24
[3375] = CNOT 13 24
[3376] = S 13
[3377] = H 23
[3378] = CNOT 14 22
[3379] = CNOT 14 23
[3380] = T 14
[3381] = CNOT 14 23
[3382] = T 14
[3383] = S 14
[3384] = CNOT 14 22
[3385] = CNOT 22 23
[3386] = T 22
[3387] = S 22
[3388] = CNOT 22 23
[3389] = T 14
[3390] = S 23
[3391] = CNOT 14 23
[3392] = S 14
[3393] = H 22
[3394] = CNOT 15 21
[3395] = CNOT 15 22
[3396] = T 15
[3397] = CNOT 15 22
[3398] = T 15
[3399] = S 15
[3400] = CNOT 15 21
[3401] = CNOT 21 22
[3402] = T 21
[3403] = S 21
[3404] = CNOT 21 22
[3405] = T 15
[3406] = S 22
[3407] = CNOT 15 22
[3408] = S 15
[3409] = H 21
[3410] = T 21
[3411] = CNOT 16 21
[3412] = T 16
[3413] = S 16
[3414] = CNOT 16 17
[3415] = T 16
[3416] = CNOT 16 21
[3417] = T 16
[3418] = S 16
[3419] = CNOT 16 17
[3420] = CNOT 17 21
[3421] = T 17
[3422] = S 17
[3423] = CNOT 17 21
[3424] = H 17
[3425] = H 21
[3426] = H 16
[3427] = CNOT 15 21
[3428] = T 15
[3429] = Z 15
[3430] = CNOT 15 22
[3431] = T 15
[3432] = S 15
[3433] = Z 15
[3434] = CNOT 15 21
[3435] = CNOT 21 22
[3436] = T 21
[3437] = S 21
[3438] = Z 21
[3439] = CNOT 21 22
[3440] = T 15
[3441] = Z 15
[3442] = T 16
[3443] = T 17
[3444] = S 21
[3445] = Z 21
[3446] = Z 22
[3447] = H 22
[3448] = CNOT 14 22
[3449] = T 14
[3450] = Z 14
[3451] = CNOT 14 23
[3452] = T 14
[3453] = S 14
[3454] = Z 14
[3455] = CNOT 14 22
[3456] = CNOT 22 23
[3457] = T 22
[3458] = S 22
[3459] = Z 22
[3460] = CNOT 22 23
[3461] = T 14
[3462] = Z 14
[3463] = S 22
[3464] = Z 22
[3465] = Z 23
[3466] = H 23
[3467] = CNOT 13 23
[3468] = T 13
[3469] = Z 13
[3470] = CNOT 13 24
[3471] = T 13
[3472] = S 13
[3473] = Z 13
[3474] = CNOT 13 23
[3475] = CNOT 23 24
[3476] = T 23
[3477] = S 23
[3478] = Z 23
[3479] = CNOT 23 24
[3480] = T 13
[3481] = Z 13
[3482] = S 23
[3483] = Z 23
[3484] = Z 24
[3485] = H 24
[3486] = CNOT 12 24
[3487] = T 12
[3488] = Z 12
[3489] = CNOT 12 24
[3490] = CNOT 2 12
[3491] = CNOT 2 24
[3492] = T 2
[3493] = S 2
[3494] = Z 2
[3495] = CNOT 2 12
[3496] = T 2
[3497] = S 2
[3498] = Z 2
[3499] = CNOT 2 24
[3500] = CNOT 12 23
[3501] = T 12
[3502] = Z 12
[3503] = CNOT 12 23
[3504] = CNOT 2 12
[3505] = CNOT 2 23
[3506] = T 2
[3507] = S 2
[3508] = Z 2
[3509] = CNOT 2 12
[3510] = T 2
[3511] = S 2
[3512] = Z 2
[3513] = CNOT 2 23
[3514] = Z 2
[3515] = S 12
[3516] = Z 23
[3517] = S 24
[3518] = Z 24
[3519] = CNOT 2 12
[3520] = S 2
[3521] = Z 2
[3522] = CNOT 2 12
[3523] = H 23
[3524] = CNOT 13 22
[3525] = CNOT 13 23
[3526] = T 13
[3527] = CNOT 13 23
[3528] = T 13
[3529] = S 13
[3530] = CNOT 13 22
[3531] = CNOT 22 23
[3532] = T 22
[3533] = S 22
[3534] = CNOT 22 23
[3535] = T 13
[3536] = S 23
[3537] = CNOT 13 23
[3538] = S 13
[3539] = H 22
[3540] = CNOT 14 21
[3541] = CNOT 14 22
[3542] = T 14
[3543] = CNOT 14 22
[3544] = T 14
[3545] = S 14
[3546] = CNOT 14 21
[3547] = CNOT 21 22
[3548] = T 21
[3549] = S 21
[3550] = CNOT 21 22
[3551] = T 14
[3552] = S 22
[3553] = CNOT 14 22
[3554] = S 14
[3555] = H 21
[3556] = T 21
[3557] = CNOT 15 21
[3558] = T 15
[3559] = S 15
[3560] = CNOT 15 16
[3561] = T 15
[3562] = CNOT 15 21
[3563] = T 15
[3564] = S 15
[3565] = CNOT 15 16
[3566] = CNOT 16 21
[3567] = T 16
[3568] = S 16
[3569] = CNOT 16 21
[3570] = H 16
[3571] = H 21
[3572] = H 15
[3573] = CNOT 14 21
[3574] = T 14
[3575] = Z 14
[3576] = CNOT 14 22
[3577] = T 14
[3578] = S 14
[3579] = Z 14
[3580] = CNOT 14 21
[3581] = CNOT 21 22
[3582] = T 21
[3583] = S 21
[3584] = Z 21
[3585] = CNOT 21 22
[3586] = T 14
[3587] = Z 14
[3588] = T 15
[3589] = T 16
[3590] = S 21
[3591] = Z 21
[3592] = Z 22
[3593] = H 22
[3594] = CNOT 13 22
[3595] = T 13
[3596] = Z 13
[3597] = CNOT 13 23
[3598] = T 13
[3599] = S 13
[3600] = Z 13
[3601] = CNOT 13 22
[3602] = CNOT 22 23
[3603] = T 22
[3604] = S 22
[3605] = Z 22
[3606] = CNOT 22 23
[3607] = T 13
[3608] = Z 13
[3609] = S 22
[3610] = Z 22
[3611] = Z 23
[3612] = H 23
[3613] = CNOT 12 23
[3614] = T 12
[3615] = Z 12
[3616] = CNOT 12 23
[3617] = CNOT 2 12
[3618] = CNOT 2 23
[3619] = T 2
[3620] = S 2
[3621] = Z 2
[3622] = CNOT 2 12
[3623] = T 2
[3624] = S 2
[3625] = Z 2
[3626] = CNOT 2 23
[3627] = CNOT 12 22
[3628] = T 12
[3629] = Z 12
[3630] = CNOT 12 22
[3631] = CNOT 2 12
[3632] = CNOT 2 22
[3633] = T 2
[3634] = S 2
[3635] = Z 2
[3636] = CNOT 2 12
[3637] = T 2
[3638] = S 2
[3639] = Z 2
[3640] = CNOT 2 22
[3641] = Z 2
[3642] = S 12
[3643] = Z 22
[3644] = S 23
[3645] = Z 23
[3646] = CNOT 2 12
[3647] = S 2
[3648] = Z 2
[3649] = CNOT 2 12
[3650] = H 22
[3651] = CNOT 13 21
[3652] = CNOT 13 22
[3653] = T 13
[3654] = CNOT 13 22
[3655] = T 13
[3656] = S 13
[3657] = CNOT 13 21
[3658] = CNOT 21 22
[3659] = T 21
[3660] = S 21
[3661] = CNOT 21 22
[3662] = T 13
[3663] = S 22
[3664] = CNOT 13 22
[3665] = S 13
[3666] = H 21
[3667] = T 21
[3668] = CNOT 14 21
[3669] = T 14
[3670] = S 14
[3671] = CNOT 14 15
[3672] = T 14
[3673] = CNOT 14 21
[3674] = T 14
[3675] = S 14
[3676] = CNOT 14 15
[3677] = CNOT 15 21
[3678] = T 15
[3679] = S 15
[3680] = CNOT 15 21
[3681] = H 15
[3682] = H 21
[3683] = H 14
[3684] = CNOT 13 21
[3685] = T 13
[3686] = Z 13
[3687] = CNOT 13 22
[3688] = T 13
[3689] = S 13
[3690] = Z 13
[3691] = CNOT 13 21
[3692] = CNOT 21 22
[3693] = T 21
[3694] = S 21
[3695] = Z 21
[3696] = CNOT 21 22
[3697] = T 13
[3698] = Z 13
[3699] = T 14
[3700] = T 15
[3701] = S 21
[3702] = Z 21
[3703] = Z 22
[3704] = H 22
[3705] = CNOT 12 22
[3706] = T 12
[3707] = Z 12
[3708] = CNOT 12 22
[3709] = CNOT 2 12
[3710] = CNOT 2 22
[3711] = T 2
[3712] = S 2
[3713] = Z 2
[3714] = CNOT 2 12
[3715] = T 2
[3716] = S 2
[3717] = Z 2
[3718] = CNOT 2 22
[3719] = CNOT 12 21
[3720] = T 12
[3721] = Z 12
[3722] = CNOT 12 21
[3723] = CNOT 2 12
[3724] = CNOT 2 21
[3725] = T 2
[3726] = S 2
[3727] = Z 2
[3728] = CNOT 2 12
[3729] = T 2
[3730] = S 2
[3731] = Z 2
[3732] = CNOT 2 21
[3733] = Z 2
[3734] = S 12
[3735] = Z 21
[3736] = S 22
[3737] = Z 22
[3738] = CNOT 2 12
[3739] = S 2
[3740] = Z 2
[3741] = CNOT 2 12
[3742] = H 21
[3743] = T 21
[3744] = CNOT 13 21
[3745] = T 13
[3746] = S 13
[3747] = CNOT 13 14
[3748] = T 13
[3749] = CNOT 13 21
[3750] = T 13
[3751] = S 13
[3752] = CNOT 13 14
[3753] = CNOT 14 21
[3754] = T 14
[3755] = S 14
[3756] = CNOT 14 21
[3757] = H 14
[3758] = H 21
[3759] = H 13
[3760] = T 14
[3761] = CNOT 27 28
[3762] = T 27
[3763] = S 27
[3764] = CNOT 27 28
[3765] = T 2
[3766] = S 2
[3767] = CNOT 12 27
[3768] = T 12
[3769] = S 12
[3770] = CNOT 13 21
[3771] = T 13
[3772] = CNOT 13 21
[3773] = CNOT 12 28
[3774] = T 12
[3775] = CNOT 12 28
[3776] = CNOT 12 27
[3777] = CNOT 12 13
[3778] = CNOT 12 21
[3779] = T 12
[3780] = S 12
[3781] = Z 12
[3782] = CNOT 12 21
[3783] = CNOT 12 13
[3784] = CNOT 2 12
[3785] = CNOT 2 13
[3786] = CNOT 2 21
[3787] = T 2
[3788] = CNOT 2 12
[3789] = T 2
[3790] = S 2
[3791] = Z 2
[3792] = CNOT 2 21
[3793] = CNOT 2 13
[3794] = Z 12
[3795] = Z 13
[3796] = T 21
[3797] = Z 21
[3798] = CNOT 2 12
[3799] = S 2
[3800] = Z 2
[3801] = CNOT 2 12
[3802] = CNOT 12 13
[3803] = S 12
[3804] = Z 12
[3805] = CNOT 12 13
[3806] = CNOT 12 21
[3807] = S 12
[3808] = Z 12
[3809] = CNOT 12 21
[3810] = CNOT 12 28
[3811] = S 12
[3812] = CNOT 12 28
[3813] = CNOT 2 12
[3814] = CNOT 2 13
[3815] = S 2
[3816] = Z 2
[3817] = CNOT 2 13
[3818] = CNOT 2 21
[3819] = S 2
[3820] = Z 2
[3821] = CNOT 2 21
[3822] = CNOT 2 12
[3823] = CNOT 12 28
[3824] = H 13
[3825] = H 27
[3826] = CNOT 13 26
[3827] = CNOT 13 27
[3828] = T 13
[3829] = CNOT 13 27
[3830] = T 13
[3831] = S 13
[3832] = CNOT 13 26
[3833] = CNOT 26 27
[3834] = T 26
[3835] = S 26
[3836] = CNOT 26 27
[3837] = S 13
[3838] = S 27
[3839] = CNOT 13 27
[3840] = S 13
[3841] = H 26
[3842] = CNOT 14 25
[3843] = CNOT 14 26
[3844] = T 14
[3845] = CNOT 14 26
[3846] = T 14
[3847] = S 14
[3848] = CNOT 14 25
[3849] = CNOT 25 26
[3850] = T 25
[3851] = S 25
[3852] = CNOT 25 26
[3853] = T 14
[3854] = S 26
[3855] = CNOT 14 26
[3856] = S 14
[3857] = H 25
[3858] = CNOT 15 24
[3859] = CNOT 15 25
[3860] = T 15
[3861] = CNOT 15 25
[3862] = T 15
[3863] = S 15
[3864] = CNOT 15 24
[3865] = CNOT 24 25
[3866] = T 24
[3867] = S 24
[3868] = CNOT 24 25
[3869] = T 15
[3870] = S 25
[3871] = CNOT 15 25
[3872] = S 15
[3873] = H 24
[3874] = CNOT 16 23
[3875] = CNOT 16 24
[3876] = T 16
[3877] = CNOT 16 24
[3878] = T 16
[3879] = S 16
[3880] = CNOT 16 23
[3881] = CNOT 23 24
[3882] = T 23
[3883] = S 23
[3884] = CNOT 23 24
[3885] = T 16
[3886] = S 24
[3887] = CNOT 16 24
[3888] = S 16
[3889] = H 23
[3890] = CNOT 17 22
[3891] = CNOT 17 23
[3892] = T 17
[3893] = CNOT 17 23
[3894] = T 17
[3895] = S 17
[3896] = CNOT 17 22
[3897] = CNOT 22 23
[3898] = T 22
[3899] = S 22
[3900] = CNOT 22 23
[3901] = T 17
[3902] = S 23
[3903] = CNOT 17 23
[3904] = S 17
[3905] = H 22
[3906] = CNOT 18 21
[3907] = CNOT 18 22
[3908] = T 18
[3909] = CNOT 18 22
[3910] = T 18
[3911] = S 18
[3912] = CNOT 18 21
[3913] = CNOT 21 22
[3914] = T 21
[3915] = S 21
[3916] = CNOT 21 22
[3917] = T 18
[3918] = S 22
[3919] = CNOT 18 22
[3920] = S 18
[3921] = H 21
[3922] = T 21
[3923] = CNOT 19 21
[3924] = T 19
[3925] = S 19
[3926] = CNOT 19 20
[3927] = T 19
[3928] = CNOT 19 21
[3929] = T 19
[3930] = S 19
[3931] = CNOT 19 20
[3932] = CNOT 20 21
[3933] = T 20
[3934] = S 20
[3935] = CNOT 20 21
[3936] = H 20
[3937] = H 21
[3938] = H 19
[3939] = CNOT 18 21
[3940] = T 18
[3941] = Z 18
[3942] = CNOT 18 22
[3943] = T 18
[3944] = S 18
[3945] = Z 18
[3946] = CNOT 18 21
[3947] = CNOT 21 22
[3948] = T 21
[3949] = S 21
[3950] = Z 21
[3951] = CNOT 21 22
[3952] = T 18
[3953] = Z 18
[3954] = T 19
[3955] = S 21
[3956] = Z 21
[3957] = Z 22
[3958] = H 22
[3959] = CNOT 17 22
[3960] = T 17
[3961] = Z 17
[3962] = CNOT 17 23
[3963] = T 17
[3964] = S 17
[3965] = Z 17
[3966] = CNOT 17 22
[3967] = CNOT 22 23
[3968] = T 22
[3969] = S 22
[3970] = Z 22
[3971] = CNOT 22 23
[3972] = T 17
[3973] = Z 17
[3974] = S 22
[3975] = Z 22
[3976] = Z 23
[3977] = H 23
[3978] = CNOT 16 23
[3979] = T 16
[3980] = Z 16
[3981] = CNOT 16 24
[3982] = T 16
[3983] = S 16
[3984] = Z 16
[3985] = CNOT 16 23
[3986] = CNOT 23 24
[3987] = T 23
[3988] = S 23
[3989] = Z 23
[3990] = CNOT 23 24
[3991] = T 16
[3992] = Z 16
[3993] = S 23
[3994] = Z 23
[3995] = Z 24
[3996] = H 24
[3997] = CNOT 15 24
[3998] = T 15
[3999] = Z 15
[4000] = CNOT 15 25
[4001] = T 15
[4002] = S 15
[4003] = Z 15
[4004] = CNOT 15 24
[4005] = CNOT 24 25
[4006] = T 24
[4007] = S 24
[4008] = Z 24
[4009] = CNOT 24 25
[4010] = T 15
[4011] = Z 15
[4012] = S 24
[4013] = Z 24
[4014] = Z 25
[4015] = H 25
[4016] = CNOT 14 25
[4017] = T 14
[4018] = Z 14
[4019] = CNOT 14 26
[4020] = T 14
[4021] = S 14
[4022] = Z 14
[4023] = CNOT 14 25
[4024] = CNOT 25 26
[4025] = T 25
[4026] = S 25
[4027] = Z 25
[4028] = CNOT 25 26
[4029] = T 14
[4030] = Z 14
[4031] = S 25
[4032] = Z 25
[4033] = Z 26
[4034] = H 26
[4035] = CNOT 13 26
[4036] = T 13
[4037] = Z 13
[4038] = CNOT 13 27
[4039] = T 13
[4040] = S 13
[4041] = Z 13
[4042] = CNOT 13 26
[4043] = CNOT 26 27
[4044] = T 26
[4045] = S 26
[4046] = Z 26
[4047] = CNOT 26 27
[4048] = T 13
[4049] = Z 13
[4050] = S 26
[4051] = Z 26
[4052] = Z 27
[4053] = H 27
[4054] = CNOT 12 27
[4055] = T 12
[4056] = Z 12
[4057] = CNOT 12 28
[4058] = T 12
[4059] = S 12
[4060] = Z 12
[4061] = CNOT 12 27
[4062] = CNOT 27 28
[4063] = T 27
[4064] = S 27
[4065] = Z 27
[4066] = CNOT 27 28
[4067] = T 12
[4068] = Z 12
[4069] = S 27
[4070] = Z 27
[4071] = Z 28
[4072] = H 28
[4073] = T 28
[4074] = Z 28
[4075] = CNOT 11 28
[4076] = T 11
[4077] = Z 11
[4078] = CNOT 11 28
[4079] = CNOT 1 11
[4080] = CNOT 1 28
[4081] = T 1
[4082] = S 1
[4083] = Z 1
[4084] = CNOT 1 11
[4085] = T 1
[4086] = S 1
[4087] = Z 1
[4088] = CNOT 1 28
[4089] = CNOT 11 27
[4090] = T 11
[4091] = Z 11
[4092] = CNOT 11 27
[4093] = CNOT 1 11
[4094] = CNOT 1 27
[4095] = T 1
[4096] = S 1
[4097] = Z 1
[4098] = CNOT 1 11
[4099] = T 1
[4100] = S 1
[4101] = Z 1
[4102] = CNOT 1 27
[4103] = Z 1
[4104] = S 11
[4105] = Z 27
[4106] = CNOT 1 11
[4107] = S 1
[4108] = Z 1
[4109] = CNOT 1 11
[4110] = H 28
[4111] = H 27
[4112] = CNOT 12 26
[4113] = CNOT 12 27
[4114] = T 12
[4115] = CNOT 12 27
[4116] = T 12
[4117] = S 12
[4118] = CNOT 12 26
[4119] = CNOT 26 27
[4120] = T 26
[4121] = S 26
[4122] = CNOT 26 27
[4123] = T 12
[4124] = S 27
[4125] = CNOT 12 27
[4126] = S 12
[4127] = H 26
[4128] = CNOT 13 25
[4129] = CNOT 13 26
[4130] = T 13
[4131] = CNOT 13 26
[4132] = T 13
[4133] = S 13
[4134] = CNOT 13 25
[4135] = CNOT 25 26
[4136] = T 25
[4137] = S 25
[4138] = CNOT 25 26
[4139] = T 13
[4140] = S 26
[4141] = CNOT 13 26
[4142] = S 13
[4143] = H 25
[4144] = CNOT 14 24
[4145] = CNOT 14 25
[4146] = T 14
[4147] = CNOT 14 25
[4148] = T 14
[4149] = S 14
[4150] = CNOT 14 24
[4151] = CNOT 24 25
[4152] = T 24
[4153] = S 24
[4154] = CNOT 24 25
[4155] = T 14
[4156] = S 25
[4157] = CNOT 14 25
[4158] = S 14
[4159] = H 24
[4160] = CNOT 15 23
[4161] = CNOT 15 24
[4162] = T 15
[4163] = CNOT 15 24
[4164] = T 15
[4165] = S 15
[4166] = CNOT 15 23
[4167] = CNOT 23 24
[4168] = T 23
[4169] = S 23
[4170] = CNOT 23 24
[4171] = T 15
[4172] = S 24
[4173] = CNOT 15 24
[4174] = S 15
[4175] = H 23
[4176] = CNOT 16 22
[4177] = CNOT 16 23
[4178] = T 16
[4179] = CNOT 16 23
[4180] = T 16
[4181] = S 16
[4182] = CNOT 16 22
[4183] = CNOT 22 23
[4184] = T 22
[4185] = S 22
[4186] = CNOT 22 23
[4187] = T 16
[4188] = S 23
[4189] = CNOT 16 23
[4190] = S 16
[4191] = H 22
[4192] = CNOT 17 21
[4193] = CNOT 17 22
[4194] = T 17
[4195] = CNOT 17 22
[4196] = T 17
[4197] = S 17
[4198] = CNOT 17 21
[4199] = CNOT 21 22
[4200] = T 21
[4201] = S 21
[4202] = CNOT 21 22
[4203] = T 17
[4204] = S 22
[4205] = CNOT 17 22
[4206] = S 17
[4207] = H 21
[4208] = T 21
[4209] = CNOT 18 21
[4210] = T 18
[4211] = S 18
[4212] = CNOT 18 19
[4213] = T 18
[4214] = CNOT 18 21
[4215] = T 18
[4216] = S 18
[4217] = CNOT 18 19
[4218] = CNOT 19 21
[4219] = T 19
[4220] = S 19
[4221] = CNOT 19 21
[4222] = H 19
[4223] = H 21
[4224] = H 18
[4225] = CNOT 17 21
[4226] = T 17
[4227] = Z 17
[4228] = CNOT 17 22
[4229] = T 17
[4230] = S 17
[4231] = Z 17
[4232] = CNOT 17 21
[4233] = CNOT 21 22
[4234] = T 21
[4235] = S 21
[4236] = Z 21
[4237] = CNOT 21 22
[4238] = T 17
[4239] = Z 17
[4240] = T 18
[4241] = S 21
[4242] = Z 21
[4243] = Z 22
[4244] = H 22
[4245] = CNOT 16 22
[4246] = T 16
[4247] = Z 16
[4248] = CNOT 16 23
[4249] = T 16
[4250] = S 16
[4251] = Z 16
[4252] = CNOT 16 22
[4253] = CNOT 22 23
[4254] = T 22
[4255] = S 22
[4256] = Z 22
[4257] = CNOT 22 23
[4258] = T 16
[4259] = Z 16
[4260] = S 22
[4261] = Z 22
[4262] = Z 23
[4263] = H 23
[4264] = CNOT 15 23
[4265] = T 15
[4266] = Z 15
[4267] = CNOT 15 24
[4268] = T 15
[4269] = S 15
[4270] = Z 15
[4271] = CNOT 15 23
[4272] = CNOT 23 24
[4273] = T 23
[4274] = S 23
[4275] = Z 23
[4276] = CNOT 23 24
[4277] = T 15
[4278] = Z 15
[4279] = S 23
[4280] = Z 23
[4281] = Z 24
[4282] = H 24
[4283] = CNOT 14 24
[4284] = T 14
[4285] = Z 14
[4286] = CNOT 14 25
[4287] = T 14
[4288] = S 14
[4289] = Z 14
[4290] = CNOT 14 24
[4291] = CNOT 24 25
[4292] = T 24
[4293] = S 24
[4294] = Z 24
[4295] = CNOT 24 25
[4296] = T 14
[4297] = Z 14
[4298] = S 24
[4299] = Z 24
[4300] = Z 25
[4301] = H 25
[4302] = CNOT 13 25
[4303] = T 13
[4304] = Z 13
[4305] = CNOT 13 26
[4306] = T 13
[4307] = S 13
[4308] = Z 13
[4309] = CNOT 13 25
[4310] = CNOT 25 26
[4311] = T 25
[4312] = S 25
[4313] = Z 25
[4314] = CNOT 25 26
[4315] = T 13
[4316] = Z 13
[4317] = S 25
[4318] = Z 25
[4319] = Z 26
[4320] = H 26
[4321] = CNOT 12 26
[4322] = T 12
[4323] = Z 12
[4324] = CNOT 12 27
[4325] = T 12
[4326] = S 12
[4327] = Z 12
[4328] = CNOT 12 26
[4329] = CNOT 26 27
[4330] = T 26
[4331] = S 26
[4332] = Z 26
[4333] = CNOT 26 27
[4334] = T 12
[4335] = Z 12
[4336] = S 26
[4337] = Z 26
[4338] = Z 27
[4339] = H 27
[4340] = T 27
[4341] = Z 27
[4342] = CNOT 11 27
[4343] = T 11
[4344] = Z 11
[4345] = CNOT 11 27
[4346] = CNOT 1 11
[4347] = CNOT 1 27
[4348] = T 1
[4349] = S 1
[4350] = Z 1
[4351] = CNOT 1 11
[4352] = T 1
[4353] = S 1
[4354] = Z 1
[4355] = CNOT 1 27
[4356] = CNOT 11 26
[4357] = T 11
[4358] = Z 11
[4359] = CNOT 11 26
[4360] = CNOT 1 11
[4361] = CNOT 1 26
[4362] = T 1
[4363] = S 1
[4364] = Z 1
[4365] = CNOT 1 11
[4366] = T 1
[4367] = S 1
[4368] = Z 1
[4369] = CNOT 1 26
[4370] = Z 1
[4371] = S 11
[4372] = Z 26
[4373] = CNOT 1 11
[4374] = S 1
[4375] = Z 1
[4376] = CNOT 1 11
[4377] = H 27
[4378] = H 26
[4379] = CNOT 12 25
[4380] = CNOT 12 26
[4381] = T 12
[4382] = CNOT 12 26
[4383] = T 12
[4384] = S 12
[4385] = CNOT 12 25
[4386] = CNOT 25 26
[4387] = T 25
[4388] = S 25
[4389] = CNOT 25 26
[4390] = T 12
[4391] = S 26
[4392] = CNOT 12 26
[4393] = S 12
[4394] = H 25
[4395] = CNOT 13 24
[4396] = CNOT 13 25
[4397] = T 13
[4398] = CNOT 13 25
[4399] = T 13
[4400] = S 13
[4401] = CNOT 13 24
[4402] = CNOT 24 25
[4403] = T 24
[4404] = S 24
[4405] = CNOT 24 25
[4406] = T 13
[4407] = S 25
[4408] = CNOT 13 25
[4409] = S 13
[4410] = H 24
[4411] = CNOT 14 23
[4412] = CNOT 14 24
[4413] = T 14
[4414] = CNOT 14 24
[4415] = T 14
[4416] = S 14
[4417] = CNOT 14 23
[4418] = CNOT 23 24
[4419] = T 23
[4420] = S 23
[4421] = CNOT 23 24
[4422] = T 14
[4423] = S 24
[4424] = CNOT 14 24
[4425] = S 14
[4426] = H 23
[4427] = CNOT 15 22
[4428] = CNOT 15 23
[4429] = T 15
[4430] = CNOT 15 23
[4431] = T 15
[4432] = S 15
[4433] = CNOT 15 22
[4434] = CNOT 22 23
[4435] = T 22
[4436] = S 22
[4437] = CNOT 22 23
[4438] = T 15
[4439] = S 23
[4440] = CNOT 15 23
[4441] = S 15
[4442] = H 22
[4443] = CNOT 16 21
[4444] = CNOT 16 22
[4445] = T 16
[4446] = CNOT 16 22
[4447] = T 16
[4448] = S 16
[4449] = CNOT 16 21
[4450] = CNOT 21 22
[4451] = T 21
[4452] = S 21
[4453] = CNOT 21 22
[4454] = T 16
[4455] = S 22
[4456] = CNOT 16 22
[4457] = S 16
[4458] = H 21
[4459] = T 21
[4460] = CNOT 17 21
[4461] = T 17
[4462] = S 17
[4463] = CNOT 17 18
[4464] = T 17
[4465] = CNOT 17 21
[4466] = T 17
[4467] = S 17
[4468] = CNOT 17 18
[4469] = CNOT 18 21
[4470] = T 18
[4471] = S 18
[4472] = CNOT 18 21
[4473] = H 18
[4474] = H 21
[4475] = H 17
[4476] = CNOT 16 21
[4477] = T 16
[4478] = Z 16
[4479] = CNOT 16 22
[4480] = T 16
[4481] = S 16
[4482] = Z 16
[4483] = CNOT 16 21
[4484] = CNOT 21 22
[4485] = T 21
[4486] = S 21
[4487] = Z 21
[4488] = CNOT 21 22
[4489] = T 16
[4490] = Z 16
[4491] = T 17
[4492] = S 21
[4493] = Z 21
[4494] = Z 22
[4495] = H 22
[4496] = CNOT 15 22
[4497] = T 15
[4498] = Z 15
[4499] = CNOT 15 23
[4500] = T 15
[4501] = S 15
[4502] = Z 15
[4503] = CNOT 15 22
[4504] = CNOT 22 23
[4505] = T 22
[4506] = S 22
[4507] = Z 22
[4508] = CNOT 22 23
[4509] = T 15
[4510] = Z 15
[4511] = S 22
[4512] = Z 22
[4513] = Z 23
[4514] = H 23
[4515] = CNOT 14 23
[4516] = T 14
[4517] = Z 14
[4518] = CNOT 14 24
[4519] = T 14
[4520] = S 14
[4521] = Z 14
[4522] = CNOT 14 23
[4523] = CNOT 23 24
[4524] = T 23
[4525] = S 23
[4526] = Z 23
[4527] = CNOT 23 24
[4528] = T 14
[4529] = Z 14
[4530] = S 23
[4531] = Z 23
[4532] = Z 24
[4533] = H 24
[4534] = CNOT 13 24
[4535] = T 13
[4536] = Z 13
[4537] = CNOT 13 25
[4538] = T 13
[4539] = S 13
[4540] = Z 13
[4541] = CNOT 13 24
[4542] = CNOT 24 25
[4543] = T 24
[4544] = S 24
[4545] = Z 24
[4546] = CNOT 24 25
[4547] = T 13
[4548] = Z 13
[4549] = S 24
[4550] = Z 24
[4551] = Z 25
[4552] = H 25
[4553] = CNOT 12 25
[4554] = T 12
[4555] = Z 12
[4556] = CNOT 12 26
[4557] = T 12
[4558] = S 12
[4559] = Z 12
[4560] = CNOT 12 25
[4561] = CNOT 25 26
[4562] = T 25
[4563] = S 25
[4564] = Z 25
[4565] = CNOT 25 26
[4566] = T 12
[4567] = Z 12
[4568] = S 25
[4569] = Z 25
[4570] = Z 26
[4571] = H 26
[4572] = T 26
[4573] = Z 26
[4574] = CNOT 11 26
[4575] = T 11
[4576] = Z 11
[4577] = CNOT 11 26
[4578] = CNOT 1 11
[4579] = CNOT 1 26
[4580] = T 1
[4581] = S 1
[4582] = Z 1
[4583] = CNOT 1 11
[4584] = T 1
[4585] = S 1
[4586] = Z 1
[4587] = CNOT 1 26
[4588] = CNOT 11 25
[4589] = T 11
[4590] = Z 11
[4591] = CNOT 11 25
[4592] = CNOT 1 11
[4593] = CNOT 1 25
[4594] = T 1
[4595] = S 1
[4596] = Z 1
[4597] = CNOT 1 11
[4598] = T 1
[4599] = S 1
[4600] = Z 1
[4601] = CNOT 1 25
[4602] = Z 1
[4603] = S 11
[4604] = Z 25
[4605] = CNOT 1 11
[4606] = S 1
[4607] = Z 1
[4608] = CNOT 1 11
[4609] = H 26
[4610] = H 25
[4611] = CNOT 12 24
[4612] = CNOT 12 25
[4613] = T 12
[4614] = CNOT 12 25
[4615] = T 12
[4616] = S 12
[4617] = CNOT 12 24
[4618] = CNOT 24 25
[4619] = T 24
[4620] = S 24
[4621] = CNOT 24 25
[4622] = T 12
[4623] = S 25
[4624] = CNOT 12 25
[4625] = S 12
[4626] = H 24
[4627] = CNOT 13 23
[4628] = CNOT 13 24
[4629] = T 13
[4630] = CNOT 13 24
[4631] = T 13
[4632] = S 13
[4633] = CNOT 13 23
[4634] = CNOT 23 24
[4635] = T 23
[4636] = S 23
[4637] = CNOT 23 24
[4638] = T 13
[4639] = S 24
[4640] = CNOT 13 24
[4641] = S 13
[4642] = H 23
[4643] = CNOT 14 22
[4644] = CNOT 14 23
[4645] = T 14
[4646] = CNOT 14 23
[4647] = T 14
[4648] = S 14
[4649] = CNOT 14 22
[4650] = CNOT 22 23
[4651] = T 22
[4652] = S 22
[4653] = CNOT 22 23
[4654] = T 14
[4655] = S 23
[4656] = CNOT 14 23
[4657] = S 14
[4658] = H 22
[4659] = CNOT 15 21
[4660] = CNOT 15 22
[4661] = T 15
[4662] = CNOT 15 22
[4663] = T 15
[4664] = S 15
[4665] = CNOT 15 21
[4666] = CNOT 21 22
[4667] = T 21
[4668] = S 21
[4669] = CNOT 21 22
[4670] = T 15
[4671] = S 22
[4672] = CNOT 15 22
[4673] = S 15
[4674] = H 21
[4675] = T 21
[4676] = CNOT 16 21
[4677] = T 16
[4678] = S 16
[4679] = CNOT 16 17
[4680] = T 16
[4681] = CNOT 16 21
[4682] = T 16
[4683] = S 16
[4684] = CNOT 16 17
[4685] = CNOT 17 21
[4686] = T 17
[4687] = S 17
[4688] = CNOT 17 21
[4689] = H 17
[4690] = H 21
[4691] = H 16
[4692] = CNOT 15 21
[4693] = T 15
[4694] = Z 15
[4695] = CNOT 15 22
[4696] = T 15
[4697] = S 15
[4698] = Z 15
[4699] = CNOT 15 21
[4700] = CNOT 21 22
[4701] = T 21
[4702] = S 21
[4703] = Z 21
[4704] = CNOT 21 22
[4705] = T 15
[4706] = Z 15
[4707] = T 16
[4708] = S 21
[4709] = Z 21
[4710] = Z 22
[4711] = H 22
[4712] = CNOT 14 22
[4713] = T 14
[4714] = Z 14
[4715] = CNOT 14 23
[4716] = T 14
[4717] = S 14
[4718] = Z 14
[4719] = CNOT 14 22
[4720] = CNOT 22 23
[4721] = T 22
[4722] = S 22
[4723] = Z 22
[4724] = CNOT 22 23
[4725] = T 14
[4726] = Z 14
[4727] = S 22
[4728] = Z 22
[4729] = Z 23
[4730] = H 23
[4731] = CNOT 13 23
[4732] = T 13
[4733] = Z 13
[4734] = CNOT 13 24
[4735] = T 13
[4736] = S 13
[4737] = Z 13
[4738] = CNOT 13 23
[4739] = CNOT 23 24
[4740] = T 23
[4741] = S 23
[4742] = Z 23
[4743] = CNOT 23 24
[4744] = T 13
[4745] = Z 13
[4746] = S 23
[4747] = Z 23
[4748] = Z 24
[4749] = H 24
[4750] = CNOT 12 24
[4751] = T 12
[4752] = Z 12
[4753] = CNOT 12 25
[4754] = T 12
[4755] = S 12
[4756] = Z 12
[4757] = CNOT 12 24
[4758] = CNOT 24 25
[4759] = T 24
[4760] = S 24
[4761] = Z 24
[4762] = CNOT 24 25
[4763] = T 12
[4764] = Z 12
[4765] = S 24
[4766] = Z 24
[4767] = Z 25
[4768] = H 25
[4769] = T 25
[4770] = Z 25
[4771] = CNOT 11 25
[4772] = T 11
[4773] = Z 11
[4774] = CNOT 11 25
[4775] = CNOT 1 11
[4776] = CNOT 1 25
[4777] = T 1
[4778] = S 1
[4779] = Z 1
[4780] = CNOT 1 11
[4781] = T 1
[4782] = S 1
[4783] = Z 1
[4784] = CNOT 1 25
[4785] = CNOT 11 24
[4786] = T 11
[4787] = Z 11
[4788] = CNOT 11 24
[4789] = CNOT 1 11
[4790] = CNOT 1 24
[4791] = T 1
[4792] = S 1
[4793] = Z 1
[4794] = CNOT 1 11
[4795] = T 1
[4796] = S 1
[4797] = Z 1
[4798] = CNOT 1 24
[4799] = Z 1
[4800] = S 11
[4801] = Z 24
[4802] = CNOT 1 11
[4803] = S 1
[4804] = Z 1
[4805] = CNOT 1 11
[4806] = H 25
[4807] = H 24
[4808] = CNOT 12 23
[4809] = CNOT 12 24
[4810] = T 12
[4811] = CNOT 12 24
[4812] = T 12
[4813] = S 12
[4814] = CNOT 12 23
[4815] = CNOT 23 24
[4816] = T 23
[4817] = S 23
[4818] = CNOT 23 24
[4819] = T 12
[4820] = S 24
[4821] = CNOT 12 24
[4822] = S 12
[4823] = H 23
[4824] = CNOT 13 22
[4825] = CNOT 13 23
[4826] = T 13
[4827] = CNOT 13 23
[4828] = T 13
[4829] = S 13
[4830] = CNOT 13 22
[4831] = CNOT 22 23
[4832] = T 22
[4833] = S 22
[4834] = CNOT 22 23
[4835] = T 13
[4836] = S 23
[4837] = CNOT 13 23
[4838] = S 13
[4839] = H 22
[4840] = CNOT 14 21
[4841] = CNOT 14 22
[4842] = T 14
[4843] = CNOT 14 22
[4844] = T 14
[4845] = S 14
[4846] = CNOT 14 21
[4847] = CNOT 21 22
[4848] = T 21
[4849] = S 21
[4850] = CNOT 21 22
[4851] = T 14
[4852] = S 22
[4853] = CNOT 14 22
[4854] = S 14
[4855] = H 21
[4856] = T 21
[4857] = CNOT 15 21
[4858] = T 15
[4859] = S 15
[4860] = CNOT 15 16
[4861] = T 15
[4862] = CNOT 15 21
[4863] = T 15
[4864] = S 15
[4865] = CNOT 15 16
[4866] = CNOT 16 21
[4867] = T 16
[4868] = S 16
[4869] = CNOT 16 21
[4870] = H 16
[4871] = H 21
[4872] = H 15
[4873] = CNOT 14 21
[4874] = T 14
[4875] = Z 14
[4876] = CNOT 14 22
[4877] = T 14
[4878] = S 14
[4879] = Z 14
[4880] = CNOT 14 21
[4881] = CNOT 21 22
[4882] = T 21
[4883] = S 21
[4884] = Z 21
[4885] = CNOT 21 22
[4886] = T 14
[4887] = Z 14
[4888] = T 15
[4889] = S 21
[4890] = Z 21
[4891] = Z 22
[4892] = H 22
[4893] = CNOT 13 22
[4894] = T 13
[4895] = Z 13
[4896] = CNOT 13 23
[4897] = T 13
[4898] = S 13
[4899] = Z 13
[4900] = CNOT 13 22
[4901] = CNOT 22 23
[4902] = T 22
[4903] = S 22
[4904] = Z 22
[4905] = CNOT 22 23
[4906] = T 13
[4907] = Z 13
[4908] = S 22
[4909] = Z 22
[4910] = Z 23
[4911] = H 23
[4912] = CNOT 12 23
[4913] = T 12
[4914] = Z 12
[4915] = CNOT 12 24
[4916] = T 12
[4917] = S 12
[4918] = Z 12
[4919] = CNOT 12 23
[4920] = CNOT 23 24
[4921] = T 23
[4922] = S 23
[4923] = Z 23
[4924] = CNOT 23 24
[4925] = T 12
[4926] = Z 12
[4927] = S 23
[4928] = Z 23
[4929] = Z 24
[4930] = H 24
[4931] = T 24
[4932] = Z 24
[4933] = CNOT 11 24
[4934] = T 11
[4935] = Z 11
[4936] = CNOT 11 24
[4937] = CNOT 1 11
[4938] = CNOT 1 24
[4939] = T 1
[4940] = S 1
[4941] = Z 1
[4942] = CNOT 1 11
[4943] = T 1
[4944] = S 1
[4945] = Z 1
[4946] = CNOT 1 24
[4947] = CNOT 11 23
[4948] = T 11
[4949] = Z 11
[4950] = CNOT 11 23
[4951] = CNOT 1 11
[4952] = CNOT 1 23
[4953] = T 1
[4954] = S 1
[4955] = Z 1
[4956] = CNOT 1 11
[4957] = T 1
[4958] = S 1
[4959] = Z 1
[4960] = CNOT 1 23
[4961] = Z 1
[4962] = S 11
[4963] = Z 23
[4964] = CNOT 1 11
[4965] = S 1
[4966] = Z 1
[4967] = CNOT 1 11
[4968] = H 24
[4969] = H 23
[4970] = CNOT 12 22
[4971] = CNOT 12 23
[4972] = T 12
[4973] = CNOT 12 23
[4974] = T 12
[4975] = S 12
[4976] = CNOT 12 22
[4977] = CNOT 22 23
[4978] = T 22
[4979] = S 22
[4980] = CNOT 22 23
[4981] = T 12
[4982] = S 23
[4983] = CNOT 12 23
[4984] = S 12
[4985] = H 22
[4986] = CNOT 13 21
[4987] = CNOT 13 22
[4988] = T 13
[4989] = CNOT 13 22
[4990] = T 13
[4991] = S 13
[4992] = CNOT 13 21
[4993] = CNOT 21 22
[4994] = T 21
[4995] = S 21
[4996] = CNOT 21 22
[4997] = T 13
[4998] = S 22
[4999] = CNOT 13 22
[5000] = S 13
[5001] = H 21
[5002] = T 21
[5003] = CNOT 14 21
[5004] = T 14
[5005] = S 14
[5006] = CNOT 14 15
[5007] = T 14
[5008] = CNOT 14 21
[5009] = T 14
[5010] = S 14
[5011] = CNOT 14 15
[5012] = CNOT 15 21
[5013] = T 15
[5014] = S 15
[5015] = CNOT 15 21
[5016] = H 15
[5017] = H 21
[5018] = H 14
[5019] = CNOT 13 21
[5020] = T 13
[5021] = Z 13
[5022] = CNOT 13 22
[5023] = T 13
[5024] = S 13
[5025] = Z 13
[5026] = CNOT 13 21
[5027] = CNOT 21 22
[5028] = T 21
[5029] = S 21
[5030] = Z 21
[5031] = CNOT 21 22
[5032] = T 13
[5033] = Z 13
[5034] = T 14
[5035] = S 21
[5036] = Z 21
[5037] = Z 22
[5038] = H 22
[5039] = CNOT 12 22
[5040] = T 12
[5041] = Z 12
[5042] = CNOT 12 23
[5043] = T 12
[5044] = S 12
[5045] = Z 12
[5046] = CNOT 12 22
[5047] = CNOT 22 23
[5048] = T 22
[5049] = S 22
[5050] = Z 22
[5051] = CNOT 22 23
[5052] = T 12
[5053] = Z 12
[5054] = S 22
[5055] = Z 22
[5056] = Z 23
[5057] = H 23
[5058] = T 23
[5059] = Z 23
[5060] = CNOT 11 23
[5061] = T 11
[5062] = Z 11
[5063] = CNOT 11 23
[5064] = CNOT 1 11
[5065] = CNOT 1 23
[5066] = T 1
[5067] = S 1
[5068] = Z 1
[5069] = CNOT 1 11
[5070] = T 1
[5071] = S 1
[5072] = Z 1
[5073] = CNOT 1 23
[5074] = CNOT 11 22
[5075] = T 11
[5076] = Z 11
[5077] = CNOT 11 22
[5078] = CNOT 1 11
[5079] = CNOT 1 22
[5080] = T 1
[5081] = S 1
[5082] = Z 1
[5083] = CNOT 1 11
[5084] = T 1
[5085] = S 1
[5086] = Z 1
[5087] = CNOT 1 22
[5088] = Z 1
[5089] = S 11
[5090] = Z 22
[5091] = CNOT 1 11
[5092] = S 1
[5093] = Z 1
[5094] = CNOT 1 11
[5095] = H 23
[5096] = H 22
[5097] = CNOT 12 21
[5098] = CNOT 12 22
[5099] = T 12
[5100] = CNOT 12 22
[5101] = T 12
[5102] = S 12
[5103] = CNOT 12 21
[5104] = CNOT 21 22
[5105] = T 21
[5106] = S 21
[5107] = CNOT 21 22
[5108] = T 12
[5109] = S 22
[5110] = CNOT 12 22
[5111] = S 12
[5112] = H 21
[5113] = T 21
[5114] = CNOT 13 21
[5115] = T 13
[5116] = S 13
[5117] = CNOT 13 14
[5118] = T 13
[5119] = CNOT 13 21
[5120] = T 13
[5121] = S 13
[5122] = CNOT 13 14
[5123] = CNOT 14 21
[5124] = T 14
[5125] = S 14
[5126] = CNOT 14 21
[5127] = H 14
[5128] = H 21
[5129] = H 13
[5130] = CNOT 12 21
[5131] = T 12
[5132] = Z 12
[5133] = CNOT 12 22
[5134] = T 12
[5135] = S 12
[5136] = Z 12
[5137] = CNOT 12 21
[5138] = CNOT 21 22
[5139] = T 21
[5140] = S 21
[5141] = Z 21
[5142] = CNOT 21 22
[5143] = T 12
[5144] = Z 12
[5145] = T 13
[5146] = S 21
[5147] = Z 21
[5148] = Z 22
[5149] = H 22
[5150] = T 22
[5151] = Z 22
[5152] = CNOT 11 22
[5153] = T 11
[5154] = Z 11
[5155] = CNOT 11 22
[5156] = CNOT 1 11
[5157] = CNOT 1 22
[5158] = T 1
[5159] = S 1
[5160] = Z 1
[5161] = CNOT 1 11
[5162] = T 1
[5163] = S 1
[5164] = Z 1
[5165] = CNOT 1 22
[5166] = CNOT 11 21
[5167] = T 11
[5168] = Z 11
[5169] = CNOT 11 21
[5170] = CNOT 1 11
[5171] = CNOT 1 21
[5172] = T 1
[5173] = S 1
[5174] = Z 1
[5175] = CNOT 1 11
[5176] = T 1
[5177] = S 1
[5178] = Z 1
[5179] = CNOT 1 21
[5180] = Z 1
[5181] = S 11
[5182] = Z 21
[5183] = CNOT 1 11
[5184] = S 1
[5185] = Z 1
[5186] = CNOT 1 11
[5187] = H 22
[5188] = H 21
[5189] = T 21
[5190] = CNOT 12 21
[5191] = T 12
[5192] = S 12
[5193] = CNOT 12 13
[5194] = T 12
[5195] = CNOT 12 21
[5196] = T 12
[5197] = S 12
[5198] = CNOT 12 13
[5199] = CNOT 13 21
[5200] = T 13
[5201] = S 13
[5202] = CNOT 13 21
[5203] = H 13
[5204] = H 21
[5205] = H 12
[5206] = CNOT 1 12
[5207] = CNOT 1 21
[5208] = T 1
[5209] = S 1
[5210] = Z 1
[5211] = CNOT 1 11
[5212] = T 1
[5213] = CNOT 1 21
[5214] = CNOT 1 12
[5215] = CNOT 1 11
[5216] = CNOT 11 12
[5217] = CNOT 11 21
[5218] = T 11
[5219] = S 11
[5220] = Z 11
[5221] = CNOT 11 21
[5222] = CNOT 11 12
[5223] = T 1
[5224] = S 1
[5225] = CNOT 12 21
[5226] = T 12
[5227] = CNOT 12 21
[5228] = S 11
[5229] = Z 12
[5230] = Z 21
[5231] = CNOT 1 11
[5232] = S 1
[5233] = Z 1
[5234] = CNOT 1 11
[5235] = CNOT 11 12
[5236] = S 11
[5237] = Z 11
[5238] = CNOT 11 12
[5239] = CNOT 11 21
[5240] = S 11
[5241] = Z 11
[5242] = CNOT 11 21
[5243] = CNOT 1 11
[5244] = CNOT 1 12
[5245] = S 1
[5246] = Z 1
[5247] = CNOT 1 12
[5248] = CNOT 1 21
[5249] = S 1
[5250] = Z 1
[5251] = CNOT 1 21
[5252] = CNOT 1 11
[5253] = H 21
[5254] = H 12
Gate distributions:
Input:
Operator distribution:
Total number of qubits = 28
Number of `data' qubits = 28
Number of `Toff_n' ancillas = 0
Number of Hadamard ancillas = 0
Hadamard ancilla cap = 0
Number of {CNOT,T} partitions = 234
T count = 1995
Cost estimation = 998080
	id	Count
	0	0
	1	0
	2	0
	3	570
	4	10
	5	0
	6	0
	7	0
	8	0
	9	0
	10	285
	11	0
	12	0
	13	0
	14	0
	15	0
	16	0
	17	0
	18	0
Output:
Operator distribution:
Total number of qubits = 28
Number of `data' qubits = 28
Number of `Toff_n' ancillas = 0
Number of Hadamard ancillas = 0
Hadamard ancilla cap = 0
Number of {CNOT,T} partitions = 234
T count = 1161
Cost estimation = 584594
	id	Count
	0	0
	1	0
	2	0
	3	330
	4	1900
	5	1161
	6	0
	7	0
	8	0
	9	0
	10	0
	11	992
	12	0
	13	872
	14	0
	15	0
	16	0
	17	0
	18	0
Output T Count (SQC_Circuit) = 1161
Output T Count (PhasePolynomial) = 1161
Fail count = 7

Execution time: 49.3589s
Number of LCL errors: 0
Number of LCL warnings: 0
