Optimize a Clifford + T circuit.
Input filename = /home/ryo-mtmt/TOpt/forme/tpar_benchmark/ham15-med.tfc
Number of unknown gates = 0
Number of unknown qubit labels = 0
Circuit filename: /home/ryo-mtmt/TOpt/forme/tpar_benchmark/ham15-med.tfc

n 17
n_x 17
n_y 0
n_z 0
m 301
[0] = CNOT 10 15
[1] = CNOT 15 14
[2] = H 17
[3] = CCZ 12 13 17
[4] = H 17
[5] = H 16
[6] = CCZ 17 14 16
[7] = H 16
[8] = H 5
[9] = CCZ 16 15 5
[10] = H 5
[11] = H 16
[12] = CCZ 17 14 16
[13] = H 16
[14] = H 17
[15] = CCZ 12 13 17
[16] = H 17
[17] = CNOT 12 15
[18] = H 15
[19] = CCZ 13 14 15
[20] = H 15
[21] = H 14
[22] = CCZ 12 15 14
[23] = H 14
[24] = H 17
[25] = CCZ 12 13 17
[26] = H 17
[27] = H 16
[28] = CCZ 17 14 16
[29] = H 16
[30] = H 2
[31] = CCZ 16 15 2
[32] = H 2
[33] = H 16
[34] = CCZ 17 14 16
[35] = H 16
[36] = H 17
[37] = CCZ 12 13 17
[38] = H 17
[39] = CNOT 11 15
[40] = H 16
[41] = CCZ 12 13 16
[42] = H 16
[43] = H 15
[44] = CCZ 16 14 15
[45] = H 15
[46] = H 16
[47] = CCZ 12 13 16
[48] = H 16
[49] = H 10
[50] = CCZ 12 15 10
[51] = H 10
[52] = H 17
[53] = CCZ 12 13 17
[54] = H 17
[55] = H 16
[56] = CCZ 17 14 16
[57] = H 16
[58] = H 6
[59] = CCZ 16 15 6
[60] = H 6
[61] = H 16
[62] = CCZ 17 14 16
[63] = H 16
[64] = H 17
[65] = CCZ 12 13 17
[66] = H 17
[67] = H 1
[68] = CCZ 13 15 1
[69] = H 1
[70] = H 1
[71] = CCZ 14 15 1
[72] = H 1
[73] = H 17
[74] = CCZ 12 13 17
[75] = H 17
[76] = H 16
[77] = CCZ 17 14 16
[78] = H 16
[79] = H 1
[80] = CCZ 16 15 1
[81] = H 1
[82] = H 16
[83] = CCZ 17 14 16
[84] = H 16
[85] = H 17
[86] = CCZ 12 13 17
[87] = H 17
[88] = CNOT 13 15
[89] = H 17
[90] = CCZ 12 13 17
[91] = H 17
[92] = H 16
[93] = CCZ 17 14 16
[94] = H 16
[95] = H 4
[96] = CCZ 16 15 4
[97] = H 4
[98] = H 16
[99] = CCZ 17 14 16
[100] = H 16
[101] = H 17
[102] = CCZ 12 13 17
[103] = H 17
[104] = H 10
[105] = CCZ 13 15 10
[106] = H 10
[107] = H 3
[108] = CCZ 13 15 3
[109] = H 3
[110] = H 17
[111] = CCZ 12 13 17
[112] = H 17
[113] = H 16
[114] = CCZ 17 14 16
[115] = H 16
[116] = H 3
[117] = CCZ 16 15 3
[118] = H 3
[119] = H 16
[120] = CCZ 17 14 16
[121] = H 16
[122] = H 17
[123] = CCZ 12 13 17
[124] = H 17
[125] = H 16
[126] = CCZ 12 13 16
[127] = H 16
[128] = H 14
[129] = CCZ 16 15 14
[130] = H 14
[131] = H 16
[132] = CCZ 12 13 16
[133] = H 16
[134] = H 16
[135] = CCZ 13 14 16
[136] = H 16
[137] = H 3
[138] = CCZ 16 15 3
[139] = H 3
[140] = H 16
[141] = CCZ 13 14 16
[142] = H 16
[143] = H 16
[144] = CCZ 13 14 16
[145] = H 16
[146] = H 12
[147] = CCZ 16 15 12
[148] = H 12
[149] = H 16
[150] = CCZ 13 14 16
[151] = H 16
[152] = H 1
[153] = CCZ 12 15 1
[154] = H 1
[155] = H 17
[156] = CCZ 12 13 17
[157] = H 17
[158] = H 16
[159] = CCZ 17 14 16
[160] = H 16
[161] = H 7
[162] = CCZ 16 15 7
[163] = H 7
[164] = H 16
[165] = CCZ 17 14 16
[166] = H 16
[167] = H 17
[168] = CCZ 12 13 17
[169] = H 17
[170] = H 14
[171] = CCZ 12 15 14
[172] = H 14
[173] = H 12
[174] = CCZ 14 15 12
[175] = H 12
[176] = H 17
[177] = CCZ 12 13 17
[178] = H 17
[179] = H 16
[180] = CCZ 17 14 16
[181] = H 16
[182] = H 8
[183] = CCZ 16 15 8
[184] = H 8
[185] = H 16
[186] = CCZ 17 14 16
[187] = H 16
[188] = H 17
[189] = CCZ 12 13 17
[190] = H 17
[191] = H 16
[192] = CCZ 12 14 16
[193] = H 16
[194] = H 13
[195] = CCZ 16 15 13
[196] = H 13
[197] = H 16
[198] = CCZ 12 14 16
[199] = H 16
[200] = H 17
[201] = CCZ 12 13 17
[202] = H 17
[203] = H 16
[204] = CCZ 17 14 16
[205] = H 16
[206] = H 10
[207] = CCZ 16 15 10
[208] = H 10
[209] = H 16
[210] = CCZ 17 14 16
[211] = H 16
[212] = H 17
[213] = CCZ 12 13 17
[214] = H 17
[215] = H 17
[216] = CCZ 12 13 17
[217] = H 17
[218] = H 16
[219] = CCZ 17 14 16
[220] = H 16
[221] = H 11
[222] = CCZ 16 15 11
[223] = H 11
[224] = H 16
[225] = CCZ 17 14 16
[226] = H 16
[227] = H 17
[228] = CCZ 12 13 17
[229] = H 17
[230] = H 15
[231] = CCZ 12 13 15
[232] = H 15
[233] = H 11
[234] = CCZ 12 14 11
[235] = H 11
[236] = CNOT 14 15
[237] = H 17
[238] = CCZ 12 13 17
[239] = H 17
[240] = H 16
[241] = CCZ 17 14 16
[242] = H 16
[243] = H 9
[244] = CCZ 16 15 9
[245] = H 9
[246] = H 16
[247] = CCZ 17 14 16
[248] = H 16
[249] = H 17
[250] = CCZ 12 13 17
[251] = H 17
[252] = CNOT 14 13
[253] = CNOT 10 11
[254] = CNOT 14 10
[255] = CNOT 13 14
[256] = CNOT 9 13
[257] = CNOT 13 9
[258] = CNOT 15 12
[259] = CNOT 12 13
[260] = CNOT 12 15
[261] = CNOT 15 11
[262] = CNOT 12 10
[263] = CNOT 8 12
[264] = CNOT 12 8
[265] = CNOT 14 11
[266] = CNOT 11 8
[267] = CNOT 7 11
[268] = CNOT 11 7
[269] = CNOT 10 7
[270] = CNOT 6 10
[271] = CNOT 9 6
[272] = CNOT 5 9
[273] = CNOT 8 5
[274] = CNOT 4 8
[275] = CNOT 7 4
[276] = CNOT 3 7
[277] = CNOT 7 3
[278] = CNOT 10 6
[279] = CNOT 6 3
[280] = CNOT 2 6
[281] = CNOT 9 5
[282] = CNOT 5 2
[283] = CNOT 6 2
[284] = CNOT 1 5
[285] = CNOT 8 4
[286] = CNOT 4 1
[287] = CNOT 5 1

Algorithm used: todd_exp_1110

UniversalOptimize begin.
	Gate synthesis begin.
A_BMS
BMSparse object. Dims: 102x287
12914 12912 9753 4300 4299 16639 4298 3724 852 851 14913 9747 9746 14911 9745 848 4290 9742 9741 4288 12036 12035 3998 9737 9736 16623 9735 23796 23794 29245 21496 7145 7144 3987 7143 6856 6855 3985 7141 6854 15176 15175 9722 15174 22920 29248 21485 22919 29247 21484 3690 21483 20335 3689 3688 16028 15740 16026 9712 3555 10155 10153 1497 11235 10315 3661 4168 3550 9501 675 673 21049 26458 26457 6467 2097 26983 9033 7261 9556 9555 15320 3959 3241 9578 18450 9576 18448 10117 18989 22696 16745 20742 24529 3805 3264 3804 3263 13001 3803 3591 3802 21655 3227 3513 3226 3512 3225 9602 13388 26982 21437 9534 13862 3554 1931 1498 10681 3553 25891 3996 26176 21248 25889 9659 26174 4534 9583 14980 9570 19849 7406 11234 20175 3213 17820 6676 19984 19443 16465 8444 9488 10377 22695 9487 2454 22980 8373 7207 21249 23792 13811 22399 22398 18166 24117 1299 3517 17821 1050 20579 5972 9803 21705 3524 25164 17818 11461 5916 3265 1047 19441 9827 19850 9571 12952 7407 21240 14382 6808 7226 20760 22978 18449 10686 9604 4735 13391 23536 16746 6765 18956 103 849 9721 15266 20676 3905 20758 22976 27845 12953 1051 3526 10156 1500 10318 21408 3664 9801 7096 12169 9951 19985 6677 5340 21900 17531 28707 4303 26483 28701 23832 9828 3877 19851 9533 26980 21435 14916 16025 27266 10375 3342 21499 5973 5054 20580 9490 2457 18957 104 20759 22977 8372 4302 26482 28700 23831 15279 8445 16560 16411 15329 24526 10374 3341 15447 12909 20672 25621 27839 114 9560 16580 9523 3572 6101 7210 6468 2098 21250 12378 9673 16118 23793 13812 15435 25887 9657 25622 28706 3279 9581 20671 9495 9559 13863 6100 7209 25888 9658 21047 23265 18382 3234 27892 7443 25187 18451 6252 10152 21242 3903 16102 3659 3885 28283 7212 23268 9527 18399 16120 23829 14957 18284 1298 21260 9565 12811 24116 1935 4070 12893 9566 20793 21902 17823 9708 3981 9526 18398 9502 3984 7311 9529 7216 24528 9594 9561 23830 14958 27427 4138 18204 3597 16581 6469 21251 12379 2100 9493 11806 12380 2101 7511 13002 9675 3840 3299 9494 11807 12381 7512 18988 10116 9034 1501 10373 3340 7313 9531 10316 22515 25761 14914 16023 27265 7219 9802 21905 14385 12167 3301 23263 21045 7224 21903 12895 9568 20862 17535 23537 112 16747 6766 8374 15357 9574 10683 702 27318 18383 21048 23266 10684 27319 12911 20674 9584 3560 3593 8439 20882 8440 3571 3592 27423 4134 26314 3276 9590 15330 24527 9591 20859 17532 4224 3278 123 124 9321 18205 3569 3856 9883 3857 9884 701 9598 21654 10317 22516 25762 10176 17533 4225 10177 9528 7310 9032 21475 9319 22844 9322 9036 3585 7913 15065 9655 3586 4734 13390 3587 7915 4736 4737 13393 9617 3666 147 4073 9618 3667 148 9620 20845 4210 8538 3669 4169 4170 9754 20844 5318 3884 3599 3562 2453 27422 7214 16086 28285 3565 2456 7218 28289 451 9324 452 28286 18305 16748 6767 454 18199 455 7918 9535 22843 18325 3908 7695 23704 29250 23705 5108 3904 3906 7693 5915 19440 11462 20334 5917 19983 1048 9752 5316 20842 14383 26582 28017 12166 26583 21707 9654 16443 4244 12813 6963 3636 12168 14386 9950 4211 8539 6965 3638 3298 9952 3232 24303 3233 24304 25165 4226 20861 5338 20864 3645 16273 14956 18283 3947 20582 7916 6807 7094 27424 4135 9680 19438 26316 9681 16336 26317 9682 1934 5055 20581 3946 8540 25188 20670 6253 7278 9496 3951 15144 7279 3952 9692 7280 9498 16152 3953 16153 15044 3954 1932 9695 4243 3958 4532 3997 9542 26177 5106 4533 4535 21497 5971 3678 6470 4252 22921 15158 3679 22922 15159 3680 4254 3692 21436 26981 20327 9709 15736 9710 1320 15737 1321 15738 

[Experimental TODD + ChiDiff + M4RI] Flags - Packed: 1, AA Table: 1, Memo: 1, Sketch: 0 (margin=20)
--- Round 0 | Current Columns: 287 ---
  [HIT!] Pair(12,198) Dist=1 | 287 -> 285 columns
Round 0 Finished in 193 ms.
--- Round 1 | Current Columns: 285 ---
  [HIT!] Pair(13,247) Dist=1 | 285 -> 279 columns
Round 1 Finished in 178 ms.
--- Round 2 | Current Columns: 279 ---
  [HIT!] Pair(23,31) Dist=1 | 279 -> 277 columns
Round 2 Finished in 40 ms.
--- Round 3 | Current Columns: 277 ---
  [HIT!] Pair(131,271) Dist=1 | 277 -> 273 columns
Round 3 Finished in 215 ms.
--- Round 4 | Current Columns: 273 ---
  [HIT!] Pair(83,179) Dist=1 | 273 -> 271 columns
Round 4 Finished in 259 ms.
--- Round 5 | Current Columns: 271 ---
  [HIT!] Pair(5,249) Dist=1 | 271 -> 269 columns
Round 5 Finished in 241 ms.
--- Round 6 | Current Columns: 269 ---
  [HIT!] Pair(147,149) Dist=1 | 269 -> 267 columns
Round 6 Finished in 289 ms.
--- Round 7 | Current Columns: 267 ---
  [HIT!] Pair(82,148) Dist=1 | 267 -> 265 columns
Round 7 Finished in 37 ms.
--- Round 8 | Current Columns: 265 ---
  [HIT!] Pair(12,185) Dist=1 | 265 -> 261 columns
Round 8 Finished in 414 ms.
--- Round 9 | Current Columns: 261 ---
  [HIT!] Pair(132,184) Dist=1 | 261 -> 259 columns
Round 9 Finished in 310 ms.
--- Round 10 | Current Columns: 259 ---
  [HIT!] Pair(56,251) Dist=1 | 259 -> 255 columns
Round 10 Finished in 408 ms.
--- Round 11 | Current Columns: 255 ---
  [HIT!] Pair(121,217) Dist=1 | 255 -> 253 columns
Round 11 Finished in 294 ms.
--- Round 12 | Current Columns: 253 ---
  [HIT!] Pair(75,251) Dist=1 | 253 -> 248 columns
Round 12 Finished in 388 ms.
--- Round 13 | Current Columns: 248 ---
  [HIT!] Pair(4,246) Dist=1 | 248 -> 246 columns
Round 13 Finished in 398 ms.
--- Round 14 | Current Columns: 246 ---
  [HIT!] Pair(76,207) Dist=1 | 246 -> 243 columns
Round 14 Finished in 422 ms.
--- Round 15 | Current Columns: 243 ---
  [HIT!] Pair(125,223) Dist=1 | 243 -> 241 columns
Round 15 Finished in 575 ms.
--- Round 16 | Current Columns: 241 ---
  [HIT!] Pair(192,225) Dist=1 | 241 -> 237 columns
Round 16 Finished in 458 ms.
--- Round 17 | Current Columns: 237 ---
  [HIT!] Pair(82,148) Dist=1 | 237 -> 235 columns
Round 17 Finished in 588 ms.
--- Round 18 | Current Columns: 235 ---
  [HIT!] Pair(204,211) Dist=2 | 235 -> 231 columns
Round 18 Finished in 745 ms.
--- Round 19 | Current Columns: 231 ---
  [HIT!] Pair(79,134) Dist=2 | 231 -> 229 columns
Round 19 Finished in 1111 ms.
--- Round 20 | Current Columns: 229 ---
  [HIT!] Pair(96,200) Dist=2 | 229 -> 227 columns
Round 20 Finished in 1243 ms.
--- Round 21 | Current Columns: 227 ---
  [HIT!] Pair(133,210) Dist=2 | 227 -> 225 columns
Round 21 Finished in 1481 ms.
--- Round 22 | Current Columns: 225 ---
  [HIT!] Pair(126,149) Dist=2 | 225 -> 223 columns
Round 22 Finished in 1562 ms.
--- Round 23 | Current Columns: 223 ---
  [HIT!] Pair(120,171) Dist=1 | 223 -> 221 columns
Round 23 Finished in 576 ms.
--- Round 24 | Current Columns: 221 ---
  [HIT!] Pair(23,125) Dist=1 | 221 -> 219 columns
Round 24 Finished in 574 ms.
--- Round 25 | Current Columns: 219 ---
  [HIT!] Pair(122,216) Dist=2 | 219 -> 217 columns
Round 25 Finished in 1634 ms.
--- Round 26 | Current Columns: 217 ---
  [HIT!] Pair(58,105) Dist=2 | 217 -> 215 columns
Round 26 Finished in 1998 ms.
--- Round 27 | Current Columns: 215 ---
  [HIT!] Pair(183,213) Dist=2 | 215 -> 213 columns
Round 27 Finished in 3056 ms.
--- Round 28 | Current Columns: 213 ---
  [HIT!] Pair(31,96) Dist=2 | 213 -> 211 columns
Round 28 Finished in 1585 ms.
--- Round 29 | Current Columns: 211 ---
  [HIT!] Pair(105,109) Dist=2 | 211 -> 209 columns
Round 29 Finished in 3126 ms.
--- Round 30 | Current Columns: 209 ---
  [HIT!] Pair(23,120) Dist=2 | 209 -> 205 columns
Round 30 Finished in 3503 ms.
--- Round 31 | Current Columns: 205 ---
  [HIT!] Pair(54,141) Dist=3 | 205 -> 203 columns
Round 31 Finished in 4343 ms.
--- Round 32 | Current Columns: 203 ---
  [HIT!] Pair(17,131) Dist=3 | 203 -> 201 columns
Round 32 Finished in 4341 ms.
--- Round 33 | Current Columns: 201 ---
  [HIT!] Pair(55,179) Dist=3 | 201 -> 199 columns
Round 33 Finished in 6467 ms.
--- Round 34 | Current Columns: 199 ---
  [HIT!] Pair(20,75) Dist=3 | 199 -> 197 columns
Round 34 Finished in 9412 ms.
--- Round 35 | Current Columns: 197 ---
  [HIT!] Pair(19,149) Dist=3 | 197 -> 195 columns
Round 35 Finished in 4234 ms.
--- Round 36 | Current Columns: 195 ---
  [HIT!] Pair(25,52) Dist=3 | 195 -> 193 columns
Round 36 Finished in 9757 ms.
--- Round 37 | Current Columns: 193 ---
  [HIT!] Pair(22,60) Dist=5 | 193 -> 191 columns
Round 37 Finished in 31032 ms.
--- Round 38 | Current Columns: 191 ---
  [HIT!] Pair(162,179) Dist=4 | 191 -> 189 columns
Round 38 Finished in 10656 ms.
--- Round 39 | Current Columns: 189 ---
  [HIT!] Pair(16,119) Dist=5 | 189 -> 187 columns
Round 39 Finished in 43337 ms.
--- Round 40 | Current Columns: 187 ---
  [HIT!] Pair(68,82) Dist=5 | 187 -> 185 columns
Round 40 Finished in 32162 ms.
--- Round 41 | Current Columns: 185 ---
  [HIT!] Pair(22,117) Dist=4 | 185 -> 183 columns
Round 41 Finished in 20760 ms.
--- Round 42 | Current Columns: 183 ---
  [HIT!] Pair(25,54) Dist=5 | 183 -> 181 columns
Round 42 Finished in 39464 ms.
--- Round 43 | Current Columns: 181 ---
  [HIT!] Pair(34,61) Dist=5 | 181 -> 179 columns
Round 43 Finished in 39581 ms.
--- Round 44 | Current Columns: 179 ---
  [HIT!] Pair(98,139) Dist=2 | 179 -> 177 columns
Round 44 Finished in 1575 ms.
--- Round 45 | Current Columns: 177 ---
  [HIT!] Pair(73,116) Dist=7 | 177 -> 175 columns
Round 45 Finished in 88426 ms.
--- Round 46 | Current Columns: 175 ---
  [HIT!] Pair(49,136) Dist=8 | 175 -> 173 columns
Round 46 Finished in 111760 ms.
--- Round 47 | Current Columns: 173 ---
  [HIT!] Pair(4,84) Dist=8 | 173 -> 171 columns
Round 47 Finished in 112776 ms.
--- Round 48 | Current Columns: 171 ---
  [HIT!] Pair(72,75) Dist=10 | 171 -> 169 columns
Round 48 Finished in 238499 ms.
--- Round 49 | Current Columns: 169 ---
  [HIT!] Pair(139,154) Dist=11 | 169 -> 167 columns
Round 49 Finished in 227806 ms.
--- Round 50 | Current Columns: 167 ---
Round 50 Finished in 1807237 ms.

=== Optimization Summary ===
Algorithm       : LempelX2_M4RI_Experimental
Initial T-count : 287
Final T-count   : 167
Total Reduced   : 120 gates
Execution Time  : 2872298 ms
Chi calculation : 117796 ms
AA Table calc   : 6.073 ms
Nullspace calc  : 2.7534e+06 ms
Pairs tested    : 43808
Memo x hits     : 9662
Avg affected    : 123775
Full NS empty   : 0
============================
		TODD executed in 2868.51 seconds.
		Total time: 2868.59s
	Gate synthesis end.
	Total time: 4496.66s
UniversalOptimize end.
Output circuit:
n 102
n_x 17
n_y 0
n_z 85
m 31001
[0] = H 17
[1] = H 16
[2] = H 5
[3] = H 2
[4] = H 6
[5] = H 1
[6] = H 4
[7] = H 3
[8] = H 7
[9] = H 8
[10] = H 9
[11] = H 18
[12] = H 19
[13] = H 20
[14] = H 21
[15] = H 22
[16] = H 23
[17] = H 24
[18] = H 25
[19] = H 26
[20] = H 27
[21] = H 28
[22] = H 29
[23] = H 30
[24] = H 31
[25] = H 32
[26] = H 33
[27] = H 34
[28] = H 35
[29] = H 36
[30] = H 37
[31] = H 38
[32] = H 39
[33] = H 40
[34] = H 41
[35] = H 42
[36] = H 43
[37] = H 44
[38] = H 45
[39] = H 46
[40] = H 47
[41] = H 48
[42] = H 49
[43] = H 50
[44] = H 51
[45] = H 52
[46] = H 53
[47] = H 54
[48] = H 55
[49] = H 56
[50] = H 57
[51] = H 58
[52] = H 59
[53] = H 60
[54] = H 61
[55] = H 62
[56] = H 63
[57] = H 64
[58] = H 65
[59] = H 66
[60] = H 67
[61] = H 68
[62] = H 69
[63] = H 70
[64] = H 71
[65] = H 72
[66] = H 73
[67] = H 74
[68] = H 75
[69] = H 76
[70] = H 77
[71] = H 78
[72] = H 79
[73] = H 80
[74] = H 81
[75] = H 82
[76] = H 83
[77] = H 84
[78] = H 85
[79] = H 86
[80] = H 87
[81] = H 88
[82] = H 89
[83] = H 90
[84] = H 91
[85] = H 92
[86] = H 93
[87] = H 94
[88] = H 95
[89] = H 96
[90] = H 97
[91] = H 98
[92] = H 99
[93] = H 100
[94] = H 101
[95] = H 102
[96] = CNOT 3 36
[97] = CNOT 3 45
[98] = CNOT 3 53
[99] = CNOT 3 55
[100] = CNOT 3 56
[101] = CNOT 3 58
[102] = CNOT 3 65
[103] = CNOT 3 73
[104] = CNOT 3 74
[105] = CNOT 3 80
[106] = CNOT 3 82
[107] = CNOT 3 92
[108] = CNOT 3 96
[109] = CNOT 3 98
[110] = CNOT 3 101
[111] = T 3
[112] = CNOT 3 98
[113] = T 3
[114] = CNOT 3 101
[115] = CNOT 3 96
[116] = CNOT 3 92
[117] = CNOT 3 13
[118] = CNOT 3 79
[119] = CNOT 3 83
[120] = T 3
[121] = CNOT 3 75
[122] = T 3
[123] = CNOT 3 83
[124] = CNOT 3 82
[125] = CNOT 3 80
[126] = CNOT 3 73
[127] = CNOT 3 58
[128] = CNOT 3 56
[129] = CNOT 3 45
[130] = CNOT 3 36
[131] = CNOT 3 13
[132] = CNOT 3 5
[133] = CNOT 3 12
[134] = CNOT 3 19
[135] = CNOT 3 27
[136] = CNOT 3 32
[137] = CNOT 3 35
[138] = T 3
[139] = CNOT 3 55
[140] = CNOT 3 53
[141] = CNOT 3 35
[142] = CNOT 3 32
[143] = CNOT 3 27
[144] = CNOT 3 19
[145] = CNOT 3 5
[146] = CNOT 3 14
[147] = CNOT 3 15
[148] = CNOT 3 34
[149] = CNOT 3 62
[150] = CNOT 3 73
[151] = T 3
[152] = CNOT 3 79
[153] = CNOT 3 75
[154] = CNOT 3 73
[155] = CNOT 3 62
[156] = CNOT 3 34
[157] = CNOT 3 15
[158] = CNOT 3 14
[159] = CNOT 3 12
[160] = CNOT 3 36
[161] = CNOT 3 45
[162] = CNOT 3 53
[163] = CNOT 3 55
[164] = CNOT 3 56
[165] = CNOT 3 58
[166] = CNOT 3 80
[167] = CNOT 3 82
[168] = CNOT 3 92
[169] = CNOT 3 98
[170] = CNOT 3 101
[171] = T 3
[172] = CNOT 3 98
[173] = T 3
[174] = CNOT 3 101
[175] = CNOT 3 84
[176] = CNOT 3 85
[177] = T 3
[178] = CNOT 3 73
[179] = T 3
[180] = CNOT 3 85
[181] = CNOT 3 73
[182] = CNOT 3 75
[183] = T 3
[184] = CNOT 3 73
[185] = T 3
[186] = CNOT 3 92
[187] = CNOT 3 84
[188] = CNOT 3 80
[189] = CNOT 3 12
[190] = CNOT 3 14
[191] = CNOT 3 15
[192] = CNOT 3 34
[193] = CNOT 3 54
[194] = CNOT 3 57
[195] = CNOT 3 79
[196] = T 3
[197] = CNOT 3 58
[198] = CNOT 3 57
[199] = CNOT 3 54
[200] = CNOT 3 53
[201] = CNOT 3 34
[202] = CNOT 3 12
[203] = CNOT 3 22
[204] = CNOT 3 30
[205] = CNOT 3 35
[206] = T 3
[207] = CNOT 3 65
[208] = CNOT 3 55
[209] = CNOT 3 35
[210] = CNOT 3 30
[211] = CNOT 3 22
[212] = CNOT 57 67
[213] = T 57
[214] = S 57
[215] = CNOT 57 67
[216] = T 67
[217] = CNOT 3 12
[218] = CNOT 3 34
[219] = CNOT 3 47
[220] = CNOT 3 53
[221] = CNOT 3 54
[222] = CNOT 3 68
[223] = CNOT 3 72
[224] = CNOT 3 81
[225] = T 3
[226] = CNOT 3 72
[227] = CNOT 3 47
[228] = CNOT 3 64
[229] = T 3
[230] = CNOT 3 81
[231] = CNOT 3 68
[232] = CNOT 3 64
[233] = CNOT 3 54
[234] = CNOT 3 53
[235] = CNOT 3 34
[236] = CNOT 3 15
[237] = CNOT 3 14
[238] = CNOT 3 12
[239] = CNOT 3 16
[240] = CNOT 3 21
[241] = CNOT 3 22
[242] = CNOT 3 23
[243] = CNOT 3 30
[244] = CNOT 3 35
[245] = CNOT 3 55
[246] = CNOT 3 65
[247] = T 3
[248] = CNOT 3 79
[249] = CNOT 3 75
[250] = CNOT 3 35
[251] = CNOT 3 30
[252] = CNOT 3 23
[253] = CNOT 3 22
[254] = CNOT 3 21
[255] = CNOT 3 16
[256] = CNOT 3 53
[257] = CNOT 3 58
[258] = CNOT 3 80
[259] = CNOT 3 85
[260] = CNOT 3 88
[261] = CNOT 3 92
[262] = T 3
[263] = CNOT 3 92
[264] = CNOT 3 88
[265] = CNOT 3 85
[266] = CNOT 3 80
[267] = CNOT 3 13
[268] = CNOT 3 64
[269] = CNOT 3 71
[270] = CNOT 3 75
[271] = CNOT 3 79
[272] = T 3
[273] = CNOT 3 79
[274] = CNOT 3 75
[275] = CNOT 3 71
[276] = CNOT 3 64
[277] = CNOT 3 13
[278] = CNOT 3 80
[279] = CNOT 3 90
[280] = CNOT 3 92
[281] = CNOT 3 93
[282] = T 3
[283] = CNOT 3 93
[284] = CNOT 3 92
[285] = CNOT 3 90
[286] = CNOT 3 80
[287] = CNOT 3 58
[288] = CNOT 3 53
[289] = CNOT 3 12
[290] = CNOT 3 13
[291] = CNOT 3 14
[292] = CNOT 3 22
[293] = CNOT 3 30
[294] = CNOT 3 35
[295] = CNOT 3 75
[296] = CNOT 3 79
[297] = T 3
[298] = CNOT 3 82
[299] = CNOT 3 73
[300] = CNOT 3 56
[301] = CNOT 3 45
[302] = CNOT 3 36
[303] = CNOT 3 30
[304] = CNOT 3 22
[305] = CNOT 3 13
[306] = CNOT 3 12
[307] = CNOT 3 15
[308] = CNOT 3 25
[309] = CNOT 3 27
[310] = CNOT 3 32
[311] = CNOT 3 53
[312] = T 3
[313] = CNOT 3 65
[314] = CNOT 3 53
[315] = CNOT 3 32
[316] = CNOT 3 27
[317] = CNOT 3 25
[318] = CNOT 3 15
[319] = CNOT 12 14
[320] = CNOT 12 15
[321] = CNOT 12 34
[322] = CNOT 12 36
[323] = CNOT 12 62
[324] = CNOT 12 63
[325] = CNOT 12 65
[326] = CNOT 12 73
[327] = CNOT 12 74
[328] = CNOT 12 75
[329] = CNOT 12 79
[330] = T 12
[331] = CNOT 12 65
[332] = CNOT 12 34
[333] = CNOT 65 70
[334] = CNOT 65 76
[335] = T 65
[336] = S 65
[337] = Z 65
[338] = CNOT 65 76
[339] = CNOT 65 70
[340] = CNOT 12 65
[341] = T 12
[342] = CNOT 12 62
[343] = CNOT 12 34
[344] = T 12
[345] = CNOT 12 79
[346] = CNOT 12 75
[347] = CNOT 12 74
[348] = CNOT 12 73
[349] = CNOT 12 65
[350] = CNOT 12 63
[351] = CNOT 12 36
[352] = CNOT 12 34
[353] = CNOT 12 15
[354] = CNOT 12 14
[355] = CNOT 3 12
[356] = CNOT 3 22
[357] = CNOT 3 30
[358] = CNOT 3 36
[359] = CNOT 3 45
[360] = CNOT 3 56
[361] = CNOT 3 65
[362] = CNOT 3 73
[363] = CNOT 3 82
[364] = T 3
[365] = CNOT 3 65
[366] = CNOT 3 35
[367] = CNOT 3 30
[368] = CNOT 3 22
[369] = CNOT 3 12
[370] = CNOT 12 14
[371] = CNOT 12 15
[372] = CNOT 12 36
[373] = CNOT 12 63
[374] = CNOT 12 65
[375] = CNOT 12 73
[376] = CNOT 12 74
[377] = CNOT 12 75
[378] = CNOT 12 79
[379] = T 12
[380] = CNOT 12 79
[381] = CNOT 12 75
[382] = CNOT 12 74
[383] = CNOT 12 73
[384] = CNOT 12 65
[385] = CNOT 12 63
[386] = CNOT 12 36
[387] = CNOT 12 15
[388] = CNOT 12 14
[389] = CNOT 3 12
[390] = CNOT 3 15
[391] = CNOT 3 34
[392] = CNOT 3 53
[393] = CNOT 3 54
[394] = CNOT 3 57
[395] = T 3
[396] = CNOT 3 57
[397] = CNOT 3 55
[398] = CNOT 3 34
[399] = CNOT 3 7
[400] = CNOT 3 68
[401] = CNOT 3 81
[402] = T 3
[403] = CNOT 3 82
[404] = CNOT 3 81
[405] = CNOT 3 73
[406] = CNOT 3 68
[407] = CNOT 3 56
[408] = CNOT 3 54
[409] = CNOT 3 53
[410] = CNOT 3 45
[411] = CNOT 3 36
[412] = CNOT 3 7
[413] = CNOT 3 26
[414] = CNOT 3 27
[415] = CNOT 3 32
[416] = CNOT 3 51
[417] = CNOT 3 55
[418] = CNOT 3 65
[419] = T 3
[420] = CNOT 3 26
[421] = T 3
[422] = CNOT 3 65
[423] = CNOT 65 70
[424] = CNOT 65 73
[425] = CNOT 65 76
[426] = T 65
[427] = CNOT 65 76
[428] = CNOT 65 73
[429] = CNOT 65 70
[430] = CNOT 3 26
[431] = CNOT 3 49
[432] = CNOT 3 53
[433] = CNOT 3 65
[434] = T 3
[435] = CNOT 3 26
[436] = T 3
[437] = CNOT 3 51
[438] = CNOT 3 49
[439] = CNOT 3 26
[440] = CNOT 3 44
[441] = CNOT 3 46
[442] = T 3
[443] = CNOT 3 26
[444] = T 3
[445] = CNOT 3 46
[446] = CNOT 3 26
[447] = CNOT 3 42
[448] = T 3
[449] = CNOT 3 26
[450] = T 3
[451] = CNOT 3 44
[452] = CNOT 3 42
[453] = CNOT 3 26
[454] = CNOT 3 37
[455] = CNOT 3 40
[456] = T 3
[457] = CNOT 3 26
[458] = T 3
[459] = CNOT 3 40
[460] = CNOT 3 26
[461] = CNOT 3 35
[462] = T 3
[463] = CNOT 3 37
[464] = T 3
[465] = CNOT 3 26
[466] = CNOT 3 37
[467] = T 3
[468] = CNOT 3 65
[469] = CNOT 3 37
[470] = CNOT 3 15
[471] = CNOT 3 14
[472] = CNOT 57 65
[473] = CNOT 57 67
[474] = CNOT 57 70
[475] = T 57
[476] = CNOT 57 67
[477] = CNOT 57 65
[478] = CNOT 65 67
[479] = CNOT 65 70
[480] = T 65
[481] = S 65
[482] = Z 65
[483] = CNOT 65 70
[484] = CNOT 65 67
[485] = CNOT 57 65
[486] = T 57
[487] = S 57
[488] = Z 57
[489] = CNOT 57 70
[490] = CNOT 57 65
[491] = CNOT 3 19
[492] = CNOT 3 65
[493] = T 3
[494] = CNOT 3 55
[495] = CNOT 3 53
[496] = CNOT 3 35
[497] = CNOT 3 32
[498] = CNOT 3 27
[499] = CNOT 3 19
[500] = CNOT 55 56
[501] = CNOT 55 65
[502] = CNOT 55 74
[503] = CNOT 55 75
[504] = CNOT 55 79
[505] = CNOT 55 82
[506] = CNOT 55 92
[507] = T 55
[508] = CNOT 55 92
[509] = CNOT 55 82
[510] = CNOT 55 79
[511] = CNOT 55 75
[512] = CNOT 55 74
[513] = CNOT 55 65
[514] = CNOT 55 56
[515] = CNOT 3 14
[516] = CNOT 3 15
[517] = CNOT 3 26
[518] = CNOT 3 55
[519] = T 3
[520] = CNOT 3 79
[521] = CNOT 3 75
[522] = CNOT 3 26
[523] = CNOT 3 15
[524] = CNOT 3 14
[525] = CNOT 3 12
[526] = CNOT 34 65
[527] = CNOT 34 79
[528] = T 34
[529] = S 34
[530] = Z 34
[531] = CNOT 34 65
[532] = CNOT 3 36
[533] = CNOT 3 45
[534] = CNOT 3 53
[535] = CNOT 3 56
[536] = CNOT 3 58
[537] = CNOT 3 73
[538] = CNOT 3 80
[539] = CNOT 3 82
[540] = CNOT 3 92
[541] = CNOT 3 93
[542] = CNOT 3 96
[543] = CNOT 3 98
[544] = T 3
[545] = CNOT 3 98
[546] = CNOT 3 96
[547] = CNOT 3 93
[548] = CNOT 3 92
[549] = CNOT 3 80
[550] = CNOT 3 65
[551] = CNOT 3 58
[552] = CNOT 3 53
[553] = CNOT 65 70
[554] = CNOT 65 73
[555] = T 65
[556] = S 65
[557] = Z 65
[558] = CNOT 65 73
[559] = CNOT 65 70
[560] = CNOT 3 16
[561] = CNOT 3 18
[562] = CNOT 3 21
[563] = CNOT 3 22
[564] = CNOT 3 23
[565] = CNOT 3 30
[566] = CNOT 3 35
[567] = CNOT 3 65
[568] = CNOT 3 75
[569] = CNOT 3 79
[570] = T 3
[571] = CNOT 3 75
[572] = CNOT 3 35
[573] = CNOT 3 30
[574] = CNOT 3 23
[575] = CNOT 3 22
[576] = CNOT 3 21
[577] = CNOT 3 18
[578] = CNOT 3 16
[579] = CNOT 3 13
[580] = CNOT 3 53
[581] = CNOT 3 58
[582] = CNOT 3 83
[583] = CNOT 3 95
[584] = CNOT 3 102
[585] = T 3
[586] = CNOT 3 102
[587] = CNOT 3 95
[588] = CNOT 3 83
[589] = CNOT 3 82
[590] = CNOT 3 73
[591] = CNOT 3 58
[592] = CNOT 3 56
[593] = CNOT 3 45
[594] = CNOT 3 36
[595] = CNOT 3 13
[596] = CNOT 34 55
[597] = CNOT 34 56
[598] = CNOT 34 65
[599] = CNOT 34 74
[600] = CNOT 34 75
[601] = CNOT 34 82
[602] = CNOT 34 91
[603] = CNOT 34 92
[604] = T 34
[605] = CNOT 34 92
[606] = CNOT 34 91
[607] = CNOT 34 82
[608] = CNOT 34 79
[609] = CNOT 34 75
[610] = CNOT 34 74
[611] = CNOT 34 65
[612] = CNOT 34 56
[613] = CNOT 34 55
[614] = CNOT 3 12
[615] = CNOT 3 24
[616] = CNOT 3 25
[617] = CNOT 3 27
[618] = CNOT 3 32
[619] = CNOT 3 35
[620] = CNOT 3 75
[621] = T 3
[622] = CNOT 3 65
[623] = CNOT 3 55
[624] = CNOT 3 35
[625] = CNOT 3 32
[626] = CNOT 3 27
[627] = CNOT 3 25
[628] = CNOT 3 24
[629] = CNOT 55 56
[630] = CNOT 55 65
[631] = CNOT 55 74
[632] = CNOT 55 75
[633] = CNOT 55 79
[634] = CNOT 55 82
[635] = CNOT 55 91
[636] = CNOT 55 92
[637] = T 55
[638] = CNOT 55 92
[639] = CNOT 55 91
[640] = CNOT 55 82
[641] = CNOT 55 79
[642] = CNOT 55 75
[643] = CNOT 55 74
[644] = CNOT 55 65
[645] = CNOT 55 56
[646] = CNOT 3 14
[647] = CNOT 3 15
[648] = CNOT 3 36
[649] = CNOT 3 45
[650] = CNOT 3 47
[651] = CNOT 3 54
[652] = CNOT 3 56
[653] = CNOT 3 68
[654] = CNOT 3 72
[655] = CNOT 3 73
[656] = CNOT 3 81
[657] = CNOT 3 82
[658] = T 3
[659] = CNOT 3 4
[660] = T 3
[661] = CNOT 3 82
[662] = CNOT 3 81
[663] = CNOT 3 79
[664] = CNOT 3 75
[665] = CNOT 3 74
[666] = CNOT 3 73
[667] = CNOT 3 72
[668] = CNOT 3 68
[669] = CNOT 3 56
[670] = CNOT 3 54
[671] = CNOT 3 53
[672] = CNOT 3 47
[673] = CNOT 3 45
[674] = CNOT 3 36
[675] = CNOT 3 15
[676] = CNOT 3 14
[677] = CNOT 3 12
[678] = CNOT 3 4
[679] = CNOT 1 3
[680] = CNOT 1 6
[681] = CNOT 1 7
[682] = CNOT 1 12
[683] = CNOT 1 14
[684] = CNOT 1 15
[685] = CNOT 1 34
[686] = CNOT 1 36
[687] = CNOT 1 38
[688] = CNOT 1 45
[689] = CNOT 1 53
[690] = CNOT 1 54
[691] = CNOT 1 56
[692] = CNOT 1 73
[693] = CNOT 1 74
[694] = CNOT 1 75
[695] = CNOT 1 79
[696] = CNOT 1 81
[697] = CNOT 1 82
[698] = T 1
[699] = CNOT 1 38
[700] = T 1
[701] = CNOT 1 6
[702] = CNOT 1 38
[703] = T 1
[704] = CNOT 1 34
[705] = CNOT 1 6
[706] = T 1
[707] = CNOT 1 38
[708] = T 1
[709] = CNOT 1 6
[710] = CNOT 1 38
[711] = T 1
[712] = CNOT 1 82
[713] = CNOT 1 81
[714] = CNOT 1 38
[715] = CNOT 1 12
[716] = CNOT 1 7
[717] = CNOT 1 3
[718] = CNOT 3 4
[719] = CNOT 3 12
[720] = CNOT 3 14
[721] = CNOT 3 15
[722] = CNOT 3 34
[723] = CNOT 3 36
[724] = CNOT 3 45
[725] = CNOT 3 47
[726] = CNOT 3 53
[727] = CNOT 3 54
[728] = CNOT 3 56
[729] = CNOT 3 68
[730] = CNOT 3 72
[731] = CNOT 3 73
[732] = CNOT 3 74
[733] = CNOT 3 75
[734] = CNOT 3 79
[735] = CNOT 3 81
[736] = CNOT 3 82
[737] = T 3
[738] = CNOT 3 81
[739] = CNOT 3 72
[740] = CNOT 3 68
[741] = CNOT 3 47
[742] = CNOT 3 34
[743] = CNOT 3 12
[744] = CNOT 3 4
[745] = CNOT 3 13
[746] = CNOT 3 55
[747] = T 3
[748] = CNOT 3 13
[749] = T 3
[750] = CNOT 3 73
[751] = CNOT 3 54
[752] = CNOT 3 15
[753] = CNOT 3 14
[754] = CNOT 3 34
[755] = CNOT 3 58
[756] = CNOT 3 65
[757] = CNOT 3 80
[758] = T 3
[759] = CNOT 3 80
[760] = CNOT 3 34
[761] = CNOT 3 13
[762] = CNOT 3 73
[763] = CNOT 3 95
[764] = CNOT 3 102
[765] = T 3
[766] = CNOT 3 102
[767] = CNOT 3 95
[768] = CNOT 3 58
[769] = CNOT 3 53
[770] = CNOT 3 13
[771] = CNOT 3 14
[772] = CNOT 3 18
[773] = CNOT 3 22
[774] = CNOT 3 23
[775] = CNOT 3 30
[776] = CNOT 3 35
[777] = T 3
[778] = CNOT 3 82
[779] = CNOT 3 73
[780] = CNOT 3 56
[781] = CNOT 3 45
[782] = CNOT 3 36
[783] = CNOT 3 30
[784] = CNOT 3 23
[785] = CNOT 3 22
[786] = CNOT 3 18
[787] = CNOT 12 14
[788] = CNOT 12 15
[789] = CNOT 12 56
[790] = CNOT 12 65
[791] = CNOT 12 74
[792] = CNOT 12 75
[793] = CNOT 12 79
[794] = CNOT 12 82
[795] = T 12
[796] = CNOT 12 82
[797] = CNOT 12 79
[798] = CNOT 12 75
[799] = CNOT 12 74
[800] = CNOT 12 65
[801] = CNOT 12 56
[802] = CNOT 12 15
[803] = CNOT 12 14
[804] = CNOT 3 15
[805] = CNOT 3 27
[806] = CNOT 3 28
[807] = CNOT 3 32
[808] = CNOT 3 53
[809] = T 3
[810] = CNOT 3 75
[811] = CNOT 3 35
[812] = CNOT 3 32
[813] = CNOT 3 28
[814] = CNOT 3 27
[815] = CNOT 3 15
[816] = CNOT 3 14
[817] = CNOT 3 13
[818] = CNOT 3 36
[819] = CNOT 3 45
[820] = CNOT 3 56
[821] = CNOT 3 58
[822] = CNOT 3 71
[823] = CNOT 3 73
[824] = CNOT 3 82
[825] = T 3
[826] = CNOT 3 82
[827] = CNOT 3 73
[828] = CNOT 3 71
[829] = CNOT 3 58
[830] = CNOT 3 56
[831] = CNOT 3 45
[832] = CNOT 3 36
[833] = CNOT 3 13
[834] = CNOT 3 12
[835] = CNOT 3 14
[836] = CNOT 3 15
[837] = CNOT 3 27
[838] = CNOT 3 32
[839] = CNOT 3 40
[840] = CNOT 3 42
[841] = CNOT 3 75
[842] = T 3
[843] = CNOT 3 79
[844] = CNOT 3 75
[845] = CNOT 3 42
[846] = CNOT 3 40
[847] = CNOT 3 32
[848] = CNOT 3 27
[849] = CNOT 3 15
[850] = CNOT 3 14
[851] = CNOT 3 12
[852] = CNOT 3 36
[853] = CNOT 3 45
[854] = CNOT 3 56
[855] = CNOT 3 58
[856] = CNOT 3 80
[857] = CNOT 3 82
[858] = CNOT 3 90
[859] = CNOT 3 92
[860] = CNOT 3 93
[861] = T 3
[862] = CNOT 3 93
[863] = CNOT 3 92
[864] = CNOT 3 90
[865] = CNOT 3 80
[866] = CNOT 3 58
[867] = CNOT 3 53
[868] = CNOT 3 14
[869] = CNOT 3 16
[870] = CNOT 3 21
[871] = CNOT 3 22
[872] = CNOT 3 23
[873] = CNOT 3 30
[874] = CNOT 3 35
[875] = CNOT 3 73
[876] = CNOT 3 75
[877] = CNOT 3 79
[878] = T 3
[879] = CNOT 3 65
[880] = CNOT 3 35
[881] = CNOT 3 30
[882] = CNOT 3 23
[883] = CNOT 3 22
[884] = CNOT 3 21
[885] = CNOT 3 16
[886] = CNOT 3 12
[887] = CNOT 3 13
[888] = CNOT 3 15
[889] = CNOT 3 53
[890] = CNOT 3 54
[891] = CNOT 3 57
[892] = T 3
[893] = CNOT 3 75
[894] = CNOT 3 57
[895] = CNOT 3 54
[896] = CNOT 3 15
[897] = CNOT 3 14
[898] = CNOT 3 12
[899] = T 57
[900] = S 57
[901] = Z 57
[902] = CNOT 3 58
[903] = CNOT 3 65
[904] = CNOT 3 95
[905] = CNOT 3 102
[906] = T 3
[907] = CNOT 3 102
[908] = CNOT 3 95
[909] = CNOT 3 82
[910] = CNOT 3 58
[911] = CNOT 3 56
[912] = CNOT 3 55
[913] = CNOT 3 53
[914] = CNOT 3 45
[915] = CNOT 3 36
[916] = CNOT 3 13
[917] = CNOT 3 12
[918] = CNOT 3 14
[919] = CNOT 3 15
[920] = CNOT 3 62
[921] = CNOT 3 75
[922] = T 3
[923] = CNOT 3 73
[924] = CNOT 3 62
[925] = CNOT 3 21
[926] = CNOT 3 27
[927] = CNOT 3 30
[928] = CNOT 3 55
[929] = T 3
[930] = CNOT 3 30
[931] = CNOT 3 27
[932] = CNOT 3 21
[933] = CNOT 3 15
[934] = CNOT 3 14
[935] = CNOT 3 12
[936] = CNOT 3 34
[937] = CNOT 3 36
[938] = CNOT 3 45
[939] = CNOT 3 53
[940] = CNOT 3 56
[941] = CNOT 3 58
[942] = CNOT 3 64
[943] = CNOT 3 71
[944] = CNOT 3 73
[945] = CNOT 3 82
[946] = T 3
[947] = CNOT 3 82
[948] = CNOT 3 73
[949] = CNOT 3 71
[950] = CNOT 3 64
[951] = CNOT 3 58
[952] = CNOT 3 56
[953] = CNOT 3 45
[954] = CNOT 3 36
[955] = CNOT 3 34
[956] = CNOT 3 12
[957] = CNOT 3 14
[958] = CNOT 3 15
[959] = CNOT 3 26
[960] = CNOT 3 27
[961] = CNOT 3 32
[962] = CNOT 3 46
[963] = CNOT 3 49
[964] = T 3
[965] = CNOT 3 26
[966] = T 3
[967] = CNOT 3 79
[968] = CNOT 3 75
[969] = CNOT 3 74
[970] = CNOT 3 65
[971] = CNOT 3 55
[972] = CNOT 3 53
[973] = CNOT 3 49
[974] = CNOT 3 46
[975] = CNOT 3 32
[976] = CNOT 3 27
[977] = CNOT 3 15
[978] = CNOT 3 14
[979] = CNOT 3 12
[980] = CNOT 1 3
[981] = CNOT 1 8
[982] = CNOT 1 12
[983] = CNOT 1 34
[984] = CNOT 1 55
[985] = CNOT 1 77
[986] = T 1
[987] = CNOT 1 77
[988] = T 1
[989] = CNOT 1 8
[990] = CNOT 1 77
[991] = T 1
[992] = CNOT 1 34
[993] = CNOT 1 8
[994] = T 1
[995] = CNOT 1 77
[996] = T 1
[997] = CNOT 1 8
[998] = CNOT 1 77
[999] = T 1
[1000] = CNOT 1 77
[1001] = CNOT 1 73
[1002] = CNOT 1 36
[1003] = CNOT 1 15
[1004] = CNOT 1 14
[1005] = CNOT 1 12
[1006] = CNOT 1 3
[1007] = CNOT 3 34
[1008] = CNOT 3 36
[1009] = CNOT 3 45
[1010] = CNOT 3 53
[1011] = CNOT 3 55
[1012] = CNOT 3 56
[1013] = CNOT 3 58
[1014] = CNOT 3 65
[1015] = CNOT 3 74
[1016] = CNOT 3 79
[1017] = CNOT 3 80
[1018] = CNOT 3 82
[1019] = T 3
[1020] = CNOT 3 82
[1021] = CNOT 3 80
[1022] = CNOT 3 58
[1023] = CNOT 3 56
[1024] = CNOT 3 53
[1025] = CNOT 3 45
[1026] = CNOT 3 36
[1027] = CNOT 3 34
[1028] = CNOT 34 65
[1029] = CNOT 34 73
[1030] = CNOT 34 79
[1031] = T 34
[1032] = CNOT 34 73
[1033] = CNOT 3 12
[1034] = CNOT 3 14
[1035] = CNOT 3 15
[1036] = CNOT 3 21
[1037] = CNOT 3 26
[1038] = CNOT 3 30
[1039] = CNOT 3 75
[1040] = T 3
[1041] = CNOT 3 79
[1042] = CNOT 3 75
[1043] = CNOT 3 30
[1044] = CNOT 3 26
[1045] = CNOT 3 21
[1046] = CNOT 3 15
[1047] = CNOT 3 14
[1048] = CNOT 3 12
[1049] = CNOT 34 55
[1050] = CNOT 34 56
[1051] = CNOT 34 74
[1052] = CNOT 34 75
[1053] = CNOT 34 82
[1054] = CNOT 34 92
[1055] = T 34
[1056] = CNOT 34 92
[1057] = CNOT 34 82
[1058] = CNOT 34 79
[1059] = CNOT 34 75
[1060] = CNOT 34 74
[1061] = CNOT 34 65
[1062] = CNOT 34 56
[1063] = CNOT 34 55
[1064] = CNOT 3 36
[1065] = CNOT 3 45
[1066] = CNOT 3 53
[1067] = CNOT 3 56
[1068] = CNOT 3 58
[1069] = CNOT 3 80
[1070] = CNOT 3 82
[1071] = CNOT 3 92
[1072] = CNOT 3 93
[1073] = CNOT 3 98
[1074] = T 3
[1075] = CNOT 3 98
[1076] = CNOT 3 93
[1077] = CNOT 3 92
[1078] = CNOT 3 82
[1079] = CNOT 3 80
[1080] = CNOT 3 74
[1081] = CNOT 3 65
[1082] = CNOT 3 58
[1083] = CNOT 3 56
[1084] = CNOT 3 55
[1085] = CNOT 3 53
[1086] = CNOT 3 45
[1087] = CNOT 3 36
[1088] = CNOT 1 3
[1089] = CNOT 1 34
[1090] = CNOT 1 52
[1091] = CNOT 1 59
[1092] = CNOT 1 81
[1093] = CNOT 1 86
[1094] = T 1
[1095] = CNOT 1 3
[1096] = T 1
[1097] = CNOT 1 34
[1098] = CNOT 1 3
[1099] = T 1
[1100] = CNOT 1 3
[1101] = T 1
[1102] = CNOT 1 86
[1103] = CNOT 1 81
[1104] = CNOT 1 59
[1105] = CNOT 1 54
[1106] = CNOT 1 53
[1107] = CNOT 1 52
[1108] = CNOT 1 45
[1109] = CNOT 1 34
[1110] = CNOT 1 65
[1111] = CNOT 1 82
[1112] = CNOT 1 91
[1113] = T 1
[1114] = CNOT 1 34
[1115] = T 1
[1116] = CNOT 1 55
[1117] = CNOT 12 14
[1118] = CNOT 12 15
[1119] = CNOT 12 34
[1120] = CNOT 12 56
[1121] = CNOT 12 65
[1122] = CNOT 12 74
[1123] = CNOT 12 75
[1124] = CNOT 12 79
[1125] = CNOT 12 82
[1126] = T 12
[1127] = CNOT 12 82
[1128] = CNOT 12 79
[1129] = CNOT 12 75
[1130] = CNOT 12 74
[1131] = CNOT 12 65
[1132] = CNOT 12 56
[1133] = CNOT 12 34
[1134] = CNOT 12 15
[1135] = CNOT 12 14
[1136] = CNOT 3 13
[1137] = CNOT 3 14
[1138] = CNOT 3 15
[1139] = CNOT 3 22
[1140] = CNOT 3 30
[1141] = CNOT 3 35
[1142] = CNOT 3 36
[1143] = CNOT 3 45
[1144] = CNOT 3 55
[1145] = CNOT 3 56
[1146] = CNOT 3 65
[1147] = CNOT 3 73
[1148] = CNOT 3 74
[1149] = CNOT 3 75
[1150] = CNOT 3 79
[1151] = CNOT 3 82
[1152] = T 3
[1153] = CNOT 3 82
[1154] = CNOT 3 65
[1155] = CNOT 3 55
[1156] = CNOT 3 36
[1157] = CNOT 3 35
[1158] = CNOT 3 30
[1159] = CNOT 3 22
[1160] = CNOT 3 13
[1161] = CNOT 3 12
[1162] = CNOT 3 34
[1163] = CNOT 3 53
[1164] = CNOT 3 54
[1165] = CNOT 3 81
[1166] = T 3
[1167] = CNOT 3 34
[1168] = T 3
[1169] = CNOT 3 7
[1170] = CNOT 3 34
[1171] = CNOT 3 36
[1172] = CNOT 3 68
[1173] = CNOT 3 82
[1174] = T 3
[1175] = CNOT 3 82
[1176] = CNOT 3 81
[1177] = CNOT 3 79
[1178] = CNOT 3 75
[1179] = CNOT 3 74
[1180] = CNOT 3 73
[1181] = CNOT 3 68
[1182] = CNOT 3 56
[1183] = CNOT 3 54
[1184] = CNOT 3 53
[1185] = CNOT 3 45
[1186] = CNOT 3 36
[1187] = CNOT 3 34
[1188] = CNOT 3 15
[1189] = CNOT 3 14
[1190] = CNOT 3 12
[1191] = CNOT 3 7
[1192] = CNOT 12 13
[1193] = CNOT 12 14
[1194] = CNOT 12 15
[1195] = CNOT 12 34
[1196] = CNOT 12 45
[1197] = CNOT 12 53
[1198] = CNOT 12 54
[1199] = CNOT 12 56
[1200] = CNOT 12 62
[1201] = CNOT 12 73
[1202] = CNOT 12 74
[1203] = CNOT 12 75
[1204] = CNOT 12 79
[1205] = CNOT 12 81
[1206] = CNOT 12 86
[1207] = T 12
[1208] = CNOT 12 34
[1209] = T 12
[1210] = CNOT 12 86
[1211] = CNOT 12 81
[1212] = CNOT 12 79
[1213] = CNOT 12 75
[1214] = CNOT 12 74
[1215] = CNOT 12 73
[1216] = CNOT 12 62
[1217] = CNOT 12 56
[1218] = CNOT 12 54
[1219] = CNOT 12 53
[1220] = CNOT 12 45
[1221] = CNOT 12 15
[1222] = CNOT 12 14
[1223] = CNOT 12 13
[1224] = CNOT 1 3
[1225] = CNOT 1 7
[1226] = CNOT 1 26
[1227] = CNOT 1 34
[1228] = CNOT 1 43
[1229] = CNOT 1 62
[1230] = CNOT 1 68
[1231] = CNOT 1 72
[1232] = CNOT 1 81
[1233] = CNOT 1 86
[1234] = T 1
[1235] = CNOT 1 34
[1236] = CNOT 1 3
[1237] = CNOT 3 7
[1238] = CNOT 3 26
[1239] = CNOT 3 34
[1240] = CNOT 3 43
[1241] = CNOT 3 56
[1242] = CNOT 3 62
[1243] = CNOT 3 65
[1244] = CNOT 3 68
[1245] = CNOT 3 72
[1246] = CNOT 3 74
[1247] = CNOT 3 75
[1248] = CNOT 3 79
[1249] = CNOT 3 81
[1250] = CNOT 3 82
[1251] = CNOT 3 86
[1252] = CNOT 3 91
[1253] = T 3
[1254] = CNOT 3 91
[1255] = CNOT 3 86
[1256] = CNOT 3 82
[1257] = CNOT 3 81
[1258] = CNOT 3 79
[1259] = CNOT 3 75
[1260] = CNOT 3 74
[1261] = CNOT 3 72
[1262] = CNOT 3 68
[1263] = CNOT 3 65
[1264] = CNOT 3 62
[1265] = CNOT 3 56
[1266] = CNOT 3 43
[1267] = CNOT 3 34
[1268] = CNOT 3 26
[1269] = CNOT 3 7
[1270] = CNOT 1 3
[1271] = T 1
[1272] = CNOT 1 91
[1273] = CNOT 1 86
[1274] = CNOT 1 65
[1275] = CNOT 1 62
[1276] = CNOT 1 43
[1277] = CNOT 1 26
[1278] = CNOT 1 7
[1279] = CNOT 1 3
[1280] = CNOT 3 7
[1281] = CNOT 3 26
[1282] = CNOT 3 43
[1283] = CNOT 3 56
[1284] = CNOT 3 62
[1285] = CNOT 3 65
[1286] = CNOT 3 68
[1287] = CNOT 3 72
[1288] = CNOT 3 74
[1289] = CNOT 3 75
[1290] = CNOT 3 79
[1291] = CNOT 3 81
[1292] = CNOT 3 82
[1293] = CNOT 3 86
[1294] = CNOT 3 91
[1295] = T 3
[1296] = CNOT 3 91
[1297] = CNOT 3 86
[1298] = CNOT 3 81
[1299] = CNOT 3 72
[1300] = CNOT 3 68
[1301] = CNOT 3 62
[1302] = CNOT 3 43
[1303] = CNOT 3 26
[1304] = CNOT 3 7
[1305] = CNOT 3 18
[1306] = CNOT 3 22
[1307] = CNOT 3 23
[1308] = CNOT 3 30
[1309] = CNOT 3 35
[1310] = CNOT 3 36
[1311] = CNOT 3 45
[1312] = CNOT 3 55
[1313] = CNOT 3 73
[1314] = T 3
[1315] = CNOT 3 82
[1316] = CNOT 3 73
[1317] = CNOT 3 56
[1318] = CNOT 3 45
[1319] = CNOT 3 36
[1320] = CNOT 3 35
[1321] = CNOT 3 23
[1322] = CNOT 3 22
[1323] = CNOT 3 18
[1324] = CNOT 3 12
[1325] = CNOT 3 14
[1326] = CNOT 3 15
[1327] = CNOT 3 21
[1328] = CNOT 3 26
[1329] = CNOT 3 27
[1330] = T 3
[1331] = CNOT 3 30
[1332] = CNOT 3 27
[1333] = CNOT 3 26
[1334] = CNOT 3 21
[1335] = CNOT 3 15
[1336] = CNOT 3 14
[1337] = CNOT 3 12
[1338] = CNOT 3 13
[1339] = CNOT 3 36
[1340] = CNOT 3 45
[1341] = CNOT 3 53
[1342] = CNOT 3 54
[1343] = CNOT 3 56
[1344] = CNOT 3 58
[1345] = CNOT 3 64
[1346] = CNOT 3 73
[1347] = CNOT 3 82
[1348] = T 3
[1349] = CNOT 3 65
[1350] = CNOT 3 64
[1351] = CNOT 3 58
[1352] = CNOT 3 55
[1353] = CNOT 3 13
[1354] = CNOT 3 4
[1355] = CNOT 3 12
[1356] = CNOT 3 14
[1357] = CNOT 3 15
[1358] = CNOT 3 34
[1359] = CNOT 3 68
[1360] = CNOT 3 72
[1361] = CNOT 3 81
[1362] = T 3
[1363] = CNOT 3 82
[1364] = CNOT 3 81
[1365] = CNOT 3 73
[1366] = CNOT 3 72
[1367] = CNOT 3 68
[1368] = CNOT 3 56
[1369] = CNOT 3 54
[1370] = CNOT 3 45
[1371] = CNOT 3 36
[1372] = CNOT 3 34
[1373] = CNOT 3 12
[1374] = CNOT 3 4
[1375] = CNOT 3 24
[1376] = CNOT 3 25
[1377] = CNOT 3 27
[1378] = CNOT 3 32
[1379] = CNOT 3 35
[1380] = CNOT 3 55
[1381] = CNOT 3 65
[1382] = T 3
[1383] = CNOT 3 25
[1384] = CNOT 3 15
[1385] = CNOT 3 14
[1386] = CNOT 3 12
[1387] = T 3
[1388] = CNOT 3 79
[1389] = CNOT 3 75
[1390] = CNOT 3 35
[1391] = CNOT 3 32
[1392] = CNOT 3 27
[1393] = CNOT 3 24
[1394] = CNOT 3 12
[1395] = CNOT 3 36
[1396] = CNOT 3 45
[1397] = CNOT 3 56
[1398] = CNOT 3 58
[1399] = CNOT 3 80
[1400] = CNOT 3 82
[1401] = CNOT 3 88
[1402] = CNOT 3 90
[1403] = CNOT 3 92
[1404] = T 3
[1405] = CNOT 3 92
[1406] = CNOT 3 90
[1407] = CNOT 3 88
[1408] = CNOT 3 82
[1409] = CNOT 3 80
[1410] = CNOT 3 74
[1411] = CNOT 3 65
[1412] = CNOT 3 58
[1413] = CNOT 3 56
[1414] = CNOT 3 55
[1415] = CNOT 3 53
[1416] = CNOT 3 45
[1417] = CNOT 3 36
[1418] = CNOT 1 3
[1419] = CNOT 1 12
[1420] = CNOT 1 14
[1421] = CNOT 1 15
[1422] = CNOT 1 34
[1423] = CNOT 1 36
[1424] = CNOT 1 45
[1425] = CNOT 1 53
[1426] = CNOT 1 54
[1427] = CNOT 1 64
[1428] = CNOT 1 73
[1429] = T 1
[1430] = CNOT 1 34
[1431] = T 1
[1432] = CNOT 1 82
[1433] = CNOT 1 72
[1434] = CNOT 1 68
[1435] = CNOT 1 64
[1436] = CNOT 1 3
[1437] = CNOT 3 36
[1438] = CNOT 3 45
[1439] = CNOT 3 53
[1440] = CNOT 3 55
[1441] = CNOT 3 56
[1442] = CNOT 3 58
[1443] = CNOT 3 65
[1444] = CNOT 3 73
[1445] = CNOT 3 74
[1446] = CNOT 3 80
[1447] = CNOT 3 82
[1448] = CNOT 3 88
[1449] = CNOT 3 90
[1450] = CNOT 3 92
[1451] = T 3
[1452] = CNOT 3 92
[1453] = CNOT 3 90
[1454] = CNOT 3 88
[1455] = CNOT 3 80
[1456] = CNOT 3 34
[1457] = CNOT 3 54
[1458] = CNOT 3 64
[1459] = CNOT 3 75
[1460] = CNOT 3 79
[1461] = T 3
[1462] = CNOT 3 82
[1463] = CNOT 3 79
[1464] = CNOT 3 75
[1465] = CNOT 3 74
[1466] = CNOT 3 73
[1467] = CNOT 3 65
[1468] = CNOT 3 64
[1469] = CNOT 3 58
[1470] = CNOT 3 56
[1471] = CNOT 3 55
[1472] = CNOT 3 54
[1473] = CNOT 3 53
[1474] = CNOT 3 45
[1475] = CNOT 3 36
[1476] = CNOT 3 34
[1477] = CNOT 1 3
[1478] = CNOT 1 13
[1479] = CNOT 1 34
[1480] = CNOT 1 62
[1481] = CNOT 1 86
[1482] = T 1
[1483] = CNOT 1 34
[1484] = T 1
[1485] = CNOT 1 86
[1486] = CNOT 1 81
[1487] = CNOT 1 79
[1488] = CNOT 1 75
[1489] = CNOT 1 74
[1490] = CNOT 1 73
[1491] = CNOT 1 62
[1492] = CNOT 1 56
[1493] = CNOT 1 54
[1494] = CNOT 1 53
[1495] = CNOT 1 45
[1496] = CNOT 1 36
[1497] = CNOT 1 15
[1498] = CNOT 1 14
[1499] = CNOT 1 13
[1500] = CNOT 1 12
[1501] = CNOT 1 3
[1502] = CNOT 65 73
[1503] = CNOT 65 76
[1504] = CNOT 65 79
[1505] = T 65
[1506] = CNOT 65 73
[1507] = T 65
[1508] = S 65
[1509] = Z 65
[1510] = CNOT 65 79
[1511] = CNOT 65 76
[1512] = CNOT 3 12
[1513] = CNOT 3 13
[1514] = CNOT 3 14
[1515] = CNOT 3 15
[1516] = CNOT 3 36
[1517] = CNOT 3 45
[1518] = CNOT 3 53
[1519] = CNOT 3 54
[1520] = CNOT 3 55
[1521] = CNOT 3 56
[1522] = CNOT 3 57
[1523] = CNOT 3 58
[1524] = CNOT 3 65
[1525] = CNOT 3 73
[1526] = CNOT 3 74
[1527] = CNOT 3 75
[1528] = CNOT 3 79
[1529] = CNOT 3 82
[1530] = T 3
[1531] = CNOT 3 57
[1532] = CNOT 3 54
[1533] = CNOT 3 15
[1534] = CNOT 3 14
[1535] = CNOT 3 12
[1536] = CNOT 3 83
[1537] = CNOT 3 95
[1538] = CNOT 3 102
[1539] = T 3
[1540] = CNOT 3 102
[1541] = CNOT 3 95
[1542] = CNOT 3 83
[1543] = CNOT 3 75
[1544] = CNOT 3 13
[1545] = CNOT 3 34
[1546] = CNOT 3 71
[1547] = T 3
[1548] = CNOT 3 71
[1549] = CNOT 3 58
[1550] = CNOT 3 53
[1551] = CNOT 3 34
[1552] = CNOT 3 14
[1553] = CNOT 3 16
[1554] = CNOT 3 18
[1555] = CNOT 3 21
[1556] = CNOT 3 22
[1557] = CNOT 3 23
[1558] = CNOT 3 30
[1559] = CNOT 3 35
[1560] = CNOT 3 75
[1561] = T 3
[1562] = CNOT 3 82
[1563] = CNOT 3 73
[1564] = CNOT 3 56
[1565] = CNOT 3 45
[1566] = CNOT 3 36
[1567] = CNOT 3 35
[1568] = CNOT 3 30
[1569] = CNOT 3 23
[1570] = CNOT 3 22
[1571] = CNOT 3 21
[1572] = CNOT 3 18
[1573] = CNOT 3 16
[1574] = CNOT 3 12
[1575] = CNOT 3 15
[1576] = CNOT 3 26
[1577] = CNOT 3 27
[1578] = CNOT 3 33
[1579] = T 3
[1580] = CNOT 3 33
[1581] = CNOT 3 26
[1582] = CNOT 3 15
[1583] = CNOT 3 14
[1584] = CNOT 3 5
[1585] = CNOT 3 32
[1586] = CNOT 3 35
[1587] = CNOT 3 53
[1588] = T 3
[1589] = CNOT 3 53
[1590] = CNOT 3 35
[1591] = CNOT 3 32
[1592] = CNOT 3 5
[1593] = CNOT 3 14
[1594] = CNOT 3 15
[1595] = CNOT 3 33
[1596] = T 3
[1597] = CNOT 3 26
[1598] = CNOT 3 32
[1599] = T 3
[1600] = CNOT 3 79
[1601] = CNOT 3 75
[1602] = CNOT 3 74
[1603] = CNOT 3 65
[1604] = CNOT 3 55
[1605] = CNOT 3 33
[1606] = CNOT 3 32
[1607] = CNOT 3 27
[1608] = CNOT 3 26
[1609] = CNOT 3 15
[1610] = CNOT 3 14
[1611] = CNOT 3 12
[1612] = CNOT 2 3
[1613] = CNOT 2 14
[1614] = CNOT 2 15
[1615] = CNOT 2 27
[1616] = CNOT 2 32
[1617] = CNOT 2 35
[1618] = CNOT 2 53
[1619] = CNOT 2 55
[1620] = CNOT 2 65
[1621] = CNOT 2 74
[1622] = CNOT 2 75
[1623] = CNOT 2 79
[1624] = T 2
[1625] = CNOT 2 3
[1626] = CNOT 3 12
[1627] = CNOT 3 14
[1628] = CNOT 3 15
[1629] = CNOT 3 27
[1630] = CNOT 3 32
[1631] = CNOT 3 33
[1632] = CNOT 3 55
[1633] = CNOT 3 65
[1634] = CNOT 3 74
[1635] = CNOT 3 75
[1636] = CNOT 3 79
[1637] = T 3
[1638] = CNOT 3 65
[1639] = CNOT 3 55
[1640] = CNOT 3 33
[1641] = CNOT 3 32
[1642] = CNOT 3 27
[1643] = CNOT 3 36
[1644] = CNOT 3 45
[1645] = CNOT 3 53
[1646] = CNOT 3 54
[1647] = CNOT 3 56
[1648] = CNOT 3 64
[1649] = CNOT 3 68
[1650] = CNOT 3 73
[1651] = CNOT 3 81
[1652] = CNOT 3 82
[1653] = T 3
[1654] = CNOT 3 81
[1655] = CNOT 3 68
[1656] = CNOT 3 64
[1657] = CNOT 3 15
[1658] = CNOT 3 13
[1659] = CNOT 3 17
[1660] = CNOT 3 22
[1661] = CNOT 3 55
[1662] = T 3
[1663] = CNOT 3 12
[1664] = T 3
[1665] = CNOT 3 13
[1666] = CNOT 3 12
[1667] = T 3
[1668] = CNOT 3 12
[1669] = T 3
[1670] = CNOT 3 82
[1671] = CNOT 3 73
[1672] = CNOT 3 56
[1673] = CNOT 3 54
[1674] = CNOT 3 53
[1675] = CNOT 3 45
[1676] = CNOT 3 36
[1677] = CNOT 3 22
[1678] = CNOT 3 17
[1679] = CNOT 3 12
[1680] = CNOT 3 15
[1681] = CNOT 3 34
[1682] = CNOT 3 65
[1683] = T 3
[1684] = CNOT 3 34
[1685] = CNOT 3 26
[1686] = CNOT 3 27
[1687] = CNOT 3 32
[1688] = CNOT 3 40
[1689] = CNOT 3 42
[1690] = CNOT 3 53
[1691] = T 3
[1692] = CNOT 3 42
[1693] = CNOT 3 40
[1694] = CNOT 3 26
[1695] = CNOT 3 15
[1696] = CNOT 3 14
[1697] = CNOT 3 25
[1698] = CNOT 3 35
[1699] = T 3
[1700] = CNOT 3 79
[1701] = CNOT 3 75
[1702] = CNOT 3 35
[1703] = CNOT 3 32
[1704] = CNOT 3 27
[1705] = CNOT 3 25
[1706] = CNOT 3 12
[1707] = CNOT 3 36
[1708] = CNOT 3 45
[1709] = CNOT 3 56
[1710] = CNOT 3 58
[1711] = CNOT 3 80
[1712] = CNOT 3 82
[1713] = CNOT 3 85
[1714] = CNOT 3 88
[1715] = CNOT 3 92
[1716] = T 3
[1717] = CNOT 3 92
[1718] = CNOT 3 88
[1719] = CNOT 3 85
[1720] = CNOT 3 82
[1721] = CNOT 3 80
[1722] = CNOT 3 58
[1723] = CNOT 3 56
[1724] = CNOT 3 45
[1725] = CNOT 3 36
[1726] = CNOT 3 5
[1727] = CNOT 3 12
[1728] = CNOT 3 14
[1729] = CNOT 3 15
[1730] = CNOT 3 19
[1731] = CNOT 3 27
[1732] = CNOT 3 32
[1733] = CNOT 3 35
[1734] = CNOT 3 75
[1735] = CNOT 3 79
[1736] = T 3
[1737] = CNOT 3 19
[1738] = T 3
[1739] = CNOT 3 5
[1740] = CNOT 3 19
[1741] = T 3
[1742] = CNOT 3 53
[1743] = CNOT 3 32
[1744] = CNOT 3 27
[1745] = CNOT 3 19
[1746] = CNOT 3 15
[1747] = CNOT 3 14
[1748] = CNOT 3 12
[1749] = CNOT 3 13
[1750] = CNOT 3 22
[1751] = CNOT 3 23
[1752] = CNOT 3 30
[1753] = CNOT 3 36
[1754] = CNOT 3 45
[1755] = CNOT 3 56
[1756] = CNOT 3 73
[1757] = CNOT 3 82
[1758] = T 3
[1759] = CNOT 3 82
[1760] = CNOT 3 79
[1761] = CNOT 3 75
[1762] = CNOT 3 74
[1763] = CNOT 3 73
[1764] = CNOT 3 65
[1765] = CNOT 3 56
[1766] = CNOT 3 55
[1767] = CNOT 3 45
[1768] = CNOT 3 36
[1769] = CNOT 3 35
[1770] = CNOT 3 30
[1771] = CNOT 3 23
[1772] = CNOT 3 22
[1773] = CNOT 3 13
[1774] = CNOT 2 3
[1775] = CNOT 2 28
[1776] = T 2
[1777] = CNOT 2 3
[1778] = CNOT 3 13
[1779] = CNOT 3 14
[1780] = CNOT 3 22
[1781] = CNOT 3 23
[1782] = CNOT 3 30
[1783] = CNOT 3 35
[1784] = CNOT 3 36
[1785] = CNOT 3 45
[1786] = CNOT 3 55
[1787] = CNOT 3 56
[1788] = CNOT 3 65
[1789] = CNOT 3 73
[1790] = CNOT 3 74
[1791] = CNOT 3 75
[1792] = CNOT 3 79
[1793] = CNOT 3 82
[1794] = T 3
[1795] = CNOT 3 82
[1796] = CNOT 3 73
[1797] = CNOT 3 56
[1798] = CNOT 3 45
[1799] = CNOT 3 36
[1800] = CNOT 3 35
[1801] = CNOT 3 23
[1802] = CNOT 3 22
[1803] = CNOT 3 13
[1804] = CNOT 3 12
[1805] = CNOT 3 15
[1806] = CNOT 3 21
[1807] = T 3
[1808] = CNOT 3 79
[1809] = CNOT 3 75
[1810] = CNOT 3 30
[1811] = CNOT 3 21
[1812] = CNOT 3 15
[1813] = CNOT 3 14
[1814] = CNOT 3 12
[1815] = CNOT 3 9
[1816] = CNOT 3 36
[1817] = CNOT 3 45
[1818] = CNOT 3 53
[1819] = CNOT 3 56
[1820] = CNOT 3 58
[1821] = CNOT 3 73
[1822] = CNOT 3 80
[1823] = CNOT 3 82
[1824] = CNOT 3 92
[1825] = CNOT 3 93
[1826] = CNOT 3 96
[1827] = CNOT 3 99
[1828] = T 3
[1829] = CNOT 3 99
[1830] = T 3
[1831] = CNOT 3 9
[1832] = CNOT 3 99
[1833] = T 3
[1834] = CNOT 3 96
[1835] = CNOT 3 9
[1836] = T 3
[1837] = CNOT 3 99
[1838] = T 3
[1839] = CNOT 3 93
[1840] = CNOT 3 92
[1841] = CNOT 3 80
[1842] = CNOT 3 65
[1843] = CNOT 3 58
[1844] = CNOT 3 55
[1845] = CNOT 3 9
[1846] = CNOT 3 4
[1847] = CNOT 3 12
[1848] = CNOT 3 14
[1849] = CNOT 3 15
[1850] = CNOT 3 54
[1851] = CNOT 3 68
[1852] = CNOT 3 72
[1853] = CNOT 3 75
[1854] = CNOT 3 79
[1855] = CNOT 3 81
[1856] = T 3
[1857] = CNOT 3 81
[1858] = CNOT 3 79
[1859] = CNOT 3 75
[1860] = CNOT 3 72
[1861] = CNOT 3 68
[1862] = CNOT 3 54
[1863] = CNOT 3 15
[1864] = CNOT 3 14
[1865] = CNOT 3 12
[1866] = CNOT 3 4
[1867] = CNOT 3 55
[1868] = CNOT 3 58
[1869] = CNOT 3 65
[1870] = CNOT 3 80
[1871] = CNOT 3 92
[1872] = CNOT 3 93
[1873] = CNOT 3 99
[1874] = T 3
[1875] = CNOT 3 99
[1876] = CNOT 3 93
[1877] = CNOT 3 92
[1878] = CNOT 3 82
[1879] = CNOT 3 80
[1880] = CNOT 3 74
[1881] = CNOT 3 73
[1882] = CNOT 3 65
[1883] = CNOT 3 58
[1884] = CNOT 3 56
[1885] = CNOT 3 55
[1886] = CNOT 3 53
[1887] = CNOT 3 45
[1888] = CNOT 3 36
[1889] = CNOT 2 3
[1890] = CNOT 2 24
[1891] = T 2
[1892] = CNOT 2 28
[1893] = T 2
[1894] = CNOT 2 79
[1895] = CNOT 2 75
[1896] = CNOT 2 74
[1897] = CNOT 2 65
[1898] = CNOT 2 55
[1899] = CNOT 2 53
[1900] = CNOT 2 35
[1901] = CNOT 2 32
[1902] = CNOT 2 27
[1903] = CNOT 2 24
[1904] = CNOT 2 15
[1905] = CNOT 2 14
[1906] = CNOT 2 3
[1907] = CNOT 3 14
[1908] = CNOT 3 15
[1909] = CNOT 3 24
[1910] = CNOT 3 27
[1911] = CNOT 3 28
[1912] = CNOT 3 32
[1913] = CNOT 3 35
[1914] = CNOT 3 53
[1915] = CNOT 3 55
[1916] = CNOT 3 65
[1917] = CNOT 3 74
[1918] = CNOT 3 75
[1919] = CNOT 3 79
[1920] = T 3
[1921] = CNOT 3 79
[1922] = CNOT 3 75
[1923] = CNOT 3 74
[1924] = CNOT 3 65
[1925] = CNOT 3 55
[1926] = CNOT 3 53
[1927] = CNOT 3 35
[1928] = CNOT 3 32
[1929] = CNOT 3 28
[1930] = CNOT 3 27
[1931] = CNOT 3 24
[1932] = CNOT 3 15
[1933] = CNOT 3 14
[1934] = Z 1
[1935] = S 2
[1936] = Z 2
[1937] = S 3
[1938] = Z 3
[1939] = S 4
[1940] = Z 4
[1941] = S 6
[1942] = Z 6
[1943] = S 8
[1944] = S 9
[1945] = Z 10
[1946] = Z 11
[1947] = S 12
[1948] = Z 12
[1949] = Z 13
[1950] = S 14
[1951] = Z 15
[1952] = S 16
[1953] = Z 16
[1954] = S 17
[1955] = S 18
[1956] = Z 18
[1957] = S 19
[1958] = Z 19
[1959] = S 20
[1960] = Z 20
[1961] = S 22
[1962] = Z 23
[1963] = Z 24
[1964] = S 25
[1965] = Z 27
[1966] = Z 28
[1967] = S 29
[1968] = Z 29
[1969] = S 30
[1970] = S 31
[1971] = S 35
[1972] = S 36
[1973] = Z 36
[1974] = S 37
[1975] = Z 38
[1976] = S 39
[1977] = Z 39
[1978] = S 40
[1979] = S 41
[1980] = S 42
[1981] = S 44
[1982] = Z 45
[1983] = S 46
[1984] = Z 47
[1985] = S 48
[1986] = Z 48
[1987] = S 49
[1988] = S 51
[1989] = Z 51
[1990] = Z 52
[1991] = S 53
[1992] = S 54
[1993] = S 55
[1994] = Z 55
[1995] = Z 56
[1996] = Z 58
[1997] = Z 59
[1998] = S 60
[1999] = Z 60
[2000] = S 62
[2001] = Z 62
[2002] = S 63
[2003] = S 65
[2004] = S 66
[2005] = Z 66
[2006] = S 69
[2007] = Z 69
[2008] = S 71
[2009] = Z 71
[2010] = S 72
[2011] = Z 72
[2012] = Z 74
[2013] = S 75
[2014] = S 78
[2015] = Z 78
[2016] = Z 81
[2017] = Z 82
[2018] = S 84
[2019] = S 85
[2020] = S 86
[2021] = Z 86
[2022] = S 87
[2023] = Z 87
[2024] = S 88
[2025] = S 89
[2026] = Z 89
[2027] = S 90
[2028] = S 91
[2029] = Z 92
[2030] = Z 93
[2031] = S 94
[2032] = Z 94
[2033] = S 96
[2034] = S 97
[2035] = Z 97
[2036] = S 98
[2037] = Z 98
[2038] = S 100
[2039] = Z 100
[2040] = S 101
[2041] = S 102
[2042] = CNOT 1 3
[2043] = S 1
[2044] = Z 1
[2045] = CNOT 1 3
[2046] = CNOT 1 7
[2047] = Z 1
[2048] = CNOT 1 7
[2049] = CNOT 1 12
[2050] = S 1
[2051] = CNOT 1 12
[2052] = CNOT 1 13
[2053] = S 1
[2054] = CNOT 1 13
[2055] = CNOT 1 14
[2056] = S 1
[2057] = CNOT 1 14
[2058] = CNOT 1 15
[2059] = S 1
[2060] = CNOT 1 15
[2061] = CNOT 1 34
[2062] = S 1
[2063] = Z 1
[2064] = CNOT 1 34
[2065] = CNOT 1 36
[2066] = S 1
[2067] = CNOT 1 36
[2068] = CNOT 1 45
[2069] = S 1
[2070] = Z 1
[2071] = CNOT 1 45
[2072] = CNOT 1 52
[2073] = Z 1
[2074] = CNOT 1 52
[2075] = CNOT 1 53
[2076] = S 1
[2077] = Z 1
[2078] = CNOT 1 53
[2079] = CNOT 1 54
[2080] = S 1
[2081] = Z 1
[2082] = CNOT 1 54
[2083] = CNOT 1 55
[2084] = Z 1
[2085] = CNOT 1 55
[2086] = CNOT 1 59
[2087] = Z 1
[2088] = CNOT 1 59
[2089] = CNOT 1 62
[2090] = Z 1
[2091] = CNOT 1 62
[2092] = CNOT 1 64
[2093] = Z 1
[2094] = CNOT 1 64
[2095] = CNOT 1 65
[2096] = S 1
[2097] = CNOT 1 65
[2098] = CNOT 1 66
[2099] = S 1
[2100] = CNOT 1 66
[2101] = CNOT 1 68
[2102] = S 1
[2103] = Z 1
[2104] = CNOT 1 68
[2105] = CNOT 1 72
[2106] = S 1
[2107] = Z 1
[2108] = CNOT 1 72
[2109] = CNOT 1 73
[2110] = S 1
[2111] = CNOT 1 73
[2112] = CNOT 1 82
[2113] = S 1
[2114] = CNOT 1 82
[2115] = CNOT 1 91
[2116] = S 1
[2117] = CNOT 1 91
[2118] = CNOT 2 3
[2119] = Z 2
[2120] = CNOT 2 3
[2121] = CNOT 2 14
[2122] = Z 2
[2123] = CNOT 2 14
[2124] = CNOT 2 15
[2125] = Z 2
[2126] = CNOT 2 15
[2127] = CNOT 2 24
[2128] = S 2
[2129] = CNOT 2 24
[2130] = CNOT 2 27
[2131] = Z 2
[2132] = CNOT 2 27
[2133] = CNOT 2 28
[2134] = S 2
[2135] = CNOT 2 28
[2136] = CNOT 2 29
[2137] = S 2
[2138] = CNOT 2 29
[2139] = CNOT 2 32
[2140] = Z 2
[2141] = CNOT 2 32
[2142] = CNOT 2 35
[2143] = Z 2
[2144] = CNOT 2 35
[2145] = CNOT 2 53
[2146] = Z 2
[2147] = CNOT 2 53
[2148] = CNOT 2 55
[2149] = Z 2
[2150] = CNOT 2 55
[2151] = CNOT 2 65
[2152] = Z 2
[2153] = CNOT 2 65
[2154] = CNOT 2 74
[2155] = Z 2
[2156] = CNOT 2 74
[2157] = CNOT 2 75
[2158] = Z 2
[2159] = CNOT 2 75
[2160] = CNOT 2 79
[2161] = Z 2
[2162] = CNOT 2 79
[2163] = CNOT 3 5
[2164] = S 3
[2165] = CNOT 3 5
[2166] = CNOT 3 7
[2167] = Z 3
[2168] = CNOT 3 7
[2169] = CNOT 3 9
[2170] = Z 3
[2171] = CNOT 3 9
[2172] = CNOT 3 12
[2173] = Z 3
[2174] = CNOT 3 12
[2175] = CNOT 3 13
[2176] = S 3
[2177] = Z 3
[2178] = CNOT 3 13
[2179] = CNOT 3 15
[2180] = S 3
[2181] = CNOT 3 15
[2182] = CNOT 3 16
[2183] = Z 3
[2184] = CNOT 3 16
[2185] = CNOT 3 17
[2186] = Z 3
[2187] = CNOT 3 17
[2188] = CNOT 3 18
[2189] = S 3
[2190] = CNOT 3 18
[2191] = CNOT 3 19
[2192] = S 3
[2193] = CNOT 3 19
[2194] = CNOT 3 22
[2195] = Z 3
[2196] = CNOT 3 22
[2197] = CNOT 3 23
[2198] = S 3
[2199] = CNOT 3 23
[2200] = CNOT 3 24
[2201] = Z 3
[2202] = CNOT 3 24
[2203] = CNOT 3 26
[2204] = S 3
[2205] = CNOT 3 26
[2206] = CNOT 3 27
[2207] = S 3
[2208] = Z 3
[2209] = CNOT 3 27
[2210] = CNOT 3 28
[2211] = Z 3
[2212] = CNOT 3 28
[2213] = CNOT 3 30
[2214] = Z 3
[2215] = CNOT 3 30
[2216] = CNOT 3 32
[2217] = S 3
[2218] = CNOT 3 32
[2219] = CNOT 3 33
[2220] = Z 3
[2221] = CNOT 3 33
[2222] = CNOT 3 34
[2223] = Z 3
[2224] = CNOT 3 34
[2225] = CNOT 3 35
[2226] = S 3
[2227] = CNOT 3 35
[2228] = CNOT 3 36
[2229] = Z 3
[2230] = CNOT 3 36
[2231] = CNOT 3 37
[2232] = S 3
[2233] = Z 3
[2234] = CNOT 3 37
[2235] = CNOT 3 40
[2236] = S 3
[2237] = Z 3
[2238] = CNOT 3 40
[2239] = CNOT 3 42
[2240] = S 3
[2241] = Z 3
[2242] = CNOT 3 42
[2243] = CNOT 3 44
[2244] = S 3
[2245] = Z 3
[2246] = CNOT 3 44
[2247] = CNOT 3 46
[2248] = S 3
[2249] = Z 3
[2250] = CNOT 3 46
[2251] = CNOT 3 49
[2252] = S 3
[2253] = Z 3
[2254] = CNOT 3 49
[2255] = CNOT 3 51
[2256] = S 3
[2257] = CNOT 3 51
[2258] = CNOT 3 52
[2259] = S 3
[2260] = CNOT 3 52
[2261] = CNOT 3 53
[2262] = Z 3
[2263] = CNOT 3 53
[2264] = CNOT 3 54
[2265] = Z 3
[2266] = CNOT 3 54
[2267] = CNOT 3 55
[2268] = Z 3
[2269] = CNOT 3 55
[2270] = CNOT 3 57
[2271] = Z 3
[2272] = CNOT 3 57
[2273] = CNOT 3 58
[2274] = S 3
[2275] = Z 3
[2276] = CNOT 3 58
[2277] = CNOT 3 59
[2278] = S 3
[2279] = CNOT 3 59
[2280] = CNOT 3 60
[2281] = S 3
[2282] = CNOT 3 60
[2283] = CNOT 3 62
[2284] = S 3
[2285] = Z 3
[2286] = CNOT 3 62
[2287] = CNOT 3 64
[2288] = S 3
[2289] = CNOT 3 64
[2290] = CNOT 3 65
[2291] = S 3
[2292] = Z 3
[2293] = CNOT 3 65
[2294] = CNOT 3 68
[2295] = S 3
[2296] = CNOT 3 68
[2297] = CNOT 3 79
[2298] = S 3
[2299] = Z 3
[2300] = CNOT 3 79
[2301] = CNOT 3 81
[2302] = Z 3
[2303] = CNOT 3 81
[2304] = CNOT 3 82
[2305] = S 3
[2306] = CNOT 3 82
[2307] = CNOT 3 83
[2308] = Z 3
[2309] = CNOT 3 83
[2310] = CNOT 3 84
[2311] = S 3
[2312] = Z 3
[2313] = CNOT 3 84
[2314] = CNOT 3 85
[2315] = S 3
[2316] = Z 3
[2317] = CNOT 3 85
[2318] = CNOT 3 86
[2319] = S 3
[2320] = Z 3
[2321] = CNOT 3 86
[2322] = CNOT 3 88
[2323] = S 3
[2324] = Z 3
[2325] = CNOT 3 88
[2326] = CNOT 3 90
[2327] = S 3
[2328] = Z 3
[2329] = CNOT 3 90
[2330] = CNOT 3 92
[2331] = S 3
[2332] = CNOT 3 92
[2333] = CNOT 3 95
[2334] = Z 3
[2335] = CNOT 3 95
[2336] = CNOT 3 96
[2337] = S 3
[2338] = CNOT 3 96
[2339] = CNOT 3 99
[2340] = Z 3
[2341] = CNOT 3 99
[2342] = CNOT 3 101
[2343] = S 3
[2344] = Z 3
[2345] = CNOT 3 101
[2346] = CNOT 3 102
[2347] = Z 3
[2348] = CNOT 3 102
[2349] = CNOT 4 34
[2350] = Z 4
[2351] = CNOT 4 34
[2352] = CNOT 4 47
[2353] = Z 4
[2354] = CNOT 4 47
[2355] = CNOT 4 48
[2356] = S 4
[2357] = CNOT 4 48
[2358] = CNOT 5 12
[2359] = S 5
[2360] = CNOT 5 12
[2361] = CNOT 5 14
[2362] = S 5
[2363] = CNOT 5 14
[2364] = CNOT 5 15
[2365] = S 5
[2366] = CNOT 5 15
[2367] = CNOT 5 20
[2368] = S 5
[2369] = CNOT 5 20
[2370] = CNOT 5 27
[2371] = S 5
[2372] = CNOT 5 27
[2373] = CNOT 5 32
[2374] = S 5
[2375] = CNOT 5 32
[2376] = CNOT 5 35
[2377] = S 5
[2378] = CNOT 5 35
[2379] = CNOT 5 53
[2380] = S 5
[2381] = CNOT 5 53
[2382] = CNOT 5 55
[2383] = S 5
[2384] = CNOT 5 55
[2385] = CNOT 5 65
[2386] = S 5
[2387] = CNOT 5 65
[2388] = CNOT 5 74
[2389] = S 5
[2390] = CNOT 5 74
[2391] = CNOT 5 75
[2392] = S 5
[2393] = CNOT 5 75
[2394] = CNOT 5 79
[2395] = S 5
[2396] = CNOT 5 79
[2397] = CNOT 6 34
[2398] = Z 6
[2399] = CNOT 6 34
[2400] = CNOT 6 38
[2401] = Z 6
[2402] = CNOT 6 38
[2403] = CNOT 6 39
[2404] = S 6
[2405] = CNOT 6 39
[2406] = CNOT 7 12
[2407] = Z 7
[2408] = CNOT 7 12
[2409] = CNOT 7 14
[2410] = Z 7
[2411] = CNOT 7 14
[2412] = CNOT 7 15
[2413] = Z 7
[2414] = CNOT 7 15
[2415] = CNOT 7 36
[2416] = Z 7
[2417] = CNOT 7 36
[2418] = CNOT 7 45
[2419] = Z 7
[2420] = CNOT 7 45
[2421] = CNOT 7 53
[2422] = Z 7
[2423] = CNOT 7 53
[2424] = CNOT 7 54
[2425] = Z 7
[2426] = CNOT 7 54
[2427] = CNOT 7 56
[2428] = Z 7
[2429] = CNOT 7 56
[2430] = CNOT 7 69
[2431] = S 7
[2432] = CNOT 7 69
[2433] = CNOT 7 73
[2434] = Z 7
[2435] = CNOT 7 73
[2436] = CNOT 7 74
[2437] = Z 7
[2438] = CNOT 7 74
[2439] = CNOT 7 75
[2440] = Z 7
[2441] = CNOT 7 75
[2442] = CNOT 7 79
[2443] = Z 7
[2444] = CNOT 7 79
[2445] = CNOT 7 81
[2446] = Z 7
[2447] = CNOT 7 81
[2448] = CNOT 7 82
[2449] = Z 7
[2450] = CNOT 7 82
[2451] = CNOT 8 78
[2452] = S 8
[2453] = CNOT 8 78
[2454] = CNOT 9 36
[2455] = Z 9
[2456] = CNOT 9 36
[2457] = CNOT 9 45
[2458] = Z 9
[2459] = CNOT 9 45
[2460] = CNOT 9 53
[2461] = Z 9
[2462] = CNOT 9 53
[2463] = CNOT 9 55
[2464] = Z 9
[2465] = CNOT 9 55
[2466] = CNOT 9 56
[2467] = Z 9
[2468] = CNOT 9 56
[2469] = CNOT 9 58
[2470] = Z 9
[2471] = CNOT 9 58
[2472] = CNOT 9 65
[2473] = Z 9
[2474] = CNOT 9 65
[2475] = CNOT 9 73
[2476] = Z 9
[2477] = CNOT 9 73
[2478] = CNOT 9 74
[2479] = Z 9
[2480] = CNOT 9 74
[2481] = CNOT 9 80
[2482] = Z 9
[2483] = CNOT 9 80
[2484] = CNOT 9 82
[2485] = Z 9
[2486] = CNOT 9 82
[2487] = CNOT 9 92
[2488] = Z 9
[2489] = CNOT 9 92
[2490] = CNOT 9 93
[2491] = Z 9
[2492] = CNOT 9 93
[2493] = CNOT 9 96
[2494] = S 9
[2495] = Z 9
[2496] = CNOT 9 96
[2497] = CNOT 9 99
[2498] = S 9
[2499] = Z 9
[2500] = CNOT 9 99
[2501] = CNOT 9 100
[2502] = S 9
[2503] = CNOT 9 100
[2504] = CNOT 10 15
[2505] = S 10
[2506] = CNOT 10 15
[2507] = CNOT 10 36
[2508] = Z 10
[2509] = CNOT 10 36
[2510] = CNOT 11 24
[2511] = S 11
[2512] = CNOT 11 24
[2513] = CNOT 11 92
[2514] = Z 11
[2515] = CNOT 11 92
[2516] = CNOT 12 13
[2517] = S 12
[2518] = CNOT 12 13
[2519] = CNOT 12 15
[2520] = S 12
[2521] = CNOT 12 15
[2522] = CNOT 12 17
[2523] = S 12
[2524] = Z 12
[2525] = CNOT 12 17
[2526] = CNOT 12 19
[2527] = S 12
[2528] = CNOT 12 19
[2529] = CNOT 12 21
[2530] = Z 12
[2531] = CNOT 12 21
[2532] = CNOT 12 22
[2533] = Z 12
[2534] = CNOT 12 22
[2535] = CNOT 12 24
[2536] = S 12
[2537] = Z 12
[2538] = CNOT 12 24
[2539] = CNOT 12 25
[2540] = S 12
[2541] = Z 12
[2542] = CNOT 12 25
[2543] = CNOT 12 26
[2544] = S 12
[2545] = CNOT 12 26
[2546] = CNOT 12 30
[2547] = S 12
[2548] = CNOT 12 30
[2549] = CNOT 12 31
[2550] = S 12
[2551] = Z 12
[2552] = CNOT 12 31
[2553] = CNOT 12 32
[2554] = Z 12
[2555] = CNOT 12 32
[2556] = CNOT 12 33
[2557] = Z 12
[2558] = CNOT 12 33
[2559] = CNOT 12 34
[2560] = S 12
[2561] = Z 12
[2562] = CNOT 12 34
[2563] = CNOT 12 35
[2564] = S 12
[2565] = CNOT 12 35
[2566] = CNOT 12 37
[2567] = S 12
[2568] = Z 12
[2569] = CNOT 12 37
[2570] = CNOT 12 40
[2571] = S 12
[2572] = Z 12
[2573] = CNOT 12 40
[2574] = CNOT 12 41
[2575] = S 12
[2576] = Z 12
[2577] = CNOT 12 41
[2578] = CNOT 12 42
[2579] = S 12
[2580] = Z 12
[2581] = CNOT 12 42
[2582] = CNOT 12 44
[2583] = S 12
[2584] = Z 12
[2585] = CNOT 12 44
[2586] = CNOT 12 45
[2587] = Z 12
[2588] = CNOT 12 45
[2589] = CNOT 12 46
[2590] = S 12
[2591] = Z 12
[2592] = CNOT 12 46
[2593] = CNOT 12 49
[2594] = S 12
[2595] = Z 12
[2596] = CNOT 12 49
[2597] = CNOT 12 50
[2598] = Z 12
[2599] = CNOT 12 50
[2600] = CNOT 12 51
[2601] = S 12
[2602] = CNOT 12 51
[2603] = CNOT 12 53
[2604] = Z 12
[2605] = CNOT 12 53
[2606] = CNOT 12 54
[2607] = S 12
[2608] = Z 12
[2609] = CNOT 12 54
[2610] = CNOT 12 57
[2611] = Z 12
[2612] = CNOT 12 57
[2613] = CNOT 12 58
[2614] = S 12
[2615] = CNOT 12 58
[2616] = CNOT 12 63
[2617] = S 12
[2618] = Z 12
[2619] = CNOT 12 63
[2620] = CNOT 12 64
[2621] = S 12
[2622] = Z 12
[2623] = CNOT 12 64
[2624] = CNOT 12 65
[2625] = S 12
[2626] = Z 12
[2627] = CNOT 12 65
[2628] = CNOT 12 68
[2629] = S 12
[2630] = CNOT 12 68
[2631] = CNOT 12 73
[2632] = S 12
[2633] = CNOT 12 73
[2634] = CNOT 12 74
[2635] = S 12
[2636] = CNOT 12 74
[2637] = CNOT 12 75
[2638] = S 12
[2639] = CNOT 12 75
[2640] = CNOT 12 79
[2641] = S 12
[2642] = CNOT 12 79
[2643] = CNOT 12 81
[2644] = S 12
[2645] = Z 12
[2646] = CNOT 12 81
[2647] = CNOT 13 15
[2648] = S 13
[2649] = CNOT 13 15
[2650] = CNOT 13 17
[2651] = S 13
[2652] = Z 13
[2653] = CNOT 13 17
[2654] = CNOT 13 22
[2655] = S 13
[2656] = CNOT 13 22
[2657] = CNOT 13 23
[2658] = S 13
[2659] = Z 13
[2660] = CNOT 13 23
[2661] = CNOT 13 30
[2662] = Z 13
[2663] = CNOT 13 30
[2664] = CNOT 13 31
[2665] = S 13
[2666] = CNOT 13 31
[2667] = CNOT 13 34
[2668] = Z 13
[2669] = CNOT 13 34
[2670] = CNOT 13 35
[2671] = Z 13
[2672] = CNOT 13 35
[2673] = CNOT 13 36
[2674] = S 13
[2675] = Z 13
[2676] = CNOT 13 36
[2677] = CNOT 13 41
[2678] = S 13
[2679] = CNOT 13 41
[2680] = CNOT 13 45
[2681] = Z 13
[2682] = CNOT 13 45
[2683] = CNOT 13 50
[2684] = S 13
[2685] = CNOT 13 50
[2686] = CNOT 13 54
[2687] = S 13
[2688] = CNOT 13 54
[2689] = CNOT 13 55
[2690] = S 13
[2691] = CNOT 13 55
[2692] = CNOT 13 56
[2693] = S 13
[2694] = CNOT 13 56
[2695] = CNOT 13 57
[2696] = S 13
[2697] = Z 13
[2698] = CNOT 13 57
[2699] = CNOT 13 58
[2700] = S 13
[2701] = CNOT 13 58
[2702] = CNOT 13 61
[2703] = S 13
[2704] = Z 13
[2705] = CNOT 13 61
[2706] = CNOT 13 64
[2707] = Z 13
[2708] = CNOT 13 64
[2709] = CNOT 13 65
[2710] = Z 13
[2711] = CNOT 13 65
[2712] = CNOT 13 71
[2713] = S 13
[2714] = CNOT 13 71
[2715] = CNOT 13 73
[2716] = S 13
[2717] = CNOT 13 73
[2718] = CNOT 13 74
[2719] = S 13
[2720] = CNOT 13 74
[2721] = CNOT 13 79
[2722] = S 13
[2723] = CNOT 13 79
[2724] = CNOT 13 80
[2725] = Z 13
[2726] = CNOT 13 80
[2727] = CNOT 13 82
[2728] = S 13
[2729] = Z 13
[2730] = CNOT 13 82
[2731] = CNOT 13 83
[2732] = Z 13
[2733] = CNOT 13 83
[2734] = CNOT 13 95
[2735] = Z 13
[2736] = CNOT 13 95
[2737] = CNOT 13 102
[2738] = Z 13
[2739] = CNOT 13 102
[2740] = CNOT 14 15
[2741] = Z 14
[2742] = CNOT 14 15
[2743] = CNOT 14 16
[2744] = S 14
[2745] = CNOT 14 16
[2746] = CNOT 14 17
[2747] = Z 14
[2748] = CNOT 14 17
[2749] = CNOT 14 19
[2750] = S 14
[2751] = CNOT 14 19
[2752] = CNOT 14 21
[2753] = S 14
[2754] = Z 14
[2755] = CNOT 14 21
[2756] = CNOT 14 22
[2757] = Z 14
[2758] = CNOT 14 22
[2759] = CNOT 14 23
[2760] = S 14
[2761] = Z 14
[2762] = CNOT 14 23
[2763] = CNOT 14 24
[2764] = Z 14
[2765] = CNOT 14 24
[2766] = CNOT 14 25
[2767] = S 14
[2768] = CNOT 14 25
[2769] = CNOT 14 26
[2770] = S 14
[2771] = CNOT 14 26
[2772] = CNOT 14 27
[2773] = S 14
[2774] = CNOT 14 27
[2775] = CNOT 14 28
[2776] = Z 14
[2777] = CNOT 14 28
[2778] = CNOT 14 30
[2779] = Z 14
[2780] = CNOT 14 30
[2781] = CNOT 14 31
[2782] = S 14
[2783] = Z 14
[2784] = CNOT 14 31
[2785] = CNOT 14 32
[2786] = S 14
[2787] = Z 14
[2788] = CNOT 14 32
[2789] = CNOT 14 33
[2790] = Z 14
[2791] = CNOT 14 33
[2792] = CNOT 14 34
[2793] = S 14
[2794] = Z 14
[2795] = CNOT 14 34
[2796] = CNOT 14 35
[2797] = S 14
[2798] = Z 14
[2799] = CNOT 14 35
[2800] = CNOT 14 36
[2801] = S 14
[2802] = CNOT 14 36
[2803] = CNOT 14 37
[2804] = S 14
[2805] = Z 14
[2806] = CNOT 14 37
[2807] = CNOT 14 40
[2808] = S 14
[2809] = Z 14
[2810] = CNOT 14 40
[2811] = CNOT 14 41
[2812] = S 14
[2813] = Z 14
[2814] = CNOT 14 41
[2815] = CNOT 14 42
[2816] = S 14
[2817] = Z 14
[2818] = CNOT 14 42
[2819] = CNOT 14 44
[2820] = S 14
[2821] = Z 14
[2822] = CNOT 14 44
[2823] = CNOT 14 45
[2824] = S 14
[2825] = Z 14
[2826] = CNOT 14 45
[2827] = CNOT 14 46
[2828] = S 14
[2829] = Z 14
[2830] = CNOT 14 46
[2831] = CNOT 14 49
[2832] = S 14
[2833] = Z 14
[2834] = CNOT 14 49
[2835] = CNOT 14 50
[2836] = Z 14
[2837] = CNOT 14 50
[2838] = CNOT 14 51
[2839] = S 14
[2840] = CNOT 14 51
[2841] = CNOT 14 53
[2842] = S 14
[2843] = Z 14
[2844] = CNOT 14 53
[2845] = CNOT 14 54
[2846] = S 14
[2847] = Z 14
[2848] = CNOT 14 54
[2849] = CNOT 14 55
[2850] = Z 14
[2851] = CNOT 14 55
[2852] = CNOT 14 56
[2853] = S 14
[2854] = CNOT 14 56
[2855] = CNOT 14 57
[2856] = Z 14
[2857] = CNOT 14 57
[2858] = CNOT 14 58
[2859] = S 14
[2860] = CNOT 14 58
[2861] = CNOT 14 63
[2862] = S 14
[2863] = Z 14
[2864] = CNOT 14 63
[2865] = CNOT 14 64
[2866] = S 14
[2867] = Z 14
[2868] = CNOT 14 64
[2869] = CNOT 14 65
[2870] = S 14
[2871] = CNOT 14 65
[2872] = CNOT 14 68
[2873] = S 14
[2874] = CNOT 14 68
[2875] = CNOT 14 73
[2876] = Z 14
[2877] = CNOT 14 73
[2878] = CNOT 14 74
[2879] = S 14
[2880] = Z 14
[2881] = CNOT 14 74
[2882] = CNOT 14 75
[2883] = S 14
[2884] = Z 14
[2885] = CNOT 14 75
[2886] = CNOT 14 79
[2887] = S 14
[2888] = Z 14
[2889] = CNOT 14 79
[2890] = CNOT 14 81
[2891] = S 14
[2892] = Z 14
[2893] = CNOT 14 81
[2894] = CNOT 14 82
[2895] = S 14
[2896] = CNOT 14 82
[2897] = CNOT 15 19
[2898] = S 15
[2899] = CNOT 15 19
[2900] = CNOT 15 21
[2901] = Z 15
[2902] = CNOT 15 21
[2903] = CNOT 15 22
[2904] = S 15
[2905] = Z 15
[2906] = CNOT 15 22
[2907] = CNOT 15 23
[2908] = Z 15
[2909] = CNOT 15 23
[2910] = CNOT 15 24
[2911] = Z 15
[2912] = CNOT 15 24
[2913] = CNOT 15 26
[2914] = S 15
[2915] = CNOT 15 26
[2916] = CNOT 15 27
[2917] = S 15
[2918] = CNOT 15 27
[2919] = CNOT 15 28
[2920] = Z 15
[2921] = CNOT 15 28
[2922] = CNOT 15 30
[2923] = S 15
[2924] = CNOT 15 30
[2925] = CNOT 15 31
[2926] = S 15
[2927] = Z 15
[2928] = CNOT 15 31
[2929] = CNOT 15 32
[2930] = S 15
[2931] = Z 15
[2932] = CNOT 15 32
[2933] = CNOT 15 33
[2934] = Z 15
[2935] = CNOT 15 33
[2936] = CNOT 15 34
[2937] = S 15
[2938] = Z 15
[2939] = CNOT 15 34
[2940] = CNOT 15 35
[2941] = Z 15
[2942] = CNOT 15 35
[2943] = CNOT 15 37
[2944] = S 15
[2945] = Z 15
[2946] = CNOT 15 37
[2947] = CNOT 15 40
[2948] = S 15
[2949] = Z 15
[2950] = CNOT 15 40
[2951] = CNOT 15 41
[2952] = S 15
[2953] = Z 15
[2954] = CNOT 15 41
[2955] = CNOT 15 42
[2956] = S 15
[2957] = Z 15
[2958] = CNOT 15 42
[2959] = CNOT 15 44
[2960] = S 15
[2961] = Z 15
[2962] = CNOT 15 44
[2963] = CNOT 15 46
[2964] = S 15
[2965] = Z 15
[2966] = CNOT 15 46
[2967] = CNOT 15 49
[2968] = S 15
[2969] = Z 15
[2970] = CNOT 15 49
[2971] = CNOT 15 50
[2972] = Z 15
[2973] = CNOT 15 50
[2974] = CNOT 15 51
[2975] = S 15
[2976] = CNOT 15 51
[2977] = CNOT 15 53
[2978] = S 15
[2979] = CNOT 15 53
[2980] = CNOT 15 54
[2981] = S 15
[2982] = CNOT 15 54
[2983] = CNOT 15 55
[2984] = S 15
[2985] = Z 15
[2986] = CNOT 15 55
[2987] = CNOT 15 56
[2988] = Z 15
[2989] = CNOT 15 56
[2990] = CNOT 15 57
[2991] = Z 15
[2992] = CNOT 15 57
[2993] = CNOT 15 58
[2994] = S 15
[2995] = CNOT 15 58
[2996] = CNOT 15 63
[2997] = S 15
[2998] = Z 15
[2999] = CNOT 15 63
[3000] = CNOT 15 64
[3001] = S 15
[3002] = Z 15
[3003] = CNOT 15 64
[3004] = CNOT 15 68
[3005] = S 15
[3006] = CNOT 15 68
[3007] = CNOT 15 73
[3008] = S 15
[3009] = Z 15
[3010] = CNOT 15 73
[3011] = CNOT 15 81
[3012] = S 15
[3013] = Z 15
[3014] = CNOT 15 81
[3015] = CNOT 15 82
[3016] = Z 15
[3017] = CNOT 15 82
[3018] = CNOT 16 18
[3019] = S 16
[3020] = CNOT 16 18
[3021] = CNOT 16 19
[3022] = S 16
[3023] = CNOT 16 19
[3024] = CNOT 16 21
[3025] = Z 16
[3026] = CNOT 16 21
[3027] = CNOT 16 22
[3028] = Z 16
[3029] = CNOT 16 22
[3030] = CNOT 16 23
[3031] = Z 16
[3032] = CNOT 16 23
[3033] = CNOT 16 30
[3034] = Z 16
[3035] = CNOT 16 30
[3036] = CNOT 16 35
[3037] = Z 16
[3038] = CNOT 16 35
[3039] = CNOT 16 36
[3040] = Z 16
[3041] = CNOT 16 36
[3042] = CNOT 16 45
[3043] = Z 16
[3044] = CNOT 16 45
[3045] = CNOT 16 55
[3046] = Z 16
[3047] = CNOT 16 55
[3048] = CNOT 16 56
[3049] = Z 16
[3050] = CNOT 16 56
[3051] = CNOT 16 65
[3052] = Z 16
[3053] = CNOT 16 65
[3054] = CNOT 16 73
[3055] = Z 16
[3056] = CNOT 16 73
[3057] = CNOT 16 74
[3058] = Z 16
[3059] = CNOT 16 74
[3060] = CNOT 16 75
[3061] = Z 16
[3062] = CNOT 16 75
[3063] = CNOT 16 79
[3064] = Z 16
[3065] = CNOT 16 79
[3066] = CNOT 16 82
[3067] = Z 16
[3068] = CNOT 16 82
[3069] = CNOT 17 18
[3070] = S 17
[3071] = CNOT 17 18
[3072] = CNOT 17 22
[3073] = Z 17
[3074] = CNOT 17 22
[3075] = CNOT 17 36
[3076] = Z 17
[3077] = CNOT 17 36
[3078] = CNOT 17 45
[3079] = Z 17
[3080] = CNOT 17 45
[3081] = CNOT 17 53
[3082] = Z 17
[3083] = CNOT 17 53
[3084] = CNOT 17 54
[3085] = Z 17
[3086] = CNOT 17 54
[3087] = CNOT 17 55
[3088] = Z 17
[3089] = CNOT 17 55
[3090] = CNOT 17 56
[3091] = Z 17
[3092] = CNOT 17 56
[3093] = CNOT 17 73
[3094] = Z 17
[3095] = CNOT 17 73
[3096] = CNOT 17 74
[3097] = Z 17
[3098] = CNOT 17 74
[3099] = CNOT 17 75
[3100] = Z 17
[3101] = CNOT 17 75
[3102] = CNOT 17 79
[3103] = Z 17
[3104] = CNOT 17 79
[3105] = CNOT 17 82
[3106] = Z 17
[3107] = CNOT 17 82
[3108] = CNOT 18 21
[3109] = S 18
[3110] = CNOT 18 21
[3111] = CNOT 18 22
[3112] = Z 18
[3113] = CNOT 18 22
[3114] = CNOT 18 23
[3115] = S 18
[3116] = CNOT 18 23
[3117] = CNOT 18 30
[3118] = S 18
[3119] = CNOT 18 30
[3120] = CNOT 18 35
[3121] = S 18
[3122] = CNOT 18 35
[3123] = CNOT 18 36
[3124] = S 18
[3125] = CNOT 18 36
[3126] = CNOT 18 45
[3127] = S 18
[3128] = CNOT 18 45
[3129] = CNOT 18 55
[3130] = S 18
[3131] = CNOT 18 55
[3132] = CNOT 18 56
[3133] = S 18
[3134] = CNOT 18 56
[3135] = CNOT 18 65
[3136] = S 18
[3137] = CNOT 18 65
[3138] = CNOT 18 73
[3139] = S 18
[3140] = CNOT 18 73
[3141] = CNOT 18 74
[3142] = S 18
[3143] = CNOT 18 74
[3144] = CNOT 18 75
[3145] = S 18
[3146] = CNOT 18 75
[3147] = CNOT 18 79
[3148] = S 18
[3149] = CNOT 18 79
[3150] = CNOT 18 82
[3151] = S 18
[3152] = CNOT 18 82
[3153] = CNOT 19 21
[3154] = S 19
[3155] = CNOT 19 21
[3156] = CNOT 19 27
[3157] = S 19
[3158] = CNOT 19 27
[3159] = CNOT 19 32
[3160] = S 19
[3161] = CNOT 19 32
[3162] = CNOT 19 35
[3163] = S 19
[3164] = CNOT 19 35
[3165] = CNOT 19 53
[3166] = S 19
[3167] = CNOT 19 53
[3168] = CNOT 19 55
[3169] = S 19
[3170] = CNOT 19 55
[3171] = CNOT 19 65
[3172] = S 19
[3173] = CNOT 19 65
[3174] = CNOT 19 74
[3175] = S 19
[3176] = CNOT 19 74
[3177] = CNOT 19 75
[3178] = S 19
[3179] = CNOT 19 75
[3180] = CNOT 19 79
[3181] = S 19
[3182] = CNOT 19 79
[3183] = CNOT 21 22
[3184] = Z 21
[3185] = CNOT 21 22
[3186] = CNOT 21 23
[3187] = Z 21
[3188] = CNOT 21 23
[3189] = CNOT 21 26
[3190] = S 21
[3191] = Z 21
[3192] = CNOT 21 26
[3193] = CNOT 21 27
[3194] = S 21
[3195] = Z 21
[3196] = CNOT 21 27
[3197] = CNOT 21 28
[3198] = S 21
[3199] = CNOT 21 28
[3200] = CNOT 21 35
[3201] = Z 21
[3202] = CNOT 21 35
[3203] = CNOT 21 36
[3204] = Z 21
[3205] = CNOT 21 36
[3206] = CNOT 21 45
[3207] = Z 21
[3208] = CNOT 21 45
[3209] = CNOT 21 56
[3210] = Z 21
[3211] = CNOT 21 56
[3212] = CNOT 21 73
[3213] = Z 21
[3214] = CNOT 21 73
[3215] = CNOT 21 82
[3216] = Z 21
[3217] = CNOT 21 82
[3218] = CNOT 22 23
[3219] = S 22
[3220] = CNOT 22 23
[3221] = CNOT 22 27
[3222] = S 22
[3223] = CNOT 22 27
[3224] = CNOT 22 36
[3225] = Z 22
[3226] = CNOT 22 36
[3227] = CNOT 22 45
[3228] = Z 22
[3229] = CNOT 22 45
[3230] = CNOT 22 53
[3231] = Z 22
[3232] = CNOT 22 53
[3233] = CNOT 22 54
[3234] = Z 22
[3235] = CNOT 22 54
[3236] = CNOT 22 55
[3237] = Z 22
[3238] = CNOT 22 55
[3239] = CNOT 22 56
[3240] = Z 22
[3241] = CNOT 22 56
[3242] = CNOT 22 73
[3243] = Z 22
[3244] = CNOT 22 73
[3245] = CNOT 22 74
[3246] = Z 22
[3247] = CNOT 22 74
[3248] = CNOT 22 75
[3249] = Z 22
[3250] = CNOT 22 75
[3251] = CNOT 22 79
[3252] = Z 22
[3253] = CNOT 22 79
[3254] = CNOT 22 82
[3255] = Z 22
[3256] = CNOT 22 82
[3257] = CNOT 23 24
[3258] = S 23
[3259] = CNOT 23 24
[3260] = CNOT 23 30
[3261] = S 23
[3262] = CNOT 23 30
[3263] = CNOT 23 35
[3264] = S 23
[3265] = CNOT 23 35
[3266] = CNOT 23 36
[3267] = S 23
[3268] = CNOT 23 36
[3269] = CNOT 23 45
[3270] = S 23
[3271] = CNOT 23 45
[3272] = CNOT 23 55
[3273] = S 23
[3274] = CNOT 23 55
[3275] = CNOT 23 56
[3276] = S 23
[3277] = CNOT 23 56
[3278] = CNOT 23 65
[3279] = S 23
[3280] = CNOT 23 65
[3281] = CNOT 23 73
[3282] = S 23
[3283] = CNOT 23 73
[3284] = CNOT 23 74
[3285] = S 23
[3286] = CNOT 23 74
[3287] = CNOT 23 75
[3288] = S 23
[3289] = CNOT 23 75
[3290] = CNOT 23 79
[3291] = S 23
[3292] = CNOT 23 79
[3293] = CNOT 23 82
[3294] = S 23
[3295] = CNOT 23 82
[3296] = CNOT 24 25
[3297] = S 24
[3298] = Z 24
[3299] = CNOT 24 25
[3300] = CNOT 24 27
[3301] = Z 24
[3302] = CNOT 24 27
[3303] = CNOT 24 28
[3304] = S 24
[3305] = CNOT 24 28
[3306] = CNOT 24 32
[3307] = Z 24
[3308] = CNOT 24 32
[3309] = CNOT 24 33
[3310] = S 24
[3311] = CNOT 24 33
[3312] = CNOT 24 35
[3313] = Z 24
[3314] = CNOT 24 35
[3315] = CNOT 24 53
[3316] = Z 24
[3317] = CNOT 24 53
[3318] = CNOT 24 55
[3319] = Z 24
[3320] = CNOT 24 55
[3321] = CNOT 24 65
[3322] = Z 24
[3323] = CNOT 24 65
[3324] = CNOT 24 74
[3325] = Z 24
[3326] = CNOT 24 74
[3327] = CNOT 24 75
[3328] = Z 24
[3329] = CNOT 24 75
[3330] = CNOT 24 79
[3331] = Z 24
[3332] = CNOT 24 79
[3333] = CNOT 24 92
[3334] = Z 24
[3335] = CNOT 24 92
[3336] = CNOT 25 26
[3337] = S 25
[3338] = CNOT 25 26
[3339] = CNOT 26 27
[3340] = Z 26
[3341] = CNOT 26 27
[3342] = CNOT 26 30
[3343] = S 26
[3344] = Z 26
[3345] = CNOT 26 30
[3346] = CNOT 26 32
[3347] = S 26
[3348] = Z 26
[3349] = CNOT 26 32
[3350] = CNOT 26 33
[3351] = S 26
[3352] = Z 26
[3353] = CNOT 26 33
[3354] = CNOT 26 35
[3355] = S 26
[3356] = CNOT 26 35
[3357] = CNOT 26 37
[3358] = S 26
[3359] = CNOT 26 37
[3360] = CNOT 26 40
[3361] = S 26
[3362] = CNOT 26 40
[3363] = CNOT 26 42
[3364] = S 26
[3365] = CNOT 26 42
[3366] = CNOT 26 44
[3367] = S 26
[3368] = CNOT 26 44
[3369] = CNOT 26 46
[3370] = S 26
[3371] = CNOT 26 46
[3372] = CNOT 26 49
[3373] = S 26
[3374] = CNOT 26 49
[3375] = CNOT 26 53
[3376] = S 26
[3377] = Z 26
[3378] = CNOT 26 53
[3379] = CNOT 26 55
[3380] = S 26
[3381] = CNOT 26 55
[3382] = CNOT 26 56
[3383] = S 26
[3384] = CNOT 26 56
[3385] = CNOT 26 65
[3386] = S 26
[3387] = CNOT 26 65
[3388] = CNOT 26 74
[3389] = S 26
[3390] = CNOT 26 74
[3391] = CNOT 26 75
[3392] = S 26
[3393] = CNOT 26 75
[3394] = CNOT 26 79
[3395] = S 26
[3396] = CNOT 26 79
[3397] = CNOT 27 28
[3398] = Z 27
[3399] = CNOT 27 28
[3400] = CNOT 27 30
[3401] = S 27
[3402] = Z 27
[3403] = CNOT 27 30
[3404] = CNOT 27 31
[3405] = S 27
[3406] = CNOT 27 31
[3407] = CNOT 27 32
[3408] = S 27
[3409] = CNOT 27 32
[3410] = CNOT 27 33
[3411] = Z 27
[3412] = CNOT 27 33
[3413] = CNOT 27 35
[3414] = S 27
[3415] = CNOT 27 35
[3416] = CNOT 27 37
[3417] = S 27
[3418] = Z 27
[3419] = CNOT 27 37
[3420] = CNOT 27 40
[3421] = S 27
[3422] = Z 27
[3423] = CNOT 27 40
[3424] = CNOT 27 42
[3425] = S 27
[3426] = Z 27
[3427] = CNOT 27 42
[3428] = CNOT 27 44
[3429] = S 27
[3430] = Z 27
[3431] = CNOT 27 44
[3432] = CNOT 27 46
[3433] = S 27
[3434] = Z 27
[3435] = CNOT 27 46
[3436] = CNOT 27 49
[3437] = S 27
[3438] = Z 27
[3439] = CNOT 27 49
[3440] = CNOT 27 51
[3441] = S 27
[3442] = CNOT 27 51
[3443] = CNOT 27 53
[3444] = Z 27
[3445] = CNOT 27 53
[3446] = CNOT 27 55
[3447] = S 27
[3448] = Z 27
[3449] = CNOT 27 55
[3450] = CNOT 27 65
[3451] = S 27
[3452] = Z 27
[3453] = CNOT 27 65
[3454] = CNOT 27 74
[3455] = S 27
[3456] = Z 27
[3457] = CNOT 27 74
[3458] = CNOT 27 75
[3459] = S 27
[3460] = Z 27
[3461] = CNOT 27 75
[3462] = CNOT 27 79
[3463] = S 27
[3464] = Z 27
[3465] = CNOT 27 79
[3466] = CNOT 28 30
[3467] = S 28
[3468] = CNOT 28 30
[3469] = CNOT 28 32
[3470] = Z 28
[3471] = CNOT 28 32
[3472] = CNOT 28 35
[3473] = Z 28
[3474] = CNOT 28 35
[3475] = CNOT 28 53
[3476] = Z 28
[3477] = CNOT 28 53
[3478] = CNOT 28 55
[3479] = Z 28
[3480] = CNOT 28 55
[3481] = CNOT 28 65
[3482] = Z 28
[3483] = CNOT 28 65
[3484] = CNOT 28 74
[3485] = Z 28
[3486] = CNOT 28 74
[3487] = CNOT 28 75
[3488] = Z 28
[3489] = CNOT 28 75
[3490] = CNOT 28 79
[3491] = Z 28
[3492] = CNOT 28 79
[3493] = CNOT 30 32
[3494] = S 30
[3495] = CNOT 30 32
[3496] = CNOT 30 55
[3497] = Z 30
[3498] = CNOT 30 55
[3499] = CNOT 30 65
[3500] = Z 30
[3501] = CNOT 30 65
[3502] = CNOT 30 74
[3503] = Z 30
[3504] = CNOT 30 74
[3505] = CNOT 30 75
[3506] = Z 30
[3507] = CNOT 30 75
[3508] = CNOT 30 79
[3509] = Z 30
[3510] = CNOT 30 79
[3511] = CNOT 31 37
[3512] = S 31
[3513] = CNOT 31 37
[3514] = CNOT 32 33
[3515] = S 32
[3516] = Z 32
[3517] = CNOT 32 33
[3518] = CNOT 32 35
[3519] = Z 32
[3520] = CNOT 32 35
[3521] = CNOT 32 37
[3522] = S 32
[3523] = Z 32
[3524] = CNOT 32 37
[3525] = CNOT 32 40
[3526] = S 32
[3527] = Z 32
[3528] = CNOT 32 40
[3529] = CNOT 32 42
[3530] = S 32
[3531] = Z 32
[3532] = CNOT 32 42
[3533] = CNOT 32 44
[3534] = S 32
[3535] = Z 32
[3536] = CNOT 32 44
[3537] = CNOT 32 46
[3538] = S 32
[3539] = Z 32
[3540] = CNOT 32 46
[3541] = CNOT 32 49
[3542] = S 32
[3543] = Z 32
[3544] = CNOT 32 49
[3545] = CNOT 32 51
[3546] = S 32
[3547] = CNOT 32 51
[3548] = CNOT 32 53
[3549] = Z 32
[3550] = CNOT 32 53
[3551] = CNOT 32 55
[3552] = S 32
[3553] = CNOT 32 55
[3554] = CNOT 32 65
[3555] = S 32
[3556] = CNOT 32 65
[3557] = CNOT 32 74
[3558] = S 32
[3559] = CNOT 32 74
[3560] = CNOT 32 75
[3561] = S 32
[3562] = CNOT 32 75
[3563] = CNOT 32 79
[3564] = S 32
[3565] = CNOT 32 79
[3566] = CNOT 33 34
[3567] = S 33
[3568] = CNOT 33 34
[3569] = CNOT 33 55
[3570] = Z 33
[3571] = CNOT 33 55
[3572] = CNOT 33 65
[3573] = Z 33
[3574] = CNOT 33 65
[3575] = CNOT 33 74
[3576] = Z 33
[3577] = CNOT 33 74
[3578] = CNOT 33 75
[3579] = Z 33
[3580] = CNOT 33 75
[3581] = CNOT 33 79
[3582] = Z 33
[3583] = CNOT 33 79
[3584] = CNOT 34 38
[3585] = Z 34
[3586] = CNOT 34 38
[3587] = CNOT 34 47
[3588] = Z 34
[3589] = CNOT 34 47
[3590] = CNOT 34 50
[3591] = S 34
[3592] = CNOT 34 50
[3593] = CNOT 34 52
[3594] = S 34
[3595] = CNOT 34 52
[3596] = CNOT 34 54
[3597] = S 34
[3598] = CNOT 34 54
[3599] = CNOT 34 55
[3600] = Z 34
[3601] = CNOT 34 55
[3602] = CNOT 34 56
[3603] = S 34
[3604] = Z 34
[3605] = CNOT 34 56
[3606] = CNOT 34 57
[3607] = S 34
[3608] = Z 34
[3609] = CNOT 34 57
[3610] = CNOT 34 58
[3611] = S 34
[3612] = CNOT 34 58
[3613] = CNOT 34 59
[3614] = S 34
[3615] = CNOT 34 59
[3616] = CNOT 34 61
[3617] = S 34
[3618] = Z 34
[3619] = CNOT 34 61
[3620] = CNOT 34 62
[3621] = S 34
[3622] = Z 34
[3623] = CNOT 34 62
[3624] = CNOT 34 63
[3625] = Z 34
[3626] = CNOT 34 63
[3627] = CNOT 34 64
[3628] = S 34
[3629] = Z 34
[3630] = CNOT 34 64
[3631] = CNOT 34 65
[3632] = S 34
[3633] = Z 34
[3634] = CNOT 34 65
[3635] = CNOT 34 68
[3636] = Z 34
[3637] = CNOT 34 68
[3638] = CNOT 34 71
[3639] = S 34
[3640] = CNOT 34 71
[3641] = CNOT 34 72
[3642] = S 34
[3643] = CNOT 34 72
[3644] = CNOT 34 74
[3645] = S 34
[3646] = Z 34
[3647] = CNOT 34 74
[3648] = CNOT 34 75
[3649] = Z 34
[3650] = CNOT 34 75
[3651] = CNOT 34 79
[3652] = Z 34
[3653] = CNOT 34 79
[3654] = CNOT 34 81
[3655] = Z 34
[3656] = CNOT 34 81
[3657] = CNOT 34 86
[3658] = Z 34
[3659] = CNOT 34 86
[3660] = CNOT 34 91
[3661] = S 34
[3662] = CNOT 34 91
[3663] = CNOT 34 95
[3664] = S 34
[3665] = CNOT 34 95
[3666] = CNOT 35 37
[3667] = S 35
[3668] = CNOT 35 37
[3669] = CNOT 35 38
[3670] = S 35
[3671] = CNOT 35 38
[3672] = CNOT 35 53
[3673] = S 35
[3674] = CNOT 35 53
[3675] = CNOT 35 55
[3676] = S 35
[3677] = CNOT 35 55
[3678] = CNOT 35 65
[3679] = S 35
[3680] = CNOT 35 65
[3681] = CNOT 35 74
[3682] = S 35
[3683] = CNOT 35 74
[3684] = CNOT 35 75
[3685] = S 35
[3686] = CNOT 35 75
[3687] = CNOT 35 79
[3688] = S 35
[3689] = CNOT 35 79
[3690] = CNOT 36 45
[3691] = Z 36
[3692] = CNOT 36 45
[3693] = CNOT 36 53
[3694] = Z 36
[3695] = CNOT 36 53
[3696] = CNOT 36 55
[3697] = Z 36
[3698] = CNOT 36 55
[3699] = CNOT 36 56
[3700] = Z 36
[3701] = CNOT 36 56
[3702] = CNOT 36 57
[3703] = Z 36
[3704] = CNOT 36 57
[3705] = CNOT 36 58
[3706] = S 36
[3707] = Z 36
[3708] = CNOT 36 58
[3709] = CNOT 36 64
[3710] = S 36
[3711] = CNOT 36 64
[3712] = CNOT 36 65
[3713] = S 36
[3714] = Z 36
[3715] = CNOT 36 65
[3716] = CNOT 36 68
[3717] = S 36
[3718] = CNOT 36 68
[3719] = CNOT 36 73
[3720] = Z 36
[3721] = CNOT 36 73
[3722] = CNOT 36 74
[3723] = Z 36
[3724] = CNOT 36 74
[3725] = CNOT 36 75
[3726] = Z 36
[3727] = CNOT 36 75
[3728] = CNOT 36 79
[3729] = S 36
[3730] = CNOT 36 79
[3731] = CNOT 36 82
[3732] = S 36
[3733] = CNOT 36 82
[3734] = CNOT 36 83
[3735] = Z 36
[3736] = CNOT 36 83
[3737] = CNOT 36 84
[3738] = S 36
[3739] = Z 36
[3740] = CNOT 36 84
[3741] = CNOT 36 85
[3742] = S 36
[3743] = Z 36
[3744] = CNOT 36 85
[3745] = CNOT 36 86
[3746] = S 36
[3747] = CNOT 36 86
[3748] = CNOT 36 87
[3749] = S 36
[3750] = CNOT 36 87
[3751] = CNOT 36 88
[3752] = S 36
[3753] = Z 36
[3754] = CNOT 36 88
[3755] = CNOT 36 90
[3756] = S 36
[3757] = Z 36
[3758] = CNOT 36 90
[3759] = CNOT 36 92
[3760] = S 36
[3761] = CNOT 36 92
[3762] = CNOT 36 95
[3763] = Z 36
[3764] = CNOT 36 95
[3765] = CNOT 36 96
[3766] = S 36
[3767] = CNOT 36 96
[3768] = CNOT 36 99
[3769] = Z 36
[3770] = CNOT 36 99
[3771] = CNOT 36 101
[3772] = S 36
[3773] = Z 36
[3774] = CNOT 36 101
[3775] = CNOT 36 102
[3776] = Z 36
[3777] = CNOT 36 102
[3778] = CNOT 37 40
[3779] = S 37
[3780] = CNOT 37 40
[3781] = CNOT 37 41
[3782] = S 37
[3783] = CNOT 37 41
[3784] = CNOT 37 53
[3785] = S 37
[3786] = Z 37
[3787] = CNOT 37 53
[3788] = CNOT 37 55
[3789] = S 37
[3790] = Z 37
[3791] = CNOT 37 55
[3792] = CNOT 37 65
[3793] = S 37
[3794] = Z 37
[3795] = CNOT 37 65
[3796] = CNOT 37 74
[3797] = S 37
[3798] = Z 37
[3799] = CNOT 37 74
[3800] = CNOT 37 75
[3801] = S 37
[3802] = Z 37
[3803] = CNOT 37 75
[3804] = CNOT 37 79
[3805] = S 37
[3806] = Z 37
[3807] = CNOT 37 79
[3808] = CNOT 38 40
[3809] = S 38
[3810] = CNOT 38 40
[3811] = CNOT 40 42
[3812] = S 40
[3813] = CNOT 40 42
[3814] = CNOT 40 43
[3815] = S 40
[3816] = CNOT 40 43
[3817] = CNOT 40 53
[3818] = S 40
[3819] = Z 40
[3820] = CNOT 40 53
[3821] = CNOT 40 55
[3822] = S 40
[3823] = Z 40
[3824] = CNOT 40 55
[3825] = CNOT 40 65
[3826] = S 40
[3827] = Z 40
[3828] = CNOT 40 65
[3829] = CNOT 40 74
[3830] = S 40
[3831] = Z 40
[3832] = CNOT 40 74
[3833] = CNOT 40 75
[3834] = S 40
[3835] = Z 40
[3836] = CNOT 40 75
[3837] = CNOT 40 79
[3838] = S 40
[3839] = Z 40
[3840] = CNOT 40 79
[3841] = CNOT 41 42
[3842] = S 41
[3843] = CNOT 41 42
[3844] = CNOT 42 44
[3845] = S 42
[3846] = CNOT 42 44
[3847] = CNOT 42 45
[3848] = S 42
[3849] = CNOT 42 45
[3850] = CNOT 42 53
[3851] = S 42
[3852] = Z 42
[3853] = CNOT 42 53
[3854] = CNOT 42 55
[3855] = S 42
[3856] = Z 42
[3857] = CNOT 42 55
[3858] = CNOT 42 65
[3859] = S 42
[3860] = Z 42
[3861] = CNOT 42 65
[3862] = CNOT 42 74
[3863] = S 42
[3864] = Z 42
[3865] = CNOT 42 74
[3866] = CNOT 42 75
[3867] = S 42
[3868] = Z 42
[3869] = CNOT 42 75
[3870] = CNOT 42 79
[3871] = S 42
[3872] = Z 42
[3873] = CNOT 42 79
[3874] = CNOT 43 44
[3875] = S 43
[3876] = CNOT 43 44
[3877] = CNOT 44 46
[3878] = S 44
[3879] = CNOT 44 46
[3880] = CNOT 44 47
[3881] = S 44
[3882] = CNOT 44 47
[3883] = CNOT 44 53
[3884] = S 44
[3885] = Z 44
[3886] = CNOT 44 53
[3887] = CNOT 44 55
[3888] = S 44
[3889] = Z 44
[3890] = CNOT 44 55
[3891] = CNOT 44 65
[3892] = S 44
[3893] = Z 44
[3894] = CNOT 44 65
[3895] = CNOT 44 74
[3896] = S 44
[3897] = Z 44
[3898] = CNOT 44 74
[3899] = CNOT 44 75
[3900] = S 44
[3901] = Z 44
[3902] = CNOT 44 75
[3903] = CNOT 44 79
[3904] = S 44
[3905] = Z 44
[3906] = CNOT 44 79
[3907] = CNOT 45 46
[3908] = S 45
[3909] = CNOT 45 46
[3910] = CNOT 45 52
[3911] = Z 45
[3912] = CNOT 45 52
[3913] = CNOT 45 53
[3914] = S 45
[3915] = Z 45
[3916] = CNOT 45 53
[3917] = CNOT 45 54
[3918] = S 45
[3919] = CNOT 45 54
[3920] = CNOT 45 56
[3921] = S 45
[3922] = Z 45
[3923] = CNOT 45 56
[3924] = CNOT 45 57
[3925] = Z 45
[3926] = CNOT 45 57
[3927] = CNOT 45 58
[3928] = S 45
[3929] = Z 45
[3930] = CNOT 45 58
[3931] = CNOT 45 59
[3932] = Z 45
[3933] = CNOT 45 59
[3934] = CNOT 45 64
[3935] = S 45
[3936] = CNOT 45 64
[3937] = CNOT 45 65
[3938] = S 45
[3939] = Z 45
[3940] = CNOT 45 65
[3941] = CNOT 45 68
[3942] = S 45
[3943] = CNOT 45 68
[3944] = CNOT 45 73
[3945] = S 45
[3946] = CNOT 45 73
[3947] = CNOT 45 74
[3948] = S 45
[3949] = Z 45
[3950] = CNOT 45 74
[3951] = CNOT 45 75
[3952] = S 45
[3953] = Z 45
[3954] = CNOT 45 75
[3955] = CNOT 45 79
[3956] = Z 45
[3957] = CNOT 45 79
[3958] = CNOT 45 81
[3959] = S 45
[3960] = CNOT 45 81
[3961] = CNOT 45 82
[3962] = S 45
[3963] = CNOT 45 82
[3964] = CNOT 45 83
[3965] = Z 45
[3966] = CNOT 45 83
[3967] = CNOT 45 84
[3968] = S 45
[3969] = Z 45
[3970] = CNOT 45 84
[3971] = CNOT 45 85
[3972] = S 45
[3973] = Z 45
[3974] = CNOT 45 85
[3975] = CNOT 45 86
[3976] = Z 45
[3977] = CNOT 45 86
[3978] = CNOT 45 88
[3979] = S 45
[3980] = Z 45
[3981] = CNOT 45 88
[3982] = CNOT 45 90
[3983] = S 45
[3984] = Z 45
[3985] = CNOT 45 90
[3986] = CNOT 45 92
[3987] = S 45
[3988] = CNOT 45 92
[3989] = CNOT 45 95
[3990] = Z 45
[3991] = CNOT 45 95
[3992] = CNOT 45 96
[3993] = S 45
[3994] = CNOT 45 96
[3995] = CNOT 45 99
[3996] = Z 45
[3997] = CNOT 45 99
[3998] = CNOT 45 101
[3999] = S 45
[4000] = Z 45
[4001] = CNOT 45 101
[4002] = CNOT 45 102
[4003] = Z 45
[4004] = CNOT 45 102
[4005] = CNOT 46 49
[4006] = S 46
[4007] = CNOT 46 49
[4008] = CNOT 46 50
[4009] = S 46
[4010] = CNOT 46 50
[4011] = CNOT 46 53
[4012] = S 46
[4013] = Z 46
[4014] = CNOT 46 53
[4015] = CNOT 46 55
[4016] = S 46
[4017] = Z 46
[4018] = CNOT 46 55
[4019] = CNOT 46 65
[4020] = S 46
[4021] = Z 46
[4022] = CNOT 46 65
[4023] = CNOT 46 74
[4024] = S 46
[4025] = Z 46
[4026] = CNOT 46 74
[4027] = CNOT 46 75
[4028] = S 46
[4029] = Z 46
[4030] = CNOT 46 75
[4031] = CNOT 46 79
[4032] = S 46
[4033] = Z 46
[4034] = CNOT 46 79
[4035] = CNOT 47 49
[4036] = S 47
[4037] = CNOT 47 49
[4038] = CNOT 49 51
[4039] = S 49
[4040] = CNOT 49 51
[4041] = CNOT 49 52
[4042] = S 49
[4043] = CNOT 49 52
[4044] = CNOT 49 53
[4045] = S 49
[4046] = Z 49
[4047] = CNOT 49 53
[4048] = CNOT 49 55
[4049] = S 49
[4050] = Z 49
[4051] = CNOT 49 55
[4052] = CNOT 49 65
[4053] = S 49
[4054] = Z 49
[4055] = CNOT 49 65
[4056] = CNOT 49 74
[4057] = S 49
[4058] = Z 49
[4059] = CNOT 49 74
[4060] = CNOT 49 75
[4061] = S 49
[4062] = Z 49
[4063] = CNOT 49 75
[4064] = CNOT 49 79
[4065] = S 49
[4066] = Z 49
[4067] = CNOT 49 79
[4068] = CNOT 50 51
[4069] = S 50
[4070] = CNOT 50 51
[4071] = CNOT 51 53
[4072] = S 51
[4073] = CNOT 51 53
[4074] = CNOT 51 54
[4075] = S 51
[4076] = CNOT 51 54
[4077] = CNOT 51 55
[4078] = S 51
[4079] = CNOT 51 55
[4080] = CNOT 51 65
[4081] = S 51
[4082] = CNOT 51 65
[4083] = CNOT 51 74
[4084] = S 51
[4085] = CNOT 51 74
[4086] = CNOT 51 75
[4087] = S 51
[4088] = CNOT 51 75
[4089] = CNOT 51 79
[4090] = S 51
[4091] = CNOT 51 79
[4092] = CNOT 52 53
[4093] = S 52
[4094] = Z 52
[4095] = CNOT 52 53
[4096] = CNOT 52 54
[4097] = Z 52
[4098] = CNOT 52 54
[4099] = CNOT 52 55
[4100] = Z 52
[4101] = CNOT 52 55
[4102] = CNOT 52 56
[4103] = Z 52
[4104] = CNOT 52 56
[4105] = CNOT 52 59
[4106] = Z 52
[4107] = CNOT 52 59
[4108] = CNOT 52 74
[4109] = Z 52
[4110] = CNOT 52 74
[4111] = CNOT 52 75
[4112] = Z 52
[4113] = CNOT 52 75
[4114] = CNOT 52 79
[4115] = Z 52
[4116] = CNOT 52 79
[4117] = CNOT 52 81
[4118] = Z 52
[4119] = CNOT 52 81
[4120] = CNOT 52 86
[4121] = Z 52
[4122] = CNOT 52 86
[4123] = CNOT 53 54
[4124] = S 53
[4125] = CNOT 53 54
[4126] = CNOT 53 55
[4127] = S 53
[4128] = Z 53
[4129] = CNOT 53 55
[4130] = CNOT 53 56
[4131] = S 53
[4132] = Z 53
[4133] = CNOT 53 56
[4134] = CNOT 53 57
[4135] = Z 53
[4136] = CNOT 53 57
[4137] = CNOT 53 58
[4138] = S 53
[4139] = Z 53
[4140] = CNOT 53 58
[4141] = CNOT 53 59
[4142] = Z 53
[4143] = CNOT 53 59
[4144] = CNOT 53 64
[4145] = S 53
[4146] = CNOT 53 64
[4147] = CNOT 53 65
[4148] = S 53
[4149] = CNOT 53 65
[4150] = CNOT 53 68
[4151] = S 53
[4152] = CNOT 53 68
[4153] = CNOT 53 73
[4154] = S 53
[4155] = CNOT 53 73
[4156] = CNOT 53 74
[4157] = S 53
[4158] = CNOT 53 74
[4159] = CNOT 53 75
[4160] = S 53
[4161] = CNOT 53 75
[4162] = CNOT 53 81
[4163] = S 53
[4164] = CNOT 53 81
[4165] = CNOT 53 82
[4166] = S 53
[4167] = CNOT 53 82
[4168] = CNOT 53 83
[4169] = Z 53
[4170] = CNOT 53 83
[4171] = CNOT 53 84
[4172] = S 53
[4173] = Z 53
[4174] = CNOT 53 84
[4175] = CNOT 53 85
[4176] = S 53
[4177] = Z 53
[4178] = CNOT 53 85
[4179] = CNOT 53 86
[4180] = Z 53
[4181] = CNOT 53 86
[4182] = CNOT 53 88
[4183] = S 53
[4184] = Z 53
[4185] = CNOT 53 88
[4186] = CNOT 53 90
[4187] = S 53
[4188] = Z 53
[4189] = CNOT 53 90
[4190] = CNOT 53 92
[4191] = S 53
[4192] = CNOT 53 92
[4193] = CNOT 53 95
[4194] = Z 53
[4195] = CNOT 53 95
[4196] = CNOT 53 96
[4197] = S 53
[4198] = CNOT 53 96
[4199] = CNOT 53 99
[4200] = Z 53
[4201] = CNOT 53 99
[4202] = CNOT 53 101
[4203] = S 53
[4204] = Z 53
[4205] = CNOT 53 101
[4206] = CNOT 53 102
[4207] = Z 53
[4208] = CNOT 53 102
[4209] = CNOT 54 55
[4210] = Z 54
[4211] = CNOT 54 55
[4212] = CNOT 54 56
[4213] = S 54
[4214] = CNOT 54 56
[4215] = CNOT 54 57
[4216] = Z 54
[4217] = CNOT 54 57
[4218] = CNOT 54 58
[4219] = S 54
[4220] = CNOT 54 58
[4221] = CNOT 54 59
[4222] = Z 54
[4223] = CNOT 54 59
[4224] = CNOT 54 64
[4225] = S 54
[4226] = CNOT 54 64
[4227] = CNOT 54 65
[4228] = S 54
[4229] = CNOT 54 65
[4230] = CNOT 54 67
[4231] = S 54
[4232] = CNOT 54 67
[4233] = CNOT 54 68
[4234] = S 54
[4235] = CNOT 54 68
[4236] = CNOT 54 73
[4237] = S 54
[4238] = Z 54
[4239] = CNOT 54 73
[4240] = CNOT 54 74
[4241] = S 54
[4242] = CNOT 54 74
[4243] = CNOT 54 75
[4244] = S 54
[4245] = CNOT 54 75
[4246] = CNOT 54 79
[4247] = S 54
[4248] = CNOT 54 79
[4249] = CNOT 54 81
[4250] = S 54
[4251] = CNOT 54 81
[4252] = CNOT 54 82
[4253] = S 54
[4254] = Z 54
[4255] = CNOT 54 82
[4256] = CNOT 54 86
[4257] = Z 54
[4258] = CNOT 54 86
[4259] = CNOT 55 57
[4260] = Z 55
[4261] = CNOT 55 57
[4262] = CNOT 55 59
[4263] = Z 55
[4264] = CNOT 55 59
[4265] = CNOT 55 64
[4266] = Z 55
[4267] = CNOT 55 64
[4268] = CNOT 55 65
[4269] = Z 55
[4270] = CNOT 55 65
[4271] = CNOT 55 73
[4272] = Z 55
[4273] = CNOT 55 73
[4274] = CNOT 55 74
[4275] = S 55
[4276] = Z 55
[4277] = CNOT 55 74
[4278] = CNOT 55 75
[4279] = S 55
[4280] = Z 55
[4281] = CNOT 55 75
[4282] = CNOT 55 79
[4283] = Z 55
[4284] = CNOT 55 79
[4285] = CNOT 55 81
[4286] = Z 55
[4287] = CNOT 55 81
[4288] = CNOT 55 82
[4289] = S 55
[4290] = Z 55
[4291] = CNOT 55 82
[4292] = CNOT 55 83
[4293] = Z 55
[4294] = CNOT 55 83
[4295] = CNOT 55 84
[4296] = S 55
[4297] = Z 55
[4298] = CNOT 55 84
[4299] = CNOT 55 85
[4300] = S 55
[4301] = Z 55
[4302] = CNOT 55 85
[4303] = CNOT 55 86
[4304] = Z 55
[4305] = CNOT 55 86
[4306] = CNOT 55 88
[4307] = S 55
[4308] = Z 55
[4309] = CNOT 55 88
[4310] = CNOT 55 90
[4311] = S 55
[4312] = Z 55
[4313] = CNOT 55 90
[4314] = CNOT 55 91
[4315] = S 55
[4316] = CNOT 55 91
[4317] = CNOT 55 92
[4318] = S 55
[4319] = CNOT 55 92
[4320] = CNOT 55 95
[4321] = Z 55
[4322] = CNOT 55 95
[4323] = CNOT 55 96
[4324] = S 55
[4325] = CNOT 55 96
[4326] = CNOT 55 99
[4327] = Z 55
[4328] = CNOT 55 99
[4329] = CNOT 55 101
[4330] = S 55
[4331] = Z 55
[4332] = CNOT 55 101
[4333] = CNOT 55 102
[4334] = Z 55
[4335] = CNOT 55 102
[4336] = CNOT 56 57
[4337] = S 56
[4338] = Z 56
[4339] = CNOT 56 57
[4340] = CNOT 56 58
[4341] = S 56
[4342] = Z 56
[4343] = CNOT 56 58
[4344] = CNOT 56 59
[4345] = Z 56
[4346] = CNOT 56 59
[4347] = CNOT 56 64
[4348] = S 56
[4349] = CNOT 56 64
[4350] = CNOT 56 68
[4351] = S 56
[4352] = CNOT 56 68
[4353] = CNOT 56 73
[4354] = S 56
[4355] = CNOT 56 73
[4356] = CNOT 56 79
[4357] = S 56
[4358] = Z 56
[4359] = CNOT 56 79
[4360] = CNOT 56 81
[4361] = S 56
[4362] = CNOT 56 81
[4363] = CNOT 56 82
[4364] = Z 56
[4365] = CNOT 56 82
[4366] = CNOT 56 83
[4367] = Z 56
[4368] = CNOT 56 83
[4369] = CNOT 56 84
[4370] = S 56
[4371] = Z 56
[4372] = CNOT 56 84
[4373] = CNOT 56 85
[4374] = S 56
[4375] = Z 56
[4376] = CNOT 56 85
[4377] = CNOT 56 86
[4378] = Z 56
[4379] = CNOT 56 86
[4380] = CNOT 56 88
[4381] = S 56
[4382] = Z 56
[4383] = CNOT 56 88
[4384] = CNOT 56 90
[4385] = S 56
[4386] = Z 56
[4387] = CNOT 56 90
[4388] = CNOT 56 91
[4389] = S 56
[4390] = CNOT 56 91
[4391] = CNOT 56 92
[4392] = S 56
[4393] = CNOT 56 92
[4394] = CNOT 56 95
[4395] = Z 56
[4396] = CNOT 56 95
[4397] = CNOT 56 96
[4398] = S 56
[4399] = CNOT 56 96
[4400] = CNOT 56 99
[4401] = Z 56
[4402] = CNOT 56 99
[4403] = CNOT 56 101
[4404] = S 56
[4405] = Z 56
[4406] = CNOT 56 101
[4407] = CNOT 56 102
[4408] = Z 56
[4409] = CNOT 56 102
[4410] = CNOT 57 58
[4411] = S 57
[4412] = CNOT 57 58
[4413] = CNOT 57 61
[4414] = Z 57
[4415] = CNOT 57 61
[4416] = CNOT 57 65
[4417] = S 57
[4418] = Z 57
[4419] = CNOT 57 65
[4420] = CNOT 57 70
[4421] = Z 57
[4422] = CNOT 57 70
[4423] = CNOT 57 72
[4424] = S 57
[4425] = CNOT 57 72
[4426] = CNOT 57 73
[4427] = Z 57
[4428] = CNOT 57 73
[4429] = CNOT 57 74
[4430] = Z 57
[4431] = CNOT 57 74
[4432] = CNOT 57 75
[4433] = Z 57
[4434] = CNOT 57 75
[4435] = CNOT 57 79
[4436] = Z 57
[4437] = CNOT 57 79
[4438] = CNOT 57 82
[4439] = Z 57
[4440] = CNOT 57 82
[4441] = CNOT 58 59
[4442] = S 58
[4443] = CNOT 58 59
[4444] = CNOT 58 64
[4445] = Z 58
[4446] = CNOT 58 64
[4447] = CNOT 58 65
[4448] = S 58
[4449] = Z 58
[4450] = CNOT 58 65
[4451] = CNOT 58 73
[4452] = S 58
[4453] = Z 58
[4454] = CNOT 58 73
[4455] = CNOT 58 74
[4456] = S 58
[4457] = Z 58
[4458] = CNOT 58 74
[4459] = CNOT 58 75
[4460] = S 58
[4461] = Z 58
[4462] = CNOT 58 75
[4463] = CNOT 58 79
[4464] = Z 58
[4465] = CNOT 58 79
[4466] = CNOT 58 82
[4467] = S 58
[4468] = Z 58
[4469] = CNOT 58 82
[4470] = CNOT 58 83
[4471] = Z 58
[4472] = CNOT 58 83
[4473] = CNOT 58 84
[4474] = S 58
[4475] = Z 58
[4476] = CNOT 58 84
[4477] = CNOT 58 85
[4478] = S 58
[4479] = Z 58
[4480] = CNOT 58 85
[4481] = CNOT 58 88
[4482] = S 58
[4483] = Z 58
[4484] = CNOT 58 88
[4485] = CNOT 58 90
[4486] = S 58
[4487] = Z 58
[4488] = CNOT 58 90
[4489] = CNOT 58 92
[4490] = S 58
[4491] = CNOT 58 92
[4492] = CNOT 58 95
[4493] = Z 58
[4494] = CNOT 58 95
[4495] = CNOT 58 96
[4496] = S 58
[4497] = CNOT 58 96
[4498] = CNOT 58 99
[4499] = Z 58
[4500] = CNOT 58 99
[4501] = CNOT 58 101
[4502] = S 58
[4503] = Z 58
[4504] = CNOT 58 101
[4505] = CNOT 58 102
[4506] = Z 58
[4507] = CNOT 58 102
[4508] = CNOT 59 61
[4509] = S 59
[4510] = CNOT 59 61
[4511] = CNOT 59 74
[4512] = Z 59
[4513] = CNOT 59 74
[4514] = CNOT 59 75
[4515] = Z 59
[4516] = CNOT 59 75
[4517] = CNOT 59 79
[4518] = Z 59
[4519] = CNOT 59 79
[4520] = CNOT 59 81
[4521] = Z 59
[4522] = CNOT 59 81
[4523] = CNOT 59 86
[4524] = Z 59
[4525] = CNOT 59 86
[4526] = CNOT 61 62
[4527] = S 61
[4528] = CNOT 61 62
[4529] = CNOT 62 63
[4530] = Z 62
[4531] = CNOT 62 63
[4532] = CNOT 62 65
[4533] = S 62
[4534] = CNOT 62 65
[4535] = CNOT 63 64
[4536] = S 63
[4537] = CNOT 63 64
[4538] = CNOT 64 65
[4539] = Z 64
[4540] = CNOT 64 65
[4541] = CNOT 64 68
[4542] = S 64
[4543] = Z 64
[4544] = CNOT 64 68
[4545] = CNOT 64 71
[4546] = Z 64
[4547] = CNOT 64 71
[4548] = CNOT 64 72
[4549] = Z 64
[4550] = CNOT 64 72
[4551] = CNOT 64 73
[4552] = S 64
[4553] = CNOT 64 73
[4554] = CNOT 64 74
[4555] = Z 64
[4556] = CNOT 64 74
[4557] = CNOT 64 75
[4558] = S 64
[4559] = CNOT 64 75
[4560] = CNOT 64 79
[4561] = S 64
[4562] = CNOT 64 79
[4563] = CNOT 64 81
[4564] = S 64
[4565] = Z 64
[4566] = CNOT 64 81
[4567] = CNOT 64 82
[4568] = S 64
[4569] = CNOT 64 82
[4570] = CNOT 65 67
[4571] = Z 65
[4572] = CNOT 65 67
[4573] = CNOT 65 68
[4574] = S 65
[4575] = CNOT 65 68
[4576] = CNOT 65 70
[4577] = S 65
[4578] = Z 65
[4579] = CNOT 65 70
[4580] = CNOT 65 73
[4581] = Z 65
[4582] = CNOT 65 73
[4583] = CNOT 65 76
[4584] = S 65
[4585] = CNOT 65 76
[4586] = CNOT 65 83
[4587] = Z 65
[4588] = CNOT 65 83
[4589] = CNOT 65 84
[4590] = S 65
[4591] = Z 65
[4592] = CNOT 65 84
[4593] = CNOT 65 85
[4594] = S 65
[4595] = Z 65
[4596] = CNOT 65 85
[4597] = CNOT 65 88
[4598] = S 65
[4599] = Z 65
[4600] = CNOT 65 88
[4601] = CNOT 65 90
[4602] = S 65
[4603] = Z 65
[4604] = CNOT 65 90
[4605] = CNOT 65 91
[4606] = S 65
[4607] = CNOT 65 91
[4608] = CNOT 65 92
[4609] = S 65
[4610] = CNOT 65 92
[4611] = CNOT 65 95
[4612] = Z 65
[4613] = CNOT 65 95
[4614] = CNOT 65 96
[4615] = S 65
[4616] = CNOT 65 96
[4617] = CNOT 65 99
[4618] = Z 65
[4619] = CNOT 65 99
[4620] = CNOT 65 101
[4621] = S 65
[4622] = Z 65
[4623] = CNOT 65 101
[4624] = CNOT 65 102
[4625] = Z 65
[4626] = CNOT 65 102
[4627] = CNOT 67 70
[4628] = Z 67
[4629] = CNOT 67 70
[4630] = CNOT 67 71
[4631] = S 67
[4632] = CNOT 67 71
[4633] = CNOT 68 70
[4634] = S 68
[4635] = CNOT 68 70
[4636] = CNOT 68 73
[4637] = S 68
[4638] = CNOT 68 73
[4639] = CNOT 68 74
[4640] = S 68
[4641] = CNOT 68 74
[4642] = CNOT 68 75
[4643] = S 68
[4644] = CNOT 68 75
[4645] = CNOT 68 79
[4646] = S 68
[4647] = CNOT 68 79
[4648] = CNOT 68 81
[4649] = S 68
[4650] = CNOT 68 81
[4651] = CNOT 68 82
[4652] = S 68
[4653] = CNOT 68 82
[4654] = CNOT 70 73
[4655] = Z 70
[4656] = CNOT 70 73
[4657] = CNOT 70 76
[4658] = Z 70
[4659] = CNOT 70 76
[4660] = CNOT 70 77
[4661] = S 70
[4662] = CNOT 70 77
[4663] = CNOT 71 75
[4664] = Z 71
[4665] = CNOT 71 75
[4666] = CNOT 71 76
[4667] = S 71
[4668] = CNOT 71 76
[4669] = CNOT 72 73
[4670] = S 72
[4671] = CNOT 72 73
[4672] = CNOT 73 74
[4673] = Z 73
[4674] = CNOT 73 74
[4675] = CNOT 73 76
[4676] = Z 73
[4677] = CNOT 73 76
[4678] = CNOT 73 79
[4679] = S 73
[4680] = Z 73
[4681] = CNOT 73 79
[4682] = CNOT 73 81
[4683] = S 73
[4684] = Z 73
[4685] = CNOT 73 81
[4686] = CNOT 73 82
[4687] = S 73
[4688] = CNOT 73 82
[4689] = CNOT 73 83
[4690] = Z 73
[4691] = CNOT 73 83
[4692] = CNOT 73 84
[4693] = S 73
[4694] = CNOT 73 84
[4695] = CNOT 73 85
[4696] = S 73
[4697] = CNOT 73 85
[4698] = CNOT 73 88
[4699] = S 73
[4700] = CNOT 73 88
[4701] = CNOT 73 90
[4702] = S 73
[4703] = CNOT 73 90
[4704] = CNOT 73 92
[4705] = S 73
[4706] = CNOT 73 92
[4707] = CNOT 73 93
[4708] = Z 73
[4709] = CNOT 73 93
[4710] = CNOT 73 95
[4711] = Z 73
[4712] = CNOT 73 95
[4713] = CNOT 73 96
[4714] = S 73
[4715] = CNOT 73 96
[4716] = CNOT 73 98
[4717] = Z 73
[4718] = CNOT 73 98
[4719] = CNOT 73 99
[4720] = Z 73
[4721] = CNOT 73 99
[4722] = CNOT 73 101
[4723] = Z 73
[4724] = CNOT 73 101
[4725] = CNOT 73 102
[4726] = Z 73
[4727] = CNOT 73 102
[4728] = CNOT 74 75
[4729] = S 74
[4730] = CNOT 74 75
[4731] = CNOT 74 79
[4732] = S 74
[4733] = Z 74
[4734] = CNOT 74 79
[4735] = CNOT 74 81
[4736] = S 74
[4737] = CNOT 74 81
[4738] = CNOT 74 82
[4739] = Z 74
[4740] = CNOT 74 82
[4741] = CNOT 74 83
[4742] = Z 74
[4743] = CNOT 74 83
[4744] = CNOT 74 84
[4745] = S 74
[4746] = Z 74
[4747] = CNOT 74 84
[4748] = CNOT 74 85
[4749] = S 74
[4750] = Z 74
[4751] = CNOT 74 85
[4752] = CNOT 74 86
[4753] = Z 74
[4754] = CNOT 74 86
[4755] = CNOT 74 88
[4756] = S 74
[4757] = Z 74
[4758] = CNOT 74 88
[4759] = CNOT 74 90
[4760] = S 74
[4761] = Z 74
[4762] = CNOT 74 90
[4763] = CNOT 74 91
[4764] = S 74
[4765] = CNOT 74 91
[4766] = CNOT 74 92
[4767] = S 74
[4768] = CNOT 74 92
[4769] = CNOT 74 95
[4770] = Z 74
[4771] = CNOT 74 95
[4772] = CNOT 74 96
[4773] = S 74
[4774] = CNOT 74 96
[4775] = CNOT 74 99
[4776] = Z 74
[4777] = CNOT 74 99
[4778] = CNOT 74 101
[4779] = S 74
[4780] = Z 74
[4781] = CNOT 74 101
[4782] = CNOT 74 102
[4783] = Z 74
[4784] = CNOT 74 102
[4785] = CNOT 75 79
[4786] = Z 75
[4787] = CNOT 75 79
[4788] = CNOT 75 80
[4789] = Z 75
[4790] = CNOT 75 80
[4791] = CNOT 75 81
[4792] = S 75
[4793] = CNOT 75 81
[4794] = CNOT 75 82
[4795] = Z 75
[4796] = CNOT 75 82
[4797] = CNOT 75 84
[4798] = S 75
[4799] = CNOT 75 84
[4800] = CNOT 75 86
[4801] = Z 75
[4802] = CNOT 75 86
[4803] = CNOT 75 89
[4804] = S 75
[4805] = Z 75
[4806] = CNOT 75 89
[4807] = CNOT 75 91
[4808] = S 75
[4809] = CNOT 75 91
[4810] = CNOT 75 92
[4811] = S 75
[4812] = CNOT 75 92
[4813] = CNOT 75 94
[4814] = S 75
[4815] = Z 75
[4816] = CNOT 75 94
[4817] = CNOT 75 95
[4818] = S 75
[4819] = Z 75
[4820] = CNOT 75 95
[4821] = CNOT 75 102
[4822] = S 75
[4823] = Z 75
[4824] = CNOT 75 102
[4825] = CNOT 76 79
[4826] = Z 76
[4827] = CNOT 76 79
[4828] = CNOT 76 80
[4829] = S 76
[4830] = CNOT 76 80
[4831] = CNOT 77 79
[4832] = S 77
[4833] = CNOT 77 79
[4834] = CNOT 79 80
[4835] = S 79
[4836] = Z 79
[4837] = CNOT 79 80
[4838] = CNOT 79 81
[4839] = Z 79
[4840] = CNOT 79 81
[4841] = CNOT 79 82
[4842] = S 79
[4843] = CNOT 79 82
[4844] = CNOT 79 83
[4845] = Z 79
[4846] = CNOT 79 83
[4847] = CNOT 79 86
[4848] = Z 79
[4849] = CNOT 79 86
[4850] = CNOT 79 91
[4851] = S 79
[4852] = CNOT 79 91
[4853] = CNOT 79 95
[4854] = Z 79
[4855] = CNOT 79 95
[4856] = CNOT 79 102
[4857] = Z 79
[4858] = CNOT 79 102
[4859] = CNOT 80 83
[4860] = Z 80
[4861] = CNOT 80 83
[4862] = CNOT 80 84
[4863] = S 80
[4864] = Z 80
[4865] = CNOT 80 84
[4866] = CNOT 80 88
[4867] = S 80
[4868] = Z 80
[4869] = CNOT 80 88
[4870] = CNOT 80 90
[4871] = S 80
[4872] = Z 80
[4873] = CNOT 80 90
[4874] = CNOT 80 92
[4875] = S 80
[4876] = CNOT 80 92
[4877] = CNOT 80 96
[4878] = S 80
[4879] = CNOT 80 96
[4880] = CNOT 80 99
[4881] = Z 80
[4882] = CNOT 80 99
[4883] = CNOT 80 101
[4884] = S 80
[4885] = Z 80
[4886] = CNOT 80 101
[4887] = CNOT 81 82
[4888] = Z 81
[4889] = CNOT 81 82
[4890] = CNOT 81 84
[4891] = S 81
[4892] = CNOT 81 84
[4893] = CNOT 81 86
[4894] = Z 81
[4895] = CNOT 81 86
[4896] = CNOT 82 83
[4897] = S 82
[4898] = Z 82
[4899] = CNOT 82 83
[4900] = CNOT 82 84
[4901] = S 82
[4902] = Z 82
[4903] = CNOT 82 84
[4904] = CNOT 82 85
[4905] = S 82
[4906] = Z 82
[4907] = CNOT 82 85
[4908] = CNOT 82 88
[4909] = S 82
[4910] = Z 82
[4911] = CNOT 82 88
[4912] = CNOT 82 90
[4913] = S 82
[4914] = Z 82
[4915] = CNOT 82 90
[4916] = CNOT 82 91
[4917] = S 82
[4918] = CNOT 82 91
[4919] = CNOT 82 92
[4920] = S 82
[4921] = CNOT 82 92
[4922] = CNOT 82 95
[4923] = Z 82
[4924] = CNOT 82 95
[4925] = CNOT 82 96
[4926] = S 82
[4927] = CNOT 82 96
[4928] = CNOT 82 99
[4929] = Z 82
[4930] = CNOT 82 99
[4931] = CNOT 82 101
[4932] = S 82
[4933] = Z 82
[4934] = CNOT 82 101
[4935] = CNOT 82 102
[4936] = Z 82
[4937] = CNOT 82 102
[4938] = CNOT 83 89
[4939] = S 83
[4940] = Z 83
[4941] = CNOT 83 89
[4942] = CNOT 83 94
[4943] = S 83
[4944] = Z 83
[4945] = CNOT 83 94
[4946] = CNOT 83 95
[4947] = S 83
[4948] = Z 83
[4949] = CNOT 83 95
[4950] = CNOT 83 102
[4951] = S 83
[4952] = Z 83
[4953] = CNOT 83 102
[4954] = CNOT 84 85
[4955] = S 84
[4956] = CNOT 84 85
[4957] = CNOT 84 86
[4958] = S 84
[4959] = CNOT 84 86
[4960] = CNOT 84 92
[4961] = S 84
[4962] = Z 84
[4963] = CNOT 84 92
[4964] = CNOT 85 88
[4965] = S 85
[4966] = CNOT 85 88
[4967] = CNOT 85 89
[4968] = S 85
[4969] = CNOT 85 89
[4970] = CNOT 85 92
[4971] = S 85
[4972] = Z 85
[4973] = CNOT 85 92
[4974] = CNOT 86 88
[4975] = S 86
[4976] = CNOT 86 88
[4977] = CNOT 88 90
[4978] = S 88
[4979] = CNOT 88 90
[4980] = CNOT 88 91
[4981] = S 88
[4982] = CNOT 88 91
[4983] = CNOT 88 92
[4984] = S 88
[4985] = Z 88
[4986] = CNOT 88 92
[4987] = CNOT 89 90
[4988] = S 89
[4989] = CNOT 89 90
[4990] = CNOT 90 92
[4991] = S 90
[4992] = Z 90
[4993] = CNOT 90 92
[4994] = CNOT 90 93
[4995] = S 90
[4996] = CNOT 90 93
[4997] = CNOT 90 94
[4998] = S 90
[4999] = CNOT 90 94
[5000] = CNOT 91 93
[5001] = S 91
[5002] = CNOT 91 93
[5003] = CNOT 92 96
[5004] = S 92
[5005] = CNOT 92 96
[5006] = CNOT 92 97
[5007] = S 92
[5008] = CNOT 92 97
[5009] = CNOT 92 99
[5010] = Z 92
[5011] = CNOT 92 99
[5012] = CNOT 92 101
[5013] = S 92
[5014] = Z 92
[5015] = CNOT 92 101
[5016] = CNOT 93 96
[5017] = Z 93
[5018] = CNOT 93 96
[5019] = CNOT 93 98
[5020] = S 93
[5021] = CNOT 93 98
[5022] = CNOT 93 99
[5023] = S 93
[5024] = Z 93
[5025] = CNOT 93 99
[5026] = CNOT 94 98
[5027] = S 94
[5028] = CNOT 94 98
[5029] = CNOT 95 96
[5030] = S 95
[5031] = CNOT 95 96
[5032] = CNOT 95 102
[5033] = Z 95
[5034] = CNOT 95 102
[5035] = CNOT 96 98
[5036] = Z 96
[5037] = CNOT 96 98
[5038] = CNOT 96 99
[5039] = S 96
[5040] = Z 96
[5041] = CNOT 96 99
[5042] = CNOT 96 101
[5043] = Z 96
[5044] = CNOT 96 101
[5045] = CNOT 98 101
[5046] = S 98
[5047] = CNOT 98 101
[5048] = CNOT 98 102
[5049] = S 98
[5050] = CNOT 98 102
[5051] = CNOT 99 101
[5052] = S 99
[5053] = CNOT 99 101
[5054] = CNOT 1 3
[5055] = CNOT 1 6
[5056] = Z 1
[5057] = CNOT 1 6
[5058] = CNOT 1 8
[5059] = Z 1
[5060] = CNOT 1 8
[5061] = CNOT 1 13
[5062] = S 1
[5063] = Z 1
[5064] = CNOT 1 13
[5065] = CNOT 1 26
[5066] = S 1
[5067] = Z 1
[5068] = CNOT 1 26
[5069] = CNOT 1 34
[5070] = S 1
[5071] = Z 1
[5072] = CNOT 1 34
[5073] = CNOT 1 38
[5074] = Z 1
[5075] = CNOT 1 38
[5076] = CNOT 1 43
[5077] = S 1
[5078] = Z 1
[5079] = CNOT 1 43
[5080] = CNOT 1 45
[5081] = S 1
[5082] = Z 1
[5083] = CNOT 1 45
[5084] = CNOT 1 52
[5085] = S 1
[5086] = Z 1
[5087] = CNOT 1 52
[5088] = CNOT 1 53
[5089] = S 1
[5090] = Z 1
[5091] = CNOT 1 53
[5092] = CNOT 1 54
[5093] = S 1
[5094] = Z 1
[5095] = CNOT 1 54
[5096] = CNOT 1 56
[5097] = Z 1
[5098] = CNOT 1 56
[5099] = CNOT 1 59
[5100] = S 1
[5101] = Z 1
[5102] = CNOT 1 59
[5103] = CNOT 1 62
[5104] = Z 1
[5105] = CNOT 1 62
[5106] = CNOT 1 64
[5107] = S 1
[5108] = Z 1
[5109] = CNOT 1 64
[5110] = CNOT 1 65
[5111] = S 1
[5112] = Z 1
[5113] = CNOT 1 65
[5114] = CNOT 1 68
[5115] = Z 1
[5116] = CNOT 1 68
[5117] = CNOT 1 72
[5118] = Z 1
[5119] = CNOT 1 72
[5120] = CNOT 1 74
[5121] = Z 1
[5122] = CNOT 1 74
[5123] = CNOT 1 75
[5124] = Z 1
[5125] = CNOT 1 75
[5126] = CNOT 1 77
[5127] = Z 1
[5128] = CNOT 1 77
[5129] = CNOT 1 79
[5130] = Z 1
[5131] = CNOT 1 79
[5132] = CNOT 1 81
[5133] = S 1
[5134] = CNOT 1 81
[5135] = CNOT 1 82
[5136] = S 1
[5137] = Z 1
[5138] = CNOT 1 82
[5139] = CNOT 1 86
[5140] = S 1
[5141] = CNOT 1 86
[5142] = CNOT 1 91
[5143] = S 1
[5144] = Z 1
[5145] = CNOT 1 91
[5146] = CNOT 1 3
[5147] = CNOT 1 6
[5148] = CNOT 1 7
[5149] = Z 1
[5150] = CNOT 1 7
[5151] = CNOT 1 12
[5152] = Z 1
[5153] = CNOT 1 12
[5154] = CNOT 1 14
[5155] = Z 1
[5156] = CNOT 1 14
[5157] = CNOT 1 15
[5158] = Z 1
[5159] = CNOT 1 15
[5160] = CNOT 1 34
[5161] = S 1
[5162] = Z 1
[5163] = CNOT 1 34
[5164] = CNOT 1 36
[5165] = Z 1
[5166] = CNOT 1 36
[5167] = CNOT 1 38
[5168] = S 1
[5169] = Z 1
[5170] = CNOT 1 38
[5171] = CNOT 1 45
[5172] = Z 1
[5173] = CNOT 1 45
[5174] = CNOT 1 53
[5175] = Z 1
[5176] = CNOT 1 53
[5177] = CNOT 1 54
[5178] = Z 1
[5179] = CNOT 1 54
[5180] = CNOT 1 56
[5181] = Z 1
[5182] = CNOT 1 56
[5183] = CNOT 1 73
[5184] = Z 1
[5185] = CNOT 1 73
[5186] = CNOT 1 74
[5187] = Z 1
[5188] = CNOT 1 74
[5189] = CNOT 1 75
[5190] = Z 1
[5191] = CNOT 1 75
[5192] = CNOT 1 79
[5193] = Z 1
[5194] = CNOT 1 79
[5195] = CNOT 1 81
[5196] = Z 1
[5197] = CNOT 1 81
[5198] = CNOT 1 82
[5199] = Z 1
[5200] = CNOT 1 82
[5201] = CNOT 1 6
[5202] = CNOT 1 7
[5203] = CNOT 1 12
[5204] = S 1
[5205] = CNOT 1 12
[5206] = CNOT 1 14
[5207] = S 1
[5208] = CNOT 1 14
[5209] = CNOT 1 15
[5210] = S 1
[5211] = CNOT 1 15
[5212] = CNOT 1 26
[5213] = S 1
[5214] = Z 1
[5215] = CNOT 1 26
[5216] = CNOT 1 34
[5217] = Z 1
[5218] = CNOT 1 34
[5219] = CNOT 1 36
[5220] = S 1
[5221] = CNOT 1 36
[5222] = CNOT 1 38
[5223] = Z 1
[5224] = CNOT 1 38
[5225] = CNOT 1 43
[5226] = S 1
[5227] = Z 1
[5228] = CNOT 1 43
[5229] = CNOT 1 45
[5230] = S 1
[5231] = CNOT 1 45
[5232] = CNOT 1 53
[5233] = S 1
[5234] = CNOT 1 53
[5235] = CNOT 1 54
[5236] = S 1
[5237] = CNOT 1 54
[5238] = CNOT 1 62
[5239] = S 1
[5240] = Z 1
[5241] = CNOT 1 62
[5242] = CNOT 1 65
[5243] = S 1
[5244] = Z 1
[5245] = CNOT 1 65
[5246] = CNOT 1 68
[5247] = S 1
[5248] = Z 1
[5249] = CNOT 1 68
[5250] = CNOT 1 72
[5251] = S 1
[5252] = Z 1
[5253] = CNOT 1 72
[5254] = CNOT 1 73
[5255] = S 1
[5256] = CNOT 1 73
[5257] = CNOT 1 86
[5258] = S 1
[5259] = Z 1
[5260] = CNOT 1 86
[5261] = CNOT 1 91
[5262] = S 1
[5263] = Z 1
[5264] = CNOT 1 91
[5265] = CNOT 1 7
[5266] = CNOT 1 8
[5267] = CNOT 1 12
[5268] = Z 1
[5269] = CNOT 1 12
[5270] = CNOT 1 14
[5271] = Z 1
[5272] = CNOT 1 14
[5273] = CNOT 1 15
[5274] = Z 1
[5275] = CNOT 1 15
[5276] = CNOT 1 34
[5277] = S 1
[5278] = Z 1
[5279] = CNOT 1 34
[5280] = CNOT 1 36
[5281] = Z 1
[5282] = CNOT 1 36
[5283] = CNOT 1 45
[5284] = Z 1
[5285] = CNOT 1 45
[5286] = CNOT 1 53
[5287] = Z 1
[5288] = CNOT 1 53
[5289] = CNOT 1 54
[5290] = Z 1
[5291] = CNOT 1 54
[5292] = CNOT 1 55
[5293] = Z 1
[5294] = CNOT 1 55
[5295] = CNOT 1 56
[5296] = Z 1
[5297] = CNOT 1 56
[5298] = CNOT 1 73
[5299] = Z 1
[5300] = CNOT 1 73
[5301] = CNOT 1 74
[5302] = Z 1
[5303] = CNOT 1 74
[5304] = CNOT 1 75
[5305] = Z 1
[5306] = CNOT 1 75
[5307] = CNOT 1 77
[5308] = S 1
[5309] = Z 1
[5310] = CNOT 1 77
[5311] = CNOT 1 79
[5312] = Z 1
[5313] = CNOT 1 79
[5314] = CNOT 1 8
[5315] = CNOT 1 12
[5316] = CNOT 1 13
[5317] = S 1
[5318] = Z 1
[5319] = CNOT 1 13
[5320] = CNOT 1 38
[5321] = Z 1
[5322] = CNOT 1 38
[5323] = CNOT 1 55
[5324] = S 1
[5325] = CNOT 1 55
[5326] = CNOT 1 62
[5327] = S 1
[5328] = Z 1
[5329] = CNOT 1 62
[5330] = CNOT 1 64
[5331] = S 1
[5332] = Z 1
[5333] = CNOT 1 64
[5334] = CNOT 1 68
[5335] = S 1
[5336] = Z 1
[5337] = CNOT 1 68
[5338] = CNOT 1 72
[5339] = S 1
[5340] = Z 1
[5341] = CNOT 1 72
[5342] = CNOT 1 77
[5343] = Z 1
[5344] = CNOT 1 77
[5345] = CNOT 1 81
[5346] = S 1
[5347] = Z 1
[5348] = CNOT 1 81
[5349] = CNOT 1 86
[5350] = S 1
[5351] = Z 1
[5352] = CNOT 1 86
[5353] = CNOT 1 12
[5354] = CNOT 1 13
[5355] = CNOT 1 14
[5356] = S 1
[5357] = Z 1
[5358] = CNOT 1 14
[5359] = CNOT 1 15
[5360] = S 1
[5361] = Z 1
[5362] = CNOT 1 15
[5363] = CNOT 1 36
[5364] = S 1
[5365] = Z 1
[5366] = CNOT 1 36
[5367] = CNOT 1 45
[5368] = S 1
[5369] = Z 1
[5370] = CNOT 1 45
[5371] = CNOT 1 53
[5372] = S 1
[5373] = Z 1
[5374] = CNOT 1 53
[5375] = CNOT 1 54
[5376] = S 1
[5377] = Z 1
[5378] = CNOT 1 54
[5379] = CNOT 1 56
[5380] = S 1
[5381] = Z 1
[5382] = CNOT 1 56
[5383] = CNOT 1 62
[5384] = S 1
[5385] = Z 1
[5386] = CNOT 1 62
[5387] = CNOT 1 73
[5388] = S 1
[5389] = Z 1
[5390] = CNOT 1 73
[5391] = CNOT 1 74
[5392] = S 1
[5393] = Z 1
[5394] = CNOT 1 74
[5395] = CNOT 1 75
[5396] = S 1
[5397] = Z 1
[5398] = CNOT 1 75
[5399] = CNOT 1 79
[5400] = S 1
[5401] = Z 1
[5402] = CNOT 1 79
[5403] = CNOT 1 81
[5404] = S 1
[5405] = Z 1
[5406] = CNOT 1 81
[5407] = CNOT 1 86
[5408] = S 1
[5409] = Z 1
[5410] = CNOT 1 86
[5411] = CNOT 1 13
[5412] = CNOT 1 14
[5413] = CNOT 1 38
[5414] = Z 1
[5415] = CNOT 1 38
[5416] = CNOT 1 55
[5417] = S 1
[5418] = CNOT 1 55
[5419] = CNOT 1 62
[5420] = S 1
[5421] = Z 1
[5422] = CNOT 1 62
[5423] = CNOT 1 64
[5424] = S 1
[5425] = Z 1
[5426] = CNOT 1 64
[5427] = CNOT 1 68
[5428] = S 1
[5429] = Z 1
[5430] = CNOT 1 68
[5431] = CNOT 1 72
[5432] = S 1
[5433] = Z 1
[5434] = CNOT 1 72
[5435] = CNOT 1 77
[5436] = Z 1
[5437] = CNOT 1 77
[5438] = CNOT 1 81
[5439] = S 1
[5440] = Z 1
[5441] = CNOT 1 81
[5442] = CNOT 1 86
[5443] = S 1
[5444] = Z 1
[5445] = CNOT 1 86
[5446] = CNOT 1 14
[5447] = CNOT 1 15
[5448] = CNOT 1 38
[5449] = Z 1
[5450] = CNOT 1 38
[5451] = CNOT 1 55
[5452] = S 1
[5453] = CNOT 1 55
[5454] = CNOT 1 62
[5455] = S 1
[5456] = Z 1
[5457] = CNOT 1 62
[5458] = CNOT 1 64
[5459] = S 1
[5460] = Z 1
[5461] = CNOT 1 64
[5462] = CNOT 1 68
[5463] = S 1
[5464] = Z 1
[5465] = CNOT 1 68
[5466] = CNOT 1 72
[5467] = S 1
[5468] = Z 1
[5469] = CNOT 1 72
[5470] = CNOT 1 77
[5471] = Z 1
[5472] = CNOT 1 77
[5473] = CNOT 1 81
[5474] = S 1
[5475] = Z 1
[5476] = CNOT 1 81
[5477] = CNOT 1 86
[5478] = S 1
[5479] = Z 1
[5480] = CNOT 1 86
[5481] = CNOT 1 15
[5482] = CNOT 1 26
[5483] = CNOT 1 43
[5484] = S 1
[5485] = Z 1
[5486] = CNOT 1 43
[5487] = CNOT 1 56
[5488] = S 1
[5489] = Z 1
[5490] = CNOT 1 56
[5491] = CNOT 1 62
[5492] = S 1
[5493] = Z 1
[5494] = CNOT 1 62
[5495] = CNOT 1 65
[5496] = S 1
[5497] = Z 1
[5498] = CNOT 1 65
[5499] = CNOT 1 68
[5500] = S 1
[5501] = Z 1
[5502] = CNOT 1 68
[5503] = CNOT 1 72
[5504] = S 1
[5505] = Z 1
[5506] = CNOT 1 72
[5507] = CNOT 1 74
[5508] = S 1
[5509] = Z 1
[5510] = CNOT 1 74
[5511] = CNOT 1 75
[5512] = S 1
[5513] = Z 1
[5514] = CNOT 1 75
[5515] = CNOT 1 79
[5516] = S 1
[5517] = Z 1
[5518] = CNOT 1 79
[5519] = CNOT 1 81
[5520] = S 1
[5521] = Z 1
[5522] = CNOT 1 81
[5523] = CNOT 1 82
[5524] = S 1
[5525] = Z 1
[5526] = CNOT 1 82
[5527] = CNOT 1 86
[5528] = S 1
[5529] = Z 1
[5530] = CNOT 1 86
[5531] = CNOT 1 91
[5532] = S 1
[5533] = Z 1
[5534] = CNOT 1 91
[5535] = CNOT 1 26
[5536] = CNOT 1 34
[5537] = CNOT 1 38
[5538] = S 1
[5539] = Z 1
[5540] = CNOT 1 38
[5541] = CNOT 1 45
[5542] = S 1
[5543] = Z 1
[5544] = CNOT 1 45
[5545] = CNOT 1 52
[5546] = S 1
[5547] = Z 1
[5548] = CNOT 1 52
[5549] = CNOT 1 53
[5550] = S 1
[5551] = Z 1
[5552] = CNOT 1 53
[5553] = CNOT 1 54
[5554] = S 1
[5555] = Z 1
[5556] = CNOT 1 54
[5557] = CNOT 1 55
[5558] = S 1
[5559] = CNOT 1 55
[5560] = CNOT 1 56
[5561] = Z 1
[5562] = CNOT 1 56
[5563] = CNOT 1 59
[5564] = S 1
[5565] = Z 1
[5566] = CNOT 1 59
[5567] = CNOT 1 62
[5568] = S 1
[5569] = Z 1
[5570] = CNOT 1 62
[5571] = CNOT 1 65
[5572] = S 1
[5573] = Z 1
[5574] = CNOT 1 65
[5575] = CNOT 1 68
[5576] = S 1
[5577] = Z 1
[5578] = CNOT 1 68
[5579] = CNOT 1 72
[5580] = S 1
[5581] = Z 1
[5582] = CNOT 1 72
[5583] = CNOT 1 74
[5584] = Z 1
[5585] = CNOT 1 74
[5586] = CNOT 1 75
[5587] = Z 1
[5588] = CNOT 1 75
[5589] = CNOT 1 77
[5590] = S 1
[5591] = Z 1
[5592] = CNOT 1 77
[5593] = CNOT 1 79
[5594] = Z 1
[5595] = CNOT 1 79
[5596] = CNOT 1 82
[5597] = S 1
[5598] = CNOT 1 82
[5599] = CNOT 1 86
[5600] = Z 1
[5601] = CNOT 1 86
[5602] = CNOT 1 91
[5603] = S 1
[5604] = Z 1
[5605] = CNOT 1 91
[5606] = CNOT 1 34
[5607] = CNOT 1 36
[5608] = CNOT 1 38
[5609] = Z 1
[5610] = CNOT 1 38
[5611] = CNOT 1 55
[5612] = S 1
[5613] = CNOT 1 55
[5614] = CNOT 1 62
[5615] = S 1
[5616] = Z 1
[5617] = CNOT 1 62
[5618] = CNOT 1 64
[5619] = S 1
[5620] = Z 1
[5621] = CNOT 1 64
[5622] = CNOT 1 68
[5623] = S 1
[5624] = Z 1
[5625] = CNOT 1 68
[5626] = CNOT 1 72
[5627] = S 1
[5628] = Z 1
[5629] = CNOT 1 72
[5630] = CNOT 1 77
[5631] = Z 1
[5632] = CNOT 1 77
[5633] = CNOT 1 81
[5634] = S 1
[5635] = Z 1
[5636] = CNOT 1 81
[5637] = CNOT 1 86
[5638] = S 1
[5639] = Z 1
[5640] = CNOT 1 86
[5641] = CNOT 1 36
[5642] = CNOT 1 38
[5643] = CNOT 1 45
[5644] = Z 1
[5645] = CNOT 1 45
[5646] = CNOT 1 53
[5647] = Z 1
[5648] = CNOT 1 53
[5649] = CNOT 1 54
[5650] = Z 1
[5651] = CNOT 1 54
[5652] = CNOT 1 56
[5653] = Z 1
[5654] = CNOT 1 56
[5655] = CNOT 1 73
[5656] = Z 1
[5657] = CNOT 1 73
[5658] = CNOT 1 74
[5659] = Z 1
[5660] = CNOT 1 74
[5661] = CNOT 1 75
[5662] = Z 1
[5663] = CNOT 1 75
[5664] = CNOT 1 79
[5665] = Z 1
[5666] = CNOT 1 79
[5667] = CNOT 1 81
[5668] = Z 1
[5669] = CNOT 1 81
[5670] = CNOT 1 82
[5671] = Z 1
[5672] = CNOT 1 82
[5673] = CNOT 1 38
[5674] = CNOT 1 43
[5675] = CNOT 1 56
[5676] = S 1
[5677] = Z 1
[5678] = CNOT 1 56
[5679] = CNOT 1 62
[5680] = S 1
[5681] = Z 1
[5682] = CNOT 1 62
[5683] = CNOT 1 65
[5684] = S 1
[5685] = Z 1
[5686] = CNOT 1 65
[5687] = CNOT 1 68
[5688] = S 1
[5689] = Z 1
[5690] = CNOT 1 68
[5691] = CNOT 1 72
[5692] = S 1
[5693] = Z 1
[5694] = CNOT 1 72
[5695] = CNOT 1 74
[5696] = S 1
[5697] = Z 1
[5698] = CNOT 1 74
[5699] = CNOT 1 75
[5700] = S 1
[5701] = Z 1
[5702] = CNOT 1 75
[5703] = CNOT 1 79
[5704] = S 1
[5705] = Z 1
[5706] = CNOT 1 79
[5707] = CNOT 1 81
[5708] = S 1
[5709] = Z 1
[5710] = CNOT 1 81
[5711] = CNOT 1 82
[5712] = S 1
[5713] = Z 1
[5714] = CNOT 1 82
[5715] = CNOT 1 86
[5716] = S 1
[5717] = Z 1
[5718] = CNOT 1 86
[5719] = CNOT 1 91
[5720] = S 1
[5721] = Z 1
[5722] = CNOT 1 91
[5723] = CNOT 1 43
[5724] = CNOT 1 45
[5725] = CNOT 1 52
[5726] = Z 1
[5727] = CNOT 1 52
[5728] = CNOT 1 53
[5729] = Z 1
[5730] = CNOT 1 53
[5731] = CNOT 1 54
[5732] = Z 1
[5733] = CNOT 1 54
[5734] = CNOT 1 55
[5735] = S 1
[5736] = Z 1
[5737] = CNOT 1 55
[5738] = CNOT 1 56
[5739] = Z 1
[5740] = CNOT 1 56
[5741] = CNOT 1 59
[5742] = Z 1
[5743] = CNOT 1 59
[5744] = CNOT 1 62
[5745] = S 1
[5746] = Z 1
[5747] = CNOT 1 62
[5748] = CNOT 1 64
[5749] = S 1
[5750] = Z 1
[5751] = CNOT 1 64
[5752] = CNOT 1 68
[5753] = S 1
[5754] = Z 1
[5755] = CNOT 1 68
[5756] = CNOT 1 72
[5757] = S 1
[5758] = Z 1
[5759] = CNOT 1 72
[5760] = CNOT 1 74
[5761] = Z 1
[5762] = CNOT 1 74
[5763] = CNOT 1 75
[5764] = Z 1
[5765] = CNOT 1 75
[5766] = CNOT 1 77
[5767] = Z 1
[5768] = CNOT 1 77
[5769] = CNOT 1 79
[5770] = Z 1
[5771] = CNOT 1 79
[5772] = CNOT 1 81
[5773] = S 1
[5774] = CNOT 1 81
[5775] = CNOT 1 86
[5776] = S 1
[5777] = CNOT 1 86
[5778] = CNOT 1 45
[5779] = CNOT 1 52
[5780] = CNOT 1 53
[5781] = Z 1
[5782] = CNOT 1 53
[5783] = CNOT 1 54
[5784] = Z 1
[5785] = CNOT 1 54
[5786] = CNOT 1 55
[5787] = Z 1
[5788] = CNOT 1 55
[5789] = CNOT 1 56
[5790] = Z 1
[5791] = CNOT 1 56
[5792] = CNOT 1 59
[5793] = Z 1
[5794] = CNOT 1 59
[5795] = CNOT 1 74
[5796] = Z 1
[5797] = CNOT 1 74
[5798] = CNOT 1 75
[5799] = Z 1
[5800] = CNOT 1 75
[5801] = CNOT 1 79
[5802] = Z 1
[5803] = CNOT 1 79
[5804] = CNOT 1 81
[5805] = Z 1
[5806] = CNOT 1 81
[5807] = CNOT 1 86
[5808] = Z 1
[5809] = CNOT 1 86
[5810] = CNOT 1 52
[5811] = CNOT 1 53
[5812] = CNOT 1 54
[5813] = Z 1
[5814] = CNOT 1 54
[5815] = CNOT 1 55
[5816] = S 1
[5817] = Z 1
[5818] = CNOT 1 55
[5819] = CNOT 1 56
[5820] = Z 1
[5821] = CNOT 1 56
[5822] = CNOT 1 59
[5823] = Z 1
[5824] = CNOT 1 59
[5825] = CNOT 1 62
[5826] = S 1
[5827] = Z 1
[5828] = CNOT 1 62
[5829] = CNOT 1 64
[5830] = S 1
[5831] = Z 1
[5832] = CNOT 1 64
[5833] = CNOT 1 68
[5834] = S 1
[5835] = Z 1
[5836] = CNOT 1 68
[5837] = CNOT 1 72
[5838] = S 1
[5839] = Z 1
[5840] = CNOT 1 72
[5841] = CNOT 1 74
[5842] = Z 1
[5843] = CNOT 1 74
[5844] = CNOT 1 75
[5845] = Z 1
[5846] = CNOT 1 75
[5847] = CNOT 1 77
[5848] = Z 1
[5849] = CNOT 1 77
[5850] = CNOT 1 79
[5851] = Z 1
[5852] = CNOT 1 79
[5853] = CNOT 1 81
[5854] = S 1
[5855] = CNOT 1 81
[5856] = CNOT 1 86
[5857] = S 1
[5858] = CNOT 1 86
[5859] = CNOT 1 53
[5860] = CNOT 1 54
[5861] = CNOT 1 55
[5862] = S 1
[5863] = Z 1
[5864] = CNOT 1 55
[5865] = CNOT 1 56
[5866] = Z 1
[5867] = CNOT 1 56
[5868] = CNOT 1 59
[5869] = Z 1
[5870] = CNOT 1 59
[5871] = CNOT 1 62
[5872] = S 1
[5873] = Z 1
[5874] = CNOT 1 62
[5875] = CNOT 1 64
[5876] = S 1
[5877] = Z 1
[5878] = CNOT 1 64
[5879] = CNOT 1 68
[5880] = S 1
[5881] = Z 1
[5882] = CNOT 1 68
[5883] = CNOT 1 72
[5884] = S 1
[5885] = Z 1
[5886] = CNOT 1 72
[5887] = CNOT 1 74
[5888] = Z 1
[5889] = CNOT 1 74
[5890] = CNOT 1 75
[5891] = Z 1
[5892] = CNOT 1 75
[5893] = CNOT 1 77
[5894] = Z 1
[5895] = CNOT 1 77
[5896] = CNOT 1 79
[5897] = Z 1
[5898] = CNOT 1 79
[5899] = CNOT 1 81
[5900] = S 1
[5901] = CNOT 1 81
[5902] = CNOT 1 86
[5903] = S 1
[5904] = CNOT 1 86
[5905] = CNOT 1 54
[5906] = CNOT 1 55
[5907] = CNOT 1 56
[5908] = Z 1
[5909] = CNOT 1 56
[5910] = CNOT 1 59
[5911] = Z 1
[5912] = CNOT 1 59
[5913] = CNOT 1 65
[5914] = S 1
[5915] = Z 1
[5916] = CNOT 1 65
[5917] = CNOT 1 73
[5918] = S 1
[5919] = CNOT 1 73
[5920] = CNOT 1 74
[5921] = Z 1
[5922] = CNOT 1 74
[5923] = CNOT 1 75
[5924] = Z 1
[5925] = CNOT 1 75
[5926] = CNOT 1 77
[5927] = Z 1
[5928] = CNOT 1 77
[5929] = CNOT 1 79
[5930] = Z 1
[5931] = CNOT 1 79
[5932] = CNOT 1 81
[5933] = Z 1
[5934] = CNOT 1 81
[5935] = CNOT 1 82
[5936] = S 1
[5937] = Z 1
[5938] = CNOT 1 82
[5939] = CNOT 1 86
[5940] = Z 1
[5941] = CNOT 1 86
[5942] = CNOT 1 91
[5943] = S 1
[5944] = Z 1
[5945] = CNOT 1 91
[5946] = CNOT 1 55
[5947] = CNOT 1 56
[5948] = CNOT 1 59
[5949] = Z 1
[5950] = CNOT 1 59
[5951] = CNOT 1 62
[5952] = Z 1
[5953] = CNOT 1 62
[5954] = CNOT 1 64
[5955] = S 1
[5956] = Z 1
[5957] = CNOT 1 64
[5958] = CNOT 1 65
[5959] = Z 1
[5960] = CNOT 1 65
[5961] = CNOT 1 68
[5962] = Z 1
[5963] = CNOT 1 68
[5964] = CNOT 1 72
[5965] = Z 1
[5966] = CNOT 1 72
[5967] = CNOT 1 77
[5968] = Z 1
[5969] = CNOT 1 77
[5970] = CNOT 1 82
[5971] = Z 1
[5972] = CNOT 1 82
[5973] = CNOT 1 91
[5974] = Z 1
[5975] = CNOT 1 91
[5976] = CNOT 1 56
[5977] = CNOT 1 59
[5978] = CNOT 1 74
[5979] = Z 1
[5980] = CNOT 1 74
[5981] = CNOT 1 75
[5982] = Z 1
[5983] = CNOT 1 75
[5984] = CNOT 1 79
[5985] = Z 1
[5986] = CNOT 1 79
[5987] = CNOT 1 81
[5988] = Z 1
[5989] = CNOT 1 81
[5990] = CNOT 1 86
[5991] = Z 1
[5992] = CNOT 1 86
[5993] = CNOT 1 59
[5994] = CNOT 1 62
[5995] = CNOT 1 65
[5996] = S 1
[5997] = Z 1
[5998] = CNOT 1 65
[5999] = CNOT 1 68
[6000] = S 1
[6001] = Z 1
[6002] = CNOT 1 68
[6003] = CNOT 1 72
[6004] = S 1
[6005] = Z 1
[6006] = CNOT 1 72
[6007] = CNOT 1 73
[6008] = S 1
[6009] = Z 1
[6010] = CNOT 1 73
[6011] = CNOT 1 74
[6012] = Z 1
[6013] = CNOT 1 74
[6014] = CNOT 1 75
[6015] = Z 1
[6016] = CNOT 1 75
[6017] = CNOT 1 79
[6018] = Z 1
[6019] = CNOT 1 79
[6020] = CNOT 1 81
[6021] = Z 1
[6022] = CNOT 1 81
[6023] = CNOT 1 82
[6024] = S 1
[6025] = Z 1
[6026] = CNOT 1 82
[6027] = CNOT 1 86
[6028] = Z 1
[6029] = CNOT 1 86
[6030] = CNOT 1 91
[6031] = S 1
[6032] = Z 1
[6033] = CNOT 1 91
[6034] = CNOT 1 62
[6035] = CNOT 1 64
[6036] = CNOT 1 68
[6037] = S 1
[6038] = Z 1
[6039] = CNOT 1 68
[6040] = CNOT 1 72
[6041] = S 1
[6042] = Z 1
[6043] = CNOT 1 72
[6044] = CNOT 1 73
[6045] = S 1
[6046] = Z 1
[6047] = CNOT 1 73
[6048] = CNOT 1 74
[6049] = S 1
[6050] = Z 1
[6051] = CNOT 1 74
[6052] = CNOT 1 75
[6053] = S 1
[6054] = Z 1
[6055] = CNOT 1 75
[6056] = CNOT 1 79
[6057] = S 1
[6058] = Z 1
[6059] = CNOT 1 79
[6060] = CNOT 1 81
[6061] = S 1
[6062] = Z 1
[6063] = CNOT 1 81
[6064] = CNOT 1 82
[6065] = S 1
[6066] = Z 1
[6067] = CNOT 1 82
[6068] = CNOT 1 64
[6069] = CNOT 1 65
[6070] = CNOT 1 68
[6071] = S 1
[6072] = Z 1
[6073] = CNOT 1 68
[6074] = CNOT 1 72
[6075] = S 1
[6076] = Z 1
[6077] = CNOT 1 72
[6078] = CNOT 1 74
[6079] = Z 1
[6080] = CNOT 1 74
[6081] = CNOT 1 75
[6082] = Z 1
[6083] = CNOT 1 75
[6084] = CNOT 1 79
[6085] = Z 1
[6086] = CNOT 1 79
[6087] = CNOT 1 81
[6088] = S 1
[6089] = Z 1
[6090] = CNOT 1 81
[6091] = CNOT 1 82
[6092] = Z 1
[6093] = CNOT 1 82
[6094] = CNOT 1 86
[6095] = S 1
[6096] = Z 1
[6097] = CNOT 1 86
[6098] = CNOT 1 91
[6099] = Z 1
[6100] = CNOT 1 91
[6101] = CNOT 1 65
[6102] = CNOT 1 68
[6103] = CNOT 1 72
[6104] = Z 1
[6105] = CNOT 1 72
[6106] = CNOT 1 73
[6107] = S 1
[6108] = Z 1
[6109] = CNOT 1 73
[6110] = CNOT 1 74
[6111] = Z 1
[6112] = CNOT 1 74
[6113] = CNOT 1 75
[6114] = Z 1
[6115] = CNOT 1 75
[6116] = CNOT 1 79
[6117] = Z 1
[6118] = CNOT 1 79
[6119] = CNOT 1 81
[6120] = Z 1
[6121] = CNOT 1 81
[6122] = CNOT 1 82
[6123] = Z 1
[6124] = CNOT 1 82
[6125] = CNOT 1 86
[6126] = S 1
[6127] = Z 1
[6128] = CNOT 1 86
[6129] = CNOT 1 91
[6130] = S 1
[6131] = Z 1
[6132] = CNOT 1 91
[6133] = CNOT 1 68
[6134] = CNOT 1 72
[6135] = CNOT 1 73
[6136] = S 1
[6137] = Z 1
[6138] = CNOT 1 73
[6139] = CNOT 1 74
[6140] = Z 1
[6141] = CNOT 1 74
[6142] = CNOT 1 75
[6143] = Z 1
[6144] = CNOT 1 75
[6145] = CNOT 1 79
[6146] = Z 1
[6147] = CNOT 1 79
[6148] = CNOT 1 81
[6149] = Z 1
[6150] = CNOT 1 81
[6151] = CNOT 1 82
[6152] = Z 1
[6153] = CNOT 1 82
[6154] = CNOT 1 86
[6155] = S 1
[6156] = Z 1
[6157] = CNOT 1 86
[6158] = CNOT 1 91
[6159] = S 1
[6160] = Z 1
[6161] = CNOT 1 91
[6162] = CNOT 1 72
[6163] = CNOT 1 73
[6164] = CNOT 1 77
[6165] = Z 1
[6166] = CNOT 1 77
[6167] = CNOT 1 81
[6168] = S 1
[6169] = Z 1
[6170] = CNOT 1 81
[6171] = CNOT 1 86
[6172] = S 1
[6173] = Z 1
[6174] = CNOT 1 86
[6175] = CNOT 1 73
[6176] = CNOT 1 74
[6177] = CNOT 1 77
[6178] = Z 1
[6179] = CNOT 1 77
[6180] = CNOT 1 82
[6181] = Z 1
[6182] = CNOT 1 82
[6183] = CNOT 1 91
[6184] = Z 1
[6185] = CNOT 1 91
[6186] = CNOT 1 74
[6187] = CNOT 1 75
[6188] = CNOT 1 77
[6189] = Z 1
[6190] = CNOT 1 77
[6191] = CNOT 1 82
[6192] = Z 1
[6193] = CNOT 1 82
[6194] = CNOT 1 91
[6195] = Z 1
[6196] = CNOT 1 91
[6197] = CNOT 1 75
[6198] = CNOT 1 77
[6199] = CNOT 1 79
[6200] = Z 1
[6201] = CNOT 1 77
[6202] = CNOT 1 82
[6203] = Z 1
[6204] = CNOT 1 82
[6205] = CNOT 1 91
[6206] = Z 1
[6207] = CNOT 1 91
[6208] = CNOT 1 79
[6209] = CNOT 1 81
[6210] = CNOT 1 82
[6211] = S 1
[6212] = Z 1
[6213] = CNOT 1 82
[6214] = CNOT 1 91
[6215] = S 1
[6216] = Z 1
[6217] = CNOT 1 91
[6218] = CNOT 1 81
[6219] = CNOT 1 82
[6220] = CNOT 1 86
[6221] = S 1
[6222] = Z 1
[6223] = CNOT 1 86
[6224] = CNOT 1 91
[6225] = Z 1
[6226] = CNOT 1 82
[6227] = CNOT 1 86
[6228] = S 1
[6229] = Z 1
[6230] = CNOT 1 91
[6231] = CNOT 1 86
[6232] = CNOT 2 3
[6233] = CNOT 2 14
[6234] = Z 2
[6235] = CNOT 2 14
[6236] = CNOT 2 15
[6237] = Z 2
[6238] = CNOT 2 15
[6239] = CNOT 2 24
[6240] = S 2
[6241] = Z 2
[6242] = CNOT 2 24
[6243] = CNOT 2 27
[6244] = Z 2
[6245] = CNOT 2 27
[6246] = CNOT 2 28
[6247] = S 2
[6248] = Z 2
[6249] = CNOT 2 28
[6250] = CNOT 2 32
[6251] = Z 2
[6252] = CNOT 2 32
[6253] = CNOT 2 35
[6254] = Z 2
[6255] = CNOT 2 35
[6256] = CNOT 2 53
[6257] = Z 2
[6258] = CNOT 2 53
[6259] = CNOT 2 55
[6260] = Z 2
[6261] = CNOT 2 55
[6262] = CNOT 2 65
[6263] = Z 2
[6264] = CNOT 2 65
[6265] = CNOT 2 74
[6266] = Z 2
[6267] = CNOT 2 74
[6268] = CNOT 2 75
[6269] = Z 2
[6270] = CNOT 2 75
[6271] = CNOT 2 79
[6272] = Z 2
[6273] = CNOT 2 79
[6274] = CNOT 2 3
[6275] = CNOT 2 14
[6276] = CNOT 2 15
[6277] = Z 2
[6278] = CNOT 2 15
[6279] = CNOT 2 24
[6280] = S 2
[6281] = Z 2
[6282] = CNOT 2 24
[6283] = CNOT 2 27
[6284] = Z 2
[6285] = CNOT 2 27
[6286] = CNOT 2 28
[6287] = S 2
[6288] = Z 2
[6289] = CNOT 2 28
[6290] = CNOT 2 32
[6291] = Z 2
[6292] = CNOT 2 32
[6293] = CNOT 2 35
[6294] = Z 2
[6295] = CNOT 2 35
[6296] = CNOT 2 53
[6297] = Z 2
[6298] = CNOT 2 53
[6299] = CNOT 2 55
[6300] = Z 2
[6301] = CNOT 2 55
[6302] = CNOT 2 65
[6303] = Z 2
[6304] = CNOT 2 65
[6305] = CNOT 2 74
[6306] = Z 2
[6307] = CNOT 2 74
[6308] = CNOT 2 75
[6309] = Z 2
[6310] = CNOT 2 75
[6311] = CNOT 2 79
[6312] = Z 2
[6313] = CNOT 2 79
[6314] = CNOT 2 14
[6315] = CNOT 2 15
[6316] = CNOT 2 24
[6317] = S 2
[6318] = Z 2
[6319] = CNOT 2 24
[6320] = CNOT 2 27
[6321] = Z 2
[6322] = CNOT 2 27
[6323] = CNOT 2 28
[6324] = S 2
[6325] = Z 2
[6326] = CNOT 2 28
[6327] = CNOT 2 32
[6328] = Z 2
[6329] = CNOT 2 32
[6330] = CNOT 2 35
[6331] = Z 2
[6332] = CNOT 2 35
[6333] = CNOT 2 53
[6334] = Z 2
[6335] = CNOT 2 53
[6336] = CNOT 2 55
[6337] = Z 2
[6338] = CNOT 2 55
[6339] = CNOT 2 65
[6340] = Z 2
[6341] = CNOT 2 65
[6342] = CNOT 2 74
[6343] = Z 2
[6344] = CNOT 2 74
[6345] = CNOT 2 75
[6346] = Z 2
[6347] = CNOT 2 75
[6348] = CNOT 2 79
[6349] = Z 2
[6350] = CNOT 2 79
[6351] = CNOT 2 15
[6352] = CNOT 2 24
[6353] = CNOT 2 27
[6354] = S 2
[6355] = Z 2
[6356] = CNOT 2 27
[6357] = CNOT 2 32
[6358] = S 2
[6359] = Z 2
[6360] = CNOT 2 32
[6361] = CNOT 2 35
[6362] = S 2
[6363] = Z 2
[6364] = CNOT 2 35
[6365] = CNOT 2 53
[6366] = S 2
[6367] = Z 2
[6368] = CNOT 2 53
[6369] = CNOT 2 55
[6370] = S 2
[6371] = Z 2
[6372] = CNOT 2 55
[6373] = CNOT 2 65
[6374] = S 2
[6375] = Z 2
[6376] = CNOT 2 65
[6377] = CNOT 2 74
[6378] = S 2
[6379] = Z 2
[6380] = CNOT 2 74
[6381] = CNOT 2 75
[6382] = S 2
[6383] = Z 2
[6384] = CNOT 2 75
[6385] = CNOT 2 79
[6386] = S 2
[6387] = Z 2
[6388] = CNOT 2 79
[6389] = CNOT 2 24
[6390] = CNOT 2 27
[6391] = CNOT 2 28
[6392] = S 2
[6393] = Z 2
[6394] = CNOT 2 28
[6395] = CNOT 2 32
[6396] = Z 2
[6397] = CNOT 2 32
[6398] = CNOT 2 35
[6399] = Z 2
[6400] = CNOT 2 35
[6401] = CNOT 2 53
[6402] = Z 2
[6403] = CNOT 2 53
[6404] = CNOT 2 55
[6405] = Z 2
[6406] = CNOT 2 55
[6407] = CNOT 2 65
[6408] = Z 2
[6409] = CNOT 2 65
[6410] = CNOT 2 74
[6411] = Z 2
[6412] = CNOT 2 74
[6413] = CNOT 2 75
[6414] = Z 2
[6415] = CNOT 2 75
[6416] = CNOT 2 79
[6417] = Z 2
[6418] = CNOT 2 79
[6419] = CNOT 2 27
[6420] = CNOT 2 28
[6421] = CNOT 2 32
[6422] = S 2
[6423] = Z 2
[6424] = CNOT 2 32
[6425] = CNOT 2 35
[6426] = S 2
[6427] = Z 2
[6428] = CNOT 2 35
[6429] = CNOT 2 53
[6430] = S 2
[6431] = Z 2
[6432] = CNOT 2 53
[6433] = CNOT 2 55
[6434] = S 2
[6435] = Z 2
[6436] = CNOT 2 55
[6437] = CNOT 2 65
[6438] = S 2
[6439] = Z 2
[6440] = CNOT 2 65
[6441] = CNOT 2 74
[6442] = S 2
[6443] = Z 2
[6444] = CNOT 2 74
[6445] = CNOT 2 75
[6446] = S 2
[6447] = Z 2
[6448] = CNOT 2 75
[6449] = CNOT 2 79
[6450] = S 2
[6451] = Z 2
[6452] = CNOT 2 79
[6453] = CNOT 2 28
[6454] = CNOT 2 32
[6455] = CNOT 2 35
[6456] = Z 2
[6457] = CNOT 2 35
[6458] = CNOT 2 53
[6459] = Z 2
[6460] = CNOT 2 53
[6461] = CNOT 2 55
[6462] = Z 2
[6463] = CNOT 2 55
[6464] = CNOT 2 65
[6465] = Z 2
[6466] = CNOT 2 65
[6467] = CNOT 2 74
[6468] = Z 2
[6469] = CNOT 2 74
[6470] = CNOT 2 75
[6471] = Z 2
[6472] = CNOT 2 75
[6473] = CNOT 2 79
[6474] = Z 2
[6475] = CNOT 2 79
[6476] = CNOT 2 32
[6477] = CNOT 2 35
[6478] = CNOT 2 53
[6479] = Z 2
[6480] = CNOT 2 53
[6481] = CNOT 2 55
[6482] = Z 2
[6483] = CNOT 2 55
[6484] = CNOT 2 65
[6485] = Z 2
[6486] = CNOT 2 65
[6487] = CNOT 2 74
[6488] = Z 2
[6489] = CNOT 2 74
[6490] = CNOT 2 75
[6491] = Z 2
[6492] = CNOT 2 75
[6493] = CNOT 2 79
[6494] = Z 2
[6495] = CNOT 2 79
[6496] = CNOT 2 35
[6497] = CNOT 2 53
[6498] = CNOT 2 55
[6499] = Z 2
[6500] = CNOT 2 55
[6501] = CNOT 2 65
[6502] = Z 2
[6503] = CNOT 2 65
[6504] = CNOT 2 74
[6505] = Z 2
[6506] = CNOT 2 74
[6507] = CNOT 2 75
[6508] = Z 2
[6509] = CNOT 2 75
[6510] = CNOT 2 79
[6511] = Z 2
[6512] = CNOT 2 79
[6513] = CNOT 2 53
[6514] = CNOT 2 55
[6515] = CNOT 2 65
[6516] = Z 2
[6517] = CNOT 2 65
[6518] = CNOT 2 74
[6519] = Z 2
[6520] = CNOT 2 74
[6521] = CNOT 2 75
[6522] = Z 2
[6523] = CNOT 2 75
[6524] = CNOT 2 79
[6525] = Z 2
[6526] = CNOT 2 79
[6527] = CNOT 2 55
[6528] = CNOT 2 65
[6529] = CNOT 2 74
[6530] = Z 2
[6531] = CNOT 2 74
[6532] = CNOT 2 75
[6533] = Z 2
[6534] = CNOT 2 75
[6535] = CNOT 2 79
[6536] = Z 2
[6537] = CNOT 2 79
[6538] = CNOT 2 65
[6539] = CNOT 2 74
[6540] = CNOT 2 75
[6541] = Z 2
[6542] = CNOT 2 75
[6543] = CNOT 2 79
[6544] = Z 2
[6545] = CNOT 2 74
[6546] = CNOT 2 75
[6547] = Z 2
[6548] = CNOT 2 79
[6549] = CNOT 2 75
[6550] = CNOT 3 4
[6551] = CNOT 3 12
[6552] = Z 3
[6553] = CNOT 3 12
[6554] = CNOT 3 14
[6555] = Z 3
[6556] = CNOT 3 14
[6557] = CNOT 3 15
[6558] = Z 3
[6559] = CNOT 3 15
[6560] = CNOT 3 34
[6561] = S 3
[6562] = Z 3
[6563] = CNOT 3 34
[6564] = CNOT 3 36
[6565] = Z 3
[6566] = CNOT 3 36
[6567] = CNOT 3 45
[6568] = Z 3
[6569] = CNOT 3 45
[6570] = CNOT 3 47
[6571] = S 3
[6572] = Z 3
[6573] = CNOT 3 47
[6574] = CNOT 3 53
[6575] = Z 3
[6576] = CNOT 3 53
[6577] = CNOT 3 54
[6578] = Z 3
[6579] = CNOT 3 54
[6580] = CNOT 3 56
[6581] = Z 3
[6582] = CNOT 3 56
[6583] = CNOT 3 68
[6584] = Z 3
[6585] = CNOT 3 68
[6586] = CNOT 3 72
[6587] = Z 3
[6588] = CNOT 3 72
[6589] = CNOT 3 73
[6590] = Z 3
[6591] = CNOT 3 73
[6592] = CNOT 3 74
[6593] = Z 3
[6594] = CNOT 3 74
[6595] = CNOT 3 75
[6596] = Z 3
[6597] = CNOT 3 75
[6598] = CNOT 3 79
[6599] = Z 3
[6600] = CNOT 3 79
[6601] = CNOT 3 81
[6602] = Z 3
[6603] = CNOT 3 81
[6604] = CNOT 3 82
[6605] = Z 3
[6606] = CNOT 3 82
[6607] = CNOT 3 4
[6608] = CNOT 3 5
[6609] = CNOT 3 12
[6610] = Z 3
[6611] = CNOT 3 12
[6612] = CNOT 3 14
[6613] = S 3
[6614] = Z 3
[6615] = CNOT 3 14
[6616] = CNOT 3 15
[6617] = S 3
[6618] = Z 3
[6619] = CNOT 3 15
[6620] = CNOT 3 19
[6621] = S 3
[6622] = Z 3
[6623] = CNOT 3 19
[6624] = CNOT 3 27
[6625] = Z 3
[6626] = CNOT 3 27
[6627] = CNOT 3 32
[6628] = Z 3
[6629] = CNOT 3 32
[6630] = CNOT 3 35
[6631] = Z 3
[6632] = CNOT 3 35
[6633] = CNOT 3 53
[6634] = Z 3
[6635] = CNOT 3 53
[6636] = CNOT 3 55
[6637] = Z 3
[6638] = CNOT 3 55
[6639] = CNOT 3 65
[6640] = Z 3
[6641] = CNOT 3 65
[6642] = CNOT 3 74
[6643] = Z 3
[6644] = CNOT 3 74
[6645] = CNOT 3 75
[6646] = Z 3
[6647] = CNOT 3 75
[6648] = CNOT 3 79
[6649] = Z 3
[6650] = CNOT 3 79
[6651] = CNOT 3 5
[6652] = CNOT 3 6
[6653] = CNOT 3 7
[6654] = Z 3
[6655] = CNOT 3 7
[6656] = CNOT 3 12
[6657] = Z 3
[6658] = CNOT 3 12
[6659] = CNOT 3 14
[6660] = Z 3
[6661] = CNOT 3 14
[6662] = CNOT 3 15
[6663] = Z 3
[6664] = CNOT 3 15
[6665] = CNOT 3 34
[6666] = S 3
[6667] = Z 3
[6668] = CNOT 3 34
[6669] = CNOT 3 36
[6670] = Z 3
[6671] = CNOT 3 36
[6672] = CNOT 3 38
[6673] = S 3
[6674] = Z 3
[6675] = CNOT 3 38
[6676] = CNOT 3 45
[6677] = Z 3
[6678] = CNOT 3 45
[6679] = CNOT 3 53
[6680] = Z 3
[6681] = CNOT 3 53
[6682] = CNOT 3 54
[6683] = Z 3
[6684] = CNOT 3 54
[6685] = CNOT 3 56
[6686] = Z 3
[6687] = CNOT 3 56
[6688] = CNOT 3 73
[6689] = Z 3
[6690] = CNOT 3 73
[6691] = CNOT 3 74
[6692] = Z 3
[6693] = CNOT 3 74
[6694] = CNOT 3 75
[6695] = Z 3
[6696] = CNOT 3 75
[6697] = CNOT 3 79
[6698] = Z 3
[6699] = CNOT 3 79
[6700] = CNOT 3 81
[6701] = Z 3
[6702] = CNOT 3 81
[6703] = CNOT 3 82
[6704] = Z 3
[6705] = CNOT 3 82
[6706] = CNOT 3 6
[6707] = CNOT 3 7
[6708] = CNOT 3 26
[6709] = Z 3
[6710] = CNOT 3 26
[6711] = CNOT 3 34
[6712] = S 3
[6713] = CNOT 3 34
[6714] = CNOT 3 38
[6715] = Z 3
[6716] = CNOT 3 38
[6717] = CNOT 3 43
[6718] = Z 3
[6719] = CNOT 3 43
[6720] = CNOT 3 56
[6721] = Z 3
[6722] = CNOT 3 56
[6723] = CNOT 3 62
[6724] = Z 3
[6725] = CNOT 3 62
[6726] = CNOT 3 65
[6727] = Z 3
[6728] = CNOT 3 65
[6729] = CNOT 3 68
[6730] = S 3
[6731] = CNOT 3 68
[6732] = CNOT 3 72
[6733] = Z 3
[6734] = CNOT 3 72
[6735] = CNOT 3 74
[6736] = Z 3
[6737] = CNOT 3 74
[6738] = CNOT 3 75
[6739] = Z 3
[6740] = CNOT 3 75
[6741] = CNOT 3 79
[6742] = Z 3
[6743] = CNOT 3 79
[6744] = CNOT 3 81
[6745] = Z 3
[6746] = CNOT 3 81
[6747] = CNOT 3 82
[6748] = Z 3
[6749] = CNOT 3 82
[6750] = CNOT 3 86
[6751] = Z 3
[6752] = CNOT 3 86
[6753] = CNOT 3 91
[6754] = Z 3
[6755] = CNOT 3 91
[6756] = CNOT 3 7
[6757] = CNOT 3 8
[6758] = CNOT 3 12
[6759] = Z 3
[6760] = CNOT 3 12
[6761] = CNOT 3 14
[6762] = Z 3
[6763] = CNOT 3 14
[6764] = CNOT 3 15
[6765] = Z 3
[6766] = CNOT 3 15
[6767] = CNOT 3 34
[6768] = S 3
[6769] = Z 3
[6770] = CNOT 3 34
[6771] = CNOT 3 36
[6772] = Z 3
[6773] = CNOT 3 36
[6774] = CNOT 3 45
[6775] = Z 3
[6776] = CNOT 3 45
[6777] = CNOT 3 53
[6778] = Z 3
[6779] = CNOT 3 53
[6780] = CNOT 3 54
[6781] = Z 3
[6782] = CNOT 3 54
[6783] = CNOT 3 55
[6784] = Z 3
[6785] = CNOT 3 55
[6786] = CNOT 3 56
[6787] = Z 3
[6788] = CNOT 3 56
[6789] = CNOT 3 73
[6790] = Z 3
[6791] = CNOT 3 73
[6792] = CNOT 3 74
[6793] = Z 3
[6794] = CNOT 3 74
[6795] = CNOT 3 75
[6796] = Z 3
[6797] = CNOT 3 75
[6798] = CNOT 3 77
[6799] = S 3
[6800] = Z 3
[6801] = CNOT 3 77
[6802] = CNOT 3 79
[6803] = Z 3
[6804] = CNOT 3 79
[6805] = CNOT 3 8
[6806] = CNOT 3 9
[6807] = CNOT 3 36
[6808] = Z 3
[6809] = CNOT 3 36
[6810] = CNOT 3 45
[6811] = Z 3
[6812] = CNOT 3 45
[6813] = CNOT 3 53
[6814] = Z 3
[6815] = CNOT 3 53
[6816] = CNOT 3 55
[6817] = Z 3
[6818] = CNOT 3 55
[6819] = CNOT 3 56
[6820] = Z 3
[6821] = CNOT 3 56
[6822] = CNOT 3 58
[6823] = Z 3
[6824] = CNOT 3 58
[6825] = CNOT 3 65
[6826] = Z 3
[6827] = CNOT 3 65
[6828] = CNOT 3 73
[6829] = Z 3
[6830] = CNOT 3 73
[6831] = CNOT 3 74
[6832] = Z 3
[6833] = CNOT 3 74
[6834] = CNOT 3 80
[6835] = Z 3
[6836] = CNOT 3 80
[6837] = CNOT 3 82
[6838] = Z 3
[6839] = CNOT 3 82
[6840] = CNOT 3 92
[6841] = Z 3
[6842] = CNOT 3 92
[6843] = CNOT 3 93
[6844] = Z 3
[6845] = CNOT 3 93
[6846] = CNOT 3 96
[6847] = S 3
[6848] = Z 3
[6849] = CNOT 3 96
[6850] = CNOT 3 99
[6851] = S 3
[6852] = Z 3
[6853] = CNOT 3 99
[6854] = CNOT 3 9
[6855] = CNOT 3 12
[6856] = CNOT 3 13
[6857] = S 3
[6858] = CNOT 3 13
[6859] = CNOT 3 14
[6860] = Z 3
[6861] = CNOT 3 14
[6862] = CNOT 3 17
[6863] = S 3
[6864] = Z 3
[6865] = CNOT 3 17
[6866] = CNOT 3 19
[6867] = Z 3
[6868] = CNOT 3 19
[6869] = CNOT 3 21
[6870] = Z 3
[6871] = CNOT 3 21
[6872] = CNOT 3 22
[6873] = Z 3
[6874] = CNOT 3 22
[6875] = CNOT 3 24
[6876] = S 3
[6877] = Z 3
[6878] = CNOT 3 24
[6879] = CNOT 3 25
[6880] = S 3
[6881] = Z 3
[6882] = CNOT 3 25
[6883] = CNOT 3 26
[6884] = S 3
[6885] = CNOT 3 26
[6886] = CNOT 3 30
[6887] = S 3
[6888] = CNOT 3 30
[6889] = CNOT 3 32
[6890] = Z 3
[6891] = CNOT 3 32
[6892] = CNOT 3 33
[6893] = Z 3
[6894] = CNOT 3 33
[6895] = CNOT 3 34
[6896] = S 3
[6897] = Z 3
[6898] = CNOT 3 34
[6899] = CNOT 3 35
[6900] = S 3
[6901] = CNOT 3 35
[6902] = CNOT 3 36
[6903] = S 3
[6904] = Z 3
[6905] = CNOT 3 36
[6906] = CNOT 3 37
[6907] = Z 3
[6908] = CNOT 3 37
[6909] = CNOT 3 38
[6910] = Z 3
[6911] = CNOT 3 38
[6912] = CNOT 3 40
[6913] = Z 3
[6914] = CNOT 3 40
[6915] = CNOT 3 42
[6916] = Z 3
[6917] = CNOT 3 42
[6918] = CNOT 3 44
[6919] = Z 3
[6920] = CNOT 3 44
[6921] = CNOT 3 45
[6922] = Z 3
[6923] = CNOT 3 45
[6924] = CNOT 3 46
[6925] = Z 3
[6926] = CNOT 3 46
[6927] = CNOT 3 47
[6928] = Z 3
[6929] = CNOT 3 47
[6930] = CNOT 3 49
[6931] = Z 3
[6932] = CNOT 3 49
[6933] = CNOT 3 51
[6934] = Z 3
[6935] = CNOT 3 51
[6936] = CNOT 3 53
[6937] = S 3
[6938] = Z 3
[6939] = CNOT 3 53
[6940] = CNOT 3 54
[6941] = S 3
[6942] = Z 3
[6943] = CNOT 3 54
[6944] = CNOT 3 55
[6945] = S 3
[6946] = Z 3
[6947] = CNOT 3 55
[6948] = CNOT 3 56
[6949] = Z 3
[6950] = CNOT 3 56
[6951] = CNOT 3 57
[6952] = Z 3
[6953] = CNOT 3 57
[6954] = CNOT 3 58
[6955] = S 3
[6956] = Z 3
[6957] = CNOT 3 58
[6958] = CNOT 3 62
[6959] = Z 3
[6960] = CNOT 3 62
[6961] = CNOT 3 64
[6962] = Z 3
[6963] = CNOT 3 64
[6964] = CNOT 3 65
[6965] = S 3
[6966] = Z 3
[6967] = CNOT 3 65
[6968] = CNOT 3 68
[6969] = Z 3
[6970] = CNOT 3 68
[6971] = CNOT 3 73
[6972] = S 3
[6973] = CNOT 3 73
[6974] = CNOT 3 74
[6975] = S 3
[6976] = Z 3
[6977] = CNOT 3 74
[6978] = CNOT 3 75
[6979] = S 3
[6980] = Z 3
[6981] = CNOT 3 75
[6982] = CNOT 3 77
[6983] = Z 3
[6984] = CNOT 3 77
[6985] = CNOT 3 79
[6986] = S 3
[6987] = Z 3
[6988] = CNOT 3 79
[6989] = CNOT 3 81
[6990] = S 3
[6991] = CNOT 3 81
[6992] = CNOT 3 82
[6993] = S 3
[6994] = Z 3
[6995] = CNOT 3 82
[6996] = CNOT 3 86
[6997] = S 3
[6998] = Z 3
[6999] = CNOT 3 86
[7000] = CNOT 3 12
[7001] = CNOT 3 13
[7002] = CNOT 3 14
[7003] = S 3
[7004] = Z 3
[7005] = CNOT 3 14
[7006] = CNOT 3 15
[7007] = S 3
[7008] = CNOT 3 15
[7009] = CNOT 3 17
[7010] = S 3
[7011] = Z 3
[7012] = CNOT 3 17
[7013] = CNOT 3 22
[7014] = S 3
[7015] = CNOT 3 22
[7016] = CNOT 3 23
[7017] = S 3
[7018] = Z 3
[7019] = CNOT 3 23
[7020] = CNOT 3 30
[7021] = Z 3
[7022] = CNOT 3 30
[7023] = CNOT 3 34
[7024] = S 3
[7025] = Z 3
[7026] = CNOT 3 34
[7027] = CNOT 3 35
[7028] = Z 3
[7029] = CNOT 3 35
[7030] = CNOT 3 36
[7031] = Z 3
[7032] = CNOT 3 36
[7033] = CNOT 3 45
[7034] = Z 3
[7035] = CNOT 3 45
[7036] = CNOT 3 55
[7037] = S 3
[7038] = Z 3
[7039] = CNOT 3 55
[7040] = CNOT 3 56
[7041] = Z 3
[7042] = CNOT 3 56
[7043] = CNOT 3 57
[7044] = S 3
[7045] = Z 3
[7046] = CNOT 3 57
[7047] = CNOT 3 58
[7048] = S 3
[7049] = Z 3
[7050] = CNOT 3 58
[7051] = CNOT 3 62
[7052] = S 3
[7053] = Z 3
[7054] = CNOT 3 62
[7055] = CNOT 3 64
[7056] = S 3
[7057] = Z 3
[7058] = CNOT 3 64
[7059] = CNOT 3 65
[7060] = S 3
[7061] = CNOT 3 65
[7062] = CNOT 3 71
[7063] = S 3
[7064] = Z 3
[7065] = CNOT 3 71
[7066] = CNOT 3 73
[7067] = Z 3
[7068] = CNOT 3 73
[7069] = CNOT 3 74
[7070] = Z 3
[7071] = CNOT 3 74
[7072] = CNOT 3 79
[7073] = Z 3
[7074] = CNOT 3 79
[7075] = CNOT 3 80
[7076] = S 3
[7077] = Z 3
[7078] = CNOT 3 80
[7079] = CNOT 3 81
[7080] = S 3
[7081] = Z 3
[7082] = CNOT 3 81
[7083] = CNOT 3 82
[7084] = S 3
[7085] = Z 3
[7086] = CNOT 3 82
[7087] = CNOT 3 83
[7088] = Z 3
[7089] = CNOT 3 83
[7090] = CNOT 3 86
[7091] = S 3
[7092] = Z 3
[7093] = CNOT 3 86
[7094] = CNOT 3 95
[7095] = Z 3
[7096] = CNOT 3 95
[7097] = CNOT 3 102
[7098] = Z 3
[7099] = CNOT 3 102
[7100] = CNOT 3 13
[7101] = CNOT 3 14
[7102] = CNOT 3 15
[7103] = Z 3
[7104] = CNOT 3 15
[7105] = CNOT 3 16
[7106] = S 3
[7107] = Z 3
[7108] = CNOT 3 16
[7109] = CNOT 3 17
[7110] = Z 3
[7111] = CNOT 3 17
[7112] = CNOT 3 18
[7113] = S 3
[7114] = Z 3
[7115] = CNOT 3 18
[7116] = CNOT 3 19
[7117] = S 3
[7118] = Z 3
[7119] = CNOT 3 19
[7120] = CNOT 3 21
[7121] = S 3
[7122] = CNOT 3 21
[7123] = CNOT 3 22
[7124] = Z 3
[7125] = CNOT 3 22
[7126] = CNOT 3 23
[7127] = Z 3
[7128] = CNOT 3 23
[7129] = CNOT 3 24
[7130] = Z 3
[7131] = CNOT 3 24
[7132] = CNOT 3 25
[7133] = S 3
[7134] = Z 3
[7135] = CNOT 3 25
[7136] = CNOT 3 26
[7137] = S 3
[7138] = CNOT 3 26
[7139] = CNOT 3 27
[7140] = S 3
[7141] = Z 3
[7142] = CNOT 3 27
[7143] = CNOT 3 28
[7144] = Z 3
[7145] = CNOT 3 28
[7146] = CNOT 3 30
[7147] = Z 3
[7148] = CNOT 3 30
[7149] = CNOT 3 32
[7150] = S 3
[7151] = CNOT 3 32
[7152] = CNOT 3 33
[7153] = Z 3
[7154] = CNOT 3 33
[7155] = CNOT 3 34
[7156] = S 3
[7157] = Z 3
[7158] = CNOT 3 34
[7159] = CNOT 3 35
[7160] = S 3
[7161] = CNOT 3 35
[7162] = CNOT 3 36
[7163] = Z 3
[7164] = CNOT 3 36
[7165] = CNOT 3 37
[7166] = Z 3
[7167] = CNOT 3 37
[7168] = CNOT 3 38
[7169] = Z 3
[7170] = CNOT 3 38
[7171] = CNOT 3 40
[7172] = Z 3
[7173] = CNOT 3 40
[7174] = CNOT 3 42
[7175] = Z 3
[7176] = CNOT 3 42
[7177] = CNOT 3 44
[7178] = Z 3
[7179] = CNOT 3 44
[7180] = CNOT 3 45
[7181] = S 3
[7182] = CNOT 3 45
[7183] = CNOT 3 46
[7184] = Z 3
[7185] = CNOT 3 46
[7186] = CNOT 3 47
[7187] = Z 3
[7188] = CNOT 3 47
[7189] = CNOT 3 49
[7190] = Z 3
[7191] = CNOT 3 49
[7192] = CNOT 3 51
[7193] = Z 3
[7194] = CNOT 3 51
[7195] = CNOT 3 54
[7196] = S 3
[7197] = CNOT 3 54
[7198] = CNOT 3 55
[7199] = S 3
[7200] = CNOT 3 55
[7201] = CNOT 3 56
[7202] = S 3
[7203] = CNOT 3 56
[7204] = CNOT 3 57
[7205] = Z 3
[7206] = CNOT 3 57
[7207] = CNOT 3 58
[7208] = S 3
[7209] = Z 3
[7210] = CNOT 3 58
[7211] = CNOT 3 62
[7212] = Z 3
[7213] = CNOT 3 62
[7214] = CNOT 3 64
[7215] = Z 3
[7216] = CNOT 3 64
[7217] = CNOT 3 65
[7218] = S 3
[7219] = Z 3
[7220] = CNOT 3 65
[7221] = CNOT 3 68
[7222] = Z 3
[7223] = CNOT 3 68
[7224] = CNOT 3 74
[7225] = S 3
[7226] = CNOT 3 74
[7227] = CNOT 3 75
[7228] = S 3
[7229] = CNOT 3 75
[7230] = CNOT 3 77
[7231] = Z 3
[7232] = CNOT 3 77
[7233] = CNOT 3 79
[7234] = S 3
[7235] = CNOT 3 79
[7236] = CNOT 3 81
[7237] = S 3
[7238] = CNOT 3 81
[7239] = CNOT 3 82
[7240] = Z 3
[7241] = CNOT 3 82
[7242] = CNOT 3 86
[7243] = S 3
[7244] = Z 3
[7245] = CNOT 3 86
[7246] = CNOT 3 14
[7247] = CNOT 3 15
[7248] = CNOT 3 19
[7249] = S 3
[7250] = Z 3
[7251] = CNOT 3 19
[7252] = CNOT 3 21
[7253] = Z 3
[7254] = CNOT 3 21
[7255] = CNOT 3 22
[7256] = S 3
[7257] = Z 3
[7258] = CNOT 3 22
[7259] = CNOT 3 24
[7260] = Z 3
[7261] = CNOT 3 24
[7262] = CNOT 3 25
[7263] = S 3
[7264] = Z 3
[7265] = CNOT 3 25
[7266] = CNOT 3 26
[7267] = S 3
[7268] = CNOT 3 26
[7269] = CNOT 3 27
[7270] = S 3
[7271] = Z 3
[7272] = CNOT 3 27
[7273] = CNOT 3 28
[7274] = Z 3
[7275] = CNOT 3 28
[7276] = CNOT 3 30
[7277] = S 3
[7278] = CNOT 3 30
[7279] = CNOT 3 32
[7280] = S 3
[7281] = CNOT 3 32
[7282] = CNOT 3 33
[7283] = Z 3
[7284] = CNOT 3 33
[7285] = CNOT 3 34
[7286] = S 3
[7287] = Z 3
[7288] = CNOT 3 34
[7289] = CNOT 3 36
[7290] = S 3
[7291] = Z 3
[7292] = CNOT 3 36
[7293] = CNOT 3 37
[7294] = Z 3
[7295] = CNOT 3 37
[7296] = CNOT 3 38
[7297] = Z 3
[7298] = CNOT 3 38
[7299] = CNOT 3 40
[7300] = Z 3
[7301] = CNOT 3 40
[7302] = CNOT 3 42
[7303] = Z 3
[7304] = CNOT 3 42
[7305] = CNOT 3 44
[7306] = Z 3
[7307] = CNOT 3 44
[7308] = CNOT 3 45
[7309] = Z 3
[7310] = CNOT 3 45
[7311] = CNOT 3 46
[7312] = Z 3
[7313] = CNOT 3 46
[7314] = CNOT 3 47
[7315] = Z 3
[7316] = CNOT 3 47
[7317] = CNOT 3 49
[7318] = Z 3
[7319] = CNOT 3 49
[7320] = CNOT 3 51
[7321] = Z 3
[7322] = CNOT 3 51
[7323] = CNOT 3 53
[7324] = Z 3
[7325] = CNOT 3 53
[7326] = CNOT 3 54
[7327] = S 3
[7328] = Z 3
[7329] = CNOT 3 54
[7330] = CNOT 3 55
[7331] = Z 3
[7332] = CNOT 3 55
[7333] = CNOT 3 56
[7334] = Z 3
[7335] = CNOT 3 56
[7336] = CNOT 3 57
[7337] = Z 3
[7338] = CNOT 3 57
[7339] = CNOT 3 58
[7340] = S 3
[7341] = Z 3
[7342] = CNOT 3 58
[7343] = CNOT 3 62
[7344] = Z 3
[7345] = CNOT 3 62
[7346] = CNOT 3 64
[7347] = Z 3
[7348] = CNOT 3 64
[7349] = CNOT 3 65
[7350] = Z 3
[7351] = CNOT 3 65
[7352] = CNOT 3 68
[7353] = Z 3
[7354] = CNOT 3 68
[7355] = CNOT 3 73
[7356] = S 3
[7357] = CNOT 3 73
[7358] = CNOT 3 74
[7359] = Z 3
[7360] = CNOT 3 74
[7361] = CNOT 3 75
[7362] = Z 3
[7363] = CNOT 3 75
[7364] = CNOT 3 77
[7365] = Z 3
[7366] = CNOT 3 77
[7367] = CNOT 3 79
[7368] = Z 3
[7369] = CNOT 3 79
[7370] = CNOT 3 81
[7371] = S 3
[7372] = CNOT 3 81
[7373] = CNOT 3 82
[7374] = S 3
[7375] = Z 3
[7376] = CNOT 3 82
[7377] = CNOT 3 86
[7378] = S 3
[7379] = Z 3
[7380] = CNOT 3 86
[7381] = CNOT 3 15
[7382] = CNOT 3 16
[7383] = CNOT 3 18
[7384] = S 3
[7385] = Z 3
[7386] = CNOT 3 18
[7387] = CNOT 3 21
[7388] = Z 3
[7389] = CNOT 3 21
[7390] = CNOT 3 22
[7391] = Z 3
[7392] = CNOT 3 22
[7393] = CNOT 3 23
[7394] = Z 3
[7395] = CNOT 3 23
[7396] = CNOT 3 30
[7397] = Z 3
[7398] = CNOT 3 30
[7399] = CNOT 3 35
[7400] = Z 3
[7401] = CNOT 3 35
[7402] = CNOT 3 36
[7403] = Z 3
[7404] = CNOT 3 36
[7405] = CNOT 3 45
[7406] = Z 3
[7407] = CNOT 3 45
[7408] = CNOT 3 55
[7409] = Z 3
[7410] = CNOT 3 55
[7411] = CNOT 3 56
[7412] = Z 3
[7413] = CNOT 3 56
[7414] = CNOT 3 65
[7415] = Z 3
[7416] = CNOT 3 65
[7417] = CNOT 3 73
[7418] = Z 3
[7419] = CNOT 3 73
[7420] = CNOT 3 74
[7421] = Z 3
[7422] = CNOT 3 74
[7423] = CNOT 3 75
[7424] = Z 3
[7425] = CNOT 3 75
[7426] = CNOT 3 79
[7427] = Z 3
[7428] = CNOT 3 79
[7429] = CNOT 3 82
[7430] = Z 3
[7431] = CNOT 3 82
[7432] = CNOT 3 16
[7433] = CNOT 3 17
[7434] = CNOT 3 22
[7435] = Z 3
[7436] = CNOT 3 22
[7437] = CNOT 3 36
[7438] = Z 3
[7439] = CNOT 3 36
[7440] = CNOT 3 45
[7441] = Z 3
[7442] = CNOT 3 45
[7443] = CNOT 3 53
[7444] = Z 3
[7445] = CNOT 3 53
[7446] = CNOT 3 54
[7447] = Z 3
[7448] = CNOT 3 54
[7449] = CNOT 3 55
[7450] = Z 3
[7451] = CNOT 3 55
[7452] = CNOT 3 56
[7453] = Z 3
[7454] = CNOT 3 56
[7455] = CNOT 3 73
[7456] = Z 3
[7457] = CNOT 3 73
[7458] = CNOT 3 74
[7459] = Z 3
[7460] = CNOT 3 74
[7461] = CNOT 3 75
[7462] = Z 3
[7463] = CNOT 3 75
[7464] = CNOT 3 79
[7465] = Z 3
[7466] = CNOT 3 79
[7467] = CNOT 3 82
[7468] = Z 3
[7469] = CNOT 3 82
[7470] = CNOT 3 17
[7471] = CNOT 3 18
[7472] = CNOT 3 21
[7473] = S 3
[7474] = Z 3
[7475] = CNOT 3 21
[7476] = CNOT 3 22
[7477] = Z 3
[7478] = CNOT 3 22
[7479] = CNOT 3 23
[7480] = Z 3
[7481] = CNOT 3 23
[7482] = CNOT 3 30
[7483] = Z 3
[7484] = CNOT 3 30
[7485] = CNOT 3 35
[7486] = Z 3
[7487] = CNOT 3 35
[7488] = CNOT 3 36
[7489] = Z 3
[7490] = CNOT 3 36
[7491] = CNOT 3 45
[7492] = Z 3
[7493] = CNOT 3 45
[7494] = CNOT 3 55
[7495] = Z 3
[7496] = CNOT 3 55
[7497] = CNOT 3 56
[7498] = Z 3
[7499] = CNOT 3 56
[7500] = CNOT 3 65
[7501] = Z 3
[7502] = CNOT 3 65
[7503] = CNOT 3 73
[7504] = Z 3
[7505] = CNOT 3 73
[7506] = CNOT 3 74
[7507] = Z 3
[7508] = CNOT 3 74
[7509] = CNOT 3 75
[7510] = Z 3
[7511] = CNOT 3 75
[7512] = CNOT 3 79
[7513] = Z 3
[7514] = CNOT 3 79
[7515] = CNOT 3 82
[7516] = Z 3
[7517] = CNOT 3 82
[7518] = CNOT 3 18
[7519] = CNOT 3 19
[7520] = CNOT 3 27
[7521] = Z 3
[7522] = CNOT 3 27
[7523] = CNOT 3 32
[7524] = Z 3
[7525] = CNOT 3 32
[7526] = CNOT 3 35
[7527] = Z 3
[7528] = CNOT 3 35
[7529] = CNOT 3 53
[7530] = Z 3
[7531] = CNOT 3 53
[7532] = CNOT 3 55
[7533] = Z 3
[7534] = CNOT 3 55
[7535] = CNOT 3 65
[7536] = Z 3
[7537] = CNOT 3 65
[7538] = CNOT 3 74
[7539] = Z 3
[7540] = CNOT 3 74
[7541] = CNOT 3 75
[7542] = Z 3
[7543] = CNOT 3 75
[7544] = CNOT 3 79
[7545] = Z 3
[7546] = CNOT 3 79
[7547] = CNOT 3 19
[7548] = CNOT 3 21
[7549] = CNOT 3 22
[7550] = Z 3
[7551] = CNOT 3 22
[7552] = CNOT 3 23
[7553] = Z 3
[7554] = CNOT 3 23
[7555] = CNOT 3 26
[7556] = S 3
[7557] = Z 3
[7558] = CNOT 3 26
[7559] = CNOT 3 27
[7560] = S 3
[7561] = Z 3
[7562] = CNOT 3 27
[7563] = CNOT 3 35
[7564] = Z 3
[7565] = CNOT 3 35
[7566] = CNOT 3 36
[7567] = Z 3
[7568] = CNOT 3 36
[7569] = CNOT 3 45
[7570] = Z 3
[7571] = CNOT 3 45
[7572] = CNOT 3 56
[7573] = Z 3
[7574] = CNOT 3 56
[7575] = CNOT 3 73
[7576] = Z 3
[7577] = CNOT 3 73
[7578] = CNOT 3 82
[7579] = Z 3
[7580] = CNOT 3 82
[7581] = CNOT 3 21
[7582] = CNOT 3 22
[7583] = CNOT 3 30
[7584] = Z 3
[7585] = CNOT 3 30
[7586] = CNOT 3 35
[7587] = Z 3
[7588] = CNOT 3 35
[7589] = CNOT 3 53
[7590] = Z 3
[7591] = CNOT 3 53
[7592] = CNOT 3 54
[7593] = Z 3
[7594] = CNOT 3 54
[7595] = CNOT 3 65
[7596] = Z 3
[7597] = CNOT 3 65
[7598] = CNOT 3 22
[7599] = CNOT 3 24
[7600] = CNOT 3 25
[7601] = S 3
[7602] = Z 3
[7603] = CNOT 3 25
[7604] = CNOT 3 27
[7605] = S 3
[7606] = CNOT 3 27
[7607] = CNOT 3 28
[7608] = S 3
[7609] = Z 3
[7610] = CNOT 3 28
[7611] = CNOT 3 32
[7612] = S 3
[7613] = CNOT 3 32
[7614] = CNOT 3 35
[7615] = S 3
[7616] = CNOT 3 35
[7617] = CNOT 3 53
[7618] = S 3
[7619] = CNOT 3 53
[7620] = CNOT 3 55
[7621] = S 3
[7622] = CNOT 3 55
[7623] = CNOT 3 65
[7624] = S 3
[7625] = CNOT 3 65
[7626] = CNOT 3 74
[7627] = S 3
[7628] = CNOT 3 74
[7629] = CNOT 3 75
[7630] = S 3
[7631] = CNOT 3 75
[7632] = CNOT 3 79
[7633] = S 3
[7634] = CNOT 3 79
[7635] = CNOT 3 24
[7636] = CNOT 3 25
[7637] = CNOT 3 27
[7638] = Z 3
[7639] = CNOT 3 27
[7640] = CNOT 3 32
[7641] = Z 3
[7642] = CNOT 3 32
[7643] = CNOT 3 35
[7644] = Z 3
[7645] = CNOT 3 35
[7646] = CNOT 3 53
[7647] = Z 3
[7648] = CNOT 3 53
[7649] = CNOT 3 55
[7650] = Z 3
[7651] = CNOT 3 55
[7652] = CNOT 3 65
[7653] = Z 3
[7654] = CNOT 3 65
[7655] = CNOT 3 74
[7656] = Z 3
[7657] = CNOT 3 74
[7658] = CNOT 3 75
[7659] = Z 3
[7660] = CNOT 3 75
[7661] = CNOT 3 79
[7662] = Z 3
[7663] = CNOT 3 79
[7664] = CNOT 3 25
[7665] = CNOT 3 26
[7666] = CNOT 3 27
[7667] = Z 3
[7668] = CNOT 3 27
[7669] = CNOT 3 30
[7670] = S 3
[7671] = Z 3
[7672] = CNOT 3 30
[7673] = CNOT 3 32
[7674] = S 3
[7675] = Z 3
[7676] = CNOT 3 32
[7677] = CNOT 3 33
[7678] = S 3
[7679] = Z 3
[7680] = CNOT 3 33
[7681] = CNOT 3 34
[7682] = S 3
[7683] = Z 3
[7684] = CNOT 3 34
[7685] = CNOT 3 35
[7686] = S 3
[7687] = Z 3
[7688] = CNOT 3 35
[7689] = CNOT 3 37
[7690] = S 3
[7691] = Z 3
[7692] = CNOT 3 37
[7693] = CNOT 3 40
[7694] = S 3
[7695] = Z 3
[7696] = CNOT 3 40
[7697] = CNOT 3 42
[7698] = S 3
[7699] = Z 3
[7700] = CNOT 3 42
[7701] = CNOT 3 43
[7702] = Z 3
[7703] = CNOT 3 43
[7704] = CNOT 3 44
[7705] = S 3
[7706] = Z 3
[7707] = CNOT 3 44
[7708] = CNOT 3 46
[7709] = S 3
[7710] = Z 3
[7711] = CNOT 3 46
[7712] = CNOT 3 49
[7713] = S 3
[7714] = Z 3
[7715] = CNOT 3 49
[7716] = CNOT 3 51
[7717] = S 3
[7718] = Z 3
[7719] = CNOT 3 51
[7720] = CNOT 3 55
[7721] = S 3
[7722] = CNOT 3 55
[7723] = CNOT 3 56
[7724] = Z 3
[7725] = CNOT 3 56
[7726] = CNOT 3 62
[7727] = Z 3
[7728] = CNOT 3 62
[7729] = CNOT 3 65
[7730] = S 3
[7731] = Z 3
[7732] = CNOT 3 65
[7733] = CNOT 3 68
[7734] = Z 3
[7735] = CNOT 3 68
[7736] = CNOT 3 72
[7737] = Z 3
[7738] = CNOT 3 72
[7739] = CNOT 3 74
[7740] = S 3
[7741] = Z 3
[7742] = CNOT 3 74
[7743] = CNOT 3 75
[7744] = S 3
[7745] = Z 3
[7746] = CNOT 3 75
[7747] = CNOT 3 79
[7748] = S 3
[7749] = Z 3
[7750] = CNOT 3 79
[7751] = CNOT 3 81
[7752] = Z 3
[7753] = CNOT 3 81
[7754] = CNOT 3 82
[7755] = Z 3
[7756] = CNOT 3 82
[7757] = CNOT 3 86
[7758] = Z 3
[7759] = CNOT 3 86
[7760] = CNOT 3 91
[7761] = Z 3
[7762] = CNOT 3 91
[7763] = CNOT 3 26
[7764] = CNOT 3 27
[7765] = CNOT 3 28
[7766] = Z 3
[7767] = CNOT 3 28
[7768] = CNOT 3 30
[7769] = S 3
[7770] = Z 3
[7771] = CNOT 3 30
[7772] = CNOT 3 32
[7773] = Z 3
[7774] = CNOT 3 32
[7775] = CNOT 3 33
[7776] = Z 3
[7777] = CNOT 3 33
[7778] = CNOT 3 35
[7779] = Z 3
[7780] = CNOT 3 35
[7781] = CNOT 3 37
[7782] = Z 3
[7783] = CNOT 3 37
[7784] = CNOT 3 40
[7785] = Z 3
[7786] = CNOT 3 40
[7787] = CNOT 3 42
[7788] = Z 3
[7789] = CNOT 3 42
[7790] = CNOT 3 44
[7791] = Z 3
[7792] = CNOT 3 44
[7793] = CNOT 3 46
[7794] = Z 3
[7795] = CNOT 3 46
[7796] = CNOT 3 49
[7797] = Z 3
[7798] = CNOT 3 49
[7799] = CNOT 3 51
[7800] = Z 3
[7801] = CNOT 3 51
[7802] = CNOT 3 27
[7803] = CNOT 3 28
[7804] = CNOT 3 32
[7805] = Z 3
[7806] = CNOT 3 32
[7807] = CNOT 3 35
[7808] = Z 3
[7809] = CNOT 3 35
[7810] = CNOT 3 53
[7811] = Z 3
[7812] = CNOT 3 53
[7813] = CNOT 3 55
[7814] = Z 3
[7815] = CNOT 3 55
[7816] = CNOT 3 65
[7817] = Z 3
[7818] = CNOT 3 65
[7819] = CNOT 3 74
[7820] = Z 3
[7821] = CNOT 3 74
[7822] = CNOT 3 75
[7823] = Z 3
[7824] = CNOT 3 75
[7825] = CNOT 3 79
[7826] = Z 3
[7827] = CNOT 3 79
[7828] = CNOT 3 28
[7829] = CNOT 3 30
[7830] = CNOT 3 35
[7831] = Z 3
[7832] = CNOT 3 35
[7833] = CNOT 3 36
[7834] = Z 3
[7835] = CNOT 3 36
[7836] = CNOT 3 45
[7837] = Z 3
[7838] = CNOT 3 45
[7839] = CNOT 3 56
[7840] = Z 3
[7841] = CNOT 3 56
[7842] = CNOT 3 73
[7843] = Z 3
[7844] = CNOT 3 73
[7845] = CNOT 3 82
[7846] = Z 3
[7847] = CNOT 3 82
[7848] = CNOT 3 30
[7849] = CNOT 3 32
[7850] = CNOT 3 33
[7851] = S 3
[7852] = Z 3
[7853] = CNOT 3 33
[7854] = CNOT 3 35
[7855] = Z 3
[7856] = CNOT 3 35
[7857] = CNOT 3 37
[7858] = Z 3
[7859] = CNOT 3 37
[7860] = CNOT 3 40
[7861] = Z 3
[7862] = CNOT 3 40
[7863] = CNOT 3 42
[7864] = Z 3
[7865] = CNOT 3 42
[7866] = CNOT 3 44
[7867] = Z 3
[7868] = CNOT 3 44
[7869] = CNOT 3 46
[7870] = Z 3
[7871] = CNOT 3 46
[7872] = CNOT 3 49
[7873] = Z 3
[7874] = CNOT 3 49
[7875] = CNOT 3 51
[7876] = Z 3
[7877] = CNOT 3 51
[7878] = CNOT 3 55
[7879] = Z 3
[7880] = CNOT 3 55
[7881] = CNOT 3 65
[7882] = Z 3
[7883] = CNOT 3 65
[7884] = CNOT 3 74
[7885] = Z 3
[7886] = CNOT 3 74
[7887] = CNOT 3 75
[7888] = Z 3
[7889] = CNOT 3 75
[7890] = CNOT 3 79
[7891] = Z 3
[7892] = CNOT 3 79
[7893] = CNOT 3 32
[7894] = CNOT 3 33
[7895] = CNOT 3 55
[7896] = Z 3
[7897] = CNOT 3 55
[7898] = CNOT 3 65
[7899] = Z 3
[7900] = CNOT 3 65
[7901] = CNOT 3 74
[7902] = Z 3
[7903] = CNOT 3 74
[7904] = CNOT 3 75
[7905] = Z 3
[7906] = CNOT 3 75
[7907] = CNOT 3 79
[7908] = Z 3
[7909] = CNOT 3 79
[7910] = CNOT 3 33
[7911] = CNOT 3 34
[7912] = CNOT 3 36
[7913] = Z 3
[7914] = CNOT 3 36
[7915] = CNOT 3 38
[7916] = S 3
[7917] = Z 3
[7918] = CNOT 3 38
[7919] = CNOT 3 43
[7920] = S 3
[7921] = Z 3
[7922] = CNOT 3 43
[7923] = CNOT 3 45
[7924] = S 3
[7925] = CNOT 3 45
[7926] = CNOT 3 47
[7927] = S 3
[7928] = Z 3
[7929] = CNOT 3 47
[7930] = CNOT 3 53
[7931] = S 3
[7932] = CNOT 3 53
[7933] = CNOT 3 54
[7934] = S 3
[7935] = Z 3
[7936] = CNOT 3 54
[7937] = CNOT 3 55
[7938] = Z 3
[7939] = CNOT 3 55
[7940] = CNOT 3 57
[7941] = S 3
[7942] = Z 3
[7943] = CNOT 3 57
[7944] = CNOT 3 58
[7945] = S 3
[7946] = CNOT 3 58
[7947] = CNOT 3 62
[7948] = Z 3
[7949] = CNOT 3 62
[7950] = CNOT 3 64
[7951] = Z 3
[7952] = CNOT 3 64
[7953] = CNOT 3 65
[7954] = S 3
[7955] = Z 3
[7956] = CNOT 3 65
[7957] = CNOT 3 71
[7958] = S 3
[7959] = Z 3
[7960] = CNOT 3 71
[7961] = CNOT 3 72
[7962] = S 3
[7963] = CNOT 3 72
[7964] = CNOT 3 73
[7965] = Z 3
[7966] = CNOT 3 73
[7967] = CNOT 3 74
[7968] = S 3
[7969] = Z 3
[7970] = CNOT 3 74
[7971] = CNOT 3 77
[7972] = S 3
[7973] = Z 3
[7974] = CNOT 3 77
[7975] = CNOT 3 79
[7976] = S 3
[7977] = Z 3
[7978] = CNOT 3 79
[7979] = CNOT 3 80
[7980] = S 3
[7981] = Z 3
[7982] = CNOT 3 80
[7983] = CNOT 3 81
[7984] = S 3
[7985] = CNOT 3 81
[7986] = CNOT 3 82
[7987] = S 3
[7988] = Z 3
[7989] = CNOT 3 82
[7990] = CNOT 3 86
[7991] = Z 3
[7992] = CNOT 3 86
[7993] = CNOT 3 91
[7994] = S 3
[7995] = Z 3
[7996] = CNOT 3 91
[7997] = CNOT 3 34
[7998] = CNOT 3 35
[7999] = CNOT 3 36
[8000] = Z 3
[8001] = CNOT 3 36
[8002] = CNOT 3 37
[8003] = S 3
[8004] = Z 3
[8005] = CNOT 3 37
[8006] = CNOT 3 45
[8007] = Z 3
[8008] = CNOT 3 45
[8009] = CNOT 3 53
[8010] = Z 3
[8011] = CNOT 3 53
[8012] = CNOT 3 56
[8013] = Z 3
[8014] = CNOT 3 56
[8015] = CNOT 3 73
[8016] = Z 3
[8017] = CNOT 3 73
[8018] = CNOT 3 82
[8019] = Z 3
[8020] = CNOT 3 82
[8021] = CNOT 3 35
[8022] = CNOT 3 36
[8023] = CNOT 3 38
[8024] = Z 3
[8025] = CNOT 3 38
[8026] = CNOT 3 45
[8027] = Z 3
[8028] = CNOT 3 45
[8029] = CNOT 3 47
[8030] = Z 3
[8031] = CNOT 3 47
[8032] = CNOT 3 54
[8033] = S 3
[8034] = CNOT 3 54
[8035] = CNOT 3 56
[8036] = Z 3
[8037] = CNOT 3 56
[8038] = CNOT 3 57
[8039] = Z 3
[8040] = CNOT 3 57
[8041] = CNOT 3 58
[8042] = S 3
[8043] = CNOT 3 58
[8044] = CNOT 3 62
[8045] = S 3
[8046] = Z 3
[8047] = CNOT 3 62
[8048] = CNOT 3 65
[8049] = S 3
[8050] = Z 3
[8051] = CNOT 3 65
[8052] = CNOT 3 68
[8053] = Z 3
[8054] = CNOT 3 68
[8055] = CNOT 3 71
[8056] = Z 3
[8057] = CNOT 3 71
[8058] = CNOT 3 73
[8059] = S 3
[8060] = Z 3
[8061] = CNOT 3 73
[8062] = CNOT 3 74
[8063] = Z 3
[8064] = CNOT 3 74
[8065] = CNOT 3 75
[8066] = S 3
[8067] = Z 3
[8068] = CNOT 3 75
[8069] = CNOT 3 77
[8070] = Z 3
[8071] = CNOT 3 77
[8072] = CNOT 3 79
[8073] = S 3
[8074] = CNOT 3 79
[8075] = CNOT 3 80
[8076] = S 3
[8077] = Z 3
[8078] = CNOT 3 80
[8079] = CNOT 3 81
[8080] = Z 3
[8081] = CNOT 3 81
[8082] = CNOT 3 82
[8083] = Z 3
[8084] = CNOT 3 82
[8085] = CNOT 3 83
[8086] = Z 3
[8087] = CNOT 3 83
[8088] = CNOT 3 84
[8089] = Z 3
[8090] = CNOT 3 84
[8091] = CNOT 3 85
[8092] = Z 3
[8093] = CNOT 3 85
[8094] = CNOT 3 86
[8095] = S 3
[8096] = Z 3
[8097] = CNOT 3 86
[8098] = CNOT 3 88
[8099] = Z 3
[8100] = CNOT 3 88
[8101] = CNOT 3 90
[8102] = Z 3
[8103] = CNOT 3 90
[8104] = CNOT 3 92
[8105] = S 3
[8106] = CNOT 3 92
[8107] = CNOT 3 93
[8108] = S 3
[8109] = Z 3
[8110] = CNOT 3 93
[8111] = CNOT 3 95
[8112] = Z 3
[8113] = CNOT 3 95
[8114] = CNOT 3 96
[8115] = S 3
[8116] = CNOT 3 96
[8117] = CNOT 3 98
[8118] = Z 3
[8119] = CNOT 3 98
[8120] = CNOT 3 99
[8121] = Z 3
[8122] = CNOT 3 99
[8123] = CNOT 3 101
[8124] = Z 3
[8125] = CNOT 3 101
[8126] = CNOT 3 102
[8127] = Z 3
[8128] = CNOT 3 102
[8129] = CNOT 3 36
[8130] = CNOT 3 37
[8131] = CNOT 3 40
[8132] = S 3
[8133] = Z 3
[8134] = CNOT 3 40
[8135] = CNOT 3 53
[8136] = Z 3
[8137] = CNOT 3 53
[8138] = CNOT 3 55
[8139] = Z 3
[8140] = CNOT 3 55
[8141] = CNOT 3 65
[8142] = Z 3
[8143] = CNOT 3 65
[8144] = CNOT 3 74
[8145] = Z 3
[8146] = CNOT 3 74
[8147] = CNOT 3 75
[8148] = Z 3
[8149] = CNOT 3 75
[8150] = CNOT 3 79
[8151] = Z 3
[8152] = CNOT 3 79
[8153] = CNOT 3 37
[8154] = CNOT 3 38
[8155] = CNOT 3 45
[8156] = Z 3
[8157] = CNOT 3 45
[8158] = CNOT 3 53
[8159] = Z 3
[8160] = CNOT 3 53
[8161] = CNOT 3 54
[8162] = Z 3
[8163] = CNOT 3 54
[8164] = CNOT 3 56
[8165] = Z 3
[8166] = CNOT 3 56
[8167] = CNOT 3 73
[8168] = Z 3
[8169] = CNOT 3 73
[8170] = CNOT 3 74
[8171] = Z 3
[8172] = CNOT 3 74
[8173] = CNOT 3 75
[8174] = Z 3
[8175] = CNOT 3 75
[8176] = CNOT 3 79
[8177] = Z 3
[8178] = CNOT 3 79
[8179] = CNOT 3 81
[8180] = Z 3
[8181] = CNOT 3 81
[8182] = CNOT 3 82
[8183] = Z 3
[8184] = CNOT 3 82
[8185] = CNOT 3 38
[8186] = CNOT 3 40
[8187] = CNOT 3 42
[8188] = S 3
[8189] = Z 3
[8190] = CNOT 3 42
[8191] = CNOT 3 53
[8192] = Z 3
[8193] = CNOT 3 53
[8194] = CNOT 3 55
[8195] = Z 3
[8196] = CNOT 3 55
[8197] = CNOT 3 65
[8198] = Z 3
[8199] = CNOT 3 65
[8200] = CNOT 3 74
[8201] = Z 3
[8202] = CNOT 3 74
[8203] = CNOT 3 75
[8204] = Z 3
[8205] = CNOT 3 75
[8206] = CNOT 3 79
[8207] = Z 3
[8208] = CNOT 3 79
[8209] = CNOT 3 40
[8210] = CNOT 3 42
[8211] = CNOT 3 44
[8212] = S 3
[8213] = Z 3
[8214] = CNOT 3 44
[8215] = CNOT 3 53
[8216] = Z 3
[8217] = CNOT 3 53
[8218] = CNOT 3 55
[8219] = Z 3
[8220] = CNOT 3 55
[8221] = CNOT 3 65
[8222] = Z 3
[8223] = CNOT 3 65
[8224] = CNOT 3 74
[8225] = Z 3
[8226] = CNOT 3 74
[8227] = CNOT 3 75
[8228] = Z 3
[8229] = CNOT 3 75
[8230] = CNOT 3 79
[8231] = Z 3
[8232] = CNOT 3 79
[8233] = CNOT 3 42
[8234] = CNOT 3 43
[8235] = CNOT 3 56
[8236] = Z 3
[8237] = CNOT 3 56
[8238] = CNOT 3 62
[8239] = Z 3
[8240] = CNOT 3 62
[8241] = CNOT 3 65
[8242] = Z 3
[8243] = CNOT 3 65
[8244] = CNOT 3 68
[8245] = Z 3
[8246] = CNOT 3 68
[8247] = CNOT 3 72
[8248] = Z 3
[8249] = CNOT 3 72
[8250] = CNOT 3 74
[8251] = Z 3
[8252] = CNOT 3 74
[8253] = CNOT 3 75
[8254] = Z 3
[8255] = CNOT 3 75
[8256] = CNOT 3 79
[8257] = Z 3
[8258] = CNOT 3 79
[8259] = CNOT 3 81
[8260] = Z 3
[8261] = CNOT 3 81
[8262] = CNOT 3 82
[8263] = Z 3
[8264] = CNOT 3 82
[8265] = CNOT 3 86
[8266] = Z 3
[8267] = CNOT 3 86
[8268] = CNOT 3 91
[8269] = Z 3
[8270] = CNOT 3 91
[8271] = CNOT 3 43
[8272] = CNOT 3 44
[8273] = CNOT 3 46
[8274] = S 3
[8275] = Z 3
[8276] = CNOT 3 46
[8277] = CNOT 3 53
[8278] = Z 3
[8279] = CNOT 3 53
[8280] = CNOT 3 55
[8281] = Z 3
[8282] = CNOT 3 55
[8283] = CNOT 3 65
[8284] = Z 3
[8285] = CNOT 3 65
[8286] = CNOT 3 74
[8287] = Z 3
[8288] = CNOT 3 74
[8289] = CNOT 3 75
[8290] = Z 3
[8291] = CNOT 3 75
[8292] = CNOT 3 79
[8293] = Z 3
[8294] = CNOT 3 79
[8295] = CNOT 3 44
[8296] = CNOT 3 45
[8297] = CNOT 3 47
[8298] = Z 3
[8299] = CNOT 3 47
[8300] = CNOT 3 52
[8301] = S 3
[8302] = Z 3
[8303] = CNOT 3 52
[8304] = CNOT 3 53
[8305] = Z 3
[8306] = CNOT 3 53
[8307] = CNOT 3 54
[8308] = S 3
[8309] = Z 3
[8310] = CNOT 3 54
[8311] = CNOT 3 55
[8312] = S 3
[8313] = Z 3
[8314] = CNOT 3 55
[8315] = CNOT 3 57
[8316] = Z 3
[8317] = CNOT 3 57
[8318] = CNOT 3 58
[8319] = S 3
[8320] = CNOT 3 58
[8321] = CNOT 3 59
[8322] = S 3
[8323] = Z 3
[8324] = CNOT 3 59
[8325] = CNOT 3 62
[8326] = S 3
[8327] = Z 3
[8328] = CNOT 3 62
[8329] = CNOT 3 65
[8330] = S 3
[8331] = Z 3
[8332] = CNOT 3 65
[8333] = CNOT 3 68
[8334] = Z 3
[8335] = CNOT 3 68
[8336] = CNOT 3 71
[8337] = Z 3
[8338] = CNOT 3 71
[8339] = CNOT 3 73
[8340] = Z 3
[8341] = CNOT 3 73
[8342] = CNOT 3 75
[8343] = S 3
[8344] = CNOT 3 75
[8345] = CNOT 3 77
[8346] = Z 3
[8347] = CNOT 3 77
[8348] = CNOT 3 79
[8349] = S 3
[8350] = Z 3
[8351] = CNOT 3 79
[8352] = CNOT 3 80
[8353] = S 3
[8354] = Z 3
[8355] = CNOT 3 80
[8356] = CNOT 3 82
[8357] = Z 3
[8358] = CNOT 3 82
[8359] = CNOT 3 83
[8360] = Z 3
[8361] = CNOT 3 83
[8362] = CNOT 3 84
[8363] = Z 3
[8364] = CNOT 3 84
[8365] = CNOT 3 85
[8366] = Z 3
[8367] = CNOT 3 85
[8368] = CNOT 3 86
[8369] = Z 3
[8370] = CNOT 3 86
[8371] = CNOT 3 88
[8372] = Z 3
[8373] = CNOT 3 88
[8374] = CNOT 3 90
[8375] = Z 3
[8376] = CNOT 3 90
[8377] = CNOT 3 92
[8378] = S 3
[8379] = CNOT 3 92
[8380] = CNOT 3 93
[8381] = S 3
[8382] = Z 3
[8383] = CNOT 3 93
[8384] = CNOT 3 95
[8385] = Z 3
[8386] = CNOT 3 95
[8387] = CNOT 3 96
[8388] = S 3
[8389] = CNOT 3 96
[8390] = CNOT 3 98
[8391] = Z 3
[8392] = CNOT 3 98
[8393] = CNOT 3 99
[8394] = Z 3
[8395] = CNOT 3 99
[8396] = CNOT 3 101
[8397] = Z 3
[8398] = CNOT 3 101
[8399] = CNOT 3 102
[8400] = Z 3
[8401] = CNOT 3 102
[8402] = CNOT 3 45
[8403] = CNOT 3 46
[8404] = CNOT 3 49
[8405] = S 3
[8406] = Z 3
[8407] = CNOT 3 49
[8408] = CNOT 3 53
[8409] = Z 3
[8410] = CNOT 3 53
[8411] = CNOT 3 55
[8412] = Z 3
[8413] = CNOT 3 55
[8414] = CNOT 3 65
[8415] = Z 3
[8416] = CNOT 3 65
[8417] = CNOT 3 74
[8418] = Z 3
[8419] = CNOT 3 74
[8420] = CNOT 3 75
[8421] = Z 3
[8422] = CNOT 3 75
[8423] = CNOT 3 79
[8424] = Z 3
[8425] = CNOT 3 79
[8426] = CNOT 3 46
[8427] = CNOT 3 47
[8428] = CNOT 3 53
[8429] = Z 3
[8430] = CNOT 3 53
[8431] = CNOT 3 54
[8432] = Z 3
[8433] = CNOT 3 54
[8434] = CNOT 3 56
[8435] = Z 3
[8436] = CNOT 3 56
[8437] = CNOT 3 68
[8438] = Z 3
[8439] = CNOT 3 68
[8440] = CNOT 3 72
[8441] = Z 3
[8442] = CNOT 3 72
[8443] = CNOT 3 73
[8444] = Z 3
[8445] = CNOT 3 73
[8446] = CNOT 3 74
[8447] = Z 3
[8448] = CNOT 3 74
[8449] = CNOT 3 75
[8450] = Z 3
[8451] = CNOT 3 75
[8452] = CNOT 3 79
[8453] = Z 3
[8454] = CNOT 3 79
[8455] = CNOT 3 81
[8456] = Z 3
[8457] = CNOT 3 81
[8458] = CNOT 3 82
[8459] = Z 3
[8460] = CNOT 3 82
[8461] = CNOT 3 47
[8462] = CNOT 3 49
[8463] = CNOT 3 51
[8464] = S 3
[8465] = Z 3
[8466] = CNOT 3 51
[8467] = CNOT 3 53
[8468] = Z 3
[8469] = CNOT 3 53
[8470] = CNOT 3 55
[8471] = Z 3
[8472] = CNOT 3 55
[8473] = CNOT 3 65
[8474] = Z 3
[8475] = CNOT 3 65
[8476] = CNOT 3 74
[8477] = Z 3
[8478] = CNOT 3 74
[8479] = CNOT 3 75
[8480] = Z 3
[8481] = CNOT 3 75
[8482] = CNOT 3 79
[8483] = Z 3
[8484] = CNOT 3 79
[8485] = CNOT 3 49
[8486] = CNOT 3 51
[8487] = CNOT 3 53
[8488] = S 3
[8489] = Z 3
[8490] = CNOT 3 53
[8491] = CNOT 3 55
[8492] = Z 3
[8493] = CNOT 3 55
[8494] = CNOT 3 65
[8495] = Z 3
[8496] = CNOT 3 65
[8497] = CNOT 3 74
[8498] = Z 3
[8499] = CNOT 3 74
[8500] = CNOT 3 75
[8501] = Z 3
[8502] = CNOT 3 75
[8503] = CNOT 3 79
[8504] = Z 3
[8505] = CNOT 3 79
[8506] = CNOT 3 51
[8507] = CNOT 3 52
[8508] = CNOT 3 53
[8509] = S 3
[8510] = Z 3
[8511] = CNOT 3 53
[8512] = CNOT 3 54
[8513] = S 3
[8514] = Z 3
[8515] = CNOT 3 54
[8516] = CNOT 3 55
[8517] = S 3
[8518] = Z 3
[8519] = CNOT 3 55
[8520] = CNOT 3 56
[8521] = S 3
[8522] = Z 3
[8523] = CNOT 3 56
[8524] = CNOT 3 59
[8525] = S 3
[8526] = Z 3
[8527] = CNOT 3 59
[8528] = CNOT 3 74
[8529] = S 3
[8530] = Z 3
[8531] = CNOT 3 74
[8532] = CNOT 3 75
[8533] = S 3
[8534] = Z 3
[8535] = CNOT 3 75
[8536] = CNOT 3 79
[8537] = S 3
[8538] = Z 3
[8539] = CNOT 3 79
[8540] = CNOT 3 81
[8541] = S 3
[8542] = Z 3
[8543] = CNOT 3 81
[8544] = CNOT 3 86
[8545] = S 3
[8546] = Z 3
[8547] = CNOT 3 86
[8548] = CNOT 3 52
[8549] = CNOT 3 53
[8550] = CNOT 3 54
[8551] = S 3
[8552] = Z 3
[8553] = CNOT 3 54
[8554] = CNOT 3 55
[8555] = S 3
[8556] = CNOT 3 55
[8557] = CNOT 3 56
[8558] = Z 3
[8559] = CNOT 3 56
[8560] = CNOT 3 57
[8561] = Z 3
[8562] = CNOT 3 57
[8563] = CNOT 3 58
[8564] = S 3
[8565] = CNOT 3 58
[8566] = CNOT 3 59
[8567] = S 3
[8568] = Z 3
[8569] = CNOT 3 59
[8570] = CNOT 3 62
[8571] = S 3
[8572] = Z 3
[8573] = CNOT 3 62
[8574] = CNOT 3 65
[8575] = S 3
[8576] = CNOT 3 65
[8577] = CNOT 3 68
[8578] = Z 3
[8579] = CNOT 3 68
[8580] = CNOT 3 71
[8581] = Z 3
[8582] = CNOT 3 71
[8583] = CNOT 3 74
[8584] = Z 3
[8585] = CNOT 3 74
[8586] = CNOT 3 75
[8587] = S 3
[8588] = Z 3
[8589] = CNOT 3 75
[8590] = CNOT 3 77
[8591] = Z 3
[8592] = CNOT 3 77
[8593] = CNOT 3 79
[8594] = S 3
[8595] = CNOT 3 79
[8596] = CNOT 3 80
[8597] = S 3
[8598] = Z 3
[8599] = CNOT 3 80
[8600] = CNOT 3 83
[8601] = Z 3
[8602] = CNOT 3 83
[8603] = CNOT 3 84
[8604] = Z 3
[8605] = CNOT 3 84
[8606] = CNOT 3 85
[8607] = Z 3
[8608] = CNOT 3 85
[8609] = CNOT 3 86
[8610] = Z 3
[8611] = CNOT 3 86
[8612] = CNOT 3 88
[8613] = Z 3
[8614] = CNOT 3 88
[8615] = CNOT 3 90
[8616] = Z 3
[8617] = CNOT 3 90
[8618] = CNOT 3 92
[8619] = S 3
[8620] = CNOT 3 92
[8621] = CNOT 3 93
[8622] = S 3
[8623] = Z 3
[8624] = CNOT 3 93
[8625] = CNOT 3 95
[8626] = Z 3
[8627] = CNOT 3 95
[8628] = CNOT 3 96
[8629] = S 3
[8630] = CNOT 3 96
[8631] = CNOT 3 98
[8632] = Z 3
[8633] = CNOT 3 98
[8634] = CNOT 3 99
[8635] = Z 3
[8636] = CNOT 3 99
[8637] = CNOT 3 101
[8638] = Z 3
[8639] = CNOT 3 101
[8640] = CNOT 3 102
[8641] = Z 3
[8642] = CNOT 3 102
[8643] = CNOT 3 53
[8644] = CNOT 3 54
[8645] = CNOT 3 55
[8646] = Z 3
[8647] = CNOT 3 55
[8648] = CNOT 3 56
[8649] = S 3
[8650] = Z 3
[8651] = CNOT 3 56
[8652] = CNOT 3 57
[8653] = Z 3
[8654] = CNOT 3 57
[8655] = CNOT 3 58
[8656] = Z 3
[8657] = CNOT 3 58
[8658] = CNOT 3 59
[8659] = S 3
[8660] = Z 3
[8661] = CNOT 3 59
[8662] = CNOT 3 62
[8663] = S 3
[8664] = Z 3
[8665] = CNOT 3 62
[8666] = CNOT 3 64
[8667] = S 3
[8668] = CNOT 3 64
[8669] = CNOT 3 65
[8670] = Z 3
[8671] = CNOT 3 65
[8672] = CNOT 3 68
[8673] = Z 3
[8674] = CNOT 3 68
[8675] = CNOT 3 74
[8676] = S 3
[8677] = Z 3
[8678] = CNOT 3 74
[8679] = CNOT 3 75
[8680] = S 3
[8681] = Z 3
[8682] = CNOT 3 75
[8683] = CNOT 3 77
[8684] = Z 3
[8685] = CNOT 3 77
[8686] = CNOT 3 79
[8687] = S 3
[8688] = Z 3
[8689] = CNOT 3 79
[8690] = CNOT 3 82
[8691] = S 3
[8692] = CNOT 3 82
[8693] = CNOT 3 86
[8694] = Z 3
[8695] = CNOT 3 86
[8696] = CNOT 3 54
[8697] = CNOT 3 55
[8698] = CNOT 3 56
[8699] = S 3
[8700] = Z 3
[8701] = CNOT 3 56
[8702] = CNOT 3 57
[8703] = Z 3
[8704] = CNOT 3 57
[8705] = CNOT 3 58
[8706] = S 3
[8707] = CNOT 3 58
[8708] = CNOT 3 59
[8709] = S 3
[8710] = Z 3
[8711] = CNOT 3 59
[8712] = CNOT 3 64
[8713] = Z 3
[8714] = CNOT 3 64
[8715] = CNOT 3 65
[8716] = S 3
[8717] = CNOT 3 65
[8718] = CNOT 3 71
[8719] = Z 3
[8720] = CNOT 3 71
[8721] = CNOT 3 73
[8722] = S 3
[8723] = CNOT 3 73
[8724] = CNOT 3 74
[8725] = S 3
[8726] = CNOT 3 74
[8727] = CNOT 3 75
[8728] = Z 3
[8729] = CNOT 3 75
[8730] = CNOT 3 77
[8731] = Z 3
[8732] = CNOT 3 77
[8733] = CNOT 3 80
[8734] = S 3
[8735] = Z 3
[8736] = CNOT 3 80
[8737] = CNOT 3 81
[8738] = S 3
[8739] = Z 3
[8740] = CNOT 3 81
[8741] = CNOT 3 82
[8742] = S 3
[8743] = Z 3
[8744] = CNOT 3 82
[8745] = CNOT 3 83
[8746] = Z 3
[8747] = CNOT 3 83
[8748] = CNOT 3 84
[8749] = Z 3
[8750] = CNOT 3 84
[8751] = CNOT 3 85
[8752] = Z 3
[8753] = CNOT 3 85
[8754] = CNOT 3 86
[8755] = S 3
[8756] = Z 3
[8757] = CNOT 3 86
[8758] = CNOT 3 88
[8759] = Z 3
[8760] = CNOT 3 88
[8761] = CNOT 3 90
[8762] = Z 3
[8763] = CNOT 3 90
[8764] = CNOT 3 92
[8765] = S 3
[8766] = CNOT 3 92
[8767] = CNOT 3 93
[8768] = S 3
[8769] = Z 3
[8770] = CNOT 3 93
[8771] = CNOT 3 95
[8772] = Z 3
[8773] = CNOT 3 95
[8774] = CNOT 3 96
[8775] = S 3
[8776] = CNOT 3 96
[8777] = CNOT 3 98
[8778] = Z 3
[8779] = CNOT 3 98
[8780] = CNOT 3 99
[8781] = Z 3
[8782] = CNOT 3 99
[8783] = CNOT 3 101
[8784] = Z 3
[8785] = CNOT 3 101
[8786] = CNOT 3 102
[8787] = Z 3
[8788] = CNOT 3 102
[8789] = CNOT 3 55
[8790] = CNOT 3 56
[8791] = CNOT 3 57
[8792] = Z 3
[8793] = CNOT 3 57
[8794] = CNOT 3 58
[8795] = S 3
[8796] = CNOT 3 58
[8797] = CNOT 3 59
[8798] = S 3
[8799] = Z 3
[8800] = CNOT 3 59
[8801] = CNOT 3 62
[8802] = S 3
[8803] = CNOT 3 62
[8804] = CNOT 3 65
[8805] = S 3
[8806] = CNOT 3 65
[8807] = CNOT 3 71
[8808] = Z 3
[8809] = CNOT 3 71
[8810] = CNOT 3 72
[8811] = Z 3
[8812] = CNOT 3 72
[8813] = CNOT 3 73
[8814] = Z 3
[8815] = CNOT 3 73
[8816] = CNOT 3 74
[8817] = Z 3
[8818] = CNOT 3 74
[8819] = CNOT 3 75
[8820] = S 3
[8821] = Z 3
[8822] = CNOT 3 75
[8823] = CNOT 3 77
[8824] = Z 3
[8825] = CNOT 3 77
[8826] = CNOT 3 79
[8827] = S 3
[8828] = CNOT 3 79
[8829] = CNOT 3 80
[8830] = S 3
[8831] = Z 3
[8832] = CNOT 3 80
[8833] = CNOT 3 81
[8834] = Z 3
[8835] = CNOT 3 81
[8836] = CNOT 3 83
[8837] = Z 3
[8838] = CNOT 3 83
[8839] = CNOT 3 84
[8840] = Z 3
[8841] = CNOT 3 84
[8842] = CNOT 3 85
[8843] = Z 3
[8844] = CNOT 3 85
[8845] = CNOT 3 88
[8846] = Z 3
[8847] = CNOT 3 88
[8848] = CNOT 3 90
[8849] = Z 3
[8850] = CNOT 3 90
[8851] = CNOT 3 91
[8852] = Z 3
[8853] = CNOT 3 91
[8854] = CNOT 3 92
[8855] = S 3
[8856] = CNOT 3 92
[8857] = CNOT 3 93
[8858] = S 3
[8859] = Z 3
[8860] = CNOT 3 93
[8861] = CNOT 3 95
[8862] = Z 3
[8863] = CNOT 3 95
[8864] = CNOT 3 96
[8865] = S 3
[8866] = CNOT 3 96
[8867] = CNOT 3 98
[8868] = Z 3
[8869] = CNOT 3 98
[8870] = CNOT 3 99
[8871] = Z 3
[8872] = CNOT 3 99
[8873] = CNOT 3 101
[8874] = Z 3
[8875] = CNOT 3 101
[8876] = CNOT 3 102
[8877] = Z 3
[8878] = CNOT 3 102
[8879] = CNOT 3 56
[8880] = CNOT 3 57
[8881] = CNOT 3 58
[8882] = S 3
[8883] = Z 3
[8884] = CNOT 3 58
[8885] = CNOT 3 65
[8886] = S 3
[8887] = Z 3
[8888] = CNOT 3 65
[8889] = CNOT 3 73
[8890] = Z 3
[8891] = CNOT 3 73
[8892] = CNOT 3 74
[8893] = Z 3
[8894] = CNOT 3 74
[8895] = CNOT 3 75
[8896] = Z 3
[8897] = CNOT 3 75
[8898] = CNOT 3 79
[8899] = Z 3
[8900] = CNOT 3 79
[8901] = CNOT 3 82
[8902] = Z 3
[8903] = CNOT 3 82
[8904] = CNOT 3 57
[8905] = CNOT 3 58
[8906] = CNOT 3 64
[8907] = Z 3
[8908] = CNOT 3 64
[8909] = CNOT 3 65
[8910] = S 3
[8911] = CNOT 3 65
[8912] = CNOT 3 71
[8913] = Z 3
[8914] = CNOT 3 71
[8915] = CNOT 3 73
[8916] = Z 3
[8917] = CNOT 3 73
[8918] = CNOT 3 74
[8919] = S 3
[8920] = CNOT 3 74
[8921] = CNOT 3 75
[8922] = Z 3
[8923] = CNOT 3 75
[8924] = CNOT 3 80
[8925] = S 3
[8926] = Z 3
[8927] = CNOT 3 80
[8928] = CNOT 3 82
[8929] = S 3
[8930] = CNOT 3 82
[8931] = CNOT 3 83
[8932] = Z 3
[8933] = CNOT 3 83
[8934] = CNOT 3 84
[8935] = Z 3
[8936] = CNOT 3 84
[8937] = CNOT 3 85
[8938] = Z 3
[8939] = CNOT 3 85
[8940] = CNOT 3 88
[8941] = Z 3
[8942] = CNOT 3 88
[8943] = CNOT 3 90
[8944] = Z 3
[8945] = CNOT 3 90
[8946] = CNOT 3 92
[8947] = S 3
[8948] = CNOT 3 92
[8949] = CNOT 3 93
[8950] = S 3
[8951] = Z 3
[8952] = CNOT 3 93
[8953] = CNOT 3 95
[8954] = Z 3
[8955] = CNOT 3 95
[8956] = CNOT 3 96
[8957] = S 3
[8958] = CNOT 3 96
[8959] = CNOT 3 98
[8960] = Z 3
[8961] = CNOT 3 98
[8962] = CNOT 3 99
[8963] = Z 3
[8964] = CNOT 3 99
[8965] = CNOT 3 101
[8966] = Z 3
[8967] = CNOT 3 101
[8968] = CNOT 3 102
[8969] = Z 3
[8970] = CNOT 3 102
[8971] = CNOT 3 58
[8972] = CNOT 3 59
[8973] = CNOT 3 74
[8974] = S 3
[8975] = Z 3
[8976] = CNOT 3 74
[8977] = CNOT 3 75
[8978] = S 3
[8979] = Z 3
[8980] = CNOT 3 75
[8981] = CNOT 3 79
[8982] = S 3
[8983] = Z 3
[8984] = CNOT 3 79
[8985] = CNOT 3 81
[8986] = S 3
[8987] = Z 3
[8988] = CNOT 3 81
[8989] = CNOT 3 86
[8990] = S 3
[8991] = Z 3
[8992] = CNOT 3 86
[8993] = CNOT 3 59
[8994] = CNOT 3 62
[8995] = CNOT 3 65
[8996] = S 3
[8997] = CNOT 3 65
[8998] = CNOT 3 68
[8999] = Z 3
[9000] = CNOT 3 68
[9001] = CNOT 3 72
[9002] = Z 3
[9003] = CNOT 3 72
[9004] = CNOT 3 73
[9005] = Z 3
[9006] = CNOT 3 73
[9007] = CNOT 3 81
[9008] = S 3
[9009] = CNOT 3 81
[9010] = CNOT 3 82
[9011] = Z 3
[9012] = CNOT 3 82
[9013] = CNOT 3 86
[9014] = S 3
[9015] = CNOT 3 86
[9016] = CNOT 3 91
[9017] = Z 3
[9018] = CNOT 3 91
[9019] = CNOT 3 62
[9020] = CNOT 3 64
[9021] = CNOT 3 65
[9022] = Z 3
[9023] = CNOT 3 65
[9024] = CNOT 3 68
[9025] = Z 3
[9026] = CNOT 3 68
[9027] = CNOT 3 71
[9028] = S 3
[9029] = Z 3
[9030] = CNOT 3 71
[9031] = CNOT 3 72
[9032] = S 3
[9033] = Z 3
[9034] = CNOT 3 72
[9035] = CNOT 3 81
[9036] = Z 3
[9037] = CNOT 3 81
[9038] = CNOT 3 64
[9039] = CNOT 3 65
[9040] = CNOT 3 68
[9041] = Z 3
[9042] = CNOT 3 68
[9043] = CNOT 3 71
[9044] = Z 3
[9045] = CNOT 3 71
[9046] = CNOT 3 72
[9047] = Z 3
[9048] = CNOT 3 72
[9049] = CNOT 3 73
[9050] = S 3
[9051] = Z 3
[9052] = CNOT 3 73
[9053] = CNOT 3 74
[9054] = Z 3
[9055] = CNOT 3 74
[9056] = CNOT 3 75
[9057] = S 3
[9058] = Z 3
[9059] = CNOT 3 75
[9060] = CNOT 3 79
[9061] = S 3
[9062] = CNOT 3 79
[9063] = CNOT 3 80
[9064] = S 3
[9065] = Z 3
[9066] = CNOT 3 80
[9067] = CNOT 3 81
[9068] = Z 3
[9069] = CNOT 3 81
[9070] = CNOT 3 82
[9071] = S 3
[9072] = CNOT 3 82
[9073] = CNOT 3 83
[9074] = Z 3
[9075] = CNOT 3 83
[9076] = CNOT 3 84
[9077] = Z 3
[9078] = CNOT 3 84
[9079] = CNOT 3 85
[9080] = Z 3
[9081] = CNOT 3 85
[9082] = CNOT 3 86
[9083] = Z 3
[9084] = CNOT 3 86
[9085] = CNOT 3 88
[9086] = Z 3
[9087] = CNOT 3 88
[9088] = CNOT 3 90
[9089] = Z 3
[9090] = CNOT 3 90
[9091] = CNOT 3 91
[9092] = Z 3
[9093] = CNOT 3 91
[9094] = CNOT 3 92
[9095] = S 3
[9096] = CNOT 3 92
[9097] = CNOT 3 93
[9098] = S 3
[9099] = Z 3
[9100] = CNOT 3 93
[9101] = CNOT 3 95
[9102] = Z 3
[9103] = CNOT 3 95
[9104] = CNOT 3 96
[9105] = S 3
[9106] = CNOT 3 96
[9107] = CNOT 3 98
[9108] = Z 3
[9109] = CNOT 3 98
[9110] = CNOT 3 99
[9111] = Z 3
[9112] = CNOT 3 99
[9113] = CNOT 3 101
[9114] = Z 3
[9115] = CNOT 3 101
[9116] = CNOT 3 102
[9117] = Z 3
[9118] = CNOT 3 102
[9119] = CNOT 3 65
[9120] = CNOT 3 68
[9121] = CNOT 3 72
[9122] = Z 3
[9123] = CNOT 3 72
[9124] = CNOT 3 73
[9125] = Z 3
[9126] = CNOT 3 73
[9127] = CNOT 3 86
[9128] = Z 3
[9129] = CNOT 3 86
[9130] = CNOT 3 91
[9131] = Z 3
[9132] = CNOT 3 91
[9133] = CNOT 3 68
[9134] = CNOT 3 71
[9135] = CNOT 3 73
[9136] = Z 3
[9137] = CNOT 3 73
[9138] = CNOT 3 74
[9139] = Z 3
[9140] = CNOT 3 74
[9141] = CNOT 3 75
[9142] = S 3
[9143] = Z 3
[9144] = CNOT 3 75
[9145] = CNOT 3 79
[9146] = Z 3
[9147] = CNOT 3 79
[9148] = CNOT 3 82
[9149] = Z 3
[9150] = CNOT 3 82
[9151] = CNOT 3 71
[9152] = CNOT 3 72
[9153] = CNOT 3 74
[9154] = Z 3
[9155] = CNOT 3 74
[9156] = CNOT 3 75
[9157] = Z 3
[9158] = CNOT 3 75
[9159] = CNOT 3 79
[9160] = Z 3
[9161] = CNOT 3 79
[9162] = CNOT 3 81
[9163] = Z 3
[9164] = CNOT 3 81
[9165] = CNOT 3 82
[9166] = Z 3
[9167] = CNOT 3 82
[9168] = CNOT 3 86
[9169] = Z 3
[9170] = CNOT 3 86
[9171] = CNOT 3 91
[9172] = Z 3
[9173] = CNOT 3 91
[9174] = CNOT 3 72
[9175] = CNOT 3 73
[9176] = CNOT 3 74
[9177] = S 3
[9178] = CNOT 3 74
[9179] = CNOT 3 75
[9180] = Z 3
[9181] = CNOT 3 75
[9182] = CNOT 3 77
[9183] = Z 3
[9184] = CNOT 3 77
[9185] = CNOT 3 81
[9186] = S 3
[9187] = CNOT 3 81
[9188] = CNOT 3 82
[9189] = S 3
[9190] = Z 3
[9191] = CNOT 3 82
[9192] = CNOT 3 83
[9193] = Z 3
[9194] = CNOT 3 83
[9195] = CNOT 3 84
[9196] = S 3
[9197] = Z 3
[9198] = CNOT 3 84
[9199] = CNOT 3 85
[9200] = S 3
[9201] = Z 3
[9202] = CNOT 3 85
[9203] = CNOT 3 86
[9204] = S 3
[9205] = Z 3
[9206] = CNOT 3 86
[9207] = CNOT 3 88
[9208] = S 3
[9209] = Z 3
[9210] = CNOT 3 88
[9211] = CNOT 3 90
[9212] = S 3
[9213] = Z 3
[9214] = CNOT 3 90
[9215] = CNOT 3 92
[9216] = S 3
[9217] = CNOT 3 92
[9218] = CNOT 3 95
[9219] = Z 3
[9220] = CNOT 3 95
[9221] = CNOT 3 96
[9222] = S 3
[9223] = CNOT 3 96
[9224] = CNOT 3 98
[9225] = S 3
[9226] = Z 3
[9227] = CNOT 3 98
[9228] = CNOT 3 99
[9229] = Z 3
[9230] = CNOT 3 99
[9231] = CNOT 3 101
[9232] = S 3
[9233] = Z 3
[9234] = CNOT 3 101
[9235] = CNOT 3 102
[9236] = Z 3
[9237] = CNOT 3 102
[9238] = CNOT 3 73
[9239] = CNOT 3 74
[9240] = CNOT 3 77
[9241] = Z 3
[9242] = CNOT 3 77
[9243] = CNOT 3 79
[9244] = Z 3
[9245] = CNOT 3 79
[9246] = CNOT 3 80
[9247] = S 3
[9248] = Z 3
[9249] = CNOT 3 80
[9250] = CNOT 3 81
[9251] = Z 3
[9252] = CNOT 3 81
[9253] = CNOT 3 83
[9254] = Z 3
[9255] = CNOT 3 83
[9256] = CNOT 3 84
[9257] = Z 3
[9258] = CNOT 3 84
[9259] = CNOT 3 85
[9260] = Z 3
[9261] = CNOT 3 85
[9262] = CNOT 3 88
[9263] = Z 3
[9264] = CNOT 3 88
[9265] = CNOT 3 90
[9266] = Z 3
[9267] = CNOT 3 90
[9268] = CNOT 3 91
[9269] = Z 3
[9270] = CNOT 3 91
[9271] = CNOT 3 92
[9272] = S 3
[9273] = CNOT 3 92
[9274] = CNOT 3 93
[9275] = S 3
[9276] = Z 3
[9277] = CNOT 3 93
[9278] = CNOT 3 95
[9279] = Z 3
[9280] = CNOT 3 95
[9281] = CNOT 3 96
[9282] = S 3
[9283] = CNOT 3 96
[9284] = CNOT 3 98
[9285] = Z 3
[9286] = CNOT 3 98
[9287] = CNOT 3 99
[9288] = Z 3
[9289] = CNOT 3 99
[9290] = CNOT 3 101
[9291] = Z 3
[9292] = CNOT 3 101
[9293] = CNOT 3 102
[9294] = Z 3
[9295] = CNOT 3 102
[9296] = CNOT 3 74
[9297] = CNOT 3 75
[9298] = CNOT 3 77
[9299] = Z 3
[9300] = CNOT 3 77
[9301] = CNOT 3 79
[9302] = S 3
[9303] = CNOT 3 79
[9304] = CNOT 3 80
[9305] = Z 3
[9306] = CNOT 3 80
[9307] = CNOT 3 81
[9308] = Z 3
[9309] = CNOT 3 81
[9310] = CNOT 3 82
[9311] = S 3
[9312] = CNOT 3 82
[9313] = CNOT 3 83
[9314] = S 3
[9315] = Z 3
[9316] = CNOT 3 83
[9317] = CNOT 3 84
[9318] = S 3
[9319] = Z 3
[9320] = CNOT 3 84
[9321] = CNOT 3 91
[9322] = Z 3
[9323] = CNOT 3 91
[9324] = CNOT 3 92
[9325] = S 3
[9326] = Z 3
[9327] = CNOT 3 92
[9328] = CNOT 3 95
[9329] = S 3
[9330] = Z 3
[9331] = CNOT 3 95
[9332] = CNOT 3 102
[9333] = S 3
[9334] = Z 3
[9335] = CNOT 3 102
[9336] = CNOT 3 75
[9337] = CNOT 3 77
[9338] = CNOT 3 79
[9339] = Z 3
[9340] = CNOT 3 77
[9341] = CNOT 3 80
[9342] = Z 3
[9343] = CNOT 3 80
[9344] = CNOT 3 81
[9345] = Z 3
[9346] = CNOT 3 81
[9347] = CNOT 3 82
[9348] = S 3
[9349] = Z 3
[9350] = CNOT 3 82
[9351] = CNOT 3 83
[9352] = Z 3
[9353] = CNOT 3 83
[9354] = CNOT 3 91
[9355] = Z 3
[9356] = CNOT 3 91
[9357] = CNOT 3 95
[9358] = Z 3
[9359] = CNOT 3 95
[9360] = CNOT 3 102
[9361] = Z 3
[9362] = CNOT 3 102
[9363] = CNOT 3 79
[9364] = CNOT 3 80
[9365] = CNOT 3 82
[9366] = S 3
[9367] = Z 3
[9368] = CNOT 3 82
[9369] = CNOT 3 83
[9370] = S 3
[9371] = Z 3
[9372] = CNOT 3 83
[9373] = CNOT 3 84
[9374] = Z 3
[9375] = CNOT 3 84
[9376] = CNOT 3 85
[9377] = Z 3
[9378] = CNOT 3 85
[9379] = CNOT 3 88
[9380] = Z 3
[9381] = CNOT 3 88
[9382] = CNOT 3 90
[9383] = Z 3
[9384] = CNOT 3 90
[9385] = CNOT 3 92
[9386] = S 3
[9387] = CNOT 3 92
[9388] = CNOT 3 93
[9389] = S 3
[9390] = Z 3
[9391] = CNOT 3 93
[9392] = CNOT 3 96
[9393] = S 3
[9394] = CNOT 3 96
[9395] = CNOT 3 98
[9396] = Z 3
[9397] = CNOT 3 98
[9398] = CNOT 3 99
[9399] = Z 3
[9400] = CNOT 3 99
[9401] = CNOT 3 101
[9402] = Z 3
[9403] = CNOT 3 101
[9404] = CNOT 3 80
[9405] = CNOT 3 81
[9406] = CNOT 3 82
[9407] = S 3
[9408] = CNOT 3 82
[9409] = CNOT 3 91
[9410] = Z 3
[9411] = CNOT 3 91
[9412] = CNOT 3 81
[9413] = CNOT 3 82
[9414] = CNOT 3 83
[9415] = Z 3
[9416] = CNOT 3 83
[9417] = CNOT 3 84
[9418] = Z 3
[9419] = CNOT 3 84
[9420] = CNOT 3 85
[9421] = Z 3
[9422] = CNOT 3 85
[9423] = CNOT 3 86
[9424] = Z 3
[9425] = CNOT 3 86
[9426] = CNOT 3 88
[9427] = Z 3
[9428] = CNOT 3 88
[9429] = CNOT 3 90
[9430] = Z 3
[9431] = CNOT 3 90
[9432] = CNOT 3 91
[9433] = Z 3
[9434] = CNOT 3 91
[9435] = CNOT 3 92
[9436] = S 3
[9437] = CNOT 3 92
[9438] = CNOT 3 93
[9439] = S 3
[9440] = Z 3
[9441] = CNOT 3 93
[9442] = CNOT 3 95
[9443] = Z 3
[9444] = CNOT 3 95
[9445] = CNOT 3 96
[9446] = S 3
[9447] = CNOT 3 96
[9448] = CNOT 3 98
[9449] = Z 3
[9450] = CNOT 3 98
[9451] = CNOT 3 99
[9452] = Z 3
[9453] = CNOT 3 99
[9454] = CNOT 3 101
[9455] = Z 3
[9456] = CNOT 3 101
[9457] = CNOT 3 102
[9458] = Z 3
[9459] = CNOT 3 102
[9460] = CNOT 3 82
[9461] = CNOT 3 83
[9462] = CNOT 3 95
[9463] = S 3
[9464] = Z 3
[9465] = CNOT 3 95
[9466] = CNOT 3 102
[9467] = S 3
[9468] = Z 3
[9469] = CNOT 3 102
[9470] = CNOT 3 83
[9471] = CNOT 3 84
[9472] = CNOT 3 85
[9473] = S 3
[9474] = Z 3
[9475] = CNOT 3 85
[9476] = CNOT 3 92
[9477] = Z 3
[9478] = CNOT 3 92
[9479] = CNOT 3 84
[9480] = CNOT 3 85
[9481] = CNOT 3 88
[9482] = S 3
[9483] = Z 3
[9484] = CNOT 3 88
[9485] = CNOT 3 92
[9486] = Z 3
[9487] = CNOT 3 92
[9488] = CNOT 3 85
[9489] = CNOT 3 86
[9490] = CNOT 3 91
[9491] = Z 3
[9492] = CNOT 3 91
[9493] = CNOT 3 86
[9494] = CNOT 3 88
[9495] = CNOT 3 90
[9496] = S 3
[9497] = Z 3
[9498] = CNOT 3 90
[9499] = CNOT 3 92
[9500] = Z 3
[9501] = CNOT 3 88
[9502] = CNOT 3 90
[9503] = Z 3
[9504] = CNOT 3 92
[9505] = CNOT 3 93
[9506] = S 3
[9507] = Z 3
[9508] = CNOT 3 90
[9509] = CNOT 3 92
[9510] = S 3
[9511] = Z 3
[9512] = CNOT 3 93
[9513] = CNOT 3 96
[9514] = S 3
[9515] = CNOT 3 96
[9516] = CNOT 3 98
[9517] = Z 3
[9518] = CNOT 3 98
[9519] = CNOT 3 99
[9520] = Z 3
[9521] = CNOT 3 99
[9522] = CNOT 3 101
[9523] = Z 3
[9524] = CNOT 3 101
[9525] = CNOT 3 92
[9526] = CNOT 3 93
[9527] = CNOT 3 96
[9528] = Z 3
[9529] = CNOT 3 96
[9530] = CNOT 3 98
[9531] = S 3
[9532] = Z 3
[9533] = CNOT 3 98
[9534] = CNOT 3 99
[9535] = Z 3
[9536] = CNOT 3 99
[9537] = CNOT 3 93
[9538] = CNOT 3 95
[9539] = CNOT 3 102
[9540] = Z 3
[9541] = CNOT 3 102
[9542] = CNOT 3 95
[9543] = CNOT 3 96
[9544] = CNOT 3 98
[9545] = S 3
[9546] = Z 3
[9547] = CNOT 3 98
[9548] = CNOT 3 99
[9549] = S 3
[9550] = Z 3
[9551] = CNOT 3 99
[9552] = CNOT 3 101
[9553] = S 3
[9554] = Z 3
[9555] = CNOT 3 96
[9556] = CNOT 3 98
[9557] = S 3
[9558] = Z 3
[9559] = CNOT 3 101
[9560] = CNOT 3 98
[9561] = CNOT 4 12
[9562] = CNOT 4 14
[9563] = Z 4
[9564] = CNOT 4 14
[9565] = CNOT 4 15
[9566] = Z 4
[9567] = CNOT 4 15
[9568] = CNOT 4 34
[9569] = S 4
[9570] = Z 4
[9571] = CNOT 4 34
[9572] = CNOT 4 36
[9573] = Z 4
[9574] = CNOT 4 36
[9575] = CNOT 4 45
[9576] = Z 4
[9577] = CNOT 4 45
[9578] = CNOT 4 47
[9579] = S 4
[9580] = Z 4
[9581] = CNOT 4 47
[9582] = CNOT 4 53
[9583] = Z 4
[9584] = CNOT 4 53
[9585] = CNOT 4 54
[9586] = Z 4
[9587] = CNOT 4 54
[9588] = CNOT 4 56
[9589] = Z 4
[9590] = CNOT 4 56
[9591] = CNOT 4 68
[9592] = Z 4
[9593] = CNOT 4 68
[9594] = CNOT 4 72
[9595] = Z 4
[9596] = CNOT 4 72
[9597] = CNOT 4 73
[9598] = Z 4
[9599] = CNOT 4 73
[9600] = CNOT 4 74
[9601] = Z 4
[9602] = CNOT 4 74
[9603] = CNOT 4 75
[9604] = Z 4
[9605] = CNOT 4 75
[9606] = CNOT 4 79
[9607] = Z 4
[9608] = CNOT 4 79
[9609] = CNOT 4 81
[9610] = Z 4
[9611] = CNOT 4 81
[9612] = CNOT 4 82
[9613] = Z 4
[9614] = CNOT 4 82
[9615] = CNOT 4 12
[9616] = CNOT 4 14
[9617] = CNOT 4 15
[9618] = Z 4
[9619] = CNOT 4 15
[9620] = CNOT 4 34
[9621] = S 4
[9622] = Z 4
[9623] = CNOT 4 34
[9624] = CNOT 4 36
[9625] = Z 4
[9626] = CNOT 4 36
[9627] = CNOT 4 45
[9628] = Z 4
[9629] = CNOT 4 45
[9630] = CNOT 4 47
[9631] = S 4
[9632] = Z 4
[9633] = CNOT 4 47
[9634] = CNOT 4 53
[9635] = Z 4
[9636] = CNOT 4 53
[9637] = CNOT 4 54
[9638] = Z 4
[9639] = CNOT 4 54
[9640] = CNOT 4 56
[9641] = Z 4
[9642] = CNOT 4 56
[9643] = CNOT 4 68
[9644] = Z 4
[9645] = CNOT 4 68
[9646] = CNOT 4 72
[9647] = Z 4
[9648] = CNOT 4 72
[9649] = CNOT 4 73
[9650] = Z 4
[9651] = CNOT 4 73
[9652] = CNOT 4 74
[9653] = Z 4
[9654] = CNOT 4 74
[9655] = CNOT 4 75
[9656] = Z 4
[9657] = CNOT 4 75
[9658] = CNOT 4 79
[9659] = Z 4
[9660] = CNOT 4 79
[9661] = CNOT 4 81
[9662] = Z 4
[9663] = CNOT 4 81
[9664] = CNOT 4 82
[9665] = Z 4
[9666] = CNOT 4 82
[9667] = CNOT 4 14
[9668] = CNOT 4 15
[9669] = CNOT 4 34
[9670] = S 4
[9671] = Z 4
[9672] = CNOT 4 34
[9673] = CNOT 4 36
[9674] = Z 4
[9675] = CNOT 4 36
[9676] = CNOT 4 45
[9677] = Z 4
[9678] = CNOT 4 45
[9679] = CNOT 4 47
[9680] = S 4
[9681] = Z 4
[9682] = CNOT 4 47
[9683] = CNOT 4 53
[9684] = Z 4
[9685] = CNOT 4 53
[9686] = CNOT 4 54
[9687] = Z 4
[9688] = CNOT 4 54
[9689] = CNOT 4 56
[9690] = Z 4
[9691] = CNOT 4 56
[9692] = CNOT 4 68
[9693] = Z 4
[9694] = CNOT 4 68
[9695] = CNOT 4 72
[9696] = Z 4
[9697] = CNOT 4 72
[9698] = CNOT 4 73
[9699] = Z 4
[9700] = CNOT 4 73
[9701] = CNOT 4 74
[9702] = Z 4
[9703] = CNOT 4 74
[9704] = CNOT 4 75
[9705] = Z 4
[9706] = CNOT 4 75
[9707] = CNOT 4 79
[9708] = Z 4
[9709] = CNOT 4 79
[9710] = CNOT 4 81
[9711] = Z 4
[9712] = CNOT 4 81
[9713] = CNOT 4 82
[9714] = Z 4
[9715] = CNOT 4 82
[9716] = CNOT 4 15
[9717] = CNOT 4 34
[9718] = CNOT 4 36
[9719] = S 4
[9720] = Z 4
[9721] = CNOT 4 36
[9722] = CNOT 4 45
[9723] = S 4
[9724] = Z 4
[9725] = CNOT 4 45
[9726] = CNOT 4 53
[9727] = S 4
[9728] = Z 4
[9729] = CNOT 4 53
[9730] = CNOT 4 54
[9731] = S 4
[9732] = Z 4
[9733] = CNOT 4 54
[9734] = CNOT 4 56
[9735] = S 4
[9736] = Z 4
[9737] = CNOT 4 56
[9738] = CNOT 4 68
[9739] = S 4
[9740] = Z 4
[9741] = CNOT 4 68
[9742] = CNOT 4 72
[9743] = S 4
[9744] = Z 4
[9745] = CNOT 4 72
[9746] = CNOT 4 73
[9747] = S 4
[9748] = Z 4
[9749] = CNOT 4 73
[9750] = CNOT 4 74
[9751] = S 4
[9752] = Z 4
[9753] = CNOT 4 74
[9754] = CNOT 4 75
[9755] = S 4
[9756] = Z 4
[9757] = CNOT 4 75
[9758] = CNOT 4 79
[9759] = S 4
[9760] = Z 4
[9761] = CNOT 4 79
[9762] = CNOT 4 81
[9763] = S 4
[9764] = Z 4
[9765] = CNOT 4 81
[9766] = CNOT 4 82
[9767] = S 4
[9768] = Z 4
[9769] = CNOT 4 82
[9770] = CNOT 4 34
[9771] = CNOT 4 36
[9772] = CNOT 4 45
[9773] = Z 4
[9774] = CNOT 4 45
[9775] = CNOT 4 47
[9776] = S 4
[9777] = Z 4
[9778] = CNOT 4 47
[9779] = CNOT 4 53
[9780] = Z 4
[9781] = CNOT 4 53
[9782] = CNOT 4 54
[9783] = Z 4
[9784] = CNOT 4 54
[9785] = CNOT 4 56
[9786] = Z 4
[9787] = CNOT 4 56
[9788] = CNOT 4 68
[9789] = Z 4
[9790] = CNOT 4 68
[9791] = CNOT 4 72
[9792] = Z 4
[9793] = CNOT 4 72
[9794] = CNOT 4 73
[9795] = Z 4
[9796] = CNOT 4 73
[9797] = CNOT 4 74
[9798] = Z 4
[9799] = CNOT 4 74
[9800] = CNOT 4 75
[9801] = Z 4
[9802] = CNOT 4 75
[9803] = CNOT 4 79
[9804] = Z 4
[9805] = CNOT 4 79
[9806] = CNOT 4 81
[9807] = Z 4
[9808] = CNOT 4 81
[9809] = CNOT 4 82
[9810] = Z 4
[9811] = CNOT 4 82
[9812] = CNOT 4 36
[9813] = CNOT 4 45
[9814] = CNOT 4 47
[9815] = S 4
[9816] = Z 4
[9817] = CNOT 4 47
[9818] = CNOT 4 53
[9819] = Z 4
[9820] = CNOT 4 53
[9821] = CNOT 4 54
[9822] = Z 4
[9823] = CNOT 4 54
[9824] = CNOT 4 56
[9825] = Z 4
[9826] = CNOT 4 56
[9827] = CNOT 4 68
[9828] = Z 4
[9829] = CNOT 4 68
[9830] = CNOT 4 72
[9831] = Z 4
[9832] = CNOT 4 72
[9833] = CNOT 4 73
[9834] = Z 4
[9835] = CNOT 4 73
[9836] = CNOT 4 74
[9837] = Z 4
[9838] = CNOT 4 74
[9839] = CNOT 4 75
[9840] = Z 4
[9841] = CNOT 4 75
[9842] = CNOT 4 79
[9843] = Z 4
[9844] = CNOT 4 79
[9845] = CNOT 4 81
[9846] = Z 4
[9847] = CNOT 4 81
[9848] = CNOT 4 82
[9849] = Z 4
[9850] = CNOT 4 82
[9851] = CNOT 4 45
[9852] = CNOT 4 47
[9853] = CNOT 4 53
[9854] = S 4
[9855] = Z 4
[9856] = CNOT 4 53
[9857] = CNOT 4 54
[9858] = S 4
[9859] = Z 4
[9860] = CNOT 4 54
[9861] = CNOT 4 56
[9862] = S 4
[9863] = Z 4
[9864] = CNOT 4 56
[9865] = CNOT 4 68
[9866] = S 4
[9867] = Z 4
[9868] = CNOT 4 68
[9869] = CNOT 4 72
[9870] = S 4
[9871] = Z 4
[9872] = CNOT 4 72
[9873] = CNOT 4 73
[9874] = S 4
[9875] = Z 4
[9876] = CNOT 4 73
[9877] = CNOT 4 74
[9878] = S 4
[9879] = Z 4
[9880] = CNOT 4 74
[9881] = CNOT 4 75
[9882] = S 4
[9883] = Z 4
[9884] = CNOT 4 75
[9885] = CNOT 4 79
[9886] = S 4
[9887] = Z 4
[9888] = CNOT 4 79
[9889] = CNOT 4 81
[9890] = S 4
[9891] = Z 4
[9892] = CNOT 4 81
[9893] = CNOT 4 82
[9894] = S 4
[9895] = Z 4
[9896] = CNOT 4 82
[9897] = CNOT 4 47
[9898] = CNOT 4 53
[9899] = CNOT 4 54
[9900] = Z 4
[9901] = CNOT 4 54
[9902] = CNOT 4 56
[9903] = Z 4
[9904] = CNOT 4 56
[9905] = CNOT 4 68
[9906] = Z 4
[9907] = CNOT 4 68
[9908] = CNOT 4 72
[9909] = Z 4
[9910] = CNOT 4 72
[9911] = CNOT 4 73
[9912] = Z 4
[9913] = CNOT 4 73
[9914] = CNOT 4 74
[9915] = Z 4
[9916] = CNOT 4 74
[9917] = CNOT 4 75
[9918] = Z 4
[9919] = CNOT 4 75
[9920] = CNOT 4 79
[9921] = Z 4
[9922] = CNOT 4 79
[9923] = CNOT 4 81
[9924] = Z 4
[9925] = CNOT 4 81
[9926] = CNOT 4 82
[9927] = Z 4
[9928] = CNOT 4 82
[9929] = CNOT 4 53
[9930] = CNOT 4 54
[9931] = CNOT 4 56
[9932] = Z 4
[9933] = CNOT 4 56
[9934] = CNOT 4 68
[9935] = Z 4
[9936] = CNOT 4 68
[9937] = CNOT 4 72
[9938] = Z 4
[9939] = CNOT 4 72
[9940] = CNOT 4 73
[9941] = Z 4
[9942] = CNOT 4 73
[9943] = CNOT 4 74
[9944] = Z 4
[9945] = CNOT 4 74
[9946] = CNOT 4 75
[9947] = Z 4
[9948] = CNOT 4 75
[9949] = CNOT 4 79
[9950] = Z 4
[9951] = CNOT 4 79
[9952] = CNOT 4 81
[9953] = Z 4
[9954] = CNOT 4 81
[9955] = CNOT 4 82
[9956] = Z 4
[9957] = CNOT 4 82
[9958] = CNOT 4 54
[9959] = CNOT 4 56
[9960] = CNOT 4 68
[9961] = Z 4
[9962] = CNOT 4 68
[9963] = CNOT 4 72
[9964] = Z 4
[9965] = CNOT 4 72
[9966] = CNOT 4 73
[9967] = Z 4
[9968] = CNOT 4 73
[9969] = CNOT 4 74
[9970] = Z 4
[9971] = CNOT 4 74
[9972] = CNOT 4 75
[9973] = Z 4
[9974] = CNOT 4 75
[9975] = CNOT 4 79
[9976] = Z 4
[9977] = CNOT 4 79
[9978] = CNOT 4 81
[9979] = Z 4
[9980] = CNOT 4 81
[9981] = CNOT 4 82
[9982] = Z 4
[9983] = CNOT 4 82
[9984] = CNOT 4 56
[9985] = CNOT 4 68
[9986] = CNOT 4 72
[9987] = Z 4
[9988] = CNOT 4 72
[9989] = CNOT 4 73
[9990] = Z 4
[9991] = CNOT 4 73
[9992] = CNOT 4 74
[9993] = Z 4
[9994] = CNOT 4 74
[9995] = CNOT 4 75
[9996] = Z 4
[9997] = CNOT 4 75
[9998] = CNOT 4 79
[9999] = Z 4
[10000] = CNOT 4 79
[10001] = CNOT 4 81
[10002] = Z 4
[10003] = CNOT 4 81
[10004] = CNOT 4 82
[10005] = Z 4
[10006] = CNOT 4 82
[10007] = CNOT 4 68
[10008] = CNOT 4 72
[10009] = CNOT 4 73
[10010] = Z 4
[10011] = CNOT 4 73
[10012] = CNOT 4 74
[10013] = Z 4
[10014] = CNOT 4 74
[10015] = CNOT 4 75
[10016] = Z 4
[10017] = CNOT 4 75
[10018] = CNOT 4 79
[10019] = Z 4
[10020] = CNOT 4 79
[10021] = CNOT 4 81
[10022] = Z 4
[10023] = CNOT 4 81
[10024] = CNOT 4 82
[10025] = Z 4
[10026] = CNOT 4 82
[10027] = CNOT 4 72
[10028] = CNOT 4 73
[10029] = CNOT 4 74
[10030] = Z 4
[10031] = CNOT 4 74
[10032] = CNOT 4 75
[10033] = Z 4
[10034] = CNOT 4 75
[10035] = CNOT 4 79
[10036] = Z 4
[10037] = CNOT 4 79
[10038] = CNOT 4 81
[10039] = Z 4
[10040] = CNOT 4 81
[10041] = CNOT 4 82
[10042] = Z 4
[10043] = CNOT 4 82
[10044] = CNOT 4 73
[10045] = CNOT 4 74
[10046] = CNOT 4 75
[10047] = Z 4
[10048] = CNOT 4 75
[10049] = CNOT 4 79
[10050] = Z 4
[10051] = CNOT 4 79
[10052] = CNOT 4 81
[10053] = Z 4
[10054] = CNOT 4 81
[10055] = CNOT 4 82
[10056] = Z 4
[10057] = CNOT 4 82
[10058] = CNOT 4 74
[10059] = CNOT 4 75
[10060] = CNOT 4 79
[10061] = Z 4
[10062] = CNOT 4 79
[10063] = CNOT 4 81
[10064] = Z 4
[10065] = CNOT 4 81
[10066] = CNOT 4 82
[10067] = Z 4
[10068] = CNOT 4 82
[10069] = CNOT 4 75
[10070] = CNOT 4 79
[10071] = CNOT 4 81
[10072] = Z 4
[10073] = CNOT 4 81
[10074] = CNOT 4 82
[10075] = Z 4
[10076] = CNOT 4 79
[10077] = CNOT 4 81
[10078] = Z 4
[10079] = CNOT 4 82
[10080] = CNOT 4 81
[10081] = CNOT 5 12
[10082] = CNOT 5 14
[10083] = S 5
[10084] = Z 5
[10085] = CNOT 5 14
[10086] = CNOT 5 15
[10087] = S 5
[10088] = Z 5
[10089] = CNOT 5 15
[10090] = CNOT 5 19
[10091] = S 5
[10092] = Z 5
[10093] = CNOT 5 19
[10094] = CNOT 5 27
[10095] = Z 5
[10096] = CNOT 5 27
[10097] = CNOT 5 32
[10098] = Z 5
[10099] = CNOT 5 32
[10100] = CNOT 5 35
[10101] = Z 5
[10102] = CNOT 5 35
[10103] = CNOT 5 53
[10104] = Z 5
[10105] = CNOT 5 53
[10106] = CNOT 5 55
[10107] = Z 5
[10108] = CNOT 5 55
[10109] = CNOT 5 65
[10110] = Z 5
[10111] = CNOT 5 65
[10112] = CNOT 5 74
[10113] = Z 5
[10114] = CNOT 5 74
[10115] = CNOT 5 75
[10116] = Z 5
[10117] = CNOT 5 75
[10118] = CNOT 5 79
[10119] = Z 5
[10120] = CNOT 5 79
[10121] = CNOT 5 12
[10122] = CNOT 5 14
[10123] = CNOT 5 15
[10124] = S 5
[10125] = Z 5
[10126] = CNOT 5 15
[10127] = CNOT 5 27
[10128] = S 5
[10129] = Z 5
[10130] = CNOT 5 27
[10131] = CNOT 5 32
[10132] = S 5
[10133] = Z 5
[10134] = CNOT 5 32
[10135] = CNOT 5 35
[10136] = S 5
[10137] = Z 5
[10138] = CNOT 5 35
[10139] = CNOT 5 53
[10140] = S 5
[10141] = Z 5
[10142] = CNOT 5 53
[10143] = CNOT 5 55
[10144] = S 5
[10145] = Z 5
[10146] = CNOT 5 55
[10147] = CNOT 5 65
[10148] = S 5
[10149] = Z 5
[10150] = CNOT 5 65
[10151] = CNOT 5 74
[10152] = S 5
[10153] = Z 5
[10154] = CNOT 5 74
[10155] = CNOT 5 75
[10156] = S 5
[10157] = Z 5
[10158] = CNOT 5 75
[10159] = CNOT 5 79
[10160] = S 5
[10161] = Z 5
[10162] = CNOT 5 79
[10163] = CNOT 5 14
[10164] = CNOT 5 15
[10165] = CNOT 5 27
[10166] = S 5
[10167] = Z 5
[10168] = CNOT 5 27
[10169] = CNOT 5 32
[10170] = S 5
[10171] = Z 5
[10172] = CNOT 5 32
[10173] = CNOT 5 35
[10174] = S 5
[10175] = Z 5
[10176] = CNOT 5 35
[10177] = CNOT 5 53
[10178] = S 5
[10179] = Z 5
[10180] = CNOT 5 53
[10181] = CNOT 5 55
[10182] = S 5
[10183] = Z 5
[10184] = CNOT 5 55
[10185] = CNOT 5 65
[10186] = S 5
[10187] = Z 5
[10188] = CNOT 5 65
[10189] = CNOT 5 74
[10190] = S 5
[10191] = Z 5
[10192] = CNOT 5 74
[10193] = CNOT 5 75
[10194] = S 5
[10195] = Z 5
[10196] = CNOT 5 75
[10197] = CNOT 5 79
[10198] = S 5
[10199] = Z 5
[10200] = CNOT 5 79
[10201] = CNOT 5 15
[10202] = CNOT 5 19
[10203] = CNOT 5 27
[10204] = S 5
[10205] = Z 5
[10206] = CNOT 5 27
[10207] = CNOT 5 32
[10208] = S 5
[10209] = Z 5
[10210] = CNOT 5 32
[10211] = CNOT 5 35
[10212] = S 5
[10213] = Z 5
[10214] = CNOT 5 35
[10215] = CNOT 5 53
[10216] = S 5
[10217] = Z 5
[10218] = CNOT 5 53
[10219] = CNOT 5 55
[10220] = S 5
[10221] = Z 5
[10222] = CNOT 5 55
[10223] = CNOT 5 65
[10224] = S 5
[10225] = Z 5
[10226] = CNOT 5 65
[10227] = CNOT 5 74
[10228] = S 5
[10229] = Z 5
[10230] = CNOT 5 74
[10231] = CNOT 5 75
[10232] = S 5
[10233] = Z 5
[10234] = CNOT 5 75
[10235] = CNOT 5 79
[10236] = S 5
[10237] = Z 5
[10238] = CNOT 5 79
[10239] = CNOT 5 19
[10240] = CNOT 5 27
[10241] = CNOT 5 32
[10242] = Z 5
[10243] = CNOT 5 32
[10244] = CNOT 5 35
[10245] = Z 5
[10246] = CNOT 5 35
[10247] = CNOT 5 53
[10248] = Z 5
[10249] = CNOT 5 53
[10250] = CNOT 5 55
[10251] = Z 5
[10252] = CNOT 5 55
[10253] = CNOT 5 65
[10254] = Z 5
[10255] = CNOT 5 65
[10256] = CNOT 5 74
[10257] = Z 5
[10258] = CNOT 5 74
[10259] = CNOT 5 75
[10260] = Z 5
[10261] = CNOT 5 75
[10262] = CNOT 5 79
[10263] = Z 5
[10264] = CNOT 5 79
[10265] = CNOT 5 27
[10266] = CNOT 5 32
[10267] = CNOT 5 35
[10268] = Z 5
[10269] = CNOT 5 35
[10270] = CNOT 5 53
[10271] = Z 5
[10272] = CNOT 5 53
[10273] = CNOT 5 55
[10274] = Z 5
[10275] = CNOT 5 55
[10276] = CNOT 5 65
[10277] = Z 5
[10278] = CNOT 5 65
[10279] = CNOT 5 74
[10280] = Z 5
[10281] = CNOT 5 74
[10282] = CNOT 5 75
[10283] = Z 5
[10284] = CNOT 5 75
[10285] = CNOT 5 79
[10286] = Z 5
[10287] = CNOT 5 79
[10288] = CNOT 5 32
[10289] = CNOT 5 35
[10290] = CNOT 5 53
[10291] = Z 5
[10292] = CNOT 5 53
[10293] = CNOT 5 55
[10294] = Z 5
[10295] = CNOT 5 55
[10296] = CNOT 5 65
[10297] = Z 5
[10298] = CNOT 5 65
[10299] = CNOT 5 74
[10300] = Z 5
[10301] = CNOT 5 74
[10302] = CNOT 5 75
[10303] = Z 5
[10304] = CNOT 5 75
[10305] = CNOT 5 79
[10306] = Z 5
[10307] = CNOT 5 79
[10308] = CNOT 5 35
[10309] = CNOT 5 53
[10310] = CNOT 5 55
[10311] = Z 5
[10312] = CNOT 5 55
[10313] = CNOT 5 65
[10314] = Z 5
[10315] = CNOT 5 65
[10316] = CNOT 5 74
[10317] = Z 5
[10318] = CNOT 5 74
[10319] = CNOT 5 75
[10320] = Z 5
[10321] = CNOT 5 75
[10322] = CNOT 5 79
[10323] = Z 5
[10324] = CNOT 5 79
[10325] = CNOT 5 53
[10326] = CNOT 5 55
[10327] = CNOT 5 65
[10328] = Z 5
[10329] = CNOT 5 65
[10330] = CNOT 5 74
[10331] = Z 5
[10332] = CNOT 5 74
[10333] = CNOT 5 75
[10334] = Z 5
[10335] = CNOT 5 75
[10336] = CNOT 5 79
[10337] = Z 5
[10338] = CNOT 5 79
[10339] = CNOT 5 55
[10340] = CNOT 5 65
[10341] = CNOT 5 74
[10342] = Z 5
[10343] = CNOT 5 74
[10344] = CNOT 5 75
[10345] = Z 5
[10346] = CNOT 5 75
[10347] = CNOT 5 79
[10348] = Z 5
[10349] = CNOT 5 79
[10350] = CNOT 5 65
[10351] = CNOT 5 74
[10352] = CNOT 5 75
[10353] = Z 5
[10354] = CNOT 5 75
[10355] = CNOT 5 79
[10356] = Z 5
[10357] = CNOT 5 74
[10358] = CNOT 5 75
[10359] = Z 5
[10360] = CNOT 5 79
[10361] = CNOT 5 75
[10362] = CNOT 6 7
[10363] = CNOT 6 12
[10364] = Z 6
[10365] = CNOT 6 12
[10366] = CNOT 6 14
[10367] = Z 6
[10368] = CNOT 6 14
[10369] = CNOT 6 15
[10370] = Z 6
[10371] = CNOT 6 15
[10372] = CNOT 6 34
[10373] = S 6
[10374] = Z 6
[10375] = CNOT 6 34
[10376] = CNOT 6 36
[10377] = Z 6
[10378] = CNOT 6 36
[10379] = CNOT 6 38
[10380] = S 6
[10381] = Z 6
[10382] = CNOT 6 38
[10383] = CNOT 6 45
[10384] = Z 6
[10385] = CNOT 6 45
[10386] = CNOT 6 53
[10387] = Z 6
[10388] = CNOT 6 53
[10389] = CNOT 6 54
[10390] = Z 6
[10391] = CNOT 6 54
[10392] = CNOT 6 56
[10393] = Z 6
[10394] = CNOT 6 56
[10395] = CNOT 6 73
[10396] = Z 6
[10397] = CNOT 6 73
[10398] = CNOT 6 74
[10399] = Z 6
[10400] = CNOT 6 74
[10401] = CNOT 6 75
[10402] = Z 6
[10403] = CNOT 6 75
[10404] = CNOT 6 79
[10405] = Z 6
[10406] = CNOT 6 79
[10407] = CNOT 6 81
[10408] = Z 6
[10409] = CNOT 6 81
[10410] = CNOT 6 82
[10411] = Z 6
[10412] = CNOT 6 82
[10413] = CNOT 6 7
[10414] = CNOT 6 12
[10415] = CNOT 6 14
[10416] = Z 6
[10417] = CNOT 6 14
[10418] = CNOT 6 15
[10419] = Z 6
[10420] = CNOT 6 15
[10421] = CNOT 6 34
[10422] = S 6
[10423] = Z 6
[10424] = CNOT 6 34
[10425] = CNOT 6 36
[10426] = Z 6
[10427] = CNOT 6 36
[10428] = CNOT 6 38
[10429] = S 6
[10430] = Z 6
[10431] = CNOT 6 38
[10432] = CNOT 6 45
[10433] = Z 6
[10434] = CNOT 6 45
[10435] = CNOT 6 53
[10436] = Z 6
[10437] = CNOT 6 53
[10438] = CNOT 6 54
[10439] = Z 6
[10440] = CNOT 6 54
[10441] = CNOT 6 56
[10442] = Z 6
[10443] = CNOT 6 56
[10444] = CNOT 6 73
[10445] = Z 6
[10446] = CNOT 6 73
[10447] = CNOT 6 74
[10448] = Z 6
[10449] = CNOT 6 74
[10450] = CNOT 6 75
[10451] = Z 6
[10452] = CNOT 6 75
[10453] = CNOT 6 79
[10454] = Z 6
[10455] = CNOT 6 79
[10456] = CNOT 6 81
[10457] = Z 6
[10458] = CNOT 6 81
[10459] = CNOT 6 82
[10460] = Z 6
[10461] = CNOT 6 82
[10462] = CNOT 6 12
[10463] = CNOT 6 14
[10464] = CNOT 6 15
[10465] = Z 6
[10466] = CNOT 6 15
[10467] = CNOT 6 34
[10468] = S 6
[10469] = Z 6
[10470] = CNOT 6 34
[10471] = CNOT 6 36
[10472] = Z 6
[10473] = CNOT 6 36
[10474] = CNOT 6 38
[10475] = S 6
[10476] = Z 6
[10477] = CNOT 6 38
[10478] = CNOT 6 45
[10479] = Z 6
[10480] = CNOT 6 45
[10481] = CNOT 6 53
[10482] = Z 6
[10483] = CNOT 6 53
[10484] = CNOT 6 54
[10485] = Z 6
[10486] = CNOT 6 54
[10487] = CNOT 6 56
[10488] = Z 6
[10489] = CNOT 6 56
[10490] = CNOT 6 73
[10491] = Z 6
[10492] = CNOT 6 73
[10493] = CNOT 6 74
[10494] = Z 6
[10495] = CNOT 6 74
[10496] = CNOT 6 75
[10497] = Z 6
[10498] = CNOT 6 75
[10499] = CNOT 6 79
[10500] = Z 6
[10501] = CNOT 6 79
[10502] = CNOT 6 81
[10503] = Z 6
[10504] = CNOT 6 81
[10505] = CNOT 6 82
[10506] = Z 6
[10507] = CNOT 6 82
[10508] = CNOT 6 14
[10509] = CNOT 6 15
[10510] = CNOT 6 34
[10511] = S 6
[10512] = Z 6
[10513] = CNOT 6 34
[10514] = CNOT 6 36
[10515] = Z 6
[10516] = CNOT 6 36
[10517] = CNOT 6 38
[10518] = S 6
[10519] = Z 6
[10520] = CNOT 6 38
[10521] = CNOT 6 45
[10522] = Z 6
[10523] = CNOT 6 45
[10524] = CNOT 6 53
[10525] = Z 6
[10526] = CNOT 6 53
[10527] = CNOT 6 54
[10528] = Z 6
[10529] = CNOT 6 54
[10530] = CNOT 6 56
[10531] = Z 6
[10532] = CNOT 6 56
[10533] = CNOT 6 73
[10534] = Z 6
[10535] = CNOT 6 73
[10536] = CNOT 6 74
[10537] = Z 6
[10538] = CNOT 6 74
[10539] = CNOT 6 75
[10540] = Z 6
[10541] = CNOT 6 75
[10542] = CNOT 6 79
[10543] = Z 6
[10544] = CNOT 6 79
[10545] = CNOT 6 81
[10546] = Z 6
[10547] = CNOT 6 81
[10548] = CNOT 6 82
[10549] = Z 6
[10550] = CNOT 6 82
[10551] = CNOT 6 15
[10552] = CNOT 6 34
[10553] = CNOT 6 36
[10554] = S 6
[10555] = Z 6
[10556] = CNOT 6 36
[10557] = CNOT 6 45
[10558] = S 6
[10559] = Z 6
[10560] = CNOT 6 45
[10561] = CNOT 6 53
[10562] = S 6
[10563] = Z 6
[10564] = CNOT 6 53
[10565] = CNOT 6 54
[10566] = S 6
[10567] = Z 6
[10568] = CNOT 6 54
[10569] = CNOT 6 56
[10570] = S 6
[10571] = Z 6
[10572] = CNOT 6 56
[10573] = CNOT 6 73
[10574] = S 6
[10575] = Z 6
[10576] = CNOT 6 73
[10577] = CNOT 6 74
[10578] = S 6
[10579] = Z 6
[10580] = CNOT 6 74
[10581] = CNOT 6 75
[10582] = S 6
[10583] = Z 6
[10584] = CNOT 6 75
[10585] = CNOT 6 79
[10586] = S 6
[10587] = Z 6
[10588] = CNOT 6 79
[10589] = CNOT 6 81
[10590] = S 6
[10591] = Z 6
[10592] = CNOT 6 81
[10593] = CNOT 6 82
[10594] = S 6
[10595] = Z 6
[10596] = CNOT 6 82
[10597] = CNOT 6 34
[10598] = CNOT 6 36
[10599] = CNOT 6 38
[10600] = S 6
[10601] = Z 6
[10602] = CNOT 6 38
[10603] = CNOT 6 45
[10604] = Z 6
[10605] = CNOT 6 45
[10606] = CNOT 6 53
[10607] = Z 6
[10608] = CNOT 6 53
[10609] = CNOT 6 54
[10610] = Z 6
[10611] = CNOT 6 54
[10612] = CNOT 6 56
[10613] = Z 6
[10614] = CNOT 6 56
[10615] = CNOT 6 73
[10616] = Z 6
[10617] = CNOT 6 73
[10618] = CNOT 6 74
[10619] = Z 6
[10620] = CNOT 6 74
[10621] = CNOT 6 75
[10622] = Z 6
[10623] = CNOT 6 75
[10624] = CNOT 6 79
[10625] = Z 6
[10626] = CNOT 6 79
[10627] = CNOT 6 81
[10628] = Z 6
[10629] = CNOT 6 81
[10630] = CNOT 6 82
[10631] = Z 6
[10632] = CNOT 6 82
[10633] = CNOT 6 36
[10634] = CNOT 6 38
[10635] = CNOT 6 45
[10636] = S 6
[10637] = Z 6
[10638] = CNOT 6 45
[10639] = CNOT 6 53
[10640] = S 6
[10641] = Z 6
[10642] = CNOT 6 53
[10643] = CNOT 6 54
[10644] = S 6
[10645] = Z 6
[10646] = CNOT 6 54
[10647] = CNOT 6 56
[10648] = S 6
[10649] = Z 6
[10650] = CNOT 6 56
[10651] = CNOT 6 73
[10652] = S 6
[10653] = Z 6
[10654] = CNOT 6 73
[10655] = CNOT 6 74
[10656] = S 6
[10657] = Z 6
[10658] = CNOT 6 74
[10659] = CNOT 6 75
[10660] = S 6
[10661] = Z 6
[10662] = CNOT 6 75
[10663] = CNOT 6 79
[10664] = S 6
[10665] = Z 6
[10666] = CNOT 6 79
[10667] = CNOT 6 81
[10668] = S 6
[10669] = Z 6
[10670] = CNOT 6 81
[10671] = CNOT 6 82
[10672] = S 6
[10673] = Z 6
[10674] = CNOT 6 82
[10675] = CNOT 6 38
[10676] = CNOT 6 45
[10677] = CNOT 6 53
[10678] = Z 6
[10679] = CNOT 6 53
[10680] = CNOT 6 54
[10681] = Z 6
[10682] = CNOT 6 54
[10683] = CNOT 6 56
[10684] = Z 6
[10685] = CNOT 6 56
[10686] = CNOT 6 73
[10687] = Z 6
[10688] = CNOT 6 73
[10689] = CNOT 6 74
[10690] = Z 6
[10691] = CNOT 6 74
[10692] = CNOT 6 75
[10693] = Z 6
[10694] = CNOT 6 75
[10695] = CNOT 6 79
[10696] = Z 6
[10697] = CNOT 6 79
[10698] = CNOT 6 81
[10699] = Z 6
[10700] = CNOT 6 81
[10701] = CNOT 6 82
[10702] = Z 6
[10703] = CNOT 6 82
[10704] = CNOT 6 45
[10705] = CNOT 6 53
[10706] = CNOT 6 54
[10707] = Z 6
[10708] = CNOT 6 54
[10709] = CNOT 6 56
[10710] = Z 6
[10711] = CNOT 6 56
[10712] = CNOT 6 73
[10713] = Z 6
[10714] = CNOT 6 73
[10715] = CNOT 6 74
[10716] = Z 6
[10717] = CNOT 6 74
[10718] = CNOT 6 75
[10719] = Z 6
[10720] = CNOT 6 75
[10721] = CNOT 6 79
[10722] = Z 6
[10723] = CNOT 6 79
[10724] = CNOT 6 81
[10725] = Z 6
[10726] = CNOT 6 81
[10727] = CNOT 6 82
[10728] = Z 6
[10729] = CNOT 6 82
[10730] = CNOT 6 53
[10731] = CNOT 6 54
[10732] = CNOT 6 56
[10733] = Z 6
[10734] = CNOT 6 56
[10735] = CNOT 6 73
[10736] = Z 6
[10737] = CNOT 6 73
[10738] = CNOT 6 74
[10739] = Z 6
[10740] = CNOT 6 74
[10741] = CNOT 6 75
[10742] = Z 6
[10743] = CNOT 6 75
[10744] = CNOT 6 79
[10745] = Z 6
[10746] = CNOT 6 79
[10747] = CNOT 6 81
[10748] = Z 6
[10749] = CNOT 6 81
[10750] = CNOT 6 82
[10751] = Z 6
[10752] = CNOT 6 82
[10753] = CNOT 6 54
[10754] = CNOT 6 56
[10755] = CNOT 6 73
[10756] = Z 6
[10757] = CNOT 6 73
[10758] = CNOT 6 74
[10759] = Z 6
[10760] = CNOT 6 74
[10761] = CNOT 6 75
[10762] = Z 6
[10763] = CNOT 6 75
[10764] = CNOT 6 79
[10765] = Z 6
[10766] = CNOT 6 79
[10767] = CNOT 6 81
[10768] = Z 6
[10769] = CNOT 6 81
[10770] = CNOT 6 82
[10771] = Z 6
[10772] = CNOT 6 82
[10773] = CNOT 6 56
[10774] = CNOT 6 73
[10775] = CNOT 6 74
[10776] = Z 6
[10777] = CNOT 6 74
[10778] = CNOT 6 75
[10779] = Z 6
[10780] = CNOT 6 75
[10781] = CNOT 6 79
[10782] = Z 6
[10783] = CNOT 6 79
[10784] = CNOT 6 81
[10785] = Z 6
[10786] = CNOT 6 81
[10787] = CNOT 6 82
[10788] = Z 6
[10789] = CNOT 6 82
[10790] = CNOT 6 73
[10791] = CNOT 6 74
[10792] = CNOT 6 75
[10793] = Z 6
[10794] = CNOT 6 75
[10795] = CNOT 6 79
[10796] = Z 6
[10797] = CNOT 6 79
[10798] = CNOT 6 81
[10799] = Z 6
[10800] = CNOT 6 81
[10801] = CNOT 6 82
[10802] = Z 6
[10803] = CNOT 6 82
[10804] = CNOT 6 74
[10805] = CNOT 6 75
[10806] = CNOT 6 79
[10807] = Z 6
[10808] = CNOT 6 79
[10809] = CNOT 6 81
[10810] = Z 6
[10811] = CNOT 6 81
[10812] = CNOT 6 82
[10813] = Z 6
[10814] = CNOT 6 82
[10815] = CNOT 6 75
[10816] = CNOT 6 79
[10817] = CNOT 6 81
[10818] = Z 6
[10819] = CNOT 6 81
[10820] = CNOT 6 82
[10821] = Z 6
[10822] = CNOT 6 79
[10823] = CNOT 6 81
[10824] = Z 6
[10825] = CNOT 6 82
[10826] = CNOT 6 81
[10827] = CNOT 7 12
[10828] = CNOT 7 34
[10829] = Z 7
[10830] = CNOT 7 34
[10831] = CNOT 7 38
[10832] = Z 7
[10833] = CNOT 7 38
[10834] = CNOT 7 68
[10835] = S 7
[10836] = Z 7
[10837] = CNOT 7 68
[10838] = CNOT 7 12
[10839] = CNOT 7 14
[10840] = CNOT 7 34
[10841] = Z 7
[10842] = CNOT 7 34
[10843] = CNOT 7 38
[10844] = Z 7
[10845] = CNOT 7 38
[10846] = CNOT 7 68
[10847] = S 7
[10848] = Z 7
[10849] = CNOT 7 68
[10850] = CNOT 7 14
[10851] = CNOT 7 15
[10852] = CNOT 7 34
[10853] = Z 7
[10854] = CNOT 7 34
[10855] = CNOT 7 38
[10856] = Z 7
[10857] = CNOT 7 38
[10858] = CNOT 7 68
[10859] = S 7
[10860] = Z 7
[10861] = CNOT 7 68
[10862] = CNOT 7 15
[10863] = CNOT 7 26
[10864] = CNOT 7 34
[10865] = S 7
[10866] = Z 7
[10867] = CNOT 7 34
[10868] = CNOT 7 43
[10869] = Z 7
[10870] = CNOT 7 43
[10871] = CNOT 7 56
[10872] = Z 7
[10873] = CNOT 7 56
[10874] = CNOT 7 62
[10875] = Z 7
[10876] = CNOT 7 62
[10877] = CNOT 7 65
[10878] = Z 7
[10879] = CNOT 7 65
[10880] = CNOT 7 68
[10881] = Z 7
[10882] = CNOT 7 68
[10883] = CNOT 7 72
[10884] = Z 7
[10885] = CNOT 7 72
[10886] = CNOT 7 74
[10887] = Z 7
[10888] = CNOT 7 74
[10889] = CNOT 7 75
[10890] = Z 7
[10891] = CNOT 7 75
[10892] = CNOT 7 79
[10893] = Z 7
[10894] = CNOT 7 79
[10895] = CNOT 7 81
[10896] = Z 7
[10897] = CNOT 7 81
[10898] = CNOT 7 82
[10899] = Z 7
[10900] = CNOT 7 82
[10901] = CNOT 7 86
[10902] = Z 7
[10903] = CNOT 7 86
[10904] = CNOT 7 91
[10905] = Z 7
[10906] = CNOT 7 91
[10907] = CNOT 7 26
[10908] = CNOT 7 34
[10909] = CNOT 7 36
[10910] = Z 7
[10911] = CNOT 7 36
[10912] = CNOT 7 38
[10913] = S 7
[10914] = Z 7
[10915] = CNOT 7 38
[10916] = CNOT 7 43
[10917] = S 7
[10918] = Z 7
[10919] = CNOT 7 43
[10920] = CNOT 7 45
[10921] = Z 7
[10922] = CNOT 7 45
[10923] = CNOT 7 53
[10924] = Z 7
[10925] = CNOT 7 53
[10926] = CNOT 7 54
[10927] = Z 7
[10928] = CNOT 7 54
[10929] = CNOT 7 56
[10930] = S 7
[10931] = CNOT 7 56
[10932] = CNOT 7 62
[10933] = S 7
[10934] = Z 7
[10935] = CNOT 7 62
[10936] = CNOT 7 65
[10937] = S 7
[10938] = Z 7
[10939] = CNOT 7 65
[10940] = CNOT 7 68
[10941] = S 7
[10942] = Z 7
[10943] = CNOT 7 68
[10944] = CNOT 7 72
[10945] = S 7
[10946] = Z 7
[10947] = CNOT 7 72
[10948] = CNOT 7 73
[10949] = Z 7
[10950] = CNOT 7 73
[10951] = CNOT 7 74
[10952] = S 7
[10953] = CNOT 7 74
[10954] = CNOT 7 75
[10955] = S 7
[10956] = CNOT 7 75
[10957] = CNOT 7 79
[10958] = S 7
[10959] = CNOT 7 79
[10960] = CNOT 7 81
[10961] = S 7
[10962] = CNOT 7 81
[10963] = CNOT 7 82
[10964] = S 7
[10965] = CNOT 7 82
[10966] = CNOT 7 86
[10967] = S 7
[10968] = Z 7
[10969] = CNOT 7 86
[10970] = CNOT 7 91
[10971] = S 7
[10972] = Z 7
[10973] = CNOT 7 91
[10974] = CNOT 7 34
[10975] = CNOT 7 36
[10976] = CNOT 7 38
[10977] = Z 7
[10978] = CNOT 7 38
[10979] = CNOT 7 68
[10980] = S 7
[10981] = Z 7
[10982] = CNOT 7 68
[10983] = CNOT 7 36
[10984] = CNOT 7 38
[10985] = CNOT 7 45
[10986] = Z 7
[10987] = CNOT 7 45
[10988] = CNOT 7 53
[10989] = Z 7
[10990] = CNOT 7 53
[10991] = CNOT 7 54
[10992] = Z 7
[10993] = CNOT 7 54
[10994] = CNOT 7 56
[10995] = Z 7
[10996] = CNOT 7 56
[10997] = CNOT 7 73
[10998] = Z 7
[10999] = CNOT 7 73
[11000] = CNOT 7 74
[11001] = Z 7
[11002] = CNOT 7 74
[11003] = CNOT 7 75
[11004] = Z 7
[11005] = CNOT 7 75
[11006] = CNOT 7 79
[11007] = Z 7
[11008] = CNOT 7 79
[11009] = CNOT 7 81
[11010] = Z 7
[11011] = CNOT 7 81
[11012] = CNOT 7 82
[11013] = Z 7
[11014] = CNOT 7 82
[11015] = CNOT 7 38
[11016] = CNOT 7 43
[11017] = CNOT 7 56
[11018] = Z 7
[11019] = CNOT 7 56
[11020] = CNOT 7 62
[11021] = Z 7
[11022] = CNOT 7 62
[11023] = CNOT 7 65
[11024] = Z 7
[11025] = CNOT 7 65
[11026] = CNOT 7 68
[11027] = Z 7
[11028] = CNOT 7 68
[11029] = CNOT 7 72
[11030] = Z 7
[11031] = CNOT 7 72
[11032] = CNOT 7 74
[11033] = Z 7
[11034] = CNOT 7 74
[11035] = CNOT 7 75
[11036] = Z 7
[11037] = CNOT 7 75
[11038] = CNOT 7 79
[11039] = Z 7
[11040] = CNOT 7 79
[11041] = CNOT 7 81
[11042] = Z 7
[11043] = CNOT 7 81
[11044] = CNOT 7 82
[11045] = Z 7
[11046] = CNOT 7 82
[11047] = CNOT 7 86
[11048] = Z 7
[11049] = CNOT 7 86
[11050] = CNOT 7 91
[11051] = Z 7
[11052] = CNOT 7 91
[11053] = CNOT 7 43
[11054] = CNOT 7 45
[11055] = CNOT 7 68
[11056] = S 7
[11057] = Z 7
[11058] = CNOT 7 45
[11059] = CNOT 7 53
[11060] = S 7
[11061] = Z 7
[11062] = CNOT 7 53
[11063] = CNOT 7 54
[11064] = S 7
[11065] = Z 7
[11066] = CNOT 7 68
[11067] = CNOT 7 54
[11068] = CNOT 7 56
[11069] = CNOT 7 62
[11070] = Z 7
[11071] = CNOT 7 62
[11072] = CNOT 7 65
[11073] = Z 7
[11074] = CNOT 7 65
[11075] = CNOT 7 68
[11076] = S 7
[11077] = CNOT 7 68
[11078] = CNOT 7 72
[11079] = Z 7
[11080] = CNOT 7 72
[11081] = CNOT 7 74
[11082] = Z 7
[11083] = CNOT 7 74
[11084] = CNOT 7 75
[11085] = Z 7
[11086] = CNOT 7 75
[11087] = CNOT 7 79
[11088] = Z 7
[11089] = CNOT 7 79
[11090] = CNOT 7 81
[11091] = Z 7
[11092] = CNOT 7 81
[11093] = CNOT 7 82
[11094] = Z 7
[11095] = CNOT 7 82
[11096] = CNOT 7 86
[11097] = Z 7
[11098] = CNOT 7 86
[11099] = CNOT 7 91
[11100] = Z 7
[11101] = CNOT 7 91
[11102] = CNOT 7 56
[11103] = CNOT 7 62
[11104] = CNOT 7 65
[11105] = Z 7
[11106] = CNOT 7 65
[11107] = CNOT 7 68
[11108] = Z 7
[11109] = CNOT 7 68
[11110] = CNOT 7 72
[11111] = Z 7
[11112] = CNOT 7 72
[11113] = CNOT 7 74
[11114] = Z 7
[11115] = CNOT 7 74
[11116] = CNOT 7 75
[11117] = Z 7
[11118] = CNOT 7 75
[11119] = CNOT 7 79
[11120] = Z 7
[11121] = CNOT 7 79
[11122] = CNOT 7 81
[11123] = Z 7
[11124] = CNOT 7 81
[11125] = CNOT 7 82
[11126] = Z 7
[11127] = CNOT 7 82
[11128] = CNOT 7 86
[11129] = Z 7
[11130] = CNOT 7 86
[11131] = CNOT 7 91
[11132] = Z 7
[11133] = CNOT 7 91
[11134] = CNOT 7 62
[11135] = CNOT 7 65
[11136] = CNOT 7 68
[11137] = Z 7
[11138] = CNOT 7 68
[11139] = CNOT 7 72
[11140] = Z 7
[11141] = CNOT 7 72
[11142] = CNOT 7 74
[11143] = Z 7
[11144] = CNOT 7 74
[11145] = CNOT 7 75
[11146] = Z 7
[11147] = CNOT 7 75
[11148] = CNOT 7 79
[11149] = Z 7
[11150] = CNOT 7 79
[11151] = CNOT 7 81
[11152] = Z 7
[11153] = CNOT 7 81
[11154] = CNOT 7 82
[11155] = Z 7
[11156] = CNOT 7 82
[11157] = CNOT 7 86
[11158] = Z 7
[11159] = CNOT 7 86
[11160] = CNOT 7 91
[11161] = Z 7
[11162] = CNOT 7 91
[11163] = CNOT 7 65
[11164] = CNOT 7 68
[11165] = CNOT 7 72
[11166] = Z 7
[11167] = CNOT 7 72
[11168] = CNOT 7 73
[11169] = S 7
[11170] = Z 7
[11171] = CNOT 7 73
[11172] = CNOT 7 74
[11173] = S 7
[11174] = CNOT 7 74
[11175] = CNOT 7 75
[11176] = S 7
[11177] = CNOT 7 75
[11178] = CNOT 7 79
[11179] = S 7
[11180] = CNOT 7 79
[11181] = CNOT 7 81
[11182] = S 7
[11183] = CNOT 7 81
[11184] = CNOT 7 82
[11185] = S 7
[11186] = CNOT 7 82
[11187] = CNOT 7 86
[11188] = Z 7
[11189] = CNOT 7 86
[11190] = CNOT 7 91
[11191] = Z 7
[11192] = CNOT 7 91
[11193] = CNOT 7 68
[11194] = CNOT 7 72
[11195] = CNOT 7 74
[11196] = Z 7
[11197] = CNOT 7 74
[11198] = CNOT 7 75
[11199] = Z 7
[11200] = CNOT 7 75
[11201] = CNOT 7 79
[11202] = Z 7
[11203] = CNOT 7 79
[11204] = CNOT 7 81
[11205] = Z 7
[11206] = CNOT 7 81
[11207] = CNOT 7 82
[11208] = Z 7
[11209] = CNOT 7 82
[11210] = CNOT 7 86
[11211] = Z 7
[11212] = CNOT 7 86
[11213] = CNOT 7 91
[11214] = Z 7
[11215] = CNOT 7 91
[11216] = CNOT 7 72
[11217] = CNOT 7 74
[11218] = CNOT 7 75
[11219] = Z 7
[11220] = CNOT 7 75
[11221] = CNOT 7 79
[11222] = Z 7
[11223] = CNOT 7 79
[11224] = CNOT 7 81
[11225] = Z 7
[11226] = CNOT 7 81
[11227] = CNOT 7 82
[11228] = Z 7
[11229] = CNOT 7 82
[11230] = CNOT 7 86
[11231] = Z 7
[11232] = CNOT 7 86
[11233] = CNOT 7 91
[11234] = Z 7
[11235] = CNOT 7 91
[11236] = CNOT 7 74
[11237] = CNOT 7 75
[11238] = CNOT 7 79
[11239] = Z 7
[11240] = CNOT 7 79
[11241] = CNOT 7 81
[11242] = Z 7
[11243] = CNOT 7 81
[11244] = CNOT 7 82
[11245] = Z 7
[11246] = CNOT 7 82
[11247] = CNOT 7 86
[11248] = Z 7
[11249] = CNOT 7 86
[11250] = CNOT 7 91
[11251] = Z 7
[11252] = CNOT 7 91
[11253] = CNOT 7 75
[11254] = CNOT 7 79
[11255] = CNOT 7 81
[11256] = Z 7
[11257] = CNOT 7 81
[11258] = CNOT 7 82
[11259] = Z 7
[11260] = CNOT 7 82
[11261] = CNOT 7 86
[11262] = Z 7
[11263] = CNOT 7 86
[11264] = CNOT 7 91
[11265] = Z 7
[11266] = CNOT 7 91
[11267] = CNOT 7 79
[11268] = CNOT 7 81
[11269] = CNOT 7 82
[11270] = Z 7
[11271] = CNOT 7 82
[11272] = CNOT 7 86
[11273] = Z 7
[11274] = CNOT 7 86
[11275] = CNOT 7 91
[11276] = Z 7
[11277] = CNOT 7 91
[11278] = CNOT 7 81
[11279] = CNOT 7 82
[11280] = CNOT 7 86
[11281] = Z 7
[11282] = CNOT 7 86
[11283] = CNOT 7 91
[11284] = Z 7
[11285] = CNOT 7 82
[11286] = CNOT 7 86
[11287] = Z 7
[11288] = CNOT 7 91
[11289] = CNOT 7 86
[11290] = CNOT 8 12
[11291] = CNOT 8 14
[11292] = Z 8
[11293] = CNOT 8 14
[11294] = CNOT 8 15
[11295] = Z 8
[11296] = CNOT 8 15
[11297] = CNOT 8 34
[11298] = S 8
[11299] = Z 8
[11300] = CNOT 8 34
[11301] = CNOT 8 36
[11302] = Z 8
[11303] = CNOT 8 36
[11304] = CNOT 8 45
[11305] = Z 8
[11306] = CNOT 8 45
[11307] = CNOT 8 53
[11308] = Z 8
[11309] = CNOT 8 53
[11310] = CNOT 8 54
[11311] = Z 8
[11312] = CNOT 8 54
[11313] = CNOT 8 55
[11314] = Z 8
[11315] = CNOT 8 55
[11316] = CNOT 8 56
[11317] = Z 8
[11318] = CNOT 8 56
[11319] = CNOT 8 73
[11320] = Z 8
[11321] = CNOT 8 73
[11322] = CNOT 8 74
[11323] = Z 8
[11324] = CNOT 8 74
[11325] = CNOT 8 75
[11326] = Z 8
[11327] = CNOT 8 75
[11328] = CNOT 8 77
[11329] = S 8
[11330] = Z 8
[11331] = CNOT 8 77
[11332] = CNOT 8 79
[11333] = Z 8
[11334] = CNOT 8 79
[11335] = CNOT 8 12
[11336] = CNOT 8 14
[11337] = CNOT 8 15
[11338] = Z 8
[11339] = CNOT 8 15
[11340] = CNOT 8 34
[11341] = S 8
[11342] = Z 8
[11343] = CNOT 8 34
[11344] = CNOT 8 36
[11345] = Z 8
[11346] = CNOT 8 36
[11347] = CNOT 8 45
[11348] = Z 8
[11349] = CNOT 8 45
[11350] = CNOT 8 53
[11351] = Z 8
[11352] = CNOT 8 53
[11353] = CNOT 8 54
[11354] = Z 8
[11355] = CNOT 8 54
[11356] = CNOT 8 55
[11357] = Z 8
[11358] = CNOT 8 55
[11359] = CNOT 8 56
[11360] = Z 8
[11361] = CNOT 8 56
[11362] = CNOT 8 73
[11363] = Z 8
[11364] = CNOT 8 73
[11365] = CNOT 8 74
[11366] = Z 8
[11367] = CNOT 8 74
[11368] = CNOT 8 75
[11369] = Z 8
[11370] = CNOT 8 75
[11371] = CNOT 8 77
[11372] = S 8
[11373] = Z 8
[11374] = CNOT 8 77
[11375] = CNOT 8 79
[11376] = Z 8
[11377] = CNOT 8 79
[11378] = CNOT 8 14
[11379] = CNOT 8 15
[11380] = CNOT 8 34
[11381] = S 8
[11382] = Z 8
[11383] = CNOT 8 34
[11384] = CNOT 8 36
[11385] = Z 8
[11386] = CNOT 8 36
[11387] = CNOT 8 45
[11388] = Z 8
[11389] = CNOT 8 45
[11390] = CNOT 8 53
[11391] = Z 8
[11392] = CNOT 8 53
[11393] = CNOT 8 54
[11394] = Z 8
[11395] = CNOT 8 54
[11396] = CNOT 8 55
[11397] = Z 8
[11398] = CNOT 8 55
[11399] = CNOT 8 56
[11400] = Z 8
[11401] = CNOT 8 56
[11402] = CNOT 8 73
[11403] = Z 8
[11404] = CNOT 8 73
[11405] = CNOT 8 74
[11406] = Z 8
[11407] = CNOT 8 74
[11408] = CNOT 8 75
[11409] = Z 8
[11410] = CNOT 8 75
[11411] = CNOT 8 77
[11412] = S 8
[11413] = Z 8
[11414] = CNOT 8 77
[11415] = CNOT 8 79
[11416] = Z 8
[11417] = CNOT 8 79
[11418] = CNOT 8 15
[11419] = CNOT 8 34
[11420] = CNOT 8 36
[11421] = S 8
[11422] = Z 8
[11423] = CNOT 8 36
[11424] = CNOT 8 45
[11425] = S 8
[11426] = Z 8
[11427] = CNOT 8 45
[11428] = CNOT 8 53
[11429] = S 8
[11430] = Z 8
[11431] = CNOT 8 53
[11432] = CNOT 8 54
[11433] = S 8
[11434] = Z 8
[11435] = CNOT 8 54
[11436] = CNOT 8 55
[11437] = S 8
[11438] = Z 8
[11439] = CNOT 8 55
[11440] = CNOT 8 56
[11441] = S 8
[11442] = Z 8
[11443] = CNOT 8 56
[11444] = CNOT 8 73
[11445] = S 8
[11446] = Z 8
[11447] = CNOT 8 73
[11448] = CNOT 8 74
[11449] = S 8
[11450] = Z 8
[11451] = CNOT 8 74
[11452] = CNOT 8 75
[11453] = S 8
[11454] = Z 8
[11455] = CNOT 8 75
[11456] = CNOT 8 79
[11457] = S 8
[11458] = Z 8
[11459] = CNOT 8 79
[11460] = CNOT 8 34
[11461] = CNOT 8 36
[11462] = CNOT 8 45
[11463] = Z 8
[11464] = CNOT 8 45
[11465] = CNOT 8 53
[11466] = Z 8
[11467] = CNOT 8 53
[11468] = CNOT 8 54
[11469] = Z 8
[11470] = CNOT 8 54
[11471] = CNOT 8 55
[11472] = Z 8
[11473] = CNOT 8 55
[11474] = CNOT 8 56
[11475] = Z 8
[11476] = CNOT 8 56
[11477] = CNOT 8 73
[11478] = Z 8
[11479] = CNOT 8 73
[11480] = CNOT 8 74
[11481] = Z 8
[11482] = CNOT 8 74
[11483] = CNOT 8 75
[11484] = Z 8
[11485] = CNOT 8 75
[11486] = CNOT 8 77
[11487] = S 8
[11488] = Z 8
[11489] = CNOT 8 77
[11490] = CNOT 8 79
[11491] = Z 8
[11492] = CNOT 8 79
[11493] = CNOT 8 36
[11494] = CNOT 8 45
[11495] = CNOT 8 53
[11496] = Z 8
[11497] = CNOT 8 53
[11498] = CNOT 8 54
[11499] = Z 8
[11500] = CNOT 8 54
[11501] = CNOT 8 55
[11502] = Z 8
[11503] = CNOT 8 55
[11504] = CNOT 8 56
[11505] = Z 8
[11506] = CNOT 8 56
[11507] = CNOT 8 73
[11508] = Z 8
[11509] = CNOT 8 73
[11510] = CNOT 8 74
[11511] = Z 8
[11512] = CNOT 8 74
[11513] = CNOT 8 75
[11514] = Z 8
[11515] = CNOT 8 75
[11516] = CNOT 8 77
[11517] = S 8
[11518] = Z 8
[11519] = CNOT 8 77
[11520] = CNOT 8 79
[11521] = Z 8
[11522] = CNOT 8 79
[11523] = CNOT 8 45
[11524] = CNOT 8 53
[11525] = CNOT 8 54
[11526] = Z 8
[11527] = CNOT 8 54
[11528] = CNOT 8 55
[11529] = Z 8
[11530] = CNOT 8 55
[11531] = CNOT 8 56
[11532] = Z 8
[11533] = CNOT 8 56
[11534] = CNOT 8 73
[11535] = Z 8
[11536] = CNOT 8 73
[11537] = CNOT 8 74
[11538] = Z 8
[11539] = CNOT 8 74
[11540] = CNOT 8 75
[11541] = Z 8
[11542] = CNOT 8 75
[11543] = CNOT 8 77
[11544] = S 8
[11545] = Z 8
[11546] = CNOT 8 77
[11547] = CNOT 8 79
[11548] = Z 8
[11549] = CNOT 8 79
[11550] = CNOT 8 53
[11551] = CNOT 8 54
[11552] = CNOT 8 55
[11553] = Z 8
[11554] = CNOT 8 55
[11555] = CNOT 8 56
[11556] = Z 8
[11557] = CNOT 8 56
[11558] = CNOT 8 73
[11559] = Z 8
[11560] = CNOT 8 73
[11561] = CNOT 8 74
[11562] = Z 8
[11563] = CNOT 8 74
[11564] = CNOT 8 75
[11565] = Z 8
[11566] = CNOT 8 75
[11567] = CNOT 8 77
[11568] = S 8
[11569] = Z 8
[11570] = CNOT 8 77
[11571] = CNOT 8 79
[11572] = Z 8
[11573] = CNOT 8 79
[11574] = CNOT 8 54
[11575] = CNOT 8 55
[11576] = CNOT 8 56
[11577] = Z 8
[11578] = CNOT 8 56
[11579] = CNOT 8 73
[11580] = Z 8
[11581] = CNOT 8 73
[11582] = CNOT 8 74
[11583] = Z 8
[11584] = CNOT 8 74
[11585] = CNOT 8 75
[11586] = Z 8
[11587] = CNOT 8 75
[11588] = CNOT 8 77
[11589] = S 8
[11590] = Z 8
[11591] = CNOT 8 77
[11592] = CNOT 8 79
[11593] = Z 8
[11594] = CNOT 8 79
[11595] = CNOT 8 55
[11596] = CNOT 8 56
[11597] = CNOT 8 73
[11598] = Z 8
[11599] = CNOT 8 73
[11600] = CNOT 8 74
[11601] = Z 8
[11602] = CNOT 8 74
[11603] = CNOT 8 75
[11604] = Z 8
[11605] = CNOT 8 75
[11606] = CNOT 8 77
[11607] = S 8
[11608] = Z 8
[11609] = CNOT 8 77
[11610] = CNOT 8 79
[11611] = Z 8
[11612] = CNOT 8 79
[11613] = CNOT 8 56
[11614] = CNOT 8 73
[11615] = CNOT 8 74
[11616] = Z 8
[11617] = CNOT 8 74
[11618] = CNOT 8 75
[11619] = Z 8
[11620] = CNOT 8 75
[11621] = CNOT 8 77
[11622] = S 8
[11623] = Z 8
[11624] = CNOT 8 77
[11625] = CNOT 8 79
[11626] = Z 8
[11627] = CNOT 8 79
[11628] = CNOT 8 73
[11629] = CNOT 8 74
[11630] = CNOT 8 75
[11631] = Z 8
[11632] = CNOT 8 75
[11633] = CNOT 8 77
[11634] = S 8
[11635] = Z 8
[11636] = CNOT 8 77
[11637] = CNOT 8 79
[11638] = Z 8
[11639] = CNOT 8 79
[11640] = CNOT 8 74
[11641] = CNOT 8 75
[11642] = CNOT 8 77
[11643] = S 8
[11644] = Z 8
[11645] = CNOT 8 77
[11646] = CNOT 8 79
[11647] = Z 8
[11648] = CNOT 8 75
[11649] = CNOT 8 77
[11650] = S 8
[11651] = Z 8
[11652] = CNOT 8 79
[11653] = CNOT 8 77
[11654] = CNOT 9 36
[11655] = CNOT 9 45
[11656] = Z 9
[11657] = CNOT 9 45
[11658] = CNOT 9 53
[11659] = Z 9
[11660] = CNOT 9 53
[11661] = CNOT 9 55
[11662] = Z 9
[11663] = CNOT 9 55
[11664] = CNOT 9 56
[11665] = Z 9
[11666] = CNOT 9 56
[11667] = CNOT 9 58
[11668] = Z 9
[11669] = CNOT 9 58
[11670] = CNOT 9 65
[11671] = Z 9
[11672] = CNOT 9 65
[11673] = CNOT 9 73
[11674] = Z 9
[11675] = CNOT 9 73
[11676] = CNOT 9 74
[11677] = Z 9
[11678] = CNOT 9 74
[11679] = CNOT 9 80
[11680] = Z 9
[11681] = CNOT 9 80
[11682] = CNOT 9 82
[11683] = Z 9
[11684] = CNOT 9 82
[11685] = CNOT 9 92
[11686] = Z 9
[11687] = CNOT 9 92
[11688] = CNOT 9 93
[11689] = Z 9
[11690] = CNOT 9 93
[11691] = CNOT 9 96
[11692] = S 9
[11693] = Z 9
[11694] = CNOT 9 96
[11695] = CNOT 9 99
[11696] = S 9
[11697] = Z 9
[11698] = CNOT 9 99
[11699] = CNOT 9 36
[11700] = CNOT 9 45
[11701] = CNOT 9 53
[11702] = Z 9
[11703] = CNOT 9 53
[11704] = CNOT 9 55
[11705] = Z 9
[11706] = CNOT 9 55
[11707] = CNOT 9 56
[11708] = Z 9
[11709] = CNOT 9 56
[11710] = CNOT 9 58
[11711] = Z 9
[11712] = CNOT 9 58
[11713] = CNOT 9 65
[11714] = Z 9
[11715] = CNOT 9 65
[11716] = CNOT 9 73
[11717] = Z 9
[11718] = CNOT 9 73
[11719] = CNOT 9 74
[11720] = Z 9
[11721] = CNOT 9 74
[11722] = CNOT 9 80
[11723] = Z 9
[11724] = CNOT 9 80
[11725] = CNOT 9 82
[11726] = Z 9
[11727] = CNOT 9 82
[11728] = CNOT 9 92
[11729] = Z 9
[11730] = CNOT 9 92
[11731] = CNOT 9 93
[11732] = Z 9
[11733] = CNOT 9 93
[11734] = CNOT 9 96
[11735] = S 9
[11736] = Z 9
[11737] = CNOT 9 96
[11738] = CNOT 9 99
[11739] = S 9
[11740] = Z 9
[11741] = CNOT 9 99
[11742] = CNOT 9 45
[11743] = CNOT 9 53
[11744] = CNOT 9 55
[11745] = Z 9
[11746] = CNOT 9 55
[11747] = CNOT 9 56
[11748] = Z 9
[11749] = CNOT 9 56
[11750] = CNOT 9 58
[11751] = Z 9
[11752] = CNOT 9 58
[11753] = CNOT 9 65
[11754] = Z 9
[11755] = CNOT 9 65
[11756] = CNOT 9 73
[11757] = Z 9
[11758] = CNOT 9 73
[11759] = CNOT 9 74
[11760] = Z 9
[11761] = CNOT 9 74
[11762] = CNOT 9 80
[11763] = Z 9
[11764] = CNOT 9 80
[11765] = CNOT 9 82
[11766] = Z 9
[11767] = CNOT 9 82
[11768] = CNOT 9 92
[11769] = Z 9
[11770] = CNOT 9 92
[11771] = CNOT 9 93
[11772] = Z 9
[11773] = CNOT 9 93
[11774] = CNOT 9 96
[11775] = S 9
[11776] = Z 9
[11777] = CNOT 9 96
[11778] = CNOT 9 99
[11779] = S 9
[11780] = Z 9
[11781] = CNOT 9 99
[11782] = CNOT 9 53
[11783] = CNOT 9 55
[11784] = CNOT 9 56
[11785] = Z 9
[11786] = CNOT 9 56
[11787] = CNOT 9 58
[11788] = Z 9
[11789] = CNOT 9 58
[11790] = CNOT 9 65
[11791] = Z 9
[11792] = CNOT 9 65
[11793] = CNOT 9 73
[11794] = Z 9
[11795] = CNOT 9 73
[11796] = CNOT 9 74
[11797] = Z 9
[11798] = CNOT 9 74
[11799] = CNOT 9 80
[11800] = Z 9
[11801] = CNOT 9 80
[11802] = CNOT 9 82
[11803] = Z 9
[11804] = CNOT 9 82
[11805] = CNOT 9 92
[11806] = Z 9
[11807] = CNOT 9 92
[11808] = CNOT 9 93
[11809] = Z 9
[11810] = CNOT 9 93
[11811] = CNOT 9 96
[11812] = S 9
[11813] = Z 9
[11814] = CNOT 9 96
[11815] = CNOT 9 99
[11816] = S 9
[11817] = Z 9
[11818] = CNOT 9 99
[11819] = CNOT 9 55
[11820] = CNOT 9 56
[11821] = CNOT 9 58
[11822] = Z 9
[11823] = CNOT 9 58
[11824] = CNOT 9 65
[11825] = Z 9
[11826] = CNOT 9 65
[11827] = CNOT 9 73
[11828] = Z 9
[11829] = CNOT 9 73
[11830] = CNOT 9 74
[11831] = Z 9
[11832] = CNOT 9 74
[11833] = CNOT 9 80
[11834] = Z 9
[11835] = CNOT 9 80
[11836] = CNOT 9 82
[11837] = Z 9
[11838] = CNOT 9 82
[11839] = CNOT 9 92
[11840] = Z 9
[11841] = CNOT 9 92
[11842] = CNOT 9 93
[11843] = Z 9
[11844] = CNOT 9 93
[11845] = CNOT 9 96
[11846] = S 9
[11847] = Z 9
[11848] = CNOT 9 96
[11849] = CNOT 9 99
[11850] = S 9
[11851] = Z 9
[11852] = CNOT 9 99
[11853] = CNOT 9 56
[11854] = CNOT 9 58
[11855] = CNOT 9 65
[11856] = Z 9
[11857] = CNOT 9 65
[11858] = CNOT 9 73
[11859] = Z 9
[11860] = CNOT 9 73
[11861] = CNOT 9 74
[11862] = Z 9
[11863] = CNOT 9 74
[11864] = CNOT 9 80
[11865] = Z 9
[11866] = CNOT 9 80
[11867] = CNOT 9 82
[11868] = Z 9
[11869] = CNOT 9 82
[11870] = CNOT 9 92
[11871] = Z 9
[11872] = CNOT 9 92
[11873] = CNOT 9 93
[11874] = Z 9
[11875] = CNOT 9 93
[11876] = CNOT 9 96
[11877] = S 9
[11878] = Z 9
[11879] = CNOT 9 96
[11880] = CNOT 9 99
[11881] = S 9
[11882] = Z 9
[11883] = CNOT 9 99
[11884] = CNOT 9 58
[11885] = CNOT 9 65
[11886] = CNOT 9 73
[11887] = Z 9
[11888] = CNOT 9 73
[11889] = CNOT 9 74
[11890] = Z 9
[11891] = CNOT 9 74
[11892] = CNOT 9 80
[11893] = Z 9
[11894] = CNOT 9 80
[11895] = CNOT 9 82
[11896] = Z 9
[11897] = CNOT 9 82
[11898] = CNOT 9 92
[11899] = Z 9
[11900] = CNOT 9 92
[11901] = CNOT 9 93
[11902] = Z 9
[11903] = CNOT 9 93
[11904] = CNOT 9 96
[11905] = S 9
[11906] = Z 9
[11907] = CNOT 9 96
[11908] = CNOT 9 99
[11909] = S 9
[11910] = Z 9
[11911] = CNOT 9 99
[11912] = CNOT 9 65
[11913] = CNOT 9 73
[11914] = CNOT 9 74
[11915] = Z 9
[11916] = CNOT 9 74
[11917] = CNOT 9 80
[11918] = Z 9
[11919] = CNOT 9 80
[11920] = CNOT 9 82
[11921] = Z 9
[11922] = CNOT 9 82
[11923] = CNOT 9 92
[11924] = Z 9
[11925] = CNOT 9 92
[11926] = CNOT 9 93
[11927] = Z 9
[11928] = CNOT 9 93
[11929] = CNOT 9 96
[11930] = S 9
[11931] = Z 9
[11932] = CNOT 9 96
[11933] = CNOT 9 99
[11934] = S 9
[11935] = Z 9
[11936] = CNOT 9 99
[11937] = CNOT 9 73
[11938] = CNOT 9 74
[11939] = CNOT 9 80
[11940] = Z 9
[11941] = CNOT 9 80
[11942] = CNOT 9 82
[11943] = Z 9
[11944] = CNOT 9 82
[11945] = CNOT 9 92
[11946] = Z 9
[11947] = CNOT 9 92
[11948] = CNOT 9 93
[11949] = Z 9
[11950] = CNOT 9 93
[11951] = CNOT 9 96
[11952] = S 9
[11953] = Z 9
[11954] = CNOT 9 96
[11955] = CNOT 9 99
[11956] = S 9
[11957] = Z 9
[11958] = CNOT 9 99
[11959] = CNOT 9 74
[11960] = CNOT 9 80
[11961] = CNOT 9 82
[11962] = Z 9
[11963] = CNOT 9 82
[11964] = CNOT 9 92
[11965] = Z 9
[11966] = CNOT 9 92
[11967] = CNOT 9 93
[11968] = Z 9
[11969] = CNOT 9 93
[11970] = CNOT 9 96
[11971] = S 9
[11972] = Z 9
[11973] = CNOT 9 96
[11974] = CNOT 9 99
[11975] = S 9
[11976] = Z 9
[11977] = CNOT 9 99
[11978] = CNOT 9 80
[11979] = CNOT 9 82
[11980] = CNOT 9 92
[11981] = Z 9
[11982] = CNOT 9 92
[11983] = CNOT 9 93
[11984] = Z 9
[11985] = CNOT 9 93
[11986] = CNOT 9 96
[11987] = S 9
[11988] = Z 9
[11989] = CNOT 9 96
[11990] = CNOT 9 99
[11991] = S 9
[11992] = Z 9
[11993] = CNOT 9 99
[11994] = CNOT 9 82
[11995] = CNOT 9 92
[11996] = CNOT 9 93
[11997] = Z 9
[11998] = CNOT 9 93
[11999] = CNOT 9 96
[12000] = S 9
[12001] = Z 9
[12002] = CNOT 9 96
[12003] = CNOT 9 99
[12004] = S 9
[12005] = Z 9
[12006] = CNOT 9 99
[12007] = CNOT 9 92
[12008] = CNOT 9 93
[12009] = CNOT 9 96
[12010] = S 9
[12011] = Z 9
[12012] = CNOT 9 96
[12013] = CNOT 9 99
[12014] = S 9
[12015] = Z 9
[12016] = CNOT 9 99
[12017] = CNOT 9 93
[12018] = CNOT 10 15
[12019] = CNOT 10 36
[12020] = S 10
[12021] = Z 10
[12022] = CNOT 10 36
[12023] = CNOT 10 15
[12024] = CNOT 11 24
[12025] = CNOT 11 92
[12026] = S 11
[12027] = Z 11
[12028] = CNOT 11 92
[12029] = CNOT 11 24
[12030] = CNOT 12 13
[12031] = CNOT 12 15
[12032] = S 12
[12033] = CNOT 12 15
[12034] = CNOT 12 31
[12035] = S 12
[12036] = CNOT 12 31
[12037] = CNOT 12 34
[12038] = S 12
[12039] = Z 12
[12040] = CNOT 12 34
[12041] = CNOT 12 36
[12042] = S 12
[12043] = CNOT 12 36
[12044] = CNOT 12 41
[12045] = S 12
[12046] = CNOT 12 41
[12047] = CNOT 12 45
[12048] = S 12
[12049] = CNOT 12 45
[12050] = CNOT 12 50
[12051] = S 12
[12052] = CNOT 12 50
[12053] = CNOT 12 53
[12054] = S 12
[12055] = CNOT 12 53
[12056] = CNOT 12 54
[12057] = S 12
[12058] = CNOT 12 54
[12059] = CNOT 12 55
[12060] = Z 12
[12061] = CNOT 12 55
[12062] = CNOT 12 57
[12063] = S 12
[12064] = Z 12
[12065] = CNOT 12 57
[12066] = CNOT 12 62
[12067] = Z 12
[12068] = CNOT 12 62
[12069] = CNOT 12 65
[12070] = S 12
[12071] = Z 12
[12072] = CNOT 12 65
[12073] = CNOT 12 81
[12074] = Z 12
[12075] = CNOT 12 81
[12076] = CNOT 12 82
[12077] = Z 12
[12078] = CNOT 12 82
[12079] = CNOT 12 86
[12080] = Z 12
[12081] = CNOT 12 86
[12082] = CNOT 12 13
[12083] = CNOT 12 14
[12084] = CNOT 12 17
[12085] = S 12
[12086] = Z 12
[12087] = CNOT 12 17
[12088] = CNOT 12 19
[12089] = S 12
[12090] = Z 12
[12091] = CNOT 12 19
[12092] = CNOT 12 21
[12093] = Z 12
[12094] = CNOT 12 21
[12095] = CNOT 12 22
[12096] = Z 12
[12097] = CNOT 12 22
[12098] = CNOT 12 26
[12099] = S 12
[12100] = CNOT 12 26
[12101] = CNOT 12 27
[12102] = S 12
[12103] = Z 12
[12104] = CNOT 12 27
[12105] = CNOT 12 30
[12106] = S 12
[12107] = CNOT 12 30
[12108] = CNOT 12 32
[12109] = S 12
[12110] = CNOT 12 32
[12111] = CNOT 12 33
[12112] = Z 12
[12113] = CNOT 12 33
[12114] = CNOT 12 34
[12115] = S 12
[12116] = CNOT 12 34
[12117] = CNOT 12 36
[12118] = S 12
[12119] = CNOT 12 36
[12120] = CNOT 12 37
[12121] = Z 12
[12122] = CNOT 12 37
[12123] = CNOT 12 38
[12124] = Z 12
[12125] = CNOT 12 38
[12126] = CNOT 12 40
[12127] = Z 12
[12128] = CNOT 12 40
[12129] = CNOT 12 42
[12130] = Z 12
[12131] = CNOT 12 42
[12132] = CNOT 12 44
[12133] = Z 12
[12134] = CNOT 12 44
[12135] = CNOT 12 45
[12136] = S 12
[12137] = CNOT 12 45
[12138] = CNOT 12 46
[12139] = Z 12
[12140] = CNOT 12 46
[12141] = CNOT 12 47
[12142] = Z 12
[12143] = CNOT 12 47
[12144] = CNOT 12 49
[12145] = Z 12
[12146] = CNOT 12 49
[12147] = CNOT 12 51
[12148] = Z 12
[12149] = CNOT 12 51
[12150] = CNOT 12 53
[12151] = S 12
[12152] = CNOT 12 53
[12153] = CNOT 12 54
[12154] = Z 12
[12155] = CNOT 12 54
[12156] = CNOT 12 55
[12157] = Z 12
[12158] = CNOT 12 55
[12159] = CNOT 12 57
[12160] = Z 12
[12161] = CNOT 12 57
[12162] = CNOT 12 58
[12163] = S 12
[12164] = Z 12
[12165] = CNOT 12 58
[12166] = CNOT 12 63
[12167] = S 12
[12168] = CNOT 12 63
[12169] = CNOT 12 64
[12170] = Z 12
[12171] = CNOT 12 64
[12172] = CNOT 12 65
[12173] = S 12
[12174] = Z 12
[12175] = CNOT 12 65
[12176] = CNOT 12 68
[12177] = Z 12
[12178] = CNOT 12 68
[12179] = CNOT 12 73
[12180] = Z 12
[12181] = CNOT 12 73
[12182] = CNOT 12 74
[12183] = Z 12
[12184] = CNOT 12 74
[12185] = CNOT 12 75
[12186] = Z 12
[12187] = CNOT 12 75
[12188] = CNOT 12 77
[12189] = Z 12
[12190] = CNOT 12 77
[12191] = CNOT 12 79
[12192] = Z 12
[12193] = CNOT 12 79
[12194] = CNOT 12 82
[12195] = Z 12
[12196] = CNOT 12 82
[12197] = CNOT 12 86
[12198] = Z 12
[12199] = CNOT 12 86
[12200] = CNOT 12 14
[12201] = CNOT 12 15
[12202] = CNOT 12 19
[12203] = S 12
[12204] = Z 12
[12205] = CNOT 12 19
[12206] = CNOT 12 21
[12207] = Z 12
[12208] = CNOT 12 21
[12209] = CNOT 12 26
[12210] = S 12
[12211] = CNOT 12 26
[12212] = CNOT 12 27
[12213] = S 12
[12214] = Z 12
[12215] = CNOT 12 27
[12216] = CNOT 12 30
[12217] = Z 12
[12218] = CNOT 12 30
[12219] = CNOT 12 32
[12220] = S 12
[12221] = CNOT 12 32
[12222] = CNOT 12 33
[12223] = Z 12
[12224] = CNOT 12 33
[12225] = CNOT 12 34
[12226] = S 12
[12227] = CNOT 12 34
[12228] = CNOT 12 35
[12229] = S 12
[12230] = CNOT 12 35
[12231] = CNOT 12 36
[12232] = S 12
[12233] = Z 12
[12234] = CNOT 12 36
[12235] = CNOT 12 37
[12236] = Z 12
[12237] = CNOT 12 37
[12238] = CNOT 12 38
[12239] = Z 12
[12240] = CNOT 12 38
[12241] = CNOT 12 40
[12242] = Z 12
[12243] = CNOT 12 40
[12244] = CNOT 12 42
[12245] = Z 12
[12246] = CNOT 12 42
[12247] = CNOT 12 44
[12248] = Z 12
[12249] = CNOT 12 44
[12250] = CNOT 12 45
[12251] = S 12
[12252] = Z 12
[12253] = CNOT 12 45
[12254] = CNOT 12 46
[12255] = Z 12
[12256] = CNOT 12 46
[12257] = CNOT 12 47
[12258] = Z 12
[12259] = CNOT 12 47
[12260] = CNOT 12 49
[12261] = Z 12
[12262] = CNOT 12 49
[12263] = CNOT 12 51
[12264] = Z 12
[12265] = CNOT 12 51
[12266] = CNOT 12 53
[12267] = Z 12
[12268] = CNOT 12 53
[12269] = CNOT 12 54
[12270] = S 12
[12271] = Z 12
[12272] = CNOT 12 54
[12273] = CNOT 12 56
[12274] = Z 12
[12275] = CNOT 12 56
[12276] = CNOT 12 57
[12277] = Z 12
[12278] = CNOT 12 57
[12279] = CNOT 12 58
[12280] = S 12
[12281] = Z 12
[12282] = CNOT 12 58
[12283] = CNOT 12 63
[12284] = S 12
[12285] = CNOT 12 63
[12286] = CNOT 12 64
[12287] = Z 12
[12288] = CNOT 12 64
[12289] = CNOT 12 68
[12290] = Z 12
[12291] = CNOT 12 68
[12292] = CNOT 12 77
[12293] = Z 12
[12294] = CNOT 12 77
[12295] = CNOT 12 86
[12296] = Z 12
[12297] = CNOT 12 86
[12298] = CNOT 12 15
[12299] = CNOT 12 17
[12300] = CNOT 12 22
[12301] = S 12
[12302] = Z 12
[12303] = CNOT 12 22
[12304] = CNOT 12 36
[12305] = S 12
[12306] = Z 12
[12307] = CNOT 12 36
[12308] = CNOT 12 45
[12309] = S 12
[12310] = Z 12
[12311] = CNOT 12 45
[12312] = CNOT 12 53
[12313] = S 12
[12314] = Z 12
[12315] = CNOT 12 53
[12316] = CNOT 12 54
[12317] = S 12
[12318] = Z 12
[12319] = CNOT 12 54
[12320] = CNOT 12 55
[12321] = S 12
[12322] = Z 12
[12323] = CNOT 12 55
[12324] = CNOT 12 56
[12325] = S 12
[12326] = Z 12
[12327] = CNOT 12 56
[12328] = CNOT 12 73
[12329] = S 12
[12330] = Z 12
[12331] = CNOT 12 73
[12332] = CNOT 12 74
[12333] = S 12
[12334] = Z 12
[12335] = CNOT 12 74
[12336] = CNOT 12 75
[12337] = S 12
[12338] = Z 12
[12339] = CNOT 12 75
[12340] = CNOT 12 79
[12341] = S 12
[12342] = Z 12
[12343] = CNOT 12 79
[12344] = CNOT 12 82
[12345] = S 12
[12346] = Z 12
[12347] = CNOT 12 82
[12348] = CNOT 12 17
[12349] = CNOT 12 19
[12350] = CNOT 12 27
[12351] = Z 12
[12352] = CNOT 12 27
[12353] = CNOT 12 32
[12354] = Z 12
[12355] = CNOT 12 32
[12356] = CNOT 12 35
[12357] = Z 12
[12358] = CNOT 12 35
[12359] = CNOT 12 53
[12360] = Z 12
[12361] = CNOT 12 53
[12362] = CNOT 12 55
[12363] = Z 12
[12364] = CNOT 12 55
[12365] = CNOT 12 65
[12366] = Z 12
[12367] = CNOT 12 65
[12368] = CNOT 12 74
[12369] = Z 12
[12370] = CNOT 12 74
[12371] = CNOT 12 75
[12372] = Z 12
[12373] = CNOT 12 75
[12374] = CNOT 12 79
[12375] = Z 12
[12376] = CNOT 12 79
[12377] = CNOT 12 19
[12378] = CNOT 12 21
[12379] = CNOT 12 26
[12380] = S 12
[12381] = Z 12
[12382] = CNOT 12 26
[12383] = CNOT 12 27
[12384] = S 12
[12385] = Z 12
[12386] = CNOT 12 27
[12387] = CNOT 12 30
[12388] = Z 12
[12389] = CNOT 12 30
[12390] = CNOT 12 55
[12391] = Z 12
[12392] = CNOT 12 55
[12393] = CNOT 12 65
[12394] = Z 12
[12395] = CNOT 12 65
[12396] = CNOT 12 74
[12397] = Z 12
[12398] = CNOT 12 74
[12399] = CNOT 12 75
[12400] = Z 12
[12401] = CNOT 12 75
[12402] = CNOT 12 79
[12403] = Z 12
[12404] = CNOT 12 79
[12405] = CNOT 12 21
[12406] = CNOT 12 22
[12407] = CNOT 12 30
[12408] = S 12
[12409] = Z 12
[12410] = CNOT 12 30
[12411] = CNOT 12 35
[12412] = S 12
[12413] = Z 12
[12414] = CNOT 12 35
[12415] = CNOT 12 36
[12416] = Z 12
[12417] = CNOT 12 36
[12418] = CNOT 12 45
[12419] = Z 12
[12420] = CNOT 12 45
[12421] = CNOT 12 53
[12422] = S 12
[12423] = Z 12
[12424] = CNOT 12 53
[12425] = CNOT 12 54
[12426] = S 12
[12427] = Z 12
[12428] = CNOT 12 54
[12429] = CNOT 12 55
[12430] = Z 12
[12431] = CNOT 12 55
[12432] = CNOT 12 56
[12433] = Z 12
[12434] = CNOT 12 56
[12435] = CNOT 12 65
[12436] = S 12
[12437] = Z 12
[12438] = CNOT 12 65
[12439] = CNOT 12 73
[12440] = Z 12
[12441] = CNOT 12 73
[12442] = CNOT 12 74
[12443] = Z 12
[12444] = CNOT 12 74
[12445] = CNOT 12 75
[12446] = Z 12
[12447] = CNOT 12 75
[12448] = CNOT 12 79
[12449] = Z 12
[12450] = CNOT 12 79
[12451] = CNOT 12 82
[12452] = Z 12
[12453] = CNOT 12 82
[12454] = CNOT 12 22
[12455] = CNOT 12 24
[12456] = CNOT 12 27
[12457] = S 12
[12458] = Z 12
[12459] = CNOT 12 27
[12460] = CNOT 12 32
[12461] = S 12
[12462] = Z 12
[12463] = CNOT 12 32
[12464] = CNOT 12 35
[12465] = S 12
[12466] = Z 12
[12467] = CNOT 12 35
[12468] = CNOT 12 53
[12469] = S 12
[12470] = Z 12
[12471] = CNOT 12 53
[12472] = CNOT 12 55
[12473] = S 12
[12474] = Z 12
[12475] = CNOT 12 55
[12476] = CNOT 12 65
[12477] = S 12
[12478] = Z 12
[12479] = CNOT 12 65
[12480] = CNOT 12 74
[12481] = S 12
[12482] = Z 12
[12483] = CNOT 12 74
[12484] = CNOT 12 75
[12485] = S 12
[12486] = Z 12
[12487] = CNOT 12 75
[12488] = CNOT 12 79
[12489] = S 12
[12490] = Z 12
[12491] = CNOT 12 79
[12492] = CNOT 12 24
[12493] = CNOT 12 25
[12494] = CNOT 12 27
[12495] = S 12
[12496] = Z 12
[12497] = CNOT 12 27
[12498] = CNOT 12 32
[12499] = S 12
[12500] = Z 12
[12501] = CNOT 12 32
[12502] = CNOT 12 35
[12503] = S 12
[12504] = Z 12
[12505] = CNOT 12 35
[12506] = CNOT 12 53
[12507] = S 12
[12508] = Z 12
[12509] = CNOT 12 53
[12510] = CNOT 12 55
[12511] = S 12
[12512] = Z 12
[12513] = CNOT 12 55
[12514] = CNOT 12 65
[12515] = S 12
[12516] = Z 12
[12517] = CNOT 12 65
[12518] = CNOT 12 74
[12519] = S 12
[12520] = Z 12
[12521] = CNOT 12 74
[12522] = CNOT 12 75
[12523] = S 12
[12524] = Z 12
[12525] = CNOT 12 75
[12526] = CNOT 12 79
[12527] = S 12
[12528] = Z 12
[12529] = CNOT 12 79
[12530] = CNOT 12 25
[12531] = CNOT 12 26
[12532] = CNOT 12 27
[12533] = Z 12
[12534] = CNOT 12 27
[12535] = CNOT 12 30
[12536] = S 12
[12537] = Z 12
[12538] = CNOT 12 30
[12539] = CNOT 12 32
[12540] = S 12
[12541] = Z 12
[12542] = CNOT 12 32
[12543] = CNOT 12 33
[12544] = S 12
[12545] = Z 12
[12546] = CNOT 12 33
[12547] = CNOT 12 35
[12548] = S 12
[12549] = Z 12
[12550] = CNOT 12 35
[12551] = CNOT 12 37
[12552] = S 12
[12553] = Z 12
[12554] = CNOT 12 37
[12555] = CNOT 12 40
[12556] = S 12
[12557] = Z 12
[12558] = CNOT 12 40
[12559] = CNOT 12 42
[12560] = S 12
[12561] = Z 12
[12562] = CNOT 12 42
[12563] = CNOT 12 44
[12564] = S 12
[12565] = Z 12
[12566] = CNOT 12 44
[12567] = CNOT 12 46
[12568] = S 12
[12569] = Z 12
[12570] = CNOT 12 46
[12571] = CNOT 12 49
[12572] = S 12
[12573] = Z 12
[12574] = CNOT 12 49
[12575] = CNOT 12 51
[12576] = S 12
[12577] = Z 12
[12578] = CNOT 12 51
[12579] = CNOT 12 55
[12580] = S 12
[12581] = CNOT 12 55
[12582] = CNOT 12 65
[12583] = S 12
[12584] = CNOT 12 65
[12585] = CNOT 12 74
[12586] = S 12
[12587] = CNOT 12 74
[12588] = CNOT 12 75
[12589] = S 12
[12590] = CNOT 12 75
[12591] = CNOT 12 79
[12592] = S 12
[12593] = CNOT 12 79
[12594] = CNOT 12 26
[12595] = CNOT 12 27
[12596] = CNOT 12 30
[12597] = S 12
[12598] = Z 12
[12599] = CNOT 12 30
[12600] = CNOT 12 32
[12601] = Z 12
[12602] = CNOT 12 32
[12603] = CNOT 12 33
[12604] = Z 12
[12605] = CNOT 12 33
[12606] = CNOT 12 35
[12607] = Z 12
[12608] = CNOT 12 35
[12609] = CNOT 12 37
[12610] = Z 12
[12611] = CNOT 12 37
[12612] = CNOT 12 40
[12613] = Z 12
[12614] = CNOT 12 40
[12615] = CNOT 12 42
[12616] = Z 12
[12617] = CNOT 12 42
[12618] = CNOT 12 44
[12619] = Z 12
[12620] = CNOT 12 44
[12621] = CNOT 12 46
[12622] = Z 12
[12623] = CNOT 12 46
[12624] = CNOT 12 49
[12625] = Z 12
[12626] = CNOT 12 49
[12627] = CNOT 12 51
[12628] = Z 12
[12629] = CNOT 12 51
[12630] = CNOT 12 27
[12631] = CNOT 12 30
[12632] = CNOT 12 35
[12633] = S 12
[12634] = Z 12
[12635] = CNOT 12 35
[12636] = CNOT 12 36
[12637] = S 12
[12638] = Z 12
[12639] = CNOT 12 36
[12640] = CNOT 12 45
[12641] = S 12
[12642] = Z 12
[12643] = CNOT 12 45
[12644] = CNOT 12 55
[12645] = S 12
[12646] = CNOT 12 55
[12647] = CNOT 12 56
[12648] = S 12
[12649] = Z 12
[12650] = CNOT 12 56
[12651] = CNOT 12 65
[12652] = S 12
[12653] = CNOT 12 65
[12654] = CNOT 12 73
[12655] = S 12
[12656] = Z 12
[12657] = CNOT 12 73
[12658] = CNOT 12 74
[12659] = S 12
[12660] = CNOT 12 74
[12661] = CNOT 12 75
[12662] = S 12
[12663] = CNOT 12 75
[12664] = CNOT 12 79
[12665] = S 12
[12666] = CNOT 12 79
[12667] = CNOT 12 82
[12668] = S 12
[12669] = Z 12
[12670] = CNOT 12 82
[12671] = CNOT 12 30
[12672] = CNOT 12 32
[12673] = CNOT 12 33
[12674] = S 12
[12675] = Z 12
[12676] = CNOT 12 33
[12677] = CNOT 12 35
[12678] = Z 12
[12679] = CNOT 12 35
[12680] = CNOT 12 37
[12681] = Z 12
[12682] = CNOT 12 37
[12683] = CNOT 12 40
[12684] = Z 12
[12685] = CNOT 12 40
[12686] = CNOT 12 42
[12687] = Z 12
[12688] = CNOT 12 42
[12689] = CNOT 12 44
[12690] = Z 12
[12691] = CNOT 12 44
[12692] = CNOT 12 46
[12693] = Z 12
[12694] = CNOT 12 46
[12695] = CNOT 12 49
[12696] = Z 12
[12697] = CNOT 12 49
[12698] = CNOT 12 51
[12699] = Z 12
[12700] = CNOT 12 51
[12701] = CNOT 12 55
[12702] = Z 12
[12703] = CNOT 12 55
[12704] = CNOT 12 65
[12705] = Z 12
[12706] = CNOT 12 65
[12707] = CNOT 12 74
[12708] = Z 12
[12709] = CNOT 12 74
[12710] = CNOT 12 75
[12711] = Z 12
[12712] = CNOT 12 75
[12713] = CNOT 12 79
[12714] = Z 12
[12715] = CNOT 12 79
[12716] = CNOT 12 32
[12717] = CNOT 12 33
[12718] = CNOT 12 55
[12719] = Z 12
[12720] = CNOT 12 55
[12721] = CNOT 12 65
[12722] = Z 12
[12723] = CNOT 12 65
[12724] = CNOT 12 74
[12725] = Z 12
[12726] = CNOT 12 74
[12727] = CNOT 12 75
[12728] = Z 12
[12729] = CNOT 12 75
[12730] = CNOT 12 79
[12731] = Z 12
[12732] = CNOT 12 79
[12733] = CNOT 12 33
[12734] = CNOT 12 34
[12735] = CNOT 12 38
[12736] = S 12
[12737] = Z 12
[12738] = CNOT 12 38
[12739] = CNOT 12 47
[12740] = S 12
[12741] = Z 12
[12742] = CNOT 12 47
[12743] = CNOT 12 50
[12744] = S 12
[12745] = CNOT 12 50
[12746] = CNOT 12 55
[12747] = S 12
[12748] = CNOT 12 55
[12749] = CNOT 12 56
[12750] = S 12
[12751] = Z 12
[12752] = CNOT 12 56
[12753] = CNOT 12 57
[12754] = S 12
[12755] = Z 12
[12756] = CNOT 12 57
[12757] = CNOT 12 62
[12758] = Z 12
[12759] = CNOT 12 62
[12760] = CNOT 12 63
[12761] = S 12
[12762] = Z 12
[12763] = CNOT 12 63
[12764] = CNOT 12 64
[12765] = S 12
[12766] = Z 12
[12767] = CNOT 12 64
[12768] = CNOT 12 65
[12769] = S 12
[12770] = CNOT 12 65
[12771] = CNOT 12 68
[12772] = S 12
[12773] = CNOT 12 68
[12774] = CNOT 12 72
[12775] = Z 12
[12776] = CNOT 12 72
[12777] = CNOT 12 73
[12778] = Z 12
[12779] = CNOT 12 73
[12780] = CNOT 12 74
[12781] = S 12
[12782] = CNOT 12 74
[12783] = CNOT 12 75
[12784] = S 12
[12785] = CNOT 12 75
[12786] = CNOT 12 77
[12787] = S 12
[12788] = Z 12
[12789] = CNOT 12 77
[12790] = CNOT 12 79
[12791] = S 12
[12792] = CNOT 12 79
[12793] = CNOT 12 81
[12794] = Z 12
[12795] = CNOT 12 81
[12796] = CNOT 12 82
[12797] = Z 12
[12798] = CNOT 12 82
[12799] = CNOT 12 86
[12800] = S 12
[12801] = Z 12
[12802] = CNOT 12 86
[12803] = CNOT 12 34
[12804] = CNOT 12 35
[12805] = CNOT 12 36
[12806] = S 12
[12807] = Z 12
[12808] = CNOT 12 36
[12809] = CNOT 12 37
[12810] = S 12
[12811] = Z 12
[12812] = CNOT 12 37
[12813] = CNOT 12 45
[12814] = S 12
[12815] = Z 12
[12816] = CNOT 12 45
[12817] = CNOT 12 53
[12818] = Z 12
[12819] = CNOT 12 53
[12820] = CNOT 12 55
[12821] = S 12
[12822] = CNOT 12 55
[12823] = CNOT 12 56
[12824] = S 12
[12825] = Z 12
[12826] = CNOT 12 56
[12827] = CNOT 12 65
[12828] = S 12
[12829] = CNOT 12 65
[12830] = CNOT 12 73
[12831] = S 12
[12832] = Z 12
[12833] = CNOT 12 73
[12834] = CNOT 12 74
[12835] = S 12
[12836] = CNOT 12 74
[12837] = CNOT 12 75
[12838] = S 12
[12839] = CNOT 12 75
[12840] = CNOT 12 79
[12841] = S 12
[12842] = CNOT 12 79
[12843] = CNOT 12 82
[12844] = S 12
[12845] = Z 12
[12846] = CNOT 12 82
[12847] = CNOT 12 35
[12848] = CNOT 12 36
[12849] = CNOT 12 38
[12850] = Z 12
[12851] = CNOT 12 38
[12852] = CNOT 12 45
[12853] = S 12
[12854] = Z 12
[12855] = CNOT 12 45
[12856] = CNOT 12 47
[12857] = Z 12
[12858] = CNOT 12 47
[12859] = CNOT 12 55
[12860] = S 12
[12861] = CNOT 12 55
[12862] = CNOT 12 56
[12863] = S 12
[12864] = Z 12
[12865] = CNOT 12 56
[12866] = CNOT 12 57
[12867] = Z 12
[12868] = CNOT 12 57
[12869] = CNOT 12 58
[12870] = S 12
[12871] = Z 12
[12872] = CNOT 12 58
[12873] = CNOT 12 62
[12874] = Z 12
[12875] = CNOT 12 62
[12876] = CNOT 12 63
[12877] = Z 12
[12878] = CNOT 12 63
[12879] = CNOT 12 64
[12880] = Z 12
[12881] = CNOT 12 64
[12882] = CNOT 12 68
[12883] = Z 12
[12884] = CNOT 12 68
[12885] = CNOT 12 73
[12886] = S 12
[12887] = CNOT 12 73
[12888] = CNOT 12 74
[12889] = S 12
[12890] = CNOT 12 74
[12891] = CNOT 12 75
[12892] = S 12
[12893] = CNOT 12 75
[12894] = CNOT 12 77
[12895] = Z 12
[12896] = CNOT 12 77
[12897] = CNOT 12 79
[12898] = S 12
[12899] = CNOT 12 79
[12900] = CNOT 12 81
[12901] = Z 12
[12902] = CNOT 12 81
[12903] = CNOT 12 82
[12904] = S 12
[12905] = Z 12
[12906] = CNOT 12 82
[12907] = CNOT 12 86
[12908] = S 12
[12909] = Z 12
[12910] = CNOT 12 86
[12911] = CNOT 12 36
[12912] = CNOT 12 37
[12913] = CNOT 12 40
[12914] = S 12
[12915] = Z 12
[12916] = CNOT 12 40
[12917] = CNOT 12 53
[12918] = Z 12
[12919] = CNOT 12 53
[12920] = CNOT 12 55
[12921] = Z 12
[12922] = CNOT 12 55
[12923] = CNOT 12 65
[12924] = Z 12
[12925] = CNOT 12 65
[12926] = CNOT 12 74
[12927] = Z 12
[12928] = CNOT 12 74
[12929] = CNOT 12 75
[12930] = Z 12
[12931] = CNOT 12 75
[12932] = CNOT 12 79
[12933] = Z 12
[12934] = CNOT 12 79
[12935] = CNOT 12 37
[12936] = CNOT 12 38
[12937] = CNOT 12 45
[12938] = Z 12
[12939] = CNOT 12 45
[12940] = CNOT 12 53
[12941] = Z 12
[12942] = CNOT 12 53
[12943] = CNOT 12 54
[12944] = Z 12
[12945] = CNOT 12 54
[12946] = CNOT 12 56
[12947] = Z 12
[12948] = CNOT 12 56
[12949] = CNOT 12 73
[12950] = Z 12
[12951] = CNOT 12 73
[12952] = CNOT 12 74
[12953] = Z 12
[12954] = CNOT 12 74
[12955] = CNOT 12 75
[12956] = Z 12
[12957] = CNOT 12 75
[12958] = CNOT 12 79
[12959] = Z 12
[12960] = CNOT 12 79
[12961] = CNOT 12 81
[12962] = Z 12
[12963] = CNOT 12 81
[12964] = CNOT 12 82
[12965] = Z 12
[12966] = CNOT 12 82
[12967] = CNOT 12 38
[12968] = CNOT 12 40
[12969] = CNOT 12 42
[12970] = S 12
[12971] = Z 12
[12972] = CNOT 12 42
[12973] = CNOT 12 53
[12974] = Z 12
[12975] = CNOT 12 53
[12976] = CNOT 12 55
[12977] = Z 12
[12978] = CNOT 12 55
[12979] = CNOT 12 65
[12980] = Z 12
[12981] = CNOT 12 65
[12982] = CNOT 12 74
[12983] = Z 12
[12984] = CNOT 12 74
[12985] = CNOT 12 75
[12986] = Z 12
[12987] = CNOT 12 75
[12988] = CNOT 12 79
[12989] = Z 12
[12990] = CNOT 12 79
[12991] = CNOT 12 40
[12992] = CNOT 12 42
[12993] = CNOT 12 44
[12994] = S 12
[12995] = Z 12
[12996] = CNOT 12 44
[12997] = CNOT 12 53
[12998] = Z 12
[12999] = CNOT 12 53
[13000] = CNOT 12 55
[13001] = Z 12
[13002] = CNOT 12 55
[13003] = CNOT 12 65
[13004] = Z 12
[13005] = CNOT 12 65
[13006] = CNOT 12 74
[13007] = Z 12
[13008] = CNOT 12 74
[13009] = CNOT 12 75
[13010] = Z 12
[13011] = CNOT 12 75
[13012] = CNOT 12 79
[13013] = Z 12
[13014] = CNOT 12 79
[13015] = CNOT 12 42
[13016] = CNOT 12 44
[13017] = CNOT 12 46
[13018] = S 12
[13019] = Z 12
[13020] = CNOT 12 46
[13021] = CNOT 12 53
[13022] = Z 12
[13023] = CNOT 12 53
[13024] = CNOT 12 55
[13025] = Z 12
[13026] = CNOT 12 55
[13027] = CNOT 12 65
[13028] = Z 12
[13029] = CNOT 12 65
[13030] = CNOT 12 74
[13031] = Z 12
[13032] = CNOT 12 74
[13033] = CNOT 12 75
[13034] = Z 12
[13035] = CNOT 12 75
[13036] = CNOT 12 79
[13037] = Z 12
[13038] = CNOT 12 79
[13039] = CNOT 12 44
[13040] = CNOT 12 45
[13041] = CNOT 12 47
[13042] = Z 12
[13043] = CNOT 12 47
[13044] = CNOT 12 53
[13045] = Z 12
[13046] = CNOT 12 53
[13047] = CNOT 12 54
[13048] = Z 12
[13049] = CNOT 12 54
[13050] = CNOT 12 55
[13051] = S 12
[13052] = CNOT 12 55
[13053] = CNOT 12 56
[13054] = S 12
[13055] = CNOT 12 56
[13056] = CNOT 12 57
[13057] = Z 12
[13058] = CNOT 12 57
[13059] = CNOT 12 58
[13060] = S 12
[13061] = Z 12
[13062] = CNOT 12 58
[13063] = CNOT 12 62
[13064] = Z 12
[13065] = CNOT 12 62
[13066] = CNOT 12 64
[13067] = Z 12
[13068] = CNOT 12 64
[13069] = CNOT 12 65
[13070] = Z 12
[13071] = CNOT 12 65
[13072] = CNOT 12 68
[13073] = Z 12
[13074] = CNOT 12 68
[13075] = CNOT 12 73
[13076] = S 12
[13077] = CNOT 12 73
[13078] = CNOT 12 74
[13079] = S 12
[13080] = CNOT 12 74
[13081] = CNOT 12 75
[13082] = S 12
[13083] = CNOT 12 75
[13084] = CNOT 12 77
[13085] = Z 12
[13086] = CNOT 12 77
[13087] = CNOT 12 79
[13088] = S 12
[13089] = CNOT 12 79
[13090] = CNOT 12 82
[13091] = S 12
[13092] = Z 12
[13093] = CNOT 12 82
[13094] = CNOT 12 86
[13095] = Z 12
[13096] = CNOT 12 86
[13097] = CNOT 12 45
[13098] = CNOT 12 46
[13099] = CNOT 12 49
[13100] = S 12
[13101] = Z 12
[13102] = CNOT 12 49
[13103] = CNOT 12 53
[13104] = Z 12
[13105] = CNOT 12 53
[13106] = CNOT 12 55
[13107] = Z 12
[13108] = CNOT 12 55
[13109] = CNOT 12 65
[13110] = Z 12
[13111] = CNOT 12 65
[13112] = CNOT 12 74
[13113] = Z 12
[13114] = CNOT 12 74
[13115] = CNOT 12 75
[13116] = Z 12
[13117] = CNOT 12 75
[13118] = CNOT 12 79
[13119] = Z 12
[13120] = CNOT 12 79
[13121] = CNOT 12 46
[13122] = CNOT 12 47
[13123] = CNOT 12 53
[13124] = Z 12
[13125] = CNOT 12 53
[13126] = CNOT 12 54
[13127] = Z 12
[13128] = CNOT 12 54
[13129] = CNOT 12 56
[13130] = Z 12
[13131] = CNOT 12 56
[13132] = CNOT 12 68
[13133] = Z 12
[13134] = CNOT 12 68
[13135] = CNOT 12 72
[13136] = Z 12
[13137] = CNOT 12 72
[13138] = CNOT 12 73
[13139] = Z 12
[13140] = CNOT 12 73
[13141] = CNOT 12 74
[13142] = Z 12
[13143] = CNOT 12 74
[13144] = CNOT 12 75
[13145] = Z 12
[13146] = CNOT 12 75
[13147] = CNOT 12 79
[13148] = Z 12
[13149] = CNOT 12 79
[13150] = CNOT 12 81
[13151] = Z 12
[13152] = CNOT 12 81
[13153] = CNOT 12 82
[13154] = Z 12
[13155] = CNOT 12 82
[13156] = CNOT 12 47
[13157] = CNOT 12 49
[13158] = CNOT 12 51
[13159] = S 12
[13160] = Z 12
[13161] = CNOT 12 51
[13162] = CNOT 12 53
[13163] = Z 12
[13164] = CNOT 12 53
[13165] = CNOT 12 55
[13166] = Z 12
[13167] = CNOT 12 55
[13168] = CNOT 12 65
[13169] = Z 12
[13170] = CNOT 12 65
[13171] = CNOT 12 74
[13172] = Z 12
[13173] = CNOT 12 74
[13174] = CNOT 12 75
[13175] = Z 12
[13176] = CNOT 12 75
[13177] = CNOT 12 79
[13178] = Z 12
[13179] = CNOT 12 79
[13180] = CNOT 12 49
[13181] = CNOT 12 51
[13182] = CNOT 12 53
[13183] = S 12
[13184] = Z 12
[13185] = CNOT 12 53
[13186] = CNOT 12 55
[13187] = Z 12
[13188] = CNOT 12 55
[13189] = CNOT 12 65
[13190] = Z 12
[13191] = CNOT 12 65
[13192] = CNOT 12 74
[13193] = Z 12
[13194] = CNOT 12 74
[13195] = CNOT 12 75
[13196] = Z 12
[13197] = CNOT 12 75
[13198] = CNOT 12 79
[13199] = Z 12
[13200] = CNOT 12 79
[13201] = CNOT 12 51
[13202] = CNOT 12 53
[13203] = CNOT 12 54
[13204] = Z 12
[13205] = CNOT 12 54
[13206] = CNOT 12 55
[13207] = Z 12
[13208] = CNOT 12 55
[13209] = CNOT 12 56
[13210] = Z 12
[13211] = CNOT 12 56
[13212] = CNOT 12 57
[13213] = Z 12
[13214] = CNOT 12 57
[13215] = CNOT 12 58
[13216] = S 12
[13217] = Z 12
[13218] = CNOT 12 58
[13219] = CNOT 12 62
[13220] = Z 12
[13221] = CNOT 12 62
[13222] = CNOT 12 64
[13223] = Z 12
[13224] = CNOT 12 64
[13225] = CNOT 12 65
[13226] = S 12
[13227] = Z 12
[13228] = CNOT 12 65
[13229] = CNOT 12 68
[13230] = Z 12
[13231] = CNOT 12 68
[13232] = CNOT 12 73
[13233] = Z 12
[13234] = CNOT 12 73
[13235] = CNOT 12 74
[13236] = Z 12
[13237] = CNOT 12 74
[13238] = CNOT 12 75
[13239] = Z 12
[13240] = CNOT 12 75
[13241] = CNOT 12 77
[13242] = Z 12
[13243] = CNOT 12 77
[13244] = CNOT 12 79
[13245] = Z 12
[13246] = CNOT 12 79
[13247] = CNOT 12 86
[13248] = Z 12
[13249] = CNOT 12 86
[13250] = CNOT 12 53
[13251] = CNOT 12 54
[13252] = CNOT 12 55
[13253] = Z 12
[13254] = CNOT 12 55
[13255] = CNOT 12 56
[13256] = Z 12
[13257] = CNOT 12 56
[13258] = CNOT 12 57
[13259] = Z 12
[13260] = CNOT 12 57
[13261] = CNOT 12 58
[13262] = S 12
[13263] = Z 12
[13264] = CNOT 12 58
[13265] = CNOT 12 62
[13266] = Z 12
[13267] = CNOT 12 62
[13268] = CNOT 12 64
[13269] = Z 12
[13270] = CNOT 12 64
[13271] = CNOT 12 65
[13272] = S 12
[13273] = Z 12
[13274] = CNOT 12 65
[13275] = CNOT 12 68
[13276] = Z 12
[13277] = CNOT 12 68
[13278] = CNOT 12 73
[13279] = Z 12
[13280] = CNOT 12 73
[13281] = CNOT 12 74
[13282] = Z 12
[13283] = CNOT 12 74
[13284] = CNOT 12 75
[13285] = Z 12
[13286] = CNOT 12 75
[13287] = CNOT 12 77
[13288] = Z 12
[13289] = CNOT 12 77
[13290] = CNOT 12 79
[13291] = Z 12
[13292] = CNOT 12 79
[13293] = CNOT 12 86
[13294] = Z 12
[13295] = CNOT 12 86
[13296] = CNOT 12 54
[13297] = CNOT 12 55
[13298] = CNOT 12 56
[13299] = S 12
[13300] = CNOT 12 56
[13301] = CNOT 12 57
[13302] = Z 12
[13303] = CNOT 12 57
[13304] = CNOT 12 58
[13305] = S 12
[13306] = Z 12
[13307] = CNOT 12 58
[13308] = CNOT 12 73
[13309] = S 12
[13310] = CNOT 12 73
[13311] = CNOT 12 74
[13312] = S 12
[13313] = Z 12
[13314] = CNOT 12 74
[13315] = CNOT 12 75
[13316] = S 12
[13317] = Z 12
[13318] = CNOT 12 75
[13319] = CNOT 12 77
[13320] = Z 12
[13321] = CNOT 12 77
[13322] = CNOT 12 79
[13323] = S 12
[13324] = Z 12
[13325] = CNOT 12 79
[13326] = CNOT 12 55
[13327] = CNOT 12 56
[13328] = CNOT 12 57
[13329] = Z 12
[13330] = CNOT 12 57
[13331] = CNOT 12 58
[13332] = S 12
[13333] = Z 12
[13334] = CNOT 12 58
[13335] = CNOT 12 62
[13336] = Z 12
[13337] = CNOT 12 62
[13338] = CNOT 12 64
[13339] = Z 12
[13340] = CNOT 12 64
[13341] = CNOT 12 65
[13342] = S 12
[13343] = CNOT 12 65
[13344] = CNOT 12 68
[13345] = Z 12
[13346] = CNOT 12 68
[13347] = CNOT 12 73
[13348] = S 12
[13349] = CNOT 12 73
[13350] = CNOT 12 77
[13351] = Z 12
[13352] = CNOT 12 77
[13353] = CNOT 12 82
[13354] = Z 12
[13355] = CNOT 12 82
[13356] = CNOT 12 86
[13357] = Z 12
[13358] = CNOT 12 86
[13359] = CNOT 12 56
[13360] = CNOT 12 57
[13361] = CNOT 12 58
[13362] = S 12
[13363] = Z 12
[13364] = CNOT 12 58
[13365] = CNOT 12 65
[13366] = S 12
[13367] = Z 12
[13368] = CNOT 12 65
[13369] = CNOT 12 73
[13370] = Z 12
[13371] = CNOT 12 73
[13372] = CNOT 12 74
[13373] = Z 12
[13374] = CNOT 12 74
[13375] = CNOT 12 75
[13376] = Z 12
[13377] = CNOT 12 75
[13378] = CNOT 12 79
[13379] = Z 12
[13380] = CNOT 12 79
[13381] = CNOT 12 82
[13382] = Z 12
[13383] = CNOT 12 82
[13384] = CNOT 12 57
[13385] = CNOT 12 58
[13386] = CNOT 12 65
[13387] = S 12
[13388] = Z 12
[13389] = CNOT 12 65
[13390] = CNOT 12 73
[13391] = S 12
[13392] = Z 12
[13393] = CNOT 12 73
[13394] = CNOT 12 74
[13395] = S 12
[13396] = Z 12
[13397] = CNOT 12 74
[13398] = CNOT 12 75
[13399] = S 12
[13400] = Z 12
[13401] = CNOT 12 75
[13402] = CNOT 12 79
[13403] = S 12
[13404] = Z 12
[13405] = CNOT 12 79
[13406] = CNOT 12 82
[13407] = S 12
[13408] = Z 12
[13409] = CNOT 12 82
[13410] = CNOT 12 58
[13411] = CNOT 12 62
[13412] = CNOT 12 63
[13413] = S 12
[13414] = Z 12
[13415] = CNOT 12 63
[13416] = CNOT 12 65
[13417] = Z 12
[13418] = CNOT 12 65
[13419] = CNOT 12 81
[13420] = Z 12
[13421] = CNOT 12 81
[13422] = CNOT 12 86
[13423] = Z 12
[13424] = CNOT 12 86
[13425] = CNOT 12 62
[13426] = CNOT 12 63
[13427] = CNOT 12 65
[13428] = Z 12
[13429] = CNOT 12 65
[13430] = CNOT 12 73
[13431] = Z 12
[13432] = CNOT 12 73
[13433] = CNOT 12 74
[13434] = Z 12
[13435] = CNOT 12 74
[13436] = CNOT 12 75
[13437] = Z 12
[13438] = CNOT 12 75
[13439] = CNOT 12 79
[13440] = Z 12
[13441] = CNOT 12 79
[13442] = CNOT 12 63
[13443] = CNOT 12 64
[13444] = CNOT 12 68
[13445] = Z 12
[13446] = CNOT 12 68
[13447] = CNOT 12 72
[13448] = S 12
[13449] = Z 12
[13450] = CNOT 12 72
[13451] = CNOT 12 73
[13452] = Z 12
[13453] = CNOT 12 73
[13454] = CNOT 12 74
[13455] = Z 12
[13456] = CNOT 12 74
[13457] = CNOT 12 75
[13458] = Z 12
[13459] = CNOT 12 75
[13460] = CNOT 12 79
[13461] = Z 12
[13462] = CNOT 12 79
[13463] = CNOT 12 81
[13464] = Z 12
[13465] = CNOT 12 81
[13466] = CNOT 12 82
[13467] = Z 12
[13468] = CNOT 12 82
[13469] = CNOT 12 64
[13470] = CNOT 12 65
[13471] = CNOT 12 73
[13472] = S 12
[13473] = Z 12
[13474] = CNOT 12 73
[13475] = CNOT 12 82
[13476] = S 12
[13477] = CNOT 12 82
[13478] = CNOT 12 65
[13479] = CNOT 12 68
[13480] = CNOT 12 73
[13481] = Z 12
[13482] = CNOT 12 73
[13483] = CNOT 12 74
[13484] = Z 12
[13485] = CNOT 12 74
[13486] = CNOT 12 75
[13487] = Z 12
[13488] = CNOT 12 75
[13489] = CNOT 12 79
[13490] = Z 12
[13491] = CNOT 12 79
[13492] = CNOT 12 81
[13493] = Z 12
[13494] = CNOT 12 81
[13495] = CNOT 12 82
[13496] = Z 12
[13497] = CNOT 12 82
[13498] = CNOT 12 68
[13499] = CNOT 12 73
[13500] = CNOT 12 74
[13501] = Z 12
[13502] = CNOT 12 74
[13503] = CNOT 12 75
[13504] = Z 12
[13505] = CNOT 12 75
[13506] = CNOT 12 77
[13507] = Z 12
[13508] = CNOT 12 77
[13509] = CNOT 12 79
[13510] = Z 12
[13511] = CNOT 12 79
[13512] = CNOT 12 82
[13513] = S 12
[13514] = Z 12
[13515] = CNOT 12 82
[13516] = CNOT 12 86
[13517] = Z 12
[13518] = CNOT 12 86
[13519] = CNOT 12 73
[13520] = CNOT 12 74
[13521] = CNOT 12 75
[13522] = S 12
[13523] = Z 12
[13524] = CNOT 12 75
[13525] = CNOT 12 77
[13526] = Z 12
[13527] = CNOT 12 77
[13528] = CNOT 12 79
[13529] = S 12
[13530] = Z 12
[13531] = CNOT 12 79
[13532] = CNOT 12 82
[13533] = Z 12
[13534] = CNOT 12 82
[13535] = CNOT 12 86
[13536] = Z 12
[13537] = CNOT 12 86
[13538] = CNOT 12 74
[13539] = CNOT 12 75
[13540] = CNOT 12 77
[13541] = Z 12
[13542] = CNOT 12 77
[13543] = CNOT 12 79
[13544] = S 12
[13545] = Z 12
[13546] = CNOT 12 79
[13547] = CNOT 12 82
[13548] = Z 12
[13549] = CNOT 12 82
[13550] = CNOT 12 86
[13551] = Z 12
[13552] = CNOT 12 86
[13553] = CNOT 12 75
[13554] = CNOT 12 77
[13555] = CNOT 12 79
[13556] = Z 12
[13557] = CNOT 12 77
[13558] = CNOT 12 82
[13559] = Z 12
[13560] = CNOT 12 82
[13561] = CNOT 12 86
[13562] = Z 12
[13563] = CNOT 12 86
[13564] = CNOT 12 79
[13565] = CNOT 12 81
[13566] = CNOT 12 82
[13567] = S 12
[13568] = Z 12
[13569] = CNOT 12 82
[13570] = CNOT 12 86
[13571] = Z 12
[13572] = CNOT 12 86
[13573] = CNOT 12 81
[13574] = CNOT 13 14
[13575] = CNOT 13 17
[13576] = S 13
[13577] = Z 13
[13578] = CNOT 13 17
[13579] = CNOT 13 22
[13580] = Z 13
[13581] = CNOT 13 22
[13582] = CNOT 13 30
[13583] = S 13
[13584] = Z 13
[13585] = CNOT 13 30
[13586] = CNOT 13 31
[13587] = S 13
[13588] = CNOT 13 31
[13589] = CNOT 13 34
[13590] = S 13
[13591] = Z 13
[13592] = CNOT 13 34
[13593] = CNOT 13 35
[13594] = S 13
[13595] = Z 13
[13596] = CNOT 13 35
[13597] = CNOT 13 36
[13598] = S 13
[13599] = Z 13
[13600] = CNOT 13 36
[13601] = CNOT 13 41
[13602] = S 13
[13603] = CNOT 13 41
[13604] = CNOT 13 45
[13605] = S 13
[13606] = Z 13
[13607] = CNOT 13 45
[13608] = CNOT 13 50
[13609] = S 13
[13610] = CNOT 13 50
[13611] = CNOT 13 56
[13612] = Z 13
[13613] = CNOT 13 56
[13614] = CNOT 13 57
[13615] = S 13
[13616] = Z 13
[13617] = CNOT 13 57
[13618] = CNOT 13 62
[13619] = Z 13
[13620] = CNOT 13 62
[13621] = CNOT 13 65
[13622] = Z 13
[13623] = CNOT 13 65
[13624] = CNOT 13 73
[13625] = Z 13
[13626] = CNOT 13 73
[13627] = CNOT 13 74
[13628] = Z 13
[13629] = CNOT 13 74
[13630] = CNOT 13 75
[13631] = Z 13
[13632] = CNOT 13 75
[13633] = CNOT 13 79
[13634] = Z 13
[13635] = CNOT 13 79
[13636] = CNOT 13 81
[13637] = Z 13
[13638] = CNOT 13 81
[13639] = CNOT 13 86
[13640] = Z 13
[13641] = CNOT 13 86
[13642] = CNOT 13 14
[13643] = CNOT 13 15
[13644] = CNOT 13 31
[13645] = S 13
[13646] = CNOT 13 31
[13647] = CNOT 13 34
[13648] = S 13
[13649] = Z 13
[13650] = CNOT 13 34
[13651] = CNOT 13 36
[13652] = S 13
[13653] = CNOT 13 36
[13654] = CNOT 13 41
[13655] = S 13
[13656] = CNOT 13 41
[13657] = CNOT 13 45
[13658] = S 13
[13659] = CNOT 13 45
[13660] = CNOT 13 50
[13661] = S 13
[13662] = CNOT 13 50
[13663] = CNOT 13 53
[13664] = S 13
[13665] = CNOT 13 53
[13666] = CNOT 13 54
[13667] = S 13
[13668] = CNOT 13 54
[13669] = CNOT 13 55
[13670] = Z 13
[13671] = CNOT 13 55
[13672] = CNOT 13 57
[13673] = S 13
[13674] = Z 13
[13675] = CNOT 13 57
[13676] = CNOT 13 62
[13677] = Z 13
[13678] = CNOT 13 62
[13679] = CNOT 13 65
[13680] = S 13
[13681] = Z 13
[13682] = CNOT 13 65
[13683] = CNOT 13 81
[13684] = Z 13
[13685] = CNOT 13 81
[13686] = CNOT 13 82
[13687] = Z 13
[13688] = CNOT 13 82
[13689] = CNOT 13 86
[13690] = Z 13
[13691] = CNOT 13 86
[13692] = CNOT 13 15
[13693] = CNOT 13 17
[13694] = CNOT 13 22
[13695] = S 13
[13696] = Z 13
[13697] = CNOT 13 22
[13698] = CNOT 13 36
[13699] = S 13
[13700] = Z 13
[13701] = CNOT 13 36
[13702] = CNOT 13 45
[13703] = S 13
[13704] = Z 13
[13705] = CNOT 13 45
[13706] = CNOT 13 53
[13707] = S 13
[13708] = Z 13
[13709] = CNOT 13 53
[13710] = CNOT 13 54
[13711] = S 13
[13712] = Z 13
[13713] = CNOT 13 54
[13714] = CNOT 13 55
[13715] = S 13
[13716] = Z 13
[13717] = CNOT 13 55
[13718] = CNOT 13 56
[13719] = S 13
[13720] = Z 13
[13721] = CNOT 13 56
[13722] = CNOT 13 73
[13723] = S 13
[13724] = Z 13
[13725] = CNOT 13 73
[13726] = CNOT 13 74
[13727] = S 13
[13728] = Z 13
[13729] = CNOT 13 74
[13730] = CNOT 13 75
[13731] = S 13
[13732] = Z 13
[13733] = CNOT 13 75
[13734] = CNOT 13 79
[13735] = S 13
[13736] = Z 13
[13737] = CNOT 13 79
[13738] = CNOT 13 82
[13739] = S 13
[13740] = Z 13
[13741] = CNOT 13 82
[13742] = CNOT 13 17
[13743] = CNOT 13 22
[13744] = CNOT 13 23
[13745] = S 13
[13746] = Z 13
[13747] = CNOT 13 23
[13748] = CNOT 13 30
[13749] = Z 13
[13750] = CNOT 13 30
[13751] = CNOT 13 35
[13752] = Z 13
[13753] = CNOT 13 35
[13754] = CNOT 13 36
[13755] = S 13
[13756] = CNOT 13 36
[13757] = CNOT 13 45
[13758] = S 13
[13759] = CNOT 13 45
[13760] = CNOT 13 53
[13761] = S 13
[13762] = Z 13
[13763] = CNOT 13 53
[13764] = CNOT 13 54
[13765] = S 13
[13766] = Z 13
[13767] = CNOT 13 54
[13768] = CNOT 13 55
[13769] = S 13
[13770] = CNOT 13 55
[13771] = CNOT 13 56
[13772] = S 13
[13773] = CNOT 13 56
[13774] = CNOT 13 65
[13775] = Z 13
[13776] = CNOT 13 65
[13777] = CNOT 13 73
[13778] = S 13
[13779] = CNOT 13 73
[13780] = CNOT 13 74
[13781] = S 13
[13782] = CNOT 13 74
[13783] = CNOT 13 75
[13784] = S 13
[13785] = CNOT 13 75
[13786] = CNOT 13 79
[13787] = S 13
[13788] = CNOT 13 79
[13789] = CNOT 13 82
[13790] = S 13
[13791] = CNOT 13 82
[13792] = CNOT 13 22
[13793] = CNOT 13 23
[13794] = CNOT 13 30
[13795] = S 13
[13796] = Z 13
[13797] = CNOT 13 30
[13798] = CNOT 13 35
[13799] = S 13
[13800] = Z 13
[13801] = CNOT 13 35
[13802] = CNOT 13 36
[13803] = S 13
[13804] = Z 13
[13805] = CNOT 13 36
[13806] = CNOT 13 45
[13807] = S 13
[13808] = Z 13
[13809] = CNOT 13 45
[13810] = CNOT 13 55
[13811] = S 13
[13812] = Z 13
[13813] = CNOT 13 55
[13814] = CNOT 13 56
[13815] = S 13
[13816] = Z 13
[13817] = CNOT 13 56
[13818] = CNOT 13 65
[13819] = S 13
[13820] = Z 13
[13821] = CNOT 13 65
[13822] = CNOT 13 73
[13823] = S 13
[13824] = Z 13
[13825] = CNOT 13 73
[13826] = CNOT 13 74
[13827] = S 13
[13828] = Z 13
[13829] = CNOT 13 74
[13830] = CNOT 13 75
[13831] = S 13
[13832] = Z 13
[13833] = CNOT 13 75
[13834] = CNOT 13 79
[13835] = S 13
[13836] = Z 13
[13837] = CNOT 13 79
[13838] = CNOT 13 82
[13839] = S 13
[13840] = Z 13
[13841] = CNOT 13 82
[13842] = CNOT 13 23
[13843] = CNOT 13 30
[13844] = CNOT 13 35
[13845] = Z 13
[13846] = CNOT 13 35
[13847] = CNOT 13 36
[13848] = Z 13
[13849] = CNOT 13 36
[13850] = CNOT 13 45
[13851] = Z 13
[13852] = CNOT 13 45
[13853] = CNOT 13 55
[13854] = Z 13
[13855] = CNOT 13 55
[13856] = CNOT 13 56
[13857] = Z 13
[13858] = CNOT 13 56
[13859] = CNOT 13 65
[13860] = Z 13
[13861] = CNOT 13 65
[13862] = CNOT 13 73
[13863] = Z 13
[13864] = CNOT 13 73
[13865] = CNOT 13 74
[13866] = Z 13
[13867] = CNOT 13 74
[13868] = CNOT 13 75
[13869] = Z 13
[13870] = CNOT 13 75
[13871] = CNOT 13 79
[13872] = Z 13
[13873] = CNOT 13 79
[13874] = CNOT 13 82
[13875] = Z 13
[13876] = CNOT 13 82
[13877] = CNOT 13 30
[13878] = CNOT 13 34
[13879] = CNOT 13 36
[13880] = S 13
[13881] = Z 13
[13882] = CNOT 13 36
[13883] = CNOT 13 45
[13884] = S 13
[13885] = Z 13
[13886] = CNOT 13 45
[13887] = CNOT 13 53
[13888] = S 13
[13889] = Z 13
[13890] = CNOT 13 53
[13891] = CNOT 13 54
[13892] = S 13
[13893] = Z 13
[13894] = CNOT 13 54
[13895] = CNOT 13 56
[13896] = S 13
[13897] = Z 13
[13898] = CNOT 13 56
[13899] = CNOT 13 62
[13900] = S 13
[13901] = Z 13
[13902] = CNOT 13 62
[13903] = CNOT 13 73
[13904] = S 13
[13905] = Z 13
[13906] = CNOT 13 73
[13907] = CNOT 13 74
[13908] = S 13
[13909] = Z 13
[13910] = CNOT 13 74
[13911] = CNOT 13 75
[13912] = S 13
[13913] = Z 13
[13914] = CNOT 13 75
[13915] = CNOT 13 79
[13916] = S 13
[13917] = Z 13
[13918] = CNOT 13 79
[13919] = CNOT 13 81
[13920] = S 13
[13921] = Z 13
[13922] = CNOT 13 81
[13923] = CNOT 13 82
[13924] = S 13
[13925] = Z 13
[13926] = CNOT 13 82
[13927] = CNOT 13 86
[13928] = S 13
[13929] = Z 13
[13930] = CNOT 13 86
[13931] = CNOT 13 34
[13932] = CNOT 13 35
[13933] = CNOT 13 36
[13934] = Z 13
[13935] = CNOT 13 36
[13936] = CNOT 13 45
[13937] = Z 13
[13938] = CNOT 13 45
[13939] = CNOT 13 55
[13940] = Z 13
[13941] = CNOT 13 55
[13942] = CNOT 13 56
[13943] = Z 13
[13944] = CNOT 13 56
[13945] = CNOT 13 65
[13946] = Z 13
[13947] = CNOT 13 65
[13948] = CNOT 13 73
[13949] = Z 13
[13950] = CNOT 13 73
[13951] = CNOT 13 74
[13952] = Z 13
[13953] = CNOT 13 74
[13954] = CNOT 13 75
[13955] = Z 13
[13956] = CNOT 13 75
[13957] = CNOT 13 79
[13958] = Z 13
[13959] = CNOT 13 79
[13960] = CNOT 13 82
[13961] = Z 13
[13962] = CNOT 13 82
[13963] = CNOT 13 35
[13964] = CNOT 13 36
[13965] = CNOT 13 45
[13966] = Z 13
[13967] = CNOT 13 45
[13968] = CNOT 13 55
[13969] = S 13
[13970] = Z 13
[13971] = CNOT 13 55
[13972] = CNOT 13 56
[13973] = Z 13
[13974] = CNOT 13 56
[13975] = CNOT 13 57
[13976] = S 13
[13977] = Z 13
[13978] = CNOT 13 57
[13979] = CNOT 13 58
[13980] = S 13
[13981] = Z 13
[13982] = CNOT 13 58
[13983] = CNOT 13 62
[13984] = S 13
[13985] = Z 13
[13986] = CNOT 13 62
[13987] = CNOT 13 64
[13988] = S 13
[13989] = Z 13
[13990] = CNOT 13 64
[13991] = CNOT 13 65
[13992] = S 13
[13993] = CNOT 13 65
[13994] = CNOT 13 71
[13995] = S 13
[13996] = Z 13
[13997] = CNOT 13 71
[13998] = CNOT 13 73
[13999] = Z 13
[14000] = CNOT 13 73
[14001] = CNOT 13 74
[14002] = Z 13
[14003] = CNOT 13 74
[14004] = CNOT 13 79
[14005] = Z 13
[14006] = CNOT 13 79
[14007] = CNOT 13 80
[14008] = S 13
[14009] = Z 13
[14010] = CNOT 13 80
[14011] = CNOT 13 81
[14012] = S 13
[14013] = Z 13
[14014] = CNOT 13 81
[14015] = CNOT 13 82
[14016] = S 13
[14017] = Z 13
[14018] = CNOT 13 82
[14019] = CNOT 13 83
[14020] = Z 13
[14021] = CNOT 13 83
[14022] = CNOT 13 86
[14023] = S 13
[14024] = Z 13
[14025] = CNOT 13 86
[14026] = CNOT 13 95
[14027] = Z 13
[14028] = CNOT 13 95
[14029] = CNOT 13 102
[14030] = Z 13
[14031] = CNOT 13 102
[14032] = CNOT 13 36
[14033] = CNOT 13 45
[14034] = CNOT 13 53
[14035] = S 13
[14036] = Z 13
[14037] = CNOT 13 53
[14038] = CNOT 13 54
[14039] = S 13
[14040] = Z 13
[14041] = CNOT 13 54
[14042] = CNOT 13 55
[14043] = S 13
[14044] = Z 13
[14045] = CNOT 13 55
[14046] = CNOT 13 56
[14047] = S 13
[14048] = CNOT 13 56
[14049] = CNOT 13 57
[14050] = S 13
[14051] = Z 13
[14052] = CNOT 13 57
[14053] = CNOT 13 58
[14054] = S 13
[14055] = Z 13
[14056] = CNOT 13 58
[14057] = CNOT 13 62
[14058] = Z 13
[14059] = CNOT 13 62
[14060] = CNOT 13 64
[14061] = S 13
[14062] = Z 13
[14063] = CNOT 13 64
[14064] = CNOT 13 65
[14065] = S 13
[14066] = CNOT 13 65
[14067] = CNOT 13 71
[14068] = S 13
[14069] = Z 13
[14070] = CNOT 13 71
[14071] = CNOT 13 73
[14072] = S 13
[14073] = CNOT 13 73
[14074] = CNOT 13 74
[14075] = S 13
[14076] = CNOT 13 74
[14077] = CNOT 13 75
[14078] = S 13
[14079] = Z 13
[14080] = CNOT 13 75
[14081] = CNOT 13 79
[14082] = S 13
[14083] = CNOT 13 79
[14084] = CNOT 13 80
[14085] = S 13
[14086] = Z 13
[14087] = CNOT 13 80
[14088] = CNOT 13 81
[14089] = Z 13
[14090] = CNOT 13 81
[14091] = CNOT 13 82
[14092] = S 13
[14093] = Z 13
[14094] = CNOT 13 82
[14095] = CNOT 13 83
[14096] = Z 13
[14097] = CNOT 13 83
[14098] = CNOT 13 86
[14099] = Z 13
[14100] = CNOT 13 86
[14101] = CNOT 13 95
[14102] = Z 13
[14103] = CNOT 13 95
[14104] = CNOT 13 102
[14105] = Z 13
[14106] = CNOT 13 102
[14107] = CNOT 13 45
[14108] = CNOT 13 53
[14109] = CNOT 13 54
[14110] = S 13
[14111] = Z 13
[14112] = CNOT 13 54
[14113] = CNOT 13 55
[14114] = S 13
[14115] = CNOT 13 55
[14116] = CNOT 13 56
[14117] = S 13
[14118] = Z 13
[14119] = CNOT 13 56
[14120] = CNOT 13 57
[14121] = S 13
[14122] = Z 13
[14123] = CNOT 13 57
[14124] = CNOT 13 58
[14125] = S 13
[14126] = Z 13
[14127] = CNOT 13 58
[14128] = CNOT 13 62
[14129] = Z 13
[14130] = CNOT 13 62
[14131] = CNOT 13 64
[14132] = S 13
[14133] = Z 13
[14134] = CNOT 13 64
[14135] = CNOT 13 65
[14136] = S 13
[14137] = Z 13
[14138] = CNOT 13 65
[14139] = CNOT 13 71
[14140] = S 13
[14141] = Z 13
[14142] = CNOT 13 71
[14143] = CNOT 13 73
[14144] = S 13
[14145] = Z 13
[14146] = CNOT 13 73
[14147] = CNOT 13 74
[14148] = S 13
[14149] = Z 13
[14150] = CNOT 13 74
[14151] = CNOT 13 75
[14152] = S 13
[14153] = CNOT 13 75
[14154] = CNOT 13 79
[14155] = S 13
[14156] = Z 13
[14157] = CNOT 13 79
[14158] = CNOT 13 80
[14159] = S 13
[14160] = Z 13
[14161] = CNOT 13 80
[14162] = CNOT 13 81
[14163] = Z 13
[14164] = CNOT 13 81
[14165] = CNOT 13 82
[14166] = S 13
[14167] = CNOT 13 82
[14168] = CNOT 13 83
[14169] = Z 13
[14170] = CNOT 13 83
[14171] = CNOT 13 86
[14172] = Z 13
[14173] = CNOT 13 86
[14174] = CNOT 13 95
[14175] = Z 13
[14176] = CNOT 13 95
[14177] = CNOT 13 102
[14178] = Z 13
[14179] = CNOT 13 102
[14180] = CNOT 13 53
[14181] = CNOT 13 54
[14182] = CNOT 13 55
[14183] = S 13
[14184] = CNOT 13 55
[14185] = CNOT 13 56
[14186] = S 13
[14187] = Z 13
[14188] = CNOT 13 56
[14189] = CNOT 13 57
[14190] = S 13
[14191] = Z 13
[14192] = CNOT 13 57
[14193] = CNOT 13 58
[14194] = S 13
[14195] = Z 13
[14196] = CNOT 13 58
[14197] = CNOT 13 62
[14198] = Z 13
[14199] = CNOT 13 62
[14200] = CNOT 13 65
[14201] = S 13
[14202] = Z 13
[14203] = CNOT 13 65
[14204] = CNOT 13 73
[14205] = S 13
[14206] = Z 13
[14207] = CNOT 13 73
[14208] = CNOT 13 74
[14209] = S 13
[14210] = Z 13
[14211] = CNOT 13 74
[14212] = CNOT 13 75
[14213] = S 13
[14214] = Z 13
[14215] = CNOT 13 75
[14216] = CNOT 13 79
[14217] = S 13
[14218] = Z 13
[14219] = CNOT 13 79
[14220] = CNOT 13 81
[14221] = Z 13
[14222] = CNOT 13 81
[14223] = CNOT 13 82
[14224] = S 13
[14225] = CNOT 13 82
[14226] = CNOT 13 86
[14227] = Z 13
[14228] = CNOT 13 86
[14229] = CNOT 13 54
[14230] = CNOT 13 55
[14231] = CNOT 13 56
[14232] = S 13
[14233] = Z 13
[14234] = CNOT 13 56
[14235] = CNOT 13 57
[14236] = S 13
[14237] = Z 13
[14238] = CNOT 13 57
[14239] = CNOT 13 58
[14240] = S 13
[14241] = Z 13
[14242] = CNOT 13 58
[14243] = CNOT 13 64
[14244] = S 13
[14245] = Z 13
[14246] = CNOT 13 64
[14247] = CNOT 13 65
[14248] = S 13
[14249] = CNOT 13 65
[14250] = CNOT 13 71
[14251] = S 13
[14252] = Z 13
[14253] = CNOT 13 71
[14254] = CNOT 13 73
[14255] = S 13
[14256] = Z 13
[14257] = CNOT 13 73
[14258] = CNOT 13 74
[14259] = S 13
[14260] = Z 13
[14261] = CNOT 13 74
[14262] = CNOT 13 75
[14263] = S 13
[14264] = CNOT 13 75
[14265] = CNOT 13 79
[14266] = S 13
[14267] = Z 13
[14268] = CNOT 13 79
[14269] = CNOT 13 80
[14270] = S 13
[14271] = Z 13
[14272] = CNOT 13 80
[14273] = CNOT 13 82
[14274] = S 13
[14275] = Z 13
[14276] = CNOT 13 82
[14277] = CNOT 13 83
[14278] = Z 13
[14279] = CNOT 13 83
[14280] = CNOT 13 95
[14281] = Z 13
[14282] = CNOT 13 95
[14283] = CNOT 13 102
[14284] = Z 13
[14285] = CNOT 13 102
[14286] = CNOT 13 55
[14287] = CNOT 13 56
[14288] = CNOT 13 57
[14289] = S 13
[14290] = Z 13
[14291] = CNOT 13 57
[14292] = CNOT 13 58
[14293] = S 13
[14294] = Z 13
[14295] = CNOT 13 58
[14296] = CNOT 13 62
[14297] = Z 13
[14298] = CNOT 13 62
[14299] = CNOT 13 64
[14300] = S 13
[14301] = Z 13
[14302] = CNOT 13 64
[14303] = CNOT 13 65
[14304] = S 13
[14305] = CNOT 13 65
[14306] = CNOT 13 71
[14307] = S 13
[14308] = Z 13
[14309] = CNOT 13 71
[14310] = CNOT 13 73
[14311] = S 13
[14312] = CNOT 13 73
[14313] = CNOT 13 74
[14314] = S 13
[14315] = CNOT 13 74
[14316] = CNOT 13 75
[14317] = S 13
[14318] = Z 13
[14319] = CNOT 13 75
[14320] = CNOT 13 79
[14321] = S 13
[14322] = CNOT 13 79
[14323] = CNOT 13 80
[14324] = S 13
[14325] = Z 13
[14326] = CNOT 13 80
[14327] = CNOT 13 81
[14328] = Z 13
[14329] = CNOT 13 81
[14330] = CNOT 13 82
[14331] = S 13
[14332] = Z 13
[14333] = CNOT 13 82
[14334] = CNOT 13 83
[14335] = Z 13
[14336] = CNOT 13 83
[14337] = CNOT 13 86
[14338] = Z 13
[14339] = CNOT 13 86
[14340] = CNOT 13 95
[14341] = Z 13
[14342] = CNOT 13 95
[14343] = CNOT 13 102
[14344] = Z 13
[14345] = CNOT 13 102
[14346] = CNOT 13 56
[14347] = CNOT 13 57
[14348] = CNOT 13 61
[14349] = S 13
[14350] = CNOT 13 61
[14351] = CNOT 13 73
[14352] = S 13
[14353] = Z 13
[14354] = CNOT 13 73
[14355] = CNOT 13 74
[14356] = S 13
[14357] = Z 13
[14358] = CNOT 13 74
[14359] = CNOT 13 75
[14360] = S 13
[14361] = Z 13
[14362] = CNOT 13 75
[14363] = CNOT 13 79
[14364] = S 13
[14365] = Z 13
[14366] = CNOT 13 79
[14367] = CNOT 13 82
[14368] = S 13
[14369] = Z 13
[14370] = CNOT 13 82
[14371] = CNOT 13 57
[14372] = CNOT 13 58
[14373] = CNOT 13 64
[14374] = S 13
[14375] = Z 13
[14376] = CNOT 13 64
[14377] = CNOT 13 65
[14378] = S 13
[14379] = Z 13
[14380] = CNOT 13 65
[14381] = CNOT 13 71
[14382] = S 13
[14383] = Z 13
[14384] = CNOT 13 71
[14385] = CNOT 13 73
[14386] = S 13
[14387] = Z 13
[14388] = CNOT 13 73
[14389] = CNOT 13 74
[14390] = S 13
[14391] = Z 13
[14392] = CNOT 13 74
[14393] = CNOT 13 75
[14394] = S 13
[14395] = CNOT 13 75
[14396] = CNOT 13 79
[14397] = S 13
[14398] = Z 13
[14399] = CNOT 13 79
[14400] = CNOT 13 80
[14401] = S 13
[14402] = Z 13
[14403] = CNOT 13 80
[14404] = CNOT 13 82
[14405] = S 13
[14406] = Z 13
[14407] = CNOT 13 82
[14408] = CNOT 13 83
[14409] = Z 13
[14410] = CNOT 13 83
[14411] = CNOT 13 95
[14412] = Z 13
[14413] = CNOT 13 95
[14414] = CNOT 13 102
[14415] = Z 13
[14416] = CNOT 13 102
[14417] = CNOT 13 58
[14418] = CNOT 13 62
[14419] = CNOT 13 73
[14420] = Z 13
[14421] = CNOT 13 73
[14422] = CNOT 13 74
[14423] = Z 13
[14424] = CNOT 13 74
[14425] = CNOT 13 75
[14426] = Z 13
[14427] = CNOT 13 75
[14428] = CNOT 13 79
[14429] = Z 13
[14430] = CNOT 13 79
[14431] = CNOT 13 81
[14432] = Z 13
[14433] = CNOT 13 81
[14434] = CNOT 13 86
[14435] = Z 13
[14436] = CNOT 13 86
[14437] = CNOT 13 62
[14438] = CNOT 13 64
[14439] = CNOT 13 65
[14440] = S 13
[14441] = Z 13
[14442] = CNOT 13 65
[14443] = CNOT 13 73
[14444] = S 13
[14445] = Z 13
[14446] = CNOT 13 73
[14447] = CNOT 13 74
[14448] = S 13
[14449] = Z 13
[14450] = CNOT 13 74
[14451] = CNOT 13 75
[14452] = S 13
[14453] = Z 13
[14454] = CNOT 13 75
[14455] = CNOT 13 79
[14456] = S 13
[14457] = Z 13
[14458] = CNOT 13 79
[14459] = CNOT 13 82
[14460] = S 13
[14461] = Z 13
[14462] = CNOT 13 82
[14463] = CNOT 13 64
[14464] = CNOT 13 65
[14465] = CNOT 13 71
[14466] = S 13
[14467] = Z 13
[14468] = CNOT 13 71
[14469] = CNOT 13 73
[14470] = S 13
[14471] = CNOT 13 73
[14472] = CNOT 13 74
[14473] = S 13
[14474] = CNOT 13 74
[14475] = CNOT 13 75
[14476] = S 13
[14477] = Z 13
[14478] = CNOT 13 75
[14479] = CNOT 13 79
[14480] = S 13
[14481] = CNOT 13 79
[14482] = CNOT 13 80
[14483] = S 13
[14484] = Z 13
[14485] = CNOT 13 80
[14486] = CNOT 13 82
[14487] = S 13
[14488] = CNOT 13 82
[14489] = CNOT 13 83
[14490] = Z 13
[14491] = CNOT 13 83
[14492] = CNOT 13 95
[14493] = Z 13
[14494] = CNOT 13 95
[14495] = CNOT 13 102
[14496] = Z 13
[14497] = CNOT 13 102
[14498] = CNOT 13 65
[14499] = CNOT 13 71
[14500] = CNOT 13 73
[14501] = S 13
[14502] = Z 13
[14503] = CNOT 13 73
[14504] = CNOT 13 74
[14505] = S 13
[14506] = Z 13
[14507] = CNOT 13 74
[14508] = CNOT 13 79
[14509] = S 13
[14510] = Z 13
[14511] = CNOT 13 79
[14512] = CNOT 13 82
[14513] = S 13
[14514] = Z 13
[14515] = CNOT 13 82
[14516] = CNOT 13 71
[14517] = CNOT 13 73
[14518] = CNOT 13 74
[14519] = S 13
[14520] = CNOT 13 74
[14521] = CNOT 13 75
[14522] = S 13
[14523] = Z 13
[14524] = CNOT 13 75
[14525] = CNOT 13 79
[14526] = S 13
[14527] = CNOT 13 79
[14528] = CNOT 13 80
[14529] = S 13
[14530] = Z 13
[14531] = CNOT 13 80
[14532] = CNOT 13 81
[14533] = Z 13
[14534] = CNOT 13 81
[14535] = CNOT 13 82
[14536] = S 13
[14537] = Z 13
[14538] = CNOT 13 82
[14539] = CNOT 13 83
[14540] = Z 13
[14541] = CNOT 13 83
[14542] = CNOT 13 86
[14543] = Z 13
[14544] = CNOT 13 86
[14545] = CNOT 13 95
[14546] = Z 13
[14547] = CNOT 13 95
[14548] = CNOT 13 102
[14549] = Z 13
[14550] = CNOT 13 102
[14551] = CNOT 13 73
[14552] = CNOT 13 74
[14553] = CNOT 13 75
[14554] = S 13
[14555] = Z 13
[14556] = CNOT 13 75
[14557] = CNOT 13 79
[14558] = S 13
[14559] = CNOT 13 79
[14560] = CNOT 13 80
[14561] = S 13
[14562] = Z 13
[14563] = CNOT 13 80
[14564] = CNOT 13 81
[14565] = Z 13
[14566] = CNOT 13 81
[14567] = CNOT 13 82
[14568] = S 13
[14569] = Z 13
[14570] = CNOT 13 82
[14571] = CNOT 13 83
[14572] = Z 13
[14573] = CNOT 13 83
[14574] = CNOT 13 86
[14575] = Z 13
[14576] = CNOT 13 86
[14577] = CNOT 13 95
[14578] = Z 13
[14579] = CNOT 13 95
[14580] = CNOT 13 102
[14581] = Z 13
[14582] = CNOT 13 102
[14583] = CNOT 13 74
[14584] = CNOT 13 75
[14585] = CNOT 13 79
[14586] = S 13
[14587] = Z 13
[14588] = CNOT 13 79
[14589] = CNOT 13 81
[14590] = Z 13
[14591] = CNOT 13 81
[14592] = CNOT 13 82
[14593] = S 13
[14594] = CNOT 13 82
[14595] = CNOT 13 83
[14596] = S 13
[14597] = Z 13
[14598] = CNOT 13 83
[14599] = CNOT 13 86
[14600] = Z 13
[14601] = CNOT 13 86
[14602] = CNOT 13 95
[14603] = S 13
[14604] = Z 13
[14605] = CNOT 13 95
[14606] = CNOT 13 102
[14607] = S 13
[14608] = Z 13
[14609] = CNOT 13 102
[14610] = CNOT 13 75
[14611] = CNOT 13 79
[14612] = CNOT 13 80
[14613] = S 13
[14614] = Z 13
[14615] = CNOT 13 80
[14616] = CNOT 13 81
[14617] = Z 13
[14618] = CNOT 13 81
[14619] = CNOT 13 82
[14620] = S 13
[14621] = Z 13
[14622] = CNOT 13 82
[14623] = CNOT 13 83
[14624] = Z 13
[14625] = CNOT 13 83
[14626] = CNOT 13 86
[14627] = Z 13
[14628] = CNOT 13 86
[14629] = CNOT 13 95
[14630] = Z 13
[14631] = CNOT 13 95
[14632] = CNOT 13 102
[14633] = Z 13
[14634] = CNOT 13 102
[14635] = CNOT 13 79
[14636] = CNOT 13 80
[14637] = CNOT 13 82
[14638] = S 13
[14639] = Z 13
[14640] = CNOT 13 82
[14641] = CNOT 13 83
[14642] = S 13
[14643] = Z 13
[14644] = CNOT 13 83
[14645] = CNOT 13 80
[14646] = CNOT 13 81
[14647] = CNOT 13 86
[14648] = Z 13
[14649] = CNOT 13 86
[14650] = CNOT 13 81
[14651] = CNOT 13 82
[14652] = CNOT 13 83
[14653] = Z 13
[14654] = CNOT 13 83
[14655] = CNOT 13 95
[14656] = Z 13
[14657] = CNOT 13 95
[14658] = CNOT 13 102
[14659] = Z 13
[14660] = CNOT 13 102
[14661] = CNOT 13 82
[14662] = CNOT 13 83
[14663] = CNOT 13 95
[14664] = S 13
[14665] = Z 13
[14666] = CNOT 13 95
[14667] = CNOT 13 102
[14668] = S 13
[14669] = Z 13
[14670] = CNOT 13 83
[14671] = CNOT 13 95
[14672] = Z 13
[14673] = CNOT 13 102
[14674] = CNOT 13 95
[14675] = CNOT 14 15
[14676] = CNOT 14 19
[14677] = S 14
[14678] = Z 14
[14679] = CNOT 14 19
[14680] = CNOT 14 21
[14681] = Z 14
[14682] = CNOT 14 21
[14683] = CNOT 14 22
[14684] = S 14
[14685] = Z 14
[14686] = CNOT 14 22
[14687] = CNOT 14 23
[14688] = S 14
[14689] = Z 14
[14690] = CNOT 14 23
[14691] = CNOT 14 24
[14692] = Z 14
[14693] = CNOT 14 24
[14694] = CNOT 14 25
[14695] = S 14
[14696] = Z 14
[14697] = CNOT 14 25
[14698] = CNOT 14 26
[14699] = S 14
[14700] = CNOT 14 26
[14701] = CNOT 14 27
[14702] = S 14
[14703] = Z 14
[14704] = CNOT 14 27
[14705] = CNOT 14 28
[14706] = Z 14
[14707] = CNOT 14 28
[14708] = CNOT 14 30
[14709] = S 14
[14710] = CNOT 14 30
[14711] = CNOT 14 32
[14712] = S 14
[14713] = CNOT 14 32
[14714] = CNOT 14 33
[14715] = Z 14
[14716] = CNOT 14 33
[14717] = CNOT 14 34
[14718] = S 14
[14719] = CNOT 14 34
[14720] = CNOT 14 36
[14721] = S 14
[14722] = CNOT 14 36
[14723] = CNOT 14 37
[14724] = Z 14
[14725] = CNOT 14 37
[14726] = CNOT 14 38
[14727] = Z 14
[14728] = CNOT 14 38
[14729] = CNOT 14 40
[14730] = Z 14
[14731] = CNOT 14 40
[14732] = CNOT 14 42
[14733] = Z 14
[14734] = CNOT 14 42
[14735] = CNOT 14 44
[14736] = Z 14
[14737] = CNOT 14 44
[14738] = CNOT 14 45
[14739] = S 14
[14740] = CNOT 14 45
[14741] = CNOT 14 46
[14742] = Z 14
[14743] = CNOT 14 46
[14744] = CNOT 14 47
[14745] = Z 14
[14746] = CNOT 14 47
[14747] = CNOT 14 49
[14748] = Z 14
[14749] = CNOT 14 49
[14750] = CNOT 14 51
[14751] = Z 14
[14752] = CNOT 14 51
[14753] = CNOT 14 53
[14754] = S 14
[14755] = CNOT 14 53
[14756] = CNOT 14 54
[14757] = Z 14
[14758] = CNOT 14 54
[14759] = CNOT 14 55
[14760] = Z 14
[14761] = CNOT 14 55
[14762] = CNOT 14 57
[14763] = Z 14
[14764] = CNOT 14 57
[14765] = CNOT 14 58
[14766] = S 14
[14767] = Z 14
[14768] = CNOT 14 58
[14769] = CNOT 14 63
[14770] = S 14
[14771] = CNOT 14 63
[14772] = CNOT 14 64
[14773] = Z 14
[14774] = CNOT 14 64
[14775] = CNOT 14 65
[14776] = S 14
[14777] = Z 14
[14778] = CNOT 14 65
[14779] = CNOT 14 68
[14780] = Z 14
[14781] = CNOT 14 68
[14782] = CNOT 14 73
[14783] = Z 14
[14784] = CNOT 14 73
[14785] = CNOT 14 74
[14786] = Z 14
[14787] = CNOT 14 74
[14788] = CNOT 14 75
[14789] = Z 14
[14790] = CNOT 14 75
[14791] = CNOT 14 77
[14792] = Z 14
[14793] = CNOT 14 77
[14794] = CNOT 14 79
[14795] = Z 14
[14796] = CNOT 14 79
[14797] = CNOT 14 82
[14798] = Z 14
[14799] = CNOT 14 82
[14800] = CNOT 14 86
[14801] = Z 14
[14802] = CNOT 14 86
[14803] = CNOT 14 15
[14804] = CNOT 14 16
[14805] = CNOT 14 21
[14806] = S 14
[14807] = Z 14
[14808] = CNOT 14 21
[14809] = CNOT 14 22
[14810] = S 14
[14811] = Z 14
[14812] = CNOT 14 22
[14813] = CNOT 14 23
[14814] = S 14
[14815] = Z 14
[14816] = CNOT 14 23
[14817] = CNOT 14 30
[14818] = S 14
[14819] = Z 14
[14820] = CNOT 14 30
[14821] = CNOT 14 35
[14822] = S 14
[14823] = Z 14
[14824] = CNOT 14 35
[14825] = CNOT 14 36
[14826] = S 14
[14827] = Z 14
[14828] = CNOT 14 36
[14829] = CNOT 14 45
[14830] = S 14
[14831] = Z 14
[14832] = CNOT 14 45
[14833] = CNOT 14 55
[14834] = S 14
[14835] = Z 14
[14836] = CNOT 14 55
[14837] = CNOT 14 56
[14838] = S 14
[14839] = Z 14
[14840] = CNOT 14 56
[14841] = CNOT 14 65
[14842] = S 14
[14843] = Z 14
[14844] = CNOT 14 65
[14845] = CNOT 14 73
[14846] = S 14
[14847] = Z 14
[14848] = CNOT 14 73
[14849] = CNOT 14 74
[14850] = S 14
[14851] = Z 14
[14852] = CNOT 14 74
[14853] = CNOT 14 75
[14854] = S 14
[14855] = Z 14
[14856] = CNOT 14 75
[14857] = CNOT 14 79
[14858] = S 14
[14859] = Z 14
[14860] = CNOT 14 79
[14861] = CNOT 14 82
[14862] = S 14
[14863] = Z 14
[14864] = CNOT 14 82
[14865] = CNOT 14 16
[14866] = CNOT 14 17
[14867] = CNOT 14 22
[14868] = Z 14
[14869] = CNOT 14 22
[14870] = CNOT 14 36
[14871] = Z 14
[14872] = CNOT 14 36
[14873] = CNOT 14 45
[14874] = Z 14
[14875] = CNOT 14 45
[14876] = CNOT 14 53
[14877] = Z 14
[14878] = CNOT 14 53
[14879] = CNOT 14 54
[14880] = Z 14
[14881] = CNOT 14 54
[14882] = CNOT 14 55
[14883] = Z 14
[14884] = CNOT 14 55
[14885] = CNOT 14 56
[14886] = Z 14
[14887] = CNOT 14 56
[14888] = CNOT 14 73
[14889] = Z 14
[14890] = CNOT 14 73
[14891] = CNOT 14 74
[14892] = Z 14
[14893] = CNOT 14 74
[14894] = CNOT 14 75
[14895] = Z 14
[14896] = CNOT 14 75
[14897] = CNOT 14 79
[14898] = Z 14
[14899] = CNOT 14 79
[14900] = CNOT 14 82
[14901] = Z 14
[14902] = CNOT 14 82
[14903] = CNOT 14 17
[14904] = CNOT 14 18
[14905] = CNOT 14 22
[14906] = S 14
[14907] = Z 14
[14908] = CNOT 14 22
[14909] = CNOT 14 23
[14910] = S 14
[14911] = Z 14
[14912] = CNOT 14 23
[14913] = CNOT 14 30
[14914] = S 14
[14915] = Z 14
[14916] = CNOT 14 30
[14917] = CNOT 14 35
[14918] = S 14
[14919] = Z 14
[14920] = CNOT 14 35
[14921] = CNOT 14 36
[14922] = S 14
[14923] = Z 14
[14924] = CNOT 14 36
[14925] = CNOT 14 45
[14926] = S 14
[14927] = Z 14
[14928] = CNOT 14 45
[14929] = CNOT 14 55
[14930] = S 14
[14931] = Z 14
[14932] = CNOT 14 55
[14933] = CNOT 14 56
[14934] = S 14
[14935] = Z 14
[14936] = CNOT 14 56
[14937] = CNOT 14 65
[14938] = S 14
[14939] = Z 14
[14940] = CNOT 14 65
[14941] = CNOT 14 73
[14942] = S 14
[14943] = Z 14
[14944] = CNOT 14 73
[14945] = CNOT 14 74
[14946] = S 14
[14947] = Z 14
[14948] = CNOT 14 74
[14949] = CNOT 14 75
[14950] = S 14
[14951] = Z 14
[14952] = CNOT 14 75
[14953] = CNOT 14 79
[14954] = S 14
[14955] = Z 14
[14956] = CNOT 14 79
[14957] = CNOT 14 82
[14958] = S 14
[14959] = Z 14
[14960] = CNOT 14 82
[14961] = CNOT 14 18
[14962] = CNOT 14 19
[14963] = CNOT 14 27
[14964] = S 14
[14965] = Z 14
[14966] = CNOT 14 27
[14967] = CNOT 14 32
[14968] = S 14
[14969] = Z 14
[14970] = CNOT 14 32
[14971] = CNOT 14 35
[14972] = S 14
[14973] = Z 14
[14974] = CNOT 14 35
[14975] = CNOT 14 53
[14976] = S 14
[14977] = Z 14
[14978] = CNOT 14 53
[14979] = CNOT 14 55
[14980] = S 14
[14981] = Z 14
[14982] = CNOT 14 55
[14983] = CNOT 14 65
[14984] = S 14
[14985] = Z 14
[14986] = CNOT 14 65
[14987] = CNOT 14 74
[14988] = S 14
[14989] = Z 14
[14990] = CNOT 14 74
[14991] = CNOT 14 75
[14992] = S 14
[14993] = Z 14
[14994] = CNOT 14 75
[14995] = CNOT 14 79
[14996] = S 14
[14997] = Z 14
[14998] = CNOT 14 79
[14999] = CNOT 14 19
[15000] = CNOT 14 21
[15001] = CNOT 14 22
[15002] = S 14
[15003] = Z 14
[15004] = CNOT 14 22
[15005] = CNOT 14 23
[15006] = S 14
[15007] = Z 14
[15008] = CNOT 14 23
[15009] = CNOT 14 26
[15010] = S 14
[15011] = Z 14
[15012] = CNOT 14 26
[15013] = CNOT 14 27
[15014] = S 14
[15015] = Z 14
[15016] = CNOT 14 27
[15017] = CNOT 14 30
[15018] = S 14
[15019] = CNOT 14 30
[15020] = CNOT 14 35
[15021] = S 14
[15022] = Z 14
[15023] = CNOT 14 35
[15024] = CNOT 14 36
[15025] = S 14
[15026] = Z 14
[15027] = CNOT 14 36
[15028] = CNOT 14 45
[15029] = S 14
[15030] = Z 14
[15031] = CNOT 14 45
[15032] = CNOT 14 55
[15033] = S 14
[15034] = CNOT 14 55
[15035] = CNOT 14 56
[15036] = S 14
[15037] = Z 14
[15038] = CNOT 14 56
[15039] = CNOT 14 65
[15040] = S 14
[15041] = CNOT 14 65
[15042] = CNOT 14 73
[15043] = S 14
[15044] = Z 14
[15045] = CNOT 14 73
[15046] = CNOT 14 74
[15047] = S 14
[15048] = CNOT 14 74
[15049] = CNOT 14 75
[15050] = S 14
[15051] = CNOT 14 75
[15052] = CNOT 14 79
[15053] = S 14
[15054] = CNOT 14 79
[15055] = CNOT 14 82
[15056] = S 14
[15057] = Z 14
[15058] = CNOT 14 82
[15059] = CNOT 14 21
[15060] = CNOT 14 22
[15061] = CNOT 14 23
[15062] = Z 14
[15063] = CNOT 14 23
[15064] = CNOT 14 36
[15065] = Z 14
[15066] = CNOT 14 36
[15067] = CNOT 14 45
[15068] = Z 14
[15069] = CNOT 14 45
[15070] = CNOT 14 53
[15071] = Z 14
[15072] = CNOT 14 53
[15073] = CNOT 14 54
[15074] = Z 14
[15075] = CNOT 14 54
[15076] = CNOT 14 55
[15077] = Z 14
[15078] = CNOT 14 55
[15079] = CNOT 14 56
[15080] = Z 14
[15081] = CNOT 14 56
[15082] = CNOT 14 73
[15083] = Z 14
[15084] = CNOT 14 73
[15085] = CNOT 14 74
[15086] = Z 14
[15087] = CNOT 14 74
[15088] = CNOT 14 75
[15089] = Z 14
[15090] = CNOT 14 75
[15091] = CNOT 14 79
[15092] = Z 14
[15093] = CNOT 14 79
[15094] = CNOT 14 82
[15095] = Z 14
[15096] = CNOT 14 82
[15097] = CNOT 14 22
[15098] = CNOT 14 23
[15099] = CNOT 14 30
[15100] = Z 14
[15101] = CNOT 14 30
[15102] = CNOT 14 35
[15103] = Z 14
[15104] = CNOT 14 35
[15105] = CNOT 14 36
[15106] = Z 14
[15107] = CNOT 14 36
[15108] = CNOT 14 45
[15109] = Z 14
[15110] = CNOT 14 45
[15111] = CNOT 14 55
[15112] = Z 14
[15113] = CNOT 14 55
[15114] = CNOT 14 56
[15115] = Z 14
[15116] = CNOT 14 56
[15117] = CNOT 14 65
[15118] = Z 14
[15119] = CNOT 14 65
[15120] = CNOT 14 73
[15121] = Z 14
[15122] = CNOT 14 73
[15123] = CNOT 14 74
[15124] = Z 14
[15125] = CNOT 14 74
[15126] = CNOT 14 75
[15127] = Z 14
[15128] = CNOT 14 75
[15129] = CNOT 14 79
[15130] = Z 14
[15131] = CNOT 14 79
[15132] = CNOT 14 82
[15133] = Z 14
[15134] = CNOT 14 82
[15135] = CNOT 14 23
[15136] = CNOT 14 24
[15137] = CNOT 14 27
[15138] = Z 14
[15139] = CNOT 14 27
[15140] = CNOT 14 28
[15141] = S 14
[15142] = Z 14
[15143] = CNOT 14 28
[15144] = CNOT 14 32
[15145] = Z 14
[15146] = CNOT 14 32
[15147] = CNOT 14 35
[15148] = Z 14
[15149] = CNOT 14 35
[15150] = CNOT 14 53
[15151] = Z 14
[15152] = CNOT 14 53
[15153] = CNOT 14 55
[15154] = Z 14
[15155] = CNOT 14 55
[15156] = CNOT 14 65
[15157] = Z 14
[15158] = CNOT 14 65
[15159] = CNOT 14 74
[15160] = Z 14
[15161] = CNOT 14 74
[15162] = CNOT 14 75
[15163] = Z 14
[15164] = CNOT 14 75
[15165] = CNOT 14 79
[15166] = Z 14
[15167] = CNOT 14 79
[15168] = CNOT 14 24
[15169] = CNOT 14 25
[15170] = CNOT 14 27
[15171] = S 14
[15172] = Z 14
[15173] = CNOT 14 27
[15174] = CNOT 14 32
[15175] = S 14
[15176] = Z 14
[15177] = CNOT 14 32
[15178] = CNOT 14 35
[15179] = S 14
[15180] = Z 14
[15181] = CNOT 14 35
[15182] = CNOT 14 53
[15183] = S 14
[15184] = Z 14
[15185] = CNOT 14 53
[15186] = CNOT 14 55
[15187] = S 14
[15188] = Z 14
[15189] = CNOT 14 55
[15190] = CNOT 14 65
[15191] = S 14
[15192] = Z 14
[15193] = CNOT 14 65
[15194] = CNOT 14 74
[15195] = S 14
[15196] = Z 14
[15197] = CNOT 14 74
[15198] = CNOT 14 75
[15199] = S 14
[15200] = Z 14
[15201] = CNOT 14 75
[15202] = CNOT 14 79
[15203] = S 14
[15204] = Z 14
[15205] = CNOT 14 79
[15206] = CNOT 14 25
[15207] = CNOT 14 26
[15208] = CNOT 14 27
[15209] = Z 14
[15210] = CNOT 14 27
[15211] = CNOT 14 30
[15212] = S 14
[15213] = Z 14
[15214] = CNOT 14 30
[15215] = CNOT 14 32
[15216] = S 14
[15217] = Z 14
[15218] = CNOT 14 32
[15219] = CNOT 14 33
[15220] = S 14
[15221] = Z 14
[15222] = CNOT 14 33
[15223] = CNOT 14 35
[15224] = S 14
[15225] = Z 14
[15226] = CNOT 14 35
[15227] = CNOT 14 37
[15228] = S 14
[15229] = Z 14
[15230] = CNOT 14 37
[15231] = CNOT 14 40
[15232] = S 14
[15233] = Z 14
[15234] = CNOT 14 40
[15235] = CNOT 14 42
[15236] = S 14
[15237] = Z 14
[15238] = CNOT 14 42
[15239] = CNOT 14 44
[15240] = S 14
[15241] = Z 14
[15242] = CNOT 14 44
[15243] = CNOT 14 46
[15244] = S 14
[15245] = Z 14
[15246] = CNOT 14 46
[15247] = CNOT 14 49
[15248] = S 14
[15249] = Z 14
[15250] = CNOT 14 49
[15251] = CNOT 14 51
[15252] = S 14
[15253] = Z 14
[15254] = CNOT 14 51
[15255] = CNOT 14 55
[15256] = S 14
[15257] = CNOT 14 55
[15258] = CNOT 14 65
[15259] = S 14
[15260] = CNOT 14 65
[15261] = CNOT 14 74
[15262] = S 14
[15263] = CNOT 14 74
[15264] = CNOT 14 75
[15265] = S 14
[15266] = CNOT 14 75
[15267] = CNOT 14 79
[15268] = S 14
[15269] = CNOT 14 79
[15270] = CNOT 14 26
[15271] = CNOT 14 27
[15272] = CNOT 14 28
[15273] = Z 14
[15274] = CNOT 14 28
[15275] = CNOT 14 30
[15276] = S 14
[15277] = Z 14
[15278] = CNOT 14 30
[15279] = CNOT 14 32
[15280] = S 14
[15281] = CNOT 14 32
[15282] = CNOT 14 33
[15283] = Z 14
[15284] = CNOT 14 33
[15285] = CNOT 14 35
[15286] = S 14
[15287] = CNOT 14 35
[15288] = CNOT 14 37
[15289] = Z 14
[15290] = CNOT 14 37
[15291] = CNOT 14 40
[15292] = Z 14
[15293] = CNOT 14 40
[15294] = CNOT 14 42
[15295] = Z 14
[15296] = CNOT 14 42
[15297] = CNOT 14 44
[15298] = Z 14
[15299] = CNOT 14 44
[15300] = CNOT 14 46
[15301] = Z 14
[15302] = CNOT 14 46
[15303] = CNOT 14 49
[15304] = Z 14
[15305] = CNOT 14 49
[15306] = CNOT 14 51
[15307] = Z 14
[15308] = CNOT 14 51
[15309] = CNOT 14 53
[15310] = S 14
[15311] = Z 14
[15312] = CNOT 14 53
[15313] = CNOT 14 55
[15314] = S 14
[15315] = Z 14
[15316] = CNOT 14 55
[15317] = CNOT 14 65
[15318] = S 14
[15319] = Z 14
[15320] = CNOT 14 65
[15321] = CNOT 14 74
[15322] = S 14
[15323] = Z 14
[15324] = CNOT 14 74
[15325] = CNOT 14 75
[15326] = S 14
[15327] = Z 14
[15328] = CNOT 14 75
[15329] = CNOT 14 79
[15330] = S 14
[15331] = Z 14
[15332] = CNOT 14 79
[15333] = CNOT 14 27
[15334] = CNOT 14 28
[15335] = CNOT 14 32
[15336] = Z 14
[15337] = CNOT 14 32
[15338] = CNOT 14 35
[15339] = Z 14
[15340] = CNOT 14 35
[15341] = CNOT 14 53
[15342] = Z 14
[15343] = CNOT 14 53
[15344] = CNOT 14 55
[15345] = Z 14
[15346] = CNOT 14 55
[15347] = CNOT 14 65
[15348] = Z 14
[15349] = CNOT 14 65
[15350] = CNOT 14 74
[15351] = Z 14
[15352] = CNOT 14 74
[15353] = CNOT 14 75
[15354] = Z 14
[15355] = CNOT 14 75
[15356] = CNOT 14 79
[15357] = Z 14
[15358] = CNOT 14 79
[15359] = CNOT 14 28
[15360] = CNOT 14 30
[15361] = CNOT 14 55
[15362] = Z 14
[15363] = CNOT 14 55
[15364] = CNOT 14 65
[15365] = Z 14
[15366] = CNOT 14 65
[15367] = CNOT 14 74
[15368] = Z 14
[15369] = CNOT 14 74
[15370] = CNOT 14 75
[15371] = Z 14
[15372] = CNOT 14 75
[15373] = CNOT 14 79
[15374] = Z 14
[15375] = CNOT 14 79
[15376] = CNOT 14 30
[15377] = CNOT 14 32
[15378] = CNOT 14 33
[15379] = S 14
[15380] = Z 14
[15381] = CNOT 14 33
[15382] = CNOT 14 35
[15383] = S 14
[15384] = CNOT 14 35
[15385] = CNOT 14 37
[15386] = Z 14
[15387] = CNOT 14 37
[15388] = CNOT 14 40
[15389] = Z 14
[15390] = CNOT 14 40
[15391] = CNOT 14 42
[15392] = Z 14
[15393] = CNOT 14 42
[15394] = CNOT 14 44
[15395] = Z 14
[15396] = CNOT 14 44
[15397] = CNOT 14 46
[15398] = Z 14
[15399] = CNOT 14 46
[15400] = CNOT 14 49
[15401] = Z 14
[15402] = CNOT 14 49
[15403] = CNOT 14 51
[15404] = Z 14
[15405] = CNOT 14 51
[15406] = CNOT 14 53
[15407] = S 14
[15408] = Z 14
[15409] = CNOT 14 53
[15410] = CNOT 14 55
[15411] = S 14
[15412] = CNOT 14 55
[15413] = CNOT 14 65
[15414] = S 14
[15415] = CNOT 14 65
[15416] = CNOT 14 74
[15417] = S 14
[15418] = CNOT 14 74
[15419] = CNOT 14 75
[15420] = S 14
[15421] = CNOT 14 75
[15422] = CNOT 14 79
[15423] = S 14
[15424] = CNOT 14 79
[15425] = CNOT 14 32
[15426] = CNOT 14 33
[15427] = CNOT 14 55
[15428] = Z 14
[15429] = CNOT 14 55
[15430] = CNOT 14 65
[15431] = Z 14
[15432] = CNOT 14 65
[15433] = CNOT 14 74
[15434] = Z 14
[15435] = CNOT 14 74
[15436] = CNOT 14 75
[15437] = Z 14
[15438] = CNOT 14 75
[15439] = CNOT 14 79
[15440] = Z 14
[15441] = CNOT 14 79
[15442] = CNOT 14 33
[15443] = CNOT 14 34
[15444] = CNOT 14 38
[15445] = S 14
[15446] = Z 14
[15447] = CNOT 14 38
[15448] = CNOT 14 47
[15449] = S 14
[15450] = Z 14
[15451] = CNOT 14 47
[15452] = CNOT 14 50
[15453] = S 14
[15454] = CNOT 14 50
[15455] = CNOT 14 55
[15456] = S 14
[15457] = CNOT 14 55
[15458] = CNOT 14 56
[15459] = S 14
[15460] = Z 14
[15461] = CNOT 14 56
[15462] = CNOT 14 57
[15463] = S 14
[15464] = Z 14
[15465] = CNOT 14 57
[15466] = CNOT 14 62
[15467] = Z 14
[15468] = CNOT 14 62
[15469] = CNOT 14 63
[15470] = S 14
[15471] = Z 14
[15472] = CNOT 14 63
[15473] = CNOT 14 64
[15474] = S 14
[15475] = Z 14
[15476] = CNOT 14 64
[15477] = CNOT 14 65
[15478] = S 14
[15479] = CNOT 14 65
[15480] = CNOT 14 68
[15481] = S 14
[15482] = CNOT 14 68
[15483] = CNOT 14 72
[15484] = Z 14
[15485] = CNOT 14 72
[15486] = CNOT 14 73
[15487] = Z 14
[15488] = CNOT 14 73
[15489] = CNOT 14 74
[15490] = S 14
[15491] = CNOT 14 74
[15492] = CNOT 14 75
[15493] = S 14
[15494] = CNOT 14 75
[15495] = CNOT 14 77
[15496] = S 14
[15497] = Z 14
[15498] = CNOT 14 77
[15499] = CNOT 14 79
[15500] = S 14
[15501] = CNOT 14 79
[15502] = CNOT 14 81
[15503] = Z 14
[15504] = CNOT 14 81
[15505] = CNOT 14 82
[15506] = Z 14
[15507] = CNOT 14 82
[15508] = CNOT 14 86
[15509] = S 14
[15510] = Z 14
[15511] = CNOT 14 86
[15512] = CNOT 14 34
[15513] = CNOT 14 35
[15514] = CNOT 14 37
[15515] = S 14
[15516] = Z 14
[15517] = CNOT 14 37
[15518] = CNOT 14 53
[15519] = S 14
[15520] = CNOT 14 53
[15521] = CNOT 14 55
[15522] = S 14
[15523] = CNOT 14 55
[15524] = CNOT 14 65
[15525] = S 14
[15526] = CNOT 14 65
[15527] = CNOT 14 74
[15528] = S 14
[15529] = CNOT 14 74
[15530] = CNOT 14 75
[15531] = S 14
[15532] = CNOT 14 75
[15533] = CNOT 14 79
[15534] = S 14
[15535] = CNOT 14 79
[15536] = CNOT 14 35
[15537] = CNOT 14 36
[15538] = CNOT 14 38
[15539] = Z 14
[15540] = CNOT 14 38
[15541] = CNOT 14 45
[15542] = Z 14
[15543] = CNOT 14 45
[15544] = CNOT 14 47
[15545] = Z 14
[15546] = CNOT 14 47
[15547] = CNOT 14 53
[15548] = Z 14
[15549] = CNOT 14 53
[15550] = CNOT 14 54
[15551] = Z 14
[15552] = CNOT 14 54
[15553] = CNOT 14 56
[15554] = Z 14
[15555] = CNOT 14 56
[15556] = CNOT 14 57
[15557] = Z 14
[15558] = CNOT 14 57
[15559] = CNOT 14 58
[15560] = S 14
[15561] = Z 14
[15562] = CNOT 14 58
[15563] = CNOT 14 62
[15564] = Z 14
[15565] = CNOT 14 62
[15566] = CNOT 14 63
[15567] = Z 14
[15568] = CNOT 14 63
[15569] = CNOT 14 64
[15570] = Z 14
[15571] = CNOT 14 64
[15572] = CNOT 14 65
[15573] = S 14
[15574] = CNOT 14 65
[15575] = CNOT 14 68
[15576] = Z 14
[15577] = CNOT 14 68
[15578] = CNOT 14 77
[15579] = Z 14
[15580] = CNOT 14 77
[15581] = CNOT 14 81
[15582] = Z 14
[15583] = CNOT 14 81
[15584] = CNOT 14 82
[15585] = Z 14
[15586] = CNOT 14 82
[15587] = CNOT 14 86
[15588] = S 14
[15589] = Z 14
[15590] = CNOT 14 86
[15591] = CNOT 14 36
[15592] = CNOT 14 37
[15593] = CNOT 14 40
[15594] = S 14
[15595] = Z 14
[15596] = CNOT 14 40
[15597] = CNOT 14 53
[15598] = Z 14
[15599] = CNOT 14 53
[15600] = CNOT 14 55
[15601] = Z 14
[15602] = CNOT 14 55
[15603] = CNOT 14 65
[15604] = Z 14
[15605] = CNOT 14 65
[15606] = CNOT 14 74
[15607] = Z 14
[15608] = CNOT 14 74
[15609] = CNOT 14 75
[15610] = Z 14
[15611] = CNOT 14 75
[15612] = CNOT 14 79
[15613] = Z 14
[15614] = CNOT 14 79
[15615] = CNOT 14 37
[15616] = CNOT 14 38
[15617] = CNOT 14 45
[15618] = Z 14
[15619] = CNOT 14 45
[15620] = CNOT 14 53
[15621] = Z 14
[15622] = CNOT 14 53
[15623] = CNOT 14 54
[15624] = Z 14
[15625] = CNOT 14 54
[15626] = CNOT 14 56
[15627] = Z 14
[15628] = CNOT 14 56
[15629] = CNOT 14 73
[15630] = Z 14
[15631] = CNOT 14 73
[15632] = CNOT 14 74
[15633] = Z 14
[15634] = CNOT 14 74
[15635] = CNOT 14 75
[15636] = Z 14
[15637] = CNOT 14 75
[15638] = CNOT 14 79
[15639] = Z 14
[15640] = CNOT 14 79
[15641] = CNOT 14 81
[15642] = Z 14
[15643] = CNOT 14 81
[15644] = CNOT 14 82
[15645] = Z 14
[15646] = CNOT 14 82
[15647] = CNOT 14 38
[15648] = CNOT 14 40
[15649] = CNOT 14 42
[15650] = S 14
[15651] = Z 14
[15652] = CNOT 14 42
[15653] = CNOT 14 53
[15654] = Z 14
[15655] = CNOT 14 53
[15656] = CNOT 14 55
[15657] = Z 14
[15658] = CNOT 14 55
[15659] = CNOT 14 65
[15660] = Z 14
[15661] = CNOT 14 65
[15662] = CNOT 14 74
[15663] = Z 14
[15664] = CNOT 14 74
[15665] = CNOT 14 75
[15666] = Z 14
[15667] = CNOT 14 75
[15668] = CNOT 14 79
[15669] = Z 14
[15670] = CNOT 14 79
[15671] = CNOT 14 40
[15672] = CNOT 14 42
[15673] = CNOT 14 44
[15674] = S 14
[15675] = Z 14
[15676] = CNOT 14 44
[15677] = CNOT 14 53
[15678] = Z 14
[15679] = CNOT 14 53
[15680] = CNOT 14 55
[15681] = Z 14
[15682] = CNOT 14 55
[15683] = CNOT 14 65
[15684] = Z 14
[15685] = CNOT 14 65
[15686] = CNOT 14 74
[15687] = Z 14
[15688] = CNOT 14 74
[15689] = CNOT 14 75
[15690] = Z 14
[15691] = CNOT 14 75
[15692] = CNOT 14 79
[15693] = Z 14
[15694] = CNOT 14 79
[15695] = CNOT 14 42
[15696] = CNOT 14 44
[15697] = CNOT 14 46
[15698] = S 14
[15699] = Z 14
[15700] = CNOT 14 46
[15701] = CNOT 14 53
[15702] = Z 14
[15703] = CNOT 14 53
[15704] = CNOT 14 55
[15705] = Z 14
[15706] = CNOT 14 55
[15707] = CNOT 14 65
[15708] = Z 14
[15709] = CNOT 14 65
[15710] = CNOT 14 74
[15711] = Z 14
[15712] = CNOT 14 74
[15713] = CNOT 14 75
[15714] = Z 14
[15715] = CNOT 14 75
[15716] = CNOT 14 79
[15717] = Z 14
[15718] = CNOT 14 79
[15719] = CNOT 14 44
[15720] = CNOT 14 45
[15721] = CNOT 14 47
[15722] = Z 14
[15723] = CNOT 14 47
[15724] = CNOT 14 57
[15725] = Z 14
[15726] = CNOT 14 57
[15727] = CNOT 14 58
[15728] = S 14
[15729] = Z 14
[15730] = CNOT 14 58
[15731] = CNOT 14 62
[15732] = Z 14
[15733] = CNOT 14 62
[15734] = CNOT 14 64
[15735] = Z 14
[15736] = CNOT 14 64
[15737] = CNOT 14 65
[15738] = S 14
[15739] = Z 14
[15740] = CNOT 14 65
[15741] = CNOT 14 68
[15742] = Z 14
[15743] = CNOT 14 68
[15744] = CNOT 14 77
[15745] = Z 14
[15746] = CNOT 14 77
[15747] = CNOT 14 82
[15748] = Z 14
[15749] = CNOT 14 82
[15750] = CNOT 14 86
[15751] = Z 14
[15752] = CNOT 14 86
[15753] = CNOT 14 45
[15754] = CNOT 14 46
[15755] = CNOT 14 49
[15756] = S 14
[15757] = Z 14
[15758] = CNOT 14 49
[15759] = CNOT 14 53
[15760] = Z 14
[15761] = CNOT 14 53
[15762] = CNOT 14 55
[15763] = Z 14
[15764] = CNOT 14 55
[15765] = CNOT 14 65
[15766] = Z 14
[15767] = CNOT 14 65
[15768] = CNOT 14 74
[15769] = Z 14
[15770] = CNOT 14 74
[15771] = CNOT 14 75
[15772] = Z 14
[15773] = CNOT 14 75
[15774] = CNOT 14 79
[15775] = Z 14
[15776] = CNOT 14 79
[15777] = CNOT 14 46
[15778] = CNOT 14 47
[15779] = CNOT 14 53
[15780] = Z 14
[15781] = CNOT 14 53
[15782] = CNOT 14 54
[15783] = Z 14
[15784] = CNOT 14 54
[15785] = CNOT 14 56
[15786] = Z 14
[15787] = CNOT 14 56
[15788] = CNOT 14 68
[15789] = Z 14
[15790] = CNOT 14 68
[15791] = CNOT 14 72
[15792] = Z 14
[15793] = CNOT 14 72
[15794] = CNOT 14 73
[15795] = Z 14
[15796] = CNOT 14 73
[15797] = CNOT 14 74
[15798] = Z 14
[15799] = CNOT 14 74
[15800] = CNOT 14 75
[15801] = Z 14
[15802] = CNOT 14 75
[15803] = CNOT 14 79
[15804] = Z 14
[15805] = CNOT 14 79
[15806] = CNOT 14 81
[15807] = Z 14
[15808] = CNOT 14 81
[15809] = CNOT 14 82
[15810] = Z 14
[15811] = CNOT 14 82
[15812] = CNOT 14 47
[15813] = CNOT 14 49
[15814] = CNOT 14 51
[15815] = S 14
[15816] = Z 14
[15817] = CNOT 14 51
[15818] = CNOT 14 53
[15819] = Z 14
[15820] = CNOT 14 53
[15821] = CNOT 14 55
[15822] = Z 14
[15823] = CNOT 14 55
[15824] = CNOT 14 65
[15825] = Z 14
[15826] = CNOT 14 65
[15827] = CNOT 14 74
[15828] = Z 14
[15829] = CNOT 14 74
[15830] = CNOT 14 75
[15831] = Z 14
[15832] = CNOT 14 75
[15833] = CNOT 14 79
[15834] = Z 14
[15835] = CNOT 14 79
[15836] = CNOT 14 49
[15837] = CNOT 14 51
[15838] = CNOT 14 53
[15839] = S 14
[15840] = Z 14
[15841] = CNOT 14 53
[15842] = CNOT 14 55
[15843] = Z 14
[15844] = CNOT 14 55
[15845] = CNOT 14 65
[15846] = Z 14
[15847] = CNOT 14 65
[15848] = CNOT 14 74
[15849] = Z 14
[15850] = CNOT 14 74
[15851] = CNOT 14 75
[15852] = Z 14
[15853] = CNOT 14 75
[15854] = CNOT 14 79
[15855] = Z 14
[15856] = CNOT 14 79
[15857] = CNOT 14 51
[15858] = CNOT 14 53
[15859] = CNOT 14 55
[15860] = S 14
[15861] = Z 14
[15862] = CNOT 14 55
[15863] = CNOT 14 57
[15864] = Z 14
[15865] = CNOT 14 57
[15866] = CNOT 14 58
[15867] = S 14
[15868] = Z 14
[15869] = CNOT 14 58
[15870] = CNOT 14 62
[15871] = Z 14
[15872] = CNOT 14 62
[15873] = CNOT 14 64
[15874] = Z 14
[15875] = CNOT 14 64
[15876] = CNOT 14 65
[15877] = Z 14
[15878] = CNOT 14 65
[15879] = CNOT 14 68
[15880] = Z 14
[15881] = CNOT 14 68
[15882] = CNOT 14 74
[15883] = S 14
[15884] = Z 14
[15885] = CNOT 14 74
[15886] = CNOT 14 75
[15887] = S 14
[15888] = Z 14
[15889] = CNOT 14 75
[15890] = CNOT 14 77
[15891] = Z 14
[15892] = CNOT 14 77
[15893] = CNOT 14 79
[15894] = S 14
[15895] = Z 14
[15896] = CNOT 14 79
[15897] = CNOT 14 82
[15898] = Z 14
[15899] = CNOT 14 82
[15900] = CNOT 14 86
[15901] = Z 14
[15902] = CNOT 14 86
[15903] = CNOT 14 53
[15904] = CNOT 14 54
[15905] = CNOT 14 57
[15906] = Z 14
[15907] = CNOT 14 57
[15908] = CNOT 14 58
[15909] = S 14
[15910] = Z 14
[15911] = CNOT 14 58
[15912] = CNOT 14 62
[15913] = Z 14
[15914] = CNOT 14 62
[15915] = CNOT 14 64
[15916] = Z 14
[15917] = CNOT 14 64
[15918] = CNOT 14 65
[15919] = S 14
[15920] = Z 14
[15921] = CNOT 14 65
[15922] = CNOT 14 68
[15923] = Z 14
[15924] = CNOT 14 68
[15925] = CNOT 14 77
[15926] = Z 14
[15927] = CNOT 14 77
[15928] = CNOT 14 82
[15929] = Z 14
[15930] = CNOT 14 82
[15931] = CNOT 14 86
[15932] = Z 14
[15933] = CNOT 14 86
[15934] = CNOT 14 54
[15935] = CNOT 14 55
[15936] = CNOT 14 57
[15937] = Z 14
[15938] = CNOT 14 57
[15939] = CNOT 14 58
[15940] = S 14
[15941] = Z 14
[15942] = CNOT 14 58
[15943] = CNOT 14 74
[15944] = S 14
[15945] = CNOT 14 74
[15946] = CNOT 14 75
[15947] = S 14
[15948] = CNOT 14 75
[15949] = CNOT 14 77
[15950] = Z 14
[15951] = CNOT 14 77
[15952] = CNOT 14 79
[15953] = S 14
[15954] = CNOT 14 79
[15955] = CNOT 14 82
[15956] = S 14
[15957] = Z 14
[15958] = CNOT 14 82
[15959] = CNOT 14 55
[15960] = CNOT 14 56
[15961] = CNOT 14 57
[15962] = Z 14
[15963] = CNOT 14 57
[15964] = CNOT 14 58
[15965] = S 14
[15966] = Z 14
[15967] = CNOT 14 58
[15968] = CNOT 14 62
[15969] = Z 14
[15970] = CNOT 14 62
[15971] = CNOT 14 64
[15972] = Z 14
[15973] = CNOT 14 64
[15974] = CNOT 14 65
[15975] = Z 14
[15976] = CNOT 14 65
[15977] = CNOT 14 68
[15978] = Z 14
[15979] = CNOT 14 68
[15980] = CNOT 14 74
[15981] = S 14
[15982] = Z 14
[15983] = CNOT 14 74
[15984] = CNOT 14 75
[15985] = S 14
[15986] = Z 14
[15987] = CNOT 14 75
[15988] = CNOT 14 77
[15989] = Z 14
[15990] = CNOT 14 77
[15991] = CNOT 14 79
[15992] = S 14
[15993] = Z 14
[15994] = CNOT 14 79
[15995] = CNOT 14 82
[15996] = S 14
[15997] = CNOT 14 82
[15998] = CNOT 14 86
[15999] = Z 14
[16000] = CNOT 14 86
[16001] = CNOT 14 56
[16002] = CNOT 14 57
[16003] = CNOT 14 58
[16004] = S 14
[16005] = Z 14
[16006] = CNOT 14 58
[16007] = CNOT 14 65
[16008] = S 14
[16009] = Z 14
[16010] = CNOT 14 65
[16011] = CNOT 14 73
[16012] = Z 14
[16013] = CNOT 14 73
[16014] = CNOT 14 74
[16015] = Z 14
[16016] = CNOT 14 74
[16017] = CNOT 14 75
[16018] = Z 14
[16019] = CNOT 14 75
[16020] = CNOT 14 79
[16021] = Z 14
[16022] = CNOT 14 79
[16023] = CNOT 14 82
[16024] = Z 14
[16025] = CNOT 14 82
[16026] = CNOT 14 57
[16027] = CNOT 14 58
[16028] = CNOT 14 65
[16029] = S 14
[16030] = Z 14
[16031] = CNOT 14 65
[16032] = CNOT 14 73
[16033] = S 14
[16034] = Z 14
[16035] = CNOT 14 73
[16036] = CNOT 14 74
[16037] = S 14
[16038] = Z 14
[16039] = CNOT 14 74
[16040] = CNOT 14 75
[16041] = S 14
[16042] = Z 14
[16043] = CNOT 14 75
[16044] = CNOT 14 79
[16045] = S 14
[16046] = Z 14
[16047] = CNOT 14 79
[16048] = CNOT 14 82
[16049] = S 14
[16050] = Z 14
[16051] = CNOT 14 82
[16052] = CNOT 14 58
[16053] = CNOT 14 62
[16054] = CNOT 14 63
[16055] = S 14
[16056] = Z 14
[16057] = CNOT 14 63
[16058] = CNOT 14 65
[16059] = Z 14
[16060] = CNOT 14 65
[16061] = CNOT 14 81
[16062] = Z 14
[16063] = CNOT 14 81
[16064] = CNOT 14 86
[16065] = Z 14
[16066] = CNOT 14 86
[16067] = CNOT 14 62
[16068] = CNOT 14 63
[16069] = CNOT 14 65
[16070] = Z 14
[16071] = CNOT 14 65
[16072] = CNOT 14 73
[16073] = Z 14
[16074] = CNOT 14 73
[16075] = CNOT 14 74
[16076] = Z 14
[16077] = CNOT 14 74
[16078] = CNOT 14 75
[16079] = Z 14
[16080] = CNOT 14 75
[16081] = CNOT 14 79
[16082] = Z 14
[16083] = CNOT 14 79
[16084] = CNOT 14 63
[16085] = CNOT 14 64
[16086] = CNOT 14 68
[16087] = Z 14
[16088] = CNOT 14 68
[16089] = CNOT 14 72
[16090] = S 14
[16091] = Z 14
[16092] = CNOT 14 72
[16093] = CNOT 14 73
[16094] = Z 14
[16095] = CNOT 14 73
[16096] = CNOT 14 74
[16097] = Z 14
[16098] = CNOT 14 74
[16099] = CNOT 14 75
[16100] = Z 14
[16101] = CNOT 14 75
[16102] = CNOT 14 79
[16103] = Z 14
[16104] = CNOT 14 79
[16105] = CNOT 14 81
[16106] = Z 14
[16107] = CNOT 14 81
[16108] = CNOT 14 82
[16109] = Z 14
[16110] = CNOT 14 64
[16111] = CNOT 14 65
[16112] = Z 14
[16113] = CNOT 14 82
[16114] = CNOT 14 65
[16115] = CNOT 14 68
[16116] = CNOT 14 73
[16117] = Z 14
[16118] = CNOT 14 73
[16119] = CNOT 14 74
[16120] = Z 14
[16121] = CNOT 14 74
[16122] = CNOT 14 75
[16123] = Z 14
[16124] = CNOT 14 75
[16125] = CNOT 14 79
[16126] = Z 14
[16127] = CNOT 14 79
[16128] = CNOT 14 81
[16129] = Z 14
[16130] = CNOT 14 81
[16131] = CNOT 14 82
[16132] = Z 14
[16133] = CNOT 14 82
[16134] = CNOT 14 68
[16135] = CNOT 14 73
[16136] = CNOT 14 74
[16137] = S 14
[16138] = CNOT 14 74
[16139] = CNOT 14 75
[16140] = S 14
[16141] = CNOT 14 75
[16142] = CNOT 14 77
[16143] = Z 14
[16144] = CNOT 14 77
[16145] = CNOT 14 79
[16146] = S 14
[16147] = CNOT 14 79
[16148] = CNOT 14 82
[16149] = Z 14
[16150] = CNOT 14 82
[16151] = CNOT 14 86
[16152] = Z 14
[16153] = CNOT 14 86
[16154] = CNOT 14 73
[16155] = CNOT 14 74
[16156] = CNOT 14 75
[16157] = S 14
[16158] = CNOT 14 75
[16159] = CNOT 14 77
[16160] = Z 14
[16161] = CNOT 14 77
[16162] = CNOT 14 79
[16163] = S 14
[16164] = CNOT 14 79
[16165] = CNOT 14 82
[16166] = S 14
[16167] = CNOT 14 82
[16168] = CNOT 14 86
[16169] = Z 14
[16170] = CNOT 14 86
[16171] = CNOT 14 74
[16172] = CNOT 14 75
[16173] = CNOT 14 77
[16174] = Z 14
[16175] = CNOT 14 77
[16176] = CNOT 14 79
[16177] = S 14
[16178] = CNOT 14 79
[16179] = CNOT 14 82
[16180] = S 14
[16181] = CNOT 14 82
[16182] = CNOT 14 86
[16183] = Z 14
[16184] = CNOT 14 86
[16185] = CNOT 14 75
[16186] = CNOT 14 77
[16187] = CNOT 14 79
[16188] = Z 14
[16189] = CNOT 14 77
[16190] = CNOT 14 82
[16191] = S 14
[16192] = CNOT 14 82
[16193] = CNOT 14 86
[16194] = Z 14
[16195] = CNOT 14 86
[16196] = CNOT 14 79
[16197] = CNOT 14 81
[16198] = CNOT 14 82
[16199] = S 14
[16200] = Z 14
[16201] = CNOT 14 82
[16202] = CNOT 14 86
[16203] = Z 14
[16204] = CNOT 14 86
[16205] = CNOT 14 81
[16206] = CNOT 15 19
[16207] = CNOT 15 27
[16208] = S 15
[16209] = Z 15
[16210] = CNOT 15 27
[16211] = CNOT 15 32
[16212] = S 15
[16213] = Z 15
[16214] = CNOT 15 32
[16215] = CNOT 15 35
[16216] = S 15
[16217] = Z 15
[16218] = CNOT 15 35
[16219] = CNOT 15 53
[16220] = S 15
[16221] = Z 15
[16222] = CNOT 15 53
[16223] = CNOT 15 55
[16224] = S 15
[16225] = Z 15
[16226] = CNOT 15 55
[16227] = CNOT 15 65
[16228] = S 15
[16229] = Z 15
[16230] = CNOT 15 65
[16231] = CNOT 15 74
[16232] = S 15
[16233] = Z 15
[16234] = CNOT 15 74
[16235] = CNOT 15 75
[16236] = S 15
[16237] = Z 15
[16238] = CNOT 15 75
[16239] = CNOT 15 79
[16240] = S 15
[16241] = Z 15
[16242] = CNOT 15 79
[16243] = CNOT 15 19
[16244] = CNOT 15 21
[16245] = CNOT 15 26
[16246] = S 15
[16247] = Z 15
[16248] = CNOT 15 26
[16249] = CNOT 15 27
[16250] = S 15
[16251] = Z 15
[16252] = CNOT 15 27
[16253] = CNOT 15 30
[16254] = Z 15
[16255] = CNOT 15 30
[16256] = CNOT 15 55
[16257] = Z 15
[16258] = CNOT 15 55
[16259] = CNOT 15 65
[16260] = Z 15
[16261] = CNOT 15 65
[16262] = CNOT 15 74
[16263] = Z 15
[16264] = CNOT 15 74
[16265] = CNOT 15 75
[16266] = Z 15
[16267] = CNOT 15 75
[16268] = CNOT 15 79
[16269] = Z 15
[16270] = CNOT 15 79
[16271] = CNOT 15 21
[16272] = CNOT 15 22
[16273] = CNOT 15 30
[16274] = S 15
[16275] = Z 15
[16276] = CNOT 15 30
[16277] = CNOT 15 35
[16278] = S 15
[16279] = Z 15
[16280] = CNOT 15 35
[16281] = CNOT 15 36
[16282] = S 15
[16283] = Z 15
[16284] = CNOT 15 36
[16285] = CNOT 15 45
[16286] = S 15
[16287] = Z 15
[16288] = CNOT 15 45
[16289] = CNOT 15 55
[16290] = S 15
[16291] = Z 15
[16292] = CNOT 15 55
[16293] = CNOT 15 56
[16294] = S 15
[16295] = Z 15
[16296] = CNOT 15 56
[16297] = CNOT 15 65
[16298] = S 15
[16299] = Z 15
[16300] = CNOT 15 65
[16301] = CNOT 15 73
[16302] = S 15
[16303] = Z 15
[16304] = CNOT 15 73
[16305] = CNOT 15 74
[16306] = S 15
[16307] = Z 15
[16308] = CNOT 15 74
[16309] = CNOT 15 75
[16310] = S 15
[16311] = Z 15
[16312] = CNOT 15 75
[16313] = CNOT 15 79
[16314] = S 15
[16315] = Z 15
[16316] = CNOT 15 79
[16317] = CNOT 15 82
[16318] = S 15
[16319] = Z 15
[16320] = CNOT 15 82
[16321] = CNOT 15 22
[16322] = CNOT 15 24
[16323] = CNOT 15 27
[16324] = Z 15
[16325] = CNOT 15 27
[16326] = CNOT 15 28
[16327] = S 15
[16328] = Z 15
[16329] = CNOT 15 28
[16330] = CNOT 15 32
[16331] = Z 15
[16332] = CNOT 15 32
[16333] = CNOT 15 35
[16334] = Z 15
[16335] = CNOT 15 35
[16336] = CNOT 15 53
[16337] = Z 15
[16338] = CNOT 15 53
[16339] = CNOT 15 55
[16340] = Z 15
[16341] = CNOT 15 55
[16342] = CNOT 15 65
[16343] = Z 15
[16344] = CNOT 15 65
[16345] = CNOT 15 74
[16346] = Z 15
[16347] = CNOT 15 74
[16348] = CNOT 15 75
[16349] = Z 15
[16350] = CNOT 15 75
[16351] = CNOT 15 79
[16352] = Z 15
[16353] = CNOT 15 79
[16354] = CNOT 15 24
[16355] = CNOT 15 25
[16356] = CNOT 15 27
[16357] = S 15
[16358] = Z 15
[16359] = CNOT 15 27
[16360] = CNOT 15 32
[16361] = S 15
[16362] = Z 15
[16363] = CNOT 15 32
[16364] = CNOT 15 35
[16365] = S 15
[16366] = Z 15
[16367] = CNOT 15 35
[16368] = CNOT 15 53
[16369] = S 15
[16370] = Z 15
[16371] = CNOT 15 53
[16372] = CNOT 15 55
[16373] = S 15
[16374] = Z 15
[16375] = CNOT 15 55
[16376] = CNOT 15 65
[16377] = S 15
[16378] = Z 15
[16379] = CNOT 15 65
[16380] = CNOT 15 74
[16381] = S 15
[16382] = Z 15
[16383] = CNOT 15 74
[16384] = CNOT 15 75
[16385] = S 15
[16386] = Z 15
[16387] = CNOT 15 75
[16388] = CNOT 15 79
[16389] = S 15
[16390] = Z 15
[16391] = CNOT 15 79
[16392] = CNOT 15 25
[16393] = CNOT 15 26
[16394] = CNOT 15 27
[16395] = Z 15
[16396] = CNOT 15 27
[16397] = CNOT 15 30
[16398] = S 15
[16399] = Z 15
[16400] = CNOT 15 30
[16401] = CNOT 15 32
[16402] = S 15
[16403] = Z 15
[16404] = CNOT 15 32
[16405] = CNOT 15 33
[16406] = S 15
[16407] = Z 15
[16408] = CNOT 15 33
[16409] = CNOT 15 35
[16410] = S 15
[16411] = Z 15
[16412] = CNOT 15 35
[16413] = CNOT 15 37
[16414] = S 15
[16415] = Z 15
[16416] = CNOT 15 37
[16417] = CNOT 15 40
[16418] = S 15
[16419] = Z 15
[16420] = CNOT 15 40
[16421] = CNOT 15 42
[16422] = S 15
[16423] = Z 15
[16424] = CNOT 15 42
[16425] = CNOT 15 44
[16426] = S 15
[16427] = Z 15
[16428] = CNOT 15 44
[16429] = CNOT 15 46
[16430] = S 15
[16431] = Z 15
[16432] = CNOT 15 46
[16433] = CNOT 15 49
[16434] = S 15
[16435] = Z 15
[16436] = CNOT 15 49
[16437] = CNOT 15 51
[16438] = S 15
[16439] = Z 15
[16440] = CNOT 15 51
[16441] = CNOT 15 55
[16442] = S 15
[16443] = CNOT 15 55
[16444] = CNOT 15 65
[16445] = S 15
[16446] = CNOT 15 65
[16447] = CNOT 15 74
[16448] = S 15
[16449] = CNOT 15 74
[16450] = CNOT 15 75
[16451] = S 15
[16452] = CNOT 15 75
[16453] = CNOT 15 79
[16454] = S 15
[16455] = CNOT 15 79
[16456] = CNOT 15 26
[16457] = CNOT 15 27
[16458] = CNOT 15 28
[16459] = Z 15
[16460] = CNOT 15 28
[16461] = CNOT 15 30
[16462] = S 15
[16463] = Z 15
[16464] = CNOT 15 30
[16465] = CNOT 15 32
[16466] = S 15
[16467] = CNOT 15 32
[16468] = CNOT 15 33
[16469] = Z 15
[16470] = CNOT 15 33
[16471] = CNOT 15 35
[16472] = S 15
[16473] = CNOT 15 35
[16474] = CNOT 15 37
[16475] = Z 15
[16476] = CNOT 15 37
[16477] = CNOT 15 40
[16478] = Z 15
[16479] = CNOT 15 40
[16480] = CNOT 15 42
[16481] = Z 15
[16482] = CNOT 15 42
[16483] = CNOT 15 44
[16484] = Z 15
[16485] = CNOT 15 44
[16486] = CNOT 15 46
[16487] = Z 15
[16488] = CNOT 15 46
[16489] = CNOT 15 49
[16490] = Z 15
[16491] = CNOT 15 49
[16492] = CNOT 15 51
[16493] = Z 15
[16494] = CNOT 15 51
[16495] = CNOT 15 53
[16496] = S 15
[16497] = Z 15
[16498] = CNOT 15 53
[16499] = CNOT 15 55
[16500] = S 15
[16501] = Z 15
[16502] = CNOT 15 55
[16503] = CNOT 15 65
[16504] = S 15
[16505] = Z 15
[16506] = CNOT 15 65
[16507] = CNOT 15 74
[16508] = S 15
[16509] = Z 15
[16510] = CNOT 15 74
[16511] = CNOT 15 75
[16512] = S 15
[16513] = Z 15
[16514] = CNOT 15 75
[16515] = CNOT 15 79
[16516] = S 15
[16517] = Z 15
[16518] = CNOT 15 79
[16519] = CNOT 15 27
[16520] = CNOT 15 28
[16521] = CNOT 15 32
[16522] = Z 15
[16523] = CNOT 15 32
[16524] = CNOT 15 35
[16525] = Z 15
[16526] = CNOT 15 35
[16527] = CNOT 15 53
[16528] = Z 15
[16529] = CNOT 15 53
[16530] = CNOT 15 55
[16531] = Z 15
[16532] = CNOT 15 55
[16533] = CNOT 15 65
[16534] = Z 15
[16535] = CNOT 15 65
[16536] = CNOT 15 74
[16537] = Z 15
[16538] = CNOT 15 74
[16539] = CNOT 15 75
[16540] = Z 15
[16541] = CNOT 15 75
[16542] = CNOT 15 79
[16543] = Z 15
[16544] = CNOT 15 79
[16545] = CNOT 15 28
[16546] = CNOT 15 30
[16547] = CNOT 15 35
[16548] = S 15
[16549] = Z 15
[16550] = CNOT 15 35
[16551] = CNOT 15 36
[16552] = S 15
[16553] = Z 15
[16554] = CNOT 15 36
[16555] = CNOT 15 45
[16556] = S 15
[16557] = Z 15
[16558] = CNOT 15 45
[16559] = CNOT 15 55
[16560] = S 15
[16561] = CNOT 15 55
[16562] = CNOT 15 56
[16563] = S 15
[16564] = Z 15
[16565] = CNOT 15 56
[16566] = CNOT 15 65
[16567] = S 15
[16568] = CNOT 15 65
[16569] = CNOT 15 73
[16570] = S 15
[16571] = Z 15
[16572] = CNOT 15 73
[16573] = CNOT 15 74
[16574] = S 15
[16575] = CNOT 15 74
[16576] = CNOT 15 75
[16577] = S 15
[16578] = CNOT 15 75
[16579] = CNOT 15 79
[16580] = S 15
[16581] = CNOT 15 79
[16582] = CNOT 15 82
[16583] = S 15
[16584] = Z 15
[16585] = CNOT 15 82
[16586] = CNOT 15 30
[16587] = CNOT 15 32
[16588] = CNOT 15 33
[16589] = S 15
[16590] = Z 15
[16591] = CNOT 15 33
[16592] = CNOT 15 35
[16593] = S 15
[16594] = CNOT 15 35
[16595] = CNOT 15 37
[16596] = Z 15
[16597] = CNOT 15 37
[16598] = CNOT 15 40
[16599] = Z 15
[16600] = CNOT 15 40
[16601] = CNOT 15 42
[16602] = Z 15
[16603] = CNOT 15 42
[16604] = CNOT 15 44
[16605] = Z 15
[16606] = CNOT 15 44
[16607] = CNOT 15 46
[16608] = Z 15
[16609] = CNOT 15 46
[16610] = CNOT 15 49
[16611] = Z 15
[16612] = CNOT 15 49
[16613] = CNOT 15 51
[16614] = Z 15
[16615] = CNOT 15 51
[16616] = CNOT 15 53
[16617] = S 15
[16618] = Z 15
[16619] = CNOT 15 53
[16620] = CNOT 15 55
[16621] = S 15
[16622] = CNOT 15 55
[16623] = CNOT 15 65
[16624] = S 15
[16625] = CNOT 15 65
[16626] = CNOT 15 74
[16627] = S 15
[16628] = CNOT 15 74
[16629] = CNOT 15 75
[16630] = S 15
[16631] = CNOT 15 75
[16632] = CNOT 15 79
[16633] = S 15
[16634] = CNOT 15 79
[16635] = CNOT 15 32
[16636] = CNOT 15 33
[16637] = CNOT 15 55
[16638] = Z 15
[16639] = CNOT 15 55
[16640] = CNOT 15 65
[16641] = Z 15
[16642] = CNOT 15 65
[16643] = CNOT 15 74
[16644] = Z 15
[16645] = CNOT 15 74
[16646] = CNOT 15 75
[16647] = Z 15
[16648] = CNOT 15 75
[16649] = CNOT 15 79
[16650] = Z 15
[16651] = CNOT 15 79
[16652] = CNOT 15 33
[16653] = CNOT 15 34
[16654] = CNOT 15 38
[16655] = S 15
[16656] = Z 15
[16657] = CNOT 15 38
[16658] = CNOT 15 47
[16659] = S 15
[16660] = Z 15
[16661] = CNOT 15 47
[16662] = CNOT 15 50
[16663] = S 15
[16664] = CNOT 15 50
[16665] = CNOT 15 55
[16666] = S 15
[16667] = CNOT 15 55
[16668] = CNOT 15 56
[16669] = S 15
[16670] = Z 15
[16671] = CNOT 15 56
[16672] = CNOT 15 57
[16673] = S 15
[16674] = Z 15
[16675] = CNOT 15 57
[16676] = CNOT 15 62
[16677] = Z 15
[16678] = CNOT 15 62
[16679] = CNOT 15 63
[16680] = S 15
[16681] = Z 15
[16682] = CNOT 15 63
[16683] = CNOT 15 64
[16684] = S 15
[16685] = Z 15
[16686] = CNOT 15 64
[16687] = CNOT 15 65
[16688] = S 15
[16689] = CNOT 15 65
[16690] = CNOT 15 68
[16691] = S 15
[16692] = CNOT 15 68
[16693] = CNOT 15 72
[16694] = Z 15
[16695] = CNOT 15 72
[16696] = CNOT 15 73
[16697] = Z 15
[16698] = CNOT 15 73
[16699] = CNOT 15 74
[16700] = S 15
[16701] = CNOT 15 74
[16702] = CNOT 15 75
[16703] = S 15
[16704] = CNOT 15 75
[16705] = CNOT 15 77
[16706] = S 15
[16707] = Z 15
[16708] = CNOT 15 77
[16709] = CNOT 15 79
[16710] = S 15
[16711] = CNOT 15 79
[16712] = CNOT 15 81
[16713] = Z 15
[16714] = CNOT 15 81
[16715] = CNOT 15 82
[16716] = Z 15
[16717] = CNOT 15 82
[16718] = CNOT 15 86
[16719] = S 15
[16720] = Z 15
[16721] = CNOT 15 86
[16722] = CNOT 15 34
[16723] = CNOT 15 35
[16724] = CNOT 15 36
[16725] = S 15
[16726] = Z 15
[16727] = CNOT 15 36
[16728] = CNOT 15 37
[16729] = S 15
[16730] = Z 15
[16731] = CNOT 15 37
[16732] = CNOT 15 45
[16733] = S 15
[16734] = Z 15
[16735] = CNOT 15 45
[16736] = CNOT 15 53
[16737] = S 15
[16738] = CNOT 15 53
[16739] = CNOT 15 56
[16740] = S 15
[16741] = Z 15
[16742] = CNOT 15 56
[16743] = CNOT 15 73
[16744] = S 15
[16745] = Z 15
[16746] = CNOT 15 73
[16747] = CNOT 15 82
[16748] = S 15
[16749] = Z 15
[16750] = CNOT 15 82
[16751] = CNOT 15 35
[16752] = CNOT 15 36
[16753] = CNOT 15 38
[16754] = Z 15
[16755] = CNOT 15 38
[16756] = CNOT 15 45
[16757] = S 15
[16758] = Z 15
[16759] = CNOT 15 45
[16760] = CNOT 15 47
[16761] = Z 15
[16762] = CNOT 15 47
[16763] = CNOT 15 55
[16764] = S 15
[16765] = CNOT 15 55
[16766] = CNOT 15 56
[16767] = S 15
[16768] = Z 15
[16769] = CNOT 15 56
[16770] = CNOT 15 57
[16771] = Z 15
[16772] = CNOT 15 57
[16773] = CNOT 15 58
[16774] = S 15
[16775] = Z 15
[16776] = CNOT 15 58
[16777] = CNOT 15 62
[16778] = Z 15
[16779] = CNOT 15 62
[16780] = CNOT 15 63
[16781] = Z 15
[16782] = CNOT 15 63
[16783] = CNOT 15 64
[16784] = Z 15
[16785] = CNOT 15 64
[16786] = CNOT 15 68
[16787] = Z 15
[16788] = CNOT 15 68
[16789] = CNOT 15 73
[16790] = S 15
[16791] = CNOT 15 73
[16792] = CNOT 15 74
[16793] = S 15
[16794] = CNOT 15 74
[16795] = CNOT 15 75
[16796] = S 15
[16797] = CNOT 15 75
[16798] = CNOT 15 77
[16799] = Z 15
[16800] = CNOT 15 77
[16801] = CNOT 15 79
[16802] = S 15
[16803] = CNOT 15 79
[16804] = CNOT 15 81
[16805] = Z 15
[16806] = CNOT 15 81
[16807] = CNOT 15 82
[16808] = S 15
[16809] = Z 15
[16810] = CNOT 15 82
[16811] = CNOT 15 86
[16812] = S 15
[16813] = Z 15
[16814] = CNOT 15 86
[16815] = CNOT 15 36
[16816] = CNOT 15 37
[16817] = CNOT 15 40
[16818] = S 15
[16819] = Z 15
[16820] = CNOT 15 40
[16821] = CNOT 15 53
[16822] = Z 15
[16823] = CNOT 15 53
[16824] = CNOT 15 55
[16825] = Z 15
[16826] = CNOT 15 55
[16827] = CNOT 15 65
[16828] = Z 15
[16829] = CNOT 15 65
[16830] = CNOT 15 74
[16831] = Z 15
[16832] = CNOT 15 74
[16833] = CNOT 15 75
[16834] = Z 15
[16835] = CNOT 15 75
[16836] = CNOT 15 79
[16837] = Z 15
[16838] = CNOT 15 79
[16839] = CNOT 15 37
[16840] = CNOT 15 38
[16841] = CNOT 15 45
[16842] = Z 15
[16843] = CNOT 15 45
[16844] = CNOT 15 53
[16845] = Z 15
[16846] = CNOT 15 53
[16847] = CNOT 15 54
[16848] = Z 15
[16849] = CNOT 15 54
[16850] = CNOT 15 56
[16851] = Z 15
[16852] = CNOT 15 56
[16853] = CNOT 15 73
[16854] = Z 15
[16855] = CNOT 15 73
[16856] = CNOT 15 74
[16857] = Z 15
[16858] = CNOT 15 74
[16859] = CNOT 15 75
[16860] = Z 15
[16861] = CNOT 15 75
[16862] = CNOT 15 79
[16863] = Z 15
[16864] = CNOT 15 79
[16865] = CNOT 15 81
[16866] = Z 15
[16867] = CNOT 15 81
[16868] = CNOT 15 82
[16869] = Z 15
[16870] = CNOT 15 82
[16871] = CNOT 15 38
[16872] = CNOT 15 40
[16873] = CNOT 15 42
[16874] = S 15
[16875] = Z 15
[16876] = CNOT 15 42
[16877] = CNOT 15 53
[16878] = Z 15
[16879] = CNOT 15 53
[16880] = CNOT 15 55
[16881] = Z 15
[16882] = CNOT 15 55
[16883] = CNOT 15 65
[16884] = Z 15
[16885] = CNOT 15 65
[16886] = CNOT 15 74
[16887] = Z 15
[16888] = CNOT 15 74
[16889] = CNOT 15 75
[16890] = Z 15
[16891] = CNOT 15 75
[16892] = CNOT 15 79
[16893] = Z 15
[16894] = CNOT 15 79
[16895] = CNOT 15 40
[16896] = CNOT 15 42
[16897] = CNOT 15 44
[16898] = S 15
[16899] = Z 15
[16900] = CNOT 15 44
[16901] = CNOT 15 53
[16902] = Z 15
[16903] = CNOT 15 53
[16904] = CNOT 15 55
[16905] = Z 15
[16906] = CNOT 15 55
[16907] = CNOT 15 65
[16908] = Z 15
[16909] = CNOT 15 65
[16910] = CNOT 15 74
[16911] = Z 15
[16912] = CNOT 15 74
[16913] = CNOT 15 75
[16914] = Z 15
[16915] = CNOT 15 75
[16916] = CNOT 15 79
[16917] = Z 15
[16918] = CNOT 15 79
[16919] = CNOT 15 42
[16920] = CNOT 15 44
[16921] = CNOT 15 46
[16922] = S 15
[16923] = Z 15
[16924] = CNOT 15 46
[16925] = CNOT 15 53
[16926] = Z 15
[16927] = CNOT 15 53
[16928] = CNOT 15 55
[16929] = Z 15
[16930] = CNOT 15 55
[16931] = CNOT 15 65
[16932] = Z 15
[16933] = CNOT 15 65
[16934] = CNOT 15 74
[16935] = Z 15
[16936] = CNOT 15 74
[16937] = CNOT 15 75
[16938] = Z 15
[16939] = CNOT 15 75
[16940] = CNOT 15 79
[16941] = Z 15
[16942] = CNOT 15 79
[16943] = CNOT 15 44
[16944] = CNOT 15 45
[16945] = CNOT 15 47
[16946] = Z 15
[16947] = CNOT 15 47
[16948] = CNOT 15 53
[16949] = Z 15
[16950] = CNOT 15 53
[16951] = CNOT 15 54
[16952] = Z 15
[16953] = CNOT 15 54
[16954] = CNOT 15 55
[16955] = S 15
[16956] = CNOT 15 55
[16957] = CNOT 15 56
[16958] = S 15
[16959] = CNOT 15 56
[16960] = CNOT 15 57
[16961] = Z 15
[16962] = CNOT 15 57
[16963] = CNOT 15 58
[16964] = S 15
[16965] = Z 15
[16966] = CNOT 15 58
[16967] = CNOT 15 62
[16968] = Z 15
[16969] = CNOT 15 62
[16970] = CNOT 15 64
[16971] = Z 15
[16972] = CNOT 15 64
[16973] = CNOT 15 65
[16974] = Z 15
[16975] = CNOT 15 65
[16976] = CNOT 15 68
[16977] = Z 15
[16978] = CNOT 15 68
[16979] = CNOT 15 73
[16980] = S 15
[16981] = CNOT 15 73
[16982] = CNOT 15 74
[16983] = S 15
[16984] = CNOT 15 74
[16985] = CNOT 15 75
[16986] = S 15
[16987] = CNOT 15 75
[16988] = CNOT 15 77
[16989] = Z 15
[16990] = CNOT 15 77
[16991] = CNOT 15 79
[16992] = S 15
[16993] = CNOT 15 79
[16994] = CNOT 15 82
[16995] = S 15
[16996] = Z 15
[16997] = CNOT 15 82
[16998] = CNOT 15 86
[16999] = Z 15
[17000] = CNOT 15 86
[17001] = CNOT 15 45
[17002] = CNOT 15 46
[17003] = CNOT 15 49
[17004] = S 15
[17005] = Z 15
[17006] = CNOT 15 49
[17007] = CNOT 15 53
[17008] = Z 15
[17009] = CNOT 15 53
[17010] = CNOT 15 55
[17011] = Z 15
[17012] = CNOT 15 55
[17013] = CNOT 15 65
[17014] = Z 15
[17015] = CNOT 15 65
[17016] = CNOT 15 74
[17017] = Z 15
[17018] = CNOT 15 74
[17019] = CNOT 15 75
[17020] = Z 15
[17021] = CNOT 15 75
[17022] = CNOT 15 79
[17023] = Z 15
[17024] = CNOT 15 79
[17025] = CNOT 15 46
[17026] = CNOT 15 47
[17027] = CNOT 15 53
[17028] = Z 15
[17029] = CNOT 15 53
[17030] = CNOT 15 54
[17031] = Z 15
[17032] = CNOT 15 54
[17033] = CNOT 15 56
[17034] = Z 15
[17035] = CNOT 15 56
[17036] = CNOT 15 68
[17037] = Z 15
[17038] = CNOT 15 68
[17039] = CNOT 15 72
[17040] = Z 15
[17041] = CNOT 15 72
[17042] = CNOT 15 73
[17043] = Z 15
[17044] = CNOT 15 73
[17045] = CNOT 15 74
[17046] = Z 15
[17047] = CNOT 15 74
[17048] = CNOT 15 75
[17049] = Z 15
[17050] = CNOT 15 75
[17051] = CNOT 15 79
[17052] = Z 15
[17053] = CNOT 15 79
[17054] = CNOT 15 81
[17055] = Z 15
[17056] = CNOT 15 81
[17057] = CNOT 15 82
[17058] = Z 15
[17059] = CNOT 15 82
[17060] = CNOT 15 47
[17061] = CNOT 15 49
[17062] = CNOT 15 51
[17063] = S 15
[17064] = Z 15
[17065] = CNOT 15 51
[17066] = CNOT 15 53
[17067] = Z 15
[17068] = CNOT 15 53
[17069] = CNOT 15 55
[17070] = Z 15
[17071] = CNOT 15 55
[17072] = CNOT 15 65
[17073] = Z 15
[17074] = CNOT 15 65
[17075] = CNOT 15 74
[17076] = Z 15
[17077] = CNOT 15 74
[17078] = CNOT 15 75
[17079] = Z 15
[17080] = CNOT 15 75
[17081] = CNOT 15 79
[17082] = Z 15
[17083] = CNOT 15 79
[17084] = CNOT 15 49
[17085] = CNOT 15 51
[17086] = CNOT 15 53
[17087] = S 15
[17088] = Z 15
[17089] = CNOT 15 53
[17090] = CNOT 15 55
[17091] = Z 15
[17092] = CNOT 15 55
[17093] = CNOT 15 65
[17094] = Z 15
[17095] = CNOT 15 65
[17096] = CNOT 15 74
[17097] = Z 15
[17098] = CNOT 15 74
[17099] = CNOT 15 75
[17100] = Z 15
[17101] = CNOT 15 75
[17102] = CNOT 15 79
[17103] = Z 15
[17104] = CNOT 15 79
[17105] = CNOT 15 51
[17106] = CNOT 15 53
[17107] = CNOT 15 54
[17108] = Z 15
[17109] = CNOT 15 54
[17110] = CNOT 15 55
[17111] = S 15
[17112] = CNOT 15 55
[17113] = CNOT 15 56
[17114] = Z 15
[17115] = CNOT 15 56
[17116] = CNOT 15 57
[17117] = Z 15
[17118] = CNOT 15 57
[17119] = CNOT 15 58
[17120] = S 15
[17121] = Z 15
[17122] = CNOT 15 58
[17123] = CNOT 15 62
[17124] = Z 15
[17125] = CNOT 15 62
[17126] = CNOT 15 64
[17127] = Z 15
[17128] = CNOT 15 64
[17129] = CNOT 15 65
[17130] = Z 15
[17131] = CNOT 15 65
[17132] = CNOT 15 68
[17133] = Z 15
[17134] = CNOT 15 68
[17135] = CNOT 15 73
[17136] = Z 15
[17137] = CNOT 15 73
[17138] = CNOT 15 74
[17139] = S 15
[17140] = CNOT 15 74
[17141] = CNOT 15 75
[17142] = S 15
[17143] = CNOT 15 75
[17144] = CNOT 15 77
[17145] = Z 15
[17146] = CNOT 15 77
[17147] = CNOT 15 79
[17148] = S 15
[17149] = CNOT 15 79
[17150] = CNOT 15 86
[17151] = Z 15
[17152] = CNOT 15 86
[17153] = CNOT 15 53
[17154] = CNOT 15 54
[17155] = CNOT 15 55
[17156] = Z 15
[17157] = CNOT 15 55
[17158] = CNOT 15 56
[17159] = Z 15
[17160] = CNOT 15 56
[17161] = CNOT 15 57
[17162] = Z 15
[17163] = CNOT 15 57
[17164] = CNOT 15 58
[17165] = S 15
[17166] = Z 15
[17167] = CNOT 15 58
[17168] = CNOT 15 62
[17169] = Z 15
[17170] = CNOT 15 62
[17171] = CNOT 15 64
[17172] = Z 15
[17173] = CNOT 15 64
[17174] = CNOT 15 65
[17175] = S 15
[17176] = Z 15
[17177] = CNOT 15 65
[17178] = CNOT 15 68
[17179] = Z 15
[17180] = CNOT 15 68
[17181] = CNOT 15 73
[17182] = Z 15
[17183] = CNOT 15 73
[17184] = CNOT 15 74
[17185] = Z 15
[17186] = CNOT 15 74
[17187] = CNOT 15 75
[17188] = Z 15
[17189] = CNOT 15 75
[17190] = CNOT 15 77
[17191] = Z 15
[17192] = CNOT 15 77
[17193] = CNOT 15 79
[17194] = Z 15
[17195] = CNOT 15 79
[17196] = CNOT 15 86
[17197] = Z 15
[17198] = CNOT 15 86
[17199] = CNOT 15 54
[17200] = CNOT 15 55
[17201] = CNOT 15 56
[17202] = S 15
[17203] = CNOT 15 56
[17204] = CNOT 15 57
[17205] = Z 15
[17206] = CNOT 15 57
[17207] = CNOT 15 58
[17208] = S 15
[17209] = Z 15
[17210] = CNOT 15 58
[17211] = CNOT 15 65
[17212] = S 15
[17213] = Z 15
[17214] = CNOT 15 65
[17215] = CNOT 15 73
[17216] = S 15
[17217] = CNOT 15 73
[17218] = CNOT 15 74
[17219] = Z 15
[17220] = CNOT 15 74
[17221] = CNOT 15 75
[17222] = Z 15
[17223] = CNOT 15 75
[17224] = CNOT 15 77
[17225] = Z 15
[17226] = CNOT 15 77
[17227] = CNOT 15 79
[17228] = Z 15
[17229] = CNOT 15 79
[17230] = CNOT 15 55
[17231] = CNOT 15 56
[17232] = CNOT 15 57
[17233] = Z 15
[17234] = CNOT 15 57
[17235] = CNOT 15 58
[17236] = S 15
[17237] = Z 15
[17238] = CNOT 15 58
[17239] = CNOT 15 62
[17240] = Z 15
[17241] = CNOT 15 62
[17242] = CNOT 15 64
[17243] = Z 15
[17244] = CNOT 15 64
[17245] = CNOT 15 65
[17246] = S 15
[17247] = CNOT 15 65
[17248] = CNOT 15 68
[17249] = Z 15
[17250] = CNOT 15 68
[17251] = CNOT 15 73
[17252] = S 15
[17253] = CNOT 15 73
[17254] = CNOT 15 77
[17255] = Z 15
[17256] = CNOT 15 77
[17257] = CNOT 15 82
[17258] = Z 15
[17259] = CNOT 15 82
[17260] = CNOT 15 86
[17261] = Z 15
[17262] = CNOT 15 86
[17263] = CNOT 15 56
[17264] = CNOT 15 57
[17265] = CNOT 15 58
[17266] = S 15
[17267] = Z 15
[17268] = CNOT 15 58
[17269] = CNOT 15 65
[17270] = S 15
[17271] = Z 15
[17272] = CNOT 15 65
[17273] = CNOT 15 73
[17274] = Z 15
[17275] = CNOT 15 73
[17276] = CNOT 15 74
[17277] = Z 15
[17278] = CNOT 15 74
[17279] = CNOT 15 75
[17280] = Z 15
[17281] = CNOT 15 75
[17282] = CNOT 15 79
[17283] = Z 15
[17284] = CNOT 15 79
[17285] = CNOT 15 82
[17286] = Z 15
[17287] = CNOT 15 82
[17288] = CNOT 15 57
[17289] = CNOT 15 58
[17290] = CNOT 15 65
[17291] = S 15
[17292] = Z 15
[17293] = CNOT 15 65
[17294] = CNOT 15 73
[17295] = S 15
[17296] = Z 15
[17297] = CNOT 15 73
[17298] = CNOT 15 74
[17299] = S 15
[17300] = Z 15
[17301] = CNOT 15 74
[17302] = CNOT 15 75
[17303] = S 15
[17304] = Z 15
[17305] = CNOT 15 75
[17306] = CNOT 15 79
[17307] = S 15
[17308] = Z 15
[17309] = CNOT 15 79
[17310] = CNOT 15 82
[17311] = S 15
[17312] = Z 15
[17313] = CNOT 15 82
[17314] = CNOT 15 58
[17315] = CNOT 15 62
[17316] = CNOT 15 63
[17317] = S 15
[17318] = Z 15
[17319] = CNOT 15 63
[17320] = CNOT 15 65
[17321] = Z 15
[17322] = CNOT 15 65
[17323] = CNOT 15 81
[17324] = Z 15
[17325] = CNOT 15 81
[17326] = CNOT 15 86
[17327] = Z 15
[17328] = CNOT 15 86
[17329] = CNOT 15 62
[17330] = CNOT 15 63
[17331] = CNOT 15 65
[17332] = Z 15
[17333] = CNOT 15 65
[17334] = CNOT 15 73
[17335] = Z 15
[17336] = CNOT 15 73
[17337] = CNOT 15 74
[17338] = Z 15
[17339] = CNOT 15 74
[17340] = CNOT 15 75
[17341] = Z 15
[17342] = CNOT 15 75
[17343] = CNOT 15 79
[17344] = Z 15
[17345] = CNOT 15 79
[17346] = CNOT 15 63
[17347] = CNOT 15 64
[17348] = CNOT 15 68
[17349] = Z 15
[17350] = CNOT 15 68
[17351] = CNOT 15 72
[17352] = S 15
[17353] = Z 15
[17354] = CNOT 15 72
[17355] = CNOT 15 73
[17356] = Z 15
[17357] = CNOT 15 73
[17358] = CNOT 15 74
[17359] = Z 15
[17360] = CNOT 15 74
[17361] = CNOT 15 75
[17362] = Z 15
[17363] = CNOT 15 75
[17364] = CNOT 15 79
[17365] = Z 15
[17366] = CNOT 15 79
[17367] = CNOT 15 81
[17368] = Z 15
[17369] = CNOT 15 81
[17370] = CNOT 15 82
[17371] = Z 15
[17372] = CNOT 15 82
[17373] = CNOT 15 64
[17374] = CNOT 15 65
[17375] = CNOT 15 73
[17376] = S 15
[17377] = Z 15
[17378] = CNOT 15 73
[17379] = CNOT 15 74
[17380] = S 15
[17381] = Z 15
[17382] = CNOT 15 74
[17383] = CNOT 15 75
[17384] = S 15
[17385] = Z 15
[17386] = CNOT 15 75
[17387] = CNOT 15 79
[17388] = S 15
[17389] = Z 15
[17390] = CNOT 15 79
[17391] = CNOT 15 82
[17392] = S 15
[17393] = CNOT 15 82
[17394] = CNOT 15 65
[17395] = CNOT 15 68
[17396] = CNOT 15 73
[17397] = Z 15
[17398] = CNOT 15 73
[17399] = CNOT 15 74
[17400] = Z 15
[17401] = CNOT 15 74
[17402] = CNOT 15 75
[17403] = Z 15
[17404] = CNOT 15 75
[17405] = CNOT 15 79
[17406] = Z 15
[17407] = CNOT 15 79
[17408] = CNOT 15 81
[17409] = Z 15
[17410] = CNOT 15 81
[17411] = CNOT 15 82
[17412] = Z 15
[17413] = CNOT 15 82
[17414] = CNOT 15 68
[17415] = CNOT 15 73
[17416] = CNOT 15 74
[17417] = Z 15
[17418] = CNOT 15 74
[17419] = CNOT 15 75
[17420] = Z 15
[17421] = CNOT 15 75
[17422] = CNOT 15 77
[17423] = Z 15
[17424] = CNOT 15 77
[17425] = CNOT 15 79
[17426] = Z 15
[17427] = CNOT 15 79
[17428] = CNOT 15 82
[17429] = S 15
[17430] = Z 15
[17431] = CNOT 15 82
[17432] = CNOT 15 86
[17433] = Z 15
[17434] = CNOT 15 86
[17435] = CNOT 15 73
[17436] = CNOT 15 74
[17437] = CNOT 15 75
[17438] = Z 15
[17439] = CNOT 15 75
[17440] = CNOT 15 77
[17441] = Z 15
[17442] = CNOT 15 77
[17443] = CNOT 15 79
[17444] = Z 15
[17445] = CNOT 15 79
[17446] = CNOT 15 82
[17447] = Z 15
[17448] = CNOT 15 82
[17449] = CNOT 15 86
[17450] = Z 15
[17451] = CNOT 15 86
[17452] = CNOT 15 74
[17453] = CNOT 15 75
[17454] = CNOT 15 77
[17455] = Z 15
[17456] = CNOT 15 77
[17457] = CNOT 15 79
[17458] = Z 15
[17459] = CNOT 15 79
[17460] = CNOT 15 82
[17461] = Z 15
[17462] = CNOT 15 82
[17463] = CNOT 15 86
[17464] = Z 15
[17465] = CNOT 15 86
[17466] = CNOT 15 75
[17467] = CNOT 15 77
[17468] = CNOT 15 79
[17469] = Z 15
[17470] = CNOT 15 77
[17471] = CNOT 15 82
[17472] = Z 15
[17473] = CNOT 15 82
[17474] = CNOT 15 86
[17475] = Z 15
[17476] = CNOT 15 86
[17477] = CNOT 15 79
[17478] = CNOT 15 81
[17479] = CNOT 15 82
[17480] = S 15
[17481] = Z 15
[17482] = CNOT 15 82
[17483] = CNOT 15 86
[17484] = Z 15
[17485] = CNOT 15 86
[17486] = CNOT 15 81
[17487] = CNOT 16 18
[17488] = CNOT 16 21
[17489] = S 16
[17490] = Z 16
[17491] = CNOT 16 21
[17492] = CNOT 16 22
[17493] = S 16
[17494] = Z 16
[17495] = CNOT 16 22
[17496] = CNOT 16 23
[17497] = S 16
[17498] = Z 16
[17499] = CNOT 16 23
[17500] = CNOT 16 30
[17501] = S 16
[17502] = Z 16
[17503] = CNOT 16 30
[17504] = CNOT 16 35
[17505] = S 16
[17506] = Z 16
[17507] = CNOT 16 35
[17508] = CNOT 16 36
[17509] = S 16
[17510] = Z 16
[17511] = CNOT 16 36
[17512] = CNOT 16 45
[17513] = S 16
[17514] = Z 16
[17515] = CNOT 16 45
[17516] = CNOT 16 55
[17517] = S 16
[17518] = Z 16
[17519] = CNOT 16 55
[17520] = CNOT 16 56
[17521] = S 16
[17522] = Z 16
[17523] = CNOT 16 56
[17524] = CNOT 16 65
[17525] = S 16
[17526] = Z 16
[17527] = CNOT 16 65
[17528] = CNOT 16 73
[17529] = S 16
[17530] = Z 16
[17531] = CNOT 16 73
[17532] = CNOT 16 74
[17533] = S 16
[17534] = Z 16
[17535] = CNOT 16 74
[17536] = CNOT 16 75
[17537] = S 16
[17538] = Z 16
[17539] = CNOT 16 75
[17540] = CNOT 16 79
[17541] = S 16
[17542] = Z 16
[17543] = CNOT 16 79
[17544] = CNOT 16 82
[17545] = S 16
[17546] = Z 16
[17547] = CNOT 16 82
[17548] = CNOT 16 18
[17549] = CNOT 16 21
[17550] = CNOT 16 22
[17551] = Z 16
[17552] = CNOT 16 22
[17553] = CNOT 16 23
[17554] = Z 16
[17555] = CNOT 16 23
[17556] = CNOT 16 30
[17557] = Z 16
[17558] = CNOT 16 30
[17559] = CNOT 16 35
[17560] = Z 16
[17561] = CNOT 16 35
[17562] = CNOT 16 36
[17563] = Z 16
[17564] = CNOT 16 36
[17565] = CNOT 16 45
[17566] = Z 16
[17567] = CNOT 16 45
[17568] = CNOT 16 55
[17569] = Z 16
[17570] = CNOT 16 55
[17571] = CNOT 16 56
[17572] = Z 16
[17573] = CNOT 16 56
[17574] = CNOT 16 65
[17575] = Z 16
[17576] = CNOT 16 65
[17577] = CNOT 16 73
[17578] = Z 16
[17579] = CNOT 16 73
[17580] = CNOT 16 74
[17581] = Z 16
[17582] = CNOT 16 74
[17583] = CNOT 16 75
[17584] = Z 16
[17585] = CNOT 16 75
[17586] = CNOT 16 79
[17587] = Z 16
[17588] = CNOT 16 79
[17589] = CNOT 16 82
[17590] = Z 16
[17591] = CNOT 16 82
[17592] = CNOT 16 21
[17593] = CNOT 16 22
[17594] = CNOT 16 23
[17595] = Z 16
[17596] = CNOT 16 23
[17597] = CNOT 16 30
[17598] = Z 16
[17599] = CNOT 16 30
[17600] = CNOT 16 35
[17601] = Z 16
[17602] = CNOT 16 35
[17603] = CNOT 16 36
[17604] = Z 16
[17605] = CNOT 16 36
[17606] = CNOT 16 45
[17607] = Z 16
[17608] = CNOT 16 45
[17609] = CNOT 16 55
[17610] = Z 16
[17611] = CNOT 16 55
[17612] = CNOT 16 56
[17613] = Z 16
[17614] = CNOT 16 56
[17615] = CNOT 16 65
[17616] = Z 16
[17617] = CNOT 16 65
[17618] = CNOT 16 73
[17619] = Z 16
[17620] = CNOT 16 73
[17621] = CNOT 16 74
[17622] = Z 16
[17623] = CNOT 16 74
[17624] = CNOT 16 75
[17625] = Z 16
[17626] = CNOT 16 75
[17627] = CNOT 16 79
[17628] = Z 16
[17629] = CNOT 16 79
[17630] = CNOT 16 82
[17631] = Z 16
[17632] = CNOT 16 82
[17633] = CNOT 16 22
[17634] = CNOT 16 23
[17635] = CNOT 16 30
[17636] = Z 16
[17637] = CNOT 16 30
[17638] = CNOT 16 35
[17639] = Z 16
[17640] = CNOT 16 35
[17641] = CNOT 16 36
[17642] = Z 16
[17643] = CNOT 16 36
[17644] = CNOT 16 45
[17645] = Z 16
[17646] = CNOT 16 45
[17647] = CNOT 16 55
[17648] = Z 16
[17649] = CNOT 16 55
[17650] = CNOT 16 56
[17651] = Z 16
[17652] = CNOT 16 56
[17653] = CNOT 16 65
[17654] = Z 16
[17655] = CNOT 16 65
[17656] = CNOT 16 73
[17657] = Z 16
[17658] = CNOT 16 73
[17659] = CNOT 16 74
[17660] = Z 16
[17661] = CNOT 16 74
[17662] = CNOT 16 75
[17663] = Z 16
[17664] = CNOT 16 75
[17665] = CNOT 16 79
[17666] = Z 16
[17667] = CNOT 16 79
[17668] = CNOT 16 82
[17669] = Z 16
[17670] = CNOT 16 82
[17671] = CNOT 16 23
[17672] = CNOT 16 30
[17673] = CNOT 16 35
[17674] = Z 16
[17675] = CNOT 16 35
[17676] = CNOT 16 36
[17677] = Z 16
[17678] = CNOT 16 36
[17679] = CNOT 16 45
[17680] = Z 16
[17681] = CNOT 16 45
[17682] = CNOT 16 55
[17683] = Z 16
[17684] = CNOT 16 55
[17685] = CNOT 16 56
[17686] = Z 16
[17687] = CNOT 16 56
[17688] = CNOT 16 65
[17689] = Z 16
[17690] = CNOT 16 65
[17691] = CNOT 16 73
[17692] = Z 16
[17693] = CNOT 16 73
[17694] = CNOT 16 74
[17695] = Z 16
[17696] = CNOT 16 74
[17697] = CNOT 16 75
[17698] = Z 16
[17699] = CNOT 16 75
[17700] = CNOT 16 79
[17701] = Z 16
[17702] = CNOT 16 79
[17703] = CNOT 16 82
[17704] = Z 16
[17705] = CNOT 16 82
[17706] = CNOT 16 30
[17707] = CNOT 16 35
[17708] = CNOT 16 36
[17709] = Z 16
[17710] = CNOT 16 36
[17711] = CNOT 16 45
[17712] = Z 16
[17713] = CNOT 16 45
[17714] = CNOT 16 55
[17715] = Z 16
[17716] = CNOT 16 55
[17717] = CNOT 16 56
[17718] = Z 16
[17719] = CNOT 16 56
[17720] = CNOT 16 65
[17721] = Z 16
[17722] = CNOT 16 65
[17723] = CNOT 16 73
[17724] = Z 16
[17725] = CNOT 16 73
[17726] = CNOT 16 74
[17727] = Z 16
[17728] = CNOT 16 74
[17729] = CNOT 16 75
[17730] = Z 16
[17731] = CNOT 16 75
[17732] = CNOT 16 79
[17733] = Z 16
[17734] = CNOT 16 79
[17735] = CNOT 16 82
[17736] = Z 16
[17737] = CNOT 16 82
[17738] = CNOT 16 35
[17739] = CNOT 16 36
[17740] = CNOT 16 45
[17741] = Z 16
[17742] = CNOT 16 45
[17743] = CNOT 16 55
[17744] = Z 16
[17745] = CNOT 16 55
[17746] = CNOT 16 56
[17747] = Z 16
[17748] = CNOT 16 56
[17749] = CNOT 16 65
[17750] = Z 16
[17751] = CNOT 16 65
[17752] = CNOT 16 73
[17753] = Z 16
[17754] = CNOT 16 73
[17755] = CNOT 16 74
[17756] = Z 16
[17757] = CNOT 16 74
[17758] = CNOT 16 75
[17759] = Z 16
[17760] = CNOT 16 75
[17761] = CNOT 16 79
[17762] = Z 16
[17763] = CNOT 16 79
[17764] = CNOT 16 82
[17765] = Z 16
[17766] = CNOT 16 82
[17767] = CNOT 16 36
[17768] = CNOT 16 45
[17769] = CNOT 16 55
[17770] = Z 16
[17771] = CNOT 16 55
[17772] = CNOT 16 56
[17773] = Z 16
[17774] = CNOT 16 56
[17775] = CNOT 16 65
[17776] = Z 16
[17777] = CNOT 16 65
[17778] = CNOT 16 73
[17779] = Z 16
[17780] = CNOT 16 73
[17781] = CNOT 16 74
[17782] = Z 16
[17783] = CNOT 16 74
[17784] = CNOT 16 75
[17785] = Z 16
[17786] = CNOT 16 75
[17787] = CNOT 16 79
[17788] = Z 16
[17789] = CNOT 16 79
[17790] = CNOT 16 82
[17791] = Z 16
[17792] = CNOT 16 82
[17793] = CNOT 16 45
[17794] = CNOT 16 55
[17795] = CNOT 16 56
[17796] = Z 16
[17797] = CNOT 16 56
[17798] = CNOT 16 65
[17799] = Z 16
[17800] = CNOT 16 65
[17801] = CNOT 16 73
[17802] = Z 16
[17803] = CNOT 16 73
[17804] = CNOT 16 74
[17805] = Z 16
[17806] = CNOT 16 74
[17807] = CNOT 16 75
[17808] = Z 16
[17809] = CNOT 16 75
[17810] = CNOT 16 79
[17811] = Z 16
[17812] = CNOT 16 79
[17813] = CNOT 16 82
[17814] = Z 16
[17815] = CNOT 16 82
[17816] = CNOT 16 55
[17817] = CNOT 16 56
[17818] = CNOT 16 65
[17819] = Z 16
[17820] = CNOT 16 65
[17821] = CNOT 16 73
[17822] = Z 16
[17823] = CNOT 16 73
[17824] = CNOT 16 74
[17825] = Z 16
[17826] = CNOT 16 74
[17827] = CNOT 16 75
[17828] = Z 16
[17829] = CNOT 16 75
[17830] = CNOT 16 79
[17831] = Z 16
[17832] = CNOT 16 79
[17833] = CNOT 16 82
[17834] = Z 16
[17835] = CNOT 16 82
[17836] = CNOT 16 56
[17837] = CNOT 16 65
[17838] = CNOT 16 73
[17839] = Z 16
[17840] = CNOT 16 73
[17841] = CNOT 16 74
[17842] = Z 16
[17843] = CNOT 16 74
[17844] = CNOT 16 75
[17845] = Z 16
[17846] = CNOT 16 75
[17847] = CNOT 16 79
[17848] = Z 16
[17849] = CNOT 16 79
[17850] = CNOT 16 82
[17851] = Z 16
[17852] = CNOT 16 82
[17853] = CNOT 16 65
[17854] = CNOT 16 73
[17855] = CNOT 16 74
[17856] = Z 16
[17857] = CNOT 16 74
[17858] = CNOT 16 75
[17859] = Z 16
[17860] = CNOT 16 75
[17861] = CNOT 16 79
[17862] = Z 16
[17863] = CNOT 16 79
[17864] = CNOT 16 82
[17865] = Z 16
[17866] = CNOT 16 82
[17867] = CNOT 16 73
[17868] = CNOT 16 74
[17869] = CNOT 16 75
[17870] = Z 16
[17871] = CNOT 16 75
[17872] = CNOT 16 79
[17873] = Z 16
[17874] = CNOT 16 79
[17875] = CNOT 16 82
[17876] = Z 16
[17877] = CNOT 16 82
[17878] = CNOT 16 74
[17879] = CNOT 16 75
[17880] = CNOT 16 79
[17881] = Z 16
[17882] = CNOT 16 79
[17883] = CNOT 16 82
[17884] = Z 16
[17885] = CNOT 16 75
[17886] = CNOT 16 79
[17887] = Z 16
[17888] = CNOT 16 82
[17889] = CNOT 16 79
[17890] = CNOT 17 22
[17891] = CNOT 17 36
[17892] = Z 17
[17893] = CNOT 17 36
[17894] = CNOT 17 45
[17895] = Z 17
[17896] = CNOT 17 45
[17897] = CNOT 17 53
[17898] = Z 17
[17899] = CNOT 17 53
[17900] = CNOT 17 54
[17901] = Z 17
[17902] = CNOT 17 54
[17903] = CNOT 17 55
[17904] = Z 17
[17905] = CNOT 17 55
[17906] = CNOT 17 56
[17907] = Z 17
[17908] = CNOT 17 56
[17909] = CNOT 17 73
[17910] = Z 17
[17911] = CNOT 17 73
[17912] = CNOT 17 74
[17913] = Z 17
[17914] = CNOT 17 74
[17915] = CNOT 17 75
[17916] = Z 17
[17917] = CNOT 17 75
[17918] = CNOT 17 79
[17919] = Z 17
[17920] = CNOT 17 79
[17921] = CNOT 17 82
[17922] = Z 17
[17923] = CNOT 17 82
[17924] = CNOT 17 22
[17925] = CNOT 17 36
[17926] = CNOT 17 45
[17927] = Z 17
[17928] = CNOT 17 45
[17929] = CNOT 17 53
[17930] = Z 17
[17931] = CNOT 17 53
[17932] = CNOT 17 54
[17933] = Z 17
[17934] = CNOT 17 54
[17935] = CNOT 17 55
[17936] = Z 17
[17937] = CNOT 17 55
[17938] = CNOT 17 56
[17939] = Z 17
[17940] = CNOT 17 56
[17941] = CNOT 17 73
[17942] = Z 17
[17943] = CNOT 17 73
[17944] = CNOT 17 74
[17945] = Z 17
[17946] = CNOT 17 74
[17947] = CNOT 17 75
[17948] = Z 17
[17949] = CNOT 17 75
[17950] = CNOT 17 79
[17951] = Z 17
[17952] = CNOT 17 79
[17953] = CNOT 17 82
[17954] = Z 17
[17955] = CNOT 17 82
[17956] = CNOT 17 36
[17957] = CNOT 17 45
[17958] = CNOT 17 53
[17959] = Z 17
[17960] = CNOT 17 53
[17961] = CNOT 17 54
[17962] = Z 17
[17963] = CNOT 17 54
[17964] = CNOT 17 55
[17965] = Z 17
[17966] = CNOT 17 55
[17967] = CNOT 17 56
[17968] = Z 17
[17969] = CNOT 17 56
[17970] = CNOT 17 73
[17971] = Z 17
[17972] = CNOT 17 73
[17973] = CNOT 17 74
[17974] = Z 17
[17975] = CNOT 17 74
[17976] = CNOT 17 75
[17977] = Z 17
[17978] = CNOT 17 75
[17979] = CNOT 17 79
[17980] = Z 17
[17981] = CNOT 17 79
[17982] = CNOT 17 82
[17983] = Z 17
[17984] = CNOT 17 82
[17985] = CNOT 17 45
[17986] = CNOT 17 53
[17987] = CNOT 17 54
[17988] = Z 17
[17989] = CNOT 17 54
[17990] = CNOT 17 55
[17991] = Z 17
[17992] = CNOT 17 55
[17993] = CNOT 17 56
[17994] = Z 17
[17995] = CNOT 17 56
[17996] = CNOT 17 73
[17997] = Z 17
[17998] = CNOT 17 73
[17999] = CNOT 17 74
[18000] = Z 17
[18001] = CNOT 17 74
[18002] = CNOT 17 75
[18003] = Z 17
[18004] = CNOT 17 75
[18005] = CNOT 17 79
[18006] = Z 17
[18007] = CNOT 17 79
[18008] = CNOT 17 82
[18009] = Z 17
[18010] = CNOT 17 82
[18011] = CNOT 17 53
[18012] = CNOT 17 54
[18013] = CNOT 17 55
[18014] = Z 17
[18015] = CNOT 17 55
[18016] = CNOT 17 56
[18017] = Z 17
[18018] = CNOT 17 56
[18019] = CNOT 17 73
[18020] = Z 17
[18021] = CNOT 17 73
[18022] = CNOT 17 74
[18023] = Z 17
[18024] = CNOT 17 74
[18025] = CNOT 17 75
[18026] = Z 17
[18027] = CNOT 17 75
[18028] = CNOT 17 79
[18029] = Z 17
[18030] = CNOT 17 79
[18031] = CNOT 17 82
[18032] = Z 17
[18033] = CNOT 17 82
[18034] = CNOT 17 54
[18035] = CNOT 17 55
[18036] = CNOT 17 56
[18037] = Z 17
[18038] = CNOT 17 56
[18039] = CNOT 17 73
[18040] = Z 17
[18041] = CNOT 17 73
[18042] = CNOT 17 74
[18043] = Z 17
[18044] = CNOT 17 74
[18045] = CNOT 17 75
[18046] = Z 17
[18047] = CNOT 17 75
[18048] = CNOT 17 79
[18049] = Z 17
[18050] = CNOT 17 79
[18051] = CNOT 17 82
[18052] = Z 17
[18053] = CNOT 17 82
[18054] = CNOT 17 55
[18055] = CNOT 17 56
[18056] = CNOT 17 73
[18057] = Z 17
[18058] = CNOT 17 73
[18059] = CNOT 17 74
[18060] = Z 17
[18061] = CNOT 17 74
[18062] = CNOT 17 75
[18063] = Z 17
[18064] = CNOT 17 75
[18065] = CNOT 17 79
[18066] = Z 17
[18067] = CNOT 17 79
[18068] = CNOT 17 82
[18069] = Z 17
[18070] = CNOT 17 82
[18071] = CNOT 17 56
[18072] = CNOT 17 73
[18073] = CNOT 17 74
[18074] = Z 17
[18075] = CNOT 17 74
[18076] = CNOT 17 75
[18077] = Z 17
[18078] = CNOT 17 75
[18079] = CNOT 17 79
[18080] = Z 17
[18081] = CNOT 17 79
[18082] = CNOT 17 82
[18083] = Z 17
[18084] = CNOT 17 82
[18085] = CNOT 17 73
[18086] = CNOT 17 74
[18087] = CNOT 17 75
[18088] = Z 17
[18089] = CNOT 17 75
[18090] = CNOT 17 79
[18091] = Z 17
[18092] = CNOT 17 79
[18093] = CNOT 17 82
[18094] = Z 17
[18095] = CNOT 17 82
[18096] = CNOT 17 74
[18097] = CNOT 17 75
[18098] = CNOT 17 79
[18099] = Z 17
[18100] = CNOT 17 79
[18101] = CNOT 17 82
[18102] = Z 17
[18103] = CNOT 17 75
[18104] = CNOT 17 79
[18105] = Z 17
[18106] = CNOT 17 82
[18107] = CNOT 17 79
[18108] = CNOT 18 21
[18109] = CNOT 18 22
[18110] = S 18
[18111] = Z 18
[18112] = CNOT 18 22
[18113] = CNOT 18 23
[18114] = S 18
[18115] = Z 18
[18116] = CNOT 18 23
[18117] = CNOT 18 30
[18118] = S 18
[18119] = Z 18
[18120] = CNOT 18 30
[18121] = CNOT 18 35
[18122] = S 18
[18123] = Z 18
[18124] = CNOT 18 35
[18125] = CNOT 18 36
[18126] = S 18
[18127] = Z 18
[18128] = CNOT 18 36
[18129] = CNOT 18 45
[18130] = S 18
[18131] = Z 18
[18132] = CNOT 18 45
[18133] = CNOT 18 55
[18134] = S 18
[18135] = Z 18
[18136] = CNOT 18 55
[18137] = CNOT 18 56
[18138] = S 18
[18139] = Z 18
[18140] = CNOT 18 56
[18141] = CNOT 18 65
[18142] = S 18
[18143] = Z 18
[18144] = CNOT 18 65
[18145] = CNOT 18 73
[18146] = S 18
[18147] = Z 18
[18148] = CNOT 18 73
[18149] = CNOT 18 74
[18150] = S 18
[18151] = Z 18
[18152] = CNOT 18 74
[18153] = CNOT 18 75
[18154] = S 18
[18155] = Z 18
[18156] = CNOT 18 75
[18157] = CNOT 18 79
[18158] = S 18
[18159] = Z 18
[18160] = CNOT 18 79
[18161] = CNOT 18 82
[18162] = S 18
[18163] = Z 18
[18164] = CNOT 18 82
[18165] = CNOT 18 21
[18166] = CNOT 18 22
[18167] = CNOT 18 23
[18168] = Z 18
[18169] = CNOT 18 23
[18170] = CNOT 18 30
[18171] = Z 18
[18172] = CNOT 18 30
[18173] = CNOT 18 35
[18174] = Z 18
[18175] = CNOT 18 35
[18176] = CNOT 18 36
[18177] = Z 18
[18178] = CNOT 18 36
[18179] = CNOT 18 45
[18180] = Z 18
[18181] = CNOT 18 45
[18182] = CNOT 18 55
[18183] = Z 18
[18184] = CNOT 18 55
[18185] = CNOT 18 56
[18186] = Z 18
[18187] = CNOT 18 56
[18188] = CNOT 18 65
[18189] = Z 18
[18190] = CNOT 18 65
[18191] = CNOT 18 73
[18192] = Z 18
[18193] = CNOT 18 73
[18194] = CNOT 18 74
[18195] = Z 18
[18196] = CNOT 18 74
[18197] = CNOT 18 75
[18198] = Z 18
[18199] = CNOT 18 75
[18200] = CNOT 18 79
[18201] = Z 18
[18202] = CNOT 18 79
[18203] = CNOT 18 82
[18204] = Z 18
[18205] = CNOT 18 82
[18206] = CNOT 18 22
[18207] = CNOT 18 23
[18208] = CNOT 18 30
[18209] = Z 18
[18210] = CNOT 18 30
[18211] = CNOT 18 35
[18212] = Z 18
[18213] = CNOT 18 35
[18214] = CNOT 18 36
[18215] = Z 18
[18216] = CNOT 18 36
[18217] = CNOT 18 45
[18218] = Z 18
[18219] = CNOT 18 45
[18220] = CNOT 18 55
[18221] = Z 18
[18222] = CNOT 18 55
[18223] = CNOT 18 56
[18224] = Z 18
[18225] = CNOT 18 56
[18226] = CNOT 18 65
[18227] = Z 18
[18228] = CNOT 18 65
[18229] = CNOT 18 73
[18230] = Z 18
[18231] = CNOT 18 73
[18232] = CNOT 18 74
[18233] = Z 18
[18234] = CNOT 18 74
[18235] = CNOT 18 75
[18236] = Z 18
[18237] = CNOT 18 75
[18238] = CNOT 18 79
[18239] = Z 18
[18240] = CNOT 18 79
[18241] = CNOT 18 82
[18242] = Z 18
[18243] = CNOT 18 82
[18244] = CNOT 18 23
[18245] = CNOT 18 30
[18246] = CNOT 18 35
[18247] = Z 18
[18248] = CNOT 18 35
[18249] = CNOT 18 36
[18250] = Z 18
[18251] = CNOT 18 36
[18252] = CNOT 18 45
[18253] = Z 18
[18254] = CNOT 18 45
[18255] = CNOT 18 55
[18256] = Z 18
[18257] = CNOT 18 55
[18258] = CNOT 18 56
[18259] = Z 18
[18260] = CNOT 18 56
[18261] = CNOT 18 65
[18262] = Z 18
[18263] = CNOT 18 65
[18264] = CNOT 18 73
[18265] = Z 18
[18266] = CNOT 18 73
[18267] = CNOT 18 74
[18268] = Z 18
[18269] = CNOT 18 74
[18270] = CNOT 18 75
[18271] = Z 18
[18272] = CNOT 18 75
[18273] = CNOT 18 79
[18274] = Z 18
[18275] = CNOT 18 79
[18276] = CNOT 18 82
[18277] = Z 18
[18278] = CNOT 18 82
[18279] = CNOT 18 30
[18280] = CNOT 18 35
[18281] = CNOT 18 36
[18282] = Z 18
[18283] = CNOT 18 36
[18284] = CNOT 18 45
[18285] = Z 18
[18286] = CNOT 18 45
[18287] = CNOT 18 55
[18288] = Z 18
[18289] = CNOT 18 55
[18290] = CNOT 18 56
[18291] = Z 18
[18292] = CNOT 18 56
[18293] = CNOT 18 65
[18294] = Z 18
[18295] = CNOT 18 65
[18296] = CNOT 18 73
[18297] = Z 18
[18298] = CNOT 18 73
[18299] = CNOT 18 74
[18300] = Z 18
[18301] = CNOT 18 74
[18302] = CNOT 18 75
[18303] = Z 18
[18304] = CNOT 18 75
[18305] = CNOT 18 79
[18306] = Z 18
[18307] = CNOT 18 79
[18308] = CNOT 18 82
[18309] = Z 18
[18310] = CNOT 18 82
[18311] = CNOT 18 35
[18312] = CNOT 18 36
[18313] = CNOT 18 45
[18314] = Z 18
[18315] = CNOT 18 45
[18316] = CNOT 18 55
[18317] = Z 18
[18318] = CNOT 18 55
[18319] = CNOT 18 56
[18320] = Z 18
[18321] = CNOT 18 56
[18322] = CNOT 18 65
[18323] = Z 18
[18324] = CNOT 18 65
[18325] = CNOT 18 73
[18326] = Z 18
[18327] = CNOT 18 73
[18328] = CNOT 18 74
[18329] = Z 18
[18330] = CNOT 18 74
[18331] = CNOT 18 75
[18332] = Z 18
[18333] = CNOT 18 75
[18334] = CNOT 18 79
[18335] = Z 18
[18336] = CNOT 18 79
[18337] = CNOT 18 82
[18338] = Z 18
[18339] = CNOT 18 82
[18340] = CNOT 18 36
[18341] = CNOT 18 45
[18342] = CNOT 18 55
[18343] = Z 18
[18344] = CNOT 18 55
[18345] = CNOT 18 56
[18346] = Z 18
[18347] = CNOT 18 56
[18348] = CNOT 18 65
[18349] = Z 18
[18350] = CNOT 18 65
[18351] = CNOT 18 73
[18352] = Z 18
[18353] = CNOT 18 73
[18354] = CNOT 18 74
[18355] = Z 18
[18356] = CNOT 18 74
[18357] = CNOT 18 75
[18358] = Z 18
[18359] = CNOT 18 75
[18360] = CNOT 18 79
[18361] = Z 18
[18362] = CNOT 18 79
[18363] = CNOT 18 82
[18364] = Z 18
[18365] = CNOT 18 82
[18366] = CNOT 18 45
[18367] = CNOT 18 55
[18368] = CNOT 18 56
[18369] = Z 18
[18370] = CNOT 18 56
[18371] = CNOT 18 65
[18372] = Z 18
[18373] = CNOT 18 65
[18374] = CNOT 18 73
[18375] = Z 18
[18376] = CNOT 18 73
[18377] = CNOT 18 74
[18378] = Z 18
[18379] = CNOT 18 74
[18380] = CNOT 18 75
[18381] = Z 18
[18382] = CNOT 18 75
[18383] = CNOT 18 79
[18384] = Z 18
[18385] = CNOT 18 79
[18386] = CNOT 18 82
[18387] = Z 18
[18388] = CNOT 18 82
[18389] = CNOT 18 55
[18390] = CNOT 18 56
[18391] = CNOT 18 65
[18392] = Z 18
[18393] = CNOT 18 65
[18394] = CNOT 18 73
[18395] = Z 18
[18396] = CNOT 18 73
[18397] = CNOT 18 74
[18398] = Z 18
[18399] = CNOT 18 74
[18400] = CNOT 18 75
[18401] = Z 18
[18402] = CNOT 18 75
[18403] = CNOT 18 79
[18404] = Z 18
[18405] = CNOT 18 79
[18406] = CNOT 18 82
[18407] = Z 18
[18408] = CNOT 18 82
[18409] = CNOT 18 56
[18410] = CNOT 18 65
[18411] = CNOT 18 73
[18412] = Z 18
[18413] = CNOT 18 73
[18414] = CNOT 18 74
[18415] = Z 18
[18416] = CNOT 18 74
[18417] = CNOT 18 75
[18418] = Z 18
[18419] = CNOT 18 75
[18420] = CNOT 18 79
[18421] = Z 18
[18422] = CNOT 18 79
[18423] = CNOT 18 82
[18424] = Z 18
[18425] = CNOT 18 82
[18426] = CNOT 18 65
[18427] = CNOT 18 73
[18428] = CNOT 18 74
[18429] = Z 18
[18430] = CNOT 18 74
[18431] = CNOT 18 75
[18432] = Z 18
[18433] = CNOT 18 75
[18434] = CNOT 18 79
[18435] = Z 18
[18436] = CNOT 18 79
[18437] = CNOT 18 82
[18438] = Z 18
[18439] = CNOT 18 82
[18440] = CNOT 18 73
[18441] = CNOT 18 74
[18442] = CNOT 18 75
[18443] = Z 18
[18444] = CNOT 18 75
[18445] = CNOT 18 79
[18446] = Z 18
[18447] = CNOT 18 79
[18448] = CNOT 18 82
[18449] = Z 18
[18450] = CNOT 18 82
[18451] = CNOT 18 74
[18452] = CNOT 18 75
[18453] = CNOT 18 79
[18454] = Z 18
[18455] = CNOT 18 79
[18456] = CNOT 18 82
[18457] = Z 18
[18458] = CNOT 18 75
[18459] = CNOT 18 79
[18460] = Z 18
[18461] = CNOT 18 82
[18462] = CNOT 18 79
[18463] = CNOT 19 27
[18464] = CNOT 19 32
[18465] = Z 19
[18466] = CNOT 19 32
[18467] = CNOT 19 35
[18468] = Z 19
[18469] = CNOT 19 35
[18470] = CNOT 19 53
[18471] = Z 19
[18472] = CNOT 19 53
[18473] = CNOT 19 55
[18474] = Z 19
[18475] = CNOT 19 55
[18476] = CNOT 19 65
[18477] = Z 19
[18478] = CNOT 19 65
[18479] = CNOT 19 74
[18480] = Z 19
[18481] = CNOT 19 74
[18482] = CNOT 19 75
[18483] = Z 19
[18484] = CNOT 19 75
[18485] = CNOT 19 79
[18486] = Z 19
[18487] = CNOT 19 79
[18488] = CNOT 19 27
[18489] = CNOT 19 32
[18490] = CNOT 19 35
[18491] = Z 19
[18492] = CNOT 19 35
[18493] = CNOT 19 53
[18494] = Z 19
[18495] = CNOT 19 53
[18496] = CNOT 19 55
[18497] = Z 19
[18498] = CNOT 19 55
[18499] = CNOT 19 65
[18500] = Z 19
[18501] = CNOT 19 65
[18502] = CNOT 19 74
[18503] = Z 19
[18504] = CNOT 19 74
[18505] = CNOT 19 75
[18506] = Z 19
[18507] = CNOT 19 75
[18508] = CNOT 19 79
[18509] = Z 19
[18510] = CNOT 19 79
[18511] = CNOT 19 32
[18512] = CNOT 19 35
[18513] = CNOT 19 53
[18514] = Z 19
[18515] = CNOT 19 53
[18516] = CNOT 19 55
[18517] = Z 19
[18518] = CNOT 19 55
[18519] = CNOT 19 65
[18520] = Z 19
[18521] = CNOT 19 65
[18522] = CNOT 19 74
[18523] = Z 19
[18524] = CNOT 19 74
[18525] = CNOT 19 75
[18526] = Z 19
[18527] = CNOT 19 75
[18528] = CNOT 19 79
[18529] = Z 19
[18530] = CNOT 19 79
[18531] = CNOT 19 35
[18532] = CNOT 19 53
[18533] = CNOT 19 55
[18534] = Z 19
[18535] = CNOT 19 55
[18536] = CNOT 19 65
[18537] = Z 19
[18538] = CNOT 19 65
[18539] = CNOT 19 74
[18540] = Z 19
[18541] = CNOT 19 74
[18542] = CNOT 19 75
[18543] = Z 19
[18544] = CNOT 19 75
[18545] = CNOT 19 79
[18546] = Z 19
[18547] = CNOT 19 79
[18548] = CNOT 19 53
[18549] = CNOT 19 55
[18550] = CNOT 19 65
[18551] = Z 19
[18552] = CNOT 19 65
[18553] = CNOT 19 74
[18554] = Z 19
[18555] = CNOT 19 74
[18556] = CNOT 19 75
[18557] = Z 19
[18558] = CNOT 19 75
[18559] = CNOT 19 79
[18560] = Z 19
[18561] = CNOT 19 79
[18562] = CNOT 19 55
[18563] = CNOT 19 65
[18564] = CNOT 19 74
[18565] = Z 19
[18566] = CNOT 19 74
[18567] = CNOT 19 75
[18568] = Z 19
[18569] = CNOT 19 75
[18570] = CNOT 19 79
[18571] = Z 19
[18572] = CNOT 19 79
[18573] = CNOT 19 65
[18574] = CNOT 19 74
[18575] = CNOT 19 75
[18576] = Z 19
[18577] = CNOT 19 75
[18578] = CNOT 19 79
[18579] = Z 19
[18580] = CNOT 19 74
[18581] = CNOT 19 75
[18582] = Z 19
[18583] = CNOT 19 79
[18584] = CNOT 19 75
[18585] = CNOT 21 22
[18586] = CNOT 21 23
[18587] = Z 21
[18588] = CNOT 21 23
[18589] = CNOT 21 30
[18590] = Z 21
[18591] = CNOT 21 30
[18592] = CNOT 21 35
[18593] = Z 21
[18594] = CNOT 21 35
[18595] = CNOT 21 36
[18596] = Z 21
[18597] = CNOT 21 36
[18598] = CNOT 21 45
[18599] = Z 21
[18600] = CNOT 21 45
[18601] = CNOT 21 55
[18602] = Z 21
[18603] = CNOT 21 55
[18604] = CNOT 21 56
[18605] = Z 21
[18606] = CNOT 21 56
[18607] = CNOT 21 65
[18608] = Z 21
[18609] = CNOT 21 65
[18610] = CNOT 21 73
[18611] = Z 21
[18612] = CNOT 21 73
[18613] = CNOT 21 74
[18614] = Z 21
[18615] = CNOT 21 74
[18616] = CNOT 21 75
[18617] = Z 21
[18618] = CNOT 21 75
[18619] = CNOT 21 79
[18620] = Z 21
[18621] = CNOT 21 79
[18622] = CNOT 21 82
[18623] = Z 21
[18624] = CNOT 21 82
[18625] = CNOT 21 22
[18626] = CNOT 21 23
[18627] = CNOT 21 30
[18628] = Z 21
[18629] = CNOT 21 30
[18630] = CNOT 21 35
[18631] = Z 21
[18632] = CNOT 21 35
[18633] = CNOT 21 36
[18634] = Z 21
[18635] = CNOT 21 36
[18636] = CNOT 21 45
[18637] = Z 21
[18638] = CNOT 21 45
[18639] = CNOT 21 55
[18640] = Z 21
[18641] = CNOT 21 55
[18642] = CNOT 21 56
[18643] = Z 21
[18644] = CNOT 21 56
[18645] = CNOT 21 65
[18646] = Z 21
[18647] = CNOT 21 65
[18648] = CNOT 21 73
[18649] = Z 21
[18650] = CNOT 21 73
[18651] = CNOT 21 74
[18652] = Z 21
[18653] = CNOT 21 74
[18654] = CNOT 21 75
[18655] = Z 21
[18656] = CNOT 21 75
[18657] = CNOT 21 79
[18658] = Z 21
[18659] = CNOT 21 79
[18660] = CNOT 21 82
[18661] = Z 21
[18662] = CNOT 21 82
[18663] = CNOT 21 23
[18664] = CNOT 21 26
[18665] = CNOT 21 30
[18666] = S 21
[18667] = Z 21
[18668] = CNOT 21 30
[18669] = CNOT 21 55
[18670] = S 21
[18671] = Z 21
[18672] = CNOT 21 55
[18673] = CNOT 21 65
[18674] = S 21
[18675] = Z 21
[18676] = CNOT 21 65
[18677] = CNOT 21 74
[18678] = S 21
[18679] = Z 21
[18680] = CNOT 21 74
[18681] = CNOT 21 75
[18682] = S 21
[18683] = Z 21
[18684] = CNOT 21 75
[18685] = CNOT 21 79
[18686] = S 21
[18687] = Z 21
[18688] = CNOT 21 79
[18689] = CNOT 21 26
[18690] = CNOT 21 27
[18691] = CNOT 21 30
[18692] = S 21
[18693] = Z 21
[18694] = CNOT 21 30
[18695] = CNOT 21 55
[18696] = S 21
[18697] = Z 21
[18698] = CNOT 21 55
[18699] = CNOT 21 65
[18700] = S 21
[18701] = Z 21
[18702] = CNOT 21 65
[18703] = CNOT 21 74
[18704] = S 21
[18705] = Z 21
[18706] = CNOT 21 74
[18707] = CNOT 21 75
[18708] = S 21
[18709] = Z 21
[18710] = CNOT 21 75
[18711] = CNOT 21 79
[18712] = S 21
[18713] = Z 21
[18714] = CNOT 21 79
[18715] = CNOT 21 27
[18716] = CNOT 21 30
[18717] = CNOT 21 35
[18718] = Z 21
[18719] = CNOT 21 35
[18720] = CNOT 21 36
[18721] = Z 21
[18722] = CNOT 21 36
[18723] = CNOT 21 45
[18724] = Z 21
[18725] = CNOT 21 45
[18726] = CNOT 21 56
[18727] = Z 21
[18728] = CNOT 21 56
[18729] = CNOT 21 73
[18730] = Z 21
[18731] = CNOT 21 73
[18732] = CNOT 21 82
[18733] = Z 21
[18734] = CNOT 21 82
[18735] = CNOT 21 30
[18736] = CNOT 21 35
[18737] = CNOT 21 36
[18738] = Z 21
[18739] = CNOT 21 36
[18740] = CNOT 21 45
[18741] = Z 21
[18742] = CNOT 21 45
[18743] = CNOT 21 55
[18744] = Z 21
[18745] = CNOT 21 55
[18746] = CNOT 21 56
[18747] = Z 21
[18748] = CNOT 21 56
[18749] = CNOT 21 65
[18750] = Z 21
[18751] = CNOT 21 65
[18752] = CNOT 21 73
[18753] = Z 21
[18754] = CNOT 21 73
[18755] = CNOT 21 74
[18756] = Z 21
[18757] = CNOT 21 74
[18758] = CNOT 21 75
[18759] = Z 21
[18760] = CNOT 21 75
[18761] = CNOT 21 79
[18762] = Z 21
[18763] = CNOT 21 79
[18764] = CNOT 21 82
[18765] = Z 21
[18766] = CNOT 21 82
[18767] = CNOT 21 35
[18768] = CNOT 21 36
[18769] = CNOT 21 45
[18770] = Z 21
[18771] = CNOT 21 45
[18772] = CNOT 21 55
[18773] = Z 21
[18774] = CNOT 21 55
[18775] = CNOT 21 56
[18776] = Z 21
[18777] = CNOT 21 56
[18778] = CNOT 21 65
[18779] = Z 21
[18780] = CNOT 21 65
[18781] = CNOT 21 73
[18782] = Z 21
[18783] = CNOT 21 73
[18784] = CNOT 21 74
[18785] = Z 21
[18786] = CNOT 21 74
[18787] = CNOT 21 75
[18788] = Z 21
[18789] = CNOT 21 75
[18790] = CNOT 21 79
[18791] = Z 21
[18792] = CNOT 21 79
[18793] = CNOT 21 82
[18794] = Z 21
[18795] = CNOT 21 82
[18796] = CNOT 21 36
[18797] = CNOT 21 45
[18798] = CNOT 21 55
[18799] = Z 21
[18800] = CNOT 21 55
[18801] = CNOT 21 56
[18802] = Z 21
[18803] = CNOT 21 56
[18804] = CNOT 21 65
[18805] = Z 21
[18806] = CNOT 21 65
[18807] = CNOT 21 73
[18808] = Z 21
[18809] = CNOT 21 73
[18810] = CNOT 21 74
[18811] = Z 21
[18812] = CNOT 21 74
[18813] = CNOT 21 75
[18814] = Z 21
[18815] = CNOT 21 75
[18816] = CNOT 21 79
[18817] = Z 21
[18818] = CNOT 21 79
[18819] = CNOT 21 82
[18820] = Z 21
[18821] = CNOT 21 82
[18822] = CNOT 21 45
[18823] = CNOT 21 55
[18824] = CNOT 21 56
[18825] = Z 21
[18826] = CNOT 21 56
[18827] = CNOT 21 73
[18828] = Z 21
[18829] = CNOT 21 73
[18830] = CNOT 21 82
[18831] = Z 21
[18832] = CNOT 21 82
[18833] = CNOT 21 55
[18834] = CNOT 21 56
[18835] = CNOT 21 65
[18836] = Z 21
[18837] = CNOT 21 65
[18838] = CNOT 21 73
[18839] = Z 21
[18840] = CNOT 21 73
[18841] = CNOT 21 74
[18842] = Z 21
[18843] = CNOT 21 74
[18844] = CNOT 21 75
[18845] = Z 21
[18846] = CNOT 21 75
[18847] = CNOT 21 79
[18848] = Z 21
[18849] = CNOT 21 79
[18850] = CNOT 21 82
[18851] = Z 21
[18852] = CNOT 21 82
[18853] = CNOT 21 56
[18854] = CNOT 21 65
[18855] = CNOT 21 73
[18856] = Z 21
[18857] = CNOT 21 73
[18858] = CNOT 21 82
[18859] = Z 21
[18860] = CNOT 21 82
[18861] = CNOT 21 65
[18862] = CNOT 21 73
[18863] = CNOT 21 74
[18864] = Z 21
[18865] = CNOT 21 74
[18866] = CNOT 21 75
[18867] = Z 21
[18868] = CNOT 21 75
[18869] = CNOT 21 79
[18870] = Z 21
[18871] = CNOT 21 79
[18872] = CNOT 21 82
[18873] = Z 21
[18874] = CNOT 21 73
[18875] = CNOT 21 74
[18876] = Z 21
[18877] = CNOT 21 74
[18878] = CNOT 21 75
[18879] = Z 21
[18880] = CNOT 21 75
[18881] = CNOT 21 79
[18882] = Z 21
[18883] = CNOT 21 82
[18884] = CNOT 21 79
[18885] = CNOT 22 30
[18886] = CNOT 22 35
[18887] = Z 22
[18888] = CNOT 22 35
[18889] = CNOT 22 36
[18890] = Z 22
[18891] = CNOT 22 36
[18892] = CNOT 22 45
[18893] = Z 22
[18894] = CNOT 22 45
[18895] = CNOT 22 55
[18896] = Z 22
[18897] = CNOT 22 55
[18898] = CNOT 22 56
[18899] = Z 22
[18900] = CNOT 22 56
[18901] = CNOT 22 65
[18902] = Z 22
[18903] = CNOT 22 65
[18904] = CNOT 22 73
[18905] = Z 22
[18906] = CNOT 22 73
[18907] = CNOT 22 74
[18908] = Z 22
[18909] = CNOT 22 74
[18910] = CNOT 22 75
[18911] = Z 22
[18912] = CNOT 22 75
[18913] = CNOT 22 79
[18914] = Z 22
[18915] = CNOT 22 79
[18916] = CNOT 22 82
[18917] = Z 22
[18918] = CNOT 22 82
[18919] = CNOT 22 30
[18920] = CNOT 22 35
[18921] = CNOT 22 36
[18922] = Z 22
[18923] = CNOT 22 36
[18924] = CNOT 22 45
[18925] = Z 22
[18926] = CNOT 22 45
[18927] = CNOT 22 55
[18928] = Z 22
[18929] = CNOT 22 55
[18930] = CNOT 22 56
[18931] = Z 22
[18932] = CNOT 22 56
[18933] = CNOT 22 65
[18934] = Z 22
[18935] = CNOT 22 65
[18936] = CNOT 22 73
[18937] = Z 22
[18938] = CNOT 22 73
[18939] = CNOT 22 74
[18940] = Z 22
[18941] = CNOT 22 74
[18942] = CNOT 22 75
[18943] = Z 22
[18944] = CNOT 22 75
[18945] = CNOT 22 79
[18946] = Z 22
[18947] = CNOT 22 79
[18948] = CNOT 22 82
[18949] = Z 22
[18950] = CNOT 22 82
[18951] = CNOT 22 35
[18952] = CNOT 22 36
[18953] = CNOT 22 53
[18954] = Z 22
[18955] = CNOT 22 53
[18956] = CNOT 22 54
[18957] = Z 22
[18958] = CNOT 22 54
[18959] = CNOT 22 65
[18960] = Z 22
[18961] = CNOT 22 65
[18962] = CNOT 22 36
[18963] = CNOT 22 45
[18964] = CNOT 22 53
[18965] = Z 22
[18966] = CNOT 22 53
[18967] = CNOT 22 54
[18968] = Z 22
[18969] = CNOT 22 54
[18970] = CNOT 22 65
[18971] = Z 22
[18972] = CNOT 22 65
[18973] = CNOT 22 45
[18974] = CNOT 22 53
[18975] = CNOT 22 54
[18976] = Z 22
[18977] = CNOT 22 54
[18978] = CNOT 22 55
[18979] = Z 22
[18980] = CNOT 22 55
[18981] = CNOT 22 56
[18982] = Z 22
[18983] = CNOT 22 56
[18984] = CNOT 22 73
[18985] = Z 22
[18986] = CNOT 22 73
[18987] = CNOT 22 74
[18988] = Z 22
[18989] = CNOT 22 74
[18990] = CNOT 22 75
[18991] = Z 22
[18992] = CNOT 22 75
[18993] = CNOT 22 79
[18994] = Z 22
[18995] = CNOT 22 79
[18996] = CNOT 22 82
[18997] = Z 22
[18998] = CNOT 22 82
[18999] = CNOT 22 53
[19000] = CNOT 22 54
[19001] = CNOT 22 55
[19002] = Z 22
[19003] = CNOT 22 55
[19004] = CNOT 22 56
[19005] = Z 22
[19006] = CNOT 22 56
[19007] = CNOT 22 73
[19008] = Z 22
[19009] = CNOT 22 73
[19010] = CNOT 22 74
[19011] = Z 22
[19012] = CNOT 22 74
[19013] = CNOT 22 75
[19014] = Z 22
[19015] = CNOT 22 75
[19016] = CNOT 22 79
[19017] = Z 22
[19018] = CNOT 22 79
[19019] = CNOT 22 82
[19020] = Z 22
[19021] = CNOT 22 82
[19022] = CNOT 22 54
[19023] = CNOT 22 55
[19024] = CNOT 22 65
[19025] = Z 22
[19026] = CNOT 22 55
[19027] = CNOT 22 56
[19028] = Z 22
[19029] = CNOT 22 56
[19030] = CNOT 22 73
[19031] = Z 22
[19032] = CNOT 22 73
[19033] = CNOT 22 74
[19034] = Z 22
[19035] = CNOT 22 74
[19036] = CNOT 22 75
[19037] = Z 22
[19038] = CNOT 22 75
[19039] = CNOT 22 79
[19040] = Z 22
[19041] = CNOT 22 79
[19042] = CNOT 22 82
[19043] = Z 22
[19044] = CNOT 22 82
[19045] = CNOT 22 65
[19046] = CNOT 24 25
[19047] = CNOT 24 27
[19048] = S 24
[19049] = Z 24
[19050] = CNOT 24 27
[19051] = CNOT 24 32
[19052] = S 24
[19053] = Z 24
[19054] = CNOT 24 32
[19055] = CNOT 24 35
[19056] = S 24
[19057] = Z 24
[19058] = CNOT 24 35
[19059] = CNOT 24 53
[19060] = S 24
[19061] = Z 24
[19062] = CNOT 24 53
[19063] = CNOT 24 55
[19064] = S 24
[19065] = Z 24
[19066] = CNOT 24 55
[19067] = CNOT 24 65
[19068] = S 24
[19069] = Z 24
[19070] = CNOT 24 65
[19071] = CNOT 24 74
[19072] = S 24
[19073] = Z 24
[19074] = CNOT 24 74
[19075] = CNOT 24 75
[19076] = S 24
[19077] = Z 24
[19078] = CNOT 24 75
[19079] = CNOT 24 79
[19080] = S 24
[19081] = Z 24
[19082] = CNOT 24 79
[19083] = CNOT 24 25
[19084] = CNOT 24 27
[19085] = CNOT 24 28
[19086] = S 24
[19087] = Z 24
[19088] = CNOT 24 28
[19089] = CNOT 24 32
[19090] = S 24
[19091] = CNOT 24 32
[19092] = CNOT 24 35
[19093] = S 24
[19094] = CNOT 24 35
[19095] = CNOT 24 53
[19096] = S 24
[19097] = CNOT 24 53
[19098] = CNOT 24 55
[19099] = S 24
[19100] = CNOT 24 55
[19101] = CNOT 24 65
[19102] = S 24
[19103] = CNOT 24 65
[19104] = CNOT 24 74
[19105] = S 24
[19106] = CNOT 24 74
[19107] = CNOT 24 75
[19108] = S 24
[19109] = CNOT 24 75
[19110] = CNOT 24 79
[19111] = S 24
[19112] = CNOT 24 79
[19113] = CNOT 24 27
[19114] = CNOT 24 28
[19115] = CNOT 24 32
[19116] = S 24
[19117] = Z 24
[19118] = CNOT 24 32
[19119] = CNOT 24 35
[19120] = S 24
[19121] = Z 24
[19122] = CNOT 24 35
[19123] = CNOT 24 53
[19124] = S 24
[19125] = Z 24
[19126] = CNOT 24 53
[19127] = CNOT 24 55
[19128] = S 24
[19129] = Z 24
[19130] = CNOT 24 55
[19131] = CNOT 24 65
[19132] = S 24
[19133] = Z 24
[19134] = CNOT 24 65
[19135] = CNOT 24 74
[19136] = S 24
[19137] = Z 24
[19138] = CNOT 24 74
[19139] = CNOT 24 75
[19140] = S 24
[19141] = Z 24
[19142] = CNOT 24 75
[19143] = CNOT 24 79
[19144] = S 24
[19145] = Z 24
[19146] = CNOT 24 79
[19147] = CNOT 24 28
[19148] = CNOT 24 32
[19149] = CNOT 24 35
[19150] = S 24
[19151] = CNOT 24 35
[19152] = CNOT 24 53
[19153] = S 24
[19154] = CNOT 24 53
[19155] = CNOT 24 55
[19156] = S 24
[19157] = CNOT 24 55
[19158] = CNOT 24 65
[19159] = S 24
[19160] = CNOT 24 65
[19161] = CNOT 24 74
[19162] = S 24
[19163] = CNOT 24 74
[19164] = CNOT 24 75
[19165] = S 24
[19166] = CNOT 24 75
[19167] = CNOT 24 79
[19168] = S 24
[19169] = CNOT 24 79
[19170] = CNOT 24 32
[19171] = CNOT 24 35
[19172] = CNOT 24 53
[19173] = S 24
[19174] = CNOT 24 53
[19175] = CNOT 24 55
[19176] = S 24
[19177] = CNOT 24 55
[19178] = CNOT 24 65
[19179] = S 24
[19180] = CNOT 24 65
[19181] = CNOT 24 74
[19182] = S 24
[19183] = CNOT 24 74
[19184] = CNOT 24 75
[19185] = S 24
[19186] = CNOT 24 75
[19187] = CNOT 24 79
[19188] = S 24
[19189] = CNOT 24 79
[19190] = CNOT 24 35
[19191] = CNOT 24 53
[19192] = CNOT 24 55
[19193] = S 24
[19194] = CNOT 24 55
[19195] = CNOT 24 65
[19196] = S 24
[19197] = CNOT 24 65
[19198] = CNOT 24 74
[19199] = S 24
[19200] = CNOT 24 74
[19201] = CNOT 24 75
[19202] = S 24
[19203] = CNOT 24 75
[19204] = CNOT 24 79
[19205] = S 24
[19206] = CNOT 24 79
[19207] = CNOT 24 53
[19208] = CNOT 24 55
[19209] = CNOT 24 65
[19210] = S 24
[19211] = CNOT 24 65
[19212] = CNOT 24 74
[19213] = S 24
[19214] = CNOT 24 74
[19215] = CNOT 24 75
[19216] = S 24
[19217] = CNOT 24 75
[19218] = CNOT 24 79
[19219] = S 24
[19220] = CNOT 24 79
[19221] = CNOT 24 55
[19222] = CNOT 24 65
[19223] = CNOT 24 74
[19224] = S 24
[19225] = CNOT 24 74
[19226] = CNOT 24 75
[19227] = S 24
[19228] = CNOT 24 75
[19229] = CNOT 24 79
[19230] = S 24
[19231] = CNOT 24 79
[19232] = CNOT 24 65
[19233] = CNOT 24 74
[19234] = CNOT 24 75
[19235] = S 24
[19236] = CNOT 24 75
[19237] = CNOT 24 79
[19238] = S 24
[19239] = CNOT 24 74
[19240] = CNOT 24 75
[19241] = S 24
[19242] = CNOT 24 79
[19243] = CNOT 24 75
[19244] = CNOT 25 27
[19245] = CNOT 25 32
[19246] = Z 25
[19247] = CNOT 25 32
[19248] = CNOT 25 35
[19249] = Z 25
[19250] = CNOT 25 35
[19251] = CNOT 25 53
[19252] = Z 25
[19253] = CNOT 25 53
[19254] = CNOT 25 55
[19255] = Z 25
[19256] = CNOT 25 55
[19257] = CNOT 25 65
[19258] = Z 25
[19259] = CNOT 25 65
[19260] = CNOT 25 74
[19261] = Z 25
[19262] = CNOT 25 74
[19263] = CNOT 25 75
[19264] = Z 25
[19265] = CNOT 25 75
[19266] = CNOT 25 79
[19267] = Z 25
[19268] = CNOT 25 79
[19269] = CNOT 25 27
[19270] = CNOT 25 32
[19271] = CNOT 25 35
[19272] = Z 25
[19273] = CNOT 25 35
[19274] = CNOT 25 53
[19275] = Z 25
[19276] = CNOT 25 53
[19277] = CNOT 25 55
[19278] = Z 25
[19279] = CNOT 25 55
[19280] = CNOT 25 65
[19281] = Z 25
[19282] = CNOT 25 65
[19283] = CNOT 25 74
[19284] = Z 25
[19285] = CNOT 25 74
[19286] = CNOT 25 75
[19287] = Z 25
[19288] = CNOT 25 75
[19289] = CNOT 25 79
[19290] = Z 25
[19291] = CNOT 25 79
[19292] = CNOT 25 32
[19293] = CNOT 25 35
[19294] = CNOT 25 53
[19295] = Z 25
[19296] = CNOT 25 53
[19297] = CNOT 25 55
[19298] = Z 25
[19299] = CNOT 25 55
[19300] = CNOT 25 65
[19301] = Z 25
[19302] = CNOT 25 65
[19303] = CNOT 25 74
[19304] = Z 25
[19305] = CNOT 25 74
[19306] = CNOT 25 75
[19307] = Z 25
[19308] = CNOT 25 75
[19309] = CNOT 25 79
[19310] = Z 25
[19311] = CNOT 25 79
[19312] = CNOT 25 35
[19313] = CNOT 25 53
[19314] = CNOT 25 55
[19315] = Z 25
[19316] = CNOT 25 55
[19317] = CNOT 25 65
[19318] = Z 25
[19319] = CNOT 25 65
[19320] = CNOT 25 74
[19321] = Z 25
[19322] = CNOT 25 74
[19323] = CNOT 25 75
[19324] = Z 25
[19325] = CNOT 25 75
[19326] = CNOT 25 79
[19327] = Z 25
[19328] = CNOT 25 79
[19329] = CNOT 25 53
[19330] = CNOT 25 55
[19331] = CNOT 25 65
[19332] = Z 25
[19333] = CNOT 25 65
[19334] = CNOT 25 74
[19335] = Z 25
[19336] = CNOT 25 74
[19337] = CNOT 25 75
[19338] = Z 25
[19339] = CNOT 25 75
[19340] = CNOT 25 79
[19341] = Z 25
[19342] = CNOT 25 79
[19343] = CNOT 25 55
[19344] = CNOT 25 65
[19345] = CNOT 25 74
[19346] = Z 25
[19347] = CNOT 25 74
[19348] = CNOT 25 75
[19349] = Z 25
[19350] = CNOT 25 75
[19351] = CNOT 25 79
[19352] = Z 25
[19353] = CNOT 25 79
[19354] = CNOT 25 65
[19355] = CNOT 25 74
[19356] = CNOT 25 75
[19357] = Z 25
[19358] = CNOT 25 75
[19359] = CNOT 25 79
[19360] = Z 25
[19361] = CNOT 25 74
[19362] = CNOT 25 75
[19363] = Z 25
[19364] = CNOT 25 79
[19365] = CNOT 25 75
[19366] = CNOT 26 27
[19367] = CNOT 26 32
[19368] = S 26
[19369] = Z 26
[19370] = CNOT 26 32
[19371] = CNOT 26 33
[19372] = S 26
[19373] = Z 26
[19374] = CNOT 26 33
[19375] = CNOT 26 35
[19376] = S 26
[19377] = Z 26
[19378] = CNOT 26 35
[19379] = CNOT 26 37
[19380] = S 26
[19381] = Z 26
[19382] = CNOT 26 37
[19383] = CNOT 26 40
[19384] = S 26
[19385] = Z 26
[19386] = CNOT 26 40
[19387] = CNOT 26 42
[19388] = S 26
[19389] = Z 26
[19390] = CNOT 26 42
[19391] = CNOT 26 44
[19392] = S 26
[19393] = Z 26
[19394] = CNOT 26 44
[19395] = CNOT 26 46
[19396] = S 26
[19397] = Z 26
[19398] = CNOT 26 46
[19399] = CNOT 26 49
[19400] = S 26
[19401] = Z 26
[19402] = CNOT 26 49
[19403] = CNOT 26 51
[19404] = S 26
[19405] = Z 26
[19406] = CNOT 26 51
[19407] = CNOT 26 55
[19408] = Z 26
[19409] = CNOT 26 55
[19410] = CNOT 26 65
[19411] = Z 26
[19412] = CNOT 26 65
[19413] = CNOT 26 74
[19414] = Z 26
[19415] = CNOT 26 74
[19416] = CNOT 26 75
[19417] = Z 26
[19418] = CNOT 26 75
[19419] = CNOT 26 79
[19420] = Z 26
[19421] = CNOT 26 79
[19422] = CNOT 26 27
[19423] = CNOT 26 30
[19424] = CNOT 26 55
[19425] = S 26
[19426] = Z 26
[19427] = CNOT 26 55
[19428] = CNOT 26 65
[19429] = S 26
[19430] = Z 26
[19431] = CNOT 26 65
[19432] = CNOT 26 74
[19433] = S 26
[19434] = Z 26
[19435] = CNOT 26 74
[19436] = CNOT 26 75
[19437] = S 26
[19438] = Z 26
[19439] = CNOT 26 75
[19440] = CNOT 26 79
[19441] = S 26
[19442] = Z 26
[19443] = CNOT 26 79
[19444] = CNOT 26 30
[19445] = CNOT 26 32
[19446] = CNOT 26 35
[19447] = S 26
[19448] = Z 26
[19449] = CNOT 26 35
[19450] = CNOT 26 37
[19451] = S 26
[19452] = Z 26
[19453] = CNOT 26 37
[19454] = CNOT 26 40
[19455] = S 26
[19456] = Z 26
[19457] = CNOT 26 40
[19458] = CNOT 26 42
[19459] = S 26
[19460] = Z 26
[19461] = CNOT 26 42
[19462] = CNOT 26 44
[19463] = S 26
[19464] = Z 26
[19465] = CNOT 26 44
[19466] = CNOT 26 46
[19467] = S 26
[19468] = Z 26
[19469] = CNOT 26 46
[19470] = CNOT 26 49
[19471] = S 26
[19472] = Z 26
[19473] = CNOT 26 49
[19474] = CNOT 26 51
[19475] = S 26
[19476] = Z 26
[19477] = CNOT 26 51
[19478] = CNOT 26 55
[19479] = S 26
[19480] = Z 26
[19481] = CNOT 26 55
[19482] = CNOT 26 65
[19483] = S 26
[19484] = Z 26
[19485] = CNOT 26 65
[19486] = CNOT 26 74
[19487] = S 26
[19488] = Z 26
[19489] = CNOT 26 74
[19490] = CNOT 26 75
[19491] = S 26
[19492] = Z 26
[19493] = CNOT 26 75
[19494] = CNOT 26 79
[19495] = S 26
[19496] = Z 26
[19497] = CNOT 26 79
[19498] = CNOT 26 32
[19499] = CNOT 26 33
[19500] = CNOT 26 55
[19501] = S 26
[19502] = Z 26
[19503] = CNOT 26 55
[19504] = CNOT 26 65
[19505] = S 26
[19506] = Z 26
[19507] = CNOT 26 65
[19508] = CNOT 26 74
[19509] = S 26
[19510] = Z 26
[19511] = CNOT 26 74
[19512] = CNOT 26 75
[19513] = S 26
[19514] = Z 26
[19515] = CNOT 26 75
[19516] = CNOT 26 79
[19517] = S 26
[19518] = Z 26
[19519] = CNOT 26 79
[19520] = CNOT 26 33
[19521] = CNOT 26 34
[19522] = CNOT 26 43
[19523] = S 26
[19524] = Z 26
[19525] = CNOT 26 43
[19526] = CNOT 26 56
[19527] = S 26
[19528] = Z 26
[19529] = CNOT 26 56
[19530] = CNOT 26 62
[19531] = S 26
[19532] = Z 26
[19533] = CNOT 26 62
[19534] = CNOT 26 65
[19535] = S 26
[19536] = Z 26
[19537] = CNOT 26 65
[19538] = CNOT 26 68
[19539] = S 26
[19540] = Z 26
[19541] = CNOT 26 68
[19542] = CNOT 26 72
[19543] = S 26
[19544] = Z 26
[19545] = CNOT 26 72
[19546] = CNOT 26 74
[19547] = S 26
[19548] = Z 26
[19549] = CNOT 26 74
[19550] = CNOT 26 75
[19551] = S 26
[19552] = Z 26
[19553] = CNOT 26 75
[19554] = CNOT 26 79
[19555] = S 26
[19556] = Z 26
[19557] = CNOT 26 79
[19558] = CNOT 26 81
[19559] = S 26
[19560] = Z 26
[19561] = CNOT 26 81
[19562] = CNOT 26 82
[19563] = S 26
[19564] = Z 26
[19565] = CNOT 26 82
[19566] = CNOT 26 86
[19567] = S 26
[19568] = Z 26
[19569] = CNOT 26 86
[19570] = CNOT 26 91
[19571] = S 26
[19572] = Z 26
[19573] = CNOT 26 91
[19574] = CNOT 26 34
[19575] = CNOT 26 35
[19576] = CNOT 26 53
[19577] = S 26
[19578] = Z 26
[19579] = CNOT 26 53
[19580] = CNOT 26 55
[19581] = S 26
[19582] = Z 26
[19583] = CNOT 26 55
[19584] = CNOT 26 65
[19585] = S 26
[19586] = Z 26
[19587] = CNOT 26 65
[19588] = CNOT 26 74
[19589] = S 26
[19590] = Z 26
[19591] = CNOT 26 74
[19592] = CNOT 26 75
[19593] = S 26
[19594] = Z 26
[19595] = CNOT 26 75
[19596] = CNOT 26 79
[19597] = S 26
[19598] = Z 26
[19599] = CNOT 26 79
[19600] = CNOT 26 35
[19601] = CNOT 26 37
[19602] = CNOT 26 53
[19603] = S 26
[19604] = Z 26
[19605] = CNOT 26 53
[19606] = CNOT 26 55
[19607] = S 26
[19608] = Z 26
[19609] = CNOT 26 55
[19610] = CNOT 26 65
[19611] = S 26
[19612] = Z 26
[19613] = CNOT 26 65
[19614] = CNOT 26 74
[19615] = S 26
[19616] = Z 26
[19617] = CNOT 26 74
[19618] = CNOT 26 75
[19619] = S 26
[19620] = Z 26
[19621] = CNOT 26 75
[19622] = CNOT 26 79
[19623] = S 26
[19624] = Z 26
[19625] = CNOT 26 79
[19626] = CNOT 26 37
[19627] = CNOT 26 40
[19628] = CNOT 26 53
[19629] = S 26
[19630] = Z 26
[19631] = CNOT 26 53
[19632] = CNOT 26 55
[19633] = S 26
[19634] = Z 26
[19635] = CNOT 26 55
[19636] = CNOT 26 65
[19637] = S 26
[19638] = Z 26
[19639] = CNOT 26 65
[19640] = CNOT 26 74
[19641] = S 26
[19642] = Z 26
[19643] = CNOT 26 74
[19644] = CNOT 26 75
[19645] = S 26
[19646] = Z 26
[19647] = CNOT 26 75
[19648] = CNOT 26 79
[19649] = S 26
[19650] = Z 26
[19651] = CNOT 26 79
[19652] = CNOT 26 40
[19653] = CNOT 26 42
[19654] = CNOT 26 53
[19655] = S 26
[19656] = Z 26
[19657] = CNOT 26 53
[19658] = CNOT 26 55
[19659] = S 26
[19660] = Z 26
[19661] = CNOT 26 55
[19662] = CNOT 26 65
[19663] = S 26
[19664] = Z 26
[19665] = CNOT 26 65
[19666] = CNOT 26 74
[19667] = S 26
[19668] = Z 26
[19669] = CNOT 26 74
[19670] = CNOT 26 75
[19671] = S 26
[19672] = Z 26
[19673] = CNOT 26 75
[19674] = CNOT 26 79
[19675] = S 26
[19676] = Z 26
[19677] = CNOT 26 79
[19678] = CNOT 26 42
[19679] = CNOT 26 43
[19680] = CNOT 26 56
[19681] = Z 26
[19682] = CNOT 26 56
[19683] = CNOT 26 62
[19684] = Z 26
[19685] = CNOT 26 62
[19686] = CNOT 26 65
[19687] = Z 26
[19688] = CNOT 26 65
[19689] = CNOT 26 68
[19690] = Z 26
[19691] = CNOT 26 68
[19692] = CNOT 26 72
[19693] = Z 26
[19694] = CNOT 26 72
[19695] = CNOT 26 74
[19696] = Z 26
[19697] = CNOT 26 74
[19698] = CNOT 26 75
[19699] = Z 26
[19700] = CNOT 26 75
[19701] = CNOT 26 79
[19702] = Z 26
[19703] = CNOT 26 79
[19704] = CNOT 26 81
[19705] = Z 26
[19706] = CNOT 26 81
[19707] = CNOT 26 82
[19708] = Z 26
[19709] = CNOT 26 82
[19710] = CNOT 26 86
[19711] = Z 26
[19712] = CNOT 26 86
[19713] = CNOT 26 91
[19714] = Z 26
[19715] = CNOT 26 91
[19716] = CNOT 26 43
[19717] = CNOT 26 44
[19718] = CNOT 26 53
[19719] = S 26
[19720] = Z 26
[19721] = CNOT 26 53
[19722] = CNOT 26 55
[19723] = S 26
[19724] = Z 26
[19725] = CNOT 26 55
[19726] = CNOT 26 65
[19727] = S 26
[19728] = Z 26
[19729] = CNOT 26 65
[19730] = CNOT 26 74
[19731] = S 26
[19732] = Z 26
[19733] = CNOT 26 74
[19734] = CNOT 26 75
[19735] = S 26
[19736] = Z 26
[19737] = CNOT 26 75
[19738] = CNOT 26 79
[19739] = S 26
[19740] = Z 26
[19741] = CNOT 26 79
[19742] = CNOT 26 44
[19743] = CNOT 26 46
[19744] = CNOT 26 53
[19745] = S 26
[19746] = Z 26
[19747] = CNOT 26 53
[19748] = CNOT 26 55
[19749] = S 26
[19750] = Z 26
[19751] = CNOT 26 55
[19752] = CNOT 26 65
[19753] = S 26
[19754] = Z 26
[19755] = CNOT 26 65
[19756] = CNOT 26 74
[19757] = S 26
[19758] = Z 26
[19759] = CNOT 26 74
[19760] = CNOT 26 75
[19761] = S 26
[19762] = Z 26
[19763] = CNOT 26 75
[19764] = CNOT 26 79
[19765] = S 26
[19766] = Z 26
[19767] = CNOT 26 79
[19768] = CNOT 26 46
[19769] = CNOT 26 49
[19770] = CNOT 26 53
[19771] = S 26
[19772] = Z 26
[19773] = CNOT 26 53
[19774] = CNOT 26 55
[19775] = S 26
[19776] = Z 26
[19777] = CNOT 26 55
[19778] = CNOT 26 65
[19779] = S 26
[19780] = Z 26
[19781] = CNOT 26 65
[19782] = CNOT 26 74
[19783] = S 26
[19784] = Z 26
[19785] = CNOT 26 74
[19786] = CNOT 26 75
[19787] = S 26
[19788] = Z 26
[19789] = CNOT 26 75
[19790] = CNOT 26 79
[19791] = S 26
[19792] = Z 26
[19793] = CNOT 26 79
[19794] = CNOT 26 49
[19795] = CNOT 26 51
[19796] = CNOT 26 55
[19797] = S 26
[19798] = Z 26
[19799] = CNOT 26 55
[19800] = CNOT 26 65
[19801] = S 26
[19802] = Z 26
[19803] = CNOT 26 65
[19804] = CNOT 26 74
[19805] = S 26
[19806] = Z 26
[19807] = CNOT 26 74
[19808] = CNOT 26 75
[19809] = S 26
[19810] = Z 26
[19811] = CNOT 26 75
[19812] = CNOT 26 79
[19813] = S 26
[19814] = Z 26
[19815] = CNOT 26 79
[19816] = CNOT 26 51
[19817] = CNOT 26 55
[19818] = CNOT 26 65
[19819] = S 26
[19820] = CNOT 26 65
[19821] = CNOT 26 74
[19822] = S 26
[19823] = CNOT 26 74
[19824] = CNOT 26 75
[19825] = S 26
[19826] = CNOT 26 75
[19827] = CNOT 26 79
[19828] = S 26
[19829] = CNOT 26 79
[19830] = CNOT 26 55
[19831] = CNOT 26 56
[19832] = CNOT 26 62
[19833] = Z 26
[19834] = CNOT 26 62
[19835] = CNOT 26 65
[19836] = Z 26
[19837] = CNOT 26 65
[19838] = CNOT 26 68
[19839] = Z 26
[19840] = CNOT 26 68
[19841] = CNOT 26 72
[19842] = Z 26
[19843] = CNOT 26 72
[19844] = CNOT 26 74
[19845] = Z 26
[19846] = CNOT 26 74
[19847] = CNOT 26 75
[19848] = Z 26
[19849] = CNOT 26 75
[19850] = CNOT 26 79
[19851] = Z 26
[19852] = CNOT 26 79
[19853] = CNOT 26 81
[19854] = Z 26
[19855] = CNOT 26 81
[19856] = CNOT 26 82
[19857] = Z 26
[19858] = CNOT 26 82
[19859] = CNOT 26 86
[19860] = Z 26
[19861] = CNOT 26 86
[19862] = CNOT 26 91
[19863] = Z 26
[19864] = CNOT 26 91
[19865] = CNOT 26 56
[19866] = CNOT 26 62
[19867] = CNOT 26 65
[19868] = Z 26
[19869] = CNOT 26 65
[19870] = CNOT 26 68
[19871] = Z 26
[19872] = CNOT 26 68
[19873] = CNOT 26 72
[19874] = Z 26
[19875] = CNOT 26 72
[19876] = CNOT 26 74
[19877] = Z 26
[19878] = CNOT 26 74
[19879] = CNOT 26 75
[19880] = Z 26
[19881] = CNOT 26 75
[19882] = CNOT 26 79
[19883] = Z 26
[19884] = CNOT 26 79
[19885] = CNOT 26 81
[19886] = Z 26
[19887] = CNOT 26 81
[19888] = CNOT 26 82
[19889] = Z 26
[19890] = CNOT 26 82
[19891] = CNOT 26 86
[19892] = Z 26
[19893] = CNOT 26 86
[19894] = CNOT 26 91
[19895] = Z 26
[19896] = CNOT 26 91
[19897] = CNOT 26 62
[19898] = CNOT 26 65
[19899] = CNOT 26 68
[19900] = Z 26
[19901] = CNOT 26 68
[19902] = CNOT 26 72
[19903] = Z 26
[19904] = CNOT 26 72
[19905] = CNOT 26 74
[19906] = S 26
[19907] = Z 26
[19908] = CNOT 26 74
[19909] = CNOT 26 75
[19910] = S 26
[19911] = Z 26
[19912] = CNOT 26 75
[19913] = CNOT 26 79
[19914] = S 26
[19915] = Z 26
[19916] = CNOT 26 79
[19917] = CNOT 26 81
[19918] = Z 26
[19919] = CNOT 26 81
[19920] = CNOT 26 82
[19921] = Z 26
[19922] = CNOT 26 82
[19923] = CNOT 26 86
[19924] = Z 26
[19925] = CNOT 26 86
[19926] = CNOT 26 91
[19927] = Z 26
[19928] = CNOT 26 91
[19929] = CNOT 26 65
[19930] = CNOT 26 68
[19931] = CNOT 26 72
[19932] = Z 26
[19933] = CNOT 26 72
[19934] = CNOT 26 74
[19935] = Z 26
[19936] = CNOT 26 74
[19937] = CNOT 26 75
[19938] = Z 26
[19939] = CNOT 26 75
[19940] = CNOT 26 79
[19941] = Z 26
[19942] = CNOT 26 79
[19943] = CNOT 26 81
[19944] = Z 26
[19945] = CNOT 26 81
[19946] = CNOT 26 82
[19947] = Z 26
[19948] = CNOT 26 82
[19949] = CNOT 26 86
[19950] = Z 26
[19951] = CNOT 26 86
[19952] = CNOT 26 91
[19953] = Z 26
[19954] = CNOT 26 91
[19955] = CNOT 26 68
[19956] = CNOT 26 72
[19957] = CNOT 26 74
[19958] = Z 26
[19959] = CNOT 26 74
[19960] = CNOT 26 75
[19961] = Z 26
[19962] = CNOT 26 75
[19963] = CNOT 26 79
[19964] = Z 26
[19965] = CNOT 26 79
[19966] = CNOT 26 81
[19967] = Z 26
[19968] = CNOT 26 81
[19969] = CNOT 26 82
[19970] = Z 26
[19971] = CNOT 26 82
[19972] = CNOT 26 86
[19973] = Z 26
[19974] = CNOT 26 86
[19975] = CNOT 26 91
[19976] = Z 26
[19977] = CNOT 26 91
[19978] = CNOT 26 72
[19979] = CNOT 26 74
[19980] = CNOT 26 75
[19981] = S 26
[19982] = Z 26
[19983] = CNOT 26 75
[19984] = CNOT 26 79
[19985] = S 26
[19986] = Z 26
[19987] = CNOT 26 79
[19988] = CNOT 26 81
[19989] = Z 26
[19990] = CNOT 26 81
[19991] = CNOT 26 82
[19992] = Z 26
[19993] = CNOT 26 82
[19994] = CNOT 26 86
[19995] = Z 26
[19996] = CNOT 26 86
[19997] = CNOT 26 91
[19998] = Z 26
[19999] = CNOT 26 91
[20000] = CNOT 26 74
[20001] = CNOT 26 75
[20002] = CNOT 26 79
[20003] = S 26
[20004] = Z 26
[20005] = CNOT 26 79
[20006] = CNOT 26 81
[20007] = Z 26
[20008] = CNOT 26 81
[20009] = CNOT 26 82
[20010] = Z 26
[20011] = CNOT 26 82
[20012] = CNOT 26 86
[20013] = Z 26
[20014] = CNOT 26 86
[20015] = CNOT 26 91
[20016] = Z 26
[20017] = CNOT 26 91
[20018] = CNOT 26 75
[20019] = CNOT 26 79
[20020] = CNOT 26 81
[20021] = Z 26
[20022] = CNOT 26 81
[20023] = CNOT 26 82
[20024] = Z 26
[20025] = CNOT 26 82
[20026] = CNOT 26 86
[20027] = Z 26
[20028] = CNOT 26 86
[20029] = CNOT 26 91
[20030] = Z 26
[20031] = CNOT 26 91
[20032] = CNOT 26 79
[20033] = CNOT 26 81
[20034] = CNOT 26 82
[20035] = Z 26
[20036] = CNOT 26 82
[20037] = CNOT 26 86
[20038] = Z 26
[20039] = CNOT 26 86
[20040] = CNOT 26 91
[20041] = Z 26
[20042] = CNOT 26 91
[20043] = CNOT 26 81
[20044] = CNOT 26 82
[20045] = CNOT 26 86
[20046] = Z 26
[20047] = CNOT 26 86
[20048] = CNOT 26 91
[20049] = Z 26
[20050] = CNOT 26 82
[20051] = CNOT 26 86
[20052] = Z 26
[20053] = CNOT 26 91
[20054] = CNOT 26 86
[20055] = CNOT 27 28
[20056] = CNOT 27 32
[20057] = Z 27
[20058] = CNOT 27 32
[20059] = CNOT 27 35
[20060] = Z 27
[20061] = CNOT 27 35
[20062] = CNOT 27 53
[20063] = Z 27
[20064] = CNOT 27 53
[20065] = CNOT 27 55
[20066] = Z 27
[20067] = CNOT 27 55
[20068] = CNOT 27 65
[20069] = Z 27
[20070] = CNOT 27 65
[20071] = CNOT 27 74
[20072] = Z 27
[20073] = CNOT 27 74
[20074] = CNOT 27 75
[20075] = Z 27
[20076] = CNOT 27 75
[20077] = CNOT 27 79
[20078] = Z 27
[20079] = CNOT 27 79
[20080] = CNOT 27 28
[20081] = CNOT 27 30
[20082] = CNOT 27 55
[20083] = S 27
[20084] = Z 27
[20085] = CNOT 27 55
[20086] = CNOT 27 65
[20087] = S 27
[20088] = Z 27
[20089] = CNOT 27 65
[20090] = CNOT 27 74
[20091] = S 27
[20092] = Z 27
[20093] = CNOT 27 74
[20094] = CNOT 27 75
[20095] = S 27
[20096] = Z 27
[20097] = CNOT 27 75
[20098] = CNOT 27 79
[20099] = S 27
[20100] = Z 27
[20101] = CNOT 27 79
[20102] = CNOT 27 30
[20103] = CNOT 27 32
[20104] = CNOT 27 33
[20105] = S 27
[20106] = Z 27
[20107] = CNOT 27 33
[20108] = CNOT 27 35
[20109] = Z 27
[20110] = CNOT 27 35
[20111] = CNOT 27 37
[20112] = Z 27
[20113] = CNOT 27 37
[20114] = CNOT 27 40
[20115] = Z 27
[20116] = CNOT 27 40
[20117] = CNOT 27 42
[20118] = Z 27
[20119] = CNOT 27 42
[20120] = CNOT 27 44
[20121] = Z 27
[20122] = CNOT 27 44
[20123] = CNOT 27 46
[20124] = Z 27
[20125] = CNOT 27 46
[20126] = CNOT 27 49
[20127] = Z 27
[20128] = CNOT 27 49
[20129] = CNOT 27 51
[20130] = Z 27
[20131] = CNOT 27 51
[20132] = CNOT 27 55
[20133] = Z 27
[20134] = CNOT 27 55
[20135] = CNOT 27 65
[20136] = Z 27
[20137] = CNOT 27 65
[20138] = CNOT 27 74
[20139] = Z 27
[20140] = CNOT 27 74
[20141] = CNOT 27 75
[20142] = Z 27
[20143] = CNOT 27 75
[20144] = CNOT 27 79
[20145] = Z 27
[20146] = CNOT 27 79
[20147] = CNOT 27 32
[20148] = CNOT 27 33
[20149] = CNOT 27 55
[20150] = Z 27
[20151] = CNOT 27 55
[20152] = CNOT 27 65
[20153] = Z 27
[20154] = CNOT 27 65
[20155] = CNOT 27 74
[20156] = Z 27
[20157] = CNOT 27 74
[20158] = CNOT 27 75
[20159] = Z 27
[20160] = CNOT 27 75
[20161] = CNOT 27 79
[20162] = Z 27
[20163] = CNOT 27 79
[20164] = CNOT 27 33
[20165] = CNOT 27 35
[20166] = CNOT 27 37
[20167] = S 27
[20168] = Z 27
[20169] = CNOT 27 37
[20170] = CNOT 27 53
[20171] = Z 27
[20172] = CNOT 27 53
[20173] = CNOT 27 55
[20174] = Z 27
[20175] = CNOT 27 55
[20176] = CNOT 27 65
[20177] = Z 27
[20178] = CNOT 27 65
[20179] = CNOT 27 74
[20180] = Z 27
[20181] = CNOT 27 74
[20182] = CNOT 27 75
[20183] = Z 27
[20184] = CNOT 27 75
[20185] = CNOT 27 79
[20186] = Z 27
[20187] = CNOT 27 79
[20188] = CNOT 27 35
[20189] = CNOT 27 37
[20190] = CNOT 27 40
[20191] = S 27
[20192] = Z 27
[20193] = CNOT 27 40
[20194] = CNOT 27 53
[20195] = Z 27
[20196] = CNOT 27 53
[20197] = CNOT 27 55
[20198] = Z 27
[20199] = CNOT 27 55
[20200] = CNOT 27 65
[20201] = Z 27
[20202] = CNOT 27 65
[20203] = CNOT 27 74
[20204] = Z 27
[20205] = CNOT 27 74
[20206] = CNOT 27 75
[20207] = Z 27
[20208] = CNOT 27 75
[20209] = CNOT 27 79
[20210] = Z 27
[20211] = CNOT 27 79
[20212] = CNOT 27 37
[20213] = CNOT 27 40
[20214] = CNOT 27 42
[20215] = S 27
[20216] = Z 27
[20217] = CNOT 27 42
[20218] = CNOT 27 53
[20219] = Z 27
[20220] = CNOT 27 53
[20221] = CNOT 27 55
[20222] = Z 27
[20223] = CNOT 27 55
[20224] = CNOT 27 65
[20225] = Z 27
[20226] = CNOT 27 65
[20227] = CNOT 27 74
[20228] = Z 27
[20229] = CNOT 27 74
[20230] = CNOT 27 75
[20231] = Z 27
[20232] = CNOT 27 75
[20233] = CNOT 27 79
[20234] = Z 27
[20235] = CNOT 27 79
[20236] = CNOT 27 40
[20237] = CNOT 27 42
[20238] = CNOT 27 44
[20239] = S 27
[20240] = Z 27
[20241] = CNOT 27 44
[20242] = CNOT 27 53
[20243] = Z 27
[20244] = CNOT 27 53
[20245] = CNOT 27 55
[20246] = Z 27
[20247] = CNOT 27 55
[20248] = CNOT 27 65
[20249] = Z 27
[20250] = CNOT 27 65
[20251] = CNOT 27 74
[20252] = Z 27
[20253] = CNOT 27 74
[20254] = CNOT 27 75
[20255] = Z 27
[20256] = CNOT 27 75
[20257] = CNOT 27 79
[20258] = Z 27
[20259] = CNOT 27 79
[20260] = CNOT 27 42
[20261] = CNOT 27 44
[20262] = CNOT 27 46
[20263] = S 27
[20264] = Z 27
[20265] = CNOT 27 46
[20266] = CNOT 27 53
[20267] = Z 27
[20268] = CNOT 27 53
[20269] = CNOT 27 55
[20270] = Z 27
[20271] = CNOT 27 55
[20272] = CNOT 27 65
[20273] = Z 27
[20274] = CNOT 27 65
[20275] = CNOT 27 74
[20276] = Z 27
[20277] = CNOT 27 74
[20278] = CNOT 27 75
[20279] = Z 27
[20280] = CNOT 27 75
[20281] = CNOT 27 79
[20282] = Z 27
[20283] = CNOT 27 79
[20284] = CNOT 27 44
[20285] = CNOT 27 46
[20286] = CNOT 27 49
[20287] = S 27
[20288] = Z 27
[20289] = CNOT 27 49
[20290] = CNOT 27 53
[20291] = Z 27
[20292] = CNOT 27 53
[20293] = CNOT 27 55
[20294] = Z 27
[20295] = CNOT 27 55
[20296] = CNOT 27 65
[20297] = Z 27
[20298] = CNOT 27 65
[20299] = CNOT 27 74
[20300] = Z 27
[20301] = CNOT 27 74
[20302] = CNOT 27 75
[20303] = Z 27
[20304] = CNOT 27 75
[20305] = CNOT 27 79
[20306] = Z 27
[20307] = CNOT 27 79
[20308] = CNOT 27 46
[20309] = CNOT 27 49
[20310] = CNOT 27 51
[20311] = S 27
[20312] = Z 27
[20313] = CNOT 27 51
[20314] = CNOT 27 53
[20315] = Z 27
[20316] = CNOT 27 53
[20317] = CNOT 27 55
[20318] = Z 27
[20319] = CNOT 27 55
[20320] = CNOT 27 65
[20321] = Z 27
[20322] = CNOT 27 65
[20323] = CNOT 27 74
[20324] = Z 27
[20325] = CNOT 27 74
[20326] = CNOT 27 75
[20327] = Z 27
[20328] = CNOT 27 75
[20329] = CNOT 27 79
[20330] = Z 27
[20331] = CNOT 27 79
[20332] = CNOT 27 49
[20333] = CNOT 27 51
[20334] = CNOT 27 53
[20335] = S 27
[20336] = Z 27
[20337] = CNOT 27 53
[20338] = CNOT 27 55
[20339] = Z 27
[20340] = CNOT 27 55
[20341] = CNOT 27 65
[20342] = Z 27
[20343] = CNOT 27 65
[20344] = CNOT 27 74
[20345] = Z 27
[20346] = CNOT 27 74
[20347] = CNOT 27 75
[20348] = Z 27
[20349] = CNOT 27 75
[20350] = CNOT 27 79
[20351] = Z 27
[20352] = CNOT 27 79
[20353] = CNOT 27 51
[20354] = CNOT 28 32
[20355] = CNOT 28 35
[20356] = Z 28
[20357] = CNOT 28 35
[20358] = CNOT 28 53
[20359] = Z 28
[20360] = CNOT 28 53
[20361] = CNOT 28 55
[20362] = Z 28
[20363] = CNOT 28 55
[20364] = CNOT 28 65
[20365] = Z 28
[20366] = CNOT 28 65
[20367] = CNOT 28 74
[20368] = Z 28
[20369] = CNOT 28 74
[20370] = CNOT 28 75
[20371] = Z 28
[20372] = CNOT 28 75
[20373] = CNOT 28 79
[20374] = Z 28
[20375] = CNOT 28 79
[20376] = CNOT 28 32
[20377] = CNOT 28 35
[20378] = CNOT 28 53
[20379] = Z 28
[20380] = CNOT 28 53
[20381] = CNOT 28 55
[20382] = Z 28
[20383] = CNOT 28 55
[20384] = CNOT 28 65
[20385] = Z 28
[20386] = CNOT 28 65
[20387] = CNOT 28 74
[20388] = Z 28
[20389] = CNOT 28 74
[20390] = CNOT 28 75
[20391] = Z 28
[20392] = CNOT 28 75
[20393] = CNOT 28 79
[20394] = Z 28
[20395] = CNOT 28 79
[20396] = CNOT 28 35
[20397] = CNOT 28 53
[20398] = CNOT 28 55
[20399] = Z 28
[20400] = CNOT 28 55
[20401] = CNOT 28 65
[20402] = Z 28
[20403] = CNOT 28 65
[20404] = CNOT 28 74
[20405] = Z 28
[20406] = CNOT 28 74
[20407] = CNOT 28 75
[20408] = Z 28
[20409] = CNOT 28 75
[20410] = CNOT 28 79
[20411] = Z 28
[20412] = CNOT 28 79
[20413] = CNOT 28 53
[20414] = CNOT 28 55
[20415] = CNOT 28 65
[20416] = Z 28
[20417] = CNOT 28 65
[20418] = CNOT 28 74
[20419] = Z 28
[20420] = CNOT 28 74
[20421] = CNOT 28 75
[20422] = Z 28
[20423] = CNOT 28 75
[20424] = CNOT 28 79
[20425] = Z 28
[20426] = CNOT 28 79
[20427] = CNOT 28 55
[20428] = CNOT 28 65
[20429] = CNOT 28 74
[20430] = Z 28
[20431] = CNOT 28 74
[20432] = CNOT 28 75
[20433] = Z 28
[20434] = CNOT 28 75
[20435] = CNOT 28 79
[20436] = Z 28
[20437] = CNOT 28 79
[20438] = CNOT 28 65
[20439] = CNOT 28 74
[20440] = CNOT 28 75
[20441] = Z 28
[20442] = CNOT 28 75
[20443] = CNOT 28 79
[20444] = Z 28
[20445] = CNOT 28 74
[20446] = CNOT 28 75
[20447] = Z 28
[20448] = CNOT 28 79
[20449] = CNOT 28 75
[20450] = CNOT 30 35
[20451] = CNOT 30 36
[20452] = Z 30
[20453] = CNOT 30 36
[20454] = CNOT 30 45
[20455] = Z 30
[20456] = CNOT 30 45
[20457] = CNOT 30 55
[20458] = Z 30
[20459] = CNOT 30 55
[20460] = CNOT 30 56
[20461] = Z 30
[20462] = CNOT 30 56
[20463] = CNOT 30 65
[20464] = Z 30
[20465] = CNOT 30 65
[20466] = CNOT 30 73
[20467] = Z 30
[20468] = CNOT 30 73
[20469] = CNOT 30 74
[20470] = Z 30
[20471] = CNOT 30 74
[20472] = CNOT 30 75
[20473] = Z 30
[20474] = CNOT 30 75
[20475] = CNOT 30 79
[20476] = Z 30
[20477] = CNOT 30 79
[20478] = CNOT 30 82
[20479] = Z 30
[20480] = CNOT 30 82
[20481] = CNOT 30 35
[20482] = CNOT 30 36
[20483] = CNOT 30 45
[20484] = Z 30
[20485] = CNOT 30 45
[20486] = CNOT 30 55
[20487] = Z 30
[20488] = CNOT 30 55
[20489] = CNOT 30 56
[20490] = Z 30
[20491] = CNOT 30 56
[20492] = CNOT 30 65
[20493] = Z 30
[20494] = CNOT 30 65
[20495] = CNOT 30 73
[20496] = Z 30
[20497] = CNOT 30 73
[20498] = CNOT 30 74
[20499] = Z 30
[20500] = CNOT 30 74
[20501] = CNOT 30 75
[20502] = Z 30
[20503] = CNOT 30 75
[20504] = CNOT 30 79
[20505] = Z 30
[20506] = CNOT 30 79
[20507] = CNOT 30 82
[20508] = Z 30
[20509] = CNOT 30 82
[20510] = CNOT 30 36
[20511] = CNOT 30 45
[20512] = CNOT 30 55
[20513] = Z 30
[20514] = CNOT 30 55
[20515] = CNOT 30 56
[20516] = Z 30
[20517] = CNOT 30 56
[20518] = CNOT 30 65
[20519] = Z 30
[20520] = CNOT 30 65
[20521] = CNOT 30 73
[20522] = Z 30
[20523] = CNOT 30 73
[20524] = CNOT 30 74
[20525] = Z 30
[20526] = CNOT 30 74
[20527] = CNOT 30 75
[20528] = Z 30
[20529] = CNOT 30 75
[20530] = CNOT 30 79
[20531] = Z 30
[20532] = CNOT 30 79
[20533] = CNOT 30 82
[20534] = Z 30
[20535] = CNOT 30 82
[20536] = CNOT 30 45
[20537] = CNOT 30 55
[20538] = CNOT 30 56
[20539] = Z 30
[20540] = CNOT 30 56
[20541] = CNOT 30 73
[20542] = Z 30
[20543] = CNOT 30 73
[20544] = CNOT 30 82
[20545] = Z 30
[20546] = CNOT 30 82
[20547] = CNOT 30 55
[20548] = CNOT 30 56
[20549] = CNOT 30 65
[20550] = Z 30
[20551] = CNOT 30 65
[20552] = CNOT 30 73
[20553] = Z 30
[20554] = CNOT 30 73
[20555] = CNOT 30 74
[20556] = Z 30
[20557] = CNOT 30 74
[20558] = CNOT 30 75
[20559] = Z 30
[20560] = CNOT 30 75
[20561] = CNOT 30 79
[20562] = Z 30
[20563] = CNOT 30 79
[20564] = CNOT 30 82
[20565] = Z 30
[20566] = CNOT 30 82
[20567] = CNOT 30 56
[20568] = CNOT 30 65
[20569] = CNOT 30 73
[20570] = Z 30
[20571] = CNOT 30 73
[20572] = CNOT 30 82
[20573] = Z 30
[20574] = CNOT 30 82
[20575] = CNOT 30 65
[20576] = CNOT 30 73
[20577] = CNOT 30 74
[20578] = Z 30
[20579] = CNOT 30 74
[20580] = CNOT 30 75
[20581] = Z 30
[20582] = CNOT 30 75
[20583] = CNOT 30 79
[20584] = Z 30
[20585] = CNOT 30 79
[20586] = CNOT 30 82
[20587] = Z 30
[20588] = CNOT 30 73
[20589] = CNOT 30 74
[20590] = Z 30
[20591] = CNOT 30 74
[20592] = CNOT 30 75
[20593] = Z 30
[20594] = CNOT 30 75
[20595] = CNOT 30 79
[20596] = Z 30
[20597] = CNOT 30 82
[20598] = CNOT 30 79
[20599] = CNOT 32 33
[20600] = CNOT 32 55
[20601] = S 32
[20602] = Z 32
[20603] = CNOT 32 55
[20604] = CNOT 32 65
[20605] = S 32
[20606] = Z 32
[20607] = CNOT 32 65
[20608] = CNOT 32 74
[20609] = S 32
[20610] = Z 32
[20611] = CNOT 32 74
[20612] = CNOT 32 75
[20613] = S 32
[20614] = Z 32
[20615] = CNOT 32 75
[20616] = CNOT 32 79
[20617] = S 32
[20618] = Z 32
[20619] = CNOT 32 79
[20620] = CNOT 32 33
[20621] = CNOT 32 35
[20622] = CNOT 32 37
[20623] = S 32
[20624] = Z 32
[20625] = CNOT 32 37
[20626] = CNOT 32 53
[20627] = Z 32
[20628] = CNOT 32 53
[20629] = CNOT 32 55
[20630] = Z 32
[20631] = CNOT 32 55
[20632] = CNOT 32 65
[20633] = Z 32
[20634] = CNOT 32 65
[20635] = CNOT 32 74
[20636] = Z 32
[20637] = CNOT 32 74
[20638] = CNOT 32 75
[20639] = Z 32
[20640] = CNOT 32 75
[20641] = CNOT 32 79
[20642] = Z 32
[20643] = CNOT 32 79
[20644] = CNOT 32 35
[20645] = CNOT 32 37
[20646] = CNOT 32 40
[20647] = S 32
[20648] = Z 32
[20649] = CNOT 32 40
[20650] = CNOT 32 53
[20651] = Z 32
[20652] = CNOT 32 53
[20653] = CNOT 32 55
[20654] = Z 32
[20655] = CNOT 32 55
[20656] = CNOT 32 65
[20657] = Z 32
[20658] = CNOT 32 65
[20659] = CNOT 32 74
[20660] = Z 32
[20661] = CNOT 32 74
[20662] = CNOT 32 75
[20663] = Z 32
[20664] = CNOT 32 75
[20665] = CNOT 32 79
[20666] = Z 32
[20667] = CNOT 32 79
[20668] = CNOT 32 37
[20669] = CNOT 32 40
[20670] = CNOT 32 42
[20671] = S 32
[20672] = Z 32
[20673] = CNOT 32 42
[20674] = CNOT 32 53
[20675] = Z 32
[20676] = CNOT 32 53
[20677] = CNOT 32 55
[20678] = Z 32
[20679] = CNOT 32 55
[20680] = CNOT 32 65
[20681] = Z 32
[20682] = CNOT 32 65
[20683] = CNOT 32 74
[20684] = Z 32
[20685] = CNOT 32 74
[20686] = CNOT 32 75
[20687] = Z 32
[20688] = CNOT 32 75
[20689] = CNOT 32 79
[20690] = Z 32
[20691] = CNOT 32 79
[20692] = CNOT 32 40
[20693] = CNOT 32 42
[20694] = CNOT 32 44
[20695] = S 32
[20696] = Z 32
[20697] = CNOT 32 44
[20698] = CNOT 32 53
[20699] = Z 32
[20700] = CNOT 32 53
[20701] = CNOT 32 55
[20702] = Z 32
[20703] = CNOT 32 55
[20704] = CNOT 32 65
[20705] = Z 32
[20706] = CNOT 32 65
[20707] = CNOT 32 74
[20708] = Z 32
[20709] = CNOT 32 74
[20710] = CNOT 32 75
[20711] = Z 32
[20712] = CNOT 32 75
[20713] = CNOT 32 79
[20714] = Z 32
[20715] = CNOT 32 79
[20716] = CNOT 32 42
[20717] = CNOT 32 44
[20718] = CNOT 32 46
[20719] = S 32
[20720] = Z 32
[20721] = CNOT 32 46
[20722] = CNOT 32 53
[20723] = Z 32
[20724] = CNOT 32 53
[20725] = CNOT 32 55
[20726] = Z 32
[20727] = CNOT 32 55
[20728] = CNOT 32 65
[20729] = Z 32
[20730] = CNOT 32 65
[20731] = CNOT 32 74
[20732] = Z 32
[20733] = CNOT 32 74
[20734] = CNOT 32 75
[20735] = Z 32
[20736] = CNOT 32 75
[20737] = CNOT 32 79
[20738] = Z 32
[20739] = CNOT 32 79
[20740] = CNOT 32 44
[20741] = CNOT 32 46
[20742] = CNOT 32 49
[20743] = S 32
[20744] = Z 32
[20745] = CNOT 32 49
[20746] = CNOT 32 53
[20747] = Z 32
[20748] = CNOT 32 53
[20749] = CNOT 32 55
[20750] = Z 32
[20751] = CNOT 32 55
[20752] = CNOT 32 65
[20753] = Z 32
[20754] = CNOT 32 65
[20755] = CNOT 32 74
[20756] = Z 32
[20757] = CNOT 32 74
[20758] = CNOT 32 75
[20759] = Z 32
[20760] = CNOT 32 75
[20761] = CNOT 32 79
[20762] = Z 32
[20763] = CNOT 32 79
[20764] = CNOT 32 46
[20765] = CNOT 32 49
[20766] = CNOT 32 51
[20767] = S 32
[20768] = Z 32
[20769] = CNOT 32 51
[20770] = CNOT 32 53
[20771] = Z 32
[20772] = CNOT 32 53
[20773] = CNOT 32 55
[20774] = Z 32
[20775] = CNOT 32 55
[20776] = CNOT 32 65
[20777] = Z 32
[20778] = CNOT 32 65
[20779] = CNOT 32 74
[20780] = Z 32
[20781] = CNOT 32 74
[20782] = CNOT 32 75
[20783] = Z 32
[20784] = CNOT 32 75
[20785] = CNOT 32 79
[20786] = Z 32
[20787] = CNOT 32 79
[20788] = CNOT 32 49
[20789] = CNOT 32 51
[20790] = CNOT 32 53
[20791] = S 32
[20792] = Z 32
[20793] = CNOT 32 53
[20794] = CNOT 32 55
[20795] = Z 32
[20796] = CNOT 32 55
[20797] = CNOT 32 65
[20798] = Z 32
[20799] = CNOT 32 65
[20800] = CNOT 32 74
[20801] = Z 32
[20802] = CNOT 32 74
[20803] = CNOT 32 75
[20804] = Z 32
[20805] = CNOT 32 75
[20806] = CNOT 32 79
[20807] = Z 32
[20808] = CNOT 32 79
[20809] = CNOT 32 51
[20810] = CNOT 32 55
[20811] = CNOT 32 65
[20812] = Z 32
[20813] = CNOT 32 65
[20814] = CNOT 32 74
[20815] = Z 32
[20816] = CNOT 32 74
[20817] = CNOT 32 75
[20818] = Z 32
[20819] = CNOT 32 75
[20820] = CNOT 32 79
[20821] = Z 32
[20822] = CNOT 32 79
[20823] = CNOT 32 55
[20824] = CNOT 32 65
[20825] = CNOT 32 74
[20826] = Z 32
[20827] = CNOT 32 74
[20828] = CNOT 32 75
[20829] = Z 32
[20830] = CNOT 32 75
[20831] = CNOT 32 79
[20832] = Z 32
[20833] = CNOT 32 79
[20834] = CNOT 32 65
[20835] = CNOT 32 74
[20836] = CNOT 32 75
[20837] = Z 32
[20838] = CNOT 32 75
[20839] = CNOT 32 79
[20840] = Z 32
[20841] = CNOT 32 74
[20842] = CNOT 32 75
[20843] = Z 32
[20844] = CNOT 32 79
[20845] = CNOT 32 75
[20846] = CNOT 33 55
[20847] = CNOT 33 65
[20848] = Z 33
[20849] = CNOT 33 65
[20850] = CNOT 33 74
[20851] = Z 33
[20852] = CNOT 33 74
[20853] = CNOT 33 75
[20854] = Z 33
[20855] = CNOT 33 75
[20856] = CNOT 33 79
[20857] = Z 33
[20858] = CNOT 33 79
[20859] = CNOT 33 55
[20860] = CNOT 33 65
[20861] = CNOT 33 74
[20862] = Z 33
[20863] = CNOT 33 74
[20864] = CNOT 33 75
[20865] = Z 33
[20866] = CNOT 33 75
[20867] = CNOT 33 79
[20868] = Z 33
[20869] = CNOT 33 79
[20870] = CNOT 33 65
[20871] = CNOT 33 74
[20872] = CNOT 33 75
[20873] = Z 33
[20874] = CNOT 33 75
[20875] = CNOT 33 79
[20876] = Z 33
[20877] = CNOT 33 74
[20878] = CNOT 33 75
[20879] = Z 33
[20880] = CNOT 33 79
[20881] = CNOT 33 75
[20882] = CNOT 34 36
[20883] = CNOT 34 38
[20884] = S 34
[20885] = Z 34
[20886] = CNOT 34 38
[20887] = CNOT 34 45
[20888] = Z 34
[20889] = CNOT 34 45
[20890] = CNOT 34 47
[20891] = S 34
[20892] = Z 34
[20893] = CNOT 34 47
[20894] = CNOT 34 53
[20895] = Z 34
[20896] = CNOT 34 53
[20897] = CNOT 34 55
[20898] = S 34
[20899] = Z 34
[20900] = CNOT 34 55
[20901] = CNOT 34 56
[20902] = Z 34
[20903] = CNOT 34 56
[20904] = CNOT 34 57
[20905] = S 34
[20906] = Z 34
[20907] = CNOT 34 57
[20908] = CNOT 34 58
[20909] = S 34
[20910] = CNOT 34 58
[20911] = CNOT 34 62
[20912] = S 34
[20913] = Z 34
[20914] = CNOT 34 62
[20915] = CNOT 34 63
[20916] = S 34
[20917] = Z 34
[20918] = CNOT 34 63
[20919] = CNOT 34 64
[20920] = Z 34
[20921] = CNOT 34 64
[20922] = CNOT 34 68
[20923] = S 34
[20924] = CNOT 34 68
[20925] = CNOT 34 71
[20926] = S 34
[20927] = Z 34
[20928] = CNOT 34 71
[20929] = CNOT 34 72
[20930] = Z 34
[20931] = CNOT 34 72
[20932] = CNOT 34 73
[20933] = Z 34
[20934] = CNOT 34 73
[20935] = CNOT 34 74
[20936] = S 34
[20937] = CNOT 34 74
[20938] = CNOT 34 75
[20939] = Z 34
[20940] = CNOT 34 75
[20941] = CNOT 34 77
[20942] = S 34
[20943] = Z 34
[20944] = CNOT 34 77
[20945] = CNOT 34 79
[20946] = S 34
[20947] = CNOT 34 79
[20948] = CNOT 34 80
[20949] = S 34
[20950] = Z 34
[20951] = CNOT 34 80
[20952] = CNOT 34 81
[20953] = S 34
[20954] = Z 34
[20955] = CNOT 34 81
[20956] = CNOT 34 36
[20957] = CNOT 34 38
[20958] = CNOT 34 45
[20959] = S 34
[20960] = Z 34
[20961] = CNOT 34 45
[20962] = CNOT 34 53
[20963] = S 34
[20964] = Z 34
[20965] = CNOT 34 53
[20966] = CNOT 34 54
[20967] = S 34
[20968] = Z 34
[20969] = CNOT 34 54
[20970] = CNOT 34 56
[20971] = S 34
[20972] = Z 34
[20973] = CNOT 34 56
[20974] = CNOT 34 73
[20975] = S 34
[20976] = Z 34
[20977] = CNOT 34 73
[20978] = CNOT 34 74
[20979] = S 34
[20980] = Z 34
[20981] = CNOT 34 74
[20982] = CNOT 34 75
[20983] = S 34
[20984] = Z 34
[20985] = CNOT 34 75
[20986] = CNOT 34 79
[20987] = S 34
[20988] = Z 34
[20989] = CNOT 34 79
[20990] = CNOT 34 81
[20991] = S 34
[20992] = Z 34
[20993] = CNOT 34 81
[20994] = CNOT 34 82
[20995] = S 34
[20996] = Z 34
[20997] = CNOT 34 82
[20998] = CNOT 34 38
[20999] = CNOT 34 43
[21000] = CNOT 34 56
[21001] = S 34
[21002] = Z 34
[21003] = CNOT 34 56
[21004] = CNOT 34 62
[21005] = S 34
[21006] = Z 34
[21007] = CNOT 34 62
[21008] = CNOT 34 65
[21009] = S 34
[21010] = Z 34
[21011] = CNOT 34 65
[21012] = CNOT 34 68
[21013] = S 34
[21014] = Z 34
[21015] = CNOT 34 68
[21016] = CNOT 34 72
[21017] = S 34
[21018] = Z 34
[21019] = CNOT 34 72
[21020] = CNOT 34 74
[21021] = S 34
[21022] = Z 34
[21023] = CNOT 34 74
[21024] = CNOT 34 75
[21025] = S 34
[21026] = Z 34
[21027] = CNOT 34 75
[21028] = CNOT 34 79
[21029] = S 34
[21030] = Z 34
[21031] = CNOT 34 79
[21032] = CNOT 34 81
[21033] = S 34
[21034] = Z 34
[21035] = CNOT 34 81
[21036] = CNOT 34 82
[21037] = S 34
[21038] = Z 34
[21039] = CNOT 34 82
[21040] = CNOT 34 86
[21041] = S 34
[21042] = Z 34
[21043] = CNOT 34 86
[21044] = CNOT 34 91
[21045] = S 34
[21046] = Z 34
[21047] = CNOT 34 91
[21048] = CNOT 34 43
[21049] = CNOT 34 45
[21050] = CNOT 34 47
[21051] = S 34
[21052] = Z 34
[21053] = CNOT 34 47
[21054] = CNOT 34 52
[21055] = S 34
[21056] = Z 34
[21057] = CNOT 34 52
[21058] = CNOT 34 54
[21059] = Z 34
[21060] = CNOT 34 54
[21061] = CNOT 34 55
[21062] = Z 34
[21063] = CNOT 34 55
[21064] = CNOT 34 57
[21065] = S 34
[21066] = Z 34
[21067] = CNOT 34 57
[21068] = CNOT 34 58
[21069] = S 34
[21070] = CNOT 34 58
[21071] = CNOT 34 59
[21072] = S 34
[21073] = Z 34
[21074] = CNOT 34 59
[21075] = CNOT 34 62
[21076] = S 34
[21077] = Z 34
[21078] = CNOT 34 62
[21079] = CNOT 34 64
[21080] = Z 34
[21081] = CNOT 34 64
[21082] = CNOT 34 65
[21083] = S 34
[21084] = CNOT 34 65
[21085] = CNOT 34 68
[21086] = S 34
[21087] = CNOT 34 68
[21088] = CNOT 34 71
[21089] = S 34
[21090] = Z 34
[21091] = CNOT 34 71
[21092] = CNOT 34 72
[21093] = Z 34
[21094] = CNOT 34 72
[21095] = CNOT 34 73
[21096] = Z 34
[21097] = CNOT 34 73
[21098] = CNOT 34 75
[21099] = S 34
[21100] = CNOT 34 75
[21101] = CNOT 34 77
[21102] = S 34
[21103] = Z 34
[21104] = CNOT 34 77
[21105] = CNOT 34 80
[21106] = S 34
[21107] = Z 34
[21108] = CNOT 34 80
[21109] = CNOT 34 81
[21110] = S 34
[21111] = CNOT 34 81
[21112] = CNOT 34 86
[21113] = Z 34
[21114] = CNOT 34 86
[21115] = CNOT 34 45
[21116] = CNOT 34 47
[21117] = CNOT 34 53
[21118] = S 34
[21119] = Z 34
[21120] = CNOT 34 53
[21121] = CNOT 34 54
[21122] = S 34
[21123] = Z 34
[21124] = CNOT 34 54
[21125] = CNOT 34 56
[21126] = S 34
[21127] = Z 34
[21128] = CNOT 34 56
[21129] = CNOT 34 68
[21130] = S 34
[21131] = Z 34
[21132] = CNOT 34 68
[21133] = CNOT 34 72
[21134] = S 34
[21135] = Z 34
[21136] = CNOT 34 72
[21137] = CNOT 34 73
[21138] = S 34
[21139] = Z 34
[21140] = CNOT 34 73
[21141] = CNOT 34 74
[21142] = S 34
[21143] = Z 34
[21144] = CNOT 34 74
[21145] = CNOT 34 75
[21146] = S 34
[21147] = Z 34
[21148] = CNOT 34 75
[21149] = CNOT 34 79
[21150] = S 34
[21151] = Z 34
[21152] = CNOT 34 79
[21153] = CNOT 34 81
[21154] = S 34
[21155] = Z 34
[21156] = CNOT 34 81
[21157] = CNOT 34 82
[21158] = S 34
[21159] = Z 34
[21160] = CNOT 34 82
[21161] = CNOT 34 47
[21162] = CNOT 34 52
[21163] = CNOT 34 53
[21164] = S 34
[21165] = Z 34
[21166] = CNOT 34 53
[21167] = CNOT 34 54
[21168] = S 34
[21169] = Z 34
[21170] = CNOT 34 54
[21171] = CNOT 34 55
[21172] = S 34
[21173] = Z 34
[21174] = CNOT 34 55
[21175] = CNOT 34 56
[21176] = S 34
[21177] = Z 34
[21178] = CNOT 34 56
[21179] = CNOT 34 59
[21180] = S 34
[21181] = Z 34
[21182] = CNOT 34 59
[21183] = CNOT 34 74
[21184] = S 34
[21185] = Z 34
[21186] = CNOT 34 74
[21187] = CNOT 34 75
[21188] = S 34
[21189] = Z 34
[21190] = CNOT 34 75
[21191] = CNOT 34 79
[21192] = S 34
[21193] = Z 34
[21194] = CNOT 34 79
[21195] = CNOT 34 81
[21196] = S 34
[21197] = Z 34
[21198] = CNOT 34 81
[21199] = CNOT 34 86
[21200] = S 34
[21201] = Z 34
[21202] = CNOT 34 86
[21203] = CNOT 34 52
[21204] = CNOT 34 53
[21205] = CNOT 34 54
[21206] = Z 34
[21207] = CNOT 34 54
[21208] = CNOT 34 55
[21209] = Z 34
[21210] = CNOT 34 55
[21211] = CNOT 34 57
[21212] = S 34
[21213] = Z 34
[21214] = CNOT 34 57
[21215] = CNOT 34 58
[21216] = S 34
[21217] = CNOT 34 58
[21218] = CNOT 34 59
[21219] = S 34
[21220] = Z 34
[21221] = CNOT 34 59
[21222] = CNOT 34 62
[21223] = S 34
[21224] = Z 34
[21225] = CNOT 34 62
[21226] = CNOT 34 64
[21227] = Z 34
[21228] = CNOT 34 64
[21229] = CNOT 34 65
[21230] = S 34
[21231] = CNOT 34 65
[21232] = CNOT 34 68
[21233] = S 34
[21234] = CNOT 34 68
[21235] = CNOT 34 71
[21236] = S 34
[21237] = Z 34
[21238] = CNOT 34 71
[21239] = CNOT 34 72
[21240] = Z 34
[21241] = CNOT 34 72
[21242] = CNOT 34 73
[21243] = Z 34
[21244] = CNOT 34 73
[21245] = CNOT 34 75
[21246] = S 34
[21247] = CNOT 34 75
[21248] = CNOT 34 77
[21249] = S 34
[21250] = Z 34
[21251] = CNOT 34 77
[21252] = CNOT 34 80
[21253] = S 34
[21254] = Z 34
[21255] = CNOT 34 80
[21256] = CNOT 34 81
[21257] = S 34
[21258] = CNOT 34 81
[21259] = CNOT 34 86
[21260] = Z 34
[21261] = CNOT 34 86
[21262] = CNOT 34 53
[21263] = CNOT 34 54
[21264] = CNOT 34 56
[21265] = Z 34
[21266] = CNOT 34 56
[21267] = CNOT 34 57
[21268] = S 34
[21269] = Z 34
[21270] = CNOT 34 57
[21271] = CNOT 34 58
[21272] = S 34
[21273] = Z 34
[21274] = CNOT 34 58
[21275] = CNOT 34 59
[21276] = S 34
[21277] = Z 34
[21278] = CNOT 34 59
[21279] = CNOT 34 62
[21280] = S 34
[21281] = Z 34
[21282] = CNOT 34 62
[21283] = CNOT 34 64
[21284] = S 34
[21285] = Z 34
[21286] = CNOT 34 64
[21287] = CNOT 34 65
[21288] = S 34
[21289] = Z 34
[21290] = CNOT 34 65
[21291] = CNOT 34 68
[21292] = S 34
[21293] = CNOT 34 68
[21294] = CNOT 34 72
[21295] = Z 34
[21296] = CNOT 34 72
[21297] = CNOT 34 73
[21298] = S 34
[21299] = Z 34
[21300] = CNOT 34 73
[21301] = CNOT 34 74
[21302] = Z 34
[21303] = CNOT 34 74
[21304] = CNOT 34 75
[21305] = Z 34
[21306] = CNOT 34 75
[21307] = CNOT 34 77
[21308] = S 34
[21309] = Z 34
[21310] = CNOT 34 77
[21311] = CNOT 34 79
[21312] = Z 34
[21313] = CNOT 34 79
[21314] = CNOT 34 81
[21315] = S 34
[21316] = CNOT 34 81
[21317] = CNOT 34 82
[21318] = Z 34
[21319] = CNOT 34 82
[21320] = CNOT 34 86
[21321] = Z 34
[21322] = CNOT 34 86
[21323] = CNOT 34 54
[21324] = CNOT 34 55
[21325] = CNOT 34 56
[21326] = S 34
[21327] = CNOT 34 56
[21328] = CNOT 34 57
[21329] = S 34
[21330] = Z 34
[21331] = CNOT 34 57
[21332] = CNOT 34 58
[21333] = S 34
[21334] = CNOT 34 58
[21335] = CNOT 34 59
[21336] = S 34
[21337] = Z 34
[21338] = CNOT 34 59
[21339] = CNOT 34 64
[21340] = S 34
[21341] = Z 34
[21342] = CNOT 34 64
[21343] = CNOT 34 65
[21344] = S 34
[21345] = Z 34
[21346] = CNOT 34 65
[21347] = CNOT 34 71
[21348] = S 34
[21349] = Z 34
[21350] = CNOT 34 71
[21351] = CNOT 34 75
[21352] = S 34
[21353] = CNOT 34 75
[21354] = CNOT 34 77
[21355] = S 34
[21356] = Z 34
[21357] = CNOT 34 77
[21358] = CNOT 34 80
[21359] = S 34
[21360] = Z 34
[21361] = CNOT 34 80
[21362] = CNOT 34 81
[21363] = S 34
[21364] = Z 34
[21365] = CNOT 34 81
[21366] = CNOT 34 82
[21367] = S 34
[21368] = Z 34
[21369] = CNOT 34 82
[21370] = CNOT 34 86
[21371] = S 34
[21372] = Z 34
[21373] = CNOT 34 86
[21374] = CNOT 34 91
[21375] = S 34
[21376] = Z 34
[21377] = CNOT 34 91
[21378] = CNOT 34 92
[21379] = S 34
[21380] = Z 34
[21381] = CNOT 34 92
[21382] = CNOT 34 55
[21383] = CNOT 34 56
[21384] = CNOT 34 57
[21385] = S 34
[21386] = Z 34
[21387] = CNOT 34 57
[21388] = CNOT 34 58
[21389] = S 34
[21390] = CNOT 34 58
[21391] = CNOT 34 59
[21392] = S 34
[21393] = Z 34
[21394] = CNOT 34 59
[21395] = CNOT 34 62
[21396] = Z 34
[21397] = CNOT 34 62
[21398] = CNOT 34 64
[21399] = Z 34
[21400] = CNOT 34 64
[21401] = CNOT 34 65
[21402] = Z 34
[21403] = CNOT 34 65
[21404] = CNOT 34 71
[21405] = S 34
[21406] = Z 34
[21407] = CNOT 34 71
[21408] = CNOT 34 72
[21409] = S 34
[21410] = CNOT 34 72
[21411] = CNOT 34 73
[21412] = Z 34
[21413] = CNOT 34 73
[21414] = CNOT 34 74
[21415] = S 34
[21416] = CNOT 34 74
[21417] = CNOT 34 75
[21418] = Z 34
[21419] = CNOT 34 75
[21420] = CNOT 34 77
[21421] = S 34
[21422] = Z 34
[21423] = CNOT 34 77
[21424] = CNOT 34 79
[21425] = S 34
[21426] = CNOT 34 79
[21427] = CNOT 34 80
[21428] = S 34
[21429] = Z 34
[21430] = CNOT 34 80
[21431] = CNOT 34 82
[21432] = S 34
[21433] = CNOT 34 82
[21434] = CNOT 34 86
[21435] = S 34
[21436] = CNOT 34 86
[21437] = CNOT 34 91
[21438] = Z 34
[21439] = CNOT 34 91
[21440] = CNOT 34 92
[21441] = S 34
[21442] = Z 34
[21443] = CNOT 34 92
[21444] = CNOT 34 56
[21445] = CNOT 34 57
[21446] = CNOT 34 61
[21447] = S 34
[21448] = CNOT 34 61
[21449] = CNOT 34 73
[21450] = S 34
[21451] = Z 34
[21452] = CNOT 34 73
[21453] = CNOT 34 74
[21454] = S 34
[21455] = Z 34
[21456] = CNOT 34 74
[21457] = CNOT 34 75
[21458] = S 34
[21459] = Z 34
[21460] = CNOT 34 75
[21461] = CNOT 34 79
[21462] = S 34
[21463] = Z 34
[21464] = CNOT 34 79
[21465] = CNOT 34 82
[21466] = S 34
[21467] = Z 34
[21468] = CNOT 34 82
[21469] = CNOT 34 57
[21470] = CNOT 34 58
[21471] = CNOT 34 64
[21472] = S 34
[21473] = Z 34
[21474] = CNOT 34 64
[21475] = CNOT 34 65
[21476] = S 34
[21477] = CNOT 34 65
[21478] = CNOT 34 71
[21479] = S 34
[21480] = Z 34
[21481] = CNOT 34 71
[21482] = CNOT 34 73
[21483] = Z 34
[21484] = CNOT 34 73
[21485] = CNOT 34 74
[21486] = S 34
[21487] = CNOT 34 74
[21488] = CNOT 34 75
[21489] = Z 34
[21490] = CNOT 34 75
[21491] = CNOT 34 79
[21492] = S 34
[21493] = CNOT 34 79
[21494] = CNOT 34 80
[21495] = S 34
[21496] = Z 34
[21497] = CNOT 34 80
[21498] = CNOT 34 82
[21499] = S 34
[21500] = CNOT 34 82
[21501] = CNOT 34 58
[21502] = CNOT 34 59
[21503] = CNOT 34 74
[21504] = S 34
[21505] = Z 34
[21506] = CNOT 34 74
[21507] = CNOT 34 75
[21508] = S 34
[21509] = Z 34
[21510] = CNOT 34 75
[21511] = CNOT 34 79
[21512] = S 34
[21513] = Z 34
[21514] = CNOT 34 79
[21515] = CNOT 34 81
[21516] = S 34
[21517] = Z 34
[21518] = CNOT 34 81
[21519] = CNOT 34 86
[21520] = S 34
[21521] = Z 34
[21522] = CNOT 34 86
[21523] = CNOT 34 59
[21524] = CNOT 34 62
[21525] = CNOT 34 65
[21526] = Z 34
[21527] = CNOT 34 65
[21528] = CNOT 34 68
[21529] = S 34
[21530] = Z 34
[21531] = CNOT 34 68
[21532] = CNOT 34 72
[21533] = S 34
[21534] = Z 34
[21535] = CNOT 34 72
[21536] = CNOT 34 73
[21537] = Z 34
[21538] = CNOT 34 73
[21539] = CNOT 34 74
[21540] = S 34
[21541] = CNOT 34 74
[21542] = CNOT 34 75
[21543] = S 34
[21544] = CNOT 34 75
[21545] = CNOT 34 79
[21546] = S 34
[21547] = CNOT 34 79
[21548] = CNOT 34 81
[21549] = Z 34
[21550] = CNOT 34 81
[21551] = CNOT 34 82
[21552] = S 34
[21553] = Z 34
[21554] = CNOT 34 82
[21555] = CNOT 34 86
[21556] = Z 34
[21557] = CNOT 34 86
[21558] = CNOT 34 91
[21559] = S 34
[21560] = Z 34
[21561] = CNOT 34 91
[21562] = CNOT 34 62
[21563] = CNOT 34 63
[21564] = CNOT 34 65
[21565] = S 34
[21566] = Z 34
[21567] = CNOT 34 65
[21568] = CNOT 34 73
[21569] = S 34
[21570] = Z 34
[21571] = CNOT 34 73
[21572] = CNOT 34 74
[21573] = S 34
[21574] = Z 34
[21575] = CNOT 34 74
[21576] = CNOT 34 75
[21577] = S 34
[21578] = Z 34
[21579] = CNOT 34 75
[21580] = CNOT 34 79
[21581] = S 34
[21582] = Z 34
[21583] = CNOT 34 79
[21584] = CNOT 34 63
[21585] = CNOT 34 64
[21586] = CNOT 34 65
[21587] = S 34
[21588] = Z 34
[21589] = CNOT 34 65
[21590] = CNOT 34 68
[21591] = S 34
[21592] = Z 34
[21593] = CNOT 34 68
[21594] = CNOT 34 73
[21595] = Z 34
[21596] = CNOT 34 73
[21597] = CNOT 34 74
[21598] = Z 34
[21599] = CNOT 34 74
[21600] = CNOT 34 75
[21601] = Z 34
[21602] = CNOT 34 75
[21603] = CNOT 34 79
[21604] = Z 34
[21605] = CNOT 34 79
[21606] = CNOT 34 81
[21607] = S 34
[21608] = Z 34
[21609] = CNOT 34 81
[21610] = CNOT 34 82
[21611] = Z 34
[21612] = CNOT 34 82
[21613] = CNOT 34 64
[21614] = CNOT 34 65
[21615] = CNOT 34 68
[21616] = S 34
[21617] = Z 34
[21618] = CNOT 34 68
[21619] = CNOT 34 71
[21620] = S 34
[21621] = Z 34
[21622] = CNOT 34 71
[21623] = CNOT 34 72
[21624] = S 34
[21625] = Z 34
[21626] = CNOT 34 72
[21627] = CNOT 34 75
[21628] = S 34
[21629] = CNOT 34 75
[21630] = CNOT 34 80
[21631] = S 34
[21632] = Z 34
[21633] = CNOT 34 80
[21634] = CNOT 34 81
[21635] = S 34
[21636] = Z 34
[21637] = CNOT 34 81
[21638] = CNOT 34 82
[21639] = Z 34
[21640] = CNOT 34 82
[21641] = CNOT 34 86
[21642] = S 34
[21643] = Z 34
[21644] = CNOT 34 86
[21645] = CNOT 34 91
[21646] = Z 34
[21647] = CNOT 34 91
[21648] = CNOT 34 92
[21649] = S 34
[21650] = Z 34
[21651] = CNOT 34 92
[21652] = CNOT 34 65
[21653] = CNOT 34 68
[21654] = CNOT 34 72
[21655] = S 34
[21656] = CNOT 34 72
[21657] = CNOT 34 73
[21658] = S 34
[21659] = CNOT 34 73
[21660] = CNOT 34 86
[21661] = S 34
[21662] = Z 34
[21663] = CNOT 34 86
[21664] = CNOT 34 91
[21665] = S 34
[21666] = Z 34
[21667] = CNOT 34 91
[21668] = CNOT 34 68
[21669] = CNOT 34 71
[21670] = CNOT 34 73
[21671] = S 34
[21672] = Z 34
[21673] = CNOT 34 73
[21674] = CNOT 34 74
[21675] = S 34
[21676] = Z 34
[21677] = CNOT 34 74
[21678] = CNOT 34 79
[21679] = S 34
[21680] = Z 34
[21681] = CNOT 34 79
[21682] = CNOT 34 82
[21683] = S 34
[21684] = Z 34
[21685] = CNOT 34 82
[21686] = CNOT 34 71
[21687] = CNOT 34 72
[21688] = CNOT 34 73
[21689] = Z 34
[21690] = CNOT 34 73
[21691] = CNOT 34 74
[21692] = S 34
[21693] = CNOT 34 74
[21694] = CNOT 34 75
[21695] = S 34
[21696] = CNOT 34 75
[21697] = CNOT 34 79
[21698] = S 34
[21699] = CNOT 34 79
[21700] = CNOT 34 81
[21701] = S 34
[21702] = CNOT 34 81
[21703] = CNOT 34 82
[21704] = S 34
[21705] = CNOT 34 82
[21706] = CNOT 34 86
[21707] = S 34
[21708] = Z 34
[21709] = CNOT 34 86
[21710] = CNOT 34 91
[21711] = S 34
[21712] = Z 34
[21713] = CNOT 34 91
[21714] = CNOT 34 72
[21715] = CNOT 34 73
[21716] = CNOT 34 74
[21717] = S 34
[21718] = CNOT 34 74
[21719] = CNOT 34 75
[21720] = S 34
[21721] = CNOT 34 75
[21722] = CNOT 34 77
[21723] = S 34
[21724] = Z 34
[21725] = CNOT 34 77
[21726] = CNOT 34 81
[21727] = Z 34
[21728] = CNOT 34 81
[21729] = CNOT 34 82
[21730] = S 34
[21731] = CNOT 34 82
[21732] = CNOT 34 86
[21733] = S 34
[21734] = Z 34
[21735] = CNOT 34 86
[21736] = CNOT 34 73
[21737] = CNOT 34 74
[21738] = CNOT 34 77
[21739] = S 34
[21740] = Z 34
[21741] = CNOT 34 77
[21742] = CNOT 34 79
[21743] = S 34
[21744] = Z 34
[21745] = CNOT 34 79
[21746] = CNOT 34 80
[21747] = S 34
[21748] = Z 34
[21749] = CNOT 34 80
[21750] = CNOT 34 82
[21751] = S 34
[21752] = CNOT 34 82
[21753] = CNOT 34 86
[21754] = S 34
[21755] = CNOT 34 86
[21756] = CNOT 34 91
[21757] = Z 34
[21758] = CNOT 34 91
[21759] = CNOT 34 92
[21760] = S 34
[21761] = Z 34
[21762] = CNOT 34 92
[21763] = CNOT 34 74
[21764] = CNOT 34 75
[21765] = CNOT 34 77
[21766] = S 34
[21767] = Z 34
[21768] = CNOT 34 77
[21769] = CNOT 34 82
[21770] = Z 34
[21771] = CNOT 34 82
[21772] = CNOT 34 86
[21773] = S 34
[21774] = CNOT 34 86
[21775] = CNOT 34 91
[21776] = Z 34
[21777] = CNOT 34 91
[21778] = CNOT 34 92
[21779] = S 34
[21780] = Z 34
[21781] = CNOT 34 92
[21782] = CNOT 34 75
[21783] = CNOT 34 77
[21784] = CNOT 34 79
[21785] = S 34
[21786] = Z 34
[21787] = CNOT 34 77
[21788] = CNOT 34 80
[21789] = S 34
[21790] = Z 34
[21791] = CNOT 34 80
[21792] = CNOT 34 82
[21793] = S 34
[21794] = CNOT 34 82
[21795] = CNOT 34 86
[21796] = S 34
[21797] = CNOT 34 86
[21798] = CNOT 34 91
[21799] = Z 34
[21800] = CNOT 34 91
[21801] = CNOT 34 92
[21802] = S 34
[21803] = Z 34
[21804] = CNOT 34 92
[21805] = CNOT 34 79
[21806] = CNOT 34 80
[21807] = CNOT 34 82
[21808] = S 34
[21809] = Z 34
[21810] = CNOT 34 80
[21811] = CNOT 34 81
[21812] = S 34
[21813] = Z 34
[21814] = CNOT 34 82
[21815] = CNOT 34 86
[21816] = S 34
[21817] = CNOT 34 86
[21818] = CNOT 34 91
[21819] = S 34
[21820] = Z 34
[21821] = CNOT 34 91
[21822] = CNOT 34 81
[21823] = CNOT 34 82
[21824] = CNOT 34 86
[21825] = S 34
[21826] = Z 34
[21827] = CNOT 34 86
[21828] = CNOT 34 91
[21829] = Z 34
[21830] = CNOT 34 91
[21831] = CNOT 34 92
[21832] = S 34
[21833] = Z 34
[21834] = CNOT 34 92
[21835] = CNOT 34 82
[21836] = CNOT 34 86
[21837] = CNOT 34 91
[21838] = S 34
[21839] = Z 34
[21840] = CNOT 34 91
[21841] = CNOT 34 86
[21842] = CNOT 35 36
[21843] = CNOT 35 45
[21844] = Z 35
[21845] = CNOT 35 45
[21846] = CNOT 35 55
[21847] = Z 35
[21848] = CNOT 35 55
[21849] = CNOT 35 56
[21850] = Z 35
[21851] = CNOT 35 56
[21852] = CNOT 35 65
[21853] = Z 35
[21854] = CNOT 35 65
[21855] = CNOT 35 73
[21856] = Z 35
[21857] = CNOT 35 73
[21858] = CNOT 35 74
[21859] = Z 35
[21860] = CNOT 35 74
[21861] = CNOT 35 75
[21862] = Z 35
[21863] = CNOT 35 75
[21864] = CNOT 35 79
[21865] = Z 35
[21866] = CNOT 35 79
[21867] = CNOT 35 82
[21868] = Z 35
[21869] = CNOT 35 82
[21870] = CNOT 35 36
[21871] = CNOT 35 37
[21872] = CNOT 35 53
[21873] = S 35
[21874] = Z 35
[21875] = CNOT 35 53
[21876] = CNOT 35 55
[21877] = S 35
[21878] = Z 35
[21879] = CNOT 35 55
[21880] = CNOT 35 65
[21881] = S 35
[21882] = Z 35
[21883] = CNOT 35 65
[21884] = CNOT 35 74
[21885] = S 35
[21886] = Z 35
[21887] = CNOT 35 74
[21888] = CNOT 35 75
[21889] = S 35
[21890] = Z 35
[21891] = CNOT 35 75
[21892] = CNOT 35 79
[21893] = S 35
[21894] = Z 35
[21895] = CNOT 35 79
[21896] = CNOT 35 37
[21897] = CNOT 35 45
[21898] = CNOT 35 55
[21899] = Z 35
[21900] = CNOT 35 55
[21901] = CNOT 35 56
[21902] = Z 35
[21903] = CNOT 35 56
[21904] = CNOT 35 65
[21905] = Z 35
[21906] = CNOT 35 65
[21907] = CNOT 35 73
[21908] = Z 35
[21909] = CNOT 35 73
[21910] = CNOT 35 74
[21911] = Z 35
[21912] = CNOT 35 74
[21913] = CNOT 35 75
[21914] = Z 35
[21915] = CNOT 35 75
[21916] = CNOT 35 79
[21917] = Z 35
[21918] = CNOT 35 79
[21919] = CNOT 35 82
[21920] = Z 35
[21921] = CNOT 35 82
[21922] = CNOT 35 45
[21923] = CNOT 35 53
[21924] = CNOT 35 55
[21925] = Z 35
[21926] = CNOT 35 55
[21927] = CNOT 35 65
[21928] = Z 35
[21929] = CNOT 35 65
[21930] = CNOT 35 74
[21931] = Z 35
[21932] = CNOT 35 74
[21933] = CNOT 35 75
[21934] = Z 35
[21935] = CNOT 35 75
[21936] = CNOT 35 79
[21937] = Z 35
[21938] = CNOT 35 79
[21939] = CNOT 35 53
[21940] = CNOT 35 55
[21941] = CNOT 35 56
[21942] = Z 35
[21943] = CNOT 35 56
[21944] = CNOT 35 73
[21945] = Z 35
[21946] = CNOT 35 73
[21947] = CNOT 35 82
[21948] = Z 35
[21949] = CNOT 35 82
[21950] = CNOT 35 55
[21951] = CNOT 35 56
[21952] = CNOT 35 65
[21953] = Z 35
[21954] = CNOT 35 65
[21955] = CNOT 35 73
[21956] = Z 35
[21957] = CNOT 35 73
[21958] = CNOT 35 74
[21959] = Z 35
[21960] = CNOT 35 74
[21961] = CNOT 35 75
[21962] = Z 35
[21963] = CNOT 35 75
[21964] = CNOT 35 79
[21965] = Z 35
[21966] = CNOT 35 79
[21967] = CNOT 35 82
[21968] = Z 35
[21969] = CNOT 35 82
[21970] = CNOT 35 56
[21971] = CNOT 35 65
[21972] = CNOT 35 73
[21973] = Z 35
[21974] = CNOT 35 73
[21975] = CNOT 35 82
[21976] = Z 35
[21977] = CNOT 35 82
[21978] = CNOT 35 65
[21979] = CNOT 35 73
[21980] = CNOT 35 74
[21981] = Z 35
[21982] = CNOT 35 74
[21983] = CNOT 35 75
[21984] = Z 35
[21985] = CNOT 35 75
[21986] = CNOT 35 79
[21987] = Z 35
[21988] = CNOT 35 79
[21989] = CNOT 35 82
[21990] = Z 35
[21991] = CNOT 35 73
[21992] = CNOT 35 74
[21993] = Z 35
[21994] = CNOT 35 74
[21995] = CNOT 35 75
[21996] = Z 35
[21997] = CNOT 35 75
[21998] = CNOT 35 79
[21999] = Z 35
[22000] = CNOT 35 82
[22001] = CNOT 35 79
[22002] = CNOT 36 38
[22003] = CNOT 36 45
[22004] = Z 36
[22005] = CNOT 36 45
[22006] = CNOT 36 53
[22007] = Z 36
[22008] = CNOT 36 53
[22009] = CNOT 36 54
[22010] = Z 36
[22011] = CNOT 36 54
[22012] = CNOT 36 56
[22013] = Z 36
[22014] = CNOT 36 56
[22015] = CNOT 36 73
[22016] = Z 36
[22017] = CNOT 36 73
[22018] = CNOT 36 74
[22019] = Z 36
[22020] = CNOT 36 74
[22021] = CNOT 36 75
[22022] = Z 36
[22023] = CNOT 36 75
[22024] = CNOT 36 79
[22025] = Z 36
[22026] = CNOT 36 79
[22027] = CNOT 36 81
[22028] = Z 36
[22029] = CNOT 36 81
[22030] = CNOT 36 82
[22031] = Z 36
[22032] = CNOT 36 82
[22033] = CNOT 36 38
[22034] = CNOT 36 45
[22035] = CNOT 36 47
[22036] = Z 36
[22037] = CNOT 36 47
[22038] = CNOT 36 54
[22039] = S 36
[22040] = CNOT 36 54
[22041] = CNOT 36 56
[22042] = Z 36
[22043] = CNOT 36 56
[22044] = CNOT 36 57
[22045] = Z 36
[22046] = CNOT 36 57
[22047] = CNOT 36 58
[22048] = S 36
[22049] = CNOT 36 58
[22050] = CNOT 36 62
[22051] = S 36
[22052] = Z 36
[22053] = CNOT 36 62
[22054] = CNOT 36 65
[22055] = S 36
[22056] = Z 36
[22057] = CNOT 36 65
[22058] = CNOT 36 68
[22059] = Z 36
[22060] = CNOT 36 68
[22061] = CNOT 36 71
[22062] = Z 36
[22063] = CNOT 36 71
[22064] = CNOT 36 73
[22065] = S 36
[22066] = Z 36
[22067] = CNOT 36 73
[22068] = CNOT 36 74
[22069] = Z 36
[22070] = CNOT 36 74
[22071] = CNOT 36 75
[22072] = S 36
[22073] = Z 36
[22074] = CNOT 36 75
[22075] = CNOT 36 77
[22076] = Z 36
[22077] = CNOT 36 77
[22078] = CNOT 36 79
[22079] = S 36
[22080] = CNOT 36 79
[22081] = CNOT 36 80
[22082] = S 36
[22083] = Z 36
[22084] = CNOT 36 80
[22085] = CNOT 36 81
[22086] = Z 36
[22087] = CNOT 36 81
[22088] = CNOT 36 82
[22089] = Z 36
[22090] = CNOT 36 82
[22091] = CNOT 36 83
[22092] = Z 36
[22093] = CNOT 36 83
[22094] = CNOT 36 84
[22095] = Z 36
[22096] = CNOT 36 84
[22097] = CNOT 36 85
[22098] = Z 36
[22099] = CNOT 36 85
[22100] = CNOT 36 86
[22101] = S 36
[22102] = Z 36
[22103] = CNOT 36 86
[22104] = CNOT 36 88
[22105] = Z 36
[22106] = CNOT 36 88
[22107] = CNOT 36 90
[22108] = Z 36
[22109] = CNOT 36 90
[22110] = CNOT 36 92
[22111] = S 36
[22112] = CNOT 36 92
[22113] = CNOT 36 93
[22114] = S 36
[22115] = Z 36
[22116] = CNOT 36 93
[22117] = CNOT 36 95
[22118] = Z 36
[22119] = CNOT 36 95
[22120] = CNOT 36 96
[22121] = S 36
[22122] = CNOT 36 96
[22123] = CNOT 36 98
[22124] = Z 36
[22125] = CNOT 36 98
[22126] = CNOT 36 99
[22127] = Z 36
[22128] = CNOT 36 99
[22129] = CNOT 36 101
[22130] = Z 36
[22131] = CNOT 36 101
[22132] = CNOT 36 102
[22133] = Z 36
[22134] = CNOT 36 102
[22135] = CNOT 36 45
[22136] = CNOT 36 47
[22137] = CNOT 36 53
[22138] = Z 36
[22139] = CNOT 36 53
[22140] = CNOT 36 54
[22141] = Z 36
[22142] = CNOT 36 54
[22143] = CNOT 36 56
[22144] = Z 36
[22145] = CNOT 36 56
[22146] = CNOT 36 68
[22147] = Z 36
[22148] = CNOT 36 68
[22149] = CNOT 36 72
[22150] = Z 36
[22151] = CNOT 36 72
[22152] = CNOT 36 73
[22153] = Z 36
[22154] = CNOT 36 73
[22155] = CNOT 36 74
[22156] = Z 36
[22157] = CNOT 36 74
[22158] = CNOT 36 75
[22159] = Z 36
[22160] = CNOT 36 75
[22161] = CNOT 36 79
[22162] = Z 36
[22163] = CNOT 36 79
[22164] = CNOT 36 81
[22165] = Z 36
[22166] = CNOT 36 81
[22167] = CNOT 36 82
[22168] = Z 36
[22169] = CNOT 36 82
[22170] = CNOT 36 47
[22171] = CNOT 36 53
[22172] = CNOT 36 54
[22173] = S 36
[22174] = CNOT 36 54
[22175] = CNOT 36 55
[22176] = Z 36
[22177] = CNOT 36 55
[22178] = CNOT 36 57
[22179] = Z 36
[22180] = CNOT 36 57
[22181] = CNOT 36 58
[22182] = S 36
[22183] = CNOT 36 58
[22184] = CNOT 36 62
[22185] = S 36
[22186] = Z 36
[22187] = CNOT 36 62
[22188] = CNOT 36 65
[22189] = S 36
[22190] = CNOT 36 65
[22191] = CNOT 36 68
[22192] = Z 36
[22193] = CNOT 36 68
[22194] = CNOT 36 71
[22195] = Z 36
[22196] = CNOT 36 71
[22197] = CNOT 36 73
[22198] = S 36
[22199] = CNOT 36 73
[22200] = CNOT 36 75
[22201] = S 36
[22202] = CNOT 36 75
[22203] = CNOT 36 77
[22204] = Z 36
[22205] = CNOT 36 77
[22206] = CNOT 36 79
[22207] = S 36
[22208] = Z 36
[22209] = CNOT 36 79
[22210] = CNOT 36 80
[22211] = S 36
[22212] = Z 36
[22213] = CNOT 36 80
[22214] = CNOT 36 81
[22215] = Z 36
[22216] = CNOT 36 81
[22217] = CNOT 36 83
[22218] = Z 36
[22219] = CNOT 36 83
[22220] = CNOT 36 84
[22221] = Z 36
[22222] = CNOT 36 84
[22223] = CNOT 36 85
[22224] = Z 36
[22225] = CNOT 36 85
[22226] = CNOT 36 86
[22227] = S 36
[22228] = Z 36
[22229] = CNOT 36 86
[22230] = CNOT 36 88
[22231] = Z 36
[22232] = CNOT 36 88
[22233] = CNOT 36 90
[22234] = Z 36
[22235] = CNOT 36 90
[22236] = CNOT 36 92
[22237] = S 36
[22238] = CNOT 36 92
[22239] = CNOT 36 93
[22240] = S 36
[22241] = Z 36
[22242] = CNOT 36 93
[22243] = CNOT 36 95
[22244] = Z 36
[22245] = CNOT 36 95
[22246] = CNOT 36 96
[22247] = S 36
[22248] = CNOT 36 96
[22249] = CNOT 36 98
[22250] = Z 36
[22251] = CNOT 36 98
[22252] = CNOT 36 99
[22253] = Z 36
[22254] = CNOT 36 99
[22255] = CNOT 36 101
[22256] = Z 36
[22257] = CNOT 36 101
[22258] = CNOT 36 102
[22259] = Z 36
[22260] = CNOT 36 102
[22261] = CNOT 36 53
[22262] = CNOT 36 54
[22263] = CNOT 36 55
[22264] = S 36
[22265] = Z 36
[22266] = CNOT 36 55
[22267] = CNOT 36 56
[22268] = S 36
[22269] = CNOT 36 56
[22270] = CNOT 36 57
[22271] = Z 36
[22272] = CNOT 36 57
[22273] = CNOT 36 58
[22274] = Z 36
[22275] = CNOT 36 58
[22276] = CNOT 36 62
[22277] = S 36
[22278] = Z 36
[22279] = CNOT 36 62
[22280] = CNOT 36 64
[22281] = S 36
[22282] = CNOT 36 64
[22283] = CNOT 36 65
[22284] = Z 36
[22285] = CNOT 36 65
[22286] = CNOT 36 68
[22287] = Z 36
[22288] = CNOT 36 68
[22289] = CNOT 36 73
[22290] = S 36
[22291] = CNOT 36 73
[22292] = CNOT 36 74
[22293] = S 36
[22294] = CNOT 36 74
[22295] = CNOT 36 75
[22296] = S 36
[22297] = CNOT 36 75
[22298] = CNOT 36 77
[22299] = Z 36
[22300] = CNOT 36 77
[22301] = CNOT 36 79
[22302] = S 36
[22303] = CNOT 36 79
[22304] = CNOT 36 81
[22305] = Z 36
[22306] = CNOT 36 81
[22307] = CNOT 36 82
[22308] = S 36
[22309] = CNOT 36 82
[22310] = CNOT 36 86
[22311] = S 36
[22312] = Z 36
[22313] = CNOT 36 86
[22314] = CNOT 36 54
[22315] = CNOT 36 55
[22316] = CNOT 36 57
[22317] = Z 36
[22318] = CNOT 36 57
[22319] = CNOT 36 58
[22320] = S 36
[22321] = CNOT 36 58
[22322] = CNOT 36 64
[22323] = Z 36
[22324] = CNOT 36 64
[22325] = CNOT 36 65
[22326] = S 36
[22327] = Z 36
[22328] = CNOT 36 65
[22329] = CNOT 36 71
[22330] = Z 36
[22331] = CNOT 36 71
[22332] = CNOT 36 73
[22333] = S 36
[22334] = CNOT 36 73
[22335] = CNOT 36 75
[22336] = S 36
[22337] = CNOT 36 75
[22338] = CNOT 36 77
[22339] = Z 36
[22340] = CNOT 36 77
[22341] = CNOT 36 79
[22342] = S 36
[22343] = Z 36
[22344] = CNOT 36 79
[22345] = CNOT 36 80
[22346] = S 36
[22347] = Z 36
[22348] = CNOT 36 80
[22349] = CNOT 36 82
[22350] = S 36
[22351] = Z 36
[22352] = CNOT 36 82
[22353] = CNOT 36 83
[22354] = Z 36
[22355] = CNOT 36 83
[22356] = CNOT 36 84
[22357] = Z 36
[22358] = CNOT 36 84
[22359] = CNOT 36 85
[22360] = Z 36
[22361] = CNOT 36 85
[22362] = CNOT 36 88
[22363] = Z 36
[22364] = CNOT 36 88
[22365] = CNOT 36 90
[22366] = Z 36
[22367] = CNOT 36 90
[22368] = CNOT 36 92
[22369] = S 36
[22370] = CNOT 36 92
[22371] = CNOT 36 93
[22372] = S 36
[22373] = Z 36
[22374] = CNOT 36 93
[22375] = CNOT 36 95
[22376] = Z 36
[22377] = CNOT 36 95
[22378] = CNOT 36 96
[22379] = S 36
[22380] = CNOT 36 96
[22381] = CNOT 36 98
[22382] = Z 36
[22383] = CNOT 36 98
[22384] = CNOT 36 99
[22385] = Z 36
[22386] = CNOT 36 99
[22387] = CNOT 36 101
[22388] = Z 36
[22389] = CNOT 36 101
[22390] = CNOT 36 102
[22391] = Z 36
[22392] = CNOT 36 102
[22393] = CNOT 36 55
[22394] = CNOT 36 56
[22395] = CNOT 36 57
[22396] = Z 36
[22397] = CNOT 36 57
[22398] = CNOT 36 58
[22399] = S 36
[22400] = CNOT 36 58
[22401] = CNOT 36 62
[22402] = S 36
[22403] = Z 36
[22404] = CNOT 36 62
[22405] = CNOT 36 65
[22406] = S 36
[22407] = Z 36
[22408] = CNOT 36 65
[22409] = CNOT 36 68
[22410] = Z 36
[22411] = CNOT 36 68
[22412] = CNOT 36 71
[22413] = Z 36
[22414] = CNOT 36 71
[22415] = CNOT 36 73
[22416] = S 36
[22417] = Z 36
[22418] = CNOT 36 73
[22419] = CNOT 36 74
[22420] = Z 36
[22421] = CNOT 36 74
[22422] = CNOT 36 75
[22423] = S 36
[22424] = Z 36
[22425] = CNOT 36 75
[22426] = CNOT 36 77
[22427] = Z 36
[22428] = CNOT 36 77
[22429] = CNOT 36 79
[22430] = S 36
[22431] = CNOT 36 79
[22432] = CNOT 36 80
[22433] = S 36
[22434] = Z 36
[22435] = CNOT 36 80
[22436] = CNOT 36 81
[22437] = Z 36
[22438] = CNOT 36 81
[22439] = CNOT 36 82
[22440] = Z 36
[22441] = CNOT 36 82
[22442] = CNOT 36 83
[22443] = Z 36
[22444] = CNOT 36 83
[22445] = CNOT 36 84
[22446] = Z 36
[22447] = CNOT 36 84
[22448] = CNOT 36 85
[22449] = Z 36
[22450] = CNOT 36 85
[22451] = CNOT 36 86
[22452] = S 36
[22453] = Z 36
[22454] = CNOT 36 86
[22455] = CNOT 36 88
[22456] = Z 36
[22457] = CNOT 36 88
[22458] = CNOT 36 90
[22459] = Z 36
[22460] = CNOT 36 90
[22461] = CNOT 36 92
[22462] = S 36
[22463] = CNOT 36 92
[22464] = CNOT 36 93
[22465] = S 36
[22466] = Z 36
[22467] = CNOT 36 93
[22468] = CNOT 36 95
[22469] = Z 36
[22470] = CNOT 36 95
[22471] = CNOT 36 96
[22472] = S 36
[22473] = CNOT 36 96
[22474] = CNOT 36 98
[22475] = Z 36
[22476] = CNOT 36 98
[22477] = CNOT 36 99
[22478] = Z 36
[22479] = CNOT 36 99
[22480] = CNOT 36 101
[22481] = Z 36
[22482] = CNOT 36 101
[22483] = CNOT 36 102
[22484] = Z 36
[22485] = CNOT 36 102
[22486] = CNOT 36 56
[22487] = CNOT 36 57
[22488] = CNOT 36 58
[22489] = S 36
[22490] = Z 36
[22491] = CNOT 36 58
[22492] = CNOT 36 65
[22493] = S 36
[22494] = Z 36
[22495] = CNOT 36 65
[22496] = CNOT 36 73
[22497] = Z 36
[22498] = CNOT 36 73
[22499] = CNOT 36 74
[22500] = Z 36
[22501] = CNOT 36 74
[22502] = CNOT 36 75
[22503] = Z 36
[22504] = CNOT 36 75
[22505] = CNOT 36 79
[22506] = Z 36
[22507] = CNOT 36 79
[22508] = CNOT 36 82
[22509] = Z 36
[22510] = CNOT 36 82
[22511] = CNOT 36 57
[22512] = CNOT 36 58
[22513] = CNOT 36 64
[22514] = Z 36
[22515] = CNOT 36 64
[22516] = CNOT 36 65
[22517] = S 36
[22518] = CNOT 36 65
[22519] = CNOT 36 71
[22520] = Z 36
[22521] = CNOT 36 71
[22522] = CNOT 36 73
[22523] = Z 36
[22524] = CNOT 36 73
[22525] = CNOT 36 74
[22526] = S 36
[22527] = CNOT 36 74
[22528] = CNOT 36 75
[22529] = Z 36
[22530] = CNOT 36 75
[22531] = CNOT 36 80
[22532] = S 36
[22533] = Z 36
[22534] = CNOT 36 80
[22535] = CNOT 36 82
[22536] = S 36
[22537] = CNOT 36 82
[22538] = CNOT 36 83
[22539] = Z 36
[22540] = CNOT 36 83
[22541] = CNOT 36 84
[22542] = Z 36
[22543] = CNOT 36 84
[22544] = CNOT 36 85
[22545] = Z 36
[22546] = CNOT 36 85
[22547] = CNOT 36 88
[22548] = Z 36
[22549] = CNOT 36 88
[22550] = CNOT 36 90
[22551] = Z 36
[22552] = CNOT 36 90
[22553] = CNOT 36 92
[22554] = S 36
[22555] = CNOT 36 92
[22556] = CNOT 36 93
[22557] = S 36
[22558] = Z 36
[22559] = CNOT 36 93
[22560] = CNOT 36 95
[22561] = Z 36
[22562] = CNOT 36 95
[22563] = CNOT 36 96
[22564] = S 36
[22565] = CNOT 36 96
[22566] = CNOT 36 98
[22567] = Z 36
[22568] = CNOT 36 98
[22569] = CNOT 36 99
[22570] = Z 36
[22571] = CNOT 36 99
[22572] = CNOT 36 101
[22573] = Z 36
[22574] = CNOT 36 101
[22575] = CNOT 36 102
[22576] = Z 36
[22577] = CNOT 36 102
[22578] = CNOT 36 58
[22579] = CNOT 36 62
[22580] = CNOT 36 63
[22581] = S 36
[22582] = Z 36
[22583] = CNOT 36 63
[22584] = CNOT 36 65
[22585] = S 36
[22586] = Z 36
[22587] = CNOT 36 65
[22588] = CNOT 36 73
[22589] = Z 36
[22590] = CNOT 36 73
[22591] = CNOT 36 74
[22592] = Z 36
[22593] = CNOT 36 74
[22594] = CNOT 36 75
[22595] = Z 36
[22596] = CNOT 36 75
[22597] = CNOT 36 79
[22598] = Z 36
[22599] = CNOT 36 79
[22600] = CNOT 36 81
[22601] = S 36
[22602] = Z 36
[22603] = CNOT 36 81
[22604] = CNOT 36 86
[22605] = S 36
[22606] = Z 36
[22607] = CNOT 36 86
[22608] = CNOT 36 62
[22609] = CNOT 36 63
[22610] = CNOT 36 65
[22611] = Z 36
[22612] = CNOT 36 65
[22613] = CNOT 36 73
[22614] = Z 36
[22615] = CNOT 36 73
[22616] = CNOT 36 74
[22617] = Z 36
[22618] = CNOT 36 74
[22619] = CNOT 36 75
[22620] = Z 36
[22621] = CNOT 36 75
[22622] = CNOT 36 79
[22623] = Z 36
[22624] = CNOT 36 79
[22625] = CNOT 36 63
[22626] = CNOT 36 64
[22627] = CNOT 36 65
[22628] = Z 36
[22629] = CNOT 36 65
[22630] = CNOT 36 68
[22631] = Z 36
[22632] = CNOT 36 68
[22633] = CNOT 36 71
[22634] = S 36
[22635] = Z 36
[22636] = CNOT 36 71
[22637] = CNOT 36 72
[22638] = S 36
[22639] = Z 36
[22640] = CNOT 36 72
[22641] = CNOT 36 81
[22642] = Z 36
[22643] = CNOT 36 81
[22644] = CNOT 36 64
[22645] = CNOT 36 65
[22646] = CNOT 36 71
[22647] = Z 36
[22648] = CNOT 36 71
[22649] = CNOT 36 73
[22650] = Z 36
[22651] = CNOT 36 73
[22652] = CNOT 36 74
[22653] = S 36
[22654] = CNOT 36 74
[22655] = CNOT 36 75
[22656] = Z 36
[22657] = CNOT 36 75
[22658] = CNOT 36 80
[22659] = S 36
[22660] = Z 36
[22661] = CNOT 36 80
[22662] = CNOT 36 82
[22663] = S 36
[22664] = Z 36
[22665] = CNOT 36 82
[22666] = CNOT 36 83
[22667] = Z 36
[22668] = CNOT 36 83
[22669] = CNOT 36 84
[22670] = Z 36
[22671] = CNOT 36 84
[22672] = CNOT 36 85
[22673] = Z 36
[22674] = CNOT 36 85
[22675] = CNOT 36 88
[22676] = Z 36
[22677] = CNOT 36 88
[22678] = CNOT 36 90
[22679] = Z 36
[22680] = CNOT 36 90
[22681] = CNOT 36 92
[22682] = S 36
[22683] = CNOT 36 92
[22684] = CNOT 36 93
[22685] = S 36
[22686] = Z 36
[22687] = CNOT 36 93
[22688] = CNOT 36 95
[22689] = Z 36
[22690] = CNOT 36 95
[22691] = CNOT 36 96
[22692] = S 36
[22693] = CNOT 36 96
[22694] = CNOT 36 98
[22695] = Z 36
[22696] = CNOT 36 98
[22697] = CNOT 36 99
[22698] = Z 36
[22699] = CNOT 36 99
[22700] = CNOT 36 101
[22701] = Z 36
[22702] = CNOT 36 101
[22703] = CNOT 36 102
[22704] = Z 36
[22705] = CNOT 36 102
[22706] = CNOT 36 65
[22707] = CNOT 36 68
[22708] = CNOT 36 73
[22709] = Z 36
[22710] = CNOT 36 73
[22711] = CNOT 36 74
[22712] = Z 36
[22713] = CNOT 36 74
[22714] = CNOT 36 75
[22715] = Z 36
[22716] = CNOT 36 75
[22717] = CNOT 36 79
[22718] = Z 36
[22719] = CNOT 36 79
[22720] = CNOT 36 81
[22721] = Z 36
[22722] = CNOT 36 81
[22723] = CNOT 36 82
[22724] = Z 36
[22725] = CNOT 36 82
[22726] = CNOT 36 68
[22727] = CNOT 36 71
[22728] = CNOT 36 73
[22729] = Z 36
[22730] = CNOT 36 73
[22731] = CNOT 36 74
[22732] = Z 36
[22733] = CNOT 36 74
[22734] = CNOT 36 75
[22735] = S 36
[22736] = Z 36
[22737] = CNOT 36 75
[22738] = CNOT 36 79
[22739] = Z 36
[22740] = CNOT 36 79
[22741] = CNOT 36 82
[22742] = Z 36
[22743] = CNOT 36 82
[22744] = CNOT 36 71
[22745] = CNOT 36 73
[22746] = CNOT 36 74
[22747] = S 36
[22748] = CNOT 36 74
[22749] = CNOT 36 75
[22750] = Z 36
[22751] = CNOT 36 75
[22752] = CNOT 36 77
[22753] = Z 36
[22754] = CNOT 36 77
[22755] = CNOT 36 81
[22756] = Z 36
[22757] = CNOT 36 81
[22758] = CNOT 36 82
[22759] = S 36
[22760] = Z 36
[22761] = CNOT 36 82
[22762] = CNOT 36 83
[22763] = Z 36
[22764] = CNOT 36 83
[22765] = CNOT 36 84
[22766] = S 36
[22767] = Z 36
[22768] = CNOT 36 84
[22769] = CNOT 36 85
[22770] = S 36
[22771] = Z 36
[22772] = CNOT 36 85
[22773] = CNOT 36 86
[22774] = S 36
[22775] = Z 36
[22776] = CNOT 36 86
[22777] = CNOT 36 88
[22778] = S 36
[22779] = Z 36
[22780] = CNOT 36 88
[22781] = CNOT 36 90
[22782] = S 36
[22783] = Z 36
[22784] = CNOT 36 90
[22785] = CNOT 36 92
[22786] = S 36
[22787] = CNOT 36 92
[22788] = CNOT 36 95
[22789] = Z 36
[22790] = CNOT 36 95
[22791] = CNOT 36 96
[22792] = S 36
[22793] = CNOT 36 96
[22794] = CNOT 36 98
[22795] = S 36
[22796] = Z 36
[22797] = CNOT 36 98
[22798] = CNOT 36 99
[22799] = Z 36
[22800] = CNOT 36 99
[22801] = CNOT 36 101
[22802] = S 36
[22803] = Z 36
[22804] = CNOT 36 101
[22805] = CNOT 36 102
[22806] = Z 36
[22807] = CNOT 36 102
[22808] = CNOT 36 73
[22809] = CNOT 36 74
[22810] = CNOT 36 75
[22811] = S 36
[22812] = CNOT 36 75
[22813] = CNOT 36 77
[22814] = Z 36
[22815] = CNOT 36 77
[22816] = CNOT 36 79
[22817] = S 36
[22818] = Z 36
[22819] = CNOT 36 79
[22820] = CNOT 36 80
[22821] = S 36
[22822] = Z 36
[22823] = CNOT 36 80
[22824] = CNOT 36 81
[22825] = Z 36
[22826] = CNOT 36 81
[22827] = CNOT 36 82
[22828] = Z 36
[22829] = CNOT 36 82
[22830] = CNOT 36 83
[22831] = Z 36
[22832] = CNOT 36 83
[22833] = CNOT 36 84
[22834] = Z 36
[22835] = CNOT 36 84
[22836] = CNOT 36 85
[22837] = Z 36
[22838] = CNOT 36 85
[22839] = CNOT 36 86
[22840] = S 36
[22841] = Z 36
[22842] = CNOT 36 86
[22843] = CNOT 36 88
[22844] = Z 36
[22845] = CNOT 36 88
[22846] = CNOT 36 90
[22847] = Z 36
[22848] = CNOT 36 90
[22849] = CNOT 36 92
[22850] = S 36
[22851] = CNOT 36 92
[22852] = CNOT 36 93
[22853] = S 36
[22854] = Z 36
[22855] = CNOT 36 93
[22856] = CNOT 36 95
[22857] = Z 36
[22858] = CNOT 36 95
[22859] = CNOT 36 96
[22860] = S 36
[22861] = CNOT 36 96
[22862] = CNOT 36 98
[22863] = Z 36
[22864] = CNOT 36 98
[22865] = CNOT 36 99
[22866] = Z 36
[22867] = CNOT 36 99
[22868] = CNOT 36 101
[22869] = Z 36
[22870] = CNOT 36 101
[22871] = CNOT 36 102
[22872] = Z 36
[22873] = CNOT 36 102
[22874] = CNOT 36 74
[22875] = CNOT 36 75
[22876] = CNOT 36 77
[22877] = Z 36
[22878] = CNOT 36 77
[22879] = CNOT 36 79
[22880] = Z 36
[22881] = CNOT 36 79
[22882] = CNOT 36 80
[22883] = Z 36
[22884] = CNOT 36 80
[22885] = CNOT 36 81
[22886] = Z 36
[22887] = CNOT 36 81
[22888] = CNOT 36 82
[22889] = S 36
[22890] = Z 36
[22891] = CNOT 36 82
[22892] = CNOT 36 83
[22893] = S 36
[22894] = Z 36
[22895] = CNOT 36 83
[22896] = CNOT 36 84
[22897] = S 36
[22898] = Z 36
[22899] = CNOT 36 84
[22900] = CNOT 36 86
[22901] = S 36
[22902] = Z 36
[22903] = CNOT 36 86
[22904] = CNOT 36 92
[22905] = S 36
[22906] = Z 36
[22907] = CNOT 36 92
[22908] = CNOT 36 95
[22909] = S 36
[22910] = Z 36
[22911] = CNOT 36 95
[22912] = CNOT 36 102
[22913] = S 36
[22914] = Z 36
[22915] = CNOT 36 102
[22916] = CNOT 36 75
[22917] = CNOT 36 77
[22918] = CNOT 36 79
[22919] = Z 36
[22920] = CNOT 36 77
[22921] = CNOT 36 80
[22922] = Z 36
[22923] = CNOT 36 80
[22924] = CNOT 36 81
[22925] = Z 36
[22926] = CNOT 36 81
[22927] = CNOT 36 82
[22928] = S 36
[22929] = CNOT 36 82
[22930] = CNOT 36 83
[22931] = Z 36
[22932] = CNOT 36 83
[22933] = CNOT 36 86
[22934] = S 36
[22935] = Z 36
[22936] = CNOT 36 86
[22937] = CNOT 36 95
[22938] = Z 36
[22939] = CNOT 36 95
[22940] = CNOT 36 102
[22941] = Z 36
[22942] = CNOT 36 102
[22943] = CNOT 36 79
[22944] = CNOT 36 80
[22945] = CNOT 36 82
[22946] = S 36
[22947] = Z 36
[22948] = CNOT 36 82
[22949] = CNOT 36 83
[22950] = S 36
[22951] = Z 36
[22952] = CNOT 36 83
[22953] = CNOT 36 84
[22954] = Z 36
[22955] = CNOT 36 84
[22956] = CNOT 36 85
[22957] = Z 36
[22958] = CNOT 36 85
[22959] = CNOT 36 88
[22960] = Z 36
[22961] = CNOT 36 88
[22962] = CNOT 36 90
[22963] = Z 36
[22964] = CNOT 36 90
[22965] = CNOT 36 92
[22966] = S 36
[22967] = CNOT 36 92
[22968] = CNOT 36 93
[22969] = S 36
[22970] = Z 36
[22971] = CNOT 36 93
[22972] = CNOT 36 96
[22973] = S 36
[22974] = CNOT 36 96
[22975] = CNOT 36 98
[22976] = Z 36
[22977] = CNOT 36 98
[22978] = CNOT 36 99
[22979] = Z 36
[22980] = CNOT 36 99
[22981] = CNOT 36 101
[22982] = Z 36
[22983] = CNOT 36 101
[22984] = CNOT 36 80
[22985] = CNOT 36 81
[22986] = CNOT 36 82
[22987] = S 36
[22988] = Z 36
[22989] = CNOT 36 82
[22990] = CNOT 36 86
[22991] = S 36
[22992] = Z 36
[22993] = CNOT 36 86
[22994] = CNOT 36 81
[22995] = CNOT 36 82
[22996] = CNOT 36 83
[22997] = Z 36
[22998] = CNOT 36 83
[22999] = CNOT 36 84
[23000] = Z 36
[23001] = CNOT 36 84
[23002] = CNOT 36 85
[23003] = Z 36
[23004] = CNOT 36 85
[23005] = CNOT 36 88
[23006] = Z 36
[23007] = CNOT 36 88
[23008] = CNOT 36 90
[23009] = Z 36
[23010] = CNOT 36 90
[23011] = CNOT 36 92
[23012] = S 36
[23013] = CNOT 36 92
[23014] = CNOT 36 93
[23015] = S 36
[23016] = Z 36
[23017] = CNOT 36 93
[23018] = CNOT 36 95
[23019] = Z 36
[23020] = CNOT 36 95
[23021] = CNOT 36 96
[23022] = S 36
[23023] = CNOT 36 96
[23024] = CNOT 36 98
[23025] = Z 36
[23026] = CNOT 36 98
[23027] = CNOT 36 99
[23028] = Z 36
[23029] = CNOT 36 99
[23030] = CNOT 36 101
[23031] = Z 36
[23032] = CNOT 36 101
[23033] = CNOT 36 102
[23034] = Z 36
[23035] = CNOT 36 102
[23036] = CNOT 36 82
[23037] = CNOT 36 83
[23038] = CNOT 36 95
[23039] = S 36
[23040] = Z 36
[23041] = CNOT 36 95
[23042] = CNOT 36 102
[23043] = S 36
[23044] = Z 36
[23045] = CNOT 36 102
[23046] = CNOT 36 83
[23047] = CNOT 36 84
[23048] = CNOT 36 85
[23049] = S 36
[23050] = Z 36
[23051] = CNOT 36 85
[23052] = CNOT 36 92
[23053] = Z 36
[23054] = CNOT 36 92
[23055] = CNOT 36 84
[23056] = CNOT 36 85
[23057] = CNOT 36 88
[23058] = S 36
[23059] = Z 36
[23060] = CNOT 36 88
[23061] = CNOT 36 92
[23062] = Z 36
[23063] = CNOT 36 92
[23064] = CNOT 36 85
[23065] = CNOT 36 88
[23066] = CNOT 36 90
[23067] = S 36
[23068] = Z 36
[23069] = CNOT 36 90
[23070] = CNOT 36 92
[23071] = Z 36
[23072] = CNOT 36 88
[23073] = CNOT 36 90
[23074] = Z 36
[23075] = CNOT 36 92
[23076] = CNOT 36 93
[23077] = S 36
[23078] = Z 36
[23079] = CNOT 36 90
[23080] = CNOT 36 92
[23081] = S 36
[23082] = Z 36
[23083] = CNOT 36 93
[23084] = CNOT 36 96
[23085] = S 36
[23086] = CNOT 36 96
[23087] = CNOT 36 98
[23088] = Z 36
[23089] = CNOT 36 98
[23090] = CNOT 36 99
[23091] = Z 36
[23092] = CNOT 36 99
[23093] = CNOT 36 101
[23094] = Z 36
[23095] = CNOT 36 101
[23096] = CNOT 36 92
[23097] = CNOT 36 93
[23098] = CNOT 36 96
[23099] = Z 36
[23100] = CNOT 36 96
[23101] = CNOT 36 98
[23102] = S 36
[23103] = Z 36
[23104] = CNOT 36 98
[23105] = CNOT 36 99
[23106] = Z 36
[23107] = CNOT 36 99
[23108] = CNOT 36 93
[23109] = CNOT 36 95
[23110] = CNOT 36 102
[23111] = Z 36
[23112] = CNOT 36 102
[23113] = CNOT 36 95
[23114] = CNOT 36 96
[23115] = CNOT 36 98
[23116] = S 36
[23117] = Z 36
[23118] = CNOT 36 98
[23119] = CNOT 36 99
[23120] = S 36
[23121] = Z 36
[23122] = CNOT 36 99
[23123] = CNOT 36 101
[23124] = S 36
[23125] = Z 36
[23126] = CNOT 36 96
[23127] = CNOT 36 98
[23128] = S 36
[23129] = Z 36
[23130] = CNOT 36 101
[23131] = CNOT 36 98
[23132] = CNOT 37 40
[23133] = CNOT 37 53
[23134] = S 37
[23135] = Z 37
[23136] = CNOT 37 53
[23137] = CNOT 37 55
[23138] = S 37
[23139] = Z 37
[23140] = CNOT 37 55
[23141] = CNOT 37 65
[23142] = S 37
[23143] = Z 37
[23144] = CNOT 37 65
[23145] = CNOT 37 74
[23146] = S 37
[23147] = Z 37
[23148] = CNOT 37 74
[23149] = CNOT 37 75
[23150] = S 37
[23151] = Z 37
[23152] = CNOT 37 75
[23153] = CNOT 37 79
[23154] = S 37
[23155] = Z 37
[23156] = CNOT 37 79
[23157] = CNOT 37 40
[23158] = CNOT 37 53
[23159] = CNOT 37 55
[23160] = Z 37
[23161] = CNOT 37 55
[23162] = CNOT 37 65
[23163] = Z 37
[23164] = CNOT 37 65
[23165] = CNOT 37 74
[23166] = Z 37
[23167] = CNOT 37 74
[23168] = CNOT 37 75
[23169] = Z 37
[23170] = CNOT 37 75
[23171] = CNOT 37 79
[23172] = Z 37
[23173] = CNOT 37 79
[23174] = CNOT 37 53
[23175] = CNOT 37 55
[23176] = CNOT 37 65
[23177] = Z 37
[23178] = CNOT 37 65
[23179] = CNOT 37 74
[23180] = Z 37
[23181] = CNOT 37 74
[23182] = CNOT 37 75
[23183] = Z 37
[23184] = CNOT 37 75
[23185] = CNOT 37 79
[23186] = Z 37
[23187] = CNOT 37 79
[23188] = CNOT 37 55
[23189] = CNOT 37 65
[23190] = CNOT 37 74
[23191] = Z 37
[23192] = CNOT 37 74
[23193] = CNOT 37 75
[23194] = Z 37
[23195] = CNOT 37 75
[23196] = CNOT 37 79
[23197] = Z 37
[23198] = CNOT 37 79
[23199] = CNOT 37 65
[23200] = CNOT 37 74
[23201] = CNOT 37 75
[23202] = Z 37
[23203] = CNOT 37 75
[23204] = CNOT 37 79
[23205] = Z 37
[23206] = CNOT 37 74
[23207] = CNOT 37 75
[23208] = Z 37
[23209] = CNOT 37 79
[23210] = CNOT 37 75
[23211] = CNOT 38 45
[23212] = CNOT 38 53
[23213] = Z 38
[23214] = CNOT 38 53
[23215] = CNOT 38 54
[23216] = Z 38
[23217] = CNOT 38 54
[23218] = CNOT 38 56
[23219] = Z 38
[23220] = CNOT 38 56
[23221] = CNOT 38 73
[23222] = Z 38
[23223] = CNOT 38 73
[23224] = CNOT 38 74
[23225] = Z 38
[23226] = CNOT 38 74
[23227] = CNOT 38 75
[23228] = Z 38
[23229] = CNOT 38 75
[23230] = CNOT 38 79
[23231] = Z 38
[23232] = CNOT 38 79
[23233] = CNOT 38 81
[23234] = Z 38
[23235] = CNOT 38 81
[23236] = CNOT 38 82
[23237] = Z 38
[23238] = CNOT 38 82
[23239] = CNOT 38 45
[23240] = CNOT 38 53
[23241] = CNOT 38 54
[23242] = Z 38
[23243] = CNOT 38 54
[23244] = CNOT 38 56
[23245] = Z 38
[23246] = CNOT 38 56
[23247] = CNOT 38 73
[23248] = Z 38
[23249] = CNOT 38 73
[23250] = CNOT 38 74
[23251] = Z 38
[23252] = CNOT 38 74
[23253] = CNOT 38 75
[23254] = Z 38
[23255] = CNOT 38 75
[23256] = CNOT 38 79
[23257] = Z 38
[23258] = CNOT 38 79
[23259] = CNOT 38 81
[23260] = Z 38
[23261] = CNOT 38 81
[23262] = CNOT 38 82
[23263] = Z 38
[23264] = CNOT 38 82
[23265] = CNOT 38 53
[23266] = CNOT 38 54
[23267] = CNOT 38 56
[23268] = Z 38
[23269] = CNOT 38 56
[23270] = CNOT 38 73
[23271] = Z 38
[23272] = CNOT 38 73
[23273] = CNOT 38 74
[23274] = Z 38
[23275] = CNOT 38 74
[23276] = CNOT 38 75
[23277] = Z 38
[23278] = CNOT 38 75
[23279] = CNOT 38 79
[23280] = Z 38
[23281] = CNOT 38 79
[23282] = CNOT 38 81
[23283] = Z 38
[23284] = CNOT 38 81
[23285] = CNOT 38 82
[23286] = Z 38
[23287] = CNOT 38 82
[23288] = CNOT 38 54
[23289] = CNOT 38 56
[23290] = CNOT 38 73
[23291] = Z 38
[23292] = CNOT 38 73
[23293] = CNOT 38 74
[23294] = Z 38
[23295] = CNOT 38 74
[23296] = CNOT 38 75
[23297] = Z 38
[23298] = CNOT 38 75
[23299] = CNOT 38 79
[23300] = Z 38
[23301] = CNOT 38 79
[23302] = CNOT 38 81
[23303] = Z 38
[23304] = CNOT 38 81
[23305] = CNOT 38 82
[23306] = Z 38
[23307] = CNOT 38 82
[23308] = CNOT 38 56
[23309] = CNOT 38 73
[23310] = CNOT 38 74
[23311] = Z 38
[23312] = CNOT 38 74
[23313] = CNOT 38 75
[23314] = Z 38
[23315] = CNOT 38 75
[23316] = CNOT 38 79
[23317] = Z 38
[23318] = CNOT 38 79
[23319] = CNOT 38 81
[23320] = Z 38
[23321] = CNOT 38 81
[23322] = CNOT 38 82
[23323] = Z 38
[23324] = CNOT 38 82
[23325] = CNOT 38 73
[23326] = CNOT 38 74
[23327] = CNOT 38 75
[23328] = Z 38
[23329] = CNOT 38 75
[23330] = CNOT 38 79
[23331] = Z 38
[23332] = CNOT 38 79
[23333] = CNOT 38 81
[23334] = Z 38
[23335] = CNOT 38 81
[23336] = CNOT 38 82
[23337] = Z 38
[23338] = CNOT 38 82
[23339] = CNOT 38 74
[23340] = CNOT 38 75
[23341] = CNOT 38 79
[23342] = Z 38
[23343] = CNOT 38 79
[23344] = CNOT 38 81
[23345] = Z 38
[23346] = CNOT 38 81
[23347] = CNOT 38 82
[23348] = Z 38
[23349] = CNOT 38 82
[23350] = CNOT 38 75
[23351] = CNOT 38 79
[23352] = CNOT 38 81
[23353] = Z 38
[23354] = CNOT 38 81
[23355] = CNOT 38 82
[23356] = Z 38
[23357] = CNOT 38 79
[23358] = CNOT 38 81
[23359] = Z 38
[23360] = CNOT 38 82
[23361] = CNOT 38 81
[23362] = CNOT 40 42
[23363] = CNOT 40 53
[23364] = S 40
[23365] = Z 40
[23366] = CNOT 40 53
[23367] = CNOT 40 55
[23368] = S 40
[23369] = Z 40
[23370] = CNOT 40 55
[23371] = CNOT 40 65
[23372] = S 40
[23373] = Z 40
[23374] = CNOT 40 65
[23375] = CNOT 40 74
[23376] = S 40
[23377] = Z 40
[23378] = CNOT 40 74
[23379] = CNOT 40 75
[23380] = S 40
[23381] = Z 40
[23382] = CNOT 40 75
[23383] = CNOT 40 79
[23384] = S 40
[23385] = Z 40
[23386] = CNOT 40 79
[23387] = CNOT 40 42
[23388] = CNOT 40 53
[23389] = CNOT 40 55
[23390] = Z 40
[23391] = CNOT 40 55
[23392] = CNOT 40 65
[23393] = Z 40
[23394] = CNOT 40 65
[23395] = CNOT 40 74
[23396] = Z 40
[23397] = CNOT 40 74
[23398] = CNOT 40 75
[23399] = Z 40
[23400] = CNOT 40 75
[23401] = CNOT 40 79
[23402] = Z 40
[23403] = CNOT 40 79
[23404] = CNOT 40 53
[23405] = CNOT 40 55
[23406] = CNOT 40 65
[23407] = Z 40
[23408] = CNOT 40 65
[23409] = CNOT 40 74
[23410] = Z 40
[23411] = CNOT 40 74
[23412] = CNOT 40 75
[23413] = Z 40
[23414] = CNOT 40 75
[23415] = CNOT 40 79
[23416] = Z 40
[23417] = CNOT 40 79
[23418] = CNOT 40 55
[23419] = CNOT 40 65
[23420] = CNOT 40 74
[23421] = Z 40
[23422] = CNOT 40 74
[23423] = CNOT 40 75
[23424] = Z 40
[23425] = CNOT 40 75
[23426] = CNOT 40 79
[23427] = Z 40
[23428] = CNOT 40 79
[23429] = CNOT 40 65
[23430] = CNOT 40 74
[23431] = CNOT 40 75
[23432] = Z 40
[23433] = CNOT 40 75
[23434] = CNOT 40 79
[23435] = Z 40
[23436] = CNOT 40 74
[23437] = CNOT 40 75
[23438] = Z 40
[23439] = CNOT 40 79
[23440] = CNOT 40 75
[23441] = CNOT 42 44
[23442] = CNOT 42 53
[23443] = S 42
[23444] = Z 42
[23445] = CNOT 42 53
[23446] = CNOT 42 55
[23447] = S 42
[23448] = Z 42
[23449] = CNOT 42 55
[23450] = CNOT 42 65
[23451] = S 42
[23452] = Z 42
[23453] = CNOT 42 65
[23454] = CNOT 42 74
[23455] = S 42
[23456] = Z 42
[23457] = CNOT 42 74
[23458] = CNOT 42 75
[23459] = S 42
[23460] = Z 42
[23461] = CNOT 42 75
[23462] = CNOT 42 79
[23463] = S 42
[23464] = Z 42
[23465] = CNOT 42 79
[23466] = CNOT 42 44
[23467] = CNOT 42 53
[23468] = CNOT 42 55
[23469] = Z 42
[23470] = CNOT 42 55
[23471] = CNOT 42 65
[23472] = Z 42
[23473] = CNOT 42 65
[23474] = CNOT 42 74
[23475] = Z 42
[23476] = CNOT 42 74
[23477] = CNOT 42 75
[23478] = Z 42
[23479] = CNOT 42 75
[23480] = CNOT 42 79
[23481] = Z 42
[23482] = CNOT 42 79
[23483] = CNOT 42 53
[23484] = CNOT 42 55
[23485] = CNOT 42 65
[23486] = Z 42
[23487] = CNOT 42 65
[23488] = CNOT 42 74
[23489] = Z 42
[23490] = CNOT 42 74
[23491] = CNOT 42 75
[23492] = Z 42
[23493] = CNOT 42 75
[23494] = CNOT 42 79
[23495] = Z 42
[23496] = CNOT 42 79
[23497] = CNOT 42 55
[23498] = CNOT 42 65
[23499] = CNOT 42 74
[23500] = Z 42
[23501] = CNOT 42 74
[23502] = CNOT 42 75
[23503] = Z 42
[23504] = CNOT 42 75
[23505] = CNOT 42 79
[23506] = Z 42
[23507] = CNOT 42 79
[23508] = CNOT 42 65
[23509] = CNOT 42 74
[23510] = CNOT 42 75
[23511] = Z 42
[23512] = CNOT 42 75
[23513] = CNOT 42 79
[23514] = Z 42
[23515] = CNOT 42 74
[23516] = CNOT 42 75
[23517] = Z 42
[23518] = CNOT 42 79
[23519] = CNOT 42 75
[23520] = CNOT 43 56
[23521] = CNOT 43 62
[23522] = Z 43
[23523] = CNOT 43 62
[23524] = CNOT 43 65
[23525] = Z 43
[23526] = CNOT 43 65
[23527] = CNOT 43 68
[23528] = Z 43
[23529] = CNOT 43 68
[23530] = CNOT 43 72
[23531] = Z 43
[23532] = CNOT 43 72
[23533] = CNOT 43 74
[23534] = Z 43
[23535] = CNOT 43 74
[23536] = CNOT 43 75
[23537] = Z 43
[23538] = CNOT 43 75
[23539] = CNOT 43 79
[23540] = Z 43
[23541] = CNOT 43 79
[23542] = CNOT 43 81
[23543] = Z 43
[23544] = CNOT 43 81
[23545] = CNOT 43 82
[23546] = Z 43
[23547] = CNOT 43 82
[23548] = CNOT 43 86
[23549] = Z 43
[23550] = CNOT 43 86
[23551] = CNOT 43 91
[23552] = Z 43
[23553] = CNOT 43 91
[23554] = CNOT 43 56
[23555] = CNOT 43 62
[23556] = CNOT 43 65
[23557] = Z 43
[23558] = CNOT 43 65
[23559] = CNOT 43 68
[23560] = Z 43
[23561] = CNOT 43 68
[23562] = CNOT 43 72
[23563] = Z 43
[23564] = CNOT 43 72
[23565] = CNOT 43 74
[23566] = Z 43
[23567] = CNOT 43 74
[23568] = CNOT 43 75
[23569] = Z 43
[23570] = CNOT 43 75
[23571] = CNOT 43 79
[23572] = Z 43
[23573] = CNOT 43 79
[23574] = CNOT 43 81
[23575] = Z 43
[23576] = CNOT 43 81
[23577] = CNOT 43 82
[23578] = Z 43
[23579] = CNOT 43 82
[23580] = CNOT 43 86
[23581] = Z 43
[23582] = CNOT 43 86
[23583] = CNOT 43 91
[23584] = Z 43
[23585] = CNOT 43 91
[23586] = CNOT 43 62
[23587] = CNOT 43 65
[23588] = CNOT 43 68
[23589] = Z 43
[23590] = CNOT 43 68
[23591] = CNOT 43 72
[23592] = Z 43
[23593] = CNOT 43 72
[23594] = CNOT 43 74
[23595] = Z 43
[23596] = CNOT 43 74
[23597] = CNOT 43 75
[23598] = Z 43
[23599] = CNOT 43 75
[23600] = CNOT 43 79
[23601] = Z 43
[23602] = CNOT 43 79
[23603] = CNOT 43 81
[23604] = Z 43
[23605] = CNOT 43 81
[23606] = CNOT 43 82
[23607] = Z 43
[23608] = CNOT 43 82
[23609] = CNOT 43 86
[23610] = Z 43
[23611] = CNOT 43 86
[23612] = CNOT 43 91
[23613] = Z 43
[23614] = CNOT 43 91
[23615] = CNOT 43 65
[23616] = CNOT 43 68
[23617] = CNOT 43 72
[23618] = Z 43
[23619] = CNOT 43 72
[23620] = CNOT 43 74
[23621] = Z 43
[23622] = CNOT 43 74
[23623] = CNOT 43 75
[23624] = Z 43
[23625] = CNOT 43 75
[23626] = CNOT 43 79
[23627] = Z 43
[23628] = CNOT 43 79
[23629] = CNOT 43 81
[23630] = Z 43
[23631] = CNOT 43 81
[23632] = CNOT 43 82
[23633] = Z 43
[23634] = CNOT 43 82
[23635] = CNOT 43 86
[23636] = Z 43
[23637] = CNOT 43 86
[23638] = CNOT 43 91
[23639] = Z 43
[23640] = CNOT 43 91
[23641] = CNOT 43 68
[23642] = CNOT 43 72
[23643] = CNOT 43 74
[23644] = Z 43
[23645] = CNOT 43 74
[23646] = CNOT 43 75
[23647] = Z 43
[23648] = CNOT 43 75
[23649] = CNOT 43 79
[23650] = Z 43
[23651] = CNOT 43 79
[23652] = CNOT 43 81
[23653] = Z 43
[23654] = CNOT 43 81
[23655] = CNOT 43 82
[23656] = Z 43
[23657] = CNOT 43 82
[23658] = CNOT 43 86
[23659] = Z 43
[23660] = CNOT 43 86
[23661] = CNOT 43 91
[23662] = Z 43
[23663] = CNOT 43 91
[23664] = CNOT 43 72
[23665] = CNOT 43 74
[23666] = CNOT 43 75
[23667] = Z 43
[23668] = CNOT 43 75
[23669] = CNOT 43 79
[23670] = Z 43
[23671] = CNOT 43 79
[23672] = CNOT 43 81
[23673] = Z 43
[23674] = CNOT 43 81
[23675] = CNOT 43 82
[23676] = Z 43
[23677] = CNOT 43 82
[23678] = CNOT 43 86
[23679] = Z 43
[23680] = CNOT 43 86
[23681] = CNOT 43 91
[23682] = Z 43
[23683] = CNOT 43 91
[23684] = CNOT 43 74
[23685] = CNOT 43 75
[23686] = CNOT 43 79
[23687] = Z 43
[23688] = CNOT 43 79
[23689] = CNOT 43 81
[23690] = Z 43
[23691] = CNOT 43 81
[23692] = CNOT 43 82
[23693] = Z 43
[23694] = CNOT 43 82
[23695] = CNOT 43 86
[23696] = Z 43
[23697] = CNOT 43 86
[23698] = CNOT 43 91
[23699] = Z 43
[23700] = CNOT 43 91
[23701] = CNOT 43 75
[23702] = CNOT 43 79
[23703] = CNOT 43 81
[23704] = Z 43
[23705] = CNOT 43 81
[23706] = CNOT 43 82
[23707] = Z 43
[23708] = CNOT 43 82
[23709] = CNOT 43 86
[23710] = Z 43
[23711] = CNOT 43 86
[23712] = CNOT 43 91
[23713] = Z 43
[23714] = CNOT 43 91
[23715] = CNOT 43 79
[23716] = CNOT 43 81
[23717] = CNOT 43 82
[23718] = Z 43
[23719] = CNOT 43 82
[23720] = CNOT 43 86
[23721] = Z 43
[23722] = CNOT 43 86
[23723] = CNOT 43 91
[23724] = Z 43
[23725] = CNOT 43 91
[23726] = CNOT 43 81
[23727] = CNOT 43 82
[23728] = CNOT 43 86
[23729] = Z 43
[23730] = CNOT 43 86
[23731] = CNOT 43 91
[23732] = Z 43
[23733] = CNOT 43 82
[23734] = CNOT 43 86
[23735] = Z 43
[23736] = CNOT 43 91
[23737] = CNOT 43 86
[23738] = CNOT 44 46
[23739] = CNOT 44 53
[23740] = S 44
[23741] = Z 44
[23742] = CNOT 44 53
[23743] = CNOT 44 55
[23744] = S 44
[23745] = Z 44
[23746] = CNOT 44 55
[23747] = CNOT 44 65
[23748] = S 44
[23749] = Z 44
[23750] = CNOT 44 65
[23751] = CNOT 44 74
[23752] = S 44
[23753] = Z 44
[23754] = CNOT 44 74
[23755] = CNOT 44 75
[23756] = S 44
[23757] = Z 44
[23758] = CNOT 44 75
[23759] = CNOT 44 79
[23760] = S 44
[23761] = Z 44
[23762] = CNOT 44 79
[23763] = CNOT 44 46
[23764] = CNOT 44 53
[23765] = CNOT 44 55
[23766] = Z 44
[23767] = CNOT 44 55
[23768] = CNOT 44 65
[23769] = Z 44
[23770] = CNOT 44 65
[23771] = CNOT 44 74
[23772] = Z 44
[23773] = CNOT 44 74
[23774] = CNOT 44 75
[23775] = Z 44
[23776] = CNOT 44 75
[23777] = CNOT 44 79
[23778] = Z 44
[23779] = CNOT 44 79
[23780] = CNOT 44 53
[23781] = CNOT 44 55
[23782] = CNOT 44 65
[23783] = Z 44
[23784] = CNOT 44 65
[23785] = CNOT 44 74
[23786] = Z 44
[23787] = CNOT 44 74
[23788] = CNOT 44 75
[23789] = Z 44
[23790] = CNOT 44 75
[23791] = CNOT 44 79
[23792] = Z 44
[23793] = CNOT 44 79
[23794] = CNOT 44 55
[23795] = CNOT 44 65
[23796] = CNOT 44 74
[23797] = Z 44
[23798] = CNOT 44 74
[23799] = CNOT 44 75
[23800] = Z 44
[23801] = CNOT 44 75
[23802] = CNOT 44 79
[23803] = Z 44
[23804] = CNOT 44 79
[23805] = CNOT 44 65
[23806] = CNOT 44 74
[23807] = CNOT 44 75
[23808] = Z 44
[23809] = CNOT 44 75
[23810] = CNOT 44 79
[23811] = Z 44
[23812] = CNOT 44 74
[23813] = CNOT 44 75
[23814] = Z 44
[23815] = CNOT 44 79
[23816] = CNOT 44 75
[23817] = CNOT 45 47
[23818] = CNOT 45 53
[23819] = Z 45
[23820] = CNOT 45 53
[23821] = CNOT 45 54
[23822] = Z 45
[23823] = CNOT 45 54
[23824] = CNOT 45 56
[23825] = Z 45
[23826] = CNOT 45 56
[23827] = CNOT 45 68
[23828] = Z 45
[23829] = CNOT 45 68
[23830] = CNOT 45 72
[23831] = Z 45
[23832] = CNOT 45 72
[23833] = CNOT 45 73
[23834] = Z 45
[23835] = CNOT 45 73
[23836] = CNOT 45 74
[23837] = Z 45
[23838] = CNOT 45 74
[23839] = CNOT 45 75
[23840] = Z 45
[23841] = CNOT 45 75
[23842] = CNOT 45 79
[23843] = Z 45
[23844] = CNOT 45 79
[23845] = CNOT 45 81
[23846] = Z 45
[23847] = CNOT 45 81
[23848] = CNOT 45 82
[23849] = Z 45
[23850] = CNOT 45 82
[23851] = CNOT 45 47
[23852] = CNOT 45 52
[23853] = CNOT 45 53
[23854] = Z 45
[23855] = CNOT 45 53
[23856] = CNOT 45 54
[23857] = Z 45
[23858] = CNOT 45 54
[23859] = CNOT 45 55
[23860] = Z 45
[23861] = CNOT 45 55
[23862] = CNOT 45 56
[23863] = Z 45
[23864] = CNOT 45 56
[23865] = CNOT 45 59
[23866] = Z 45
[23867] = CNOT 45 59
[23868] = CNOT 45 74
[23869] = Z 45
[23870] = CNOT 45 74
[23871] = CNOT 45 75
[23872] = Z 45
[23873] = CNOT 45 75
[23874] = CNOT 45 79
[23875] = Z 45
[23876] = CNOT 45 79
[23877] = CNOT 45 81
[23878] = Z 45
[23879] = CNOT 45 81
[23880] = CNOT 45 86
[23881] = Z 45
[23882] = CNOT 45 86
[23883] = CNOT 45 52
[23884] = CNOT 45 53
[23885] = CNOT 45 54
[23886] = S 45
[23887] = CNOT 45 54
[23888] = CNOT 45 57
[23889] = Z 45
[23890] = CNOT 45 57
[23891] = CNOT 45 58
[23892] = S 45
[23893] = CNOT 45 58
[23894] = CNOT 45 59
[23895] = Z 45
[23896] = CNOT 45 59
[23897] = CNOT 45 62
[23898] = Z 45
[23899] = CNOT 45 62
[23900] = CNOT 45 65
[23901] = S 45
[23902] = CNOT 45 65
[23903] = CNOT 45 68
[23904] = Z 45
[23905] = CNOT 45 68
[23906] = CNOT 45 71
[23907] = Z 45
[23908] = CNOT 45 71
[23909] = CNOT 45 73
[23910] = S 45
[23911] = Z 45
[23912] = CNOT 45 73
[23913] = CNOT 45 75
[23914] = S 45
[23915] = CNOT 45 75
[23916] = CNOT 45 77
[23917] = Z 45
[23918] = CNOT 45 77
[23919] = CNOT 45 79
[23920] = S 45
[23921] = Z 45
[23922] = CNOT 45 79
[23923] = CNOT 45 80
[23924] = S 45
[23925] = Z 45
[23926] = CNOT 45 80
[23927] = CNOT 45 81
[23928] = Z 45
[23929] = CNOT 45 81
[23930] = CNOT 45 83
[23931] = Z 45
[23932] = CNOT 45 83
[23933] = CNOT 45 84
[23934] = Z 45
[23935] = CNOT 45 84
[23936] = CNOT 45 85
[23937] = Z 45
[23938] = CNOT 45 85
[23939] = CNOT 45 88
[23940] = Z 45
[23941] = CNOT 45 88
[23942] = CNOT 45 90
[23943] = Z 45
[23944] = CNOT 45 90
[23945] = CNOT 45 92
[23946] = S 45
[23947] = CNOT 45 92
[23948] = CNOT 45 93
[23949] = S 45
[23950] = Z 45
[23951] = CNOT 45 93
[23952] = CNOT 45 95
[23953] = Z 45
[23954] = CNOT 45 95
[23955] = CNOT 45 96
[23956] = S 45
[23957] = CNOT 45 96
[23958] = CNOT 45 98
[23959] = Z 45
[23960] = CNOT 45 98
[23961] = CNOT 45 99
[23962] = Z 45
[23963] = CNOT 45 99
[23964] = CNOT 45 101
[23965] = Z 45
[23966] = CNOT 45 101
[23967] = CNOT 45 102
[23968] = Z 45
[23969] = CNOT 45 102
[23970] = CNOT 45 53
[23971] = CNOT 45 54
[23972] = CNOT 45 55
[23973] = S 45
[23974] = CNOT 45 55
[23975] = CNOT 45 56
[23976] = S 45
[23977] = CNOT 45 56
[23978] = CNOT 45 57
[23979] = Z 45
[23980] = CNOT 45 57
[23981] = CNOT 45 58
[23982] = Z 45
[23983] = CNOT 45 58
[23984] = CNOT 45 59
[23985] = Z 45
[23986] = CNOT 45 59
[23987] = CNOT 45 62
[23988] = Z 45
[23989] = CNOT 45 62
[23990] = CNOT 45 64
[23991] = S 45
[23992] = CNOT 45 64
[23993] = CNOT 45 65
[23994] = Z 45
[23995] = CNOT 45 65
[23996] = CNOT 45 68
[23997] = Z 45
[23998] = CNOT 45 68
[23999] = CNOT 45 73
[24000] = S 45
[24001] = Z 45
[24002] = CNOT 45 73
[24003] = CNOT 45 74
[24004] = S 45
[24005] = CNOT 45 74
[24006] = CNOT 45 75
[24007] = S 45
[24008] = CNOT 45 75
[24009] = CNOT 45 77
[24010] = Z 45
[24011] = CNOT 45 77
[24012] = CNOT 45 79
[24013] = S 45
[24014] = CNOT 45 79
[24015] = CNOT 45 81
[24016] = Z 45
[24017] = CNOT 45 81
[24018] = CNOT 45 82
[24019] = S 45
[24020] = CNOT 45 82
[24021] = CNOT 45 54
[24022] = CNOT 45 55
[24023] = CNOT 45 56
[24024] = Z 45
[24025] = CNOT 45 56
[24026] = CNOT 45 57
[24027] = Z 45
[24028] = CNOT 45 57
[24029] = CNOT 45 58
[24030] = S 45
[24031] = CNOT 45 58
[24032] = CNOT 45 59
[24033] = Z 45
[24034] = CNOT 45 59
[24035] = CNOT 45 64
[24036] = Z 45
[24037] = CNOT 45 64
[24038] = CNOT 45 65
[24039] = S 45
[24040] = Z 45
[24041] = CNOT 45 65
[24042] = CNOT 45 71
[24043] = Z 45
[24044] = CNOT 45 71
[24045] = CNOT 45 73
[24046] = S 45
[24047] = CNOT 45 73
[24048] = CNOT 45 74
[24049] = Z 45
[24050] = CNOT 45 74
[24051] = CNOT 45 75
[24052] = S 45
[24053] = Z 45
[24054] = CNOT 45 75
[24055] = CNOT 45 77
[24056] = Z 45
[24057] = CNOT 45 77
[24058] = CNOT 45 79
[24059] = S 45
[24060] = CNOT 45 79
[24061] = CNOT 45 80
[24062] = S 45
[24063] = Z 45
[24064] = CNOT 45 80
[24065] = CNOT 45 81
[24066] = Z 45
[24067] = CNOT 45 81
[24068] = CNOT 45 82
[24069] = S 45
[24070] = Z 45
[24071] = CNOT 45 82
[24072] = CNOT 45 83
[24073] = Z 45
[24074] = CNOT 45 83
[24075] = CNOT 45 84
[24076] = Z 45
[24077] = CNOT 45 84
[24078] = CNOT 45 85
[24079] = Z 45
[24080] = CNOT 45 85
[24081] = CNOT 45 86
[24082] = Z 45
[24083] = CNOT 45 86
[24084] = CNOT 45 88
[24085] = Z 45
[24086] = CNOT 45 88
[24087] = CNOT 45 90
[24088] = Z 45
[24089] = CNOT 45 90
[24090] = CNOT 45 92
[24091] = S 45
[24092] = CNOT 45 92
[24093] = CNOT 45 93
[24094] = S 45
[24095] = Z 45
[24096] = CNOT 45 93
[24097] = CNOT 45 95
[24098] = Z 45
[24099] = CNOT 45 95
[24100] = CNOT 45 96
[24101] = S 45
[24102] = CNOT 45 96
[24103] = CNOT 45 98
[24104] = Z 45
[24105] = CNOT 45 98
[24106] = CNOT 45 99
[24107] = Z 45
[24108] = CNOT 45 99
[24109] = CNOT 45 101
[24110] = Z 45
[24111] = CNOT 45 101
[24112] = CNOT 45 102
[24113] = Z 45
[24114] = CNOT 45 102
[24115] = CNOT 45 55
[24116] = CNOT 45 56
[24117] = CNOT 45 57
[24118] = Z 45
[24119] = CNOT 45 57
[24120] = CNOT 45 58
[24121] = S 45
[24122] = CNOT 45 58
[24123] = CNOT 45 59
[24124] = Z 45
[24125] = CNOT 45 59
[24126] = CNOT 45 62
[24127] = Z 45
[24128] = CNOT 45 62
[24129] = CNOT 45 65
[24130] = S 45
[24131] = Z 45
[24132] = CNOT 45 65
[24133] = CNOT 45 68
[24134] = Z 45
[24135] = CNOT 45 68
[24136] = CNOT 45 71
[24137] = Z 45
[24138] = CNOT 45 71
[24139] = CNOT 45 73
[24140] = S 45
[24141] = CNOT 45 73
[24142] = CNOT 45 74
[24143] = Z 45
[24144] = CNOT 45 74
[24145] = CNOT 45 75
[24146] = S 45
[24147] = Z 45
[24148] = CNOT 45 75
[24149] = CNOT 45 77
[24150] = Z 45
[24151] = CNOT 45 77
[24152] = CNOT 45 79
[24153] = S 45
[24154] = CNOT 45 79
[24155] = CNOT 45 80
[24156] = S 45
[24157] = Z 45
[24158] = CNOT 45 80
[24159] = CNOT 45 81
[24160] = Z 45
[24161] = CNOT 45 81
[24162] = CNOT 45 82
[24163] = Z 45
[24164] = CNOT 45 82
[24165] = CNOT 45 83
[24166] = Z 45
[24167] = CNOT 45 83
[24168] = CNOT 45 84
[24169] = Z 45
[24170] = CNOT 45 84
[24171] = CNOT 45 85
[24172] = Z 45
[24173] = CNOT 45 85
[24174] = CNOT 45 88
[24175] = Z 45
[24176] = CNOT 45 88
[24177] = CNOT 45 90
[24178] = Z 45
[24179] = CNOT 45 90
[24180] = CNOT 45 92
[24181] = S 45
[24182] = CNOT 45 92
[24183] = CNOT 45 93
[24184] = S 45
[24185] = Z 45
[24186] = CNOT 45 93
[24187] = CNOT 45 95
[24188] = Z 45
[24189] = CNOT 45 95
[24190] = CNOT 45 96
[24191] = S 45
[24192] = CNOT 45 96
[24193] = CNOT 45 98
[24194] = Z 45
[24195] = CNOT 45 98
[24196] = CNOT 45 99
[24197] = Z 45
[24198] = CNOT 45 99
[24199] = CNOT 45 101
[24200] = Z 45
[24201] = CNOT 45 101
[24202] = CNOT 45 102
[24203] = Z 45
[24204] = CNOT 45 102
[24205] = CNOT 45 56
[24206] = CNOT 45 57
[24207] = CNOT 45 58
[24208] = S 45
[24209] = Z 45
[24210] = CNOT 45 58
[24211] = CNOT 45 65
[24212] = S 45
[24213] = Z 45
[24214] = CNOT 45 65
[24215] = CNOT 45 73
[24216] = Z 45
[24217] = CNOT 45 73
[24218] = CNOT 45 74
[24219] = Z 45
[24220] = CNOT 45 74
[24221] = CNOT 45 75
[24222] = Z 45
[24223] = CNOT 45 75
[24224] = CNOT 45 79
[24225] = Z 45
[24226] = CNOT 45 79
[24227] = CNOT 45 82
[24228] = Z 45
[24229] = CNOT 45 82
[24230] = CNOT 45 57
[24231] = CNOT 45 58
[24232] = CNOT 45 64
[24233] = Z 45
[24234] = CNOT 45 64
[24235] = CNOT 45 65
[24236] = S 45
[24237] = CNOT 45 65
[24238] = CNOT 45 71
[24239] = Z 45
[24240] = CNOT 45 71
[24241] = CNOT 45 73
[24242] = Z 45
[24243] = CNOT 45 73
[24244] = CNOT 45 74
[24245] = S 45
[24246] = CNOT 45 74
[24247] = CNOT 45 75
[24248] = Z 45
[24249] = CNOT 45 75
[24250] = CNOT 45 80
[24251] = S 45
[24252] = Z 45
[24253] = CNOT 45 80
[24254] = CNOT 45 82
[24255] = S 45
[24256] = CNOT 45 82
[24257] = CNOT 45 83
[24258] = Z 45
[24259] = CNOT 45 83
[24260] = CNOT 45 84
[24261] = Z 45
[24262] = CNOT 45 84
[24263] = CNOT 45 85
[24264] = Z 45
[24265] = CNOT 45 85
[24266] = CNOT 45 88
[24267] = Z 45
[24268] = CNOT 45 88
[24269] = CNOT 45 90
[24270] = Z 45
[24271] = CNOT 45 90
[24272] = CNOT 45 92
[24273] = S 45
[24274] = CNOT 45 92
[24275] = CNOT 45 93
[24276] = S 45
[24277] = Z 45
[24278] = CNOT 45 93
[24279] = CNOT 45 95
[24280] = Z 45
[24281] = CNOT 45 95
[24282] = CNOT 45 96
[24283] = S 45
[24284] = CNOT 45 96
[24285] = CNOT 45 98
[24286] = Z 45
[24287] = CNOT 45 98
[24288] = CNOT 45 99
[24289] = Z 45
[24290] = CNOT 45 99
[24291] = CNOT 45 101
[24292] = Z 45
[24293] = CNOT 45 101
[24294] = CNOT 45 102
[24295] = Z 45
[24296] = CNOT 45 102
[24297] = CNOT 45 58
[24298] = CNOT 45 59
[24299] = CNOT 45 74
[24300] = Z 45
[24301] = CNOT 45 74
[24302] = CNOT 45 75
[24303] = Z 45
[24304] = CNOT 45 75
[24305] = CNOT 45 79
[24306] = Z 45
[24307] = CNOT 45 79
[24308] = CNOT 45 81
[24309] = Z 45
[24310] = CNOT 45 81
[24311] = CNOT 45 86
[24312] = Z 45
[24313] = CNOT 45 86
[24314] = CNOT 45 59
[24315] = CNOT 45 62
[24316] = CNOT 45 73
[24317] = Z 45
[24318] = CNOT 45 73
[24319] = CNOT 45 74
[24320] = Z 45
[24321] = CNOT 45 74
[24322] = CNOT 45 75
[24323] = Z 45
[24324] = CNOT 45 75
[24325] = CNOT 45 79
[24326] = Z 45
[24327] = CNOT 45 79
[24328] = CNOT 45 81
[24329] = Z 45
[24330] = CNOT 45 81
[24331] = CNOT 45 86
[24332] = Z 45
[24333] = CNOT 45 86
[24334] = CNOT 45 62
[24335] = CNOT 45 64
[24336] = CNOT 45 65
[24337] = Z 45
[24338] = CNOT 45 65
[24339] = CNOT 45 68
[24340] = Z 45
[24341] = CNOT 45 68
[24342] = CNOT 45 71
[24343] = S 45
[24344] = Z 45
[24345] = CNOT 45 71
[24346] = CNOT 45 72
[24347] = S 45
[24348] = Z 45
[24349] = CNOT 45 72
[24350] = CNOT 45 81
[24351] = Z 45
[24352] = CNOT 45 81
[24353] = CNOT 45 64
[24354] = CNOT 45 65
[24355] = CNOT 45 71
[24356] = Z 45
[24357] = CNOT 45 71
[24358] = CNOT 45 74
[24359] = S 45
[24360] = Z 45
[24361] = CNOT 45 74
[24362] = CNOT 45 79
[24363] = Z 45
[24364] = CNOT 45 79
[24365] = CNOT 45 80
[24366] = S 45
[24367] = Z 45
[24368] = CNOT 45 80
[24369] = CNOT 45 82
[24370] = S 45
[24371] = Z 45
[24372] = CNOT 45 82
[24373] = CNOT 45 83
[24374] = Z 45
[24375] = CNOT 45 83
[24376] = CNOT 45 84
[24377] = Z 45
[24378] = CNOT 45 84
[24379] = CNOT 45 85
[24380] = Z 45
[24381] = CNOT 45 85
[24382] = CNOT 45 88
[24383] = Z 45
[24384] = CNOT 45 88
[24385] = CNOT 45 90
[24386] = Z 45
[24387] = CNOT 45 90
[24388] = CNOT 45 92
[24389] = S 45
[24390] = CNOT 45 92
[24391] = CNOT 45 93
[24392] = S 45
[24393] = Z 45
[24394] = CNOT 45 93
[24395] = CNOT 45 95
[24396] = Z 45
[24397] = CNOT 45 95
[24398] = CNOT 45 96
[24399] = S 45
[24400] = CNOT 45 96
[24401] = CNOT 45 98
[24402] = Z 45
[24403] = CNOT 45 98
[24404] = CNOT 45 99
[24405] = Z 45
[24406] = CNOT 45 99
[24407] = CNOT 45 101
[24408] = Z 45
[24409] = CNOT 45 101
[24410] = CNOT 45 102
[24411] = Z 45
[24412] = CNOT 45 102
[24413] = CNOT 45 65
[24414] = CNOT 45 68
[24415] = CNOT 45 73
[24416] = Z 45
[24417] = CNOT 45 73
[24418] = CNOT 45 74
[24419] = Z 45
[24420] = CNOT 45 74
[24421] = CNOT 45 75
[24422] = Z 45
[24423] = CNOT 45 75
[24424] = CNOT 45 79
[24425] = Z 45
[24426] = CNOT 45 79
[24427] = CNOT 45 81
[24428] = Z 45
[24429] = CNOT 45 81
[24430] = CNOT 45 82
[24431] = Z 45
[24432] = CNOT 45 82
[24433] = CNOT 45 68
[24434] = CNOT 45 71
[24435] = CNOT 45 73
[24436] = Z 45
[24437] = CNOT 45 73
[24438] = CNOT 45 74
[24439] = Z 45
[24440] = CNOT 45 74
[24441] = CNOT 45 75
[24442] = S 45
[24443] = Z 45
[24444] = CNOT 45 75
[24445] = CNOT 45 79
[24446] = Z 45
[24447] = CNOT 45 79
[24448] = CNOT 45 82
[24449] = Z 45
[24450] = CNOT 45 82
[24451] = CNOT 45 71
[24452] = CNOT 45 73
[24453] = CNOT 45 74
[24454] = S 45
[24455] = CNOT 45 74
[24456] = CNOT 45 75
[24457] = Z 45
[24458] = CNOT 45 75
[24459] = CNOT 45 77
[24460] = Z 45
[24461] = CNOT 45 77
[24462] = CNOT 45 82
[24463] = S 45
[24464] = Z 45
[24465] = CNOT 45 82
[24466] = CNOT 45 83
[24467] = Z 45
[24468] = CNOT 45 83
[24469] = CNOT 45 84
[24470] = S 45
[24471] = Z 45
[24472] = CNOT 45 84
[24473] = CNOT 45 85
[24474] = S 45
[24475] = Z 45
[24476] = CNOT 45 85
[24477] = CNOT 45 86
[24478] = Z 45
[24479] = CNOT 45 86
[24480] = CNOT 45 88
[24481] = S 45
[24482] = Z 45
[24483] = CNOT 45 88
[24484] = CNOT 45 90
[24485] = S 45
[24486] = Z 45
[24487] = CNOT 45 90
[24488] = CNOT 45 92
[24489] = S 45
[24490] = CNOT 45 92
[24491] = CNOT 45 95
[24492] = Z 45
[24493] = CNOT 45 95
[24494] = CNOT 45 96
[24495] = S 45
[24496] = CNOT 45 96
[24497] = CNOT 45 98
[24498] = S 45
[24499] = Z 45
[24500] = CNOT 45 98
[24501] = CNOT 45 99
[24502] = Z 45
[24503] = CNOT 45 99
[24504] = CNOT 45 101
[24505] = S 45
[24506] = Z 45
[24507] = CNOT 45 101
[24508] = CNOT 45 102
[24509] = Z 45
[24510] = CNOT 45 102
[24511] = CNOT 45 73
[24512] = CNOT 45 74
[24513] = CNOT 45 75
[24514] = S 45
[24515] = Z 45
[24516] = CNOT 45 75
[24517] = CNOT 45 77
[24518] = Z 45
[24519] = CNOT 45 77
[24520] = CNOT 45 79
[24521] = S 45
[24522] = CNOT 45 79
[24523] = CNOT 45 80
[24524] = S 45
[24525] = Z 45
[24526] = CNOT 45 80
[24527] = CNOT 45 81
[24528] = Z 45
[24529] = CNOT 45 81
[24530] = CNOT 45 82
[24531] = Z 45
[24532] = CNOT 45 82
[24533] = CNOT 45 83
[24534] = Z 45
[24535] = CNOT 45 83
[24536] = CNOT 45 84
[24537] = Z 45
[24538] = CNOT 45 84
[24539] = CNOT 45 85
[24540] = Z 45
[24541] = CNOT 45 85
[24542] = CNOT 45 88
[24543] = Z 45
[24544] = CNOT 45 88
[24545] = CNOT 45 90
[24546] = Z 45
[24547] = CNOT 45 90
[24548] = CNOT 45 92
[24549] = S 45
[24550] = CNOT 45 92
[24551] = CNOT 45 93
[24552] = S 45
[24553] = Z 45
[24554] = CNOT 45 93
[24555] = CNOT 45 95
[24556] = Z 45
[24557] = CNOT 45 95
[24558] = CNOT 45 96
[24559] = S 45
[24560] = CNOT 45 96
[24561] = CNOT 45 98
[24562] = Z 45
[24563] = CNOT 45 98
[24564] = CNOT 45 99
[24565] = Z 45
[24566] = CNOT 45 99
[24567] = CNOT 45 101
[24568] = Z 45
[24569] = CNOT 45 101
[24570] = CNOT 45 102
[24571] = Z 45
[24572] = CNOT 45 102
[24573] = CNOT 45 74
[24574] = CNOT 45 75
[24575] = CNOT 45 77
[24576] = Z 45
[24577] = CNOT 45 77
[24578] = CNOT 45 80
[24579] = Z 45
[24580] = CNOT 45 80
[24581] = CNOT 45 81
[24582] = Z 45
[24583] = CNOT 45 81
[24584] = CNOT 45 82
[24585] = S 45
[24586] = Z 45
[24587] = CNOT 45 82
[24588] = CNOT 45 83
[24589] = S 45
[24590] = Z 45
[24591] = CNOT 45 83
[24592] = CNOT 45 84
[24593] = S 45
[24594] = Z 45
[24595] = CNOT 45 84
[24596] = CNOT 45 92
[24597] = S 45
[24598] = Z 45
[24599] = CNOT 45 92
[24600] = CNOT 45 95
[24601] = S 45
[24602] = Z 45
[24603] = CNOT 45 95
[24604] = CNOT 45 102
[24605] = S 45
[24606] = Z 45
[24607] = CNOT 45 102
[24608] = CNOT 45 75
[24609] = CNOT 45 77
[24610] = CNOT 45 79
[24611] = Z 45
[24612] = CNOT 45 77
[24613] = CNOT 45 80
[24614] = Z 45
[24615] = CNOT 45 80
[24616] = CNOT 45 81
[24617] = Z 45
[24618] = CNOT 45 81
[24619] = CNOT 45 82
[24620] = S 45
[24621] = CNOT 45 82
[24622] = CNOT 45 83
[24623] = Z 45
[24624] = CNOT 45 83
[24625] = CNOT 45 95
[24626] = Z 45
[24627] = CNOT 45 95
[24628] = CNOT 45 102
[24629] = Z 45
[24630] = CNOT 45 102
[24631] = CNOT 45 79
[24632] = CNOT 45 80
[24633] = CNOT 45 82
[24634] = S 45
[24635] = Z 45
[24636] = CNOT 45 82
[24637] = CNOT 45 83
[24638] = S 45
[24639] = Z 45
[24640] = CNOT 45 83
[24641] = CNOT 45 84
[24642] = Z 45
[24643] = CNOT 45 84
[24644] = CNOT 45 85
[24645] = Z 45
[24646] = CNOT 45 85
[24647] = CNOT 45 88
[24648] = Z 45
[24649] = CNOT 45 88
[24650] = CNOT 45 90
[24651] = Z 45
[24652] = CNOT 45 90
[24653] = CNOT 45 92
[24654] = S 45
[24655] = CNOT 45 92
[24656] = CNOT 45 93
[24657] = S 45
[24658] = Z 45
[24659] = CNOT 45 93
[24660] = CNOT 45 96
[24661] = S 45
[24662] = CNOT 45 96
[24663] = CNOT 45 98
[24664] = Z 45
[24665] = CNOT 45 98
[24666] = CNOT 45 99
[24667] = Z 45
[24668] = CNOT 45 99
[24669] = CNOT 45 101
[24670] = Z 45
[24671] = CNOT 45 101
[24672] = CNOT 45 80
[24673] = CNOT 45 81
[24674] = CNOT 45 82
[24675] = S 45
[24676] = Z 45
[24677] = CNOT 45 81
[24678] = CNOT 45 83
[24679] = Z 45
[24680] = CNOT 45 83
[24681] = CNOT 45 84
[24682] = Z 45
[24683] = CNOT 45 84
[24684] = CNOT 45 85
[24685] = Z 45
[24686] = CNOT 45 85
[24687] = CNOT 45 88
[24688] = Z 45
[24689] = CNOT 45 88
[24690] = CNOT 45 90
[24691] = Z 45
[24692] = CNOT 45 90
[24693] = CNOT 45 92
[24694] = S 45
[24695] = CNOT 45 92
[24696] = CNOT 45 93
[24697] = S 45
[24698] = Z 45
[24699] = CNOT 45 93
[24700] = CNOT 45 95
[24701] = Z 45
[24702] = CNOT 45 95
[24703] = CNOT 45 96
[24704] = S 45
[24705] = CNOT 45 96
[24706] = CNOT 45 98
[24707] = Z 45
[24708] = CNOT 45 98
[24709] = CNOT 45 99
[24710] = Z 45
[24711] = CNOT 45 99
[24712] = CNOT 45 101
[24713] = Z 45
[24714] = CNOT 45 101
[24715] = CNOT 45 102
[24716] = Z 45
[24717] = CNOT 45 102
[24718] = CNOT 45 82
[24719] = CNOT 45 83
[24720] = CNOT 45 95
[24721] = S 45
[24722] = Z 45
[24723] = CNOT 45 95
[24724] = CNOT 45 102
[24725] = S 45
[24726] = Z 45
[24727] = CNOT 45 102
[24728] = CNOT 45 83
[24729] = CNOT 45 84
[24730] = CNOT 45 85
[24731] = S 45
[24732] = Z 45
[24733] = CNOT 45 85
[24734] = CNOT 45 92
[24735] = Z 45
[24736] = CNOT 45 92
[24737] = CNOT 45 84
[24738] = CNOT 45 85
[24739] = CNOT 45 88
[24740] = S 45
[24741] = Z 45
[24742] = CNOT 45 88
[24743] = CNOT 45 92
[24744] = Z 45
[24745] = CNOT 45 92
[24746] = CNOT 45 85
[24747] = CNOT 45 88
[24748] = CNOT 45 90
[24749] = S 45
[24750] = Z 45
[24751] = CNOT 45 90
[24752] = CNOT 45 92
[24753] = Z 45
[24754] = CNOT 45 88
[24755] = CNOT 45 90
[24756] = Z 45
[24757] = CNOT 45 92
[24758] = CNOT 45 93
[24759] = S 45
[24760] = Z 45
[24761] = CNOT 45 90
[24762] = CNOT 45 92
[24763] = S 45
[24764] = Z 45
[24765] = CNOT 45 93
[24766] = CNOT 45 96
[24767] = S 45
[24768] = CNOT 45 96
[24769] = CNOT 45 98
[24770] = Z 45
[24771] = CNOT 45 98
[24772] = CNOT 45 99
[24773] = Z 45
[24774] = CNOT 45 99
[24775] = CNOT 45 101
[24776] = Z 45
[24777] = CNOT 45 101
[24778] = CNOT 45 92
[24779] = CNOT 45 93
[24780] = CNOT 45 96
[24781] = Z 45
[24782] = CNOT 45 96
[24783] = CNOT 45 98
[24784] = S 45
[24785] = Z 45
[24786] = CNOT 45 98
[24787] = CNOT 45 99
[24788] = Z 45
[24789] = CNOT 45 99
[24790] = CNOT 45 93
[24791] = CNOT 45 95
[24792] = CNOT 45 102
[24793] = Z 45
[24794] = CNOT 45 102
[24795] = CNOT 45 95
[24796] = CNOT 45 96
[24797] = CNOT 45 98
[24798] = S 45
[24799] = Z 45
[24800] = CNOT 45 98
[24801] = CNOT 45 99
[24802] = S 45
[24803] = Z 45
[24804] = CNOT 45 99
[24805] = CNOT 45 101
[24806] = S 45
[24807] = Z 45
[24808] = CNOT 45 96
[24809] = CNOT 45 98
[24810] = S 45
[24811] = Z 45
[24812] = CNOT 45 101
[24813] = CNOT 45 98
[24814] = CNOT 46 49
[24815] = CNOT 46 53
[24816] = S 46
[24817] = Z 46
[24818] = CNOT 46 53
[24819] = CNOT 46 55
[24820] = S 46
[24821] = Z 46
[24822] = CNOT 46 55
[24823] = CNOT 46 65
[24824] = S 46
[24825] = Z 46
[24826] = CNOT 46 65
[24827] = CNOT 46 74
[24828] = S 46
[24829] = Z 46
[24830] = CNOT 46 74
[24831] = CNOT 46 75
[24832] = S 46
[24833] = Z 46
[24834] = CNOT 46 75
[24835] = CNOT 46 79
[24836] = S 46
[24837] = Z 46
[24838] = CNOT 46 79
[24839] = CNOT 46 49
[24840] = CNOT 46 53
[24841] = CNOT 46 55
[24842] = Z 46
[24843] = CNOT 46 55
[24844] = CNOT 46 65
[24845] = Z 46
[24846] = CNOT 46 65
[24847] = CNOT 46 74
[24848] = Z 46
[24849] = CNOT 46 74
[24850] = CNOT 46 75
[24851] = Z 46
[24852] = CNOT 46 75
[24853] = CNOT 46 79
[24854] = Z 46
[24855] = CNOT 46 79
[24856] = CNOT 46 53
[24857] = CNOT 46 55
[24858] = CNOT 46 65
[24859] = Z 46
[24860] = CNOT 46 65
[24861] = CNOT 46 74
[24862] = Z 46
[24863] = CNOT 46 74
[24864] = CNOT 46 75
[24865] = Z 46
[24866] = CNOT 46 75
[24867] = CNOT 46 79
[24868] = Z 46
[24869] = CNOT 46 79
[24870] = CNOT 46 55
[24871] = CNOT 46 65
[24872] = CNOT 46 74
[24873] = Z 46
[24874] = CNOT 46 74
[24875] = CNOT 46 75
[24876] = Z 46
[24877] = CNOT 46 75
[24878] = CNOT 46 79
[24879] = Z 46
[24880] = CNOT 46 79
[24881] = CNOT 46 65
[24882] = CNOT 46 74
[24883] = CNOT 46 75
[24884] = Z 46
[24885] = CNOT 46 75
[24886] = CNOT 46 79
[24887] = Z 46
[24888] = CNOT 46 74
[24889] = CNOT 46 75
[24890] = Z 46
[24891] = CNOT 46 79
[24892] = CNOT 46 75
[24893] = CNOT 47 53
[24894] = CNOT 47 54
[24895] = Z 47
[24896] = CNOT 47 54
[24897] = CNOT 47 56
[24898] = Z 47
[24899] = CNOT 47 56
[24900] = CNOT 47 68
[24901] = Z 47
[24902] = CNOT 47 68
[24903] = CNOT 47 72
[24904] = Z 47
[24905] = CNOT 47 72
[24906] = CNOT 47 73
[24907] = Z 47
[24908] = CNOT 47 73
[24909] = CNOT 47 74
[24910] = Z 47
[24911] = CNOT 47 74
[24912] = CNOT 47 75
[24913] = Z 47
[24914] = CNOT 47 75
[24915] = CNOT 47 79
[24916] = Z 47
[24917] = CNOT 47 79
[24918] = CNOT 47 81
[24919] = Z 47
[24920] = CNOT 47 81
[24921] = CNOT 47 82
[24922] = Z 47
[24923] = CNOT 47 82
[24924] = CNOT 47 53
[24925] = CNOT 47 54
[24926] = CNOT 47 56
[24927] = Z 47
[24928] = CNOT 47 56
[24929] = CNOT 47 68
[24930] = Z 47
[24931] = CNOT 47 68
[24932] = CNOT 47 72
[24933] = Z 47
[24934] = CNOT 47 72
[24935] = CNOT 47 73
[24936] = Z 47
[24937] = CNOT 47 73
[24938] = CNOT 47 74
[24939] = Z 47
[24940] = CNOT 47 74
[24941] = CNOT 47 75
[24942] = Z 47
[24943] = CNOT 47 75
[24944] = CNOT 47 79
[24945] = Z 47
[24946] = CNOT 47 79
[24947] = CNOT 47 81
[24948] = Z 47
[24949] = CNOT 47 81
[24950] = CNOT 47 82
[24951] = Z 47
[24952] = CNOT 47 82
[24953] = CNOT 47 54
[24954] = CNOT 47 56
[24955] = CNOT 47 68
[24956] = Z 47
[24957] = CNOT 47 68
[24958] = CNOT 47 72
[24959] = Z 47
[24960] = CNOT 47 72
[24961] = CNOT 47 73
[24962] = Z 47
[24963] = CNOT 47 73
[24964] = CNOT 47 74
[24965] = Z 47
[24966] = CNOT 47 74
[24967] = CNOT 47 75
[24968] = Z 47
[24969] = CNOT 47 75
[24970] = CNOT 47 79
[24971] = Z 47
[24972] = CNOT 47 79
[24973] = CNOT 47 81
[24974] = Z 47
[24975] = CNOT 47 81
[24976] = CNOT 47 82
[24977] = Z 47
[24978] = CNOT 47 82
[24979] = CNOT 47 56
[24980] = CNOT 47 68
[24981] = CNOT 47 72
[24982] = Z 47
[24983] = CNOT 47 72
[24984] = CNOT 47 73
[24985] = Z 47
[24986] = CNOT 47 73
[24987] = CNOT 47 74
[24988] = Z 47
[24989] = CNOT 47 74
[24990] = CNOT 47 75
[24991] = Z 47
[24992] = CNOT 47 75
[24993] = CNOT 47 79
[24994] = Z 47
[24995] = CNOT 47 79
[24996] = CNOT 47 81
[24997] = Z 47
[24998] = CNOT 47 81
[24999] = CNOT 47 82
[25000] = Z 47
[25001] = CNOT 47 82
[25002] = CNOT 47 68
[25003] = CNOT 47 72
[25004] = CNOT 47 73
[25005] = Z 47
[25006] = CNOT 47 73
[25007] = CNOT 47 74
[25008] = Z 47
[25009] = CNOT 47 74
[25010] = CNOT 47 75
[25011] = Z 47
[25012] = CNOT 47 75
[25013] = CNOT 47 79
[25014] = Z 47
[25015] = CNOT 47 79
[25016] = CNOT 47 81
[25017] = Z 47
[25018] = CNOT 47 81
[25019] = CNOT 47 82
[25020] = Z 47
[25021] = CNOT 47 82
[25022] = CNOT 47 72
[25023] = CNOT 47 73
[25024] = CNOT 47 74
[25025] = Z 47
[25026] = CNOT 47 74
[25027] = CNOT 47 75
[25028] = Z 47
[25029] = CNOT 47 75
[25030] = CNOT 47 79
[25031] = Z 47
[25032] = CNOT 47 79
[25033] = CNOT 47 81
[25034] = Z 47
[25035] = CNOT 47 81
[25036] = CNOT 47 82
[25037] = Z 47
[25038] = CNOT 47 82
[25039] = CNOT 47 73
[25040] = CNOT 47 74
[25041] = CNOT 47 75
[25042] = Z 47
[25043] = CNOT 47 75
[25044] = CNOT 47 79
[25045] = Z 47
[25046] = CNOT 47 79
[25047] = CNOT 47 81
[25048] = Z 47
[25049] = CNOT 47 81
[25050] = CNOT 47 82
[25051] = Z 47
[25052] = CNOT 47 82
[25053] = CNOT 47 74
[25054] = CNOT 47 75
[25055] = CNOT 47 79
[25056] = Z 47
[25057] = CNOT 47 79
[25058] = CNOT 47 81
[25059] = Z 47
[25060] = CNOT 47 81
[25061] = CNOT 47 82
[25062] = Z 47
[25063] = CNOT 47 82
[25064] = CNOT 47 75
[25065] = CNOT 47 79
[25066] = CNOT 47 81
[25067] = Z 47
[25068] = CNOT 47 81
[25069] = CNOT 47 82
[25070] = Z 47
[25071] = CNOT 47 79
[25072] = CNOT 47 81
[25073] = Z 47
[25074] = CNOT 47 82
[25075] = CNOT 47 81
[25076] = CNOT 49 51
[25077] = CNOT 49 53
[25078] = S 49
[25079] = Z 49
[25080] = CNOT 49 53
[25081] = CNOT 49 55
[25082] = S 49
[25083] = Z 49
[25084] = CNOT 49 55
[25085] = CNOT 49 65
[25086] = S 49
[25087] = Z 49
[25088] = CNOT 49 65
[25089] = CNOT 49 74
[25090] = S 49
[25091] = Z 49
[25092] = CNOT 49 74
[25093] = CNOT 49 75
[25094] = S 49
[25095] = Z 49
[25096] = CNOT 49 75
[25097] = CNOT 49 79
[25098] = S 49
[25099] = Z 49
[25100] = CNOT 49 79
[25101] = CNOT 49 51
[25102] = CNOT 49 53
[25103] = CNOT 49 55
[25104] = Z 49
[25105] = CNOT 49 55
[25106] = CNOT 49 65
[25107] = Z 49
[25108] = CNOT 49 65
[25109] = CNOT 49 74
[25110] = Z 49
[25111] = CNOT 49 74
[25112] = CNOT 49 75
[25113] = Z 49
[25114] = CNOT 49 75
[25115] = CNOT 49 79
[25116] = Z 49
[25117] = CNOT 49 79
[25118] = CNOT 49 53
[25119] = CNOT 49 55
[25120] = CNOT 49 65
[25121] = Z 49
[25122] = CNOT 49 65
[25123] = CNOT 49 74
[25124] = Z 49
[25125] = CNOT 49 74
[25126] = CNOT 49 75
[25127] = Z 49
[25128] = CNOT 49 75
[25129] = CNOT 49 79
[25130] = Z 49
[25131] = CNOT 49 79
[25132] = CNOT 49 55
[25133] = CNOT 49 65
[25134] = CNOT 49 74
[25135] = Z 49
[25136] = CNOT 49 74
[25137] = CNOT 49 75
[25138] = Z 49
[25139] = CNOT 49 75
[25140] = CNOT 49 79
[25141] = Z 49
[25142] = CNOT 49 79
[25143] = CNOT 49 65
[25144] = CNOT 49 74
[25145] = CNOT 49 75
[25146] = Z 49
[25147] = CNOT 49 75
[25148] = CNOT 49 79
[25149] = Z 49
[25150] = CNOT 49 74
[25151] = CNOT 49 75
[25152] = Z 49
[25153] = CNOT 49 79
[25154] = CNOT 49 75
[25155] = CNOT 51 53
[25156] = CNOT 51 55
[25157] = S 51
[25158] = Z 51
[25159] = CNOT 51 55
[25160] = CNOT 51 65
[25161] = S 51
[25162] = Z 51
[25163] = CNOT 51 65
[25164] = CNOT 51 74
[25165] = S 51
[25166] = Z 51
[25167] = CNOT 51 74
[25168] = CNOT 51 75
[25169] = S 51
[25170] = Z 51
[25171] = CNOT 51 75
[25172] = CNOT 51 79
[25173] = S 51
[25174] = Z 51
[25175] = CNOT 51 79
[25176] = CNOT 51 53
[25177] = CNOT 51 55
[25178] = CNOT 51 65
[25179] = Z 51
[25180] = CNOT 51 65
[25181] = CNOT 51 74
[25182] = Z 51
[25183] = CNOT 51 74
[25184] = CNOT 51 75
[25185] = Z 51
[25186] = CNOT 51 75
[25187] = CNOT 51 79
[25188] = Z 51
[25189] = CNOT 51 79
[25190] = CNOT 51 55
[25191] = CNOT 51 65
[25192] = CNOT 51 74
[25193] = Z 51
[25194] = CNOT 51 74
[25195] = CNOT 51 75
[25196] = Z 51
[25197] = CNOT 51 75
[25198] = CNOT 51 79
[25199] = Z 51
[25200] = CNOT 51 79
[25201] = CNOT 51 65
[25202] = CNOT 51 74
[25203] = CNOT 51 75
[25204] = Z 51
[25205] = CNOT 51 75
[25206] = CNOT 51 79
[25207] = Z 51
[25208] = CNOT 51 74
[25209] = CNOT 51 75
[25210] = Z 51
[25211] = CNOT 51 79
[25212] = CNOT 51 75
[25213] = CNOT 52 53
[25214] = CNOT 52 54
[25215] = Z 52
[25216] = CNOT 52 54
[25217] = CNOT 52 55
[25218] = Z 52
[25219] = CNOT 52 55
[25220] = CNOT 52 56
[25221] = Z 52
[25222] = CNOT 52 56
[25223] = CNOT 52 59
[25224] = Z 52
[25225] = CNOT 52 59
[25226] = CNOT 52 74
[25227] = Z 52
[25228] = CNOT 52 74
[25229] = CNOT 52 75
[25230] = Z 52
[25231] = CNOT 52 75
[25232] = CNOT 52 79
[25233] = Z 52
[25234] = CNOT 52 79
[25235] = CNOT 52 81
[25236] = Z 52
[25237] = CNOT 52 81
[25238] = CNOT 52 86
[25239] = Z 52
[25240] = CNOT 52 86
[25241] = CNOT 52 53
[25242] = CNOT 52 54
[25243] = CNOT 52 55
[25244] = Z 52
[25245] = CNOT 52 55
[25246] = CNOT 52 56
[25247] = Z 52
[25248] = CNOT 52 56
[25249] = CNOT 52 59
[25250] = Z 52
[25251] = CNOT 52 59
[25252] = CNOT 52 74
[25253] = Z 52
[25254] = CNOT 52 74
[25255] = CNOT 52 75
[25256] = Z 52
[25257] = CNOT 52 75
[25258] = CNOT 52 79
[25259] = Z 52
[25260] = CNOT 52 79
[25261] = CNOT 52 81
[25262] = Z 52
[25263] = CNOT 52 81
[25264] = CNOT 52 86
[25265] = Z 52
[25266] = CNOT 52 86
[25267] = CNOT 52 54
[25268] = CNOT 52 55
[25269] = CNOT 52 56
[25270] = Z 52
[25271] = CNOT 52 56
[25272] = CNOT 52 59
[25273] = Z 52
[25274] = CNOT 52 59
[25275] = CNOT 52 74
[25276] = Z 52
[25277] = CNOT 52 74
[25278] = CNOT 52 75
[25279] = Z 52
[25280] = CNOT 52 75
[25281] = CNOT 52 79
[25282] = Z 52
[25283] = CNOT 52 79
[25284] = CNOT 52 81
[25285] = Z 52
[25286] = CNOT 52 81
[25287] = CNOT 52 86
[25288] = Z 52
[25289] = CNOT 52 86
[25290] = CNOT 52 55
[25291] = CNOT 52 56
[25292] = CNOT 52 59
[25293] = Z 52
[25294] = CNOT 52 59
[25295] = CNOT 52 74
[25296] = Z 52
[25297] = CNOT 52 74
[25298] = CNOT 52 75
[25299] = Z 52
[25300] = CNOT 52 75
[25301] = CNOT 52 79
[25302] = Z 52
[25303] = CNOT 52 79
[25304] = CNOT 52 81
[25305] = Z 52
[25306] = CNOT 52 81
[25307] = CNOT 52 86
[25308] = Z 52
[25309] = CNOT 52 86
[25310] = CNOT 52 56
[25311] = CNOT 52 59
[25312] = CNOT 52 74
[25313] = Z 52
[25314] = CNOT 52 74
[25315] = CNOT 52 75
[25316] = Z 52
[25317] = CNOT 52 75
[25318] = CNOT 52 79
[25319] = Z 52
[25320] = CNOT 52 79
[25321] = CNOT 52 81
[25322] = Z 52
[25323] = CNOT 52 81
[25324] = CNOT 52 86
[25325] = Z 52
[25326] = CNOT 52 86
[25327] = CNOT 52 59
[25328] = CNOT 52 74
[25329] = CNOT 52 75
[25330] = Z 52
[25331] = CNOT 52 75
[25332] = CNOT 52 79
[25333] = Z 52
[25334] = CNOT 52 79
[25335] = CNOT 52 81
[25336] = Z 52
[25337] = CNOT 52 81
[25338] = CNOT 52 86
[25339] = Z 52
[25340] = CNOT 52 86
[25341] = CNOT 52 74
[25342] = CNOT 52 75
[25343] = CNOT 52 79
[25344] = Z 52
[25345] = CNOT 52 79
[25346] = CNOT 52 81
[25347] = Z 52
[25348] = CNOT 52 81
[25349] = CNOT 52 86
[25350] = Z 52
[25351] = CNOT 52 86
[25352] = CNOT 52 75
[25353] = CNOT 52 79
[25354] = CNOT 52 81
[25355] = Z 52
[25356] = CNOT 52 81
[25357] = CNOT 52 86
[25358] = Z 52
[25359] = CNOT 52 79
[25360] = CNOT 52 81
[25361] = Z 52
[25362] = CNOT 52 86
[25363] = CNOT 52 81
[25364] = CNOT 53 54
[25365] = CNOT 53 55
[25366] = S 53
[25367] = CNOT 53 55
[25368] = CNOT 53 56
[25369] = S 53
[25370] = CNOT 53 56
[25371] = CNOT 53 57
[25372] = Z 53
[25373] = CNOT 53 57
[25374] = CNOT 53 58
[25375] = Z 53
[25376] = CNOT 53 58
[25377] = CNOT 53 59
[25378] = Z 53
[25379] = CNOT 53 59
[25380] = CNOT 53 62
[25381] = Z 53
[25382] = CNOT 53 62
[25383] = CNOT 53 64
[25384] = S 53
[25385] = CNOT 53 64
[25386] = CNOT 53 65
[25387] = Z 53
[25388] = CNOT 53 65
[25389] = CNOT 53 68
[25390] = Z 53
[25391] = CNOT 53 68
[25392] = CNOT 53 73
[25393] = S 53
[25394] = Z 53
[25395] = CNOT 53 73
[25396] = CNOT 53 74
[25397] = S 53
[25398] = CNOT 53 74
[25399] = CNOT 53 75
[25400] = S 53
[25401] = CNOT 53 75
[25402] = CNOT 53 77
[25403] = Z 53
[25404] = CNOT 53 77
[25405] = CNOT 53 79
[25406] = S 53
[25407] = CNOT 53 79
[25408] = CNOT 53 81
[25409] = Z 53
[25410] = CNOT 53 81
[25411] = CNOT 53 82
[25412] = S 53
[25413] = CNOT 53 82
[25414] = CNOT 53 54
[25415] = CNOT 53 55
[25416] = CNOT 53 57
[25417] = Z 53
[25418] = CNOT 53 57
[25419] = CNOT 53 58
[25420] = S 53
[25421] = CNOT 53 58
[25422] = CNOT 53 59
[25423] = Z 53
[25424] = CNOT 53 59
[25425] = CNOT 53 64
[25426] = Z 53
[25427] = CNOT 53 64
[25428] = CNOT 53 65
[25429] = S 53
[25430] = CNOT 53 65
[25431] = CNOT 53 71
[25432] = Z 53
[25433] = CNOT 53 71
[25434] = CNOT 53 73
[25435] = S 53
[25436] = Z 53
[25437] = CNOT 53 73
[25438] = CNOT 53 75
[25439] = S 53
[25440] = CNOT 53 75
[25441] = CNOT 53 77
[25442] = Z 53
[25443] = CNOT 53 77
[25444] = CNOT 53 79
[25445] = S 53
[25446] = Z 53
[25447] = CNOT 53 79
[25448] = CNOT 53 80
[25449] = S 53
[25450] = Z 53
[25451] = CNOT 53 80
[25452] = CNOT 53 81
[25453] = Z 53
[25454] = CNOT 53 81
[25455] = CNOT 53 82
[25456] = S 53
[25457] = CNOT 53 82
[25458] = CNOT 53 83
[25459] = Z 53
[25460] = CNOT 53 83
[25461] = CNOT 53 84
[25462] = Z 53
[25463] = CNOT 53 84
[25464] = CNOT 53 85
[25465] = Z 53
[25466] = CNOT 53 85
[25467] = CNOT 53 86
[25468] = Z 53
[25469] = CNOT 53 86
[25470] = CNOT 53 88
[25471] = Z 53
[25472] = CNOT 53 88
[25473] = CNOT 53 90
[25474] = Z 53
[25475] = CNOT 53 90
[25476] = CNOT 53 92
[25477] = S 53
[25478] = CNOT 53 92
[25479] = CNOT 53 93
[25480] = S 53
[25481] = Z 53
[25482] = CNOT 53 93
[25483] = CNOT 53 95
[25484] = Z 53
[25485] = CNOT 53 95
[25486] = CNOT 53 96
[25487] = S 53
[25488] = CNOT 53 96
[25489] = CNOT 53 98
[25490] = Z 53
[25491] = CNOT 53 98
[25492] = CNOT 53 99
[25493] = Z 53
[25494] = CNOT 53 99
[25495] = CNOT 53 101
[25496] = Z 53
[25497] = CNOT 53 101
[25498] = CNOT 53 102
[25499] = Z 53
[25500] = CNOT 53 102
[25501] = CNOT 53 55
[25502] = CNOT 53 56
[25503] = CNOT 53 57
[25504] = Z 53
[25505] = CNOT 53 57
[25506] = CNOT 53 58
[25507] = S 53
[25508] = CNOT 53 58
[25509] = CNOT 53 59
[25510] = Z 53
[25511] = CNOT 53 59
[25512] = CNOT 53 62
[25513] = Z 53
[25514] = CNOT 53 62
[25515] = CNOT 53 65
[25516] = S 53
[25517] = CNOT 53 65
[25518] = CNOT 53 68
[25519] = Z 53
[25520] = CNOT 53 68
[25521] = CNOT 53 71
[25522] = Z 53
[25523] = CNOT 53 71
[25524] = CNOT 53 73
[25525] = S 53
[25526] = Z 53
[25527] = CNOT 53 73
[25528] = CNOT 53 75
[25529] = S 53
[25530] = CNOT 53 75
[25531] = CNOT 53 77
[25532] = Z 53
[25533] = CNOT 53 77
[25534] = CNOT 53 79
[25535] = S 53
[25536] = Z 53
[25537] = CNOT 53 79
[25538] = CNOT 53 80
[25539] = S 53
[25540] = Z 53
[25541] = CNOT 53 80
[25542] = CNOT 53 81
[25543] = Z 53
[25544] = CNOT 53 81
[25545] = CNOT 53 83
[25546] = Z 53
[25547] = CNOT 53 83
[25548] = CNOT 53 84
[25549] = Z 53
[25550] = CNOT 53 84
[25551] = CNOT 53 85
[25552] = Z 53
[25553] = CNOT 53 85
[25554] = CNOT 53 88
[25555] = Z 53
[25556] = CNOT 53 88
[25557] = CNOT 53 90
[25558] = Z 53
[25559] = CNOT 53 90
[25560] = CNOT 53 92
[25561] = S 53
[25562] = CNOT 53 92
[25563] = CNOT 53 93
[25564] = S 53
[25565] = Z 53
[25566] = CNOT 53 93
[25567] = CNOT 53 95
[25568] = Z 53
[25569] = CNOT 53 95
[25570] = CNOT 53 96
[25571] = S 53
[25572] = CNOT 53 96
[25573] = CNOT 53 98
[25574] = Z 53
[25575] = CNOT 53 98
[25576] = CNOT 53 99
[25577] = Z 53
[25578] = CNOT 53 99
[25579] = CNOT 53 101
[25580] = Z 53
[25581] = CNOT 53 101
[25582] = CNOT 53 102
[25583] = Z 53
[25584] = CNOT 53 102
[25585] = CNOT 53 56
[25586] = CNOT 53 57
[25587] = CNOT 53 58
[25588] = S 53
[25589] = Z 53
[25590] = CNOT 53 58
[25591] = CNOT 53 65
[25592] = S 53
[25593] = Z 53
[25594] = CNOT 53 65
[25595] = CNOT 53 73
[25596] = Z 53
[25597] = CNOT 53 73
[25598] = CNOT 53 74
[25599] = Z 53
[25600] = CNOT 53 74
[25601] = CNOT 53 75
[25602] = Z 53
[25603] = CNOT 53 75
[25604] = CNOT 53 79
[25605] = Z 53
[25606] = CNOT 53 79
[25607] = CNOT 53 82
[25608] = Z 53
[25609] = CNOT 53 82
[25610] = CNOT 53 57
[25611] = CNOT 53 58
[25612] = CNOT 53 64
[25613] = Z 53
[25614] = CNOT 53 64
[25615] = CNOT 53 65
[25616] = S 53
[25617] = CNOT 53 65
[25618] = CNOT 53 71
[25619] = Z 53
[25620] = CNOT 53 71
[25621] = CNOT 53 73
[25622] = Z 53
[25623] = CNOT 53 73
[25624] = CNOT 53 74
[25625] = S 53
[25626] = CNOT 53 74
[25627] = CNOT 53 75
[25628] = Z 53
[25629] = CNOT 53 75
[25630] = CNOT 53 80
[25631] = S 53
[25632] = Z 53
[25633] = CNOT 53 80
[25634] = CNOT 53 82
[25635] = S 53
[25636] = CNOT 53 82
[25637] = CNOT 53 83
[25638] = Z 53
[25639] = CNOT 53 83
[25640] = CNOT 53 84
[25641] = Z 53
[25642] = CNOT 53 84
[25643] = CNOT 53 85
[25644] = Z 53
[25645] = CNOT 53 85
[25646] = CNOT 53 88
[25647] = Z 53
[25648] = CNOT 53 88
[25649] = CNOT 53 90
[25650] = Z 53
[25651] = CNOT 53 90
[25652] = CNOT 53 92
[25653] = S 53
[25654] = CNOT 53 92
[25655] = CNOT 53 93
[25656] = S 53
[25657] = Z 53
[25658] = CNOT 53 93
[25659] = CNOT 53 95
[25660] = Z 53
[25661] = CNOT 53 95
[25662] = CNOT 53 96
[25663] = S 53
[25664] = CNOT 53 96
[25665] = CNOT 53 98
[25666] = Z 53
[25667] = CNOT 53 98
[25668] = CNOT 53 99
[25669] = Z 53
[25670] = CNOT 53 99
[25671] = CNOT 53 101
[25672] = Z 53
[25673] = CNOT 53 101
[25674] = CNOT 53 102
[25675] = Z 53
[25676] = CNOT 53 102
[25677] = CNOT 53 58
[25678] = CNOT 53 59
[25679] = CNOT 53 74
[25680] = Z 53
[25681] = CNOT 53 74
[25682] = CNOT 53 75
[25683] = Z 53
[25684] = CNOT 53 75
[25685] = CNOT 53 79
[25686] = Z 53
[25687] = CNOT 53 79
[25688] = CNOT 53 81
[25689] = Z 53
[25690] = CNOT 53 81
[25691] = CNOT 53 86
[25692] = Z 53
[25693] = CNOT 53 86
[25694] = CNOT 53 59
[25695] = CNOT 53 62
[25696] = CNOT 53 73
[25697] = Z 53
[25698] = CNOT 53 73
[25699] = CNOT 53 74
[25700] = Z 53
[25701] = CNOT 53 74
[25702] = CNOT 53 75
[25703] = Z 53
[25704] = CNOT 53 75
[25705] = CNOT 53 79
[25706] = Z 53
[25707] = CNOT 53 79
[25708] = CNOT 53 81
[25709] = Z 53
[25710] = CNOT 53 81
[25711] = CNOT 53 86
[25712] = Z 53
[25713] = CNOT 53 86
[25714] = CNOT 53 62
[25715] = CNOT 53 64
[25716] = CNOT 53 65
[25717] = Z 53
[25718] = CNOT 53 65
[25719] = CNOT 53 68
[25720] = Z 53
[25721] = CNOT 53 68
[25722] = CNOT 53 71
[25723] = S 53
[25724] = Z 53
[25725] = CNOT 53 71
[25726] = CNOT 53 72
[25727] = S 53
[25728] = Z 53
[25729] = CNOT 53 72
[25730] = CNOT 53 81
[25731] = Z 53
[25732] = CNOT 53 81
[25733] = CNOT 53 64
[25734] = CNOT 53 65
[25735] = CNOT 53 71
[25736] = Z 53
[25737] = CNOT 53 71
[25738] = CNOT 53 73
[25739] = Z 53
[25740] = CNOT 53 73
[25741] = CNOT 53 74
[25742] = S 53
[25743] = CNOT 53 74
[25744] = CNOT 53 75
[25745] = Z 53
[25746] = CNOT 53 75
[25747] = CNOT 53 80
[25748] = S 53
[25749] = Z 53
[25750] = CNOT 53 80
[25751] = CNOT 53 82
[25752] = S 53
[25753] = CNOT 53 82
[25754] = CNOT 53 83
[25755] = Z 53
[25756] = CNOT 53 83
[25757] = CNOT 53 84
[25758] = Z 53
[25759] = CNOT 53 84
[25760] = CNOT 53 85
[25761] = Z 53
[25762] = CNOT 53 85
[25763] = CNOT 53 88
[25764] = Z 53
[25765] = CNOT 53 88
[25766] = CNOT 53 90
[25767] = Z 53
[25768] = CNOT 53 90
[25769] = CNOT 53 92
[25770] = S 53
[25771] = CNOT 53 92
[25772] = CNOT 53 93
[25773] = S 53
[25774] = Z 53
[25775] = CNOT 53 93
[25776] = CNOT 53 95
[25777] = Z 53
[25778] = CNOT 53 95
[25779] = CNOT 53 96
[25780] = S 53
[25781] = CNOT 53 96
[25782] = CNOT 53 98
[25783] = Z 53
[25784] = CNOT 53 98
[25785] = CNOT 53 99
[25786] = Z 53
[25787] = CNOT 53 99
[25788] = CNOT 53 101
[25789] = Z 53
[25790] = CNOT 53 101
[25791] = CNOT 53 102
[25792] = Z 53
[25793] = CNOT 53 102
[25794] = CNOT 53 65
[25795] = CNOT 53 68
[25796] = CNOT 53 73
[25797] = Z 53
[25798] = CNOT 53 73
[25799] = CNOT 53 74
[25800] = Z 53
[25801] = CNOT 53 74
[25802] = CNOT 53 75
[25803] = Z 53
[25804] = CNOT 53 75
[25805] = CNOT 53 79
[25806] = Z 53
[25807] = CNOT 53 79
[25808] = CNOT 53 81
[25809] = Z 53
[25810] = CNOT 53 81
[25811] = CNOT 53 82
[25812] = Z 53
[25813] = CNOT 53 82
[25814] = CNOT 53 68
[25815] = CNOT 53 71
[25816] = CNOT 53 73
[25817] = Z 53
[25818] = CNOT 53 73
[25819] = CNOT 53 74
[25820] = Z 53
[25821] = CNOT 53 74
[25822] = CNOT 53 75
[25823] = S 53
[25824] = Z 53
[25825] = CNOT 53 75
[25826] = CNOT 53 79
[25827] = Z 53
[25828] = CNOT 53 79
[25829] = CNOT 53 82
[25830] = Z 53
[25831] = CNOT 53 82
[25832] = CNOT 53 71
[25833] = CNOT 53 73
[25834] = CNOT 53 74
[25835] = S 53
[25836] = Z 53
[25837] = CNOT 53 74
[25838] = CNOT 53 77
[25839] = Z 53
[25840] = CNOT 53 77
[25841] = CNOT 53 79
[25842] = Z 53
[25843] = CNOT 53 79
[25844] = CNOT 53 82
[25845] = S 53
[25846] = CNOT 53 82
[25847] = CNOT 53 83
[25848] = Z 53
[25849] = CNOT 53 83
[25850] = CNOT 53 84
[25851] = S 53
[25852] = Z 53
[25853] = CNOT 53 84
[25854] = CNOT 53 85
[25855] = S 53
[25856] = Z 53
[25857] = CNOT 53 85
[25858] = CNOT 53 86
[25859] = Z 53
[25860] = CNOT 53 86
[25861] = CNOT 53 88
[25862] = S 53
[25863] = Z 53
[25864] = CNOT 53 88
[25865] = CNOT 53 90
[25866] = S 53
[25867] = Z 53
[25868] = CNOT 53 90
[25869] = CNOT 53 92
[25870] = S 53
[25871] = CNOT 53 92
[25872] = CNOT 53 95
[25873] = Z 53
[25874] = CNOT 53 95
[25875] = CNOT 53 96
[25876] = S 53
[25877] = CNOT 53 96
[25878] = CNOT 53 98
[25879] = S 53
[25880] = Z 53
[25881] = CNOT 53 98
[25882] = CNOT 53 99
[25883] = Z 53
[25884] = CNOT 53 99
[25885] = CNOT 53 101
[25886] = S 53
[25887] = Z 53
[25888] = CNOT 53 101
[25889] = CNOT 53 102
[25890] = Z 53
[25891] = CNOT 53 102
[25892] = CNOT 53 73
[25893] = CNOT 53 74
[25894] = CNOT 53 75
[25895] = S 53
[25896] = CNOT 53 75
[25897] = CNOT 53 77
[25898] = Z 53
[25899] = CNOT 53 77
[25900] = CNOT 53 79
[25901] = S 53
[25902] = Z 53
[25903] = CNOT 53 79
[25904] = CNOT 53 80
[25905] = S 53
[25906] = Z 53
[25907] = CNOT 53 80
[25908] = CNOT 53 81
[25909] = Z 53
[25910] = CNOT 53 81
[25911] = CNOT 53 83
[25912] = Z 53
[25913] = CNOT 53 83
[25914] = CNOT 53 84
[25915] = Z 53
[25916] = CNOT 53 84
[25917] = CNOT 53 85
[25918] = Z 53
[25919] = CNOT 53 85
[25920] = CNOT 53 88
[25921] = Z 53
[25922] = CNOT 53 88
[25923] = CNOT 53 90
[25924] = Z 53
[25925] = CNOT 53 90
[25926] = CNOT 53 92
[25927] = S 53
[25928] = CNOT 53 92
[25929] = CNOT 53 93
[25930] = S 53
[25931] = Z 53
[25932] = CNOT 53 93
[25933] = CNOT 53 95
[25934] = Z 53
[25935] = CNOT 53 95
[25936] = CNOT 53 96
[25937] = S 53
[25938] = CNOT 53 96
[25939] = CNOT 53 98
[25940] = Z 53
[25941] = CNOT 53 98
[25942] = CNOT 53 99
[25943] = Z 53
[25944] = CNOT 53 99
[25945] = CNOT 53 101
[25946] = Z 53
[25947] = CNOT 53 101
[25948] = CNOT 53 102
[25949] = Z 53
[25950] = CNOT 53 102
[25951] = CNOT 53 74
[25952] = CNOT 53 75
[25953] = CNOT 53 77
[25954] = Z 53
[25955] = CNOT 53 77
[25956] = CNOT 53 79
[25957] = Z 53
[25958] = CNOT 53 79
[25959] = CNOT 53 80
[25960] = Z 53
[25961] = CNOT 53 80
[25962] = CNOT 53 81
[25963] = Z 53
[25964] = CNOT 53 81
[25965] = CNOT 53 82
[25966] = S 53
[25967] = CNOT 53 82
[25968] = CNOT 53 83
[25969] = S 53
[25970] = Z 53
[25971] = CNOT 53 83
[25972] = CNOT 53 84
[25973] = S 53
[25974] = Z 53
[25975] = CNOT 53 84
[25976] = CNOT 53 92
[25977] = S 53
[25978] = Z 53
[25979] = CNOT 53 92
[25980] = CNOT 53 95
[25981] = S 53
[25982] = Z 53
[25983] = CNOT 53 95
[25984] = CNOT 53 102
[25985] = S 53
[25986] = Z 53
[25987] = CNOT 53 102
[25988] = CNOT 53 75
[25989] = CNOT 53 77
[25990] = CNOT 53 79
[25991] = Z 53
[25992] = CNOT 53 77
[25993] = CNOT 53 80
[25994] = Z 53
[25995] = CNOT 53 80
[25996] = CNOT 53 81
[25997] = Z 53
[25998] = CNOT 53 81
[25999] = CNOT 53 82
[26000] = S 53
[26001] = Z 53
[26002] = CNOT 53 82
[26003] = CNOT 53 83
[26004] = Z 53
[26005] = CNOT 53 83
[26006] = CNOT 53 95
[26007] = Z 53
[26008] = CNOT 53 95
[26009] = CNOT 53 102
[26010] = Z 53
[26011] = CNOT 53 102
[26012] = CNOT 53 79
[26013] = CNOT 53 80
[26014] = CNOT 53 82
[26015] = S 53
[26016] = Z 53
[26017] = CNOT 53 82
[26018] = CNOT 53 83
[26019] = S 53
[26020] = Z 53
[26021] = CNOT 53 83
[26022] = CNOT 53 84
[26023] = Z 53
[26024] = CNOT 53 84
[26025] = CNOT 53 85
[26026] = Z 53
[26027] = CNOT 53 85
[26028] = CNOT 53 88
[26029] = Z 53
[26030] = CNOT 53 88
[26031] = CNOT 53 90
[26032] = Z 53
[26033] = CNOT 53 90
[26034] = CNOT 53 92
[26035] = S 53
[26036] = CNOT 53 92
[26037] = CNOT 53 93
[26038] = S 53
[26039] = Z 53
[26040] = CNOT 53 93
[26041] = CNOT 53 96
[26042] = S 53
[26043] = CNOT 53 96
[26044] = CNOT 53 98
[26045] = Z 53
[26046] = CNOT 53 98
[26047] = CNOT 53 99
[26048] = Z 53
[26049] = CNOT 53 99
[26050] = CNOT 53 101
[26051] = Z 53
[26052] = CNOT 53 101
[26053] = CNOT 53 80
[26054] = CNOT 53 81
[26055] = CNOT 53 82
[26056] = S 53
[26057] = Z 53
[26058] = CNOT 53 81
[26059] = CNOT 53 83
[26060] = Z 53
[26061] = CNOT 53 83
[26062] = CNOT 53 84
[26063] = Z 53
[26064] = CNOT 53 84
[26065] = CNOT 53 85
[26066] = Z 53
[26067] = CNOT 53 85
[26068] = CNOT 53 88
[26069] = Z 53
[26070] = CNOT 53 88
[26071] = CNOT 53 90
[26072] = Z 53
[26073] = CNOT 53 90
[26074] = CNOT 53 92
[26075] = S 53
[26076] = CNOT 53 92
[26077] = CNOT 53 93
[26078] = S 53
[26079] = Z 53
[26080] = CNOT 53 93
[26081] = CNOT 53 95
[26082] = Z 53
[26083] = CNOT 53 95
[26084] = CNOT 53 96
[26085] = S 53
[26086] = CNOT 53 96
[26087] = CNOT 53 98
[26088] = Z 53
[26089] = CNOT 53 98
[26090] = CNOT 53 99
[26091] = Z 53
[26092] = CNOT 53 99
[26093] = CNOT 53 101
[26094] = Z 53
[26095] = CNOT 53 101
[26096] = CNOT 53 102
[26097] = Z 53
[26098] = CNOT 53 102
[26099] = CNOT 53 82
[26100] = CNOT 53 83
[26101] = CNOT 53 95
[26102] = S 53
[26103] = Z 53
[26104] = CNOT 53 95
[26105] = CNOT 53 102
[26106] = S 53
[26107] = Z 53
[26108] = CNOT 53 102
[26109] = CNOT 53 83
[26110] = CNOT 53 84
[26111] = CNOT 53 85
[26112] = S 53
[26113] = Z 53
[26114] = CNOT 53 85
[26115] = CNOT 53 92
[26116] = Z 53
[26117] = CNOT 53 92
[26118] = CNOT 53 84
[26119] = CNOT 53 85
[26120] = CNOT 53 88
[26121] = S 53
[26122] = Z 53
[26123] = CNOT 53 88
[26124] = CNOT 53 92
[26125] = Z 53
[26126] = CNOT 53 92
[26127] = CNOT 53 85
[26128] = CNOT 53 88
[26129] = CNOT 53 90
[26130] = S 53
[26131] = Z 53
[26132] = CNOT 53 90
[26133] = CNOT 53 92
[26134] = Z 53
[26135] = CNOT 53 88
[26136] = CNOT 53 90
[26137] = Z 53
[26138] = CNOT 53 92
[26139] = CNOT 53 93
[26140] = S 53
[26141] = Z 53
[26142] = CNOT 53 90
[26143] = CNOT 53 92
[26144] = S 53
[26145] = Z 53
[26146] = CNOT 53 93
[26147] = CNOT 53 96
[26148] = S 53
[26149] = CNOT 53 96
[26150] = CNOT 53 98
[26151] = Z 53
[26152] = CNOT 53 98
[26153] = CNOT 53 99
[26154] = Z 53
[26155] = CNOT 53 99
[26156] = CNOT 53 101
[26157] = Z 53
[26158] = CNOT 53 101
[26159] = CNOT 53 92
[26160] = CNOT 53 93
[26161] = CNOT 53 96
[26162] = Z 53
[26163] = CNOT 53 96
[26164] = CNOT 53 98
[26165] = S 53
[26166] = Z 53
[26167] = CNOT 53 98
[26168] = CNOT 53 99
[26169] = Z 53
[26170] = CNOT 53 99
[26171] = CNOT 53 93
[26172] = CNOT 53 95
[26173] = CNOT 53 102
[26174] = Z 53
[26175] = CNOT 53 102
[26176] = CNOT 53 95
[26177] = CNOT 53 96
[26178] = CNOT 53 98
[26179] = S 53
[26180] = Z 53
[26181] = CNOT 53 98
[26182] = CNOT 53 99
[26183] = S 53
[26184] = Z 53
[26185] = CNOT 53 99
[26186] = CNOT 53 101
[26187] = S 53
[26188] = Z 53
[26189] = CNOT 53 96
[26190] = CNOT 53 98
[26191] = S 53
[26192] = Z 53
[26193] = CNOT 53 98
[26194] = CNOT 54 55
[26195] = CNOT 54 56
[26196] = S 54
[26197] = CNOT 54 56
[26198] = CNOT 54 57
[26199] = Z 54
[26200] = CNOT 54 57
[26201] = CNOT 54 58
[26202] = Z 54
[26203] = CNOT 54 58
[26204] = CNOT 54 59
[26205] = Z 54
[26206] = CNOT 54 59
[26207] = CNOT 54 64
[26208] = S 54
[26209] = Z 54
[26210] = CNOT 54 64
[26211] = CNOT 54 65
[26212] = Z 54
[26213] = CNOT 54 65
[26214] = CNOT 54 73
[26215] = S 54
[26216] = Z 54
[26217] = CNOT 54 73
[26218] = CNOT 54 74
[26219] = S 54
[26220] = CNOT 54 74
[26221] = CNOT 54 75
[26222] = S 54
[26223] = CNOT 54 75
[26224] = CNOT 54 77
[26225] = Z 54
[26226] = CNOT 54 77
[26227] = CNOT 54 79
[26228] = S 54
[26229] = CNOT 54 79
[26230] = CNOT 54 81
[26231] = Z 54
[26232] = CNOT 54 81
[26233] = CNOT 54 82
[26234] = Z 54
[26235] = CNOT 54 82
[26236] = CNOT 54 86
[26237] = Z 54
[26238] = CNOT 54 86
[26239] = CNOT 54 55
[26240] = CNOT 54 56
[26241] = CNOT 54 57
[26242] = Z 54
[26243] = CNOT 54 57
[26244] = CNOT 54 58
[26245] = Z 54
[26246] = CNOT 54 58
[26247] = CNOT 54 59
[26248] = Z 54
[26249] = CNOT 54 59
[26250] = CNOT 54 62
[26251] = Z 54
[26252] = CNOT 54 62
[26253] = CNOT 54 64
[26254] = S 54
[26255] = CNOT 54 64
[26256] = CNOT 54 65
[26257] = Z 54
[26258] = CNOT 54 65
[26259] = CNOT 54 68
[26260] = Z 54
[26261] = CNOT 54 68
[26262] = CNOT 54 73
[26263] = S 54
[26264] = Z 54
[26265] = CNOT 54 73
[26266] = CNOT 54 74
[26267] = S 54
[26268] = CNOT 54 74
[26269] = CNOT 54 75
[26270] = S 54
[26271] = CNOT 54 75
[26272] = CNOT 54 77
[26273] = Z 54
[26274] = CNOT 54 77
[26275] = CNOT 54 79
[26276] = S 54
[26277] = CNOT 54 79
[26278] = CNOT 54 81
[26279] = Z 54
[26280] = CNOT 54 81
[26281] = CNOT 54 82
[26282] = S 54
[26283] = CNOT 54 82
[26284] = CNOT 54 56
[26285] = CNOT 54 57
[26286] = CNOT 54 58
[26287] = S 54
[26288] = Z 54
[26289] = CNOT 54 58
[26290] = CNOT 54 65
[26291] = S 54
[26292] = Z 54
[26293] = CNOT 54 65
[26294] = CNOT 54 73
[26295] = Z 54
[26296] = CNOT 54 73
[26297] = CNOT 54 74
[26298] = Z 54
[26299] = CNOT 54 74
[26300] = CNOT 54 75
[26301] = Z 54
[26302] = CNOT 54 75
[26303] = CNOT 54 79
[26304] = Z 54
[26305] = CNOT 54 79
[26306] = CNOT 54 82
[26307] = Z 54
[26308] = CNOT 54 82
[26309] = CNOT 54 57
[26310] = CNOT 54 58
[26311] = CNOT 54 64
[26312] = S 54
[26313] = Z 54
[26314] = CNOT 54 64
[26315] = CNOT 54 65
[26316] = Z 54
[26317] = CNOT 54 65
[26318] = CNOT 54 73
[26319] = Z 54
[26320] = CNOT 54 73
[26321] = CNOT 54 74
[26322] = Z 54
[26323] = CNOT 54 74
[26324] = CNOT 54 75
[26325] = Z 54
[26326] = CNOT 54 75
[26327] = CNOT 54 79
[26328] = Z 54
[26329] = CNOT 54 79
[26330] = CNOT 54 82
[26331] = Z 54
[26332] = CNOT 54 82
[26333] = CNOT 54 58
[26334] = CNOT 54 59
[26335] = CNOT 54 74
[26336] = Z 54
[26337] = CNOT 54 74
[26338] = CNOT 54 75
[26339] = Z 54
[26340] = CNOT 54 75
[26341] = CNOT 54 79
[26342] = Z 54
[26343] = CNOT 54 79
[26344] = CNOT 54 81
[26345] = Z 54
[26346] = CNOT 54 81
[26347] = CNOT 54 86
[26348] = Z 54
[26349] = CNOT 54 86
[26350] = CNOT 54 59
[26351] = CNOT 54 62
[26352] = CNOT 54 73
[26353] = Z 54
[26354] = CNOT 54 73
[26355] = CNOT 54 74
[26356] = Z 54
[26357] = CNOT 54 74
[26358] = CNOT 54 75
[26359] = Z 54
[26360] = CNOT 54 75
[26361] = CNOT 54 79
[26362] = Z 54
[26363] = CNOT 54 79
[26364] = CNOT 54 81
[26365] = Z 54
[26366] = CNOT 54 81
[26367] = CNOT 54 86
[26368] = Z 54
[26369] = CNOT 54 86
[26370] = CNOT 54 62
[26371] = CNOT 54 64
[26372] = CNOT 54 65
[26373] = S 54
[26374] = Z 54
[26375] = CNOT 54 65
[26376] = CNOT 54 68
[26377] = Z 54
[26378] = CNOT 54 68
[26379] = CNOT 54 72
[26380] = S 54
[26381] = Z 54
[26382] = CNOT 54 72
[26383] = CNOT 54 73
[26384] = S 54
[26385] = CNOT 54 73
[26386] = CNOT 54 74
[26387] = S 54
[26388] = CNOT 54 74
[26389] = CNOT 54 75
[26390] = S 54
[26391] = CNOT 54 75
[26392] = CNOT 54 79
[26393] = S 54
[26394] = CNOT 54 79
[26395] = CNOT 54 81
[26396] = Z 54
[26397] = CNOT 54 81
[26398] = CNOT 54 82
[26399] = S 54
[26400] = CNOT 54 82
[26401] = CNOT 54 64
[26402] = CNOT 54 65
[26403] = CNOT 54 73
[26404] = Z 54
[26405] = CNOT 54 73
[26406] = CNOT 54 74
[26407] = Z 54
[26408] = CNOT 54 74
[26409] = CNOT 54 75
[26410] = Z 54
[26411] = CNOT 54 75
[26412] = CNOT 54 79
[26413] = Z 54
[26414] = CNOT 54 79
[26415] = CNOT 54 82
[26416] = Z 54
[26417] = CNOT 54 82
[26418] = CNOT 54 65
[26419] = CNOT 54 68
[26420] = CNOT 54 73
[26421] = Z 54
[26422] = CNOT 54 73
[26423] = CNOT 54 74
[26424] = Z 54
[26425] = CNOT 54 74
[26426] = CNOT 54 75
[26427] = Z 54
[26428] = CNOT 54 75
[26429] = CNOT 54 79
[26430] = Z 54
[26431] = CNOT 54 79
[26432] = CNOT 54 81
[26433] = Z 54
[26434] = CNOT 54 81
[26435] = CNOT 54 82
[26436] = Z 54
[26437] = CNOT 54 82
[26438] = CNOT 54 68
[26439] = CNOT 54 73
[26440] = CNOT 54 74
[26441] = S 54
[26442] = Z 54
[26443] = CNOT 54 74
[26444] = CNOT 54 75
[26445] = S 54
[26446] = Z 54
[26447] = CNOT 54 75
[26448] = CNOT 54 77
[26449] = Z 54
[26450] = CNOT 54 77
[26451] = CNOT 54 79
[26452] = S 54
[26453] = Z 54
[26454] = CNOT 54 79
[26455] = CNOT 54 82
[26456] = S 54
[26457] = CNOT 54 82
[26458] = CNOT 54 86
[26459] = Z 54
[26460] = CNOT 54 86
[26461] = CNOT 54 73
[26462] = CNOT 54 74
[26463] = CNOT 54 75
[26464] = S 54
[26465] = CNOT 54 75
[26466] = CNOT 54 77
[26467] = Z 54
[26468] = CNOT 54 77
[26469] = CNOT 54 79
[26470] = S 54
[26471] = CNOT 54 79
[26472] = CNOT 54 81
[26473] = Z 54
[26474] = CNOT 54 81
[26475] = CNOT 54 82
[26476] = S 54
[26477] = CNOT 54 82
[26478] = CNOT 54 74
[26479] = CNOT 54 75
[26480] = CNOT 54 77
[26481] = Z 54
[26482] = CNOT 54 77
[26483] = CNOT 54 79
[26484] = S 54
[26485] = CNOT 54 79
[26486] = CNOT 54 81
[26487] = Z 54
[26488] = CNOT 54 81
[26489] = CNOT 54 82
[26490] = S 54
[26491] = CNOT 54 82
[26492] = CNOT 54 75
[26493] = CNOT 54 77
[26494] = CNOT 54 79
[26495] = Z 54
[26496] = CNOT 54 77
[26497] = CNOT 54 81
[26498] = Z 54
[26499] = CNOT 54 81
[26500] = CNOT 54 82
[26501] = S 54
[26502] = CNOT 54 79
[26503] = CNOT 54 81
[26504] = S 54
[26505] = Z 54
[26506] = CNOT 54 82
[26507] = CNOT 54 81
[26508] = CNOT 55 56
[26509] = CNOT 55 57
[26510] = Z 55
[26511] = CNOT 55 57
[26512] = CNOT 55 58
[26513] = S 55
[26514] = CNOT 55 58
[26515] = CNOT 55 59
[26516] = Z 55
[26517] = CNOT 55 59
[26518] = CNOT 55 64
[26519] = Z 55
[26520] = CNOT 55 64
[26521] = CNOT 55 71
[26522] = Z 55
[26523] = CNOT 55 71
[26524] = CNOT 55 73
[26525] = S 55
[26526] = CNOT 55 73
[26527] = CNOT 55 74
[26528] = S 55
[26529] = Z 55
[26530] = CNOT 55 74
[26531] = CNOT 55 77
[26532] = Z 55
[26533] = CNOT 55 77
[26534] = CNOT 55 79
[26535] = Z 55
[26536] = CNOT 55 79
[26537] = CNOT 55 80
[26538] = S 55
[26539] = Z 55
[26540] = CNOT 55 80
[26541] = CNOT 55 81
[26542] = Z 55
[26543] = CNOT 55 81
[26544] = CNOT 55 83
[26545] = Z 55
[26546] = CNOT 55 83
[26547] = CNOT 55 84
[26548] = Z 55
[26549] = CNOT 55 84
[26550] = CNOT 55 85
[26551] = Z 55
[26552] = CNOT 55 85
[26553] = CNOT 55 86
[26554] = Z 55
[26555] = CNOT 55 86
[26556] = CNOT 55 88
[26557] = Z 55
[26558] = CNOT 55 88
[26559] = CNOT 55 90
[26560] = Z 55
[26561] = CNOT 55 90
[26562] = CNOT 55 91
[26563] = Z 55
[26564] = CNOT 55 91
[26565] = CNOT 55 92
[26566] = S 55
[26567] = Z 55
[26568] = CNOT 55 92
[26569] = CNOT 55 93
[26570] = S 55
[26571] = Z 55
[26572] = CNOT 55 93
[26573] = CNOT 55 95
[26574] = Z 55
[26575] = CNOT 55 95
[26576] = CNOT 55 96
[26577] = S 55
[26578] = CNOT 55 96
[26579] = CNOT 55 98
[26580] = Z 55
[26581] = CNOT 55 98
[26582] = CNOT 55 99
[26583] = Z 55
[26584] = CNOT 55 99
[26585] = CNOT 55 101
[26586] = Z 55
[26587] = CNOT 55 101
[26588] = CNOT 55 102
[26589] = Z 55
[26590] = CNOT 55 102
[26591] = CNOT 55 56
[26592] = CNOT 55 57
[26593] = CNOT 55 58
[26594] = S 55
[26595] = Z 55
[26596] = CNOT 55 58
[26597] = CNOT 55 65
[26598] = S 55
[26599] = Z 55
[26600] = CNOT 55 65
[26601] = CNOT 55 73
[26602] = Z 55
[26603] = CNOT 55 73
[26604] = CNOT 55 74
[26605] = Z 55
[26606] = CNOT 55 74
[26607] = CNOT 55 75
[26608] = Z 55
[26609] = CNOT 55 75
[26610] = CNOT 55 79
[26611] = Z 55
[26612] = CNOT 55 79
[26613] = CNOT 55 82
[26614] = Z 55
[26615] = CNOT 55 82
[26616] = CNOT 55 57
[26617] = CNOT 55 58
[26618] = CNOT 55 64
[26619] = Z 55
[26620] = CNOT 55 64
[26621] = CNOT 55 65
[26622] = S 55
[26623] = CNOT 55 65
[26624] = CNOT 55 71
[26625] = Z 55
[26626] = CNOT 55 71
[26627] = CNOT 55 73
[26628] = Z 55
[26629] = CNOT 55 73
[26630] = CNOT 55 74
[26631] = S 55
[26632] = CNOT 55 74
[26633] = CNOT 55 75
[26634] = Z 55
[26635] = CNOT 55 75
[26636] = CNOT 55 80
[26637] = S 55
[26638] = Z 55
[26639] = CNOT 55 80
[26640] = CNOT 55 82
[26641] = S 55
[26642] = CNOT 55 82
[26643] = CNOT 55 83
[26644] = Z 55
[26645] = CNOT 55 83
[26646] = CNOT 55 84
[26647] = Z 55
[26648] = CNOT 55 84
[26649] = CNOT 55 85
[26650] = Z 55
[26651] = CNOT 55 85
[26652] = CNOT 55 88
[26653] = Z 55
[26654] = CNOT 55 88
[26655] = CNOT 55 90
[26656] = Z 55
[26657] = CNOT 55 90
[26658] = CNOT 55 92
[26659] = S 55
[26660] = CNOT 55 92
[26661] = CNOT 55 93
[26662] = S 55
[26663] = Z 55
[26664] = CNOT 55 93
[26665] = CNOT 55 95
[26666] = Z 55
[26667] = CNOT 55 95
[26668] = CNOT 55 96
[26669] = S 55
[26670] = CNOT 55 96
[26671] = CNOT 55 98
[26672] = Z 55
[26673] = CNOT 55 98
[26674] = CNOT 55 99
[26675] = Z 55
[26676] = CNOT 55 99
[26677] = CNOT 55 101
[26678] = Z 55
[26679] = CNOT 55 101
[26680] = CNOT 55 102
[26681] = Z 55
[26682] = CNOT 55 102
[26683] = CNOT 55 58
[26684] = CNOT 55 59
[26685] = CNOT 55 74
[26686] = Z 55
[26687] = CNOT 55 74
[26688] = CNOT 55 75
[26689] = Z 55
[26690] = CNOT 55 75
[26691] = CNOT 55 79
[26692] = Z 55
[26693] = CNOT 55 79
[26694] = CNOT 55 81
[26695] = Z 55
[26696] = CNOT 55 81
[26697] = CNOT 55 86
[26698] = Z 55
[26699] = CNOT 55 86
[26700] = CNOT 55 59
[26701] = CNOT 55 64
[26702] = CNOT 55 65
[26703] = Z 55
[26704] = CNOT 55 65
[26705] = CNOT 55 71
[26706] = S 55
[26707] = Z 55
[26708] = CNOT 55 71
[26709] = CNOT 55 73
[26710] = Z 55
[26711] = CNOT 55 73
[26712] = CNOT 55 74
[26713] = Z 55
[26714] = CNOT 55 74
[26715] = CNOT 55 75
[26716] = Z 55
[26717] = CNOT 55 75
[26718] = CNOT 55 79
[26719] = Z 55
[26720] = CNOT 55 79
[26721] = CNOT 55 82
[26722] = Z 55
[26723] = CNOT 55 82
[26724] = CNOT 55 64
[26725] = CNOT 55 65
[26726] = CNOT 55 71
[26727] = Z 55
[26728] = CNOT 55 71
[26729] = CNOT 55 74
[26730] = Z 55
[26731] = CNOT 55 74
[26732] = CNOT 55 75
[26733] = S 55
[26734] = Z 55
[26735] = CNOT 55 75
[26736] = CNOT 55 79
[26737] = S 55
[26738] = CNOT 55 79
[26739] = CNOT 55 80
[26740] = S 55
[26741] = Z 55
[26742] = CNOT 55 80
[26743] = CNOT 55 83
[26744] = Z 55
[26745] = CNOT 55 83
[26746] = CNOT 55 84
[26747] = Z 55
[26748] = CNOT 55 84
[26749] = CNOT 55 85
[26750] = Z 55
[26751] = CNOT 55 85
[26752] = CNOT 55 88
[26753] = Z 55
[26754] = CNOT 55 88
[26755] = CNOT 55 90
[26756] = Z 55
[26757] = CNOT 55 90
[26758] = CNOT 55 91
[26759] = Z 55
[26760] = CNOT 55 91
[26761] = CNOT 55 92
[26762] = S 55
[26763] = Z 55
[26764] = CNOT 55 92
[26765] = CNOT 55 93
[26766] = S 55
[26767] = Z 55
[26768] = CNOT 55 93
[26769] = CNOT 55 95
[26770] = Z 55
[26771] = CNOT 55 95
[26772] = CNOT 55 96
[26773] = S 55
[26774] = CNOT 55 96
[26775] = CNOT 55 98
[26776] = Z 55
[26777] = CNOT 55 98
[26778] = CNOT 55 99
[26779] = Z 55
[26780] = CNOT 55 99
[26781] = CNOT 55 101
[26782] = Z 55
[26783] = CNOT 55 101
[26784] = CNOT 55 102
[26785] = Z 55
[26786] = CNOT 55 102
[26787] = CNOT 55 65
[26788] = CNOT 55 71
[26789] = CNOT 55 73
[26790] = Z 55
[26791] = CNOT 55 73
[26792] = CNOT 55 74
[26793] = Z 55
[26794] = CNOT 55 74
[26795] = CNOT 55 75
[26796] = S 55
[26797] = Z 55
[26798] = CNOT 55 75
[26799] = CNOT 55 79
[26800] = Z 55
[26801] = CNOT 55 79
[26802] = CNOT 55 82
[26803] = Z 55
[26804] = CNOT 55 82
[26805] = CNOT 55 71
[26806] = CNOT 55 73
[26807] = CNOT 55 74
[26808] = S 55
[26809] = CNOT 55 74
[26810] = CNOT 55 75
[26811] = Z 55
[26812] = CNOT 55 75
[26813] = CNOT 55 77
[26814] = Z 55
[26815] = CNOT 55 77
[26816] = CNOT 55 83
[26817] = Z 55
[26818] = CNOT 55 83
[26819] = CNOT 55 84
[26820] = S 55
[26821] = Z 55
[26822] = CNOT 55 84
[26823] = CNOT 55 85
[26824] = S 55
[26825] = Z 55
[26826] = CNOT 55 85
[26827] = CNOT 55 88
[26828] = S 55
[26829] = Z 55
[26830] = CNOT 55 88
[26831] = CNOT 55 90
[26832] = S 55
[26833] = Z 55
[26834] = CNOT 55 90
[26835] = CNOT 55 92
[26836] = S 55
[26837] = CNOT 55 92
[26838] = CNOT 55 95
[26839] = Z 55
[26840] = CNOT 55 95
[26841] = CNOT 55 96
[26842] = S 55
[26843] = CNOT 55 96
[26844] = CNOT 55 98
[26845] = S 55
[26846] = Z 55
[26847] = CNOT 55 98
[26848] = CNOT 55 99
[26849] = Z 55
[26850] = CNOT 55 99
[26851] = CNOT 55 101
[26852] = S 55
[26853] = Z 55
[26854] = CNOT 55 101
[26855] = CNOT 55 102
[26856] = Z 55
[26857] = CNOT 55 102
[26858] = CNOT 55 73
[26859] = CNOT 55 74
[26860] = CNOT 55 75
[26861] = Z 55
[26862] = CNOT 55 75
[26863] = CNOT 55 77
[26864] = Z 55
[26865] = CNOT 55 77
[26866] = CNOT 55 80
[26867] = S 55
[26868] = Z 55
[26869] = CNOT 55 80
[26870] = CNOT 55 81
[26871] = Z 55
[26872] = CNOT 55 81
[26873] = CNOT 55 83
[26874] = Z 55
[26875] = CNOT 55 83
[26876] = CNOT 55 84
[26877] = Z 55
[26878] = CNOT 55 84
[26879] = CNOT 55 85
[26880] = Z 55
[26881] = CNOT 55 85
[26882] = CNOT 55 86
[26883] = Z 55
[26884] = CNOT 55 86
[26885] = CNOT 55 88
[26886] = Z 55
[26887] = CNOT 55 88
[26888] = CNOT 55 90
[26889] = Z 55
[26890] = CNOT 55 90
[26891] = CNOT 55 91
[26892] = Z 55
[26893] = CNOT 55 91
[26894] = CNOT 55 92
[26895] = S 55
[26896] = Z 55
[26897] = CNOT 55 92
[26898] = CNOT 55 93
[26899] = S 55
[26900] = Z 55
[26901] = CNOT 55 93
[26902] = CNOT 55 95
[26903] = Z 55
[26904] = CNOT 55 95
[26905] = CNOT 55 96
[26906] = S 55
[26907] = CNOT 55 96
[26908] = CNOT 55 98
[26909] = Z 55
[26910] = CNOT 55 98
[26911] = CNOT 55 99
[26912] = Z 55
[26913] = CNOT 55 99
[26914] = CNOT 55 101
[26915] = Z 55
[26916] = CNOT 55 101
[26917] = CNOT 55 102
[26918] = Z 55
[26919] = CNOT 55 102
[26920] = CNOT 55 74
[26921] = CNOT 55 75
[26922] = CNOT 55 77
[26923] = Z 55
[26924] = CNOT 55 77
[26925] = CNOT 55 79
[26926] = S 55
[26927] = Z 55
[26928] = CNOT 55 79
[26929] = CNOT 55 80
[26930] = Z 55
[26931] = CNOT 55 80
[26932] = CNOT 55 81
[26933] = Z 55
[26934] = CNOT 55 81
[26935] = CNOT 55 82
[26936] = S 55
[26937] = CNOT 55 82
[26938] = CNOT 55 83
[26939] = S 55
[26940] = Z 55
[26941] = CNOT 55 83
[26942] = CNOT 55 84
[26943] = S 55
[26944] = Z 55
[26945] = CNOT 55 84
[26946] = CNOT 55 86
[26947] = Z 55
[26948] = CNOT 55 86
[26949] = CNOT 55 91
[26950] = Z 55
[26951] = CNOT 55 91
[26952] = CNOT 55 92
[26953] = S 55
[26954] = CNOT 55 92
[26955] = CNOT 55 95
[26956] = S 55
[26957] = Z 55
[26958] = CNOT 55 95
[26959] = CNOT 55 102
[26960] = S 55
[26961] = Z 55
[26962] = CNOT 55 102
[26963] = CNOT 55 75
[26964] = CNOT 55 77
[26965] = CNOT 55 79
[26966] = Z 55
[26967] = CNOT 55 77
[26968] = CNOT 55 80
[26969] = Z 55
[26970] = CNOT 55 80
[26971] = CNOT 55 81
[26972] = Z 55
[26973] = CNOT 55 81
[26974] = CNOT 55 82
[26975] = S 55
[26976] = Z 55
[26977] = CNOT 55 82
[26978] = CNOT 55 83
[26979] = Z 55
[26980] = CNOT 55 83
[26981] = CNOT 55 86
[26982] = Z 55
[26983] = CNOT 55 86
[26984] = CNOT 55 91
[26985] = Z 55
[26986] = CNOT 55 91
[26987] = CNOT 55 92
[26988] = Z 55
[26989] = CNOT 55 92
[26990] = CNOT 55 95
[26991] = Z 55
[26992] = CNOT 55 95
[26993] = CNOT 55 102
[26994] = Z 55
[26995] = CNOT 55 102
[26996] = CNOT 55 79
[26997] = CNOT 55 80
[26998] = CNOT 55 82
[26999] = S 55
[27000] = Z 55
[27001] = CNOT 55 82
[27002] = CNOT 55 83
[27003] = S 55
[27004] = Z 55
[27005] = CNOT 55 83
[27006] = CNOT 55 84
[27007] = Z 55
[27008] = CNOT 55 84
[27009] = CNOT 55 85
[27010] = Z 55
[27011] = CNOT 55 85
[27012] = CNOT 55 88
[27013] = Z 55
[27014] = CNOT 55 88
[27015] = CNOT 55 90
[27016] = Z 55
[27017] = CNOT 55 90
[27018] = CNOT 55 92
[27019] = S 55
[27020] = CNOT 55 92
[27021] = CNOT 55 93
[27022] = S 55
[27023] = Z 55
[27024] = CNOT 55 93
[27025] = CNOT 55 96
[27026] = S 55
[27027] = CNOT 55 96
[27028] = CNOT 55 98
[27029] = Z 55
[27030] = CNOT 55 98
[27031] = CNOT 55 99
[27032] = Z 55
[27033] = CNOT 55 99
[27034] = CNOT 55 101
[27035] = Z 55
[27036] = CNOT 55 101
[27037] = CNOT 55 80
[27038] = CNOT 55 81
[27039] = CNOT 55 86
[27040] = Z 55
[27041] = CNOT 55 86
[27042] = CNOT 55 81
[27043] = CNOT 55 82
[27044] = CNOT 55 83
[27045] = Z 55
[27046] = CNOT 55 83
[27047] = CNOT 55 84
[27048] = Z 55
[27049] = CNOT 55 84
[27050] = CNOT 55 85
[27051] = Z 55
[27052] = CNOT 55 85
[27053] = CNOT 55 88
[27054] = Z 55
[27055] = CNOT 55 88
[27056] = CNOT 55 90
[27057] = Z 55
[27058] = CNOT 55 90
[27059] = CNOT 55 91
[27060] = Z 55
[27061] = CNOT 55 91
[27062] = CNOT 55 92
[27063] = S 55
[27064] = Z 55
[27065] = CNOT 55 92
[27066] = CNOT 55 93
[27067] = S 55
[27068] = Z 55
[27069] = CNOT 55 93
[27070] = CNOT 55 95
[27071] = Z 55
[27072] = CNOT 55 95
[27073] = CNOT 55 96
[27074] = S 55
[27075] = CNOT 55 96
[27076] = CNOT 55 98
[27077] = Z 55
[27078] = CNOT 55 98
[27079] = CNOT 55 99
[27080] = Z 55
[27081] = CNOT 55 99
[27082] = CNOT 55 101
[27083] = Z 55
[27084] = CNOT 55 101
[27085] = CNOT 55 102
[27086] = Z 55
[27087] = CNOT 55 102
[27088] = CNOT 55 82
[27089] = CNOT 55 83
[27090] = CNOT 55 95
[27091] = S 55
[27092] = Z 55
[27093] = CNOT 55 95
[27094] = CNOT 55 102
[27095] = S 55
[27096] = Z 55
[27097] = CNOT 55 102
[27098] = CNOT 55 83
[27099] = CNOT 55 84
[27100] = CNOT 55 85
[27101] = S 55
[27102] = Z 55
[27103] = CNOT 55 85
[27104] = CNOT 55 92
[27105] = Z 55
[27106] = CNOT 55 92
[27107] = CNOT 55 84
[27108] = CNOT 55 85
[27109] = CNOT 55 88
[27110] = S 55
[27111] = Z 55
[27112] = CNOT 55 88
[27113] = CNOT 55 92
[27114] = Z 55
[27115] = CNOT 55 92
[27116] = CNOT 55 85
[27117] = CNOT 55 88
[27118] = CNOT 55 90
[27119] = S 55
[27120] = Z 55
[27121] = CNOT 55 90
[27122] = CNOT 55 92
[27123] = Z 55
[27124] = CNOT 55 88
[27125] = CNOT 55 90
[27126] = Z 55
[27127] = CNOT 55 92
[27128] = CNOT 55 93
[27129] = S 55
[27130] = Z 55
[27131] = CNOT 55 93
[27132] = CNOT 55 90
[27133] = CNOT 55 91
[27134] = CNOT 55 92
[27135] = S 55
[27136] = Z 55
[27137] = CNOT 55 91
[27138] = CNOT 55 93
[27139] = S 55
[27140] = Z 55
[27141] = CNOT 55 93
[27142] = CNOT 55 96
[27143] = S 55
[27144] = CNOT 55 96
[27145] = CNOT 55 98
[27146] = Z 55
[27147] = CNOT 55 98
[27148] = CNOT 55 99
[27149] = Z 55
[27150] = CNOT 55 99
[27151] = CNOT 55 101
[27152] = Z 55
[27153] = CNOT 55 101
[27154] = CNOT 55 92
[27155] = CNOT 55 93
[27156] = CNOT 55 96
[27157] = Z 55
[27158] = CNOT 55 96
[27159] = CNOT 55 98
[27160] = S 55
[27161] = Z 55
[27162] = CNOT 55 98
[27163] = CNOT 55 99
[27164] = Z 55
[27165] = CNOT 55 99
[27166] = CNOT 55 93
[27167] = CNOT 55 95
[27168] = CNOT 55 102
[27169] = Z 55
[27170] = CNOT 55 102
[27171] = CNOT 55 95
[27172] = CNOT 55 96
[27173] = CNOT 55 98
[27174] = S 55
[27175] = Z 55
[27176] = CNOT 55 98
[27177] = CNOT 55 99
[27178] = S 55
[27179] = Z 55
[27180] = CNOT 55 99
[27181] = CNOT 55 101
[27182] = S 55
[27183] = Z 55
[27184] = CNOT 55 96
[27185] = CNOT 55 98
[27186] = S 55
[27187] = Z 55
[27188] = CNOT 55 98
[27189] = CNOT 56 57
[27190] = CNOT 56 58
[27191] = S 56
[27192] = Z 56
[27193] = CNOT 56 58
[27194] = CNOT 56 65
[27195] = S 56
[27196] = Z 56
[27197] = CNOT 56 65
[27198] = CNOT 56 73
[27199] = Z 56
[27200] = CNOT 56 73
[27201] = CNOT 56 74
[27202] = Z 56
[27203] = CNOT 56 74
[27204] = CNOT 56 75
[27205] = Z 56
[27206] = CNOT 56 75
[27207] = CNOT 56 79
[27208] = Z 56
[27209] = CNOT 56 79
[27210] = CNOT 56 82
[27211] = Z 56
[27212] = CNOT 56 82
[27213] = CNOT 56 57
[27214] = CNOT 56 58
[27215] = CNOT 56 64
[27216] = Z 56
[27217] = CNOT 56 64
[27218] = CNOT 56 65
[27219] = S 56
[27220] = CNOT 56 65
[27221] = CNOT 56 71
[27222] = Z 56
[27223] = CNOT 56 71
[27224] = CNOT 56 73
[27225] = Z 56
[27226] = CNOT 56 73
[27227] = CNOT 56 74
[27228] = S 56
[27229] = CNOT 56 74
[27230] = CNOT 56 75
[27231] = Z 56
[27232] = CNOT 56 75
[27233] = CNOT 56 80
[27234] = S 56
[27235] = Z 56
[27236] = CNOT 56 80
[27237] = CNOT 56 82
[27238] = S 56
[27239] = CNOT 56 82
[27240] = CNOT 56 83
[27241] = Z 56
[27242] = CNOT 56 83
[27243] = CNOT 56 84
[27244] = Z 56
[27245] = CNOT 56 84
[27246] = CNOT 56 85
[27247] = Z 56
[27248] = CNOT 56 85
[27249] = CNOT 56 88
[27250] = Z 56
[27251] = CNOT 56 88
[27252] = CNOT 56 90
[27253] = Z 56
[27254] = CNOT 56 90
[27255] = CNOT 56 92
[27256] = S 56
[27257] = CNOT 56 92
[27258] = CNOT 56 93
[27259] = S 56
[27260] = Z 56
[27261] = CNOT 56 93
[27262] = CNOT 56 95
[27263] = Z 56
[27264] = CNOT 56 95
[27265] = CNOT 56 96
[27266] = S 56
[27267] = CNOT 56 96
[27268] = CNOT 56 98
[27269] = Z 56
[27270] = CNOT 56 98
[27271] = CNOT 56 99
[27272] = Z 56
[27273] = CNOT 56 99
[27274] = CNOT 56 101
[27275] = Z 56
[27276] = CNOT 56 101
[27277] = CNOT 56 102
[27278] = Z 56
[27279] = CNOT 56 102
[27280] = CNOT 56 58
[27281] = CNOT 56 59
[27282] = CNOT 56 74
[27283] = Z 56
[27284] = CNOT 56 74
[27285] = CNOT 56 75
[27286] = Z 56
[27287] = CNOT 56 75
[27288] = CNOT 56 79
[27289] = Z 56
[27290] = CNOT 56 79
[27291] = CNOT 56 81
[27292] = Z 56
[27293] = CNOT 56 81
[27294] = CNOT 56 86
[27295] = Z 56
[27296] = CNOT 56 86
[27297] = CNOT 56 59
[27298] = CNOT 56 62
[27299] = CNOT 56 65
[27300] = Z 56
[27301] = CNOT 56 65
[27302] = CNOT 56 68
[27303] = Z 56
[27304] = CNOT 56 68
[27305] = CNOT 56 72
[27306] = Z 56
[27307] = CNOT 56 72
[27308] = CNOT 56 73
[27309] = Z 56
[27310] = CNOT 56 73
[27311] = CNOT 56 82
[27312] = Z 56
[27313] = CNOT 56 82
[27314] = CNOT 56 91
[27315] = Z 56
[27316] = CNOT 56 91
[27317] = CNOT 56 62
[27318] = CNOT 56 64
[27319] = CNOT 56 65
[27320] = Z 56
[27321] = CNOT 56 65
[27322] = CNOT 56 68
[27323] = Z 56
[27324] = CNOT 56 68
[27325] = CNOT 56 71
[27326] = S 56
[27327] = Z 56
[27328] = CNOT 56 71
[27329] = CNOT 56 72
[27330] = S 56
[27331] = Z 56
[27332] = CNOT 56 72
[27333] = CNOT 56 81
[27334] = Z 56
[27335] = CNOT 56 81
[27336] = CNOT 56 64
[27337] = CNOT 56 65
[27338] = CNOT 56 68
[27339] = Z 56
[27340] = CNOT 56 68
[27341] = CNOT 56 71
[27342] = Z 56
[27343] = CNOT 56 71
[27344] = CNOT 56 72
[27345] = Z 56
[27346] = CNOT 56 72
[27347] = CNOT 56 74
[27348] = S 56
[27349] = CNOT 56 74
[27350] = CNOT 56 75
[27351] = Z 56
[27352] = CNOT 56 75
[27353] = CNOT 56 80
[27354] = S 56
[27355] = Z 56
[27356] = CNOT 56 80
[27357] = CNOT 56 81
[27358] = Z 56
[27359] = CNOT 56 81
[27360] = CNOT 56 82
[27361] = S 56
[27362] = CNOT 56 82
[27363] = CNOT 56 83
[27364] = Z 56
[27365] = CNOT 56 83
[27366] = CNOT 56 84
[27367] = Z 56
[27368] = CNOT 56 84
[27369] = CNOT 56 85
[27370] = Z 56
[27371] = CNOT 56 85
[27372] = CNOT 56 86
[27373] = Z 56
[27374] = CNOT 56 86
[27375] = CNOT 56 88
[27376] = Z 56
[27377] = CNOT 56 88
[27378] = CNOT 56 90
[27379] = Z 56
[27380] = CNOT 56 90
[27381] = CNOT 56 92
[27382] = S 56
[27383] = Z 56
[27384] = CNOT 56 92
[27385] = CNOT 56 93
[27386] = S 56
[27387] = Z 56
[27388] = CNOT 56 93
[27389] = CNOT 56 95
[27390] = Z 56
[27391] = CNOT 56 95
[27392] = CNOT 56 96
[27393] = S 56
[27394] = CNOT 56 96
[27395] = CNOT 56 98
[27396] = Z 56
[27397] = CNOT 56 98
[27398] = CNOT 56 99
[27399] = Z 56
[27400] = CNOT 56 99
[27401] = CNOT 56 101
[27402] = Z 56
[27403] = CNOT 56 101
[27404] = CNOT 56 102
[27405] = Z 56
[27406] = CNOT 56 102
[27407] = CNOT 56 65
[27408] = CNOT 56 68
[27409] = CNOT 56 72
[27410] = Z 56
[27411] = CNOT 56 72
[27412] = CNOT 56 73
[27413] = Z 56
[27414] = CNOT 56 73
[27415] = CNOT 56 86
[27416] = Z 56
[27417] = CNOT 56 86
[27418] = CNOT 56 91
[27419] = Z 56
[27420] = CNOT 56 91
[27421] = CNOT 56 68
[27422] = CNOT 56 71
[27423] = CNOT 56 73
[27424] = Z 56
[27425] = CNOT 56 73
[27426] = CNOT 56 74
[27427] = Z 56
[27428] = CNOT 56 74
[27429] = CNOT 56 75
[27430] = S 56
[27431] = Z 56
[27432] = CNOT 56 75
[27433] = CNOT 56 79
[27434] = Z 56
[27435] = CNOT 56 79
[27436] = CNOT 56 82
[27437] = Z 56
[27438] = CNOT 56 82
[27439] = CNOT 56 71
[27440] = CNOT 56 72
[27441] = CNOT 56 74
[27442] = Z 56
[27443] = CNOT 56 74
[27444] = CNOT 56 75
[27445] = Z 56
[27446] = CNOT 56 75
[27447] = CNOT 56 79
[27448] = Z 56
[27449] = CNOT 56 79
[27450] = CNOT 56 81
[27451] = Z 56
[27452] = CNOT 56 81
[27453] = CNOT 56 82
[27454] = Z 56
[27455] = CNOT 56 82
[27456] = CNOT 56 86
[27457] = Z 56
[27458] = CNOT 56 86
[27459] = CNOT 56 91
[27460] = Z 56
[27461] = CNOT 56 91
[27462] = CNOT 56 72
[27463] = CNOT 56 73
[27464] = CNOT 56 74
[27465] = S 56
[27466] = CNOT 56 74
[27467] = CNOT 56 75
[27468] = Z 56
[27469] = CNOT 56 75
[27470] = CNOT 56 77
[27471] = Z 56
[27472] = CNOT 56 77
[27473] = CNOT 56 82
[27474] = S 56
[27475] = Z 56
[27476] = CNOT 56 82
[27477] = CNOT 56 83
[27478] = Z 56
[27479] = CNOT 56 83
[27480] = CNOT 56 84
[27481] = S 56
[27482] = Z 56
[27483] = CNOT 56 84
[27484] = CNOT 56 85
[27485] = S 56
[27486] = Z 56
[27487] = CNOT 56 85
[27488] = CNOT 56 86
[27489] = Z 56
[27490] = CNOT 56 86
[27491] = CNOT 56 88
[27492] = S 56
[27493] = Z 56
[27494] = CNOT 56 88
[27495] = CNOT 56 90
[27496] = S 56
[27497] = Z 56
[27498] = CNOT 56 90
[27499] = CNOT 56 92
[27500] = S 56
[27501] = CNOT 56 92
[27502] = CNOT 56 95
[27503] = Z 56
[27504] = CNOT 56 95
[27505] = CNOT 56 96
[27506] = S 56
[27507] = CNOT 56 96
[27508] = CNOT 56 98
[27509] = S 56
[27510] = Z 56
[27511] = CNOT 56 98
[27512] = CNOT 56 99
[27513] = Z 56
[27514] = CNOT 56 99
[27515] = CNOT 56 101
[27516] = S 56
[27517] = Z 56
[27518] = CNOT 56 101
[27519] = CNOT 56 102
[27520] = Z 56
[27521] = CNOT 56 102
[27522] = CNOT 56 73
[27523] = CNOT 56 74
[27524] = CNOT 56 75
[27525] = S 56
[27526] = CNOT 56 75
[27527] = CNOT 56 77
[27528] = Z 56
[27529] = CNOT 56 77
[27530] = CNOT 56 79
[27531] = S 56
[27532] = Z 56
[27533] = CNOT 56 79
[27534] = CNOT 56 80
[27535] = S 56
[27536] = Z 56
[27537] = CNOT 56 80
[27538] = CNOT 56 83
[27539] = Z 56
[27540] = CNOT 56 83
[27541] = CNOT 56 84
[27542] = Z 56
[27543] = CNOT 56 84
[27544] = CNOT 56 85
[27545] = Z 56
[27546] = CNOT 56 85
[27547] = CNOT 56 86
[27548] = Z 56
[27549] = CNOT 56 86
[27550] = CNOT 56 88
[27551] = Z 56
[27552] = CNOT 56 88
[27553] = CNOT 56 90
[27554] = Z 56
[27555] = CNOT 56 90
[27556] = CNOT 56 92
[27557] = S 56
[27558] = Z 56
[27559] = CNOT 56 92
[27560] = CNOT 56 93
[27561] = S 56
[27562] = Z 56
[27563] = CNOT 56 93
[27564] = CNOT 56 95
[27565] = Z 56
[27566] = CNOT 56 95
[27567] = CNOT 56 96
[27568] = S 56
[27569] = CNOT 56 96
[27570] = CNOT 56 98
[27571] = Z 56
[27572] = CNOT 56 98
[27573] = CNOT 56 99
[27574] = Z 56
[27575] = CNOT 56 99
[27576] = CNOT 56 101
[27577] = Z 56
[27578] = CNOT 56 101
[27579] = CNOT 56 102
[27580] = Z 56
[27581] = CNOT 56 102
[27582] = CNOT 56 74
[27583] = CNOT 56 75
[27584] = CNOT 56 77
[27585] = Z 56
[27586] = CNOT 56 77
[27587] = CNOT 56 79
[27588] = Z 56
[27589] = CNOT 56 79
[27590] = CNOT 56 80
[27591] = Z 56
[27592] = CNOT 56 80
[27593] = CNOT 56 82
[27594] = S 56
[27595] = CNOT 56 82
[27596] = CNOT 56 83
[27597] = S 56
[27598] = Z 56
[27599] = CNOT 56 83
[27600] = CNOT 56 84
[27601] = S 56
[27602] = Z 56
[27603] = CNOT 56 84
[27604] = CNOT 56 86
[27605] = Z 56
[27606] = CNOT 56 86
[27607] = CNOT 56 92
[27608] = S 56
[27609] = CNOT 56 92
[27610] = CNOT 56 95
[27611] = S 56
[27612] = Z 56
[27613] = CNOT 56 95
[27614] = CNOT 56 102
[27615] = S 56
[27616] = Z 56
[27617] = CNOT 56 102
[27618] = CNOT 56 75
[27619] = CNOT 56 77
[27620] = CNOT 56 79
[27621] = Z 56
[27622] = CNOT 56 77
[27623] = CNOT 56 80
[27624] = Z 56
[27625] = CNOT 56 80
[27626] = CNOT 56 82
[27627] = S 56
[27628] = Z 56
[27629] = CNOT 56 82
[27630] = CNOT 56 83
[27631] = Z 56
[27632] = CNOT 56 83
[27633] = CNOT 56 86
[27634] = Z 56
[27635] = CNOT 56 86
[27636] = CNOT 56 92
[27637] = Z 56
[27638] = CNOT 56 92
[27639] = CNOT 56 95
[27640] = Z 56
[27641] = CNOT 56 95
[27642] = CNOT 56 102
[27643] = Z 56
[27644] = CNOT 56 102
[27645] = CNOT 56 79
[27646] = CNOT 56 80
[27647] = CNOT 56 82
[27648] = S 56
[27649] = Z 56
[27650] = CNOT 56 82
[27651] = CNOT 56 83
[27652] = S 56
[27653] = Z 56
[27654] = CNOT 56 83
[27655] = CNOT 56 84
[27656] = Z 56
[27657] = CNOT 56 84
[27658] = CNOT 56 85
[27659] = Z 56
[27660] = CNOT 56 85
[27661] = CNOT 56 88
[27662] = Z 56
[27663] = CNOT 56 88
[27664] = CNOT 56 90
[27665] = Z 56
[27666] = CNOT 56 90
[27667] = CNOT 56 92
[27668] = S 56
[27669] = CNOT 56 92
[27670] = CNOT 56 93
[27671] = S 56
[27672] = Z 56
[27673] = CNOT 56 93
[27674] = CNOT 56 96
[27675] = S 56
[27676] = CNOT 56 96
[27677] = CNOT 56 98
[27678] = Z 56
[27679] = CNOT 56 98
[27680] = CNOT 56 99
[27681] = Z 56
[27682] = CNOT 56 99
[27683] = CNOT 56 101
[27684] = Z 56
[27685] = CNOT 56 101
[27686] = CNOT 56 80
[27687] = CNOT 56 81
[27688] = CNOT 56 82
[27689] = S 56
[27690] = CNOT 56 82
[27691] = CNOT 56 86
[27692] = Z 56
[27693] = CNOT 56 86
[27694] = CNOT 56 91
[27695] = Z 56
[27696] = CNOT 56 91
[27697] = CNOT 56 81
[27698] = CNOT 56 82
[27699] = CNOT 56 83
[27700] = Z 56
[27701] = CNOT 56 83
[27702] = CNOT 56 84
[27703] = Z 56
[27704] = CNOT 56 84
[27705] = CNOT 56 85
[27706] = Z 56
[27707] = CNOT 56 85
[27708] = CNOT 56 86
[27709] = Z 56
[27710] = CNOT 56 86
[27711] = CNOT 56 88
[27712] = Z 56
[27713] = CNOT 56 88
[27714] = CNOT 56 90
[27715] = Z 56
[27716] = CNOT 56 90
[27717] = CNOT 56 92
[27718] = S 56
[27719] = Z 56
[27720] = CNOT 56 92
[27721] = CNOT 56 93
[27722] = S 56
[27723] = Z 56
[27724] = CNOT 56 93
[27725] = CNOT 56 95
[27726] = Z 56
[27727] = CNOT 56 95
[27728] = CNOT 56 96
[27729] = S 56
[27730] = CNOT 56 96
[27731] = CNOT 56 98
[27732] = Z 56
[27733] = CNOT 56 98
[27734] = CNOT 56 99
[27735] = Z 56
[27736] = CNOT 56 99
[27737] = CNOT 56 101
[27738] = Z 56
[27739] = CNOT 56 101
[27740] = CNOT 56 102
[27741] = Z 56
[27742] = CNOT 56 102
[27743] = CNOT 56 82
[27744] = CNOT 56 83
[27745] = CNOT 56 95
[27746] = S 56
[27747] = Z 56
[27748] = CNOT 56 95
[27749] = CNOT 56 102
[27750] = S 56
[27751] = Z 56
[27752] = CNOT 56 102
[27753] = CNOT 56 83
[27754] = CNOT 56 84
[27755] = CNOT 56 85
[27756] = S 56
[27757] = Z 56
[27758] = CNOT 56 85
[27759] = CNOT 56 92
[27760] = Z 56
[27761] = CNOT 56 92
[27762] = CNOT 56 84
[27763] = CNOT 56 85
[27764] = CNOT 56 88
[27765] = S 56
[27766] = Z 56
[27767] = CNOT 56 88
[27768] = CNOT 56 92
[27769] = Z 56
[27770] = CNOT 56 92
[27771] = CNOT 56 85
[27772] = CNOT 56 86
[27773] = CNOT 56 91
[27774] = Z 56
[27775] = CNOT 56 91
[27776] = CNOT 56 86
[27777] = CNOT 56 88
[27778] = CNOT 56 90
[27779] = S 56
[27780] = Z 56
[27781] = CNOT 56 90
[27782] = CNOT 56 92
[27783] = Z 56
[27784] = CNOT 56 88
[27785] = CNOT 56 90
[27786] = Z 56
[27787] = CNOT 56 92
[27788] = CNOT 56 93
[27789] = S 56
[27790] = Z 56
[27791] = CNOT 56 93
[27792] = CNOT 56 90
[27793] = CNOT 56 91
[27794] = CNOT 56 92
[27795] = S 56
[27796] = Z 56
[27797] = CNOT 56 91
[27798] = CNOT 56 93
[27799] = S 56
[27800] = Z 56
[27801] = CNOT 56 93
[27802] = CNOT 56 96
[27803] = S 56
[27804] = CNOT 56 96
[27805] = CNOT 56 98
[27806] = Z 56
[27807] = CNOT 56 98
[27808] = CNOT 56 99
[27809] = Z 56
[27810] = CNOT 56 99
[27811] = CNOT 56 101
[27812] = Z 56
[27813] = CNOT 56 101
[27814] = CNOT 56 92
[27815] = CNOT 56 93
[27816] = CNOT 56 96
[27817] = Z 56
[27818] = CNOT 56 96
[27819] = CNOT 56 98
[27820] = S 56
[27821] = Z 56
[27822] = CNOT 56 98
[27823] = CNOT 56 99
[27824] = Z 56
[27825] = CNOT 56 99
[27826] = CNOT 56 93
[27827] = CNOT 56 95
[27828] = CNOT 56 102
[27829] = Z 56
[27830] = CNOT 56 102
[27831] = CNOT 56 95
[27832] = CNOT 56 96
[27833] = CNOT 56 98
[27834] = S 56
[27835] = Z 56
[27836] = CNOT 56 98
[27837] = CNOT 56 99
[27838] = S 56
[27839] = Z 56
[27840] = CNOT 56 99
[27841] = CNOT 56 101
[27842] = S 56
[27843] = Z 56
[27844] = CNOT 56 96
[27845] = CNOT 56 98
[27846] = S 56
[27847] = Z 56
[27848] = CNOT 56 101
[27849] = CNOT 56 98
[27850] = CNOT 57 58
[27851] = CNOT 57 65
[27852] = S 57
[27853] = Z 57
[27854] = CNOT 57 65
[27855] = CNOT 57 73
[27856] = S 57
[27857] = Z 57
[27858] = CNOT 57 73
[27859] = CNOT 57 74
[27860] = S 57
[27861] = Z 57
[27862] = CNOT 57 74
[27863] = CNOT 57 75
[27864] = S 57
[27865] = Z 57
[27866] = CNOT 57 75
[27867] = CNOT 57 79
[27868] = S 57
[27869] = Z 57
[27870] = CNOT 57 79
[27871] = CNOT 57 82
[27872] = S 57
[27873] = Z 57
[27874] = CNOT 57 82
[27875] = CNOT 57 58
[27876] = CNOT 57 65
[27877] = CNOT 57 73
[27878] = S 57
[27879] = Z 57
[27880] = CNOT 57 73
[27881] = CNOT 57 74
[27882] = S 57
[27883] = Z 57
[27884] = CNOT 57 74
[27885] = CNOT 57 75
[27886] = S 57
[27887] = Z 57
[27888] = CNOT 57 75
[27889] = CNOT 57 79
[27890] = S 57
[27891] = Z 57
[27892] = CNOT 57 79
[27893] = CNOT 57 82
[27894] = S 57
[27895] = Z 57
[27896] = CNOT 57 82
[27897] = CNOT 57 65
[27898] = CNOT 57 73
[27899] = CNOT 57 74
[27900] = Z 57
[27901] = CNOT 57 74
[27902] = CNOT 57 75
[27903] = Z 57
[27904] = CNOT 57 75
[27905] = CNOT 57 79
[27906] = Z 57
[27907] = CNOT 57 79
[27908] = CNOT 57 82
[27909] = Z 57
[27910] = CNOT 57 82
[27911] = CNOT 57 73
[27912] = CNOT 57 74
[27913] = CNOT 57 75
[27914] = Z 57
[27915] = CNOT 57 75
[27916] = CNOT 57 79
[27917] = Z 57
[27918] = CNOT 57 79
[27919] = CNOT 57 82
[27920] = Z 57
[27921] = CNOT 57 82
[27922] = CNOT 57 74
[27923] = CNOT 57 75
[27924] = CNOT 57 79
[27925] = Z 57
[27926] = CNOT 57 79
[27927] = CNOT 57 82
[27928] = Z 57
[27929] = CNOT 57 75
[27930] = CNOT 57 79
[27931] = Z 57
[27932] = CNOT 57 82
[27933] = CNOT 57 79
[27934] = CNOT 58 64
[27935] = CNOT 58 65
[27936] = Z 58
[27937] = CNOT 58 65
[27938] = CNOT 58 71
[27939] = S 58
[27940] = Z 58
[27941] = CNOT 58 71
[27942] = CNOT 58 73
[27943] = Z 58
[27944] = CNOT 58 73
[27945] = CNOT 58 74
[27946] = Z 58
[27947] = CNOT 58 74
[27948] = CNOT 58 75
[27949] = Z 58
[27950] = CNOT 58 75
[27951] = CNOT 58 79
[27952] = Z 58
[27953] = CNOT 58 79
[27954] = CNOT 58 82
[27955] = Z 58
[27956] = CNOT 58 82
[27957] = CNOT 58 64
[27958] = CNOT 58 65
[27959] = CNOT 58 71
[27960] = Z 58
[27961] = CNOT 58 71
[27962] = CNOT 58 73
[27963] = Z 58
[27964] = CNOT 58 73
[27965] = CNOT 58 74
[27966] = S 58
[27967] = CNOT 58 74
[27968] = CNOT 58 75
[27969] = Z 58
[27970] = CNOT 58 75
[27971] = CNOT 58 80
[27972] = S 58
[27973] = Z 58
[27974] = CNOT 58 80
[27975] = CNOT 58 82
[27976] = S 58
[27977] = CNOT 58 82
[27978] = CNOT 58 83
[27979] = Z 58
[27980] = CNOT 58 83
[27981] = CNOT 58 84
[27982] = Z 58
[27983] = CNOT 58 84
[27984] = CNOT 58 85
[27985] = Z 58
[27986] = CNOT 58 85
[27987] = CNOT 58 88
[27988] = Z 58
[27989] = CNOT 58 88
[27990] = CNOT 58 90
[27991] = Z 58
[27992] = CNOT 58 90
[27993] = CNOT 58 92
[27994] = S 58
[27995] = CNOT 58 92
[27996] = CNOT 58 93
[27997] = S 58
[27998] = Z 58
[27999] = CNOT 58 93
[28000] = CNOT 58 95
[28001] = Z 58
[28002] = CNOT 58 95
[28003] = CNOT 58 96
[28004] = S 58
[28005] = CNOT 58 96
[28006] = CNOT 58 98
[28007] = Z 58
[28008] = CNOT 58 98
[28009] = CNOT 58 99
[28010] = Z 58
[28011] = CNOT 58 99
[28012] = CNOT 58 101
[28013] = Z 58
[28014] = CNOT 58 101
[28015] = CNOT 58 102
[28016] = Z 58
[28017] = CNOT 58 102
[28018] = CNOT 58 65
[28019] = CNOT 58 71
[28020] = CNOT 58 73
[28021] = Z 58
[28022] = CNOT 58 73
[28023] = CNOT 58 74
[28024] = Z 58
[28025] = CNOT 58 74
[28026] = CNOT 58 75
[28027] = S 58
[28028] = Z 58
[28029] = CNOT 58 75
[28030] = CNOT 58 79
[28031] = Z 58
[28032] = CNOT 58 79
[28033] = CNOT 58 82
[28034] = Z 58
[28035] = CNOT 58 82
[28036] = CNOT 58 71
[28037] = CNOT 58 73
[28038] = CNOT 58 74
[28039] = Z 58
[28040] = CNOT 58 74
[28041] = CNOT 58 75
[28042] = S 58
[28043] = Z 58
[28044] = CNOT 58 75
[28045] = CNOT 58 79
[28046] = S 58
[28047] = CNOT 58 79
[28048] = CNOT 58 82
[28049] = Z 58
[28050] = CNOT 58 82
[28051] = CNOT 58 83
[28052] = Z 58
[28053] = CNOT 58 83
[28054] = CNOT 58 84
[28055] = S 58
[28056] = Z 58
[28057] = CNOT 58 84
[28058] = CNOT 58 85
[28059] = S 58
[28060] = Z 58
[28061] = CNOT 58 85
[28062] = CNOT 58 88
[28063] = S 58
[28064] = Z 58
[28065] = CNOT 58 88
[28066] = CNOT 58 90
[28067] = S 58
[28068] = Z 58
[28069] = CNOT 58 90
[28070] = CNOT 58 92
[28071] = S 58
[28072] = CNOT 58 92
[28073] = CNOT 58 95
[28074] = Z 58
[28075] = CNOT 58 95
[28076] = CNOT 58 96
[28077] = S 58
[28078] = CNOT 58 96
[28079] = CNOT 58 98
[28080] = S 58
[28081] = Z 58
[28082] = CNOT 58 98
[28083] = CNOT 58 99
[28084] = Z 58
[28085] = CNOT 58 99
[28086] = CNOT 58 101
[28087] = S 58
[28088] = Z 58
[28089] = CNOT 58 101
[28090] = CNOT 58 102
[28091] = Z 58
[28092] = CNOT 58 102
[28093] = CNOT 58 73
[28094] = CNOT 58 74
[28095] = CNOT 58 75
[28096] = Z 58
[28097] = CNOT 58 75
[28098] = CNOT 58 80
[28099] = S 58
[28100] = Z 58
[28101] = CNOT 58 80
[28102] = CNOT 58 82
[28103] = S 58
[28104] = CNOT 58 82
[28105] = CNOT 58 83
[28106] = Z 58
[28107] = CNOT 58 83
[28108] = CNOT 58 84
[28109] = Z 58
[28110] = CNOT 58 84
[28111] = CNOT 58 85
[28112] = Z 58
[28113] = CNOT 58 85
[28114] = CNOT 58 88
[28115] = Z 58
[28116] = CNOT 58 88
[28117] = CNOT 58 90
[28118] = Z 58
[28119] = CNOT 58 90
[28120] = CNOT 58 92
[28121] = S 58
[28122] = CNOT 58 92
[28123] = CNOT 58 93
[28124] = S 58
[28125] = Z 58
[28126] = CNOT 58 93
[28127] = CNOT 58 95
[28128] = Z 58
[28129] = CNOT 58 95
[28130] = CNOT 58 96
[28131] = S 58
[28132] = CNOT 58 96
[28133] = CNOT 58 98
[28134] = Z 58
[28135] = CNOT 58 98
[28136] = CNOT 58 99
[28137] = Z 58
[28138] = CNOT 58 99
[28139] = CNOT 58 101
[28140] = Z 58
[28141] = CNOT 58 101
[28142] = CNOT 58 102
[28143] = Z 58
[28144] = CNOT 58 102
[28145] = CNOT 58 74
[28146] = CNOT 58 75
[28147] = CNOT 58 79
[28148] = S 58
[28149] = Z 58
[28150] = CNOT 58 79
[28151] = CNOT 58 80
[28152] = Z 58
[28153] = CNOT 58 80
[28154] = CNOT 58 82
[28155] = Z 58
[28156] = CNOT 58 82
[28157] = CNOT 58 83
[28158] = S 58
[28159] = Z 58
[28160] = CNOT 58 83
[28161] = CNOT 58 84
[28162] = S 58
[28163] = Z 58
[28164] = CNOT 58 84
[28165] = CNOT 58 92
[28166] = S 58
[28167] = Z 58
[28168] = CNOT 58 92
[28169] = CNOT 58 95
[28170] = S 58
[28171] = Z 58
[28172] = CNOT 58 95
[28173] = CNOT 58 102
[28174] = S 58
[28175] = Z 58
[28176] = CNOT 58 102
[28177] = CNOT 58 75
[28178] = CNOT 58 79
[28179] = CNOT 58 80
[28180] = Z 58
[28181] = CNOT 58 80
[28182] = CNOT 58 83
[28183] = Z 58
[28184] = CNOT 58 83
[28185] = CNOT 58 95
[28186] = Z 58
[28187] = CNOT 58 95
[28188] = CNOT 58 102
[28189] = Z 58
[28190] = CNOT 58 102
[28191] = CNOT 58 79
[28192] = CNOT 58 80
[28193] = CNOT 58 82
[28194] = S 58
[28195] = Z 58
[28196] = CNOT 58 82
[28197] = CNOT 58 83
[28198] = S 58
[28199] = Z 58
[28200] = CNOT 58 83
[28201] = CNOT 58 84
[28202] = Z 58
[28203] = CNOT 58 84
[28204] = CNOT 58 85
[28205] = Z 58
[28206] = CNOT 58 85
[28207] = CNOT 58 88
[28208] = Z 58
[28209] = CNOT 58 88
[28210] = CNOT 58 90
[28211] = Z 58
[28212] = CNOT 58 90
[28213] = CNOT 58 92
[28214] = S 58
[28215] = CNOT 58 92
[28216] = CNOT 58 93
[28217] = S 58
[28218] = Z 58
[28219] = CNOT 58 93
[28220] = CNOT 58 96
[28221] = S 58
[28222] = CNOT 58 96
[28223] = CNOT 58 98
[28224] = Z 58
[28225] = CNOT 58 98
[28226] = CNOT 58 99
[28227] = Z 58
[28228] = CNOT 58 99
[28229] = CNOT 58 101
[28230] = Z 58
[28231] = CNOT 58 101
[28232] = CNOT 58 80
[28233] = CNOT 58 82
[28234] = CNOT 58 83
[28235] = Z 58
[28236] = CNOT 58 83
[28237] = CNOT 58 84
[28238] = Z 58
[28239] = CNOT 58 84
[28240] = CNOT 58 85
[28241] = Z 58
[28242] = CNOT 58 85
[28243] = CNOT 58 88
[28244] = Z 58
[28245] = CNOT 58 88
[28246] = CNOT 58 90
[28247] = Z 58
[28248] = CNOT 58 90
[28249] = CNOT 58 92
[28250] = S 58
[28251] = CNOT 58 92
[28252] = CNOT 58 93
[28253] = S 58
[28254] = Z 58
[28255] = CNOT 58 93
[28256] = CNOT 58 95
[28257] = Z 58
[28258] = CNOT 58 95
[28259] = CNOT 58 96
[28260] = S 58
[28261] = CNOT 58 96
[28262] = CNOT 58 98
[28263] = Z 58
[28264] = CNOT 58 98
[28265] = CNOT 58 99
[28266] = Z 58
[28267] = CNOT 58 99
[28268] = CNOT 58 101
[28269] = Z 58
[28270] = CNOT 58 101
[28271] = CNOT 58 102
[28272] = Z 58
[28273] = CNOT 58 102
[28274] = CNOT 58 82
[28275] = CNOT 58 83
[28276] = CNOT 58 95
[28277] = S 58
[28278] = Z 58
[28279] = CNOT 58 95
[28280] = CNOT 58 102
[28281] = S 58
[28282] = Z 58
[28283] = CNOT 58 102
[28284] = CNOT 58 83
[28285] = CNOT 58 84
[28286] = CNOT 58 85
[28287] = S 58
[28288] = Z 58
[28289] = CNOT 58 85
[28290] = CNOT 58 92
[28291] = Z 58
[28292] = CNOT 58 92
[28293] = CNOT 58 84
[28294] = CNOT 58 85
[28295] = CNOT 58 88
[28296] = S 58
[28297] = Z 58
[28298] = CNOT 58 88
[28299] = CNOT 58 92
[28300] = Z 58
[28301] = CNOT 58 92
[28302] = CNOT 58 85
[28303] = CNOT 58 88
[28304] = CNOT 58 90
[28305] = S 58
[28306] = Z 58
[28307] = CNOT 58 90
[28308] = CNOT 58 92
[28309] = Z 58
[28310] = CNOT 58 88
[28311] = CNOT 58 90
[28312] = Z 58
[28313] = CNOT 58 92
[28314] = CNOT 58 93
[28315] = S 58
[28316] = Z 58
[28317] = CNOT 58 90
[28318] = CNOT 58 92
[28319] = S 58
[28320] = Z 58
[28321] = CNOT 58 93
[28322] = CNOT 58 96
[28323] = S 58
[28324] = CNOT 58 96
[28325] = CNOT 58 98
[28326] = Z 58
[28327] = CNOT 58 98
[28328] = CNOT 58 99
[28329] = Z 58
[28330] = CNOT 58 99
[28331] = CNOT 58 101
[28332] = Z 58
[28333] = CNOT 58 101
[28334] = CNOT 58 92
[28335] = CNOT 58 93
[28336] = CNOT 58 96
[28337] = Z 58
[28338] = CNOT 58 96
[28339] = CNOT 58 98
[28340] = S 58
[28341] = Z 58
[28342] = CNOT 58 98
[28343] = CNOT 58 99
[28344] = Z 58
[28345] = CNOT 58 99
[28346] = CNOT 58 93
[28347] = CNOT 58 95
[28348] = CNOT 58 102
[28349] = Z 58
[28350] = CNOT 58 102
[28351] = CNOT 58 95
[28352] = CNOT 58 96
[28353] = CNOT 58 98
[28354] = S 58
[28355] = Z 58
[28356] = CNOT 58 98
[28357] = CNOT 58 99
[28358] = S 58
[28359] = Z 58
[28360] = CNOT 58 99
[28361] = CNOT 58 101
[28362] = S 58
[28363] = Z 58
[28364] = CNOT 58 96
[28365] = CNOT 58 98
[28366] = S 58
[28367] = Z 58
[28368] = CNOT 58 98
[28369] = CNOT 59 74
[28370] = CNOT 59 75
[28371] = Z 59
[28372] = CNOT 59 75
[28373] = CNOT 59 79
[28374] = Z 59
[28375] = CNOT 59 79
[28376] = CNOT 59 81
[28377] = Z 59
[28378] = CNOT 59 81
[28379] = CNOT 59 86
[28380] = Z 59
[28381] = CNOT 59 86
[28382] = CNOT 59 74
[28383] = CNOT 59 75
[28384] = CNOT 59 79
[28385] = Z 59
[28386] = CNOT 59 79
[28387] = CNOT 59 81
[28388] = Z 59
[28389] = CNOT 59 81
[28390] = CNOT 59 86
[28391] = Z 59
[28392] = CNOT 59 86
[28393] = CNOT 59 75
[28394] = CNOT 59 79
[28395] = CNOT 59 81
[28396] = Z 59
[28397] = CNOT 59 81
[28398] = CNOT 59 86
[28399] = Z 59
[28400] = CNOT 59 79
[28401] = CNOT 59 81
[28402] = Z 59
[28403] = CNOT 59 86
[28404] = CNOT 59 81
[28405] = CNOT 62 63
[28406] = CNOT 62 65
[28407] = S 62
[28408] = Z 62
[28409] = CNOT 62 65
[28410] = CNOT 62 73
[28411] = S 62
[28412] = Z 62
[28413] = CNOT 62 73
[28414] = CNOT 62 74
[28415] = S 62
[28416] = Z 62
[28417] = CNOT 62 74
[28418] = CNOT 62 75
[28419] = S 62
[28420] = Z 62
[28421] = CNOT 62 75
[28422] = CNOT 62 79
[28423] = S 62
[28424] = Z 62
[28425] = CNOT 62 79
[28426] = CNOT 62 63
[28427] = CNOT 62 65
[28428] = CNOT 62 68
[28429] = Z 62
[28430] = CNOT 62 68
[28431] = CNOT 62 72
[28432] = Z 62
[28433] = CNOT 62 72
[28434] = CNOT 62 73
[28435] = Z 62
[28436] = CNOT 62 73
[28437] = CNOT 62 81
[28438] = Z 62
[28439] = CNOT 62 81
[28440] = CNOT 62 82
[28441] = Z 62
[28442] = CNOT 62 82
[28443] = CNOT 62 86
[28444] = Z 62
[28445] = CNOT 62 86
[28446] = CNOT 62 91
[28447] = Z 62
[28448] = CNOT 62 91
[28449] = CNOT 62 65
[28450] = CNOT 62 68
[28451] = CNOT 62 72
[28452] = Z 62
[28453] = CNOT 62 72
[28454] = CNOT 62 74
[28455] = Z 62
[28456] = CNOT 62 74
[28457] = CNOT 62 75
[28458] = Z 62
[28459] = CNOT 62 75
[28460] = CNOT 62 79
[28461] = Z 62
[28462] = CNOT 62 79
[28463] = CNOT 62 81
[28464] = Z 62
[28465] = CNOT 62 81
[28466] = CNOT 62 82
[28467] = Z 62
[28468] = CNOT 62 82
[28469] = CNOT 62 86
[28470] = Z 62
[28471] = CNOT 62 86
[28472] = CNOT 62 91
[28473] = Z 62
[28474] = CNOT 62 91
[28475] = CNOT 62 68
[28476] = CNOT 62 72
[28477] = CNOT 62 74
[28478] = Z 62
[28479] = CNOT 62 74
[28480] = CNOT 62 75
[28481] = Z 62
[28482] = CNOT 62 75
[28483] = CNOT 62 79
[28484] = Z 62
[28485] = CNOT 62 79
[28486] = CNOT 62 81
[28487] = Z 62
[28488] = CNOT 62 81
[28489] = CNOT 62 82
[28490] = Z 62
[28491] = CNOT 62 82
[28492] = CNOT 62 86
[28493] = Z 62
[28494] = CNOT 62 86
[28495] = CNOT 62 91
[28496] = Z 62
[28497] = CNOT 62 91
[28498] = CNOT 62 72
[28499] = CNOT 62 73
[28500] = CNOT 62 81
[28501] = Z 62
[28502] = CNOT 62 81
[28503] = CNOT 62 86
[28504] = Z 62
[28505] = CNOT 62 86
[28506] = CNOT 62 73
[28507] = CNOT 62 74
[28508] = CNOT 62 75
[28509] = Z 62
[28510] = CNOT 62 75
[28511] = CNOT 62 79
[28512] = Z 62
[28513] = CNOT 62 79
[28514] = CNOT 62 82
[28515] = Z 62
[28516] = CNOT 62 82
[28517] = CNOT 62 91
[28518] = Z 62
[28519] = CNOT 62 91
[28520] = CNOT 62 74
[28521] = CNOT 62 75
[28522] = CNOT 62 79
[28523] = Z 62
[28524] = CNOT 62 79
[28525] = CNOT 62 82
[28526] = Z 62
[28527] = CNOT 62 82
[28528] = CNOT 62 91
[28529] = Z 62
[28530] = CNOT 62 91
[28531] = CNOT 62 75
[28532] = CNOT 62 79
[28533] = CNOT 62 82
[28534] = Z 62
[28535] = CNOT 62 82
[28536] = CNOT 62 91
[28537] = Z 62
[28538] = CNOT 62 91
[28539] = CNOT 62 79
[28540] = CNOT 62 81
[28541] = CNOT 62 82
[28542] = Z 62
[28543] = CNOT 62 82
[28544] = CNOT 62 91
[28545] = Z 62
[28546] = CNOT 62 91
[28547] = CNOT 62 81
[28548] = CNOT 62 82
[28549] = CNOT 62 86
[28550] = Z 62
[28551] = CNOT 62 86
[28552] = CNOT 62 91
[28553] = Z 62
[28554] = CNOT 62 82
[28555] = CNOT 62 86
[28556] = Z 62
[28557] = CNOT 62 91
[28558] = CNOT 62 86
[28559] = CNOT 63 65
[28560] = CNOT 63 73
[28561] = Z 63
[28562] = CNOT 63 73
[28563] = CNOT 63 74
[28564] = Z 63
[28565] = CNOT 63 74
[28566] = CNOT 63 75
[28567] = Z 63
[28568] = CNOT 63 75
[28569] = CNOT 63 79
[28570] = Z 63
[28571] = CNOT 63 79
[28572] = CNOT 63 65
[28573] = CNOT 63 73
[28574] = CNOT 63 74
[28575] = Z 63
[28576] = CNOT 63 74
[28577] = CNOT 63 75
[28578] = Z 63
[28579] = CNOT 63 75
[28580] = CNOT 63 79
[28581] = Z 63
[28582] = CNOT 63 79
[28583] = CNOT 63 73
[28584] = CNOT 63 74
[28585] = CNOT 63 75
[28586] = Z 63
[28587] = CNOT 63 75
[28588] = CNOT 63 79
[28589] = Z 63
[28590] = CNOT 63 74
[28591] = CNOT 63 75
[28592] = Z 63
[28593] = CNOT 63 79
[28594] = CNOT 63 75
[28595] = CNOT 64 65
[28596] = CNOT 64 71
[28597] = S 64
[28598] = Z 64
[28599] = CNOT 64 71
[28600] = CNOT 64 73
[28601] = Z 64
[28602] = CNOT 64 73
[28603] = CNOT 64 74
[28604] = Z 64
[28605] = CNOT 64 74
[28606] = CNOT 64 75
[28607] = Z 64
[28608] = CNOT 64 75
[28609] = CNOT 64 79
[28610] = Z 64
[28611] = CNOT 64 79
[28612] = CNOT 64 82
[28613] = Z 64
[28614] = CNOT 64 82
[28615] = CNOT 64 65
[28616] = CNOT 64 68
[28617] = CNOT 64 72
[28618] = S 64
[28619] = Z 64
[28620] = CNOT 64 72
[28621] = CNOT 64 73
[28622] = Z 64
[28623] = CNOT 64 73
[28624] = CNOT 64 74
[28625] = Z 64
[28626] = CNOT 64 74
[28627] = CNOT 64 75
[28628] = Z 64
[28629] = CNOT 64 75
[28630] = CNOT 64 79
[28631] = Z 64
[28632] = CNOT 64 79
[28633] = CNOT 64 81
[28634] = Z 64
[28635] = CNOT 64 81
[28636] = CNOT 64 82
[28637] = Z 64
[28638] = CNOT 64 82
[28639] = CNOT 64 68
[28640] = CNOT 64 71
[28641] = CNOT 64 73
[28642] = S 64
[28643] = Z 64
[28644] = CNOT 64 73
[28645] = CNOT 64 74
[28646] = S 64
[28647] = Z 64
[28648] = CNOT 64 74
[28649] = CNOT 64 75
[28650] = S 64
[28651] = Z 64
[28652] = CNOT 64 75
[28653] = CNOT 64 79
[28654] = S 64
[28655] = Z 64
[28656] = CNOT 64 79
[28657] = CNOT 64 82
[28658] = S 64
[28659] = Z 64
[28660] = CNOT 64 82
[28661] = CNOT 64 71
[28662] = CNOT 64 72
[28663] = CNOT 64 73
[28664] = S 64
[28665] = Z 64
[28666] = CNOT 64 73
[28667] = CNOT 64 74
[28668] = S 64
[28669] = Z 64
[28670] = CNOT 64 74
[28671] = CNOT 64 75
[28672] = S 64
[28673] = Z 64
[28674] = CNOT 64 75
[28675] = CNOT 64 79
[28676] = S 64
[28677] = Z 64
[28678] = CNOT 64 79
[28679] = CNOT 64 81
[28680] = S 64
[28681] = Z 64
[28682] = CNOT 64 81
[28683] = CNOT 64 82
[28684] = S 64
[28685] = Z 64
[28686] = CNOT 64 82
[28687] = CNOT 64 72
[28688] = CNOT 64 73
[28689] = CNOT 64 81
[28690] = Z 64
[28691] = CNOT 64 73
[28692] = CNOT 64 74
[28693] = Z 64
[28694] = CNOT 64 74
[28695] = CNOT 64 75
[28696] = Z 64
[28697] = CNOT 64 75
[28698] = CNOT 64 79
[28699] = Z 64
[28700] = CNOT 64 79
[28701] = CNOT 64 82
[28702] = Z 64
[28703] = CNOT 64 82
[28704] = CNOT 64 81
[28705] = CNOT 65 68
[28706] = CNOT 65 72
[28707] = Z 65
[28708] = CNOT 65 72
[28709] = CNOT 65 74
[28710] = Z 65
[28711] = CNOT 65 74
[28712] = CNOT 65 75
[28713] = Z 65
[28714] = CNOT 65 75
[28715] = CNOT 65 79
[28716] = Z 65
[28717] = CNOT 65 79
[28718] = CNOT 65 81
[28719] = Z 65
[28720] = CNOT 65 81
[28721] = CNOT 65 82
[28722] = Z 65
[28723] = CNOT 65 82
[28724] = CNOT 65 86
[28725] = Z 65
[28726] = CNOT 65 86
[28727] = CNOT 65 91
[28728] = Z 65
[28729] = CNOT 65 91
[28730] = CNOT 65 68
[28731] = CNOT 65 71
[28732] = CNOT 65 73
[28733] = Z 65
[28734] = CNOT 65 73
[28735] = CNOT 65 74
[28736] = Z 65
[28737] = CNOT 65 74
[28738] = CNOT 65 75
[28739] = S 65
[28740] = Z 65
[28741] = CNOT 65 75
[28742] = CNOT 65 79
[28743] = Z 65
[28744] = CNOT 65 79
[28745] = CNOT 65 82
[28746] = Z 65
[28747] = CNOT 65 82
[28748] = CNOT 65 71
[28749] = CNOT 65 72
[28750] = CNOT 65 74
[28751] = Z 65
[28752] = CNOT 65 74
[28753] = CNOT 65 75
[28754] = Z 65
[28755] = CNOT 65 75
[28756] = CNOT 65 79
[28757] = Z 65
[28758] = CNOT 65 79
[28759] = CNOT 65 81
[28760] = Z 65
[28761] = CNOT 65 81
[28762] = CNOT 65 82
[28763] = Z 65
[28764] = CNOT 65 82
[28765] = CNOT 65 86
[28766] = Z 65
[28767] = CNOT 65 86
[28768] = CNOT 65 91
[28769] = Z 65
[28770] = CNOT 65 91
[28771] = CNOT 65 72
[28772] = CNOT 65 73
[28773] = CNOT 65 74
[28774] = S 65
[28775] = CNOT 65 74
[28776] = CNOT 65 75
[28777] = Z 65
[28778] = CNOT 65 75
[28779] = CNOT 65 76
[28780] = S 65
[28781] = Z 65
[28782] = CNOT 65 76
[28783] = CNOT 65 79
[28784] = S 65
[28785] = Z 65
[28786] = CNOT 65 79
[28787] = CNOT 65 83
[28788] = Z 65
[28789] = CNOT 65 83
[28790] = CNOT 65 84
[28791] = S 65
[28792] = Z 65
[28793] = CNOT 65 84
[28794] = CNOT 65 85
[28795] = S 65
[28796] = Z 65
[28797] = CNOT 65 85
[28798] = CNOT 65 88
[28799] = S 65
[28800] = Z 65
[28801] = CNOT 65 88
[28802] = CNOT 65 90
[28803] = S 65
[28804] = Z 65
[28805] = CNOT 65 90
[28806] = CNOT 65 92
[28807] = S 65
[28808] = CNOT 65 92
[28809] = CNOT 65 95
[28810] = Z 65
[28811] = CNOT 65 95
[28812] = CNOT 65 96
[28813] = S 65
[28814] = CNOT 65 96
[28815] = CNOT 65 98
[28816] = S 65
[28817] = Z 65
[28818] = CNOT 65 98
[28819] = CNOT 65 99
[28820] = Z 65
[28821] = CNOT 65 99
[28822] = CNOT 65 101
[28823] = S 65
[28824] = Z 65
[28825] = CNOT 65 101
[28826] = CNOT 65 102
[28827] = Z 65
[28828] = CNOT 65 102
[28829] = CNOT 65 73
[28830] = CNOT 65 74
[28831] = CNOT 65 75
[28832] = S 65
[28833] = CNOT 65 75
[28834] = CNOT 65 79
[28835] = S 65
[28836] = Z 65
[28837] = CNOT 65 79
[28838] = CNOT 65 80
[28839] = S 65
[28840] = Z 65
[28841] = CNOT 65 80
[28842] = CNOT 65 81
[28843] = Z 65
[28844] = CNOT 65 81
[28845] = CNOT 65 82
[28846] = S 65
[28847] = CNOT 65 82
[28848] = CNOT 65 83
[28849] = Z 65
[28850] = CNOT 65 83
[28851] = CNOT 65 84
[28852] = Z 65
[28853] = CNOT 65 84
[28854] = CNOT 65 85
[28855] = Z 65
[28856] = CNOT 65 85
[28857] = CNOT 65 86
[28858] = Z 65
[28859] = CNOT 65 86
[28860] = CNOT 65 88
[28861] = Z 65
[28862] = CNOT 65 88
[28863] = CNOT 65 90
[28864] = Z 65
[28865] = CNOT 65 90
[28866] = CNOT 65 92
[28867] = S 65
[28868] = Z 65
[28869] = CNOT 65 92
[28870] = CNOT 65 93
[28871] = S 65
[28872] = Z 65
[28873] = CNOT 65 93
[28874] = CNOT 65 95
[28875] = Z 65
[28876] = CNOT 65 95
[28877] = CNOT 65 96
[28878] = S 65
[28879] = CNOT 65 96
[28880] = CNOT 65 98
[28881] = Z 65
[28882] = CNOT 65 98
[28883] = CNOT 65 99
[28884] = Z 65
[28885] = CNOT 65 99
[28886] = CNOT 65 101
[28887] = Z 65
[28888] = CNOT 65 101
[28889] = CNOT 65 102
[28890] = Z 65
[28891] = CNOT 65 102
[28892] = CNOT 65 74
[28893] = CNOT 65 75
[28894] = CNOT 65 79
[28895] = Z 65
[28896] = CNOT 65 79
[28897] = CNOT 65 80
[28898] = Z 65
[28899] = CNOT 65 80
[28900] = CNOT 65 81
[28901] = Z 65
[28902] = CNOT 65 81
[28903] = CNOT 65 82
[28904] = Z 65
[28905] = CNOT 65 82
[28906] = CNOT 65 83
[28907] = S 65
[28908] = Z 65
[28909] = CNOT 65 83
[28910] = CNOT 65 84
[28911] = S 65
[28912] = Z 65
[28913] = CNOT 65 84
[28914] = CNOT 65 86
[28915] = Z 65
[28916] = CNOT 65 86
[28917] = CNOT 65 92
[28918] = S 65
[28919] = CNOT 65 92
[28920] = CNOT 65 95
[28921] = S 65
[28922] = Z 65
[28923] = CNOT 65 95
[28924] = CNOT 65 102
[28925] = S 65
[28926] = Z 65
[28927] = CNOT 65 102
[28928] = CNOT 65 75
[28929] = CNOT 65 79
[28930] = CNOT 65 80
[28931] = Z 65
[28932] = CNOT 65 80
[28933] = CNOT 65 81
[28934] = Z 65
[28935] = CNOT 65 81
[28936] = CNOT 65 83
[28937] = Z 65
[28938] = CNOT 65 83
[28939] = CNOT 65 86
[28940] = Z 65
[28941] = CNOT 65 86
[28942] = CNOT 65 92
[28943] = Z 65
[28944] = CNOT 65 92
[28945] = CNOT 65 95
[28946] = Z 65
[28947] = CNOT 65 95
[28948] = CNOT 65 102
[28949] = Z 65
[28950] = CNOT 65 102
[28951] = CNOT 65 79
[28952] = CNOT 65 80
[28953] = CNOT 65 82
[28954] = S 65
[28955] = Z 65
[28956] = CNOT 65 82
[28957] = CNOT 65 83
[28958] = S 65
[28959] = Z 65
[28960] = CNOT 65 83
[28961] = CNOT 65 84
[28962] = Z 65
[28963] = CNOT 65 84
[28964] = CNOT 65 85
[28965] = Z 65
[28966] = CNOT 65 85
[28967] = CNOT 65 88
[28968] = Z 65
[28969] = CNOT 65 88
[28970] = CNOT 65 90
[28971] = Z 65
[28972] = CNOT 65 90
[28973] = CNOT 65 92
[28974] = S 65
[28975] = CNOT 65 92
[28976] = CNOT 65 93
[28977] = S 65
[28978] = Z 65
[28979] = CNOT 65 93
[28980] = CNOT 65 96
[28981] = S 65
[28982] = CNOT 65 96
[28983] = CNOT 65 98
[28984] = Z 65
[28985] = CNOT 65 98
[28986] = CNOT 65 99
[28987] = Z 65
[28988] = CNOT 65 99
[28989] = CNOT 65 101
[28990] = Z 65
[28991] = CNOT 65 101
[28992] = CNOT 65 80
[28993] = CNOT 65 81
[28994] = CNOT 65 82
[28995] = Z 65
[28996] = CNOT 65 82
[28997] = CNOT 65 86
[28998] = Z 65
[28999] = CNOT 65 86
[29000] = CNOT 65 91
[29001] = Z 65
[29002] = CNOT 65 91
[29003] = CNOT 65 81
[29004] = CNOT 65 82
[29005] = CNOT 65 83
[29006] = Z 65
[29007] = CNOT 65 83
[29008] = CNOT 65 84
[29009] = Z 65
[29010] = CNOT 65 84
[29011] = CNOT 65 85
[29012] = Z 65
[29013] = CNOT 65 85
[29014] = CNOT 65 86
[29015] = Z 65
[29016] = CNOT 65 86
[29017] = CNOT 65 88
[29018] = Z 65
[29019] = CNOT 65 88
[29020] = CNOT 65 90
[29021] = Z 65
[29022] = CNOT 65 90
[29023] = CNOT 65 92
[29024] = S 65
[29025] = Z 65
[29026] = CNOT 65 92
[29027] = CNOT 65 93
[29028] = S 65
[29029] = Z 65
[29030] = CNOT 65 93
[29031] = CNOT 65 95
[29032] = Z 65
[29033] = CNOT 65 95
[29034] = CNOT 65 96
[29035] = S 65
[29036] = CNOT 65 96
[29037] = CNOT 65 98
[29038] = Z 65
[29039] = CNOT 65 98
[29040] = CNOT 65 99
[29041] = Z 65
[29042] = CNOT 65 99
[29043] = CNOT 65 101
[29044] = Z 65
[29045] = CNOT 65 101
[29046] = CNOT 65 102
[29047] = Z 65
[29048] = CNOT 65 102
[29049] = CNOT 65 82
[29050] = CNOT 65 83
[29051] = CNOT 65 95
[29052] = S 65
[29053] = Z 65
[29054] = CNOT 65 95
[29055] = CNOT 65 102
[29056] = S 65
[29057] = Z 65
[29058] = CNOT 65 102
[29059] = CNOT 65 83
[29060] = CNOT 65 84
[29061] = CNOT 65 85
[29062] = S 65
[29063] = Z 65
[29064] = CNOT 65 85
[29065] = CNOT 65 92
[29066] = Z 65
[29067] = CNOT 65 92
[29068] = CNOT 65 84
[29069] = CNOT 65 85
[29070] = CNOT 65 88
[29071] = S 65
[29072] = Z 65
[29073] = CNOT 65 88
[29074] = CNOT 65 92
[29075] = Z 65
[29076] = CNOT 65 92
[29077] = CNOT 65 85
[29078] = CNOT 65 86
[29079] = CNOT 65 91
[29080] = Z 65
[29081] = CNOT 65 91
[29082] = CNOT 65 86
[29083] = CNOT 65 88
[29084] = CNOT 65 90
[29085] = S 65
[29086] = Z 65
[29087] = CNOT 65 90
[29088] = CNOT 65 92
[29089] = Z 65
[29090] = CNOT 65 88
[29091] = CNOT 65 90
[29092] = Z 65
[29093] = CNOT 65 92
[29094] = CNOT 65 93
[29095] = S 65
[29096] = Z 65
[29097] = CNOT 65 93
[29098] = CNOT 65 90
[29099] = CNOT 65 91
[29100] = CNOT 65 92
[29101] = S 65
[29102] = Z 65
[29103] = CNOT 65 91
[29104] = CNOT 65 93
[29105] = S 65
[29106] = Z 65
[29107] = CNOT 65 93
[29108] = CNOT 65 96
[29109] = S 65
[29110] = CNOT 65 96
[29111] = CNOT 65 98
[29112] = Z 65
[29113] = CNOT 65 98
[29114] = CNOT 65 99
[29115] = Z 65
[29116] = CNOT 65 99
[29117] = CNOT 65 101
[29118] = Z 65
[29119] = CNOT 65 101
[29120] = CNOT 65 92
[29121] = CNOT 65 93
[29122] = CNOT 65 96
[29123] = Z 65
[29124] = CNOT 65 96
[29125] = CNOT 65 98
[29126] = S 65
[29127] = Z 65
[29128] = CNOT 65 98
[29129] = CNOT 65 99
[29130] = Z 65
[29131] = CNOT 65 99
[29132] = CNOT 65 93
[29133] = CNOT 65 95
[29134] = CNOT 65 102
[29135] = Z 65
[29136] = CNOT 65 102
[29137] = CNOT 65 95
[29138] = CNOT 65 96
[29139] = CNOT 65 98
[29140] = S 65
[29141] = Z 65
[29142] = CNOT 65 98
[29143] = CNOT 65 99
[29144] = S 65
[29145] = Z 65
[29146] = CNOT 65 99
[29147] = CNOT 65 101
[29148] = S 65
[29149] = Z 65
[29150] = CNOT 65 96
[29151] = CNOT 65 98
[29152] = S 65
[29153] = Z 65
[29154] = CNOT 65 98
[29155] = CNOT 68 72
[29156] = CNOT 68 74
[29157] = Z 68
[29158] = CNOT 68 74
[29159] = CNOT 68 75
[29160] = Z 68
[29161] = CNOT 68 75
[29162] = CNOT 68 79
[29163] = Z 68
[29164] = CNOT 68 79
[29165] = CNOT 68 81
[29166] = Z 68
[29167] = CNOT 68 81
[29168] = CNOT 68 82
[29169] = Z 68
[29170] = CNOT 68 82
[29171] = CNOT 68 86
[29172] = Z 68
[29173] = CNOT 68 86
[29174] = CNOT 68 91
[29175] = Z 68
[29176] = CNOT 68 91
[29177] = CNOT 68 72
[29178] = CNOT 68 73
[29179] = CNOT 68 74
[29180] = Z 68
[29181] = CNOT 68 74
[29182] = CNOT 68 75
[29183] = Z 68
[29184] = CNOT 68 75
[29185] = CNOT 68 79
[29186] = Z 68
[29187] = CNOT 68 79
[29188] = CNOT 68 81
[29189] = Z 68
[29190] = CNOT 68 81
[29191] = CNOT 68 82
[29192] = Z 68
[29193] = CNOT 68 82
[29194] = CNOT 68 73
[29195] = CNOT 68 74
[29196] = CNOT 68 86
[29197] = Z 68
[29198] = CNOT 68 86
[29199] = CNOT 68 91
[29200] = Z 68
[29201] = CNOT 68 91
[29202] = CNOT 68 74
[29203] = CNOT 68 75
[29204] = CNOT 68 86
[29205] = Z 68
[29206] = CNOT 68 86
[29207] = CNOT 68 91
[29208] = Z 68
[29209] = CNOT 68 91
[29210] = CNOT 68 75
[29211] = CNOT 68 79
[29212] = CNOT 68 86
[29213] = Z 68
[29214] = CNOT 68 86
[29215] = CNOT 68 91
[29216] = Z 68
[29217] = CNOT 68 91
[29218] = CNOT 68 79
[29219] = CNOT 68 81
[29220] = CNOT 68 86
[29221] = Z 68
[29222] = CNOT 68 86
[29223] = CNOT 68 91
[29224] = Z 68
[29225] = CNOT 68 91
[29226] = CNOT 68 81
[29227] = CNOT 68 82
[29228] = CNOT 68 86
[29229] = Z 68
[29230] = CNOT 68 86
[29231] = CNOT 68 91
[29232] = Z 68
[29233] = CNOT 68 82
[29234] = CNOT 68 86
[29235] = Z 68
[29236] = CNOT 68 91
[29237] = CNOT 68 86
[29238] = CNOT 71 73
[29239] = CNOT 71 74
[29240] = Z 71
[29241] = CNOT 71 74
[29242] = CNOT 71 75
[29243] = S 71
[29244] = Z 71
[29245] = CNOT 71 75
[29246] = CNOT 71 79
[29247] = Z 71
[29248] = CNOT 71 79
[29249] = CNOT 71 82
[29250] = Z 71
[29251] = CNOT 71 82
[29252] = CNOT 71 73
[29253] = CNOT 71 74
[29254] = CNOT 71 75
[29255] = S 71
[29256] = Z 71
[29257] = CNOT 71 75
[29258] = CNOT 71 79
[29259] = Z 71
[29260] = CNOT 71 79
[29261] = CNOT 71 82
[29262] = Z 71
[29263] = CNOT 71 82
[29264] = CNOT 71 74
[29265] = CNOT 71 75
[29266] = CNOT 71 79
[29267] = S 71
[29268] = Z 71
[29269] = CNOT 71 79
[29270] = CNOT 71 82
[29271] = S 71
[29272] = Z 71
[29273] = CNOT 71 75
[29274] = CNOT 71 79
[29275] = Z 71
[29276] = CNOT 71 82
[29277] = CNOT 71 79
[29278] = CNOT 72 74
[29279] = CNOT 72 75
[29280] = Z 72
[29281] = CNOT 72 75
[29282] = CNOT 72 79
[29283] = Z 72
[29284] = CNOT 72 79
[29285] = CNOT 72 81
[29286] = Z 72
[29287] = CNOT 72 81
[29288] = CNOT 72 82
[29289] = Z 72
[29290] = CNOT 72 82
[29291] = CNOT 72 86
[29292] = Z 72
[29293] = CNOT 72 86
[29294] = CNOT 72 91
[29295] = Z 72
[29296] = CNOT 72 91
[29297] = CNOT 72 74
[29298] = CNOT 72 75
[29299] = CNOT 72 79
[29300] = Z 72
[29301] = CNOT 72 79
[29302] = CNOT 72 81
[29303] = Z 72
[29304] = CNOT 72 81
[29305] = CNOT 72 82
[29306] = Z 72
[29307] = CNOT 72 82
[29308] = CNOT 72 86
[29309] = Z 72
[29310] = CNOT 72 86
[29311] = CNOT 72 91
[29312] = Z 72
[29313] = CNOT 72 91
[29314] = CNOT 72 75
[29315] = CNOT 72 79
[29316] = CNOT 72 81
[29317] = Z 72
[29318] = CNOT 72 81
[29319] = CNOT 72 82
[29320] = Z 72
[29321] = CNOT 72 82
[29322] = CNOT 72 86
[29323] = Z 72
[29324] = CNOT 72 86
[29325] = CNOT 72 91
[29326] = Z 72
[29327] = CNOT 72 91
[29328] = CNOT 72 79
[29329] = CNOT 72 81
[29330] = CNOT 72 82
[29331] = Z 72
[29332] = CNOT 72 82
[29333] = CNOT 72 86
[29334] = Z 72
[29335] = CNOT 72 86
[29336] = CNOT 72 91
[29337] = Z 72
[29338] = CNOT 72 91
[29339] = CNOT 72 81
[29340] = CNOT 72 82
[29341] = CNOT 72 86
[29342] = Z 72
[29343] = CNOT 72 86
[29344] = CNOT 72 91
[29345] = Z 72
[29346] = CNOT 72 82
[29347] = CNOT 72 86
[29348] = Z 72
[29349] = CNOT 72 91
[29350] = CNOT 72 86
[29351] = CNOT 73 74
[29352] = CNOT 73 75
[29353] = S 73
[29354] = Z 73
[29355] = CNOT 73 75
[29356] = CNOT 73 77
[29357] = Z 73
[29358] = CNOT 73 77
[29359] = CNOT 73 79
[29360] = S 73
[29361] = CNOT 73 79
[29362] = CNOT 73 82
[29363] = S 73
[29364] = Z 73
[29365] = CNOT 73 82
[29366] = CNOT 73 83
[29367] = Z 73
[29368] = CNOT 73 83
[29369] = CNOT 73 84
[29370] = S 73
[29371] = Z 73
[29372] = CNOT 73 84
[29373] = CNOT 73 85
[29374] = S 73
[29375] = Z 73
[29376] = CNOT 73 85
[29377] = CNOT 73 86
[29378] = Z 73
[29379] = CNOT 73 86
[29380] = CNOT 73 88
[29381] = S 73
[29382] = Z 73
[29383] = CNOT 73 88
[29384] = CNOT 73 90
[29385] = S 73
[29386] = Z 73
[29387] = CNOT 73 90
[29388] = CNOT 73 92
[29389] = S 73
[29390] = CNOT 73 92
[29391] = CNOT 73 95
[29392] = Z 73
[29393] = CNOT 73 95
[29394] = CNOT 73 96
[29395] = S 73
[29396] = CNOT 73 96
[29397] = CNOT 73 98
[29398] = S 73
[29399] = Z 73
[29400] = CNOT 73 98
[29401] = CNOT 73 99
[29402] = Z 73
[29403] = CNOT 73 99
[29404] = CNOT 73 101
[29405] = S 73
[29406] = Z 73
[29407] = CNOT 73 101
[29408] = CNOT 73 102
[29409] = Z 73
[29410] = CNOT 73 102
[29411] = CNOT 73 74
[29412] = CNOT 73 75
[29413] = CNOT 73 77
[29414] = Z 73
[29415] = CNOT 73 77
[29416] = CNOT 73 80
[29417] = S 73
[29418] = Z 73
[29419] = CNOT 73 80
[29420] = CNOT 73 83
[29421] = S 73
[29422] = Z 73
[29423] = CNOT 73 83
[29424] = CNOT 73 86
[29425] = Z 73
[29426] = CNOT 73 86
[29427] = CNOT 73 95
[29428] = S 73
[29429] = Z 73
[29430] = CNOT 73 95
[29431] = CNOT 73 102
[29432] = S 73
[29433] = Z 73
[29434] = CNOT 73 102
[29435] = CNOT 73 75
[29436] = CNOT 73 77
[29437] = CNOT 73 79
[29438] = Z 73
[29439] = CNOT 73 77
[29440] = CNOT 73 80
[29441] = S 73
[29442] = Z 73
[29443] = CNOT 73 80
[29444] = CNOT 73 82
[29445] = Z 73
[29446] = CNOT 73 82
[29447] = CNOT 73 83
[29448] = Z 73
[29449] = CNOT 73 83
[29450] = CNOT 73 86
[29451] = Z 73
[29452] = CNOT 73 86
[29453] = CNOT 73 95
[29454] = Z 73
[29455] = CNOT 73 95
[29456] = CNOT 73 102
[29457] = Z 73
[29458] = CNOT 73 102
[29459] = CNOT 73 79
[29460] = CNOT 73 80
[29461] = CNOT 73 83
[29462] = S 73
[29463] = Z 73
[29464] = CNOT 73 83
[29465] = CNOT 73 84
[29466] = S 73
[29467] = Z 73
[29468] = CNOT 73 84
[29469] = CNOT 73 85
[29470] = S 73
[29471] = Z 73
[29472] = CNOT 73 85
[29473] = CNOT 73 88
[29474] = S 73
[29475] = Z 73
[29476] = CNOT 73 88
[29477] = CNOT 73 90
[29478] = S 73
[29479] = Z 73
[29480] = CNOT 73 90
[29481] = CNOT 73 92
[29482] = S 73
[29483] = CNOT 73 92
[29484] = CNOT 73 96
[29485] = S 73
[29486] = CNOT 73 96
[29487] = CNOT 73 98
[29488] = S 73
[29489] = Z 73
[29490] = CNOT 73 98
[29491] = CNOT 73 99
[29492] = Z 73
[29493] = CNOT 73 99
[29494] = CNOT 73 101
[29495] = S 73
[29496] = Z 73
[29497] = CNOT 73 101
[29498] = CNOT 73 80
[29499] = CNOT 73 81
[29500] = CNOT 73 82
[29501] = S 73
[29502] = Z 73
[29503] = CNOT 73 82
[29504] = CNOT 73 86
[29505] = Z 73
[29506] = CNOT 73 86
[29507] = CNOT 73 81
[29508] = CNOT 73 82
[29509] = CNOT 73 83
[29510] = Z 73
[29511] = CNOT 73 83
[29512] = CNOT 73 84
[29513] = S 73
[29514] = Z 73
[29515] = CNOT 73 84
[29516] = CNOT 73 85
[29517] = S 73
[29518] = Z 73
[29519] = CNOT 73 85
[29520] = CNOT 73 88
[29521] = S 73
[29522] = Z 73
[29523] = CNOT 73 88
[29524] = CNOT 73 90
[29525] = S 73
[29526] = Z 73
[29527] = CNOT 73 90
[29528] = CNOT 73 92
[29529] = S 73
[29530] = CNOT 73 92
[29531] = CNOT 73 95
[29532] = Z 73
[29533] = CNOT 73 95
[29534] = CNOT 73 96
[29535] = S 73
[29536] = CNOT 73 96
[29537] = CNOT 73 98
[29538] = S 73
[29539] = Z 73
[29540] = CNOT 73 98
[29541] = CNOT 73 99
[29542] = Z 73
[29543] = CNOT 73 99
[29544] = CNOT 73 101
[29545] = S 73
[29546] = Z 73
[29547] = CNOT 73 101
[29548] = CNOT 73 102
[29549] = Z 73
[29550] = CNOT 73 102
[29551] = CNOT 73 82
[29552] = CNOT 73 83
[29553] = CNOT 73 95
[29554] = S 73
[29555] = Z 73
[29556] = CNOT 73 95
[29557] = CNOT 73 102
[29558] = S 73
[29559] = Z 73
[29560] = CNOT 73 102
[29561] = CNOT 73 83
[29562] = CNOT 73 84
[29563] = CNOT 73 92
[29564] = S 73
[29565] = Z 73
[29566] = CNOT 73 84
[29567] = CNOT 73 85
[29568] = S 73
[29569] = Z 73
[29570] = CNOT 73 85
[29571] = CNOT 73 88
[29572] = S 73
[29573] = Z 73
[29574] = CNOT 73 88
[29575] = CNOT 73 90
[29576] = S 73
[29577] = Z 73
[29578] = CNOT 73 90
[29579] = CNOT 73 96
[29580] = S 73
[29581] = CNOT 73 96
[29582] = CNOT 73 98
[29583] = S 73
[29584] = Z 73
[29585] = CNOT 73 98
[29586] = CNOT 73 99
[29587] = Z 73
[29588] = CNOT 73 99
[29589] = CNOT 73 101
[29590] = S 73
[29591] = Z 73
[29592] = CNOT 73 101
[29593] = CNOT 73 92
[29594] = CNOT 73 93
[29595] = CNOT 73 96
[29596] = Z 73
[29597] = CNOT 73 96
[29598] = CNOT 73 99
[29599] = Z 73
[29600] = CNOT 73 99
[29601] = CNOT 73 93
[29602] = CNOT 73 95
[29603] = CNOT 73 102
[29604] = Z 73
[29605] = CNOT 73 102
[29606] = CNOT 73 95
[29607] = CNOT 73 96
[29608] = CNOT 73 98
[29609] = S 73
[29610] = Z 73
[29611] = CNOT 73 98
[29612] = CNOT 73 99
[29613] = S 73
[29614] = Z 73
[29615] = CNOT 73 99
[29616] = CNOT 73 101
[29617] = S 73
[29618] = Z 73
[29619] = CNOT 73 101
[29620] = CNOT 73 96
[29621] = CNOT 74 75
[29622] = CNOT 74 77
[29623] = Z 74
[29624] = CNOT 74 77
[29625] = CNOT 74 79
[29626] = S 74
[29627] = CNOT 74 79
[29628] = CNOT 74 80
[29629] = Z 74
[29630] = CNOT 74 80
[29631] = CNOT 74 82
[29632] = S 74
[29633] = CNOT 74 82
[29634] = CNOT 74 83
[29635] = S 74
[29636] = Z 74
[29637] = CNOT 74 83
[29638] = CNOT 74 84
[29639] = S 74
[29640] = Z 74
[29641] = CNOT 74 84
[29642] = CNOT 74 86
[29643] = Z 74
[29644] = CNOT 74 86
[29645] = CNOT 74 92
[29646] = S 74
[29647] = CNOT 74 92
[29648] = CNOT 74 95
[29649] = S 74
[29650] = Z 74
[29651] = CNOT 74 95
[29652] = CNOT 74 102
[29653] = S 74
[29654] = Z 74
[29655] = CNOT 74 102
[29656] = CNOT 74 75
[29657] = CNOT 74 77
[29658] = CNOT 74 79
[29659] = Z 74
[29660] = CNOT 74 77
[29661] = CNOT 74 80
[29662] = Z 74
[29663] = CNOT 74 80
[29664] = CNOT 74 82
[29665] = S 74
[29666] = Z 74
[29667] = CNOT 74 82
[29668] = CNOT 74 83
[29669] = Z 74
[29670] = CNOT 74 83
[29671] = CNOT 74 86
[29672] = Z 74
[29673] = CNOT 74 86
[29674] = CNOT 74 92
[29675] = Z 74
[29676] = CNOT 74 92
[29677] = CNOT 74 95
[29678] = Z 74
[29679] = CNOT 74 95
[29680] = CNOT 74 102
[29681] = Z 74
[29682] = CNOT 74 102
[29683] = CNOT 74 79
[29684] = CNOT 74 80
[29685] = CNOT 74 82
[29686] = S 74
[29687] = Z 74
[29688] = CNOT 74 82
[29689] = CNOT 74 83
[29690] = S 74
[29691] = Z 74
[29692] = CNOT 74 83
[29693] = CNOT 74 84
[29694] = Z 74
[29695] = CNOT 74 84
[29696] = CNOT 74 85
[29697] = Z 74
[29698] = CNOT 74 85
[29699] = CNOT 74 88
[29700] = Z 74
[29701] = CNOT 74 88
[29702] = CNOT 74 90
[29703] = Z 74
[29704] = CNOT 74 90
[29705] = CNOT 74 92
[29706] = S 74
[29707] = CNOT 74 92
[29708] = CNOT 74 93
[29709] = S 74
[29710] = Z 74
[29711] = CNOT 74 93
[29712] = CNOT 74 96
[29713] = S 74
[29714] = CNOT 74 96
[29715] = CNOT 74 98
[29716] = Z 74
[29717] = CNOT 74 98
[29718] = CNOT 74 99
[29719] = Z 74
[29720] = CNOT 74 99
[29721] = CNOT 74 101
[29722] = Z 74
[29723] = CNOT 74 101
[29724] = CNOT 74 80
[29725] = CNOT 74 81
[29726] = CNOT 74 82
[29727] = S 74
[29728] = CNOT 74 82
[29729] = CNOT 74 86
[29730] = Z 74
[29731] = CNOT 74 86
[29732] = CNOT 74 91
[29733] = Z 74
[29734] = CNOT 74 91
[29735] = CNOT 74 81
[29736] = CNOT 74 82
[29737] = CNOT 74 83
[29738] = Z 74
[29739] = CNOT 74 83
[29740] = CNOT 74 84
[29741] = Z 74
[29742] = CNOT 74 84
[29743] = CNOT 74 85
[29744] = Z 74
[29745] = CNOT 74 85
[29746] = CNOT 74 86
[29747] = Z 74
[29748] = CNOT 74 86
[29749] = CNOT 74 88
[29750] = Z 74
[29751] = CNOT 74 88
[29752] = CNOT 74 90
[29753] = Z 74
[29754] = CNOT 74 90
[29755] = CNOT 74 92
[29756] = S 74
[29757] = Z 74
[29758] = CNOT 74 92
[29759] = CNOT 74 93
[29760] = S 74
[29761] = Z 74
[29762] = CNOT 74 93
[29763] = CNOT 74 95
[29764] = Z 74
[29765] = CNOT 74 95
[29766] = CNOT 74 96
[29767] = S 74
[29768] = CNOT 74 96
[29769] = CNOT 74 98
[29770] = Z 74
[29771] = CNOT 74 98
[29772] = CNOT 74 99
[29773] = Z 74
[29774] = CNOT 74 99
[29775] = CNOT 74 101
[29776] = Z 74
[29777] = CNOT 74 101
[29778] = CNOT 74 102
[29779] = Z 74
[29780] = CNOT 74 102
[29781] = CNOT 74 82
[29782] = CNOT 74 83
[29783] = CNOT 74 95
[29784] = S 74
[29785] = Z 74
[29786] = CNOT 74 95
[29787] = CNOT 74 102
[29788] = S 74
[29789] = Z 74
[29790] = CNOT 74 102
[29791] = CNOT 74 83
[29792] = CNOT 74 84
[29793] = CNOT 74 85
[29794] = S 74
[29795] = Z 74
[29796] = CNOT 74 85
[29797] = CNOT 74 92
[29798] = Z 74
[29799] = CNOT 74 92
[29800] = CNOT 74 84
[29801] = CNOT 74 85
[29802] = CNOT 74 88
[29803] = S 74
[29804] = Z 74
[29805] = CNOT 74 88
[29806] = CNOT 74 92
[29807] = Z 74
[29808] = CNOT 74 92
[29809] = CNOT 74 85
[29810] = CNOT 74 86
[29811] = CNOT 74 91
[29812] = Z 74
[29813] = CNOT 74 91
[29814] = CNOT 74 86
[29815] = CNOT 74 88
[29816] = CNOT 74 90
[29817] = S 74
[29818] = Z 74
[29819] = CNOT 74 90
[29820] = CNOT 74 92
[29821] = Z 74
[29822] = CNOT 74 88
[29823] = CNOT 74 90
[29824] = Z 74
[29825] = CNOT 74 92
[29826] = CNOT 74 93
[29827] = S 74
[29828] = Z 74
[29829] = CNOT 74 93
[29830] = CNOT 74 90
[29831] = CNOT 74 91
[29832] = CNOT 74 92
[29833] = S 74
[29834] = Z 74
[29835] = CNOT 74 91
[29836] = CNOT 74 93
[29837] = S 74
[29838] = Z 74
[29839] = CNOT 74 93
[29840] = CNOT 74 96
[29841] = S 74
[29842] = CNOT 74 96
[29843] = CNOT 74 98
[29844] = Z 74
[29845] = CNOT 74 98
[29846] = CNOT 74 99
[29847] = Z 74
[29848] = CNOT 74 99
[29849] = CNOT 74 101
[29850] = Z 74
[29851] = CNOT 74 101
[29852] = CNOT 74 92
[29853] = CNOT 74 93
[29854] = CNOT 74 96
[29855] = Z 74
[29856] = CNOT 74 96
[29857] = CNOT 74 98
[29858] = S 74
[29859] = Z 74
[29860] = CNOT 74 98
[29861] = CNOT 74 99
[29862] = Z 74
[29863] = CNOT 74 99
[29864] = CNOT 74 93
[29865] = CNOT 74 95
[29866] = CNOT 74 102
[29867] = Z 74
[29868] = CNOT 74 102
[29869] = CNOT 74 95
[29870] = CNOT 74 96
[29871] = CNOT 74 98
[29872] = S 74
[29873] = Z 74
[29874] = CNOT 74 98
[29875] = CNOT 74 99
[29876] = S 74
[29877] = Z 74
[29878] = CNOT 74 99
[29879] = CNOT 74 101
[29880] = S 74
[29881] = Z 74
[29882] = CNOT 74 96
[29883] = CNOT 74 98
[29884] = S 74
[29885] = Z 74
[29886] = CNOT 74 101
[29887] = CNOT 74 98
[29888] = CNOT 75 77
[29889] = CNOT 75 79
[29890] = Z 75
[29891] = CNOT 75 77
[29892] = CNOT 75 80
[29893] = S 75
[29894] = Z 75
[29895] = CNOT 75 80
[29896] = CNOT 75 82
[29897] = Z 75
[29898] = CNOT 75 82
[29899] = CNOT 75 83
[29900] = S 75
[29901] = Z 75
[29902] = CNOT 75 83
[29903] = CNOT 75 86
[29904] = Z 75
[29905] = CNOT 75 86
[29906] = CNOT 75 92
[29907] = Z 75
[29908] = CNOT 75 92
[29909] = CNOT 75 95
[29910] = S 75
[29911] = Z 75
[29912] = CNOT 75 95
[29913] = CNOT 75 102
[29914] = S 75
[29915] = Z 75
[29916] = CNOT 75 102
[29917] = CNOT 75 79
[29918] = CNOT 75 80
[29919] = CNOT 75 82
[29920] = Z 75
[29921] = CNOT 75 82
[29922] = CNOT 75 84
[29923] = S 75
[29924] = Z 75
[29925] = CNOT 75 84
[29926] = CNOT 75 92
[29927] = S 75
[29928] = Z 75
[29929] = CNOT 75 92
[29930] = CNOT 75 80
[29931] = CNOT 75 81
[29932] = CNOT 75 82
[29933] = S 75
[29934] = CNOT 75 82
[29935] = CNOT 75 86
[29936] = Z 75
[29937] = CNOT 75 86
[29938] = CNOT 75 91
[29939] = Z 75
[29940] = CNOT 75 91
[29941] = CNOT 75 81
[29942] = CNOT 75 82
[29943] = CNOT 75 83
[29944] = S 75
[29945] = Z 75
[29946] = CNOT 75 83
[29947] = CNOT 75 84
[29948] = S 75
[29949] = Z 75
[29950] = CNOT 75 84
[29951] = CNOT 75 86
[29952] = Z 75
[29953] = CNOT 75 86
[29954] = CNOT 75 92
[29955] = S 75
[29956] = CNOT 75 92
[29957] = CNOT 75 95
[29958] = S 75
[29959] = Z 75
[29960] = CNOT 75 95
[29961] = CNOT 75 102
[29962] = S 75
[29963] = Z 75
[29964] = CNOT 75 102
[29965] = CNOT 75 82
[29966] = CNOT 75 83
[29967] = CNOT 75 89
[29968] = S 75
[29969] = CNOT 75 89
[29970] = CNOT 75 94
[29971] = S 75
[29972] = CNOT 75 94
[29973] = CNOT 75 83
[29974] = CNOT 75 84
[29975] = CNOT 75 92
[29976] = S 75
[29977] = Z 75
[29978] = CNOT 75 92
[29979] = CNOT 75 84
[29980] = CNOT 75 86
[29981] = CNOT 75 91
[29982] = Z 75
[29983] = CNOT 75 86
[29984] = CNOT 75 92
[29985] = S 75
[29986] = Z 75
[29987] = CNOT 75 92
[29988] = CNOT 75 91
[29989] = CNOT 75 95
[29990] = CNOT 75 102
[29991] = S 75
[29992] = Z 75
[29993] = CNOT 75 102
[29994] = CNOT 75 95
[29995] = CNOT 79 80
[29996] = CNOT 79 82
[29997] = Z 79
[29998] = CNOT 79 82
[29999] = CNOT 79 83
[30000] = S 79
[30001] = Z 79
[30002] = CNOT 79 83
[30003] = CNOT 79 80
[30004] = CNOT 79 81
[30005] = CNOT 79 82
[30006] = S 79
[30007] = CNOT 79 82
[30008] = CNOT 79 86
[30009] = Z 79
[30010] = CNOT 79 86
[30011] = CNOT 79 91
[30012] = Z 79
[30013] = CNOT 79 91
[30014] = CNOT 79 81
[30015] = CNOT 79 82
[30016] = CNOT 79 83
[30017] = Z 79
[30018] = CNOT 79 83
[30019] = CNOT 79 86
[30020] = Z 79
[30021] = CNOT 79 86
[30022] = CNOT 79 92
[30023] = Z 79
[30024] = CNOT 79 92
[30025] = CNOT 79 95
[30026] = Z 79
[30027] = CNOT 79 95
[30028] = CNOT 79 102
[30029] = Z 79
[30030] = CNOT 79 102
[30031] = CNOT 79 82
[30032] = CNOT 79 83
[30033] = CNOT 79 95
[30034] = S 79
[30035] = Z 79
[30036] = CNOT 79 95
[30037] = CNOT 79 102
[30038] = S 79
[30039] = Z 79
[30040] = CNOT 79 102
[30041] = CNOT 79 83
[30042] = CNOT 79 86
[30043] = CNOT 79 91
[30044] = Z 79
[30045] = CNOT 79 86
[30046] = CNOT 79 92
[30047] = S 79
[30048] = Z 79
[30049] = CNOT 79 92
[30050] = CNOT 79 91
[30051] = CNOT 79 95
[30052] = CNOT 79 102
[30053] = Z 79
[30054] = CNOT 79 102
[30055] = CNOT 79 95
[30056] = CNOT 80 82
[30057] = CNOT 80 83
[30058] = S 80
[30059] = Z 80
[30060] = CNOT 80 83
[30061] = CNOT 80 84
[30062] = Z 80
[30063] = CNOT 80 84
[30064] = CNOT 80 85
[30065] = Z 80
[30066] = CNOT 80 85
[30067] = CNOT 80 88
[30068] = Z 80
[30069] = CNOT 80 88
[30070] = CNOT 80 90
[30071] = Z 80
[30072] = CNOT 80 90
[30073] = CNOT 80 92
[30074] = S 80
[30075] = CNOT 80 92
[30076] = CNOT 80 93
[30077] = S 80
[30078] = Z 80
[30079] = CNOT 80 93
[30080] = CNOT 80 96
[30081] = S 80
[30082] = CNOT 80 96
[30083] = CNOT 80 98
[30084] = Z 80
[30085] = CNOT 80 98
[30086] = CNOT 80 99
[30087] = Z 80
[30088] = CNOT 80 99
[30089] = CNOT 80 101
[30090] = Z 80
[30091] = CNOT 80 101
[30092] = CNOT 80 82
[30093] = CNOT 80 84
[30094] = CNOT 80 85
[30095] = S 80
[30096] = Z 80
[30097] = CNOT 80 85
[30098] = CNOT 80 92
[30099] = Z 80
[30100] = CNOT 80 92
[30101] = CNOT 80 84
[30102] = CNOT 80 85
[30103] = CNOT 80 88
[30104] = S 80
[30105] = Z 80
[30106] = CNOT 80 88
[30107] = CNOT 80 92
[30108] = Z 80
[30109] = CNOT 80 92
[30110] = CNOT 80 85
[30111] = CNOT 80 88
[30112] = CNOT 80 90
[30113] = S 80
[30114] = Z 80
[30115] = CNOT 80 90
[30116] = CNOT 80 92
[30117] = Z 80
[30118] = CNOT 80 88
[30119] = CNOT 80 90
[30120] = Z 80
[30121] = CNOT 80 92
[30122] = CNOT 80 93
[30123] = S 80
[30124] = Z 80
[30125] = CNOT 80 90
[30126] = CNOT 80 92
[30127] = S 80
[30128] = Z 80
[30129] = CNOT 80 93
[30130] = CNOT 80 96
[30131] = S 80
[30132] = CNOT 80 96
[30133] = CNOT 80 98
[30134] = Z 80
[30135] = CNOT 80 98
[30136] = CNOT 80 99
[30137] = Z 80
[30138] = CNOT 80 99
[30139] = CNOT 80 101
[30140] = Z 80
[30141] = CNOT 80 101
[30142] = CNOT 80 92
[30143] = CNOT 80 93
[30144] = CNOT 80 96
[30145] = Z 80
[30146] = CNOT 80 96
[30147] = CNOT 80 98
[30148] = S 80
[30149] = Z 80
[30150] = CNOT 80 98
[30151] = CNOT 80 99
[30152] = Z 80
[30153] = CNOT 80 99
[30154] = CNOT 80 93
[30155] = CNOT 80 96
[30156] = CNOT 80 98
[30157] = S 80
[30158] = Z 80
[30159] = CNOT 80 98
[30160] = CNOT 80 99
[30161] = S 80
[30162] = Z 80
[30163] = CNOT 80 99
[30164] = CNOT 80 101
[30165] = S 80
[30166] = Z 80
[30167] = CNOT 80 96
[30168] = CNOT 80 98
[30169] = S 80
[30170] = Z 80
[30171] = CNOT 80 101
[30172] = CNOT 80 98
[30173] = CNOT 81 82
[30174] = CNOT 81 86
[30175] = Z 81
[30176] = CNOT 81 86
[30177] = CNOT 81 91
[30178] = Z 81
[30179] = CNOT 81 82
[30180] = CNOT 81 86
[30181] = Z 81
[30182] = CNOT 81 91
[30183] = CNOT 81 86
[30184] = CNOT 82 83
[30185] = CNOT 82 95
[30186] = S 82
[30187] = Z 82
[30188] = CNOT 82 95
[30189] = CNOT 82 102
[30190] = S 82
[30191] = Z 82
[30192] = CNOT 82 102
[30193] = CNOT 82 83
[30194] = CNOT 82 84
[30195] = CNOT 82 85
[30196] = S 82
[30197] = Z 82
[30198] = CNOT 82 85
[30199] = CNOT 82 92
[30200] = Z 82
[30201] = CNOT 82 92
[30202] = CNOT 82 84
[30203] = CNOT 82 85
[30204] = CNOT 82 88
[30205] = S 82
[30206] = Z 82
[30207] = CNOT 82 88
[30208] = CNOT 82 92
[30209] = Z 82
[30210] = CNOT 82 92
[30211] = CNOT 82 85
[30212] = CNOT 82 86
[30213] = CNOT 82 91
[30214] = Z 82
[30215] = CNOT 82 91
[30216] = CNOT 82 86
[30217] = CNOT 82 88
[30218] = CNOT 82 90
[30219] = S 82
[30220] = Z 82
[30221] = CNOT 82 90
[30222] = CNOT 82 92
[30223] = Z 82
[30224] = CNOT 82 88
[30225] = CNOT 82 90
[30226] = Z 82
[30227] = CNOT 82 92
[30228] = CNOT 82 93
[30229] = S 82
[30230] = Z 82
[30231] = CNOT 82 93
[30232] = CNOT 82 90
[30233] = CNOT 82 91
[30234] = CNOT 82 92
[30235] = S 82
[30236] = Z 82
[30237] = CNOT 82 91
[30238] = CNOT 82 93
[30239] = S 82
[30240] = Z 82
[30241] = CNOT 82 93
[30242] = CNOT 82 96
[30243] = S 82
[30244] = CNOT 82 96
[30245] = CNOT 82 98
[30246] = Z 82
[30247] = CNOT 82 98
[30248] = CNOT 82 99
[30249] = Z 82
[30250] = CNOT 82 99
[30251] = CNOT 82 101
[30252] = Z 82
[30253] = CNOT 82 101
[30254] = CNOT 82 92
[30255] = CNOT 82 93
[30256] = CNOT 82 96
[30257] = Z 82
[30258] = CNOT 82 96
[30259] = CNOT 82 98
[30260] = S 82
[30261] = Z 82
[30262] = CNOT 82 98
[30263] = CNOT 82 99
[30264] = Z 82
[30265] = CNOT 82 99
[30266] = CNOT 82 93
[30267] = CNOT 82 95
[30268] = CNOT 82 102
[30269] = Z 82
[30270] = CNOT 82 102
[30271] = CNOT 82 95
[30272] = CNOT 82 96
[30273] = CNOT 82 98
[30274] = S 82
[30275] = Z 82
[30276] = CNOT 82 98
[30277] = CNOT 82 99
[30278] = S 82
[30279] = Z 82
[30280] = CNOT 82 99
[30281] = CNOT 82 101
[30282] = S 82
[30283] = Z 82
[30284] = CNOT 82 96
[30285] = CNOT 82 98
[30286] = S 82
[30287] = Z 82
[30288] = CNOT 82 101
[30289] = CNOT 82 98
[30290] = CNOT 83 95
[30291] = CNOT 83 102
[30292] = S 83
[30293] = Z 83
[30294] = CNOT 83 102
[30295] = CNOT 83 95
[30296] = CNOT 84 85
[30297] = CNOT 84 92
[30298] = S 84
[30299] = Z 84
[30300] = CNOT 84 92
[30301] = CNOT 84 85
[30302] = CNOT 85 88
[30303] = CNOT 85 92
[30304] = S 85
[30305] = Z 85
[30306] = CNOT 85 92
[30307] = CNOT 85 88
[30308] = CNOT 88 90
[30309] = CNOT 88 92
[30310] = S 88
[30311] = Z 88
[30312] = CNOT 88 92
[30313] = CNOT 88 90
[30314] = CNOT 90 92
[30315] = CNOT 90 93
[30316] = S 90
[30317] = Z 90
[30318] = CNOT 90 93
[30319] = CNOT 90 92
[30320] = CNOT 92 93
[30321] = CNOT 92 96
[30322] = Z 92
[30323] = CNOT 92 96
[30324] = CNOT 92 98
[30325] = S 92
[30326] = Z 92
[30327] = CNOT 92 98
[30328] = CNOT 92 99
[30329] = Z 92
[30330] = CNOT 92 99
[30331] = CNOT 92 93
[30332] = CNOT 92 96
[30333] = CNOT 92 98
[30334] = S 92
[30335] = Z 92
[30336] = CNOT 92 98
[30337] = CNOT 92 99
[30338] = S 92
[30339] = Z 92
[30340] = CNOT 92 99
[30341] = CNOT 92 101
[30342] = S 92
[30343] = Z 92
[30344] = CNOT 92 96
[30345] = CNOT 92 98
[30346] = S 92
[30347] = Z 92
[30348] = CNOT 92 101
[30349] = CNOT 92 98
[30350] = CNOT 93 96
[30351] = CNOT 93 99
[30352] = S 93
[30353] = Z 93
[30354] = CNOT 93 99
[30355] = CNOT 93 96
[30356] = CNOT 98 102
[30357] = CNOT 94 102
[30358] = CNOT 90 102
[30359] = CNOT 89 102
[30360] = CNOT 85 102
[30361] = CNOT 80 102
[30362] = CNOT 76 102
[30363] = CNOT 71 102
[30364] = CNOT 67 102
[30365] = CNOT 54 102
[30366] = CNOT 51 102
[30367] = CNOT 50 102
[30368] = CNOT 46 102
[30369] = CNOT 45 102
[30370] = CNOT 42 102
[30371] = CNOT 41 102
[30372] = CNOT 37 102
[30373] = CNOT 31 102
[30374] = CNOT 27 102
[30375] = CNOT 22 102
[30376] = CNOT 18 102
[30377] = CNOT 17 102
[30378] = CNOT 99 101
[30379] = CNOT 93 101
[30380] = CNOT 91 101
[30381] = CNOT 88 101
[30382] = CNOT 86 101
[30383] = CNOT 84 101
[30384] = CNOT 81 101
[30385] = CNOT 79 101
[30386] = CNOT 77 101
[30387] = CNOT 70 101
[30388] = CNOT 68 101
[30389] = CNOT 62 101
[30390] = CNOT 61 101
[30391] = CNOT 59 101
[30392] = CNOT 52 101
[30393] = CNOT 49 101
[30394] = CNOT 47 101
[30395] = CNOT 44 101
[30396] = CNOT 43 101
[30397] = CNOT 40 101
[30398] = CNOT 38 101
[30399] = CNOT 35 101
[30400] = CNOT 32 101
[30401] = CNOT 30 101
[30402] = CNOT 28 101
[30403] = CNOT 21 101
[30404] = CNOT 19 101
[30405] = CNOT 16 101
[30406] = CNOT 96 100
[30407] = CNOT 82 100
[30408] = CNOT 75 100
[30409] = CNOT 73 100
[30410] = CNOT 20 100
[30411] = CNOT 13 100
[30412] = CNOT 9 100
[30413] = CNOT 101 99
[30414] = CNOT 99 101
[30415] = CNOT 102 98
[30416] = CNOT 98 102
[30417] = CNOT 92 97
[30418] = CNOT 87 97
[30419] = CNOT 83 97
[30420] = CNOT 75 97
[30421] = CNOT 69 97
[30422] = CNOT 11 97
[30423] = CNOT 95 96
[30424] = CNOT 83 96
[30425] = CNOT 78 96
[30426] = CNOT 74 96
[30427] = CNOT 73 96
[30428] = CNOT 72 96
[30429] = CNOT 64 96
[30430] = CNOT 63 96
[30431] = CNOT 57 96
[30432] = CNOT 56 96
[30433] = CNOT 34 96
[30434] = CNOT 33 96
[30435] = CNOT 26 96
[30436] = CNOT 25 96
[30437] = CNOT 24 96
[30438] = CNOT 23 96
[30439] = CNOT 14 96
[30440] = CNOT 13 96
[30441] = CNOT 11 96
[30442] = CNOT 96 95
[30443] = CNOT 95 96
[30444] = CNOT 98 94
[30445] = CNOT 94 98
[30446] = CNOT 99 93
[30447] = CNOT 93 99
[30448] = CNOT 97 92
[30449] = CNOT 92 97
[30450] = CNOT 93 91
[30451] = CNOT 91 93
[30452] = CNOT 94 90
[30453] = CNOT 90 94
[30454] = CNOT 90 89
[30455] = CNOT 89 90
[30456] = CNOT 91 88
[30457] = CNOT 88 91
[30458] = CNOT 95 87
[30459] = CNOT 83 87
[30460] = CNOT 78 87
[30461] = CNOT 75 87
[30462] = CNOT 74 87
[30463] = CNOT 73 87
[30464] = CNOT 72 87
[30465] = CNOT 64 87
[30466] = CNOT 63 87
[30467] = CNOT 57 87
[30468] = CNOT 56 87
[30469] = CNOT 39 87
[30470] = CNOT 36 87
[30471] = CNOT 34 87
[30472] = CNOT 33 87
[30473] = CNOT 26 87
[30474] = CNOT 25 87
[30475] = CNOT 24 87
[30476] = CNOT 23 87
[30477] = CNOT 14 87
[30478] = CNOT 13 87
[30479] = CNOT 11 87
[30480] = CNOT 10 87
[30481] = CNOT 88 86
[30482] = CNOT 86 88
[30483] = CNOT 89 85
[30484] = CNOT 85 89
[30485] = CNOT 86 84
[30486] = CNOT 84 86
[30487] = CNOT 100 83
[30488] = CNOT 73 83
[30489] = CNOT 20 83
[30490] = CNOT 9 83
[30491] = CNOT 83 100
[30492] = CNOT 83 82
[30493] = CNOT 82 83
[30494] = CNOT 84 81
[30495] = CNOT 81 84
[30496] = CNOT 85 80
[30497] = CNOT 80 85
[30498] = CNOT 81 79
[30499] = CNOT 79 81
[30500] = CNOT 100 78
[30501] = CNOT 95 78
[30502] = CNOT 92 78
[30503] = CNOT 75 78
[30504] = CNOT 74 78
[30505] = CNOT 73 78
[30506] = CNOT 72 78
[30507] = CNOT 69 78
[30508] = CNOT 64 78
[30509] = CNOT 63 78
[30510] = CNOT 57 78
[30511] = CNOT 56 78
[30512] = CNOT 48 78
[30513] = CNOT 34 78
[30514] = CNOT 33 78
[30515] = CNOT 26 78
[30516] = CNOT 25 78
[30517] = CNOT 24 78
[30518] = CNOT 23 78
[30519] = CNOT 20 78
[30520] = CNOT 14 78
[30521] = CNOT 13 78
[30522] = CNOT 9 78
[30523] = CNOT 8 78
[30524] = CNOT 79 77
[30525] = CNOT 77 79
[30526] = CNOT 80 76
[30527] = CNOT 76 80
[30528] = CNOT 100 75
[30529] = CNOT 95 75
[30530] = CNOT 73 75
[30531] = CNOT 72 75
[30532] = CNOT 57 75
[30533] = CNOT 56 75
[30534] = CNOT 34 75
[30535] = CNOT 33 75
[30536] = CNOT 26 75
[30537] = CNOT 25 75
[30538] = CNOT 24 75
[30539] = CNOT 23 75
[30540] = CNOT 20 75
[30541] = CNOT 14 75
[30542] = CNOT 13 75
[30543] = CNOT 12 75
[30544] = CNOT 11 75
[30545] = CNOT 9 75
[30546] = CNOT 75 95
[30547] = CNOT 75 74
[30548] = CNOT 74 75
[30549] = CNOT 100 73
[30550] = CNOT 95 73
[30551] = CNOT 34 73
[30552] = CNOT 33 73
[30553] = CNOT 24 73
[30554] = CNOT 23 73
[30555] = CNOT 20 73
[30556] = CNOT 15 73
[30557] = CNOT 13 73
[30558] = CNOT 12 73
[30559] = CNOT 11 73
[30560] = CNOT 10 73
[30561] = CNOT 9 73
[30562] = CNOT 73 95
[30563] = CNOT 73 72
[30564] = CNOT 72 73
[30565] = CNOT 76 71
[30566] = CNOT 71 76
[30567] = CNOT 77 70
[30568] = CNOT 70 77
[30569] = CNOT 92 69
[30570] = CNOT 87 69
[30571] = CNOT 60 69
[30572] = CNOT 39 69
[30573] = CNOT 36 69
[30574] = CNOT 11 69
[30575] = CNOT 10 69
[30576] = CNOT 7 69
[30577] = CNOT 70 68
[30578] = CNOT 68 70
[30579] = CNOT 71 67
[30580] = CNOT 67 71
[30581] = CNOT 87 66
[30582] = CNOT 39 66
[30583] = CNOT 36 66
[30584] = CNOT 29 66
[30585] = CNOT 10 66
[30586] = CNOT 6 66
[30587] = CNOT 5 66
[30588] = CNOT 3 66
[30589] = CNOT 2 66
[30590] = CNOT 1 66
[30591] = CNOT 68 65
[30592] = CNOT 65 68
[30593] = CNOT 74 64
[30594] = CNOT 64 74
[30595] = CNOT 64 63
[30596] = CNOT 63 64
[30597] = CNOT 65 62
[30598] = CNOT 62 65
[30599] = CNOT 62 61
[30600] = CNOT 61 62
[30601] = CNOT 100 60
[30602] = CNOT 69 60
[30603] = CNOT 66 60
[30604] = CNOT 20 60
[30605] = CNOT 9 60
[30606] = CNOT 7 60
[30607] = CNOT 1 60
[30608] = CNOT 60 66
[30609] = CNOT 61 59
[30610] = CNOT 59 61
[30611] = CNOT 59 58
[30612] = CNOT 58 59
[30613] = CNOT 72 57
[30614] = CNOT 57 72
[30615] = CNOT 57 56
[30616] = CNOT 56 57
[30617] = CNOT 58 55
[30618] = CNOT 55 58
[30619] = CNOT 67 54
[30620] = CNOT 54 67
[30621] = CNOT 55 53
[30622] = CNOT 53 55
[30623] = CNOT 53 52
[30624] = CNOT 52 53
[30625] = CNOT 54 51
[30626] = CNOT 51 54
[30627] = CNOT 51 50
[30628] = CNOT 50 51
[30629] = CNOT 52 49
[30630] = CNOT 49 52
[30631] = CNOT 100 48
[30632] = CNOT 78 48
[30633] = CNOT 66 48
[30634] = CNOT 20 48
[30635] = CNOT 9 48
[30636] = CNOT 8 48
[30637] = CNOT 4 48
[30638] = CNOT 1 48
[30639] = CNOT 49 47
[30640] = CNOT 47 49
[30641] = CNOT 50 46
[30642] = CNOT 46 50
[30643] = CNOT 46 45
[30644] = CNOT 45 46
[30645] = CNOT 47 44
[30646] = CNOT 44 47
[30647] = CNOT 44 43
[30648] = CNOT 43 44
[30649] = CNOT 45 42
[30650] = CNOT 42 45
[30651] = CNOT 42 41
[30652] = CNOT 41 42
[30653] = CNOT 43 40
[30654] = CNOT 40 43
[30655] = CNOT 87 39
[30656] = CNOT 66 39
[30657] = CNOT 60 39
[30658] = CNOT 36 39
[30659] = CNOT 10 39
[30660] = CNOT 3 39
[30661] = CNOT 1 39
[30662] = CNOT 39 60
[30663] = CNOT 40 38
[30664] = CNOT 38 40
[30665] = CNOT 41 37
[30666] = CNOT 37 41
[30667] = CNOT 87 36
[30668] = CNOT 36 87
[30669] = CNOT 38 35
[30670] = CNOT 35 38
[30671] = CNOT 95 34
[30672] = CNOT 13 34
[30673] = CNOT 34 95
[30674] = CNOT 34 33
[30675] = CNOT 33 34
[30676] = CNOT 35 32
[30677] = CNOT 32 35
[30678] = CNOT 37 31
[30679] = CNOT 31 37
[30680] = CNOT 32 30
[30681] = CNOT 30 32
[30682] = CNOT 100 29
[30683] = CNOT 66 29
[30684] = CNOT 60 29
[30685] = CNOT 39 29
[30686] = CNOT 20 29
[30687] = CNOT 9 29
[30688] = CNOT 6 29
[30689] = CNOT 3 29
[30690] = CNOT 1 29
[30691] = CNOT 29 39
[30692] = CNOT 30 28
[30693] = CNOT 28 30
[30694] = CNOT 31 27
[30695] = CNOT 27 31
[30696] = CNOT 56 26
[30697] = CNOT 26 56
[30698] = CNOT 26 25
[30699] = CNOT 25 26
[30700] = CNOT 33 24
[30701] = CNOT 11 24
[30702] = CNOT 24 33
[30703] = CNOT 24 23
[30704] = CNOT 23 24
[30705] = CNOT 27 22
[30706] = CNOT 22 27
[30707] = CNOT 28 21
[30708] = CNOT 21 28
[30709] = CNOT 100 20
[30710] = CNOT 60 20
[30711] = CNOT 48 20
[30712] = CNOT 29 20
[30713] = CNOT 9 20
[30714] = CNOT 4 20
[30715] = CNOT 3 20
[30716] = CNOT 2 20
[30717] = CNOT 20 29
[30718] = CNOT 21 19
[30719] = CNOT 19 21
[30720] = CNOT 22 18
[30721] = CNOT 18 22
[30722] = CNOT 18 17
[30723] = CNOT 17 18
[30724] = CNOT 19 16
[30725] = CNOT 16 19
[30726] = CNOT 25 15
[30727] = CNOT 14 15
[30728] = CNOT 10 15
[30729] = CNOT 15 25
[30730] = CNOT 25 14
[30731] = CNOT 23 14
[30732] = CNOT 12 14
[30733] = CNOT 14 23
[30734] = CNOT 82 13
[30735] = CNOT 13 82
[30736] = CNOT 63 12
[30737] = CNOT 12 63
[30738] = CNOT 92 11
[30739] = CNOT 11 92
[30740] = CNOT 36 10
[30741] = CNOT 10 36
[30742] = CNOT 100 9
[30743] = CNOT 9 100
[30744] = CNOT 78 8
[30745] = CNOT 8 78
[30746] = CNOT 69 7
[30747] = CNOT 7 69
[30748] = CNOT 39 6
[30749] = CNOT 6 39
[30750] = CNOT 20 5
[30751] = CNOT 5 20
[30752] = CNOT 48 4
[30753] = CNOT 4 48
[30754] = CNOT 60 3
[30755] = CNOT 3 60
[30756] = CNOT 29 2
[30757] = CNOT 2 29
[30758] = CNOT 66 1
[30759] = CNOT 1 66
[30760] = H 18
[30761] = M 18
[30762] = H 19
[30763] = M 19
[30764] = H 20
[30765] = M 20
[30766] = H 21
[30767] = M 21
[30768] = H 22
[30769] = M 22
[30770] = H 23
[30771] = M 23
[30772] = H 24
[30773] = M 24
[30774] = H 25
[30775] = M 25
[30776] = H 26
[30777] = M 26
[30778] = H 27
[30779] = M 27
[30780] = H 28
[30781] = M 28
[30782] = H 29
[30783] = M 29
[30784] = H 30
[30785] = M 30
[30786] = H 31
[30787] = M 31
[30788] = H 32
[30789] = M 32
[30790] = H 33
[30791] = M 33
[30792] = H 34
[30793] = M 34
[30794] = H 35
[30795] = M 35
[30796] = H 36
[30797] = M 36
[30798] = H 37
[30799] = M 37
[30800] = H 38
[30801] = M 38
[30802] = H 39
[30803] = M 39
[30804] = H 40
[30805] = M 40
[30806] = H 41
[30807] = M 41
[30808] = H 42
[30809] = M 42
[30810] = H 43
[30811] = M 43
[30812] = H 44
[30813] = M 44
[30814] = H 45
[30815] = M 45
[30816] = H 46
[30817] = M 46
[30818] = H 47
[30819] = M 47
[30820] = H 48
[30821] = M 48
[30822] = H 49
[30823] = M 49
[30824] = H 50
[30825] = M 50
[30826] = H 51
[30827] = M 51
[30828] = H 52
[30829] = M 52
[30830] = H 53
[30831] = M 53
[30832] = H 54
[30833] = M 54
[30834] = H 55
[30835] = M 55
[30836] = H 56
[30837] = M 56
[30838] = H 57
[30839] = M 57
[30840] = H 58
[30841] = M 58
[30842] = H 59
[30843] = M 59
[30844] = H 60
[30845] = M 60
[30846] = H 61
[30847] = M 61
[30848] = H 62
[30849] = M 62
[30850] = H 63
[30851] = M 63
[30852] = H 64
[30853] = M 64
[30854] = H 65
[30855] = M 65
[30856] = H 66
[30857] = M 66
[30858] = H 67
[30859] = M 67
[30860] = H 68
[30861] = M 68
[30862] = H 69
[30863] = M 69
[30864] = H 70
[30865] = M 70
[30866] = H 71
[30867] = M 71
[30868] = H 72
[30869] = M 72
[30870] = H 73
[30871] = M 73
[30872] = H 74
[30873] = M 74
[30874] = H 75
[30875] = M 75
[30876] = H 76
[30877] = M 76
[30878] = H 77
[30879] = M 77
[30880] = H 78
[30881] = M 78
[30882] = H 79
[30883] = M 79
[30884] = H 80
[30885] = M 80
[30886] = H 81
[30887] = M 81
[30888] = H 82
[30889] = M 82
[30890] = H 83
[30891] = M 83
[30892] = H 84
[30893] = M 84
[30894] = H 85
[30895] = M 85
[30896] = H 86
[30897] = M 86
[30898] = H 87
[30899] = M 87
[30900] = H 88
[30901] = M 88
[30902] = H 89
[30903] = M 89
[30904] = H 90
[30905] = M 90
[30906] = H 91
[30907] = M 91
[30908] = H 92
[30909] = M 92
[30910] = H 93
[30911] = M 93
[30912] = H 94
[30913] = M 94
[30914] = H 95
[30915] = M 95
[30916] = H 96
[30917] = M 96
[30918] = H 97
[30919] = M 97
[30920] = H 98
[30921] = M 98
[30922] = H 99
[30923] = M 99
[30924] = H 100
[30925] = M 100
[30926] = H 101
[30927] = M 101
[30928] = H 102
[30929] = M 102
[30930] = H 17
[30931] = H 16
Gate distributions:
Input:
Operator distribution:
Total number of qubits = 17
Number of `data' qubits = 17
Number of `Toff_n' ancillas = 0
Number of Hadamard ancillas = 0
Hadamard ancilla cap = infinite
Number of {CNOT,T} partitions = 1
T count = 574
Cost estimation = 287206
	id	Count
	0	0
	1	0
	2	0
	3	164
	4	42
	5	0
	6	0
	7	0
	8	0
	9	0
	10	82
	11	0
	12	0
	13	0
	14	0
	15	0
	16	0
	17	0
	18	0
Output:
Operator distribution:
Total number of qubits = 102
Number of `data' qubits = 17
Number of `Toff_n' ancillas = 0
Number of Hadamard ancillas = 85
Hadamard ancilla cap = infinite
Number of {CNOT,T} partitions = 1
T count = 167
Cost estimation = 114308
	id	Count
	0	0
	1	0
	2	0
	3	183
	4	20060
	5	167
	6	0
	7	0
	8	0
	9	0
	10	0
	11	3261
	12	0
	13	7176
	14	0
	15	0
	16	0
	17	0
	18	85
Output T Count (SQC_Circuit) = 167
Output T Count (PhasePolynomial) = 167
Fail count = 0

Execution time: 4496.66s
Number of LCL errors: 0
Number of LCL warnings: 0
