Optimize a Clifford + T circuit.
Input filename = /home/rest/forpyzx/TOpt/forme/tpar_benchmark/gf2^8_mult.tfc
Number of unknown gates = 0
Number of unknown qubit labels = 0
Circuit filename: /home/rest/forpyzx/TOpt/forme/tpar_benchmark/gf2^8_mult.tfc

n 24
n_x 24
n_y 0
n_z 0
m 201
[0] = H 17
[1] = H 18
[2] = H 19
[3] = H 20
[4] = H 21
[5] = H 22
[6] = H 23
[7] = CCZ 8 10 17
[8] = CCZ 7 11 17
[9] = CCZ 6 12 17
[10] = CCZ 5 13 17
[11] = CCZ 4 14 17
[12] = CCZ 3 15 17
[13] = CCZ 2 16 17
[14] = CCZ 8 11 18
[15] = CCZ 7 12 18
[16] = CCZ 6 13 18
[17] = CCZ 5 14 18
[18] = CCZ 4 15 18
[19] = CCZ 3 16 18
[20] = CCZ 8 12 19
[21] = CCZ 7 13 19
[22] = CCZ 6 14 19
[23] = CCZ 5 15 19
[24] = CCZ 4 16 19
[25] = CCZ 8 13 20
[26] = CCZ 7 14 20
[27] = CCZ 6 15 20
[28] = CCZ 5 16 20
[29] = CCZ 8 14 21
[30] = CCZ 7 15 21
[31] = CCZ 6 16 21
[32] = CCZ 8 15 22
[33] = CCZ 7 16 22
[34] = CCZ 8 16 23
[35] = H 17
[36] = H 18
[37] = H 19
[38] = H 20
[39] = H 21
[40] = H 22
[41] = H 23
[42] = CNOT 19 23
[43] = CNOT 18 23
[44] = CNOT 17 23
[45] = CNOT 18 22
[46] = CNOT 17 22
[47] = CNOT 24 22
[48] = CNOT 17 21
[49] = CNOT 24 21
[50] = CNOT 23 21
[51] = CNOT 24 20
[52] = CNOT 23 20
[53] = CNOT 22 20
[54] = CNOT 23 19
[55] = CNOT 22 19
[56] = CNOT 21 19
[57] = CNOT 22 18
[58] = CNOT 21 18
[59] = CNOT 20 18
[60] = CNOT 21 17
[61] = CNOT 20 17
[62] = CNOT 19 17
[63] = H 17
[64] = H 18
[65] = H 19
[66] = H 20
[67] = H 21
[68] = H 22
[69] = H 23
[70] = H 24
[71] = CCZ 8 9 24
[72] = CCZ 7 10 24
[73] = CCZ 6 11 24
[74] = CCZ 5 12 24
[75] = CCZ 4 13 24
[76] = CCZ 3 14 24
[77] = CCZ 2 15 24
[78] = CCZ 1 16 24
[79] = CCZ 7 9 23
[80] = CCZ 6 10 23
[81] = CCZ 5 11 23
[82] = CCZ 4 12 23
[83] = CCZ 3 13 23
[84] = CCZ 2 14 23
[85] = CCZ 1 15 23
[86] = CCZ 6 9 22
[87] = CCZ 5 10 22
[88] = CCZ 4 11 22
[89] = CCZ 3 12 22
[90] = CCZ 2 13 22
[91] = CCZ 1 14 22
[92] = CCZ 5 9 21
[93] = CCZ 4 10 21
[94] = CCZ 3 11 21
[95] = CCZ 2 12 21
[96] = CCZ 1 13 21
[97] = CCZ 4 9 20
[98] = CCZ 3 10 20
[99] = CCZ 2 11 20
[100] = CCZ 1 12 20
[101] = CCZ 3 9 19
[102] = CCZ 2 10 19
[103] = CCZ 1 11 19
[104] = CCZ 2 9 18
[105] = CCZ 1 10 18
[106] = CCZ 1 9 17
[107] = H 17
[108] = H 18
[109] = H 19
[110] = H 20
[111] = H 21
[112] = H 22
[113] = H 23
[114] = H 24

Algorithm used: todd

UniversalOptimize begin.
	Gate synthesis begin.

in LempelX2
		Round = 0
Round 0 | Current Columns (m): 264
		Round = 1
Round 1 | Current Columns (m): 260
		Round = 2
Round 2 | Current Columns (m): 258
		Round = 3
Round 3 | Current Columns (m): 254
		Round = 4
Round 4 | Current Columns (m): 250
		Round = 5
Round 5 | Current Columns (m): 248
		Round = 6
Round 6 | Current Columns (m): 244
		Round = 7
Round 7 | Current Columns (m): 242
		Round = 8
Round 8 | Current Columns (m): 238
		Round = 9
Round 9 | Current Columns (m): 232
		Round = 10
Round 10 | Current Columns (m): 230
		Round = 11
Round 11 | Current Columns (m): 228
		Round = 12
Round 12 | Current Columns (m): 226
		Round = 13
Round 13 | Current Columns (m): 224
nullspace time: 3028628 ms, chi time: 703798 ms
Total LempelX2 time: 3732621 ms
		TODD executed in 3732.54 seconds.
		Total time: 3732.54s
	Gate synthesis end.
	Total time: 3735.23s
UniversalOptimize end.
Output circuit:
n 39
n_x 24
n_y 0
n_z 15
m 9501
[0] = H 17
[1] = H 18
[2] = H 19
[3] = H 20
[4] = H 21
[5] = H 22
[6] = H 23
[7] = H 25
[8] = H 26
[9] = H 27
[10] = H 28
[11] = H 29
[12] = H 30
[13] = H 31
[14] = H 32
[15] = H 33
[16] = H 34
[17] = H 35
[18] = H 36
[19] = H 37
[20] = H 38
[21] = H 39
[22] = CNOT 3 6
[23] = CNOT 3 10
[24] = CNOT 3 11
[25] = CNOT 3 13
[26] = CNOT 3 14
[27] = CNOT 3 16
[28] = CNOT 3 17
[29] = CNOT 3 18
[30] = CNOT 3 21
[31] = CNOT 3 34
[32] = CNOT 3 37
[33] = CNOT 3 38
[34] = CNOT 3 39
[35] = T 3
[36] = CNOT 3 39
[37] = CNOT 3 38
[38] = CNOT 3 37
[39] = CNOT 3 34
[40] = CNOT 3 21
[41] = CNOT 3 18
[42] = CNOT 3 17
[43] = CNOT 3 16
[44] = CNOT 3 14
[45] = CNOT 3 13
[46] = CNOT 3 11
[47] = CNOT 3 10
[48] = CNOT 3 6
[49] = CNOT 1 7
[50] = CNOT 1 8
[51] = CNOT 1 33
[52] = CNOT 1 39
[53] = T 1
[54] = CNOT 1 17
[55] = T 1
[56] = CNOT 1 8
[57] = T 1
[58] = CNOT 1 8
[59] = CNOT 1 10
[60] = T 1
[61] = CNOT 1 17
[62] = CNOT 1 8
[63] = CNOT 1 7
[64] = CNOT 1 11
[65] = T 1
[66] = CNOT 1 17
[67] = T 1
[68] = CNOT 1 7
[69] = T 1
[70] = CNOT 1 11
[71] = CNOT 1 7
[72] = T 1
[73] = CNOT 1 17
[74] = CNOT 1 10
[75] = CNOT 1 5
[76] = CNOT 1 6
[77] = CNOT 1 7
[78] = CNOT 1 11
[79] = CNOT 1 12
[80] = CNOT 1 13
[81] = CNOT 1 14
[82] = CNOT 1 15
[83] = CNOT 1 16
[84] = CNOT 1 18
[85] = CNOT 1 19
[86] = CNOT 1 20
[87] = CNOT 1 34
[88] = CNOT 1 35
[89] = CNOT 1 38
[90] = T 1
[91] = CNOT 1 17
[92] = T 1
[93] = CNOT 1 6
[94] = T 1
[95] = CNOT 1 12
[96] = CNOT 1 6
[97] = T 1
[98] = CNOT 1 17
[99] = CNOT 1 13
[100] = CNOT 1 6
[101] = CNOT 1 5
[102] = T 1
[103] = CNOT 1 17
[104] = T 1
[105] = CNOT 1 5
[106] = T 1
[107] = CNOT 1 5
[108] = CNOT 1 13
[109] = T 1
[110] = CNOT 1 38
[111] = CNOT 1 35
[112] = CNOT 1 34
[113] = CNOT 1 17
[114] = CNOT 1 16
[115] = CNOT 1 15
[116] = CNOT 1 14
[117] = CNOT 1 13
[118] = CNOT 1 11
[119] = CNOT 1 7
[120] = CNOT 1 3
[121] = CNOT 1 4
[122] = CNOT 1 6
[123] = CNOT 1 10
[124] = CNOT 1 21
[125] = T 1
[126] = CNOT 1 21
[127] = CNOT 1 20
[128] = CNOT 1 19
[129] = CNOT 1 18
[130] = CNOT 1 6
[131] = CNOT 1 4
[132] = CNOT 1 3
[133] = CNOT 3 4
[134] = CNOT 3 6
[135] = CNOT 3 10
[136] = CNOT 3 11
[137] = CNOT 3 13
[138] = CNOT 3 16
[139] = CNOT 3 17
[140] = CNOT 3 18
[141] = CNOT 3 21
[142] = CNOT 3 34
[143] = CNOT 3 37
[144] = CNOT 3 38
[145] = CNOT 3 39
[146] = T 3
[147] = CNOT 3 4
[148] = T 3
[149] = CNOT 3 4
[150] = CNOT 3 14
[151] = T 3
[152] = CNOT 3 39
[153] = CNOT 3 38
[154] = CNOT 3 37
[155] = CNOT 3 34
[156] = CNOT 3 21
[157] = CNOT 3 18
[158] = CNOT 3 17
[159] = CNOT 3 16
[160] = CNOT 3 14
[161] = CNOT 3 13
[162] = CNOT 3 11
[163] = CNOT 3 10
[164] = CNOT 3 6
[165] = CNOT 3 4
[166] = CNOT 1 3
[167] = CNOT 1 7
[168] = CNOT 1 15
[169] = T 1
[170] = CNOT 1 17
[171] = T 1
[172] = CNOT 1 3
[173] = T 1
[174] = CNOT 1 15
[175] = CNOT 1 3
[176] = T 1
[177] = CNOT 1 17
[178] = CNOT 1 3
[179] = CNOT 1 2
[180] = CNOT 1 16
[181] = T 1
[182] = CNOT 1 17
[183] = T 1
[184] = CNOT 1 2
[185] = T 1
[186] = CNOT 1 16
[187] = CNOT 1 2
[188] = T 1
[189] = CNOT 1 17
[190] = CNOT 1 10
[191] = CNOT 1 7
[192] = CNOT 1 2
[193] = CNOT 1 8
[194] = CNOT 1 14
[195] = CNOT 1 16
[196] = CNOT 1 18
[197] = CNOT 1 19
[198] = CNOT 1 20
[199] = CNOT 1 34
[200] = CNOT 1 35
[201] = CNOT 1 38
[202] = T 1
[203] = CNOT 1 18
[204] = T 1
[205] = CNOT 2 9
[206] = CNOT 2 33
[207] = T 2
[208] = CNOT 2 33
[209] = CNOT 2 9
[210] = CNOT 1 11
[211] = T 1
[212] = CNOT 1 8
[213] = CNOT 1 7
[214] = CNOT 1 12
[215] = CNOT 1 18
[216] = T 1
[217] = CNOT 1 18
[218] = T 1
[219] = CNOT 1 39
[220] = CNOT 1 38
[221] = CNOT 1 34
[222] = CNOT 1 33
[223] = CNOT 1 20
[224] = CNOT 1 19
[225] = CNOT 1 16
[226] = CNOT 1 14
[227] = CNOT 1 11
[228] = CNOT 1 7
[229] = T 1
[230] = CNOT 1 35
[231] = T 1
[232] = Z 1
[233] = CNOT 1 12
[234] = CNOT 1 11
[235] = CNOT 1 13
[236] = CNOT 1 14
[237] = CNOT 1 16
[238] = CNOT 1 18
[239] = CNOT 1 33
[240] = CNOT 1 34
[241] = CNOT 1 35
[242] = CNOT 1 38
[243] = CNOT 1 39
[244] = T 1
[245] = CNOT 1 18
[246] = CNOT 1 6
[247] = CNOT 1 19
[248] = CNOT 1 20
[249] = T 1
[250] = CNOT 1 39
[251] = CNOT 1 38
[252] = CNOT 1 35
[253] = CNOT 1 34
[254] = CNOT 1 33
[255] = CNOT 1 20
[256] = CNOT 1 19
[257] = CNOT 1 16
[258] = CNOT 1 14
[259] = CNOT 1 13
[260] = CNOT 1 11
[261] = CNOT 1 6
[262] = CNOT 1 10
[263] = T 1
[264] = Z 1
[265] = CNOT 1 10
[266] = CNOT 1 6
[267] = CNOT 1 11
[268] = CNOT 1 14
[269] = CNOT 1 16
[270] = CNOT 1 19
[271] = CNOT 1 20
[272] = CNOT 1 33
[273] = CNOT 1 34
[274] = CNOT 1 35
[275] = CNOT 1 38
[276] = CNOT 1 39
[277] = T 1
[278] = CNOT 1 14
[279] = CNOT 1 6
[280] = CNOT 1 5
[281] = CNOT 1 18
[282] = T 1
[283] = CNOT 1 18
[284] = T 1
[285] = CNOT 1 5
[286] = T 1
[287] = CNOT 1 38
[288] = CNOT 1 34
[289] = CNOT 1 20
[290] = CNOT 1 19
[291] = CNOT 1 16
[292] = CNOT 1 11
[293] = CNOT 1 2
[294] = CNOT 1 7
[295] = CNOT 1 10
[296] = T 1
[297] = CNOT 1 35
[298] = CNOT 1 2
[299] = CNOT 1 4
[300] = CNOT 1 15
[301] = T 1
[302] = CNOT 1 18
[303] = T 1
[304] = CNOT 1 4
[305] = T 1
[306] = CNOT 1 15
[307] = CNOT 1 4
[308] = T 1
[309] = CNOT 1 18
[310] = CNOT 1 4
[311] = CNOT 1 3
[312] = CNOT 1 16
[313] = T 1
[314] = CNOT 1 16
[315] = CNOT 1 3
[316] = CNOT 1 4
[317] = CNOT 1 35
[318] = T 1
[319] = CNOT 1 35
[320] = CNOT 1 4
[321] = CNOT 1 16
[322] = CNOT 1 18
[323] = T 1
[324] = CNOT 1 18
[325] = CNOT 1 16
[326] = CNOT 1 10
[327] = CNOT 1 7
[328] = T 1
[329] = CNOT 1 11
[330] = CNOT 1 14
[331] = CNOT 1 16
[332] = CNOT 1 18
[333] = CNOT 1 20
[334] = CNOT 1 34
[335] = CNOT 1 35
[336] = CNOT 1 38
[337] = T 1
[338] = CNOT 1 5
[339] = CNOT 1 7
[340] = CNOT 1 8
[341] = CNOT 1 12
[342] = CNOT 1 13
[343] = CNOT 1 15
[344] = CNOT 1 19
[345] = T 1
[346] = CNOT 1 19
[347] = T 1
[348] = CNOT 1 8
[349] = T 1
[350] = CNOT 1 12
[351] = CNOT 1 8
[352] = T 1
[353] = CNOT 1 38
[354] = CNOT 1 18
[355] = CNOT 1 15
[356] = CNOT 1 13
[357] = CNOT 1 11
[358] = CNOT 1 8
[359] = CNOT 1 7
[360] = CNOT 1 5
[361] = CNOT 3 37
[362] = T 3
[363] = S 3
[364] = CNOT 1 19
[365] = CNOT 1 37
[366] = T 1
[367] = CNOT 1 37
[368] = CNOT 1 20
[369] = CNOT 1 6
[370] = CNOT 1 11
[371] = CNOT 1 13
[372] = CNOT 1 18
[373] = CNOT 1 38
[374] = T 1
[375] = CNOT 1 19
[376] = CNOT 1 13
[377] = CNOT 1 6
[378] = CNOT 1 7
[379] = CNOT 1 20
[380] = T 1
[381] = CNOT 1 38
[382] = CNOT 1 35
[383] = CNOT 1 34
[384] = CNOT 1 16
[385] = CNOT 1 14
[386] = CNOT 1 11
[387] = CNOT 1 7
[388] = CNOT 3 10
[389] = T 3
[390] = S 3
[391] = CNOT 3 37
[392] = CNOT 3 10
[393] = CNOT 1 3
[394] = CNOT 1 10
[395] = CNOT 1 21
[396] = T 1
[397] = CNOT 1 20
[398] = CNOT 1 19
[399] = T 1
[400] = CNOT 1 19
[401] = CNOT 1 14
[402] = CNOT 1 20
[403] = T 1
[404] = CNOT 1 21
[405] = CNOT 1 20
[406] = CNOT 1 18
[407] = CNOT 1 14
[408] = CNOT 1 3
[409] = CNOT 12 35
[410] = T 12
[411] = Z 12
[412] = CNOT 12 35
[413] = CNOT 2 9
[414] = T 2
[415] = S 2
[416] = CNOT 2 9
[417] = CNOT 1 4
[418] = CNOT 1 7
[419] = CNOT 1 9
[420] = CNOT 1 35
[421] = T 1
[422] = CNOT 1 10
[423] = CNOT 1 9
[424] = CNOT 1 4
[425] = CNOT 1 11
[426] = CNOT 1 13
[427] = CNOT 1 14
[428] = CNOT 1 15
[429] = CNOT 1 16
[430] = CNOT 1 18
[431] = CNOT 1 20
[432] = CNOT 1 34
[433] = CNOT 1 38
[434] = T 1
[435] = CNOT 1 38
[436] = CNOT 1 35
[437] = CNOT 1 34
[438] = CNOT 1 15
[439] = CNOT 1 13
[440] = CNOT 1 11
[441] = CNOT 1 7
[442] = CNOT 1 3
[443] = CNOT 1 4
[444] = CNOT 1 6
[445] = CNOT 1 10
[446] = CNOT 1 19
[447] = CNOT 1 21
[448] = T 1
[449] = CNOT 1 19
[450] = T 1
[451] = CNOT 1 20
[452] = CNOT 1 6
[453] = CNOT 1 4
[454] = CNOT 1 19
[455] = T 1
[456] = CNOT 1 19
[457] = CNOT 1 16
[458] = CNOT 1 4
[459] = CNOT 1 6
[460] = CNOT 1 20
[461] = T 1
[462] = CNOT 1 21
[463] = CNOT 1 10
[464] = CNOT 1 6
[465] = CNOT 1 4
[466] = CNOT 1 3
[467] = CNOT 1 5
[468] = CNOT 1 7
[469] = CNOT 1 8
[470] = CNOT 1 11
[471] = CNOT 1 15
[472] = CNOT 1 16
[473] = CNOT 1 19
[474] = CNOT 1 34
[475] = CNOT 1 35
[476] = CNOT 1 38
[477] = T 1
[478] = CNOT 1 20
[479] = T 1
[480] = CNOT 1 8
[481] = T 1
[482] = CNOT 1 8
[483] = CNOT 1 13
[484] = T 1
[485] = CNOT 1 38
[486] = CNOT 1 35
[487] = CNOT 1 34
[488] = CNOT 1 19
[489] = CNOT 1 15
[490] = CNOT 1 13
[491] = CNOT 1 11
[492] = CNOT 1 8
[493] = CNOT 1 7
[494] = CNOT 1 5
[495] = CNOT 1 3
[496] = CNOT 1 6
[497] = CNOT 1 10
[498] = CNOT 1 21
[499] = T 1
[500] = CNOT 1 21
[501] = CNOT 1 18
[502] = CNOT 1 14
[503] = CNOT 1 10
[504] = CNOT 1 3
[505] = CNOT 1 7
[506] = CNOT 1 11
[507] = CNOT 1 20
[508] = CNOT 1 34
[509] = CNOT 1 35
[510] = T 1
[511] = CNOT 1 20
[512] = CNOT 1 7
[513] = CNOT 1 6
[514] = CNOT 1 19
[515] = T 1
[516] = CNOT 1 7
[517] = CNOT 1 14
[518] = T 1
[519] = CNOT 1 19
[520] = CNOT 1 5
[521] = CNOT 1 13
[522] = CNOT 1 18
[523] = CNOT 1 38
[524] = T 1
[525] = CNOT 1 38
[526] = CNOT 1 35
[527] = CNOT 1 34
[528] = CNOT 1 18
[529] = CNOT 1 16
[530] = CNOT 1 14
[531] = CNOT 1 13
[532] = CNOT 1 11
[533] = CNOT 1 5
[534] = CNOT 1 4
[535] = CNOT 1 9
[536] = CNOT 1 10
[537] = T 1
[538] = CNOT 1 10
[539] = CNOT 1 9
[540] = CNOT 1 4
[541] = CNOT 1 5
[542] = CNOT 1 11
[543] = CNOT 1 13
[544] = CNOT 1 14
[545] = CNOT 1 16
[546] = CNOT 1 18
[547] = CNOT 1 19
[548] = CNOT 1 34
[549] = CNOT 1 35
[550] = CNOT 1 38
[551] = T 1
[552] = CNOT 1 6
[553] = CNOT 1 15
[554] = T 1
[555] = CNOT 1 38
[556] = CNOT 1 19
[557] = CNOT 1 18
[558] = CNOT 1 16
[559] = CNOT 1 15
[560] = CNOT 1 13
[561] = CNOT 1 7
[562] = T 1
[563] = CNOT 1 20
[564] = T 1
[565] = CNOT 1 20
[566] = CNOT 1 6
[567] = CNOT 1 5
[568] = CNOT 1 19
[569] = T 1
[570] = CNOT 1 5
[571] = CNOT 1 16
[572] = T 1
[573] = CNOT 1 5
[574] = CNOT 1 18
[575] = CNOT 1 20
[576] = CNOT 1 21
[577] = CNOT 1 38
[578] = T 1
[579] = CNOT 1 21
[580] = CNOT 1 14
[581] = CNOT 1 8
[582] = T 1
[583] = CNOT 1 21
[584] = T 1
[585] = CNOT 1 8
[586] = T 1
[587] = CNOT 1 8
[588] = CNOT 1 14
[589] = T 1
[590] = CNOT 1 38
[591] = CNOT 1 35
[592] = CNOT 1 34
[593] = CNOT 1 20
[594] = CNOT 1 19
[595] = CNOT 1 14
[596] = CNOT 1 11
[597] = CNOT 1 8
[598] = CNOT 1 3
[599] = CNOT 1 6
[600] = CNOT 1 10
[601] = CNOT 1 15
[602] = T 1
[603] = CNOT 1 21
[604] = T 1
[605] = CNOT 1 7
[606] = T 1
[607] = CNOT 1 15
[608] = CNOT 1 7
[609] = T 1
[610] = CNOT 1 18
[611] = CNOT 1 16
[612] = CNOT 1 10
[613] = CNOT 1 3
[614] = CNOT 1 11
[615] = CNOT 1 14
[616] = CNOT 1 19
[617] = CNOT 1 20
[618] = CNOT 1 34
[619] = CNOT 1 35
[620] = T 1
[621] = CNOT 1 39
[622] = CNOT 1 34
[623] = CNOT 1 20
[624] = CNOT 1 19
[625] = CNOT 1 14
[626] = CNOT 1 11
[627] = CNOT 1 6
[628] = CNOT 1 7
[629] = CNOT 1 16
[630] = CNOT 1 32
[631] = T 1
[632] = CNOT 1 35
[633] = CNOT 1 32
[634] = CNOT 1 16
[635] = CNOT 1 3
[636] = CNOT 1 6
[637] = CNOT 1 10
[638] = CNOT 1 18
[639] = CNOT 1 39
[640] = T 1
[641] = CNOT 1 18
[642] = CNOT 1 6
[643] = CNOT 1 3
[644] = CNOT 1 9
[645] = CNOT 1 35
[646] = T 1
[647] = CNOT 1 35
[648] = CNOT 1 9
[649] = CNOT 1 3
[650] = CNOT 1 6
[651] = CNOT 1 8
[652] = CNOT 1 15
[653] = CNOT 1 16
[654] = CNOT 1 18
[655] = CNOT 1 21
[656] = T 1
[657] = CNOT 1 22
[658] = T 1
[659] = CNOT 1 8
[660] = T 1
[661] = CNOT 1 15
[662] = CNOT 1 8
[663] = T 1
[664] = CNOT 1 16
[665] = CNOT 1 8
[666] = CNOT 1 7
[667] = CNOT 1 3
[668] = CNOT 3 10
[669] = CNOT 3 35
[670] = CNOT 3 37
[671] = T 3
[672] = CNOT 3 37
[673] = CNOT 3 35
[674] = CNOT 3 10
[675] = CNOT 1 3
[676] = T 1
[677] = CNOT 1 7
[678] = T 1
[679] = CNOT 1 7
[680] = CNOT 1 16
[681] = T 1
[682] = CNOT 1 22
[683] = CNOT 1 7
[684] = CNOT 1 23
[685] = T 1
[686] = CNOT 1 23
[687] = CNOT 1 16
[688] = CNOT 1 8
[689] = T 1
[690] = CNOT 1 23
[691] = T 1
[692] = CNOT 1 8
[693] = T 1
[694] = CNOT 1 8
[695] = CNOT 1 16
[696] = T 1
[697] = CNOT 1 23
[698] = CNOT 1 21
[699] = CNOT 1 18
[700] = CNOT 1 16
[701] = CNOT 1 10
[702] = CNOT 1 8
[703] = CNOT 1 6
[704] = CNOT 1 3
[705] = CNOT 1 2
[706] = CNOT 1 11
[707] = CNOT 1 35
[708] = T 1
[709] = CNOT 1 2
[710] = T 1
[711] = CNOT 1 35
[712] = CNOT 1 11
[713] = CNOT 1 7
[714] = CNOT 7 11
[715] = CNOT 7 16
[716] = CNOT 7 32
[717] = CNOT 7 33
[718] = CNOT 7 34
[719] = CNOT 7 35
[720] = CNOT 7 36
[721] = T 7
[722] = CNOT 7 36
[723] = CNOT 7 35
[724] = CNOT 7 34
[725] = CNOT 7 33
[726] = CNOT 7 32
[727] = CNOT 7 16
[728] = CNOT 7 11
[729] = CNOT 13 14
[730] = CNOT 13 35
[731] = CNOT 13 37
[732] = CNOT 13 39
[733] = T 13
[734] = CNOT 13 39
[735] = CNOT 13 37
[736] = CNOT 13 35
[737] = CNOT 13 14
[738] = CNOT 1 7
[739] = CNOT 1 8
[740] = CNOT 1 9
[741] = CNOT 1 10
[742] = T 1
[743] = CNOT 1 39
[744] = T 1
[745] = CNOT 1 8
[746] = T 1
[747] = CNOT 1 9
[748] = CNOT 1 8
[749] = T 1
[750] = CNOT 1 10
[751] = CNOT 1 8
[752] = CNOT 1 16
[753] = CNOT 1 32
[754] = CNOT 1 34
[755] = CNOT 1 35
[756] = T 1
[757] = CNOT 1 34
[758] = CNOT 1 11
[759] = T 1
[760] = CNOT 1 35
[761] = CNOT 1 32
[762] = CNOT 1 16
[763] = CNOT 1 11
[764] = T 1
[765] = S 1
[766] = CNOT 1 7
[767] = CNOT 7 16
[768] = CNOT 7 32
[769] = CNOT 7 33
[770] = CNOT 7 35
[771] = T 7
[772] = CNOT 7 35
[773] = CNOT 7 33
[774] = CNOT 7 32
[775] = CNOT 7 16
[776] = CNOT 1 6
[777] = CNOT 1 14
[778] = CNOT 1 16
[779] = CNOT 1 18
[780] = CNOT 1 19
[781] = CNOT 1 20
[782] = CNOT 1 34
[783] = CNOT 1 35
[784] = CNOT 1 38
[785] = CNOT 1 39
[786] = T 1
[787] = CNOT 1 39
[788] = T 1
[789] = CNOT 1 6
[790] = T 1
[791] = CNOT 1 6
[792] = CNOT 1 11
[793] = T 1
[794] = CNOT 1 6
[795] = CNOT 1 5
[796] = CNOT 1 12
[797] = CNOT 1 39
[798] = T 1
[799] = CNOT 1 39
[800] = T 1
[801] = CNOT 1 5
[802] = T 1
[803] = CNOT 1 12
[804] = CNOT 1 5
[805] = T 1
[806] = CNOT 1 18
[807] = CNOT 1 14
[808] = CNOT 1 5
[809] = CNOT 4 13
[810] = CNOT 4 35
[811] = CNOT 4 37
[812] = T 4
[813] = CNOT 4 37
[814] = CNOT 4 35
[815] = CNOT 4 13
[816] = CNOT 1 4
[817] = CNOT 1 39
[818] = T 1
[819] = CNOT 1 38
[820] = CNOT 1 20
[821] = CNOT 1 19
[822] = CNOT 1 16
[823] = CNOT 1 4
[824] = CNOT 3 7
[825] = CNOT 3 11
[826] = CNOT 3 16
[827] = CNOT 3 32
[828] = CNOT 3 33
[829] = CNOT 3 35
[830] = T 3
[831] = CNOT 3 33
[832] = CNOT 3 32
[833] = CNOT 3 16
[834] = CNOT 3 11
[835] = CNOT 3 7
[836] = CNOT 4 35
[837] = CNOT 4 37
[838] = CNOT 4 39
[839] = T 4
[840] = CNOT 4 39
[841] = CNOT 4 37
[842] = CNOT 4 35
[843] = CNOT 3 14
[844] = CNOT 3 37
[845] = T 3
[846] = CNOT 3 39
[847] = T 3
[848] = CNOT 3 14
[849] = CNOT 14 35
[850] = CNOT 14 37
[851] = CNOT 14 39
[852] = T 14
[853] = CNOT 14 39
[854] = CNOT 14 37
[855] = CNOT 14 35
[856] = T 3
[857] = CNOT 3 39
[858] = CNOT 3 37
[859] = CNOT 3 35
[860] = CNOT 1 2
[861] = CNOT 1 7
[862] = CNOT 1 15
[863] = T 1
[864] = CNOT 1 39
[865] = T 1
[866] = CNOT 1 2
[867] = T 1
[868] = CNOT 1 15
[869] = CNOT 1 2
[870] = T 1
[871] = CNOT 1 7
[872] = CNOT 1 2
[873] = CNOT 7 11
[874] = CNOT 7 16
[875] = CNOT 7 33
[876] = CNOT 7 34
[877] = CNOT 7 35
[878] = CNOT 7 39
[879] = T 7
[880] = CNOT 7 39
[881] = CNOT 7 35
[882] = CNOT 7 34
[883] = CNOT 7 33
[884] = CNOT 7 16
[885] = CNOT 7 11
[886] = CNOT 1 7
[887] = CNOT 1 9
[888] = CNOT 1 16
[889] = CNOT 1 32
[890] = T 1
[891] = CNOT 1 32
[892] = T 1
[893] = CNOT 1 7
[894] = CNOT 7 11
[895] = CNOT 7 33
[896] = CNOT 7 34
[897] = CNOT 7 35
[898] = T 7
[899] = CNOT 7 35
[900] = CNOT 7 34
[901] = CNOT 7 33
[902] = CNOT 7 11
[903] = CNOT 1 7
[904] = CNOT 1 14
[905] = CNOT 1 19
[906] = CNOT 1 20
[907] = CNOT 1 39
[908] = T 1
[909] = CNOT 1 38
[910] = T 1
[911] = CNOT 1 7
[912] = T 1
[913] = CNOT 1 38
[914] = CNOT 1 20
[915] = CNOT 1 19
[916] = CNOT 1 16
[917] = CNOT 1 14
[918] = CNOT 1 9
[919] = CNOT 7 9
[920] = CNOT 7 11
[921] = CNOT 7 16
[922] = CNOT 7 33
[923] = CNOT 7 34
[924] = CNOT 7 35
[925] = T 7
[926] = CNOT 7 35
[927] = CNOT 7 34
[928] = CNOT 7 33
[929] = CNOT 7 16
[930] = CNOT 7 11
[931] = CNOT 7 9
[932] = CNOT 1 6
[933] = CNOT 1 7
[934] = CNOT 1 10
[935] = T 1
[936] = CNOT 1 38
[937] = T 1
[938] = CNOT 1 6
[939] = T 1
[940] = CNOT 1 10
[941] = CNOT 1 6
[942] = T 1
[943] = CNOT 1 38
[944] = CNOT 1 11
[945] = CNOT 1 7
[946] = CNOT 1 6
[947] = CNOT 1 5
[948] = CNOT 1 14
[949] = CNOT 1 16
[950] = CNOT 1 19
[951] = CNOT 1 20
[952] = T 1
[953] = CNOT 1 38
[954] = T 1
[955] = CNOT 1 38
[956] = CNOT 1 5
[957] = CNOT 1 11
[958] = CNOT 1 13
[959] = CNOT 1 37
[960] = T 1
[961] = CNOT 1 37
[962] = CNOT 1 20
[963] = CNOT 1 19
[964] = CNOT 1 16
[965] = CNOT 1 14
[966] = CNOT 1 13
[967] = CNOT 1 2
[968] = CNOT 1 7
[969] = CNOT 1 10
[970] = T 1
[971] = CNOT 1 10
[972] = CNOT 1 7
[973] = CNOT 1 2
[974] = CNOT 1 4
[975] = CNOT 1 12
[976] = CNOT 1 14
[977] = CNOT 1 16
[978] = CNOT 1 19
[979] = CNOT 1 20
[980] = T 1
[981] = CNOT 1 38
[982] = T 1
[983] = CNOT 1 38
[984] = CNOT 1 35
[985] = CNOT 1 34
[986] = CNOT 1 20
[987] = CNOT 1 19
[988] = CNOT 1 16
[989] = CNOT 1 14
[990] = CNOT 1 12
[991] = CNOT 1 4
[992] = CNOT 1 2
[993] = CNOT 1 7
[994] = CNOT 1 10
[995] = T 1
[996] = CNOT 1 10
[997] = CNOT 1 7
[998] = CNOT 1 2
[999] = CNOT 4 13
[1000] = CNOT 4 14
[1001] = CNOT 4 35
[1002] = CNOT 4 37
[1003] = CNOT 4 39
[1004] = T 4
[1005] = CNOT 4 39
[1006] = CNOT 4 37
[1007] = CNOT 4 35
[1008] = CNOT 4 14
[1009] = CNOT 4 13
[1010] = CNOT 1 3
[1011] = CNOT 1 13
[1012] = CNOT 1 14
[1013] = CNOT 1 16
[1014] = CNOT 1 19
[1015] = CNOT 1 20
[1016] = CNOT 1 34
[1017] = CNOT 1 35
[1018] = T 1
[1019] = CNOT 1 38
[1020] = T 1
[1021] = CNOT 1 13
[1022] = CNOT 10 33
[1023] = T 10
[1024] = Z 10
[1025] = CNOT 10 33
[1026] = T 1
[1027] = CNOT 1 38
[1028] = CNOT 1 14
[1029] = CNOT 1 3
[1030] = CNOT 1 2
[1031] = T 1
[1032] = CNOT 1 38
[1033] = T 1
[1034] = CNOT 7 9
[1035] = CNOT 7 11
[1036] = CNOT 7 16
[1037] = CNOT 7 32
[1038] = CNOT 7 33
[1039] = CNOT 7 35
[1040] = T 7
[1041] = CNOT 7 32
[1042] = CNOT 7 16
[1043] = CNOT 7 9
[1044] = CNOT 1 14
[1045] = T 1
[1046] = CNOT 1 20
[1047] = CNOT 1 19
[1048] = CNOT 1 16
[1049] = CNOT 1 14
[1050] = CNOT 1 2
[1051] = CNOT 7 15
[1052] = CNOT 7 34
[1053] = CNOT 7 39
[1054] = T 7
[1055] = CNOT 7 38
[1056] = T 7
[1057] = CNOT 7 39
[1058] = CNOT 7 38
[1059] = CNOT 7 35
[1060] = CNOT 7 34
[1061] = CNOT 7 33
[1062] = CNOT 7 15
[1063] = CNOT 7 11
[1064] = CNOT 1 7
[1065] = CNOT 1 15
[1066] = T 1
[1067] = CNOT 1 38
[1068] = CNOT 1 15
[1069] = CNOT 1 7
[1070] = CNOT 7 11
[1071] = CNOT 7 33
[1072] = CNOT 7 34
[1073] = CNOT 7 35
[1074] = CNOT 7 38
[1075] = CNOT 7 39
[1076] = T 7
[1077] = CNOT 7 39
[1078] = CNOT 7 38
[1079] = CNOT 7 35
[1080] = CNOT 7 34
[1081] = CNOT 7 33
[1082] = CNOT 7 11
[1083] = CNOT 1 6
[1084] = CNOT 1 9
[1085] = CNOT 1 14
[1086] = CNOT 1 16
[1087] = CNOT 1 19
[1088] = CNOT 1 20
[1089] = T 1
[1090] = CNOT 1 37
[1091] = T 1
[1092] = CNOT 1 6
[1093] = T 1
[1094] = CNOT 1 9
[1095] = CNOT 1 6
[1096] = T 1
[1097] = CNOT 1 37
[1098] = CNOT 1 11
[1099] = CNOT 1 6
[1100] = CNOT 5 10
[1101] = T 5
[1102] = S 5
[1103] = CNOT 5 37
[1104] = T 5
[1105] = CNOT 5 10
[1106] = CNOT 3 7
[1107] = CNOT 3 9
[1108] = CNOT 3 11
[1109] = CNOT 3 16
[1110] = CNOT 3 32
[1111] = CNOT 3 33
[1112] = CNOT 3 35
[1113] = T 3
[1114] = CNOT 3 35
[1115] = CNOT 3 33
[1116] = CNOT 3 32
[1117] = CNOT 3 16
[1118] = CNOT 3 11
[1119] = CNOT 3 9
[1120] = CNOT 3 7
[1121] = T 5
[1122] = S 5
[1123] = CNOT 5 37
[1124] = CNOT 1 4
[1125] = T 1
[1126] = CNOT 1 37
[1127] = T 1
[1128] = CNOT 2 33
[1129] = T 2
[1130] = Z 2
[1131] = CNOT 2 33
[1132] = CNOT 1 11
[1133] = T 1
[1134] = CNOT 1 37
[1135] = CNOT 1 4
[1136] = CNOT 1 3
[1137] = CNOT 1 12
[1138] = T 1
[1139] = CNOT 1 37
[1140] = T 1
[1141] = CNOT 1 3
[1142] = T 1
[1143] = CNOT 1 12
[1144] = CNOT 1 3
[1145] = T 1
[1146] = CNOT 1 37
[1147] = CNOT 1 3
[1148] = CNOT 1 2
[1149] = CNOT 1 13
[1150] = T 1
[1151] = CNOT 1 37
[1152] = T 1
[1153] = CNOT 1 13
[1154] = CNOT 9 33
[1155] = T 9
[1156] = S 9
[1157] = CNOT 9 33
[1158] = T 1
[1159] = CNOT 1 39
[1160] = CNOT 1 34
[1161] = CNOT 1 33
[1162] = CNOT 1 20
[1163] = CNOT 1 19
[1164] = CNOT 1 16
[1165] = CNOT 1 11
[1166] = CNOT 1 2
[1167] = T 1
[1168] = CNOT 1 37
[1169] = T 1
[1170] = Z 1
[1171] = CNOT 1 14
[1172] = CNOT 14 35
[1173] = T 14
[1174] = S 14
[1175] = CNOT 14 35
[1176] = CNOT 3 7
[1177] = CNOT 3 9
[1178] = CNOT 3 11
[1179] = CNOT 3 16
[1180] = CNOT 3 32
[1181] = CNOT 3 33
[1182] = CNOT 3 34
[1183] = CNOT 3 35
[1184] = T 3
[1185] = CNOT 3 11
[1186] = CNOT 3 9
[1187] = CNOT 5 9
[1188] = T 5
[1189] = S 5
[1190] = CNOT 5 36
[1191] = T 5
[1192] = CNOT 5 9
[1193] = CNOT 9 36
[1194] = T 9
[1195] = S 9
[1196] = CNOT 9 36
[1197] = T 5
[1198] = S 5
[1199] = CNOT 5 36
[1200] = CNOT 4 10
[1201] = CNOT 4 35
[1202] = CNOT 4 37
[1203] = T 4
[1204] = CNOT 4 36
[1205] = T 4
[1206] = CNOT 4 10
[1207] = CNOT 10 35
[1208] = CNOT 10 36
[1209] = CNOT 10 37
[1210] = T 10
[1211] = CNOT 10 37
[1212] = CNOT 10 36
[1213] = CNOT 10 35
[1214] = T 4
[1215] = CNOT 4 37
[1216] = CNOT 4 36
[1217] = CNOT 4 35
[1218] = T 3
[1219] = CNOT 3 36
[1220] = T 3
[1221] = CNOT 3 7
[1222] = CNOT 7 16
[1223] = CNOT 7 32
[1224] = CNOT 7 33
[1225] = CNOT 7 34
[1226] = CNOT 7 35
[1227] = CNOT 7 36
[1228] = T 7
[1229] = CNOT 7 36
[1230] = CNOT 7 35
[1231] = CNOT 7 34
[1232] = CNOT 7 33
[1233] = CNOT 7 32
[1234] = CNOT 7 16
[1235] = CNOT 3 7
[1236] = CNOT 3 11
[1237] = T 3
[1238] = CNOT 3 36
[1239] = CNOT 3 35
[1240] = CNOT 3 34
[1241] = CNOT 3 33
[1242] = CNOT 3 32
[1243] = CNOT 3 16
[1244] = CNOT 3 11
[1245] = CNOT 3 7
[1246] = CNOT 2 12
[1247] = T 2
[1248] = S 2
[1249] = CNOT 2 36
[1250] = T 2
[1251] = CNOT 2 12
[1252] = CNOT 12 36
[1253] = T 12
[1254] = S 12
[1255] = CNOT 12 36
[1256] = T 2
[1257] = S 2
[1258] = CNOT 2 36
[1259] = CNOT 1 13
[1260] = CNOT 1 37
[1261] = T 1
[1262] = CNOT 1 36
[1263] = T 1
[1264] = CNOT 1 13
[1265] = CNOT 13 35
[1266] = CNOT 13 36
[1267] = CNOT 13 37
[1268] = T 13
[1269] = CNOT 13 37
[1270] = CNOT 13 36
[1271] = CNOT 13 35
[1272] = T 1
[1273] = CNOT 1 37
[1274] = CNOT 1 36
[1275] = CNOT 1 35
[1276] = S 1
[1277] = S 2
[1278] = Z 4
[1279] = Z 5
[1280] = S 7
[1281] = Z 8
[1282] = Z 9
[1283] = S 10
[1284] = S 11
[1285] = Z 12
[1286] = S 13
[1287] = Z 13
[1288] = Z 14
[1289] = Z 15
[1290] = Z 16
[1291] = Z 17
[1292] = Z 18
[1293] = S 19
[1294] = S 20
[1295] = S 22
[1296] = S 23
[1297] = Z 23
[1298] = S 25
[1299] = Z 25
[1300] = S 26
[1301] = S 27
[1302] = S 28
[1303] = S 33
[1304] = Z 33
[1305] = S 36
[1306] = S 37
[1307] = Z 37
[1308] = S 38
[1309] = S 39
[1310] = Z 39
[1311] = CNOT 1 2
[1312] = S 1
[1313] = CNOT 1 2
[1314] = CNOT 1 5
[1315] = S 1
[1316] = CNOT 1 5
[1317] = CNOT 1 8
[1318] = S 1
[1319] = Z 1
[1320] = CNOT 1 8
[1321] = CNOT 1 9
[1322] = Z 1
[1323] = CNOT 1 9
[1324] = CNOT 1 11
[1325] = Z 1
[1326] = CNOT 1 11
[1327] = CNOT 1 17
[1328] = Z 1
[1329] = CNOT 1 17
[1330] = CNOT 1 19
[1331] = Z 1
[1332] = CNOT 1 19
[1333] = CNOT 1 21
[1334] = Z 1
[1335] = CNOT 1 21
[1336] = CNOT 1 22
[1337] = Z 1
[1338] = CNOT 1 22
[1339] = CNOT 1 34
[1340] = S 1
[1341] = Z 1
[1342] = CNOT 1 34
[1343] = CNOT 1 35
[1344] = S 1
[1345] = Z 1
[1346] = CNOT 1 35
[1347] = CNOT 1 36
[1348] = S 1
[1349] = Z 1
[1350] = CNOT 1 36
[1351] = CNOT 1 38
[1352] = S 1
[1353] = CNOT 1 38
[1354] = CNOT 1 39
[1355] = S 1
[1356] = Z 1
[1357] = CNOT 1 39
[1358] = CNOT 2 7
[1359] = S 2
[1360] = CNOT 2 7
[1361] = CNOT 2 10
[1362] = S 2
[1363] = Z 2
[1364] = CNOT 2 10
[1365] = CNOT 2 13
[1366] = S 2
[1367] = Z 2
[1368] = CNOT 2 13
[1369] = CNOT 2 14
[1370] = Z 2
[1371] = CNOT 2 14
[1372] = CNOT 2 15
[1373] = S 2
[1374] = Z 2
[1375] = CNOT 2 15
[1376] = CNOT 2 16
[1377] = Z 2
[1378] = CNOT 2 16
[1379] = CNOT 2 17
[1380] = Z 2
[1381] = CNOT 2 17
[1382] = CNOT 2 34
[1383] = Z 2
[1384] = CNOT 2 34
[1385] = CNOT 2 37
[1386] = S 2
[1387] = Z 2
[1388] = CNOT 2 37
[1389] = CNOT 2 38
[1390] = Z 2
[1391] = CNOT 2 38
[1392] = CNOT 2 39
[1393] = Z 2
[1394] = CNOT 2 39
[1395] = CNOT 3 4
[1396] = S 3
[1397] = Z 3
[1398] = CNOT 3 4
[1399] = CNOT 3 7
[1400] = S 3
[1401] = CNOT 3 7
[1402] = CNOT 3 9
[1403] = S 3
[1404] = Z 3
[1405] = CNOT 3 9
[1406] = CNOT 3 10
[1407] = Z 3
[1408] = CNOT 3 10
[1409] = CNOT 3 11
[1410] = Z 3
[1411] = CNOT 3 11
[1412] = CNOT 3 12
[1413] = S 3
[1414] = Z 3
[1415] = CNOT 3 12
[1416] = CNOT 3 13
[1417] = S 3
[1418] = CNOT 3 13
[1419] = CNOT 3 16
[1420] = Z 3
[1421] = CNOT 3 16
[1422] = CNOT 3 18
[1423] = S 3
[1424] = Z 3
[1425] = CNOT 3 18
[1426] = CNOT 3 19
[1427] = S 3
[1428] = CNOT 3 19
[1429] = CNOT 3 20
[1430] = S 3
[1431] = Z 3
[1432] = CNOT 3 20
[1433] = CNOT 3 22
[1434] = Z 3
[1435] = CNOT 3 22
[1436] = CNOT 3 32
[1437] = S 3
[1438] = CNOT 3 32
[1439] = CNOT 3 33
[1440] = S 3
[1441] = CNOT 3 33
[1442] = CNOT 3 34
[1443] = Z 3
[1444] = CNOT 3 34
[1445] = CNOT 3 35
[1446] = S 3
[1447] = CNOT 3 35
[1448] = CNOT 3 36
[1449] = S 3
[1450] = Z 3
[1451] = CNOT 3 36
[1452] = CNOT 3 38
[1453] = S 3
[1454] = CNOT 3 38
[1455] = CNOT 3 39
[1456] = S 3
[1457] = CNOT 3 39
[1458] = CNOT 4 6
[1459] = S 4
[1460] = Z 4
[1461] = CNOT 4 6
[1462] = CNOT 4 7
[1463] = S 4
[1464] = Z 4
[1465] = CNOT 4 7
[1466] = CNOT 4 9
[1467] = Z 4
[1468] = CNOT 4 9
[1469] = CNOT 4 10
[1470] = S 4
[1471] = CNOT 4 10
[1472] = CNOT 4 11
[1473] = S 4
[1474] = Z 4
[1475] = CNOT 4 11
[1476] = CNOT 4 12
[1477] = S 4
[1478] = Z 4
[1479] = CNOT 4 12
[1480] = CNOT 4 13
[1481] = S 4
[1482] = CNOT 4 13
[1483] = CNOT 4 15
[1484] = Z 4
[1485] = CNOT 4 15
[1486] = CNOT 4 17
[1487] = S 4
[1488] = CNOT 4 17
[1489] = CNOT 4 18
[1490] = S 4
[1491] = CNOT 4 18
[1492] = CNOT 4 19
[1493] = Z 4
[1494] = CNOT 4 19
[1495] = CNOT 4 20
[1496] = S 4
[1497] = CNOT 4 20
[1498] = CNOT 4 21
[1499] = S 4
[1500] = Z 4
[1501] = CNOT 4 21
[1502] = CNOT 4 34
[1503] = S 4
[1504] = CNOT 4 34
[1505] = CNOT 4 36
[1506] = S 4
[1507] = Z 4
[1508] = CNOT 4 36
[1509] = CNOT 4 37
[1510] = Z 4
[1511] = CNOT 4 37
[1512] = CNOT 4 39
[1513] = S 4
[1514] = CNOT 4 39
[1515] = CNOT 5 6
[1516] = Z 5
[1517] = CNOT 5 6
[1518] = CNOT 5 7
[1519] = Z 5
[1520] = CNOT 5 7
[1521] = CNOT 5 8
[1522] = Z 5
[1523] = CNOT 5 8
[1524] = CNOT 5 11
[1525] = S 5
[1526] = Z 5
[1527] = CNOT 5 11
[1528] = CNOT 5 12
[1529] = Z 5
[1530] = CNOT 5 12
[1531] = CNOT 5 13
[1532] = S 5
[1533] = CNOT 5 13
[1534] = CNOT 5 14
[1535] = Z 5
[1536] = CNOT 5 14
[1537] = CNOT 5 15
[1538] = S 5
[1539] = CNOT 5 15
[1540] = CNOT 5 17
[1541] = S 5
[1542] = CNOT 5 17
[1543] = CNOT 5 18
[1544] = S 5
[1545] = CNOT 5 18
[1546] = CNOT 5 19
[1547] = S 5
[1548] = Z 5
[1549] = CNOT 5 19
[1550] = CNOT 5 20
[1551] = S 5
[1552] = Z 5
[1553] = CNOT 5 20
[1554] = CNOT 5 33
[1555] = S 5
[1556] = CNOT 5 33
[1557] = CNOT 5 34
[1558] = S 5
[1559] = CNOT 5 34
[1560] = CNOT 5 35
[1561] = S 5
[1562] = CNOT 5 35
[1563] = CNOT 5 38
[1564] = S 5
[1565] = Z 5
[1566] = CNOT 5 38
[1567] = CNOT 5 39
[1568] = S 5
[1569] = CNOT 5 39
[1570] = CNOT 6 7
[1571] = Z 6
[1572] = CNOT 6 7
[1573] = CNOT 6 9
[1574] = S 6
[1575] = Z 6
[1576] = CNOT 6 9
[1577] = CNOT 6 11
[1578] = S 6
[1579] = CNOT 6 11
[1580] = CNOT 6 12
[1581] = S 6
[1582] = CNOT 6 12
[1583] = CNOT 6 13
[1584] = S 6
[1585] = Z 6
[1586] = CNOT 6 13
[1587] = CNOT 6 14
[1588] = S 6
[1589] = Z 6
[1590] = CNOT 6 14
[1591] = CNOT 6 15
[1592] = S 6
[1593] = Z 6
[1594] = CNOT 6 15
[1595] = CNOT 6 17
[1596] = S 6
[1597] = Z 6
[1598] = CNOT 6 17
[1599] = CNOT 6 18
[1600] = S 6
[1601] = Z 6
[1602] = CNOT 6 18
[1603] = CNOT 6 19
[1604] = S 6
[1605] = Z 6
[1606] = CNOT 6 19
[1607] = CNOT 6 20
[1608] = S 6
[1609] = CNOT 6 20
[1610] = CNOT 6 22
[1611] = Z 6
[1612] = CNOT 6 22
[1613] = CNOT 6 35
[1614] = Z 6
[1615] = CNOT 6 35
[1616] = CNOT 6 37
[1617] = S 6
[1618] = CNOT 6 37
[1619] = CNOT 6 38
[1620] = S 6
[1621] = CNOT 6 38
[1622] = CNOT 6 39
[1623] = S 6
[1624] = Z 6
[1625] = CNOT 6 39
[1626] = CNOT 7 8
[1627] = S 7
[1628] = CNOT 7 8
[1629] = CNOT 7 9
[1630] = S 7
[1631] = CNOT 7 9
[1632] = CNOT 7 10
[1633] = S 7
[1634] = CNOT 7 10
[1635] = CNOT 7 11
[1636] = Z 7
[1637] = CNOT 7 11
[1638] = CNOT 7 12
[1639] = Z 7
[1640] = CNOT 7 12
[1641] = CNOT 7 13
[1642] = S 7
[1643] = Z 7
[1644] = CNOT 7 13
[1645] = CNOT 7 14
[1646] = S 7
[1647] = Z 7
[1648] = CNOT 7 14
[1649] = CNOT 7 15
[1650] = Z 7
[1651] = CNOT 7 15
[1652] = CNOT 7 16
[1653] = S 7
[1654] = Z 7
[1655] = CNOT 7 16
[1656] = CNOT 7 17
[1657] = S 7
[1658] = CNOT 7 17
[1659] = CNOT 7 18
[1660] = S 7
[1661] = CNOT 7 18
[1662] = CNOT 7 19
[1663] = Z 7
[1664] = CNOT 7 19
[1665] = CNOT 7 20
[1666] = Z 7
[1667] = CNOT 7 20
[1668] = CNOT 7 21
[1669] = S 7
[1670] = Z 7
[1671] = CNOT 7 21
[1672] = CNOT 7 22
[1673] = S 7
[1674] = CNOT 7 22
[1675] = CNOT 7 32
[1676] = S 7
[1677] = CNOT 7 32
[1678] = CNOT 7 33
[1679] = Z 7
[1680] = CNOT 7 33
[1681] = CNOT 7 34
[1682] = S 7
[1683] = Z 7
[1684] = CNOT 7 34
[1685] = CNOT 7 35
[1686] = Z 7
[1687] = CNOT 7 35
[1688] = CNOT 7 36
[1689] = Z 7
[1690] = CNOT 7 36
[1691] = CNOT 7 39
[1692] = S 7
[1693] = Z 7
[1694] = CNOT 7 39
[1695] = CNOT 8 9
[1696] = S 8
[1697] = CNOT 8 9
[1698] = CNOT 8 10
[1699] = Z 8
[1700] = CNOT 8 10
[1701] = CNOT 8 11
[1702] = S 8
[1703] = CNOT 8 11
[1704] = CNOT 8 13
[1705] = S 8
[1706] = Z 8
[1707] = CNOT 8 13
[1708] = CNOT 8 15
[1709] = S 8
[1710] = CNOT 8 15
[1711] = CNOT 8 16
[1712] = Z 8
[1713] = CNOT 8 16
[1714] = CNOT 8 17
[1715] = S 8
[1716] = CNOT 8 17
[1717] = CNOT 8 18
[1718] = S 8
[1719] = CNOT 8 18
[1720] = CNOT 8 20
[1721] = S 8
[1722] = CNOT 8 20
[1723] = CNOT 8 22
[1724] = S 8
[1725] = Z 8
[1726] = CNOT 8 22
[1727] = CNOT 8 23
[1728] = Z 8
[1729] = CNOT 8 23
[1730] = CNOT 8 33
[1731] = S 8
[1732] = Z 8
[1733] = CNOT 8 33
[1734] = CNOT 8 39
[1735] = Z 8
[1736] = CNOT 8 39
[1737] = CNOT 9 10
[1738] = S 9
[1739] = CNOT 9 10
[1740] = CNOT 9 11
[1741] = S 9
[1742] = Z 9
[1743] = CNOT 9 11
[1744] = CNOT 9 14
[1745] = Z 9
[1746] = CNOT 9 14
[1747] = CNOT 9 16
[1748] = S 9
[1749] = Z 9
[1750] = CNOT 9 16
[1751] = CNOT 9 19
[1752] = Z 9
[1753] = CNOT 9 19
[1754] = CNOT 9 20
[1755] = Z 9
[1756] = CNOT 9 20
[1757] = CNOT 9 32
[1758] = Z 9
[1759] = CNOT 9 32
[1760] = CNOT 9 35
[1761] = S 9
[1762] = CNOT 9 35
[1763] = CNOT 9 37
[1764] = S 9
[1765] = Z 9
[1766] = CNOT 9 37
[1767] = CNOT 9 38
[1768] = S 9
[1769] = Z 9
[1770] = CNOT 9 38
[1771] = CNOT 9 39
[1772] = Z 9
[1773] = CNOT 9 39
[1774] = CNOT 10 11
[1775] = S 10
[1776] = CNOT 10 11
[1777] = CNOT 10 13
[1778] = Z 10
[1779] = CNOT 10 13
[1780] = CNOT 10 14
[1781] = S 10
[1782] = Z 10
[1783] = CNOT 10 14
[1784] = CNOT 10 15
[1785] = S 10
[1786] = CNOT 10 15
[1787] = CNOT 10 17
[1788] = S 10
[1789] = Z 10
[1790] = CNOT 10 17
[1791] = CNOT 10 19
[1792] = S 10
[1793] = Z 10
[1794] = CNOT 10 19
[1795] = CNOT 10 20
[1796] = S 10
[1797] = CNOT 10 20
[1798] = CNOT 10 22
[1799] = Z 10
[1800] = CNOT 10 22
[1801] = CNOT 10 34
[1802] = Z 10
[1803] = CNOT 10 34
[1804] = CNOT 10 35
[1805] = S 10
[1806] = Z 10
[1807] = CNOT 10 35
[1808] = CNOT 10 36
[1809] = S 10
[1810] = Z 10
[1811] = CNOT 10 36
[1812] = CNOT 10 37
[1813] = Z 10
[1814] = CNOT 10 37
[1815] = CNOT 10 38
[1816] = Z 10
[1817] = CNOT 10 38
[1818] = CNOT 10 39
[1819] = S 10
[1820] = CNOT 10 39
[1821] = CNOT 11 12
[1822] = S 11
[1823] = CNOT 11 12
[1824] = CNOT 11 13
[1825] = S 11
[1826] = Z 11
[1827] = CNOT 11 13
[1828] = CNOT 11 14
[1829] = S 11
[1830] = CNOT 11 14
[1831] = CNOT 11 15
[1832] = Z 11
[1833] = CNOT 11 15
[1834] = CNOT 11 16
[1835] = S 11
[1836] = CNOT 11 16
[1837] = CNOT 11 17
[1838] = S 11
[1839] = Z 11
[1840] = CNOT 11 17
[1841] = CNOT 11 18
[1842] = S 11
[1843] = Z 11
[1844] = CNOT 11 18
[1845] = CNOT 11 19
[1846] = Z 11
[1847] = CNOT 11 19
[1848] = CNOT 11 20
[1849] = Z 11
[1850] = CNOT 11 20
[1851] = CNOT 11 21
[1852] = Z 11
[1853] = CNOT 11 21
[1854] = CNOT 11 33
[1855] = S 11
[1856] = CNOT 11 33
[1857] = CNOT 11 34
[1858] = Z 11
[1859] = CNOT 11 34
[1860] = CNOT 11 35
[1861] = Z 11
[1862] = CNOT 11 35
[1863] = CNOT 11 36
[1864] = S 11
[1865] = Z 11
[1866] = CNOT 11 36
[1867] = CNOT 11 37
[1868] = Z 11
[1869] = CNOT 11 37
[1870] = CNOT 11 38
[1871] = S 11
[1872] = Z 11
[1873] = CNOT 11 38
[1874] = CNOT 11 39
[1875] = Z 11
[1876] = CNOT 11 39
[1877] = CNOT 12 13
[1878] = Z 12
[1879] = CNOT 12 13
[1880] = CNOT 12 14
[1881] = S 12
[1882] = CNOT 12 14
[1883] = CNOT 12 15
[1884] = Z 12
[1885] = CNOT 12 15
[1886] = CNOT 12 16
[1887] = S 12
[1888] = CNOT 12 16
[1889] = CNOT 12 17
[1890] = S 12
[1891] = CNOT 12 17
[1892] = CNOT 12 18
[1893] = Z 12
[1894] = CNOT 12 18
[1895] = CNOT 12 19
[1896] = S 12
[1897] = CNOT 12 19
[1898] = CNOT 12 20
[1899] = S 12
[1900] = CNOT 12 20
[1901] = CNOT 12 33
[1902] = S 12
[1903] = CNOT 12 33
[1904] = CNOT 12 34
[1905] = S 12
[1906] = CNOT 12 34
[1907] = CNOT 12 37
[1908] = S 12
[1909] = Z 12
[1910] = CNOT 12 37
[1911] = CNOT 12 38
[1912] = Z 12
[1913] = CNOT 12 38
[1914] = CNOT 12 39
[1915] = S 12
[1916] = CNOT 12 39
[1917] = CNOT 13 14
[1918] = S 13
[1919] = Z 13
[1920] = CNOT 13 14
[1921] = CNOT 13 15
[1922] = S 13
[1923] = Z 13
[1924] = CNOT 13 15
[1925] = CNOT 13 16
[1926] = S 13
[1927] = Z 13
[1928] = CNOT 13 16
[1929] = CNOT 13 17
[1930] = S 13
[1931] = Z 13
[1932] = CNOT 13 17
[1933] = CNOT 13 20
[1934] = Z 13
[1935] = CNOT 13 20
[1936] = CNOT 13 21
[1937] = Z 13
[1938] = CNOT 13 21
[1939] = CNOT 13 33
[1940] = S 13
[1941] = CNOT 13 33
[1942] = CNOT 13 34
[1943] = S 13
[1944] = Z 13
[1945] = CNOT 13 34
[1946] = CNOT 13 36
[1947] = S 13
[1948] = Z 13
[1949] = CNOT 13 36
[1950] = CNOT 13 39
[1951] = S 13
[1952] = Z 13
[1953] = CNOT 13 39
[1954] = CNOT 14 15
[1955] = S 14
[1956] = CNOT 14 15
[1957] = CNOT 14 16
[1958] = Z 14
[1959] = CNOT 14 16
[1960] = CNOT 14 17
[1961] = S 14
[1962] = CNOT 14 17
[1963] = CNOT 14 18
[1964] = Z 14
[1965] = CNOT 14 18
[1966] = CNOT 14 19
[1967] = S 14
[1968] = Z 14
[1969] = CNOT 14 19
[1970] = CNOT 14 21
[1971] = S 14
[1972] = Z 14
[1973] = CNOT 14 21
[1974] = CNOT 14 33
[1975] = Z 14
[1976] = CNOT 14 33
[1977] = CNOT 14 34
[1978] = Z 14
[1979] = CNOT 14 34
[1980] = CNOT 14 37
[1981] = Z 14
[1982] = CNOT 14 37
[1983] = CNOT 14 39
[1984] = S 14
[1985] = Z 14
[1986] = CNOT 14 39
[1987] = CNOT 15 16
[1988] = S 15
[1989] = Z 15
[1990] = CNOT 15 16
[1991] = CNOT 15 17
[1992] = Z 15
[1993] = CNOT 15 17
[1994] = CNOT 15 18
[1995] = S 15
[1996] = CNOT 15 18
[1997] = CNOT 15 19
[1998] = S 15
[1999] = Z 15
[2000] = CNOT 15 19
[2001] = CNOT 15 21
[2002] = S 15
[2003] = CNOT 15 21
[2004] = CNOT 15 22
[2005] = S 15
[2006] = Z 15
[2007] = CNOT 15 22
[2008] = CNOT 15 33
[2009] = S 15
[2010] = Z 15
[2011] = CNOT 15 33
[2012] = CNOT 15 34
[2013] = Z 15
[2014] = CNOT 15 34
[2015] = CNOT 15 35
[2016] = Z 15
[2017] = CNOT 15 35
[2018] = CNOT 16 18
[2019] = S 16
[2020] = CNOT 16 18
[2021] = CNOT 16 19
[2022] = S 16
[2023] = CNOT 16 19
[2024] = CNOT 16 20
[2025] = S 16
[2026] = CNOT 16 20
[2027] = CNOT 16 22
[2028] = S 16
[2029] = CNOT 16 22
[2030] = CNOT 16 23
[2031] = Z 16
[2032] = CNOT 16 23
[2033] = CNOT 16 32
[2034] = S 16
[2035] = CNOT 16 32
[2036] = CNOT 16 33
[2037] = S 16
[2038] = Z 16
[2039] = CNOT 16 33
[2040] = CNOT 16 34
[2041] = Z 16
[2042] = CNOT 16 34
[2043] = CNOT 16 35
[2044] = S 16
[2045] = CNOT 16 35
[2046] = CNOT 16 36
[2047] = Z 16
[2048] = CNOT 16 36
[2049] = CNOT 16 38
[2050] = S 16
[2051] = Z 16
[2052] = CNOT 16 38
[2053] = CNOT 16 39
[2054] = S 16
[2055] = CNOT 16 39
[2056] = CNOT 17 18
[2057] = Z 17
[2058] = CNOT 17 18
[2059] = CNOT 17 21
[2060] = Z 17
[2061] = CNOT 17 21
[2062] = CNOT 17 25
[2063] = S 17
[2064] = CNOT 17 25
[2065] = CNOT 17 33
[2066] = Z 17
[2067] = CNOT 17 33
[2068] = CNOT 17 34
[2069] = Z 17
[2070] = CNOT 17 34
[2071] = CNOT 17 37
[2072] = Z 17
[2073] = CNOT 17 37
[2074] = CNOT 17 38
[2075] = Z 17
[2076] = CNOT 17 38
[2077] = CNOT 18 19
[2078] = Z 18
[2079] = CNOT 18 19
[2080] = CNOT 18 20
[2081] = S 18
[2082] = Z 18
[2083] = CNOT 18 20
[2084] = CNOT 18 22
[2085] = Z 18
[2086] = CNOT 18 22
[2087] = CNOT 18 26
[2088] = S 18
[2089] = CNOT 18 26
[2090] = CNOT 18 35
[2091] = Z 18
[2092] = CNOT 18 35
[2093] = CNOT 18 37
[2094] = Z 18
[2095] = CNOT 18 37
[2096] = CNOT 18 39
[2097] = Z 18
[2098] = CNOT 18 39
[2099] = CNOT 19 20
[2100] = S 19
[2101] = CNOT 19 20
[2102] = CNOT 19 21
[2103] = S 19
[2104] = Z 19
[2105] = CNOT 19 21
[2106] = CNOT 19 27
[2107] = S 19
[2108] = CNOT 19 27
[2109] = CNOT 19 33
[2110] = Z 19
[2111] = CNOT 19 33
[2112] = CNOT 19 34
[2113] = S 19
[2114] = Z 19
[2115] = CNOT 19 34
[2116] = CNOT 19 35
[2117] = S 19
[2118] = Z 19
[2119] = CNOT 19 35
[2120] = CNOT 19 37
[2121] = Z 19
[2122] = CNOT 19 37
[2123] = CNOT 19 38
[2124] = Z 19
[2125] = CNOT 19 38
[2126] = CNOT 19 39
[2127] = Z 19
[2128] = CNOT 19 39
[2129] = CNOT 20 21
[2130] = S 20
[2131] = CNOT 20 21
[2132] = CNOT 20 28
[2133] = S 20
[2134] = CNOT 20 28
[2135] = CNOT 20 34
[2136] = S 20
[2137] = Z 20
[2138] = CNOT 20 34
[2139] = CNOT 20 35
[2140] = S 20
[2141] = Z 20
[2142] = CNOT 20 35
[2143] = CNOT 20 37
[2144] = Z 20
[2145] = CNOT 20 37
[2146] = CNOT 20 38
[2147] = S 20
[2148] = CNOT 20 38
[2149] = CNOT 21 22
[2150] = Z 21
[2151] = CNOT 21 22
[2152] = CNOT 21 29
[2153] = S 21
[2154] = CNOT 21 29
[2155] = CNOT 21 33
[2156] = Z 21
[2157] = CNOT 21 33
[2158] = CNOT 21 34
[2159] = Z 21
[2160] = CNOT 21 34
[2161] = CNOT 21 37
[2162] = Z 21
[2163] = CNOT 21 37
[2164] = CNOT 21 38
[2165] = Z 21
[2166] = CNOT 21 38
[2167] = CNOT 22 30
[2168] = S 22
[2169] = CNOT 22 30
[2170] = CNOT 22 33
[2171] = Z 22
[2172] = CNOT 22 33
[2173] = CNOT 22 39
[2174] = Z 22
[2175] = CNOT 22 39
[2176] = CNOT 23 31
[2177] = S 23
[2178] = CNOT 23 31
[2179] = CNOT 24 28
[2180] = S 24
[2181] = CNOT 24 28
[2182] = CNOT 24 29
[2183] = S 24
[2184] = CNOT 24 29
[2185] = CNOT 24 30
[2186] = S 24
[2187] = CNOT 24 30
[2188] = CNOT 25 26
[2189] = Z 25
[2190] = CNOT 25 26
[2191] = CNOT 25 27
[2192] = Z 25
[2193] = CNOT 25 27
[2194] = CNOT 25 28
[2195] = S 25
[2196] = CNOT 25 28
[2197] = CNOT 25 29
[2198] = S 25
[2199] = Z 25
[2200] = CNOT 25 29
[2201] = CNOT 25 30
[2202] = Z 25
[2203] = CNOT 25 30
[2204] = CNOT 25 31
[2205] = Z 25
[2206] = CNOT 25 31
[2207] = CNOT 26 27
[2208] = Z 26
[2209] = CNOT 26 27
[2210] = CNOT 26 28
[2211] = Z 26
[2212] = CNOT 26 28
[2213] = CNOT 26 29
[2214] = S 26
[2215] = CNOT 26 29
[2216] = CNOT 26 30
[2217] = S 26
[2218] = CNOT 26 30
[2219] = CNOT 26 31
[2220] = Z 26
[2221] = CNOT 26 31
[2222] = CNOT 26 33
[2223] = S 26
[2224] = Z 26
[2225] = CNOT 26 33
[2226] = CNOT 26 37
[2227] = S 26
[2228] = Z 26
[2229] = CNOT 26 37
[2230] = CNOT 27 28
[2231] = Z 27
[2232] = CNOT 27 28
[2233] = CNOT 27 29
[2234] = Z 27
[2235] = CNOT 27 29
[2236] = CNOT 27 30
[2237] = S 27
[2238] = CNOT 27 30
[2239] = CNOT 27 31
[2240] = S 27
[2241] = CNOT 27 31
[2242] = CNOT 27 37
[2243] = S 27
[2244] = Z 27
[2245] = CNOT 27 37
[2246] = CNOT 27 38
[2247] = S 27
[2248] = Z 27
[2249] = CNOT 27 38
[2250] = CNOT 28 29
[2251] = S 28
[2252] = Z 28
[2253] = CNOT 28 29
[2254] = CNOT 28 30
[2255] = S 28
[2256] = CNOT 28 30
[2257] = CNOT 28 37
[2258] = S 28
[2259] = Z 28
[2260] = CNOT 28 37
[2261] = CNOT 28 38
[2262] = S 28
[2263] = Z 28
[2264] = CNOT 28 38
[2265] = CNOT 29 30
[2266] = S 29
[2267] = Z 29
[2268] = CNOT 29 30
[2269] = CNOT 29 31
[2270] = S 29
[2271] = CNOT 29 31
[2272] = CNOT 29 38
[2273] = S 29
[2274] = Z 29
[2275] = CNOT 29 38
[2276] = CNOT 30 31
[2277] = Z 30
[2278] = CNOT 30 31
[2279] = CNOT 30 33
[2280] = S 30
[2281] = Z 30
[2282] = CNOT 30 33
[2283] = CNOT 31 33
[2284] = S 31
[2285] = Z 31
[2286] = CNOT 31 33
[2287] = CNOT 32 33
[2288] = S 32
[2289] = CNOT 32 33
[2290] = CNOT 32 35
[2291] = S 32
[2292] = CNOT 32 35
[2293] = CNOT 32 36
[2294] = Z 32
[2295] = CNOT 32 36
[2296] = CNOT 33 34
[2297] = Z 33
[2298] = CNOT 33 34
[2299] = CNOT 33 35
[2300] = S 33
[2301] = CNOT 33 35
[2302] = CNOT 33 36
[2303] = Z 33
[2304] = CNOT 33 36
[2305] = CNOT 33 37
[2306] = Z 33
[2307] = CNOT 33 37
[2308] = CNOT 34 35
[2309] = Z 34
[2310] = CNOT 34 35
[2311] = CNOT 34 36
[2312] = Z 34
[2313] = CNOT 34 36
[2314] = CNOT 34 38
[2315] = Z 34
[2316] = CNOT 34 38
[2317] = CNOT 34 39
[2318] = Z 34
[2319] = CNOT 34 39
[2320] = CNOT 35 39
[2321] = S 35
[2322] = CNOT 35 39
[2323] = CNOT 36 37
[2324] = Z 36
[2325] = CNOT 36 37
[2326] = CNOT 37 38
[2327] = Z 37
[2328] = CNOT 37 38
[2329] = CNOT 37 39
[2330] = S 37
[2331] = Z 37
[2332] = CNOT 37 39
[2333] = CNOT 38 39
[2334] = Z 38
[2335] = CNOT 38 39
[2336] = CNOT 1 2
[2337] = CNOT 1 7
[2338] = S 1
[2339] = Z 1
[2340] = CNOT 1 7
[2341] = CNOT 1 10
[2342] = S 1
[2343] = CNOT 1 10
[2344] = CNOT 1 11
[2345] = Z 1
[2346] = CNOT 1 11
[2347] = CNOT 1 13
[2348] = S 1
[2349] = Z 1
[2350] = CNOT 1 13
[2351] = CNOT 1 14
[2352] = Z 1
[2353] = CNOT 1 14
[2354] = CNOT 1 15
[2355] = S 1
[2356] = Z 1
[2357] = CNOT 1 15
[2358] = CNOT 1 17
[2359] = S 1
[2360] = Z 1
[2361] = CNOT 1 17
[2362] = CNOT 1 19
[2363] = S 1
[2364] = CNOT 1 19
[2365] = CNOT 1 20
[2366] = S 1
[2367] = CNOT 1 20
[2368] = CNOT 1 34
[2369] = S 1
[2370] = Z 1
[2371] = CNOT 1 34
[2372] = CNOT 1 35
[2373] = Z 1
[2374] = CNOT 1 35
[2375] = CNOT 1 37
[2376] = S 1
[2377] = Z 1
[2378] = CNOT 1 37
[2379] = CNOT 1 38
[2380] = S 1
[2381] = Z 1
[2382] = CNOT 1 38
[2383] = CNOT 1 39
[2384] = S 1
[2385] = CNOT 1 39
[2386] = CNOT 1 2
[2387] = CNOT 1 3
[2388] = CNOT 1 4
[2389] = Z 1
[2390] = CNOT 1 4
[2391] = CNOT 1 6
[2392] = S 1
[2393] = CNOT 1 6
[2394] = CNOT 1 8
[2395] = S 1
[2396] = CNOT 1 8
[2397] = CNOT 1 10
[2398] = S 1
[2399] = CNOT 1 10
[2400] = CNOT 1 11
[2401] = S 1
[2402] = CNOT 1 11
[2403] = CNOT 1 12
[2404] = S 1
[2405] = Z 1
[2406] = CNOT 1 12
[2407] = CNOT 1 13
[2408] = S 1
[2409] = Z 1
[2410] = CNOT 1 13
[2411] = CNOT 1 14
[2412] = Z 1
[2413] = CNOT 1 14
[2414] = CNOT 1 16
[2415] = S 1
[2416] = CNOT 1 16
[2417] = CNOT 1 17
[2418] = S 1
[2419] = Z 1
[2420] = CNOT 1 17
[2421] = CNOT 1 18
[2422] = S 1
[2423] = Z 1
[2424] = CNOT 1 18
[2425] = CNOT 1 19
[2426] = S 1
[2427] = Z 1
[2428] = CNOT 1 19
[2429] = CNOT 1 20
[2430] = Z 1
[2431] = CNOT 1 20
[2432] = CNOT 1 21
[2433] = S 1
[2434] = CNOT 1 21
[2435] = CNOT 1 22
[2436] = S 1
[2437] = CNOT 1 22
[2438] = CNOT 1 23
[2439] = Z 1
[2440] = CNOT 1 23
[2441] = CNOT 1 33
[2442] = Z 1
[2443] = CNOT 1 33
[2444] = CNOT 1 34
[2445] = S 1
[2446] = CNOT 1 34
[2447] = CNOT 1 35
[2448] = S 1
[2449] = CNOT 1 35
[2450] = CNOT 1 37
[2451] = S 1
[2452] = Z 1
[2453] = CNOT 1 37
[2454] = CNOT 1 38
[2455] = S 1
[2456] = Z 1
[2457] = CNOT 1 38
[2458] = CNOT 1 39
[2459] = Z 1
[2460] = CNOT 1 39
[2461] = CNOT 1 3
[2462] = CNOT 1 4
[2463] = CNOT 1 6
[2464] = Z 1
[2465] = CNOT 1 6
[2466] = CNOT 1 7
[2467] = S 1
[2468] = CNOT 1 7
[2469] = CNOT 1 9
[2470] = S 1
[2471] = Z 1
[2472] = CNOT 1 9
[2473] = CNOT 1 10
[2474] = S 1
[2475] = Z 1
[2476] = CNOT 1 10
[2477] = CNOT 1 11
[2478] = Z 1
[2479] = CNOT 1 11
[2480] = CNOT 1 12
[2481] = S 1
[2482] = Z 1
[2483] = CNOT 1 12
[2484] = CNOT 1 15
[2485] = S 1
[2486] = Z 1
[2487] = CNOT 1 15
[2488] = CNOT 1 18
[2489] = S 1
[2490] = CNOT 1 18
[2491] = CNOT 1 20
[2492] = S 1
[2493] = Z 1
[2494] = CNOT 1 20
[2495] = CNOT 1 21
[2496] = Z 1
[2497] = CNOT 1 21
[2498] = CNOT 1 34
[2499] = S 1
[2500] = CNOT 1 34
[2501] = CNOT 1 37
[2502] = S 1
[2503] = Z 1
[2504] = CNOT 1 37
[2505] = CNOT 1 38
[2506] = S 1
[2507] = Z 1
[2508] = CNOT 1 38
[2509] = CNOT 1 4
[2510] = CNOT 1 5
[2511] = CNOT 1 6
[2512] = S 1
[2513] = CNOT 1 6
[2514] = CNOT 1 8
[2515] = S 1
[2516] = CNOT 1 8
[2517] = CNOT 1 13
[2518] = Z 1
[2519] = CNOT 1 13
[2520] = CNOT 1 15
[2521] = S 1
[2522] = CNOT 1 15
[2523] = CNOT 1 17
[2524] = Z 1
[2525] = CNOT 1 17
[2526] = CNOT 1 18
[2527] = Z 1
[2528] = CNOT 1 18
[2529] = CNOT 1 19
[2530] = Z 1
[2531] = CNOT 1 19
[2532] = CNOT 1 20
[2533] = S 1
[2534] = Z 1
[2535] = CNOT 1 20
[2536] = CNOT 1 33
[2537] = S 1
[2538] = Z 1
[2539] = CNOT 1 33
[2540] = CNOT 1 34
[2541] = S 1
[2542] = Z 1
[2543] = CNOT 1 34
[2544] = CNOT 1 35
[2545] = S 1
[2546] = Z 1
[2547] = CNOT 1 35
[2548] = CNOT 1 38
[2549] = S 1
[2550] = CNOT 1 38
[2551] = CNOT 1 5
[2552] = CNOT 1 6
[2553] = CNOT 1 7
[2554] = Z 1
[2555] = CNOT 1 7
[2556] = CNOT 1 8
[2557] = S 1
[2558] = CNOT 1 8
[2559] = CNOT 1 9
[2560] = S 1
[2561] = Z 1
[2562] = CNOT 1 9
[2563] = CNOT 1 11
[2564] = S 1
[2565] = Z 1
[2566] = CNOT 1 11
[2567] = CNOT 1 12
[2568] = S 1
[2569] = Z 1
[2570] = CNOT 1 12
[2571] = CNOT 1 13
[2572] = S 1
[2573] = CNOT 1 13
[2574] = CNOT 1 14
[2575] = Z 1
[2576] = CNOT 1 14
[2577] = CNOT 1 15
[2578] = S 1
[2579] = Z 1
[2580] = CNOT 1 15
[2581] = CNOT 1 16
[2582] = Z 1
[2583] = CNOT 1 16
[2584] = CNOT 1 17
[2585] = S 1
[2586] = Z 1
[2587] = CNOT 1 17
[2588] = CNOT 1 18
[2589] = S 1
[2590] = CNOT 1 18
[2591] = CNOT 1 20
[2592] = S 1
[2593] = Z 1
[2594] = CNOT 1 20
[2595] = CNOT 1 21
[2596] = S 1
[2597] = Z 1
[2598] = CNOT 1 21
[2599] = CNOT 1 22
[2600] = S 1
[2601] = CNOT 1 22
[2602] = CNOT 1 23
[2603] = Z 1
[2604] = CNOT 1 23
[2605] = CNOT 1 33
[2606] = S 1
[2607] = Z 1
[2608] = CNOT 1 33
[2609] = CNOT 1 34
[2610] = Z 1
[2611] = CNOT 1 34
[2612] = CNOT 1 35
[2613] = Z 1
[2614] = CNOT 1 35
[2615] = CNOT 1 37
[2616] = S 1
[2617] = Z 1
[2618] = CNOT 1 37
[2619] = CNOT 1 38
[2620] = Z 1
[2621] = CNOT 1 38
[2622] = CNOT 1 6
[2623] = CNOT 1 7
[2624] = CNOT 1 8
[2625] = S 1
[2626] = Z 1
[2627] = CNOT 1 8
[2628] = CNOT 1 9
[2629] = S 1
[2630] = Z 1
[2631] = CNOT 1 9
[2632] = CNOT 1 10
[2633] = S 1
[2634] = Z 1
[2635] = CNOT 1 10
[2636] = CNOT 1 11
[2637] = Z 1
[2638] = CNOT 1 11
[2639] = CNOT 1 13
[2640] = S 1
[2641] = CNOT 1 13
[2642] = CNOT 1 14
[2643] = S 1
[2644] = Z 1
[2645] = CNOT 1 14
[2646] = CNOT 1 16
[2647] = Z 1
[2648] = CNOT 1 16
[2649] = CNOT 1 18
[2650] = S 1
[2651] = CNOT 1 18
[2652] = CNOT 1 19
[2653] = Z 1
[2654] = CNOT 1 19
[2655] = CNOT 1 20
[2656] = Z 1
[2657] = CNOT 1 20
[2658] = CNOT 1 21
[2659] = S 1
[2660] = Z 1
[2661] = CNOT 1 21
[2662] = CNOT 1 22
[2663] = Z 1
[2664] = CNOT 1 22
[2665] = CNOT 1 23
[2666] = Z 1
[2667] = CNOT 1 23
[2668] = CNOT 1 32
[2669] = Z 1
[2670] = CNOT 1 32
[2671] = CNOT 1 38
[2672] = Z 1
[2673] = CNOT 1 38
[2674] = CNOT 1 39
[2675] = S 1
[2676] = Z 1
[2677] = CNOT 1 39
[2678] = CNOT 1 7
[2679] = CNOT 1 8
[2680] = CNOT 1 9
[2681] = S 1
[2682] = Z 1
[2683] = CNOT 1 9
[2684] = CNOT 1 10
[2685] = S 1
[2686] = Z 1
[2687] = CNOT 1 10
[2688] = CNOT 1 11
[2689] = S 1
[2690] = Z 1
[2691] = CNOT 1 11
[2692] = CNOT 1 12
[2693] = S 1
[2694] = Z 1
[2695] = CNOT 1 12
[2696] = CNOT 1 13
[2697] = Z 1
[2698] = CNOT 1 13
[2699] = CNOT 1 14
[2700] = S 1
[2701] = Z 1
[2702] = CNOT 1 14
[2703] = CNOT 1 17
[2704] = S 1
[2705] = Z 1
[2706] = CNOT 1 17
[2707] = CNOT 1 19
[2708] = S 1
[2709] = Z 1
[2710] = CNOT 1 19
[2711] = CNOT 1 20
[2712] = S 1
[2713] = Z 1
[2714] = CNOT 1 20
[2715] = CNOT 1 22
[2716] = S 1
[2717] = Z 1
[2718] = CNOT 1 22
[2719] = CNOT 1 23
[2720] = S 1
[2721] = Z 1
[2722] = CNOT 1 23
[2723] = CNOT 1 34
[2724] = Z 1
[2725] = CNOT 1 34
[2726] = CNOT 1 35
[2727] = Z 1
[2728] = CNOT 1 35
[2729] = CNOT 1 38
[2730] = Z 1
[2731] = CNOT 1 38
[2732] = CNOT 1 39
[2733] = S 1
[2734] = CNOT 1 39
[2735] = CNOT 1 8
[2736] = CNOT 1 9
[2737] = CNOT 1 10
[2738] = S 1
[2739] = CNOT 1 10
[2740] = CNOT 1 14
[2741] = S 1
[2742] = CNOT 1 14
[2743] = CNOT 1 19
[2744] = S 1
[2745] = CNOT 1 19
[2746] = CNOT 1 20
[2747] = S 1
[2748] = CNOT 1 20
[2749] = CNOT 1 33
[2750] = S 1
[2751] = CNOT 1 33
[2752] = CNOT 1 35
[2753] = S 1
[2754] = Z 1
[2755] = CNOT 1 35
[2756] = CNOT 1 37
[2757] = S 1
[2758] = Z 1
[2759] = CNOT 1 37
[2760] = CNOT 1 38
[2761] = S 1
[2762] = Z 1
[2763] = CNOT 1 38
[2764] = CNOT 1 39
[2765] = S 1
[2766] = Z 1
[2767] = CNOT 1 39
[2768] = CNOT 1 9
[2769] = CNOT 1 10
[2770] = CNOT 1 14
[2771] = S 1
[2772] = CNOT 1 14
[2773] = CNOT 1 15
[2774] = Z 1
[2775] = CNOT 1 15
[2776] = CNOT 1 16
[2777] = Z 1
[2778] = CNOT 1 16
[2779] = CNOT 1 17
[2780] = S 1
[2781] = Z 1
[2782] = CNOT 1 17
[2783] = CNOT 1 18
[2784] = S 1
[2785] = CNOT 1 18
[2786] = CNOT 1 19
[2787] = Z 1
[2788] = CNOT 1 19
[2789] = CNOT 1 20
[2790] = S 1
[2791] = CNOT 1 20
[2792] = CNOT 1 21
[2793] = S 1
[2794] = CNOT 1 21
[2795] = CNOT 1 22
[2796] = S 1
[2797] = CNOT 1 22
[2798] = CNOT 1 23
[2799] = Z 1
[2800] = CNOT 1 23
[2801] = CNOT 1 33
[2802] = S 1
[2803] = Z 1
[2804] = CNOT 1 33
[2805] = CNOT 1 34
[2806] = Z 1
[2807] = CNOT 1 34
[2808] = CNOT 1 38
[2809] = S 1
[2810] = Z 1
[2811] = CNOT 1 38
[2812] = CNOT 1 10
[2813] = CNOT 1 11
[2814] = CNOT 1 13
[2815] = S 1
[2816] = CNOT 1 13
[2817] = CNOT 1 15
[2818] = S 1
[2819] = CNOT 1 15
[2820] = CNOT 1 16
[2821] = S 1
[2822] = Z 1
[2823] = CNOT 1 16
[2824] = CNOT 1 18
[2825] = Z 1
[2826] = CNOT 1 18
[2827] = CNOT 1 20
[2828] = S 1
[2829] = CNOT 1 20
[2830] = CNOT 1 21
[2831] = Z 1
[2832] = CNOT 1 21
[2833] = CNOT 1 32
[2834] = S 1
[2835] = Z 1
[2836] = CNOT 1 32
[2837] = CNOT 1 33
[2838] = S 1
[2839] = CNOT 1 33
[2840] = CNOT 1 34
[2841] = S 1
[2842] = CNOT 1 34
[2843] = CNOT 1 35
[2844] = S 1
[2845] = Z 1
[2846] = CNOT 1 35
[2847] = CNOT 1 37
[2848] = S 1
[2849] = Z 1
[2850] = CNOT 1 37
[2851] = CNOT 1 38
[2852] = S 1
[2853] = CNOT 1 38
[2854] = CNOT 1 39
[2855] = Z 1
[2856] = CNOT 1 39
[2857] = CNOT 1 11
[2858] = CNOT 1 12
[2859] = CNOT 1 13
[2860] = S 1
[2861] = CNOT 1 13
[2862] = CNOT 1 15
[2863] = S 1
[2864] = CNOT 1 15
[2865] = CNOT 1 17
[2866] = S 1
[2867] = Z 1
[2868] = CNOT 1 17
[2869] = CNOT 1 18
[2870] = S 1
[2871] = Z 1
[2872] = CNOT 1 18
[2873] = CNOT 1 19
[2874] = S 1
[2875] = CNOT 1 19
[2876] = CNOT 1 37
[2877] = S 1
[2878] = Z 1
[2879] = CNOT 1 37
[2880] = CNOT 1 38
[2881] = Z 1
[2882] = CNOT 1 38
[2883] = CNOT 1 39
[2884] = S 1
[2885] = CNOT 1 39
[2886] = CNOT 1 12
[2887] = CNOT 1 13
[2888] = CNOT 1 14
[2889] = S 1
[2890] = CNOT 1 14
[2891] = CNOT 1 15
[2892] = Z 1
[2893] = CNOT 1 15
[2894] = CNOT 1 16
[2895] = S 1
[2896] = CNOT 1 16
[2897] = CNOT 1 17
[2898] = Z 1
[2899] = CNOT 1 17
[2900] = CNOT 1 33
[2901] = S 1
[2902] = CNOT 1 33
[2903] = CNOT 1 34
[2904] = S 1
[2905] = CNOT 1 34
[2906] = CNOT 1 37
[2907] = Z 1
[2908] = CNOT 1 37
[2909] = CNOT 1 38
[2910] = S 1
[2911] = Z 1
[2912] = CNOT 1 38
[2913] = CNOT 1 39
[2914] = S 1
[2915] = CNOT 1 39
[2916] = CNOT 1 13
[2917] = CNOT 1 14
[2918] = CNOT 1 15
[2919] = S 1
[2920] = Z 1
[2921] = CNOT 1 15
[2922] = CNOT 1 16
[2923] = S 1
[2924] = Z 1
[2925] = CNOT 1 16
[2926] = CNOT 1 17
[2927] = S 1
[2928] = CNOT 1 17
[2929] = CNOT 1 18
[2930] = S 1
[2931] = Z 1
[2932] = CNOT 1 18
[2933] = CNOT 1 19
[2934] = S 1
[2935] = Z 1
[2936] = CNOT 1 19
[2937] = CNOT 1 20
[2938] = S 1
[2939] = Z 1
[2940] = CNOT 1 20
[2941] = CNOT 1 34
[2942] = S 1
[2943] = Z 1
[2944] = CNOT 1 34
[2945] = CNOT 1 37
[2946] = Z 1
[2947] = CNOT 1 37
[2948] = CNOT 1 39
[2949] = S 1
[2950] = Z 1
[2951] = CNOT 1 39
[2952] = CNOT 1 14
[2953] = CNOT 1 15
[2954] = CNOT 1 18
[2955] = S 1
[2956] = Z 1
[2957] = CNOT 1 18
[2958] = CNOT 1 19
[2959] = S 1
[2960] = CNOT 1 19
[2961] = CNOT 1 20
[2962] = S 1
[2963] = CNOT 1 20
[2964] = CNOT 1 21
[2965] = Z 1
[2966] = CNOT 1 21
[2967] = CNOT 1 22
[2968] = S 1
[2969] = Z 1
[2970] = CNOT 1 22
[2971] = CNOT 1 33
[2972] = S 1
[2973] = Z 1
[2974] = CNOT 1 33
[2975] = CNOT 1 34
[2976] = S 1
[2977] = CNOT 1 34
[2978] = CNOT 1 35
[2979] = S 1
[2980] = CNOT 1 35
[2981] = CNOT 1 38
[2982] = S 1
[2983] = Z 1
[2984] = CNOT 1 38
[2985] = CNOT 1 15
[2986] = CNOT 1 16
[2987] = CNOT 1 19
[2988] = S 1
[2989] = Z 1
[2990] = CNOT 1 19
[2991] = CNOT 1 22
[2992] = Z 1
[2993] = CNOT 1 22
[2994] = CNOT 1 23
[2995] = S 1
[2996] = Z 1
[2997] = CNOT 1 23
[2998] = CNOT 1 32
[2999] = Z 1
[3000] = CNOT 1 32
[3001] = CNOT 1 33
[3002] = S 1
[3003] = Z 1
[3004] = CNOT 1 33
[3005] = CNOT 1 34
[3006] = Z 1
[3007] = CNOT 1 34
[3008] = CNOT 1 35
[3009] = S 1
[3010] = CNOT 1 35
[3011] = CNOT 1 37
[3012] = Z 1
[3013] = CNOT 1 37
[3014] = CNOT 1 39
[3015] = S 1
[3016] = CNOT 1 39
[3017] = CNOT 1 16
[3018] = CNOT 1 17
[3019] = CNOT 1 18
[3020] = S 1
[3021] = CNOT 1 18
[3022] = CNOT 1 19
[3023] = S 1
[3024] = CNOT 1 19
[3025] = CNOT 1 20
[3026] = S 1
[3027] = CNOT 1 20
[3028] = CNOT 1 33
[3029] = S 1
[3030] = Z 1
[3031] = CNOT 1 33
[3032] = CNOT 1 34
[3033] = S 1
[3034] = CNOT 1 34
[3035] = CNOT 1 35
[3036] = S 1
[3037] = CNOT 1 35
[3038] = CNOT 1 38
[3039] = S 1
[3040] = CNOT 1 38
[3041] = CNOT 1 39
[3042] = S 1
[3043] = Z 1
[3044] = CNOT 1 39
[3045] = CNOT 1 17
[3046] = CNOT 1 18
[3047] = CNOT 1 19
[3048] = Z 1
[3049] = CNOT 1 19
[3050] = CNOT 1 20
[3051] = S 1
[3052] = CNOT 1 20
[3053] = CNOT 1 21
[3054] = S 1
[3055] = Z 1
[3056] = CNOT 1 21
[3057] = CNOT 1 22
[3058] = S 1
[3059] = CNOT 1 22
[3060] = CNOT 1 23
[3061] = Z 1
[3062] = CNOT 1 23
[3063] = CNOT 1 33
[3064] = S 1
[3065] = CNOT 1 33
[3066] = CNOT 1 18
[3067] = CNOT 1 19
[3068] = CNOT 1 20
[3069] = S 1
[3070] = Z 1
[3071] = CNOT 1 20
[3072] = CNOT 1 33
[3073] = S 1
[3074] = CNOT 1 33
[3075] = CNOT 1 34
[3076] = S 1
[3077] = Z 1
[3078] = CNOT 1 34
[3079] = CNOT 1 35
[3080] = S 1
[3081] = Z 1
[3082] = CNOT 1 35
[3083] = CNOT 1 37
[3084] = Z 1
[3085] = CNOT 1 37
[3086] = CNOT 1 19
[3087] = CNOT 1 20
[3088] = CNOT 1 21
[3089] = S 1
[3090] = Z 1
[3091] = CNOT 1 21
[3092] = CNOT 1 33
[3093] = S 1
[3094] = CNOT 1 33
[3095] = CNOT 1 37
[3096] = Z 1
[3097] = CNOT 1 37
[3098] = CNOT 1 20
[3099] = CNOT 1 21
[3100] = CNOT 1 22
[3101] = S 1
[3102] = CNOT 1 22
[3103] = CNOT 1 23
[3104] = Z 1
[3105] = CNOT 1 23
[3106] = CNOT 1 33
[3107] = S 1
[3108] = Z 1
[3109] = CNOT 1 33
[3110] = CNOT 1 34
[3111] = Z 1
[3112] = CNOT 1 34
[3113] = CNOT 1 35
[3114] = Z 1
[3115] = CNOT 1 35
[3116] = CNOT 1 38
[3117] = Z 1
[3118] = CNOT 1 38
[3119] = CNOT 1 39
[3120] = S 1
[3121] = Z 1
[3122] = CNOT 1 39
[3123] = CNOT 1 21
[3124] = CNOT 1 22
[3125] = CNOT 1 33
[3126] = S 1
[3127] = CNOT 1 33
[3128] = CNOT 1 39
[3129] = S 1
[3130] = CNOT 1 39
[3131] = CNOT 1 22
[3132] = CNOT 1 23
[3133] = CNOT 1 33
[3134] = Z 1
[3135] = CNOT 1 33
[3136] = CNOT 1 39
[3137] = Z 1
[3138] = CNOT 1 39
[3139] = CNOT 1 23
[3140] = CNOT 1 32
[3141] = CNOT 1 33
[3142] = Z 1
[3143] = CNOT 1 33
[3144] = CNOT 1 34
[3145] = S 1
[3146] = Z 1
[3147] = CNOT 1 34
[3148] = CNOT 1 35
[3149] = Z 1
[3150] = CNOT 1 35
[3151] = CNOT 1 32
[3152] = CNOT 1 33
[3153] = CNOT 1 34
[3154] = S 1
[3155] = Z 1
[3156] = CNOT 1 34
[3157] = CNOT 1 35
[3158] = S 1
[3159] = Z 1
[3160] = CNOT 1 35
[3161] = CNOT 1 37
[3162] = Z 1
[3163] = CNOT 1 37
[3164] = CNOT 1 38
[3165] = Z 1
[3166] = CNOT 1 38
[3167] = CNOT 1 33
[3168] = CNOT 1 34
[3169] = CNOT 1 35
[3170] = S 1
[3171] = Z 1
[3172] = CNOT 1 35
[3173] = CNOT 1 37
[3174] = Z 1
[3175] = CNOT 1 37
[3176] = CNOT 1 38
[3177] = Z 1
[3178] = CNOT 1 38
[3179] = CNOT 1 39
[3180] = S 1
[3181] = CNOT 1 39
[3182] = CNOT 1 34
[3183] = CNOT 1 35
[3184] = CNOT 1 36
[3185] = S 1
[3186] = Z 1
[3187] = CNOT 1 36
[3188] = CNOT 1 38
[3189] = Z 1
[3190] = CNOT 1 38
[3191] = CNOT 1 39
[3192] = Z 1
[3193] = CNOT 1 39
[3194] = CNOT 1 35
[3195] = CNOT 1 36
[3196] = CNOT 1 37
[3197] = S 1
[3198] = Z 1
[3199] = CNOT 1 36
[3200] = CNOT 1 39
[3201] = Z 1
[3202] = CNOT 1 37
[3203] = CNOT 1 38
[3204] = S 1
[3205] = CNOT 1 39
[3206] = CNOT 1 38
[3207] = CNOT 2 7
[3208] = CNOT 2 10
[3209] = S 2
[3210] = CNOT 2 10
[3211] = CNOT 2 11
[3212] = S 2
[3213] = CNOT 2 11
[3214] = CNOT 2 15
[3215] = S 2
[3216] = Z 2
[3217] = CNOT 2 15
[3218] = CNOT 2 16
[3219] = S 2
[3220] = Z 2
[3221] = CNOT 2 16
[3222] = CNOT 2 17
[3223] = S 2
[3224] = Z 2
[3225] = CNOT 2 17
[3226] = CNOT 2 33
[3227] = S 2
[3228] = Z 2
[3229] = CNOT 2 33
[3230] = CNOT 2 34
[3231] = Z 2
[3232] = CNOT 2 34
[3233] = CNOT 2 35
[3234] = S 2
[3235] = CNOT 2 35
[3236] = CNOT 2 7
[3237] = CNOT 2 10
[3238] = CNOT 2 11
[3239] = S 2
[3240] = Z 2
[3241] = CNOT 2 11
[3242] = CNOT 2 16
[3243] = S 2
[3244] = Z 2
[3245] = CNOT 2 16
[3246] = CNOT 2 17
[3247] = S 2
[3248] = Z 2
[3249] = CNOT 2 17
[3250] = CNOT 2 33
[3251] = S 2
[3252] = CNOT 2 33
[3253] = CNOT 2 35
[3254] = S 2
[3255] = Z 2
[3256] = CNOT 2 35
[3257] = CNOT 2 39
[3258] = S 2
[3259] = CNOT 2 39
[3260] = CNOT 2 10
[3261] = CNOT 2 11
[3262] = CNOT 2 13
[3263] = S 2
[3264] = Z 2
[3265] = CNOT 2 13
[3266] = CNOT 2 14
[3267] = Z 2
[3268] = CNOT 2 14
[3269] = CNOT 2 15
[3270] = S 2
[3271] = Z 2
[3272] = CNOT 2 15
[3273] = CNOT 2 16
[3274] = S 2
[3275] = CNOT 2 16
[3276] = CNOT 2 19
[3277] = S 2
[3278] = CNOT 2 19
[3279] = CNOT 2 20
[3280] = S 2
[3281] = CNOT 2 20
[3282] = CNOT 2 33
[3283] = Z 2
[3284] = CNOT 2 33
[3285] = CNOT 2 34
[3286] = S 2
[3287] = Z 2
[3288] = CNOT 2 34
[3289] = CNOT 2 35
[3290] = S 2
[3291] = Z 2
[3292] = CNOT 2 35
[3293] = CNOT 2 37
[3294] = S 2
[3295] = Z 2
[3296] = CNOT 2 37
[3297] = CNOT 2 38
[3298] = S 2
[3299] = Z 2
[3300] = CNOT 2 38
[3301] = CNOT 2 39
[3302] = S 2
[3303] = Z 2
[3304] = CNOT 2 39
[3305] = CNOT 2 11
[3306] = CNOT 2 13
[3307] = CNOT 2 14
[3308] = S 2
[3309] = Z 2
[3310] = CNOT 2 14
[3311] = CNOT 2 16
[3312] = S 2
[3313] = Z 2
[3314] = CNOT 2 16
[3315] = CNOT 2 19
[3316] = S 2
[3317] = Z 2
[3318] = CNOT 2 19
[3319] = CNOT 2 20
[3320] = S 2
[3321] = Z 2
[3322] = CNOT 2 20
[3323] = CNOT 2 33
[3324] = S 2
[3325] = Z 2
[3326] = CNOT 2 33
[3327] = CNOT 2 34
[3328] = S 2
[3329] = Z 2
[3330] = CNOT 2 34
[3331] = CNOT 2 35
[3332] = S 2
[3333] = Z 2
[3334] = CNOT 2 35
[3335] = CNOT 2 39
[3336] = S 2
[3337] = Z 2
[3338] = CNOT 2 39
[3339] = CNOT 2 13
[3340] = CNOT 2 14
[3341] = CNOT 2 16
[3342] = Z 2
[3343] = CNOT 2 16
[3344] = CNOT 2 19
[3345] = Z 2
[3346] = CNOT 2 19
[3347] = CNOT 2 20
[3348] = Z 2
[3349] = CNOT 2 20
[3350] = CNOT 2 33
[3351] = Z 2
[3352] = CNOT 2 33
[3353] = CNOT 2 34
[3354] = Z 2
[3355] = CNOT 2 34
[3356] = CNOT 2 35
[3357] = Z 2
[3358] = CNOT 2 35
[3359] = CNOT 2 37
[3360] = S 2
[3361] = Z 2
[3362] = CNOT 2 37
[3363] = CNOT 2 39
[3364] = Z 2
[3365] = CNOT 2 39
[3366] = CNOT 2 14
[3367] = CNOT 2 15
[3368] = CNOT 2 33
[3369] = S 2
[3370] = Z 2
[3371] = CNOT 2 33
[3372] = CNOT 2 34
[3373] = S 2
[3374] = Z 2
[3375] = CNOT 2 34
[3376] = CNOT 2 35
[3377] = S 2
[3378] = Z 2
[3379] = CNOT 2 35
[3380] = CNOT 2 15
[3381] = CNOT 2 16
[3382] = CNOT 2 19
[3383] = S 2
[3384] = CNOT 2 19
[3385] = CNOT 2 20
[3386] = S 2
[3387] = CNOT 2 20
[3388] = CNOT 2 34
[3389] = S 2
[3390] = CNOT 2 34
[3391] = CNOT 2 35
[3392] = S 2
[3393] = CNOT 2 35
[3394] = CNOT 2 37
[3395] = S 2
[3396] = Z 2
[3397] = CNOT 2 37
[3398] = CNOT 2 38
[3399] = S 2
[3400] = Z 2
[3401] = CNOT 2 38
[3402] = CNOT 2 16
[3403] = CNOT 2 17
[3404] = CNOT 2 33
[3405] = S 2
[3406] = Z 2
[3407] = CNOT 2 33
[3408] = CNOT 2 39
[3409] = S 2
[3410] = Z 2
[3411] = CNOT 2 39
[3412] = CNOT 2 17
[3413] = CNOT 2 19
[3414] = CNOT 2 20
[3415] = S 2
[3416] = CNOT 2 20
[3417] = CNOT 2 33
[3418] = S 2
[3419] = CNOT 2 33
[3420] = CNOT 2 34
[3421] = S 2
[3422] = CNOT 2 34
[3423] = CNOT 2 35
[3424] = S 2
[3425] = CNOT 2 35
[3426] = CNOT 2 37
[3427] = S 2
[3428] = Z 2
[3429] = CNOT 2 37
[3430] = CNOT 2 38
[3431] = S 2
[3432] = Z 2
[3433] = CNOT 2 38
[3434] = CNOT 2 39
[3435] = S 2
[3436] = CNOT 2 39
[3437] = CNOT 2 19
[3438] = CNOT 2 20
[3439] = CNOT 2 33
[3440] = S 2
[3441] = CNOT 2 33
[3442] = CNOT 2 34
[3443] = S 2
[3444] = CNOT 2 34
[3445] = CNOT 2 35
[3446] = S 2
[3447] = CNOT 2 35
[3448] = CNOT 2 37
[3449] = S 2
[3450] = Z 2
[3451] = CNOT 2 37
[3452] = CNOT 2 38
[3453] = S 2
[3454] = Z 2
[3455] = CNOT 2 38
[3456] = CNOT 2 39
[3457] = S 2
[3458] = CNOT 2 39
[3459] = CNOT 2 20
[3460] = CNOT 2 33
[3461] = CNOT 2 34
[3462] = S 2
[3463] = Z 2
[3464] = CNOT 2 34
[3465] = CNOT 2 35
[3466] = Z 2
[3467] = CNOT 2 35
[3468] = CNOT 2 37
[3469] = S 2
[3470] = Z 2
[3471] = CNOT 2 37
[3472] = CNOT 2 38
[3473] = S 2
[3474] = Z 2
[3475] = CNOT 2 38
[3476] = CNOT 2 39
[3477] = S 2
[3478] = CNOT 2 39
[3479] = CNOT 2 33
[3480] = CNOT 2 34
[3481] = CNOT 2 35
[3482] = S 2
[3483] = Z 2
[3484] = CNOT 2 35
[3485] = CNOT 2 37
[3486] = S 2
[3487] = Z 2
[3488] = CNOT 2 37
[3489] = CNOT 2 38
[3490] = S 2
[3491] = Z 2
[3492] = CNOT 2 38
[3493] = CNOT 2 34
[3494] = CNOT 2 35
[3495] = CNOT 2 37
[3496] = S 2
[3497] = Z 2
[3498] = CNOT 2 37
[3499] = CNOT 2 38
[3500] = S 2
[3501] = Z 2
[3502] = CNOT 2 38
[3503] = CNOT 2 39
[3504] = S 2
[3505] = Z 2
[3506] = CNOT 2 35
[3507] = CNOT 2 37
[3508] = S 2
[3509] = Z 2
[3510] = CNOT 2 37
[3511] = CNOT 2 38
[3512] = S 2
[3513] = Z 2
[3514] = CNOT 2 39
[3515] = CNOT 2 38
[3516] = CNOT 3 4
[3517] = CNOT 3 6
[3518] = S 3
[3519] = CNOT 3 6
[3520] = CNOT 3 10
[3521] = S 3
[3522] = CNOT 3 10
[3523] = CNOT 3 11
[3524] = S 3
[3525] = Z 3
[3526] = CNOT 3 11
[3527] = CNOT 3 13
[3528] = S 3
[3529] = Z 3
[3530] = CNOT 3 13
[3531] = CNOT 3 14
[3532] = Z 3
[3533] = CNOT 3 14
[3534] = CNOT 3 16
[3535] = Z 3
[3536] = CNOT 3 16
[3537] = CNOT 3 17
[3538] = S 3
[3539] = Z 3
[3540] = CNOT 3 17
[3541] = CNOT 3 18
[3542] = S 3
[3543] = CNOT 3 18
[3544] = CNOT 3 19
[3545] = S 3
[3546] = Z 3
[3547] = CNOT 3 19
[3548] = CNOT 3 20
[3549] = Z 3
[3550] = CNOT 3 20
[3551] = CNOT 3 21
[3552] = S 3
[3553] = CNOT 3 21
[3554] = CNOT 3 33
[3555] = Z 3
[3556] = CNOT 3 33
[3557] = CNOT 3 34
[3558] = S 3
[3559] = Z 3
[3560] = CNOT 3 34
[3561] = CNOT 3 37
[3562] = S 3
[3563] = Z 3
[3564] = CNOT 3 37
[3565] = CNOT 3 38
[3566] = S 3
[3567] = Z 3
[3568] = CNOT 3 38
[3569] = CNOT 3 39
[3570] = S 3
[3571] = CNOT 3 39
[3572] = CNOT 3 4
[3573] = CNOT 3 6
[3574] = CNOT 3 7
[3575] = Z 3
[3576] = CNOT 3 7
[3577] = CNOT 3 8
[3578] = S 3
[3579] = CNOT 3 8
[3580] = CNOT 3 10
[3581] = S 3
[3582] = Z 3
[3583] = CNOT 3 10
[3584] = CNOT 3 11
[3585] = Z 3
[3586] = CNOT 3 11
[3587] = CNOT 3 13
[3588] = Z 3
[3589] = CNOT 3 13
[3590] = CNOT 3 14
[3591] = S 3
[3592] = CNOT 3 14
[3593] = CNOT 3 15
[3594] = S 3
[3595] = CNOT 3 15
[3596] = CNOT 3 16
[3597] = S 3
[3598] = Z 3
[3599] = CNOT 3 16
[3600] = CNOT 3 17
[3601] = Z 3
[3602] = CNOT 3 17
[3603] = CNOT 3 18
[3604] = S 3
[3605] = Z 3
[3606] = CNOT 3 18
[3607] = CNOT 3 19
[3608] = S 3
[3609] = Z 3
[3610] = CNOT 3 19
[3611] = CNOT 3 20
[3612] = Z 3
[3613] = CNOT 3 20
[3614] = CNOT 3 21
[3615] = S 3
[3616] = CNOT 3 21
[3617] = CNOT 3 22
[3618] = S 3
[3619] = CNOT 3 22
[3620] = CNOT 3 23
[3621] = Z 3
[3622] = CNOT 3 23
[3623] = CNOT 3 33
[3624] = S 3
[3625] = CNOT 3 33
[3626] = CNOT 3 34
[3627] = Z 3
[3628] = CNOT 3 34
[3629] = CNOT 3 37
[3630] = Z 3
[3631] = CNOT 3 37
[3632] = CNOT 3 38
[3633] = Z 3
[3634] = CNOT 3 38
[3635] = CNOT 3 39
[3636] = S 3
[3637] = Z 3
[3638] = CNOT 3 39
[3639] = CNOT 3 6
[3640] = CNOT 3 7
[3641] = CNOT 3 8
[3642] = S 3
[3643] = CNOT 3 8
[3644] = CNOT 3 9
[3645] = S 3
[3646] = Z 3
[3647] = CNOT 3 9
[3648] = CNOT 3 11
[3649] = Z 3
[3650] = CNOT 3 11
[3651] = CNOT 3 15
[3652] = S 3
[3653] = CNOT 3 15
[3654] = CNOT 3 16
[3655] = S 3
[3656] = CNOT 3 16
[3657] = CNOT 3 17
[3658] = S 3
[3659] = Z 3
[3660] = CNOT 3 17
[3661] = CNOT 3 18
[3662] = Z 3
[3663] = CNOT 3 18
[3664] = CNOT 3 21
[3665] = S 3
[3666] = Z 3
[3667] = CNOT 3 21
[3668] = CNOT 3 22
[3669] = Z 3
[3670] = CNOT 3 22
[3671] = CNOT 3 23
[3672] = Z 3
[3673] = CNOT 3 23
[3674] = CNOT 3 32
[3675] = S 3
[3676] = CNOT 3 32
[3677] = CNOT 3 33
[3678] = S 3
[3679] = CNOT 3 33
[3680] = CNOT 3 34
[3681] = Z 3
[3682] = CNOT 3 34
[3683] = CNOT 3 35
[3684] = S 3
[3685] = CNOT 3 35
[3686] = CNOT 3 36
[3687] = S 3
[3688] = Z 3
[3689] = CNOT 3 36
[3690] = CNOT 3 7
[3691] = CNOT 3 8
[3692] = CNOT 3 10
[3693] = S 3
[3694] = CNOT 3 10
[3695] = CNOT 3 15
[3696] = S 3
[3697] = Z 3
[3698] = CNOT 3 15
[3699] = CNOT 3 16
[3700] = Z 3
[3701] = CNOT 3 16
[3702] = CNOT 3 18
[3703] = S 3
[3704] = CNOT 3 18
[3705] = CNOT 3 21
[3706] = S 3
[3707] = CNOT 3 21
[3708] = CNOT 3 22
[3709] = S 3
[3710] = Z 3
[3711] = CNOT 3 22
[3712] = CNOT 3 23
[3713] = S 3
[3714] = Z 3
[3715] = CNOT 3 23
[3716] = CNOT 3 33
[3717] = S 3
[3718] = CNOT 3 33
[3719] = CNOT 3 39
[3720] = S 3
[3721] = CNOT 3 39
[3722] = CNOT 3 8
[3723] = CNOT 3 9
[3724] = CNOT 3 11
[3725] = S 3
[3726] = Z 3
[3727] = CNOT 3 11
[3728] = CNOT 3 16
[3729] = S 3
[3730] = Z 3
[3731] = CNOT 3 16
[3732] = CNOT 3 32
[3733] = S 3
[3734] = Z 3
[3735] = CNOT 3 32
[3736] = CNOT 3 33
[3737] = S 3
[3738] = Z 3
[3739] = CNOT 3 33
[3740] = CNOT 3 35
[3741] = S 3
[3742] = Z 3
[3743] = CNOT 3 35
[3744] = CNOT 3 9
[3745] = CNOT 3 10
[3746] = CNOT 3 11
[3747] = Z 3
[3748] = CNOT 3 11
[3749] = CNOT 3 13
[3750] = Z 3
[3751] = CNOT 3 13
[3752] = CNOT 3 16
[3753] = Z 3
[3754] = CNOT 3 16
[3755] = CNOT 3 17
[3756] = S 3
[3757] = CNOT 3 17
[3758] = CNOT 3 18
[3759] = S 3
[3760] = CNOT 3 18
[3761] = CNOT 3 19
[3762] = Z 3
[3763] = CNOT 3 19
[3764] = CNOT 3 20
[3765] = S 3
[3766] = CNOT 3 20
[3767] = CNOT 3 21
[3768] = S 3
[3769] = Z 3
[3770] = CNOT 3 21
[3771] = CNOT 3 22
[3772] = S 3
[3773] = CNOT 3 22
[3774] = CNOT 3 23
[3775] = Z 3
[3776] = CNOT 3 23
[3777] = CNOT 3 33
[3778] = S 3
[3779] = CNOT 3 33
[3780] = CNOT 3 34
[3781] = Z 3
[3782] = CNOT 3 34
[3783] = CNOT 3 38
[3784] = Z 3
[3785] = CNOT 3 38
[3786] = CNOT 3 39
[3787] = S 3
[3788] = Z 3
[3789] = CNOT 3 39
[3790] = CNOT 3 10
[3791] = CNOT 3 11
[3792] = CNOT 3 12
[3793] = S 3
[3794] = Z 3
[3795] = CNOT 3 12
[3796] = CNOT 3 13
[3797] = S 3
[3798] = CNOT 3 13
[3799] = CNOT 3 16
[3800] = S 3
[3801] = CNOT 3 16
[3802] = CNOT 3 17
[3803] = Z 3
[3804] = CNOT 3 17
[3805] = CNOT 3 18
[3806] = Z 3
[3807] = CNOT 3 18
[3808] = CNOT 3 19
[3809] = S 3
[3810] = CNOT 3 19
[3811] = CNOT 3 20
[3812] = S 3
[3813] = CNOT 3 20
[3814] = CNOT 3 21
[3815] = Z 3
[3816] = CNOT 3 21
[3817] = CNOT 3 32
[3818] = Z 3
[3819] = CNOT 3 32
[3820] = CNOT 3 33
[3821] = S 3
[3822] = Z 3
[3823] = CNOT 3 33
[3824] = CNOT 3 34
[3825] = Z 3
[3826] = CNOT 3 34
[3827] = CNOT 3 35
[3828] = S 3
[3829] = Z 3
[3830] = CNOT 3 35
[3831] = CNOT 3 37
[3832] = S 3
[3833] = CNOT 3 37
[3834] = CNOT 3 38
[3835] = S 3
[3836] = CNOT 3 38
[3837] = CNOT 3 39
[3838] = S 3
[3839] = Z 3
[3840] = CNOT 3 39
[3841] = CNOT 3 11
[3842] = CNOT 3 12
[3843] = CNOT 3 14
[3844] = S 3
[3845] = Z 3
[3846] = CNOT 3 14
[3847] = CNOT 3 16
[3848] = S 3
[3849] = Z 3
[3850] = CNOT 3 16
[3851] = CNOT 3 19
[3852] = S 3
[3853] = Z 3
[3854] = CNOT 3 19
[3855] = CNOT 3 20
[3856] = S 3
[3857] = Z 3
[3858] = CNOT 3 20
[3859] = CNOT 3 33
[3860] = S 3
[3861] = Z 3
[3862] = CNOT 3 33
[3863] = CNOT 3 34
[3864] = S 3
[3865] = Z 3
[3866] = CNOT 3 34
[3867] = CNOT 3 35
[3868] = S 3
[3869] = Z 3
[3870] = CNOT 3 35
[3871] = CNOT 3 39
[3872] = S 3
[3873] = Z 3
[3874] = CNOT 3 39
[3875] = CNOT 3 12
[3876] = CNOT 3 13
[3877] = CNOT 3 14
[3878] = Z 3
[3879] = CNOT 3 14
[3880] = CNOT 3 16
[3881] = S 3
[3882] = CNOT 3 16
[3883] = CNOT 3 17
[3884] = Z 3
[3885] = CNOT 3 17
[3886] = CNOT 3 18
[3887] = Z 3
[3888] = CNOT 3 18
[3889] = CNOT 3 19
[3890] = S 3
[3891] = Z 3
[3892] = CNOT 3 19
[3893] = CNOT 3 20
[3894] = S 3
[3895] = Z 3
[3896] = CNOT 3 20
[3897] = CNOT 3 21
[3898] = Z 3
[3899] = CNOT 3 21
[3900] = CNOT 3 33
[3901] = S 3
[3902] = Z 3
[3903] = CNOT 3 33
[3904] = CNOT 3 34
[3905] = S 3
[3906] = CNOT 3 34
[3907] = CNOT 3 35
[3908] = S 3
[3909] = Z 3
[3910] = CNOT 3 35
[3911] = CNOT 3 37
[3912] = Z 3
[3913] = CNOT 3 37
[3914] = CNOT 3 38
[3915] = Z 3
[3916] = CNOT 3 38
[3917] = CNOT 3 39
[3918] = S 3
[3919] = CNOT 3 39
[3920] = CNOT 3 13
[3921] = CNOT 3 14
[3922] = CNOT 3 16
[3923] = Z 3
[3924] = CNOT 3 16
[3925] = CNOT 3 17
[3926] = S 3
[3927] = Z 3
[3928] = CNOT 3 17
[3929] = CNOT 3 20
[3930] = S 3
[3931] = Z 3
[3932] = CNOT 3 20
[3933] = CNOT 3 33
[3934] = Z 3
[3935] = CNOT 3 33
[3936] = CNOT 3 37
[3937] = S 3
[3938] = CNOT 3 37
[3939] = CNOT 3 38
[3940] = Z 3
[3941] = CNOT 3 38
[3942] = CNOT 3 39
[3943] = S 3
[3944] = CNOT 3 39
[3945] = CNOT 3 14
[3946] = CNOT 3 15
[3947] = CNOT 3 16
[3948] = S 3
[3949] = CNOT 3 16
[3950] = CNOT 3 18
[3951] = S 3
[3952] = CNOT 3 18
[3953] = CNOT 3 21
[3954] = Z 3
[3955] = CNOT 3 21
[3956] = CNOT 3 22
[3957] = S 3
[3958] = Z 3
[3959] = CNOT 3 22
[3960] = CNOT 3 15
[3961] = CNOT 3 16
[3962] = CNOT 3 17
[3963] = Z 3
[3964] = CNOT 3 17
[3965] = CNOT 3 18
[3966] = S 3
[3967] = Z 3
[3968] = CNOT 3 18
[3969] = CNOT 3 22
[3970] = Z 3
[3971] = CNOT 3 22
[3972] = CNOT 3 23
[3973] = S 3
[3974] = Z 3
[3975] = CNOT 3 23
[3976] = CNOT 3 32
[3977] = S 3
[3978] = CNOT 3 32
[3979] = CNOT 3 33
[3980] = Z 3
[3981] = CNOT 3 33
[3982] = CNOT 3 34
[3983] = S 3
[3984] = CNOT 3 34
[3985] = CNOT 3 35
[3986] = Z 3
[3987] = CNOT 3 35
[3988] = CNOT 3 36
[3989] = S 3
[3990] = Z 3
[3991] = CNOT 3 36
[3992] = CNOT 3 37
[3993] = S 3
[3994] = CNOT 3 37
[3995] = CNOT 3 38
[3996] = S 3
[3997] = CNOT 3 38
[3998] = CNOT 3 39
[3999] = S 3
[4000] = Z 3
[4001] = CNOT 3 39
[4002] = CNOT 3 16
[4003] = CNOT 3 17
[4004] = CNOT 3 18
[4005] = Z 3
[4006] = CNOT 3 18
[4007] = CNOT 3 21
[4008] = Z 3
[4009] = CNOT 3 21
[4010] = CNOT 3 33
[4011] = S 3
[4012] = Z 3
[4013] = CNOT 3 33
[4014] = CNOT 3 34
[4015] = Z 3
[4016] = CNOT 3 34
[4017] = CNOT 3 37
[4018] = Z 3
[4019] = CNOT 3 37
[4020] = CNOT 3 38
[4021] = Z 3
[4022] = CNOT 3 38
[4023] = CNOT 3 39
[4024] = S 3
[4025] = CNOT 3 39
[4026] = CNOT 3 17
[4027] = CNOT 3 18
[4028] = CNOT 3 19
[4029] = Z 3
[4030] = CNOT 3 19
[4031] = CNOT 3 20
[4032] = S 3
[4033] = CNOT 3 20
[4034] = CNOT 3 21
[4035] = S 3
[4036] = Z 3
[4037] = CNOT 3 21
[4038] = CNOT 3 22
[4039] = S 3
[4040] = CNOT 3 22
[4041] = CNOT 3 23
[4042] = Z 3
[4043] = CNOT 3 23
[4044] = CNOT 3 33
[4045] = S 3
[4046] = Z 3
[4047] = CNOT 3 33
[4048] = CNOT 3 34
[4049] = Z 3
[4050] = CNOT 3 34
[4051] = CNOT 3 37
[4052] = Z 3
[4053] = CNOT 3 37
[4054] = CNOT 3 38
[4055] = Z 3
[4056] = CNOT 3 38
[4057] = CNOT 3 39
[4058] = S 3
[4059] = CNOT 3 39
[4060] = CNOT 3 18
[4061] = CNOT 3 19
[4062] = CNOT 3 21
[4063] = Z 3
[4064] = CNOT 3 21
[4065] = CNOT 3 33
[4066] = S 3
[4067] = Z 3
[4068] = CNOT 3 33
[4069] = CNOT 3 34
[4070] = S 3
[4071] = CNOT 3 34
[4072] = CNOT 3 35
[4073] = S 3
[4074] = CNOT 3 35
[4075] = CNOT 3 37
[4076] = S 3
[4077] = Z 3
[4078] = CNOT 3 37
[4079] = CNOT 3 38
[4080] = S 3
[4081] = Z 3
[4082] = CNOT 3 38
[4083] = CNOT 3 39
[4084] = S 3
[4085] = Z 3
[4086] = CNOT 3 39
[4087] = CNOT 3 19
[4088] = CNOT 3 20
[4089] = CNOT 3 21
[4090] = S 3
[4091] = CNOT 3 21
[4092] = CNOT 3 33
[4093] = Z 3
[4094] = CNOT 3 33
[4095] = CNOT 3 34
[4096] = S 3
[4097] = CNOT 3 34
[4098] = CNOT 3 35
[4099] = S 3
[4100] = CNOT 3 35
[4101] = CNOT 3 37
[4102] = S 3
[4103] = Z 3
[4104] = CNOT 3 37
[4105] = CNOT 3 38
[4106] = S 3
[4107] = Z 3
[4108] = CNOT 3 38
[4109] = CNOT 3 39
[4110] = Z 3
[4111] = CNOT 3 39
[4112] = CNOT 3 20
[4113] = CNOT 3 21
[4114] = CNOT 3 22
[4115] = S 3
[4116] = CNOT 3 22
[4117] = CNOT 3 23
[4118] = Z 3
[4119] = CNOT 3 23
[4120] = CNOT 3 33
[4121] = S 3
[4122] = CNOT 3 33
[4123] = CNOT 3 34
[4124] = Z 3
[4125] = CNOT 3 34
[4126] = CNOT 3 37
[4127] = Z 3
[4128] = CNOT 3 37
[4129] = CNOT 3 38
[4130] = Z 3
[4131] = CNOT 3 38
[4132] = CNOT 3 39
[4133] = S 3
[4134] = Z 3
[4135] = CNOT 3 39
[4136] = CNOT 3 21
[4137] = CNOT 3 22
[4138] = CNOT 3 33
[4139] = S 3
[4140] = CNOT 3 33
[4141] = CNOT 3 39
[4142] = S 3
[4143] = CNOT 3 39
[4144] = CNOT 3 22
[4145] = CNOT 3 23
[4146] = CNOT 3 33
[4147] = Z 3
[4148] = CNOT 3 33
[4149] = CNOT 3 39
[4150] = Z 3
[4151] = CNOT 3 39
[4152] = CNOT 3 23
[4153] = CNOT 3 32
[4154] = CNOT 3 33
[4155] = S 3
[4156] = CNOT 3 33
[4157] = CNOT 3 34
[4158] = Z 3
[4159] = CNOT 3 34
[4160] = CNOT 3 35
[4161] = S 3
[4162] = CNOT 3 35
[4163] = CNOT 3 36
[4164] = S 3
[4165] = Z 3
[4166] = CNOT 3 36
[4167] = CNOT 3 32
[4168] = CNOT 3 33
[4169] = CNOT 3 34
[4170] = S 3
[4171] = Z 3
[4172] = CNOT 3 34
[4173] = CNOT 3 35
[4174] = Z 3
[4175] = CNOT 3 35
[4176] = CNOT 3 36
[4177] = S 3
[4178] = Z 3
[4179] = CNOT 3 36
[4180] = CNOT 3 37
[4181] = S 3
[4182] = Z 3
[4183] = CNOT 3 37
[4184] = CNOT 3 38
[4185] = S 3
[4186] = Z 3
[4187] = CNOT 3 38
[4188] = CNOT 3 39
[4189] = Z 3
[4190] = CNOT 3 39
[4191] = CNOT 3 33
[4192] = CNOT 3 34
[4193] = CNOT 3 35
[4194] = S 3
[4195] = Z 3
[4196] = CNOT 3 35
[4197] = CNOT 3 36
[4198] = S 3
[4199] = Z 3
[4200] = CNOT 3 36
[4201] = CNOT 3 37
[4202] = S 3
[4203] = CNOT 3 37
[4204] = CNOT 3 38
[4205] = S 3
[4206] = CNOT 3 38
[4207] = CNOT 3 39
[4208] = S 3
[4209] = Z 3
[4210] = CNOT 3 39
[4211] = CNOT 3 34
[4212] = CNOT 3 35
[4213] = CNOT 3 36
[4214] = S 3
[4215] = Z 3
[4216] = CNOT 3 36
[4217] = CNOT 3 37
[4218] = S 3
[4219] = CNOT 3 37
[4220] = CNOT 3 38
[4221] = S 3
[4222] = Z 3
[4223] = CNOT 3 35
[4224] = CNOT 3 37
[4225] = Z 3
[4226] = CNOT 3 37
[4227] = CNOT 3 39
[4228] = S 3
[4229] = CNOT 3 39
[4230] = CNOT 3 38
[4231] = CNOT 4 6
[4232] = CNOT 4 10
[4233] = S 4
[4234] = CNOT 4 10
[4235] = CNOT 4 11
[4236] = S 4
[4237] = Z 4
[4238] = CNOT 4 11
[4239] = CNOT 4 13
[4240] = S 4
[4241] = Z 4
[4242] = CNOT 4 13
[4243] = CNOT 4 14
[4244] = Z 4
[4245] = CNOT 4 14
[4246] = CNOT 4 16
[4247] = Z 4
[4248] = CNOT 4 16
[4249] = CNOT 4 17
[4250] = S 4
[4251] = Z 4
[4252] = CNOT 4 17
[4253] = CNOT 4 18
[4254] = S 4
[4255] = CNOT 4 18
[4256] = CNOT 4 19
[4257] = S 4
[4258] = Z 4
[4259] = CNOT 4 19
[4260] = CNOT 4 20
[4261] = Z 4
[4262] = CNOT 4 20
[4263] = CNOT 4 21
[4264] = S 4
[4265] = CNOT 4 21
[4266] = CNOT 4 33
[4267] = Z 4
[4268] = CNOT 4 33
[4269] = CNOT 4 34
[4270] = S 4
[4271] = Z 4
[4272] = CNOT 4 34
[4273] = CNOT 4 37
[4274] = S 4
[4275] = Z 4
[4276] = CNOT 4 37
[4277] = CNOT 4 38
[4278] = S 4
[4279] = Z 4
[4280] = CNOT 4 38
[4281] = CNOT 4 39
[4282] = S 4
[4283] = CNOT 4 39
[4284] = CNOT 4 6
[4285] = CNOT 4 7
[4286] = CNOT 4 9
[4287] = S 4
[4288] = Z 4
[4289] = CNOT 4 9
[4290] = CNOT 4 10
[4291] = S 4
[4292] = CNOT 4 10
[4293] = CNOT 4 15
[4294] = S 4
[4295] = Z 4
[4296] = CNOT 4 15
[4297] = CNOT 4 18
[4298] = S 4
[4299] = Z 4
[4300] = CNOT 4 18
[4301] = CNOT 4 33
[4302] = S 4
[4303] = CNOT 4 33
[4304] = CNOT 4 35
[4305] = S 4
[4306] = Z 4
[4307] = CNOT 4 35
[4308] = CNOT 4 39
[4309] = S 4
[4310] = CNOT 4 39
[4311] = CNOT 4 7
[4312] = CNOT 4 9
[4313] = CNOT 4 10
[4314] = S 4
[4315] = Z 4
[4316] = CNOT 4 10
[4317] = CNOT 4 33
[4318] = S 4
[4319] = Z 4
[4320] = CNOT 4 33
[4321] = CNOT 4 39
[4322] = S 4
[4323] = Z 4
[4324] = CNOT 4 39
[4325] = CNOT 4 9
[4326] = CNOT 4 10
[4327] = CNOT 4 11
[4328] = S 4
[4329] = Z 4
[4330] = CNOT 4 11
[4331] = CNOT 4 13
[4332] = S 4
[4333] = Z 4
[4334] = CNOT 4 13
[4335] = CNOT 4 14
[4336] = Z 4
[4337] = CNOT 4 14
[4338] = CNOT 4 15
[4339] = S 4
[4340] = Z 4
[4341] = CNOT 4 15
[4342] = CNOT 4 16
[4343] = Z 4
[4344] = CNOT 4 16
[4345] = CNOT 4 17
[4346] = S 4
[4347] = Z 4
[4348] = CNOT 4 17
[4349] = CNOT 4 19
[4350] = S 4
[4351] = Z 4
[4352] = CNOT 4 19
[4353] = CNOT 4 20
[4354] = Z 4
[4355] = CNOT 4 20
[4356] = CNOT 4 21
[4357] = S 4
[4358] = CNOT 4 21
[4359] = CNOT 4 33
[4360] = S 4
[4361] = Z 4
[4362] = CNOT 4 33
[4363] = CNOT 4 34
[4364] = S 4
[4365] = Z 4
[4366] = CNOT 4 34
[4367] = CNOT 4 35
[4368] = Z 4
[4369] = CNOT 4 35
[4370] = CNOT 4 37
[4371] = Z 4
[4372] = CNOT 4 37
[4373] = CNOT 4 38
[4374] = S 4
[4375] = Z 4
[4376] = CNOT 4 38
[4377] = CNOT 4 39
[4378] = Z 4
[4379] = CNOT 4 39
[4380] = CNOT 4 10
[4381] = CNOT 4 11
[4382] = CNOT 4 12
[4383] = S 4
[4384] = Z 4
[4385] = CNOT 4 12
[4386] = CNOT 4 13
[4387] = S 4
[4388] = Z 4
[4389] = CNOT 4 13
[4390] = CNOT 4 14
[4391] = Z 4
[4392] = CNOT 4 14
[4393] = CNOT 4 16
[4394] = S 4
[4395] = CNOT 4 16
[4396] = CNOT 4 17
[4397] = S 4
[4398] = Z 4
[4399] = CNOT 4 17
[4400] = CNOT 4 18
[4401] = S 4
[4402] = Z 4
[4403] = CNOT 4 18
[4404] = CNOT 4 19
[4405] = Z 4
[4406] = CNOT 4 19
[4407] = CNOT 4 20
[4408] = Z 4
[4409] = CNOT 4 20
[4410] = CNOT 4 21
[4411] = S 4
[4412] = Z 4
[4413] = CNOT 4 21
[4414] = CNOT 4 33
[4415] = Z 4
[4416] = CNOT 4 33
[4417] = CNOT 4 34
[4418] = S 4
[4419] = CNOT 4 34
[4420] = CNOT 4 35
[4421] = Z 4
[4422] = CNOT 4 35
[4423] = CNOT 4 37
[4424] = S 4
[4425] = Z 4
[4426] = CNOT 4 37
[4427] = CNOT 4 38
[4428] = Z 4
[4429] = CNOT 4 38
[4430] = CNOT 4 39
[4431] = S 4
[4432] = CNOT 4 39
[4433] = CNOT 4 11
[4434] = CNOT 4 12
[4435] = CNOT 4 14
[4436] = S 4
[4437] = Z 4
[4438] = CNOT 4 14
[4439] = CNOT 4 16
[4440] = S 4
[4441] = Z 4
[4442] = CNOT 4 16
[4443] = CNOT 4 19
[4444] = S 4
[4445] = Z 4
[4446] = CNOT 4 19
[4447] = CNOT 4 20
[4448] = S 4
[4449] = Z 4
[4450] = CNOT 4 20
[4451] = CNOT 4 33
[4452] = S 4
[4453] = Z 4
[4454] = CNOT 4 33
[4455] = CNOT 4 34
[4456] = S 4
[4457] = Z 4
[4458] = CNOT 4 34
[4459] = CNOT 4 35
[4460] = S 4
[4461] = Z 4
[4462] = CNOT 4 35
[4463] = CNOT 4 39
[4464] = S 4
[4465] = Z 4
[4466] = CNOT 4 39
[4467] = CNOT 4 12
[4468] = CNOT 4 13
[4469] = CNOT 4 14
[4470] = S 4
[4471] = Z 4
[4472] = CNOT 4 14
[4473] = CNOT 4 16
[4474] = S 4
[4475] = Z 4
[4476] = CNOT 4 16
[4477] = CNOT 4 17
[4478] = S 4
[4479] = Z 4
[4480] = CNOT 4 17
[4481] = CNOT 4 18
[4482] = S 4
[4483] = Z 4
[4484] = CNOT 4 18
[4485] = CNOT 4 21
[4486] = S 4
[4487] = Z 4
[4488] = CNOT 4 21
[4489] = CNOT 4 34
[4490] = S 4
[4491] = Z 4
[4492] = CNOT 4 34
[4493] = CNOT 4 35
[4494] = S 4
[4495] = Z 4
[4496] = CNOT 4 35
[4497] = CNOT 4 37
[4498] = Z 4
[4499] = CNOT 4 37
[4500] = CNOT 4 38
[4501] = S 4
[4502] = Z 4
[4503] = CNOT 4 38
[4504] = CNOT 4 39
[4505] = S 4
[4506] = Z 4
[4507] = CNOT 4 39
[4508] = CNOT 4 13
[4509] = CNOT 4 14
[4510] = CNOT 4 18
[4511] = Z 4
[4512] = CNOT 4 18
[4513] = CNOT 4 19
[4514] = S 4
[4515] = CNOT 4 19
[4516] = CNOT 4 21
[4517] = Z 4
[4518] = CNOT 4 21
[4519] = CNOT 4 34
[4520] = S 4
[4521] = CNOT 4 34
[4522] = CNOT 4 35
[4523] = S 4
[4524] = CNOT 4 35
[4525] = CNOT 4 37
[4526] = Z 4
[4527] = CNOT 4 37
[4528] = CNOT 4 38
[4529] = S 4
[4530] = Z 4
[4531] = CNOT 4 38
[4532] = CNOT 4 39
[4533] = S 4
[4534] = Z 4
[4535] = CNOT 4 39
[4536] = CNOT 4 14
[4537] = CNOT 4 15
[4538] = CNOT 4 33
[4539] = S 4
[4540] = Z 4
[4541] = CNOT 4 33
[4542] = CNOT 4 39
[4543] = S 4
[4544] = Z 4
[4545] = CNOT 4 39
[4546] = CNOT 4 15
[4547] = CNOT 4 16
[4548] = CNOT 4 17
[4549] = S 4
[4550] = Z 4
[4551] = CNOT 4 17
[4552] = CNOT 4 18
[4553] = Z 4
[4554] = CNOT 4 18
[4555] = CNOT 4 19
[4556] = S 4
[4557] = CNOT 4 19
[4558] = CNOT 4 21
[4559] = Z 4
[4560] = CNOT 4 21
[4561] = CNOT 4 35
[4562] = S 4
[4563] = CNOT 4 35
[4564] = CNOT 4 37
[4565] = Z 4
[4566] = CNOT 4 37
[4567] = CNOT 4 38
[4568] = Z 4
[4569] = CNOT 4 38
[4570] = CNOT 4 39
[4571] = S 4
[4572] = Z 4
[4573] = CNOT 4 39
[4574] = CNOT 4 16
[4575] = CNOT 4 17
[4576] = CNOT 4 18
[4577] = S 4
[4578] = Z 4
[4579] = CNOT 4 18
[4580] = CNOT 4 21
[4581] = S 4
[4582] = Z 4
[4583] = CNOT 4 21
[4584] = CNOT 4 34
[4585] = S 4
[4586] = Z 4
[4587] = CNOT 4 34
[4588] = CNOT 4 37
[4589] = S 4
[4590] = Z 4
[4591] = CNOT 4 37
[4592] = CNOT 4 38
[4593] = S 4
[4594] = Z 4
[4595] = CNOT 4 38
[4596] = CNOT 4 39
[4597] = S 4
[4598] = Z 4
[4599] = CNOT 4 39
[4600] = CNOT 4 17
[4601] = CNOT 4 18
[4602] = CNOT 4 19
[4603] = S 4
[4604] = Z 4
[4605] = CNOT 4 19
[4606] = CNOT 4 20
[4607] = Z 4
[4608] = CNOT 4 20
[4609] = CNOT 4 21
[4610] = S 4
[4611] = CNOT 4 21
[4612] = CNOT 4 33
[4613] = S 4
[4614] = CNOT 4 33
[4615] = CNOT 4 34
[4616] = S 4
[4617] = Z 4
[4618] = CNOT 4 34
[4619] = CNOT 4 37
[4620] = S 4
[4621] = Z 4
[4622] = CNOT 4 37
[4623] = CNOT 4 38
[4624] = S 4
[4625] = Z 4
[4626] = CNOT 4 38
[4627] = CNOT 4 18
[4628] = CNOT 4 19
[4629] = CNOT 4 21
[4630] = S 4
[4631] = Z 4
[4632] = CNOT 4 21
[4633] = CNOT 4 34
[4634] = S 4
[4635] = CNOT 4 34
[4636] = CNOT 4 35
[4637] = S 4
[4638] = CNOT 4 35
[4639] = CNOT 4 37
[4640] = S 4
[4641] = Z 4
[4642] = CNOT 4 37
[4643] = CNOT 4 38
[4644] = S 4
[4645] = Z 4
[4646] = CNOT 4 38
[4647] = CNOT 4 19
[4648] = CNOT 4 20
[4649] = CNOT 4 21
[4650] = Z 4
[4651] = CNOT 4 21
[4652] = CNOT 4 33
[4653] = S 4
[4654] = Z 4
[4655] = CNOT 4 33
[4656] = CNOT 4 34
[4657] = S 4
[4658] = CNOT 4 34
[4659] = CNOT 4 35
[4660] = S 4
[4661] = CNOT 4 35
[4662] = CNOT 4 37
[4663] = S 4
[4664] = Z 4
[4665] = CNOT 4 37
[4666] = CNOT 4 38
[4667] = S 4
[4668] = Z 4
[4669] = CNOT 4 38
[4670] = CNOT 4 39
[4671] = S 4
[4672] = Z 4
[4673] = CNOT 4 39
[4674] = CNOT 4 20
[4675] = CNOT 4 21
[4676] = CNOT 4 33
[4677] = Z 4
[4678] = CNOT 4 33
[4679] = CNOT 4 34
[4680] = S 4
[4681] = Z 4
[4682] = CNOT 4 34
[4683] = CNOT 4 37
[4684] = S 4
[4685] = Z 4
[4686] = CNOT 4 37
[4687] = CNOT 4 38
[4688] = S 4
[4689] = Z 4
[4690] = CNOT 4 38
[4691] = CNOT 4 39
[4692] = S 4
[4693] = CNOT 4 39
[4694] = CNOT 4 21
[4695] = CNOT 4 33
[4696] = CNOT 4 34
[4697] = S 4
[4698] = CNOT 4 34
[4699] = CNOT 4 37
[4700] = S 4
[4701] = Z 4
[4702] = CNOT 4 37
[4703] = CNOT 4 38
[4704] = S 4
[4705] = Z 4
[4706] = CNOT 4 38
[4707] = CNOT 4 33
[4708] = CNOT 4 34
[4709] = CNOT 4 35
[4710] = S 4
[4711] = CNOT 4 35
[4712] = CNOT 4 37
[4713] = Z 4
[4714] = CNOT 4 37
[4715] = CNOT 4 38
[4716] = Z 4
[4717] = CNOT 4 38
[4718] = CNOT 4 34
[4719] = CNOT 4 35
[4720] = CNOT 4 36
[4721] = S 4
[4722] = Z 4
[4723] = CNOT 4 36
[4724] = CNOT 4 38
[4725] = S 4
[4726] = Z 4
[4727] = CNOT 4 38
[4728] = CNOT 4 39
[4729] = S 4
[4730] = Z 4
[4731] = CNOT 4 39
[4732] = CNOT 4 35
[4733] = CNOT 4 36
[4734] = CNOT 4 37
[4735] = S 4
[4736] = Z 4
[4737] = CNOT 4 36
[4738] = CNOT 4 38
[4739] = S 4
[4740] = Z 4
[4741] = CNOT 4 38
[4742] = CNOT 4 39
[4743] = S 4
[4744] = CNOT 4 37
[4745] = CNOT 4 38
[4746] = Z 4
[4747] = CNOT 4 39
[4748] = CNOT 4 38
[4749] = CNOT 5 6
[4750] = CNOT 5 7
[4751] = Z 5
[4752] = CNOT 5 7
[4753] = CNOT 5 11
[4754] = S 5
[4755] = CNOT 5 11
[4756] = CNOT 5 12
[4757] = S 5
[4758] = Z 5
[4759] = CNOT 5 12
[4760] = CNOT 5 13
[4761] = Z 5
[4762] = CNOT 5 13
[4763] = CNOT 5 14
[4764] = S 5
[4765] = CNOT 5 14
[4766] = CNOT 5 15
[4767] = Z 5
[4768] = CNOT 5 15
[4769] = CNOT 5 16
[4770] = Z 5
[4771] = CNOT 5 16
[4772] = CNOT 5 17
[4773] = S 5
[4774] = Z 5
[4775] = CNOT 5 17
[4776] = CNOT 5 18
[4777] = Z 5
[4778] = CNOT 5 18
[4779] = CNOT 5 19
[4780] = Z 5
[4781] = CNOT 5 19
[4782] = CNOT 5 20
[4783] = Z 5
[4784] = CNOT 5 20
[4785] = CNOT 5 33
[4786] = S 5
[4787] = CNOT 5 33
[4788] = CNOT 5 34
[4789] = S 5
[4790] = CNOT 5 34
[4791] = CNOT 5 35
[4792] = S 5
[4793] = CNOT 5 35
[4794] = CNOT 5 38
[4795] = Z 5
[4796] = CNOT 5 38
[4797] = CNOT 5 39
[4798] = S 5
[4799] = CNOT 5 39
[4800] = CNOT 5 6
[4801] = CNOT 5 7
[4802] = CNOT 5 8
[4803] = S 5
[4804] = CNOT 5 8
[4805] = CNOT 5 12
[4806] = S 5
[4807] = CNOT 5 12
[4808] = CNOT 5 13
[4809] = Z 5
[4810] = CNOT 5 13
[4811] = CNOT 5 15
[4812] = S 5
[4813] = CNOT 5 15
[4814] = CNOT 5 17
[4815] = Z 5
[4816] = CNOT 5 17
[4817] = CNOT 5 19
[4818] = Z 5
[4819] = CNOT 5 19
[4820] = CNOT 5 20
[4821] = S 5
[4822] = Z 5
[4823] = CNOT 5 20
[4824] = CNOT 5 7
[4825] = CNOT 5 8
[4826] = CNOT 5 11
[4827] = S 5
[4828] = CNOT 5 11
[4829] = CNOT 5 12
[4830] = S 5
[4831] = Z 5
[4832] = CNOT 5 12
[4833] = CNOT 5 13
[4834] = Z 5
[4835] = CNOT 5 13
[4836] = CNOT 5 14
[4837] = S 5
[4838] = CNOT 5 14
[4839] = CNOT 5 15
[4840] = S 5
[4841] = CNOT 5 15
[4842] = CNOT 5 16
[4843] = S 5
[4844] = CNOT 5 16
[4845] = CNOT 5 18
[4846] = S 5
[4847] = CNOT 5 18
[4848] = CNOT 5 19
[4849] = Z 5
[4850] = CNOT 5 19
[4851] = CNOT 5 20
[4852] = Z 5
[4853] = CNOT 5 20
[4854] = CNOT 5 33
[4855] = S 5
[4856] = CNOT 5 33
[4857] = CNOT 5 34
[4858] = S 5
[4859] = CNOT 5 34
[4860] = CNOT 5 35
[4861] = S 5
[4862] = CNOT 5 35
[4863] = CNOT 5 38
[4864] = S 5
[4865] = CNOT 5 38
[4866] = CNOT 5 39
[4867] = S 5
[4868] = CNOT 5 39
[4869] = CNOT 5 8
[4870] = CNOT 5 11
[4871] = CNOT 5 13
[4872] = Z 5
[4873] = CNOT 5 13
[4874] = CNOT 5 14
[4875] = S 5
[4876] = CNOT 5 14
[4877] = CNOT 5 15
[4878] = S 5
[4879] = CNOT 5 15
[4880] = CNOT 5 16
[4881] = S 5
[4882] = CNOT 5 16
[4883] = CNOT 5 17
[4884] = Z 5
[4885] = CNOT 5 17
[4886] = CNOT 5 18
[4887] = Z 5
[4888] = CNOT 5 18
[4889] = CNOT 5 19
[4890] = S 5
[4891] = Z 5
[4892] = CNOT 5 19
[4893] = CNOT 5 38
[4894] = Z 5
[4895] = CNOT 5 38
[4896] = CNOT 5 39
[4897] = S 5
[4898] = CNOT 5 39
[4899] = CNOT 5 11
[4900] = CNOT 5 12
[4901] = CNOT 5 13
[4902] = S 5
[4903] = CNOT 5 13
[4904] = CNOT 5 15
[4905] = S 5
[4906] = CNOT 5 15
[4907] = CNOT 5 17
[4908] = S 5
[4909] = Z 5
[4910] = CNOT 5 17
[4911] = CNOT 5 19
[4912] = S 5
[4913] = CNOT 5 19
[4914] = CNOT 5 39
[4915] = S 5
[4916] = CNOT 5 39
[4917] = CNOT 5 12
[4918] = CNOT 5 13
[4919] = CNOT 5 14
[4920] = Z 5
[4921] = CNOT 5 14
[4922] = CNOT 5 15
[4923] = S 5
[4924] = Z 5
[4925] = CNOT 5 15
[4926] = CNOT 5 16
[4927] = Z 5
[4928] = CNOT 5 16
[4929] = CNOT 5 17
[4930] = S 5
[4931] = Z 5
[4932] = CNOT 5 17
[4933] = CNOT 5 18
[4934] = Z 5
[4935] = CNOT 5 18
[4936] = CNOT 5 33
[4937] = Z 5
[4938] = CNOT 5 33
[4939] = CNOT 5 34
[4940] = Z 5
[4941] = CNOT 5 34
[4942] = CNOT 5 35
[4943] = Z 5
[4944] = CNOT 5 35
[4945] = CNOT 5 38
[4946] = Z 5
[4947] = CNOT 5 38
[4948] = CNOT 5 39
[4949] = Z 5
[4950] = CNOT 5 39
[4951] = CNOT 5 13
[4952] = CNOT 5 14
[4953] = CNOT 5 15
[4954] = S 5
[4955] = CNOT 5 15
[4956] = CNOT 5 16
[4957] = S 5
[4958] = CNOT 5 16
[4959] = CNOT 5 17
[4960] = Z 5
[4961] = CNOT 5 17
[4962] = CNOT 5 18
[4963] = S 5
[4964] = Z 5
[4965] = CNOT 5 18
[4966] = CNOT 5 19
[4967] = S 5
[4968] = Z 5
[4969] = CNOT 5 19
[4970] = CNOT 5 38
[4971] = Z 5
[4972] = CNOT 5 38
[4973] = CNOT 5 39
[4974] = S 5
[4975] = CNOT 5 39
[4976] = CNOT 5 14
[4977] = CNOT 5 15
[4978] = CNOT 5 16
[4979] = S 5
[4980] = CNOT 5 16
[4981] = CNOT 5 17
[4982] = Z 5
[4983] = CNOT 5 17
[4984] = CNOT 5 18
[4985] = S 5
[4986] = CNOT 5 18
[4987] = CNOT 5 19
[4988] = S 5
[4989] = Z 5
[4990] = CNOT 5 19
[4991] = CNOT 5 20
[4992] = S 5
[4993] = Z 5
[4994] = CNOT 5 20
[4995] = CNOT 5 33
[4996] = S 5
[4997] = CNOT 5 33
[4998] = CNOT 5 34
[4999] = S 5
[5000] = CNOT 5 34
[5001] = CNOT 5 35
[5002] = S 5
[5003] = CNOT 5 35
[5004] = CNOT 5 38
[5005] = S 5
[5006] = CNOT 5 38
[5007] = CNOT 5 39
[5008] = S 5
[5009] = CNOT 5 39
[5010] = CNOT 5 15
[5011] = CNOT 5 16
[5012] = CNOT 5 17
[5013] = Z 5
[5014] = CNOT 5 17
[5015] = CNOT 5 18
[5016] = Z 5
[5017] = CNOT 5 18
[5018] = CNOT 5 19
[5019] = Z 5
[5020] = CNOT 5 19
[5021] = CNOT 5 38
[5022] = S 5
[5023] = CNOT 5 38
[5024] = CNOT 5 39
[5025] = S 5
[5026] = CNOT 5 39
[5027] = CNOT 5 16
[5028] = CNOT 5 17
[5029] = CNOT 5 18
[5030] = Z 5
[5031] = CNOT 5 18
[5032] = CNOT 5 19
[5033] = Z 5
[5034] = CNOT 5 19
[5035] = CNOT 5 20
[5036] = Z 5
[5037] = CNOT 5 20
[5038] = CNOT 5 33
[5039] = Z 5
[5040] = CNOT 5 33
[5041] = CNOT 5 34
[5042] = Z 5
[5043] = CNOT 5 34
[5044] = CNOT 5 35
[5045] = Z 5
[5046] = CNOT 5 35
[5047] = CNOT 5 38
[5048] = Z 5
[5049] = CNOT 5 38
[5050] = CNOT 5 39
[5051] = Z 5
[5052] = CNOT 5 39
[5053] = CNOT 5 17
[5054] = CNOT 5 18
[5055] = CNOT 5 20
[5056] = S 5
[5057] = CNOT 5 20
[5058] = CNOT 5 33
[5059] = Z 5
[5060] = CNOT 5 33
[5061] = CNOT 5 34
[5062] = Z 5
[5063] = CNOT 5 34
[5064] = CNOT 5 35
[5065] = Z 5
[5066] = CNOT 5 35
[5067] = CNOT 5 38
[5068] = Z 5
[5069] = CNOT 5 38
[5070] = CNOT 5 39
[5071] = S 5
[5072] = Z 5
[5073] = CNOT 5 39
[5074] = CNOT 5 18
[5075] = CNOT 5 19
[5076] = CNOT 5 20
[5077] = S 5
[5078] = CNOT 5 20
[5079] = CNOT 5 33
[5080] = Z 5
[5081] = CNOT 5 33
[5082] = CNOT 5 34
[5083] = Z 5
[5084] = CNOT 5 34
[5085] = CNOT 5 35
[5086] = Z 5
[5087] = CNOT 5 35
[5088] = CNOT 5 38
[5089] = S 5
[5090] = Z 5
[5091] = CNOT 5 38
[5092] = CNOT 5 39
[5093] = S 5
[5094] = Z 5
[5095] = CNOT 5 39
[5096] = CNOT 5 19
[5097] = CNOT 5 20
[5098] = CNOT 5 33
[5099] = S 5
[5100] = Z 5
[5101] = CNOT 5 33
[5102] = CNOT 5 34
[5103] = S 5
[5104] = Z 5
[5105] = CNOT 5 34
[5106] = CNOT 5 35
[5107] = S 5
[5108] = Z 5
[5109] = CNOT 5 35
[5110] = CNOT 5 20
[5111] = CNOT 5 33
[5112] = CNOT 5 34
[5113] = S 5
[5114] = Z 5
[5115] = CNOT 5 34
[5116] = CNOT 5 35
[5117] = S 5
[5118] = Z 5
[5119] = CNOT 5 35
[5120] = CNOT 5 38
[5121] = S 5
[5122] = CNOT 5 38
[5123] = CNOT 5 33
[5124] = CNOT 5 34
[5125] = CNOT 5 35
[5126] = S 5
[5127] = Z 5
[5128] = CNOT 5 35
[5129] = CNOT 5 38
[5130] = S 5
[5131] = CNOT 5 34
[5132] = CNOT 5 35
[5133] = S 5
[5134] = CNOT 5 35
[5135] = CNOT 5 39
[5136] = Z 5
[5137] = CNOT 5 39
[5138] = CNOT 5 38
[5139] = CNOT 6 7
[5140] = CNOT 6 8
[5141] = S 6
[5142] = CNOT 6 8
[5143] = CNOT 6 10
[5144] = S 6
[5145] = CNOT 6 10
[5146] = CNOT 6 12
[5147] = S 6
[5148] = Z 6
[5149] = CNOT 6 12
[5150] = CNOT 6 13
[5151] = Z 6
[5152] = CNOT 6 13
[5153] = CNOT 6 14
[5154] = Z 6
[5155] = CNOT 6 14
[5156] = CNOT 6 16
[5157] = Z 6
[5158] = CNOT 6 16
[5159] = CNOT 6 17
[5160] = S 6
[5161] = Z 6
[5162] = CNOT 6 17
[5163] = CNOT 6 19
[5164] = Z 6
[5165] = CNOT 6 19
[5166] = CNOT 6 20
[5167] = Z 6
[5168] = CNOT 6 20
[5169] = CNOT 6 21
[5170] = S 6
[5171] = Z 6
[5172] = CNOT 6 21
[5173] = CNOT 6 22
[5174] = Z 6
[5175] = CNOT 6 22
[5176] = CNOT 6 23
[5177] = Z 6
[5178] = CNOT 6 23
[5179] = CNOT 6 33
[5180] = Z 6
[5181] = CNOT 6 33
[5182] = CNOT 6 38
[5183] = S 6
[5184] = CNOT 6 38
[5185] = CNOT 6 39
[5186] = Z 6
[5187] = CNOT 6 39
[5188] = CNOT 6 7
[5189] = CNOT 6 8
[5190] = CNOT 6 10
[5191] = S 6
[5192] = CNOT 6 10
[5193] = CNOT 6 15
[5194] = S 6
[5195] = Z 6
[5196] = CNOT 6 15
[5197] = CNOT 6 16
[5198] = Z 6
[5199] = CNOT 6 16
[5200] = CNOT 6 18
[5201] = S 6
[5202] = CNOT 6 18
[5203] = CNOT 6 21
[5204] = S 6
[5205] = CNOT 6 21
[5206] = CNOT 6 22
[5207] = S 6
[5208] = Z 6
[5209] = CNOT 6 22
[5210] = CNOT 6 23
[5211] = S 6
[5212] = Z 6
[5213] = CNOT 6 23
[5214] = CNOT 6 33
[5215] = S 6
[5216] = CNOT 6 33
[5217] = CNOT 6 39
[5218] = S 6
[5219] = CNOT 6 39
[5220] = CNOT 6 8
[5221] = CNOT 6 9
[5222] = CNOT 6 11
[5223] = S 6
[5224] = Z 6
[5225] = CNOT 6 11
[5226] = CNOT 6 14
[5227] = S 6
[5228] = Z 6
[5229] = CNOT 6 14
[5230] = CNOT 6 16
[5231] = S 6
[5232] = Z 6
[5233] = CNOT 6 16
[5234] = CNOT 6 19
[5235] = S 6
[5236] = Z 6
[5237] = CNOT 6 19
[5238] = CNOT 6 20
[5239] = S 6
[5240] = Z 6
[5241] = CNOT 6 20
[5242] = CNOT 6 33
[5243] = S 6
[5244] = Z 6
[5245] = CNOT 6 33
[5246] = CNOT 6 34
[5247] = S 6
[5248] = Z 6
[5249] = CNOT 6 34
[5250] = CNOT 6 35
[5251] = S 6
[5252] = Z 6
[5253] = CNOT 6 35
[5254] = CNOT 6 39
[5255] = S 6
[5256] = Z 6
[5257] = CNOT 6 39
[5258] = CNOT 6 9
[5259] = CNOT 6 10
[5260] = CNOT 6 11
[5261] = S 6
[5262] = CNOT 6 11
[5263] = CNOT 6 13
[5264] = Z 6
[5265] = CNOT 6 13
[5266] = CNOT 6 14
[5267] = S 6
[5268] = CNOT 6 14
[5269] = CNOT 6 15
[5270] = S 6
[5271] = CNOT 6 15
[5272] = CNOT 6 16
[5273] = S 6
[5274] = Z 6
[5275] = CNOT 6 16
[5276] = CNOT 6 17
[5277] = Z 6
[5278] = CNOT 6 17
[5279] = CNOT 6 18
[5280] = S 6
[5281] = Z 6
[5282] = CNOT 6 18
[5283] = CNOT 6 19
[5284] = S 6
[5285] = Z 6
[5286] = CNOT 6 19
[5287] = CNOT 6 20
[5288] = Z 6
[5289] = CNOT 6 20
[5290] = CNOT 6 21
[5291] = S 6
[5292] = CNOT 6 21
[5293] = CNOT 6 22
[5294] = S 6
[5295] = CNOT 6 22
[5296] = CNOT 6 23
[5297] = Z 6
[5298] = CNOT 6 23
[5299] = CNOT 6 34
[5300] = S 6
[5301] = CNOT 6 34
[5302] = CNOT 6 35
[5303] = S 6
[5304] = Z 6
[5305] = CNOT 6 35
[5306] = CNOT 6 37
[5307] = Z 6
[5308] = CNOT 6 37
[5309] = CNOT 6 38
[5310] = Z 6
[5311] = CNOT 6 38
[5312] = CNOT 6 39
[5313] = Z 6
[5314] = CNOT 6 39
[5315] = CNOT 6 10
[5316] = CNOT 6 11
[5317] = CNOT 6 12
[5318] = S 6
[5319] = Z 6
[5320] = CNOT 6 12
[5321] = CNOT 6 13
[5322] = S 6
[5323] = Z 6
[5324] = CNOT 6 13
[5325] = CNOT 6 15
[5326] = Z 6
[5327] = CNOT 6 15
[5328] = CNOT 6 17
[5329] = S 6
[5330] = CNOT 6 17
[5331] = CNOT 6 18
[5332] = S 6
[5333] = Z 6
[5334] = CNOT 6 18
[5335] = CNOT 6 19
[5336] = Z 6
[5337] = CNOT 6 19
[5338] = CNOT 6 20
[5339] = Z 6
[5340] = CNOT 6 20
[5341] = CNOT 6 21
[5342] = Z 6
[5343] = CNOT 6 21
[5344] = CNOT 6 33
[5345] = S 6
[5346] = Z 6
[5347] = CNOT 6 33
[5348] = CNOT 6 34
[5349] = S 6
[5350] = CNOT 6 34
[5351] = CNOT 6 35
[5352] = S 6
[5353] = Z 6
[5354] = CNOT 6 35
[5355] = CNOT 6 37
[5356] = S 6
[5357] = CNOT 6 37
[5358] = CNOT 6 38
[5359] = S 6
[5360] = CNOT 6 38
[5361] = CNOT 6 39
[5362] = Z 6
[5363] = CNOT 6 39
[5364] = CNOT 6 11
[5365] = CNOT 6 12
[5366] = CNOT 6 13
[5367] = S 6
[5368] = Z 6
[5369] = CNOT 6 13
[5370] = CNOT 6 14
[5371] = S 6
[5372] = Z 6
[5373] = CNOT 6 14
[5374] = CNOT 6 15
[5375] = S 6
[5376] = Z 6
[5377] = CNOT 6 15
[5378] = CNOT 6 16
[5379] = S 6
[5380] = Z 6
[5381] = CNOT 6 16
[5382] = CNOT 6 18
[5383] = S 6
[5384] = Z 6
[5385] = CNOT 6 18
[5386] = CNOT 6 19
[5387] = S 6
[5388] = Z 6
[5389] = CNOT 6 19
[5390] = CNOT 6 20
[5391] = S 6
[5392] = Z 6
[5393] = CNOT 6 20
[5394] = CNOT 6 33
[5395] = S 6
[5396] = Z 6
[5397] = CNOT 6 33
[5398] = CNOT 6 34
[5399] = S 6
[5400] = Z 6
[5401] = CNOT 6 34
[5402] = CNOT 6 35
[5403] = S 6
[5404] = Z 6
[5405] = CNOT 6 35
[5406] = CNOT 6 38
[5407] = S 6
[5408] = Z 6
[5409] = CNOT 6 38
[5410] = CNOT 6 39
[5411] = S 6
[5412] = Z 6
[5413] = CNOT 6 39
[5414] = CNOT 6 12
[5415] = CNOT 6 13
[5416] = CNOT 6 15
[5417] = Z 6
[5418] = CNOT 6 15
[5419] = CNOT 6 16
[5420] = S 6
[5421] = Z 6
[5422] = CNOT 6 16
[5423] = CNOT 6 17
[5424] = S 6
[5425] = CNOT 6 17
[5426] = CNOT 6 19
[5427] = S 6
[5428] = CNOT 6 19
[5429] = CNOT 6 20
[5430] = Z 6
[5431] = CNOT 6 20
[5432] = CNOT 6 21
[5433] = Z 6
[5434] = CNOT 6 21
[5435] = CNOT 6 33
[5436] = S 6
[5437] = CNOT 6 33
[5438] = CNOT 6 34
[5439] = S 6
[5440] = Z 6
[5441] = CNOT 6 34
[5442] = CNOT 6 35
[5443] = S 6
[5444] = CNOT 6 35
[5445] = CNOT 6 37
[5446] = Z 6
[5447] = CNOT 6 37
[5448] = CNOT 6 38
[5449] = S 6
[5450] = Z 6
[5451] = CNOT 6 38
[5452] = CNOT 6 39
[5453] = S 6
[5454] = Z 6
[5455] = CNOT 6 39
[5456] = CNOT 6 13
[5457] = CNOT 6 14
[5458] = CNOT 6 15
[5459] = Z 6
[5460] = CNOT 6 15
[5461] = CNOT 6 16
[5462] = S 6
[5463] = Z 6
[5464] = CNOT 6 16
[5465] = CNOT 6 17
[5466] = Z 6
[5467] = CNOT 6 17
[5468] = CNOT 6 18
[5469] = S 6
[5470] = CNOT 6 18
[5471] = CNOT 6 19
[5472] = S 6
[5473] = CNOT 6 19
[5474] = CNOT 6 21
[5475] = S 6
[5476] = CNOT 6 21
[5477] = CNOT 6 33
[5478] = Z 6
[5479] = CNOT 6 33
[5480] = CNOT 6 34
[5481] = S 6
[5482] = Z 6
[5483] = CNOT 6 34
[5484] = CNOT 6 37
[5485] = Z 6
[5486] = CNOT 6 37
[5487] = CNOT 6 38
[5488] = Z 6
[5489] = CNOT 6 38
[5490] = CNOT 6 39
[5491] = Z 6
[5492] = CNOT 6 39
[5493] = CNOT 6 14
[5494] = CNOT 6 15
[5495] = CNOT 6 16
[5496] = S 6
[5497] = Z 6
[5498] = CNOT 6 16
[5499] = CNOT 6 17
[5500] = S 6
[5501] = Z 6
[5502] = CNOT 6 17
[5503] = CNOT 6 18
[5504] = S 6
[5505] = Z 6
[5506] = CNOT 6 18
[5507] = CNOT 6 19
[5508] = Z 6
[5509] = CNOT 6 19
[5510] = CNOT 6 20
[5511] = S 6
[5512] = Z 6
[5513] = CNOT 6 20
[5514] = CNOT 6 21
[5515] = Z 6
[5516] = CNOT 6 21
[5517] = CNOT 6 22
[5518] = S 6
[5519] = Z 6
[5520] = CNOT 6 22
[5521] = CNOT 6 33
[5522] = S 6
[5523] = Z 6
[5524] = CNOT 6 33
[5525] = CNOT 6 34
[5526] = Z 6
[5527] = CNOT 6 34
[5528] = CNOT 6 35
[5529] = Z 6
[5530] = CNOT 6 35
[5531] = CNOT 6 38
[5532] = Z 6
[5533] = CNOT 6 38
[5534] = CNOT 6 39
[5535] = S 6
[5536] = Z 6
[5537] = CNOT 6 39
[5538] = CNOT 6 15
[5539] = CNOT 6 16
[5540] = CNOT 6 17
[5541] = S 6
[5542] = CNOT 6 17
[5543] = CNOT 6 18
[5544] = S 6
[5545] = Z 6
[5546] = CNOT 6 18
[5547] = CNOT 6 19
[5548] = S 6
[5549] = CNOT 6 19
[5550] = CNOT 6 20
[5551] = S 6
[5552] = CNOT 6 20
[5553] = CNOT 6 21
[5554] = S 6
[5555] = CNOT 6 21
[5556] = CNOT 6 22
[5557] = Z 6
[5558] = CNOT 6 22
[5559] = CNOT 6 23
[5560] = S 6
[5561] = Z 6
[5562] = CNOT 6 23
[5563] = CNOT 6 33
[5564] = Z 6
[5565] = CNOT 6 33
[5566] = CNOT 6 34
[5567] = S 6
[5568] = Z 6
[5569] = CNOT 6 34
[5570] = CNOT 6 35
[5571] = S 6
[5572] = CNOT 6 35
[5573] = CNOT 6 37
[5574] = S 6
[5575] = CNOT 6 37
[5576] = CNOT 6 38
[5577] = S 6
[5578] = CNOT 6 38
[5579] = CNOT 6 39
[5580] = S 6
[5581] = CNOT 6 39
[5582] = CNOT 6 16
[5583] = CNOT 6 17
[5584] = CNOT 6 18
[5585] = S 6
[5586] = CNOT 6 18
[5587] = CNOT 6 19
[5588] = S 6
[5589] = Z 6
[5590] = CNOT 6 19
[5591] = CNOT 6 20
[5592] = S 6
[5593] = Z 6
[5594] = CNOT 6 20
[5595] = CNOT 6 21
[5596] = Z 6
[5597] = CNOT 6 21
[5598] = CNOT 6 33
[5599] = S 6
[5600] = Z 6
[5601] = CNOT 6 33
[5602] = CNOT 6 34
[5603] = S 6
[5604] = CNOT 6 34
[5605] = CNOT 6 35
[5606] = S 6
[5607] = Z 6
[5608] = CNOT 6 35
[5609] = CNOT 6 37
[5610] = Z 6
[5611] = CNOT 6 37
[5612] = CNOT 6 38
[5613] = S 6
[5614] = CNOT 6 38
[5615] = CNOT 6 39
[5616] = S 6
[5617] = CNOT 6 39
[5618] = CNOT 6 17
[5619] = CNOT 6 18
[5620] = CNOT 6 19
[5621] = S 6
[5622] = Z 6
[5623] = CNOT 6 19
[5624] = CNOT 6 20
[5625] = S 6
[5626] = Z 6
[5627] = CNOT 6 20
[5628] = CNOT 6 21
[5629] = S 6
[5630] = CNOT 6 21
[5631] = CNOT 6 22
[5632] = S 6
[5633] = CNOT 6 22
[5634] = CNOT 6 23
[5635] = Z 6
[5636] = CNOT 6 23
[5637] = CNOT 6 33
[5638] = S 6
[5639] = CNOT 6 33
[5640] = CNOT 6 34
[5641] = Z 6
[5642] = CNOT 6 34
[5643] = CNOT 6 37
[5644] = Z 6
[5645] = CNOT 6 37
[5646] = CNOT 6 38
[5647] = Z 6
[5648] = CNOT 6 38
[5649] = CNOT 6 18
[5650] = CNOT 6 19
[5651] = CNOT 6 20
[5652] = S 6
[5653] = CNOT 6 20
[5654] = CNOT 6 21
[5655] = S 6
[5656] = Z 6
[5657] = CNOT 6 21
[5658] = CNOT 6 34
[5659] = S 6
[5660] = CNOT 6 34
[5661] = CNOT 6 35
[5662] = S 6
[5663] = CNOT 6 35
[5664] = CNOT 6 37
[5665] = S 6
[5666] = Z 6
[5667] = CNOT 6 37
[5668] = CNOT 6 38
[5669] = S 6
[5670] = Z 6
[5671] = CNOT 6 38
[5672] = CNOT 6 39
[5673] = S 6
[5674] = CNOT 6 39
[5675] = CNOT 6 19
[5676] = CNOT 6 20
[5677] = CNOT 6 21
[5678] = Z 6
[5679] = CNOT 6 21
[5680] = CNOT 6 33
[5681] = S 6
[5682] = Z 6
[5683] = CNOT 6 33
[5684] = CNOT 6 34
[5685] = S 6
[5686] = CNOT 6 34
[5687] = CNOT 6 35
[5688] = S 6
[5689] = CNOT 6 35
[5690] = CNOT 6 37
[5691] = S 6
[5692] = Z 6
[5693] = CNOT 6 37
[5694] = CNOT 6 20
[5695] = CNOT 6 21
[5696] = CNOT 6 22
[5697] = S 6
[5698] = CNOT 6 22
[5699] = CNOT 6 23
[5700] = Z 6
[5701] = CNOT 6 23
[5702] = CNOT 6 33
[5703] = S 6
[5704] = Z 6
[5705] = CNOT 6 33
[5706] = CNOT 6 34
[5707] = Z 6
[5708] = CNOT 6 34
[5709] = CNOT 6 37
[5710] = Z 6
[5711] = CNOT 6 37
[5712] = CNOT 6 38
[5713] = Z 6
[5714] = CNOT 6 38
[5715] = CNOT 6 39
[5716] = S 6
[5717] = CNOT 6 39
[5718] = CNOT 6 21
[5719] = CNOT 6 22
[5720] = CNOT 6 33
[5721] = S 6
[5722] = CNOT 6 33
[5723] = CNOT 6 39
[5724] = S 6
[5725] = CNOT 6 39
[5726] = CNOT 6 22
[5727] = CNOT 6 23
[5728] = CNOT 6 33
[5729] = Z 6
[5730] = CNOT 6 33
[5731] = CNOT 6 39
[5732] = Z 6
[5733] = CNOT 6 39
[5734] = CNOT 6 23
[5735] = CNOT 6 33
[5736] = CNOT 6 34
[5737] = Z 6
[5738] = CNOT 6 34
[5739] = CNOT 6 35
[5740] = Z 6
[5741] = CNOT 6 35
[5742] = CNOT 6 37
[5743] = S 6
[5744] = Z 6
[5745] = CNOT 6 37
[5746] = CNOT 6 38
[5747] = Z 6
[5748] = CNOT 6 38
[5749] = CNOT 6 33
[5750] = CNOT 6 34
[5751] = CNOT 6 35
[5752] = Z 6
[5753] = CNOT 6 35
[5754] = CNOT 6 37
[5755] = S 6
[5756] = CNOT 6 37
[5757] = CNOT 6 39
[5758] = S 6
[5759] = CNOT 6 39
[5760] = CNOT 6 34
[5761] = CNOT 6 35
[5762] = CNOT 6 37
[5763] = S 6
[5764] = Z 6
[5765] = CNOT 6 37
[5766] = CNOT 6 38
[5767] = Z 6
[5768] = CNOT 6 38
[5769] = CNOT 6 39
[5770] = S 6
[5771] = Z 6
[5772] = CNOT 6 39
[5773] = CNOT 6 35
[5774] = CNOT 6 37
[5775] = CNOT 6 38
[5776] = Z 6
[5777] = CNOT 6 38
[5778] = CNOT 6 39
[5779] = S 6
[5780] = CNOT 6 37
[5781] = CNOT 6 38
[5782] = S 6
[5783] = CNOT 6 39
[5784] = CNOT 6 38
[5785] = CNOT 7 8
[5786] = CNOT 7 9
[5787] = S 7
[5788] = Z 7
[5789] = CNOT 7 9
[5790] = CNOT 7 10
[5791] = S 7
[5792] = Z 7
[5793] = CNOT 7 10
[5794] = CNOT 7 11
[5795] = S 7
[5796] = CNOT 7 11
[5797] = CNOT 7 12
[5798] = S 7
[5799] = Z 7
[5800] = CNOT 7 12
[5801] = CNOT 7 13
[5802] = Z 7
[5803] = CNOT 7 13
[5804] = CNOT 7 14
[5805] = S 7
[5806] = CNOT 7 14
[5807] = CNOT 7 16
[5808] = S 7
[5809] = Z 7
[5810] = CNOT 7 16
[5811] = CNOT 7 17
[5812] = S 7
[5813] = Z 7
[5814] = CNOT 7 17
[5815] = CNOT 7 18
[5816] = Z 7
[5817] = CNOT 7 18
[5818] = CNOT 7 19
[5819] = Z 7
[5820] = CNOT 7 19
[5821] = CNOT 7 20
[5822] = Z 7
[5823] = CNOT 7 20
[5824] = CNOT 7 21
[5825] = S 7
[5826] = CNOT 7 21
[5827] = CNOT 7 22
[5828] = S 7
[5829] = Z 7
[5830] = CNOT 7 22
[5831] = CNOT 7 23
[5832] = S 7
[5833] = Z 7
[5834] = CNOT 7 23
[5835] = CNOT 7 33
[5836] = S 7
[5837] = Z 7
[5838] = CNOT 7 33
[5839] = CNOT 7 34
[5840] = S 7
[5841] = CNOT 7 34
[5842] = CNOT 7 35
[5843] = S 7
[5844] = CNOT 7 35
[5845] = CNOT 7 38
[5846] = S 7
[5847] = CNOT 7 38
[5848] = CNOT 7 8
[5849] = CNOT 7 9
[5850] = CNOT 7 10
[5851] = S 7
[5852] = CNOT 7 10
[5853] = CNOT 7 14
[5854] = S 7
[5855] = Z 7
[5856] = CNOT 7 14
[5857] = CNOT 7 19
[5858] = S 7
[5859] = Z 7
[5860] = CNOT 7 19
[5861] = CNOT 7 20
[5862] = S 7
[5863] = Z 7
[5864] = CNOT 7 20
[5865] = CNOT 7 32
[5866] = Z 7
[5867] = CNOT 7 32
[5868] = CNOT 7 33
[5869] = S 7
[5870] = CNOT 7 33
[5871] = CNOT 7 34
[5872] = S 7
[5873] = CNOT 7 34
[5874] = CNOT 7 35
[5875] = S 7
[5876] = Z 7
[5877] = CNOT 7 35
[5878] = CNOT 7 39
[5879] = S 7
[5880] = CNOT 7 39
[5881] = CNOT 7 9
[5882] = CNOT 7 10
[5883] = CNOT 7 11
[5884] = S 7
[5885] = CNOT 7 11
[5886] = CNOT 7 15
[5887] = S 7
[5888] = Z 7
[5889] = CNOT 7 15
[5890] = CNOT 7 16
[5891] = Z 7
[5892] = CNOT 7 16
[5893] = CNOT 7 21
[5894] = S 7
[5895] = Z 7
[5896] = CNOT 7 21
[5897] = CNOT 7 22
[5898] = Z 7
[5899] = CNOT 7 22
[5900] = CNOT 7 23
[5901] = Z 7
[5902] = CNOT 7 23
[5903] = CNOT 7 33
[5904] = S 7
[5905] = Z 7
[5906] = CNOT 7 33
[5907] = CNOT 7 34
[5908] = Z 7
[5909] = CNOT 7 34
[5910] = CNOT 7 38
[5911] = S 7
[5912] = Z 7
[5913] = CNOT 7 38
[5914] = CNOT 7 39
[5915] = S 7
[5916] = CNOT 7 39
[5917] = CNOT 7 10
[5918] = CNOT 7 11
[5919] = CNOT 7 13
[5920] = S 7
[5921] = CNOT 7 13
[5922] = CNOT 7 14
[5923] = S 7
[5924] = Z 7
[5925] = CNOT 7 14
[5926] = CNOT 7 16
[5927] = S 7
[5928] = CNOT 7 16
[5929] = CNOT 7 17
[5930] = S 7
[5931] = CNOT 7 17
[5932] = CNOT 7 18
[5933] = S 7
[5934] = CNOT 7 18
[5935] = CNOT 7 19
[5936] = Z 7
[5937] = CNOT 7 19
[5938] = CNOT 7 20
[5939] = Z 7
[5940] = CNOT 7 20
[5941] = CNOT 7 35
[5942] = S 7
[5943] = CNOT 7 35
[5944] = CNOT 7 36
[5945] = S 7
[5946] = Z 7
[5947] = CNOT 7 36
[5948] = CNOT 7 38
[5949] = S 7
[5950] = CNOT 7 38
[5951] = CNOT 7 39
[5952] = S 7
[5953] = Z 7
[5954] = CNOT 7 39
[5955] = CNOT 7 11
[5956] = CNOT 7 12
[5957] = CNOT 7 13
[5958] = S 7
[5959] = CNOT 7 13
[5960] = CNOT 7 15
[5961] = S 7
[5962] = CNOT 7 15
[5963] = CNOT 7 17
[5964] = S 7
[5965] = Z 7
[5966] = CNOT 7 17
[5967] = CNOT 7 18
[5968] = S 7
[5969] = CNOT 7 18
[5970] = CNOT 7 19
[5971] = S 7
[5972] = CNOT 7 19
[5973] = CNOT 7 12
[5974] = CNOT 7 13
[5975] = CNOT 7 14
[5976] = S 7
[5977] = CNOT 7 14
[5978] = CNOT 7 15
[5979] = Z 7
[5980] = CNOT 7 15
[5981] = CNOT 7 16
[5982] = S 7
[5983] = CNOT 7 16
[5984] = CNOT 7 17
[5985] = Z 7
[5986] = CNOT 7 17
[5987] = CNOT 7 18
[5988] = S 7
[5989] = CNOT 7 18
[5990] = CNOT 7 20
[5991] = S 7
[5992] = Z 7
[5993] = CNOT 7 20
[5994] = CNOT 7 33
[5995] = S 7
[5996] = CNOT 7 33
[5997] = CNOT 7 34
[5998] = S 7
[5999] = CNOT 7 34
[6000] = CNOT 7 35
[6001] = S 7
[6002] = CNOT 7 35
[6003] = CNOT 7 38
[6004] = S 7
[6005] = CNOT 7 38
[6006] = CNOT 7 39
[6007] = S 7
[6008] = CNOT 7 39
[6009] = CNOT 7 13
[6010] = CNOT 7 14
[6011] = CNOT 7 15
[6012] = S 7
[6013] = Z 7
[6014] = CNOT 7 15
[6015] = CNOT 7 16
[6016] = S 7
[6017] = Z 7
[6018] = CNOT 7 16
[6019] = CNOT 7 17
[6020] = S 7
[6021] = CNOT 7 17
[6022] = CNOT 7 18
[6023] = S 7
[6024] = CNOT 7 18
[6025] = CNOT 7 19
[6026] = Z 7
[6027] = CNOT 7 19
[6028] = CNOT 7 20
[6029] = S 7
[6030] = Z 7
[6031] = CNOT 7 20
[6032] = CNOT 7 33
[6033] = S 7
[6034] = Z 7
[6035] = CNOT 7 33
[6036] = CNOT 7 34
[6037] = S 7
[6038] = Z 7
[6039] = CNOT 7 34
[6040] = CNOT 7 35
[6041] = S 7
[6042] = Z 7
[6043] = CNOT 7 35
[6044] = CNOT 7 39
[6045] = S 7
[6046] = Z 7
[6047] = CNOT 7 39
[6048] = CNOT 7 14
[6049] = CNOT 7 15
[6050] = CNOT 7 16
[6051] = S 7
[6052] = CNOT 7 16
[6053] = CNOT 7 19
[6054] = S 7
[6055] = CNOT 7 19
[6056] = CNOT 7 20
[6057] = S 7
[6058] = CNOT 7 20
[6059] = CNOT 7 21
[6060] = S 7
[6061] = Z 7
[6062] = CNOT 7 21
[6063] = CNOT 7 22
[6064] = S 7
[6065] = Z 7
[6066] = CNOT 7 22
[6067] = CNOT 7 33
[6068] = S 7
[6069] = Z 7
[6070] = CNOT 7 33
[6071] = CNOT 7 38
[6072] = Z 7
[6073] = CNOT 7 38
[6074] = CNOT 7 15
[6075] = CNOT 7 16
[6076] = CNOT 7 18
[6077] = S 7
[6078] = CNOT 7 18
[6079] = CNOT 7 19
[6080] = Z 7
[6081] = CNOT 7 19
[6082] = CNOT 7 20
[6083] = Z 7
[6084] = CNOT 7 20
[6085] = CNOT 7 21
[6086] = S 7
[6087] = CNOT 7 21
[6088] = CNOT 7 22
[6089] = S 7
[6090] = Z 7
[6091] = CNOT 7 22
[6092] = CNOT 7 23
[6093] = S 7
[6094] = Z 7
[6095] = CNOT 7 23
[6096] = CNOT 7 32
[6097] = S 7
[6098] = CNOT 7 32
[6099] = CNOT 7 34
[6100] = S 7
[6101] = CNOT 7 34
[6102] = CNOT 7 35
[6103] = Z 7
[6104] = CNOT 7 35
[6105] = CNOT 7 36
[6106] = Z 7
[6107] = CNOT 7 36
[6108] = CNOT 7 16
[6109] = CNOT 7 17
[6110] = CNOT 7 18
[6111] = S 7
[6112] = CNOT 7 18
[6113] = CNOT 7 19
[6114] = S 7
[6115] = CNOT 7 19
[6116] = CNOT 7 20
[6117] = S 7
[6118] = CNOT 7 20
[6119] = CNOT 7 34
[6120] = S 7
[6121] = CNOT 7 34
[6122] = CNOT 7 35
[6123] = S 7
[6124] = CNOT 7 35
[6125] = CNOT 7 38
[6126] = S 7
[6127] = CNOT 7 38
[6128] = CNOT 7 17
[6129] = CNOT 7 18
[6130] = CNOT 7 21
[6131] = S 7
[6132] = Z 7
[6133] = CNOT 7 21
[6134] = CNOT 7 22
[6135] = Z 7
[6136] = CNOT 7 22
[6137] = CNOT 7 23
[6138] = Z 7
[6139] = CNOT 7 23
[6140] = CNOT 7 33
[6141] = S 7
[6142] = CNOT 7 33
[6143] = CNOT 7 34
[6144] = S 7
[6145] = CNOT 7 34
[6146] = CNOT 7 35
[6147] = S 7
[6148] = CNOT 7 35
[6149] = CNOT 7 38
[6150] = S 7
[6151] = CNOT 7 38
[6152] = CNOT 7 39
[6153] = S 7
[6154] = CNOT 7 39
[6155] = CNOT 7 18
[6156] = CNOT 7 19
[6157] = CNOT 7 20
[6158] = S 7
[6159] = CNOT 7 20
[6160] = CNOT 7 33
[6161] = Z 7
[6162] = CNOT 7 33
[6163] = CNOT 7 34
[6164] = Z 7
[6165] = CNOT 7 34
[6166] = CNOT 7 35
[6167] = Z 7
[6168] = CNOT 7 35
[6169] = CNOT 7 38
[6170] = S 7
[6171] = Z 7
[6172] = CNOT 7 38
[6173] = CNOT 7 39
[6174] = Z 7
[6175] = CNOT 7 39
[6176] = CNOT 7 19
[6177] = CNOT 7 20
[6178] = CNOT 7 33
[6179] = Z 7
[6180] = CNOT 7 33
[6181] = CNOT 7 34
[6182] = Z 7
[6183] = CNOT 7 34
[6184] = CNOT 7 35
[6185] = Z 7
[6186] = CNOT 7 35
[6187] = CNOT 7 38
[6188] = S 7
[6189] = Z 7
[6190] = CNOT 7 38
[6191] = CNOT 7 39
[6192] = Z 7
[6193] = CNOT 7 39
[6194] = CNOT 7 20
[6195] = CNOT 7 21
[6196] = CNOT 7 22
[6197] = Z 7
[6198] = CNOT 7 22
[6199] = CNOT 7 23
[6200] = Z 7
[6201] = CNOT 7 23
[6202] = CNOT 7 33
[6203] = S 7
[6204] = Z 7
[6205] = CNOT 7 33
[6206] = CNOT 7 39
[6207] = S 7
[6208] = Z 7
[6209] = CNOT 7 39
[6210] = CNOT 7 21
[6211] = CNOT 7 22
[6212] = CNOT 7 33
[6213] = Z 7
[6214] = CNOT 7 33
[6215] = CNOT 7 39
[6216] = Z 7
[6217] = CNOT 7 39
[6218] = CNOT 7 22
[6219] = CNOT 7 23
[6220] = CNOT 7 33
[6221] = Z 7
[6222] = CNOT 7 33
[6223] = CNOT 7 39
[6224] = Z 7
[6225] = CNOT 7 39
[6226] = CNOT 7 23
[6227] = CNOT 7 32
[6228] = CNOT 7 33
[6229] = S 7
[6230] = CNOT 7 33
[6231] = CNOT 7 35
[6232] = S 7
[6233] = CNOT 7 35
[6234] = CNOT 7 36
[6235] = Z 7
[6236] = CNOT 7 36
[6237] = CNOT 7 32
[6238] = CNOT 7 33
[6239] = CNOT 7 34
[6240] = Z 7
[6241] = CNOT 7 34
[6242] = CNOT 7 36
[6243] = Z 7
[6244] = CNOT 7 36
[6245] = CNOT 7 38
[6246] = S 7
[6247] = CNOT 7 38
[6248] = CNOT 7 39
[6249] = S 7
[6250] = CNOT 7 39
[6251] = CNOT 7 33
[6252] = CNOT 7 34
[6253] = CNOT 7 35
[6254] = Z 7
[6255] = CNOT 7 35
[6256] = CNOT 7 36
[6257] = Z 7
[6258] = CNOT 7 36
[6259] = CNOT 7 38
[6260] = S 7
[6261] = CNOT 7 38
[6262] = CNOT 7 39
[6263] = S 7
[6264] = CNOT 7 39
[6265] = CNOT 7 34
[6266] = CNOT 7 35
[6267] = CNOT 7 36
[6268] = Z 7
[6269] = CNOT 7 36
[6270] = CNOT 7 38
[6271] = S 7
[6272] = CNOT 7 38
[6273] = CNOT 7 39
[6274] = Z 7
[6275] = CNOT 7 35
[6276] = CNOT 7 38
[6277] = S 7
[6278] = CNOT 7 39
[6279] = CNOT 7 38
[6280] = CNOT 8 9
[6281] = CNOT 8 10
[6282] = S 8
[6283] = Z 8
[6284] = CNOT 8 10
[6285] = CNOT 8 33
[6286] = S 8
[6287] = Z 8
[6288] = CNOT 8 33
[6289] = CNOT 8 9
[6290] = CNOT 8 10
[6291] = CNOT 8 15
[6292] = S 8
[6293] = Z 8
[6294] = CNOT 8 15
[6295] = CNOT 8 16
[6296] = Z 8
[6297] = CNOT 8 16
[6298] = CNOT 8 18
[6299] = S 8
[6300] = CNOT 8 18
[6301] = CNOT 8 21
[6302] = S 8
[6303] = CNOT 8 21
[6304] = CNOT 8 22
[6305] = S 8
[6306] = Z 8
[6307] = CNOT 8 22
[6308] = CNOT 8 23
[6309] = S 8
[6310] = Z 8
[6311] = CNOT 8 23
[6312] = CNOT 8 33
[6313] = S 8
[6314] = Z 8
[6315] = CNOT 8 33
[6316] = CNOT 8 10
[6317] = CNOT 8 11
[6318] = CNOT 8 12
[6319] = S 8
[6320] = Z 8
[6321] = CNOT 8 12
[6322] = CNOT 8 13
[6323] = Z 8
[6324] = CNOT 8 13
[6325] = CNOT 8 15
[6326] = S 8
[6327] = CNOT 8 15
[6328] = CNOT 8 16
[6329] = S 8
[6330] = Z 8
[6331] = CNOT 8 16
[6332] = CNOT 8 21
[6333] = S 8
[6334] = Z 8
[6335] = CNOT 8 21
[6336] = CNOT 8 33
[6337] = S 8
[6338] = Z 8
[6339] = CNOT 8 33
[6340] = CNOT 8 34
[6341] = S 8
[6342] = Z 8
[6343] = CNOT 8 34
[6344] = CNOT 8 35
[6345] = S 8
[6346] = Z 8
[6347] = CNOT 8 35
[6348] = CNOT 8 38
[6349] = S 8
[6350] = Z 8
[6351] = CNOT 8 38
[6352] = CNOT 8 39
[6353] = S 8
[6354] = Z 8
[6355] = CNOT 8 39
[6356] = CNOT 8 11
[6357] = CNOT 8 12
[6358] = CNOT 8 13
[6359] = S 8
[6360] = Z 8
[6361] = CNOT 8 13
[6362] = CNOT 8 14
[6363] = S 8
[6364] = Z 8
[6365] = CNOT 8 14
[6366] = CNOT 8 15
[6367] = S 8
[6368] = Z 8
[6369] = CNOT 8 15
[6370] = CNOT 8 16
[6371] = S 8
[6372] = Z 8
[6373] = CNOT 8 16
[6374] = CNOT 8 18
[6375] = S 8
[6376] = Z 8
[6377] = CNOT 8 18
[6378] = CNOT 8 20
[6379] = S 8
[6380] = Z 8
[6381] = CNOT 8 20
[6382] = CNOT 8 33
[6383] = S 8
[6384] = Z 8
[6385] = CNOT 8 33
[6386] = CNOT 8 34
[6387] = S 8
[6388] = Z 8
[6389] = CNOT 8 34
[6390] = CNOT 8 35
[6391] = S 8
[6392] = Z 8
[6393] = CNOT 8 35
[6394] = CNOT 8 38
[6395] = S 8
[6396] = Z 8
[6397] = CNOT 8 38
[6398] = CNOT 8 39
[6399] = S 8
[6400] = Z 8
[6401] = CNOT 8 39
[6402] = CNOT 8 12
[6403] = CNOT 8 13
[6404] = CNOT 8 14
[6405] = Z 8
[6406] = CNOT 8 14
[6407] = CNOT 8 15
[6408] = Z 8
[6409] = CNOT 8 15
[6410] = CNOT 8 16
[6411] = Z 8
[6412] = CNOT 8 16
[6413] = CNOT 8 18
[6414] = Z 8
[6415] = CNOT 8 18
[6416] = CNOT 8 19
[6417] = S 8
[6418] = Z 8
[6419] = CNOT 8 19
[6420] = CNOT 8 20
[6421] = S 8
[6422] = Z 8
[6423] = CNOT 8 20
[6424] = CNOT 8 33
[6425] = Z 8
[6426] = CNOT 8 33
[6427] = CNOT 8 34
[6428] = Z 8
[6429] = CNOT 8 34
[6430] = CNOT 8 35
[6431] = Z 8
[6432] = CNOT 8 35
[6433] = CNOT 8 38
[6434] = Z 8
[6435] = CNOT 8 38
[6436] = CNOT 8 39
[6437] = Z 8
[6438] = CNOT 8 39
[6439] = CNOT 8 13
[6440] = CNOT 8 14
[6441] = CNOT 8 15
[6442] = S 8
[6443] = CNOT 8 15
[6444] = CNOT 8 16
[6445] = S 8
[6446] = Z 8
[6447] = CNOT 8 16
[6448] = CNOT 8 33
[6449] = S 8
[6450] = Z 8
[6451] = CNOT 8 33
[6452] = CNOT 8 34
[6453] = S 8
[6454] = Z 8
[6455] = CNOT 8 34
[6456] = CNOT 8 35
[6457] = S 8
[6458] = Z 8
[6459] = CNOT 8 35
[6460] = CNOT 8 38
[6461] = S 8
[6462] = Z 8
[6463] = CNOT 8 38
[6464] = CNOT 8 39
[6465] = S 8
[6466] = Z 8
[6467] = CNOT 8 39
[6468] = CNOT 8 14
[6469] = CNOT 8 15
[6470] = CNOT 8 19
[6471] = Z 8
[6472] = CNOT 8 19
[6473] = CNOT 8 20
[6474] = Z 8
[6475] = CNOT 8 20
[6476] = CNOT 8 21
[6477] = S 8
[6478] = Z 8
[6479] = CNOT 8 21
[6480] = CNOT 8 34
[6481] = S 8
[6482] = CNOT 8 34
[6483] = CNOT 8 35
[6484] = S 8
[6485] = CNOT 8 35
[6486] = CNOT 8 38
[6487] = S 8
[6488] = CNOT 8 38
[6489] = CNOT 8 15
[6490] = CNOT 8 16
[6491] = CNOT 8 18
[6492] = S 8
[6493] = CNOT 8 18
[6494] = CNOT 8 19
[6495] = S 8
[6496] = Z 8
[6497] = CNOT 8 19
[6498] = CNOT 8 20
[6499] = S 8
[6500] = Z 8
[6501] = CNOT 8 20
[6502] = CNOT 8 21
[6503] = S 8
[6504] = CNOT 8 21
[6505] = CNOT 8 22
[6506] = S 8
[6507] = Z 8
[6508] = CNOT 8 22
[6509] = CNOT 8 34
[6510] = Z 8
[6511] = CNOT 8 34
[6512] = CNOT 8 35
[6513] = Z 8
[6514] = CNOT 8 35
[6515] = CNOT 8 38
[6516] = Z 8
[6517] = CNOT 8 38
[6518] = CNOT 8 16
[6519] = CNOT 8 17
[6520] = CNOT 8 33
[6521] = S 8
[6522] = Z 8
[6523] = CNOT 8 33
[6524] = CNOT 8 39
[6525] = S 8
[6526] = Z 8
[6527] = CNOT 8 39
[6528] = CNOT 8 17
[6529] = CNOT 8 18
[6530] = CNOT 8 22
[6531] = S 8
[6532] = Z 8
[6533] = CNOT 8 22
[6534] = CNOT 8 23
[6535] = S 8
[6536] = Z 8
[6537] = CNOT 8 23
[6538] = CNOT 8 34
[6539] = S 8
[6540] = Z 8
[6541] = CNOT 8 34
[6542] = CNOT 8 35
[6543] = S 8
[6544] = Z 8
[6545] = CNOT 8 35
[6546] = CNOT 8 38
[6547] = S 8
[6548] = Z 8
[6549] = CNOT 8 38
[6550] = CNOT 8 18
[6551] = CNOT 8 19
[6552] = CNOT 8 21
[6553] = S 8
[6554] = Z 8
[6555] = CNOT 8 21
[6556] = CNOT 8 33
[6557] = S 8
[6558] = Z 8
[6559] = CNOT 8 33
[6560] = CNOT 8 34
[6561] = S 8
[6562] = Z 8
[6563] = CNOT 8 34
[6564] = CNOT 8 35
[6565] = S 8
[6566] = Z 8
[6567] = CNOT 8 35
[6568] = CNOT 8 38
[6569] = S 8
[6570] = Z 8
[6571] = CNOT 8 38
[6572] = CNOT 8 39
[6573] = S 8
[6574] = Z 8
[6575] = CNOT 8 39
[6576] = CNOT 8 19
[6577] = CNOT 8 20
[6578] = CNOT 8 21
[6579] = S 8
[6580] = Z 8
[6581] = CNOT 8 21
[6582] = CNOT 8 33
[6583] = S 8
[6584] = Z 8
[6585] = CNOT 8 33
[6586] = CNOT 8 34
[6587] = S 8
[6588] = Z 8
[6589] = CNOT 8 34
[6590] = CNOT 8 35
[6591] = S 8
[6592] = Z 8
[6593] = CNOT 8 35
[6594] = CNOT 8 38
[6595] = S 8
[6596] = Z 8
[6597] = CNOT 8 38
[6598] = CNOT 8 39
[6599] = S 8
[6600] = Z 8
[6601] = CNOT 8 39
[6602] = CNOT 8 20
[6603] = CNOT 8 21
[6604] = CNOT 8 22
[6605] = S 8
[6606] = Z 8
[6607] = CNOT 8 22
[6608] = CNOT 8 23
[6609] = S 8
[6610] = Z 8
[6611] = CNOT 8 23
[6612] = CNOT 8 34
[6613] = S 8
[6614] = Z 8
[6615] = CNOT 8 34
[6616] = CNOT 8 35
[6617] = S 8
[6618] = Z 8
[6619] = CNOT 8 35
[6620] = CNOT 8 38
[6621] = S 8
[6622] = Z 8
[6623] = CNOT 8 38
[6624] = CNOT 8 21
[6625] = CNOT 8 22
[6626] = CNOT 8 33
[6627] = S 8
[6628] = Z 8
[6629] = CNOT 8 33
[6630] = CNOT 8 39
[6631] = S 8
[6632] = Z 8
[6633] = CNOT 8 39
[6634] = CNOT 8 22
[6635] = CNOT 8 23
[6636] = CNOT 8 33
[6637] = S 8
[6638] = Z 8
[6639] = CNOT 8 33
[6640] = CNOT 8 39
[6641] = S 8
[6642] = Z 8
[6643] = CNOT 8 39
[6644] = CNOT 8 23
[6645] = CNOT 8 33
[6646] = CNOT 8 34
[6647] = Z 8
[6648] = CNOT 8 34
[6649] = CNOT 8 35
[6650] = Z 8
[6651] = CNOT 8 35
[6652] = CNOT 8 38
[6653] = Z 8
[6654] = CNOT 8 38
[6655] = CNOT 8 39
[6656] = S 8
[6657] = CNOT 8 39
[6658] = CNOT 8 33
[6659] = CNOT 8 34
[6660] = CNOT 8 35
[6661] = Z 8
[6662] = CNOT 8 35
[6663] = CNOT 8 38
[6664] = Z 8
[6665] = CNOT 8 38
[6666] = CNOT 8 39
[6667] = Z 8
[6668] = CNOT 8 39
[6669] = CNOT 8 34
[6670] = CNOT 8 35
[6671] = CNOT 8 38
[6672] = Z 8
[6673] = CNOT 8 38
[6674] = CNOT 8 39
[6675] = Z 8
[6676] = CNOT 8 35
[6677] = CNOT 8 38
[6678] = Z 8
[6679] = CNOT 8 39
[6680] = CNOT 8 38
[6681] = CNOT 9 10
[6682] = CNOT 9 33
[6683] = S 9
[6684] = CNOT 9 33
[6685] = CNOT 9 35
[6686] = S 9
[6687] = Z 9
[6688] = CNOT 9 35
[6689] = CNOT 9 39
[6690] = Z 9
[6691] = CNOT 9 39
[6692] = CNOT 9 10
[6693] = CNOT 9 11
[6694] = CNOT 9 14
[6695] = S 9
[6696] = CNOT 9 14
[6697] = CNOT 9 16
[6698] = Z 9
[6699] = CNOT 9 16
[6700] = CNOT 9 19
[6701] = S 9
[6702] = CNOT 9 19
[6703] = CNOT 9 20
[6704] = S 9
[6705] = CNOT 9 20
[6706] = CNOT 9 32
[6707] = Z 9
[6708] = CNOT 9 32
[6709] = CNOT 9 33
[6710] = Z 9
[6711] = CNOT 9 33
[6712] = CNOT 9 34
[6713] = S 9
[6714] = Z 9
[6715] = CNOT 9 34
[6716] = CNOT 9 35
[6717] = Z 9
[6718] = CNOT 9 35
[6719] = CNOT 9 37
[6720] = S 9
[6721] = Z 9
[6722] = CNOT 9 37
[6723] = CNOT 9 38
[6724] = S 9
[6725] = Z 9
[6726] = CNOT 9 38
[6727] = CNOT 9 39
[6728] = S 9
[6729] = CNOT 9 39
[6730] = CNOT 9 11
[6731] = CNOT 9 14
[6732] = CNOT 9 16
[6733] = S 9
[6734] = CNOT 9 16
[6735] = CNOT 9 19
[6736] = S 9
[6737] = CNOT 9 19
[6738] = CNOT 9 20
[6739] = S 9
[6740] = CNOT 9 20
[6741] = CNOT 9 33
[6742] = S 9
[6743] = CNOT 9 33
[6744] = CNOT 9 34
[6745] = S 9
[6746] = CNOT 9 34
[6747] = CNOT 9 35
[6748] = S 9
[6749] = CNOT 9 35
[6750] = CNOT 9 37
[6751] = S 9
[6752] = Z 9
[6753] = CNOT 9 37
[6754] = CNOT 9 38
[6755] = S 9
[6756] = Z 9
[6757] = CNOT 9 38
[6758] = CNOT 9 39
[6759] = S 9
[6760] = CNOT 9 39
[6761] = CNOT 9 14
[6762] = CNOT 9 16
[6763] = CNOT 9 19
[6764] = S 9
[6765] = CNOT 9 19
[6766] = CNOT 9 20
[6767] = S 9
[6768] = CNOT 9 20
[6769] = CNOT 9 32
[6770] = Z 9
[6771] = CNOT 9 32
[6772] = CNOT 9 33
[6773] = Z 9
[6774] = CNOT 9 33
[6775] = CNOT 9 34
[6776] = S 9
[6777] = Z 9
[6778] = CNOT 9 34
[6779] = CNOT 9 35
[6780] = Z 9
[6781] = CNOT 9 35
[6782] = CNOT 9 37
[6783] = S 9
[6784] = Z 9
[6785] = CNOT 9 37
[6786] = CNOT 9 38
[6787] = S 9
[6788] = Z 9
[6789] = CNOT 9 38
[6790] = CNOT 9 39
[6791] = S 9
[6792] = CNOT 9 39
[6793] = CNOT 9 16
[6794] = CNOT 9 19
[6795] = CNOT 9 20
[6796] = S 9
[6797] = CNOT 9 20
[6798] = CNOT 9 33
[6799] = S 9
[6800] = CNOT 9 33
[6801] = CNOT 9 34
[6802] = S 9
[6803] = CNOT 9 34
[6804] = CNOT 9 35
[6805] = S 9
[6806] = CNOT 9 35
[6807] = CNOT 9 37
[6808] = S 9
[6809] = Z 9
[6810] = CNOT 9 37
[6811] = CNOT 9 38
[6812] = S 9
[6813] = Z 9
[6814] = CNOT 9 38
[6815] = CNOT 9 39
[6816] = S 9
[6817] = CNOT 9 39
[6818] = CNOT 9 19
[6819] = CNOT 9 20
[6820] = CNOT 9 33
[6821] = S 9
[6822] = CNOT 9 33
[6823] = CNOT 9 34
[6824] = S 9
[6825] = CNOT 9 34
[6826] = CNOT 9 35
[6827] = S 9
[6828] = CNOT 9 35
[6829] = CNOT 9 37
[6830] = S 9
[6831] = Z 9
[6832] = CNOT 9 37
[6833] = CNOT 9 38
[6834] = S 9
[6835] = Z 9
[6836] = CNOT 9 38
[6837] = CNOT 9 39
[6838] = S 9
[6839] = CNOT 9 39
[6840] = CNOT 9 20
[6841] = CNOT 9 32
[6842] = CNOT 9 33
[6843] = Z 9
[6844] = CNOT 9 33
[6845] = CNOT 9 34
[6846] = S 9
[6847] = Z 9
[6848] = CNOT 9 34
[6849] = CNOT 9 35
[6850] = Z 9
[6851] = CNOT 9 35
[6852] = CNOT 9 32
[6853] = CNOT 9 33
[6854] = CNOT 9 34
[6855] = S 9
[6856] = Z 9
[6857] = CNOT 9 34
[6858] = CNOT 9 35
[6859] = S 9
[6860] = CNOT 9 35
[6861] = CNOT 9 37
[6862] = S 9
[6863] = Z 9
[6864] = CNOT 9 37
[6865] = CNOT 9 38
[6866] = S 9
[6867] = Z 9
[6868] = CNOT 9 38
[6869] = CNOT 9 39
[6870] = S 9
[6871] = Z 9
[6872] = CNOT 9 39
[6873] = CNOT 9 33
[6874] = CNOT 9 34
[6875] = CNOT 9 35
[6876] = S 9
[6877] = Z 9
[6878] = CNOT 9 35
[6879] = CNOT 9 37
[6880] = S 9
[6881] = Z 9
[6882] = CNOT 9 37
[6883] = CNOT 9 38
[6884] = S 9
[6885] = Z 9
[6886] = CNOT 9 38
[6887] = CNOT 9 39
[6888] = S 9
[6889] = CNOT 9 39
[6890] = CNOT 9 34
[6891] = CNOT 9 35
[6892] = CNOT 9 37
[6893] = S 9
[6894] = Z 9
[6895] = CNOT 9 37
[6896] = CNOT 9 38
[6897] = S 9
[6898] = Z 9
[6899] = CNOT 9 38
[6900] = CNOT 9 35
[6901] = CNOT 9 37
[6902] = CNOT 9 39
[6903] = S 9
[6904] = Z 9
[6905] = CNOT 9 37
[6906] = CNOT 9 38
[6907] = S 9
[6908] = Z 9
[6909] = CNOT 9 39
[6910] = CNOT 9 38
[6911] = CNOT 10 11
[6912] = CNOT 10 13
[6913] = Z 10
[6914] = CNOT 10 13
[6915] = CNOT 10 14
[6916] = S 10
[6917] = Z 10
[6918] = CNOT 10 14
[6919] = CNOT 10 16
[6920] = Z 10
[6921] = CNOT 10 16
[6922] = CNOT 10 17
[6923] = S 10
[6924] = CNOT 10 17
[6925] = CNOT 10 18
[6926] = Z 10
[6927] = CNOT 10 18
[6928] = CNOT 10 21
[6929] = Z 10
[6930] = CNOT 10 21
[6931] = CNOT 10 35
[6932] = Z 10
[6933] = CNOT 10 35
[6934] = CNOT 10 37
[6935] = Z 10
[6936] = CNOT 10 37
[6937] = CNOT 10 38
[6938] = S 10
[6939] = CNOT 10 38
[6940] = CNOT 10 39
[6941] = Z 10
[6942] = CNOT 10 39
[6943] = CNOT 10 11
[6944] = CNOT 10 13
[6945] = CNOT 10 14
[6946] = S 10
[6947] = Z 10
[6948] = CNOT 10 14
[6949] = CNOT 10 16
[6950] = Z 10
[6951] = CNOT 10 16
[6952] = CNOT 10 17
[6953] = Z 10
[6954] = CNOT 10 17
[6955] = CNOT 10 18
[6956] = Z 10
[6957] = CNOT 10 18
[6958] = CNOT 10 21
[6959] = Z 10
[6960] = CNOT 10 21
[6961] = CNOT 10 34
[6962] = Z 10
[6963] = CNOT 10 34
[6964] = CNOT 10 37
[6965] = Z 10
[6966] = CNOT 10 37
[6967] = CNOT 10 38
[6968] = Z 10
[6969] = CNOT 10 38
[6970] = CNOT 10 39
[6971] = Z 10
[6972] = CNOT 10 39
[6973] = CNOT 10 13
[6974] = CNOT 10 14
[6975] = CNOT 10 16
[6976] = S 10
[6977] = CNOT 10 16
[6978] = CNOT 10 17
[6979] = S 10
[6980] = Z 10
[6981] = CNOT 10 17
[6982] = CNOT 10 19
[6983] = S 10
[6984] = Z 10
[6985] = CNOT 10 19
[6986] = CNOT 10 20
[6987] = Z 10
[6988] = CNOT 10 20
[6989] = CNOT 10 33
[6990] = S 10
[6991] = CNOT 10 33
[6992] = CNOT 10 34
[6993] = S 10
[6994] = Z 10
[6995] = CNOT 10 34
[6996] = CNOT 10 37
[6997] = S 10
[6998] = Z 10
[6999] = CNOT 10 37
[7000] = CNOT 10 38
[7001] = S 10
[7002] = Z 10
[7003] = CNOT 10 38
[7004] = CNOT 10 14
[7005] = CNOT 10 15
[7006] = CNOT 10 16
[7007] = S 10
[7008] = CNOT 10 16
[7009] = CNOT 10 17
[7010] = S 10
[7011] = Z 10
[7012] = CNOT 10 17
[7013] = CNOT 10 21
[7014] = Z 10
[7015] = CNOT 10 21
[7016] = CNOT 10 22
[7017] = S 10
[7018] = Z 10
[7019] = CNOT 10 22
[7020] = CNOT 10 33
[7021] = Z 10
[7022] = CNOT 10 33
[7023] = CNOT 10 39
[7024] = Z 10
[7025] = CNOT 10 39
[7026] = CNOT 10 15
[7027] = CNOT 10 16
[7028] = CNOT 10 17
[7029] = S 10
[7030] = CNOT 10 17
[7031] = CNOT 10 18
[7032] = Z 10
[7033] = CNOT 10 18
[7034] = CNOT 10 19
[7035] = S 10
[7036] = Z 10
[7037] = CNOT 10 19
[7038] = CNOT 10 20
[7039] = S 10
[7040] = Z 10
[7041] = CNOT 10 20
[7042] = CNOT 10 22
[7043] = Z 10
[7044] = CNOT 10 22
[7045] = CNOT 10 23
[7046] = S 10
[7047] = Z 10
[7048] = CNOT 10 23
[7049] = CNOT 10 33
[7050] = Z 10
[7051] = CNOT 10 33
[7052] = CNOT 10 34
[7053] = Z 10
[7054] = CNOT 10 34
[7055] = CNOT 10 37
[7056] = Z 10
[7057] = CNOT 10 37
[7058] = CNOT 10 38
[7059] = Z 10
[7060] = CNOT 10 38
[7061] = CNOT 10 16
[7062] = CNOT 10 17
[7063] = CNOT 10 18
[7064] = Z 10
[7065] = CNOT 10 18
[7066] = CNOT 10 21
[7067] = Z 10
[7068] = CNOT 10 21
[7069] = CNOT 10 33
[7070] = S 10
[7071] = Z 10
[7072] = CNOT 10 33
[7073] = CNOT 10 34
[7074] = Z 10
[7075] = CNOT 10 34
[7076] = CNOT 10 37
[7077] = Z 10
[7078] = CNOT 10 37
[7079] = CNOT 10 38
[7080] = Z 10
[7081] = CNOT 10 38
[7082] = CNOT 10 39
[7083] = S 10
[7084] = CNOT 10 39
[7085] = CNOT 10 17
[7086] = CNOT 10 18
[7087] = CNOT 10 19
[7088] = Z 10
[7089] = CNOT 10 19
[7090] = CNOT 10 20
[7091] = S 10
[7092] = CNOT 10 20
[7093] = CNOT 10 21
[7094] = S 10
[7095] = Z 10
[7096] = CNOT 10 21
[7097] = CNOT 10 22
[7098] = S 10
[7099] = CNOT 10 22
[7100] = CNOT 10 23
[7101] = Z 10
[7102] = CNOT 10 23
[7103] = CNOT 10 33
[7104] = S 10
[7105] = CNOT 10 33
[7106] = CNOT 10 34
[7107] = Z 10
[7108] = CNOT 10 34
[7109] = CNOT 10 37
[7110] = Z 10
[7111] = CNOT 10 37
[7112] = CNOT 10 38
[7113] = Z 10
[7114] = CNOT 10 38
[7115] = CNOT 10 39
[7116] = S 10
[7117] = Z 10
[7118] = CNOT 10 39
[7119] = CNOT 10 18
[7120] = CNOT 10 19
[7121] = CNOT 10 20
[7122] = S 10
[7123] = Z 10
[7124] = CNOT 10 20
[7125] = CNOT 10 21
[7126] = Z 10
[7127] = CNOT 10 21
[7128] = CNOT 10 33
[7129] = Z 10
[7130] = CNOT 10 33
[7131] = CNOT 10 39
[7132] = Z 10
[7133] = CNOT 10 39
[7134] = CNOT 10 19
[7135] = CNOT 10 20
[7136] = CNOT 10 21
[7137] = S 10
[7138] = CNOT 10 21
[7139] = CNOT 10 33
[7140] = S 10
[7141] = CNOT 10 33
[7142] = CNOT 10 39
[7143] = S 10
[7144] = CNOT 10 39
[7145] = CNOT 10 20
[7146] = CNOT 10 21
[7147] = CNOT 10 22
[7148] = S 10
[7149] = CNOT 10 22
[7150] = CNOT 10 23
[7151] = Z 10
[7152] = CNOT 10 23
[7153] = CNOT 10 33
[7154] = S 10
[7155] = CNOT 10 33
[7156] = CNOT 10 34
[7157] = Z 10
[7158] = CNOT 10 34
[7159] = CNOT 10 37
[7160] = Z 10
[7161] = CNOT 10 37
[7162] = CNOT 10 38
[7163] = Z 10
[7164] = CNOT 10 38
[7165] = CNOT 10 39
[7166] = S 10
[7167] = Z 10
[7168] = CNOT 10 39
[7169] = CNOT 10 21
[7170] = CNOT 10 22
[7171] = CNOT 10 33
[7172] = S 10
[7173] = CNOT 10 33
[7174] = CNOT 10 39
[7175] = S 10
[7176] = CNOT 10 39
[7177] = CNOT 10 22
[7178] = CNOT 10 23
[7179] = CNOT 10 33
[7180] = Z 10
[7181] = CNOT 10 33
[7182] = CNOT 10 39
[7183] = Z 10
[7184] = CNOT 10 39
[7185] = CNOT 10 23
[7186] = CNOT 10 33
[7187] = CNOT 10 34
[7188] = Z 10
[7189] = CNOT 10 34
[7190] = CNOT 10 38
[7191] = S 10
[7192] = Z 10
[7193] = CNOT 10 38
[7194] = CNOT 10 33
[7195] = CNOT 10 34
[7196] = CNOT 10 35
[7197] = Z 10
[7198] = CNOT 10 35
[7199] = CNOT 10 37
[7200] = Z 10
[7201] = CNOT 10 37
[7202] = CNOT 10 38
[7203] = S 10
[7204] = CNOT 10 38
[7205] = CNOT 10 34
[7206] = CNOT 10 35
[7207] = CNOT 10 36
[7208] = S 10
[7209] = Z 10
[7210] = CNOT 10 36
[7211] = CNOT 10 37
[7212] = Z 10
[7213] = CNOT 10 37
[7214] = CNOT 10 38
[7215] = S 10
[7216] = Z 10
[7217] = CNOT 10 38
[7218] = CNOT 10 35
[7219] = CNOT 10 36
[7220] = CNOT 10 37
[7221] = S 10
[7222] = Z 10
[7223] = CNOT 10 36
[7224] = CNOT 10 38
[7225] = Z 10
[7226] = CNOT 10 38
[7227] = CNOT 10 39
[7228] = Z 10
[7229] = CNOT 10 37
[7230] = CNOT 10 38
[7231] = S 10
[7232] = CNOT 10 39
[7233] = CNOT 10 38
[7234] = CNOT 11 12
[7235] = CNOT 11 13
[7236] = S 11
[7237] = CNOT 11 13
[7238] = CNOT 11 15
[7239] = S 11
[7240] = CNOT 11 15
[7241] = CNOT 11 17
[7242] = S 11
[7243] = Z 11
[7244] = CNOT 11 17
[7245] = CNOT 11 18
[7246] = S 11
[7247] = Z 11
[7248] = CNOT 11 18
[7249] = CNOT 11 19
[7250] = S 11
[7251] = CNOT 11 19
[7252] = CNOT 11 37
[7253] = S 11
[7254] = Z 11
[7255] = CNOT 11 37
[7256] = CNOT 11 38
[7257] = Z 11
[7258] = CNOT 11 38
[7259] = CNOT 11 39
[7260] = S 11
[7261] = CNOT 11 39
[7262] = CNOT 11 12
[7263] = CNOT 11 13
[7264] = CNOT 11 15
[7265] = Z 11
[7266] = CNOT 11 15
[7267] = CNOT 11 16
[7268] = S 11
[7269] = Z 11
[7270] = CNOT 11 16
[7271] = CNOT 11 18
[7272] = Z 11
[7273] = CNOT 11 18
[7274] = CNOT 11 21
[7275] = Z 11
[7276] = CNOT 11 21
[7277] = CNOT 11 33
[7278] = S 11
[7279] = CNOT 11 33
[7280] = CNOT 11 34
[7281] = S 11
[7282] = Z 11
[7283] = CNOT 11 34
[7284] = CNOT 11 35
[7285] = S 11
[7286] = CNOT 11 35
[7287] = CNOT 11 37
[7288] = S 11
[7289] = CNOT 11 37
[7290] = CNOT 11 38
[7291] = S 11
[7292] = CNOT 11 38
[7293] = CNOT 11 39
[7294] = S 11
[7295] = Z 11
[7296] = CNOT 11 39
[7297] = CNOT 11 13
[7298] = CNOT 11 14
[7299] = CNOT 11 15
[7300] = S 11
[7301] = Z 11
[7302] = CNOT 11 15
[7303] = CNOT 11 16
[7304] = S 11
[7305] = CNOT 11 16
[7306] = CNOT 11 18
[7307] = S 11
[7308] = Z 11
[7309] = CNOT 11 18
[7310] = CNOT 11 19
[7311] = S 11
[7312] = CNOT 11 19
[7313] = CNOT 11 20
[7314] = Z 11
[7315] = CNOT 11 20
[7316] = CNOT 11 21
[7317] = Z 11
[7318] = CNOT 11 21
[7319] = CNOT 11 34
[7320] = S 11
[7321] = Z 11
[7322] = CNOT 11 34
[7323] = CNOT 11 37
[7324] = Z 11
[7325] = CNOT 11 37
[7326] = CNOT 11 38
[7327] = Z 11
[7328] = CNOT 11 38
[7329] = CNOT 11 39
[7330] = S 11
[7331] = CNOT 11 39
[7332] = CNOT 11 14
[7333] = CNOT 11 15
[7334] = CNOT 11 16
[7335] = S 11
[7336] = Z 11
[7337] = CNOT 11 16
[7338] = CNOT 11 17
[7339] = S 11
[7340] = CNOT 11 17
[7341] = CNOT 11 18
[7342] = S 11
[7343] = Z 11
[7344] = CNOT 11 18
[7345] = CNOT 11 19
[7346] = S 11
[7347] = CNOT 11 19
[7348] = CNOT 11 20
[7349] = S 11
[7350] = CNOT 11 20
[7351] = CNOT 11 38
[7352] = Z 11
[7353] = CNOT 11 38
[7354] = CNOT 11 39
[7355] = S 11
[7356] = CNOT 11 39
[7357] = CNOT 11 15
[7358] = CNOT 11 16
[7359] = CNOT 11 17
[7360] = S 11
[7361] = Z 11
[7362] = CNOT 11 17
[7363] = CNOT 11 19
[7364] = S 11
[7365] = CNOT 11 19
[7366] = CNOT 11 20
[7367] = Z 11
[7368] = CNOT 11 20
[7369] = CNOT 11 33
[7370] = S 11
[7371] = Z 11
[7372] = CNOT 11 33
[7373] = CNOT 11 34
[7374] = S 11
[7375] = Z 11
[7376] = CNOT 11 34
[7377] = CNOT 11 35
[7378] = S 11
[7379] = Z 11
[7380] = CNOT 11 35
[7381] = CNOT 11 36
[7382] = S 11
[7383] = Z 11
[7384] = CNOT 11 36
[7385] = CNOT 11 37
[7386] = S 11
[7387] = CNOT 11 37
[7388] = CNOT 11 38
[7389] = S 11
[7390] = CNOT 11 38
[7391] = CNOT 11 16
[7392] = CNOT 11 17
[7393] = CNOT 11 18
[7394] = S 11
[7395] = Z 11
[7396] = CNOT 11 18
[7397] = CNOT 11 19
[7398] = S 11
[7399] = CNOT 11 19
[7400] = CNOT 11 20
[7401] = S 11
[7402] = CNOT 11 20
[7403] = CNOT 11 21
[7404] = Z 11
[7405] = CNOT 11 21
[7406] = CNOT 11 34
[7407] = S 11
[7408] = Z 11
[7409] = CNOT 11 34
[7410] = CNOT 11 35
[7411] = S 11
[7412] = CNOT 11 35
[7413] = CNOT 11 37
[7414] = Z 11
[7415] = CNOT 11 37
[7416] = CNOT 11 38
[7417] = S 11
[7418] = Z 11
[7419] = CNOT 11 38
[7420] = CNOT 11 39
[7421] = Z 11
[7422] = CNOT 11 39
[7423] = CNOT 11 17
[7424] = CNOT 11 18
[7425] = CNOT 11 19
[7426] = Z 11
[7427] = CNOT 11 19
[7428] = CNOT 11 20
[7429] = Z 11
[7430] = CNOT 11 20
[7431] = CNOT 11 33
[7432] = Z 11
[7433] = CNOT 11 33
[7434] = CNOT 11 35
[7435] = Z 11
[7436] = CNOT 11 35
[7437] = CNOT 11 37
[7438] = Z 11
[7439] = CNOT 11 37
[7440] = CNOT 11 39
[7441] = Z 11
[7442] = CNOT 11 39
[7443] = CNOT 11 18
[7444] = CNOT 11 19
[7445] = CNOT 11 20
[7446] = S 11
[7447] = CNOT 11 20
[7448] = CNOT 11 21
[7449] = Z 11
[7450] = CNOT 11 21
[7451] = CNOT 11 37
[7452] = S 11
[7453] = Z 11
[7454] = CNOT 11 37
[7455] = CNOT 11 38
[7456] = S 11
[7457] = Z 11
[7458] = CNOT 11 38
[7459] = CNOT 11 39
[7460] = Z 11
[7461] = CNOT 11 39
[7462] = CNOT 11 19
[7463] = CNOT 11 20
[7464] = CNOT 11 21
[7465] = Z 11
[7466] = CNOT 11 21
[7467] = CNOT 11 33
[7468] = S 11
[7469] = CNOT 11 33
[7470] = CNOT 11 34
[7471] = S 11
[7472] = CNOT 11 34
[7473] = CNOT 11 35
[7474] = S 11
[7475] = CNOT 11 35
[7476] = CNOT 11 37
[7477] = S 11
[7478] = Z 11
[7479] = CNOT 11 37
[7480] = CNOT 11 38
[7481] = S 11
[7482] = Z 11
[7483] = CNOT 11 38
[7484] = CNOT 11 39
[7485] = S 11
[7486] = Z 11
[7487] = CNOT 11 39
[7488] = CNOT 11 20
[7489] = CNOT 11 21
[7490] = CNOT 11 33
[7491] = Z 11
[7492] = CNOT 11 33
[7493] = CNOT 11 35
[7494] = Z 11
[7495] = CNOT 11 35
[7496] = CNOT 11 37
[7497] = Z 11
[7498] = CNOT 11 37
[7499] = CNOT 11 21
[7500] = CNOT 11 32
[7501] = CNOT 11 34
[7502] = Z 11
[7503] = CNOT 11 34
[7504] = CNOT 11 36
[7505] = S 11
[7506] = Z 11
[7507] = CNOT 11 36
[7508] = CNOT 11 32
[7509] = CNOT 11 33
[7510] = CNOT 11 35
[7511] = S 11
[7512] = CNOT 11 35
[7513] = CNOT 11 36
[7514] = S 11
[7515] = Z 11
[7516] = CNOT 11 36
[7517] = CNOT 11 37
[7518] = S 11
[7519] = Z 11
[7520] = CNOT 11 37
[7521] = CNOT 11 33
[7522] = CNOT 11 34
[7523] = CNOT 11 36
[7524] = S 11
[7525] = Z 11
[7526] = CNOT 11 36
[7527] = CNOT 11 37
[7528] = S 11
[7529] = CNOT 11 37
[7530] = CNOT 11 38
[7531] = Z 11
[7532] = CNOT 11 38
[7533] = CNOT 11 39
[7534] = S 11
[7535] = CNOT 11 39
[7536] = CNOT 11 34
[7537] = CNOT 11 35
[7538] = CNOT 11 36
[7539] = S 11
[7540] = Z 11
[7541] = CNOT 11 36
[7542] = CNOT 11 37
[7543] = S 11
[7544] = Z 11
[7545] = CNOT 11 37
[7546] = CNOT 11 39
[7547] = Z 11
[7548] = CNOT 11 39
[7549] = CNOT 11 35
[7550] = CNOT 11 37
[7551] = CNOT 11 38
[7552] = Z 11
[7553] = CNOT 11 38
[7554] = CNOT 11 39
[7555] = S 11
[7556] = CNOT 11 39
[7557] = CNOT 11 37
[7558] = CNOT 12 13
[7559] = CNOT 12 14
[7560] = S 12
[7561] = CNOT 12 14
[7562] = CNOT 12 15
[7563] = S 12
[7564] = CNOT 12 15
[7565] = CNOT 12 16
[7566] = S 12
[7567] = CNOT 12 16
[7568] = CNOT 12 17
[7569] = S 12
[7570] = Z 12
[7571] = CNOT 12 17
[7572] = CNOT 12 18
[7573] = S 12
[7574] = CNOT 12 18
[7575] = CNOT 12 19
[7576] = Z 12
[7577] = CNOT 12 19
[7578] = CNOT 12 20
[7579] = S 12
[7580] = CNOT 12 20
[7581] = CNOT 12 33
[7582] = S 12
[7583] = CNOT 12 33
[7584] = CNOT 12 34
[7585] = S 12
[7586] = CNOT 12 34
[7587] = CNOT 12 35
[7588] = S 12
[7589] = CNOT 12 35
[7590] = CNOT 12 38
[7591] = S 12
[7592] = CNOT 12 38
[7593] = CNOT 12 39
[7594] = S 12
[7595] = CNOT 12 39
[7596] = CNOT 12 13
[7597] = CNOT 12 14
[7598] = CNOT 12 15
[7599] = S 12
[7600] = CNOT 12 15
[7601] = CNOT 12 17
[7602] = S 12
[7603] = Z 12
[7604] = CNOT 12 17
[7605] = CNOT 12 18
[7606] = S 12
[7607] = Z 12
[7608] = CNOT 12 18
[7609] = CNOT 12 19
[7610] = S 12
[7611] = CNOT 12 19
[7612] = CNOT 12 37
[7613] = S 12
[7614] = Z 12
[7615] = CNOT 12 37
[7616] = CNOT 12 38
[7617] = Z 12
[7618] = CNOT 12 38
[7619] = CNOT 12 39
[7620] = S 12
[7621] = CNOT 12 39
[7622] = CNOT 12 14
[7623] = CNOT 12 15
[7624] = CNOT 12 16
[7625] = S 12
[7626] = CNOT 12 16
[7627] = CNOT 12 17
[7628] = S 12
[7629] = Z 12
[7630] = CNOT 12 17
[7631] = CNOT 12 18
[7632] = S 12
[7633] = CNOT 12 18
[7634] = CNOT 12 19
[7635] = Z 12
[7636] = CNOT 12 19
[7637] = CNOT 12 20
[7638] = S 12
[7639] = CNOT 12 20
[7640] = CNOT 12 33
[7641] = S 12
[7642] = CNOT 12 33
[7643] = CNOT 12 34
[7644] = S 12
[7645] = CNOT 12 34
[7646] = CNOT 12 35
[7647] = S 12
[7648] = CNOT 12 35
[7649] = CNOT 12 38
[7650] = S 12
[7651] = CNOT 12 38
[7652] = CNOT 12 39
[7653] = S 12
[7654] = CNOT 12 39
[7655] = CNOT 12 15
[7656] = CNOT 12 16
[7657] = CNOT 12 17
[7658] = S 12
[7659] = Z 12
[7660] = CNOT 12 17
[7661] = CNOT 12 18
[7662] = S 12
[7663] = Z 12
[7664] = CNOT 12 18
[7665] = CNOT 12 19
[7666] = S 12
[7667] = CNOT 12 19
[7668] = CNOT 12 37
[7669] = S 12
[7670] = Z 12
[7671] = CNOT 12 37
[7672] = CNOT 12 38
[7673] = Z 12
[7674] = CNOT 12 38
[7675] = CNOT 12 39
[7676] = S 12
[7677] = CNOT 12 39
[7678] = CNOT 12 16
[7679] = CNOT 12 17
[7680] = CNOT 12 18
[7681] = S 12
[7682] = Z 12
[7683] = CNOT 12 18
[7684] = CNOT 12 19
[7685] = S 12
[7686] = Z 12
[7687] = CNOT 12 19
[7688] = CNOT 12 20
[7689] = S 12
[7690] = Z 12
[7691] = CNOT 12 20
[7692] = CNOT 12 33
[7693] = S 12
[7694] = Z 12
[7695] = CNOT 12 33
[7696] = CNOT 12 34
[7697] = S 12
[7698] = Z 12
[7699] = CNOT 12 34
[7700] = CNOT 12 35
[7701] = S 12
[7702] = Z 12
[7703] = CNOT 12 35
[7704] = CNOT 12 38
[7705] = S 12
[7706] = Z 12
[7707] = CNOT 12 38
[7708] = CNOT 12 39
[7709] = S 12
[7710] = Z 12
[7711] = CNOT 12 39
[7712] = CNOT 12 17
[7713] = CNOT 12 18
[7714] = CNOT 12 20
[7715] = S 12
[7716] = Z 12
[7717] = CNOT 12 20
[7718] = CNOT 12 33
[7719] = S 12
[7720] = Z 12
[7721] = CNOT 12 33
[7722] = CNOT 12 34
[7723] = S 12
[7724] = Z 12
[7725] = CNOT 12 34
[7726] = CNOT 12 35
[7727] = S 12
[7728] = Z 12
[7729] = CNOT 12 35
[7730] = CNOT 12 38
[7731] = S 12
[7732] = Z 12
[7733] = CNOT 12 38
[7734] = CNOT 12 18
[7735] = CNOT 12 19
[7736] = CNOT 12 20
[7737] = S 12
[7738] = CNOT 12 20
[7739] = CNOT 12 33
[7740] = S 12
[7741] = CNOT 12 33
[7742] = CNOT 12 34
[7743] = S 12
[7744] = CNOT 12 34
[7745] = CNOT 12 35
[7746] = S 12
[7747] = CNOT 12 35
[7748] = CNOT 12 37
[7749] = S 12
[7750] = Z 12
[7751] = CNOT 12 37
[7752] = CNOT 12 38
[7753] = S 12
[7754] = Z 12
[7755] = CNOT 12 38
[7756] = CNOT 12 39
[7757] = Z 12
[7758] = CNOT 12 39
[7759] = CNOT 12 19
[7760] = CNOT 12 20
[7761] = CNOT 12 37
[7762] = S 12
[7763] = Z 12
[7764] = CNOT 12 37
[7765] = CNOT 12 38
[7766] = Z 12
[7767] = CNOT 12 38
[7768] = CNOT 12 39
[7769] = S 12
[7770] = CNOT 12 39
[7771] = CNOT 12 20
[7772] = CNOT 12 33
[7773] = CNOT 12 37
[7774] = S 12
[7775] = Z 12
[7776] = CNOT 12 37
[7777] = CNOT 12 38
[7778] = Z 12
[7779] = CNOT 12 38
[7780] = CNOT 12 39
[7781] = S 12
[7782] = CNOT 12 39
[7783] = CNOT 12 33
[7784] = CNOT 12 34
[7785] = CNOT 12 37
[7786] = S 12
[7787] = Z 12
[7788] = CNOT 12 37
[7789] = CNOT 12 38
[7790] = Z 12
[7791] = CNOT 12 38
[7792] = CNOT 12 39
[7793] = S 12
[7794] = CNOT 12 39
[7795] = CNOT 12 34
[7796] = CNOT 12 35
[7797] = CNOT 12 37
[7798] = S 12
[7799] = Z 12
[7800] = CNOT 12 37
[7801] = CNOT 12 38
[7802] = Z 12
[7803] = CNOT 12 38
[7804] = CNOT 12 39
[7805] = S 12
[7806] = CNOT 12 35
[7807] = CNOT 12 37
[7808] = S 12
[7809] = Z 12
[7810] = CNOT 12 37
[7811] = CNOT 12 38
[7812] = S 12
[7813] = Z 12
[7814] = CNOT 12 39
[7815] = CNOT 12 38
[7816] = CNOT 13 14
[7817] = CNOT 13 15
[7818] = Z 13
[7819] = CNOT 13 15
[7820] = CNOT 13 17
[7821] = S 13
[7822] = CNOT 13 17
[7823] = CNOT 13 18
[7824] = S 13
[7825] = Z 13
[7826] = CNOT 13 18
[7827] = CNOT 13 21
[7828] = S 13
[7829] = Z 13
[7830] = CNOT 13 21
[7831] = CNOT 13 33
[7832] = S 13
[7833] = CNOT 13 33
[7834] = CNOT 13 37
[7835] = S 13
[7836] = CNOT 13 37
[7837] = CNOT 13 38
[7838] = Z 13
[7839] = CNOT 13 38
[7840] = CNOT 13 39
[7841] = S 13
[7842] = Z 13
[7843] = CNOT 13 39
[7844] = CNOT 13 14
[7845] = CNOT 13 15
[7846] = CNOT 13 16
[7847] = Z 13
[7848] = CNOT 13 16
[7849] = CNOT 13 17
[7850] = Z 13
[7851] = CNOT 13 17
[7852] = CNOT 13 18
[7853] = Z 13
[7854] = CNOT 13 18
[7855] = CNOT 13 20
[7856] = S 13
[7857] = Z 13
[7858] = CNOT 13 20
[7859] = CNOT 13 33
[7860] = Z 13
[7861] = CNOT 13 33
[7862] = CNOT 13 34
[7863] = Z 13
[7864] = CNOT 13 34
[7865] = CNOT 13 35
[7866] = Z 13
[7867] = CNOT 13 35
[7868] = CNOT 13 38
[7869] = Z 13
[7870] = CNOT 13 38
[7871] = CNOT 13 39
[7872] = Z 13
[7873] = CNOT 13 39
[7874] = CNOT 13 15
[7875] = CNOT 13 16
[7876] = CNOT 13 18
[7877] = Z 13
[7878] = CNOT 13 18
[7879] = CNOT 13 21
[7880] = Z 13
[7881] = CNOT 13 21
[7882] = CNOT 13 33
[7883] = S 13
[7884] = CNOT 13 33
[7885] = CNOT 13 34
[7886] = S 13
[7887] = Z 13
[7888] = CNOT 13 34
[7889] = CNOT 13 35
[7890] = S 13
[7891] = CNOT 13 35
[7892] = CNOT 13 37
[7893] = S 13
[7894] = CNOT 13 37
[7895] = CNOT 13 38
[7896] = S 13
[7897] = CNOT 13 38
[7898] = CNOT 13 39
[7899] = S 13
[7900] = Z 13
[7901] = CNOT 13 39
[7902] = CNOT 13 16
[7903] = CNOT 13 17
[7904] = CNOT 13 19
[7905] = Z 13
[7906] = CNOT 13 19
[7907] = CNOT 13 20
[7908] = Z 13
[7909] = CNOT 13 20
[7910] = CNOT 13 21
[7911] = Z 13
[7912] = CNOT 13 21
[7913] = CNOT 13 33
[7914] = Z 13
[7915] = CNOT 13 33
[7916] = CNOT 13 35
[7917] = Z 13
[7918] = CNOT 13 35
[7919] = CNOT 13 37
[7920] = Z 13
[7921] = CNOT 13 37
[7922] = CNOT 13 17
[7923] = CNOT 13 18
[7924] = CNOT 13 19
[7925] = S 13
[7926] = Z 13
[7927] = CNOT 13 19
[7928] = CNOT 13 20
[7929] = S 13
[7930] = Z 13
[7931] = CNOT 13 20
[7932] = CNOT 13 21
[7933] = Z 13
[7934] = CNOT 13 21
[7935] = CNOT 13 34
[7936] = Z 13
[7937] = CNOT 13 34
[7938] = CNOT 13 37
[7939] = Z 13
[7940] = CNOT 13 37
[7941] = CNOT 13 38
[7942] = Z 13
[7943] = CNOT 13 38
[7944] = CNOT 13 39
[7945] = Z 13
[7946] = CNOT 13 39
[7947] = CNOT 13 18
[7948] = CNOT 13 19
[7949] = CNOT 13 20
[7950] = Z 13
[7951] = CNOT 13 20
[7952] = CNOT 13 37
[7953] = S 13
[7954] = Z 13
[7955] = CNOT 13 37
[7956] = CNOT 13 38
[7957] = Z 13
[7958] = CNOT 13 38
[7959] = CNOT 13 19
[7960] = CNOT 13 20
[7961] = CNOT 13 37
[7962] = S 13
[7963] = Z 13
[7964] = CNOT 13 37
[7965] = CNOT 13 38
[7966] = Z 13
[7967] = CNOT 13 38
[7968] = CNOT 13 20
[7969] = CNOT 13 21
[7970] = CNOT 13 34
[7971] = Z 13
[7972] = CNOT 13 34
[7973] = CNOT 13 37
[7974] = Z 13
[7975] = CNOT 13 37
[7976] = CNOT 13 38
[7977] = Z 13
[7978] = CNOT 13 38
[7979] = CNOT 13 39
[7980] = Z 13
[7981] = CNOT 13 39
[7982] = CNOT 13 21
[7983] = CNOT 13 33
[7984] = CNOT 13 34
[7985] = S 13
[7986] = CNOT 13 34
[7987] = CNOT 13 35
[7988] = S 13
[7989] = CNOT 13 35
[7990] = CNOT 13 37
[7991] = S 13
[7992] = Z 13
[7993] = CNOT 13 37
[7994] = CNOT 13 38
[7995] = S 13
[7996] = Z 13
[7997] = CNOT 13 38
[7998] = CNOT 13 39
[7999] = S 13
[8000] = CNOT 13 39
[8001] = CNOT 13 33
[8002] = CNOT 13 34
[8003] = CNOT 13 35
[8004] = S 13
[8005] = CNOT 13 35
[8006] = CNOT 13 37
[8007] = S 13
[8008] = CNOT 13 37
[8009] = CNOT 13 38
[8010] = S 13
[8011] = CNOT 13 38
[8012] = CNOT 13 39
[8013] = S 13
[8014] = Z 13
[8015] = CNOT 13 39
[8016] = CNOT 13 34
[8017] = CNOT 13 35
[8018] = CNOT 13 36
[8019] = S 13
[8020] = Z 13
[8021] = CNOT 13 36
[8022] = CNOT 13 38
[8023] = S 13
[8024] = Z 13
[8025] = CNOT 13 38
[8026] = CNOT 13 35
[8027] = CNOT 13 36
[8028] = CNOT 13 37
[8029] = S 13
[8030] = Z 13
[8031] = CNOT 13 36
[8032] = CNOT 13 38
[8033] = Z 13
[8034] = CNOT 13 37
[8035] = CNOT 13 39
[8036] = S 13
[8037] = CNOT 13 39
[8038] = CNOT 13 38
[8039] = CNOT 14 15
[8040] = CNOT 14 16
[8041] = S 14
[8042] = Z 14
[8043] = CNOT 14 16
[8044] = CNOT 14 17
[8045] = S 14
[8046] = CNOT 14 17
[8047] = CNOT 14 18
[8048] = S 14
[8049] = Z 14
[8050] = CNOT 14 18
[8051] = CNOT 14 19
[8052] = S 14
[8053] = CNOT 14 19
[8054] = CNOT 14 20
[8055] = S 14
[8056] = CNOT 14 20
[8057] = CNOT 14 33
[8058] = S 14
[8059] = Z 14
[8060] = CNOT 14 33
[8061] = CNOT 14 34
[8062] = S 14
[8063] = Z 14
[8064] = CNOT 14 34
[8065] = CNOT 14 35
[8066] = S 14
[8067] = Z 14
[8068] = CNOT 14 35
[8069] = CNOT 14 38
[8070] = S 14
[8071] = Z 14
[8072] = CNOT 14 38
[8073] = CNOT 14 39
[8074] = S 14
[8075] = Z 14
[8076] = CNOT 14 39
[8077] = CNOT 14 15
[8078] = CNOT 14 16
[8079] = CNOT 14 18
[8080] = S 14
[8081] = Z 14
[8082] = CNOT 14 18
[8083] = CNOT 14 20
[8084] = S 14
[8085] = CNOT 14 20
[8086] = CNOT 14 33
[8087] = S 14
[8088] = Z 14
[8089] = CNOT 14 33
[8090] = CNOT 14 35
[8091] = S 14
[8092] = CNOT 14 35
[8093] = CNOT 14 37
[8094] = S 14
[8095] = CNOT 14 37
[8096] = CNOT 14 38
[8097] = S 14
[8098] = Z 14
[8099] = CNOT 14 38
[8100] = CNOT 14 39
[8101] = S 14
[8102] = CNOT 14 39
[8103] = CNOT 14 16
[8104] = CNOT 14 17
[8105] = CNOT 14 19
[8106] = S 14
[8107] = CNOT 14 19
[8108] = CNOT 14 20
[8109] = S 14
[8110] = CNOT 14 20
[8111] = CNOT 14 21
[8112] = S 14
[8113] = Z 14
[8114] = CNOT 14 21
[8115] = CNOT 14 33
[8116] = S 14
[8117] = CNOT 14 33
[8118] = CNOT 14 35
[8119] = S 14
[8120] = CNOT 14 35
[8121] = CNOT 14 37
[8122] = S 14
[8123] = Z 14
[8124] = CNOT 14 37
[8125] = CNOT 14 17
[8126] = CNOT 14 18
[8127] = CNOT 14 19
[8128] = S 14
[8129] = CNOT 14 19
[8130] = CNOT 14 21
[8131] = S 14
[8132] = Z 14
[8133] = CNOT 14 21
[8134] = CNOT 14 33
[8135] = S 14
[8136] = Z 14
[8137] = CNOT 14 33
[8138] = CNOT 14 34
[8139] = S 14
[8140] = CNOT 14 34
[8141] = CNOT 14 35
[8142] = Z 14
[8143] = CNOT 14 35
[8144] = CNOT 14 37
[8145] = S 14
[8146] = Z 14
[8147] = CNOT 14 37
[8148] = CNOT 14 38
[8149] = S 14
[8150] = CNOT 14 38
[8151] = CNOT 14 39
[8152] = S 14
[8153] = CNOT 14 39
[8154] = CNOT 14 18
[8155] = CNOT 14 19
[8156] = CNOT 14 21
[8157] = Z 14
[8158] = CNOT 14 21
[8159] = CNOT 14 33
[8160] = S 14
[8161] = Z 14
[8162] = CNOT 14 33
[8163] = CNOT 14 37
[8164] = Z 14
[8165] = CNOT 14 37
[8166] = CNOT 14 39
[8167] = Z 14
[8168] = CNOT 14 39
[8169] = CNOT 14 19
[8170] = CNOT 14 20
[8171] = CNOT 14 21
[8172] = S 14
[8173] = CNOT 14 21
[8174] = CNOT 14 33
[8175] = S 14
[8176] = Z 14
[8177] = CNOT 14 33
[8178] = CNOT 14 34
[8179] = S 14
[8180] = CNOT 14 34
[8181] = CNOT 14 35
[8182] = S 14
[8183] = CNOT 14 35
[8184] = CNOT 14 37
[8185] = Z 14
[8186] = CNOT 14 37
[8187] = CNOT 14 39
[8188] = Z 14
[8189] = CNOT 14 39
[8190] = CNOT 14 20
[8191] = CNOT 14 21
[8192] = CNOT 14 34
[8193] = Z 14
[8194] = CNOT 14 34
[8195] = CNOT 14 35
[8196] = S 14
[8197] = Z 14
[8198] = CNOT 14 35
[8199] = CNOT 14 37
[8200] = S 14
[8201] = Z 14
[8202] = CNOT 14 37
[8203] = CNOT 14 38
[8204] = Z 14
[8205] = CNOT 14 38
[8206] = CNOT 14 39
[8207] = S 14
[8208] = Z 14
[8209] = CNOT 14 39
[8210] = CNOT 14 21
[8211] = CNOT 14 33
[8212] = CNOT 14 34
[8213] = S 14
[8214] = Z 14
[8215] = CNOT 14 34
[8216] = CNOT 14 35
[8217] = S 14
[8218] = Z 14
[8219] = CNOT 14 35
[8220] = CNOT 14 37
[8221] = Z 14
[8222] = CNOT 14 37
[8223] = CNOT 14 39
[8224] = S 14
[8225] = Z 14
[8226] = CNOT 14 39
[8227] = CNOT 14 33
[8228] = CNOT 14 34
[8229] = CNOT 14 35
[8230] = S 14
[8231] = Z 14
[8232] = CNOT 14 35
[8233] = CNOT 14 37
[8234] = S 14
[8235] = CNOT 14 37
[8236] = CNOT 14 38
[8237] = S 14
[8238] = Z 14
[8239] = CNOT 14 38
[8240] = CNOT 14 39
[8241] = S 14
[8242] = CNOT 14 39
[8243] = CNOT 14 34
[8244] = CNOT 14 35
[8245] = CNOT 14 37
[8246] = S 14
[8247] = Z 14
[8248] = CNOT 14 35
[8249] = CNOT 14 38
[8250] = S 14
[8251] = Z 14
[8252] = CNOT 14 38
[8253] = CNOT 14 39
[8254] = S 14
[8255] = Z 14
[8256] = CNOT 14 37
[8257] = CNOT 14 38
[8258] = Z 14
[8259] = CNOT 14 39
[8260] = CNOT 14 38
[8261] = CNOT 15 16
[8262] = CNOT 15 17
[8263] = S 15
[8264] = CNOT 15 17
[8265] = CNOT 15 19
[8266] = S 15
[8267] = CNOT 15 19
[8268] = CNOT 15 20
[8269] = S 15
[8270] = CNOT 15 20
[8271] = CNOT 15 21
[8272] = Z 15
[8273] = CNOT 15 21
[8274] = CNOT 15 22
[8275] = S 15
[8276] = Z 15
[8277] = CNOT 15 22
[8278] = CNOT 15 34
[8279] = S 15
[8280] = Z 15
[8281] = CNOT 15 34
[8282] = CNOT 15 35
[8283] = S 15
[8284] = Z 15
[8285] = CNOT 15 35
[8286] = CNOT 15 38
[8287] = S 15
[8288] = Z 15
[8289] = CNOT 15 38
[8290] = CNOT 15 16
[8291] = CNOT 15 17
[8292] = CNOT 15 18
[8293] = S 15
[8294] = CNOT 15 18
[8295] = CNOT 15 19
[8296] = S 15
[8297] = CNOT 15 19
[8298] = CNOT 15 20
[8299] = S 15
[8300] = CNOT 15 20
[8301] = CNOT 15 34
[8302] = S 15
[8303] = CNOT 15 34
[8304] = CNOT 15 35
[8305] = S 15
[8306] = CNOT 15 35
[8307] = CNOT 15 38
[8308] = S 15
[8309] = CNOT 15 38
[8310] = CNOT 15 17
[8311] = CNOT 15 18
[8312] = CNOT 15 19
[8313] = S 15
[8314] = CNOT 15 19
[8315] = CNOT 15 20
[8316] = S 15
[8317] = CNOT 15 20
[8318] = CNOT 15 21
[8319] = Z 15
[8320] = CNOT 15 21
[8321] = CNOT 15 22
[8322] = S 15
[8323] = Z 15
[8324] = CNOT 15 22
[8325] = CNOT 15 33
[8326] = S 15
[8327] = Z 15
[8328] = CNOT 15 33
[8329] = CNOT 15 34
[8330] = S 15
[8331] = Z 15
[8332] = CNOT 15 34
[8333] = CNOT 15 35
[8334] = S 15
[8335] = Z 15
[8336] = CNOT 15 35
[8337] = CNOT 15 38
[8338] = S 15
[8339] = Z 15
[8340] = CNOT 15 38
[8341] = CNOT 15 39
[8342] = S 15
[8343] = Z 15
[8344] = CNOT 15 39
[8345] = CNOT 15 18
[8346] = CNOT 15 19
[8347] = CNOT 15 20
[8348] = S 15
[8349] = Z 15
[8350] = CNOT 15 20
[8351] = CNOT 15 33
[8352] = S 15
[8353] = CNOT 15 33
[8354] = CNOT 15 34
[8355] = S 15
[8356] = CNOT 15 34
[8357] = CNOT 15 35
[8358] = S 15
[8359] = CNOT 15 35
[8360] = CNOT 15 38
[8361] = S 15
[8362] = CNOT 15 38
[8363] = CNOT 15 39
[8364] = S 15
[8365] = CNOT 15 39
[8366] = CNOT 15 19
[8367] = CNOT 15 20
[8368] = CNOT 15 33
[8369] = S 15
[8370] = CNOT 15 33
[8371] = CNOT 15 34
[8372] = S 15
[8373] = CNOT 15 34
[8374] = CNOT 15 35
[8375] = S 15
[8376] = CNOT 15 35
[8377] = CNOT 15 38
[8378] = S 15
[8379] = CNOT 15 38
[8380] = CNOT 15 39
[8381] = S 15
[8382] = CNOT 15 39
[8383] = CNOT 15 20
[8384] = CNOT 15 21
[8385] = CNOT 15 22
[8386] = S 15
[8387] = Z 15
[8388] = CNOT 15 22
[8389] = CNOT 15 33
[8390] = Z 15
[8391] = CNOT 15 33
[8392] = CNOT 15 39
[8393] = Z 15
[8394] = CNOT 15 39
[8395] = CNOT 15 21
[8396] = CNOT 15 22
[8397] = CNOT 15 33
[8398] = S 15
[8399] = Z 15
[8400] = CNOT 15 33
[8401] = CNOT 15 39
[8402] = S 15
[8403] = Z 15
[8404] = CNOT 15 39
[8405] = CNOT 15 22
[8406] = CNOT 15 33
[8407] = CNOT 15 38
[8408] = Z 15
[8409] = CNOT 15 38
[8410] = CNOT 15 39
[8411] = S 15
[8412] = Z 15
[8413] = CNOT 15 39
[8414] = CNOT 15 33
[8415] = CNOT 15 34
[8416] = CNOT 15 38
[8417] = Z 15
[8418] = CNOT 15 38
[8419] = CNOT 15 39
[8420] = S 15
[8421] = CNOT 15 39
[8422] = CNOT 15 34
[8423] = CNOT 15 35
[8424] = CNOT 15 38
[8425] = Z 15
[8426] = CNOT 15 38
[8427] = CNOT 15 39
[8428] = S 15
[8429] = CNOT 15 35
[8430] = CNOT 15 38
[8431] = Z 15
[8432] = CNOT 15 39
[8433] = CNOT 15 38
[8434] = CNOT 16 17
[8435] = CNOT 16 18
[8436] = S 16
[8437] = Z 16
[8438] = CNOT 16 18
[8439] = CNOT 16 19
[8440] = S 16
[8441] = CNOT 16 19
[8442] = CNOT 16 20
[8443] = S 16
[8444] = CNOT 16 20
[8445] = CNOT 16 21
[8446] = Z 16
[8447] = CNOT 16 21
[8448] = CNOT 16 34
[8449] = S 16
[8450] = Z 16
[8451] = CNOT 16 34
[8452] = CNOT 16 35
[8453] = S 16
[8454] = CNOT 16 35
[8455] = CNOT 16 37
[8456] = Z 16
[8457] = CNOT 16 37
[8458] = CNOT 16 38
[8459] = S 16
[8460] = Z 16
[8461] = CNOT 16 38
[8462] = CNOT 16 39
[8463] = Z 16
[8464] = CNOT 16 39
[8465] = CNOT 16 17
[8466] = CNOT 16 18
[8467] = CNOT 16 19
[8468] = S 16
[8469] = Z 16
[8470] = CNOT 16 19
[8471] = CNOT 16 20
[8472] = S 16
[8473] = Z 16
[8474] = CNOT 16 20
[8475] = CNOT 16 21
[8476] = Z 16
[8477] = CNOT 16 21
[8478] = CNOT 16 22
[8479] = Z 16
[8480] = CNOT 16 22
[8481] = CNOT 16 23
[8482] = S 16
[8483] = Z 16
[8484] = CNOT 16 23
[8485] = CNOT 16 34
[8486] = Z 16
[8487] = CNOT 16 34
[8488] = CNOT 16 37
[8489] = Z 16
[8490] = CNOT 16 37
[8491] = CNOT 16 38
[8492] = Z 16
[8493] = CNOT 16 38
[8494] = CNOT 16 39
[8495] = S 16
[8496] = CNOT 16 39
[8497] = CNOT 16 18
[8498] = CNOT 16 19
[8499] = CNOT 16 21
[8500] = S 16
[8501] = CNOT 16 21
[8502] = CNOT 16 33
[8503] = S 16
[8504] = Z 16
[8505] = CNOT 16 33
[8506] = CNOT 16 37
[8507] = Z 16
[8508] = CNOT 16 37
[8509] = CNOT 16 39
[8510] = Z 16
[8511] = CNOT 16 39
[8512] = CNOT 16 19
[8513] = CNOT 16 20
[8514] = CNOT 16 21
[8515] = S 16
[8516] = CNOT 16 21
[8517] = CNOT 16 34
[8518] = S 16
[8519] = CNOT 16 34
[8520] = CNOT 16 35
[8521] = S 16
[8522] = CNOT 16 35
[8523] = CNOT 16 37
[8524] = Z 16
[8525] = CNOT 16 37
[8526] = CNOT 16 39
[8527] = S 16
[8528] = Z 16
[8529] = CNOT 16 39
[8530] = CNOT 16 20
[8531] = CNOT 16 21
[8532] = CNOT 16 22
[8533] = Z 16
[8534] = CNOT 16 22
[8535] = CNOT 16 23
[8536] = S 16
[8537] = Z 16
[8538] = CNOT 16 23
[8539] = CNOT 16 35
[8540] = Z 16
[8541] = CNOT 16 35
[8542] = CNOT 16 37
[8543] = Z 16
[8544] = CNOT 16 37
[8545] = CNOT 16 39
[8546] = Z 16
[8547] = CNOT 16 39
[8548] = CNOT 16 21
[8549] = CNOT 16 22
[8550] = CNOT 16 33
[8551] = Z 16
[8552] = CNOT 16 33
[8553] = CNOT 16 39
[8554] = Z 16
[8555] = CNOT 16 39
[8556] = CNOT 16 22
[8557] = CNOT 16 23
[8558] = CNOT 16 33
[8559] = S 16
[8560] = Z 16
[8561] = CNOT 16 33
[8562] = CNOT 16 39
[8563] = S 16
[8564] = Z 16
[8565] = CNOT 16 39
[8566] = CNOT 16 23
[8567] = CNOT 16 32
[8568] = CNOT 16 33
[8569] = S 16
[8570] = CNOT 16 33
[8571] = CNOT 16 35
[8572] = S 16
[8573] = CNOT 16 35
[8574] = CNOT 16 36
[8575] = Z 16
[8576] = CNOT 16 36
[8577] = CNOT 16 32
[8578] = CNOT 16 33
[8579] = CNOT 16 34
[8580] = Z 16
[8581] = CNOT 16 34
[8582] = CNOT 16 35
[8583] = S 16
[8584] = Z 16
[8585] = CNOT 16 35
[8586] = CNOT 16 36
[8587] = Z 16
[8588] = CNOT 16 36
[8589] = CNOT 16 37
[8590] = Z 16
[8591] = CNOT 16 37
[8592] = CNOT 16 33
[8593] = CNOT 16 34
[8594] = CNOT 16 35
[8595] = Z 16
[8596] = CNOT 16 35
[8597] = CNOT 16 36
[8598] = Z 16
[8599] = CNOT 16 36
[8600] = CNOT 16 38
[8601] = Z 16
[8602] = CNOT 16 38
[8603] = CNOT 16 34
[8604] = CNOT 16 35
[8605] = CNOT 16 36
[8606] = Z 16
[8607] = CNOT 16 36
[8608] = CNOT 16 37
[8609] = Z 16
[8610] = CNOT 16 37
[8611] = CNOT 16 39
[8612] = Z 16
[8613] = CNOT 16 39
[8614] = CNOT 16 35
[8615] = CNOT 16 37
[8616] = CNOT 16 38
[8617] = Z 16
[8618] = CNOT 16 37
[8619] = CNOT 16 39
[8620] = S 16
[8621] = CNOT 16 39
[8622] = CNOT 16 38
[8623] = CNOT 17 18
[8624] = CNOT 17 19
[8625] = S 17
[8626] = CNOT 17 19
[8627] = CNOT 17 20
[8628] = S 17
[8629] = CNOT 17 20
[8630] = CNOT 17 21
[8631] = Z 17
[8632] = CNOT 17 21
[8633] = CNOT 17 33
[8634] = S 17
[8635] = CNOT 17 33
[8636] = CNOT 17 34
[8637] = S 17
[8638] = Z 17
[8639] = CNOT 17 34
[8640] = CNOT 17 35
[8641] = S 17
[8642] = CNOT 17 35
[8643] = CNOT 17 37
[8644] = Z 17
[8645] = CNOT 17 37
[8646] = CNOT 17 38
[8647] = S 17
[8648] = Z 17
[8649] = CNOT 17 38
[8650] = CNOT 17 39
[8651] = S 17
[8652] = Z 17
[8653] = CNOT 17 39
[8654] = CNOT 17 18
[8655] = CNOT 17 19
[8656] = CNOT 17 20
[8657] = S 17
[8658] = CNOT 17 20
[8659] = CNOT 17 33
[8660] = S 17
[8661] = CNOT 17 33
[8662] = CNOT 17 34
[8663] = S 17
[8664] = CNOT 17 34
[8665] = CNOT 17 35
[8666] = S 17
[8667] = CNOT 17 35
[8668] = CNOT 17 38
[8669] = S 17
[8670] = CNOT 17 38
[8671] = CNOT 17 39
[8672] = S 17
[8673] = CNOT 17 39
[8674] = CNOT 17 19
[8675] = CNOT 17 20
[8676] = CNOT 17 33
[8677] = S 17
[8678] = CNOT 17 33
[8679] = CNOT 17 34
[8680] = S 17
[8681] = CNOT 17 34
[8682] = CNOT 17 35
[8683] = S 17
[8684] = CNOT 17 35
[8685] = CNOT 17 38
[8686] = S 17
[8687] = CNOT 17 38
[8688] = CNOT 17 39
[8689] = S 17
[8690] = CNOT 17 39
[8691] = CNOT 17 20
[8692] = CNOT 17 21
[8693] = CNOT 17 34
[8694] = Z 17
[8695] = CNOT 17 34
[8696] = CNOT 17 37
[8697] = Z 17
[8698] = CNOT 17 37
[8699] = CNOT 17 38
[8700] = Z 17
[8701] = CNOT 17 38
[8702] = CNOT 17 39
[8703] = Z 17
[8704] = CNOT 17 39
[8705] = CNOT 17 21
[8706] = CNOT 17 33
[8707] = CNOT 17 34
[8708] = S 17
[8709] = CNOT 17 34
[8710] = CNOT 17 35
[8711] = S 17
[8712] = CNOT 17 35
[8713] = CNOT 17 38
[8714] = S 17
[8715] = CNOT 17 38
[8716] = CNOT 17 39
[8717] = S 17
[8718] = Z 17
[8719] = CNOT 17 39
[8720] = CNOT 17 33
[8721] = CNOT 17 34
[8722] = CNOT 17 35
[8723] = S 17
[8724] = CNOT 17 35
[8725] = CNOT 17 37
[8726] = Z 17
[8727] = CNOT 17 37
[8728] = CNOT 17 38
[8729] = S 17
[8730] = Z 17
[8731] = CNOT 17 38
[8732] = CNOT 17 39
[8733] = S 17
[8734] = Z 17
[8735] = CNOT 17 39
[8736] = CNOT 17 34
[8737] = CNOT 17 35
[8738] = CNOT 17 38
[8739] = S 17
[8740] = CNOT 17 38
[8741] = CNOT 17 39
[8742] = S 17
[8743] = CNOT 17 39
[8744] = CNOT 17 35
[8745] = CNOT 17 37
[8746] = CNOT 17 38
[8747] = Z 17
[8748] = CNOT 17 38
[8749] = CNOT 17 39
[8750] = Z 17
[8751] = CNOT 17 37
[8752] = CNOT 17 38
[8753] = S 17
[8754] = Z 17
[8755] = CNOT 17 39
[8756] = CNOT 17 38
[8757] = CNOT 18 19
[8758] = CNOT 18 20
[8759] = Z 18
[8760] = CNOT 18 20
[8761] = CNOT 18 33
[8762] = Z 18
[8763] = CNOT 18 33
[8764] = CNOT 18 39
[8765] = S 18
[8766] = CNOT 18 39
[8767] = CNOT 18 19
[8768] = CNOT 18 20
[8769] = CNOT 18 21
[8770] = S 18
[8771] = Z 18
[8772] = CNOT 18 21
[8773] = CNOT 18 33
[8774] = S 18
[8775] = CNOT 18 33
[8776] = CNOT 18 20
[8777] = CNOT 18 21
[8778] = CNOT 18 22
[8779] = S 18
[8780] = CNOT 18 22
[8781] = CNOT 18 23
[8782] = Z 18
[8783] = CNOT 18 23
[8784] = CNOT 18 33
[8785] = S 18
[8786] = Z 18
[8787] = CNOT 18 33
[8788] = CNOT 18 35
[8789] = Z 18
[8790] = CNOT 18 35
[8791] = CNOT 18 37
[8792] = Z 18
[8793] = CNOT 18 37
[8794] = CNOT 18 39
[8795] = S 18
[8796] = CNOT 18 39
[8797] = CNOT 18 21
[8798] = CNOT 18 22
[8799] = CNOT 18 33
[8800] = S 18
[8801] = CNOT 18 33
[8802] = CNOT 18 39
[8803] = S 18
[8804] = CNOT 18 39
[8805] = CNOT 18 22
[8806] = CNOT 18 23
[8807] = CNOT 18 33
[8808] = Z 18
[8809] = CNOT 18 33
[8810] = CNOT 18 39
[8811] = Z 18
[8812] = CNOT 18 39
[8813] = CNOT 18 23
[8814] = CNOT 18 34
[8815] = CNOT 18 37
[8816] = Z 18
[8817] = CNOT 18 37
[8818] = CNOT 18 38
[8819] = Z 18
[8820] = CNOT 18 38
[8821] = CNOT 18 39
[8822] = S 18
[8823] = CNOT 18 34
[8824] = CNOT 18 35
[8825] = S 18
[8826] = Z 18
[8827] = CNOT 18 39
[8828] = CNOT 18 35
[8829] = CNOT 18 37
[8830] = CNOT 18 38
[8831] = Z 18
[8832] = CNOT 18 38
[8833] = CNOT 18 39
[8834] = Z 18
[8835] = CNOT 18 37
[8836] = CNOT 18 38
[8837] = S 18
[8838] = CNOT 18 39
[8839] = CNOT 18 38
[8840] = CNOT 19 20
[8841] = CNOT 19 21
[8842] = S 19
[8843] = CNOT 19 21
[8844] = CNOT 19 33
[8845] = S 19
[8846] = Z 19
[8847] = CNOT 19 33
[8848] = CNOT 19 37
[8849] = Z 19
[8850] = CNOT 19 37
[8851] = CNOT 19 38
[8852] = S 19
[8853] = Z 19
[8854] = CNOT 19 38
[8855] = CNOT 19 39
[8856] = Z 19
[8857] = CNOT 19 39
[8858] = CNOT 19 20
[8859] = CNOT 19 21
[8860] = CNOT 19 34
[8861] = Z 19
[8862] = CNOT 19 34
[8863] = CNOT 19 35
[8864] = Z 19
[8865] = CNOT 19 35
[8866] = CNOT 19 38
[8867] = Z 19
[8868] = CNOT 19 38
[8869] = CNOT 19 21
[8870] = CNOT 19 33
[8871] = CNOT 19 34
[8872] = S 19
[8873] = Z 19
[8874] = CNOT 19 34
[8875] = CNOT 19 35
[8876] = S 19
[8877] = Z 19
[8878] = CNOT 19 35
[8879] = CNOT 19 37
[8880] = Z 19
[8881] = CNOT 19 37
[8882] = CNOT 19 33
[8883] = CNOT 19 34
[8884] = CNOT 19 35
[8885] = S 19
[8886] = Z 19
[8887] = CNOT 19 35
[8888] = CNOT 19 37
[8889] = Z 19
[8890] = CNOT 19 37
[8891] = CNOT 19 39
[8892] = Z 19
[8893] = CNOT 19 39
[8894] = CNOT 19 34
[8895] = CNOT 19 35
[8896] = CNOT 19 37
[8897] = Z 19
[8898] = CNOT 19 37
[8899] = CNOT 19 39
[8900] = Z 19
[8901] = CNOT 19 35
[8902] = CNOT 19 37
[8903] = Z 19
[8904] = CNOT 19 37
[8905] = CNOT 19 38
[8906] = S 19
[8907] = Z 19
[8908] = CNOT 19 39
[8909] = CNOT 19 38
[8910] = CNOT 20 21
[8911] = CNOT 20 33
[8912] = S 20
[8913] = Z 20
[8914] = CNOT 20 33
[8915] = CNOT 20 34
[8916] = Z 20
[8917] = CNOT 20 34
[8918] = CNOT 20 35
[8919] = Z 20
[8920] = CNOT 20 35
[8921] = CNOT 20 38
[8922] = Z 20
[8923] = CNOT 20 38
[8924] = CNOT 20 39
[8925] = S 20
[8926] = Z 20
[8927] = CNOT 20 39
[8928] = CNOT 20 21
[8929] = CNOT 20 33
[8930] = CNOT 20 37
[8931] = Z 20
[8932] = CNOT 20 33
[8933] = CNOT 20 34
[8934] = Z 20
[8935] = CNOT 20 37
[8936] = CNOT 20 39
[8937] = S 20
[8938] = Z 20
[8939] = CNOT 20 39
[8940] = CNOT 20 34
[8941] = CNOT 20 35
[8942] = CNOT 20 37
[8943] = Z 20
[8944] = CNOT 20 37
[8945] = CNOT 20 39
[8946] = S 20
[8947] = Z 20
[8948] = CNOT 20 35
[8949] = CNOT 20 37
[8950] = Z 20
[8951] = CNOT 20 37
[8952] = CNOT 20 38
[8953] = S 20
[8954] = Z 20
[8955] = CNOT 20 39
[8956] = CNOT 20 38
[8957] = CNOT 21 22
[8958] = CNOT 21 33
[8959] = S 21
[8960] = CNOT 21 33
[8961] = CNOT 21 39
[8962] = S 21
[8963] = CNOT 21 39
[8964] = CNOT 21 22
[8965] = CNOT 21 23
[8966] = CNOT 21 33
[8967] = Z 21
[8968] = CNOT 21 33
[8969] = CNOT 21 39
[8970] = Z 21
[8971] = CNOT 21 39
[8972] = CNOT 21 23
[8973] = CNOT 21 33
[8974] = CNOT 21 34
[8975] = Z 21
[8976] = CNOT 21 34
[8977] = CNOT 21 35
[8978] = Z 21
[8979] = CNOT 21 35
[8980] = CNOT 21 38
[8981] = Z 21
[8982] = CNOT 21 38
[8983] = CNOT 21 39
[8984] = S 21
[8985] = Z 21
[8986] = CNOT 21 39
[8987] = CNOT 21 33
[8988] = CNOT 21 34
[8989] = CNOT 21 35
[8990] = Z 21
[8991] = CNOT 21 35
[8992] = CNOT 21 37
[8993] = Z 21
[8994] = CNOT 21 37
[8995] = CNOT 21 34
[8996] = CNOT 21 35
[8997] = CNOT 21 38
[8998] = Z 21
[8999] = CNOT 21 38
[9000] = CNOT 21 39
[9001] = Z 21
[9002] = CNOT 21 39
[9003] = CNOT 21 35
[9004] = CNOT 21 37
[9005] = CNOT 21 38
[9006] = Z 21
[9007] = CNOT 21 38
[9008] = CNOT 21 39
[9009] = Z 21
[9010] = CNOT 21 39
[9011] = CNOT 21 37
[9012] = CNOT 22 33
[9013] = CNOT 22 39
[9014] = S 22
[9015] = CNOT 22 39
[9016] = CNOT 22 33
[9017] = CNOT 23 33
[9018] = CNOT 23 39
[9019] = Z 23
[9020] = CNOT 23 39
[9021] = CNOT 23 33
[9022] = CNOT 24 28
[9023] = CNOT 24 39
[9024] = S 24
[9025] = Z 24
[9026] = CNOT 24 28
[9027] = CNOT 24 29
[9028] = S 24
[9029] = Z 24
[9030] = CNOT 24 29
[9031] = CNOT 24 30
[9032] = S 24
[9033] = Z 24
[9034] = CNOT 24 30
[9035] = CNOT 25 26
[9036] = CNOT 25 35
[9037] = S 25
[9038] = Z 25
[9039] = CNOT 25 35
[9040] = CNOT 25 36
[9041] = S 25
[9042] = Z 25
[9043] = CNOT 25 36
[9044] = CNOT 25 26
[9045] = CNOT 25 27
[9046] = CNOT 25 34
[9047] = S 25
[9048] = Z 25
[9049] = CNOT 25 34
[9050] = CNOT 25 36
[9051] = S 25
[9052] = Z 25
[9053] = CNOT 25 36
[9054] = CNOT 25 27
[9055] = CNOT 25 28
[9056] = CNOT 25 35
[9057] = S 25
[9058] = Z 25
[9059] = CNOT 25 35
[9060] = CNOT 25 28
[9061] = CNOT 25 29
[9062] = CNOT 25 32
[9063] = S 25
[9064] = Z 25
[9065] = CNOT 25 32
[9066] = CNOT 25 34
[9067] = S 25
[9068] = Z 25
[9069] = CNOT 25 34
[9070] = CNOT 25 35
[9071] = S 25
[9072] = Z 25
[9073] = CNOT 25 35
[9074] = CNOT 25 29
[9075] = CNOT 25 30
[9076] = CNOT 25 32
[9077] = S 25
[9078] = Z 25
[9079] = CNOT 25 32
[9080] = CNOT 25 34
[9081] = S 25
[9082] = Z 25
[9083] = CNOT 25 34
[9084] = CNOT 25 30
[9085] = CNOT 25 31
[9086] = CNOT 25 32
[9087] = S 25
[9088] = Z 25
[9089] = CNOT 25 32
[9090] = CNOT 25 36
[9091] = S 25
[9092] = Z 25
[9093] = CNOT 25 36
[9094] = CNOT 25 31
[9095] = CNOT 26 27
[9096] = CNOT 26 36
[9097] = S 26
[9098] = Z 26
[9099] = CNOT 26 36
[9100] = CNOT 26 37
[9101] = S 26
[9102] = Z 26
[9103] = CNOT 26 37
[9104] = CNOT 26 27
[9105] = CNOT 26 28
[9106] = CNOT 26 35
[9107] = S 26
[9108] = Z 26
[9109] = CNOT 26 35
[9110] = CNOT 26 37
[9111] = S 26
[9112] = Z 26
[9113] = CNOT 26 37
[9114] = CNOT 26 28
[9115] = CNOT 26 29
[9116] = CNOT 26 35
[9117] = S 26
[9118] = Z 26
[9119] = CNOT 26 35
[9120] = CNOT 26 29
[9121] = CNOT 26 30
[9122] = CNOT 26 33
[9123] = S 26
[9124] = Z 26
[9125] = CNOT 26 30
[9126] = CNOT 26 31
[9127] = S 26
[9128] = Z 26
[9129] = CNOT 26 33
[9130] = CNOT 26 36
[9131] = S 26
[9132] = Z 26
[9133] = CNOT 26 31
[9134] = CNOT 27 28
[9135] = CNOT 27 37
[9136] = S 27
[9137] = Z 27
[9138] = CNOT 27 37
[9139] = CNOT 27 38
[9140] = S 27
[9141] = Z 27
[9142] = CNOT 27 38
[9143] = CNOT 27 28
[9144] = CNOT 27 29
[9145] = CNOT 27 34
[9146] = S 27
[9147] = Z 27
[9148] = CNOT 27 34
[9149] = CNOT 27 38
[9150] = S 27
[9151] = Z 27
[9152] = CNOT 27 38
[9153] = CNOT 27 29
[9154] = CNOT 27 30
[9155] = CNOT 27 34
[9156] = S 27
[9157] = Z 27
[9158] = CNOT 27 34
[9159] = CNOT 27 30
[9160] = CNOT 27 31
[9161] = CNOT 27 36
[9162] = S 27
[9163] = Z 27
[9164] = CNOT 27 31
[9165] = CNOT 28 29
[9166] = CNOT 28 35
[9167] = S 28
[9168] = Z 28
[9169] = CNOT 28 35
[9170] = CNOT 28 38
[9171] = S 28
[9172] = Z 28
[9173] = CNOT 28 38
[9174] = CNOT 28 39
[9175] = S 28
[9176] = Z 28
[9177] = CNOT 28 29
[9178] = CNOT 28 30
[9179] = S 28
[9180] = Z 28
[9181] = CNOT 28 39
[9182] = CNOT 28 30
[9183] = CNOT 29 30
[9184] = CNOT 29 32
[9185] = S 29
[9186] = Z 29
[9187] = CNOT 29 32
[9188] = CNOT 29 34
[9189] = S 29
[9190] = Z 29
[9191] = CNOT 29 34
[9192] = CNOT 29 39
[9193] = S 29
[9194] = Z 29
[9195] = CNOT 29 39
[9196] = CNOT 29 30
[9197] = CNOT 29 31
[9198] = CNOT 29 32
[9199] = S 29
[9200] = Z 29
[9201] = CNOT 29 32
[9202] = CNOT 29 31
[9203] = CNOT 30 31
[9204] = CNOT 30 32
[9205] = S 30
[9206] = Z 30
[9207] = CNOT 30 32
[9208] = CNOT 30 33
[9209] = S 30
[9210] = Z 30
[9211] = CNOT 30 33
[9212] = CNOT 30 31
[9213] = CNOT 32 33
[9214] = CNOT 32 35
[9215] = S 32
[9216] = CNOT 32 35
[9217] = CNOT 32 36
[9218] = Z 32
[9219] = CNOT 32 33
[9220] = CNOT 32 34
[9221] = Z 32
[9222] = CNOT 32 34
[9223] = CNOT 32 35
[9224] = Z 32
[9225] = CNOT 32 36
[9226] = CNOT 32 35
[9227] = CNOT 33 34
[9228] = CNOT 33 35
[9229] = S 33
[9230] = CNOT 33 35
[9231] = CNOT 33 36
[9232] = Z 33
[9233] = CNOT 33 36
[9234] = CNOT 33 37
[9235] = Z 33
[9236] = CNOT 33 37
[9237] = CNOT 33 38
[9238] = S 33
[9239] = CNOT 33 38
[9240] = CNOT 33 39
[9241] = S 33
[9242] = Z 33
[9243] = CNOT 33 39
[9244] = CNOT 33 34
[9245] = CNOT 33 35
[9246] = CNOT 33 36
[9247] = Z 33
[9248] = CNOT 33 36
[9249] = CNOT 33 37
[9250] = Z 33
[9251] = CNOT 33 37
[9252] = CNOT 33 38
[9253] = S 33
[9254] = CNOT 33 38
[9255] = CNOT 33 35
[9256] = CNOT 33 37
[9257] = CNOT 33 39
[9258] = Z 33
[9259] = CNOT 33 39
[9260] = CNOT 33 37
[9261] = CNOT 34 35
[9262] = CNOT 34 36
[9263] = Z 34
[9264] = CNOT 34 36
[9265] = CNOT 34 37
[9266] = Z 34
[9267] = CNOT 34 37
[9268] = CNOT 34 38
[9269] = S 34
[9270] = CNOT 34 38
[9271] = CNOT 34 39
[9272] = S 34
[9273] = Z 34
[9274] = CNOT 34 39
[9275] = CNOT 34 35
[9276] = CNOT 34 37
[9277] = CNOT 34 38
[9278] = Z 34
[9279] = CNOT 34 37
[9280] = CNOT 34 39
[9281] = Z 34
[9282] = CNOT 34 39
[9283] = CNOT 34 38
[9284] = CNOT 35 36
[9285] = CNOT 35 37
[9286] = S 35
[9287] = CNOT 35 36
[9288] = CNOT 35 39
[9289] = S 35
[9290] = Z 35
[9291] = CNOT 35 39
[9292] = CNOT 35 37
[9293] = CNOT 37 38
[9294] = CNOT 37 39
[9295] = Z 37
[9296] = CNOT 37 39
[9297] = CNOT 37 38
[9298] = CNOT 31 38
[9299] = CNOT 27 38
[9300] = CNOT 26 38
[9301] = CNOT 25 38
[9302] = CNOT 23 38
[9303] = CNOT 30 37
[9304] = CNOT 26 37
[9305] = CNOT 25 37
[9306] = CNOT 24 37
[9307] = CNOT 22 37
[9308] = CNOT 31 36
[9309] = CNOT 29 36
[9310] = CNOT 24 36
[9311] = CNOT 21 36
[9312] = CNOT 31 35
[9313] = CNOT 30 35
[9314] = CNOT 28 35
[9315] = CNOT 27 35
[9316] = CNOT 20 35
[9317] = CNOT 30 34
[9318] = CNOT 29 34
[9319] = CNOT 27 34
[9320] = CNOT 26 34
[9321] = CNOT 19 34
[9322] = CNOT 29 33
[9323] = CNOT 28 33
[9324] = CNOT 26 33
[9325] = CNOT 25 33
[9326] = CNOT 18 33
[9327] = CNOT 28 32
[9328] = CNOT 27 32
[9329] = CNOT 25 32
[9330] = CNOT 24 32
[9331] = CNOT 17 32
[9332] = CNOT 38 31
[9333] = CNOT 27 31
[9334] = CNOT 26 31
[9335] = CNOT 25 31
[9336] = CNOT 31 38
[9337] = CNOT 37 30
[9338] = CNOT 26 30
[9339] = CNOT 25 30
[9340] = CNOT 24 30
[9341] = CNOT 30 37
[9342] = CNOT 38 29
[9343] = CNOT 36 29
[9344] = CNOT 25 29
[9345] = CNOT 24 29
[9346] = CNOT 29 36
[9347] = CNOT 38 28
[9348] = CNOT 37 28
[9349] = CNOT 35 28
[9350] = CNOT 24 28
[9351] = CNOT 28 35
[9352] = CNOT 38 27
[9353] = CNOT 37 27
[9354] = CNOT 36 27
[9355] = CNOT 34 27
[9356] = CNOT 27 34
[9357] = CNOT 37 26
[9358] = CNOT 36 26
[9359] = CNOT 35 26
[9360] = CNOT 33 26
[9361] = CNOT 26 33
[9362] = CNOT 36 25
[9363] = CNOT 35 25
[9364] = CNOT 34 25
[9365] = CNOT 32 25
[9366] = CNOT 25 32
[9367] = CNOT 39 24
[9368] = CNOT 24 39
[9369] = CNOT 31 23
[9370] = CNOT 23 31
[9371] = CNOT 30 22
[9372] = CNOT 22 30
[9373] = CNOT 29 21
[9374] = CNOT 21 29
[9375] = CNOT 28 20
[9376] = CNOT 20 28
[9377] = CNOT 27 19
[9378] = CNOT 19 27
[9379] = CNOT 26 18
[9380] = CNOT 18 26
[9381] = CNOT 25 17
[9382] = CNOT 17 25
[9383] = H 25
[9384] = M 25
[9385] = H 26
[9386] = M 26
[9387] = H 27
[9388] = M 27
[9389] = H 28
[9390] = M 28
[9391] = H 29
[9392] = M 29
[9393] = H 30
[9394] = M 30
[9395] = H 31
[9396] = M 31
[9397] = H 32
[9398] = M 32
[9399] = H 33
[9400] = M 33
[9401] = H 34
[9402] = M 34
[9403] = H 35
[9404] = M 35
[9405] = H 36
[9406] = M 36
[9407] = H 37
[9408] = M 37
[9409] = H 38
[9410] = M 38
[9411] = H 39
[9412] = M 39
[9413] = H 24
[9414] = H 23
[9415] = H 22
[9416] = H 21
[9417] = H 20
[9418] = H 19
[9419] = H 18
[9420] = H 17
Gate distributions:
Input:
Operator distribution:
Total number of qubits = 24
Number of `data' qubits = 24
Number of `Toff_n' ancillas = 0
Number of Hadamard ancillas = 0
Hadamard ancilla cap = infinite
Number of {CNOT,T} partitions = 1
T count = 448
Cost estimation = 224051
	id	Count
	0	0
	1	0
	2	0
	3	30
	4	21
	5	0
	6	0
	7	0
	8	0
	9	0
	10	64
	11	0
	12	0
	13	0
	14	0
	15	0
	16	0
	17	0
	18	0
Output:
Operator distribution:
Total number of qubits = 39
Number of `data' qubits = 24
Number of `Toff_n' ancillas = 0
Number of Hadamard ancillas = 15
Hadamard ancilla cap = infinite
Number of {CNOT,T} partitions = 1
T count = 224
Cost estimation = 121204
	id	Count
	0	0
	1	0
	2	0
	3	45
	4	6086
	5	224
	6	0
	7	0
	8	0
	9	0
	10	0
	11	1507
	12	0
	13	1544
	14	0
	15	0
	16	0
	17	0
	18	15
Output T Count (SQC_Circuit) = 224
Output T Count (PhasePolynomial) = 224
Fail count = 0

Execution time: 3735.23s
Number of LCL errors: 0
Number of LCL warnings: 0
