circuit,variant,p,algorithm,input_tcount,output_tcount,total_exec_ms,total_exec_s,overall_exec_s,pairs_tested,sketch_filtered,sketch_skip_reuse,full_after_sketch,full_after_sketch_rate_pct,filtered_miss,nullspace_runs,rebuild_count,local_add_count,basis_update_count,basis_reuse_rate_pct,aa_ms,sketch_ms,sketch_build_ms,sketch_basis_ms,sketch_mem_ms,sketch_other_ms,chi_update_ms,basis_work_ms,nullspace_ms,sketch_rej_rate_pct,avg_sketch_rows,avg_sketch_basis,avg_affected_rows,avg_active_rows,reuse_mem_reject,reuse_ns_runs,reuse_no_pair_y,reuse_no_reduce,reuse_reduced,reuse_mem_rej_rate_pct,reuse_no_red_rate_pct,fail_count,outfile
barenco_tof_3.tfc,baseline,,lx2_dynamic_repair_chi_packed_aa,16,14,2,0.002,0.004371,116,,,116,100.000,115,1,70,46,116,39.655,0.008,,,,,,2.666,2.666,0.037,,,,207.843,347.793,,,,,,,,0,/home/ryo-mtmt/TOpt/forme/sketch_experiments/aa_sketch_detail_20260618_032309/logs/barenco_tof_3_lx2_dynamic_repair_chi_packed_aa.out
barenco_tof_3.tfc,reuse,3,lx2_dynamic_repair_chi_packed_aa_sketch_3,16,14,3,0.003,0.005238,116,28,0,88,75.862,87,1,61,27,88,30.682,0.013,1.067,0.528,0.001,0,0.538,2.388,2.388,0.039,24.1379,14.7586,6.82759,243.184,358.227,0,0,0,0,0,,,0,/home/ryo-mtmt/TOpt/forme/sketch_experiments/aa_sketch_detail_20260618_032309/logs/barenco_tof_3_lx2_dynamic_repair_chi_packed_aa_sketch_3.out
barenco_tof_3.tfc,noreuse,3,lx2_dynamic_repair_chi_packed_aa_sketch_noreuse_3,16,14,4,0.004,0.00574,116,28,0,88,75.862,87,1,88,0,88,0.000,0.011,1.074,0.53,0.001,0,0.543,2.901,2.901,0.05,24.1379,14.7586,6.82759,0,358.227,0,0,0,0,0,,,0,/home/ryo-mtmt/TOpt/forme/sketch_experiments/aa_sketch_detail_20260618_032309/logs/barenco_tof_3_lx2_dynamic_repair_chi_packed_aa_sketch_noreuse_3.out
barenco_tof_3.tfc,reuse,5,lx2_dynamic_repair_chi_packed_aa_sketch_5,16,14,3,0.003,0.004694,116,45,0,71,61.207,70,1,46,25,71,35.211,0.013,1.241,0.534,0.02,0,0.687,1.708,1.708,0.039,38.7931,19.4828,7.75862,230.571,330.817,0,0,0,0,0,,,0,/home/ryo-mtmt/TOpt/forme/sketch_experiments/aa_sketch_detail_20260618_032309/logs/barenco_tof_3_lx2_dynamic_repair_chi_packed_aa_sketch_5.out
barenco_tof_3.tfc,noreuse,5,lx2_dynamic_repair_chi_packed_aa_sketch_noreuse_5,16,14,3,0.003,0.005216,116,45,0,71,61.207,70,1,71,0,71,0.000,0.012,1.255,0.551,0.001,0,0.703,2.173,2.173,0.04,38.7931,19.4828,7.75862,0,330.817,0,0,0,0,0,,,0,/home/ryo-mtmt/TOpt/forme/sketch_experiments/aa_sketch_detail_20260618_032309/logs/barenco_tof_3_lx2_dynamic_repair_chi_packed_aa_sketch_noreuse_5.out
barenco_tof_3.tfc,reuse,8,lx2_dynamic_repair_chi_packed_aa_sketch_8,16,14,2,0.002,0.004395,116,65,0,51,43.966,50,1,33,18,51,35.294,0.013,1.481,0.542,0.001,0,0.938,1.13,1.13,0.039,56.0345,28.3879,8.76724,221.96,299.412,0,0,0,0,0,,,0,/home/ryo-mtmt/TOpt/forme/sketch_experiments/aa_sketch_detail_20260618_032309/logs/barenco_tof_3_lx2_dynamic_repair_chi_packed_aa_sketch_8.out
barenco_tof_3.tfc,noreuse,8,lx2_dynamic_repair_chi_packed_aa_sketch_noreuse_8,16,14,3,0.003,0.004673,116,65,0,51,43.966,50,1,51,0,51,0.000,0.013,1.493,0.534,0.001,0,0.958,1.436,1.436,0.04,56.0345,28.3879,8.76724,0,299.412,0,0,0,0,0,,,0,/home/ryo-mtmt/TOpt/forme/sketch_experiments/aa_sketch_detail_20260618_032309/logs/barenco_tof_3_lx2_dynamic_repair_chi_packed_aa_sketch_noreuse_8.out
barenco_tof_3.tfc,reuse,10,lx2_dynamic_repair_chi_packed_aa_sketch_10,16,14,2,0.002,0.004293,116,76,0,40,34.483,39,1,26,14,40,35.000,0.012,1.683,0.547,0.001,0,1.135,0.865,0.865,0.039,65.5172,35.1034,9.26724,214.923,287.575,0,0,0,0,0,,,0,/home/ryo-mtmt/TOpt/forme/sketch_experiments/aa_sketch_detail_20260618_032309/logs/barenco_tof_3_lx2_dynamic_repair_chi_packed_aa_sketch_10.out
barenco_tof_3.tfc,noreuse,10,lx2_dynamic_repair_chi_packed_aa_sketch_noreuse_10,16,14,3,0.003,0.004532,116,76,0,40,34.483,39,1,40,0,40,0.000,0.012,1.691,0.551,0.005,0,1.135,1.09,1.09,0.041,65.5172,35.1034,9.26724,0,287.575,0,0,0,0,0,,,0,/home/ryo-mtmt/TOpt/forme/sketch_experiments/aa_sketch_detail_20260618_032309/logs/barenco_tof_3_lx2_dynamic_repair_chi_packed_aa_sketch_noreuse_10.out
barenco_tof_3.tfc,reuse,13,lx2_dynamic_repair_chi_packed_aa_sketch_13,16,14,2,0.002,0.004314,116,91,0,25,21.552,24,1,18,7,25,28.000,0.013,1.98,0.55,0.007,0,1.423,0.628,0.628,0.038,78.4483,45.7241,9.91379,228.417,280,0,0,0,0,0,,,0,/home/ryo-mtmt/TOpt/forme/sketch_experiments/aa_sketch_detail_20260618_032309/logs/barenco_tof_3_lx2_dynamic_repair_chi_packed_aa_sketch_13.out
barenco_tof_3.tfc,noreuse,13,lx2_dynamic_repair_chi_packed_aa_sketch_noreuse_13,16,14,2,0.002,0.004398,116,91,0,25,21.552,24,1,25,0,25,0.000,0.013,1.958,0.533,0.005,0,1.42,0.717,0.717,0.047,78.4483,45.7241,9.91379,0,280,0,0,0,0,0,,,0,/home/ryo-mtmt/TOpt/forme/sketch_experiments/aa_sketch_detail_20260618_032309/logs/barenco_tof_3_lx2_dynamic_repair_chi_packed_aa_sketch_noreuse_13.out
barenco_tof_3.tfc,reuse,15,lx2_dynamic_repair_chi_packed_aa_sketch_15,16,14,3,0.003,0.004476,116,92,0,24,20.690,23,1,17,7,24,29.167,0.011,2.157,0.537,0.005,0,1.615,0.587,0.587,0.039,79.3103,52.8103,10.0862,225.478,275.542,0,0,0,0,0,,,0,/home/ryo-mtmt/TOpt/forme/sketch_experiments/aa_sketch_detail_20260618_032309/logs/barenco_tof_3_lx2_dynamic_repair_chi_packed_aa_sketch_15.out
barenco_tof_3.tfc,noreuse,15,lx2_dynamic_repair_chi_packed_aa_sketch_noreuse_15,16,14,3,0.003,0.004575,116,92,0,24,20.690,23,1,24,0,24,0.000,0.013,2.159,0.544,0.007,0,1.608,0.702,0.702,0.04,79.3103,52.8103,10.0862,0,275.542,0,0,0,0,0,,,0,/home/ryo-mtmt/TOpt/forme/sketch_experiments/aa_sketch_detail_20260618_032309/logs/barenco_tof_3_lx2_dynamic_repair_chi_packed_aa_sketch_noreuse_15.out
barenco_tof_3.tfc,reuse,20,lx2_dynamic_repair_chi_packed_aa_sketch_20,16,14,3,0.003,0.004681,116,103,0,13,11.207,12,1,10,3,13,23.077,0.013,2.642,0.58,0,0,2.062,0.352,0.352,0.039,88.7931,69.9914,10.4914,208.667,265,0,0,0,0,0,,,0,/home/ryo-mtmt/TOpt/forme/sketch_experiments/aa_sketch_detail_20260618_032309/logs/barenco_tof_3_lx2_dynamic_repair_chi_packed_aa_sketch_20.out
barenco_tof_3.tfc,noreuse,20,lx2_dynamic_repair_chi_packed_aa_sketch_noreuse_20,16,14,3,0.003,0.004727,116,103,0,13,11.207,12,1,13,0,13,0.000,0.013,2.601,0.54,0.006,0,2.055,0.396,0.396,0.04,88.7931,69.9914,10.4914,0,265,0,0,0,0,0,,,0,/home/ryo-mtmt/TOpt/forme/sketch_experiments/aa_sketch_detail_20260618_032309/logs/barenco_tof_3_lx2_dynamic_repair_chi_packed_aa_sketch_noreuse_20.out
barenco_tof_3.tfc,reuse,25,lx2_dynamic_repair_chi_packed_aa_sketch_25,16,14,3,0.003,0.004993,116,111,0,5,4.310,4,1,5,0,5,0.000,0.011,3.059,0.544,0.004,0,2.511,0.202,0.202,0.049,95.6897,87.2586,10.7931,213,293.8,0,0,0,0,0,,,0,/home/ryo-mtmt/TOpt/forme/sketch_experiments/aa_sketch_detail_20260618_032309/logs/barenco_tof_3_lx2_dynamic_repair_chi_packed_aa_sketch_25.out
barenco_tof_3.tfc,noreuse,25,lx2_dynamic_repair_chi_packed_aa_sketch_noreuse_25,16,14,3,0.003,0.005012,116,111,0,5,4.310,4,1,5,0,5,0.000,0.012,3.06,0.531,0.008,0,2.521,0.202,0.202,0.04,95.6897,87.2586,10.7931,0,293.8,0,0,0,0,0,,,0,/home/ryo-mtmt/TOpt/forme/sketch_experiments/aa_sketch_detail_20260618_032309/logs/barenco_tof_3_lx2_dynamic_repair_chi_packed_aa_sketch_noreuse_25.out
barenco_tof_3.tfc,reuse,30,lx2_dynamic_repair_chi_packed_aa_sketch_30,16,14,3,0.003,0.005321,116,113,0,3,2.586,2,1,3,0,3,0.000,0.011,3.506,0.558,0.007,0,2.941,0.145,0.145,0.038,97.4138,104.836,10.9224,193.5,284,0,0,0,0,0,,,0,/home/ryo-mtmt/TOpt/forme/sketch_experiments/aa_sketch_detail_20260618_032309/logs/barenco_tof_3_lx2_dynamic_repair_chi_packed_aa_sketch_30.out
barenco_tof_3.tfc,noreuse,30,lx2_dynamic_repair_chi_packed_aa_sketch_noreuse_30,16,14,3,0.003,0.005358,116,113,0,3,2.586,2,1,3,0,3,0.000,0.012,3.519,0.542,0.023,0,2.954,0.133,0.133,0.04,97.4138,104.836,10.9224,0,284,0,0,0,0,0,,,0,/home/ryo-mtmt/TOpt/forme/sketch_experiments/aa_sketch_detail_20260618_032309/logs/barenco_tof_3_lx2_dynamic_repair_chi_packed_aa_sketch_noreuse_30.out
barenco_tof_4.tfc,baseline,,lx2_dynamic_repair_chi_packed_aa,28,24,40,0.040,0.052525,356,,,356,100.000,354,2,263,93,356,26.124,0.019,,,,,,39.237,39.237,0.235,,,,1008.37,1561.85,,,,,,,,0,/home/ryo-mtmt/TOpt/forme/sketch_experiments/aa_sketch_detail_20260618_032309/logs/barenco_tof_4_lx2_dynamic_repair_chi_packed_aa.out
barenco_tof_4.tfc,reuse,3,lx2_dynamic_repair_chi_packed_aa_sketch_3,28,24,46,0.046,0.058648,356,66,0,290,81.461,288,2,235,55,290,18.966,0.026,9.797,4.553,0.007,0,5.237,35.501,35.501,0.227,18.5393,49.1067,14.1376,1128.96,1620.13,0,0,0,0,0,,,0,/home/ryo-mtmt/TOpt/forme/sketch_experiments/aa_sketch_detail_20260618_032309/logs/barenco_tof_4_lx2_dynamic_repair_chi_packed_aa_sketch_3.out
barenco_tof_4.tfc,noreuse,3,lx2_dynamic_repair_chi_packed_aa_sketch_noreuse_3,28,24,54,0.054,0.066079,356,66,0,290,81.461,288,2,290,0,290,0.000,0.024,9.925,4.585,0.011,0,5.329,42.67,42.67,0.232,18.5393,49.1067,14.1376,0,1620.13,0,0,0,0,0,,,0,/home/ryo-mtmt/TOpt/forme/sketch_experiments/aa_sketch_detail_20260618_032309/logs/barenco_tof_4_lx2_dynamic_repair_chi_packed_aa_sketch_noreuse_3.out
barenco_tof_4.tfc,reuse,5,lx2_dynamic_repair_chi_packed_aa_sketch_5,28,24,37,0.037,0.049845,356,149,0,207,58.146,205,2,164,43,207,20.773,0.026,12.59,4.553,0.019,0,8.018,23.986,23.986,0.229,41.8539,78.5871,16.4326,1161.11,1471.75,0,0,0,0,0,,,0,/home/ryo-mtmt/TOpt/forme/sketch_experiments/aa_sketch_detail_20260618_032309/logs/barenco_tof_4_lx2_dynamic_repair_chi_packed_aa_sketch_5.out
barenco_tof_4.tfc,noreuse,5,lx2_dynamic_repair_chi_packed_aa_sketch_noreuse_5,28,24,42,0.042,0.054466,356,149,0,207,58.146,205,2,207,0,207,0.000,0.024,12.727,4.657,0.026,0,8.044,28.375,28.375,0.233,41.8539,78.5871,16.4326,0,1471.75,0,0,0,0,0,,,0,/home/ryo-mtmt/TOpt/forme/sketch_experiments/aa_sketch_detail_20260618_032309/logs/barenco_tof_4_lx2_dynamic_repair_chi_packed_aa_sketch_noreuse_5.out
barenco_tof_4.tfc,reuse,8,lx2_dynamic_repair_chi_packed_aa_sketch_8,28,24,31,0.031,0.043447,356,234,0,122,34.270,120,2,99,23,122,18.852,0.025,16.874,4.754,0.021,0,12.099,13.311,13.311,0.231,65.7303,125.565,18.4382,1202.09,1318.52,0,0,0,0,0,,,0,/home/ryo-mtmt/TOpt/forme/sketch_experiments/aa_sketch_detail_20260618_032309/logs/barenco_tof_4_lx2_dynamic_repair_chi_packed_aa_sketch_8.out
barenco_tof_4.tfc,noreuse,8,lx2_dynamic_repair_chi_packed_aa_sketch_noreuse_8,28,24,33,0.033,0.045448,356,234,0,122,34.270,120,2,122,0,122,0.000,0.026,16.746,4.581,0.02,0,12.145,15.455,15.455,0.225,65.7303,125.565,18.4382,0,1318.52,0,0,0,0,0,,,0,/home/ryo-mtmt/TOpt/forme/sketch_experiments/aa_sketch_detail_20260618_032309/logs/barenco_tof_4_lx2_dynamic_repair_chi_packed_aa_sketch_noreuse_8.out
barenco_tof_4.tfc,reuse,10,lx2_dynamic_repair_chi_packed_aa_sketch_10,28,24,29,0.029,0.041877,356,266,0,90,25.281,88,2,74,16,90,17.778,0.026,19.4,4.58,0.07,0,14.75,9.316,9.316,0.235,74.7191,156.719,19.1826,1199.45,1232.6,0,0,0,0,0,,,0,/home/ryo-mtmt/TOpt/forme/sketch_experiments/aa_sketch_detail_20260618_032309/logs/barenco_tof_4_lx2_dynamic_repair_chi_packed_aa_sketch_10.out
barenco_tof_4.tfc,noreuse,10,lx2_dynamic_repair_chi_packed_aa_sketch_noreuse_10,28,24,31,0.031,0.043497,356,266,0,90,25.281,88,2,90,0,90,0.000,0.024,19.413,4.607,0.035,0,14.771,10.979,10.979,0.241,74.7191,156.719,19.1826,0,1232.6,0,0,0,0,0,,,0,/home/ryo-mtmt/TOpt/forme/sketch_experiments/aa_sketch_detail_20260618_032309/logs/barenco_tof_4_lx2_dynamic_repair_chi_packed_aa_sketch_noreuse_10.out
barenco_tof_4.tfc,reuse,13,lx2_dynamic_repair_chi_packed_aa_sketch_13,28,24,31,0.031,0.042954,356,293,0,63,17.697,61,2,54,9,63,14.286,0.026,23.222,4.578,0.037,0,18.607,6.664,6.664,0.239,82.3034,203.64,19.9831,1195.5,1213.54,0,0,0,0,0,,,0,/home/ryo-mtmt/TOpt/forme/sketch_experiments/aa_sketch_detail_20260618_032309/logs/barenco_tof_4_lx2_dynamic_repair_chi_packed_aa_sketch_13.out
barenco_tof_4.tfc,noreuse,13,lx2_dynamic_repair_chi_packed_aa_sketch_noreuse_13,28,24,32,0.032,0.04413,356,293,0,63,17.697,61,2,63,0,63,0.000,0.028,23.353,4.633,0.055,0,18.665,7.657,7.657,0.239,82.3034,203.64,19.9831,0,1213.54,0,0,0,0,0,,,0,/home/ryo-mtmt/TOpt/forme/sketch_experiments/aa_sketch_detail_20260618_032309/logs/barenco_tof_4_lx2_dynamic_repair_chi_packed_aa_sketch_noreuse_13.out
barenco_tof_4.tfc,reuse,15,lx2_dynamic_repair_chi_packed_aa_sketch_15,28,24,31,0.031,0.043515,356,312,0,44,12.360,42,2,40,4,44,9.091,0.026,25.85,4.672,0.028,0,21.15,4.575,4.575,0.23,87.6404,234.857,20.2865,1266.74,1062.07,0,0,0,0,0,,,0,/home/ryo-mtmt/TOpt/forme/sketch_experiments/aa_sketch_detail_20260618_032309/logs/barenco_tof_4_lx2_dynamic_repair_chi_packed_aa_sketch_15.out
barenco_tof_4.tfc,noreuse,15,lx2_dynamic_repair_chi_packed_aa_sketch_noreuse_15,28,24,32,0.032,0.044035,356,312,0,44,12.360,42,2,44,0,44,0.000,0.026,26.01,4.715,0.041,0.003,21.251,4.998,4.998,0.235,87.6404,234.857,20.2865,0,1062.07,0,0,0,0,0,,,0,/home/ryo-mtmt/TOpt/forme/sketch_experiments/aa_sketch_detail_20260618_032309/logs/barenco_tof_4_lx2_dynamic_repair_chi_packed_aa_sketch_noreuse_15.out
barenco_tof_4.tfc,reuse,20,lx2_dynamic_repair_chi_packed_aa_sketch_20,28,24,35,0.035,0.047953,356,331,0,25,7.022,23,2,23,2,25,8.000,0.026,32.109,4.667,0.048,0,27.394,2.693,2.693,0.241,92.9775,312.848,20.8596,1297.83,968.72,0,0,0,0,0,,,0,/home/ryo-mtmt/TOpt/forme/sketch_experiments/aa_sketch_detail_20260618_032309/logs/barenco_tof_4_lx2_dynamic_repair_chi_packed_aa_sketch_20.out
barenco_tof_4.tfc,noreuse,20,lx2_dynamic_repair_chi_packed_aa_sketch_noreuse_20,28,24,36,0.036,0.047986,356,331,0,25,7.022,23,2,25,0,25,0.000,0.025,32.162,4.682,0.054,0,27.426,2.828,2.828,0.246,92.9775,312.848,20.8596,0,968.72,0,0,0,0,0,,,0,/home/ryo-mtmt/TOpt/forme/sketch_experiments/aa_sketch_detail_20260618_032309/logs/barenco_tof_4_lx2_dynamic_repair_chi_packed_aa_sketch_noreuse_20.out
barenco_tof_4.tfc,reuse,25,lx2_dynamic_repair_chi_packed_aa_sketch_25,28,24,40,0.040,0.052699,356,343,0,13,3.652,11,2,12,1,13,7.692,0.024,38.463,4.612,0.072,0,33.779,1.271,1.271,0.235,96.3483,390.691,21.1713,921.917,727.385,0,0,0,0,0,,,0,/home/ryo-mtmt/TOpt/forme/sketch_experiments/aa_sketch_detail_20260618_032309/logs/barenco_tof_4_lx2_dynamic_repair_chi_packed_aa_sketch_25.out
barenco_tof_4.tfc,noreuse,25,lx2_dynamic_repair_chi_packed_aa_sketch_noreuse_25,28,24,41,0.041,0.053345,356,343,0,13,3.652,11,2,13,0,13,0.000,0.025,38.985,4.762,0.073,0,34.15,1.35,1.35,0.231,96.3483,390.691,21.1713,0,727.385,0,0,0,0,0,,,0,/home/ryo-mtmt/TOpt/forme/sketch_experiments/aa_sketch_detail_20260618_032309/logs/barenco_tof_4_lx2_dynamic_repair_chi_packed_aa_sketch_noreuse_25.out
barenco_tof_4.tfc,reuse,30,lx2_dynamic_repair_chi_packed_aa_sketch_30,28,24,46,0.046,0.058565,356,349,0,7,1.966,5,2,7,0,7,0.000,0.025,44.717,4.664,0.106,0,39.947,0.944,0.944,0.236,98.0337,469.087,21.3146,864.833,882,0,0,0,0,0,,,0,/home/ryo-mtmt/TOpt/forme/sketch_experiments/aa_sketch_detail_20260618_032309/logs/barenco_tof_4_lx2_dynamic_repair_chi_packed_aa_sketch_30.out
barenco_tof_4.tfc,noreuse,30,lx2_dynamic_repair_chi_packed_aa_sketch_noreuse_30,28,24,47,0.047,0.058992,356,349,0,7,1.966,5,2,7,0,7,0.000,0.027,45.058,4.984,0.082,0,39.992,0.952,0.952,0.232,98.0337,469.087,21.3146,0,882,0,0,0,0,0,,,0,/home/ryo-mtmt/TOpt/forme/sketch_experiments/aa_sketch_detail_20260618_032309/logs/barenco_tof_4_lx2_dynamic_repair_chi_packed_aa_sketch_noreuse_30.out
barenco_tof_5.tfc,baseline,,lx2_dynamic_repair_chi_packed_aa,40,34,201,0.201,0.272746,715,,,715,100.000,712,3,564,151,715,21.119,0.046,,,,,,196.37,196.37,0.753,,,,2494.1,4065.42,,,,,,,,0,/home/ryo-mtmt/TOpt/forme/sketch_experiments/aa_sketch_detail_20260618_032309/logs/barenco_tof_5_lx2_dynamic_repair_chi_packed_aa.out
barenco_tof_5.tfc,reuse,3,lx2_dynamic_repair_chi_packed_aa_sketch_3,40,34,224,0.224,0.296104,715,123,0,592,82.797,589,3,490,102,592,17.230,0.049,48.502,22.222,0.106,0,26.174,170.818,170.818,0.752,17.2028,123.074,22.2839,2672.7,4041.1,0,0,0,0,0,,,0,/home/ryo-mtmt/TOpt/forme/sketch_experiments/aa_sketch_detail_20260618_032309/logs/barenco_tof_5_lx2_dynamic_repair_chi_packed_aa_sketch_3.out
barenco_tof_5.tfc,noreuse,3,lx2_dynamic_repair_chi_packed_aa_sketch_noreuse_3,40,34,263,0.263,0.334854,715,123,0,592,82.797,589,3,592,0,592,0.000,0.051,47.493,21.627,0.034,0,25.832,211.154,211.154,0.768,17.2028,123.074,22.2839,0,4041.1,0,0,0,0,0,,,0,/home/ryo-mtmt/TOpt/forme/sketch_experiments/aa_sketch_detail_20260618_032309/logs/barenco_tof_5_lx2_dynamic_repair_chi_packed_aa_sketch_noreuse_3.out
barenco_tof_5.tfc,reuse,5,lx2_dynamic_repair_chi_packed_aa_sketch_5,40,34,168,0.168,0.239119,715,331,0,384,53.706,381,3,312,72,384,18.750,0.05,62.215,21.508,0.076,0.005,40.626,101.31,101.31,0.833,46.2937,203.917,25.607,2857.14,3613.07,0,0,0,0,0,,,0,/home/ryo-mtmt/TOpt/forme/sketch_experiments/aa_sketch_detail_20260618_032309/logs/barenco_tof_5_lx2_dynamic_repair_chi_packed_aa_sketch_5.out
barenco_tof_5.tfc,noreuse,5,lx2_dynamic_repair_chi_packed_aa_sketch_noreuse_5,40,34,192,0.192,0.263287,715,331,0,384,53.706,381,3,384,0,384,0.000,0.051,62.211,21.548,0.07,0.002,40.591,125.384,125.384,0.783,46.2937,203.917,25.607,0,3613.07,0,0,0,0,0,,,0,/home/ryo-mtmt/TOpt/forme/sketch_experiments/aa_sketch_detail_20260618_032309/logs/barenco_tof_5_lx2_dynamic_repair_chi_packed_aa_sketch_noreuse_5.out
barenco_tof_5.tfc,reuse,8,lx2_dynamic_repair_chi_packed_aa_sketch_8,40,34,133,0.133,0.204939,715,505,0,210,29.371,207,3,165,45,210,21.429,0.05,83.156,21.419,0.107,0,61.63,46.575,46.575,0.769,70.6294,325.708,28.0587,2827.64,2851.5,0,0,0,0,0,,,0,/home/ryo-mtmt/TOpt/forme/sketch_experiments/aa_sketch_detail_20260618_032309/logs/barenco_tof_5_lx2_dynamic_repair_chi_packed_aa_sketch_8.out
barenco_tof_5.tfc,noreuse,8,lx2_dynamic_repair_chi_packed_aa_sketch_noreuse_8,40,34,145,0.145,0.216921,715,505,0,210,29.371,207,3,210,0,210,0.000,0.053,83.715,22.053,0.108,0,61.554,58.038,58.038,0.764,70.6294,325.708,28.0587,0,2851.5,0,0,0,0,0,,,0,/home/ryo-mtmt/TOpt/forme/sketch_experiments/aa_sketch_detail_20260618_032309/logs/barenco_tof_5_lx2_dynamic_repair_chi_packed_aa_sketch_noreuse_8.out
barenco_tof_5.tfc,reuse,10,lx2_dynamic_repair_chi_packed_aa_sketch_10,40,34,135,0.135,0.207052,715,549,0,166,23.217,163,3,128,38,166,22.892,0.051,96.721,21.423,0.166,0,75.132,35.219,35.219,0.758,76.7832,407.066,28.958,2803.7,2690.52,0,0,0,0,0,,,0,/home/ryo-mtmt/TOpt/forme/sketch_experiments/aa_sketch_detail_20260618_032309/logs/barenco_tof_5_lx2_dynamic_repair_chi_packed_aa_sketch_10.out
barenco_tof_5.tfc,noreuse,10,lx2_dynamic_repair_chi_packed_aa_sketch_noreuse_10,40,34,144,0.144,0.216179,715,549,0,166,23.217,163,3,166,0,166,0.000,0.051,96.773,21.521,0.102,0.002,75.148,44.305,44.305,0.768,76.7832,407.066,28.958,0,2690.52,0,0,0,0,0,,,0,/home/ryo-mtmt/TOpt/forme/sketch_experiments/aa_sketch_detail_20260618_032309/logs/barenco_tof_5_lx2_dynamic_repair_chi_packed_aa_sketch_noreuse_10.out
barenco_tof_5.tfc,reuse,13,lx2_dynamic_repair_chi_packed_aa_sketch_13,40,34,143,0.143,0.214652,715,610,0,105,14.685,102,3,84,21,105,20.000,0.054,118.139,22.448,0.119,0,95.572,21.691,21.691,0.753,85.3147,529.032,29.8713,2726.23,2429.62,0,0,0,0,0,,,0,/home/ryo-mtmt/TOpt/forme/sketch_experiments/aa_sketch_detail_20260618_032309/logs/barenco_tof_5_lx2_dynamic_repair_chi_packed_aa_sketch_13.out
barenco_tof_5.tfc,noreuse,13,lx2_dynamic_repair_chi_packed_aa_sketch_noreuse_13,40,34,147,0.147,0.218928,715,610,0,105,14.685,102,3,105,0,105,0.000,0.05,117.634,22.057,0.131,0,95.446,26.628,26.628,0.775,85.3147,529.032,29.8713,0,2429.62,0,0,0,0,0,,,0,/home/ryo-mtmt/TOpt/forme/sketch_experiments/aa_sketch_detail_20260618_032309/logs/barenco_tof_5_lx2_dynamic_repair_chi_packed_aa_sketch_noreuse_13.out
barenco_tof_5.tfc,reuse,15,lx2_dynamic_repair_chi_packed_aa_sketch_15,40,34,147,0.147,0.219106,715,642,0,73,10.210,70,3,58,15,73,20.548,0.049,130.467,21.481,0.149,0,108.837,14.147,14.147,0.739,89.7902,610.396,30.2979,2598,2175.27,0,0,0,0,0,,,0,/home/ryo-mtmt/TOpt/forme/sketch_experiments/aa_sketch_detail_20260618_032309/logs/barenco_tof_5_lx2_dynamic_repair_chi_packed_aa_sketch_15.out
barenco_tof_5.tfc,noreuse,15,lx2_dynamic_repair_chi_packed_aa_sketch_noreuse_15,40,34,151,0.151,0.222833,715,642,0,73,10.210,70,3,73,0,73,0.000,0.05,130.685,21.482,0.198,0,109.005,17.519,17.519,0.767,89.7902,610.396,30.2979,0,2175.27,0,0,0,0,0,,,0,/home/ryo-mtmt/TOpt/forme/sketch_experiments/aa_sketch_detail_20260618_032309/logs/barenco_tof_5_lx2_dynamic_repair_chi_packed_aa_sketch_noreuse_15.out
barenco_tof_5.tfc,reuse,20,lx2_dynamic_repair_chi_packed_aa_sketch_20,40,34,174,0.174,0.245348,715,686,0,29,4.056,26,3,24,5,29,17.241,0.051,165.658,23.007,0.205,0.002,142.444,5.317,5.317,0.753,95.9441,813.544,30.9147,2070.11,1615.28,0,0,0,0,0,,,0,/home/ryo-mtmt/TOpt/forme/sketch_experiments/aa_sketch_detail_20260618_032309/logs/barenco_tof_5_lx2_dynamic_repair_chi_packed_aa_sketch_20.out
barenco_tof_5.tfc,noreuse,20,lx2_dynamic_repair_chi_packed_aa_sketch_noreuse_20,40,34,179,0.179,0.250617,715,686,0,29,4.056,26,3,29,0,29,0.000,0.049,169.49,23.031,0.395,0,146.064,6.594,6.594,0.767,95.9441,813.544,30.9147,0,1615.28,0,0,0,0,0,,,0,/home/ryo-mtmt/TOpt/forme/sketch_experiments/aa_sketch_detail_20260618_032309/logs/barenco_tof_5_lx2_dynamic_repair_chi_packed_aa_sketch_noreuse_20.out
barenco_tof_5.tfc,reuse,25,lx2_dynamic_repair_chi_packed_aa_sketch_25,40,34,206,0.206,0.277735,715,698,0,17,2.378,14,3,14,3,17,17.647,0.05,200.049,22.74,0.302,0,177.007,3.411,3.411,0.775,97.6224,1016.65,31.2252,1584.75,1382.65,0,0,0,0,0,,,0,/home/ryo-mtmt/TOpt/forme/sketch_experiments/aa_sketch_detail_20260618_032309/logs/barenco_tof_5_lx2_dynamic_repair_chi_packed_aa_sketch_25.out
barenco_tof_5.tfc,noreuse,25,lx2_dynamic_repair_chi_packed_aa_sketch_noreuse_25,40,34,204,0.204,0.275523,715,698,0,17,2.378,14,3,17,0,17,0.000,0.051,197.382,22.241,0.237,0,174.904,3.92,3.92,0.773,97.6224,1016.65,31.2252,0,1382.65,0,0,0,0,0,,,0,/home/ryo-mtmt/TOpt/forme/sketch_experiments/aa_sketch_detail_20260618_032309/logs/barenco_tof_5_lx2_dynamic_repair_chi_packed_aa_sketch_noreuse_25.out
barenco_tof_5.tfc,reuse,30,lx2_dynamic_repair_chi_packed_aa_sketch_30,40,34,236,0.236,0.307198,715,706,0,9,1.259,6,3,9,0,9,0.000,0.049,230.604,21.586,0.34,0,208.678,2.502,2.502,0.778,98.7413,1220.13,31.4336,1699.62,1483.33,0,0,0,0,0,,,0,/home/ryo-mtmt/TOpt/forme/sketch_experiments/aa_sketch_detail_20260618_032309/logs/barenco_tof_5_lx2_dynamic_repair_chi_packed_aa_sketch_30.out
barenco_tof_5.tfc,noreuse,30,lx2_dynamic_repair_chi_packed_aa_sketch_noreuse_30,40,34,236,0.236,0.307533,715,706,0,9,1.259,6,3,9,0,9,0.000,0.05,230.677,22.135,0.219,0,208.323,2.608,2.608,0.788,98.7413,1220.13,31.4336,0,1483.33,0,0,0,0,0,,,0,/home/ryo-mtmt/TOpt/forme/sketch_experiments/aa_sketch_detail_20260618_032309/logs/barenco_tof_5_lx2_dynamic_repair_chi_packed_aa_sketch_noreuse_30.out
barenco_tof_10.tfc,baseline,,lx2_dynamic_repair_chi_packed_aa,100,84,11214,11.214,23.8961,4756,,,4756,100.000,4748,8,4001,755,4756,15.875,0.453,,,,,,11020.5,11020.5,19.386,,,,22072.6,39261.3,,,,,,,,0,/home/ryo-mtmt/TOpt/forme/sketch_experiments/aa_sketch_detail_20260618_032309/logs/barenco_tof_10_lx2_dynamic_repair_chi_packed_aa.out
barenco_tof_10.tfc,reuse,3,lx2_dynamic_repair_chi_packed_aa_sketch_3,100,84,10405,10.405,23.063,4756,1213,0,3543,74.495,3535,8,3043,500,3543,14.112,0.421,2216.76,1173.95,15.147,0.002,1027.65,8032.97,8032.97,18.246,25.5046,1178.33,63.8305,23672.4,36685.6,0,0,0,0,0,,,0,/home/ryo-mtmt/TOpt/forme/sketch_experiments/aa_sketch_detail_20260618_032309/logs/barenco_tof_10_lx2_dynamic_repair_chi_packed_aa_sketch_3.out
barenco_tof_10.tfc,noreuse,3,lx2_dynamic_repair_chi_packed_aa_sketch_noreuse_3,100,84,12936,12.936,25.6259,4756,1213,0,3543,74.495,3535,8,3543,0,3543,0.000,0.388,2192.8,1156.11,15.19,0.002,1021.49,10595.7,10595.7,17.542,25.5046,1178.33,63.8305,0,36685.6,0,0,0,0,0,,,0,/home/ryo-mtmt/TOpt/forme/sketch_experiments/aa_sketch_detail_20260618_032309/logs/barenco_tof_10_lx2_dynamic_repair_chi_packed_aa_sketch_noreuse_3.out
barenco_tof_10.tfc,reuse,5,lx2_dynamic_repair_chi_packed_aa_sketch_5,100,84,10749,10.749,23.4193,4756,2595,0,2161,45.437,2153,8,1802,359,2161,16.613,0.5,3861.75,1596.54,75.048,0,2190.17,6732.51,6732.51,22.98,54.5627,1963.46,70.5679,24407.2,30154.7,0,0,0,0,0,,,0,/home/ryo-mtmt/TOpt/forme/sketch_experiments/aa_sketch_detail_20260618_032309/logs/barenco_tof_10_lx2_dynamic_repair_chi_packed_aa_sketch_5.out
barenco_tof_10.tfc,noreuse,5,lx2_dynamic_repair_chi_packed_aa_sketch_noreuse_5,100,84,9199,9.199,21.9321,4756,2595,0,2161,45.437,2153,8,2161,0,2161,0.000,0.427,2875.91,1178.13,20.456,0.008,1677.32,6204.84,6204.84,19.06,54.5627,1963.46,70.5679,0,30154.7,0,0,0,0,0,,,0,/home/ryo-mtmt/TOpt/forme/sketch_experiments/aa_sketch_detail_20260618_032309/logs/barenco_tof_10_lx2_dynamic_repair_chi_packed_aa_sketch_noreuse_5.out
barenco_tof_10.tfc,reuse,8,lx2_dynamic_repair_chi_packed_aa_sketch_8,100,84,5959,5.959,18.6283,4756,3667,0,1089,22.897,1081,8,881,208,1089,19.100,0.419,3853.29,1174.81,25.099,0.005,2653.38,2019.21,2019.21,17.043,77.1026,3141.42,75.2683,23506.7,22203.6,0,0,0,0,0,,,0,/home/ryo-mtmt/TOpt/forme/sketch_experiments/aa_sketch_detail_20260618_032309/logs/barenco_tof_10_lx2_dynamic_repair_chi_packed_aa_sketch_8.out
barenco_tof_10.tfc,noreuse,8,lx2_dynamic_repair_chi_packed_aa_sketch_noreuse_8,100,84,6259,6.259,18.8957,4756,3667,0,1089,22.897,1081,8,1089,0,1089,0.000,0.278,3713.79,1129.58,22.482,0.001,2561.73,2478.92,2478.92,13.383,77.1026,3141.42,75.2683,0,22203.6,0,0,0,0,0,,,0,/home/ryo-mtmt/TOpt/forme/sketch_experiments/aa_sketch_detail_20260618_032309/logs/barenco_tof_10_lx2_dynamic_repair_chi_packed_aa_sketch_noreuse_8.out
barenco_tof_10.tfc,reuse,10,lx2_dynamic_repair_chi_packed_aa_sketch_10,100,84,6334,6.334,19.0135,4756,4007,0,749,15.749,741,8,614,135,749,18.024,0.476,4628.7,1238.63,37.83,0.002,3352.24,1613.27,1613.27,23.889,84.2515,3926.62,76.9813,23230,19158.5,0,0,0,0,0,,,0,/home/ryo-mtmt/TOpt/forme/sketch_experiments/aa_sketch_detail_20260618_032309/logs/barenco_tof_10_lx2_dynamic_repair_chi_packed_aa_sketch_10.out
barenco_tof_10.tfc,noreuse,10,lx2_dynamic_repair_chi_packed_aa_sketch_noreuse_10,100,84,6065,6.065,18.7432,4756,4007,0,749,15.749,741,8,749,0,749,0.000,0.322,4341.46,1134.81,23.906,0,3182.75,1663.92,1663.92,13.528,84.2515,3926.62,76.9813,0,19158.5,0,0,0,0,0,,,0,/home/ryo-mtmt/TOpt/forme/sketch_experiments/aa_sketch_detail_20260618_032309/logs/barenco_tof_10_lx2_dynamic_repair_chi_packed_aa_sketch_noreuse_10.out
barenco_tof_10.tfc,reuse,13,lx2_dynamic_repair_chi_packed_aa_sketch_13,100,84,6441,6.441,19.1154,4756,4303,0,453,9.525,445,8,379,74,453,16.336,0.444,5461.32,1199.3,35.173,0,4226.85,907.21,907.21,19.474,90.4752,5104.59,78.7122,22533.8,16397.2,0,0,0,0,0,,,0,/home/ryo-mtmt/TOpt/forme/sketch_experiments/aa_sketch_detail_20260618_032309/logs/barenco_tof_10_lx2_dynamic_repair_chi_packed_aa_sketch_13.out
barenco_tof_10.tfc,noreuse,13,lx2_dynamic_repair_chi_packed_aa_sketch_noreuse_13,100,84,6587,6.587,19.2595,4756,4303,0,453,9.525,445,8,453,0,453,0.000,0.409,5378.61,1162.43,29.171,0.001,4187.02,1142.4,1142.4,17.513,90.4752,5104.59,78.7122,0,16397.2,0,0,0,0,0,,,0,/home/ryo-mtmt/TOpt/forme/sketch_experiments/aa_sketch_detail_20260618_032309/logs/barenco_tof_10_lx2_dynamic_repair_chi_packed_aa_sketch_noreuse_13.out
barenco_tof_10.tfc,reuse,15,lx2_dynamic_repair_chi_packed_aa_sketch_15,100,84,7139,7.139,19.8237,4756,4421,0,335,7.044,327,8,285,50,335,14.925,0.456,6320.56,1234.64,45.316,0.003,5040.6,744.698,744.698,21.357,92.9563,5889.63,79.4603,21769.7,15087.4,0,0,0,0,0,,,0,/home/ryo-mtmt/TOpt/forme/sketch_experiments/aa_sketch_detail_20260618_032309/logs/barenco_tof_10_lx2_dynamic_repair_chi_packed_aa_sketch_15.out
barenco_tof_10.tfc,noreuse,15,lx2_dynamic_repair_chi_packed_aa_sketch_noreuse_15,100,84,7738,7.738,20.4204,4756,4421,0,335,7.044,327,8,335,0,335,0.000,0.483,6510.62,1288.3,57.306,0,5165.01,1149.54,1149.54,23.16,92.9563,5889.63,79.4603,0,15087.4,0,0,0,0,0,,,0,/home/ryo-mtmt/TOpt/forme/sketch_experiments/aa_sketch_detail_20260618_032309/logs/barenco_tof_10_lx2_dynamic_repair_chi_packed_aa_sketch_noreuse_15.out
barenco_tof_10.tfc,reuse,20,lx2_dynamic_repair_chi_packed_aa_sketch_20,100,84,7776,7.776,20.4463,4756,4594,0,162,3.406,154,8,150,12,162,7.407,0.324,7465.76,1130.52,29.356,0.001,6305.89,267.09,267.09,12.804,96.5938,7852.73,80.7307,20565.3,13151.5,0,0,0,0,0,,,0,/home/ryo-mtmt/TOpt/forme/sketch_experiments/aa_sketch_detail_20260618_032309/logs/barenco_tof_10_lx2_dynamic_repair_chi_packed_aa_sketch_20.out
barenco_tof_10.tfc,noreuse,20,lx2_dynamic_repair_chi_packed_aa_sketch_noreuse_20,100,84,7950,7.950,20.6264,4756,4594,0,162,3.406,154,8,162,0,162,0.000,0.38,7490.57,1151.19,33.592,0,6305.79,405.219,405.219,16.721,96.5938,7852.73,80.7307,0,13151.5,0,0,0,0,0,,,0,/home/ryo-mtmt/TOpt/forme/sketch_experiments/aa_sketch_detail_20260618_032309/logs/barenco_tof_10_lx2_dynamic_repair_chi_packed_aa_sketch_noreuse_20.out
barenco_tof_10.tfc,reuse,25,lx2_dynamic_repair_chi_packed_aa_sketch_25,100,84,9124,9.124,21.7547,4756,4664,0,92,1.934,84,8,88,4,92,4.348,0.286,8928.48,1135.04,30.633,0,7762.8,155.602,155.602,12.948,98.0656,9815.59,81.4285,18562.5,11614.5,0,0,0,0,0,,,0,/home/ryo-mtmt/TOpt/forme/sketch_experiments/aa_sketch_detail_20260618_032309/logs/barenco_tof_10_lx2_dynamic_repair_chi_packed_aa_sketch_25.out
barenco_tof_10.tfc,noreuse,25,lx2_dynamic_repair_chi_packed_aa_sketch_noreuse_25,100,84,9305,9.305,21.9966,4756,4664,0,92,1.934,84,8,92,0,92,0.000,0.325,9068.81,1145.39,31.63,0.001,7891.78,193.678,193.678,13.692,98.0656,9815.59,81.4285,0,11614.5,0,0,0,0,0,,,0,/home/ryo-mtmt/TOpt/forme/sketch_experiments/aa_sketch_detail_20260618_032309/logs/barenco_tof_10_lx2_dynamic_repair_chi_packed_aa_sketch_noreuse_25.out
barenco_tof_10.tfc,reuse,30,lx2_dynamic_repair_chi_packed_aa_sketch_30,100,84,11912,11.912,24.6008,4756,4716,0,40,0.841,32,8,40,0,40,0.000,0.473,11708.8,1313.05,73.528,0,10322.2,138.323,138.323,22.983,99.159,11778.9,81.8108,15829.5,10991.4,0,0,0,0,0,,,0,/home/ryo-mtmt/TOpt/forme/sketch_experiments/aa_sketch_detail_20260618_032309/logs/barenco_tof_10_lx2_dynamic_repair_chi_packed_aa_sketch_30.out
barenco_tof_10.tfc,noreuse,30,lx2_dynamic_repair_chi_packed_aa_sketch_noreuse_30,100,84,10828,10.828,23.5043,4756,4716,0,40,0.841,32,8,40,0,40,0.000,0.414,10638.8,1161.85,41.552,0.001,9435.38,135.064,135.064,18.231,99.159,11778.9,81.8108,0,10991.4,0,0,0,0,0,,,0,/home/ryo-mtmt/TOpt/forme/sketch_experiments/aa_sketch_detail_20260618_032309/logs/barenco_tof_10_lx2_dynamic_repair_chi_packed_aa_sketch_noreuse_30.out
gf2^4_mult.tfc,baseline,,lx2_dynamic_repair_chi_packed_aa,68,54,370,0.370,0.404219,1465,,,1465,100.000,1460,5,1161,304,1465,20.751,0.071,,,,,,359.096,359.096,0.788,,,,2213.97,3664.21,,,,,,,,0,/home/ryo-mtmt/TOpt/forme/sketch_experiments/aa_sketch_detail_20260618_032309/logs/gf2^4_mult_lx2_dynamic_repair_chi_packed_aa.out
gf2^4_mult.tfc,reuse,3,lx2_dynamic_repair_chi_packed_aa_sketch_3,68,54,295,0.295,0.329044,1465,40,0,1425,97.270,1420,5,1145,280,1425,19.649,0.058,55.746,23.562,0.035,0.001,32.148,230.715,230.715,0.63,2.73038,111.655,30.8635,2254.3,3714.61,0,0,0,0,0,,,0,/home/ryo-mtmt/TOpt/forme/sketch_experiments/aa_sketch_detail_20260618_032309/logs/gf2^4_mult_lx2_dynamic_repair_chi_packed_aa_sketch_3.out
gf2^4_mult.tfc,noreuse,3,lx2_dynamic_repair_chi_packed_aa_sketch_noreuse_3,68,54,626,0.626,0.67526,1465,40,0,1425,97.270,1420,5,1425,0,1425,0.000,0.072,94.254,40.321,0.877,0,53.056,520.179,520.179,0.794,2.73038,111.655,30.8635,0,3714.61,0,0,0,0,0,,,0,/home/ryo-mtmt/TOpt/forme/sketch_experiments/aa_sketch_detail_20260618_032309/logs/gf2^4_mult_lx2_dynamic_repair_chi_packed_aa_sketch_noreuse_3.out
gf2^4_mult.tfc,reuse,5,lx2_dynamic_repair_chi_packed_aa_sketch_5,68,54,477,0.477,0.529869,1465,258,0,1207,82.389,1202,5,999,208,1207,17.233,0.073,131.143,39.583,4.82,0,86.74,334.598,334.598,0.77,17.6109,184.165,41.0744,2349.29,3610.11,0,0,0,0,0,,,0,/home/ryo-mtmt/TOpt/forme/sketch_experiments/aa_sketch_detail_20260618_032309/logs/gf2^4_mult_lx2_dynamic_repair_chi_packed_aa_sketch_5.out
gf2^4_mult.tfc,noreuse,5,lx2_dynamic_repair_chi_packed_aa_sketch_noreuse_5,68,54,577,0.577,0.630445,1465,258,0,1207,82.389,1202,5,1207,0,1207,0.000,0.073,132.458,40.707,4.697,0.004,87.05,433.83,433.83,0.795,17.6109,184.165,41.0744,0,3610.11,0,0,0,0,0,,,0,/home/ryo-mtmt/TOpt/forme/sketch_experiments/aa_sketch_detail_20260618_032309/logs/gf2^4_mult_lx2_dynamic_repair_chi_packed_aa_sketch_noreuse_5.out
gf2^4_mult.tfc,reuse,8,lx2_dynamic_repair_chi_packed_aa_sketch_8,68,54,349,0.349,0.402178,1465,898,0,567,38.703,562,5,496,71,567,12.522,0.074,180.578,40.247,7.137,0.002,133.192,159.124,159.124,0.801,61.2969,293.636,47.4478,2572.92,3208.38,0,0,0,0,0,,,0,/home/ryo-mtmt/TOpt/forme/sketch_experiments/aa_sketch_detail_20260618_032309/logs/gf2^4_mult_lx2_dynamic_repair_chi_packed_aa_sketch_8.out
gf2^4_mult.tfc,noreuse,8,lx2_dynamic_repair_chi_packed_aa_sketch_noreuse_8,68,54,316,0.316,0.353612,1465,898,0,567,38.703,562,5,567,0,567,0.000,0.074,141.257,32.072,2.943,0,106.242,166.391,166.391,0.812,61.2969,293.636,47.4478,0,3208.38,0,0,0,0,0,,,0,/home/ryo-mtmt/TOpt/forme/sketch_experiments/aa_sketch_detail_20260618_032309/logs/gf2^4_mult_lx2_dynamic_repair_chi_packed_aa_sketch_noreuse_8.out
gf2^4_mult.tfc,reuse,10,lx2_dynamic_repair_chi_packed_aa_sketch_10,68,54,309,0.309,0.362436,1465,1132,0,333,22.730,328,5,296,37,333,11.111,0.072,210.67,40.147,7.286,0.002,163.235,89.959,89.959,0.781,77.2696,367.031,48.9713,2623.3,2925.05,0,0,0,0,0,,,0,/home/ryo-mtmt/TOpt/forme/sketch_experiments/aa_sketch_detail_20260618_032309/logs/gf2^4_mult_lx2_dynamic_repair_chi_packed_aa_sketch_10.out
gf2^4_mult.tfc,noreuse,10,lx2_dynamic_repair_chi_packed_aa_sketch_noreuse_10,68,54,201,0.201,0.235777,1465,1132,0,333,22.730,328,5,333,0,333,0.000,0.066,126.409,24.505,0.273,0,101.631,67.616,67.616,0.721,77.2696,367.031,48.9713,0,2925.05,0,0,0,0,0,,,0,/home/ryo-mtmt/TOpt/forme/sketch_experiments/aa_sketch_detail_20260618_032309/logs/gf2^4_mult_lx2_dynamic_repair_chi_packed_aa_sketch_noreuse_10.out
gf2^4_mult.tfc,reuse,13,lx2_dynamic_repair_chi_packed_aa_sketch_13,68,54,179,0.179,0.211359,1465,1285,0,180,12.287,175,5,156,24,180,13.333,0.046,147.678,23.309,0.349,0,124.02,26.799,26.799,0.459,87.7133,476.735,50.0369,2537.33,2597.68,0,0,0,0,0,,,0,/home/ryo-mtmt/TOpt/forme/sketch_experiments/aa_sketch_detail_20260618_032309/logs/gf2^4_mult_lx2_dynamic_repair_chi_packed_aa_sketch_13.out
gf2^4_mult.tfc,noreuse,13,lx2_dynamic_repair_chi_packed_aa_sketch_noreuse_13,68,54,314,0.314,0.367133,1465,1285,0,180,12.287,175,5,180,0,180,0.000,0.077,251.977,40.5,7.044,0.002,204.431,53.749,53.749,0.808,87.7133,476.735,50.0369,0,2597.68,0,0,0,0,0,,,0,/home/ryo-mtmt/TOpt/forme/sketch_experiments/aa_sketch_detail_20260618_032309/logs/gf2^4_mult_lx2_dynamic_repair_chi_packed_aa_sketch_noreuse_13.out
gf2^4_mult.tfc,reuse,15,lx2_dynamic_repair_chi_packed_aa_sketch_15,68,54,193,0.193,0.226482,1465,1342,0,123,8.396,118,5,105,18,123,14.634,0.058,166.816,23.904,0.423,0,142.489,19.72,19.72,0.62,91.6041,550.206,50.415,2573.64,2510.23,0,0,0,0,0,,,0,/home/ryo-mtmt/TOpt/forme/sketch_experiments/aa_sketch_detail_20260618_032309/logs/gf2^4_mult_lx2_dynamic_repair_chi_packed_aa_sketch_15.out
gf2^4_mult.tfc,noreuse,15,lx2_dynamic_repair_chi_packed_aa_sketch_noreuse_15,68,54,326,0.326,0.379067,1465,1342,0,123,8.396,118,5,123,0,123,0.000,0.076,281.55,42.207,7.054,0,232.289,36.443,36.443,0.783,91.6041,550.206,50.415,0,2510.23,0,0,0,0,0,,,0,/home/ryo-mtmt/TOpt/forme/sketch_experiments/aa_sketch_detail_20260618_032309/logs/gf2^4_mult_lx2_dynamic_repair_chi_packed_aa_sketch_noreuse_15.out
gf2^4_mult.tfc,reuse,20,lx2_dynamic_repair_chi_packed_aa_sketch_20,68,54,222,0.222,0.256154,1465,1407,0,58,3.959,53,5,45,13,58,22.414,0.057,207.795,24.013,0.474,0,183.308,8.333,8.333,0.623,96.041,733.18,50.9338,2011.28,1996.22,0,0,0,0,0,,,0,/home/ryo-mtmt/TOpt/forme/sketch_experiments/aa_sketch_detail_20260618_032309/logs/gf2^4_mult_lx2_dynamic_repair_chi_packed_aa_sketch_20.out
gf2^4_mult.tfc,noreuse,20,lx2_dynamic_repair_chi_packed_aa_sketch_noreuse_20,68,54,371,0.371,0.429153,1465,1407,0,58,3.959,53,5,58,0,58,0.000,0.073,348.154,40.663,7.255,0,300.236,15.565,15.565,0.813,96.041,733.18,50.9338,0,1996.22,0,0,0,0,0,,,0,/home/ryo-mtmt/TOpt/forme/sketch_experiments/aa_sketch_detail_20260618_032309/logs/gf2^4_mult_lx2_dynamic_repair_chi_packed_aa_sketch_noreuse_20.out
gf2^4_mult.tfc,reuse,25,lx2_dynamic_repair_chi_packed_aa_sketch_25,68,54,431,0.431,0.484257,1465,1433,0,32,2.184,27,5,26,6,32,18.750,0.073,416.247,39.171,7.408,0,369.668,7.132,7.132,0.797,97.8157,916.299,51.1932,1748.19,1714.62,0,0,0,0,0,,,0,/home/ryo-mtmt/TOpt/forme/sketch_experiments/aa_sketch_detail_20260618_032309/logs/gf2^4_mult_lx2_dynamic_repair_chi_packed_aa_sketch_25.out
gf2^4_mult.tfc,noreuse,25,lx2_dynamic_repair_chi_packed_aa_sketch_noreuse_25,68,54,433,0.433,0.485908,1465,1433,0,32,2.184,27,5,32,0,32,0.000,0.069,416.63,39.339,7.366,0.002,369.923,8.545,8.545,0.821,97.8157,916.299,51.1932,0,1714.62,0,0,0,0,0,,,0,/home/ryo-mtmt/TOpt/forme/sketch_experiments/aa_sketch_detail_20260618_032309/logs/gf2^4_mult_lx2_dynamic_repair_chi_packed_aa_sketch_noreuse_25.out
gf2^4_mult.tfc,reuse,30,lx2_dynamic_repair_chi_packed_aa_sketch_30,68,54,496,0.496,0.550479,1465,1448,0,17,1.160,12,5,14,3,17,17.647,0.074,484.938,40.598,7.478,0,436.862,3.787,3.787,0.832,98.8396,1099.79,51.3529,1024.06,1243.24,0,0,0,0,0,,,0,/home/ryo-mtmt/TOpt/forme/sketch_experiments/aa_sketch_detail_20260618_032309/logs/gf2^4_mult_lx2_dynamic_repair_chi_packed_aa_sketch_30.out
gf2^4_mult.tfc,noreuse,30,lx2_dynamic_repair_chi_packed_aa_sketch_noreuse_30,68,54,497,0.497,0.550089,1465,1448,0,17,1.160,12,5,17,0,17,0.000,0.069,484.727,39.839,7.486,0.002,437.4,4.412,4.412,0.821,98.8396,1099.79,51.3529,0,1243.24,0,0,0,0,0,,,0,/home/ryo-mtmt/TOpt/forme/sketch_experiments/aa_sketch_detail_20260618_032309/logs/gf2^4_mult_lx2_dynamic_repair_chi_packed_aa_sketch_noreuse_30.out
gf2^5_mult.tfc,baseline,,lx2_dynamic_repair_chi_packed_aa,115,88,3844,3.844,3.99733,5763,,,5763,100.000,5754,9,4753,1010,5763,17.526,0.172,,,,,,3786.37,3786.37,3.815,,,,3865.94,6447.13,,,,,,,,0,/home/ryo-mtmt/TOpt/forme/sketch_experiments/aa_sketch_detail_20260618_032309/logs/gf2^5_mult_lx2_dynamic_repair_chi_packed_aa.out
gf2^5_mult.tfc,reuse,3,lx2_dynamic_repair_chi_packed_aa_sketch_3,115,88,3225,3.225,3.37704,5763,133,0,5630,97.692,5621,9,4707,923,5630,16.394,0.111,444.874,164.213,5.872,0.001,274.788,2737.65,2737.65,2.487,2.30783,195.604,53.3701,3926.01,6487.97,0,0,0,0,0,,,0,/home/ryo-mtmt/TOpt/forme/sketch_experiments/aa_sketch_detail_20260618_032309/logs/gf2^5_mult_lx2_dynamic_repair_chi_packed_aa_sketch_3.out
gf2^5_mult.tfc,noreuse,3,lx2_dynamic_repair_chi_packed_aa_sketch_noreuse_3,115,88,3927,3.927,4.08188,5763,133,0,5630,97.692,5621,9,5630,0,5630,0.000,0.124,446.846,165.262,5.963,0,275.621,3437.43,3437.43,2.54,2.30783,195.604,53.3701,0,6487.97,0,0,0,0,0,,,0,/home/ryo-mtmt/TOpt/forme/sketch_experiments/aa_sketch_detail_20260618_032309/logs/gf2^5_mult_lx2_dynamic_repair_chi_packed_aa_sketch_noreuse_3.out
gf2^5_mult.tfc,reuse,5,lx2_dynamic_repair_chi_packed_aa_sketch_5,115,88,2738,2.738,2.8885,5763,1184,0,4579,79.455,4570,9,3786,793,4579,17.318,0.117,637.978,162.266,24.124,0.002,451.586,2061.5,2061.5,2.447,20.5449,323.39,69.1707,3900.6,5968.97,0,0,0,0,0,,,0,/home/ryo-mtmt/TOpt/forme/sketch_experiments/aa_sketch_detail_20260618_032309/logs/gf2^5_mult_lx2_dynamic_repair_chi_packed_aa_sketch_5.out
gf2^5_mult.tfc,noreuse,5,lx2_dynamic_repair_chi_packed_aa_sketch_noreuse_5,115,88,4281,4.281,4.43426,5763,1184,0,4579,79.455,4570,9,4579,0,4579,0.000,0.177,793.679,206.634,61.804,0.002,525.239,3434.37,3434.37,3.793,20.5449,323.39,69.1707,0,5968.97,0,0,0,0,0,,,0,/home/ryo-mtmt/TOpt/forme/sketch_experiments/aa_sketch_detail_20260618_032309/logs/gf2^5_mult_lx2_dynamic_repair_chi_packed_aa_sketch_noreuse_5.out
gf2^5_mult.tfc,reuse,8,lx2_dynamic_repair_chi_packed_aa_sketch_8,115,88,2447,2.447,2.60258,5763,3312,0,2451,42.530,2442,9,1995,456,2451,18.605,0.176,1060.05,202.112,82.824,0.002,775.107,1342.32,1342.32,3.983,57.4701,516.278,78.8634,3767.18,5026.32,0,0,0,0,0,,,0,/home/ryo-mtmt/TOpt/forme/sketch_experiments/aa_sketch_detail_20260618_032309/logs/gf2^5_mult_lx2_dynamic_repair_chi_packed_aa_sketch_8.out
gf2^5_mult.tfc,noreuse,8,lx2_dynamic_repair_chi_packed_aa_sketch_noreuse_8,115,88,2824,2.824,2.97895,5763,3312,0,2451,42.530,2442,9,2451,0,2451,0.000,0.178,1054.14,201.614,80.411,0,772.111,1725,1725,4.017,57.4701,516.278,78.8634,0,5026.32,0,0,0,0,0,,,0,/home/ryo-mtmt/TOpt/forme/sketch_experiments/aa_sketch_detail_20260618_032309/logs/gf2^5_mult_lx2_dynamic_repair_chi_packed_aa_sketch_noreuse_8.out
gf2^5_mult.tfc,reuse,10,lx2_dynamic_repair_chi_packed_aa_sketch_10,115,88,1677,1.677,1.83077,5763,4121,0,1642,28.492,1633,9,1345,297,1642,18.088,0.121,1041.05,165.41,38.575,0.001,837.065,607.858,607.858,2.468,71.5079,645.296,81.4841,3777.11,4630.44,0,0,0,0,0,,,0,/home/ryo-mtmt/TOpt/forme/sketch_experiments/aa_sketch_detail_20260618_032309/logs/gf2^5_mult_lx2_dynamic_repair_chi_packed_aa_sketch_10.out
gf2^5_mult.tfc,noreuse,10,lx2_dynamic_repair_chi_packed_aa_sketch_noreuse_10,115,88,2694,2.694,2.84863,5763,4121,0,1642,28.492,1633,9,1642,0,1642,0.000,0.176,1384.74,225.244,131.095,0,1028.4,1267.49,1267.49,3.882,71.5079,645.296,81.4841,0,4630.44,0,0,0,0,0,,,0,/home/ryo-mtmt/TOpt/forme/sketch_experiments/aa_sketch_detail_20260618_032309/logs/gf2^5_mult_lx2_dynamic_repair_chi_packed_aa_sketch_noreuse_10.out
gf2^5_mult.tfc,reuse,13,lx2_dynamic_repair_chi_packed_aa_sketch_13,115,88,1815,1.815,1.97202,5763,4896,0,867,15.044,858,9,706,161,867,18.570,0.167,1374.64,180.353,68.656,0.001,1125.63,405.293,405.293,3.381,84.9558,838.688,83.4661,3802.07,4132.15,0,0,0,0,0,,,0,/home/ryo-mtmt/TOpt/forme/sketch_experiments/aa_sketch_detail_20260618_032309/logs/gf2^5_mult_lx2_dynamic_repair_chi_packed_aa_sketch_13.out
gf2^5_mult.tfc,noreuse,13,lx2_dynamic_repair_chi_packed_aa_sketch_noreuse_13,115,88,1663,1.663,1.81792,5763,4896,0,867,15.044,858,9,867,0,867,0.000,0.112,1259.1,163.953,40.329,0,1054.82,379.118,379.118,2.432,84.9558,838.688,83.4661,0,4132.15,0,0,0,0,0,,,0,/home/ryo-mtmt/TOpt/forme/sketch_experiments/aa_sketch_detail_20260618_032309/logs/gf2^5_mult_lx2_dynamic_repair_chi_packed_aa_sketch_noreuse_13.out
gf2^5_mult.tfc,reuse,15,lx2_dynamic_repair_chi_packed_aa_sketch_15,115,88,1623,1.623,1.7775,5763,5172,0,591,10.255,582,9,478,113,591,19.120,0.116,1400.07,163.67,41.931,0,1194.46,198.072,198.072,2.497,89.7449,967.479,84.189,3790.75,3872.64,0,0,0,0,0,,,0,/home/ryo-mtmt/TOpt/forme/sketch_experiments/aa_sketch_detail_20260618_032309/logs/gf2^5_mult_lx2_dynamic_repair_chi_packed_aa_sketch_15.out
gf2^5_mult.tfc,noreuse,15,lx2_dynamic_repair_chi_packed_aa_sketch_noreuse_15,115,88,1671,1.671,1.82131,5763,5172,0,591,10.255,582,9,591,0,591,0.000,0.1,1399.65,163.494,41.282,0,1194.88,248.978,248.978,2.265,89.7449,967.479,84.189,0,3872.64,0,0,0,0,0,,,0,/home/ryo-mtmt/TOpt/forme/sketch_experiments/aa_sketch_detail_20260618_032309/logs/gf2^5_mult_lx2_dynamic_repair_chi_packed_aa_sketch_noreuse_15.out
gf2^5_mult.tfc,reuse,20,lx2_dynamic_repair_chi_packed_aa_sketch_20,115,88,1855,1.855,2.0096,5763,5500,0,263,4.564,254,9,218,45,263,17.110,0.114,1748.53,165.646,44.711,0,1538.17,83.565,83.565,2.435,95.4364,1289.82,85.194,3689.52,3311.79,0,0,0,0,0,,,0,/home/ryo-mtmt/TOpt/forme/sketch_experiments/aa_sketch_detail_20260618_032309/logs/gf2^5_mult_lx2_dynamic_repair_chi_packed_aa_sketch_20.out
gf2^5_mult.tfc,noreuse,20,lx2_dynamic_repair_chi_packed_aa_sketch_noreuse_20,115,88,3197,3.197,3.44899,5763,5500,0,263,4.564,254,9,263,0,263,0.000,0.18,2988.2,275.825,233.781,0.003,2478.59,174.949,174.949,3.84,95.4364,1289.82,85.194,0,3311.79,0,0,0,0,0,,,0,/home/ryo-mtmt/TOpt/forme/sketch_experiments/aa_sketch_detail_20260618_032309/logs/gf2^5_mult_lx2_dynamic_repair_chi_packed_aa_sketch_noreuse_20.out
gf2^5_mult.tfc,reuse,25,lx2_dynamic_repair_chi_packed_aa_sketch_25,115,88,3098,3.098,3.25582,5763,5630,0,133,2.308,124,9,118,15,133,11.278,0.174,2991,245.169,181.713,0.001,2564.12,74.284,74.284,3.838,97.6922,1612.01,85.6686,3849.32,2967.97,0,0,0,0,0,,,0,/home/ryo-mtmt/TOpt/forme/sketch_experiments/aa_sketch_detail_20260618_032309/logs/gf2^5_mult_lx2_dynamic_repair_chi_packed_aa_sketch_25.out
gf2^5_mult.tfc,noreuse,25,lx2_dynamic_repair_chi_packed_aa_sketch_noreuse_25,115,88,2164,2.164,2.31672,5763,5630,0,133,2.308,124,9,133,0,133,0.000,0.109,2090.45,164.605,47.977,0.001,1877.86,50.9,50.9,2.485,97.6922,1612.01,85.6686,0,2967.97,0,0,0,0,0,,,0,/home/ryo-mtmt/TOpt/forme/sketch_experiments/aa_sketch_detail_20260618_032309/logs/gf2^5_mult_lx2_dynamic_repair_chi_packed_aa_sketch_noreuse_25.out
gf2^5_mult.tfc,reuse,30,lx2_dynamic_repair_chi_packed_aa_sketch_30,115,88,2700,2.700,2.85591,5763,5694,0,69,1.197,60,9,62,7,69,10.145,0.167,2634.51,185.182,80.796,0.003,2368.53,34.258,34.258,3.367,98.8027,1934.67,85.9209,3280.78,2613.74,0,0,0,0,0,,,0,/home/ryo-mtmt/TOpt/forme/sketch_experiments/aa_sketch_detail_20260618_032309/logs/gf2^5_mult_lx2_dynamic_repair_chi_packed_aa_sketch_30.out
gf2^5_mult.tfc,noreuse,30,lx2_dynamic_repair_chi_packed_aa_sketch_noreuse_30,115,88,2477,2.477,2.62988,5763,5694,0,69,1.197,60,9,69,0,69,0.000,0.112,2428.4,160.97,48.731,0,2218.7,26.269,26.269,2.407,98.8027,1934.67,85.9209,0,2613.74,0,0,0,0,0,,,0,/home/ryo-mtmt/TOpt/forme/sketch_experiments/aa_sketch_detail_20260618_032309/logs/gf2^5_mult_lx2_dynamic_repair_chi_packed_aa_sketch_noreuse_30.out
gf2^6_mult.tfc,baseline,,lx2_dynamic_repair_chi_packed_aa,150,122,7057,7.057,7.44999,7828,,,7828,100.000,7818,10,6596,1232,7828,15.738,0.154,,,,,,6977.3,6977.3,4.103,,,,6192.77,10699.8,,,,,,,,0,/home/ryo-mtmt/TOpt/forme/sketch_experiments/aa_sketch_detail_20260618_032309/logs/gf2^6_mult_lx2_dynamic_repair_chi_packed_aa.out
gf2^6_mult.tfc,reuse,3,lx2_dynamic_repair_chi_packed_aa_sketch_3,150,122,8133,8.133,8.52309,7828,198,0,7630,97.471,7620,10,6552,1078,7630,14.128,0.157,1089.8,377.713,79.156,0.001,632.932,6960.85,6960.85,3.948,2.52938,325.013,78.9064,6321.56,10864.2,0,0,0,0,0,,,0,/home/ryo-mtmt/TOpt/forme/sketch_experiments/aa_sketch_detail_20260618_032309/logs/gf2^6_mult_lx2_dynamic_repair_chi_packed_aa_sketch_3.out
gf2^6_mult.tfc,noreuse,3,lx2_dynamic_repair_chi_packed_aa_sketch_noreuse_3,150,122,10747,10.747,11.1487,7828,198,0,7630,97.471,7620,10,7630,0,7630,0.000,0.268,1173.39,407.441,94.934,0,671.015,9462.53,9462.53,6.778,2.52938,325.013,78.9064,0,10864.2,0,0,0,0,0,,,0,/home/ryo-mtmt/TOpt/forme/sketch_experiments/aa_sketch_detail_20260618_032309/logs/gf2^6_mult_lx2_dynamic_repair_chi_packed_aa_sketch_noreuse_3.out
gf2^6_mult.tfc,reuse,5,lx2_dynamic_repair_chi_packed_aa_sketch_5,150,122,7988,7.988,8.39383,7828,1681,0,6147,78.526,6137,10,5262,885,6147,14.397,0.27,1766.21,422.273,258.178,0.002,1085.76,6117.53,6117.53,6.637,21.4742,536.146,100.998,6397.7,10183.1,0,0,0,0,0,,,0,/home/ryo-mtmt/TOpt/forme/sketch_experiments/aa_sketch_detail_20260618_032309/logs/gf2^6_mult_lx2_dynamic_repair_chi_packed_aa_sketch_5.out
gf2^6_mult.tfc,noreuse,5,lx2_dynamic_repair_chi_packed_aa_sketch_noreuse_5,150,122,11620,11.620,12.0136,7828,1681,0,6147,78.526,6137,10,6147,0,6147,0.000,0.267,2115.51,514.754,372.786,0.001,1227.97,9391.24,9391.24,6.793,21.4742,536.146,100.998,0,10183.1,0,0,0,0,0,,,0,/home/ryo-mtmt/TOpt/forme/sketch_experiments/aa_sketch_detail_20260618_032309/logs/gf2^6_mult_lx2_dynamic_repair_chi_packed_aa_sketch_noreuse_5.out
gf2^6_mult.tfc,reuse,8,lx2_dynamic_repair_chi_packed_aa_sketch_8,150,122,4313,4.313,4.72663,7828,5456,0,2372,30.301,2362,10,1947,425,2372,17.917,0.268,2267.52,395.991,272.082,0.002,1599.45,1966.51,1966.51,6.757,69.6985,856.603,111.864,6196.91,7993.12,0,0,0,0,0,,,0,/home/ryo-mtmt/TOpt/forme/sketch_experiments/aa_sketch_detail_20260618_032309/logs/gf2^6_mult_lx2_dynamic_repair_chi_packed_aa_sketch_8.out
gf2^6_mult.tfc,noreuse,8,lx2_dynamic_repair_chi_packed_aa_sketch_noreuse_8,150,122,4442,4.442,4.8437,7828,5456,0,2372,30.301,2362,10,2372,0,2372,0.000,0.159,2178.15,369.007,250.887,0,1558.25,2211.2,2211.2,4.056,69.6985,856.603,111.864,0,7993.12,0,0,0,0,0,,,0,/home/ryo-mtmt/TOpt/forme/sketch_experiments/aa_sketch_detail_20260618_032309/logs/gf2^6_mult_lx2_dynamic_repair_chi_packed_aa_sketch_noreuse_8.out
gf2^6_mult.tfc,reuse,10,lx2_dynamic_repair_chi_packed_aa_sketch_10,150,122,3460,3.460,3.85646,7828,6529,0,1299,16.594,1289,10,1026,273,1299,21.016,0.156,2542.63,369.93,258.005,0.002,1914.69,871.724,871.724,4.004,83.4057,1070.6,114.286,6017.27,6813.51,0,0,0,0,0,,,0,/home/ryo-mtmt/TOpt/forme/sketch_experiments/aa_sketch_detail_20260618_032309/logs/gf2^6_mult_lx2_dynamic_repair_chi_packed_aa_sketch_10.out
gf2^6_mult.tfc,noreuse,10,lx2_dynamic_repair_chi_packed_aa_sketch_noreuse_10,150,122,6283,6.283,6.94984,7828,6529,0,1299,16.594,1289,10,1299,0,1299,0.000,0.273,4316.71,633.118,684.723,0.006,2998.86,1891.16,1891.16,6.866,83.4057,1070.6,114.286,0,6813.51,0,0,0,0,0,,,0,/home/ryo-mtmt/TOpt/forme/sketch_experiments/aa_sketch_detail_20260618_032309/logs/gf2^6_mult_lx2_dynamic_repair_chi_packed_aa_sketch_noreuse_10.out
gf2^6_mult.tfc,reuse,13,lx2_dynamic_repair_chi_packed_aa_sketch_13,150,122,3583,3.583,3.99536,7828,7172,0,656,8.380,646,10,487,169,656,25.762,0.273,3094.16,386.89,274.113,0.002,2433.16,421.097,421.097,6.622,91.6198,1391.41,116.072,5392.56,5534,0,0,0,0,0,,,0,/home/ryo-mtmt/TOpt/forme/sketch_experiments/aa_sketch_detail_20260618_032309/logs/gf2^6_mult_lx2_dynamic_repair_chi_packed_aa_sketch_13.out
gf2^6_mult.tfc,noreuse,13,lx2_dynamic_repair_chi_packed_aa_sketch_noreuse_13,150,122,4072,4.072,4.48343,7828,7172,0,656,8.380,646,10,656,0,656,0.000,0.265,3255.94,403.148,323.804,0.002,2528.99,747.805,747.805,6.73,91.6198,1391.41,116.072,0,5534,0,0,0,0,0,,,0,/home/ryo-mtmt/TOpt/forme/sketch_experiments/aa_sketch_detail_20260618_032309/logs/gf2^6_mult_lx2_dynamic_repair_chi_packed_aa_sketch_noreuse_13.out
gf2^6_mult.tfc,reuse,15,lx2_dynamic_repair_chi_packed_aa_sketch_15,150,122,3691,3.691,4.09394,7828,7362,0,466,5.953,456,10,333,133,466,28.541,0.161,3398.99,368.49,278.21,0,2752.29,249.84,249.84,4.003,94.047,1605.5,116.812,5056.1,4921.94,0,0,0,0,0,,,0,/home/ryo-mtmt/TOpt/forme/sketch_experiments/aa_sketch_detail_20260618_032309/logs/gf2^6_mult_lx2_dynamic_repair_chi_packed_aa_sketch_15.out
gf2^6_mult.tfc,noreuse,15,lx2_dynamic_repair_chi_packed_aa_sketch_noreuse_15,150,122,4060,4.060,4.472,7828,7362,0,466,5.953,456,10,466,0,466,0.000,0.269,3512.22,403.373,301.566,0.003,2807.28,481.522,481.522,6.817,94.047,1605.5,116.812,0,4921.94,0,0,0,0,0,,,0,/home/ryo-mtmt/TOpt/forme/sketch_experiments/aa_sketch_detail_20260618_032309/logs/gf2^6_mult_lx2_dynamic_repair_chi_packed_aa_sketch_noreuse_15.out
gf2^6_mult.tfc,reuse,20,lx2_dynamic_repair_chi_packed_aa_sketch_20,150,122,4394,4.394,4.79606,7828,7587,0,241,3.079,231,10,168,73,241,30.290,0.158,4239.48,370.74,283.056,0,3585.69,114.704,114.704,3.954,96.9213,2140.39,118.012,4385.95,3876.92,0,0,0,0,0,,,0,/home/ryo-mtmt/TOpt/forme/sketch_experiments/aa_sketch_detail_20260618_032309/logs/gf2^6_mult_lx2_dynamic_repair_chi_packed_aa_sketch_20.out
gf2^6_mult.tfc,noreuse,20,lx2_dynamic_repair_chi_packed_aa_sketch_noreuse_20,150,122,4893,4.893,5.30471,7828,7587,0,241,3.079,231,10,241,0,241,0.000,0.269,4563.47,404.276,360.276,0,3798.91,264.832,264.832,6.867,96.9213,2140.39,118.012,0,3876.92,0,0,0,0,0,,,0,/home/ryo-mtmt/TOpt/forme/sketch_experiments/aa_sketch_detail_20260618_032309/logs/gf2^6_mult_lx2_dynamic_repair_chi_packed_aa_sketch_noreuse_20.out
gf2^6_mult.tfc,reuse,25,lx2_dynamic_repair_chi_packed_aa_sketch_25,150,122,5174,5.174,5.57488,7828,7709,0,119,1.520,109,10,94,25,119,21.008,0.162,5073.75,369.815,290.571,0.002,4413.36,60.767,60.767,3.995,98.4798,2675.47,118.737,4251.12,3340.24,0,0,0,0,0,,,0,/home/ryo-mtmt/TOpt/forme/sketch_experiments/aa_sketch_detail_20260618_032309/logs/gf2^6_mult_lx2_dynamic_repair_chi_packed_aa_sketch_25.out
gf2^6_mult.tfc,noreuse,25,lx2_dynamic_repair_chi_packed_aa_sketch_noreuse_25,150,122,5192,5.192,5.59274,7828,7709,0,119,1.520,109,10,119,0,119,0.000,0.16,5072.81,370.283,290.998,0.001,4411.53,79.158,79.158,4.014,98.4798,2675.47,118.737,0,3340.24,0,0,0,0,0,,,0,/home/ryo-mtmt/TOpt/forme/sketch_experiments/aa_sketch_detail_20260618_032309/logs/gf2^6_mult_lx2_dynamic_repair_chi_packed_aa_sketch_noreuse_25.out
gf2^6_mult.tfc,reuse,30,lx2_dynamic_repair_chi_packed_aa_sketch_30,150,122,5994,5.994,6.39465,7828,7752,0,76,0.971,66,10,66,10,76,13.158,0.159,5912.44,371.594,299.675,0,5241.17,42.172,42.172,4.154,99.0291,3210.5,119.16,4121.49,3076.92,0,0,0,0,0,,,0,/home/ryo-mtmt/TOpt/forme/sketch_experiments/aa_sketch_detail_20260618_032309/logs/gf2^6_mult_lx2_dynamic_repair_chi_packed_aa_sketch_30.out
gf2^6_mult.tfc,noreuse,30,lx2_dynamic_repair_chi_packed_aa_sketch_noreuse_30,150,122,6644,6.644,7.05245,7828,7752,0,76,0.971,66,10,76,0,76,0.000,0.267,6495.73,417.089,402.283,0.004,5676.35,85.374,85.374,6.721,99.0291,3210.5,119.16,0,3076.92,0,0,0,0,0,,,0,/home/ryo-mtmt/TOpt/forme/sketch_experiments/aa_sketch_detail_20260618_032309/logs/gf2^6_mult_lx2_dynamic_repair_chi_packed_aa_sketch_noreuse_30.out
gf2^7_mult.tfc,baseline,,lx2_dynamic_repair_chi_packed_aa,217,164,34124,34.124,35.1736,19514,,,19514,100.000,19493,21,16298,3216,19514,16.480,0.822,,,,,,33668.3,33668.3,25.117,,,,8401.06,13764.2,,,,,,,,0,/home/ryo-mtmt/TOpt/forme/sketch_experiments/aa_sketch_detail_20260618_032309/logs/gf2^7_mult_lx2_dynamic_repair_chi_packed_aa.out
gf2^7_mult.tfc,reuse,3,lx2_dynamic_repair_chi_packed_aa_sketch_3,217,164,33919,33.919,34.9788,19514,312,0,19202,98.401,19181,21,16259,2943,19202,15.327,0.77,4028.39,1383.92,517.762,0.008,2126.69,29475.4,29475.4,22.372,1.59885,416.969,97.8368,8523.2,13909.1,0,0,0,0,0,,,0,/home/ryo-mtmt/TOpt/forme/sketch_experiments/aa_sketch_detail_20260618_032309/logs/gf2^7_mult_lx2_dynamic_repair_chi_packed_aa_sketch_3.out
gf2^7_mult.tfc,noreuse,3,lx2_dynamic_repair_chi_packed_aa_sketch_noreuse_3,217,164,45451,45.451,46.4605,19514,312,0,19202,98.401,19181,21,19202,0,19202,0.000,0.799,4308.23,1489.64,592.63,0.035,2225.92,40698.7,40698.7,23.944,1.59885,416.969,97.8368,0,13909.1,0,0,0,0,0,,,0,/home/ryo-mtmt/TOpt/forme/sketch_experiments/aa_sketch_detail_20260618_032309/logs/gf2^7_mult_lx2_dynamic_repair_chi_packed_aa_sketch_noreuse_3.out
gf2^7_mult.tfc,reuse,5,lx2_dynamic_repair_chi_packed_aa_sketch_5,217,164,32925,32.925,33.9805,19514,2350,0,17164,87.957,17143,21,14477,2687,17164,15.655,0.817,6127.42,1414.58,1173.12,0.01,3539.72,26380.1,26380.1,23.93,12.0426,688.963,127.91,8470.49,13242.4,0,0,0,0,0,,,0,/home/ryo-mtmt/TOpt/forme/sketch_experiments/aa_sketch_detail_20260618_032309/logs/gf2^7_mult_lx2_dynamic_repair_chi_packed_aa_sketch_5.out
gf2^7_mult.tfc,noreuse,5,lx2_dynamic_repair_chi_packed_aa_sketch_noreuse_5,217,164,38382,38.382,39.4329,19514,2350,0,17164,87.957,17143,21,17164,0,17164,0.000,0.751,5933.3,1372.6,1107.26,0.009,3453.43,32053.4,32053.4,22.366,12.0426,688.963,127.91,0,13242.4,0,0,0,0,0,,,0,/home/ryo-mtmt/TOpt/forme/sketch_experiments/aa_sketch_detail_20260618_032309/logs/gf2^7_mult_lx2_dynamic_repair_chi_packed_aa_sketch_noreuse_5.out
gf2^7_mult.tfc,reuse,8,lx2_dynamic_repair_chi_packed_aa_sketch_8,217,164,20338,20.338,21.4226,19514,9958,0,9556,48.970,9535,21,7690,1866,9556,19.527,0.727,8142.15,1319.64,1441.85,0.004,5380.65,11880,11880,21.644,51.03,1101.81,147.283,7784.51,10728.2,0,0,0,0,0,,,0,/home/ryo-mtmt/TOpt/forme/sketch_experiments/aa_sketch_detail_20260618_032309/logs/gf2^7_mult_lx2_dynamic_repair_chi_packed_aa_sketch_8.out
gf2^7_mult.tfc,noreuse,8,lx2_dynamic_repair_chi_packed_aa_sketch_noreuse_8,217,164,24677,24.677,25.7457,19514,9958,0,9556,48.970,9535,21,9556,0,9556,0.000,0.757,8263.46,1385.15,1472.64,0.008,5405.66,16087,16087,22.033,51.03,1101.81,147.283,0,10728.2,0,0,0,0,0,,,0,/home/ryo-mtmt/TOpt/forme/sketch_experiments/aa_sketch_detail_20260618_032309/logs/gf2^7_mult_lx2_dynamic_repair_chi_packed_aa_sketch_noreuse_8.out
gf2^7_mult.tfc,reuse,10,lx2_dynamic_repair_chi_packed_aa_sketch_10,217,164,16856,16.856,17.9201,19514,13227,0,6287,32.218,6266,21,4919,1368,6287,21.759,0.47,9463.05,1302.79,1533.11,0.007,6627.15,7187.41,7187.41,14.797,67.7821,1377.03,152.688,7470.79,9593.65,0,0,0,0,0,,,0,/home/ryo-mtmt/TOpt/forme/sketch_experiments/aa_sketch_detail_20260618_032309/logs/gf2^7_mult_lx2_dynamic_repair_chi_packed_aa_sketch_10.out
gf2^7_mult.tfc,noreuse,10,lx2_dynamic_repair_chi_packed_aa_sketch_noreuse_10,217,164,19512,19.512,20.5966,19514,13227,0,6287,32.218,6266,21,6287,0,6287,0.000,0.617,9535.14,1355.49,1544.44,0.001,6635.21,9720.46,9720.46,18.363,67.7821,1377.03,152.688,0,9593.65,0,0,0,0,0,,,0,/home/ryo-mtmt/TOpt/forme/sketch_experiments/aa_sketch_detail_20260618_032309/logs/gf2^7_mult_lx2_dynamic_repair_chi_packed_aa_sketch_noreuse_10.out
gf2^7_mult.tfc,reuse,13,lx2_dynamic_repair_chi_packed_aa_sketch_13,217,164,15439,15.439,16.5328,19514,15987,0,3527,18.074,3506,21,2677,850,3527,24.100,0.665,11481.9,1343.4,1623.14,0.006,8515.32,3711.35,3711.35,19.725,81.9258,1789.64,156.846,7052.41,8291.55,0,0,0,0,0,,,0,/home/ryo-mtmt/TOpt/forme/sketch_experiments/aa_sketch_detail_20260618_032309/logs/gf2^7_mult_lx2_dynamic_repair_chi_packed_aa_sketch_13.out
gf2^7_mult.tfc,noreuse,13,lx2_dynamic_repair_chi_packed_aa_sketch_noreuse_13,217,164,16847,16.847,17.9349,19514,15987,0,3527,18.074,3506,21,3527,0,3527,0.000,0.668,11453.1,1326.74,1626.77,0.002,8499.56,5147.78,5147.78,19.798,81.9258,1789.64,156.846,0,8291.55,0,0,0,0,0,,,0,/home/ryo-mtmt/TOpt/forme/sketch_experiments/aa_sketch_detail_20260618_032309/logs/gf2^7_mult_lx2_dynamic_repair_chi_packed_aa_sketch_noreuse_13.out
gf2^7_mult.tfc,reuse,15,lx2_dynamic_repair_chi_packed_aa_sketch_15,217,164,15374,15.374,16.4408,19514,17041,0,2473,12.673,2452,21,1870,603,2473,24.383,0.445,12699.8,1317.27,1653.47,0.004,9729.09,2502.4,2502.4,14.889,87.327,2065.11,158.421,6970.81,7684.87,0,0,0,0,0,,,0,/home/ryo-mtmt/TOpt/forme/sketch_experiments/aa_sketch_detail_20260618_032309/logs/gf2^7_mult_lx2_dynamic_repair_chi_packed_aa_sketch_15.out
gf2^7_mult.tfc,noreuse,15,lx2_dynamic_repair_chi_packed_aa_sketch_noreuse_15,217,164,19406,19.406,20.4794,19514,17041,0,2473,12.673,2452,21,2473,0,2473,0.000,0.793,14159.8,1491.47,2118.81,0.003,10549.5,4970.84,4970.84,23.516,87.327,2065.11,158.421,0,7684.87,0,0,0,0,0,,,0,/home/ryo-mtmt/TOpt/forme/sketch_experiments/aa_sketch_detail_20260618_032309/logs/gf2^7_mult_lx2_dynamic_repair_chi_packed_aa_sketch_noreuse_15.out
gf2^7_mult.tfc,reuse,20,lx2_dynamic_repair_chi_packed_aa_sketch_20,217,164,17008,17.008,18.0777,19514,18459,0,1055,5.406,1034,21,822,233,1055,22.085,0.452,15802.3,1302.68,1717.58,0.005,12782,1044.54,1044.54,14.874,94.5936,2753.25,160.537,6996.29,6580.01,0,0,0,0,0,,,0,/home/ryo-mtmt/TOpt/forme/sketch_experiments/aa_sketch_detail_20260618_032309/logs/gf2^7_mult_lx2_dynamic_repair_chi_packed_aa_sketch_20.out
gf2^7_mult.tfc,noreuse,20,lx2_dynamic_repair_chi_packed_aa_sketch_noreuse_20,217,164,17699,17.699,18.7894,19514,18459,0,1055,5.406,1034,21,1055,0,1055,0.000,0.755,15905.6,1335.65,1754.01,0.007,12815.9,1548.69,1548.69,21.279,94.5936,2753.25,160.537,0,6580.01,0,0,0,0,0,,,0,/home/ryo-mtmt/TOpt/forme/sketch_experiments/aa_sketch_detail_20260618_032309/logs/gf2^7_mult_lx2_dynamic_repair_chi_packed_aa_sketch_noreuse_20.out
gf2^7_mult.tfc,reuse,25,lx2_dynamic_repair_chi_packed_aa_sketch_25,217,164,19493,19.493,20.5478,19514,19033,0,481,2.465,460,21,377,104,481,21.622,0.456,18869.9,1317.06,1755.62,0.004,15797.2,468.867,468.867,14.847,97.5351,3441.29,161.502,6986.69,5765.01,0,0,0,0,0,,,0,/home/ryo-mtmt/TOpt/forme/sketch_experiments/aa_sketch_detail_20260618_032309/logs/gf2^7_mult_lx2_dynamic_repair_chi_packed_aa_sketch_25.out
gf2^7_mult.tfc,noreuse,25,lx2_dynamic_repair_chi_packed_aa_sketch_noreuse_25,217,164,19999,19.999,21.085,19514,19033,0,481,2.465,460,21,481,0,481,0.000,0.771,19062.2,1344.45,1797.83,0.005,15919.9,695.605,695.605,22.2,97.5351,3441.29,161.502,0,5765.01,0,0,0,0,0,,,0,/home/ryo-mtmt/TOpt/forme/sketch_experiments/aa_sketch_detail_20260618_032309/logs/gf2^7_mult_lx2_dynamic_repair_chi_packed_aa_sketch_noreuse_25.out
gf2^7_mult.tfc,reuse,30,lx2_dynamic_repair_chi_packed_aa_sketch_30,217,164,22335,22.335,23.3958,19514,19252,0,262,1.343,241,21,210,52,262,19.847,0.455,21927.3,1331.97,1776.23,0.006,18819.1,255.264,255.264,15.149,98.6574,4129.76,162.027,6477.5,5115.6,0,0,0,0,0,,,0,/home/ryo-mtmt/TOpt/forme/sketch_experiments/aa_sketch_detail_20260618_032309/logs/gf2^7_mult_lx2_dynamic_repair_chi_packed_aa_sketch_30.out
gf2^7_mult.tfc,noreuse,30,lx2_dynamic_repair_chi_packed_aa_sketch_noreuse_30,217,164,22559,22.559,23.6467,19514,19252,0,262,1.343,241,21,262,0,262,0.000,0.73,21964,1318.24,1794.09,0.007,18851.7,365.6,365.6,20.959,98.6574,4129.76,162.027,0,5115.6,0,0,0,0,0,,,0,/home/ryo-mtmt/TOpt/forme/sketch_experiments/aa_sketch_detail_20260618_032309/logs/gf2^7_mult_lx2_dynamic_repair_chi_packed_aa_sketch_noreuse_30.out
gf2^8_mult.tfc,baseline,,lx2_dynamic_repair_chi_packed_aa,264,220,77916,77.916,80.4711,24908,,,24908,100.000,24892,16,22199,2709,24908,10.876,0.838,,,,,,77243.6,77243.6,30.497,,,,13475.4,22197.3,,,,,,,,0,/home/ryo-mtmt/TOpt/forme/sketch_experiments/aa_sketch_detail_20260618_032309/logs/gf2^8_mult_lx2_dynamic_repair_chi_packed_aa.out
gf2^8_mult.tfc,reuse,3,lx2_dynamic_repair_chi_packed_aa_sketch_3,264,220,86184,86.184,88.7298,24908,246,0,24662,99.012,24646,16,22188,2474,24662,10.032,0.804,9206.8,2770.73,1954.08,0.005,4481.99,76329.3,76329.3,27.517,0.987634,670.034,142.843,13605.9,22362,0,0,0,0,0,,,0,/home/ryo-mtmt/TOpt/forme/sketch_experiments/aa_sketch_detail_20260618_032309/logs/gf2^8_mult_lx2_dynamic_repair_chi_packed_aa_sketch_3.out
gf2^8_mult.tfc,noreuse,3,lx2_dynamic_repair_chi_packed_aa_sketch_noreuse_3,264,220,101035,101.035,103.549,24908,246,0,24662,99.012,24646,16,24662,0,24662,0.000,0.592,9188.43,2753.85,1965.67,0.013,4468.9,91289.2,91289.2,19.662,0.987634,670.034,142.843,0,22362,0,0,0,0,0,,,0,/home/ryo-mtmt/TOpt/forme/sketch_experiments/aa_sketch_detail_20260618_032309/logs/gf2^8_mult_lx2_dynamic_repair_chi_packed_aa_sketch_noreuse_3.out
gf2^8_mult.tfc,reuse,5,lx2_dynamic_repair_chi_packed_aa_sketch_5,264,220,84484,84.484,87.0315,24908,1912,0,22996,92.324,22980,16,20682,2314,22996,10.063,0.857,13933.5,2793.28,3577.52,0.016,7562.7,69901.3,69901.3,29.87,7.67625,1110.7,184.239,13561.7,21829.5,0,0,0,0,0,,,0,/home/ryo-mtmt/TOpt/forme/sketch_experiments/aa_sketch_detail_20260618_032309/logs/gf2^8_mult_lx2_dynamic_repair_chi_packed_aa_sketch_5.out
gf2^8_mult.tfc,noreuse,5,lx2_dynamic_repair_chi_packed_aa_sketch_noreuse_5,264,220,99265,99.265,101.774,24908,1912,0,22996,92.324,22980,16,22996,0,22996,0.000,0.831,13948,2771.52,3604.88,0.012,7571.55,84679.9,84679.9,28.854,7.67625,1110.7,184.239,0,21829.5,0,0,0,0,0,,,0,/home/ryo-mtmt/TOpt/forme/sketch_experiments/aa_sketch_detail_20260618_032309/logs/gf2^8_mult_lx2_dynamic_repair_chi_packed_aa_sketch_noreuse_5.out
gf2^8_mult.tfc,reuse,8,lx2_dynamic_repair_chi_packed_aa_sketch_8,264,220,41839,41.839,44.4428,24908,16282,0,8626,34.631,8610,16,7421,1205,8626,13.969,0.781,19425.6,2745.88,4499.89,0.008,12179.8,21979.7,21979.7,26.648,65.3686,1776.45,207.341,12538.6,17093.5,0,0,0,0,0,,,0,/home/ryo-mtmt/TOpt/forme/sketch_experiments/aa_sketch_detail_20260618_032309/logs/gf2^8_mult_lx2_dynamic_repair_chi_packed_aa_sketch_8.out
gf2^8_mult.tfc,noreuse,8,lx2_dynamic_repair_chi_packed_aa_sketch_noreuse_8,264,220,47038,47.038,49.6385,24908,16282,0,8626,34.631,8610,16,8626,0,8626,0.000,0.758,19429,2742.63,4498.94,0.011,12187.4,27185.1,27185.1,25.712,65.3686,1776.45,207.341,0,17093.5,0,0,0,0,0,,,0,/home/ryo-mtmt/TOpt/forme/sketch_experiments/aa_sketch_detail_20260618_032309/logs/gf2^8_mult_lx2_dynamic_repair_chi_packed_aa_sketch_noreuse_8.out
gf2^8_mult.tfc,reuse,10,lx2_dynamic_repair_chi_packed_aa_sketch_10,264,220,31997,31.997,34.6218,24908,20843,0,4065,16.320,4049,16,3288,777,4065,19.114,0.659,22659.9,2757.81,4650.59,0.009,15251.5,9017.1,9017.1,21.4,83.6799,2220.35,211.333,11343.9,14133.3,0,0,0,0,0,,,0,/home/ryo-mtmt/TOpt/forme/sketch_experiments/aa_sketch_detail_20260618_032309/logs/gf2^8_mult_lx2_dynamic_repair_chi_packed_aa_sketch_10.out
gf2^8_mult.tfc,noreuse,10,lx2_dynamic_repair_chi_packed_aa_sketch_noreuse_10,264,220,34557,34.557,37.1775,24908,20843,0,4065,16.320,4049,16,4065,0,4065,0.000,0.566,22672.5,2756.25,4675.7,0.013,15240.5,11601.4,11601.4,18.976,83.6799,2220.35,211.333,0,14133.3,0,0,0,0,0,,,0,/home/ryo-mtmt/TOpt/forme/sketch_experiments/aa_sketch_detail_20260618_032309/logs/gf2^8_mult_lx2_dynamic_repair_chi_packed_aa_sketch_noreuse_10.out
gf2^8_mult.tfc,reuse,13,lx2_dynamic_repair_chi_packed_aa_sketch_13,264,220,30845,30.845,33.4748,24908,23186,0,1722,6.913,1706,16,1213,509,1722,29.559,0.672,27501.8,2823.07,4822.23,0.012,19856.5,3042.64,3042.64,22.74,93.0866,2885.97,213.733,9409.99,10699,0,0,0,0,0,,,0,/home/ryo-mtmt/TOpt/forme/sketch_experiments/aa_sketch_detail_20260618_032309/logs/gf2^8_mult_lx2_dynamic_repair_chi_packed_aa_sketch_13.out
gf2^8_mult.tfc,noreuse,13,lx2_dynamic_repair_chi_packed_aa_sketch_noreuse_13,264,220,32033,32.033,34.6041,24908,23186,0,1722,6.913,1706,16,1722,0,1722,0.000,0.495,27433.5,2736.73,4856.94,0.005,19839.8,4377.97,4377.97,17.965,93.0866,2885.97,213.733,0,10699,0,0,0,0,0,,,0,/home/ryo-mtmt/TOpt/forme/sketch_experiments/aa_sketch_detail_20260618_032309/logs/gf2^8_mult_lx2_dynamic_repair_chi_packed_aa_sketch_noreuse_13.out
gf2^8_mult.tfc,reuse,15,lx2_dynamic_repair_chi_packed_aa_sketch_15,264,220,32910,32.910,35.5422,24908,23803,0,1105,4.436,1089,16,713,392,1105,35.475,0.872,30690.3,2762.45,4955.55,0.005,22972.3,1867.97,1867.97,29.333,95.5637,3330.18,214.583,8450.89,9077.83,0,0,0,0,0,,,0,/home/ryo-mtmt/TOpt/forme/sketch_experiments/aa_sketch_detail_20260618_032309/logs/gf2^8_mult_lx2_dynamic_repair_chi_packed_aa_sketch_15.out
gf2^8_mult.tfc,noreuse,15,lx2_dynamic_repair_chi_packed_aa_sketch_noreuse_15,264,220,33418,33.418,35.987,24908,23803,0,1105,4.436,1089,16,1105,0,1105,0.000,0.492,30553,2742.17,4922.16,0.003,22888.7,2651.28,2651.28,17.809,95.5637,3330.18,214.583,0,9077.83,0,0,0,0,0,,,0,/home/ryo-mtmt/TOpt/forme/sketch_experiments/aa_sketch_detail_20260618_032309/logs/gf2^8_mult_lx2_dynamic_repair_chi_packed_aa_sketch_noreuse_15.out
gf2^8_mult.tfc,reuse,20,lx2_dynamic_repair_chi_packed_aa_sketch_20,264,220,39216,39.216,41.774,24908,24358,0,550,2.208,534,16,309,241,550,43.818,0.495,38330.6,2739.29,5084.23,0.01,30507,678.253,678.253,17.638,97.7919,4439.89,215.871,6432.97,6702.75,0,0,0,0,0,,,0,/home/ryo-mtmt/TOpt/forme/sketch_experiments/aa_sketch_detail_20260618_032309/logs/gf2^8_mult_lx2_dynamic_repair_chi_packed_aa_sketch_20.out
gf2^8_mult.tfc,noreuse,20,lx2_dynamic_repair_chi_packed_aa_sketch_noreuse_20,264,220,40364,40.364,42.9821,24908,24358,0,550,2.208,534,16,550,0,550,0.000,0.783,38610.3,2758.16,5219.96,0.005,30632.2,1424.53,1424.53,25.837,97.7919,4439.89,215.871,0,6702.75,0,0,0,0,0,,,0,/home/ryo-mtmt/TOpt/forme/sketch_experiments/aa_sketch_detail_20260618_032309/logs/gf2^8_mult_lx2_dynamic_repair_chi_packed_aa_sketch_noreuse_20.out
gf2^8_mult.tfc,reuse,25,lx2_dynamic_repair_chi_packed_aa_sketch_25,264,220,46882,46.882,49.4989,24908,24556,0,352,1.413,336,16,189,163,352,46.307,0.773,46122,2736.79,5218.48,0.003,38166.8,444.991,444.991,25.009,98.5868,5549.58,216.642,5485.93,5506.81,0,0,0,0,0,,,0,/home/ryo-mtmt/TOpt/forme/sketch_experiments/aa_sketch_detail_20260618_032309/logs/gf2^8_mult_lx2_dynamic_repair_chi_packed_aa_sketch_25.out
gf2^8_mult.tfc,noreuse,25,lx2_dynamic_repair_chi_packed_aa_sketch_noreuse_25,264,220,47263,47.263,49.8781,24908,24556,0,352,1.413,336,16,352,0,352,0.000,0.787,46109.7,2735.37,5209.85,0.008,38164.5,829.917,829.917,25.623,98.5868,5549.58,216.642,0,5506.81,0,0,0,0,0,,,0,/home/ryo-mtmt/TOpt/forme/sketch_experiments/aa_sketch_detail_20260618_032309/logs/gf2^8_mult_lx2_dynamic_repair_chi_packed_aa_sketch_noreuse_25.out
gf2^8_mult.tfc,reuse,30,lx2_dynamic_repair_chi_packed_aa_sketch_30,264,220,54195,54.195,56.7481,24908,24645,0,263,1.056,247,16,150,113,263,42.966,0.529,53691.8,2749.72,5258.38,0.018,45683.6,296.267,296.267,18.127,98.9441,6659.72,217.153,4877.47,4886.11,0,0,0,0,0,,,0,/home/ryo-mtmt/TOpt/forme/sketch_experiments/aa_sketch_detail_20260618_032309/logs/gf2^8_mult_lx2_dynamic_repair_chi_packed_aa_sketch_30.out
gf2^8_mult.tfc,noreuse,30,lx2_dynamic_repair_chi_packed_aa_sketch_noreuse_30,264,220,54615,54.615,57.221,24908,24645,0,263,1.056,247,16,263,0,263,0.000,0.744,53745.5,2743.11,5295.72,0.01,45706.6,570.197,570.197,23.977,98.9441,6659.72,217.153,0,4886.11,0,0,0,0,0,,,0,/home/ryo-mtmt/TOpt/forme/sketch_experiments/aa_sketch_detail_20260618_032309/logs/gf2^8_mult_lx2_dynamic_repair_chi_packed_aa_sketch_noreuse_30.out
grover_5.tfc,baseline,,lx2_dynamic_repair_chi_packed_aa,166,144,131009,131.009,362.493,14915,,,14915,100.000,14906,9,13646,1269,14915,8.508,0.717,,,,,,129436,129436,87.088,,,,57179.2,92841,,,,,,,,0,/home/ryo-mtmt/TOpt/forme/sketch_experiments/aa_sketch_detail_20260618_032309/logs/grover_5_lx2_dynamic_repair_chi_packed_aa.out
grover_5.tfc,reuse,3,lx2_dynamic_repair_chi_packed_aa_sketch_3,166,144,141268,141.268,371.799,14915,1009,0,13906,93.235,13897,9,12983,923,13906,6.637,0.804,17355.6,8673.15,605.612,0.001,8076.79,122411,122411,84.853,6.765,2785.66,114.443,58886.8,93432.5,0,0,0,0,0,,,0,/home/ryo-mtmt/TOpt/forme/sketch_experiments/aa_sketch_detail_20260618_032309/logs/grover_5_lx2_dynamic_repair_chi_packed_aa_sketch_3.out
grover_5.tfc,noreuse,3,lx2_dynamic_repair_chi_packed_aa_sketch_noreuse_3,166,144,181679,181.679,411.859,14915,1009,0,13906,93.235,13897,9,13906,0,13906,0.000,0.704,17231.6,8622.32,598.181,0.007,8011.08,162965,162965,84.369,6.765,2785.66,114.443,0,93432.5,0,0,0,0,0,,,0,/home/ryo-mtmt/TOpt/forme/sketch_experiments/aa_sketch_detail_20260618_032309/logs/grover_5_lx2_dynamic_repair_chi_packed_aa_sketch_noreuse_3.out
grover_5.tfc,reuse,5,lx2_dynamic_repair_chi_packed_aa_sketch_5,166,144,115717,115.717,345.67,14915,4270,0,10645,71.371,10636,9,9962,683,10645,6.416,0.718,22779.2,8590.47,766.973,0.007,13421.7,91757.5,91757.5,84.392,28.6289,4642.57,126.646,61035.6,88376,0,0,0,0,0,,,0,/home/ryo-mtmt/TOpt/forme/sketch_experiments/aa_sketch_detail_20260618_032309/logs/grover_5_lx2_dynamic_repair_chi_packed_aa_sketch_5.out
grover_5.tfc,noreuse,5,lx2_dynamic_repair_chi_packed_aa_sketch_noreuse_5,166,144,146288,146.288,376.372,14915,4270,0,10645,71.371,10636,9,10645,0,10645,0.000,0.723,22847.1,8619.95,765.691,0.002,13461.5,122256,122256,88.748,28.6289,4642.57,126.646,0,88376,0,0,0,0,0,,,0,/home/ryo-mtmt/TOpt/forme/sketch_experiments/aa_sketch_detail_20260618_032309/logs/grover_5_lx2_dynamic_repair_chi_packed_aa_sketch_noreuse_5.out
grover_5.tfc,reuse,8,lx2_dynamic_repair_chi_packed_aa_sketch_8,166,144,78949,78.949,315.863,14915,9464,0,5451,36.547,5442,9,5058,393,5451,7.210,0.899,31230.6,8678.01,857.702,0.005,21694.9,46980.2,46980.2,98.232,63.4529,7427.67,133.984,64507.3,75680.7,0,0,0,0,0,,,0,/home/ryo-mtmt/TOpt/forme/sketch_experiments/aa_sketch_detail_20260618_032309/logs/grover_5_lx2_dynamic_repair_chi_packed_aa_sketch_8.out
grover_5.tfc,noreuse,8,lx2_dynamic_repair_chi_packed_aa_sketch_noreuse_8,166,144,96457,96.457,332.273,14915,9464,0,5451,36.547,5442,9,5451,0,5451,0.000,0.881,32012.9,8906.54,909.986,0.005,22196.4,63698.6,63698.6,94.266,63.4529,7427.67,133.984,0,75680.7,0,0,0,0,0,,,0,/home/ryo-mtmt/TOpt/forme/sketch_experiments/aa_sketch_detail_20260618_032309/logs/grover_5_lx2_dynamic_repair_chi_packed_aa_sketch_noreuse_8.out
grover_5.tfc,reuse,10,lx2_dynamic_repair_chi_packed_aa_sketch_10,166,144,65189,65.189,297.208,14915,11552,0,3363,22.548,3354,9,3089,274,3363,8.147,0.869,36569.4,8601.95,874.737,0.007,27092.7,28093.3,28093.3,93.057,77.4522,9284.6,136.419,66523.1,68239,0,0,0,0,0,,,0,/home/ryo-mtmt/TOpt/forme/sketch_experiments/aa_sketch_detail_20260618_032309/logs/grover_5_lx2_dynamic_repair_chi_packed_aa_sketch_10.out
grover_5.tfc,noreuse,10,lx2_dynamic_repair_chi_packed_aa_sketch_noreuse_10,166,144,73153,73.153,303.054,14915,11552,0,3363,22.548,3354,9,3363,0,3363,0.000,0.699,36501.4,8557.07,861.234,0.007,27083.1,36152.3,36152.3,85.66,77.4522,9284.6,136.419,0,68239,0,0,0,0,0,,,0,/home/ryo-mtmt/TOpt/forme/sketch_experiments/aa_sketch_detail_20260618_032309/logs/grover_5_lx2_dynamic_repair_chi_packed_aa_sketch_noreuse_10.out
grover_5.tfc,reuse,13,lx2_dynamic_repair_chi_packed_aa_sketch_13,166,144,59938,59.938,292.899,14915,13204,0,1711,11.472,1702,9,1543,168,1711,9.819,0.853,45155.3,8677.02,922.882,0.006,35555.4,14412.2,14412.2,92.184,88.5283,12070,138.603,68516.6,58827.4,0,0,0,0,0,,,0,/home/ryo-mtmt/TOpt/forme/sketch_experiments/aa_sketch_detail_20260618_032309/logs/grover_5_lx2_dynamic_repair_chi_packed_aa_sketch_13.out
grover_5.tfc,noreuse,13,lx2_dynamic_repair_chi_packed_aa_sketch_noreuse_13,166,144,63004,63.004,293.428,14915,13204,0,1711,11.472,1702,9,1711,0,1711,0.000,0.801,44819.8,8637.05,896.614,0.003,35286.1,17832.5,17832.5,87.112,88.5283,12070,138.603,0,58827.4,0,0,0,0,0,,,0,/home/ryo-mtmt/TOpt/forme/sketch_experiments/aa_sketch_detail_20260618_032309/logs/grover_5_lx2_dynamic_repair_chi_packed_aa_sketch_noreuse_13.out
grover_5.tfc,reuse,15,lx2_dynamic_repair_chi_packed_aa_sketch_15,166,144,59543,59.543,289.978,14915,13792,0,1123,7.529,1114,9,1008,115,1123,10.240,0.714,50267.8,8585.99,909.799,0,40772,8980.55,8980.55,88.21,92.4707,13926.6,139.543,67244.6,52760.2,0,0,0,0,0,,,0,/home/ryo-mtmt/TOpt/forme/sketch_experiments/aa_sketch_detail_20260618_032309/logs/grover_5_lx2_dynamic_repair_chi_packed_aa_sketch_15.out
grover_5.tfc,noreuse,15,lx2_dynamic_repair_chi_packed_aa_sketch_noreuse_15,166,144,61762,61.762,291.881,14915,13792,0,1123,7.529,1114,9,1123,0,1123,0.000,0.705,50201.8,8572.19,905.721,0.001,40723.8,11265.7,11265.7,91.998,92.4707,13926.6,139.543,0,52760.2,0,0,0,0,0,,,0,/home/ryo-mtmt/TOpt/forme/sketch_experiments/aa_sketch_detail_20260618_032309/logs/grover_5_lx2_dynamic_repair_chi_packed_aa_sketch_noreuse_15.out
grover_5.tfc,reuse,20,lx2_dynamic_repair_chi_packed_aa_sketch_20,166,144,67527,67.527,297.84,14915,14481,0,434,2.910,425,9,384,50,434,11.521,0.737,63912.3,8619.59,940.352,0.002,54352.3,3386.03,3386.03,89.394,97.0902,18568.6,140.986,59928.3,41069.1,0,0,0,0,0,,,0,/home/ryo-mtmt/TOpt/forme/sketch_experiments/aa_sketch_detail_20260618_032309/logs/grover_5_lx2_dynamic_repair_chi_packed_aa_sketch_20.out
grover_5.tfc,noreuse,20,lx2_dynamic_repair_chi_packed_aa_sketch_noreuse_20,166,144,68275,68.275,298.228,14915,14481,0,434,2.910,425,9,434,0,434,0.000,0.709,63865.2,8580.63,940.192,0.002,54344.4,4189.03,4189.03,84.953,97.0902,18568.6,140.986,0,41069.1,0,0,0,0,0,,,0,/home/ryo-mtmt/TOpt/forme/sketch_experiments/aa_sketch_detail_20260618_032309/logs/grover_5_lx2_dynamic_repair_chi_packed_aa_sketch_noreuse_20.out
grover_5.tfc,reuse,25,lx2_dynamic_repair_chi_packed_aa_sketch_25,166,144,79604,79.604,309.852,14915,14736,0,179,1.200,170,9,158,21,179,11.732,0.707,78013.9,8520.78,975.5,0.005,68517.6,1386.19,1386.19,87.472,98.7999,23210.7,141.77,48632.7,30687.1,0,0,0,0,0,,,0,/home/ryo-mtmt/TOpt/forme/sketch_experiments/aa_sketch_detail_20260618_032309/logs/grover_5_lx2_dynamic_repair_chi_packed_aa_sketch_25.out
grover_5.tfc,noreuse,25,lx2_dynamic_repair_chi_packed_aa_sketch_noreuse_25,166,144,80268,80.268,310.597,14915,14736,0,179,1.200,170,9,179,0,179,0.000,0.905,77902.3,8670.21,997.736,0.006,68234.3,2121.17,2121.17,107.814,98.7999,23210.7,141.77,0,30687.1,0,0,0,0,0,,,0,/home/ryo-mtmt/TOpt/forme/sketch_experiments/aa_sketch_detail_20260618_032309/logs/grover_5_lx2_dynamic_repair_chi_packed_aa_sketch_noreuse_25.out
grover_5.tfc,reuse,30,lx2_dynamic_repair_chi_packed_aa_sketch_30,166,144,92276,92.276,322.176,14915,14810,0,105,0.704,96,9,92,13,105,12.381,0.709,91266.5,8571.26,983.74,0.005,81711.5,816.124,816.124,84.621,99.296,27852.7,142.217,40640.6,27476,0,0,0,0,0,,,0,/home/ryo-mtmt/TOpt/forme/sketch_experiments/aa_sketch_detail_20260618_032309/logs/grover_5_lx2_dynamic_repair_chi_packed_aa_sketch_30.out
grover_5.tfc,noreuse,30,lx2_dynamic_repair_chi_packed_aa_sketch_noreuse_30,166,144,92583,92.583,322.683,14915,14810,0,105,0.704,96,9,105,0,105,0.000,0.71,91366.7,8581.02,987.326,0.002,81798.3,1023.88,1023.88,86.864,99.296,27852.7,142.217,0,27476,0,0,0,0,0,,,0,/home/ryo-mtmt/TOpt/forme/sketch_experiments/aa_sketch_detail_20260618_032309/logs/grover_5_lx2_dynamic_repair_chi_packed_aa_sketch_noreuse_30.out
hwb6.tfc,baseline,,lx2_dynamic_repair_chi_packed_aa,175,52,2145,2.145,2.80395,2714,,,2714,100.000,2683,31,2017,697,2714,25.682,0.823,,,,,,1978.7,1978.7,22.123,,,,7939.47,11266.6,,,,,,,,0,/home/ryo-mtmt/TOpt/forme/sketch_experiments/aa_sketch_detail_20260618_032309/logs/hwb6_lx2_dynamic_repair_chi_packed_aa.out
hwb6.tfc,reuse,3,lx2_dynamic_repair_chi_packed_aa_sketch_3,175,52,1813,1.813,2.511,2714,1325,0,1389,51.179,1358,31,993,396,1389,28.510,0.832,535.525,248.377,8.205,0.003,278.94,1120.5,1120.5,22.351,48.8209,339.541,41.5497,7292,8137.42,0,0,0,0,0,,,0,/home/ryo-mtmt/TOpt/forme/sketch_experiments/aa_sketch_detail_20260618_032309/logs/hwb6_lx2_dynamic_repair_chi_packed_aa_sketch_3.out
hwb6.tfc,noreuse,3,lx2_dynamic_repair_chi_packed_aa_sketch_noreuse_3,175,52,2225,2.225,2.87082,2714,1325,0,1389,51.179,1358,31,1389,0,1389,0.000,0.828,519.05,242.007,7.349,0,269.694,1548.29,1548.29,22.519,48.8209,339.541,41.5497,0,8137.42,0,0,0,0,0,,,0,/home/ryo-mtmt/TOpt/forme/sketch_experiments/aa_sketch_detail_20260618_032309/logs/hwb6_lx2_dynamic_repair_chi_packed_aa_sketch_noreuse_3.out
hwb6.tfc,reuse,5,lx2_dynamic_repair_chi_packed_aa_sketch_5,175,52,959,0.959,1.60825,2714,1785,0,929,34.230,898,31,659,270,929,29.064,0.649,415.073,148.312,0.351,0,266.41,413.888,413.888,16.848,65.7701,563.963,46.5741,6733.54,6753.4,0,0,0,0,0,,,0,/home/ryo-mtmt/TOpt/forme/sketch_experiments/aa_sketch_detail_20260618_032309/logs/hwb6_lx2_dynamic_repair_chi_packed_aa_sketch_5.out
hwb6.tfc,noreuse,5,lx2_dynamic_repair_chi_packed_aa_sketch_noreuse_5,175,52,1070,1.070,1.70416,2714,1785,0,929,34.230,898,31,929,0,929,0.000,0.474,412.058,145.821,0.397,0,265.84,567.891,567.891,13.176,65.7701,563.963,46.5741,0,6753.4,0,0,0,0,0,,,0,/home/ryo-mtmt/TOpt/forme/sketch_experiments/aa_sketch_detail_20260618_032309/logs/hwb6_lx2_dynamic_repair_chi_packed_aa_sketch_noreuse_5.out
hwb6.tfc,reuse,8,lx2_dynamic_repair_chi_packed_aa_sketch_8,175,52,1127,1.127,1.777,2714,2138,0,576,21.223,545,31,412,164,576,28.472,0.805,636.295,172.319,4.786,0,459.19,345.829,345.829,21.127,78.7767,901.96,50.4263,6163.56,5830.89,0,0,0,0,0,,,0,/home/ryo-mtmt/TOpt/forme/sketch_experiments/aa_sketch_detail_20260618_032309/logs/hwb6_lx2_dynamic_repair_chi_packed_aa_sketch_8.out
hwb6.tfc,noreuse,8,lx2_dynamic_repair_chi_packed_aa_sketch_noreuse_8,175,52,1316,1.316,1.96616,2714,2138,0,576,21.223,545,31,576,0,576,0.000,0.824,652.58,175.474,5.848,0,471.258,517.375,517.375,21.816,78.7767,901.96,50.4263,0,5830.89,0,0,0,0,0,,,0,/home/ryo-mtmt/TOpt/forme/sketch_experiments/aa_sketch_detail_20260618_032309/logs/hwb6_lx2_dynamic_repair_chi_packed_aa_sketch_noreuse_8.out
hwb6.tfc,reuse,10,lx2_dynamic_repair_chi_packed_aa_sketch_10,175,52,909,0.909,1.54666,2714,2296,0,418,15.402,387,31,302,116,418,27.751,0.474,649.513,146.978,0.96,0,501.575,173.132,173.132,12.987,84.5984,1127.2,51.9134,5909.29,5347.76,0,0,0,0,0,,,0,/home/ryo-mtmt/TOpt/forme/sketch_experiments/aa_sketch_detail_20260618_032309/logs/hwb6_lx2_dynamic_repair_chi_packed_aa_sketch_10.out
hwb6.tfc,noreuse,10,lx2_dynamic_repair_chi_packed_aa_sketch_noreuse_10,175,52,978,0.978,1.61607,2714,2296,0,418,15.402,387,31,418,0,418,0.000,0.479,647.587,144.831,1.006,0,501.75,244.073,244.073,13.076,84.5984,1127.2,51.9134,0,5347.76,0,0,0,0,0,,,0,/home/ryo-mtmt/TOpt/forme/sketch_experiments/aa_sketch_detail_20260618_032309/logs/hwb6_lx2_dynamic_repair_chi_packed_aa_sketch_noreuse_10.out
hwb6.tfc,reuse,13,lx2_dynamic_repair_chi_packed_aa_sketch_13,175,52,1704,1.704,2.76755,2714,2426,0,288,10.612,257,31,212,76,288,26.389,0.831,1350.38,252.292,19.336,0,1078.76,209.367,209.367,21.98,89.3884,1465.16,53.3371,5570.78,4902.18,0,0,0,0,0,,,0,/home/ryo-mtmt/TOpt/forme/sketch_experiments/aa_sketch_detail_20260618_032309/logs/hwb6_lx2_dynamic_repair_chi_packed_aa_sketch_13.out
hwb6.tfc,noreuse,13,lx2_dynamic_repair_chi_packed_aa_sketch_noreuse_13,175,52,1774,1.774,2.84278,2714,2426,0,288,10.612,257,31,288,0,288,0.000,0.823,1342,248.925,16.426,0.005,1076.64,287.323,287.323,22.152,89.3884,1465.16,53.3371,0,4902.18,0,0,0,0,0,,,0,/home/ryo-mtmt/TOpt/forme/sketch_experiments/aa_sketch_detail_20260618_032309/logs/hwb6_lx2_dynamic_repair_chi_packed_aa_sketch_noreuse_13.out
hwb6.tfc,reuse,15,lx2_dynamic_repair_chi_packed_aa_sketch_15,175,52,1065,1.065,1.70334,2714,2489,0,225,8.290,194,31,172,53,225,23.556,0.475,878.797,145.411,1.661,0,731.725,101.142,101.142,13.185,91.7097,1690.49,53.9562,5491.5,4810.34,0,0,0,0,0,,,0,/home/ryo-mtmt/TOpt/forme/sketch_experiments/aa_sketch_detail_20260618_032309/logs/hwb6_lx2_dynamic_repair_chi_packed_aa_sketch_15.out
hwb6.tfc,noreuse,15,lx2_dynamic_repair_chi_packed_aa_sketch_noreuse_15,175,52,1869,1.869,2.93879,2714,2489,0,225,8.290,194,31,225,0,225,0.000,0.835,1496,248.805,17.557,0.004,1229.64,229.452,229.452,22.187,91.7097,1690.49,53.9562,0,4810.34,0,0,0,0,0,,,0,/home/ryo-mtmt/TOpt/forme/sketch_experiments/aa_sketch_detail_20260618_032309/logs/hwb6_lx2_dynamic_repair_chi_packed_aa_sketch_noreuse_15.out
hwb6.tfc,reuse,20,lx2_dynamic_repair_chi_packed_aa_sketch_20,175,52,2147,2.147,3.01822,2714,2588,0,126,4.643,95,31,114,12,126,9.524,0.817,1884.12,249.721,19.459,0.002,1614.93,120.859,120.859,22.47,95.3574,2253.79,54.9211,5724.71,4710.71,0,0,0,0,0,,,0,/home/ryo-mtmt/TOpt/forme/sketch_experiments/aa_sketch_detail_20260618_032309/logs/hwb6_lx2_dynamic_repair_chi_packed_aa_sketch_20.out
hwb6.tfc,noreuse,20,lx2_dynamic_repair_chi_packed_aa_sketch_noreuse_20,175,52,2169,2.169,3.23944,2714,2588,0,126,4.643,95,31,126,0,126,0.000,0.819,1887.28,248.288,20.299,0,1618.69,139.919,139.919,21.661,95.3574,2253.79,54.9211,0,4710.71,0,0,0,0,0,,,0,/home/ryo-mtmt/TOpt/forme/sketch_experiments/aa_sketch_detail_20260618_032309/logs/hwb6_lx2_dynamic_repair_chi_packed_aa_sketch_noreuse_20.out
hwb6.tfc,reuse,25,lx2_dynamic_repair_chi_packed_aa_sketch_25,175,52,1470,1.470,2.10636,2714,2637,0,77,2.837,46,31,70,7,77,9.091,0.474,1336.83,147.352,2.596,0,1186.88,48.917,48.917,13.253,97.1629,2816.91,55.4226,4186.34,4272.42,0,0,0,0,0,,,0,/home/ryo-mtmt/TOpt/forme/sketch_experiments/aa_sketch_detail_20260618_032309/logs/hwb6_lx2_dynamic_repair_chi_packed_aa_sketch_25.out
hwb6.tfc,noreuse,25,lx2_dynamic_repair_chi_packed_aa_sketch_noreuse_25,175,52,1473,1.473,2.1159,2714,2637,0,77,2.837,46,31,77,0,77,0.000,0.481,1333.01,145.257,2.631,0,1185.12,54.645,54.645,13.279,97.1629,2816.91,55.4226,0,4272.42,0,0,0,0,0,,,0,/home/ryo-mtmt/TOpt/forme/sketch_experiments/aa_sketch_detail_20260618_032309/logs/hwb6_lx2_dynamic_repair_chi_packed_aa_sketch_noreuse_25.out
hwb6.tfc,reuse,30,lx2_dynamic_repair_chi_packed_aa_sketch_30,175,52,2867,2.867,3.93836,2714,2659,0,55,2.027,24,31,52,3,55,5.455,0.823,2657.38,252.183,22.945,0.002,2382.25,68.6,68.6,22.367,97.9735,3380.48,55.6942,3375.33,4260.49,0,0,0,0,0,,,0,/home/ryo-mtmt/TOpt/forme/sketch_experiments/aa_sketch_detail_20260618_032309/logs/hwb6_lx2_dynamic_repair_chi_packed_aa_sketch_30.out
hwb6.tfc,noreuse,30,lx2_dynamic_repair_chi_packed_aa_sketch_noreuse_30,175,52,1682,1.682,2.31904,2714,2659,0,55,2.027,24,31,55,0,55,0.000,0.474,1556.13,144.908,2.994,0.001,1408.23,42.678,42.678,12.989,97.9735,3380.48,55.6942,0,4260.49,0,0,0,0,0,,,0,/home/ryo-mtmt/TOpt/forme/sketch_experiments/aa_sketch_detail_20260618_032309/logs/hwb6_lx2_dynamic_repair_chi_packed_aa_sketch_noreuse_30.out
mod5_4.tfc,baseline,,lx2_dynamic_repair_chi_packed_aa,16,16,4,0.004,0.006765,120,,,120,100.000,120,0,90,30,120,25.000,0.005,,,,,,4.06,4.06,0,,,,428.664,639.3,,,,,,,,0,/home/ryo-mtmt/TOpt/forme/sketch_experiments/aa_sketch_detail_20260618_032309/logs/mod5_4_lx2_dynamic_repair_chi_packed_aa.out
mod5_4.tfc,reuse,3,lx2_dynamic_repair_chi_packed_aa_sketch_3,16,16,5,0.005,0.008163,120,13,0,107,89.167,107,0,87,20,107,18.692,0.007,1.434,0.778,0.001,0,0.655,3.936,3.936,0,10.8333,20.7,5.65833,467.425,655.514,0,0,0,0,0,,,0,/home/ryo-mtmt/TOpt/forme/sketch_experiments/aa_sketch_detail_20260618_032309/logs/mod5_4_lx2_dynamic_repair_chi_packed_aa_sketch_3.out
mod5_4.tfc,noreuse,3,lx2_dynamic_repair_chi_packed_aa_sketch_noreuse_3,16,16,5,0.005,0.007813,120,13,0,107,89.167,107,0,107,0,107,0.000,0.006,1.249,0.668,0.001,0,0.58,4.226,4.226,0,10.8333,20.7,5.65833,0,655.514,0,0,0,0,0,,,0,/home/ryo-mtmt/TOpt/forme/sketch_experiments/aa_sketch_detail_20260618_032309/logs/mod5_4_lx2_dynamic_repair_chi_packed_aa_sketch_noreuse_3.out
mod5_4.tfc,reuse,5,lx2_dynamic_repair_chi_packed_aa_sketch_5,16,16,5,0.005,0.008366,120,19,0,101,84.167,101,0,83,18,101,17.822,0.007,1.804,0.79,0.001,0,1.013,3.755,3.755,0,15.8333,32.6667,7.51667,475.95,651.941,0,0,0,0,0,,,0,/home/ryo-mtmt/TOpt/forme/sketch_experiments/aa_sketch_detail_20260618_032309/logs/mod5_4_lx2_dynamic_repair_chi_packed_aa_sketch_5.out
mod5_4.tfc,noreuse,5,lx2_dynamic_repair_chi_packed_aa_sketch_noreuse_5,16,16,6,0.006,0.009254,120,19,0,101,84.167,101,0,101,0,101,0.000,0.007,1.819,0.783,0.001,0,1.035,4.589,4.589,0,15.8333,32.6667,7.51667,0,651.941,0,0,0,0,0,,,0,/home/ryo-mtmt/TOpt/forme/sketch_experiments/aa_sketch_detail_20260618_032309/logs/mod5_4_lx2_dynamic_repair_chi_packed_aa_sketch_noreuse_5.out
mod5_4.tfc,reuse,8,lx2_dynamic_repair_chi_packed_aa_sketch_8,16,16,5,0.005,0.008053,120,44,0,76,63.333,76,0,63,13,76,17.105,0.007,2.376,0.787,0.048,0,1.541,2.882,2.882,0,36.6667,51.5833,9.775,490.373,636.684,0,0,0,0,0,,,0,/home/ryo-mtmt/TOpt/forme/sketch_experiments/aa_sketch_detail_20260618_032309/logs/mod5_4_lx2_dynamic_repair_chi_packed_aa_sketch_8.out
mod5_4.tfc,noreuse,8,lx2_dynamic_repair_chi_packed_aa_sketch_noreuse_8,16,16,6,0.006,0.008701,120,44,0,76,63.333,76,0,76,0,76,0.000,0.007,2.361,0.8,0.001,0,1.56,3.475,3.475,0,36.6667,51.5833,9.775,0,636.684,0,0,0,0,0,,,0,/home/ryo-mtmt/TOpt/forme/sketch_experiments/aa_sketch_detail_20260618_032309/logs/mod5_4_lx2_dynamic_repair_chi_packed_aa_sketch_noreuse_8.out
mod5_4.tfc,reuse,10,lx2_dynamic_repair_chi_packed_aa_sketch_10,16,16,5,0.005,0.007787,120,59,0,61,50.833,61,0,52,9,61,14.754,0.007,2.705,0.803,0.011,0,1.891,2.326,2.326,0,49.1667,64.3833,10.6083,506.167,608.361,0,0,0,0,0,,,0,/home/ryo-mtmt/TOpt/forme/sketch_experiments/aa_sketch_detail_20260618_032309/logs/mod5_4_lx2_dynamic_repair_chi_packed_aa_sketch_10.out
mod5_4.tfc,noreuse,10,lx2_dynamic_repair_chi_packed_aa_sketch_noreuse_10,16,16,5,0.005,0.008184,120,59,0,61,50.833,61,0,61,0,61,0.000,0.007,2.697,0.796,0.001,0,1.9,2.73,2.73,0,49.1667,64.3833,10.6083,0,608.361,0,0,0,0,0,,,0,/home/ryo-mtmt/TOpt/forme/sketch_experiments/aa_sketch_detail_20260618_032309/logs/mod5_4_lx2_dynamic_repair_chi_packed_aa_sketch_noreuse_10.out
mod5_4.tfc,reuse,13,lx2_dynamic_repair_chi_packed_aa_sketch_13,16,16,4,0.004,0.006637,120,80,0,40,33.333,40,0,36,4,40,10.000,0.006,2.801,0.717,0.001,0,2.083,1.423,1.423,0,66.6667,83.5333,11.6333,555.846,590.85,0,0,0,0,0,,,0,/home/ryo-mtmt/TOpt/forme/sketch_experiments/aa_sketch_detail_20260618_032309/logs/mod5_4_lx2_dynamic_repair_chi_packed_aa_sketch_13.out
mod5_4.tfc,noreuse,13,lx2_dynamic_repair_chi_packed_aa_sketch_noreuse_13,16,16,4,0.004,0.006743,120,80,0,40,33.333,40,0,40,0,40,0.000,0.006,2.865,0.732,0.015,0,2.118,1.635,1.635,0,66.6667,83.5333,11.6333,0,590.85,0,0,0,0,0,,,0,/home/ryo-mtmt/TOpt/forme/sketch_experiments/aa_sketch_detail_20260618_032309/logs/mod5_4_lx2_dynamic_repair_chi_packed_aa_sketch_noreuse_13.out
mod5_4.tfc,reuse,15,lx2_dynamic_repair_chi_packed_aa_sketch_15,16,16,5,0.005,0.007645,120,87,0,33,27.500,33,0,29,4,33,12.121,0.007,3.536,0.802,0.008,0,2.726,1.339,1.339,0,72.5,96.4333,12.0583,546.906,576.606,0,0,0,0,0,,,0,/home/ryo-mtmt/TOpt/forme/sketch_experiments/aa_sketch_detail_20260618_032309/logs/mod5_4_lx2_dynamic_repair_chi_packed_aa_sketch_15.out
mod5_4.tfc,noreuse,15,lx2_dynamic_repair_chi_packed_aa_sketch_noreuse_15,16,16,4,0.004,0.006715,120,87,0,33,27.500,33,0,33,0,33,0.000,0.006,3.075,0.694,0.002,0,2.379,1.266,1.266,0,72.5,96.4333,12.0583,0,576.606,0,0,0,0,0,,,0,/home/ryo-mtmt/TOpt/forme/sketch_experiments/aa_sketch_detail_20260618_032309/logs/mod5_4_lx2_dynamic_repair_chi_packed_aa_sketch_noreuse_15.out
mod5_4.tfc,reuse,20,lx2_dynamic_repair_chi_packed_aa_sketch_20,16,16,5,0.005,0.007797,120,106,0,14,11.667,14,0,14,0,14,0.000,0.007,4.407,0.831,0.018,0,3.558,0.662,0.662,0,88.3333,128.267,12.7083,627.846,550.143,0,0,0,0,0,,,0,/home/ryo-mtmt/TOpt/forme/sketch_experiments/aa_sketch_detail_20260618_032309/logs/mod5_4_lx2_dynamic_repair_chi_packed_aa_sketch_20.out
mod5_4.tfc,noreuse,20,lx2_dynamic_repair_chi_packed_aa_sketch_noreuse_20,16,16,5,0.005,0.007657,120,106,0,14,11.667,14,0,14,0,14,0.000,0.007,4.327,0.805,0.012,0,3.51,0.651,0.651,0,88.3333,128.267,12.7083,0,550.143,0,0,0,0,0,,,0,/home/ryo-mtmt/TOpt/forme/sketch_experiments/aa_sketch_detail_20260618_032309/logs/mod5_4_lx2_dynamic_repair_chi_packed_aa_sketch_noreuse_20.out
mod5_4.tfc,reuse,25,lx2_dynamic_repair_chi_packed_aa_sketch_25,16,16,4,0.004,0.006838,120,114,0,6,5.000,6,0,6,0,6,0.000,0.006,4.32,0.71,0.008,0,3.602,0.253,0.253,0,95,160.083,13.0083,658.4,472,0,0,0,0,0,,,0,/home/ryo-mtmt/TOpt/forme/sketch_experiments/aa_sketch_detail_20260618_032309/logs/mod5_4_lx2_dynamic_repair_chi_packed_aa_sketch_25.out
mod5_4.tfc,noreuse,25,lx2_dynamic_repair_chi_packed_aa_sketch_noreuse_25,16,16,5,0.005,0.008233,120,114,0,6,5.000,6,0,6,0,6,0.000,0.007,5.188,0.812,0.045,0,4.331,0.293,0.293,0,95,160.083,13.0083,0,472,0,0,0,0,0,,,0,/home/ryo-mtmt/TOpt/forme/sketch_experiments/aa_sketch_detail_20260618_032309/logs/mod5_4_lx2_dynamic_repair_chi_packed_aa_sketch_noreuse_25.out
mod5_4.tfc,reuse,30,lx2_dynamic_repair_chi_packed_aa_sketch_30,16,16,5,0.005,0.007481,120,118,0,2,1.667,2,0,2,0,2,0.000,0.006,5.087,0.672,0.007,0,4.408,0.121,0.121,0,98.3333,192.517,13.2,784,464,0,0,0,0,0,,,0,/home/ryo-mtmt/TOpt/forme/sketch_experiments/aa_sketch_detail_20260618_032309/logs/mod5_4_lx2_dynamic_repair_chi_packed_aa_sketch_30.out
mod5_4.tfc,noreuse,30,lx2_dynamic_repair_chi_packed_aa_sketch_noreuse_30,16,16,6,0.006,0.008722,120,118,0,2,1.667,2,0,2,0,2,0.000,0.007,5.908,0.8,0.005,0,5.103,0.132,0.132,0,98.3333,192.517,13.2,0,464,0,0,0,0,0,,,0,/home/ryo-mtmt/TOpt/forme/sketch_experiments/aa_sketch_detail_20260618_032309/logs/mod5_4_lx2_dynamic_repair_chi_packed_aa_sketch_noreuse_30.out
mod_mult_55.tfc,baseline,,lx2_dynamic_repair_chi_packed_aa,35,17,17,0.017,0.049517,223,,,223,100.000,219,4,118,105,223,47.085,0.037,,,,,,15.787,15.787,0.4,,,,1366.84,2726.02,,,,,,,,0,/home/ryo-mtmt/TOpt/forme/sketch_experiments/aa_sketch_detail_20260618_032309/logs/mod_mult_55_lx2_dynamic_repair_chi_packed_aa.out
mod_mult_55.tfc,reuse,3,lx2_dynamic_repair_chi_packed_aa_sketch_3,35,17,29,0.029,0.077539,223,50,0,173,77.578,169,4,101,72,173,41.618,0.049,9.493,5.283,0.002,0,4.208,17.339,17.339,0.464,22.4215,82.5022,8.5426,1538.12,2679.71,0,0,0,0,0,,,0,/home/ryo-mtmt/TOpt/forme/sketch_experiments/aa_sketch_detail_20260618_032309/logs/mod_mult_55_lx2_dynamic_repair_chi_packed_aa_sketch_3.out
mod_mult_55.tfc,noreuse,3,lx2_dynamic_repair_chi_packed_aa_sketch_noreuse_3,35,17,29,0.029,0.059796,223,50,0,173,77.578,169,4,173,0,173,0.000,0.04,6.679,3.626,0.004,0,3.049,21.122,21.122,0.378,22.4215,82.5022,8.5426,0,2679.71,0,0,0,0,0,,,0,/home/ryo-mtmt/TOpt/forme/sketch_experiments/aa_sketch_detail_20260618_032309/logs/mod_mult_55_lx2_dynamic_repair_chi_packed_aa_sketch_noreuse_3.out
mod_mult_55.tfc,reuse,5,lx2_dynamic_repair_chi_packed_aa_sketch_5,35,17,27,0.027,0.076469,223,91,0,132,59.193,128,4,75,57,132,43.182,0.054,11.98,5.097,0.013,0,6.87,12.993,12.993,0.476,40.8072,136.928,10.5247,1514.39,2392.05,0,0,0,0,0,,,0,/home/ryo-mtmt/TOpt/forme/sketch_experiments/aa_sketch_detail_20260618_032309/logs/mod_mult_55_lx2_dynamic_repair_chi_packed_aa_sketch_5.out
mod_mult_55.tfc,noreuse,5,lx2_dynamic_repair_chi_packed_aa_sketch_noreuse_5,35,17,35,0.035,0.083604,223,91,0,132,59.193,128,4,132,0,132,0.000,0.048,11.987,5.056,0.014,0,6.917,21.019,21.019,0.47,40.8072,136.928,10.5247,0,2392.05,0,0,0,0,0,,,0,/home/ryo-mtmt/TOpt/forme/sketch_experiments/aa_sketch_detail_20260618_032309/logs/mod_mult_55_lx2_dynamic_repair_chi_packed_aa_sketch_noreuse_5.out
mod_mult_55.tfc,reuse,8,lx2_dynamic_repair_chi_packed_aa_sketch_8,35,17,20,0.020,0.051199,223,135,0,88,39.462,84,4,49,39,88,44.318,0.041,11.808,3.897,0.004,0.002,7.905,6.355,6.355,0.39,60.5381,218.726,12.3363,1352.4,1986.17,0,0,0,0,0,,,0,/home/ryo-mtmt/TOpt/forme/sketch_experiments/aa_sketch_detail_20260618_032309/logs/mod_mult_55_lx2_dynamic_repair_chi_packed_aa_sketch_8.out
mod_mult_55.tfc,noreuse,8,lx2_dynamic_repair_chi_packed_aa_sketch_noreuse_8,35,17,31,0.031,0.079138,223,135,0,88,39.462,84,4,88,0,88,0.000,0.049,15.561,5.02,0.015,0,10.526,13.221,13.221,0.474,60.5381,218.726,12.3363,0,1986.17,0,0,0,0,0,,,0,/home/ryo-mtmt/TOpt/forme/sketch_experiments/aa_sketch_detail_20260618_032309/logs/mod_mult_55_lx2_dynamic_repair_chi_packed_aa_sketch_noreuse_8.out
mod_mult_55.tfc,reuse,10,lx2_dynamic_repair_chi_packed_aa_sketch_10,35,17,27,0.027,0.075559,223,150,0,73,32.735,69,4,40,33,73,45.205,0.049,18.663,5.65,0.053,0,12.96,6.583,6.583,0.462,67.2646,273.049,13.0673,1350.93,1765.16,0,0,0,0,0,,,0,/home/ryo-mtmt/TOpt/forme/sketch_experiments/aa_sketch_detail_20260618_032309/logs/mod_mult_55_lx2_dynamic_repair_chi_packed_aa_sketch_10.out
mod_mult_55.tfc,noreuse,10,lx2_dynamic_repair_chi_packed_aa_sketch_noreuse_10,35,17,30,0.030,0.079022,223,150,0,73,32.735,69,4,73,0,73,0.000,0.049,18.007,5.038,0.014,0,12.955,10.474,10.474,0.499,67.2646,273.049,13.0673,0,1765.16,0,0,0,0,0,,,0,/home/ryo-mtmt/TOpt/forme/sketch_experiments/aa_sketch_detail_20260618_032309/logs/mod_mult_55_lx2_dynamic_repair_chi_packed_aa_sketch_noreuse_10.out
mod_mult_55.tfc,reuse,13,lx2_dynamic_repair_chi_packed_aa_sketch_13,35,17,21,0.021,0.052532,223,173,0,50,22.422,46,4,27,23,50,46.000,0.04,16.387,3.841,0.013,0,12.533,3.461,3.461,0.384,77.5785,354.816,13.9552,1127.67,1425.78,0,0,0,0,0,,,0,/home/ryo-mtmt/TOpt/forme/sketch_experiments/aa_sketch_detail_20260618_032309/logs/mod_mult_55_lx2_dynamic_repair_chi_packed_aa_sketch_13.out
mod_mult_55.tfc,noreuse,13,lx2_dynamic_repair_chi_packed_aa_sketch_noreuse_13,35,17,30,0.030,0.078826,223,173,0,50,22.422,46,4,50,0,50,0.000,0.048,21.626,5.034,0.022,0,16.57,6.926,6.926,0.473,77.5785,354.816,13.9552,0,1425.78,0,0,0,0,0,,,0,/home/ryo-mtmt/TOpt/forme/sketch_experiments/aa_sketch_detail_20260618_032309/logs/mod_mult_55_lx2_dynamic_repair_chi_packed_aa_sketch_noreuse_13.out
mod_mult_55.tfc,reuse,15,lx2_dynamic_repair_chi_packed_aa_sketch_15,35,17,22,0.022,0.053483,223,182,0,41,18.386,37,4,22,19,41,46.341,0.041,18.13,3.876,0.008,0,14.246,2.881,2.881,0.387,81.6143,409.601,14.426,1023.52,1261.27,0,0,0,0,0,,,0,/home/ryo-mtmt/TOpt/forme/sketch_experiments/aa_sketch_detail_20260618_032309/logs/mod_mult_55_lx2_dynamic_repair_chi_packed_aa_sketch_15.out
mod_mult_55.tfc,noreuse,15,lx2_dynamic_repair_chi_packed_aa_sketch_noreuse_15,35,17,31,0.031,0.080345,223,182,0,41,18.386,37,4,41,0,41,0.000,0.049,24.169,5.064,0.03,0,19.075,5.698,5.698,0.474,81.6143,409.601,14.426,0,1261.27,0,0,0,0,0,,,0,/home/ryo-mtmt/TOpt/forme/sketch_experiments/aa_sketch_detail_20260618_032309/logs/mod_mult_55_lx2_dynamic_repair_chi_packed_aa_sketch_noreuse_15.out
mod_mult_55.tfc,reuse,20,lx2_dynamic_repair_chi_packed_aa_sketch_20,35,17,34,0.034,0.082939,223,197,0,26,11.659,22,4,15,11,26,42.308,0.05,30.135,5.031,0.03,0,25.074,2.357,2.357,0.477,88.3408,545.673,15.2287,881,1097.69,0,0,0,0,0,,,0,/home/ryo-mtmt/TOpt/forme/sketch_experiments/aa_sketch_detail_20260618_032309/logs/mod_mult_55_lx2_dynamic_repair_chi_packed_aa_sketch_20.out
mod_mult_55.tfc,noreuse,20,lx2_dynamic_repair_chi_packed_aa_sketch_noreuse_20,35,17,36,0.036,0.084186,223,197,0,26,11.659,22,4,26,0,26,0.000,0.049,30.243,5.158,0.031,0,25.054,3.71,3.71,0.468,88.3408,545.673,15.2287,0,1097.69,0,0,0,0,0,,,0,/home/ryo-mtmt/TOpt/forme/sketch_experiments/aa_sketch_detail_20260618_032309/logs/mod_mult_55_lx2_dynamic_repair_chi_packed_aa_sketch_noreuse_20.out
mod_mult_55.tfc,reuse,25,lx2_dynamic_repair_chi_packed_aa_sketch_25,35,17,40,0.040,0.088206,223,205,0,18,8.072,14,4,12,6,18,33.333,0.049,36.048,5.011,0.026,0,31.011,2.131,2.131,0.471,91.9283,681.753,15.7309,952.176,1129.11,0,0,0,0,0,,,0,/home/ryo-mtmt/TOpt/forme/sketch_experiments/aa_sketch_detail_20260618_032309/logs/mod_mult_55_lx2_dynamic_repair_chi_packed_aa_sketch_25.out
mod_mult_55.tfc,noreuse,25,lx2_dynamic_repair_chi_packed_aa_sketch_noreuse_25,35,17,41,0.041,0.089334,223,205,0,18,8.072,14,4,18,0,18,0.000,0.092,36.282,5.075,0.034,0,31.173,2.888,2.888,0.475,91.9283,681.753,15.7309,0,1129.11,0,0,0,0,0,,,0,/home/ryo-mtmt/TOpt/forme/sketch_experiments/aa_sketch_detail_20260618_032309/logs/mod_mult_55_lx2_dynamic_repair_chi_packed_aa_sketch_noreuse_25.out
mod_mult_55.tfc,reuse,30,lx2_dynamic_repair_chi_packed_aa_sketch_30,35,17,46,0.046,0.094624,223,210,0,13,5.830,9,4,11,2,13,15.385,0.049,42.404,5.15,0.031,0,37.223,2.019,2.019,0.474,94.1704,818.457,16.0538,1263.33,1168.38,0,0,0,0,0,,,0,/home/ryo-mtmt/TOpt/forme/sketch_experiments/aa_sketch_detail_20260618_032309/logs/mod_mult_55_lx2_dynamic_repair_chi_packed_aa_sketch_30.out
mod_mult_55.tfc,noreuse,30,lx2_dynamic_repair_chi_packed_aa_sketch_noreuse_30,35,17,46,0.046,0.095297,223,210,0,13,5.830,9,4,13,0,13,0.000,0.05,42.364,5.19,0.022,0,37.152,2.426,2.426,0.488,94.1704,818.457,16.0538,0,1168.38,0,0,0,0,0,,,0,/home/ryo-mtmt/TOpt/forme/sketch_experiments/aa_sketch_detail_20260618_032309/logs/mod_mult_55_lx2_dynamic_repair_chi_packed_aa_sketch_noreuse_30.out
mod_red_21.tfc,baseline,,lx2_dynamic_repair_chi_packed_aa,73,52,2267,2.267,2.61456,3377,,,3377,100.000,3367,10,2716,661,3377,19.574,0.212,,,,,,2220.11,2220.11,6.606,,,,5307.88,8336.05,,,,,,,,0,/home/ryo-mtmt/TOpt/forme/sketch_experiments/aa_sketch_detail_20260618_032309/logs/mod_red_21_lx2_dynamic_repair_chi_packed_aa.out
mod_red_21.tfc,reuse,3,lx2_dynamic_repair_chi_packed_aa_sketch_3,73,52,2707,2.707,3.28531,3377,523,0,2854,84.513,2844,10,2379,475,2854,16.643,0.215,494.191,225.646,5.979,0.002,262.564,2165.85,2165.85,6.761,15.4871,250.587,37.1575,5576.2,8186.65,0,0,0,0,0,,,0,/home/ryo-mtmt/TOpt/forme/sketch_experiments/aa_sketch_detail_20260618_032309/logs/mod_red_21_lx2_dynamic_repair_chi_packed_aa_sketch_3.out
mod_red_21.tfc,noreuse,3,lx2_dynamic_repair_chi_packed_aa_sketch_noreuse_3,73,52,2786,2.786,3.13248,3377,523,0,2854,84.513,2844,10,2854,0,2854,0.000,0.218,405.118,190.461,2.411,0,212.246,2336.47,2336.47,6.646,15.4871,250.587,37.1575,0,8186.65,0,0,0,0,0,,,0,/home/ryo-mtmt/TOpt/forme/sketch_experiments/aa_sketch_detail_20260618_032309/logs/mod_red_21_lx2_dynamic_repair_chi_packed_aa_sketch_noreuse_3.out
mod_red_21.tfc,reuse,5,lx2_dynamic_repair_chi_packed_aa_sketch_5,73,52,1284,1.284,1.63145,3377,1302,0,2075,61.445,2065,10,1727,348,2075,16.771,0.136,383.531,132.438,0.324,0,250.769,875.639,875.639,4.071,38.5549,417.318,42.5988,5769.12,7423.13,0,0,0,0,0,,,0,/home/ryo-mtmt/TOpt/forme/sketch_experiments/aa_sketch_detail_20260618_032309/logs/mod_red_21_lx2_dynamic_repair_chi_packed_aa_sketch_5.out
mod_red_21.tfc,noreuse,5,lx2_dynamic_repair_chi_packed_aa_sketch_noreuse_5,73,52,2622,2.622,3.19124,3377,1302,0,2075,61.445,2065,10,2075,0,2075,0.000,0.217,658.051,228.356,10.334,0.011,419.35,1923.01,1923.01,6.628,38.5549,417.318,42.5988,0,7423.13,0,0,0,0,0,,,0,/home/ryo-mtmt/TOpt/forme/sketch_experiments/aa_sketch_detail_20260618_032309/logs/mod_red_21_lx2_dynamic_repair_chi_packed_aa_sketch_noreuse_5.out
mod_red_21.tfc,reuse,8,lx2_dynamic_repair_chi_packed_aa_sketch_8,73,52,1770,1.770,2.34582,3377,2119,0,1258,37.252,1248,10,1049,209,1258,16.614,0.212,887.979,230.767,12.698,0,644.514,848.864,848.864,6.629,62.748,667.542,46.5534,6042.4,6545.12,0,0,0,0,0,,,0,/home/ryo-mtmt/TOpt/forme/sketch_experiments/aa_sketch_detail_20260618_032309/logs/mod_red_21_lx2_dynamic_repair_chi_packed_aa_sketch_8.out
mod_red_21.tfc,noreuse,8,lx2_dynamic_repair_chi_packed_aa_sketch_noreuse_8,73,52,1999,1.999,2.57354,3377,2119,0,1258,37.252,1248,10,1258,0,1258,0.000,0.214,885.719,228.359,12.855,0.012,644.493,1079.95,1079.95,6.568,62.748,667.542,46.5534,0,6545.12,0,0,0,0,0,,,0,/home/ryo-mtmt/TOpt/forme/sketch_experiments/aa_sketch_detail_20260618_032309/logs/mod_red_21_lx2_dynamic_repair_chi_packed_aa_sketch_noreuse_8.out
mod_red_21.tfc,reuse,10,lx2_dynamic_repair_chi_packed_aa_sketch_10,73,52,1531,1.531,1.88118,3377,2473,0,904,26.769,894,10,753,151,904,16.704,0.214,927.042,209.331,10.142,0.002,707.567,574.271,574.271,6.653,73.2307,833.982,48.0589,6177.15,6059.61,0,0,0,0,0,,,0,/home/ryo-mtmt/TOpt/forme/sketch_experiments/aa_sketch_detail_20260618_032309/logs/mod_red_21_lx2_dynamic_repair_chi_packed_aa_sketch_10.out
mod_red_21.tfc,noreuse,10,lx2_dynamic_repair_chi_packed_aa_sketch_noreuse_10,73,52,1062,1.062,1.41007,3377,2473,0,904,26.769,894,10,904,0,904,0.000,0.135,605.843,134.714,0.977,0.001,470.151,437.556,437.556,4.055,73.2307,833.982,48.0589,0,6059.61,0,0,0,0,0,,,0,/home/ryo-mtmt/TOpt/forme/sketch_experiments/aa_sketch_detail_20260618_032309/logs/mod_red_21_lx2_dynamic_repair_chi_packed_aa_sketch_noreuse_10.out
mod_red_21.tfc,reuse,13,lx2_dynamic_repair_chi_packed_aa_sketch_13,73,52,1625,1.625,2.20729,3377,2793,0,584,17.293,574,10,478,106,584,18.151,0.217,1246.44,227.88,12.472,0,1006.09,351.546,351.546,6.66,82.7065,1084.1,49.5132,6088.75,5417.48,0,0,0,0,0,,,0,/home/ryo-mtmt/TOpt/forme/sketch_experiments/aa_sketch_detail_20260618_032309/logs/mod_red_21_lx2_dynamic_repair_chi_packed_aa_sketch_13.out
mod_red_21.tfc,noreuse,13,lx2_dynamic_repair_chi_packed_aa_sketch_noreuse_13,73,52,1594,1.594,1.94688,3377,2793,0,584,17.293,574,10,584,0,584,0.000,0.214,1117.92,207.52,10.689,0,899.71,448.795,448.795,6.567,82.7065,1084.1,49.5132,0,5417.48,0,0,0,0,0,,,0,/home/ryo-mtmt/TOpt/forme/sketch_experiments/aa_sketch_detail_20260618_032309/logs/mod_red_21_lx2_dynamic_repair_chi_packed_aa_sketch_noreuse_13.out
mod_red_21.tfc,reuse,15,lx2_dynamic_repair_chi_packed_aa_sketch_15,73,52,993,0.993,1.34078,3377,2927,0,450,13.325,440,10,371,79,450,17.556,0.139,817.063,132.833,1.38,0.001,682.849,159.08,159.08,4.07,86.6746,1250.96,50.1774,6140.24,5173.91,0,0,0,0,0,,,0,/home/ryo-mtmt/TOpt/forme/sketch_experiments/aa_sketch_detail_20260618_032309/logs/mod_red_21_lx2_dynamic_repair_chi_packed_aa_sketch_15.out
mod_red_21.tfc,noreuse,15,lx2_dynamic_repair_chi_packed_aa_sketch_noreuse_15,73,52,1033,1.033,1.38175,3377,2927,0,450,13.325,440,10,450,0,450,0.000,0.133,815.587,132.34,1.401,0,681.846,200.941,200.941,4.082,86.6746,1250.96,50.1774,0,5173.91,0,0,0,0,0,,,0,/home/ryo-mtmt/TOpt/forme/sketch_experiments/aa_sketch_detail_20260618_032309/logs/mod_red_21_lx2_dynamic_repair_chi_packed_aa_sketch_noreuse_15.out
mod_red_21.tfc,reuse,20,lx2_dynamic_repair_chi_packed_aa_sketch_20,73,52,1126,1.126,1.47493,3377,3134,0,243,7.196,233,10,208,35,243,14.403,0.134,1027.79,134.203,1.683,0,891.907,82.933,82.933,3.894,92.8043,1667.62,51.1555,5837.57,4545.06,0,0,0,0,0,,,0,/home/ryo-mtmt/TOpt/forme/sketch_experiments/aa_sketch_detail_20260618_032309/logs/mod_red_21_lx2_dynamic_repair_chi_packed_aa_sketch_20.out
mod_red_21.tfc,noreuse,20,lx2_dynamic_repair_chi_packed_aa_sketch_noreuse_20,73,52,1369,1.369,1.71955,3377,3134,0,243,7.196,233,10,243,0,243,0.000,0.2,1195.02,159.826,5.56,0,1029.63,152.04,152.04,5.627,92.8043,1667.62,51.1555,0,4545.06,0,0,0,0,0,,,0,/home/ryo-mtmt/TOpt/forme/sketch_experiments/aa_sketch_detail_20260618_032309/logs/mod_red_21_lx2_dynamic_repair_chi_packed_aa_sketch_noreuse_20.out
mod_red_21.tfc,reuse,25,lx2_dynamic_repair_chi_packed_aa_sketch_25,73,52,2215,2.215,2.79564,3377,3242,0,135,3.998,125,10,119,16,135,11.852,0.212,2113.14,233.347,17.2,0.003,1862.59,78.038,78.038,6.656,96.0024,2084.3,51.7027,5500.62,4142.29,0,0,0,0,0,,,0,/home/ryo-mtmt/TOpt/forme/sketch_experiments/aa_sketch_detail_20260618_032309/logs/mod_red_21_lx2_dynamic_repair_chi_packed_aa_sketch_25.out
mod_red_21.tfc,noreuse,25,lx2_dynamic_repair_chi_packed_aa_sketch_noreuse_25,73,52,2219,2.219,2.66186,3377,3242,0,135,3.998,125,10,135,0,135,0.000,0.218,2100.49,228.926,14.662,0,1856.9,95.211,95.211,6.693,96.0024,2084.3,51.7027,0,4142.29,0,0,0,0,0,,,0,/home/ryo-mtmt/TOpt/forme/sketch_experiments/aa_sketch_detail_20260618_032309/logs/mod_red_21_lx2_dynamic_repair_chi_packed_aa_sketch_noreuse_25.out
mod_red_21.tfc,reuse,30,lx2_dynamic_repair_chi_packed_aa_sketch_30,73,52,2526,2.526,3.10583,3377,3288,0,89,2.635,79,10,79,10,89,11.236,0.215,2447.86,226.935,14.815,0.002,2206.1,53.772,53.772,6.693,97.3645,2501.31,52.0184,5376.64,4046.43,0,0,0,0,0,,,0,/home/ryo-mtmt/TOpt/forme/sketch_experiments/aa_sketch_detail_20260618_032309/logs/mod_red_21_lx2_dynamic_repair_chi_packed_aa_sketch_30.out
mod_red_21.tfc,noreuse,30,lx2_dynamic_repair_chi_packed_aa_sketch_noreuse_30,73,52,1494,1.494,1.84056,3377,3288,0,89,2.635,79,10,89,0,89,0.000,0.135,1440.95,132.829,2.194,0,1305.92,38.44,38.44,4.016,97.3645,2501.31,52.0184,0,4046.43,0,0,0,0,0,,,0,/home/ryo-mtmt/TOpt/forme/sketch_experiments/aa_sketch_detail_20260618_032309/logs/mod_red_21_lx2_dynamic_repair_chi_packed_aa_sketch_noreuse_30.out
qcla_com_7.tfc,baseline,,lx2_dynamic_repair_chi_packed_aa,88,62,6059,6.059,10.2255,4441,,,4441,100.000,4430,11,3501,940,4441,21.166,0.444,,,,,,5918.64,5918.64,22.336,,,,15196.1,24308,,,,,,,,0,/home/ryo-mtmt/TOpt/forme/sketch_experiments/aa_sketch_detail_20260618_032309/logs/qcla_com_7_lx2_dynamic_repair_chi_packed_aa.out
qcla_com_7.tfc,reuse,3,lx2_dynamic_repair_chi_packed_aa_sketch_3,88,62,3872,3.872,8.04834,4441,2211,0,2230,50.214,2219,11,1727,503,2230,22.556,0.404,1216.14,631.841,4.147,0,580.156,2567.07,2567.07,18.703,49.7861,729.758,51.4436,16203.4,19855.9,0,0,0,0,0,,,0,/home/ryo-mtmt/TOpt/forme/sketch_experiments/aa_sketch_detail_20260618_032309/logs/qcla_com_7_lx2_dynamic_repair_chi_packed_aa_sketch_3.out
qcla_com_7.tfc,noreuse,3,lx2_dynamic_repair_chi_packed_aa_sketch_noreuse_3,88,62,4740,4.740,8.91216,4441,2211,0,2230,50.214,2219,11,2230,0,2230,0.000,0.342,1182.69,609.965,4.074,0.002,568.649,3475.92,3475.92,16.515,49.7861,729.758,51.4436,0,19855.9,0,0,0,0,0,,,0,/home/ryo-mtmt/TOpt/forme/sketch_experiments/aa_sketch_detail_20260618_032309/logs/qcla_com_7_lx2_dynamic_repair_chi_packed_aa_sketch_noreuse_3.out
qcla_com_7.tfc,reuse,5,lx2_dynamic_repair_chi_packed_aa_sketch_5,88,62,2747,2.747,6.9006,4441,3234,0,1207,27.179,1196,11,919,288,1207,23.861,0.285,1505.36,603.049,5.917,0,896.396,1186.87,1186.87,14.603,72.8214,1215.88,56.2382,16235.2,16383,0,0,0,0,0,,,0,/home/ryo-mtmt/TOpt/forme/sketch_experiments/aa_sketch_detail_20260618_032309/logs/qcla_com_7_lx2_dynamic_repair_chi_packed_aa_sketch_5.out
qcla_com_7.tfc,noreuse,5,lx2_dynamic_repair_chi_packed_aa_sketch_noreuse_5,88,62,3240,3.240,7.41913,4441,3234,0,1207,27.179,1196,11,1207,0,1207,0.000,0.3,1507.95,605.248,5.81,0,896.892,1675.49,1675.49,14.503,72.8214,1215.88,56.2382,0,16383,0,0,0,0,0,,,0,/home/ryo-mtmt/TOpt/forme/sketch_experiments/aa_sketch_detail_20260618_032309/logs/qcla_com_7_lx2_dynamic_repair_chi_packed_aa_sketch_noreuse_5.out
qcla_com_7.tfc,reuse,8,lx2_dynamic_repair_chi_packed_aa_sketch_8,88,62,4145,4.145,8.31703,4441,3834,0,607,13.668,596,11,439,168,607,27.677,0.479,3202.74,963.771,36.99,0,2201.97,867.521,867.521,24.576,86.3319,1945.25,59.3373,14673.7,12784,0,0,0,0,0,,,0,/home/ryo-mtmt/TOpt/forme/sketch_experiments/aa_sketch_detail_20260618_032309/logs/qcla_com_7_lx2_dynamic_repair_chi_packed_aa_sketch_8.out
qcla_com_7.tfc,noreuse,8,lx2_dynamic_repair_chi_packed_aa_sketch_noreuse_8,88,62,2789,2.789,6.94679,4441,3834,0,607,13.668,596,11,607,0,607,0.000,0.273,1993.83,597.287,7.428,0,1389.12,749.17,749.17,14.929,86.3319,1945.25,59.3373,0,12784,0,0,0,0,0,,,0,/home/ryo-mtmt/TOpt/forme/sketch_experiments/aa_sketch_detail_20260618_032309/logs/qcla_com_7_lx2_dynamic_repair_chi_packed_aa_sketch_noreuse_8.out
qcla_com_7.tfc,reuse,10,lx2_dynamic_repair_chi_packed_aa_sketch_10,88,62,2715,2.715,6.86923,4441,4024,0,417,9.390,406,11,303,114,417,27.338,0.287,2332.1,607.361,7.937,0,1716.8,340.189,340.189,15.247,90.6102,2431.25,60.3222,13711.2,11358.5,0,0,0,0,0,,,0,/home/ryo-mtmt/TOpt/forme/sketch_experiments/aa_sketch_detail_20260618_032309/logs/qcla_com_7_lx2_dynamic_repair_chi_packed_aa_sketch_10.out
qcla_com_7.tfc,noreuse,10,lx2_dynamic_repair_chi_packed_aa_sketch_noreuse_10,88,62,3329,3.329,7.50382,4441,4024,0,417,9.390,406,11,417,0,417,0.000,0.449,2532.36,663.966,14.991,0,1853.4,730.843,730.843,22.66,90.6102,2431.25,60.3222,0,11358.5,0,0,0,0,0,,,0,/home/ryo-mtmt/TOpt/forme/sketch_experiments/aa_sketch_detail_20260618_032309/logs/qcla_com_7_lx2_dynamic_repair_chi_packed_aa_sketch_noreuse_10.out
qcla_com_7.tfc,reuse,13,lx2_dynamic_repair_chi_packed_aa_sketch_13,88,62,5186,5.186,11.4246,4441,4196,0,245,5.517,234,11,183,62,245,25.306,0.462,4796.68,1019.96,53.928,0.013,3722.77,323.918,323.918,24.094,94.4832,3160.46,61.1828,12032.3,9492.1,0,0,0,0,0,,,0,/home/ryo-mtmt/TOpt/forme/sketch_experiments/aa_sketch_detail_20260618_032309/logs/qcla_com_7_lx2_dynamic_repair_chi_packed_aa_sketch_13.out
qcla_com_7.tfc,noreuse,13,lx2_dynamic_repair_chi_packed_aa_sketch_noreuse_13,88,62,3386,3.386,7.56384,4441,4196,0,245,5.517,234,11,245,0,245,0.000,0.402,2947.07,636.121,13.435,0.003,2297.52,384.788,384.788,19.655,94.4832,3160.46,61.1828,0,9492.1,0,0,0,0,0,,,0,/home/ryo-mtmt/TOpt/forme/sketch_experiments/aa_sketch_detail_20260618_032309/logs/qcla_com_7_lx2_dynamic_repair_chi_packed_aa_sketch_noreuse_13.out
qcla_com_7.tfc,reuse,15,lx2_dynamic_repair_chi_packed_aa_sketch_15,88,62,3333,3.333,7.48717,4441,4247,0,194,4.368,183,11,146,48,194,24.742,0.275,3135.51,599.571,9.077,0.001,2526.86,156.672,156.672,14.758,95.6316,3646.69,61.5373,11948.4,9316.56,0,0,0,0,0,,,0,/home/ryo-mtmt/TOpt/forme/sketch_experiments/aa_sketch_detail_20260618_032309/logs/qcla_com_7_lx2_dynamic_repair_chi_packed_aa_sketch_15.out
qcla_com_7.tfc,noreuse,15,lx2_dynamic_repair_chi_packed_aa_sketch_noreuse_15,88,62,3552,3.552,7.75178,4441,4247,0,194,4.368,183,11,194,0,194,0.000,0.359,3214.21,616.312,12.276,0.001,2585.62,288.82,288.82,17.956,95.6316,3646.69,61.5373,0,9316.56,0,0,0,0,0,,,0,/home/ryo-mtmt/TOpt/forme/sketch_experiments/aa_sketch_detail_20260618_032309/logs/qcla_com_7_lx2_dynamic_repair_chi_packed_aa_sketch_noreuse_15.out
qcla_com_7.tfc,reuse,20,lx2_dynamic_repair_chi_packed_aa_sketch_20,88,62,4300,4.300,8.48199,4441,4325,0,116,2.612,105,11,96,20,116,17.241,0.41,4105.7,631.902,15.312,0,3458.48,142.641,142.641,19.014,97.388,4861.99,62.0187,11341.1,8921.97,0,0,0,0,0,,,0,/home/ryo-mtmt/TOpt/forme/sketch_experiments/aa_sketch_detail_20260618_032309/logs/qcla_com_7_lx2_dynamic_repair_chi_packed_aa_sketch_20.out
qcla_com_7.tfc,noreuse,20,lx2_dynamic_repair_chi_packed_aa_sketch_noreuse_20,88,62,4286,4.286,8.46223,4441,4325,0,116,2.612,105,11,116,0,116,0.000,0.372,4052.22,618.94,14.303,0.003,3418.97,185.624,185.624,17.868,97.388,4861.99,62.0187,0,8921.97,0,0,0,0,0,,,0,/home/ryo-mtmt/TOpt/forme/sketch_experiments/aa_sketch_detail_20260618_032309/logs/qcla_com_7_lx2_dynamic_repair_chi_packed_aa_sketch_noreuse_20.out
qcla_com_7.tfc,reuse,25,lx2_dynamic_repair_chi_packed_aa_sketch_25,88,62,5294,5.294,9.47282,4441,4384,0,57,1.283,46,11,53,4,57,7.018,0.447,5137.43,661.019,19.511,0,4456.9,101.846,101.846,21.457,98.7165,6077.2,62.2463,12360.9,9993.28,0,0,0,0,0,,,0,/home/ryo-mtmt/TOpt/forme/sketch_experiments/aa_sketch_detail_20260618_032309/logs/qcla_com_7_lx2_dynamic_repair_chi_packed_aa_sketch_25.out
qcla_com_7.tfc,noreuse,25,lx2_dynamic_repair_chi_packed_aa_sketch_noreuse_25,88,62,4869,4.869,9.02241,4441,4384,0,57,1.283,46,11,57,0,57,0.000,0.272,4753.94,598.293,10.672,0.001,4144.97,76.942,76.942,15.386,98.7165,6077.2,62.2463,0,9993.28,0,0,0,0,0,,,0,/home/ryo-mtmt/TOpt/forme/sketch_experiments/aa_sketch_detail_20260618_032309/logs/qcla_com_7_lx2_dynamic_repair_chi_packed_aa_sketch_noreuse_25.out
qcla_com_7.tfc,reuse,30,lx2_dynamic_repair_chi_packed_aa_sketch_30,88,62,5654,5.654,9.8148,4441,4404,0,37,0.833,26,11,35,2,37,5.405,0.273,5566.02,597.017,12.696,0.001,4956.31,51.225,51.225,14.857,99.1669,7292.9,62.3596,11302.6,11019.1,0,0,0,0,0,,,0,/home/ryo-mtmt/TOpt/forme/sketch_experiments/aa_sketch_detail_20260618_032309/logs/qcla_com_7_lx2_dynamic_repair_chi_packed_aa_sketch_30.out
qcla_com_7.tfc,noreuse,30,lx2_dynamic_repair_chi_packed_aa_sketch_noreuse_30,88,62,5831,5.831,10.0107,4441,4404,0,37,0.833,26,11,37,0,37,0.000,0.37,5709.53,621.559,15.813,0.002,5072.16,74.379,74.379,18.192,99.1669,7292.9,62.3596,0,11019.1,0,0,0,0,0,,,0,/home/ryo-mtmt/TOpt/forme/sketch_experiments/aa_sketch_detail_20260618_032309/logs/qcla_com_7_lx2_dynamic_repair_chi_packed_aa_sketch_noreuse_30.out
qft_4.tfc,baseline,,lx2_dynamic_repair_chi_packed_aa,16,12,1,0.001,0.004415,91,,,91,100.000,90,1,37,54,91,59.341,0.008,,,,,,1.634,1.634,0.051,,,,266.367,580.264,,,,,,,,0,/home/ryo-mtmt/TOpt/forme/sketch_experiments/aa_sketch_detail_20260618_032309/logs/qft_4_lx2_dynamic_repair_chi_packed_aa.out
qft_4.tfc,reuse,3,lx2_dynamic_repair_chi_packed_aa_sketch_3,16,12,2,0.002,0.004716,91,17,0,74,81.319,73,1,37,37,74,50.000,0.011,0.876,0.476,0,0,0.4,1.378,1.378,0.044,18.6813,19.6703,4.35165,328.397,590.851,0,0,0,0,0,,,0,/home/ryo-mtmt/TOpt/forme/sketch_experiments/aa_sketch_detail_20260618_032309/logs/qft_4_lx2_dynamic_repair_chi_packed_aa_sketch_3.out
qft_4.tfc,noreuse,3,lx2_dynamic_repair_chi_packed_aa_sketch_noreuse_3,16,12,3,0.003,0.005746,91,17,0,74,81.319,73,1,74,0,74,0.000,0.011,0.909,0.492,0.001,0,0.416,2.345,2.345,0.044,18.6813,19.6703,4.35165,0,590.851,0,0,0,0,0,,,0,/home/ryo-mtmt/TOpt/forme/sketch_experiments/aa_sketch_detail_20260618_032309/logs/qft_4_lx2_dynamic_repair_chi_packed_aa_sketch_noreuse_3.out
qft_4.tfc,reuse,5,lx2_dynamic_repair_chi_packed_aa_sketch_5,16,12,2,0.002,0.004829,91,27,0,64,70.330,63,1,33,31,64,48.438,0.01,1.068,0.479,0.002,0,0.587,1.253,1.253,0.046,29.6703,29.8132,5.64835,341.381,567.125,0,0,0,0,0,,,0,/home/ryo-mtmt/TOpt/forme/sketch_experiments/aa_sketch_detail_20260618_032309/logs/qft_4_lx2_dynamic_repair_chi_packed_aa_sketch_5.out
qft_4.tfc,noreuse,5,lx2_dynamic_repair_chi_packed_aa_sketch_noreuse_5,16,12,3,0.003,0.006338,91,27,0,64,70.330,63,1,64,0,64,0.000,0.012,1.283,0.595,0.001,0,0.687,2.266,2.266,0.064,29.6703,29.8132,5.64835,0,567.125,0,0,0,0,0,,,0,/home/ryo-mtmt/TOpt/forme/sketch_experiments/aa_sketch_detail_20260618_032309/logs/qft_4_lx2_dynamic_repair_chi_packed_aa_sketch_noreuse_5.out
qft_4.tfc,reuse,8,lx2_dynamic_repair_chi_packed_aa_sketch_8,16,12,2,0.002,0.00478,91,48,0,43,47.253,42,1,24,19,43,44.186,0.011,1.437,0.551,0.009,0,0.877,0.933,0.933,0.045,52.7473,46.8352,6.79121,379,503.372,0,0,0,0,0,,,0,/home/ryo-mtmt/TOpt/forme/sketch_experiments/aa_sketch_detail_20260618_032309/logs/qft_4_lx2_dynamic_repair_chi_packed_aa_sketch_8.out
qft_4.tfc,noreuse,8,lx2_dynamic_repair_chi_packed_aa_sketch_noreuse_8,16,12,3,0.003,0.00585,91,48,0,43,47.253,42,1,43,0,43,0.000,0.012,1.565,0.557,0,0,1.008,1.464,1.464,0.05,52.7473,46.8352,6.79121,0,503.372,0,0,0,0,0,,,0,/home/ryo-mtmt/TOpt/forme/sketch_experiments/aa_sketch_detail_20260618_032309/logs/qft_4_lx2_dynamic_repair_chi_packed_aa_sketch_noreuse_8.out
qft_4.tfc,reuse,10,lx2_dynamic_repair_chi_packed_aa_sketch_10,16,12,2,0.002,0.005445,91,57,0,34,37.363,33,1,19,15,34,44.118,0.012,1.818,0.578,0.003,0.005,1.232,0.824,0.824,0.049,62.6374,58.5604,7.34066,337.394,486.412,0,0,0,0,0,,,0,/home/ryo-mtmt/TOpt/forme/sketch_experiments/aa_sketch_detail_20260618_032309/logs/qft_4_lx2_dynamic_repair_chi_packed_aa_sketch_10.out
qft_4.tfc,noreuse,10,lx2_dynamic_repair_chi_packed_aa_sketch_noreuse_10,16,12,3,0.003,0.005797,91,57,0,34,37.363,33,1,34,0,34,0.000,0.011,1.868,0.629,0,0.003,1.236,1.141,1.141,0.053,62.6374,58.5604,7.34066,0,486.412,0,0,0,0,0,,,0,/home/ryo-mtmt/TOpt/forme/sketch_experiments/aa_sketch_detail_20260618_032309/logs/qft_4_lx2_dynamic_repair_chi_packed_aa_sketch_noreuse_10.out
qft_4.tfc,reuse,13,lx2_dynamic_repair_chi_packed_aa_sketch_13,16,12,2,0.002,0.004905,91,72,0,19,20.879,18,1,12,7,19,36.842,0.01,1.871,0.497,0,0,1.374,0.472,0.472,0.043,79.1209,75.9341,7.95604,373.222,445.263,0,0,0,0,0,,,0,/home/ryo-mtmt/TOpt/forme/sketch_experiments/aa_sketch_detail_20260618_032309/logs/qft_4_lx2_dynamic_repair_chi_packed_aa_sketch_13.out
qft_4.tfc,noreuse,13,lx2_dynamic_repair_chi_packed_aa_sketch_noreuse_13,16,12,3,0.003,0.005553,91,72,0,19,20.879,18,1,19,0,19,0.000,0.012,2.113,0.564,0.005,0,1.544,0.66,0.66,0.051,79.1209,75.9341,7.95604,0,445.263,0,0,0,0,0,,,0,/home/ryo-mtmt/TOpt/forme/sketch_experiments/aa_sketch_detail_20260618_032309/logs/qft_4_lx2_dynamic_repair_chi_packed_aa_sketch_noreuse_13.out
qft_4.tfc,reuse,15,lx2_dynamic_repair_chi_packed_aa_sketch_15,16,12,3,0.003,0.005613,91,74,0,17,18.681,16,1,11,6,17,35.294,0.012,2.335,0.568,0,0,1.767,0.485,0.485,0.049,81.3187,87.5604,8.15385,359.062,422.824,0,0,0,0,0,,,0,/home/ryo-mtmt/TOpt/forme/sketch_experiments/aa_sketch_detail_20260618_032309/logs/qft_4_lx2_dynamic_repair_chi_packed_aa_sketch_15.out
qft_4.tfc,noreuse,15,lx2_dynamic_repair_chi_packed_aa_sketch_noreuse_15,16,12,3,0.003,0.005745,91,74,0,17,18.681,16,1,17,0,17,0.000,0.012,2.405,0.601,0.033,0,1.771,0.601,0.601,0.061,81.3187,87.5604,8.15385,0,422.824,0,0,0,0,0,,,0,/home/ryo-mtmt/TOpt/forme/sketch_experiments/aa_sketch_detail_20260618_032309/logs/qft_4_lx2_dynamic_repair_chi_packed_aa_sketch_noreuse_15.out
qft_4.tfc,reuse,20,lx2_dynamic_repair_chi_packed_aa_sketch_20,16,12,2,0.002,0.005118,91,83,0,8,8.791,7,1,6,2,8,25.000,0.011,2.483,0.494,0,0,1.989,0.249,0.249,0.046,91.2088,116.549,8.52747,290.143,421.75,0,0,0,0,0,,,0,/home/ryo-mtmt/TOpt/forme/sketch_experiments/aa_sketch_detail_20260618_032309/logs/qft_4_lx2_dynamic_repair_chi_packed_aa_sketch_20.out
qft_4.tfc,noreuse,20,lx2_dynamic_repair_chi_packed_aa_sketch_noreuse_20,16,12,3,0.003,0.005957,91,83,0,8,8.791,7,1,8,0,8,0.000,0.012,2.882,0.602,0.003,0,2.277,0.324,0.324,0.053,91.2088,116.549,8.52747,0,421.75,0,0,0,0,0,,,0,/home/ryo-mtmt/TOpt/forme/sketch_experiments/aa_sketch_detail_20260618_032309/logs/qft_4_lx2_dynamic_repair_chi_packed_aa_sketch_noreuse_20.out
qft_4.tfc,reuse,25,lx2_dynamic_repair_chi_packed_aa_sketch_25,16,12,3,0.003,0.006374,91,85,0,6,6.593,5,1,4,2,6,33.333,0.012,3.389,0.57,0.007,0,2.812,0.226,0.226,0.052,93.4066,145.297,8.7033,229,371.5,0,0,0,0,0,,,0,/home/ryo-mtmt/TOpt/forme/sketch_experiments/aa_sketch_detail_20260618_032309/logs/qft_4_lx2_dynamic_repair_chi_packed_aa_sketch_25.out
qft_4.tfc,noreuse,25,lx2_dynamic_repair_chi_packed_aa_sketch_noreuse_25,16,12,3,0.003,0.005575,91,85,0,6,6.593,5,1,6,0,6,0.000,0.011,2.967,0.526,0,0,2.441,0.226,0.226,0.044,93.4066,145.297,8.7033,0,371.5,0,0,0,0,0,,,0,/home/ryo-mtmt/TOpt/forme/sketch_experiments/aa_sketch_detail_20260618_032309/logs/qft_4_lx2_dynamic_repair_chi_packed_aa_sketch_noreuse_25.out
qft_4.tfc,reuse,30,lx2_dynamic_repair_chi_packed_aa_sketch_30,16,12,4,0.004,0.006833,91,86,0,5,5.495,4,1,3,2,5,40.000,0.011,3.897,0.575,0.005,0,3.317,0.152,0.152,0.051,94.5055,174.736,8.82418,286.25,314.4,0,0,0,0,0,,,0,/home/ryo-mtmt/TOpt/forme/sketch_experiments/aa_sketch_detail_20260618_032309/logs/qft_4_lx2_dynamic_repair_chi_packed_aa_sketch_30.out
qft_4.tfc,noreuse,30,lx2_dynamic_repair_chi_packed_aa_sketch_noreuse_30,16,12,3,0.003,0.005955,91,86,0,5,5.495,4,1,5,0,5,0.000,0.009,3.377,0.497,0,0,2.88,0.161,0.161,0.046,94.5055,174.736,8.82418,0,314.4,0,0,0,0,0,,,0,/home/ryo-mtmt/TOpt/forme/sketch_experiments/aa_sketch_detail_20260618_032309/logs/qft_4_lx2_dynamic_repair_chi_packed_aa_sketch_noreuse_30.out
rc_adder_6.tfc,baseline,,lx2_dynamic_repair_chi_packed_aa,48,38,1043,1.043,3.12293,1281,,,1281,100.000,1276,5,891,390,1281,30.445,0.163,,,,,,1011.02,1011.02,5.592,,,,9838.03,14849.7,,,,,,,,0,/home/ryo-mtmt/TOpt/forme/sketch_experiments/aa_sketch_detail_20260618_032309/logs/rc_adder_6_lx2_dynamic_repair_chi_packed_aa.out
rc_adder_6.tfc,reuse,3,lx2_dynamic_repair_chi_packed_aa_sketch_3,48,38,506,0.506,1.74,1281,541,0,740,57.767,735,5,513,227,740,30.676,0.103,180.121,96.248,0.078,0.004,83.791,310.537,310.537,3.376,42.2326,446.11,28.1382,9999.48,12183.9,0,0,0,0,0,,,0,/home/ryo-mtmt/TOpt/forme/sketch_experiments/aa_sketch_detail_20260618_032309/logs/rc_adder_6_lx2_dynamic_repair_chi_packed_aa_sketch_3.out
rc_adder_6.tfc,noreuse,3,lx2_dynamic_repair_chi_packed_aa_sketch_noreuse_3,48,38,678,0.678,1.90467,1281,541,0,740,57.767,735,5,740,0,740,0.000,0.098,182.083,97.835,0.1,0,84.148,481.489,481.489,3.336,42.2326,446.11,28.1382,0,12183.9,0,0,0,0,0,,,0,/home/ryo-mtmt/TOpt/forme/sketch_experiments/aa_sketch_detail_20260618_032309/logs/rc_adder_6_lx2_dynamic_repair_chi_packed_aa_sketch_noreuse_3.out
rc_adder_6.tfc,reuse,5,lx2_dynamic_repair_chi_packed_aa_sketch_5,48,38,677,0.677,2.75996,1281,840,0,441,34.426,436,5,294,147,441,33.333,0.179,393.15,163.551,0.387,0,229.212,263.574,263.574,5.521,65.5738,742.94,31.6237,9072.53,9447.62,0,0,0,0,0,,,0,/home/ryo-mtmt/TOpt/forme/sketch_experiments/aa_sketch_detail_20260618_032309/logs/rc_adder_6_lx2_dynamic_repair_chi_packed_aa_sketch_5.out
rc_adder_6.tfc,noreuse,5,lx2_dynamic_repair_chi_packed_aa_sketch_noreuse_5,48,38,499,0.499,1.73253,1281,840,0,441,34.426,436,5,441,0,441,0.000,0.108,230.668,95.517,0.094,0,135.057,256.646,256.646,3.386,65.5738,742.94,31.6237,0,9447.62,0,0,0,0,0,,,0,/home/ryo-mtmt/TOpt/forme/sketch_experiments/aa_sketch_detail_20260618_032309/logs/rc_adder_6_lx2_dynamic_repair_chi_packed_aa_sketch_noreuse_5.out
rc_adder_6.tfc,reuse,8,lx2_dynamic_repair_chi_packed_aa_sketch_8,48,38,664,0.664,1.90296,1281,1051,0,230,17.955,225,5,173,57,230,24.783,0.174,499.932,157.153,0.431,0,342.348,147.729,147.729,5.647,82.0453,1188.43,33.8915,10155.1,8398.47,0,0,0,0,0,,,0,/home/ryo-mtmt/TOpt/forme/sketch_experiments/aa_sketch_detail_20260618_032309/logs/rc_adder_6_lx2_dynamic_repair_chi_packed_aa_sketch_8.out
rc_adder_6.tfc,noreuse,8,lx2_dynamic_repair_chi_packed_aa_sketch_noreuse_8,48,38,580,0.580,1.82024,1281,1051,0,230,17.955,225,5,230,0,230,0.000,0.167,364.856,117.563,0.217,0,247.076,199.245,199.245,5.622,82.0453,1188.43,33.8915,0,8398.47,0,0,0,0,0,,,0,/home/ryo-mtmt/TOpt/forme/sketch_experiments/aa_sketch_detail_20260618_032309/logs/rc_adder_6_lx2_dynamic_repair_chi_packed_aa_sketch_noreuse_8.out
rc_adder_6.tfc,reuse,10,lx2_dynamic_repair_chi_packed_aa_sketch_10,48,38,429,0.429,1.66141,1281,1123,0,158,12.334,153,5,125,33,158,20.886,0.104,356.42,95.853,0.143,0,260.424,63.767,63.767,3.282,87.6659,1485.41,34.6589,10576.3,8003.68,0,0,0,0,0,,,0,/home/ryo-mtmt/TOpt/forme/sketch_experiments/aa_sketch_detail_20260618_032309/logs/rc_adder_6_lx2_dynamic_repair_chi_packed_aa_sketch_10.out
rc_adder_6.tfc,noreuse,10,lx2_dynamic_repair_chi_packed_aa_sketch_noreuse_10,48,38,453,0.453,1.68173,1281,1123,0,158,12.334,153,5,158,0,158,0.000,0.102,355.806,95.674,0.134,0.002,259.996,88.243,88.243,3.268,87.6659,1485.41,34.6589,0,8003.68,0,0,0,0,0,,,0,/home/ryo-mtmt/TOpt/forme/sketch_experiments/aa_sketch_detail_20260618_032309/logs/rc_adder_6_lx2_dynamic_repair_chi_packed_aa_sketch_noreuse_10.out
rc_adder_6.tfc,reuse,13,lx2_dynamic_repair_chi_packed_aa_sketch_13,48,38,480,0.480,1.71199,1281,1193,0,88,6.870,83,5,74,14,88,15.909,0.106,431.24,96.272,0.173,0,334.795,40.006,40.006,3.445,93.1304,1930.73,35.3786,10838.2,8102.33,0,0,0,0,0,,,0,/home/ryo-mtmt/TOpt/forme/sketch_experiments/aa_sketch_detail_20260618_032309/logs/rc_adder_6_lx2_dynamic_repair_chi_packed_aa_sketch_13.out
rc_adder_6.tfc,noreuse,13,lx2_dynamic_repair_chi_packed_aa_sketch_noreuse_13,48,38,493,0.493,1.72875,1281,1193,0,88,6.870,83,5,88,0,88,0.000,0.105,431.62,95.801,0.19,0.001,335.628,52.487,52.487,3.37,93.1304,1930.73,35.3786,0,8102.33,0,0,0,0,0,,,0,/home/ryo-mtmt/TOpt/forme/sketch_experiments/aa_sketch_detail_20260618_032309/logs/rc_adder_6_lx2_dynamic_repair_chi_packed_aa_sketch_noreuse_13.out
rc_adder_6.tfc,reuse,15,lx2_dynamic_repair_chi_packed_aa_sketch_15,48,38,517,0.517,1.75198,1281,1225,0,56,4.372,51,5,49,7,56,12.500,0.104,481.142,95.645,0.216,0,385.281,27.729,27.729,3.417,95.6284,2227.94,35.6315,10433.2,8007.32,0,0,0,0,0,,,0,/home/ryo-mtmt/TOpt/forme/sketch_experiments/aa_sketch_detail_20260618_032309/logs/rc_adder_6_lx2_dynamic_repair_chi_packed_aa_sketch_15.out
rc_adder_6.tfc,noreuse,15,lx2_dynamic_repair_chi_packed_aa_sketch_noreuse_15,48,38,523,0.523,1.74892,1281,1225,0,56,4.372,51,5,56,0,56,0.000,0.1,479.749,95.398,0.173,0,384.178,34.377,34.377,3.333,95.6284,2227.94,35.6315,0,8007.32,0,0,0,0,0,,,0,/home/ryo-mtmt/TOpt/forme/sketch_experiments/aa_sketch_detail_20260618_032309/logs/rc_adder_6_lx2_dynamic_repair_chi_packed_aa_sketch_noreuse_15.out
rc_adder_6.tfc,reuse,20,lx2_dynamic_repair_chi_packed_aa_sketch_20,48,38,1072,1.072,3.15597,1281,1252,0,29,2.264,24,5,29,0,29,0.000,0.17,1028.7,164.743,0.904,0,863.056,29.635,29.635,5.419,97.7361,2970.41,36.0211,10193.1,8053.14,0,0,0,0,0,,,0,/home/ryo-mtmt/TOpt/forme/sketch_experiments/aa_sketch_detail_20260618_032309/logs/rc_adder_6_lx2_dynamic_repair_chi_packed_aa_sketch_20.out
rc_adder_6.tfc,noreuse,20,lx2_dynamic_repair_chi_packed_aa_sketch_noreuse_20,48,38,1075,1.075,3.09064,1281,1252,0,29,2.264,24,5,29,0,29,0.000,0.175,1028.45,163.431,0.957,0.002,864.065,33.542,33.542,5.533,97.7361,2970.41,36.0211,0,8053.14,0,0,0,0,0,,,0,/home/ryo-mtmt/TOpt/forme/sketch_experiments/aa_sketch_detail_20260618_032309/logs/rc_adder_6_lx2_dynamic_repair_chi_packed_aa_sketch_noreuse_20.out
rc_adder_6.tfc,reuse,25,lx2_dynamic_repair_chi_packed_aa_sketch_25,48,38,1082,1.082,2.31525,1281,1269,0,12,0.937,7,5,12,0,12,0.000,0.172,1043.18,140.628,0.822,0,901.726,18.159,18.159,5.782,99.0632,3712.71,36.1959,8814.64,9234.25,0,0,0,0,0,,,0,/home/ryo-mtmt/TOpt/forme/sketch_experiments/aa_sketch_detail_20260618_032309/logs/rc_adder_6_lx2_dynamic_repair_chi_packed_aa_sketch_25.out
rc_adder_6.tfc,noreuse,25,lx2_dynamic_repair_chi_packed_aa_sketch_noreuse_25,48,38,1270,1.270,3.35455,1281,1269,0,12,0.937,7,5,12,0,12,0.000,0.167,1238.44,163.646,1.142,0.002,1073.65,18.717,18.717,5.791,99.0632,3712.71,36.1959,0,9234.25,0,0,0,0,0,,,0,/home/ryo-mtmt/TOpt/forme/sketch_experiments/aa_sketch_detail_20260618_032309/logs/rc_adder_6_lx2_dynamic_repair_chi_packed_aa_sketch_noreuse_25.out
rc_adder_6.tfc,reuse,30,lx2_dynamic_repair_chi_packed_aa_sketch_30,48,38,871,0.871,2.10432,1281,1270,0,11,0.859,6,5,11,0,11,0.000,0.103,852.28,96.18,0.354,0,755.746,10.841,10.841,3.494,99.1413,4455.48,36.2568,8387.7,9443,0,0,0,0,0,,,0,/home/ryo-mtmt/TOpt/forme/sketch_experiments/aa_sketch_detail_20260618_032309/logs/rc_adder_6_lx2_dynamic_repair_chi_packed_aa_sketch_30.out
rc_adder_6.tfc,noreuse,30,lx2_dynamic_repair_chi_packed_aa_sketch_noreuse_30,48,38,1480,1.480,3.2229,1281,1270,0,11,0.859,6,5,11,0,11,0.000,0.165,1449.05,165.558,1.388,0.003,1282.1,17.682,17.682,5.708,99.1413,4455.48,36.2568,0,9443,0,0,0,0,0,,,0,/home/ryo-mtmt/TOpt/forme/sketch_experiments/aa_sketch_detail_20260618_032309/logs/rc_adder_6_lx2_dynamic_repair_chi_packed_aa_sketch_noreuse_30.out
tof_3.tfc,baseline,,lx2_dynamic_repair_chi_packed_aa,15,13,1,0.001,0.002773,103,,,103,100.000,102,1,64,39,103,37.864,0.004,,,,,,1.609,1.609,0.034,,,,148.01,235.019,,,,,,,,0,/home/ryo-mtmt/TOpt/forme/sketch_experiments/aa_sketch_detail_20260618_032309/logs/tof_3_lx2_dynamic_repair_chi_packed_aa.out
tof_3.tfc,reuse,3,lx2_dynamic_repair_chi_packed_aa_sketch_3,15,13,2,0.002,0.00376,103,31,0,72,69.903,71,1,57,15,72,20.833,0.008,0.831,0.386,0,0,0.445,1.61,1.61,0.032,30.0971,13.4854,6.46602,188.873,252.583,0,0,0,0,0,,,0,/home/ryo-mtmt/TOpt/forme/sketch_experiments/aa_sketch_detail_20260618_032309/logs/tof_3_lx2_dynamic_repair_chi_packed_aa_sketch_3.out
tof_3.tfc,noreuse,3,lx2_dynamic_repair_chi_packed_aa_sketch_noreuse_3,15,13,2,0.002,0.00355,103,31,0,72,69.903,71,1,72,0,72,0.000,0.007,0.72,0.341,0,0,0.379,1.605,1.605,0.026,30.0971,13.4854,6.46602,0,252.583,0,0,0,0,0,,,0,/home/ryo-mtmt/TOpt/forme/sketch_experiments/aa_sketch_detail_20260618_032309/logs/tof_3_lx2_dynamic_repair_chi_packed_aa_sketch_noreuse_3.out
tof_3.tfc,reuse,5,lx2_dynamic_repair_chi_packed_aa_sketch_5,15,13,2,0.002,0.003258,103,33,0,70,67.961,69,1,55,15,70,21.429,0.006,0.756,0.347,0,0,0.409,1.345,1.345,0.026,32.0388,14.7767,6.83495,188.029,250.4,0,0,0,0,0,,,0,/home/ryo-mtmt/TOpt/forme/sketch_experiments/aa_sketch_detail_20260618_032309/logs/tof_3_lx2_dynamic_repair_chi_packed_aa_sketch_5.out
tof_3.tfc,noreuse,5,lx2_dynamic_repair_chi_packed_aa_sketch_noreuse_5,15,13,2,0.002,0.004003,103,33,0,70,67.961,69,1,70,0,70,0.000,0.008,0.896,0.406,0,0,0.49,1.786,1.786,0.03,32.0388,14.7767,6.83495,0,250.4,0,0,0,0,0,,,0,/home/ryo-mtmt/TOpt/forme/sketch_experiments/aa_sketch_detail_20260618_032309/logs/tof_3_lx2_dynamic_repair_chi_packed_aa_sketch_noreuse_5.out
tof_3.tfc,reuse,8,lx2_dynamic_repair_chi_packed_aa_sketch_8,15,13,2,0.002,0.003539,103,49,0,54,52.427,53,1,42,12,54,22.222,0.008,1.04,0.39,0.003,0,0.647,1.166,1.166,0.03,47.5728,20.3689,7.75728,185.623,234.315,0,0,0,0,0,,,0,/home/ryo-mtmt/TOpt/forme/sketch_experiments/aa_sketch_detail_20260618_032309/logs/tof_3_lx2_dynamic_repair_chi_packed_aa_sketch_8.out
tof_3.tfc,noreuse,8,lx2_dynamic_repair_chi_packed_aa_sketch_noreuse_8,15,13,2,0.002,0.003709,103,49,0,54,52.427,53,1,54,0,54,0.000,0.008,1.048,0.397,0,0,0.651,1.312,1.312,0.029,47.5728,20.3689,7.75728,0,234.315,0,0,0,0,0,,,0,/home/ryo-mtmt/TOpt/forme/sketch_experiments/aa_sketch_detail_20260618_032309/logs/tof_3_lx2_dynamic_repair_chi_packed_aa_sketch_noreuse_8.out
tof_3.tfc,reuse,10,lx2_dynamic_repair_chi_packed_aa_sketch_10,15,13,2,0.002,0.003026,103,55,0,48,46.602,47,1,37,11,48,22.917,0.006,0.981,0.346,0,0,0.635,0.877,0.877,0.025,53.3981,24.1359,8.1165,184.979,225.583,0,0,0,0,0,,,0,/home/ryo-mtmt/TOpt/forme/sketch_experiments/aa_sketch_detail_20260618_032309/logs/tof_3_lx2_dynamic_repair_chi_packed_aa_sketch_10.out
tof_3.tfc,noreuse,10,lx2_dynamic_repair_chi_packed_aa_sketch_noreuse_10,15,13,2,0.002,0.00315,103,55,0,48,46.602,47,1,48,0,48,0.000,0.007,0.987,0.349,0.004,0,0.634,0.994,0.994,0.025,53.3981,24.1359,8.1165,0,225.583,0,0,0,0,0,,,0,/home/ryo-mtmt/TOpt/forme/sketch_experiments/aa_sketch_detail_20260618_032309/logs/tof_3_lx2_dynamic_repair_chi_packed_aa_sketch_noreuse_10.out
tof_3.tfc,reuse,13,lx2_dynamic_repair_chi_packed_aa_sketch_13,15,13,1,0.001,0.002814,103,69,0,34,33.010,33,1,24,10,34,29.412,0.007,1.188,0.35,0,0,0.838,0.53,0.53,0.025,66.9903,31.1845,8.81553,169.727,200.353,0,0,0,0,0,,,0,/home/ryo-mtmt/TOpt/forme/sketch_experiments/aa_sketch_detail_20260618_032309/logs/tof_3_lx2_dynamic_repair_chi_packed_aa_sketch_13.out
tof_3.tfc,noreuse,13,lx2_dynamic_repair_chi_packed_aa_sketch_noreuse_13,15,13,1,0.001,0.002911,103,69,0,34,33.010,33,1,34,0,34,0.000,0.008,1.152,0.35,0,0,0.802,0.632,0.632,0.025,66.9903,31.1845,8.81553,0,200.353,0,0,0,0,0,,,0,/home/ryo-mtmt/TOpt/forme/sketch_experiments/aa_sketch_detail_20260618_032309/logs/tof_3_lx2_dynamic_repair_chi_packed_aa_sketch_noreuse_13.out
tof_3.tfc,reuse,15,lx2_dynamic_repair_chi_packed_aa_sketch_15,15,13,2,0.002,0.003045,103,75,0,28,27.184,27,1,20,8,28,28.571,0.007,1.345,0.389,0,0,0.956,0.463,0.463,0.026,72.8155,35.8252,9.16505,165.963,196.464,0,0,0,0,0,,,0,/home/ryo-mtmt/TOpt/forme/sketch_experiments/aa_sketch_detail_20260618_032309/logs/tof_3_lx2_dynamic_repair_chi_packed_aa_sketch_15.out
tof_3.tfc,noreuse,15,lx2_dynamic_repair_chi_packed_aa_sketch_noreuse_15,15,13,2,0.002,0.00332,103,75,0,28,27.184,27,1,28,0,28,0.000,0.008,1.435,0.4,0.003,0,1.032,0.594,0.594,0.029,72.8155,35.8252,9.16505,0,196.464,0,0,0,0,0,,,0,/home/ryo-mtmt/TOpt/forme/sketch_experiments/aa_sketch_detail_20260618_032309/logs/tof_3_lx2_dynamic_repair_chi_packed_aa_sketch_noreuse_15.out
tof_3.tfc,reuse,20,lx2_dynamic_repair_chi_packed_aa_sketch_20,15,13,1,0.001,0.002903,103,88,0,15,14.563,14,1,13,2,15,13.333,0.007,1.485,0.345,0.003,0,1.137,0.289,0.289,0.026,85.4369,47.4563,9.85437,205.357,189.733,0,0,0,0,0,,,0,/home/ryo-mtmt/TOpt/forme/sketch_experiments/aa_sketch_detail_20260618_032309/logs/tof_3_lx2_dynamic_repair_chi_packed_aa_sketch_20.out
tof_3.tfc,noreuse,20,lx2_dynamic_repair_chi_packed_aa_sketch_noreuse_20,15,13,2,0.002,0.003384,103,88,0,15,14.563,14,1,15,0,15,0.000,0.008,1.738,0.404,0.005,0,1.329,0.346,0.346,0.031,85.4369,47.4563,9.85437,0,189.733,0,0,0,0,0,,,0,/home/ryo-mtmt/TOpt/forme/sketch_experiments/aa_sketch_detail_20260618_032309/logs/tof_3_lx2_dynamic_repair_chi_packed_aa_sketch_noreuse_20.out
tof_3.tfc,reuse,25,lx2_dynamic_repair_chi_packed_aa_sketch_25,15,13,2,0.002,0.003109,103,92,0,11,10.680,10,1,10,1,11,9.091,0.006,1.742,0.348,0.007,0,1.387,0.239,0.239,0.026,89.3204,59.0388,10.1845,197.1,204.273,0,0,0,0,0,,,0,/home/ryo-mtmt/TOpt/forme/sketch_experiments/aa_sketch_detail_20260618_032309/logs/tof_3_lx2_dynamic_repair_chi_packed_aa_sketch_25.out
tof_3.tfc,noreuse,25,lx2_dynamic_repair_chi_packed_aa_sketch_noreuse_25,15,13,2,0.002,0.003101,103,92,0,11,10.680,10,1,11,0,11,0.000,0.007,1.765,0.354,0,0,1.411,0.244,0.244,0.033,89.3204,59.0388,10.1845,0,204.273,0,0,0,0,0,,,0,/home/ryo-mtmt/TOpt/forme/sketch_experiments/aa_sketch_detail_20260618_032309/logs/tof_3_lx2_dynamic_repair_chi_packed_aa_sketch_noreuse_25.out
tof_3.tfc,reuse,30,lx2_dynamic_repair_chi_packed_aa_sketch_30,15,13,2,0.002,0.00381,103,96,0,7,6.796,6,1,7,0,7,0.000,0.008,2.307,0.402,0.003,0,1.902,0.216,0.216,0.028,93.2039,71.0583,10.4854,193,222.429,0,0,0,0,0,,,0,/home/ryo-mtmt/TOpt/forme/sketch_experiments/aa_sketch_detail_20260618_032309/logs/tof_3_lx2_dynamic_repair_chi_packed_aa_sketch_30.out
tof_3.tfc,noreuse,30,lx2_dynamic_repair_chi_packed_aa_sketch_noreuse_30,15,13,2,0.002,0.003301,103,96,0,7,6.796,6,1,7,0,7,0.000,0.007,1.966,0.364,0,0,1.602,0.181,0.181,0.026,93.2039,71.0583,10.4854,0,222.429,0,0,0,0,0,,,0,/home/ryo-mtmt/TOpt/forme/sketch_experiments/aa_sketch_detail_20260618_032309/logs/tof_3_lx2_dynamic_repair_chi_packed_aa_sketch_noreuse_30.out
tof_4.tfc,baseline,,lx2_dynamic_repair_chi_packed_aa,23,19,11,0.011,0.014804,230,,,230,100.000,228,2,161,69,230,30.000,0.011,,,,,,11.022,11.022,0.113,,,,515.638,792.13,,,,,,,,0,/home/ryo-mtmt/TOpt/forme/sketch_experiments/aa_sketch_detail_20260618_032309/logs/tof_4_lx2_dynamic_repair_chi_packed_aa.out
tof_4.tfc,reuse,3,lx2_dynamic_repair_chi_packed_aa_sketch_3,23,19,13,0.013,0.01645,230,41,0,189,82.174,187,2,144,45,189,23.810,0.014,3.1,1.442,0.007,0,1.651,9.669,9.669,0.103,17.8261,27.5,9.96522,570.441,818.529,0,0,0,0,0,,,0,/home/ryo-mtmt/TOpt/forme/sketch_experiments/aa_sketch_detail_20260618_032309/logs/tof_4_lx2_dynamic_repair_chi_packed_aa_sketch_3.out
tof_4.tfc,noreuse,3,lx2_dynamic_repair_chi_packed_aa_sketch_noreuse_3,23,19,15,0.015,0.01829,230,41,0,189,82.174,187,2,189,0,189,0.000,0.022,3.038,1.453,0,0,1.585,11.523,11.523,0.103,17.8261,27.5,9.96522,0,818.529,0,0,0,0,0,,,0,/home/ryo-mtmt/TOpt/forme/sketch_experiments/aa_sketch_detail_20260618_032309/logs/tof_4_lx2_dynamic_repair_chi_packed_aa_sketch_noreuse_3.out
tof_4.tfc,reuse,5,lx2_dynamic_repair_chi_packed_aa_sketch_5,23,19,14,0.014,0.018522,230,71,0,159,69.130,157,2,119,40,159,25.157,0.017,4.535,1.774,0.004,0,2.757,9.312,9.312,0.12,30.8696,41.2957,11.7826,556.911,768.377,0,0,0,0,0,,,0,/home/ryo-mtmt/TOpt/forme/sketch_experiments/aa_sketch_detail_20260618_032309/logs/tof_4_lx2_dynamic_repair_chi_packed_aa_sketch_5.out
tof_4.tfc,noreuse,5,lx2_dynamic_repair_chi_packed_aa_sketch_noreuse_5,23,19,16,0.016,0.020386,230,71,0,159,69.130,157,2,159,0,159,0.000,0.018,4.554,1.767,0.005,0,2.782,11.235,11.235,0.124,30.8696,41.2957,11.7826,0,768.377,0,0,0,0,0,,,0,/home/ryo-mtmt/TOpt/forme/sketch_experiments/aa_sketch_detail_20260618_032309/logs/tof_4_lx2_dynamic_repair_chi_packed_aa_sketch_noreuse_5.out
tof_4.tfc,reuse,8,lx2_dynamic_repair_chi_packed_aa_sketch_8,23,19,11,0.011,0.015544,230,128,0,102,44.348,100,2,74,28,102,27.451,0.017,5.975,1.832,0.083,0,4.06,5.129,5.129,0.119,55.6522,64.0304,13.5043,558.317,639.304,0,0,0,0,0,,,0,/home/ryo-mtmt/TOpt/forme/sketch_experiments/aa_sketch_detail_20260618_032309/logs/tof_4_lx2_dynamic_repair_chi_packed_aa_sketch_8.out
tof_4.tfc,noreuse,8,lx2_dynamic_repair_chi_packed_aa_sketch_noreuse_8,23,19,9,0.009,0.012577,230,128,0,102,44.348,100,2,102,0,102,0.000,0.012,4.413,1.317,0.013,0.003,3.08,4.734,4.734,0.093,55.6522,64.0304,13.5043,0,639.304,0,0,0,0,0,,,0,/home/ryo-mtmt/TOpt/forme/sketch_experiments/aa_sketch_detail_20260618_032309/logs/tof_4_lx2_dynamic_repair_chi_packed_aa_sketch_noreuse_8.out
tof_4.tfc,reuse,10,lx2_dynamic_repair_chi_packed_aa_sketch_10,23,19,7,0.007,0.009886,230,141,0,89,38.696,87,2,66,23,89,25.843,0.01,4.108,1.052,0.002,0,3.054,2.861,2.861,0.074,61.3043,79.7652,14.2304,586.705,635.629,0,0,0,0,0,,,0,/home/ryo-mtmt/TOpt/forme/sketch_experiments/aa_sketch_detail_20260618_032309/logs/tof_4_lx2_dynamic_repair_chi_packed_aa_sketch_10.out
tof_4.tfc,noreuse,10,lx2_dynamic_repair_chi_packed_aa_sketch_noreuse_10,23,19,10,0.010,0.013964,230,141,0,89,38.696,87,2,89,0,89,0.000,0.014,5.577,1.481,0.007,0,4.089,4.645,4.645,0.104,61.3043,79.7652,14.2304,0,635.629,0,0,0,0,0,,,0,/home/ryo-mtmt/TOpt/forme/sketch_experiments/aa_sketch_detail_20260618_032309/logs/tof_4_lx2_dynamic_repair_chi_packed_aa_sketch_noreuse_10.out
tof_4.tfc,reuse,13,lx2_dynamic_repair_chi_packed_aa_sketch_13,23,19,11,0.011,0.015304,230,173,0,57,24.783,55,2,44,13,57,22.807,0.017,7.955,1.766,0.016,0,6.173,2.856,2.856,0.119,75.2174,103.561,15.1043,592.964,584.842,0,0,0,0,0,,,0,/home/ryo-mtmt/TOpt/forme/sketch_experiments/aa_sketch_detail_20260618_032309/logs/tof_4_lx2_dynamic_repair_chi_packed_aa_sketch_13.out
tof_4.tfc,noreuse,13,lx2_dynamic_repair_chi_packed_aa_sketch_noreuse_13,23,19,10,0.010,0.013222,230,173,0,57,24.783,55,2,57,0,57,0.000,0.015,6.685,1.515,0.006,0.001,5.163,2.909,2.909,0.103,75.2174,103.561,15.1043,0,584.842,0,0,0,0,0,,,0,/home/ryo-mtmt/TOpt/forme/sketch_experiments/aa_sketch_detail_20260618_032309/logs/tof_4_lx2_dynamic_repair_chi_packed_aa_sketch_noreuse_13.out
tof_4.tfc,reuse,15,lx2_dynamic_repair_chi_packed_aa_sketch_15,23,19,12,0.012,0.015852,230,181,0,49,21.304,47,2,38,11,49,22.449,0.018,8.882,1.905,0.012,0,6.965,2.476,2.476,0.12,78.6957,119.322,15.5087,573.167,581.898,0,0,0,0,0,,,0,/home/ryo-mtmt/TOpt/forme/sketch_experiments/aa_sketch_detail_20260618_032309/logs/tof_4_lx2_dynamic_repair_chi_packed_aa_sketch_15.out
tof_4.tfc,noreuse,15,lx2_dynamic_repair_chi_packed_aa_sketch_noreuse_15,23,19,12,0.012,0.016191,230,181,0,49,21.304,47,2,49,0,49,0.000,0.016,8.895,1.887,0.012,0,6.996,2.874,2.874,0.122,78.6957,119.322,15.5087,0,581.898,0,0,0,0,0,,,0,/home/ryo-mtmt/TOpt/forme/sketch_experiments/aa_sketch_detail_20260618_032309/logs/tof_4_lx2_dynamic_repair_chi_packed_aa_sketch_noreuse_15.out
tof_4.tfc,reuse,20,lx2_dynamic_repair_chi_packed_aa_sketch_20,23,19,12,0.012,0.016716,230,205,0,25,10.870,23,2,21,4,25,16.000,0.017,10.87,1.777,0.019,0.003,9.071,1.357,1.357,0.116,89.1304,158.939,16.1391,601.125,548.36,0,0,0,0,0,,,0,/home/ryo-mtmt/TOpt/forme/sketch_experiments/aa_sketch_detail_20260618_032309/logs/tof_4_lx2_dynamic_repair_chi_packed_aa_sketch_20.out
tof_4.tfc,noreuse,20,lx2_dynamic_repair_chi_packed_aa_sketch_noreuse_20,23,19,13,0.013,0.01686,230,205,0,25,10.870,23,2,25,0,25,0.000,0.017,10.857,1.832,0.007,0,9.018,1.499,1.499,0.123,89.1304,158.939,16.1391,0,548.36,0,0,0,0,0,,,0,/home/ryo-mtmt/TOpt/forme/sketch_experiments/aa_sketch_detail_20260618_032309/logs/tof_4_lx2_dynamic_repair_chi_packed_aa_sketch_noreuse_20.out
tof_4.tfc,reuse,25,lx2_dynamic_repair_chi_packed_aa_sketch_25,23,19,14,0.014,0.018337,230,215,0,15,6.522,13,2,15,0,15,0.000,0.018,12.927,1.794,0.065,0,11.068,0.976,0.976,0.118,93.4783,198.304,16.5826,613.786,574,0,0,0,0,0,,,0,/home/ryo-mtmt/TOpt/forme/sketch_experiments/aa_sketch_detail_20260618_032309/logs/tof_4_lx2_dynamic_repair_chi_packed_aa_sketch_25.out
tof_4.tfc,noreuse,25,lx2_dynamic_repair_chi_packed_aa_sketch_noreuse_25,23,19,12,0.012,0.015061,230,215,0,15,6.522,13,2,15,0,15,0.000,0.015,10.695,1.564,0.051,0,9.08,0.85,0.85,0.105,93.4783,198.304,16.5826,0,574,0,0,0,0,0,,,0,/home/ryo-mtmt/TOpt/forme/sketch_experiments/aa_sketch_detail_20260618_032309/logs/tof_4_lx2_dynamic_repair_chi_packed_aa_sketch_noreuse_25.out
tof_4.tfc,reuse,30,lx2_dynamic_repair_chi_packed_aa_sketch_30,23,19,12,0.012,0.014852,230,221,0,9,3.913,7,2,9,0,9,0.000,0.013,11.088,1.315,0.017,0.002,9.754,0.51,0.51,0.091,96.087,238.165,16.8652,541.25,621.556,0,0,0,0,0,,,0,/home/ryo-mtmt/TOpt/forme/sketch_experiments/aa_sketch_detail_20260618_032309/logs/tof_4_lx2_dynamic_repair_chi_packed_aa_sketch_30.out
tof_4.tfc,noreuse,30,lx2_dynamic_repair_chi_packed_aa_sketch_noreuse_30,23,19,16,0.016,0.020087,230,221,0,9,3.913,7,2,9,0,9,0.000,0.017,14.968,1.79,0.019,0,13.159,0.687,0.687,0.119,96.087,238.165,16.8652,0,621.556,0,0,0,0,0,,,0,/home/ryo-mtmt/TOpt/forme/sketch_experiments/aa_sketch_detail_20260618_032309/logs/tof_4_lx2_dynamic_repair_chi_packed_aa_sketch_noreuse_30.out
tof_5.tfc,baseline,,lx2_dynamic_repair_chi_packed_aa,31,25,54,0.054,0.069442,426,,,426,100.000,423,3,309,117,426,27.465,0.029,,,,,,51.898,51.898,0.366,,,,1137.24,1792.46,,,,,,,,0,/home/ryo-mtmt/TOpt/forme/sketch_experiments/aa_sketch_detail_20260618_032309/logs/tof_5_lx2_dynamic_repair_chi_packed_aa.out
tof_5.tfc,reuse,3,lx2_dynamic_repair_chi_packed_aa_sketch_3,31,25,44,0.044,0.054211,426,62,0,364,85.446,361,3,284,80,364,21.978,0.028,9.491,4.441,0.019,0.001,5.03,33.155,33.155,0.315,14.554,56.5634,14.3592,1233.02,1819.48,0,0,0,0,0,,,0,/home/ryo-mtmt/TOpt/forme/sketch_experiments/aa_sketch_detail_20260618_032309/logs/tof_5_lx2_dynamic_repair_chi_packed_aa_sketch_3.out
tof_5.tfc,noreuse,3,lx2_dynamic_repair_chi_packed_aa_sketch_noreuse_3,31,25,74,0.074,0.089164,426,62,0,364,85.446,361,3,364,0,364,0.000,0.037,13.41,6.26,0.013,0,7.137,58.402,58.402,0.37,14.554,56.5634,14.3592,0,1819.48,0,0,0,0,0,,,0,/home/ryo-mtmt/TOpt/forme/sketch_experiments/aa_sketch_detail_20260618_032309/logs/tof_5_lx2_dynamic_repair_chi_packed_aa_sketch_noreuse_3.out
tof_5.tfc,reuse,5,lx2_dynamic_repair_chi_packed_aa_sketch_5,31,25,54,0.054,0.070082,426,134,0,292,68.545,289,3,223,69,292,23.630,0.034,16.992,6.161,0.032,0,10.799,35.66,35.66,0.407,31.4554,90.0845,16.7324,1227.74,1694.12,0,0,0,0,0,,,0,/home/ryo-mtmt/TOpt/forme/sketch_experiments/aa_sketch_detail_20260618_032309/logs/tof_5_lx2_dynamic_repair_chi_packed_aa_sketch_5.out
tof_5.tfc,noreuse,5,lx2_dynamic_repair_chi_packed_aa_sketch_noreuse_5,31,25,63,0.063,0.078909,426,134,0,292,68.545,289,3,292,0,292,0.000,0.032,17.168,6.229,0.012,0,10.927,44.415,44.415,0.392,31.4554,90.0845,16.7324,0,1694.12,0,0,0,0,0,,,0,/home/ryo-mtmt/TOpt/forme/sketch_experiments/aa_sketch_detail_20260618_032309/logs/tof_5_lx2_dynamic_repair_chi_packed_aa_sketch_noreuse_5.out
tof_5.tfc,reuse,8,lx2_dynamic_repair_chi_packed_aa_sketch_8,31,25,45,0.045,0.061009,426,232,0,194,45.540,191,3,144,50,194,25.773,0.033,22.81,6.202,0.036,0,16.572,20.977,20.977,0.373,54.4601,143.866,19,1204.03,1481.08,0,0,0,0,0,,,0,/home/ryo-mtmt/TOpt/forme/sketch_experiments/aa_sketch_detail_20260618_032309/logs/tof_5_lx2_dynamic_repair_chi_packed_aa_sketch_8.out
tof_5.tfc,noreuse,8,lx2_dynamic_repair_chi_packed_aa_sketch_noreuse_8,31,25,51,0.051,0.066489,426,232,0,194,45.540,191,3,194,0,194,0.000,0.033,22.846,6.282,0.018,0,16.546,26.48,26.48,0.381,54.4601,143.866,19,0,1481.08,0,0,0,0,0,,,0,/home/ryo-mtmt/TOpt/forme/sketch_experiments/aa_sketch_detail_20260618_032309/logs/tof_5_lx2_dynamic_repair_chi_packed_aa_sketch_noreuse_8.out
tof_5.tfc,reuse,10,lx2_dynamic_repair_chi_packed_aa_sketch_10,31,25,42,0.042,0.05756,426,285,0,141,33.099,138,3,103,38,141,26.950,0.033,26.263,6.21,0.036,0,20.017,14.256,14.256,0.364,66.9014,179.789,19.946,1228.88,1315.54,0,0,0,0,0,,,0,/home/ryo-mtmt/TOpt/forme/sketch_experiments/aa_sketch_detail_20260618_032309/logs/tof_5_lx2_dynamic_repair_chi_packed_aa_sketch_10.out
tof_5.tfc,noreuse,10,lx2_dynamic_repair_chi_packed_aa_sketch_noreuse_10,31,25,47,0.047,0.062403,426,285,0,141,33.099,138,3,141,0,141,0.000,0.037,26.912,6.436,0.148,0,20.328,18.294,18.294,0.397,66.9014,179.789,19.946,0,1315.54,0,0,0,0,0,,,0,/home/ryo-mtmt/TOpt/forme/sketch_experiments/aa_sketch_detail_20260618_032309/logs/tof_5_lx2_dynamic_repair_chi_packed_aa_sketch_noreuse_10.out
tof_5.tfc,reuse,13,lx2_dynamic_repair_chi_packed_aa_sketch_13,31,25,46,0.046,0.064678,426,330,0,96,22.535,93,3,73,23,96,23.958,0.033,35.321,7.596,0.096,0,27.629,8.882,8.882,0.366,77.4648,233.681,20.9648,1183.89,1149.32,0,0,0,0,0,,,0,/home/ryo-mtmt/TOpt/forme/sketch_experiments/aa_sketch_detail_20260618_032309/logs/tof_5_lx2_dynamic_repair_chi_packed_aa_sketch_13.out
tof_5.tfc,noreuse,13,lx2_dynamic_repair_chi_packed_aa_sketch_noreuse_13,31,25,46,0.046,0.061639,426,330,0,96,22.535,93,3,96,0,96,0.000,0.043,32.683,6.544,0.083,0,26.056,11.563,11.563,0.375,77.4648,233.681,20.9648,0,1149.32,0,0,0,0,0,,,0,/home/ryo-mtmt/TOpt/forme/sketch_experiments/aa_sketch_detail_20260618_032309/logs/tof_5_lx2_dynamic_repair_chi_packed_aa_sketch_noreuse_13.out
tof_5.tfc,reuse,15,lx2_dynamic_repair_chi_packed_aa_sketch_15,31,25,44,0.044,0.059665,426,355,0,71,16.667,68,3,62,9,71,12.676,0.033,35.439,6.357,0.049,0,29.033,7.353,7.353,0.369,83.3333,269.284,21.4202,1378.37,1154.41,0,0,0,0,0,,,0,/home/ryo-mtmt/TOpt/forme/sketch_experiments/aa_sketch_detail_20260618_032309/logs/tof_5_lx2_dynamic_repair_chi_packed_aa_sketch_15.out
tof_5.tfc,noreuse,15,lx2_dynamic_repair_chi_packed_aa_sketch_noreuse_15,31,25,33,0.033,0.043533,426,355,0,71,16.667,68,3,71,0,71,0.000,0.028,25.382,4.581,0.033,0,20.768,6.673,6.673,0.312,83.3333,269.284,21.4202,0,1154.41,0,0,0,0,0,,,0,/home/ryo-mtmt/TOpt/forme/sketch_experiments/aa_sketch_detail_20260618_032309/logs/tof_5_lx2_dynamic_repair_chi_packed_aa_sketch_noreuse_15.out
tof_5.tfc,reuse,20,lx2_dynamic_repair_chi_packed_aa_sketch_20,31,25,36,0.036,0.045828,426,383,0,43,10.094,40,3,39,4,43,9.302,0.027,31.24,4.461,0.087,0,26.692,3.575,3.575,0.277,89.9061,358.988,22.2864,1288.29,1110.84,0,0,0,0,0,,,0,/home/ryo-mtmt/TOpt/forme/sketch_experiments/aa_sketch_detail_20260618_032309/logs/tof_5_lx2_dynamic_repair_chi_packed_aa_sketch_20.out
tof_5.tfc,noreuse,20,lx2_dynamic_repair_chi_packed_aa_sketch_noreuse_20,31,25,50,0.050,0.06588,426,383,0,43,10.094,40,3,43,0,43,0.000,0.032,44.01,6.471,0.032,0,37.507,5.091,5.091,0.375,89.9061,358.988,22.2864,0,1110.84,0,0,0,0,0,,,0,/home/ryo-mtmt/TOpt/forme/sketch_experiments/aa_sketch_detail_20260618_032309/logs/tof_5_lx2_dynamic_repair_chi_packed_aa_sketch_noreuse_20.out
tof_5.tfc,reuse,25,lx2_dynamic_repair_chi_packed_aa_sketch_25,31,25,57,0.057,0.072349,426,396,0,30,7.042,27,3,26,4,30,13.333,0.034,52.728,6.348,0.15,0,46.23,3.038,3.038,0.386,92.9577,448.394,22.8028,1134.83,1001.1,0,0,0,0,0,,,0,/home/ryo-mtmt/TOpt/forme/sketch_experiments/aa_sketch_detail_20260618_032309/logs/tof_5_lx2_dynamic_repair_chi_packed_aa_sketch_25.out
tof_5.tfc,noreuse,25,lx2_dynamic_repair_chi_packed_aa_sketch_noreuse_25,31,25,57,0.057,0.072788,426,396,0,30,7.042,27,3,30,0,30,0.000,0.034,52.479,6.258,0.073,0,46.148,3.511,3.511,0.381,92.9577,448.394,22.8028,0,1001.1,0,0,0,0,0,,,0,/home/ryo-mtmt/TOpt/forme/sketch_experiments/aa_sketch_detail_20260618_032309/logs/tof_5_lx2_dynamic_repair_chi_packed_aa_sketch_noreuse_25.out
tof_5.tfc,reuse,30,lx2_dynamic_repair_chi_packed_aa_sketch_30,31,25,64,0.064,0.079401,426,412,0,14,3.286,11,3,11,3,14,21.429,0.033,61.219,6.348,0.122,0,54.749,1.473,1.473,0.37,96.7136,538.291,23.0634,773.077,943.571,0,0,0,0,0,,,0,/home/ryo-mtmt/TOpt/forme/sketch_experiments/aa_sketch_detail_20260618_032309/logs/tof_5_lx2_dynamic_repair_chi_packed_aa_sketch_30.out
tof_5.tfc,noreuse,30,lx2_dynamic_repair_chi_packed_aa_sketch_noreuse_30,31,25,64,0.064,0.080067,426,412,0,14,3.286,11,3,14,0,14,0.000,0.034,61.436,6.562,0.064,0.002,54.808,1.748,1.748,0.368,96.7136,538.291,23.0634,0,943.571,0,0,0,0,0,,,0,/home/ryo-mtmt/TOpt/forme/sketch_experiments/aa_sketch_detail_20260618_032309/logs/tof_5_lx2_dynamic_repair_chi_packed_aa_sketch_noreuse_30.out
tof_10.tfc,baseline,,lx2_dynamic_repair_chi_packed_aa,71,55,1643,1.643,2.8934,2269,,,2269,100.000,2261,8,1752,517,2269,22.785,0.145,,,,,,1608.71,1608.71,4.438,,,,8716.48,15697.5,,,,,,,,0,/home/ryo-mtmt/TOpt/forme/sketch_experiments/aa_sketch_detail_20260618_032309/logs/tof_10_lx2_dynamic_repair_chi_packed_aa.out
tof_10.tfc,reuse,3,lx2_dynamic_repair_chi_packed_aa_sketch_3,71,55,2657,2.657,4.78095,2269,529,0,1740,76.686,1732,8,1358,382,1740,21.954,0.245,612.673,305.171,6.169,0.005,301.328,1993,1993,7.608,23.3142,471.525,37.3711,9061.17,14304.5,0,0,0,0,0,,,0,/home/ryo-mtmt/TOpt/forme/sketch_experiments/aa_sketch_detail_20260618_032309/logs/tof_10_lx2_dynamic_repair_chi_packed_aa_sketch_3.out
tof_10.tfc,noreuse,3,lx2_dynamic_repair_chi_packed_aa_sketch_noreuse_3,71,55,3408,3.408,5.51727,2269,529,0,1740,76.686,1732,8,1740,0,1740,0.000,0.247,622.062,312.597,6.862,0.004,302.599,2734.7,2734.7,7.615,23.3142,471.525,37.3711,0,14304.5,0,0,0,0,0,,,0,/home/ryo-mtmt/TOpt/forme/sketch_experiments/aa_sketch_detail_20260618_032309/logs/tof_10_lx2_dynamic_repair_chi_packed_aa_sketch_noreuse_3.out
tof_10.tfc,reuse,5,lx2_dynamic_repair_chi_packed_aa_sketch_5,71,55,1953,1.953,4.08565,2269,1120,0,1149,50.639,1141,8,874,275,1149,23.934,0.241,797.962,307.486,7.84,0,482.636,1113.51,1113.51,7.598,49.361,785.322,42.5302,9166.67,11456.4,0,0,0,0,0,,,0,/home/ryo-mtmt/TOpt/forme/sketch_experiments/aa_sketch_detail_20260618_032309/logs/tof_10_lx2_dynamic_repair_chi_packed_aa_sketch_5.out
tof_10.tfc,noreuse,5,lx2_dynamic_repair_chi_packed_aa_sketch_noreuse_5,71,55,1577,1.577,2.84096,2269,1120,0,1149,50.639,1141,8,1149,0,1149,0.000,0.182,507.344,196.542,1.619,0.003,309.18,1039.67,1039.67,5.199,49.361,785.322,42.5302,0,11456.4,0,0,0,0,0,,,0,/home/ryo-mtmt/TOpt/forme/sketch_experiments/aa_sketch_detail_20260618_032309/logs/tof_10_lx2_dynamic_repair_chi_packed_aa_sketch_noreuse_5.out
tof_10.tfc,reuse,8,lx2_dynamic_repair_chi_packed_aa_sketch_8,71,55,1661,1.661,3.7671,2269,1582,0,687,30.278,679,8,507,180,687,26.201,0.252,1059.46,305.002,7.481,0,746.977,565.934,565.934,8.045,69.7223,1256.2,46.5619,8666.93,8749.99,0,0,0,0,0,,,0,/home/ryo-mtmt/TOpt/forme/sketch_experiments/aa_sketch_detail_20260618_032309/logs/tof_10_lx2_dynamic_repair_chi_packed_aa_sketch_8.out
tof_10.tfc,noreuse,8,lx2_dynamic_repair_chi_packed_aa_sketch_noreuse_8,71,55,1926,1.926,4.03377,2269,1582,0,687,30.278,679,8,687,0,687,0.000,0.243,1067.88,310.269,8.62,0,748.986,822.026,822.026,7.981,69.7223,1256.2,46.5619,0,8749.99,0,0,0,0,0,,,0,/home/ryo-mtmt/TOpt/forme/sketch_experiments/aa_sketch_detail_20260618_032309/logs/tof_10_lx2_dynamic_repair_chi_packed_aa_sketch_noreuse_8.out
tof_10.tfc,reuse,10,lx2_dynamic_repair_chi_packed_aa_sketch_10,71,55,995,0.995,2.25027,2269,1762,0,507,22.345,499,8,363,144,507,28.402,0.169,748.826,185.575,1.267,0.005,561.979,225.086,225.086,5.123,77.6554,1570.27,48.2636,7854.5,7260.6,0,0,0,0,0,,,0,/home/ryo-mtmt/TOpt/forme/sketch_experiments/aa_sketch_detail_20260618_032309/logs/tof_10_lx2_dynamic_repair_chi_packed_aa_sketch_10.out
tof_10.tfc,noreuse,10,lx2_dynamic_repair_chi_packed_aa_sketch_noreuse_10,71,55,1820,1.820,3.82783,2269,1762,0,507,22.345,499,8,507,0,507,0.000,0.251,1234.46,303.799,7.338,0.004,923.324,552.321,552.321,7.761,77.6554,1570.27,48.2636,0,7260.6,0,0,0,0,0,,,0,/home/ryo-mtmt/TOpt/forme/sketch_experiments/aa_sketch_detail_20260618_032309/logs/tof_10_lx2_dynamic_repair_chi_packed_aa_sketch_noreuse_10.out
tof_10.tfc,reuse,13,lx2_dynamic_repair_chi_packed_aa_sketch_13,71,55,1766,1.766,3.83235,2269,1924,0,345,15.205,337,8,260,85,345,24.638,0.242,1495.43,301.701,7.617,0,1186.12,240.802,240.802,7.851,84.7951,2041.04,50.0454,7720.41,6371.32,0,0,0,0,0,,,0,/home/ryo-mtmt/TOpt/forme/sketch_experiments/aa_sketch_detail_20260618_032309/logs/tof_10_lx2_dynamic_repair_chi_packed_aa_sketch_13.out
tof_10.tfc,noreuse,13,lx2_dynamic_repair_chi_packed_aa_sketch_noreuse_13,71,55,1891,1.891,3.91266,2269,1924,0,345,15.205,337,8,345,0,345,0.000,0.245,1496.71,302.681,7.546,0.003,1186.48,364.191,364.191,7.898,84.7951,2041.04,50.0454,0,6371.32,0,0,0,0,0,,,0,/home/ryo-mtmt/TOpt/forme/sketch_experiments/aa_sketch_detail_20260618_032309/logs/tof_10_lx2_dynamic_repair_chi_packed_aa_sketch_noreuse_13.out
tof_10.tfc,reuse,15,lx2_dynamic_repair_chi_packed_aa_sketch_15,71,55,1888,1.888,3.62396,2269,2005,0,264,11.635,256,8,199,65,264,24.621,0.245,1681.53,310.845,8.453,0,1362.23,178.9,178.9,7.525,88.3649,2355.06,50.9185,7501.97,5793.08,0,0,0,0,0,,,0,/home/ryo-mtmt/TOpt/forme/sketch_experiments/aa_sketch_detail_20260618_032309/logs/tof_10_lx2_dynamic_repair_chi_packed_aa_sketch_15.out
tof_10.tfc,noreuse,15,lx2_dynamic_repair_chi_packed_aa_sketch_noreuse_15,71,55,1411,1.411,2.66699,2269,2005,0,264,11.635,256,8,264,0,264,0.000,0.246,1123.55,214.151,2.985,0,906.41,259.395,259.395,7.659,88.3649,2355.06,50.9185,0,5793.08,0,0,0,0,0,,,0,/home/ryo-mtmt/TOpt/forme/sketch_experiments/aa_sketch_detail_20260618_032309/logs/tof_10_lx2_dynamic_repair_chi_packed_aa_sketch_noreuse_15.out
tof_10.tfc,reuse,20,lx2_dynamic_repair_chi_packed_aa_sketch_20,71,55,1322,1.322,2.56728,2269,2121,0,148,6.523,140,8,127,21,148,14.189,0.143,1240.14,177.2,1.61,0,1061.33,65.867,65.867,4.555,93.4773,3139.99,52.3314,7906.11,5244.13,0,0,0,0,0,,,0,/home/ryo-mtmt/TOpt/forme/sketch_experiments/aa_sketch_detail_20260618_032309/logs/tof_10_lx2_dynamic_repair_chi_packed_aa_sketch_20.out
tof_10.tfc,noreuse,20,lx2_dynamic_repair_chi_packed_aa_sketch_noreuse_20,71,55,2286,2.286,4.02849,2269,2121,0,148,6.523,140,8,148,0,148,0.000,0.244,2109.74,302.059,8.731,0.002,1798.95,149.932,149.932,7.886,93.4773,3139.99,52.3314,0,5244.13,0,0,0,0,0,,,0,/home/ryo-mtmt/TOpt/forme/sketch_experiments/aa_sketch_detail_20260618_032309/logs/tof_10_lx2_dynamic_repair_chi_packed_aa_sketch_noreuse_20.out
tof_10.tfc,reuse,25,lx2_dynamic_repair_chi_packed_aa_sketch_25,71,55,2650,2.650,4.24709,2269,2179,0,90,3.967,82,8,80,10,90,11.111,0.247,2551.7,305.888,9.83,0.003,2235.98,72.793,72.793,7.685,96.0335,3924.64,53.1736,7395.43,5047.78,0,0,0,0,0,,,0,/home/ryo-mtmt/TOpt/forme/sketch_experiments/aa_sketch_detail_20260618_032309/logs/tof_10_lx2_dynamic_repair_chi_packed_aa_sketch_25.out
tof_10.tfc,noreuse,25,lx2_dynamic_repair_chi_packed_aa_sketch_noreuse_25,71,55,2380,2.380,3.63079,2269,2179,0,90,3.967,82,8,90,0,90,0.000,0.245,2260.82,278.147,8.093,0,1974.58,94.347,94.347,7.598,96.0335,3924.64,53.1736,0,5047.78,0,0,0,0,0,,,0,/home/ryo-mtmt/TOpt/forme/sketch_experiments/aa_sketch_detail_20260618_032309/logs/tof_10_lx2_dynamic_repair_chi_packed_aa_sketch_noreuse_25.out
tof_10.tfc,reuse,30,lx2_dynamic_repair_chi_packed_aa_sketch_30,71,55,3071,3.071,4.72336,2269,2213,0,56,2.468,48,8,51,5,56,8.929,0.254,2994.67,305.485,11.176,0.001,2678.01,50.256,50.256,7.699,97.532,4709.77,53.6708,6913.73,5120.21,0,0,0,0,0,,,0,/home/ryo-mtmt/TOpt/forme/sketch_experiments/aa_sketch_detail_20260618_032309/logs/tof_10_lx2_dynamic_repair_chi_packed_aa_sketch_30.out
tof_10.tfc,noreuse,30,lx2_dynamic_repair_chi_packed_aa_sketch_noreuse_30,71,55,1812,1.812,3.05554,2269,2213,0,56,2.468,48,8,56,0,56,0.000,0.151,1758.75,178.834,2.246,0.001,1577.67,37.549,37.549,4.484,97.532,4709.77,53.6708,0,5120.21,0,0,0,0,0,,,0,/home/ryo-mtmt/TOpt/forme/sketch_experiments/aa_sketch_detail_20260618_032309/logs/tof_10_lx2_dynamic_repair_chi_packed_aa_sketch_noreuse_30.out
vbe_adder_3.tfc,baseline,,lx2_dynamic_repair_chi_packed_aa,23,19,26,0.026,0.038634,225,,,225,100.000,223,2,159,66,225,29.333,0.018,,,,,,25.022,25.022,0.211,,,,985.804,1705.6,,,,,,,,0,/home/ryo-mtmt/TOpt/forme/sketch_experiments/aa_sketch_detail_20260618_032309/logs/vbe_adder_3_lx2_dynamic_repair_chi_packed_aa.out
vbe_adder_3.tfc,reuse,3,lx2_dynamic_repair_chi_packed_aa_sketch_3,23,19,18,0.018,0.03094,225,125,0,100,44.444,98,2,75,25,100,25.000,0.022,6.413,2.992,0.011,0,3.41,10.943,10.943,0.207,55.5556,51.8,13.7111,1125.99,1501.58,0,0,0,0,0,,,0,/home/ryo-mtmt/TOpt/forme/sketch_experiments/aa_sketch_detail_20260618_032309/logs/vbe_adder_3_lx2_dynamic_repair_chi_packed_aa_sketch_3.out
vbe_adder_3.tfc,noreuse,3,lx2_dynamic_repair_chi_packed_aa_sketch_noreuse_3,23,19,16,0.016,0.026096,225,125,0,100,44.444,98,2,100,0,100,0.000,0.019,5.11,2.408,0.004,0,2.698,10.777,10.777,0.184,55.5556,51.8,13.7111,0,1501.58,0,0,0,0,0,,,0,/home/ryo-mtmt/TOpt/forme/sketch_experiments/aa_sketch_detail_20260618_032309/logs/vbe_adder_3_lx2_dynamic_repair_chi_packed_aa_sketch_noreuse_3.out
vbe_adder_3.tfc,reuse,5,lx2_dynamic_repair_chi_packed_aa_sketch_5,23,19,12,0.012,0.02202,225,164,0,61,27.111,59,2,46,15,61,24.590,0.018,6.668,2.376,0.008,0,4.284,4.978,4.978,0.175,72.8889,85.7333,15.3867,1137.2,1292.51,0,0,0,0,0,,,0,/home/ryo-mtmt/TOpt/forme/sketch_experiments/aa_sketch_detail_20260618_032309/logs/vbe_adder_3_lx2_dynamic_repair_chi_packed_aa_sketch_5.out
vbe_adder_3.tfc,noreuse,5,lx2_dynamic_repair_chi_packed_aa_sketch_noreuse_5,23,19,16,0.016,0.029258,225,164,0,61,27.111,59,2,61,0,61,0.000,0.023,8.331,3.025,0.047,0,5.259,7.351,7.351,0.209,72.8889,85.7333,15.3867,0,1292.51,0,0,0,0,0,,,0,/home/ryo-mtmt/TOpt/forme/sketch_experiments/aa_sketch_detail_20260618_032309/logs/vbe_adder_3_lx2_dynamic_repair_chi_packed_aa_sketch_noreuse_5.out
vbe_adder_3.tfc,reuse,8,lx2_dynamic_repair_chi_packed_aa_sketch_8,23,19,12,0.012,0.02166,225,199,0,26,11.556,24,2,21,5,26,19.231,0.02,9.021,2.451,0.039,0,6.531,2.219,2.219,0.177,88.4444,137.08,16.5067,1200.76,1110,0,0,0,0,0,,,0,/home/ryo-mtmt/TOpt/forme/sketch_experiments/aa_sketch_detail_20260618_032309/logs/vbe_adder_3_lx2_dynamic_repair_chi_packed_aa_sketch_8.out
vbe_adder_3.tfc,noreuse,8,lx2_dynamic_repair_chi_packed_aa_sketch_noreuse_8,23,19,15,0.015,0.027837,225,199,0,26,11.556,24,2,26,0,26,0.000,0.025,11.166,3.178,0.01,0,7.978,3.086,3.086,0.206,88.4444,137.08,16.5067,0,1110,0,0,0,0,0,,,0,/home/ryo-mtmt/TOpt/forme/sketch_experiments/aa_sketch_detail_20260618_032309/logs/vbe_adder_3_lx2_dynamic_repair_chi_packed_aa_sketch_noreuse_8.out
vbe_adder_3.tfc,reuse,10,lx2_dynamic_repair_chi_packed_aa_sketch_10,23,19,15,0.015,0.028256,225,207,0,18,8.000,16,2,16,2,18,11.111,0.022,12.681,3.041,0.016,0,9.624,1.931,1.931,0.239,92,171.093,16.7378,1135.12,1081.89,0,0,0,0,0,,,0,/home/ryo-mtmt/TOpt/forme/sketch_experiments/aa_sketch_detail_20260618_032309/logs/vbe_adder_3_lx2_dynamic_repair_chi_packed_aa_sketch_10.out
vbe_adder_3.tfc,noreuse,10,lx2_dynamic_repair_chi_packed_aa_sketch_noreuse_10,23,19,15,0.015,0.02839,225,207,0,18,8.000,16,2,18,0,18,0.000,0.022,12.752,3.023,0.071,0,9.658,2.094,2.094,0.22,92,171.093,16.7378,0,1081.89,0,0,0,0,0,,,0,/home/ryo-mtmt/TOpt/forme/sketch_experiments/aa_sketch_detail_20260618_032309/logs/vbe_adder_3_lx2_dynamic_repair_chi_packed_aa_sketch_noreuse_10.out
vbe_adder_3.tfc,reuse,13,lx2_dynamic_repair_chi_packed_aa_sketch_13,23,19,14,0.014,0.023572,225,215,0,10,4.444,8,2,10,0,10,0.000,0.019,12.23,2.373,0.039,0,9.818,1.147,1.147,0.176,95.5556,222.413,17.0356,1216.78,1081.6,0,0,0,0,0,,,0,/home/ryo-mtmt/TOpt/forme/sketch_experiments/aa_sketch_detail_20260618_032309/logs/vbe_adder_3_lx2_dynamic_repair_chi_packed_aa_sketch_13.out
vbe_adder_3.tfc,noreuse,13,lx2_dynamic_repair_chi_packed_aa_sketch_noreuse_13,23,19,17,0.017,0.030128,225,215,0,10,4.444,8,2,10,0,10,0.000,0.022,15.285,3.063,0.013,0,12.209,1.327,1.327,0.202,95.5556,222.413,17.0356,0,1081.6,0,0,0,0,0,,,0,/home/ryo-mtmt/TOpt/forme/sketch_experiments/aa_sketch_detail_20260618_032309/logs/vbe_adder_3_lx2_dynamic_repair_chi_packed_aa_sketch_noreuse_13.out
vbe_adder_3.tfc,reuse,15,lx2_dynamic_repair_chi_packed_aa_sketch_15,23,19,11,0.011,0.019964,225,222,0,3,1.333,1,2,3,0,3,0.000,0.014,10.713,1.843,0.038,0.001,8.831,0.365,0.365,0.143,98.6667,256.36,17.1644,0,859.667,0,0,0,0,0,,,0,/home/ryo-mtmt/TOpt/forme/sketch_experiments/aa_sketch_detail_20260618_032309/logs/vbe_adder_3_lx2_dynamic_repair_chi_packed_aa_sketch_15.out
vbe_adder_3.tfc,noreuse,15,lx2_dynamic_repair_chi_packed_aa_sketch_noreuse_15,23,19,18,0.018,0.030985,225,222,0,3,1.333,1,2,3,0,3,0.000,0.021,16.998,2.962,0.019,0,14.017,0.536,0.536,0.206,98.6667,256.36,17.1644,0,859.667,0,0,0,0,0,,,0,/home/ryo-mtmt/TOpt/forme/sketch_experiments/aa_sketch_detail_20260618_032309/logs/vbe_adder_3_lx2_dynamic_repair_chi_packed_aa_sketch_noreuse_15.out
vbe_adder_3.tfc,reuse,20,lx2_dynamic_repair_chi_packed_aa_sketch_20,23,19,18,0.018,0.027411,225,223,0,2,0.889,0,2,2,0,2,0.000,0.023,17.023,2.512,0.013,0,14.498,0.376,0.376,0.183,99.1111,341.68,17.2667,0,1016,0,0,0,0,0,,,0,/home/ryo-mtmt/TOpt/forme/sketch_experiments/aa_sketch_detail_20260618_032309/logs/vbe_adder_3_lx2_dynamic_repair_chi_packed_aa_sketch_20.out
vbe_adder_3.tfc,noreuse,20,lx2_dynamic_repair_chi_packed_aa_sketch_noreuse_20,23,19,17,0.017,0.026964,225,223,0,2,0.889,0,2,2,0,2,0.000,0.019,16.749,2.431,0.013,0,14.305,0.354,0.354,0.18,99.1111,341.68,17.2667,0,1016,0,0,0,0,0,,,0,/home/ryo-mtmt/TOpt/forme/sketch_experiments/aa_sketch_detail_20260618_032309/logs/vbe_adder_3_lx2_dynamic_repair_chi_packed_aa_sketch_noreuse_20.out
vbe_adder_3.tfc,reuse,25,lx2_dynamic_repair_chi_packed_aa_sketch_25,23,19,26,0.026,0.039406,225,223,0,2,0.889,0,2,2,0,2,0.000,0.022,25.463,3.023,0.036,0,22.404,0.418,0.418,0.208,99.1111,426.52,17.3244,0,1016,0,0,0,0,0,,,0,/home/ryo-mtmt/TOpt/forme/sketch_experiments/aa_sketch_detail_20260618_032309/logs/vbe_adder_3_lx2_dynamic_repair_chi_packed_aa_sketch_25.out
vbe_adder_3.tfc,noreuse,25,lx2_dynamic_repair_chi_packed_aa_sketch_noreuse_25,23,19,26,0.026,0.039194,225,223,0,2,0.889,0,2,2,0,2,0.000,0.021,25.414,3.054,0.019,0,22.341,0.416,0.416,0.211,99.1111,426.52,17.3244,0,1016,0,0,0,0,0,,,0,/home/ryo-mtmt/TOpt/forme/sketch_experiments/aa_sketch_detail_20260618_032309/logs/vbe_adder_3_lx2_dynamic_repair_chi_packed_aa_sketch_noreuse_25.out
vbe_adder_3.tfc,reuse,30,lx2_dynamic_repair_chi_packed_aa_sketch_30,23,19,30,0.030,0.043465,225,223,0,2,0.889,0,2,2,0,2,0.000,0.021,29.613,3.05,0.017,0,26.546,0.412,0.412,0.215,99.1111,512.133,17.36,0,1016,0,0,0,0,0,,,0,/home/ryo-mtmt/TOpt/forme/sketch_experiments/aa_sketch_detail_20260618_032309/logs/vbe_adder_3_lx2_dynamic_repair_chi_packed_aa_sketch_30.out
vbe_adder_3.tfc,noreuse,30,lx2_dynamic_repair_chi_packed_aa_sketch_noreuse_30,23,19,23,0.023,0.03275,225,223,0,2,0.889,0,2,2,0,2,0.000,0.018,22.789,2.383,0.065,0,20.341,0.357,0.357,0.178,99.1111,512.133,17.36,0,1016,0,0,0,0,0,,,0,/home/ryo-mtmt/TOpt/forme/sketch_experiments/aa_sketch_detail_20260618_032309/logs/vbe_adder_3_lx2_dynamic_repair_chi_packed_aa_sketch_noreuse_30.out
adder_8.tfc,baseline,,lx2_dynamic_repair_chi_packed_aa,287,129,489103,489.103,1460.52,26500,,,26500,100.000,26447,53,19596,6904,26500,26.053,6.005,,,,,,482210,482210,1148.09,,,,88630.8,165340,,,,,,,,0,/home/ryo-mtmt/TOpt/forme/sketch_experiments/aa_sketch_detail_20260618_032309/logs/adder_8_lx2_dynamic_repair_chi_packed_aa.out
adder_8.tfc,reuse,3,lx2_dynamic_repair_chi_packed_aa_sketch_3,287,129,331103,331.103,1303.34,26500,10696,0,15804,59.638,15751,53,11296,4508,15804,28.524,6.713,55489.5,28927.6,692.422,0.004,25869.5,270387,270387,1203.2,40.3623,4960.77,105.088,88466.1,123436,0,0,0,0,0,,,0,/home/ryo-mtmt/TOpt/forme/sketch_experiments/aa_sketch_detail_20260618_032309/logs/adder_8_lx2_dynamic_repair_chi_packed_aa_sketch_3.out
adder_8.tfc,noreuse,3,lx2_dynamic_repair_chi_packed_aa_sketch_noreuse_3,287,129,480189,480.189,1450.58,26500,10696,0,15804,59.638,15751,53,15804,0,15804,0.000,5.955,54974.3,28541.2,683.167,0.003,25749.9,420250,420250,1127.74,40.3623,4960.77,105.088,0,123436,0,0,0,0,0,,,0,/home/ryo-mtmt/TOpt/forme/sketch_experiments/aa_sketch_detail_20260618_032309/logs/adder_8_lx2_dynamic_repair_chi_packed_aa_sketch_noreuse_3.out
adder_8.tfc,reuse,5,lx2_dynamic_repair_chi_packed_aa_sketch_5,287,129,227969,227.969,1199.64,26500,16335,0,10165,38.358,10112,53,6824,3341,10165,32.868,6.015,72021.6,28497.8,861.246,0.003,42662.5,151976,151976,1135.5,61.6415,8267.44,116.583,78204.6,88148.8,0,0,0,0,0,,,0,/home/ryo-mtmt/TOpt/forme/sketch_experiments/aa_sketch_detail_20260618_032309/logs/adder_8_lx2_dynamic_repair_chi_packed_aa_sketch_5.out
adder_8.tfc,noreuse,5,lx2_dynamic_repair_chi_packed_aa_sketch_noreuse_5,287,129,347097,347.097,1319.48,26500,16335,0,10165,38.358,10112,53,10165,0,10165,0.000,6.389,72235.8,28565.5,878.028,0.003,42792.3,270770,270770,1189.32,61.6415,8267.44,116.583,0,88148.8,0,0,0,0,0,,,0,/home/ryo-mtmt/TOpt/forme/sketch_experiments/aa_sketch_detail_20260618_032309/logs/adder_8_lx2_dynamic_repair_chi_packed_aa_sketch_noreuse_5.out
adder_8.tfc,reuse,8,lx2_dynamic_repair_chi_packed_aa_sketch_8,287,129,189807,189.807,1165.31,26500,20372,0,6128,23.125,6075,53,3944,2184,6128,35.640,6.377,98484.1,28738.9,1117.36,0.019,68627.9,87934.3,87934.3,1187.13,76.8755,13227.7,126.059,66318.9,62946.2,0,0,0,0,0,,,0,/home/ryo-mtmt/TOpt/forme/sketch_experiments/aa_sketch_detail_20260618_032309/logs/adder_8_lx2_dynamic_repair_chi_packed_aa_sketch_8.out
adder_8.tfc,noreuse,8,lx2_dynamic_repair_chi_packed_aa_sketch_noreuse_8,287,129,260189,260.189,1247.22,26500,20372,0,6128,23.125,6075,53,6128,0,6128,0.000,6.04,98569.6,28666.9,1130.27,0.009,68772.4,158314,158314,1154.17,76.8755,13227.7,126.059,0,62946.2,0,0,0,0,0,,,0,/home/ryo-mtmt/TOpt/forme/sketch_experiments/aa_sketch_detail_20260618_032309/logs/adder_8_lx2_dynamic_repair_chi_packed_aa_sketch_noreuse_8.out
adder_8.tfc,reuse,10,lx2_dynamic_repair_chi_packed_aa_sketch_10,287,129,184196,184.196,1161.07,26500,21851,0,4649,17.543,4596,53,2978,1671,4649,35.943,6.314,115146,28475.1,1219.79,0.008,85450.8,65959.6,65959.6,1165.04,82.4566,16534.5,130,61520.1,54909.6,0,0,0,0,0,,,0,/home/ryo-mtmt/TOpt/forme/sketch_experiments/aa_sketch_detail_20260618_032309/logs/adder_8_lx2_dynamic_repair_chi_packed_aa_sketch_10.out
adder_8.tfc,noreuse,10,lx2_dynamic_repair_chi_packed_aa_sketch_noreuse_10,287,129,236766,236.766,1206.43,26500,21851,0,4649,17.543,4596,53,4649,0,4649,0.000,6.093,115082,28527.7,1231.71,0.01,85322.1,118654,118654,1136.09,82.4566,16534.5,130,0,54909.6,0,0,0,0,0,,,0,/home/ryo-mtmt/TOpt/forme/sketch_experiments/aa_sketch_detail_20260618_032309/logs/adder_8_lx2_dynamic_repair_chi_packed_aa_sketch_noreuse_10.out
adder_8.tfc,reuse,13,lx2_dynamic_repair_chi_packed_aa_sketch_13,287,129,189856,189.856,1159.33,26500,23258,0,3242,12.234,3189,53,2086,1156,3242,35.657,5.999,141135,28502.8,1374.58,0.003,111258,45956.6,45956.6,1139.22,87.766,21494.7,134.083,55545.6,47980.8,0,0,0,0,0,,,0,/home/ryo-mtmt/TOpt/forme/sketch_experiments/aa_sketch_detail_20260618_032309/logs/adder_8_lx2_dynamic_repair_chi_packed_aa_sketch_13.out
adder_8.tfc,noreuse,13,lx2_dynamic_repair_chi_packed_aa_sketch_noreuse_13,287,129,226258,226.258,1197.04,26500,23258,0,3242,12.234,3189,53,3242,0,3242,0.000,6.063,140839,28484.4,1384.77,0.009,110970,82652.6,82652.6,1146.51,87.766,21494.7,134.083,0,47980.8,0,0,0,0,0,,,0,/home/ryo-mtmt/TOpt/forme/sketch_experiments/aa_sketch_detail_20260618_032309/logs/adder_8_lx2_dynamic_repair_chi_packed_aa_sketch_noreuse_13.out
adder_8.tfc,reuse,15,lx2_dynamic_repair_chi_packed_aa_sketch_15,287,129,197639,197.639,1167.87,26500,23940,0,2560,9.660,2507,53,1684,876,2560,34.219,6.07,157614,28599.7,1454.73,0.01,127560,37368.1,37368.1,1146.95,90.3396,24801.5,136.004,54064.3,45072.1,0,0,0,0,0,,,0,/home/ryo-mtmt/TOpt/forme/sketch_experiments/aa_sketch_detail_20260618_032309/logs/adder_8_lx2_dynamic_repair_chi_packed_aa_sketch_15.out
adder_8.tfc,noreuse,15,lx2_dynamic_repair_chi_packed_aa_sketch_noreuse_15,287,129,226767,226.767,1195.47,26500,23940,0,2560,9.660,2507,53,2560,0,2560,0.000,6.085,157948,28634.1,1457.89,0.006,127856,66165.3,66165.3,1147.51,90.3396,24801.5,136.004,0,45072.1,0,0,0,0,0,,,0,/home/ryo-mtmt/TOpt/forme/sketch_experiments/aa_sketch_detail_20260618_032309/logs/adder_8_lx2_dynamic_repair_chi_packed_aa_sketch_noreuse_15.out
adder_8.tfc,reuse,20,lx2_dynamic_repair_chi_packed_aa_sketch_20,287,129,228093,228.093,1197.41,26500,25016,0,1484,5.600,1431,53,1056,428,1484,28.841,6.096,200555,28594.5,1623.76,0.004,170336,24994.9,24994.9,1206.63,94.4,33068.5,139.125,53385.9,41275,0,0,0,0,0,,,0,/home/ryo-mtmt/TOpt/forme/sketch_experiments/aa_sketch_detail_20260618_032309/logs/adder_8_lx2_dynamic_repair_chi_packed_aa_sketch_20.out
adder_8.tfc,noreuse,20,lx2_dynamic_repair_chi_packed_aa_sketch_noreuse_20,287,129,242937,242.937,1212.24,26500,25016,0,1484,5.600,1431,53,1484,0,1484,0.000,6.119,200625,28541.9,1629.2,0.012,170454,39797.2,39797.2,1188.83,94.4,33068.5,139.125,0,41275,0,0,0,0,0,,,0,/home/ryo-mtmt/TOpt/forme/sketch_experiments/aa_sketch_detail_20260618_032309/logs/adder_8_lx2_dynamic_repair_chi_packed_aa_sketch_noreuse_20.out
adder_8.tfc,reuse,25,lx2_dynamic_repair_chi_packed_aa_sketch_25,287,129,262226,262.226,1231.92,26500,25585,0,915,3.453,862,53,702,213,915,23.279,5.931,243405,28453.3,1732.5,0.007,213219,16451.6,16451.6,1150.13,96.5472,41335.3,140.835,53984,40186,0,0,0,0,0,,,0,/home/ryo-mtmt/TOpt/forme/sketch_experiments/aa_sketch_detail_20260618_032309/logs/adder_8_lx2_dynamic_repair_chi_packed_aa_sketch_25.out
adder_8.tfc,noreuse,25,lx2_dynamic_repair_chi_packed_aa_sketch_noreuse_25,287,129,270293,270.293,1240.2,26500,25585,0,915,3.453,862,53,915,0,915,0.000,6.033,243438,28505.5,1737.81,0.009,213195,24490.9,24490.9,1149.42,96.5472,41335.3,140.835,0,40186,0,0,0,0,0,,,0,/home/ryo-mtmt/TOpt/forme/sketch_experiments/aa_sketch_detail_20260618_032309/logs/adder_8_lx2_dynamic_repair_chi_packed_aa_sketch_noreuse_25.out
adder_8.tfc,reuse,30,lx2_dynamic_repair_chi_packed_aa_sketch_30,287,129,300024,300.024,1273.86,26500,25932,0,568,2.143,515,53,455,113,568,19.894,6.334,286428,28625.4,1821.21,0.009,255981,11216.9,11216.9,1155.78,97.8566,49602.6,141.847,51334.1,38694.7,0,0,0,0,0,,,0,/home/ryo-mtmt/TOpt/forme/sketch_experiments/aa_sketch_detail_20260618_032309/logs/adder_8_lx2_dynamic_repair_chi_packed_aa_sketch_30.out
adder_8.tfc,noreuse,30,lx2_dynamic_repair_chi_packed_aa_sketch_noreuse_30,287,129,303163,303.163,1274.27,26500,25932,0,568,2.143,515,53,568,0,568,0.000,6.018,285579,28475,1806.52,0.01,255297,15302.7,15302.7,1129.96,97.8566,49602.6,141.847,0,38694.7,0,0,0,0,0,,,0,/home/ryo-mtmt/TOpt/forme/sketch_experiments/aa_sketch_detail_20260618_032309/logs/adder_8_lx2_dynamic_repair_chi_packed_aa_sketch_noreuse_30.out
gf2^9_mult.tfc,baseline,,lx2_dynamic_repair_chi_packed_aa,351,281,220379,220.379,225.946,42091,,,42091,100.000,42065,26,38090,4001,42091,9.506,1.594,,,,,,218740,218740,63.441,,,,18203.9,29667.7,,,,,,,,0,/home/ryo-mtmt/TOpt/forme/sketch_experiments/aa_sketch_detail_20260618_032309/logs/gf2^9_mult_lx2_dynamic_repair_chi_packed_aa.out
gf2^9_mult.tfc,reuse,3,lx2_dynamic_repair_chi_packed_aa_sketch_3,351,281,244064,244.064,249.605,42091,390,0,41701,99.073,41675,26,38065,3636,41701,8.719,1.522,25075.2,6870.29,7399.27,0.018,10805.6,217383,217383,60.489,0.926564,894.892,186.938,18367,29881.8,0,0,0,0,0,,,0,/home/ryo-mtmt/TOpt/forme/sketch_experiments/aa_sketch_detail_20260618_032309/logs/gf2^9_mult_lx2_dynamic_repair_chi_packed_aa_sketch_3.out
gf2^9_mult.tfc,noreuse,3,lx2_dynamic_repair_chi_packed_aa_sketch_noreuse_3,351,281,282308,282.308,287.773,42091,390,0,41701,99.073,41675,26,41701,0,41701,0.000,1.165,25108.4,6835.65,7445.54,0.024,10827.2,255826,255826,46.781,0.926564,894.892,186.938,0,29881.8,0,0,0,0,0,,,0,/home/ryo-mtmt/TOpt/forme/sketch_experiments/aa_sketch_detail_20260618_032309/logs/gf2^9_mult_lx2_dynamic_repair_chi_packed_aa_sketch_noreuse_3.out
gf2^9_mult.tfc,reuse,5,lx2_dynamic_repair_chi_packed_aa_sketch_5,351,281,235394,235.394,240.913,42091,3928,0,38163,90.668,38137,26,34775,3388,38163,8.878,1.037,37949.6,6827.59,12524.1,0.032,18597.9,196198,196198,44.655,9.33216,1484.24,239.11,18267.3,28913.2,0,0,0,0,0,,,0,/home/ryo-mtmt/TOpt/forme/sketch_experiments/aa_sketch_detail_20260618_032309/logs/gf2^9_mult_lx2_dynamic_repair_chi_packed_aa_sketch_5.out
gf2^9_mult.tfc,noreuse,5,lx2_dynamic_repair_chi_packed_aa_sketch_noreuse_5,351,281,269256,269.256,274.731,42091,3928,0,38163,90.668,38137,26,38163,0,38163,0.000,1.281,38027.8,6816.84,12599.7,0.015,18611.2,229863,229863,49.203,9.33216,1484.24,239.11,0,28913.2,0,0,0,0,0,,,0,/home/ryo-mtmt/TOpt/forme/sketch_experiments/aa_sketch_detail_20260618_032309/logs/gf2^9_mult_lx2_dynamic_repair_chi_packed_aa_sketch_noreuse_5.out
gf2^9_mult.tfc,reuse,8,lx2_dynamic_repair_chi_packed_aa_sketch_8,351,281,108884,108.884,114.63,42091,29016,0,13075,31.064,13049,26,11167,1908,13075,14.593,1.73,52666.8,6820.61,15313.3,0.024,30532.9,55024,55024,69.444,68.9364,2373.9,266.421,15958.8,21406.7,0,0,0,0,0,,,0,/home/ryo-mtmt/TOpt/forme/sketch_experiments/aa_sketch_detail_20260618_032309/logs/gf2^9_mult_lx2_dynamic_repair_chi_packed_aa_sketch_8.out
gf2^9_mult.tfc,noreuse,8,lx2_dynamic_repair_chi_packed_aa_sketch_noreuse_8,351,281,120809,120.809,126.453,42091,29016,0,13075,31.064,13049,26,13075,0,13075,0.000,1.043,52633.1,6817.22,15312.9,0.008,30503,67389.6,67389.6,44.06,68.9364,2373.9,266.421,0,21406.7,0,0,0,0,0,,,0,/home/ryo-mtmt/TOpt/forme/sketch_experiments/aa_sketch_detail_20260618_032309/logs/gf2^9_mult_lx2_dynamic_repair_chi_packed_aa_sketch_noreuse_8.out
gf2^9_mult.tfc,reuse,10,lx2_dynamic_repair_chi_packed_aa_sketch_10,351,281,84853,84.853,90.6206,42091,35711,0,6380,15.158,6354,26,5012,1368,6380,21.442,1.684,61288.6,6853.25,16035.1,0.012,38400.3,22531.5,22531.5,65.237,84.8424,2967.37,271.172,13816.9,17175.6,0,0,0,0,0,,,0,/home/ryo-mtmt/TOpt/forme/sketch_experiments/aa_sketch_detail_20260618_032309/logs/gf2^9_mult_lx2_dynamic_repair_chi_packed_aa_sketch_10.out
gf2^9_mult.tfc,noreuse,10,lx2_dynamic_repair_chi_packed_aa_sketch_noreuse_10,351,281,91640,91.640,97.2827,42091,35711,0,6380,15.158,6354,26,6380,0,6380,0.000,1.031,61303,6779.73,15984.2,0.016,38539.1,29669,29669,44.541,84.8424,2967.37,271.172,0,17175.6,0,0,0,0,0,,,0,/home/ryo-mtmt/TOpt/forme/sketch_experiments/aa_sketch_detail_20260618_032309/logs/gf2^9_mult_lx2_dynamic_repair_chi_packed_aa_sketch_noreuse_10.out
gf2^9_mult.tfc,reuse,13,lx2_dynamic_repair_chi_packed_aa_sketch_13,351,281,84182,84.182,89.96,42091,38874,0,3217,7.643,3191,26,2275,942,3217,29.282,1.593,73812.7,6808.91,16761.9,0.016,50241.9,9434.65,9434.65,63.093,92.357,3857.4,274.313,11405.3,13455,0,0,0,0,0,,,0,/home/ryo-mtmt/TOpt/forme/sketch_experiments/aa_sketch_detail_20260618_032309/logs/gf2^9_mult_lx2_dynamic_repair_chi_packed_aa_sketch_13.out
gf2^9_mult.tfc,noreuse,13,lx2_dynamic_repair_chi_packed_aa_sketch_noreuse_13,351,281,88904,88.904,94.7353,42091,38874,0,3217,7.643,3191,26,3217,0,3217,0.000,1.669,73869.5,6780.94,16831.4,0.008,50257.1,14050,14050,65.094,92.357,3857.4,274.313,0,13455,0,0,0,0,0,,,0,/home/ryo-mtmt/TOpt/forme/sketch_experiments/aa_sketch_detail_20260618_032309/logs/gf2^9_mult_lx2_dynamic_repair_chi_packed_aa_sketch_noreuse_13.out
gf2^9_mult.tfc,reuse,15,lx2_dynamic_repair_chi_packed_aa_sketch_15,351,281,88504,88.504,94.2782,42091,39985,0,2106,5.003,2080,26,1385,721,2106,34.236,1.521,82088,6797.78,17128.8,0.023,58161.4,5535.81,5535.81,61.674,94.9966,4450.54,275.503,10281.9,11684.8,0,0,0,0,0,,,0,/home/ryo-mtmt/TOpt/forme/sketch_experiments/aa_sketch_detail_20260618_032309/logs/gf2^9_mult_lx2_dynamic_repair_chi_packed_aa_sketch_15.out
gf2^9_mult.tfc,noreuse,15,lx2_dynamic_repair_chi_packed_aa_sketch_noreuse_15,351,281,91691,91.691,97.453,42091,39985,0,2106,5.003,2080,26,2106,0,2106,0.000,1.577,82089.3,6763.74,17194.5,0.009,58131,8705.04,8705.04,62.326,94.9966,4450.54,275.503,0,11684.8,0,0,0,0,0,,,0,/home/ryo-mtmt/TOpt/forme/sketch_experiments/aa_sketch_detail_20260618_032309/logs/gf2^9_mult_lx2_dynamic_repair_chi_packed_aa_sketch_noreuse_15.out
gf2^9_mult.tfc,reuse,20,lx2_dynamic_repair_chi_packed_aa_sketch_20,351,281,105822,105.822,111.581,42091,41104,0,987,2.345,961,26,596,391,987,39.615,1.696,102578,6775.94,17958.1,0.014,77843.6,2288.68,2288.68,64.193,97.6551,5933.99,277.276,8365.59,8722.59,0,0,0,0,0,,,0,/home/ryo-mtmt/TOpt/forme/sketch_experiments/aa_sketch_detail_20260618_032309/logs/gf2^9_mult_lx2_dynamic_repair_chi_packed_aa_sketch_20.out
gf2^9_mult.tfc,noreuse,20,lx2_dynamic_repair_chi_packed_aa_sketch_noreuse_20,351,281,106741,106.741,112.488,42091,41104,0,987,2.345,961,26,987,0,987,0.000,1.131,102425,6711.34,17924.6,0.011,77789.5,3688.49,3688.49,47.084,97.6551,5933.99,277.276,0,8722.59,0,0,0,0,0,,,0,/home/ryo-mtmt/TOpt/forme/sketch_experiments/aa_sketch_detail_20260618_032309/logs/gf2^9_mult_lx2_dynamic_repair_chi_packed_aa_sketch_noreuse_20.out
gf2^9_mult.tfc,reuse,25,lx2_dynamic_repair_chi_packed_aa_sketch_25,351,281,124746,124.746,130.471,42091,41566,0,525,1.247,499,26,305,220,525,41.905,1.496,122796,6723.37,18567.3,0.012,97505,1117.25,1117.25,59.313,98.7527,7417.18,278.277,7441.16,7128.87,0,0,0,0,0,,,0,/home/ryo-mtmt/TOpt/forme/sketch_experiments/aa_sketch_detail_20260618_032309/logs/gf2^9_mult_lx2_dynamic_repair_chi_packed_aa_sketch_25.out
gf2^9_mult.tfc,noreuse,25,lx2_dynamic_repair_chi_packed_aa_sketch_noreuse_25,351,281,125463,125.463,131.199,42091,41566,0,525,1.247,499,26,525,0,525,0.000,1.07,123009,6824.07,18672.1,0.009,97512.6,1870.46,1870.46,44.779,98.7527,7417.18,278.277,0,7128.87,0,0,0,0,0,,,0,/home/ryo-mtmt/TOpt/forme/sketch_experiments/aa_sketch_detail_20260618_032309/logs/gf2^9_mult_lx2_dynamic_repair_chi_packed_aa_sketch_noreuse_25.out
gf2^9_mult.tfc,reuse,30,lx2_dynamic_repair_chi_packed_aa_sketch_30,351,281,144304,144.304,150.02,42091,41733,0,358,0.851,332,26,218,140,358,39.106,1.14,142951,6791.02,19075.7,0.014,117084,736.868,736.868,46.539,99.1495,8900.84,278.93,6688.21,6271.31,0,0,0,0,0,,,0,/home/ryo-mtmt/TOpt/forme/sketch_experiments/aa_sketch_detail_20260618_032309/logs/gf2^9_mult_lx2_dynamic_repair_chi_packed_aa_sketch_30.out
gf2^9_mult.tfc,noreuse,30,lx2_dynamic_repair_chi_packed_aa_sketch_noreuse_30,351,281,145142,145.142,150.854,42091,41733,0,358,0.851,332,26,358,0,358,0.000,1.332,143124,6776.43,19164.5,0.007,117183,1286.85,1286.85,53.318,99.1495,8900.84,278.93,0,6271.31,0,0,0,0,0,,,0,/home/ryo-mtmt/TOpt/forme/sketch_experiments/aa_sketch_detail_20260618_032309/logs/gf2^9_mult_lx2_dynamic_repair_chi_packed_aa_sketch_noreuse_30.out
ham15-low.tfc,baseline,,lx2_dynamic_repair_chi_packed_aa,135,78,8159,8.159,22.6079,4279,,,4279,100.000,4263,16,3361,918,4279,21.454,0.538,,,,,,7972.65,7972.65,19.417,,,,21932.6,37907,,,,,,,,0,/home/ryo-mtmt/TOpt/forme/sketch_experiments/aa_sketch_detail_20260618_032309/logs/ham15-low_lx2_dynamic_repair_chi_packed_aa.out
ham15-low.tfc,reuse,3,lx2_dynamic_repair_chi_packed_aa_sketch_3,135,78,7057,7.057,21.5483,4279,1546,0,2733,63.870,2717,16,2165,568,2733,20.783,0.759,1917.44,1060.63,8.124,0,848.685,4967.36,4967.36,24.808,36.1299,1137.71,59.6317,22951.9,32999.8,0,0,0,0,0,,,0,/home/ryo-mtmt/TOpt/forme/sketch_experiments/aa_sketch_detail_20260618_032309/logs/ham15-low_lx2_dynamic_repair_chi_packed_aa_sketch_3.out
ham15-low.tfc,noreuse,3,lx2_dynamic_repair_chi_packed_aa_sketch_noreuse_3,135,78,9523,9.523,24.0357,4279,1546,0,2733,63.870,2717,16,2733,0,2733,0.000,0.794,1938.18,1073.08,8.054,0,857.046,7402.27,7402.27,27.635,36.1299,1137.71,59.6317,0,32999.8,0,0,0,0,0,,,0,/home/ryo-mtmt/TOpt/forme/sketch_experiments/aa_sketch_detail_20260618_032309/logs/ham15-low_lx2_dynamic_repair_chi_packed_aa_sketch_noreuse_3.out
ham15-low.tfc,reuse,5,lx2_dynamic_repair_chi_packed_aa_sketch_5,135,78,5597,5.597,20.1101,4279,2610,0,1669,39.004,1653,16,1289,380,1669,22.768,0.795,2492.38,1085.59,11.965,0,1394.83,2950.26,2950.26,26.901,60.9956,1895.94,66.0703,22469.4,27356.1,0,0,0,0,0,,,0,/home/ryo-mtmt/TOpt/forme/sketch_experiments/aa_sketch_detail_20260618_032309/logs/ham15-low_lx2_dynamic_repair_chi_packed_aa_sketch_5.out
ham15-low.tfc,noreuse,5,lx2_dynamic_repair_chi_packed_aa_sketch_noreuse_5,135,78,6583,6.583,21.0007,4279,2610,0,1669,39.004,1653,16,1669,0,1669,0.000,0.546,2443.53,1053.33,11.159,0,1379.04,4021.49,4021.49,20.869,60.9956,1895.94,66.0703,0,27356.1,0,0,0,0,0,,,0,/home/ryo-mtmt/TOpt/forme/sketch_experiments/aa_sketch_detail_20260618_032309/logs/ham15-low_lx2_dynamic_repair_chi_packed_aa_sketch_noreuse_5.out
ham15-low.tfc,reuse,8,lx2_dynamic_repair_chi_packed_aa_sketch_8,135,78,4827,4.827,19.3376,4279,3371,0,908,21.220,892,16,691,217,908,23.899,0.777,3257.87,1069.68,14.22,0,2173.97,1442.36,1442.36,26.073,78.7801,3033.3,70.6249,20471,20786.7,0,0,0,0,0,,,0,/home/ryo-mtmt/TOpt/forme/sketch_experiments/aa_sketch_detail_20260618_032309/logs/ham15-low_lx2_dynamic_repair_chi_packed_aa_sketch_8.out
ham15-low.tfc,noreuse,8,lx2_dynamic_repair_chi_packed_aa_sketch_noreuse_8,135,78,5360,5.360,19.7888,4279,3371,0,908,21.220,892,16,908,0,908,0.000,0.546,3257.24,1057.11,13.886,0.002,2186.24,2005.82,2005.82,19.908,78.7801,3033.3,70.6249,0,20786.7,0,0,0,0,0,,,0,/home/ryo-mtmt/TOpt/forme/sketch_experiments/aa_sketch_detail_20260618_032309/logs/ham15-low_lx2_dynamic_repair_chi_packed_aa_sketch_noreuse_8.out
ham15-low.tfc,reuse,10,lx2_dynamic_repair_chi_packed_aa_sketch_10,135,78,5267,5.267,19.7796,4279,3623,0,656,15.331,640,16,507,149,656,22.713,0.868,3917.04,1116.97,22.395,0.003,2777.68,1216.88,1216.88,29.765,84.6693,3791.24,72.3342,19426,18329.9,0,0,0,0,0,,,0,/home/ryo-mtmt/TOpt/forme/sketch_experiments/aa_sketch_detail_20260618_032309/logs/ham15-low_lx2_dynamic_repair_chi_packed_aa_sketch_10.out
ham15-low.tfc,noreuse,10,lx2_dynamic_repair_chi_packed_aa_sketch_noreuse_10,135,78,5452,5.452,19.9593,4279,3623,0,656,15.331,640,16,656,0,656,0.000,0.773,3778.45,1064.31,15.882,0.001,2698.25,1555.15,1555.15,25.921,84.6693,3791.24,72.3342,0,18329.9,0,0,0,0,0,,,0,/home/ryo-mtmt/TOpt/forme/sketch_experiments/aa_sketch_detail_20260618_032309/logs/ham15-low_lx2_dynamic_repair_chi_packed_aa_sketch_noreuse_10.out
ham15-low.tfc,reuse,13,lx2_dynamic_repair_chi_packed_aa_sketch_13,135,78,6324,6.324,20.8175,4279,3854,0,425,9.932,409,16,342,83,425,19.529,0.937,5168.11,1233.95,45.403,0,3888.75,1016.4,1016.4,35.452,90.0678,4928.34,73.8843,18211,15204.7,0,0,0,0,0,,,0,/home/ryo-mtmt/TOpt/forme/sketch_experiments/aa_sketch_detail_20260618_032309/logs/ham15-low_lx2_dynamic_repair_chi_packed_aa_sketch_13.out
ham15-low.tfc,noreuse,13,lx2_dynamic_repair_chi_packed_aa_sketch_noreuse_13,135,78,5875,5.875,20.3747,4279,3854,0,425,9.932,409,16,425,0,425,0.000,0.827,4635.13,1088.59,21.884,0,3524.65,1120.88,1120.88,28.341,90.0678,4928.34,73.8843,0,15204.7,0,0,0,0,0,,,0,/home/ryo-mtmt/TOpt/forme/sketch_experiments/aa_sketch_detail_20260618_032309/logs/ham15-low_lx2_dynamic_repair_chi_packed_aa_sketch_noreuse_13.out
ham15-low.tfc,reuse,15,lx2_dynamic_repair_chi_packed_aa_sketch_15,135,78,5617,5.617,20.0572,4279,3940,0,339,7.922,323,16,273,66,339,19.469,0.541,5053.53,1053.86,17.615,0.001,3982.06,483.15,483.15,19.867,92.0776,5686.55,74.5534,17474.5,14188.3,0,0,0,0,0,,,0,/home/ryo-mtmt/TOpt/forme/sketch_experiments/aa_sketch_detail_20260618_032309/logs/ham15-low_lx2_dynamic_repair_chi_packed_aa_sketch_15.out
ham15-low.tfc,noreuse,15,lx2_dynamic_repair_chi_packed_aa_sketch_noreuse_15,135,78,5872,5.872,20.3789,4279,3940,0,339,7.922,323,16,339,0,339,0.000,0.583,5089.48,1051.41,18.021,0,4020.04,699.537,699.537,19.834,92.0776,5686.55,74.5534,0,14188.3,0,0,0,0,0,,,0,/home/ryo-mtmt/TOpt/forme/sketch_experiments/aa_sketch_detail_20260618_032309/logs/ham15-low_lx2_dynamic_repair_chi_packed_aa_sketch_noreuse_15.out
ham15-low.tfc,reuse,20,lx2_dynamic_repair_chi_packed_aa_sketch_20,135,78,6717,6.717,21.1491,4279,4088,0,191,4.464,175,16,161,30,191,15.707,0.544,6352.01,1053.07,19.566,0,5279.38,288.627,288.627,20.138,95.5363,7581.87,75.5744,16091.5,12313.2,0,0,0,0,0,,,0,/home/ryo-mtmt/TOpt/forme/sketch_experiments/aa_sketch_detail_20260618_032309/logs/ham15-low_lx2_dynamic_repair_chi_packed_aa_sketch_20.out
ham15-low.tfc,noreuse,20,lx2_dynamic_repair_chi_packed_aa_sketch_noreuse_20,135,78,7191,7.191,21.689,4279,4088,0,191,4.464,175,16,191,0,191,0.000,0.844,6526.04,1101.33,28.536,0,5396.17,550.855,550.855,28.856,95.5363,7581.87,75.5744,0,12313.2,0,0,0,0,0,,,0,/home/ryo-mtmt/TOpt/forme/sketch_experiments/aa_sketch_detail_20260618_032309/logs/ham15-low_lx2_dynamic_repair_chi_packed_aa_sketch_noreuse_20.out
ham15-low.tfc,reuse,25,lx2_dynamic_repair_chi_packed_aa_sketch_25,135,78,8261,8.261,22.7847,4279,4163,0,116,2.711,100,16,100,16,116,13.793,0.82,7895.49,1087.18,28.399,0.001,6779.91,256.012,256.012,28.351,97.2891,9477.03,76.0925,15571.4,12034,0,0,0,0,0,,,0,/home/ryo-mtmt/TOpt/forme/sketch_experiments/aa_sketch_detail_20260618_032309/logs/ham15-low_lx2_dynamic_repair_chi_packed_aa_sketch_25.out
ham15-low.tfc,noreuse,25,lx2_dynamic_repair_chi_packed_aa_sketch_noreuse_25,135,78,8783,8.783,23.2831,4279,4163,0,116,2.711,100,16,116,0,116,0.000,0.922,8252.93,1168.06,43.386,0,7041.48,408.377,408.377,33.805,97.2891,9477.03,76.0925,0,12034,0,0,0,0,0,,,0,/home/ryo-mtmt/TOpt/forme/sketch_experiments/aa_sketch_detail_20260618_032309/logs/ham15-low_lx2_dynamic_repair_chi_packed_aa_sketch_noreuse_25.out
ham15-low.tfc,reuse,30,lx2_dynamic_repair_chi_packed_aa_sketch_30,135,78,10047,10.047,24.541,4279,4202,0,77,1.799,61,16,71,6,77,7.792,0.911,9680.18,1161.67,45.194,0,8473.32,245.762,245.762,32.969,98.2005,11372.6,76.4094,15854.2,11993.2,0,0,0,0,0,,,0,/home/ryo-mtmt/TOpt/forme/sketch_experiments/aa_sketch_detail_20260618_032309/logs/ham15-low_lx2_dynamic_repair_chi_packed_aa_sketch_30.out
ham15-low.tfc,noreuse,30,lx2_dynamic_repair_chi_packed_aa_sketch_noreuse_30,135,78,9368,9.368,23.8797,4279,4202,0,77,1.799,61,16,77,0,77,0.000,0.711,9071.25,1054.13,23.689,0,7993.44,204.017,204.017,23.566,98.2005,11372.6,76.4094,0,11993.2,0,0,0,0,0,,,0,/home/ryo-mtmt/TOpt/forme/sketch_experiments/aa_sketch_detail_20260618_032309/logs/ham15-low_lx2_dynamic_repair_chi_packed_aa_sketch_noreuse_30.out
ham15-med.tfc,baseline,,lx2_dynamic_repair_chi_packed_aa,287,163,1563495,1563.495,3189.03,49009,,,49009,100.000,48957,52,39715,9294,49009,18.964,6.78,,,,,,1.5498e+06,1.5498e+06,1766.94,,,,107911,223552,,,,,,,,0,/home/ryo-mtmt/TOpt/forme/sketch_experiments/aa_sketch_detail_20260618_032309/logs/ham15-med_lx2_dynamic_repair_chi_packed_aa.out
ham15-med.tfc,reuse,3,lx2_dynamic_repair_chi_packed_aa_sketch_3,287,163,1176928,1176.928,2800.56,49009,16090,0,32919,67.169,32867,52,27381,5538,32919,16.823,6.832,144439,68480.2,3832.96,0.017,72125.9,1.02226e+06,1.02226e+06,1776.78,32.8307,6707.21,141.515,116679,183087,0,0,0,0,0,,,0,/home/ryo-mtmt/TOpt/forme/sketch_experiments/aa_sketch_detail_20260618_032309/logs/ham15-med_lx2_dynamic_repair_chi_packed_aa_sketch_3.out
ham15-med.tfc,noreuse,3,lx2_dynamic_repair_chi_packed_aa_sketch_noreuse_3,287,163,1518964,1518.964,3143.03,49009,16090,0,32919,67.169,32867,52,32919,0,32919,0.000,7.131,144660,68551.7,3837.21,0.016,72271.1,1.36401e+06,1.36401e+06,1758.82,32.8307,6707.21,141.515,0,183087,0,0,0,0,0,,,0,/home/ryo-mtmt/TOpt/forme/sketch_experiments/aa_sketch_detail_20260618_032309/logs/ham15-med_lx2_dynamic_repair_chi_packed_aa_sketch_noreuse_3.out
ham15-med.tfc,reuse,5,lx2_dynamic_repair_chi_packed_aa_sketch_5,287,163,796710,796.710,2420.65,49009,28972,0,20037,40.884,19985,52,16673,3364,20037,16.789,6.957,194374,68726.7,4510.15,0.013,121137,594874,594874,1782.93,59.1157,11178,152.94,117344,143943,0,0,0,0,0,,,0,/home/ryo-mtmt/TOpt/forme/sketch_experiments/aa_sketch_detail_20260618_032309/logs/ham15-med_lx2_dynamic_repair_chi_packed_aa_sketch_5.out
ham15-med.tfc,noreuse,5,lx2_dynamic_repair_chi_packed_aa_sketch_noreuse_5,287,163,997514,997.514,2624.11,49009,28972,0,20037,40.884,19985,52,20037,0,20037,0.000,6.904,193928,68305.8,4521.57,0.016,121100,796132,796132,1762.92,59.1157,11178,152.94,0,143943,0,0,0,0,0,,,0,/home/ryo-mtmt/TOpt/forme/sketch_experiments/aa_sketch_detail_20260618_032309/logs/ham15-med_lx2_dynamic_repair_chi_packed_aa_sketch_noreuse_5.out
ham15-med.tfc,reuse,8,lx2_dynamic_repair_chi_packed_aa_sketch_8,287,163,567673,567.673,2197.02,49009,38723,0,10286,20.988,10234,52,8577,1709,10286,16.615,6.816,268275,68386.8,5049.41,0.013,194839,294090,294090,1758.23,79.012,17884.5,160.783,113586,110488,0,0,0,0,0,,,0,/home/ryo-mtmt/TOpt/forme/sketch_experiments/aa_sketch_detail_20260618_032309/logs/ham15-med_lx2_dynamic_repair_chi_packed_aa_sketch_8.out
ham15-med.tfc,noreuse,8,lx2_dynamic_repair_chi_packed_aa_sketch_noreuse_8,287,163,665032,665.032,2288.73,49009,38723,0,10286,20.988,10234,52,10286,0,10286,0.000,6.821,266502,67061.4,5061.87,0.011,194379,393220,393220,1755.94,79.012,17884.5,160.783,0,110488,0,0,0,0,0,,,0,/home/ryo-mtmt/TOpt/forme/sketch_experiments/aa_sketch_detail_20260618_032309/logs/ham15-med_lx2_dynamic_repair_chi_packed_aa_sketch_noreuse_8.out
ham15-med.tfc,reuse,10,lx2_dynamic_repair_chi_packed_aa_sketch_10,287,163,521509,521.509,2147.9,49009,41948,0,7061,14.408,7009,52,5914,1147,7061,16.244,6.974,317637,68359.7,5297.75,0.016,243980,199270,199270,1749.13,85.5924,22355.6,163.654,110872,97176.8,0,0,0,0,0,,,0,/home/ryo-mtmt/TOpt/forme/sketch_experiments/aa_sketch_detail_20260618_032309/logs/ham15-med_lx2_dynamic_repair_chi_packed_aa_sketch_10.out
ham15-med.tfc,noreuse,10,lx2_dynamic_repair_chi_packed_aa_sketch_noreuse_10,287,163,590568,590.568,2215.84,49009,41948,0,7061,14.408,7009,52,7061,0,7061,0.000,6.899,318398,68985.9,5306.62,0.017,244106,267537,267537,1770.5,85.5924,22355.6,163.654,0,97176.8,0,0,0,0,0,,,0,/home/ryo-mtmt/TOpt/forme/sketch_experiments/aa_sketch_detail_20260618_032309/logs/ham15-med_lx2_dynamic_repair_chi_packed_aa_sketch_noreuse_10.out
ham15-med.tfc,reuse,13,lx2_dynamic_repair_chi_packed_aa_sketch_13,287,163,519584,519.584,2145.78,49009,44725,0,4284,8.741,4232,52,3636,648,4284,15.126,7.367,391952,68537.3,5600.42,0.016,317814,123504,123504,1794.33,91.2587,29062.3,166.367,105654,80641.8,0,0,0,0,0,,,0,/home/ryo-mtmt/TOpt/forme/sketch_experiments/aa_sketch_detail_20260618_032309/logs/ham15-med_lx2_dynamic_repair_chi_packed_aa_sketch_13.out
ham15-med.tfc,noreuse,13,lx2_dynamic_repair_chi_packed_aa_sketch_noreuse_13,287,163,555952,555.952,2187.89,49009,44725,0,4284,8.741,4232,52,4284,0,4284,0.000,6.918,391971,68622.1,5575.32,0.014,317774,159967,159967,1764.26,91.2587,29062.3,166.367,0,80641.8,0,0,0,0,0,,,0,/home/ryo-mtmt/TOpt/forme/sketch_experiments/aa_sketch_detail_20260618_032309/logs/ham15-med_lx2_dynamic_repair_chi_packed_aa_sketch_noreuse_13.out
ham15-med.tfc,reuse,15,lx2_dynamic_repair_chi_packed_aa_sketch_15,287,163,537635,537.635,2162.29,49009,45761,0,3248,6.627,3196,52,2763,485,3248,14.932,6.918,441218,68576.6,5705.53,0.016,366936,92624.1,92624.1,1765.43,93.3726,33533.3,167.586,101270,73377.6,0,0,0,0,0,,,0,/home/ryo-mtmt/TOpt/forme/sketch_experiments/aa_sketch_detail_20260618_032309/logs/ham15-med_lx2_dynamic_repair_chi_packed_aa_sketch_15.out
ham15-med.tfc,noreuse,15,lx2_dynamic_repair_chi_packed_aa_sketch_noreuse_15,287,163,568320,568.320,2193.66,49009,45761,0,3248,6.627,3196,52,3248,0,3248,0.000,6.787,443614,68510.5,5739.44,0.016,369364,120923,120923,1757.39,93.3726,33533.3,167.586,0,73377.6,0,0,0,0,0,,,0,/home/ryo-mtmt/TOpt/forme/sketch_experiments/aa_sketch_detail_20260618_032309/logs/ham15-med_lx2_dynamic_repair_chi_packed_aa_sketch_noreuse_15.out
ham15-med.tfc,reuse,20,lx2_dynamic_repair_chi_packed_aa_sketch_20,287,163,620960,620.960,2252.49,49009,47267,0,1742,3.554,1690,52,1511,231,1742,13.261,6.832,566183,68467.4,5969.24,0.021,491746,51243.1,51243.1,1825.56,96.4456,44710.7,169.532,92429,61869.3,0,0,0,0,0,,,0,/home/ryo-mtmt/TOpt/forme/sketch_experiments/aa_sketch_detail_20260618_032309/logs/ham15-med_lx2_dynamic_repair_chi_packed_aa_sketch_20.out
ham15-med.tfc,noreuse,20,lx2_dynamic_repair_chi_packed_aa_sketch_noreuse_20,287,163,631175,631.175,2254.24,49009,47267,0,1742,3.554,1690,52,1742,0,1742,0.000,6.895,562666,68361.9,5972.7,0.009,488332,65027,65027,1777.87,96.4456,44710.7,169.532,0,61869.3,0,0,0,0,0,,,0,/home/ryo-mtmt/TOpt/forme/sketch_experiments/aa_sketch_detail_20260618_032309/logs/ham15-med_lx2_dynamic_repair_chi_packed_aa_sketch_noreuse_20.out
ham15-med.tfc,reuse,25,lx2_dynamic_repair_chi_packed_aa_sketch_25,287,163,721857,721.857,2350.98,49009,48012,0,997,2.034,945,52,898,99,997,9.930,6.843,688860,69034.2,6213.67,0.02,613612,29703.9,29703.9,1754.28,97.9657,55888.2,170.627,85674.3,55500.6,0,0,0,0,0,,,0,/home/ryo-mtmt/TOpt/forme/sketch_experiments/aa_sketch_detail_20260618_032309/logs/ham15-med_lx2_dynamic_repair_chi_packed_aa_sketch_25.out
ham15-med.tfc,noreuse,25,lx2_dynamic_repair_chi_packed_aa_sketch_noreuse_25,287,163,728310,728.310,2360.98,49009,48012,0,997,2.034,945,52,997,0,997,0.000,6.912,687470,68368.6,6158.55,0.013,612942,37500.9,37500.9,1799.47,97.9657,55888.2,170.627,0,55500.6,0,0,0,0,0,,,0,/home/ryo-mtmt/TOpt/forme/sketch_experiments/aa_sketch_detail_20260618_032309/logs/ham15-med_lx2_dynamic_repair_chi_packed_aa_sketch_noreuse_25.out
ham15-med.tfc,reuse,30,lx2_dynamic_repair_chi_packed_aa_sketch_30,287,163,829061,829.061,2456.83,49009,48409,0,600,1.224,548,52,555,45,600,7.500,6.976,806386,67046.1,6316.93,0.014,733023,19411,19411,1802.99,98.7757,67066,171.283,78787.6,51552.4,0,0,0,0,0,,,0,/home/ryo-mtmt/TOpt/forme/sketch_experiments/aa_sketch_detail_20260618_032309/logs/ham15-med_lx2_dynamic_repair_chi_packed_aa_sketch_30.out
ham15-med.tfc,noreuse,30,lx2_dynamic_repair_chi_packed_aa_sketch_noreuse_30,287,163,836953,836.953,2465.08,49009,48409,0,600,1.224,548,52,600,0,600,0.000,6.869,810405,68758.7,6334.56,0.023,735312,23295.5,23295.5,1796.24,98.7757,67066,171.283,0,51552.4,0,0,0,0,0,,,0,/home/ryo-mtmt/TOpt/forme/sketch_experiments/aa_sketch_detail_20260618_032309/logs/ham15-med_lx2_dynamic_repair_chi_packed_aa_sketch_noreuse_30.out
