Optimize a Clifford + T circuit.
Input filename = /home/ryo-mtmt/TOpt/forme/tpar_benchmark/adder_8.tfc
Number of unknown gates = 0
Number of unknown qubit labels = 0
Circuit filename: /home/ryo-mtmt/TOpt/forme/tpar_benchmark/adder_8.tfc

n 24
n_x 24
n_y 0
n_z 0
m 301
[0] = CNOT 3 4
[1] = CNOT 8 9
[2] = CNOT 14 15
[3] = CNOT 21 22
[4] = CNOT 5 4
[5] = CNOT 10 9
[6] = CNOT 16 15
[7] = CNOT 23 22
[8] = H 4
[9] = H 9
[10] = H 15
[11] = H 22
[12] = CCZ 1 2 4
[13] = CCZ 6 7 9
[14] = CCZ 12 13 15
[15] = CCZ 19 20 22
[16] = H 4
[17] = H 9
[18] = H 15
[19] = H 22
[20] = H 5
[21] = H 10
[22] = H 16
[23] = H 23
[24] = H 11
[25] = H 17
[26] = H 24
[27] = CCZ 3 4 5
[28] = CCZ 8 9 10
[29] = CCZ 8 9 11
[30] = CCZ 14 15 16
[31] = CCZ 14 15 17
[32] = CCZ 21 22 23
[33] = CCZ 21 22 24
[34] = CNOT 6 7
[35] = CNOT 12 13
[36] = CNOT 19 20
[37] = CNOT 9 6
[38] = CNOT 15 12
[39] = CNOT 22 19
[40] = CCZ 8 9 11
[41] = CCZ 14 15 17
[42] = CCZ 21 22 24
[43] = H 5
[44] = H 11
[45] = H 16
[46] = H 17
[47] = H 24
[48] = H 18
[49] = CCZ 17 24 18
[50] = CCZ 16 24 23
[51] = CCZ 5 11 10
[52] = H 18
[53] = H 10
[54] = H 16
[55] = CCZ 10 18 23
[56] = CCZ 10 17 16
[57] = H 16
[58] = H 23
[59] = H 18
[60] = CCZ 17 24 18
[61] = H 18
[62] = H 11
[63] = H 17
[64] = H 24
[65] = CCZ 8 9 11
[66] = CCZ 14 15 17
[67] = CCZ 21 22 24
[68] = CNOT 9 6
[69] = CNOT 15 12
[70] = CNOT 22 19
[71] = CNOT 6 7
[72] = CNOT 12 13
[73] = CNOT 19 20
[74] = CCZ 8 9 11
[75] = CCZ 14 15 17
[76] = CCZ 21 22 24
[77] = H 24
[78] = H 4
[79] = H 9
[80] = H 15
[81] = H 22
[82] = CCZ 1 2 4
[83] = CCZ 6 7 9
[84] = CCZ 12 13 15
[85] = CCZ 19 20 22
[86] = H 4
[87] = H 9
[88] = H 15
[89] = H 22
[90] = CNOT 3 4
[91] = CNOT 8 9
[92] = CNOT 14 15
[93] = CNOT 21 22
[94] = CNOT 6 7
[95] = CNOT 12 13
[96] = CNOT 19 20
[97] = CNOT 9 7
[98] = CNOT 15 13
[99] = CNOT 22 20
[100] = CNOT 7 5
[101] = CNOT 13 10
[102] = CNOT 20 16
[103] = H 4
[104] = H 9
[105] = H 15
[106] = H 22
[107] = CCZ 1 2 4
[108] = CCZ 6 7 9
[109] = CCZ 12 13 15
[110] = CCZ 19 20 22
[111] = H 4
[112] = H 9
[113] = H 15
[114] = H 22
[115] = CNOT 3 4
[116] = CNOT 8 9
[117] = CNOT 14 15
[118] = CNOT 21 22
[119] = H 4
[120] = H 9
[121] = H 15
[122] = H 22
[123] = CCZ 1 2 4
[124] = CCZ 6 7 9
[125] = CCZ 12 13 15
[126] = CCZ 19 20 22
[127] = H 4
[128] = H 9
[129] = H 15
[130] = H 22
[131] = CNOT 6 7
[132] = CNOT 12 13
[133] = CNOT 19 20
[134] = CNOT 7 5
[135] = CNOT 13 10
[136] = CNOT 20 16
[137] = CNOT 9 7
[138] = CNOT 15 13
[139] = CNOT 22 20
[140] = CNOT 1 2
[141] = CNOT 6 7
[142] = CNOT 12 13
[143] = CNOT 19 20
[144] = CNOT 3 4
[145] = CNOT 8 9
[146] = CNOT 14 15
[147] = H 4
[148] = H 9
[149] = H 15
[150] = CCZ 1 2 4
[151] = CCZ 6 7 9
[152] = CCZ 12 13 15
[153] = H 4
[154] = H 9
[155] = H 15
[156] = CNOT 6 7
[157] = CNOT 12 13
[158] = CCZ 8 9 11
[159] = CCZ 14 15 17
[160] = CNOT 9 6
[161] = CNOT 15 12
[162] = CCZ 8 9 11
[163] = CCZ 14 15 17
[164] = H 11
[165] = H 17
[166] = H 16
[167] = CCZ 10 17 16
[168] = H 10
[169] = CCZ 5 11 10
[170] = H 5
[171] = H 11
[172] = H 17
[173] = CCZ 8 9 11
[174] = CCZ 14 15 17
[175] = CNOT 9 6
[176] = CNOT 15 12
[177] = CCZ 8 9 11
[178] = CCZ 14 15 17
[179] = CNOT 6 7
[180] = CNOT 12 13
[181] = CCZ 8 9 10
[182] = CCZ 14 15 16
[183] = CCZ 3 4 5
[184] = H 5
[185] = H 10
[186] = H 11
[187] = H 16
[188] = H 17
[189] = H 4
[190] = H 9
[191] = H 15
[192] = CCZ 1 2 4
[193] = CCZ 6 7 9
[194] = CCZ 12 13 15
[195] = H 4
[196] = H 9
[197] = H 15
[198] = CNOT 5 4
[199] = CNOT 10 9
[200] = CNOT 16 15
[201] = CNOT 3 4
[202] = CNOT 8 9
[203] = CNOT 14 15

Algorithm used: todd_exp_0010

UniversalOptimize begin.
	Gate synthesis begin.
A_BMS
BMSparse object. Dims: 95x287
23533 12338 23530 23527 12334 24674 4297 24672 20366 20365 13477 13763 12328 12326 15769 24378 15768 10602 23800 10598 23799 22938 22937 22936 10595 24369 18054 10592 10591 12311 12022 10300 3436 12308 12021 10585 11157 11730 10295 11729 11154 18056 10293 11727 18055 10292 18327 18326 3401 12297 10859 9711 10858 10570 9709 9708 10568 6262 6260 6259 19747 19746 12858 5969 14004 5968 16058 21603 16057 21602 1585 107 13632 12025 4262 5371 392 1538 9653 2414 24664 21337 6996 14759 21336 18090 10430 1774 2393 21869 1922 15879 15757 5776 4153 7940 12147 10424 16736 5375 3246 87 9712 14148 85 14151 22110 657 656 12131 3259 13282 3544 2089 7499 26217 2954 10596 23904 641 20655 1802 2375 1834 12132 5298 1797 20651 23978 1539 1796 4836 1509 23241 21023 1546 15881 16422 21021 13988 70 23902 3885 3302 643 6995 14758 8104 11732 642 9251 3300 13734 25933 10407 10408 25934 16737 1519 11155 65 10277 2514 11153 63 26031 4201 1782 24504 1781 3833 10571 23879 17928 919 10569 23877 21868 917 1458 18229 10100 20379 3608 23343 5794 13462 3481 18088 12299 5645 26218 1820 9935 5066 24436 12958 21894 7287 10533 7502 22109 15122 1814 15880 14150 22117 10431 1559 2093 12074 14149 19018 22116 18687 22550 7943 372 14411 23553 3591 24150 19809 3579 23836 32 23240 21022 3278 351 2245 13335 2515 4287 3178 393 10374 15516 13352 7942 21826 13509 23247 3196 16721 23754 12192 14410 21971 23834 30 3276 21825 14409 16425 21970 1772 15515 7941 8062 5357 22481 13461 24551 17806 3521 23824 3266 21893 10532 19016 20125 1745 72 17805 5362 887 17522 1833 3194 23752 12960 23551 15517 12190 6239 357 22147 23256 17804 15640 21262 17069 11524 10442 655 3901 5795 3482 18089 20377 10098 22393 24143 23249 3065 7501 10422 1550 23544 886 17521 350 1459 918 18230 21261 11523 22394 6164 13438 2348 23254 12154 1525 20378 373 17523 888 6993 14756 9211 358 3185 3472 16423 12095 21553 9651 21554 1496 17022 317 3563 18685 3537 10299 318 23581 3564 6810 23826 11383 14412 12194 24233 18688 8950 1917 1469 19322 4203 1470 8503 22569 3600 24205 12844 12961 10429 6994 8103 14757 12323 23413 22480 15826 12337 5683 3465 22318 11322 13540 5793 22940 12959 15123 9209 1756 17445 4069 21815 1769 17520 21816 1770 1771 23411 3935 23583 3186 10382 6261 1825 8778 12105 23802 3840 2406 15931 7288 7289 1837 24223 1838 10448 19058 3533 22386 19059 22305 17436 1553 23242 21024 3280 23529 24638 3567 19352 4745 1846 20240 19807 15371 223 13326 23740 1560 20528 11319 12467 11320 12023 5369 12181 20296 6637 12182 3597 12469 12470 1566 23747 2427 24239 8951 6733 1568 1569 23749 17927 19806 24242 4727 22146 3293 16680 5590 23984 6738 12310 5656 3295 19367 19368 17073 1548 17074 1577 5364 3179 24250 1511 15928 5649 23341 5597 5489 9925 10607 6171 15368 24565 10593 13920 13634 20522 3303 23432 24541 5065 3304 13312 2222 3898 17423 3305 2223 13637 3899 3306 2224 11236 24544 23245 12155 9937 7286 26139 5068 12180 3308 26030 11238 24546 5318 5892 13928 3884 12208 20297 13643 12471 3599 7500 4173 20298 13644 3906 12210 16424 21969 15369 221 20654 1801 23981 19808 15372 21974 3609 22551 3610 8777 3367 3900 13254 9927 12224 2180 2949 8494 22560 2988 9642 13429 24361 2181 8495 20343 9253 22561 2182 11379 9644 18324 3907 23423 19721 4195 5872 3654 8787 12331 23421 22312 24158 4196 13636 3655 2134 8788 4197 12853 9130 4694 25765 2476 25766 2477 8504 22570 23430 10856 4202 11666 11380 26138 5067 3905 11668 5644 5359 13294 2204 15120 5382 105 5650 15121 5383 1924 10302 3648 12845 1494 13693 5658 22306 13761 23742 23980 6236 22387 24605 2051 18686 5378 509 10861 19733 3464 22317 10279 8061 2516 23797 508 9129 23546 3584 25764 2478 25767 22313 5678 17446 1662 15725 12335 5681 

[Experimental TODD] Flags - Packed: 0, AA Table: 0, Memo: 1, Sketch: 0 (margin=20)
--- Round 0 | Current Columns: 287 ---
  [HIT!] Pair(3,159) Dist=1 | 287 -> 280 columns
Round 0 Finished in 528 ms.
--- Round 1 | Current Columns: 280 ---
  [HIT!] Pair(208,268) Dist=1 | 280 -> 278 columns
Round 1 Finished in 460 ms.
--- Round 2 | Current Columns: 278 ---
  [HIT!] Pair(202,276) Dist=1 | 278 -> 276 columns
Round 2 Finished in 5583 ms.
--- Round 3 | Current Columns: 276 ---
  [HIT!] Pair(173,241) Dist=1 | 276 -> 270 columns
Round 3 Finished in 5973 ms.
--- Round 4 | Current Columns: 270 ---
  [HIT!] Pair(187,190) Dist=1 | 270 -> 265 columns
Round 4 Finished in 6735 ms.
--- Round 5 | Current Columns: 265 ---
  [HIT!] Pair(38,211) Dist=1 | 265 -> 263 columns
Round 5 Finished in 7514 ms.
--- Round 6 | Current Columns: 263 ---
  [HIT!] Pair(40,188) Dist=1 | 263 -> 261 columns
Round 6 Finished in 416 ms.
--- Round 7 | Current Columns: 261 ---
  [HIT!] Pair(19,215) Dist=1 | 261 -> 258 columns
Round 7 Finished in 14285 ms.
--- Round 8 | Current Columns: 258 ---
  [HIT!] Pair(33,117) Dist=2 | 258 -> 256 columns
Round 8 Finished in 14135 ms.
--- Round 9 | Current Columns: 256 ---
  [HIT!] Pair(139,231) Dist=2 | 256 -> 254 columns
Round 9 Finished in 10732 ms.
--- Round 10 | Current Columns: 254 ---
  [HIT!] Pair(30,70) Dist=2 | 254 -> 248 columns
Round 10 Finished in 10792 ms.
--- Round 11 | Current Columns: 248 ---
  [HIT!] Pair(23,74) Dist=2 | 248 -> 244 columns
Round 11 Finished in 10546 ms.
--- Round 12 | Current Columns: 244 ---
  [HIT!] Pair(28,123) Dist=2 | 244 -> 240 columns
Round 12 Finished in 12068 ms.
--- Round 13 | Current Columns: 240 ---
  [HIT!] Pair(18,73) Dist=2 | 240 -> 238 columns
Round 13 Finished in 11850 ms.
--- Round 14 | Current Columns: 238 ---
  [HIT!] Pair(38,99) Dist=2 | 238 -> 236 columns
Round 14 Finished in 11771 ms.
--- Round 15 | Current Columns: 236 ---
  [HIT!] Pair(189,224) Dist=2 | 236 -> 234 columns
Round 15 Finished in 15022 ms.
--- Round 16 | Current Columns: 234 ---
  [HIT!] Pair(21,210) Dist=2 | 234 -> 230 columns
Round 16 Finished in 15576 ms.
--- Round 17 | Current Columns: 230 ---
  [HIT!] Pair(22,149) Dist=1 | 230 -> 226 columns
Round 17 Finished in 11330 ms.
--- Round 18 | Current Columns: 226 ---
  [HIT!] Pair(17,47) Dist=2 | 226 -> 224 columns
Round 18 Finished in 16177 ms.
--- Round 19 | Current Columns: 224 ---
  [HIT!] Pair(5,78) Dist=1 | 224 -> 222 columns
Round 19 Finished in 321 ms.
--- Round 20 | Current Columns: 222 ---
  [HIT!] Pair(3,176) Dist=1 | 222 -> 220 columns
Round 20 Finished in 4973 ms.
--- Round 21 | Current Columns: 220 ---
  [HIT!] Pair(0,174) Dist=1 | 220 -> 214 columns
Round 21 Finished in 5682 ms.
--- Round 22 | Current Columns: 214 ---
  [HIT!] Pair(2,166) Dist=1 | 214 -> 212 columns
Round 22 Finished in 4538 ms.
--- Round 23 | Current Columns: 212 ---
  [HIT!] Pair(191,205) Dist=1 | 212 -> 209 columns
Round 23 Finished in 5409 ms.
--- Round 24 | Current Columns: 209 ---
  [HIT!] Pair(7,164) Dist=1 | 209 -> 205 columns
Round 24 Finished in 10621 ms.
--- Round 25 | Current Columns: 205 ---
  [HIT!] Pair(48,49) Dist=2 | 205 -> 203 columns
Round 25 Finished in 10988 ms.
--- Round 26 | Current Columns: 203 ---
  [HIT!] Pair(30,50) Dist=2 | 203 -> 195 columns
Round 26 Finished in 13149 ms.
--- Round 27 | Current Columns: 195 ---
  [HIT!] Pair(22,193) Dist=2 | 195 -> 193 columns
Round 27 Finished in 15159 ms.
--- Round 28 | Current Columns: 193 ---
  [HIT!] Pair(36,192) Dist=2 | 193 -> 191 columns
Round 28 Finished in 15369 ms.
--- Round 29 | Current Columns: 191 ---
  [HIT!] Pair(165,189) Dist=2 | 191 -> 189 columns
Round 29 Finished in 12450 ms.
--- Round 30 | Current Columns: 189 ---
  [HIT!] Pair(3,105) Dist=2 | 189 -> 183 columns
Round 30 Finished in 12532 ms.
--- Round 31 | Current Columns: 183 ---
  [HIT!] Pair(108,176) Dist=2 | 183 -> 181 columns
Round 31 Finished in 9792 ms.
--- Round 32 | Current Columns: 181 ---
  [HIT!] Pair(114,132) Dist=2 | 181 -> 179 columns
Round 32 Finished in 14475 ms.
--- Round 33 | Current Columns: 179 ---
  [HIT!] Pair(55,72) Dist=2 | 179 -> 177 columns
Round 33 Finished in 22911 ms.
--- Round 34 | Current Columns: 177 ---
  [HIT!] Pair(32,172) Dist=2 | 177 -> 175 columns
Round 34 Finished in 14815 ms.
--- Round 35 | Current Columns: 175 ---
  [HIT!] Pair(108,174) Dist=2 | 175 -> 173 columns
Round 35 Finished in 23073 ms.
--- Round 36 | Current Columns: 173 ---
  [HIT!] Pair(2,154) Dist=2 | 173 -> 167 columns
Round 36 Finished in 30418 ms.
--- Round 37 | Current Columns: 167 ---
  [HIT!] Pair(13,81) Dist=2 | 167 -> 161 columns
Round 37 Finished in 29548 ms.
--- Round 38 | Current Columns: 161 ---
  [HIT!] Pair(3,42) Dist=2 | 161 -> 155 columns
Round 38 Finished in 28183 ms.
--- Round 39 | Current Columns: 155 ---
  [HIT!] Pair(16,74) Dist=2 | 155 -> 153 columns
Round 39 Finished in 27982 ms.
--- Round 40 | Current Columns: 153 ---
  [HIT!] Pair(9,37) Dist=3 | 153 -> 151 columns
Round 40 Finished in 29606 ms.
--- Round 41 | Current Columns: 151 ---
  [HIT!] Pair(5,117) Dist=3 | 151 -> 149 columns
Round 41 Finished in 30643 ms.
--- Round 42 | Current Columns: 149 ---
  [HIT!] Pair(40,108) Dist=3 | 149 -> 147 columns
Round 42 Finished in 45880 ms.
--- Round 43 | Current Columns: 147 ---
  [HIT!] Pair(7,138) Dist=3 | 147 -> 145 columns
Round 43 Finished in 46981 ms.
--- Round 44 | Current Columns: 145 ---
  [HIT!] Pair(6,119) Dist=3 | 145 -> 143 columns
Round 44 Finished in 48346 ms.
--- Round 45 | Current Columns: 143 ---
  [HIT!] Pair(121,134) Dist=3 | 143 -> 141 columns
Round 45 Finished in 43419 ms.
--- Round 46 | Current Columns: 141 ---
  [HIT!] Pair(102,105) Dist=4 | 141 -> 139 columns
Round 46 Finished in 81517 ms.
--- Round 47 | Current Columns: 139 ---
  [HIT!] Pair(32,91) Dist=4 | 139 -> 137 columns
Round 47 Finished in 84818 ms.
--- Round 48 | Current Columns: 137 ---
  [HIT!] Pair(41,88) Dist=5 | 137 -> 135 columns
Round 48 Finished in 113984 ms.
--- Round 49 | Current Columns: 135 ---
  [HIT!] Pair(34,79) Dist=5 | 135 -> 133 columns
Round 49 Finished in 128022 ms.
--- Round 50 | Current Columns: 133 ---
  [HIT!] Pair(11,101) Dist=6 | 133 -> 131 columns
Round 50 Finished in 184694 ms.
--- Round 51 | Current Columns: 131 ---
  [HIT!] Pair(4,74) Dist=8 | 131 -> 129 columns
Round 51 Finished in 329159 ms.
--- Round 52 | Current Columns: 129 ---
Round 52 Finished in 1485955 ms.

=== Optimization Summary ===
Algorithm       : LempelX2_M4RI_Experimental
Initial T-count : 287
Final T-count   : 129
Total Reduced   : 158 gates
Execution Time  : 3146968 ms
Chi calculation : 131638 ms
AA Table calc   : 0 ms
Nullspace calc  : 2.99365e+06 ms
--- Sketch Statistics ---
Sketch margin   : delta = 20
Sketch time     : 0 ms
Pairs tested    : 15492
Sketch fired    : 0
Sketch skipped  : 0 (chi_rows <= m+delta)
Sketch rejected : 0 (nullspace empty)
Sketch passed   : 0 (nullspace non-empty)
Full NS empty   : 0 (of 15492 computed)
============================
		TODD executed in 3142.38 seconds.
		Total time: 3142.47s
	Gate synthesis end.
	Total time: 4119.62s
UniversalOptimize end.
Output circuit:
n 95
n_x 24
n_y 0
n_z 71
m 11801
[0] = H 11
[1] = H 17
[2] = H 24
[3] = H 18
[4] = H 25
[5] = H 26
[6] = H 27
[7] = H 28
[8] = H 29
[9] = H 30
[10] = H 31
[11] = H 32
[12] = H 33
[13] = H 34
[14] = H 35
[15] = H 36
[16] = H 37
[17] = H 38
[18] = H 39
[19] = H 40
[20] = H 41
[21] = H 42
[22] = H 43
[23] = H 44
[24] = H 45
[25] = H 46
[26] = H 47
[27] = H 48
[28] = H 49
[29] = H 50
[30] = H 51
[31] = H 52
[32] = H 53
[33] = H 54
[34] = H 55
[35] = H 56
[36] = H 57
[37] = H 58
[38] = H 59
[39] = H 60
[40] = H 61
[41] = H 62
[42] = H 63
[43] = H 64
[44] = H 65
[45] = H 66
[46] = H 67
[47] = H 68
[48] = H 69
[49] = H 70
[50] = H 71
[51] = H 72
[52] = H 73
[53] = H 74
[54] = H 75
[55] = H 76
[56] = H 77
[57] = H 78
[58] = H 79
[59] = H 80
[60] = H 81
[61] = H 82
[62] = H 83
[63] = H 84
[64] = H 85
[65] = H 86
[66] = H 87
[67] = H 88
[68] = H 89
[69] = H 90
[70] = H 91
[71] = H 92
[72] = H 93
[73] = H 94
[74] = H 95
[75] = CNOT 8 9
[76] = CNOT 8 11
[77] = CNOT 8 47
[78] = CNOT 8 59
[79] = CNOT 8 67
[80] = CNOT 8 80
[81] = T 8
[82] = CNOT 8 80
[83] = CNOT 8 67
[84] = CNOT 8 59
[85] = CNOT 8 47
[86] = CNOT 8 11
[87] = CNOT 8 78
[88] = CNOT 8 83
[89] = T 8
[90] = CNOT 8 78
[91] = CNOT 6 7
[92] = CNOT 6 37
[93] = CNOT 6 55
[94] = CNOT 6 63
[95] = CNOT 6 71
[96] = CNOT 6 78
[97] = T 6
[98] = CNOT 6 78
[99] = CNOT 6 71
[100] = CNOT 6 63
[101] = CNOT 6 55
[102] = CNOT 6 37
[103] = CNOT 6 7
[104] = CNOT 12 13
[105] = CNOT 12 17
[106] = CNOT 12 27
[107] = CNOT 12 34
[108] = CNOT 12 43
[109] = CNOT 12 48
[110] = CNOT 12 52
[111] = CNOT 12 54
[112] = CNOT 12 62
[113] = CNOT 12 70
[114] = CNOT 12 84
[115] = T 12
[116] = CNOT 12 84
[117] = CNOT 12 70
[118] = CNOT 12 62
[119] = CNOT 12 54
[120] = CNOT 12 52
[121] = CNOT 12 48
[122] = CNOT 12 27
[123] = CNOT 12 17
[124] = CNOT 12 13
[125] = CNOT 17 27
[126] = CNOT 17 34
[127] = CNOT 17 42
[128] = CNOT 17 44
[129] = CNOT 17 48
[130] = CNOT 17 52
[131] = CNOT 17 82
[132] = T 17
[133] = CNOT 17 44
[134] = CNOT 17 20
[135] = CNOT 17 28
[136] = CNOT 17 39
[137] = CNOT 17 53
[138] = T 17
[139] = CNOT 17 53
[140] = CNOT 17 28
[141] = CNOT 17 19
[142] = CNOT 17 21
[143] = CNOT 17 22
[144] = CNOT 17 24
[145] = CNOT 17 49
[146] = T 17
[147] = CNOT 17 82
[148] = CNOT 17 52
[149] = CNOT 17 49
[150] = CNOT 17 48
[151] = CNOT 17 42
[152] = CNOT 17 39
[153] = CNOT 17 34
[154] = CNOT 17 27
[155] = CNOT 17 24
[156] = CNOT 17 22
[157] = CNOT 17 21
[158] = CNOT 17 20
[159] = CNOT 17 19
[160] = CNOT 13 31
[161] = CNOT 13 34
[162] = CNOT 13 43
[163] = T 13
[164] = CNOT 13 31
[165] = CNOT 13 14
[166] = CNOT 13 15
[167] = CNOT 13 17
[168] = CNOT 13 27
[169] = CNOT 13 48
[170] = CNOT 13 52
[171] = CNOT 13 56
[172] = CNOT 13 64
[173] = CNOT 13 72
[174] = CNOT 13 81
[175] = CNOT 13 82
[176] = T 13
[177] = CNOT 13 82
[178] = CNOT 13 81
[179] = CNOT 13 72
[180] = CNOT 13 64
[181] = CNOT 13 56
[182] = CNOT 13 52
[183] = CNOT 13 48
[184] = CNOT 13 27
[185] = CNOT 13 17
[186] = CNOT 17 24
[187] = CNOT 17 27
[188] = CNOT 17 34
[189] = CNOT 17 39
[190] = CNOT 17 42
[191] = CNOT 17 48
[192] = CNOT 17 49
[193] = CNOT 17 52
[194] = CNOT 17 82
[195] = T 17
[196] = CNOT 7 55
[197] = CNOT 7 63
[198] = CNOT 7 71
[199] = CNOT 7 78
[200] = CNOT 7 83
[201] = T 7
[202] = CNOT 7 78
[203] = CNOT 13 35
[204] = T 13
[205] = CNOT 13 15
[206] = CNOT 13 14
[207] = T 7
[208] = CNOT 7 83
[209] = CNOT 7 71
[210] = CNOT 7 63
[211] = CNOT 7 55
[212] = CNOT 17 21
[213] = CNOT 17 22
[214] = T 17
[215] = CNOT 17 49
[216] = CNOT 17 24
[217] = CNOT 17 22
[218] = CNOT 17 21
[219] = CNOT 8 37
[220] = T 8
[221] = CNOT 8 83
[222] = CNOT 14 15
[223] = CNOT 14 34
[224] = CNOT 14 43
[225] = CNOT 14 48
[226] = CNOT 14 56
[227] = CNOT 14 64
[228] = CNOT 14 72
[229] = CNOT 14 86
[230] = T 14
[231] = CNOT 14 86
[232] = CNOT 14 72
[233] = CNOT 14 64
[234] = CNOT 14 56
[235] = CNOT 14 48
[236] = CNOT 14 43
[237] = CNOT 14 34
[238] = CNOT 14 15
[239] = CNOT 13 31
[240] = T 13
[241] = CNOT 13 43
[242] = CNOT 13 35
[243] = CNOT 13 31
[244] = CNOT 17 19
[245] = CNOT 17 20
[246] = CNOT 17 45
[247] = CNOT 17 61
[248] = CNOT 17 69
[249] = T 17
[250] = CNOT 17 69
[251] = CNOT 17 61
[252] = CNOT 17 45
[253] = CNOT 17 20
[254] = CNOT 17 19
[255] = CNOT 8 38
[256] = T 8
[257] = CNOT 8 38
[258] = CNOT 8 37
[259] = CNOT 8 9
[260] = CNOT 12 14
[261] = CNOT 12 15
[262] = T 12
[263] = CNOT 12 43
[264] = CNOT 12 34
[265] = CNOT 12 15
[266] = CNOT 12 14
[267] = CNOT 13 48
[268] = CNOT 13 76
[269] = CNOT 13 86
[270] = CNOT 13 92
[271] = T 13
[272] = CNOT 13 92
[273] = CNOT 13 86
[274] = CNOT 13 76
[275] = CNOT 13 48
[276] = CNOT 13 34
[277] = CNOT 17 21
[278] = CNOT 17 22
[279] = CNOT 17 32
[280] = T 17
[281] = CNOT 17 32
[282] = CNOT 17 22
[283] = CNOT 17 21
[284] = CNOT 17 19
[285] = CNOT 17 20
[286] = CNOT 17 45
[287] = T 17
[288] = CNOT 17 45
[289] = CNOT 17 20
[290] = CNOT 17 19
[291] = CNOT 17 36
[292] = CNOT 17 41
[293] = T 17
[294] = CNOT 17 82
[295] = CNOT 17 52
[296] = CNOT 17 48
[297] = CNOT 17 42
[298] = CNOT 17 41
[299] = CNOT 17 39
[300] = CNOT 17 36
[301] = CNOT 17 34
[302] = CNOT 17 27
[303] = CNOT 6 8
[304] = CNOT 6 9
[305] = CNOT 6 80
[306] = T 6
[307] = CNOT 6 8
[308] = CNOT 3 4
[309] = CNOT 3 12
[310] = CNOT 3 13
[311] = CNOT 3 17
[312] = CNOT 3 27
[313] = CNOT 3 29
[314] = CNOT 3 33
[315] = CNOT 3 34
[316] = CNOT 3 43
[317] = CNOT 3 48
[318] = CNOT 3 52
[319] = T 3
[320] = CNOT 3 33
[321] = T 3
[322] = CNOT 3 29
[323] = CNOT 3 33
[324] = T 3
[325] = CNOT 3 34
[326] = CNOT 3 33
[327] = CNOT 3 27
[328] = CNOT 3 17
[329] = CNOT 3 13
[330] = CNOT 3 12
[331] = CNOT 17 19
[332] = CNOT 17 20
[333] = CNOT 17 24
[334] = CNOT 17 27
[335] = CNOT 17 34
[336] = CNOT 17 39
[337] = CNOT 17 42
[338] = CNOT 17 48
[339] = CNOT 17 49
[340] = CNOT 17 52
[341] = CNOT 17 82
[342] = T 17
[343] = CNOT 17 49
[344] = CNOT 17 24
[345] = CNOT 17 20
[346] = CNOT 17 19
[347] = CNOT 17 45
[348] = T 17
[349] = CNOT 17 45
[350] = CNOT 17 39
[351] = CNOT 14 15
[352] = CNOT 14 34
[353] = CNOT 14 43
[354] = CNOT 14 56
[355] = CNOT 14 64
[356] = CNOT 14 72
[357] = T 14
[358] = CNOT 14 72
[359] = CNOT 14 64
[360] = CNOT 14 56
[361] = CNOT 14 43
[362] = CNOT 14 34
[363] = CNOT 14 15
[364] = CNOT 8 9
[365] = CNOT 8 80
[366] = CNOT 8 83
[367] = T 8
[368] = CNOT 8 83
[369] = CNOT 12 14
[370] = CNOT 12 15
[371] = CNOT 12 34
[372] = CNOT 12 48
[373] = CNOT 12 56
[374] = CNOT 12 64
[375] = CNOT 12 72
[376] = CNOT 12 86
[377] = T 12
[378] = CNOT 12 86
[379] = CNOT 12 48
[380] = CNOT 17 36
[381] = CNOT 17 43
[382] = T 17
[383] = CNOT 17 43
[384] = CNOT 17 36
[385] = CNOT 17 27
[386] = CNOT 27 34
[387] = CNOT 27 52
[388] = CNOT 27 60
[389] = CNOT 27 68
[390] = T 27
[391] = CNOT 27 68
[392] = CNOT 27 60
[393] = CNOT 27 52
[394] = CNOT 27 34
[395] = CNOT 8 37
[396] = CNOT 8 75
[397] = CNOT 8 91
[398] = T 8
[399] = CNOT 8 91
[400] = CNOT 8 75
[401] = CNOT 8 83
[402] = T 8
[403] = CNOT 8 83
[404] = CNOT 8 80
[405] = T 12
[406] = CNOT 12 72
[407] = CNOT 12 64
[408] = CNOT 12 56
[409] = CNOT 12 15
[410] = CNOT 12 14
[411] = CNOT 8 34
[412] = CNOT 8 38
[413] = T 8
[414] = CNOT 8 38
[415] = CNOT 8 37
[416] = CNOT 8 34
[417] = CNOT 8 9
[418] = CNOT 17 27
[419] = CNOT 17 39
[420] = CNOT 17 45
[421] = CNOT 17 61
[422] = CNOT 17 69
[423] = T 17
[424] = CNOT 17 82
[425] = CNOT 17 69
[426] = CNOT 17 61
[427] = CNOT 17 52
[428] = CNOT 17 48
[429] = CNOT 17 45
[430] = CNOT 17 42
[431] = CNOT 17 39
[432] = CNOT 17 34
[433] = CNOT 17 27
[434] = CNOT 12 43
[435] = CNOT 12 48
[436] = CNOT 12 76
[437] = CNOT 12 86
[438] = CNOT 12 92
[439] = T 12
[440] = CNOT 12 92
[441] = CNOT 12 86
[442] = CNOT 12 76
[443] = CNOT 12 48
[444] = CNOT 12 27
[445] = CNOT 12 52
[446] = CNOT 12 60
[447] = CNOT 12 68
[448] = T 12
[449] = CNOT 12 68
[450] = CNOT 12 60
[451] = CNOT 12 13
[452] = CNOT 12 17
[453] = CNOT 12 48
[454] = CNOT 12 54
[455] = CNOT 12 62
[456] = CNOT 12 70
[457] = CNOT 12 77
[458] = T 12
[459] = CNOT 12 77
[460] = CNOT 12 70
[461] = CNOT 12 62
[462] = CNOT 12 54
[463] = CNOT 12 52
[464] = CNOT 12 48
[465] = CNOT 12 43
[466] = CNOT 12 34
[467] = CNOT 12 27
[468] = CNOT 12 17
[469] = CNOT 12 13
[470] = CNOT 17 18
[471] = CNOT 17 27
[472] = CNOT 17 34
[473] = CNOT 17 40
[474] = CNOT 17 41
[475] = CNOT 17 42
[476] = CNOT 17 46
[477] = CNOT 17 48
[478] = CNOT 17 52
[479] = CNOT 17 82
[480] = T 17
[481] = CNOT 17 40
[482] = T 17
[483] = CNOT 17 41
[484] = CNOT 17 40
[485] = T 17
[486] = CNOT 17 40
[487] = T 17
[488] = CNOT 17 46
[489] = CNOT 17 18
[490] = CNOT 17 21
[491] = CNOT 17 22
[492] = CNOT 17 36
[493] = CNOT 17 39
[494] = T 17
[495] = CNOT 17 82
[496] = CNOT 17 52
[497] = CNOT 17 48
[498] = CNOT 17 42
[499] = CNOT 17 39
[500] = CNOT 17 36
[501] = CNOT 17 34
[502] = CNOT 17 27
[503] = CNOT 17 22
[504] = CNOT 17 21
[505] = CNOT 13 14
[506] = CNOT 13 15
[507] = CNOT 13 17
[508] = CNOT 13 34
[509] = CNOT 13 43
[510] = CNOT 13 48
[511] = T 13
[512] = CNOT 13 48
[513] = CNOT 13 34
[514] = CNOT 13 17
[515] = CNOT 17 20
[516] = CNOT 17 27
[517] = CNOT 17 34
[518] = CNOT 17 39
[519] = CNOT 17 42
[520] = CNOT 17 48
[521] = CNOT 17 52
[522] = CNOT 17 61
[523] = CNOT 17 69
[524] = CNOT 17 82
[525] = T 17
[526] = CNOT 17 69
[527] = CNOT 17 61
[528] = CNOT 17 34
[529] = CNOT 17 20
[530] = CNOT 7 8
[531] = CNOT 7 9
[532] = CNOT 7 37
[533] = CNOT 7 75
[534] = CNOT 7 80
[535] = CNOT 7 91
[536] = T 7
[537] = CNOT 7 91
[538] = CNOT 7 80
[539] = CNOT 7 75
[540] = CNOT 7 37
[541] = CNOT 7 9
[542] = CNOT 7 8
[543] = CNOT 34 43
[544] = CNOT 34 48
[545] = CNOT 34 86
[546] = T 34
[547] = CNOT 34 86
[548] = CNOT 34 48
[549] = CNOT 34 43
[550] = CNOT 6 7
[551] = CNOT 6 8
[552] = CNOT 6 11
[553] = CNOT 6 47
[554] = CNOT 6 59
[555] = CNOT 6 67
[556] = T 6
[557] = CNOT 6 47
[558] = CNOT 6 11
[559] = CNOT 6 9
[560] = CNOT 6 8
[561] = CNOT 17 32
[562] = CNOT 17 34
[563] = CNOT 17 36
[564] = T 17
[565] = CNOT 17 36
[566] = T 17
[567] = CNOT 17 82
[568] = CNOT 17 52
[569] = CNOT 17 48
[570] = CNOT 17 42
[571] = CNOT 17 39
[572] = CNOT 17 34
[573] = CNOT 17 32
[574] = CNOT 17 27
[575] = CNOT 13 31
[576] = CNOT 13 34
[577] = T 13
[578] = CNOT 13 43
[579] = CNOT 13 34
[580] = CNOT 13 31
[581] = CNOT 13 15
[582] = CNOT 13 14
[583] = CNOT 3 12
[584] = CNOT 3 13
[585] = CNOT 3 17
[586] = CNOT 3 27
[587] = CNOT 3 34
[588] = CNOT 3 77
[589] = CNOT 3 84
[590] = T 3
[591] = CNOT 3 84
[592] = T 3
[593] = CNOT 3 77
[594] = CNOT 3 84
[595] = T 3
[596] = CNOT 3 84
[597] = CNOT 3 52
[598] = CNOT 3 48
[599] = CNOT 3 43
[600] = CNOT 3 34
[601] = CNOT 3 27
[602] = CNOT 3 17
[603] = CNOT 3 13
[604] = CNOT 3 12
[605] = CNOT 3 4
[606] = CNOT 6 26
[607] = CNOT 6 51
[608] = T 6
[609] = CNOT 6 7
[610] = CNOT 7 26
[611] = CNOT 7 51
[612] = CNOT 7 59
[613] = CNOT 7 67
[614] = CNOT 7 80
[615] = T 7
[616] = CNOT 7 51
[617] = CNOT 7 26
[618] = T 6
[619] = CNOT 6 67
[620] = CNOT 6 59
[621] = CNOT 6 51
[622] = CNOT 6 26
[623] = CNOT 26 51
[624] = CNOT 26 59
[625] = CNOT 26 67
[626] = CNOT 26 80
[627] = T 26
[628] = CNOT 26 80
[629] = CNOT 26 67
[630] = CNOT 26 59
[631] = CNOT 26 51
[632] = CNOT 1 2
[633] = CNOT 1 25
[634] = CNOT 1 30
[635] = CNOT 1 34
[636] = CNOT 1 50
[637] = CNOT 1 58
[638] = CNOT 1 66
[639] = CNOT 1 74
[640] = CNOT 1 90
[641] = T 1
[642] = CNOT 1 2
[643] = CNOT 2 25
[644] = CNOT 2 30
[645] = CNOT 2 34
[646] = CNOT 2 50
[647] = CNOT 2 58
[648] = CNOT 2 66
[649] = CNOT 2 74
[650] = CNOT 2 90
[651] = T 2
[652] = CNOT 2 90
[653] = CNOT 2 74
[654] = CNOT 2 66
[655] = CNOT 2 58
[656] = CNOT 2 50
[657] = CNOT 2 34
[658] = CNOT 2 30
[659] = CNOT 2 25
[660] = T 1
[661] = CNOT 1 90
[662] = CNOT 1 74
[663] = CNOT 1 66
[664] = CNOT 1 58
[665] = CNOT 1 50
[666] = CNOT 1 25
[667] = CNOT 25 30
[668] = CNOT 25 34
[669] = CNOT 25 50
[670] = CNOT 25 58
[671] = CNOT 25 66
[672] = CNOT 25 74
[673] = CNOT 25 90
[674] = T 25
[675] = CNOT 25 90
[676] = CNOT 25 74
[677] = CNOT 25 66
[678] = CNOT 25 58
[679] = CNOT 25 50
[680] = CNOT 25 34
[681] = CNOT 25 30
[682] = CNOT 12 13
[683] = CNOT 12 17
[684] = CNOT 12 27
[685] = CNOT 12 29
[686] = CNOT 12 33
[687] = CNOT 12 34
[688] = CNOT 12 43
[689] = CNOT 12 48
[690] = CNOT 12 52
[691] = T 12
[692] = CNOT 12 33
[693] = T 12
[694] = CNOT 12 29
[695] = CNOT 12 33
[696] = T 12
[697] = CNOT 12 33
[698] = CNOT 12 17
[699] = CNOT 12 13
[700] = CNOT 17 27
[701] = CNOT 17 34
[702] = CNOT 17 36
[703] = CNOT 17 41
[704] = CNOT 17 42
[705] = CNOT 17 48
[706] = CNOT 17 52
[707] = CNOT 17 82
[708] = T 17
[709] = CNOT 17 36
[710] = CNOT 17 39
[711] = T 17
[712] = CNOT 17 41
[713] = CNOT 17 39
[714] = CNOT 13 14
[715] = CNOT 13 15
[716] = CNOT 13 31
[717] = CNOT 13 34
[718] = CNOT 13 35
[719] = CNOT 13 43
[720] = T 13
[721] = CNOT 13 43
[722] = CNOT 13 35
[723] = CNOT 13 34
[724] = CNOT 13 31
[725] = CNOT 13 15
[726] = CNOT 13 14
[727] = CNOT 8 9
[728] = CNOT 8 34
[729] = CNOT 8 37
[730] = T 8
[731] = CNOT 8 37
[732] = CNOT 8 34
[733] = CNOT 8 9
[734] = CNOT 17 40
[735] = CNOT 17 44
[736] = T 17
[737] = CNOT 17 44
[738] = CNOT 7 8
[739] = CNOT 7 9
[740] = CNOT 7 37
[741] = T 7
[742] = CNOT 7 80
[743] = CNOT 7 67
[744] = CNOT 7 59
[745] = CNOT 7 37
[746] = CNOT 7 9
[747] = CNOT 7 8
[748] = CNOT 6 8
[749] = CNOT 6 9
[750] = CNOT 6 37
[751] = T 6
[752] = CNOT 6 37
[753] = CNOT 6 9
[754] = CNOT 6 8
[755] = CNOT 8 9
[756] = CNOT 8 38
[757] = T 8
[758] = Z 8
[759] = CNOT 8 38
[760] = CNOT 8 9
[761] = CNOT 17 41
[762] = T 17
[763] = CNOT 17 82
[764] = CNOT 17 42
[765] = CNOT 17 41
[766] = CNOT 17 40
[767] = CNOT 11 47
[768] = CNOT 11 59
[769] = CNOT 11 67
[770] = CNOT 11 80
[771] = T 11
[772] = CNOT 11 80
[773] = CNOT 11 67
[774] = CNOT 11 59
[775] = CNOT 11 47
[776] = CNOT 6 7
[777] = CNOT 6 11
[778] = CNOT 6 47
[779] = CNOT 6 59
[780] = CNOT 6 67
[781] = T 6
[782] = CNOT 6 47
[783] = CNOT 6 11
[784] = CNOT 6 7
[785] = CNOT 17 81
[786] = T 17
[787] = CNOT 17 82
[788] = T 17
[789] = CNOT 17 82
[790] = CNOT 17 81
[791] = CNOT 17 52
[792] = CNOT 17 48
[793] = CNOT 17 34
[794] = CNOT 17 27
[795] = CNOT 12 13
[796] = CNOT 12 17
[797] = CNOT 12 54
[798] = CNOT 12 62
[799] = CNOT 12 70
[800] = T 12
[801] = CNOT 12 70
[802] = CNOT 12 62
[803] = CNOT 12 54
[804] = CNOT 12 52
[805] = CNOT 12 43
[806] = CNOT 12 27
[807] = CNOT 12 13
[808] = T 30
[809] = S 30
[810] = Z 30
[811] = CNOT 1 2
[812] = T 1
[813] = CNOT 1 2
[814] = CNOT 2 30
[815] = CNOT 2 34
[816] = T 2
[817] = Z 2
[818] = CNOT 2 34
[819] = CNOT 2 30
[820] = T 1
[821] = Z 1
[822] = CNOT 1 34
[823] = CNOT 1 30
[824] = T 12
[825] = CNOT 12 48
[826] = CNOT 12 17
[827] = CNOT 12 13
[828] = CNOT 12 27
[829] = CNOT 12 52
[830] = CNOT 12 60
[831] = CNOT 12 68
[832] = T 12
[833] = CNOT 12 68
[834] = CNOT 12 60
[835] = CNOT 12 34
[836] = CNOT 12 13
[837] = CNOT 6 8
[838] = CNOT 6 9
[839] = CNOT 6 37
[840] = T 6
[841] = CNOT 6 80
[842] = CNOT 6 67
[843] = CNOT 6 59
[844] = CNOT 6 9
[845] = CNOT 6 8
[846] = CNOT 17 19
[847] = CNOT 17 20
[848] = CNOT 17 21
[849] = CNOT 17 22
[850] = CNOT 17 27
[851] = CNOT 17 34
[852] = CNOT 17 39
[853] = CNOT 17 42
[854] = CNOT 17 48
[855] = CNOT 17 52
[856] = CNOT 17 82
[857] = T 17
[858] = CNOT 17 22
[859] = CNOT 17 21
[860] = CNOT 17 20
[861] = CNOT 17 28
[862] = CNOT 17 53
[863] = T 17
[864] = CNOT 17 82
[865] = CNOT 17 53
[866] = CNOT 17 52
[867] = CNOT 17 48
[868] = CNOT 17 42
[869] = CNOT 17 39
[870] = CNOT 17 34
[871] = CNOT 17 28
[872] = CNOT 17 27
[873] = CNOT 17 19
[874] = CNOT 6 7
[875] = CNOT 6 47
[876] = CNOT 6 55
[877] = CNOT 6 63
[878] = CNOT 6 71
[879] = CNOT 6 78
[880] = CNOT 6 85
[881] = T 6
[882] = CNOT 6 71
[883] = CNOT 6 63
[884] = CNOT 6 55
[885] = CNOT 6 7
[886] = CNOT 13 14
[887] = CNOT 13 15
[888] = CNOT 13 17
[889] = CNOT 13 27
[890] = CNOT 13 34
[891] = CNOT 13 43
[892] = CNOT 13 48
[893] = CNOT 13 52
[894] = CNOT 13 56
[895] = CNOT 13 64
[896] = CNOT 13 72
[897] = CNOT 13 79
[898] = CNOT 13 81
[899] = T 13
[900] = CNOT 13 82
[901] = T 13
[902] = CNOT 13 82
[903] = CNOT 13 79
[904] = T 13
[905] = CNOT 13 81
[906] = CNOT 13 72
[907] = CNOT 13 64
[908] = CNOT 13 56
[909] = CNOT 13 52
[910] = CNOT 13 48
[911] = CNOT 13 43
[912] = CNOT 13 34
[913] = CNOT 13 27
[914] = CNOT 13 17
[915] = CNOT 13 15
[916] = CNOT 13 14
[917] = CNOT 6 8
[918] = CNOT 6 9
[919] = T 6
[920] = CNOT 6 85
[921] = CNOT 6 78
[922] = CNOT 6 47
[923] = CNOT 6 37
[924] = CNOT 6 8
[925] = CNOT 34 48
[926] = CNOT 34 76
[927] = CNOT 34 86
[928] = CNOT 34 92
[929] = T 34
[930] = CNOT 34 92
[931] = CNOT 34 86
[932] = CNOT 34 76
[933] = CNOT 34 48
[934] = CNOT 12 13
[935] = CNOT 12 17
[936] = CNOT 12 34
[937] = CNOT 12 43
[938] = CNOT 12 48
[939] = CNOT 12 54
[940] = CNOT 12 62
[941] = CNOT 12 70
[942] = CNOT 12 77
[943] = CNOT 12 84
[944] = T 12
[945] = CNOT 12 84
[946] = CNOT 12 77
[947] = CNOT 12 70
[948] = CNOT 12 62
[949] = CNOT 12 54
[950] = CNOT 12 52
[951] = CNOT 12 27
[952] = CNOT 12 17
[953] = CNOT 12 13
[954] = CNOT 17 21
[955] = CNOT 17 22
[956] = CNOT 17 27
[957] = CNOT 17 32
[958] = CNOT 17 34
[959] = CNOT 17 36
[960] = CNOT 17 39
[961] = CNOT 17 42
[962] = CNOT 17 48
[963] = CNOT 17 52
[964] = CNOT 17 82
[965] = T 17
[966] = CNOT 17 42
[967] = CNOT 17 39
[968] = CNOT 17 32
[969] = CNOT 17 22
[970] = CNOT 17 21
[971] = CNOT 8 9
[972] = CNOT 8 47
[973] = CNOT 8 78
[974] = CNOT 8 85
[975] = T 8
[976] = CNOT 8 85
[977] = CNOT 8 78
[978] = CNOT 8 47
[979] = CNOT 8 9
[980] = CNOT 13 27
[981] = CNOT 13 34
[982] = CNOT 13 43
[983] = CNOT 13 52
[984] = CNOT 13 60
[985] = CNOT 13 68
[986] = T 13
[987] = CNOT 13 68
[988] = CNOT 13 60
[989] = CNOT 13 52
[990] = CNOT 13 43
[991] = CNOT 13 34
[992] = CNOT 13 27
[993] = CNOT 6 7
[994] = CNOT 6 8
[995] = CNOT 6 75
[996] = CNOT 6 80
[997] = CNOT 6 91
[998] = T 6
[999] = CNOT 6 7
[1000] = T 6
[1001] = CNOT 6 91
[1002] = CNOT 6 80
[1003] = CNOT 6 75
[1004] = T 17
[1005] = CNOT 17 36
[1006] = CNOT 17 43
[1007] = CNOT 17 79
[1008] = CNOT 17 81
[1009] = T 17
[1010] = CNOT 17 82
[1011] = T 17
[1012] = CNOT 17 81
[1013] = CNOT 17 79
[1014] = CNOT 17 43
[1015] = CNOT 12 13
[1016] = CNOT 12 76
[1017] = CNOT 12 86
[1018] = CNOT 12 92
[1019] = T 12
[1020] = CNOT 12 92
[1021] = CNOT 12 86
[1022] = CNOT 12 76
[1023] = CNOT 12 13
[1024] = CNOT 13 34
[1025] = CNOT 13 35
[1026] = CNOT 13 43
[1027] = T 13
[1028] = CNOT 13 43
[1029] = CNOT 13 35
[1030] = CNOT 6 37
[1031] = CNOT 6 78
[1032] = T 6
[1033] = CNOT 6 78
[1034] = CNOT 6 37
[1035] = CNOT 6 9
[1036] = CNOT 6 8
[1037] = CNOT 7 55
[1038] = CNOT 7 63
[1039] = CNOT 7 71
[1040] = T 7
[1041] = CNOT 7 71
[1042] = CNOT 7 63
[1043] = CNOT 7 55
[1044] = CNOT 7 59
[1045] = CNOT 7 67
[1046] = CNOT 7 80
[1047] = T 7
[1048] = CNOT 7 80
[1049] = CNOT 7 67
[1050] = CNOT 7 59
[1051] = CNOT 6 59
[1052] = CNOT 6 67
[1053] = CNOT 6 80
[1054] = T 6
[1055] = CNOT 6 80
[1056] = CNOT 6 67
[1057] = CNOT 6 59
[1058] = CNOT 8 9
[1059] = CNOT 8 30
[1060] = CNOT 8 34
[1061] = T 8
[1062] = CNOT 8 34
[1063] = CNOT 17 28
[1064] = CNOT 17 39
[1065] = CNOT 17 42
[1066] = CNOT 17 53
[1067] = CNOT 17 82
[1068] = T 17
[1069] = CNOT 17 82
[1070] = CNOT 17 53
[1071] = CNOT 17 52
[1072] = CNOT 17 48
[1073] = CNOT 17 42
[1074] = CNOT 17 39
[1075] = CNOT 17 34
[1076] = CNOT 17 28
[1077] = CNOT 17 27
[1078] = CNOT 13 17
[1079] = CNOT 13 48
[1080] = T 13
[1081] = CNOT 13 48
[1082] = CNOT 13 34
[1083] = CNOT 13 17
[1084] = CNOT 17 19
[1085] = CNOT 17 27
[1086] = CNOT 17 34
[1087] = CNOT 17 39
[1088] = CNOT 17 42
[1089] = CNOT 17 48
[1090] = CNOT 17 52
[1091] = CNOT 17 61
[1092] = CNOT 17 69
[1093] = CNOT 17 82
[1094] = T 17
[1095] = CNOT 17 82
[1096] = CNOT 17 69
[1097] = CNOT 17 61
[1098] = CNOT 17 52
[1099] = CNOT 17 48
[1100] = CNOT 17 42
[1101] = CNOT 17 39
[1102] = CNOT 17 34
[1103] = CNOT 17 27
[1104] = CNOT 17 19
[1105] = T 8
[1106] = S 8
[1107] = Z 8
[1108] = CNOT 8 30
[1109] = CNOT 12 14
[1110] = CNOT 12 15
[1111] = CNOT 12 17
[1112] = T 12
[1113] = CNOT 12 43
[1114] = CNOT 12 17
[1115] = CNOT 12 15
[1116] = CNOT 12 14
[1117] = CNOT 12 86
[1118] = T 12
[1119] = CNOT 12 86
[1120] = CNOT 7 47
[1121] = CNOT 7 55
[1122] = CNOT 7 63
[1123] = CNOT 7 71
[1124] = CNOT 7 78
[1125] = CNOT 7 85
[1126] = T 7
[1127] = CNOT 7 85
[1128] = CNOT 7 78
[1129] = CNOT 7 71
[1130] = CNOT 7 63
[1131] = CNOT 7 55
[1132] = CNOT 7 47
[1133] = CNOT 12 13
[1134] = CNOT 12 17
[1135] = CNOT 12 27
[1136] = CNOT 12 52
[1137] = T 12
[1138] = CNOT 12 52
[1139] = CNOT 12 48
[1140] = CNOT 12 34
[1141] = CNOT 12 27
[1142] = CNOT 12 17
[1143] = CNOT 12 13
[1144] = CNOT 8 34
[1145] = CNOT 8 38
[1146] = T 8
[1147] = CNOT 8 38
[1148] = CNOT 8 34
[1149] = CNOT 8 9
[1150] = CNOT 17 19
[1151] = CNOT 17 20
[1152] = CNOT 17 27
[1153] = CNOT 17 28
[1154] = CNOT 17 34
[1155] = CNOT 17 39
[1156] = CNOT 17 42
[1157] = CNOT 17 48
[1158] = CNOT 17 52
[1159] = CNOT 17 53
[1160] = CNOT 17 82
[1161] = T 17
[1162] = CNOT 17 53
[1163] = CNOT 17 42
[1164] = CNOT 17 39
[1165] = CNOT 17 28
[1166] = CNOT 17 20
[1167] = CNOT 17 19
[1168] = CNOT 17 36
[1169] = CNOT 17 43
[1170] = T 17
[1171] = CNOT 17 36
[1172] = CNOT 17 40
[1173] = CNOT 17 42
[1174] = CNOT 17 44
[1175] = T 17
[1176] = CNOT 17 44
[1177] = T 17
[1178] = CNOT 17 40
[1179] = CNOT 17 44
[1180] = T 17
[1181] = CNOT 17 82
[1182] = CNOT 17 52
[1183] = CNOT 17 48
[1184] = CNOT 17 44
[1185] = CNOT 17 43
[1186] = CNOT 17 42
[1187] = CNOT 17 34
[1188] = CNOT 17 27
[1189] = Z 1
[1190] = Z 3
[1191] = S 4
[1192] = Z 4
[1193] = Z 5
[1194] = S 6
[1195] = Z 6
[1196] = S 7
[1197] = S 8
[1198] = Z 9
[1199] = Z 10
[1200] = S 11
[1201] = S 12
[1202] = Z 12
[1203] = S 14
[1204] = Z 14
[1205] = Z 16
[1206] = Z 17
[1207] = S 18
[1208] = Z 18
[1209] = S 19
[1210] = S 20
[1211] = Z 20
[1212] = Z 21
[1213] = S 22
[1214] = Z 22
[1215] = Z 23
[1216] = S 24
[1217] = Z 24
[1218] = Z 26
[1219] = Z 28
[1220] = S 31
[1221] = Z 31
[1222] = Z 33
[1223] = Z 34
[1224] = S 35
[1225] = S 36
[1226] = Z 37
[1227] = Z 39
[1228] = Z 40
[1229] = Z 41
[1230] = S 42
[1231] = S 43
[1232] = S 46
[1233] = Z 46
[1234] = Z 47
[1235] = Z 48
[1236] = S 49
[1237] = Z 49
[1238] = Z 51
[1239] = Z 53
[1240] = Z 56
[1241] = S 57
[1242] = S 59
[1243] = Z 59
[1244] = S 61
[1245] = Z 61
[1246] = S 63
[1247] = S 64
[1248] = Z 64
[1249] = Z 65
[1250] = S 67
[1251] = Z 68
[1252] = S 69
[1253] = Z 72
[1254] = S 73
[1255] = Z 73
[1256] = Z 74
[1257] = S 76
[1258] = Z 76
[1259] = Z 77
[1260] = S 78
[1261] = Z 78
[1262] = S 79
[1263] = S 80
[1264] = Z 80
[1265] = Z 81
[1266] = Z 82
[1267] = Z 84
[1268] = S 85
[1269] = S 87
[1270] = Z 87
[1271] = S 88
[1272] = Z 88
[1273] = S 89
[1274] = Z 89
[1275] = Z 90
[1276] = Z 91
[1277] = S 92
[1278] = S 93
[1279] = Z 93
[1280] = S 94
[1281] = Z 94
[1282] = S 95
[1283] = Z 95
[1284] = CNOT 1 2
[1285] = S 1
[1286] = CNOT 1 2
[1287] = CNOT 1 30
[1288] = S 1
[1289] = Z 1
[1290] = CNOT 1 30
[1291] = CNOT 1 34
[1292] = S 1
[1293] = Z 1
[1294] = CNOT 1 34
[1295] = CNOT 1 74
[1296] = S 1
[1297] = CNOT 1 74
[1298] = CNOT 1 90
[1299] = S 1
[1300] = CNOT 1 90
[1301] = CNOT 2 30
[1302] = S 2
[1303] = Z 2
[1304] = CNOT 2 30
[1305] = CNOT 2 34
[1306] = S 2
[1307] = Z 2
[1308] = CNOT 2 34
[1309] = CNOT 2 74
[1310] = Z 2
[1311] = CNOT 2 74
[1312] = CNOT 2 90
[1313] = Z 2
[1314] = CNOT 2 90
[1315] = CNOT 3 4
[1316] = S 3
[1317] = Z 3
[1318] = CNOT 3 4
[1319] = CNOT 3 12
[1320] = S 3
[1321] = Z 3
[1322] = CNOT 3 12
[1323] = CNOT 3 13
[1324] = S 3
[1325] = Z 3
[1326] = CNOT 3 13
[1327] = CNOT 3 17
[1328] = S 3
[1329] = Z 3
[1330] = CNOT 3 17
[1331] = CNOT 3 27
[1332] = S 3
[1333] = Z 3
[1334] = CNOT 3 27
[1335] = CNOT 3 29
[1336] = Z 3
[1337] = CNOT 3 29
[1338] = CNOT 3 33
[1339] = Z 3
[1340] = CNOT 3 33
[1341] = CNOT 3 34
[1342] = S 3
[1343] = Z 3
[1344] = CNOT 3 34
[1345] = CNOT 3 43
[1346] = S 3
[1347] = Z 3
[1348] = CNOT 3 43
[1349] = CNOT 3 48
[1350] = S 3
[1351] = Z 3
[1352] = CNOT 3 48
[1353] = CNOT 3 52
[1354] = S 3
[1355] = Z 3
[1356] = CNOT 3 52
[1357] = CNOT 3 77
[1358] = Z 3
[1359] = CNOT 3 77
[1360] = CNOT 3 84
[1361] = Z 3
[1362] = CNOT 3 84
[1363] = CNOT 4 5
[1364] = S 4
[1365] = CNOT 4 5
[1366] = CNOT 4 12
[1367] = S 4
[1368] = Z 4
[1369] = CNOT 4 12
[1370] = CNOT 4 13
[1371] = S 4
[1372] = Z 4
[1373] = CNOT 4 13
[1374] = CNOT 4 17
[1375] = S 4
[1376] = Z 4
[1377] = CNOT 4 17
[1378] = CNOT 4 25
[1379] = S 4
[1380] = CNOT 4 25
[1381] = CNOT 4 27
[1382] = S 4
[1383] = Z 4
[1384] = CNOT 4 27
[1385] = CNOT 4 29
[1386] = Z 4
[1387] = CNOT 4 29
[1388] = CNOT 4 34
[1389] = S 4
[1390] = Z 4
[1391] = CNOT 4 34
[1392] = CNOT 4 43
[1393] = S 4
[1394] = Z 4
[1395] = CNOT 4 43
[1396] = CNOT 4 48
[1397] = S 4
[1398] = Z 4
[1399] = CNOT 4 48
[1400] = CNOT 4 52
[1401] = S 4
[1402] = Z 4
[1403] = CNOT 4 52
[1404] = CNOT 4 77
[1405] = Z 4
[1406] = CNOT 4 77
[1407] = CNOT 4 84
[1408] = Z 4
[1409] = CNOT 4 84
[1410] = CNOT 5 33
[1411] = Z 5
[1412] = CNOT 5 33
[1413] = CNOT 6 8
[1414] = S 6
[1415] = Z 6
[1416] = CNOT 6 8
[1417] = CNOT 6 9
[1418] = S 6
[1419] = Z 6
[1420] = CNOT 6 9
[1421] = CNOT 6 11
[1422] = Z 6
[1423] = CNOT 6 11
[1424] = CNOT 6 26
[1425] = S 6
[1426] = CNOT 6 26
[1427] = CNOT 6 47
[1428] = Z 6
[1429] = CNOT 6 47
[1430] = CNOT 6 51
[1431] = S 6
[1432] = CNOT 6 51
[1433] = CNOT 6 55
[1434] = Z 6
[1435] = CNOT 6 55
[1436] = CNOT 6 59
[1437] = S 6
[1438] = CNOT 6 59
[1439] = CNOT 6 63
[1440] = Z 6
[1441] = CNOT 6 63
[1442] = CNOT 6 67
[1443] = S 6
[1444] = CNOT 6 67
[1445] = CNOT 6 71
[1446] = Z 6
[1447] = CNOT 6 71
[1448] = CNOT 6 75
[1449] = Z 6
[1450] = CNOT 6 75
[1451] = CNOT 6 80
[1452] = Z 6
[1453] = CNOT 6 80
[1454] = CNOT 6 91
[1455] = Z 6
[1456] = CNOT 6 91
[1457] = CNOT 7 11
[1458] = Z 7
[1459] = CNOT 7 11
[1460] = CNOT 7 26
[1461] = S 7
[1462] = CNOT 7 26
[1463] = CNOT 7 37
[1464] = Z 7
[1465] = CNOT 7 37
[1466] = CNOT 7 47
[1467] = S 7
[1468] = Z 7
[1469] = CNOT 7 47
[1470] = CNOT 7 51
[1471] = S 7
[1472] = CNOT 7 51
[1473] = CNOT 7 55
[1474] = S 7
[1475] = CNOT 7 55
[1476] = CNOT 7 59
[1477] = S 7
[1478] = CNOT 7 59
[1479] = CNOT 7 67
[1480] = S 7
[1481] = Z 7
[1482] = CNOT 7 67
[1483] = CNOT 7 71
[1484] = S 7
[1485] = CNOT 7 71
[1486] = CNOT 7 75
[1487] = Z 7
[1488] = CNOT 7 75
[1489] = CNOT 7 78
[1490] = Z 7
[1491] = CNOT 7 78
[1492] = CNOT 7 80
[1493] = S 7
[1494] = Z 7
[1495] = CNOT 7 80
[1496] = CNOT 7 85
[1497] = S 7
[1498] = CNOT 7 85
[1499] = CNOT 8 9
[1500] = S 8
[1501] = Z 8
[1502] = CNOT 8 9
[1503] = CNOT 8 11
[1504] = S 8
[1505] = CNOT 8 11
[1506] = CNOT 8 34
[1507] = Z 8
[1508] = CNOT 8 34
[1509] = CNOT 8 37
[1510] = Z 8
[1511] = CNOT 8 37
[1512] = CNOT 8 38
[1513] = Z 8
[1514] = CNOT 8 38
[1515] = CNOT 8 59
[1516] = S 8
[1517] = CNOT 8 59
[1518] = CNOT 8 67
[1519] = S 8
[1520] = CNOT 8 67
[1521] = CNOT 8 75
[1522] = S 8
[1523] = Z 8
[1524] = CNOT 8 75
[1525] = CNOT 8 78
[1526] = Z 8
[1527] = CNOT 8 78
[1528] = CNOT 8 80
[1529] = S 8
[1530] = Z 8
[1531] = CNOT 8 80
[1532] = CNOT 8 83
[1533] = Z 8
[1534] = CNOT 8 83
[1535] = CNOT 8 85
[1536] = S 8
[1537] = Z 8
[1538] = CNOT 8 85
[1539] = CNOT 8 91
[1540] = S 8
[1541] = Z 8
[1542] = CNOT 8 91
[1543] = CNOT 9 10
[1544] = S 9
[1545] = CNOT 9 10
[1546] = CNOT 9 11
[1547] = S 9
[1548] = CNOT 9 11
[1549] = CNOT 9 26
[1550] = S 9
[1551] = CNOT 9 26
[1552] = CNOT 9 37
[1553] = Z 9
[1554] = CNOT 9 37
[1555] = CNOT 9 38
[1556] = Z 9
[1557] = CNOT 9 38
[1558] = CNOT 9 59
[1559] = S 9
[1560] = CNOT 9 59
[1561] = CNOT 9 67
[1562] = S 9
[1563] = CNOT 9 67
[1564] = CNOT 9 75
[1565] = S 9
[1566] = Z 9
[1567] = CNOT 9 75
[1568] = CNOT 9 78
[1569] = Z 9
[1570] = CNOT 9 78
[1571] = CNOT 9 80
[1572] = S 9
[1573] = Z 9
[1574] = CNOT 9 80
[1575] = CNOT 9 83
[1576] = Z 9
[1577] = CNOT 9 83
[1578] = CNOT 9 85
[1579] = S 9
[1580] = Z 9
[1581] = CNOT 9 85
[1582] = CNOT 9 91
[1583] = S 9
[1584] = Z 9
[1585] = CNOT 9 91
[1586] = CNOT 10 34
[1587] = Z 10
[1588] = CNOT 10 34
[1589] = CNOT 11 30
[1590] = Z 11
[1591] = CNOT 11 30
[1592] = CNOT 11 38
[1593] = S 11
[1594] = CNOT 11 38
[1595] = CNOT 12 13
[1596] = S 12
[1597] = Z 12
[1598] = CNOT 12 13
[1599] = CNOT 12 14
[1600] = Z 12
[1601] = CNOT 12 14
[1602] = CNOT 12 15
[1603] = Z 12
[1604] = CNOT 12 15
[1605] = CNOT 12 27
[1606] = Z 12
[1607] = CNOT 12 27
[1608] = CNOT 12 29
[1609] = S 12
[1610] = Z 12
[1611] = CNOT 12 29
[1612] = CNOT 12 33
[1613] = S 12
[1614] = Z 12
[1615] = CNOT 12 33
[1616] = CNOT 12 43
[1617] = S 12
[1618] = Z 12
[1619] = CNOT 12 43
[1620] = CNOT 12 48
[1621] = S 12
[1622] = CNOT 12 48
[1623] = CNOT 12 52
[1624] = Z 12
[1625] = CNOT 12 52
[1626] = CNOT 12 54
[1627] = Z 12
[1628] = CNOT 12 54
[1629] = CNOT 12 56
[1630] = Z 12
[1631] = CNOT 12 56
[1632] = CNOT 12 60
[1633] = Z 12
[1634] = CNOT 12 60
[1635] = CNOT 12 62
[1636] = Z 12
[1637] = CNOT 12 62
[1638] = CNOT 12 64
[1639] = Z 12
[1640] = CNOT 12 64
[1641] = CNOT 12 68
[1642] = Z 12
[1643] = CNOT 12 68
[1644] = CNOT 12 70
[1645] = Z 12
[1646] = CNOT 12 70
[1647] = CNOT 12 72
[1648] = Z 12
[1649] = CNOT 12 72
[1650] = CNOT 12 76
[1651] = S 12
[1652] = Z 12
[1653] = CNOT 12 76
[1654] = CNOT 12 77
[1655] = Z 12
[1656] = CNOT 12 77
[1657] = CNOT 12 84
[1658] = Z 12
[1659] = CNOT 12 84
[1660] = CNOT 12 86
[1661] = S 12
[1662] = CNOT 12 86
[1663] = CNOT 12 92
[1664] = S 12
[1665] = Z 12
[1666] = CNOT 12 92
[1667] = CNOT 13 17
[1668] = Z 13
[1669] = CNOT 13 17
[1670] = CNOT 13 29
[1671] = S 13
[1672] = Z 13
[1673] = CNOT 13 29
[1674] = CNOT 13 31
[1675] = S 13
[1676] = CNOT 13 31
[1677] = CNOT 13 33
[1678] = S 13
[1679] = Z 13
[1680] = CNOT 13 33
[1681] = CNOT 13 35
[1682] = S 13
[1683] = CNOT 13 35
[1684] = CNOT 13 43
[1685] = S 13
[1686] = Z 13
[1687] = CNOT 13 43
[1688] = CNOT 13 48
[1689] = Z 13
[1690] = CNOT 13 48
[1691] = CNOT 13 54
[1692] = Z 13
[1693] = CNOT 13 54
[1694] = CNOT 13 56
[1695] = S 13
[1696] = Z 13
[1697] = CNOT 13 56
[1698] = CNOT 13 60
[1699] = Z 13
[1700] = CNOT 13 60
[1701] = CNOT 13 62
[1702] = Z 13
[1703] = CNOT 13 62
[1704] = CNOT 13 64
[1705] = Z 13
[1706] = CNOT 13 64
[1707] = CNOT 13 70
[1708] = Z 13
[1709] = CNOT 13 70
[1710] = CNOT 13 72
[1711] = S 13
[1712] = Z 13
[1713] = CNOT 13 72
[1714] = CNOT 13 76
[1715] = Z 13
[1716] = CNOT 13 76
[1717] = CNOT 13 77
[1718] = Z 13
[1719] = CNOT 13 77
[1720] = CNOT 13 79
[1721] = S 13
[1722] = Z 13
[1723] = CNOT 13 79
[1724] = CNOT 13 81
[1725] = Z 13
[1726] = CNOT 13 81
[1727] = CNOT 13 82
[1728] = S 13
[1729] = CNOT 13 82
[1730] = CNOT 13 84
[1731] = Z 13
[1732] = CNOT 13 84
[1733] = CNOT 14 17
[1734] = Z 14
[1735] = CNOT 14 17
[1736] = CNOT 14 27
[1737] = Z 14
[1738] = CNOT 14 27
[1739] = CNOT 14 31
[1740] = S 14
[1741] = Z 14
[1742] = CNOT 14 31
[1743] = CNOT 14 35
[1744] = S 14
[1745] = CNOT 14 35
[1746] = CNOT 14 52
[1747] = Z 14
[1748] = CNOT 14 52
[1749] = CNOT 14 79
[1750] = S 14
[1751] = Z 14
[1752] = CNOT 14 79
[1753] = CNOT 14 81
[1754] = Z 14
[1755] = CNOT 14 81
[1756] = CNOT 14 82
[1757] = S 14
[1758] = CNOT 14 82
[1759] = CNOT 14 86
[1760] = Z 14
[1761] = CNOT 14 86
[1762] = CNOT 15 16
[1763] = S 15
[1764] = CNOT 15 16
[1765] = CNOT 15 17
[1766] = Z 15
[1767] = CNOT 15 17
[1768] = CNOT 15 27
[1769] = S 15
[1770] = Z 15
[1771] = CNOT 15 27
[1772] = CNOT 15 31
[1773] = S 15
[1774] = Z 15
[1775] = CNOT 15 31
[1776] = CNOT 15 35
[1777] = S 15
[1778] = Z 15
[1779] = CNOT 15 35
[1780] = CNOT 15 52
[1781] = Z 15
[1782] = CNOT 15 52
[1783] = CNOT 15 79
[1784] = S 15
[1785] = Z 15
[1786] = CNOT 15 79
[1787] = CNOT 15 81
[1788] = Z 15
[1789] = CNOT 15 81
[1790] = CNOT 15 82
[1791] = S 15
[1792] = CNOT 15 82
[1793] = CNOT 15 86
[1794] = Z 15
[1795] = CNOT 15 86
[1796] = CNOT 16 35
[1797] = Z 16
[1798] = CNOT 16 35
[1799] = CNOT 17 18
[1800] = Z 17
[1801] = CNOT 17 18
[1802] = CNOT 17 21
[1803] = S 17
[1804] = CNOT 17 21
[1805] = CNOT 17 22
[1806] = S 17
[1807] = CNOT 17 22
[1808] = CNOT 17 24
[1809] = Z 17
[1810] = CNOT 17 24
[1811] = CNOT 17 27
[1812] = Z 17
[1813] = CNOT 17 27
[1814] = CNOT 17 29
[1815] = S 17
[1816] = Z 17
[1817] = CNOT 17 29
[1818] = CNOT 17 31
[1819] = Z 17
[1820] = CNOT 17 31
[1821] = CNOT 17 32
[1822] = S 17
[1823] = Z 17
[1824] = CNOT 17 32
[1825] = CNOT 17 33
[1826] = S 17
[1827] = Z 17
[1828] = CNOT 17 33
[1829] = CNOT 17 34
[1830] = S 17
[1831] = Z 17
[1832] = CNOT 17 34
[1833] = CNOT 17 36
[1834] = Z 17
[1835] = CNOT 17 36
[1836] = CNOT 17 39
[1837] = Z 17
[1838] = CNOT 17 39
[1839] = CNOT 17 40
[1840] = S 17
[1841] = Z 17
[1842] = CNOT 17 40
[1843] = CNOT 17 41
[1844] = Z 17
[1845] = CNOT 17 41
[1846] = CNOT 17 43
[1847] = S 17
[1848] = CNOT 17 43
[1849] = CNOT 17 46
[1850] = Z 17
[1851] = CNOT 17 46
[1852] = CNOT 17 48
[1853] = S 17
[1854] = Z 17
[1855] = CNOT 17 48
[1856] = CNOT 17 49
[1857] = Z 17
[1858] = CNOT 17 49
[1859] = CNOT 17 52
[1860] = Z 17
[1861] = CNOT 17 52
[1862] = CNOT 17 54
[1863] = Z 17
[1864] = CNOT 17 54
[1865] = CNOT 17 56
[1866] = Z 17
[1867] = CNOT 17 56
[1868] = CNOT 17 61
[1869] = S 17
[1870] = CNOT 17 61
[1871] = CNOT 17 62
[1872] = Z 17
[1873] = CNOT 17 62
[1874] = CNOT 17 64
[1875] = Z 17
[1876] = CNOT 17 64
[1877] = CNOT 17 69
[1878] = S 17
[1879] = CNOT 17 69
[1880] = CNOT 17 70
[1881] = Z 17
[1882] = CNOT 17 70
[1883] = CNOT 17 72
[1884] = Z 17
[1885] = CNOT 17 72
[1886] = CNOT 17 77
[1887] = Z 17
[1888] = CNOT 17 77
[1889] = CNOT 17 79
[1890] = S 17
[1891] = CNOT 17 79
[1892] = CNOT 17 81
[1893] = S 17
[1894] = Z 17
[1895] = CNOT 17 81
[1896] = CNOT 17 82
[1897] = S 17
[1898] = Z 17
[1899] = CNOT 17 82
[1900] = CNOT 17 84
[1901] = Z 17
[1902] = CNOT 17 84
[1903] = CNOT 18 27
[1904] = Z 18
[1905] = CNOT 18 27
[1906] = CNOT 18 34
[1907] = Z 18
[1908] = CNOT 18 34
[1909] = CNOT 18 40
[1910] = S 18
[1911] = CNOT 18 40
[1912] = CNOT 18 41
[1913] = S 18
[1914] = CNOT 18 41
[1915] = CNOT 18 42
[1916] = S 18
[1917] = Z 18
[1918] = CNOT 18 42
[1919] = CNOT 18 46
[1920] = Z 18
[1921] = CNOT 18 46
[1922] = CNOT 18 48
[1923] = Z 18
[1924] = CNOT 18 48
[1925] = CNOT 18 52
[1926] = Z 18
[1927] = CNOT 18 52
[1928] = CNOT 18 82
[1929] = Z 18
[1930] = CNOT 18 82
[1931] = CNOT 19 20
[1932] = Z 19
[1933] = CNOT 19 20
[1934] = CNOT 19 21
[1935] = S 19
[1936] = Z 19
[1937] = CNOT 19 21
[1938] = CNOT 19 22
[1939] = S 19
[1940] = Z 19
[1941] = CNOT 19 22
[1942] = CNOT 19 24
[1943] = S 19
[1944] = Z 19
[1945] = CNOT 19 24
[1946] = CNOT 19 28
[1947] = Z 19
[1948] = CNOT 19 28
[1949] = CNOT 19 45
[1950] = Z 19
[1951] = CNOT 19 45
[1952] = CNOT 19 49
[1953] = S 19
[1954] = Z 19
[1955] = CNOT 19 49
[1956] = CNOT 19 53
[1957] = Z 19
[1958] = CNOT 19 53
[1959] = CNOT 19 61
[1960] = S 19
[1961] = Z 19
[1962] = CNOT 19 61
[1963] = CNOT 19 69
[1964] = S 19
[1965] = Z 19
[1966] = CNOT 19 69
[1967] = CNOT 20 21
[1968] = S 20
[1969] = Z 20
[1970] = CNOT 20 21
[1971] = CNOT 20 22
[1972] = S 20
[1973] = Z 20
[1974] = CNOT 20 22
[1975] = CNOT 20 24
[1976] = S 20
[1977] = Z 20
[1978] = CNOT 20 24
[1979] = CNOT 20 28
[1980] = Z 20
[1981] = CNOT 20 28
[1982] = CNOT 20 49
[1983] = S 20
[1984] = Z 20
[1985] = CNOT 20 49
[1986] = CNOT 20 53
[1987] = Z 20
[1988] = CNOT 20 53
[1989] = CNOT 20 57
[1990] = S 20
[1991] = CNOT 20 57
[1992] = CNOT 20 61
[1993] = S 20
[1994] = Z 20
[1995] = CNOT 20 61
[1996] = CNOT 20 69
[1997] = S 20
[1998] = CNOT 20 69
[1999] = CNOT 21 22
[2000] = S 21
[2001] = CNOT 21 22
[2002] = CNOT 21 24
[2003] = Z 21
[2004] = CNOT 21 24
[2005] = CNOT 21 27
[2006] = S 21
[2007] = CNOT 21 27
[2008] = CNOT 21 34
[2009] = S 21
[2010] = CNOT 21 34
[2011] = CNOT 21 36
[2012] = Z 21
[2013] = CNOT 21 36
[2014] = CNOT 21 39
[2015] = S 21
[2016] = CNOT 21 39
[2017] = CNOT 21 42
[2018] = S 21
[2019] = CNOT 21 42
[2020] = CNOT 21 48
[2021] = S 21
[2022] = CNOT 21 48
[2023] = CNOT 21 49
[2024] = Z 21
[2025] = CNOT 21 49
[2026] = CNOT 21 52
[2027] = S 21
[2028] = CNOT 21 52
[2029] = CNOT 21 82
[2030] = S 21
[2031] = CNOT 21 82
[2032] = CNOT 22 23
[2033] = S 22
[2034] = CNOT 22 23
[2035] = CNOT 22 24
[2036] = Z 22
[2037] = CNOT 22 24
[2038] = CNOT 22 27
[2039] = S 22
[2040] = CNOT 22 27
[2041] = CNOT 22 28
[2042] = S 22
[2043] = CNOT 22 28
[2044] = CNOT 22 34
[2045] = S 22
[2046] = CNOT 22 34
[2047] = CNOT 22 39
[2048] = S 22
[2049] = CNOT 22 39
[2050] = CNOT 22 42
[2051] = S 22
[2052] = CNOT 22 42
[2053] = CNOT 22 48
[2054] = S 22
[2055] = CNOT 22 48
[2056] = CNOT 22 49
[2057] = Z 22
[2058] = CNOT 22 49
[2059] = CNOT 22 52
[2060] = S 22
[2061] = CNOT 22 52
[2062] = CNOT 22 82
[2063] = S 22
[2064] = CNOT 22 82
[2065] = CNOT 23 36
[2066] = Z 23
[2067] = CNOT 23 36
[2068] = CNOT 24 27
[2069] = Z 24
[2070] = CNOT 24 27
[2071] = CNOT 24 32
[2072] = Z 24
[2073] = CNOT 24 32
[2074] = CNOT 24 34
[2075] = Z 24
[2076] = CNOT 24 34
[2077] = CNOT 24 39
[2078] = Z 24
[2079] = CNOT 24 39
[2080] = CNOT 24 41
[2081] = S 24
[2082] = CNOT 24 41
[2083] = CNOT 24 42
[2084] = Z 24
[2085] = CNOT 24 42
[2086] = CNOT 24 48
[2087] = Z 24
[2088] = CNOT 24 48
[2089] = CNOT 24 49
[2090] = Z 24
[2091] = CNOT 24 49
[2092] = CNOT 24 52
[2093] = Z 24
[2094] = CNOT 24 52
[2095] = CNOT 24 82
[2096] = Z 24
[2097] = CNOT 24 82
[2098] = CNOT 25 29
[2099] = S 25
[2100] = CNOT 25 29
[2101] = CNOT 26 30
[2102] = S 26
[2103] = CNOT 26 30
[2104] = CNOT 26 51
[2105] = Z 26
[2106] = CNOT 26 51
[2107] = CNOT 26 59
[2108] = Z 26
[2109] = CNOT 26 59
[2110] = CNOT 26 67
[2111] = Z 26
[2112] = CNOT 26 67
[2113] = CNOT 26 80
[2114] = Z 26
[2115] = CNOT 26 80
[2116] = CNOT 27 29
[2117] = S 27
[2118] = Z 27
[2119] = CNOT 27 29
[2120] = CNOT 27 31
[2121] = S 27
[2122] = CNOT 27 31
[2123] = CNOT 27 32
[2124] = S 27
[2125] = Z 27
[2126] = CNOT 27 32
[2127] = CNOT 27 33
[2128] = S 27
[2129] = Z 27
[2130] = CNOT 27 33
[2131] = CNOT 27 34
[2132] = S 27
[2133] = CNOT 27 34
[2134] = CNOT 27 36
[2135] = Z 27
[2136] = CNOT 27 36
[2137] = CNOT 27 39
[2138] = Z 27
[2139] = CNOT 27 39
[2140] = CNOT 27 40
[2141] = Z 27
[2142] = CNOT 27 40
[2143] = CNOT 27 41
[2144] = Z 27
[2145] = CNOT 27 41
[2146] = CNOT 27 43
[2147] = S 27
[2148] = CNOT 27 43
[2149] = CNOT 27 46
[2150] = Z 27
[2151] = CNOT 27 46
[2152] = CNOT 27 48
[2153] = Z 27
[2154] = CNOT 27 48
[2155] = CNOT 27 49
[2156] = Z 27
[2157] = CNOT 27 49
[2158] = CNOT 27 52
[2159] = S 27
[2160] = CNOT 27 52
[2161] = CNOT 27 54
[2162] = Z 27
[2163] = CNOT 27 54
[2164] = CNOT 27 56
[2165] = Z 27
[2166] = CNOT 27 56
[2167] = CNOT 27 60
[2168] = S 27
[2169] = Z 27
[2170] = CNOT 27 60
[2171] = CNOT 27 61
[2172] = S 27
[2173] = CNOT 27 61
[2174] = CNOT 27 62
[2175] = Z 27
[2176] = CNOT 27 62
[2177] = CNOT 27 64
[2178] = Z 27
[2179] = CNOT 27 64
[2180] = CNOT 27 68
[2181] = S 27
[2182] = Z 27
[2183] = CNOT 27 68
[2184] = CNOT 27 69
[2185] = S 27
[2186] = CNOT 27 69
[2187] = CNOT 27 70
[2188] = Z 27
[2189] = CNOT 27 70
[2190] = CNOT 27 72
[2191] = Z 27
[2192] = CNOT 27 72
[2193] = CNOT 27 77
[2194] = Z 27
[2195] = CNOT 27 77
[2196] = CNOT 27 79
[2197] = S 27
[2198] = CNOT 27 79
[2199] = CNOT 27 81
[2200] = S 27
[2201] = Z 27
[2202] = CNOT 27 81
[2203] = CNOT 27 82
[2204] = S 27
[2205] = Z 27
[2206] = CNOT 27 82
[2207] = CNOT 27 84
[2208] = Z 27
[2209] = CNOT 27 84
[2210] = CNOT 28 32
[2211] = S 28
[2212] = CNOT 28 32
[2213] = CNOT 29 33
[2214] = S 29
[2215] = CNOT 29 33
[2216] = CNOT 29 34
[2217] = S 29
[2218] = Z 29
[2219] = CNOT 29 34
[2220] = CNOT 29 43
[2221] = S 29
[2222] = Z 29
[2223] = CNOT 29 43
[2224] = CNOT 29 48
[2225] = S 29
[2226] = Z 29
[2227] = CNOT 29 48
[2228] = CNOT 29 50
[2229] = S 29
[2230] = CNOT 29 50
[2231] = CNOT 29 52
[2232] = S 29
[2233] = Z 29
[2234] = CNOT 29 52
[2235] = CNOT 30 47
[2236] = Z 30
[2237] = CNOT 30 47
[2238] = CNOT 30 51
[2239] = S 30
[2240] = CNOT 30 51
[2241] = CNOT 31 34
[2242] = S 31
[2243] = CNOT 31 34
[2244] = CNOT 31 43
[2245] = S 31
[2246] = CNOT 31 43
[2247] = CNOT 31 48
[2248] = Z 31
[2249] = CNOT 31 48
[2250] = CNOT 31 52
[2251] = S 31
[2252] = CNOT 31 52
[2253] = CNOT 32 34
[2254] = S 32
[2255] = Z 32
[2256] = CNOT 32 34
[2257] = CNOT 32 36
[2258] = S 32
[2259] = CNOT 32 36
[2260] = CNOT 32 39
[2261] = S 32
[2262] = Z 32
[2263] = CNOT 32 39
[2264] = CNOT 32 42
[2265] = S 32
[2266] = Z 32
[2267] = CNOT 32 42
[2268] = CNOT 32 48
[2269] = S 32
[2270] = Z 32
[2271] = CNOT 32 48
[2272] = CNOT 32 49
[2273] = Z 32
[2274] = CNOT 32 49
[2275] = CNOT 32 52
[2276] = S 32
[2277] = Z 32
[2278] = CNOT 32 52
[2279] = CNOT 32 53
[2280] = S 32
[2281] = CNOT 32 53
[2282] = CNOT 32 82
[2283] = S 32
[2284] = Z 32
[2285] = CNOT 32 82
[2286] = CNOT 33 34
[2287] = S 33
[2288] = Z 33
[2289] = CNOT 33 34
[2290] = CNOT 33 37
[2291] = S 33
[2292] = CNOT 33 37
[2293] = CNOT 33 43
[2294] = S 33
[2295] = Z 33
[2296] = CNOT 33 43
[2297] = CNOT 33 48
[2298] = S 33
[2299] = Z 33
[2300] = CNOT 33 48
[2301] = CNOT 33 52
[2302] = S 33
[2303] = Z 33
[2304] = CNOT 33 52
[2305] = CNOT 34 35
[2306] = S 34
[2307] = CNOT 34 35
[2308] = CNOT 34 36
[2309] = Z 34
[2310] = CNOT 34 36
[2311] = CNOT 34 37
[2312] = S 34
[2313] = Z 34
[2314] = CNOT 34 37
[2315] = CNOT 34 38
[2316] = S 34
[2317] = Z 34
[2318] = CNOT 34 38
[2319] = CNOT 34 39
[2320] = Z 34
[2321] = CNOT 34 39
[2322] = CNOT 34 40
[2323] = Z 34
[2324] = CNOT 34 40
[2325] = CNOT 34 41
[2326] = Z 34
[2327] = CNOT 34 41
[2328] = CNOT 34 43
[2329] = Z 34
[2330] = CNOT 34 43
[2331] = CNOT 34 46
[2332] = Z 34
[2333] = CNOT 34 46
[2334] = CNOT 34 48
[2335] = S 34
[2336] = CNOT 34 48
[2337] = CNOT 34 49
[2338] = Z 34
[2339] = CNOT 34 49
[2340] = CNOT 34 52
[2341] = S 34
[2342] = CNOT 34 52
[2343] = CNOT 34 54
[2344] = Z 34
[2345] = CNOT 34 54
[2346] = CNOT 34 60
[2347] = S 34
[2348] = Z 34
[2349] = CNOT 34 60
[2350] = CNOT 34 61
[2351] = S 34
[2352] = CNOT 34 61
[2353] = CNOT 34 62
[2354] = Z 34
[2355] = CNOT 34 62
[2356] = CNOT 34 68
[2357] = S 34
[2358] = Z 34
[2359] = CNOT 34 68
[2360] = CNOT 34 69
[2361] = S 34
[2362] = CNOT 34 69
[2363] = CNOT 34 70
[2364] = Z 34
[2365] = CNOT 34 70
[2366] = CNOT 34 76
[2367] = S 34
[2368] = Z 34
[2369] = CNOT 34 76
[2370] = CNOT 34 77
[2371] = Z 34
[2372] = CNOT 34 77
[2373] = CNOT 34 79
[2374] = S 34
[2375] = CNOT 34 79
[2376] = CNOT 34 81
[2377] = S 34
[2378] = Z 34
[2379] = CNOT 34 81
[2380] = CNOT 34 82
[2381] = S 34
[2382] = Z 34
[2383] = CNOT 34 82
[2384] = CNOT 34 84
[2385] = Z 34
[2386] = CNOT 34 84
[2387] = CNOT 34 86
[2388] = Z 34
[2389] = CNOT 34 86
[2390] = CNOT 34 92
[2391] = S 34
[2392] = Z 34
[2393] = CNOT 34 92
[2394] = CNOT 35 39
[2395] = S 35
[2396] = CNOT 35 39
[2397] = CNOT 35 43
[2398] = S 35
[2399] = CNOT 35 43
[2400] = CNOT 36 39
[2401] = S 36
[2402] = Z 36
[2403] = CNOT 36 39
[2404] = CNOT 36 42
[2405] = S 36
[2406] = Z 36
[2407] = CNOT 36 42
[2408] = CNOT 36 43
[2409] = S 36
[2410] = Z 36
[2411] = CNOT 36 43
[2412] = CNOT 36 48
[2413] = Z 36
[2414] = CNOT 36 48
[2415] = CNOT 36 52
[2416] = Z 36
[2417] = CNOT 36 52
[2418] = CNOT 36 82
[2419] = Z 36
[2420] = CNOT 36 82
[2421] = CNOT 37 38
[2422] = S 37
[2423] = Z 37
[2424] = CNOT 37 38
[2425] = CNOT 37 55
[2426] = Z 37
[2427] = CNOT 37 55
[2428] = CNOT 37 59
[2429] = Z 37
[2430] = CNOT 37 59
[2431] = CNOT 37 63
[2432] = Z 37
[2433] = CNOT 37 63
[2434] = CNOT 37 67
[2435] = Z 37
[2436] = CNOT 37 67
[2437] = CNOT 37 71
[2438] = Z 37
[2439] = CNOT 37 71
[2440] = CNOT 37 75
[2441] = Z 37
[2442] = CNOT 37 75
[2443] = CNOT 37 80
[2444] = S 37
[2445] = Z 37
[2446] = CNOT 37 80
[2447] = CNOT 37 83
[2448] = S 37
[2449] = Z 37
[2450] = CNOT 37 83
[2451] = CNOT 37 84
[2452] = S 37
[2453] = CNOT 37 84
[2454] = CNOT 37 91
[2455] = Z 37
[2456] = CNOT 37 91
[2457] = CNOT 38 47
[2458] = S 38
[2459] = CNOT 38 47
[2460] = CNOT 39 42
[2461] = Z 39
[2462] = CNOT 39 42
[2463] = CNOT 39 44
[2464] = S 39
[2465] = CNOT 39 44
[2466] = CNOT 39 48
[2467] = Z 39
[2468] = CNOT 39 48
[2469] = CNOT 39 49
[2470] = Z 39
[2471] = CNOT 39 49
[2472] = CNOT 39 52
[2473] = Z 39
[2474] = CNOT 39 52
[2475] = CNOT 39 61
[2476] = S 39
[2477] = CNOT 39 61
[2478] = CNOT 39 69
[2479] = S 39
[2480] = CNOT 39 69
[2481] = CNOT 39 82
[2482] = Z 39
[2483] = CNOT 39 82
[2484] = CNOT 40 42
[2485] = Z 40
[2486] = CNOT 40 42
[2487] = CNOT 40 46
[2488] = S 40
[2489] = CNOT 40 46
[2490] = CNOT 40 48
[2491] = S 40
[2492] = Z 40
[2493] = CNOT 40 48
[2494] = CNOT 40 52
[2495] = Z 40
[2496] = CNOT 40 52
[2497] = CNOT 40 82
[2498] = Z 40
[2499] = CNOT 40 82
[2500] = CNOT 41 42
[2501] = Z 41
[2502] = CNOT 41 42
[2503] = CNOT 41 46
[2504] = S 41
[2505] = CNOT 41 46
[2506] = CNOT 41 48
[2507] = Z 41
[2508] = CNOT 41 48
[2509] = CNOT 41 49
[2510] = S 41
[2511] = CNOT 41 49
[2512] = CNOT 41 52
[2513] = Z 41
[2514] = CNOT 41 52
[2515] = CNOT 41 82
[2516] = Z 41
[2517] = CNOT 41 82
[2518] = CNOT 42 46
[2519] = S 42
[2520] = Z 42
[2521] = CNOT 42 46
[2522] = CNOT 42 49
[2523] = Z 42
[2524] = CNOT 42 49
[2525] = CNOT 42 61
[2526] = S 42
[2527] = CNOT 42 61
[2528] = CNOT 42 69
[2529] = S 42
[2530] = CNOT 42 69
[2531] = CNOT 43 48
[2532] = Z 43
[2533] = CNOT 43 48
[2534] = CNOT 43 52
[2535] = S 43
[2536] = CNOT 43 52
[2537] = CNOT 43 54
[2538] = Z 43
[2539] = CNOT 43 54
[2540] = CNOT 43 60
[2541] = Z 43
[2542] = CNOT 43 60
[2543] = CNOT 43 62
[2544] = Z 43
[2545] = CNOT 43 62
[2546] = CNOT 43 68
[2547] = Z 43
[2548] = CNOT 43 68
[2549] = CNOT 43 70
[2550] = Z 43
[2551] = CNOT 43 70
[2552] = CNOT 43 76
[2553] = S 43
[2554] = Z 43
[2555] = CNOT 43 76
[2556] = CNOT 43 77
[2557] = Z 43
[2558] = CNOT 43 77
[2559] = CNOT 43 79
[2560] = S 43
[2561] = CNOT 43 79
[2562] = CNOT 43 81
[2563] = S 43
[2564] = CNOT 43 81
[2565] = CNOT 43 82
[2566] = S 43
[2567] = CNOT 43 82
[2568] = CNOT 43 83
[2569] = S 43
[2570] = CNOT 43 83
[2571] = CNOT 43 84
[2572] = Z 43
[2573] = CNOT 43 84
[2574] = CNOT 43 86
[2575] = S 43
[2576] = CNOT 43 86
[2577] = CNOT 43 92
[2578] = S 43
[2579] = Z 43
[2580] = CNOT 43 92
[2581] = CNOT 44 45
[2582] = S 44
[2583] = CNOT 44 45
[2584] = CNOT 45 61
[2585] = S 45
[2586] = Z 45
[2587] = CNOT 45 61
[2588] = CNOT 45 69
[2589] = S 45
[2590] = Z 45
[2591] = CNOT 45 69
[2592] = CNOT 45 82
[2593] = S 45
[2594] = CNOT 45 82
[2595] = CNOT 46 48
[2596] = Z 46
[2597] = CNOT 46 48
[2598] = CNOT 46 52
[2599] = Z 46
[2600] = CNOT 46 52
[2601] = CNOT 46 82
[2602] = Z 46
[2603] = CNOT 46 82
[2604] = CNOT 47 55
[2605] = S 47
[2606] = CNOT 47 55
[2607] = CNOT 47 63
[2608] = S 47
[2609] = CNOT 47 63
[2610] = CNOT 47 71
[2611] = S 47
[2612] = CNOT 47 71
[2613] = CNOT 47 78
[2614] = Z 47
[2615] = CNOT 47 78
[2616] = CNOT 47 80
[2617] = S 47
[2618] = CNOT 47 80
[2619] = CNOT 48 49
[2620] = Z 48
[2621] = CNOT 48 49
[2622] = CNOT 48 52
[2623] = Z 48
[2624] = CNOT 48 52
[2625] = CNOT 48 54
[2626] = Z 48
[2627] = CNOT 48 54
[2628] = CNOT 48 61
[2629] = S 48
[2630] = CNOT 48 61
[2631] = CNOT 48 62
[2632] = Z 48
[2633] = CNOT 48 62
[2634] = CNOT 48 69
[2635] = S 48
[2636] = CNOT 48 69
[2637] = CNOT 48 70
[2638] = Z 48
[2639] = CNOT 48 70
[2640] = CNOT 48 76
[2641] = S 48
[2642] = Z 48
[2643] = CNOT 48 76
[2644] = CNOT 48 77
[2645] = Z 48
[2646] = CNOT 48 77
[2647] = CNOT 48 79
[2648] = S 48
[2649] = Z 48
[2650] = CNOT 48 79
[2651] = CNOT 48 82
[2652] = S 48
[2653] = Z 48
[2654] = CNOT 48 82
[2655] = CNOT 48 84
[2656] = Z 48
[2657] = CNOT 48 84
[2658] = CNOT 48 86
[2659] = Z 48
[2660] = CNOT 48 86
[2661] = CNOT 48 92
[2662] = S 48
[2663] = Z 48
[2664] = CNOT 48 92
[2665] = CNOT 49 52
[2666] = Z 49
[2667] = CNOT 49 52
[2668] = CNOT 49 82
[2669] = Z 49
[2670] = CNOT 49 82
[2671] = CNOT 50 54
[2672] = S 50
[2673] = CNOT 50 54
[2674] = CNOT 51 55
[2675] = S 51
[2676] = CNOT 51 55
[2677] = CNOT 51 59
[2678] = Z 51
[2679] = CNOT 51 59
[2680] = CNOT 51 67
[2681] = Z 51
[2682] = CNOT 51 67
[2683] = CNOT 51 80
[2684] = Z 51
[2685] = CNOT 51 80
[2686] = CNOT 52 54
[2687] = Z 52
[2688] = CNOT 52 54
[2689] = CNOT 52 56
[2690] = S 52
[2691] = Z 52
[2692] = CNOT 52 56
[2693] = CNOT 52 60
[2694] = S 52
[2695] = Z 52
[2696] = CNOT 52 60
[2697] = CNOT 52 61
[2698] = S 52
[2699] = CNOT 52 61
[2700] = CNOT 52 62
[2701] = Z 52
[2702] = CNOT 52 62
[2703] = CNOT 52 64
[2704] = Z 52
[2705] = CNOT 52 64
[2706] = CNOT 52 68
[2707] = S 52
[2708] = Z 52
[2709] = CNOT 52 68
[2710] = CNOT 52 69
[2711] = S 52
[2712] = CNOT 52 69
[2713] = CNOT 52 70
[2714] = Z 52
[2715] = CNOT 52 70
[2716] = CNOT 52 72
[2717] = Z 52
[2718] = CNOT 52 72
[2719] = CNOT 52 77
[2720] = Z 52
[2721] = CNOT 52 77
[2722] = CNOT 52 79
[2723] = S 52
[2724] = CNOT 52 79
[2725] = CNOT 52 81
[2726] = S 52
[2727] = Z 52
[2728] = CNOT 52 81
[2729] = CNOT 52 82
[2730] = S 52
[2731] = Z 52
[2732] = CNOT 52 82
[2733] = CNOT 52 84
[2734] = Z 52
[2735] = CNOT 52 84
[2736] = CNOT 53 57
[2737] = S 53
[2738] = CNOT 53 57
[2739] = CNOT 54 58
[2740] = S 54
[2741] = CNOT 54 58
[2742] = CNOT 54 62
[2743] = Z 54
[2744] = CNOT 54 62
[2745] = CNOT 54 70
[2746] = Z 54
[2747] = CNOT 54 70
[2748] = CNOT 54 77
[2749] = S 54
[2750] = Z 54
[2751] = CNOT 54 77
[2752] = CNOT 54 84
[2753] = S 54
[2754] = Z 54
[2755] = CNOT 54 84
[2756] = CNOT 55 59
[2757] = Z 55
[2758] = CNOT 55 59
[2759] = CNOT 55 78
[2760] = Z 55
[2761] = CNOT 55 78
[2762] = CNOT 55 85
[2763] = S 55
[2764] = CNOT 55 85
[2765] = CNOT 56 60
[2766] = Z 56
[2767] = CNOT 56 60
[2768] = CNOT 56 79
[2769] = S 56
[2770] = Z 56
[2771] = CNOT 56 79
[2772] = CNOT 56 81
[2773] = Z 56
[2774] = CNOT 56 81
[2775] = CNOT 56 82
[2776] = S 56
[2777] = CNOT 56 82
[2778] = CNOT 56 86
[2779] = Z 56
[2780] = CNOT 56 86
[2781] = CNOT 57 61
[2782] = Z 57
[2783] = CNOT 57 61
[2784] = CNOT 58 62
[2785] = S 58
[2786] = CNOT 58 62
[2787] = CNOT 59 63
[2788] = S 59
[2789] = CNOT 59 63
[2790] = CNOT 59 67
[2791] = S 59
[2792] = Z 59
[2793] = CNOT 59 67
[2794] = CNOT 59 80
[2795] = S 59
[2796] = Z 59
[2797] = CNOT 59 80
[2798] = CNOT 60 64
[2799] = S 60
[2800] = CNOT 60 64
[2801] = CNOT 60 68
[2802] = S 60
[2803] = Z 60
[2804] = CNOT 60 68
[2805] = CNOT 61 65
[2806] = S 61
[2807] = CNOT 61 65
[2808] = CNOT 61 69
[2809] = S 61
[2810] = CNOT 61 69
[2811] = CNOT 61 82
[2812] = S 61
[2813] = CNOT 61 82
[2814] = CNOT 62 66
[2815] = S 62
[2816] = CNOT 62 66
[2817] = CNOT 62 70
[2818] = Z 62
[2819] = CNOT 62 70
[2820] = CNOT 62 77
[2821] = S 62
[2822] = Z 62
[2823] = CNOT 62 77
[2824] = CNOT 62 84
[2825] = S 62
[2826] = Z 62
[2827] = CNOT 62 84
[2828] = CNOT 63 67
[2829] = S 63
[2830] = CNOT 63 67
[2831] = CNOT 63 78
[2832] = Z 63
[2833] = CNOT 63 78
[2834] = CNOT 63 85
[2835] = S 63
[2836] = CNOT 63 85
[2837] = CNOT 64 68
[2838] = S 64
[2839] = CNOT 64 68
[2840] = CNOT 64 79
[2841] = S 64
[2842] = Z 64
[2843] = CNOT 64 79
[2844] = CNOT 64 81
[2845] = Z 64
[2846] = CNOT 64 81
[2847] = CNOT 64 82
[2848] = S 64
[2849] = CNOT 64 82
[2850] = CNOT 64 86
[2851] = Z 64
[2852] = CNOT 64 86
[2853] = CNOT 65 69
[2854] = S 65
[2855] = CNOT 65 69
[2856] = CNOT 66 70
[2857] = S 66
[2858] = CNOT 66 70
[2859] = CNOT 67 71
[2860] = S 67
[2861] = CNOT 67 71
[2862] = CNOT 67 80
[2863] = S 67
[2864] = Z 67
[2865] = CNOT 67 80
[2866] = CNOT 68 72
[2867] = S 68
[2868] = CNOT 68 72
[2869] = CNOT 69 73
[2870] = S 69
[2871] = CNOT 69 73
[2872] = CNOT 69 82
[2873] = S 69
[2874] = CNOT 69 82
[2875] = CNOT 70 74
[2876] = S 70
[2877] = CNOT 70 74
[2878] = CNOT 70 77
[2879] = S 70
[2880] = Z 70
[2881] = CNOT 70 77
[2882] = CNOT 70 84
[2883] = S 70
[2884] = Z 70
[2885] = CNOT 70 84
[2886] = CNOT 71 75
[2887] = Z 71
[2888] = CNOT 71 75
[2889] = CNOT 71 78
[2890] = Z 71
[2891] = CNOT 71 78
[2892] = CNOT 71 85
[2893] = S 71
[2894] = CNOT 71 85
[2895] = CNOT 72 76
[2896] = Z 72
[2897] = CNOT 72 76
[2898] = CNOT 72 79
[2899] = S 72
[2900] = Z 72
[2901] = CNOT 72 79
[2902] = CNOT 72 81
[2903] = Z 72
[2904] = CNOT 72 81
[2905] = CNOT 72 82
[2906] = S 72
[2907] = CNOT 72 82
[2908] = CNOT 72 86
[2909] = Z 72
[2910] = CNOT 72 86
[2911] = CNOT 74 77
[2912] = S 74
[2913] = CNOT 74 77
[2914] = CNOT 75 78
[2915] = S 75
[2916] = CNOT 75 78
[2917] = CNOT 75 80
[2918] = S 75
[2919] = Z 75
[2920] = CNOT 75 80
[2921] = CNOT 75 91
[2922] = S 75
[2923] = Z 75
[2924] = CNOT 75 91
[2925] = CNOT 76 79
[2926] = S 76
[2927] = CNOT 76 79
[2928] = CNOT 76 86
[2929] = S 76
[2930] = Z 76
[2931] = CNOT 76 86
[2932] = CNOT 76 92
[2933] = S 76
[2934] = Z 76
[2935] = CNOT 76 92
[2936] = CNOT 77 84
[2937] = S 77
[2938] = CNOT 77 84
[2939] = CNOT 77 90
[2940] = S 77
[2941] = CNOT 77 90
[2942] = CNOT 78 83
[2943] = S 78
[2944] = CNOT 78 83
[2945] = CNOT 78 85
[2946] = Z 78
[2947] = CNOT 78 85
[2948] = CNOT 78 91
[2949] = S 78
[2950] = CNOT 78 91
[2951] = CNOT 79 81
[2952] = S 79
[2953] = CNOT 79 81
[2954] = CNOT 79 86
[2955] = Z 79
[2956] = CNOT 79 86
[2957] = CNOT 79 92
[2958] = S 79
[2959] = CNOT 79 92
[2960] = CNOT 80 83
[2961] = S 80
[2962] = Z 80
[2963] = CNOT 80 83
[2964] = CNOT 80 85
[2965] = S 80
[2966] = CNOT 80 85
[2967] = CNOT 80 91
[2968] = S 80
[2969] = Z 80
[2970] = CNOT 80 91
[2971] = CNOT 81 86
[2972] = S 81
[2973] = CNOT 81 86
[2974] = CNOT 82 89
[2975] = S 82
[2976] = CNOT 82 89
[2977] = CNOT 83 88
[2978] = S 83
[2979] = CNOT 83 88
[2980] = CNOT 84 87
[2981] = S 84
[2982] = CNOT 84 87
[2983] = CNOT 86 92
[2984] = S 86
[2985] = Z 86
[2986] = CNOT 86 92
[2987] = CNOT 90 93
[2988] = S 90
[2989] = CNOT 90 93
[2990] = CNOT 91 94
[2991] = S 91
[2992] = CNOT 91 94
[2993] = CNOT 92 95
[2994] = S 92
[2995] = CNOT 92 95
[2996] = CNOT 1 2
[2997] = CNOT 1 30
[2998] = S 1
[2999] = Z 1
[3000] = CNOT 1 30
[3001] = CNOT 1 34
[3002] = S 1
[3003] = Z 1
[3004] = CNOT 1 34
[3005] = CNOT 1 74
[3006] = S 1
[3007] = Z 1
[3008] = CNOT 1 74
[3009] = CNOT 1 90
[3010] = S 1
[3011] = Z 1
[3012] = CNOT 1 90
[3013] = CNOT 1 2
[3014] = CNOT 1 25
[3015] = CNOT 1 30
[3016] = S 1
[3017] = Z 1
[3018] = CNOT 1 30
[3019] = CNOT 1 34
[3020] = S 1
[3021] = Z 1
[3022] = CNOT 1 34
[3023] = CNOT 1 50
[3024] = S 1
[3025] = Z 1
[3026] = CNOT 1 50
[3027] = CNOT 1 58
[3028] = S 1
[3029] = Z 1
[3030] = CNOT 1 58
[3031] = CNOT 1 66
[3032] = S 1
[3033] = Z 1
[3034] = CNOT 1 66
[3035] = CNOT 1 74
[3036] = S 1
[3037] = Z 1
[3038] = CNOT 1 74
[3039] = CNOT 1 90
[3040] = S 1
[3041] = Z 1
[3042] = CNOT 1 90
[3043] = CNOT 1 25
[3044] = CNOT 1 30
[3045] = CNOT 1 50
[3046] = S 1
[3047] = Z 1
[3048] = CNOT 1 50
[3049] = CNOT 1 58
[3050] = S 1
[3051] = Z 1
[3052] = CNOT 1 58
[3053] = CNOT 1 66
[3054] = S 1
[3055] = Z 1
[3056] = CNOT 1 66
[3057] = CNOT 1 74
[3058] = S 1
[3059] = Z 1
[3060] = CNOT 1 74
[3061] = CNOT 1 90
[3062] = S 1
[3063] = Z 1
[3064] = CNOT 1 90
[3065] = CNOT 1 30
[3066] = CNOT 1 34
[3067] = CNOT 1 50
[3068] = S 1
[3069] = Z 1
[3070] = CNOT 1 50
[3071] = CNOT 1 58
[3072] = S 1
[3073] = Z 1
[3074] = CNOT 1 58
[3075] = CNOT 1 66
[3076] = S 1
[3077] = Z 1
[3078] = CNOT 1 66
[3079] = CNOT 1 74
[3080] = S 1
[3081] = Z 1
[3082] = CNOT 1 74
[3083] = CNOT 1 90
[3084] = S 1
[3085] = Z 1
[3086] = CNOT 1 90
[3087] = CNOT 1 34
[3088] = CNOT 1 50
[3089] = CNOT 1 58
[3090] = S 1
[3091] = Z 1
[3092] = CNOT 1 58
[3093] = CNOT 1 66
[3094] = S 1
[3095] = Z 1
[3096] = CNOT 1 66
[3097] = CNOT 1 74
[3098] = S 1
[3099] = Z 1
[3100] = CNOT 1 74
[3101] = CNOT 1 90
[3102] = S 1
[3103] = Z 1
[3104] = CNOT 1 90
[3105] = CNOT 1 50
[3106] = CNOT 1 58
[3107] = CNOT 1 66
[3108] = S 1
[3109] = Z 1
[3110] = CNOT 1 66
[3111] = CNOT 1 74
[3112] = S 1
[3113] = Z 1
[3114] = CNOT 1 74
[3115] = CNOT 1 90
[3116] = S 1
[3117] = Z 1
[3118] = CNOT 1 90
[3119] = CNOT 1 58
[3120] = CNOT 1 66
[3121] = CNOT 1 74
[3122] = S 1
[3123] = Z 1
[3124] = CNOT 1 74
[3125] = CNOT 1 90
[3126] = S 1
[3127] = Z 1
[3128] = CNOT 1 66
[3129] = CNOT 1 74
[3130] = S 1
[3131] = Z 1
[3132] = CNOT 1 90
[3133] = CNOT 1 74
[3134] = CNOT 2 25
[3135] = CNOT 2 30
[3136] = S 2
[3137] = Z 2
[3138] = CNOT 2 30
[3139] = CNOT 2 34
[3140] = S 2
[3141] = Z 2
[3142] = CNOT 2 34
[3143] = CNOT 2 50
[3144] = S 2
[3145] = Z 2
[3146] = CNOT 2 50
[3147] = CNOT 2 58
[3148] = S 2
[3149] = Z 2
[3150] = CNOT 2 58
[3151] = CNOT 2 66
[3152] = S 2
[3153] = Z 2
[3154] = CNOT 2 66
[3155] = CNOT 2 74
[3156] = S 2
[3157] = Z 2
[3158] = CNOT 2 74
[3159] = CNOT 2 90
[3160] = S 2
[3161] = Z 2
[3162] = CNOT 2 90
[3163] = CNOT 2 25
[3164] = CNOT 2 30
[3165] = CNOT 2 50
[3166] = S 2
[3167] = Z 2
[3168] = CNOT 2 50
[3169] = CNOT 2 58
[3170] = S 2
[3171] = Z 2
[3172] = CNOT 2 58
[3173] = CNOT 2 66
[3174] = S 2
[3175] = Z 2
[3176] = CNOT 2 66
[3177] = CNOT 2 74
[3178] = S 2
[3179] = Z 2
[3180] = CNOT 2 74
[3181] = CNOT 2 90
[3182] = S 2
[3183] = Z 2
[3184] = CNOT 2 90
[3185] = CNOT 2 30
[3186] = CNOT 2 34
[3187] = CNOT 2 50
[3188] = S 2
[3189] = Z 2
[3190] = CNOT 2 50
[3191] = CNOT 2 58
[3192] = S 2
[3193] = Z 2
[3194] = CNOT 2 58
[3195] = CNOT 2 66
[3196] = S 2
[3197] = Z 2
[3198] = CNOT 2 66
[3199] = CNOT 2 74
[3200] = S 2
[3201] = Z 2
[3202] = CNOT 2 74
[3203] = CNOT 2 90
[3204] = S 2
[3205] = Z 2
[3206] = CNOT 2 90
[3207] = CNOT 2 34
[3208] = CNOT 2 50
[3209] = CNOT 2 58
[3210] = S 2
[3211] = Z 2
[3212] = CNOT 2 58
[3213] = CNOT 2 66
[3214] = S 2
[3215] = Z 2
[3216] = CNOT 2 66
[3217] = CNOT 2 74
[3218] = S 2
[3219] = Z 2
[3220] = CNOT 2 74
[3221] = CNOT 2 90
[3222] = S 2
[3223] = Z 2
[3224] = CNOT 2 90
[3225] = CNOT 2 50
[3226] = CNOT 2 58
[3227] = CNOT 2 66
[3228] = S 2
[3229] = Z 2
[3230] = CNOT 2 66
[3231] = CNOT 2 74
[3232] = S 2
[3233] = Z 2
[3234] = CNOT 2 74
[3235] = CNOT 2 90
[3236] = S 2
[3237] = Z 2
[3238] = CNOT 2 90
[3239] = CNOT 2 58
[3240] = CNOT 2 66
[3241] = CNOT 2 74
[3242] = S 2
[3243] = Z 2
[3244] = CNOT 2 74
[3245] = CNOT 2 90
[3246] = S 2
[3247] = Z 2
[3248] = CNOT 2 66
[3249] = CNOT 2 74
[3250] = S 2
[3251] = Z 2
[3252] = CNOT 2 90
[3253] = CNOT 2 74
[3254] = CNOT 3 4
[3255] = CNOT 3 12
[3256] = S 3
[3257] = CNOT 3 12
[3258] = CNOT 3 13
[3259] = S 3
[3260] = CNOT 3 13
[3261] = CNOT 3 17
[3262] = S 3
[3263] = CNOT 3 17
[3264] = CNOT 3 27
[3265] = S 3
[3266] = CNOT 3 27
[3267] = CNOT 3 29
[3268] = S 3
[3269] = Z 3
[3270] = CNOT 3 29
[3271] = CNOT 3 33
[3272] = S 3
[3273] = Z 3
[3274] = CNOT 3 33
[3275] = CNOT 3 34
[3276] = S 3
[3277] = CNOT 3 34
[3278] = CNOT 3 43
[3279] = S 3
[3280] = CNOT 3 43
[3281] = CNOT 3 48
[3282] = S 3
[3283] = CNOT 3 48
[3284] = CNOT 3 52
[3285] = S 3
[3286] = CNOT 3 52
[3287] = CNOT 3 77
[3288] = S 3
[3289] = Z 3
[3290] = CNOT 3 77
[3291] = CNOT 3 84
[3292] = S 3
[3293] = Z 3
[3294] = CNOT 3 84
[3295] = CNOT 3 4
[3296] = CNOT 3 12
[3297] = CNOT 3 13
[3298] = S 3
[3299] = CNOT 3 13
[3300] = CNOT 3 17
[3301] = S 3
[3302] = CNOT 3 17
[3303] = CNOT 3 27
[3304] = S 3
[3305] = CNOT 3 27
[3306] = CNOT 3 29
[3307] = S 3
[3308] = Z 3
[3309] = CNOT 3 29
[3310] = CNOT 3 33
[3311] = S 3
[3312] = Z 3
[3313] = CNOT 3 33
[3314] = CNOT 3 34
[3315] = S 3
[3316] = CNOT 3 34
[3317] = CNOT 3 43
[3318] = S 3
[3319] = CNOT 3 43
[3320] = CNOT 3 48
[3321] = S 3
[3322] = CNOT 3 48
[3323] = CNOT 3 52
[3324] = S 3
[3325] = CNOT 3 52
[3326] = CNOT 3 77
[3327] = S 3
[3328] = Z 3
[3329] = CNOT 3 77
[3330] = CNOT 3 84
[3331] = S 3
[3332] = Z 3
[3333] = CNOT 3 84
[3334] = CNOT 3 12
[3335] = CNOT 3 13
[3336] = CNOT 3 17
[3337] = S 3
[3338] = CNOT 3 17
[3339] = CNOT 3 27
[3340] = S 3
[3341] = CNOT 3 27
[3342] = CNOT 3 29
[3343] = S 3
[3344] = Z 3
[3345] = CNOT 3 29
[3346] = CNOT 3 33
[3347] = S 3
[3348] = Z 3
[3349] = CNOT 3 33
[3350] = CNOT 3 34
[3351] = S 3
[3352] = CNOT 3 34
[3353] = CNOT 3 43
[3354] = S 3
[3355] = CNOT 3 43
[3356] = CNOT 3 48
[3357] = S 3
[3358] = CNOT 3 48
[3359] = CNOT 3 52
[3360] = S 3
[3361] = CNOT 3 52
[3362] = CNOT 3 77
[3363] = S 3
[3364] = Z 3
[3365] = CNOT 3 77
[3366] = CNOT 3 84
[3367] = S 3
[3368] = Z 3
[3369] = CNOT 3 84
[3370] = CNOT 3 13
[3371] = CNOT 3 17
[3372] = CNOT 3 27
[3373] = S 3
[3374] = CNOT 3 27
[3375] = CNOT 3 29
[3376] = S 3
[3377] = Z 3
[3378] = CNOT 3 29
[3379] = CNOT 3 33
[3380] = S 3
[3381] = Z 3
[3382] = CNOT 3 33
[3383] = CNOT 3 34
[3384] = S 3
[3385] = CNOT 3 34
[3386] = CNOT 3 43
[3387] = S 3
[3388] = CNOT 3 43
[3389] = CNOT 3 48
[3390] = S 3
[3391] = CNOT 3 48
[3392] = CNOT 3 52
[3393] = S 3
[3394] = CNOT 3 52
[3395] = CNOT 3 77
[3396] = S 3
[3397] = Z 3
[3398] = CNOT 3 77
[3399] = CNOT 3 84
[3400] = S 3
[3401] = Z 3
[3402] = CNOT 3 84
[3403] = CNOT 3 17
[3404] = CNOT 3 27
[3405] = CNOT 3 29
[3406] = S 3
[3407] = Z 3
[3408] = CNOT 3 29
[3409] = CNOT 3 33
[3410] = S 3
[3411] = Z 3
[3412] = CNOT 3 33
[3413] = CNOT 3 34
[3414] = S 3
[3415] = CNOT 3 34
[3416] = CNOT 3 43
[3417] = S 3
[3418] = CNOT 3 43
[3419] = CNOT 3 48
[3420] = S 3
[3421] = CNOT 3 48
[3422] = CNOT 3 52
[3423] = S 3
[3424] = CNOT 3 52
[3425] = CNOT 3 77
[3426] = S 3
[3427] = Z 3
[3428] = CNOT 3 77
[3429] = CNOT 3 84
[3430] = S 3
[3431] = Z 3
[3432] = CNOT 3 84
[3433] = CNOT 3 27
[3434] = CNOT 3 29
[3435] = CNOT 3 34
[3436] = S 3
[3437] = Z 3
[3438] = CNOT 3 34
[3439] = CNOT 3 43
[3440] = S 3
[3441] = Z 3
[3442] = CNOT 3 43
[3443] = CNOT 3 48
[3444] = S 3
[3445] = Z 3
[3446] = CNOT 3 48
[3447] = CNOT 3 52
[3448] = S 3
[3449] = Z 3
[3450] = CNOT 3 52
[3451] = CNOT 3 29
[3452] = CNOT 3 33
[3453] = CNOT 3 34
[3454] = S 3
[3455] = Z 3
[3456] = CNOT 3 34
[3457] = CNOT 3 43
[3458] = S 3
[3459] = Z 3
[3460] = CNOT 3 43
[3461] = CNOT 3 48
[3462] = S 3
[3463] = Z 3
[3464] = CNOT 3 48
[3465] = CNOT 3 52
[3466] = S 3
[3467] = Z 3
[3468] = CNOT 3 52
[3469] = CNOT 3 33
[3470] = CNOT 3 34
[3471] = CNOT 3 43
[3472] = S 3
[3473] = CNOT 3 43
[3474] = CNOT 3 48
[3475] = S 3
[3476] = CNOT 3 48
[3477] = CNOT 3 52
[3478] = S 3
[3479] = CNOT 3 52
[3480] = CNOT 3 77
[3481] = S 3
[3482] = Z 3
[3483] = CNOT 3 77
[3484] = CNOT 3 84
[3485] = S 3
[3486] = Z 3
[3487] = CNOT 3 84
[3488] = CNOT 3 34
[3489] = CNOT 3 43
[3490] = CNOT 3 48
[3491] = S 3
[3492] = CNOT 3 48
[3493] = CNOT 3 52
[3494] = S 3
[3495] = CNOT 3 52
[3496] = CNOT 3 77
[3497] = S 3
[3498] = Z 3
[3499] = CNOT 3 77
[3500] = CNOT 3 84
[3501] = S 3
[3502] = Z 3
[3503] = CNOT 3 84
[3504] = CNOT 3 43
[3505] = CNOT 3 48
[3506] = CNOT 3 52
[3507] = S 3
[3508] = CNOT 3 52
[3509] = CNOT 3 77
[3510] = S 3
[3511] = Z 3
[3512] = CNOT 3 77
[3513] = CNOT 3 84
[3514] = S 3
[3515] = Z 3
[3516] = CNOT 3 84
[3517] = CNOT 3 48
[3518] = CNOT 3 52
[3519] = CNOT 3 77
[3520] = S 3
[3521] = Z 3
[3522] = CNOT 3 77
[3523] = CNOT 3 84
[3524] = S 3
[3525] = Z 3
[3526] = CNOT 3 84
[3527] = CNOT 3 52
[3528] = CNOT 4 5
[3529] = CNOT 4 33
[3530] = S 4
[3531] = Z 4
[3532] = CNOT 4 33
[3533] = CNOT 4 5
[3534] = CNOT 4 12
[3535] = CNOT 4 13
[3536] = S 4
[3537] = CNOT 4 13
[3538] = CNOT 4 17
[3539] = S 4
[3540] = CNOT 4 17
[3541] = CNOT 4 27
[3542] = S 4
[3543] = CNOT 4 27
[3544] = CNOT 4 29
[3545] = S 4
[3546] = Z 4
[3547] = CNOT 4 29
[3548] = CNOT 4 33
[3549] = S 4
[3550] = Z 4
[3551] = CNOT 4 33
[3552] = CNOT 4 34
[3553] = S 4
[3554] = CNOT 4 34
[3555] = CNOT 4 43
[3556] = S 4
[3557] = CNOT 4 43
[3558] = CNOT 4 48
[3559] = S 4
[3560] = CNOT 4 48
[3561] = CNOT 4 52
[3562] = S 4
[3563] = CNOT 4 52
[3564] = CNOT 4 77
[3565] = S 4
[3566] = Z 4
[3567] = CNOT 4 77
[3568] = CNOT 4 84
[3569] = S 4
[3570] = Z 4
[3571] = CNOT 4 84
[3572] = CNOT 4 12
[3573] = CNOT 4 13
[3574] = CNOT 4 17
[3575] = S 4
[3576] = CNOT 4 17
[3577] = CNOT 4 27
[3578] = S 4
[3579] = CNOT 4 27
[3580] = CNOT 4 29
[3581] = S 4
[3582] = Z 4
[3583] = CNOT 4 29
[3584] = CNOT 4 33
[3585] = S 4
[3586] = Z 4
[3587] = CNOT 4 33
[3588] = CNOT 4 34
[3589] = S 4
[3590] = CNOT 4 34
[3591] = CNOT 4 43
[3592] = S 4
[3593] = CNOT 4 43
[3594] = CNOT 4 48
[3595] = S 4
[3596] = CNOT 4 48
[3597] = CNOT 4 52
[3598] = S 4
[3599] = CNOT 4 52
[3600] = CNOT 4 77
[3601] = S 4
[3602] = Z 4
[3603] = CNOT 4 77
[3604] = CNOT 4 84
[3605] = S 4
[3606] = Z 4
[3607] = CNOT 4 84
[3608] = CNOT 4 13
[3609] = CNOT 4 17
[3610] = CNOT 4 27
[3611] = S 4
[3612] = CNOT 4 27
[3613] = CNOT 4 29
[3614] = S 4
[3615] = Z 4
[3616] = CNOT 4 29
[3617] = CNOT 4 33
[3618] = S 4
[3619] = Z 4
[3620] = CNOT 4 33
[3621] = CNOT 4 34
[3622] = S 4
[3623] = CNOT 4 34
[3624] = CNOT 4 43
[3625] = S 4
[3626] = CNOT 4 43
[3627] = CNOT 4 48
[3628] = S 4
[3629] = CNOT 4 48
[3630] = CNOT 4 52
[3631] = S 4
[3632] = CNOT 4 52
[3633] = CNOT 4 77
[3634] = S 4
[3635] = Z 4
[3636] = CNOT 4 77
[3637] = CNOT 4 84
[3638] = S 4
[3639] = Z 4
[3640] = CNOT 4 84
[3641] = CNOT 4 17
[3642] = CNOT 4 27
[3643] = CNOT 4 29
[3644] = S 4
[3645] = Z 4
[3646] = CNOT 4 29
[3647] = CNOT 4 33
[3648] = S 4
[3649] = Z 4
[3650] = CNOT 4 33
[3651] = CNOT 4 34
[3652] = S 4
[3653] = CNOT 4 34
[3654] = CNOT 4 43
[3655] = S 4
[3656] = CNOT 4 43
[3657] = CNOT 4 48
[3658] = S 4
[3659] = CNOT 4 48
[3660] = CNOT 4 52
[3661] = S 4
[3662] = CNOT 4 52
[3663] = CNOT 4 77
[3664] = S 4
[3665] = Z 4
[3666] = CNOT 4 77
[3667] = CNOT 4 84
[3668] = S 4
[3669] = Z 4
[3670] = CNOT 4 84
[3671] = CNOT 4 27
[3672] = CNOT 4 29
[3673] = CNOT 4 34
[3674] = S 4
[3675] = Z 4
[3676] = CNOT 4 34
[3677] = CNOT 4 43
[3678] = S 4
[3679] = Z 4
[3680] = CNOT 4 43
[3681] = CNOT 4 48
[3682] = S 4
[3683] = Z 4
[3684] = CNOT 4 48
[3685] = CNOT 4 52
[3686] = S 4
[3687] = Z 4
[3688] = CNOT 4 52
[3689] = CNOT 4 29
[3690] = CNOT 4 33
[3691] = CNOT 4 34
[3692] = S 4
[3693] = Z 4
[3694] = CNOT 4 34
[3695] = CNOT 4 43
[3696] = S 4
[3697] = Z 4
[3698] = CNOT 4 43
[3699] = CNOT 4 48
[3700] = S 4
[3701] = Z 4
[3702] = CNOT 4 48
[3703] = CNOT 4 52
[3704] = S 4
[3705] = Z 4
[3706] = CNOT 4 52
[3707] = CNOT 4 33
[3708] = CNOT 4 34
[3709] = CNOT 4 43
[3710] = S 4
[3711] = CNOT 4 43
[3712] = CNOT 4 48
[3713] = S 4
[3714] = CNOT 4 48
[3715] = CNOT 4 52
[3716] = S 4
[3717] = CNOT 4 52
[3718] = CNOT 4 77
[3719] = S 4
[3720] = Z 4
[3721] = CNOT 4 77
[3722] = CNOT 4 84
[3723] = S 4
[3724] = Z 4
[3725] = CNOT 4 84
[3726] = CNOT 4 34
[3727] = CNOT 4 43
[3728] = CNOT 4 48
[3729] = S 4
[3730] = CNOT 4 48
[3731] = CNOT 4 52
[3732] = S 4
[3733] = CNOT 4 52
[3734] = CNOT 4 77
[3735] = S 4
[3736] = Z 4
[3737] = CNOT 4 77
[3738] = CNOT 4 84
[3739] = S 4
[3740] = Z 4
[3741] = CNOT 4 84
[3742] = CNOT 4 43
[3743] = CNOT 4 48
[3744] = CNOT 4 52
[3745] = S 4
[3746] = CNOT 4 52
[3747] = CNOT 4 77
[3748] = S 4
[3749] = Z 4
[3750] = CNOT 4 77
[3751] = CNOT 4 84
[3752] = S 4
[3753] = Z 4
[3754] = CNOT 4 84
[3755] = CNOT 4 48
[3756] = CNOT 4 52
[3757] = CNOT 4 77
[3758] = S 4
[3759] = Z 4
[3760] = CNOT 4 77
[3761] = CNOT 4 84
[3762] = S 4
[3763] = Z 4
[3764] = CNOT 4 84
[3765] = CNOT 4 52
[3766] = CNOT 6 7
[3767] = CNOT 6 8
[3768] = S 6
[3769] = Z 6
[3770] = CNOT 6 8
[3771] = CNOT 6 9
[3772] = S 6
[3773] = Z 6
[3774] = CNOT 6 9
[3775] = CNOT 6 11
[3776] = S 6
[3777] = Z 6
[3778] = CNOT 6 11
[3779] = CNOT 6 37
[3780] = S 6
[3781] = Z 6
[3782] = CNOT 6 37
[3783] = CNOT 6 47
[3784] = S 6
[3785] = Z 6
[3786] = CNOT 6 47
[3787] = CNOT 6 55
[3788] = S 6
[3789] = Z 6
[3790] = CNOT 6 55
[3791] = CNOT 6 59
[3792] = Z 6
[3793] = CNOT 6 59
[3794] = CNOT 6 63
[3795] = S 6
[3796] = Z 6
[3797] = CNOT 6 63
[3798] = CNOT 6 67
[3799] = Z 6
[3800] = CNOT 6 67
[3801] = CNOT 6 71
[3802] = S 6
[3803] = Z 6
[3804] = CNOT 6 71
[3805] = CNOT 6 75
[3806] = S 6
[3807] = Z 6
[3808] = CNOT 6 75
[3809] = CNOT 6 78
[3810] = S 6
[3811] = Z 6
[3812] = CNOT 6 78
[3813] = CNOT 6 80
[3814] = Z 6
[3815] = CNOT 6 80
[3816] = CNOT 6 91
[3817] = S 6
[3818] = Z 6
[3819] = CNOT 6 91
[3820] = CNOT 6 7
[3821] = CNOT 6 8
[3822] = CNOT 6 37
[3823] = Z 6
[3824] = CNOT 6 37
[3825] = CNOT 6 59
[3826] = S 6
[3827] = Z 6
[3828] = CNOT 6 59
[3829] = CNOT 6 67
[3830] = S 6
[3831] = Z 6
[3832] = CNOT 6 67
[3833] = CNOT 6 75
[3834] = S 6
[3835] = Z 6
[3836] = CNOT 6 75
[3837] = CNOT 6 78
[3838] = S 6
[3839] = Z 6
[3840] = CNOT 6 78
[3841] = CNOT 6 80
[3842] = S 6
[3843] = CNOT 6 80
[3844] = CNOT 6 91
[3845] = S 6
[3846] = Z 6
[3847] = CNOT 6 91
[3848] = CNOT 6 8
[3849] = CNOT 6 9
[3850] = CNOT 6 37
[3851] = Z 6
[3852] = CNOT 6 37
[3853] = CNOT 6 59
[3854] = S 6
[3855] = Z 6
[3856] = CNOT 6 59
[3857] = CNOT 6 67
[3858] = S 6
[3859] = Z 6
[3860] = CNOT 6 67
[3861] = CNOT 6 75
[3862] = S 6
[3863] = Z 6
[3864] = CNOT 6 75
[3865] = CNOT 6 78
[3866] = S 6
[3867] = Z 6
[3868] = CNOT 6 78
[3869] = CNOT 6 80
[3870] = S 6
[3871] = CNOT 6 80
[3872] = CNOT 6 91
[3873] = S 6
[3874] = Z 6
[3875] = CNOT 6 91
[3876] = CNOT 6 9
[3877] = CNOT 6 11
[3878] = CNOT 6 47
[3879] = S 6
[3880] = Z 6
[3881] = CNOT 6 47
[3882] = CNOT 6 59
[3883] = S 6
[3884] = Z 6
[3885] = CNOT 6 59
[3886] = CNOT 6 67
[3887] = S 6
[3888] = Z 6
[3889] = CNOT 6 67
[3890] = CNOT 6 80
[3891] = S 6
[3892] = Z 6
[3893] = CNOT 6 80
[3894] = CNOT 6 11
[3895] = CNOT 6 26
[3896] = CNOT 6 51
[3897] = S 6
[3898] = Z 6
[3899] = CNOT 6 51
[3900] = CNOT 6 59
[3901] = S 6
[3902] = Z 6
[3903] = CNOT 6 59
[3904] = CNOT 6 67
[3905] = S 6
[3906] = Z 6
[3907] = CNOT 6 67
[3908] = CNOT 6 80
[3909] = S 6
[3910] = Z 6
[3911] = CNOT 6 80
[3912] = CNOT 6 26
[3913] = CNOT 6 37
[3914] = CNOT 6 47
[3915] = S 6
[3916] = Z 6
[3917] = CNOT 6 47
[3918] = CNOT 6 55
[3919] = S 6
[3920] = Z 6
[3921] = CNOT 6 55
[3922] = CNOT 6 63
[3923] = S 6
[3924] = Z 6
[3925] = CNOT 6 63
[3926] = CNOT 6 71
[3927] = S 6
[3928] = Z 6
[3929] = CNOT 6 71
[3930] = CNOT 6 78
[3931] = Z 6
[3932] = CNOT 6 78
[3933] = CNOT 6 80
[3934] = S 6
[3935] = Z 6
[3936] = CNOT 6 80
[3937] = CNOT 6 85
[3938] = S 6
[3939] = Z 6
[3940] = CNOT 6 85
[3941] = CNOT 6 37
[3942] = CNOT 6 47
[3943] = CNOT 6 59
[3944] = S 6
[3945] = Z 6
[3946] = CNOT 6 59
[3947] = CNOT 6 67
[3948] = S 6
[3949] = Z 6
[3950] = CNOT 6 67
[3951] = CNOT 6 78
[3952] = S 6
[3953] = Z 6
[3954] = CNOT 6 78
[3955] = CNOT 6 80
[3956] = S 6
[3957] = Z 6
[3958] = CNOT 6 80
[3959] = CNOT 6 85
[3960] = S 6
[3961] = Z 6
[3962] = CNOT 6 85
[3963] = CNOT 6 47
[3964] = CNOT 6 51
[3965] = CNOT 6 59
[3966] = S 6
[3967] = Z 6
[3968] = CNOT 6 59
[3969] = CNOT 6 67
[3970] = S 6
[3971] = Z 6
[3972] = CNOT 6 67
[3973] = CNOT 6 80
[3974] = S 6
[3975] = Z 6
[3976] = CNOT 6 80
[3977] = CNOT 6 51
[3978] = CNOT 6 55
[3979] = CNOT 6 63
[3980] = S 6
[3981] = Z 6
[3982] = CNOT 6 63
[3983] = CNOT 6 71
[3984] = S 6
[3985] = Z 6
[3986] = CNOT 6 71
[3987] = CNOT 6 78
[3988] = S 6
[3989] = Z 6
[3990] = CNOT 6 78
[3991] = CNOT 6 55
[3992] = CNOT 6 59
[3993] = CNOT 6 67
[3994] = S 6
[3995] = CNOT 6 67
[3996] = CNOT 6 80
[3997] = S 6
[3998] = CNOT 6 80
[3999] = CNOT 6 59
[4000] = CNOT 6 63
[4001] = CNOT 6 71
[4002] = S 6
[4003] = Z 6
[4004] = CNOT 6 71
[4005] = CNOT 6 78
[4006] = S 6
[4007] = Z 6
[4008] = CNOT 6 78
[4009] = CNOT 6 63
[4010] = CNOT 6 67
[4011] = CNOT 6 80
[4012] = S 6
[4013] = CNOT 6 80
[4014] = CNOT 6 67
[4015] = CNOT 6 71
[4016] = CNOT 6 78
[4017] = S 6
[4018] = Z 6
[4019] = CNOT 6 78
[4020] = CNOT 6 71
[4021] = CNOT 6 75
[4022] = CNOT 6 80
[4023] = S 6
[4024] = Z 6
[4025] = CNOT 6 80
[4026] = CNOT 6 91
[4027] = S 6
[4028] = Z 6
[4029] = CNOT 6 91
[4030] = CNOT 6 75
[4031] = CNOT 6 78
[4032] = CNOT 6 85
[4033] = S 6
[4034] = Z 6
[4035] = CNOT 6 85
[4036] = CNOT 6 78
[4037] = CNOT 6 80
[4038] = CNOT 6 91
[4039] = S 6
[4040] = Z 6
[4041] = CNOT 6 91
[4042] = CNOT 6 80
[4043] = CNOT 7 8
[4044] = CNOT 7 9
[4045] = Z 7
[4046] = CNOT 7 9
[4047] = CNOT 7 37
[4048] = S 7
[4049] = Z 7
[4050] = CNOT 7 37
[4051] = CNOT 7 59
[4052] = S 7
[4053] = Z 7
[4054] = CNOT 7 59
[4055] = CNOT 7 67
[4056] = S 7
[4057] = Z 7
[4058] = CNOT 7 67
[4059] = CNOT 7 75
[4060] = S 7
[4061] = Z 7
[4062] = CNOT 7 75
[4063] = CNOT 7 80
[4064] = Z 7
[4065] = CNOT 7 80
[4066] = CNOT 7 91
[4067] = S 7
[4068] = Z 7
[4069] = CNOT 7 91
[4070] = CNOT 7 8
[4071] = CNOT 7 9
[4072] = CNOT 7 37
[4073] = S 7
[4074] = Z 7
[4075] = CNOT 7 37
[4076] = CNOT 7 59
[4077] = S 7
[4078] = Z 7
[4079] = CNOT 7 59
[4080] = CNOT 7 67
[4081] = S 7
[4082] = Z 7
[4083] = CNOT 7 67
[4084] = CNOT 7 75
[4085] = S 7
[4086] = Z 7
[4087] = CNOT 7 75
[4088] = CNOT 7 80
[4089] = Z 7
[4090] = CNOT 7 80
[4091] = CNOT 7 91
[4092] = S 7
[4093] = Z 7
[4094] = CNOT 7 91
[4095] = CNOT 7 9
[4096] = CNOT 7 11
[4097] = CNOT 7 47
[4098] = S 7
[4099] = Z 7
[4100] = CNOT 7 47
[4101] = CNOT 7 59
[4102] = S 7
[4103] = Z 7
[4104] = CNOT 7 59
[4105] = CNOT 7 67
[4106] = S 7
[4107] = Z 7
[4108] = CNOT 7 67
[4109] = CNOT 7 80
[4110] = S 7
[4111] = Z 7
[4112] = CNOT 7 80
[4113] = CNOT 7 11
[4114] = CNOT 7 26
[4115] = CNOT 7 51
[4116] = S 7
[4117] = Z 7
[4118] = CNOT 7 51
[4119] = CNOT 7 59
[4120] = S 7
[4121] = Z 7
[4122] = CNOT 7 59
[4123] = CNOT 7 67
[4124] = S 7
[4125] = Z 7
[4126] = CNOT 7 67
[4127] = CNOT 7 80
[4128] = S 7
[4129] = Z 7
[4130] = CNOT 7 80
[4131] = CNOT 7 26
[4132] = CNOT 7 37
[4133] = CNOT 7 55
[4134] = S 7
[4135] = Z 7
[4136] = CNOT 7 55
[4137] = CNOT 7 59
[4138] = S 7
[4139] = Z 7
[4140] = CNOT 7 59
[4141] = CNOT 7 63
[4142] = S 7
[4143] = Z 7
[4144] = CNOT 7 63
[4145] = CNOT 7 67
[4146] = S 7
[4147] = Z 7
[4148] = CNOT 7 67
[4149] = CNOT 7 71
[4150] = S 7
[4151] = Z 7
[4152] = CNOT 7 71
[4153] = CNOT 7 75
[4154] = S 7
[4155] = Z 7
[4156] = CNOT 7 75
[4157] = CNOT 7 78
[4158] = S 7
[4159] = Z 7
[4160] = CNOT 7 78
[4161] = CNOT 7 80
[4162] = S 7
[4163] = Z 7
[4164] = CNOT 7 80
[4165] = CNOT 7 91
[4166] = S 7
[4167] = Z 7
[4168] = CNOT 7 91
[4169] = CNOT 7 37
[4170] = CNOT 7 47
[4171] = CNOT 7 55
[4172] = S 7
[4173] = Z 7
[4174] = CNOT 7 55
[4175] = CNOT 7 59
[4176] = S 7
[4177] = Z 7
[4178] = CNOT 7 59
[4179] = CNOT 7 63
[4180] = S 7
[4181] = Z 7
[4182] = CNOT 7 63
[4183] = CNOT 7 67
[4184] = S 7
[4185] = Z 7
[4186] = CNOT 7 67
[4187] = CNOT 7 71
[4188] = S 7
[4189] = Z 7
[4190] = CNOT 7 71
[4191] = CNOT 7 80
[4192] = S 7
[4193] = Z 7
[4194] = CNOT 7 80
[4195] = CNOT 7 85
[4196] = S 7
[4197] = Z 7
[4198] = CNOT 7 85
[4199] = CNOT 7 47
[4200] = CNOT 7 51
[4201] = CNOT 7 59
[4202] = S 7
[4203] = Z 7
[4204] = CNOT 7 59
[4205] = CNOT 7 67
[4206] = S 7
[4207] = Z 7
[4208] = CNOT 7 67
[4209] = CNOT 7 80
[4210] = S 7
[4211] = Z 7
[4212] = CNOT 7 80
[4213] = CNOT 7 51
[4214] = CNOT 7 55
[4215] = CNOT 7 59
[4216] = S 7
[4217] = Z 7
[4218] = CNOT 7 59
[4219] = CNOT 7 63
[4220] = S 7
[4221] = CNOT 7 63
[4222] = CNOT 7 71
[4223] = S 7
[4224] = CNOT 7 71
[4225] = CNOT 7 78
[4226] = Z 7
[4227] = CNOT 7 78
[4228] = CNOT 7 83
[4229] = S 7
[4230] = Z 7
[4231] = CNOT 7 83
[4232] = CNOT 7 85
[4233] = S 7
[4234] = Z 7
[4235] = CNOT 7 85
[4236] = CNOT 7 55
[4237] = CNOT 7 59
[4238] = CNOT 7 67
[4239] = S 7
[4240] = CNOT 7 67
[4241] = CNOT 7 80
[4242] = S 7
[4243] = CNOT 7 80
[4244] = CNOT 7 59
[4245] = CNOT 7 63
[4246] = CNOT 7 71
[4247] = S 7
[4248] = CNOT 7 71
[4249] = CNOT 7 78
[4250] = Z 7
[4251] = CNOT 7 78
[4252] = CNOT 7 83
[4253] = S 7
[4254] = Z 7
[4255] = CNOT 7 83
[4256] = CNOT 7 85
[4257] = S 7
[4258] = Z 7
[4259] = CNOT 7 85
[4260] = CNOT 7 63
[4261] = CNOT 7 67
[4262] = CNOT 7 80
[4263] = S 7
[4264] = CNOT 7 80
[4265] = CNOT 7 67
[4266] = CNOT 7 71
[4267] = CNOT 7 75
[4268] = S 7
[4269] = Z 7
[4270] = CNOT 7 75
[4271] = CNOT 7 78
[4272] = Z 7
[4273] = CNOT 7 78
[4274] = CNOT 7 83
[4275] = S 7
[4276] = Z 7
[4277] = CNOT 7 83
[4278] = CNOT 7 85
[4279] = S 7
[4280] = Z 7
[4281] = CNOT 7 85
[4282] = CNOT 7 71
[4283] = CNOT 7 75
[4284] = CNOT 7 80
[4285] = S 7
[4286] = Z 7
[4287] = CNOT 7 80
[4288] = CNOT 7 91
[4289] = S 7
[4290] = Z 7
[4291] = CNOT 7 75
[4292] = CNOT 7 80
[4293] = S 7
[4294] = Z 7
[4295] = CNOT 7 91
[4296] = CNOT 7 80
[4297] = CNOT 8 9
[4298] = CNOT 8 11
[4299] = S 8
[4300] = Z 8
[4301] = CNOT 8 11
[4302] = CNOT 8 34
[4303] = Z 8
[4304] = CNOT 8 34
[4305] = CNOT 8 37
[4306] = Z 8
[4307] = CNOT 8 37
[4308] = CNOT 8 47
[4309] = Z 8
[4310] = CNOT 8 47
[4311] = CNOT 8 59
[4312] = Z 8
[4313] = CNOT 8 59
[4314] = CNOT 8 67
[4315] = Z 8
[4316] = CNOT 8 67
[4317] = CNOT 8 75
[4318] = Z 8
[4319] = CNOT 8 75
[4320] = CNOT 8 78
[4321] = Z 8
[4322] = CNOT 8 78
[4323] = CNOT 8 80
[4324] = Z 8
[4325] = CNOT 8 80
[4326] = CNOT 8 83
[4327] = Z 8
[4328] = CNOT 8 83
[4329] = CNOT 8 85
[4330] = S 8
[4331] = Z 8
[4332] = CNOT 8 85
[4333] = CNOT 8 91
[4334] = Z 8
[4335] = CNOT 8 91
[4336] = CNOT 8 9
[4337] = CNOT 8 11
[4338] = CNOT 8 30
[4339] = S 8
[4340] = CNOT 8 30
[4341] = CNOT 8 47
[4342] = S 8
[4343] = Z 8
[4344] = CNOT 8 47
[4345] = CNOT 8 59
[4346] = S 8
[4347] = Z 8
[4348] = CNOT 8 59
[4349] = CNOT 8 67
[4350] = S 8
[4351] = Z 8
[4352] = CNOT 8 67
[4353] = CNOT 8 80
[4354] = S 8
[4355] = Z 8
[4356] = CNOT 8 80
[4357] = CNOT 8 11
[4358] = CNOT 8 30
[4359] = CNOT 8 47
[4360] = S 8
[4361] = CNOT 8 47
[4362] = CNOT 8 30
[4363] = CNOT 8 34
[4364] = CNOT 8 37
[4365] = S 8
[4366] = Z 8
[4367] = CNOT 8 37
[4368] = CNOT 8 38
[4369] = S 8
[4370] = Z 8
[4371] = CNOT 8 34
[4372] = CNOT 8 37
[4373] = S 8
[4374] = Z 8
[4375] = CNOT 8 38
[4376] = CNOT 8 59
[4377] = S 8
[4378] = Z 8
[4379] = CNOT 8 59
[4380] = CNOT 8 67
[4381] = S 8
[4382] = Z 8
[4383] = CNOT 8 67
[4384] = CNOT 8 75
[4385] = S 8
[4386] = Z 8
[4387] = CNOT 8 75
[4388] = CNOT 8 78
[4389] = S 8
[4390] = Z 8
[4391] = CNOT 8 78
[4392] = CNOT 8 80
[4393] = S 8
[4394] = CNOT 8 80
[4395] = CNOT 8 83
[4396] = S 8
[4397] = Z 8
[4398] = CNOT 8 83
[4399] = CNOT 8 91
[4400] = S 8
[4401] = Z 8
[4402] = CNOT 8 91
[4403] = CNOT 8 37
[4404] = CNOT 8 47
[4405] = CNOT 8 59
[4406] = S 8
[4407] = Z 8
[4408] = CNOT 8 59
[4409] = CNOT 8 67
[4410] = S 8
[4411] = Z 8
[4412] = CNOT 8 67
[4413] = CNOT 8 80
[4414] = S 8
[4415] = Z 8
[4416] = CNOT 8 80
[4417] = CNOT 8 85
[4418] = S 8
[4419] = Z 8
[4420] = CNOT 8 85
[4421] = CNOT 8 47
[4422] = CNOT 8 59
[4423] = CNOT 8 67
[4424] = Z 8
[4425] = CNOT 8 67
[4426] = CNOT 8 80
[4427] = Z 8
[4428] = CNOT 8 59
[4429] = CNOT 8 67
[4430] = Z 8
[4431] = CNOT 8 67
[4432] = CNOT 8 75
[4433] = Z 8
[4434] = CNOT 8 80
[4435] = CNOT 8 91
[4436] = Z 8
[4437] = CNOT 8 91
[4438] = CNOT 8 75
[4439] = CNOT 8 80
[4440] = CNOT 8 83
[4441] = S 8
[4442] = Z 8
[4443] = CNOT 8 83
[4444] = CNOT 8 91
[4445] = Z 8
[4446] = CNOT 8 91
[4447] = CNOT 8 80
[4448] = CNOT 9 10
[4449] = CNOT 9 34
[4450] = S 9
[4451] = Z 9
[4452] = CNOT 9 34
[4453] = CNOT 9 10
[4454] = CNOT 9 11
[4455] = CNOT 9 30
[4456] = S 9
[4457] = CNOT 9 30
[4458] = CNOT 9 47
[4459] = S 9
[4460] = Z 9
[4461] = CNOT 9 47
[4462] = CNOT 9 59
[4463] = S 9
[4464] = Z 9
[4465] = CNOT 9 59
[4466] = CNOT 9 67
[4467] = S 9
[4468] = Z 9
[4469] = CNOT 9 67
[4470] = CNOT 9 80
[4471] = S 9
[4472] = Z 9
[4473] = CNOT 9 80
[4474] = CNOT 9 11
[4475] = CNOT 9 30
[4476] = CNOT 9 47
[4477] = S 9
[4478] = CNOT 9 47
[4479] = CNOT 9 30
[4480] = CNOT 9 34
[4481] = CNOT 9 37
[4482] = S 9
[4483] = Z 9
[4484] = CNOT 9 37
[4485] = CNOT 9 38
[4486] = S 9
[4487] = Z 9
[4488] = CNOT 9 34
[4489] = CNOT 9 37
[4490] = S 9
[4491] = Z 9
[4492] = CNOT 9 38
[4493] = CNOT 9 59
[4494] = S 9
[4495] = Z 9
[4496] = CNOT 9 59
[4497] = CNOT 9 67
[4498] = S 9
[4499] = Z 9
[4500] = CNOT 9 67
[4501] = CNOT 9 75
[4502] = S 9
[4503] = Z 9
[4504] = CNOT 9 75
[4505] = CNOT 9 78
[4506] = S 9
[4507] = Z 9
[4508] = CNOT 9 78
[4509] = CNOT 9 80
[4510] = S 9
[4511] = CNOT 9 80
[4512] = CNOT 9 83
[4513] = S 9
[4514] = Z 9
[4515] = CNOT 9 83
[4516] = CNOT 9 91
[4517] = S 9
[4518] = Z 9
[4519] = CNOT 9 91
[4520] = CNOT 9 37
[4521] = CNOT 9 47
[4522] = CNOT 9 59
[4523] = S 9
[4524] = Z 9
[4525] = CNOT 9 59
[4526] = CNOT 9 67
[4527] = S 9
[4528] = Z 9
[4529] = CNOT 9 67
[4530] = CNOT 9 80
[4531] = S 9
[4532] = Z 9
[4533] = CNOT 9 80
[4534] = CNOT 9 85
[4535] = S 9
[4536] = Z 9
[4537] = CNOT 9 85
[4538] = CNOT 9 47
[4539] = CNOT 9 59
[4540] = CNOT 9 67
[4541] = Z 9
[4542] = CNOT 9 67
[4543] = CNOT 9 80
[4544] = Z 9
[4545] = CNOT 9 59
[4546] = CNOT 9 67
[4547] = Z 9
[4548] = CNOT 9 67
[4549] = CNOT 9 75
[4550] = Z 9
[4551] = CNOT 9 80
[4552] = CNOT 9 91
[4553] = Z 9
[4554] = CNOT 9 91
[4555] = CNOT 9 75
[4556] = CNOT 9 80
[4557] = CNOT 9 83
[4558] = S 9
[4559] = Z 9
[4560] = CNOT 9 83
[4561] = CNOT 9 91
[4562] = Z 9
[4563] = CNOT 9 91
[4564] = CNOT 9 80
[4565] = CNOT 11 47
[4566] = CNOT 11 59
[4567] = Z 11
[4568] = CNOT 11 59
[4569] = CNOT 11 67
[4570] = Z 11
[4571] = CNOT 11 67
[4572] = CNOT 11 80
[4573] = Z 11
[4574] = CNOT 11 80
[4575] = CNOT 11 47
[4576] = CNOT 11 59
[4577] = CNOT 11 67
[4578] = Z 11
[4579] = CNOT 11 67
[4580] = CNOT 11 80
[4581] = Z 11
[4582] = CNOT 11 59
[4583] = CNOT 11 67
[4584] = Z 11
[4585] = CNOT 11 80
[4586] = CNOT 11 67
[4587] = CNOT 12 13
[4588] = CNOT 12 17
[4589] = S 12
[4590] = CNOT 12 17
[4591] = CNOT 12 27
[4592] = S 12
[4593] = CNOT 12 27
[4594] = CNOT 12 29
[4595] = Z 12
[4596] = CNOT 12 29
[4597] = CNOT 12 33
[4598] = Z 12
[4599] = CNOT 12 33
[4600] = CNOT 12 43
[4601] = S 12
[4602] = CNOT 12 43
[4603] = CNOT 12 48
[4604] = S 12
[4605] = CNOT 12 48
[4606] = CNOT 12 52
[4607] = S 12
[4608] = CNOT 12 52
[4609] = CNOT 12 54
[4610] = Z 12
[4611] = CNOT 12 54
[4612] = CNOT 12 60
[4613] = S 12
[4614] = Z 12
[4615] = CNOT 12 60
[4616] = CNOT 12 62
[4617] = Z 12
[4618] = CNOT 12 62
[4619] = CNOT 12 68
[4620] = S 12
[4621] = Z 12
[4622] = CNOT 12 68
[4623] = CNOT 12 70
[4624] = Z 12
[4625] = CNOT 12 70
[4626] = CNOT 12 76
[4627] = S 12
[4628] = Z 12
[4629] = CNOT 12 76
[4630] = CNOT 12 77
[4631] = Z 12
[4632] = CNOT 12 77
[4633] = CNOT 12 84
[4634] = Z 12
[4635] = CNOT 12 84
[4636] = CNOT 12 92
[4637] = S 12
[4638] = Z 12
[4639] = CNOT 12 92
[4640] = CNOT 12 13
[4641] = CNOT 12 14
[4642] = CNOT 12 15
[4643] = Z 12
[4644] = CNOT 12 15
[4645] = CNOT 12 34
[4646] = Z 12
[4647] = CNOT 12 34
[4648] = CNOT 12 43
[4649] = S 12
[4650] = Z 12
[4651] = CNOT 12 43
[4652] = CNOT 12 56
[4653] = S 12
[4654] = Z 12
[4655] = CNOT 12 56
[4656] = CNOT 12 64
[4657] = S 12
[4658] = Z 12
[4659] = CNOT 12 64
[4660] = CNOT 12 72
[4661] = S 12
[4662] = Z 12
[4663] = CNOT 12 72
[4664] = CNOT 12 14
[4665] = CNOT 12 15
[4666] = CNOT 12 34
[4667] = Z 12
[4668] = CNOT 12 34
[4669] = CNOT 12 43
[4670] = S 12
[4671] = Z 12
[4672] = CNOT 12 43
[4673] = CNOT 12 56
[4674] = S 12
[4675] = Z 12
[4676] = CNOT 12 56
[4677] = CNOT 12 64
[4678] = S 12
[4679] = Z 12
[4680] = CNOT 12 64
[4681] = CNOT 12 72
[4682] = S 12
[4683] = Z 12
[4684] = CNOT 12 72
[4685] = CNOT 12 15
[4686] = CNOT 12 17
[4687] = CNOT 12 27
[4688] = S 12
[4689] = CNOT 12 27
[4690] = CNOT 12 29
[4691] = Z 12
[4692] = CNOT 12 29
[4693] = CNOT 12 33
[4694] = Z 12
[4695] = CNOT 12 33
[4696] = CNOT 12 43
[4697] = S 12
[4698] = CNOT 12 43
[4699] = CNOT 12 52
[4700] = S 12
[4701] = CNOT 12 52
[4702] = CNOT 12 54
[4703] = Z 12
[4704] = CNOT 12 54
[4705] = CNOT 12 62
[4706] = Z 12
[4707] = CNOT 12 62
[4708] = CNOT 12 70
[4709] = Z 12
[4710] = CNOT 12 70
[4711] = CNOT 12 77
[4712] = Z 12
[4713] = CNOT 12 77
[4714] = CNOT 12 84
[4715] = Z 12
[4716] = CNOT 12 84
[4717] = CNOT 12 17
[4718] = CNOT 12 27
[4719] = CNOT 12 29
[4720] = Z 12
[4721] = CNOT 12 29
[4722] = CNOT 12 33
[4723] = Z 12
[4724] = CNOT 12 33
[4725] = CNOT 12 43
[4726] = S 12
[4727] = CNOT 12 43
[4728] = CNOT 12 48
[4729] = S 12
[4730] = CNOT 12 48
[4731] = CNOT 12 54
[4732] = Z 12
[4733] = CNOT 12 54
[4734] = CNOT 12 60
[4735] = S 12
[4736] = Z 12
[4737] = CNOT 12 60
[4738] = CNOT 12 62
[4739] = Z 12
[4740] = CNOT 12 62
[4741] = CNOT 12 68
[4742] = S 12
[4743] = Z 12
[4744] = CNOT 12 68
[4745] = CNOT 12 70
[4746] = Z 12
[4747] = CNOT 12 70
[4748] = CNOT 12 77
[4749] = Z 12
[4750] = CNOT 12 77
[4751] = CNOT 12 84
[4752] = Z 12
[4753] = CNOT 12 84
[4754] = CNOT 12 27
[4755] = CNOT 12 29
[4756] = CNOT 12 33
[4757] = S 12
[4758] = Z 12
[4759] = CNOT 12 33
[4760] = CNOT 12 34
[4761] = Z 12
[4762] = CNOT 12 34
[4763] = CNOT 12 43
[4764] = Z 12
[4765] = CNOT 12 43
[4766] = CNOT 12 48
[4767] = Z 12
[4768] = CNOT 12 48
[4769] = CNOT 12 52
[4770] = Z 12
[4771] = CNOT 12 52
[4772] = CNOT 12 29
[4773] = CNOT 12 33
[4774] = CNOT 12 34
[4775] = Z 12
[4776] = CNOT 12 34
[4777] = CNOT 12 43
[4778] = Z 12
[4779] = CNOT 12 43
[4780] = CNOT 12 48
[4781] = Z 12
[4782] = CNOT 12 48
[4783] = CNOT 12 52
[4784] = Z 12
[4785] = CNOT 12 52
[4786] = CNOT 12 33
[4787] = CNOT 12 34
[4788] = CNOT 12 43
[4789] = S 12
[4790] = Z 12
[4791] = CNOT 12 43
[4792] = CNOT 12 48
[4793] = Z 12
[4794] = CNOT 12 48
[4795] = CNOT 12 54
[4796] = Z 12
[4797] = CNOT 12 54
[4798] = CNOT 12 56
[4799] = S 12
[4800] = Z 12
[4801] = CNOT 12 56
[4802] = CNOT 12 60
[4803] = S 12
[4804] = Z 12
[4805] = CNOT 12 60
[4806] = CNOT 12 62
[4807] = Z 12
[4808] = CNOT 12 62
[4809] = CNOT 12 64
[4810] = S 12
[4811] = Z 12
[4812] = CNOT 12 64
[4813] = CNOT 12 68
[4814] = S 12
[4815] = Z 12
[4816] = CNOT 12 68
[4817] = CNOT 12 70
[4818] = Z 12
[4819] = CNOT 12 70
[4820] = CNOT 12 72
[4821] = S 12
[4822] = Z 12
[4823] = CNOT 12 72
[4824] = CNOT 12 76
[4825] = S 12
[4826] = Z 12
[4827] = CNOT 12 76
[4828] = CNOT 12 77
[4829] = Z 12
[4830] = CNOT 12 77
[4831] = CNOT 12 84
[4832] = Z 12
[4833] = CNOT 12 84
[4834] = CNOT 12 86
[4835] = Z 12
[4836] = CNOT 12 86
[4837] = CNOT 12 92
[4838] = S 12
[4839] = Z 12
[4840] = CNOT 12 92
[4841] = CNOT 12 34
[4842] = CNOT 12 43
[4843] = CNOT 12 52
[4844] = S 12
[4845] = CNOT 12 52
[4846] = CNOT 12 54
[4847] = Z 12
[4848] = CNOT 12 54
[4849] = CNOT 12 62
[4850] = Z 12
[4851] = CNOT 12 62
[4852] = CNOT 12 70
[4853] = Z 12
[4854] = CNOT 12 70
[4855] = CNOT 12 76
[4856] = S 12
[4857] = Z 12
[4858] = CNOT 12 76
[4859] = CNOT 12 77
[4860] = Z 12
[4861] = CNOT 12 77
[4862] = CNOT 12 84
[4863] = Z 12
[4864] = CNOT 12 84
[4865] = CNOT 12 86
[4866] = S 12
[4867] = Z 12
[4868] = CNOT 12 86
[4869] = CNOT 12 92
[4870] = S 12
[4871] = Z 12
[4872] = CNOT 12 92
[4873] = CNOT 12 43
[4874] = CNOT 12 48
[4875] = CNOT 12 52
[4876] = S 12
[4877] = CNOT 12 52
[4878] = CNOT 12 54
[4879] = Z 12
[4880] = CNOT 12 54
[4881] = CNOT 12 62
[4882] = Z 12
[4883] = CNOT 12 62
[4884] = CNOT 12 70
[4885] = Z 12
[4886] = CNOT 12 70
[4887] = CNOT 12 76
[4888] = S 12
[4889] = Z 12
[4890] = CNOT 12 76
[4891] = CNOT 12 77
[4892] = Z 12
[4893] = CNOT 12 77
[4894] = CNOT 12 84
[4895] = Z 12
[4896] = CNOT 12 84
[4897] = CNOT 12 86
[4898] = Z 12
[4899] = CNOT 12 86
[4900] = CNOT 12 92
[4901] = S 12
[4902] = Z 12
[4903] = CNOT 12 92
[4904] = CNOT 12 48
[4905] = CNOT 12 52
[4906] = CNOT 12 54
[4907] = Z 12
[4908] = CNOT 12 54
[4909] = CNOT 12 60
[4910] = S 12
[4911] = Z 12
[4912] = CNOT 12 60
[4913] = CNOT 12 62
[4914] = Z 12
[4915] = CNOT 12 62
[4916] = CNOT 12 68
[4917] = S 12
[4918] = Z 12
[4919] = CNOT 12 68
[4920] = CNOT 12 70
[4921] = Z 12
[4922] = CNOT 12 70
[4923] = CNOT 12 77
[4924] = Z 12
[4925] = CNOT 12 77
[4926] = CNOT 12 84
[4927] = Z 12
[4928] = CNOT 12 84
[4929] = CNOT 12 52
[4930] = CNOT 12 54
[4931] = CNOT 12 62
[4932] = Z 12
[4933] = CNOT 12 62
[4934] = CNOT 12 70
[4935] = Z 12
[4936] = CNOT 12 70
[4937] = CNOT 12 77
[4938] = S 12
[4939] = Z 12
[4940] = CNOT 12 77
[4941] = CNOT 12 84
[4942] = S 12
[4943] = Z 12
[4944] = CNOT 12 84
[4945] = CNOT 12 54
[4946] = CNOT 12 56
[4947] = CNOT 12 64
[4948] = S 12
[4949] = Z 12
[4950] = CNOT 12 64
[4951] = CNOT 12 72
[4952] = S 12
[4953] = Z 12
[4954] = CNOT 12 72
[4955] = CNOT 12 56
[4956] = CNOT 12 60
[4957] = CNOT 12 68
[4958] = S 12
[4959] = Z 12
[4960] = CNOT 12 68
[4961] = CNOT 12 60
[4962] = CNOT 12 62
[4963] = CNOT 12 70
[4964] = Z 12
[4965] = CNOT 12 70
[4966] = CNOT 12 77
[4967] = S 12
[4968] = Z 12
[4969] = CNOT 12 77
[4970] = CNOT 12 84
[4971] = S 12
[4972] = Z 12
[4973] = CNOT 12 84
[4974] = CNOT 12 62
[4975] = CNOT 12 64
[4976] = CNOT 12 72
[4977] = S 12
[4978] = Z 12
[4979] = CNOT 12 72
[4980] = CNOT 12 64
[4981] = CNOT 12 70
[4982] = CNOT 12 77
[4983] = S 12
[4984] = Z 12
[4985] = CNOT 12 77
[4986] = CNOT 12 84
[4987] = S 12
[4988] = Z 12
[4989] = CNOT 12 84
[4990] = CNOT 12 70
[4991] = CNOT 12 76
[4992] = CNOT 12 86
[4993] = S 12
[4994] = Z 12
[4995] = CNOT 12 86
[4996] = CNOT 12 92
[4997] = S 12
[4998] = Z 12
[4999] = CNOT 12 92
[5000] = CNOT 12 76
[5001] = CNOT 12 77
[5002] = CNOT 12 84
[5003] = S 12
[5004] = Z 12
[5005] = CNOT 12 84
[5006] = CNOT 12 77
[5007] = CNOT 12 86
[5008] = CNOT 12 92
[5009] = S 12
[5010] = Z 12
[5011] = CNOT 12 92
[5012] = CNOT 12 86
[5013] = CNOT 13 14
[5014] = CNOT 13 17
[5015] = Z 13
[5016] = CNOT 13 17
[5017] = CNOT 13 27
[5018] = Z 13
[5019] = CNOT 13 27
[5020] = CNOT 13 31
[5021] = S 13
[5022] = Z 13
[5023] = CNOT 13 31
[5024] = CNOT 13 35
[5025] = S 13
[5026] = Z 13
[5027] = CNOT 13 35
[5028] = CNOT 13 48
[5029] = Z 13
[5030] = CNOT 13 48
[5031] = CNOT 13 52
[5032] = Z 13
[5033] = CNOT 13 52
[5034] = CNOT 13 56
[5035] = Z 13
[5036] = CNOT 13 56
[5037] = CNOT 13 64
[5038] = Z 13
[5039] = CNOT 13 64
[5040] = CNOT 13 72
[5041] = Z 13
[5042] = CNOT 13 72
[5043] = CNOT 13 79
[5044] = S 13
[5045] = Z 13
[5046] = CNOT 13 79
[5047] = CNOT 13 81
[5048] = Z 13
[5049] = CNOT 13 81
[5050] = CNOT 13 82
[5051] = S 13
[5052] = Z 13
[5053] = CNOT 13 82
[5054] = CNOT 13 14
[5055] = CNOT 13 15
[5056] = CNOT 13 17
[5057] = Z 13
[5058] = CNOT 13 17
[5059] = CNOT 13 27
[5060] = Z 13
[5061] = CNOT 13 27
[5062] = CNOT 13 31
[5063] = S 13
[5064] = Z 13
[5065] = CNOT 13 31
[5066] = CNOT 13 35
[5067] = S 13
[5068] = Z 13
[5069] = CNOT 13 35
[5070] = CNOT 13 48
[5071] = Z 13
[5072] = CNOT 13 48
[5073] = CNOT 13 52
[5074] = Z 13
[5075] = CNOT 13 52
[5076] = CNOT 13 56
[5077] = Z 13
[5078] = CNOT 13 56
[5079] = CNOT 13 64
[5080] = Z 13
[5081] = CNOT 13 64
[5082] = CNOT 13 72
[5083] = Z 13
[5084] = CNOT 13 72
[5085] = CNOT 13 79
[5086] = S 13
[5087] = Z 13
[5088] = CNOT 13 79
[5089] = CNOT 13 81
[5090] = Z 13
[5091] = CNOT 13 81
[5092] = CNOT 13 82
[5093] = S 13
[5094] = Z 13
[5095] = CNOT 13 82
[5096] = CNOT 13 15
[5097] = CNOT 13 17
[5098] = CNOT 13 27
[5099] = S 13
[5100] = Z 13
[5101] = CNOT 13 27
[5102] = CNOT 13 29
[5103] = Z 13
[5104] = CNOT 13 29
[5105] = CNOT 13 33
[5106] = Z 13
[5107] = CNOT 13 33
[5108] = CNOT 13 34
[5109] = Z 13
[5110] = CNOT 13 34
[5111] = CNOT 13 43
[5112] = S 13
[5113] = Z 13
[5114] = CNOT 13 43
[5115] = CNOT 13 48
[5116] = Z 13
[5117] = CNOT 13 48
[5118] = CNOT 13 52
[5119] = S 13
[5120] = Z 13
[5121] = CNOT 13 52
[5122] = CNOT 13 54
[5123] = Z 13
[5124] = CNOT 13 54
[5125] = CNOT 13 56
[5126] = Z 13
[5127] = CNOT 13 56
[5128] = CNOT 13 62
[5129] = Z 13
[5130] = CNOT 13 62
[5131] = CNOT 13 64
[5132] = Z 13
[5133] = CNOT 13 64
[5134] = CNOT 13 70
[5135] = Z 13
[5136] = CNOT 13 70
[5137] = CNOT 13 72
[5138] = Z 13
[5139] = CNOT 13 72
[5140] = CNOT 13 77
[5141] = Z 13
[5142] = CNOT 13 77
[5143] = CNOT 13 79
[5144] = S 13
[5145] = Z 13
[5146] = CNOT 13 79
[5147] = CNOT 13 81
[5148] = Z 13
[5149] = CNOT 13 81
[5150] = CNOT 13 82
[5151] = S 13
[5152] = Z 13
[5153] = CNOT 13 82
[5154] = CNOT 13 84
[5155] = Z 13
[5156] = CNOT 13 84
[5157] = CNOT 13 17
[5158] = CNOT 13 27
[5159] = CNOT 13 29
[5160] = Z 13
[5161] = CNOT 13 29
[5162] = CNOT 13 33
[5163] = Z 13
[5164] = CNOT 13 33
[5165] = CNOT 13 34
[5166] = Z 13
[5167] = CNOT 13 34
[5168] = CNOT 13 43
[5169] = S 13
[5170] = Z 13
[5171] = CNOT 13 43
[5172] = CNOT 13 48
[5173] = S 13
[5174] = Z 13
[5175] = CNOT 13 48
[5176] = CNOT 13 52
[5177] = Z 13
[5178] = CNOT 13 52
[5179] = CNOT 13 54
[5180] = Z 13
[5181] = CNOT 13 54
[5182] = CNOT 13 56
[5183] = Z 13
[5184] = CNOT 13 56
[5185] = CNOT 13 60
[5186] = S 13
[5187] = Z 13
[5188] = CNOT 13 60
[5189] = CNOT 13 62
[5190] = Z 13
[5191] = CNOT 13 62
[5192] = CNOT 13 64
[5193] = Z 13
[5194] = CNOT 13 64
[5195] = CNOT 13 68
[5196] = S 13
[5197] = Z 13
[5198] = CNOT 13 68
[5199] = CNOT 13 70
[5200] = Z 13
[5201] = CNOT 13 70
[5202] = CNOT 13 72
[5203] = Z 13
[5204] = CNOT 13 72
[5205] = CNOT 13 77
[5206] = Z 13
[5207] = CNOT 13 77
[5208] = CNOT 13 79
[5209] = S 13
[5210] = Z 13
[5211] = CNOT 13 79
[5212] = CNOT 13 81
[5213] = Z 13
[5214] = CNOT 13 81
[5215] = CNOT 13 82
[5216] = S 13
[5217] = Z 13
[5218] = CNOT 13 82
[5219] = CNOT 13 84
[5220] = Z 13
[5221] = CNOT 13 84
[5222] = CNOT 13 27
[5223] = CNOT 13 29
[5224] = CNOT 13 33
[5225] = S 13
[5226] = Z 13
[5227] = CNOT 13 33
[5228] = CNOT 13 34
[5229] = Z 13
[5230] = CNOT 13 34
[5231] = CNOT 13 43
[5232] = Z 13
[5233] = CNOT 13 43
[5234] = CNOT 13 48
[5235] = Z 13
[5236] = CNOT 13 48
[5237] = CNOT 13 52
[5238] = Z 13
[5239] = CNOT 13 52
[5240] = CNOT 13 29
[5241] = CNOT 13 31
[5242] = CNOT 13 34
[5243] = Z 13
[5244] = CNOT 13 34
[5245] = CNOT 13 35
[5246] = S 13
[5247] = Z 13
[5248] = CNOT 13 35
[5249] = CNOT 13 43
[5250] = Z 13
[5251] = CNOT 13 43
[5252] = CNOT 13 31
[5253] = CNOT 13 33
[5254] = CNOT 13 34
[5255] = Z 13
[5256] = CNOT 13 34
[5257] = CNOT 13 43
[5258] = Z 13
[5259] = CNOT 13 43
[5260] = CNOT 13 48
[5261] = Z 13
[5262] = CNOT 13 48
[5263] = CNOT 13 52
[5264] = Z 13
[5265] = CNOT 13 52
[5266] = CNOT 13 33
[5267] = CNOT 13 34
[5268] = CNOT 13 35
[5269] = Z 13
[5270] = CNOT 13 35
[5271] = CNOT 13 43
[5272] = S 13
[5273] = Z 13
[5274] = CNOT 13 43
[5275] = CNOT 13 48
[5276] = S 13
[5277] = CNOT 13 48
[5278] = CNOT 13 52
[5279] = Z 13
[5280] = CNOT 13 52
[5281] = CNOT 13 54
[5282] = Z 13
[5283] = CNOT 13 54
[5284] = CNOT 13 56
[5285] = Z 13
[5286] = CNOT 13 56
[5287] = CNOT 13 60
[5288] = S 13
[5289] = Z 13
[5290] = CNOT 13 60
[5291] = CNOT 13 62
[5292] = Z 13
[5293] = CNOT 13 62
[5294] = CNOT 13 64
[5295] = Z 13
[5296] = CNOT 13 64
[5297] = CNOT 13 68
[5298] = S 13
[5299] = Z 13
[5300] = CNOT 13 68
[5301] = CNOT 13 70
[5302] = Z 13
[5303] = CNOT 13 70
[5304] = CNOT 13 72
[5305] = Z 13
[5306] = CNOT 13 72
[5307] = CNOT 13 76
[5308] = S 13
[5309] = Z 13
[5310] = CNOT 13 76
[5311] = CNOT 13 77
[5312] = Z 13
[5313] = CNOT 13 77
[5314] = CNOT 13 79
[5315] = S 13
[5316] = Z 13
[5317] = CNOT 13 79
[5318] = CNOT 13 81
[5319] = Z 13
[5320] = CNOT 13 81
[5321] = CNOT 13 82
[5322] = S 13
[5323] = Z 13
[5324] = CNOT 13 82
[5325] = CNOT 13 84
[5326] = Z 13
[5327] = CNOT 13 84
[5328] = CNOT 13 86
[5329] = S 13
[5330] = Z 13
[5331] = CNOT 13 86
[5332] = CNOT 13 92
[5333] = S 13
[5334] = Z 13
[5335] = CNOT 13 92
[5336] = CNOT 13 34
[5337] = CNOT 13 35
[5338] = CNOT 13 43
[5339] = Z 13
[5340] = CNOT 13 35
[5341] = CNOT 13 48
[5342] = S 13
[5343] = Z 13
[5344] = CNOT 13 48
[5345] = CNOT 13 52
[5346] = S 13
[5347] = Z 13
[5348] = CNOT 13 52
[5349] = CNOT 13 54
[5350] = Z 13
[5351] = CNOT 13 54
[5352] = CNOT 13 56
[5353] = Z 13
[5354] = CNOT 13 56
[5355] = CNOT 13 60
[5356] = S 13
[5357] = Z 13
[5358] = CNOT 13 60
[5359] = CNOT 13 62
[5360] = Z 13
[5361] = CNOT 13 62
[5362] = CNOT 13 64
[5363] = Z 13
[5364] = CNOT 13 64
[5365] = CNOT 13 68
[5366] = S 13
[5367] = Z 13
[5368] = CNOT 13 68
[5369] = CNOT 13 70
[5370] = Z 13
[5371] = CNOT 13 70
[5372] = CNOT 13 72
[5373] = Z 13
[5374] = CNOT 13 72
[5375] = CNOT 13 76
[5376] = S 13
[5377] = Z 13
[5378] = CNOT 13 76
[5379] = CNOT 13 77
[5380] = Z 13
[5381] = CNOT 13 77
[5382] = CNOT 13 79
[5383] = S 13
[5384] = Z 13
[5385] = CNOT 13 79
[5386] = CNOT 13 81
[5387] = Z 13
[5388] = CNOT 13 81
[5389] = CNOT 13 82
[5390] = S 13
[5391] = Z 13
[5392] = CNOT 13 82
[5393] = CNOT 13 84
[5394] = Z 13
[5395] = CNOT 13 84
[5396] = CNOT 13 92
[5397] = S 13
[5398] = Z 13
[5399] = CNOT 13 92
[5400] = CNOT 13 43
[5401] = CNOT 13 48
[5402] = CNOT 13 52
[5403] = S 13
[5404] = Z 13
[5405] = CNOT 13 52
[5406] = CNOT 13 54
[5407] = Z 13
[5408] = CNOT 13 54
[5409] = CNOT 13 56
[5410] = Z 13
[5411] = CNOT 13 56
[5412] = CNOT 13 62
[5413] = Z 13
[5414] = CNOT 13 62
[5415] = CNOT 13 64
[5416] = Z 13
[5417] = CNOT 13 64
[5418] = CNOT 13 70
[5419] = Z 13
[5420] = CNOT 13 70
[5421] = CNOT 13 72
[5422] = Z 13
[5423] = CNOT 13 72
[5424] = CNOT 13 76
[5425] = S 13
[5426] = Z 13
[5427] = CNOT 13 76
[5428] = CNOT 13 77
[5429] = Z 13
[5430] = CNOT 13 77
[5431] = CNOT 13 81
[5432] = Z 13
[5433] = CNOT 13 81
[5434] = CNOT 13 82
[5435] = S 13
[5436] = Z 13
[5437] = CNOT 13 82
[5438] = CNOT 13 84
[5439] = Z 13
[5440] = CNOT 13 84
[5441] = CNOT 13 86
[5442] = S 13
[5443] = Z 13
[5444] = CNOT 13 86
[5445] = CNOT 13 92
[5446] = S 13
[5447] = Z 13
[5448] = CNOT 13 92
[5449] = CNOT 13 48
[5450] = CNOT 13 52
[5451] = CNOT 13 54
[5452] = Z 13
[5453] = CNOT 13 54
[5454] = CNOT 13 56
[5455] = Z 13
[5456] = CNOT 13 56
[5457] = CNOT 13 60
[5458] = S 13
[5459] = Z 13
[5460] = CNOT 13 60
[5461] = CNOT 13 62
[5462] = Z 13
[5463] = CNOT 13 62
[5464] = CNOT 13 64
[5465] = Z 13
[5466] = CNOT 13 64
[5467] = CNOT 13 68
[5468] = S 13
[5469] = Z 13
[5470] = CNOT 13 68
[5471] = CNOT 13 70
[5472] = Z 13
[5473] = CNOT 13 70
[5474] = CNOT 13 72
[5475] = Z 13
[5476] = CNOT 13 72
[5477] = CNOT 13 77
[5478] = Z 13
[5479] = CNOT 13 77
[5480] = CNOT 13 79
[5481] = S 13
[5482] = Z 13
[5483] = CNOT 13 79
[5484] = CNOT 13 81
[5485] = Z 13
[5486] = CNOT 13 81
[5487] = CNOT 13 82
[5488] = S 13
[5489] = Z 13
[5490] = CNOT 13 82
[5491] = CNOT 13 84
[5492] = Z 13
[5493] = CNOT 13 84
[5494] = CNOT 13 52
[5495] = CNOT 13 54
[5496] = CNOT 13 62
[5497] = Z 13
[5498] = CNOT 13 62
[5499] = CNOT 13 70
[5500] = Z 13
[5501] = CNOT 13 70
[5502] = CNOT 13 77
[5503] = S 13
[5504] = Z 13
[5505] = CNOT 13 77
[5506] = CNOT 13 84
[5507] = S 13
[5508] = Z 13
[5509] = CNOT 13 84
[5510] = CNOT 13 54
[5511] = CNOT 13 56
[5512] = CNOT 13 60
[5513] = S 13
[5514] = Z 13
[5515] = CNOT 13 60
[5516] = CNOT 13 64
[5517] = Z 13
[5518] = CNOT 13 64
[5519] = CNOT 13 72
[5520] = Z 13
[5521] = CNOT 13 72
[5522] = CNOT 13 79
[5523] = S 13
[5524] = Z 13
[5525] = CNOT 13 79
[5526] = CNOT 13 81
[5527] = Z 13
[5528] = CNOT 13 81
[5529] = CNOT 13 82
[5530] = S 13
[5531] = Z 13
[5532] = CNOT 13 82
[5533] = CNOT 13 56
[5534] = CNOT 13 60
[5535] = CNOT 13 68
[5536] = S 13
[5537] = Z 13
[5538] = CNOT 13 68
[5539] = CNOT 13 60
[5540] = CNOT 13 62
[5541] = CNOT 13 70
[5542] = Z 13
[5543] = CNOT 13 70
[5544] = CNOT 13 77
[5545] = S 13
[5546] = Z 13
[5547] = CNOT 13 77
[5548] = CNOT 13 84
[5549] = S 13
[5550] = Z 13
[5551] = CNOT 13 84
[5552] = CNOT 13 62
[5553] = CNOT 13 64
[5554] = CNOT 13 72
[5555] = Z 13
[5556] = CNOT 13 72
[5557] = CNOT 13 79
[5558] = S 13
[5559] = Z 13
[5560] = CNOT 13 79
[5561] = CNOT 13 81
[5562] = Z 13
[5563] = CNOT 13 81
[5564] = CNOT 13 82
[5565] = S 13
[5566] = Z 13
[5567] = CNOT 13 82
[5568] = CNOT 13 64
[5569] = CNOT 13 70
[5570] = CNOT 13 77
[5571] = S 13
[5572] = Z 13
[5573] = CNOT 13 77
[5574] = CNOT 13 84
[5575] = S 13
[5576] = Z 13
[5577] = CNOT 13 84
[5578] = CNOT 13 70
[5579] = CNOT 13 72
[5580] = CNOT 13 76
[5581] = S 13
[5582] = Z 13
[5583] = CNOT 13 76
[5584] = CNOT 13 79
[5585] = S 13
[5586] = Z 13
[5587] = CNOT 13 79
[5588] = CNOT 13 81
[5589] = Z 13
[5590] = CNOT 13 81
[5591] = CNOT 13 82
[5592] = S 13
[5593] = Z 13
[5594] = CNOT 13 82
[5595] = CNOT 13 72
[5596] = CNOT 13 76
[5597] = CNOT 13 86
[5598] = S 13
[5599] = Z 13
[5600] = CNOT 13 86
[5601] = CNOT 13 92
[5602] = S 13
[5603] = Z 13
[5604] = CNOT 13 92
[5605] = CNOT 13 76
[5606] = CNOT 13 77
[5607] = CNOT 13 84
[5608] = S 13
[5609] = Z 13
[5610] = CNOT 13 84
[5611] = CNOT 13 77
[5612] = CNOT 13 79
[5613] = CNOT 13 81
[5614] = S 13
[5615] = Z 13
[5616] = CNOT 13 81
[5617] = CNOT 13 86
[5618] = S 13
[5619] = CNOT 13 86
[5620] = CNOT 13 79
[5621] = CNOT 13 81
[5622] = CNOT 13 82
[5623] = S 13
[5624] = Z 13
[5625] = CNOT 13 82
[5626] = CNOT 13 81
[5627] = CNOT 13 86
[5628] = CNOT 13 92
[5629] = S 13
[5630] = Z 13
[5631] = CNOT 13 92
[5632] = CNOT 13 86
[5633] = CNOT 14 15
[5634] = CNOT 14 17
[5635] = S 14
[5636] = CNOT 14 17
[5637] = CNOT 14 27
[5638] = Z 14
[5639] = CNOT 14 27
[5640] = CNOT 14 31
[5641] = S 14
[5642] = Z 14
[5643] = CNOT 14 31
[5644] = CNOT 14 34
[5645] = S 14
[5646] = CNOT 14 34
[5647] = CNOT 14 35
[5648] = S 14
[5649] = Z 14
[5650] = CNOT 14 35
[5651] = CNOT 14 43
[5652] = Z 14
[5653] = CNOT 14 43
[5654] = CNOT 14 52
[5655] = Z 14
[5656] = CNOT 14 52
[5657] = CNOT 14 79
[5658] = S 14
[5659] = Z 14
[5660] = CNOT 14 79
[5661] = CNOT 14 81
[5662] = Z 14
[5663] = CNOT 14 81
[5664] = CNOT 14 82
[5665] = S 14
[5666] = Z 14
[5667] = CNOT 14 82
[5668] = CNOT 14 86
[5669] = S 14
[5670] = Z 14
[5671] = CNOT 14 86
[5672] = CNOT 14 15
[5673] = CNOT 14 17
[5674] = CNOT 14 27
[5675] = Z 14
[5676] = CNOT 14 27
[5677] = CNOT 14 31
[5678] = S 14
[5679] = CNOT 14 31
[5680] = CNOT 14 34
[5681] = S 14
[5682] = CNOT 14 34
[5683] = CNOT 14 43
[5684] = S 14
[5685] = CNOT 14 43
[5686] = CNOT 14 48
[5687] = S 14
[5688] = CNOT 14 48
[5689] = CNOT 14 52
[5690] = Z 14
[5691] = CNOT 14 52
[5692] = CNOT 14 56
[5693] = Z 14
[5694] = CNOT 14 56
[5695] = CNOT 14 64
[5696] = Z 14
[5697] = CNOT 14 64
[5698] = CNOT 14 72
[5699] = Z 14
[5700] = CNOT 14 72
[5701] = CNOT 14 79
[5702] = S 14
[5703] = Z 14
[5704] = CNOT 14 79
[5705] = CNOT 14 81
[5706] = Z 14
[5707] = CNOT 14 81
[5708] = CNOT 14 82
[5709] = S 14
[5710] = Z 14
[5711] = CNOT 14 82
[5712] = CNOT 14 17
[5713] = CNOT 14 27
[5714] = CNOT 14 34
[5715] = Z 14
[5716] = CNOT 14 34
[5717] = CNOT 14 43
[5718] = Z 14
[5719] = CNOT 14 43
[5720] = CNOT 14 48
[5721] = Z 14
[5722] = CNOT 14 48
[5723] = CNOT 14 52
[5724] = Z 14
[5725] = CNOT 14 52
[5726] = CNOT 14 56
[5727] = Z 14
[5728] = CNOT 14 56
[5729] = CNOT 14 64
[5730] = Z 14
[5731] = CNOT 14 64
[5732] = CNOT 14 72
[5733] = Z 14
[5734] = CNOT 14 72
[5735] = CNOT 14 79
[5736] = S 14
[5737] = Z 14
[5738] = CNOT 14 79
[5739] = CNOT 14 81
[5740] = Z 14
[5741] = CNOT 14 81
[5742] = CNOT 14 82
[5743] = S 14
[5744] = Z 14
[5745] = CNOT 14 82
[5746] = CNOT 14 27
[5747] = CNOT 14 31
[5748] = CNOT 14 34
[5749] = S 14
[5750] = Z 14
[5751] = CNOT 14 34
[5752] = CNOT 14 43
[5753] = S 14
[5754] = Z 14
[5755] = CNOT 14 43
[5756] = CNOT 14 48
[5757] = S 14
[5758] = CNOT 14 48
[5759] = CNOT 14 31
[5760] = CNOT 14 34
[5761] = CNOT 14 35
[5762] = S 14
[5763] = Z 14
[5764] = CNOT 14 35
[5765] = CNOT 14 43
[5766] = Z 14
[5767] = CNOT 14 43
[5768] = CNOT 14 52
[5769] = Z 14
[5770] = CNOT 14 52
[5771] = CNOT 14 79
[5772] = S 14
[5773] = Z 14
[5774] = CNOT 14 79
[5775] = CNOT 14 81
[5776] = Z 14
[5777] = CNOT 14 81
[5778] = CNOT 14 82
[5779] = S 14
[5780] = Z 14
[5781] = CNOT 14 82
[5782] = CNOT 14 86
[5783] = S 14
[5784] = Z 14
[5785] = CNOT 14 86
[5786] = CNOT 14 34
[5787] = CNOT 14 35
[5788] = CNOT 14 43
[5789] = S 14
[5790] = Z 14
[5791] = CNOT 14 35
[5792] = CNOT 14 48
[5793] = S 14
[5794] = CNOT 14 48
[5795] = CNOT 14 52
[5796] = Z 14
[5797] = CNOT 14 52
[5798] = CNOT 14 56
[5799] = S 14
[5800] = CNOT 14 56
[5801] = CNOT 14 64
[5802] = S 14
[5803] = CNOT 14 64
[5804] = CNOT 14 72
[5805] = S 14
[5806] = CNOT 14 72
[5807] = CNOT 14 79
[5808] = S 14
[5809] = Z 14
[5810] = CNOT 14 79
[5811] = CNOT 14 81
[5812] = Z 14
[5813] = CNOT 14 81
[5814] = CNOT 14 82
[5815] = S 14
[5816] = Z 14
[5817] = CNOT 14 82
[5818] = CNOT 14 43
[5819] = CNOT 14 48
[5820] = CNOT 14 52
[5821] = Z 14
[5822] = CNOT 14 52
[5823] = CNOT 14 56
[5824] = S 14
[5825] = CNOT 14 56
[5826] = CNOT 14 64
[5827] = S 14
[5828] = CNOT 14 64
[5829] = CNOT 14 72
[5830] = S 14
[5831] = CNOT 14 72
[5832] = CNOT 14 81
[5833] = Z 14
[5834] = CNOT 14 81
[5835] = CNOT 14 82
[5836] = S 14
[5837] = Z 14
[5838] = CNOT 14 82
[5839] = CNOT 14 86
[5840] = S 14
[5841] = Z 14
[5842] = CNOT 14 86
[5843] = CNOT 14 48
[5844] = CNOT 14 52
[5845] = CNOT 14 56
[5846] = Z 14
[5847] = CNOT 14 56
[5848] = CNOT 14 64
[5849] = Z 14
[5850] = CNOT 14 64
[5851] = CNOT 14 72
[5852] = Z 14
[5853] = CNOT 14 72
[5854] = CNOT 14 79
[5855] = S 14
[5856] = Z 14
[5857] = CNOT 14 79
[5858] = CNOT 14 81
[5859] = Z 14
[5860] = CNOT 14 81
[5861] = CNOT 14 82
[5862] = S 14
[5863] = Z 14
[5864] = CNOT 14 82
[5865] = CNOT 14 52
[5866] = CNOT 14 56
[5867] = CNOT 14 79
[5868] = S 14
[5869] = Z 14
[5870] = CNOT 14 79
[5871] = CNOT 14 81
[5872] = Z 14
[5873] = CNOT 14 81
[5874] = CNOT 14 82
[5875] = S 14
[5876] = Z 14
[5877] = CNOT 14 82
[5878] = CNOT 14 86
[5879] = S 14
[5880] = Z 14
[5881] = CNOT 14 86
[5882] = CNOT 14 56
[5883] = CNOT 14 64
[5884] = CNOT 14 79
[5885] = S 14
[5886] = Z 14
[5887] = CNOT 14 79
[5888] = CNOT 14 81
[5889] = Z 14
[5890] = CNOT 14 81
[5891] = CNOT 14 82
[5892] = S 14
[5893] = Z 14
[5894] = CNOT 14 82
[5895] = CNOT 14 86
[5896] = S 14
[5897] = Z 14
[5898] = CNOT 14 86
[5899] = CNOT 14 64
[5900] = CNOT 14 72
[5901] = CNOT 14 79
[5902] = S 14
[5903] = Z 14
[5904] = CNOT 14 79
[5905] = CNOT 14 81
[5906] = Z 14
[5907] = CNOT 14 81
[5908] = CNOT 14 82
[5909] = S 14
[5910] = Z 14
[5911] = CNOT 14 82
[5912] = CNOT 14 86
[5913] = S 14
[5914] = Z 14
[5915] = CNOT 14 86
[5916] = CNOT 14 72
[5917] = CNOT 14 79
[5918] = CNOT 14 81
[5919] = S 14
[5920] = Z 14
[5921] = CNOT 14 81
[5922] = CNOT 14 86
[5923] = S 14
[5924] = CNOT 14 86
[5925] = CNOT 14 79
[5926] = CNOT 14 81
[5927] = CNOT 14 82
[5928] = S 14
[5929] = Z 14
[5930] = CNOT 14 82
[5931] = CNOT 14 81
[5932] = CNOT 15 16
[5933] = CNOT 15 35
[5934] = S 15
[5935] = Z 15
[5936] = CNOT 15 35
[5937] = CNOT 15 16
[5938] = CNOT 15 17
[5939] = CNOT 15 27
[5940] = Z 15
[5941] = CNOT 15 27
[5942] = CNOT 15 31
[5943] = S 15
[5944] = CNOT 15 31
[5945] = CNOT 15 34
[5946] = S 15
[5947] = CNOT 15 34
[5948] = CNOT 15 43
[5949] = S 15
[5950] = CNOT 15 43
[5951] = CNOT 15 48
[5952] = S 15
[5953] = CNOT 15 48
[5954] = CNOT 15 52
[5955] = Z 15
[5956] = CNOT 15 52
[5957] = CNOT 15 56
[5958] = Z 15
[5959] = CNOT 15 56
[5960] = CNOT 15 64
[5961] = Z 15
[5962] = CNOT 15 64
[5963] = CNOT 15 72
[5964] = Z 15
[5965] = CNOT 15 72
[5966] = CNOT 15 79
[5967] = S 15
[5968] = Z 15
[5969] = CNOT 15 79
[5970] = CNOT 15 81
[5971] = Z 15
[5972] = CNOT 15 81
[5973] = CNOT 15 82
[5974] = S 15
[5975] = Z 15
[5976] = CNOT 15 82
[5977] = CNOT 15 17
[5978] = CNOT 15 27
[5979] = CNOT 15 34
[5980] = Z 15
[5981] = CNOT 15 34
[5982] = CNOT 15 43
[5983] = Z 15
[5984] = CNOT 15 43
[5985] = CNOT 15 48
[5986] = Z 15
[5987] = CNOT 15 48
[5988] = CNOT 15 52
[5989] = Z 15
[5990] = CNOT 15 52
[5991] = CNOT 15 56
[5992] = Z 15
[5993] = CNOT 15 56
[5994] = CNOT 15 64
[5995] = Z 15
[5996] = CNOT 15 64
[5997] = CNOT 15 72
[5998] = Z 15
[5999] = CNOT 15 72
[6000] = CNOT 15 79
[6001] = S 15
[6002] = Z 15
[6003] = CNOT 15 79
[6004] = CNOT 15 81
[6005] = Z 15
[6006] = CNOT 15 81
[6007] = CNOT 15 82
[6008] = S 15
[6009] = Z 15
[6010] = CNOT 15 82
[6011] = CNOT 15 27
[6012] = CNOT 15 31
[6013] = CNOT 15 34
[6014] = S 15
[6015] = Z 15
[6016] = CNOT 15 34
[6017] = CNOT 15 43
[6018] = S 15
[6019] = Z 15
[6020] = CNOT 15 43
[6021] = CNOT 15 48
[6022] = S 15
[6023] = CNOT 15 48
[6024] = CNOT 15 31
[6025] = CNOT 15 34
[6026] = CNOT 15 35
[6027] = S 15
[6028] = Z 15
[6029] = CNOT 15 35
[6030] = CNOT 15 43
[6031] = Z 15
[6032] = CNOT 15 43
[6033] = CNOT 15 52
[6034] = Z 15
[6035] = CNOT 15 52
[6036] = CNOT 15 79
[6037] = S 15
[6038] = Z 15
[6039] = CNOT 15 79
[6040] = CNOT 15 81
[6041] = Z 15
[6042] = CNOT 15 81
[6043] = CNOT 15 82
[6044] = S 15
[6045] = Z 15
[6046] = CNOT 15 82
[6047] = CNOT 15 86
[6048] = S 15
[6049] = Z 15
[6050] = CNOT 15 86
[6051] = CNOT 15 34
[6052] = CNOT 15 35
[6053] = CNOT 15 43
[6054] = S 15
[6055] = Z 15
[6056] = CNOT 15 35
[6057] = CNOT 15 48
[6058] = S 15
[6059] = CNOT 15 48
[6060] = CNOT 15 52
[6061] = Z 15
[6062] = CNOT 15 52
[6063] = CNOT 15 56
[6064] = S 15
[6065] = CNOT 15 56
[6066] = CNOT 15 64
[6067] = S 15
[6068] = CNOT 15 64
[6069] = CNOT 15 72
[6070] = S 15
[6071] = CNOT 15 72
[6072] = CNOT 15 79
[6073] = S 15
[6074] = Z 15
[6075] = CNOT 15 79
[6076] = CNOT 15 81
[6077] = Z 15
[6078] = CNOT 15 81
[6079] = CNOT 15 82
[6080] = S 15
[6081] = Z 15
[6082] = CNOT 15 82
[6083] = CNOT 15 43
[6084] = CNOT 15 48
[6085] = CNOT 15 52
[6086] = Z 15
[6087] = CNOT 15 52
[6088] = CNOT 15 56
[6089] = S 15
[6090] = CNOT 15 56
[6091] = CNOT 15 64
[6092] = S 15
[6093] = CNOT 15 64
[6094] = CNOT 15 72
[6095] = S 15
[6096] = CNOT 15 72
[6097] = CNOT 15 81
[6098] = Z 15
[6099] = CNOT 15 81
[6100] = CNOT 15 82
[6101] = S 15
[6102] = Z 15
[6103] = CNOT 15 82
[6104] = CNOT 15 86
[6105] = S 15
[6106] = Z 15
[6107] = CNOT 15 86
[6108] = CNOT 15 48
[6109] = CNOT 15 52
[6110] = CNOT 15 56
[6111] = Z 15
[6112] = CNOT 15 56
[6113] = CNOT 15 64
[6114] = Z 15
[6115] = CNOT 15 64
[6116] = CNOT 15 72
[6117] = Z 15
[6118] = CNOT 15 72
[6119] = CNOT 15 79
[6120] = S 15
[6121] = Z 15
[6122] = CNOT 15 79
[6123] = CNOT 15 81
[6124] = Z 15
[6125] = CNOT 15 81
[6126] = CNOT 15 82
[6127] = S 15
[6128] = Z 15
[6129] = CNOT 15 82
[6130] = CNOT 15 52
[6131] = CNOT 15 56
[6132] = CNOT 15 79
[6133] = S 15
[6134] = Z 15
[6135] = CNOT 15 79
[6136] = CNOT 15 81
[6137] = Z 15
[6138] = CNOT 15 81
[6139] = CNOT 15 82
[6140] = S 15
[6141] = Z 15
[6142] = CNOT 15 82
[6143] = CNOT 15 86
[6144] = S 15
[6145] = Z 15
[6146] = CNOT 15 86
[6147] = CNOT 15 56
[6148] = CNOT 15 64
[6149] = CNOT 15 79
[6150] = S 15
[6151] = Z 15
[6152] = CNOT 15 79
[6153] = CNOT 15 81
[6154] = Z 15
[6155] = CNOT 15 81
[6156] = CNOT 15 82
[6157] = S 15
[6158] = Z 15
[6159] = CNOT 15 82
[6160] = CNOT 15 86
[6161] = S 15
[6162] = Z 15
[6163] = CNOT 15 86
[6164] = CNOT 15 64
[6165] = CNOT 15 72
[6166] = CNOT 15 79
[6167] = S 15
[6168] = Z 15
[6169] = CNOT 15 79
[6170] = CNOT 15 81
[6171] = Z 15
[6172] = CNOT 15 81
[6173] = CNOT 15 82
[6174] = S 15
[6175] = Z 15
[6176] = CNOT 15 82
[6177] = CNOT 15 86
[6178] = S 15
[6179] = Z 15
[6180] = CNOT 15 86
[6181] = CNOT 15 72
[6182] = CNOT 15 79
[6183] = CNOT 15 81
[6184] = S 15
[6185] = Z 15
[6186] = CNOT 15 81
[6187] = CNOT 15 86
[6188] = S 15
[6189] = CNOT 15 86
[6190] = CNOT 15 79
[6191] = CNOT 15 81
[6192] = CNOT 15 82
[6193] = S 15
[6194] = Z 15
[6195] = CNOT 15 82
[6196] = CNOT 15 81
[6197] = CNOT 17 18
[6198] = CNOT 17 27
[6199] = Z 17
[6200] = CNOT 17 27
[6201] = CNOT 17 34
[6202] = Z 17
[6203] = CNOT 17 34
[6204] = CNOT 17 40
[6205] = S 17
[6206] = Z 17
[6207] = CNOT 17 40
[6208] = CNOT 17 41
[6209] = S 17
[6210] = Z 17
[6211] = CNOT 17 41
[6212] = CNOT 17 42
[6213] = Z 17
[6214] = CNOT 17 42
[6215] = CNOT 17 46
[6216] = Z 17
[6217] = CNOT 17 46
[6218] = CNOT 17 48
[6219] = Z 17
[6220] = CNOT 17 48
[6221] = CNOT 17 52
[6222] = Z 17
[6223] = CNOT 17 52
[6224] = CNOT 17 82
[6225] = Z 17
[6226] = CNOT 17 82
[6227] = CNOT 17 18
[6228] = CNOT 17 19
[6229] = CNOT 17 20
[6230] = S 17
[6231] = CNOT 17 20
[6232] = CNOT 17 21
[6233] = S 17
[6234] = Z 17
[6235] = CNOT 17 21
[6236] = CNOT 17 22
[6237] = S 17
[6238] = Z 17
[6239] = CNOT 17 22
[6240] = CNOT 17 24
[6241] = S 17
[6242] = Z 17
[6243] = CNOT 17 24
[6244] = CNOT 17 28
[6245] = S 17
[6246] = Z 17
[6247] = CNOT 17 28
[6248] = CNOT 17 45
[6249] = S 17
[6250] = Z 17
[6251] = CNOT 17 45
[6252] = CNOT 17 49
[6253] = S 17
[6254] = Z 17
[6255] = CNOT 17 49
[6256] = CNOT 17 53
[6257] = S 17
[6258] = Z 17
[6259] = CNOT 17 53
[6260] = CNOT 17 61
[6261] = S 17
[6262] = Z 17
[6263] = CNOT 17 61
[6264] = CNOT 17 69
[6265] = S 17
[6266] = Z 17
[6267] = CNOT 17 69
[6268] = CNOT 17 19
[6269] = CNOT 17 20
[6270] = CNOT 17 21
[6271] = S 17
[6272] = Z 17
[6273] = CNOT 17 21
[6274] = CNOT 17 22
[6275] = S 17
[6276] = Z 17
[6277] = CNOT 17 22
[6278] = CNOT 17 24
[6279] = S 17
[6280] = Z 17
[6281] = CNOT 17 24
[6282] = CNOT 17 28
[6283] = S 17
[6284] = Z 17
[6285] = CNOT 17 28
[6286] = CNOT 17 45
[6287] = S 17
[6288] = Z 17
[6289] = CNOT 17 45
[6290] = CNOT 17 49
[6291] = S 17
[6292] = Z 17
[6293] = CNOT 17 49
[6294] = CNOT 17 53
[6295] = S 17
[6296] = Z 17
[6297] = CNOT 17 53
[6298] = CNOT 17 61
[6299] = S 17
[6300] = Z 17
[6301] = CNOT 17 61
[6302] = CNOT 17 69
[6303] = S 17
[6304] = Z 17
[6305] = CNOT 17 69
[6306] = CNOT 17 20
[6307] = CNOT 17 21
[6308] = CNOT 17 22
[6309] = S 17
[6310] = CNOT 17 22
[6311] = CNOT 17 24
[6312] = S 17
[6313] = Z 17
[6314] = CNOT 17 24
[6315] = CNOT 17 27
[6316] = S 17
[6317] = CNOT 17 27
[6318] = CNOT 17 32
[6319] = S 17
[6320] = Z 17
[6321] = CNOT 17 32
[6322] = CNOT 17 34
[6323] = S 17
[6324] = CNOT 17 34
[6325] = CNOT 17 36
[6326] = S 17
[6327] = Z 17
[6328] = CNOT 17 36
[6329] = CNOT 17 39
[6330] = S 17
[6331] = CNOT 17 39
[6332] = CNOT 17 42
[6333] = S 17
[6334] = CNOT 17 42
[6335] = CNOT 17 48
[6336] = S 17
[6337] = CNOT 17 48
[6338] = CNOT 17 49
[6339] = S 17
[6340] = Z 17
[6341] = CNOT 17 49
[6342] = CNOT 17 52
[6343] = S 17
[6344] = CNOT 17 52
[6345] = CNOT 17 82
[6346] = S 17
[6347] = CNOT 17 82
[6348] = CNOT 17 21
[6349] = CNOT 17 22
[6350] = CNOT 17 24
[6351] = S 17
[6352] = Z 17
[6353] = CNOT 17 24
[6354] = CNOT 17 27
[6355] = S 17
[6356] = CNOT 17 27
[6357] = CNOT 17 32
[6358] = S 17
[6359] = Z 17
[6360] = CNOT 17 32
[6361] = CNOT 17 34
[6362] = S 17
[6363] = CNOT 17 34
[6364] = CNOT 17 36
[6365] = S 17
[6366] = Z 17
[6367] = CNOT 17 36
[6368] = CNOT 17 39
[6369] = S 17
[6370] = CNOT 17 39
[6371] = CNOT 17 42
[6372] = S 17
[6373] = CNOT 17 42
[6374] = CNOT 17 48
[6375] = S 17
[6376] = CNOT 17 48
[6377] = CNOT 17 49
[6378] = S 17
[6379] = Z 17
[6380] = CNOT 17 49
[6381] = CNOT 17 52
[6382] = S 17
[6383] = CNOT 17 52
[6384] = CNOT 17 82
[6385] = S 17
[6386] = CNOT 17 82
[6387] = CNOT 17 22
[6388] = CNOT 17 24
[6389] = CNOT 17 27
[6390] = Z 17
[6391] = CNOT 17 27
[6392] = CNOT 17 34
[6393] = Z 17
[6394] = CNOT 17 34
[6395] = CNOT 17 39
[6396] = Z 17
[6397] = CNOT 17 39
[6398] = CNOT 17 42
[6399] = Z 17
[6400] = CNOT 17 42
[6401] = CNOT 17 48
[6402] = Z 17
[6403] = CNOT 17 48
[6404] = CNOT 17 49
[6405] = Z 17
[6406] = CNOT 17 49
[6407] = CNOT 17 52
[6408] = Z 17
[6409] = CNOT 17 52
[6410] = CNOT 17 82
[6411] = Z 17
[6412] = CNOT 17 82
[6413] = CNOT 17 24
[6414] = CNOT 17 27
[6415] = CNOT 17 28
[6416] = Z 17
[6417] = CNOT 17 28
[6418] = CNOT 17 29
[6419] = Z 17
[6420] = CNOT 17 29
[6421] = CNOT 17 32
[6422] = Z 17
[6423] = CNOT 17 32
[6424] = CNOT 17 33
[6425] = Z 17
[6426] = CNOT 17 33
[6427] = CNOT 17 34
[6428] = S 17
[6429] = Z 17
[6430] = CNOT 17 34
[6431] = CNOT 17 39
[6432] = S 17
[6433] = CNOT 17 39
[6434] = CNOT 17 40
[6435] = S 17
[6436] = CNOT 17 40
[6437] = CNOT 17 41
[6438] = S 17
[6439] = CNOT 17 41
[6440] = CNOT 17 42
[6441] = S 17
[6442] = Z 17
[6443] = CNOT 17 42
[6444] = CNOT 17 44
[6445] = Z 17
[6446] = CNOT 17 44
[6447] = CNOT 17 45
[6448] = Z 17
[6449] = CNOT 17 45
[6450] = CNOT 17 46
[6451] = Z 17
[6452] = CNOT 17 46
[6453] = CNOT 17 48
[6454] = S 17
[6455] = Z 17
[6456] = CNOT 17 48
[6457] = CNOT 17 49
[6458] = Z 17
[6459] = CNOT 17 49
[6460] = CNOT 17 52
[6461] = S 17
[6462] = Z 17
[6463] = CNOT 17 52
[6464] = CNOT 17 53
[6465] = Z 17
[6466] = CNOT 17 53
[6467] = CNOT 17 54
[6468] = Z 17
[6469] = CNOT 17 54
[6470] = CNOT 17 56
[6471] = Z 17
[6472] = CNOT 17 56
[6473] = CNOT 17 61
[6474] = Z 17
[6475] = CNOT 17 61
[6476] = CNOT 17 62
[6477] = Z 17
[6478] = CNOT 17 62
[6479] = CNOT 17 64
[6480] = Z 17
[6481] = CNOT 17 64
[6482] = CNOT 17 69
[6483] = Z 17
[6484] = CNOT 17 69
[6485] = CNOT 17 70
[6486] = Z 17
[6487] = CNOT 17 70
[6488] = CNOT 17 72
[6489] = Z 17
[6490] = CNOT 17 72
[6491] = CNOT 17 77
[6492] = Z 17
[6493] = CNOT 17 77
[6494] = CNOT 17 79
[6495] = Z 17
[6496] = CNOT 17 79
[6497] = CNOT 17 84
[6498] = Z 17
[6499] = CNOT 17 84
[6500] = CNOT 17 27
[6501] = CNOT 17 28
[6502] = CNOT 17 34
[6503] = Z 17
[6504] = CNOT 17 34
[6505] = CNOT 17 39
[6506] = Z 17
[6507] = CNOT 17 39
[6508] = CNOT 17 42
[6509] = Z 17
[6510] = CNOT 17 42
[6511] = CNOT 17 48
[6512] = Z 17
[6513] = CNOT 17 48
[6514] = CNOT 17 52
[6515] = Z 17
[6516] = CNOT 17 52
[6517] = CNOT 17 53
[6518] = Z 17
[6519] = CNOT 17 53
[6520] = CNOT 17 82
[6521] = Z 17
[6522] = CNOT 17 82
[6523] = CNOT 17 28
[6524] = CNOT 17 29
[6525] = CNOT 17 33
[6526] = S 17
[6527] = Z 17
[6528] = CNOT 17 33
[6529] = CNOT 17 34
[6530] = Z 17
[6531] = CNOT 17 34
[6532] = CNOT 17 43
[6533] = Z 17
[6534] = CNOT 17 43
[6535] = CNOT 17 48
[6536] = Z 17
[6537] = CNOT 17 48
[6538] = CNOT 17 52
[6539] = Z 17
[6540] = CNOT 17 52
[6541] = CNOT 17 29
[6542] = CNOT 17 32
[6543] = CNOT 17 34
[6544] = Z 17
[6545] = CNOT 17 34
[6546] = CNOT 17 36
[6547] = S 17
[6548] = Z 17
[6549] = CNOT 17 36
[6550] = CNOT 17 39
[6551] = Z 17
[6552] = CNOT 17 39
[6553] = CNOT 17 42
[6554] = Z 17
[6555] = CNOT 17 42
[6556] = CNOT 17 48
[6557] = Z 17
[6558] = CNOT 17 48
[6559] = CNOT 17 52
[6560] = Z 17
[6561] = CNOT 17 52
[6562] = CNOT 17 82
[6563] = Z 17
[6564] = CNOT 17 82
[6565] = CNOT 17 32
[6566] = CNOT 17 33
[6567] = CNOT 17 34
[6568] = Z 17
[6569] = CNOT 17 34
[6570] = CNOT 17 43
[6571] = Z 17
[6572] = CNOT 17 43
[6573] = CNOT 17 48
[6574] = Z 17
[6575] = CNOT 17 48
[6576] = CNOT 17 52
[6577] = Z 17
[6578] = CNOT 17 52
[6579] = CNOT 17 33
[6580] = CNOT 17 34
[6581] = CNOT 17 39
[6582] = S 17
[6583] = CNOT 17 39
[6584] = CNOT 17 40
[6585] = S 17
[6586] = CNOT 17 40
[6587] = CNOT 17 41
[6588] = S 17
[6589] = CNOT 17 41
[6590] = CNOT 17 42
[6591] = S 17
[6592] = Z 17
[6593] = CNOT 17 42
[6594] = CNOT 17 43
[6595] = S 17
[6596] = Z 17
[6597] = CNOT 17 43
[6598] = CNOT 17 44
[6599] = Z 17
[6600] = CNOT 17 44
[6601] = CNOT 17 45
[6602] = Z 17
[6603] = CNOT 17 45
[6604] = CNOT 17 46
[6605] = Z 17
[6606] = CNOT 17 46
[6607] = CNOT 17 48
[6608] = S 17
[6609] = CNOT 17 48
[6610] = CNOT 17 49
[6611] = Z 17
[6612] = CNOT 17 49
[6613] = CNOT 17 52
[6614] = S 17
[6615] = Z 17
[6616] = CNOT 17 52
[6617] = CNOT 17 53
[6618] = Z 17
[6619] = CNOT 17 53
[6620] = CNOT 17 54
[6621] = Z 17
[6622] = CNOT 17 54
[6623] = CNOT 17 56
[6624] = Z 17
[6625] = CNOT 17 56
[6626] = CNOT 17 61
[6627] = Z 17
[6628] = CNOT 17 61
[6629] = CNOT 17 62
[6630] = Z 17
[6631] = CNOT 17 62
[6632] = CNOT 17 64
[6633] = Z 17
[6634] = CNOT 17 64
[6635] = CNOT 17 69
[6636] = Z 17
[6637] = CNOT 17 69
[6638] = CNOT 17 70
[6639] = Z 17
[6640] = CNOT 17 70
[6641] = CNOT 17 72
[6642] = Z 17
[6643] = CNOT 17 72
[6644] = CNOT 17 77
[6645] = Z 17
[6646] = CNOT 17 77
[6647] = CNOT 17 79
[6648] = Z 17
[6649] = CNOT 17 79
[6650] = CNOT 17 84
[6651] = Z 17
[6652] = CNOT 17 84
[6653] = CNOT 17 34
[6654] = CNOT 17 36
[6655] = CNOT 17 39
[6656] = Z 17
[6657] = CNOT 17 39
[6658] = CNOT 17 41
[6659] = S 17
[6660] = Z 17
[6661] = CNOT 17 41
[6662] = CNOT 17 42
[6663] = S 17
[6664] = CNOT 17 42
[6665] = CNOT 17 43
[6666] = S 17
[6667] = Z 17
[6668] = CNOT 17 43
[6669] = CNOT 17 36
[6670] = CNOT 17 39
[6671] = CNOT 17 41
[6672] = S 17
[6673] = Z 17
[6674] = CNOT 17 41
[6675] = CNOT 17 42
[6676] = S 17
[6677] = CNOT 17 42
[6678] = CNOT 17 45
[6679] = Z 17
[6680] = CNOT 17 45
[6681] = CNOT 17 48
[6682] = S 17
[6683] = CNOT 17 48
[6684] = CNOT 17 49
[6685] = Z 17
[6686] = CNOT 17 49
[6687] = CNOT 17 52
[6688] = S 17
[6689] = CNOT 17 52
[6690] = CNOT 17 53
[6691] = Z 17
[6692] = CNOT 17 53
[6693] = CNOT 17 61
[6694] = Z 17
[6695] = CNOT 17 61
[6696] = CNOT 17 69
[6697] = Z 17
[6698] = CNOT 17 69
[6699] = CNOT 17 82
[6700] = S 17
[6701] = CNOT 17 82
[6702] = CNOT 17 39
[6703] = CNOT 17 40
[6704] = CNOT 17 41
[6705] = S 17
[6706] = Z 17
[6707] = CNOT 17 41
[6708] = CNOT 17 42
[6709] = S 17
[6710] = CNOT 17 42
[6711] = CNOT 17 43
[6712] = S 17
[6713] = Z 17
[6714] = CNOT 17 43
[6715] = CNOT 17 44
[6716] = S 17
[6717] = Z 17
[6718] = CNOT 17 44
[6719] = CNOT 17 46
[6720] = S 17
[6721] = Z 17
[6722] = CNOT 17 46
[6723] = CNOT 17 48
[6724] = S 17
[6725] = CNOT 17 48
[6726] = CNOT 17 52
[6727] = S 17
[6728] = CNOT 17 52
[6729] = CNOT 17 82
[6730] = S 17
[6731] = CNOT 17 82
[6732] = CNOT 17 40
[6733] = CNOT 17 41
[6734] = CNOT 17 42
[6735] = S 17
[6736] = CNOT 17 42
[6737] = CNOT 17 46
[6738] = S 17
[6739] = Z 17
[6740] = CNOT 17 46
[6741] = CNOT 17 48
[6742] = S 17
[6743] = CNOT 17 48
[6744] = CNOT 17 52
[6745] = S 17
[6746] = CNOT 17 52
[6747] = CNOT 17 82
[6748] = S 17
[6749] = CNOT 17 82
[6750] = CNOT 17 41
[6751] = CNOT 17 42
[6752] = CNOT 17 43
[6753] = Z 17
[6754] = CNOT 17 43
[6755] = CNOT 17 44
[6756] = Z 17
[6757] = CNOT 17 44
[6758] = CNOT 17 45
[6759] = Z 17
[6760] = CNOT 17 45
[6761] = CNOT 17 46
[6762] = Z 17
[6763] = CNOT 17 46
[6764] = CNOT 17 48
[6765] = S 17
[6766] = Z 17
[6767] = CNOT 17 48
[6768] = CNOT 17 49
[6769] = Z 17
[6770] = CNOT 17 49
[6771] = CNOT 17 52
[6772] = S 17
[6773] = Z 17
[6774] = CNOT 17 52
[6775] = CNOT 17 53
[6776] = Z 17
[6777] = CNOT 17 53
[6778] = CNOT 17 61
[6779] = Z 17
[6780] = CNOT 17 61
[6781] = CNOT 17 69
[6782] = Z 17
[6783] = CNOT 17 69
[6784] = CNOT 17 82
[6785] = S 17
[6786] = Z 17
[6787] = CNOT 17 82
[6788] = CNOT 17 42
[6789] = CNOT 17 43
[6790] = CNOT 17 44
[6791] = S 17
[6792] = Z 17
[6793] = CNOT 17 44
[6794] = CNOT 17 48
[6795] = S 17
[6796] = Z 17
[6797] = CNOT 17 48
[6798] = CNOT 17 54
[6799] = Z 17
[6800] = CNOT 17 54
[6801] = CNOT 17 56
[6802] = Z 17
[6803] = CNOT 17 56
[6804] = CNOT 17 62
[6805] = Z 17
[6806] = CNOT 17 62
[6807] = CNOT 17 64
[6808] = Z 17
[6809] = CNOT 17 64
[6810] = CNOT 17 70
[6811] = Z 17
[6812] = CNOT 17 70
[6813] = CNOT 17 72
[6814] = Z 17
[6815] = CNOT 17 72
[6816] = CNOT 17 77
[6817] = Z 17
[6818] = CNOT 17 77
[6819] = CNOT 17 79
[6820] = Z 17
[6821] = CNOT 17 79
[6822] = CNOT 17 81
[6823] = S 17
[6824] = CNOT 17 81
[6825] = CNOT 17 84
[6826] = Z 17
[6827] = CNOT 17 84
[6828] = CNOT 17 43
[6829] = CNOT 17 44
[6830] = CNOT 17 48
[6831] = Z 17
[6832] = CNOT 17 48
[6833] = CNOT 17 52
[6834] = Z 17
[6835] = CNOT 17 52
[6836] = CNOT 17 82
[6837] = Z 17
[6838] = CNOT 17 82
[6839] = CNOT 17 44
[6840] = CNOT 17 45
[6841] = CNOT 17 48
[6842] = Z 17
[6843] = CNOT 17 48
[6844] = CNOT 17 52
[6845] = Z 17
[6846] = CNOT 17 52
[6847] = CNOT 17 61
[6848] = S 17
[6849] = Z 17
[6850] = CNOT 17 61
[6851] = CNOT 17 69
[6852] = S 17
[6853] = Z 17
[6854] = CNOT 17 69
[6855] = CNOT 17 82
[6856] = Z 17
[6857] = CNOT 17 82
[6858] = CNOT 17 45
[6859] = CNOT 17 46
[6860] = CNOT 17 48
[6861] = Z 17
[6862] = CNOT 17 48
[6863] = CNOT 17 52
[6864] = Z 17
[6865] = CNOT 17 52
[6866] = CNOT 17 82
[6867] = Z 17
[6868] = CNOT 17 82
[6869] = CNOT 17 46
[6870] = CNOT 17 48
[6871] = CNOT 17 49
[6872] = Z 17
[6873] = CNOT 17 49
[6874] = CNOT 17 52
[6875] = S 17
[6876] = Z 17
[6877] = CNOT 17 52
[6878] = CNOT 17 53
[6879] = Z 17
[6880] = CNOT 17 53
[6881] = CNOT 17 54
[6882] = Z 17
[6883] = CNOT 17 54
[6884] = CNOT 17 56
[6885] = Z 17
[6886] = CNOT 17 56
[6887] = CNOT 17 61
[6888] = Z 17
[6889] = CNOT 17 61
[6890] = CNOT 17 62
[6891] = Z 17
[6892] = CNOT 17 62
[6893] = CNOT 17 64
[6894] = Z 17
[6895] = CNOT 17 64
[6896] = CNOT 17 69
[6897] = Z 17
[6898] = CNOT 17 69
[6899] = CNOT 17 70
[6900] = Z 17
[6901] = CNOT 17 70
[6902] = CNOT 17 72
[6903] = Z 17
[6904] = CNOT 17 72
[6905] = CNOT 17 77
[6906] = Z 17
[6907] = CNOT 17 77
[6908] = CNOT 17 79
[6909] = Z 17
[6910] = CNOT 17 79
[6911] = CNOT 17 84
[6912] = Z 17
[6913] = CNOT 17 84
[6914] = CNOT 17 48
[6915] = CNOT 17 49
[6916] = CNOT 17 52
[6917] = Z 17
[6918] = CNOT 17 52
[6919] = CNOT 17 82
[6920] = Z 17
[6921] = CNOT 17 82
[6922] = CNOT 17 49
[6923] = CNOT 17 52
[6924] = CNOT 17 53
[6925] = Z 17
[6926] = CNOT 17 53
[6927] = CNOT 17 54
[6928] = Z 17
[6929] = CNOT 17 54
[6930] = CNOT 17 56
[6931] = Z 17
[6932] = CNOT 17 56
[6933] = CNOT 17 61
[6934] = Z 17
[6935] = CNOT 17 61
[6936] = CNOT 17 62
[6937] = Z 17
[6938] = CNOT 17 62
[6939] = CNOT 17 64
[6940] = Z 17
[6941] = CNOT 17 64
[6942] = CNOT 17 69
[6943] = Z 17
[6944] = CNOT 17 69
[6945] = CNOT 17 70
[6946] = Z 17
[6947] = CNOT 17 70
[6948] = CNOT 17 72
[6949] = Z 17
[6950] = CNOT 17 72
[6951] = CNOT 17 77
[6952] = Z 17
[6953] = CNOT 17 77
[6954] = CNOT 17 79
[6955] = Z 17
[6956] = CNOT 17 79
[6957] = CNOT 17 84
[6958] = Z 17
[6959] = CNOT 17 84
[6960] = CNOT 17 52
[6961] = CNOT 17 53
[6962] = CNOT 17 82
[6963] = Z 17
[6964] = CNOT 17 82
[6965] = CNOT 17 53
[6966] = CNOT 17 54
[6967] = CNOT 17 62
[6968] = Z 17
[6969] = CNOT 17 62
[6970] = CNOT 17 70
[6971] = Z 17
[6972] = CNOT 17 70
[6973] = CNOT 17 77
[6974] = S 17
[6975] = Z 17
[6976] = CNOT 17 77
[6977] = CNOT 17 84
[6978] = S 17
[6979] = Z 17
[6980] = CNOT 17 84
[6981] = CNOT 17 54
[6982] = CNOT 17 56
[6983] = CNOT 17 64
[6984] = Z 17
[6985] = CNOT 17 64
[6986] = CNOT 17 72
[6987] = Z 17
[6988] = CNOT 17 72
[6989] = CNOT 17 79
[6990] = S 17
[6991] = Z 17
[6992] = CNOT 17 79
[6993] = CNOT 17 81
[6994] = Z 17
[6995] = CNOT 17 81
[6996] = CNOT 17 82
[6997] = S 17
[6998] = Z 17
[6999] = CNOT 17 82
[7000] = CNOT 17 56
[7001] = CNOT 17 61
[7002] = CNOT 17 69
[7003] = Z 17
[7004] = CNOT 17 69
[7005] = CNOT 17 82
[7006] = Z 17
[7007] = CNOT 17 82
[7008] = CNOT 17 61
[7009] = CNOT 17 62
[7010] = CNOT 17 70
[7011] = Z 17
[7012] = CNOT 17 70
[7013] = CNOT 17 77
[7014] = S 17
[7015] = Z 17
[7016] = CNOT 17 77
[7017] = CNOT 17 84
[7018] = S 17
[7019] = Z 17
[7020] = CNOT 17 84
[7021] = CNOT 17 62
[7022] = CNOT 17 64
[7023] = CNOT 17 72
[7024] = Z 17
[7025] = CNOT 17 72
[7026] = CNOT 17 79
[7027] = S 17
[7028] = Z 17
[7029] = CNOT 17 79
[7030] = CNOT 17 81
[7031] = Z 17
[7032] = CNOT 17 81
[7033] = CNOT 17 82
[7034] = S 17
[7035] = Z 17
[7036] = CNOT 17 64
[7037] = CNOT 17 69
[7038] = Z 17
[7039] = CNOT 17 82
[7040] = CNOT 17 69
[7041] = CNOT 17 70
[7042] = CNOT 17 77
[7043] = S 17
[7044] = Z 17
[7045] = CNOT 17 77
[7046] = CNOT 17 84
[7047] = S 17
[7048] = Z 17
[7049] = CNOT 17 84
[7050] = CNOT 17 70
[7051] = CNOT 17 72
[7052] = CNOT 17 79
[7053] = S 17
[7054] = Z 17
[7055] = CNOT 17 79
[7056] = CNOT 17 81
[7057] = Z 17
[7058] = CNOT 17 81
[7059] = CNOT 17 82
[7060] = S 17
[7061] = Z 17
[7062] = CNOT 17 82
[7063] = CNOT 17 72
[7064] = CNOT 17 77
[7065] = CNOT 17 84
[7066] = S 17
[7067] = Z 17
[7068] = CNOT 17 84
[7069] = CNOT 17 77
[7070] = CNOT 17 79
[7071] = CNOT 17 81
[7072] = Z 17
[7073] = CNOT 17 81
[7074] = CNOT 17 82
[7075] = S 17
[7076] = Z 17
[7077] = CNOT 17 79
[7078] = CNOT 17 81
[7079] = Z 17
[7080] = CNOT 17 82
[7081] = CNOT 17 81
[7082] = CNOT 18 27
[7083] = CNOT 18 34
[7084] = Z 18
[7085] = CNOT 18 34
[7086] = CNOT 18 40
[7087] = S 18
[7088] = Z 18
[7089] = CNOT 18 40
[7090] = CNOT 18 41
[7091] = S 18
[7092] = Z 18
[7093] = CNOT 18 41
[7094] = CNOT 18 42
[7095] = Z 18
[7096] = CNOT 18 42
[7097] = CNOT 18 46
[7098] = Z 18
[7099] = CNOT 18 46
[7100] = CNOT 18 48
[7101] = Z 18
[7102] = CNOT 18 48
[7103] = CNOT 18 52
[7104] = Z 18
[7105] = CNOT 18 52
[7106] = CNOT 18 82
[7107] = Z 18
[7108] = CNOT 18 82
[7109] = CNOT 18 27
[7110] = CNOT 18 34
[7111] = CNOT 18 40
[7112] = S 18
[7113] = Z 18
[7114] = CNOT 18 40
[7115] = CNOT 18 41
[7116] = S 18
[7117] = Z 18
[7118] = CNOT 18 41
[7119] = CNOT 18 42
[7120] = Z 18
[7121] = CNOT 18 42
[7122] = CNOT 18 46
[7123] = Z 18
[7124] = CNOT 18 46
[7125] = CNOT 18 48
[7126] = Z 18
[7127] = CNOT 18 48
[7128] = CNOT 18 52
[7129] = Z 18
[7130] = CNOT 18 52
[7131] = CNOT 18 82
[7132] = Z 18
[7133] = CNOT 18 82
[7134] = CNOT 18 34
[7135] = CNOT 18 40
[7136] = CNOT 18 42
[7137] = S 18
[7138] = Z 18
[7139] = CNOT 18 42
[7140] = CNOT 18 46
[7141] = S 18
[7142] = Z 18
[7143] = CNOT 18 46
[7144] = CNOT 18 48
[7145] = S 18
[7146] = Z 18
[7147] = CNOT 18 48
[7148] = CNOT 18 52
[7149] = S 18
[7150] = Z 18
[7151] = CNOT 18 52
[7152] = CNOT 18 82
[7153] = S 18
[7154] = Z 18
[7155] = CNOT 18 82
[7156] = CNOT 18 40
[7157] = CNOT 18 41
[7158] = CNOT 18 42
[7159] = S 18
[7160] = Z 18
[7161] = CNOT 18 42
[7162] = CNOT 18 46
[7163] = S 18
[7164] = Z 18
[7165] = CNOT 18 46
[7166] = CNOT 18 48
[7167] = S 18
[7168] = Z 18
[7169] = CNOT 18 48
[7170] = CNOT 18 52
[7171] = S 18
[7172] = Z 18
[7173] = CNOT 18 52
[7174] = CNOT 18 82
[7175] = S 18
[7176] = Z 18
[7177] = CNOT 18 82
[7178] = CNOT 18 41
[7179] = CNOT 18 42
[7180] = CNOT 18 46
[7181] = Z 18
[7182] = CNOT 18 46
[7183] = CNOT 18 48
[7184] = Z 18
[7185] = CNOT 18 48
[7186] = CNOT 18 52
[7187] = Z 18
[7188] = CNOT 18 52
[7189] = CNOT 18 82
[7190] = Z 18
[7191] = CNOT 18 82
[7192] = CNOT 18 42
[7193] = CNOT 18 46
[7194] = CNOT 18 48
[7195] = Z 18
[7196] = CNOT 18 48
[7197] = CNOT 18 52
[7198] = Z 18
[7199] = CNOT 18 52
[7200] = CNOT 18 82
[7201] = Z 18
[7202] = CNOT 18 82
[7203] = CNOT 18 46
[7204] = CNOT 18 48
[7205] = CNOT 18 52
[7206] = Z 18
[7207] = CNOT 18 52
[7208] = CNOT 18 82
[7209] = Z 18
[7210] = CNOT 18 48
[7211] = CNOT 18 52
[7212] = Z 18
[7213] = CNOT 18 82
[7214] = CNOT 18 52
[7215] = CNOT 19 20
[7216] = CNOT 19 21
[7217] = S 19
[7218] = Z 19
[7219] = CNOT 19 21
[7220] = CNOT 19 22
[7221] = S 19
[7222] = Z 19
[7223] = CNOT 19 22
[7224] = CNOT 19 24
[7225] = S 19
[7226] = Z 19
[7227] = CNOT 19 24
[7228] = CNOT 19 27
[7229] = S 19
[7230] = CNOT 19 27
[7231] = CNOT 19 34
[7232] = S 19
[7233] = CNOT 19 34
[7234] = CNOT 19 39
[7235] = S 19
[7236] = CNOT 19 39
[7237] = CNOT 19 42
[7238] = S 19
[7239] = CNOT 19 42
[7240] = CNOT 19 45
[7241] = S 19
[7242] = Z 19
[7243] = CNOT 19 45
[7244] = CNOT 19 48
[7245] = S 19
[7246] = CNOT 19 48
[7247] = CNOT 19 49
[7248] = S 19
[7249] = Z 19
[7250] = CNOT 19 49
[7251] = CNOT 19 52
[7252] = S 19
[7253] = CNOT 19 52
[7254] = CNOT 19 61
[7255] = S 19
[7256] = Z 19
[7257] = CNOT 19 61
[7258] = CNOT 19 69
[7259] = S 19
[7260] = Z 19
[7261] = CNOT 19 69
[7262] = CNOT 19 82
[7263] = S 19
[7264] = CNOT 19 82
[7265] = CNOT 19 20
[7266] = CNOT 19 21
[7267] = CNOT 19 22
[7268] = S 19
[7269] = Z 19
[7270] = CNOT 19 22
[7271] = CNOT 19 27
[7272] = S 19
[7273] = Z 19
[7274] = CNOT 19 27
[7275] = CNOT 19 34
[7276] = S 19
[7277] = Z 19
[7278] = CNOT 19 34
[7279] = CNOT 19 39
[7280] = S 19
[7281] = Z 19
[7282] = CNOT 19 39
[7283] = CNOT 19 42
[7284] = S 19
[7285] = Z 19
[7286] = CNOT 19 42
[7287] = CNOT 19 48
[7288] = S 19
[7289] = Z 19
[7290] = CNOT 19 48
[7291] = CNOT 19 52
[7292] = S 19
[7293] = Z 19
[7294] = CNOT 19 52
[7295] = CNOT 19 82
[7296] = S 19
[7297] = Z 19
[7298] = CNOT 19 82
[7299] = CNOT 19 21
[7300] = CNOT 19 22
[7301] = CNOT 19 27
[7302] = S 19
[7303] = Z 19
[7304] = CNOT 19 27
[7305] = CNOT 19 34
[7306] = S 19
[7307] = Z 19
[7308] = CNOT 19 34
[7309] = CNOT 19 39
[7310] = S 19
[7311] = Z 19
[7312] = CNOT 19 39
[7313] = CNOT 19 42
[7314] = S 19
[7315] = Z 19
[7316] = CNOT 19 42
[7317] = CNOT 19 48
[7318] = S 19
[7319] = Z 19
[7320] = CNOT 19 48
[7321] = CNOT 19 52
[7322] = S 19
[7323] = Z 19
[7324] = CNOT 19 52
[7325] = CNOT 19 82
[7326] = S 19
[7327] = Z 19
[7328] = CNOT 19 82
[7329] = CNOT 19 22
[7330] = CNOT 19 24
[7331] = CNOT 19 27
[7332] = S 19
[7333] = Z 19
[7334] = CNOT 19 27
[7335] = CNOT 19 34
[7336] = S 19
[7337] = Z 19
[7338] = CNOT 19 34
[7339] = CNOT 19 39
[7340] = S 19
[7341] = Z 19
[7342] = CNOT 19 39
[7343] = CNOT 19 42
[7344] = S 19
[7345] = Z 19
[7346] = CNOT 19 42
[7347] = CNOT 19 48
[7348] = S 19
[7349] = Z 19
[7350] = CNOT 19 48
[7351] = CNOT 19 49
[7352] = S 19
[7353] = Z 19
[7354] = CNOT 19 49
[7355] = CNOT 19 52
[7356] = S 19
[7357] = Z 19
[7358] = CNOT 19 52
[7359] = CNOT 19 82
[7360] = S 19
[7361] = Z 19
[7362] = CNOT 19 82
[7363] = CNOT 19 24
[7364] = CNOT 19 27
[7365] = CNOT 19 28
[7366] = S 19
[7367] = Z 19
[7368] = CNOT 19 28
[7369] = CNOT 19 45
[7370] = S 19
[7371] = Z 19
[7372] = CNOT 19 45
[7373] = CNOT 19 49
[7374] = S 19
[7375] = Z 19
[7376] = CNOT 19 49
[7377] = CNOT 19 53
[7378] = S 19
[7379] = Z 19
[7380] = CNOT 19 53
[7381] = CNOT 19 61
[7382] = S 19
[7383] = Z 19
[7384] = CNOT 19 61
[7385] = CNOT 19 69
[7386] = S 19
[7387] = Z 19
[7388] = CNOT 19 69
[7389] = CNOT 19 27
[7390] = CNOT 19 28
[7391] = CNOT 19 34
[7392] = S 19
[7393] = Z 19
[7394] = CNOT 19 34
[7395] = CNOT 19 39
[7396] = S 19
[7397] = Z 19
[7398] = CNOT 19 39
[7399] = CNOT 19 42
[7400] = S 19
[7401] = Z 19
[7402] = CNOT 19 42
[7403] = CNOT 19 48
[7404] = S 19
[7405] = Z 19
[7406] = CNOT 19 48
[7407] = CNOT 19 52
[7408] = S 19
[7409] = Z 19
[7410] = CNOT 19 52
[7411] = CNOT 19 53
[7412] = S 19
[7413] = Z 19
[7414] = CNOT 19 53
[7415] = CNOT 19 82
[7416] = S 19
[7417] = Z 19
[7418] = CNOT 19 82
[7419] = CNOT 19 28
[7420] = CNOT 19 34
[7421] = CNOT 19 45
[7422] = S 19
[7423] = Z 19
[7424] = CNOT 19 45
[7425] = CNOT 19 49
[7426] = S 19
[7427] = Z 19
[7428] = CNOT 19 49
[7429] = CNOT 19 53
[7430] = S 19
[7431] = Z 19
[7432] = CNOT 19 53
[7433] = CNOT 19 61
[7434] = S 19
[7435] = Z 19
[7436] = CNOT 19 61
[7437] = CNOT 19 69
[7438] = S 19
[7439] = Z 19
[7440] = CNOT 19 69
[7441] = CNOT 19 34
[7442] = CNOT 19 39
[7443] = CNOT 19 45
[7444] = S 19
[7445] = Z 19
[7446] = CNOT 19 45
[7447] = CNOT 19 49
[7448] = S 19
[7449] = Z 19
[7450] = CNOT 19 49
[7451] = CNOT 19 53
[7452] = S 19
[7453] = Z 19
[7454] = CNOT 19 53
[7455] = CNOT 19 61
[7456] = S 19
[7457] = Z 19
[7458] = CNOT 19 61
[7459] = CNOT 19 69
[7460] = S 19
[7461] = Z 19
[7462] = CNOT 19 69
[7463] = CNOT 19 39
[7464] = CNOT 19 42
[7465] = CNOT 19 45
[7466] = S 19
[7467] = Z 19
[7468] = CNOT 19 45
[7469] = CNOT 19 49
[7470] = S 19
[7471] = Z 19
[7472] = CNOT 19 49
[7473] = CNOT 19 53
[7474] = S 19
[7475] = Z 19
[7476] = CNOT 19 53
[7477] = CNOT 19 61
[7478] = S 19
[7479] = Z 19
[7480] = CNOT 19 61
[7481] = CNOT 19 69
[7482] = S 19
[7483] = Z 19
[7484] = CNOT 19 69
[7485] = CNOT 19 42
[7486] = CNOT 19 45
[7487] = CNOT 19 48
[7488] = S 19
[7489] = Z 19
[7490] = CNOT 19 48
[7491] = CNOT 19 52
[7492] = S 19
[7493] = Z 19
[7494] = CNOT 19 52
[7495] = CNOT 19 82
[7496] = S 19
[7497] = Z 19
[7498] = CNOT 19 82
[7499] = CNOT 19 45
[7500] = CNOT 19 48
[7501] = CNOT 19 49
[7502] = S 19
[7503] = Z 19
[7504] = CNOT 19 49
[7505] = CNOT 19 53
[7506] = S 19
[7507] = Z 19
[7508] = CNOT 19 53
[7509] = CNOT 19 61
[7510] = S 19
[7511] = Z 19
[7512] = CNOT 19 61
[7513] = CNOT 19 69
[7514] = S 19
[7515] = Z 19
[7516] = CNOT 19 69
[7517] = CNOT 19 48
[7518] = CNOT 19 49
[7519] = CNOT 19 52
[7520] = S 19
[7521] = Z 19
[7522] = CNOT 19 52
[7523] = CNOT 19 82
[7524] = S 19
[7525] = Z 19
[7526] = CNOT 19 82
[7527] = CNOT 19 49
[7528] = CNOT 19 52
[7529] = CNOT 19 53
[7530] = S 19
[7531] = Z 19
[7532] = CNOT 19 53
[7533] = CNOT 19 61
[7534] = S 19
[7535] = Z 19
[7536] = CNOT 19 61
[7537] = CNOT 19 69
[7538] = S 19
[7539] = Z 19
[7540] = CNOT 19 69
[7541] = CNOT 19 52
[7542] = CNOT 19 53
[7543] = CNOT 19 82
[7544] = S 19
[7545] = Z 19
[7546] = CNOT 19 82
[7547] = CNOT 19 53
[7548] = CNOT 19 61
[7549] = CNOT 19 69
[7550] = S 19
[7551] = Z 19
[7552] = CNOT 19 69
[7553] = CNOT 19 82
[7554] = S 19
[7555] = Z 19
[7556] = CNOT 19 61
[7557] = CNOT 19 69
[7558] = S 19
[7559] = Z 19
[7560] = CNOT 19 82
[7561] = CNOT 19 69
[7562] = CNOT 20 21
[7563] = CNOT 20 22
[7564] = S 20
[7565] = Z 20
[7566] = CNOT 20 22
[7567] = CNOT 20 27
[7568] = S 20
[7569] = Z 20
[7570] = CNOT 20 27
[7571] = CNOT 20 34
[7572] = S 20
[7573] = Z 20
[7574] = CNOT 20 34
[7575] = CNOT 20 39
[7576] = S 20
[7577] = Z 20
[7578] = CNOT 20 39
[7579] = CNOT 20 42
[7580] = S 20
[7581] = Z 20
[7582] = CNOT 20 42
[7583] = CNOT 20 48
[7584] = S 20
[7585] = Z 20
[7586] = CNOT 20 48
[7587] = CNOT 20 52
[7588] = S 20
[7589] = Z 20
[7590] = CNOT 20 52
[7591] = CNOT 20 82
[7592] = S 20
[7593] = Z 20
[7594] = CNOT 20 82
[7595] = CNOT 20 21
[7596] = CNOT 20 22
[7597] = CNOT 20 27
[7598] = S 20
[7599] = Z 20
[7600] = CNOT 20 27
[7601] = CNOT 20 34
[7602] = S 20
[7603] = Z 20
[7604] = CNOT 20 34
[7605] = CNOT 20 39
[7606] = S 20
[7607] = Z 20
[7608] = CNOT 20 39
[7609] = CNOT 20 42
[7610] = S 20
[7611] = Z 20
[7612] = CNOT 20 42
[7613] = CNOT 20 48
[7614] = S 20
[7615] = Z 20
[7616] = CNOT 20 48
[7617] = CNOT 20 52
[7618] = S 20
[7619] = Z 20
[7620] = CNOT 20 52
[7621] = CNOT 20 82
[7622] = S 20
[7623] = Z 20
[7624] = CNOT 20 82
[7625] = CNOT 20 22
[7626] = CNOT 20 24
[7627] = CNOT 20 27
[7628] = S 20
[7629] = Z 20
[7630] = CNOT 20 27
[7631] = CNOT 20 34
[7632] = S 20
[7633] = Z 20
[7634] = CNOT 20 34
[7635] = CNOT 20 39
[7636] = S 20
[7637] = Z 20
[7638] = CNOT 20 39
[7639] = CNOT 20 42
[7640] = S 20
[7641] = Z 20
[7642] = CNOT 20 42
[7643] = CNOT 20 48
[7644] = S 20
[7645] = Z 20
[7646] = CNOT 20 48
[7647] = CNOT 20 49
[7648] = S 20
[7649] = Z 20
[7650] = CNOT 20 49
[7651] = CNOT 20 52
[7652] = S 20
[7653] = Z 20
[7654] = CNOT 20 52
[7655] = CNOT 20 82
[7656] = S 20
[7657] = Z 20
[7658] = CNOT 20 82
[7659] = CNOT 20 24
[7660] = CNOT 20 27
[7661] = CNOT 20 28
[7662] = S 20
[7663] = Z 20
[7664] = CNOT 20 28
[7665] = CNOT 20 45
[7666] = S 20
[7667] = Z 20
[7668] = CNOT 20 45
[7669] = CNOT 20 49
[7670] = S 20
[7671] = Z 20
[7672] = CNOT 20 49
[7673] = CNOT 20 53
[7674] = S 20
[7675] = Z 20
[7676] = CNOT 20 53
[7677] = CNOT 20 61
[7678] = S 20
[7679] = Z 20
[7680] = CNOT 20 61
[7681] = CNOT 20 69
[7682] = S 20
[7683] = Z 20
[7684] = CNOT 20 69
[7685] = CNOT 20 27
[7686] = CNOT 20 28
[7687] = CNOT 20 34
[7688] = S 20
[7689] = Z 20
[7690] = CNOT 20 34
[7691] = CNOT 20 39
[7692] = S 20
[7693] = Z 20
[7694] = CNOT 20 39
[7695] = CNOT 20 42
[7696] = S 20
[7697] = Z 20
[7698] = CNOT 20 42
[7699] = CNOT 20 48
[7700] = S 20
[7701] = Z 20
[7702] = CNOT 20 48
[7703] = CNOT 20 52
[7704] = S 20
[7705] = Z 20
[7706] = CNOT 20 52
[7707] = CNOT 20 53
[7708] = S 20
[7709] = Z 20
[7710] = CNOT 20 53
[7711] = CNOT 20 82
[7712] = S 20
[7713] = Z 20
[7714] = CNOT 20 82
[7715] = CNOT 20 28
[7716] = CNOT 20 34
[7717] = CNOT 20 45
[7718] = S 20
[7719] = Z 20
[7720] = CNOT 20 45
[7721] = CNOT 20 49
[7722] = S 20
[7723] = Z 20
[7724] = CNOT 20 49
[7725] = CNOT 20 53
[7726] = S 20
[7727] = Z 20
[7728] = CNOT 20 53
[7729] = CNOT 20 61
[7730] = S 20
[7731] = Z 20
[7732] = CNOT 20 61
[7733] = CNOT 20 69
[7734] = S 20
[7735] = Z 20
[7736] = CNOT 20 69
[7737] = CNOT 20 34
[7738] = CNOT 20 39
[7739] = CNOT 20 45
[7740] = S 20
[7741] = Z 20
[7742] = CNOT 20 45
[7743] = CNOT 20 49
[7744] = S 20
[7745] = Z 20
[7746] = CNOT 20 49
[7747] = CNOT 20 53
[7748] = S 20
[7749] = Z 20
[7750] = CNOT 20 53
[7751] = CNOT 20 61
[7752] = S 20
[7753] = Z 20
[7754] = CNOT 20 61
[7755] = CNOT 20 69
[7756] = S 20
[7757] = Z 20
[7758] = CNOT 20 69
[7759] = CNOT 20 39
[7760] = CNOT 20 42
[7761] = CNOT 20 45
[7762] = S 20
[7763] = Z 20
[7764] = CNOT 20 45
[7765] = CNOT 20 49
[7766] = S 20
[7767] = Z 20
[7768] = CNOT 20 49
[7769] = CNOT 20 53
[7770] = S 20
[7771] = Z 20
[7772] = CNOT 20 53
[7773] = CNOT 20 61
[7774] = S 20
[7775] = Z 20
[7776] = CNOT 20 61
[7777] = CNOT 20 69
[7778] = S 20
[7779] = Z 20
[7780] = CNOT 20 69
[7781] = CNOT 20 42
[7782] = CNOT 20 45
[7783] = CNOT 20 48
[7784] = S 20
[7785] = Z 20
[7786] = CNOT 20 48
[7787] = CNOT 20 52
[7788] = S 20
[7789] = Z 20
[7790] = CNOT 20 52
[7791] = CNOT 20 61
[7792] = S 20
[7793] = Z 20
[7794] = CNOT 20 61
[7795] = CNOT 20 69
[7796] = S 20
[7797] = Z 20
[7798] = CNOT 20 69
[7799] = CNOT 20 82
[7800] = S 20
[7801] = Z 20
[7802] = CNOT 20 82
[7803] = CNOT 20 45
[7804] = CNOT 20 48
[7805] = CNOT 20 49
[7806] = S 20
[7807] = Z 20
[7808] = CNOT 20 49
[7809] = CNOT 20 53
[7810] = S 20
[7811] = Z 20
[7812] = CNOT 20 53
[7813] = CNOT 20 61
[7814] = S 20
[7815] = Z 20
[7816] = CNOT 20 61
[7817] = CNOT 20 69
[7818] = S 20
[7819] = Z 20
[7820] = CNOT 20 69
[7821] = CNOT 20 48
[7822] = CNOT 20 49
[7823] = CNOT 20 52
[7824] = S 20
[7825] = Z 20
[7826] = CNOT 20 52
[7827] = CNOT 20 82
[7828] = S 20
[7829] = Z 20
[7830] = CNOT 20 82
[7831] = CNOT 20 49
[7832] = CNOT 20 52
[7833] = CNOT 20 53
[7834] = S 20
[7835] = Z 20
[7836] = CNOT 20 53
[7837] = CNOT 20 61
[7838] = S 20
[7839] = Z 20
[7840] = CNOT 20 61
[7841] = CNOT 20 69
[7842] = S 20
[7843] = Z 20
[7844] = CNOT 20 69
[7845] = CNOT 20 52
[7846] = CNOT 20 53
[7847] = CNOT 20 82
[7848] = S 20
[7849] = Z 20
[7850] = CNOT 20 82
[7851] = CNOT 20 53
[7852] = CNOT 20 57
[7853] = CNOT 20 61
[7854] = S 20
[7855] = Z 20
[7856] = CNOT 20 57
[7857] = CNOT 20 69
[7858] = S 20
[7859] = Z 20
[7860] = CNOT 20 69
[7861] = CNOT 20 82
[7862] = S 20
[7863] = Z 20
[7864] = CNOT 20 61
[7865] = CNOT 20 69
[7866] = S 20
[7867] = Z 20
[7868] = CNOT 20 82
[7869] = CNOT 20 69
[7870] = CNOT 21 22
[7871] = CNOT 21 24
[7872] = S 21
[7873] = Z 21
[7874] = CNOT 21 24
[7875] = CNOT 21 27
[7876] = S 21
[7877] = CNOT 21 27
[7878] = CNOT 21 32
[7879] = S 21
[7880] = Z 21
[7881] = CNOT 21 32
[7882] = CNOT 21 34
[7883] = S 21
[7884] = CNOT 21 34
[7885] = CNOT 21 36
[7886] = S 21
[7887] = Z 21
[7888] = CNOT 21 36
[7889] = CNOT 21 39
[7890] = S 21
[7891] = CNOT 21 39
[7892] = CNOT 21 42
[7893] = S 21
[7894] = CNOT 21 42
[7895] = CNOT 21 48
[7896] = S 21
[7897] = CNOT 21 48
[7898] = CNOT 21 49
[7899] = S 21
[7900] = Z 21
[7901] = CNOT 21 49
[7902] = CNOT 21 52
[7903] = S 21
[7904] = CNOT 21 52
[7905] = CNOT 21 82
[7906] = S 21
[7907] = CNOT 21 82
[7908] = CNOT 21 22
[7909] = CNOT 21 24
[7910] = CNOT 21 27
[7911] = S 21
[7912] = Z 21
[7913] = CNOT 21 27
[7914] = CNOT 21 32
[7915] = S 21
[7916] = CNOT 21 32
[7917] = CNOT 21 34
[7918] = S 21
[7919] = Z 21
[7920] = CNOT 21 34
[7921] = CNOT 21 39
[7922] = S 21
[7923] = Z 21
[7924] = CNOT 21 39
[7925] = CNOT 21 42
[7926] = S 21
[7927] = Z 21
[7928] = CNOT 21 42
[7929] = CNOT 21 48
[7930] = S 21
[7931] = Z 21
[7932] = CNOT 21 48
[7933] = CNOT 21 49
[7934] = S 21
[7935] = Z 21
[7936] = CNOT 21 49
[7937] = CNOT 21 52
[7938] = S 21
[7939] = Z 21
[7940] = CNOT 21 52
[7941] = CNOT 21 82
[7942] = S 21
[7943] = Z 21
[7944] = CNOT 21 82
[7945] = CNOT 21 24
[7946] = CNOT 21 27
[7947] = CNOT 21 32
[7948] = S 21
[7949] = Z 21
[7950] = CNOT 21 32
[7951] = CNOT 21 34
[7952] = S 21
[7953] = CNOT 21 34
[7954] = CNOT 21 36
[7955] = S 21
[7956] = Z 21
[7957] = CNOT 21 36
[7958] = CNOT 21 39
[7959] = S 21
[7960] = CNOT 21 39
[7961] = CNOT 21 42
[7962] = S 21
[7963] = CNOT 21 42
[7964] = CNOT 21 48
[7965] = S 21
[7966] = CNOT 21 48
[7967] = CNOT 21 49
[7968] = S 21
[7969] = Z 21
[7970] = CNOT 21 49
[7971] = CNOT 21 52
[7972] = S 21
[7973] = CNOT 21 52
[7974] = CNOT 21 82
[7975] = S 21
[7976] = CNOT 21 82
[7977] = CNOT 21 27
[7978] = CNOT 21 32
[7979] = CNOT 21 34
[7980] = S 21
[7981] = Z 21
[7982] = CNOT 21 34
[7983] = CNOT 21 39
[7984] = S 21
[7985] = Z 21
[7986] = CNOT 21 39
[7987] = CNOT 21 42
[7988] = S 21
[7989] = Z 21
[7990] = CNOT 21 42
[7991] = CNOT 21 48
[7992] = S 21
[7993] = Z 21
[7994] = CNOT 21 48
[7995] = CNOT 21 49
[7996] = S 21
[7997] = CNOT 21 49
[7998] = CNOT 21 52
[7999] = S 21
[8000] = Z 21
[8001] = CNOT 21 52
[8002] = CNOT 21 82
[8003] = S 21
[8004] = Z 21
[8005] = CNOT 21 82
[8006] = CNOT 21 32
[8007] = CNOT 21 34
[8008] = CNOT 21 36
[8009] = S 21
[8010] = Z 21
[8011] = CNOT 21 36
[8012] = CNOT 21 39
[8013] = S 21
[8014] = CNOT 21 39
[8015] = CNOT 21 42
[8016] = S 21
[8017] = CNOT 21 42
[8018] = CNOT 21 48
[8019] = S 21
[8020] = CNOT 21 48
[8021] = CNOT 21 49
[8022] = S 21
[8023] = Z 21
[8024] = CNOT 21 49
[8025] = CNOT 21 52
[8026] = S 21
[8027] = CNOT 21 52
[8028] = CNOT 21 82
[8029] = S 21
[8030] = CNOT 21 82
[8031] = CNOT 21 34
[8032] = CNOT 21 36
[8033] = CNOT 21 39
[8034] = S 21
[8035] = Z 21
[8036] = CNOT 21 39
[8037] = CNOT 21 42
[8038] = S 21
[8039] = Z 21
[8040] = CNOT 21 42
[8041] = CNOT 21 48
[8042] = S 21
[8043] = Z 21
[8044] = CNOT 21 48
[8045] = CNOT 21 52
[8046] = S 21
[8047] = Z 21
[8048] = CNOT 21 52
[8049] = CNOT 21 82
[8050] = S 21
[8051] = Z 21
[8052] = CNOT 21 82
[8053] = CNOT 21 36
[8054] = CNOT 21 39
[8055] = CNOT 21 42
[8056] = S 21
[8057] = CNOT 21 42
[8058] = CNOT 21 48
[8059] = S 21
[8060] = CNOT 21 48
[8061] = CNOT 21 49
[8062] = S 21
[8063] = Z 21
[8064] = CNOT 21 49
[8065] = CNOT 21 52
[8066] = S 21
[8067] = CNOT 21 52
[8068] = CNOT 21 82
[8069] = S 21
[8070] = CNOT 21 82
[8071] = CNOT 21 39
[8072] = CNOT 21 42
[8073] = CNOT 21 48
[8074] = S 21
[8075] = CNOT 21 48
[8076] = CNOT 21 49
[8077] = S 21
[8078] = Z 21
[8079] = CNOT 21 49
[8080] = CNOT 21 52
[8081] = S 21
[8082] = CNOT 21 52
[8083] = CNOT 21 82
[8084] = S 21
[8085] = CNOT 21 82
[8086] = CNOT 21 42
[8087] = CNOT 21 48
[8088] = CNOT 21 49
[8089] = S 21
[8090] = Z 21
[8091] = CNOT 21 49
[8092] = CNOT 21 52
[8093] = S 21
[8094] = CNOT 21 52
[8095] = CNOT 21 82
[8096] = S 21
[8097] = CNOT 21 82
[8098] = CNOT 21 48
[8099] = CNOT 21 49
[8100] = CNOT 21 52
[8101] = S 21
[8102] = Z 21
[8103] = CNOT 21 52
[8104] = CNOT 21 82
[8105] = S 21
[8106] = Z 21
[8107] = CNOT 21 49
[8108] = CNOT 21 52
[8109] = S 21
[8110] = CNOT 21 82
[8111] = CNOT 21 52
[8112] = CNOT 22 23
[8113] = CNOT 22 36
[8114] = S 22
[8115] = Z 22
[8116] = CNOT 22 36
[8117] = CNOT 22 23
[8118] = CNOT 22 24
[8119] = CNOT 22 27
[8120] = S 22
[8121] = Z 22
[8122] = CNOT 22 27
[8123] = CNOT 22 32
[8124] = S 22
[8125] = CNOT 22 32
[8126] = CNOT 22 34
[8127] = S 22
[8128] = Z 22
[8129] = CNOT 22 34
[8130] = CNOT 22 39
[8131] = S 22
[8132] = Z 22
[8133] = CNOT 22 39
[8134] = CNOT 22 42
[8135] = S 22
[8136] = Z 22
[8137] = CNOT 22 42
[8138] = CNOT 22 48
[8139] = S 22
[8140] = Z 22
[8141] = CNOT 22 48
[8142] = CNOT 22 49
[8143] = S 22
[8144] = Z 22
[8145] = CNOT 22 49
[8146] = CNOT 22 52
[8147] = S 22
[8148] = Z 22
[8149] = CNOT 22 52
[8150] = CNOT 22 82
[8151] = S 22
[8152] = Z 22
[8153] = CNOT 22 82
[8154] = CNOT 22 24
[8155] = CNOT 22 27
[8156] = CNOT 22 32
[8157] = S 22
[8158] = Z 22
[8159] = CNOT 22 32
[8160] = CNOT 22 34
[8161] = S 22
[8162] = CNOT 22 34
[8163] = CNOT 22 36
[8164] = S 22
[8165] = Z 22
[8166] = CNOT 22 36
[8167] = CNOT 22 39
[8168] = S 22
[8169] = CNOT 22 39
[8170] = CNOT 22 42
[8171] = S 22
[8172] = CNOT 22 42
[8173] = CNOT 22 48
[8174] = S 22
[8175] = CNOT 22 48
[8176] = CNOT 22 49
[8177] = S 22
[8178] = Z 22
[8179] = CNOT 22 49
[8180] = CNOT 22 52
[8181] = S 22
[8182] = CNOT 22 52
[8183] = CNOT 22 82
[8184] = S 22
[8185] = CNOT 22 82
[8186] = CNOT 22 27
[8187] = CNOT 22 32
[8188] = CNOT 22 34
[8189] = S 22
[8190] = Z 22
[8191] = CNOT 22 34
[8192] = CNOT 22 39
[8193] = S 22
[8194] = Z 22
[8195] = CNOT 22 39
[8196] = CNOT 22 42
[8197] = S 22
[8198] = Z 22
[8199] = CNOT 22 42
[8200] = CNOT 22 48
[8201] = S 22
[8202] = Z 22
[8203] = CNOT 22 48
[8204] = CNOT 22 49
[8205] = S 22
[8206] = CNOT 22 49
[8207] = CNOT 22 52
[8208] = S 22
[8209] = Z 22
[8210] = CNOT 22 52
[8211] = CNOT 22 82
[8212] = S 22
[8213] = Z 22
[8214] = CNOT 22 82
[8215] = CNOT 22 32
[8216] = CNOT 22 34
[8217] = CNOT 22 36
[8218] = S 22
[8219] = Z 22
[8220] = CNOT 22 36
[8221] = CNOT 22 39
[8222] = S 22
[8223] = CNOT 22 39
[8224] = CNOT 22 42
[8225] = S 22
[8226] = CNOT 22 42
[8227] = CNOT 22 48
[8228] = S 22
[8229] = CNOT 22 48
[8230] = CNOT 22 49
[8231] = S 22
[8232] = Z 22
[8233] = CNOT 22 49
[8234] = CNOT 22 52
[8235] = S 22
[8236] = CNOT 22 52
[8237] = CNOT 22 82
[8238] = S 22
[8239] = CNOT 22 82
[8240] = CNOT 22 34
[8241] = CNOT 22 36
[8242] = CNOT 22 39
[8243] = S 22
[8244] = Z 22
[8245] = CNOT 22 39
[8246] = CNOT 22 42
[8247] = S 22
[8248] = Z 22
[8249] = CNOT 22 42
[8250] = CNOT 22 48
[8251] = S 22
[8252] = Z 22
[8253] = CNOT 22 48
[8254] = CNOT 22 52
[8255] = S 22
[8256] = Z 22
[8257] = CNOT 22 52
[8258] = CNOT 22 82
[8259] = S 22
[8260] = Z 22
[8261] = CNOT 22 82
[8262] = CNOT 22 36
[8263] = CNOT 22 39
[8264] = CNOT 22 42
[8265] = S 22
[8266] = CNOT 22 42
[8267] = CNOT 22 48
[8268] = S 22
[8269] = CNOT 22 48
[8270] = CNOT 22 49
[8271] = S 22
[8272] = Z 22
[8273] = CNOT 22 49
[8274] = CNOT 22 52
[8275] = S 22
[8276] = CNOT 22 52
[8277] = CNOT 22 82
[8278] = S 22
[8279] = CNOT 22 82
[8280] = CNOT 22 39
[8281] = CNOT 22 42
[8282] = CNOT 22 48
[8283] = S 22
[8284] = CNOT 22 48
[8285] = CNOT 22 49
[8286] = S 22
[8287] = Z 22
[8288] = CNOT 22 49
[8289] = CNOT 22 52
[8290] = S 22
[8291] = CNOT 22 52
[8292] = CNOT 22 82
[8293] = S 22
[8294] = CNOT 22 82
[8295] = CNOT 22 42
[8296] = CNOT 22 48
[8297] = CNOT 22 49
[8298] = S 22
[8299] = Z 22
[8300] = CNOT 22 49
[8301] = CNOT 22 52
[8302] = S 22
[8303] = CNOT 22 52
[8304] = CNOT 22 82
[8305] = S 22
[8306] = CNOT 22 82
[8307] = CNOT 22 48
[8308] = CNOT 22 49
[8309] = CNOT 22 52
[8310] = S 22
[8311] = Z 22
[8312] = CNOT 22 52
[8313] = CNOT 22 82
[8314] = S 22
[8315] = Z 22
[8316] = CNOT 22 49
[8317] = CNOT 22 52
[8318] = S 22
[8319] = CNOT 22 82
[8320] = CNOT 22 52
[8321] = CNOT 24 27
[8322] = CNOT 24 34
[8323] = Z 24
[8324] = CNOT 24 34
[8325] = CNOT 24 39
[8326] = Z 24
[8327] = CNOT 24 39
[8328] = CNOT 24 42
[8329] = Z 24
[8330] = CNOT 24 42
[8331] = CNOT 24 48
[8332] = Z 24
[8333] = CNOT 24 48
[8334] = CNOT 24 49
[8335] = Z 24
[8336] = CNOT 24 49
[8337] = CNOT 24 52
[8338] = Z 24
[8339] = CNOT 24 52
[8340] = CNOT 24 82
[8341] = Z 24
[8342] = CNOT 24 82
[8343] = CNOT 24 27
[8344] = CNOT 24 34
[8345] = CNOT 24 39
[8346] = Z 24
[8347] = CNOT 24 39
[8348] = CNOT 24 42
[8349] = Z 24
[8350] = CNOT 24 42
[8351] = CNOT 24 48
[8352] = Z 24
[8353] = CNOT 24 48
[8354] = CNOT 24 49
[8355] = Z 24
[8356] = CNOT 24 49
[8357] = CNOT 24 52
[8358] = Z 24
[8359] = CNOT 24 52
[8360] = CNOT 24 82
[8361] = Z 24
[8362] = CNOT 24 82
[8363] = CNOT 24 34
[8364] = CNOT 24 39
[8365] = CNOT 24 42
[8366] = Z 24
[8367] = CNOT 24 42
[8368] = CNOT 24 48
[8369] = Z 24
[8370] = CNOT 24 48
[8371] = CNOT 24 49
[8372] = Z 24
[8373] = CNOT 24 49
[8374] = CNOT 24 52
[8375] = Z 24
[8376] = CNOT 24 52
[8377] = CNOT 24 82
[8378] = Z 24
[8379] = CNOT 24 82
[8380] = CNOT 24 39
[8381] = CNOT 24 42
[8382] = CNOT 24 48
[8383] = Z 24
[8384] = CNOT 24 48
[8385] = CNOT 24 49
[8386] = Z 24
[8387] = CNOT 24 49
[8388] = CNOT 24 52
[8389] = Z 24
[8390] = CNOT 24 52
[8391] = CNOT 24 82
[8392] = Z 24
[8393] = CNOT 24 82
[8394] = CNOT 24 42
[8395] = CNOT 24 48
[8396] = CNOT 24 49
[8397] = Z 24
[8398] = CNOT 24 49
[8399] = CNOT 24 52
[8400] = Z 24
[8401] = CNOT 24 52
[8402] = CNOT 24 82
[8403] = Z 24
[8404] = CNOT 24 82
[8405] = CNOT 24 48
[8406] = CNOT 24 49
[8407] = CNOT 24 52
[8408] = Z 24
[8409] = CNOT 24 52
[8410] = CNOT 24 82
[8411] = Z 24
[8412] = CNOT 24 49
[8413] = CNOT 24 52
[8414] = Z 24
[8415] = CNOT 24 82
[8416] = CNOT 24 52
[8417] = CNOT 25 30
[8418] = CNOT 25 34
[8419] = Z 25
[8420] = CNOT 25 34
[8421] = CNOT 25 50
[8422] = Z 25
[8423] = CNOT 25 50
[8424] = CNOT 25 58
[8425] = Z 25
[8426] = CNOT 25 58
[8427] = CNOT 25 66
[8428] = Z 25
[8429] = CNOT 25 66
[8430] = CNOT 25 74
[8431] = Z 25
[8432] = CNOT 25 74
[8433] = CNOT 25 90
[8434] = Z 25
[8435] = CNOT 25 90
[8436] = CNOT 25 30
[8437] = CNOT 25 34
[8438] = CNOT 25 50
[8439] = Z 25
[8440] = CNOT 25 50
[8441] = CNOT 25 58
[8442] = Z 25
[8443] = CNOT 25 58
[8444] = CNOT 25 66
[8445] = Z 25
[8446] = CNOT 25 66
[8447] = CNOT 25 74
[8448] = Z 25
[8449] = CNOT 25 74
[8450] = CNOT 25 90
[8451] = Z 25
[8452] = CNOT 25 90
[8453] = CNOT 25 34
[8454] = CNOT 25 50
[8455] = CNOT 25 58
[8456] = Z 25
[8457] = CNOT 25 58
[8458] = CNOT 25 66
[8459] = Z 25
[8460] = CNOT 25 66
[8461] = CNOT 25 74
[8462] = Z 25
[8463] = CNOT 25 74
[8464] = CNOT 25 90
[8465] = Z 25
[8466] = CNOT 25 90
[8467] = CNOT 25 50
[8468] = CNOT 25 58
[8469] = CNOT 25 66
[8470] = Z 25
[8471] = CNOT 25 66
[8472] = CNOT 25 74
[8473] = Z 25
[8474] = CNOT 25 74
[8475] = CNOT 25 90
[8476] = Z 25
[8477] = CNOT 25 90
[8478] = CNOT 25 58
[8479] = CNOT 25 66
[8480] = CNOT 25 74
[8481] = Z 25
[8482] = CNOT 25 74
[8483] = CNOT 25 90
[8484] = Z 25
[8485] = CNOT 25 66
[8486] = CNOT 25 74
[8487] = Z 25
[8488] = CNOT 25 90
[8489] = CNOT 25 74
[8490] = CNOT 26 51
[8491] = CNOT 26 59
[8492] = Z 26
[8493] = CNOT 26 59
[8494] = CNOT 26 67
[8495] = Z 26
[8496] = CNOT 26 67
[8497] = CNOT 26 80
[8498] = Z 26
[8499] = CNOT 26 80
[8500] = CNOT 26 51
[8501] = CNOT 26 59
[8502] = CNOT 26 67
[8503] = Z 26
[8504] = CNOT 26 67
[8505] = CNOT 26 80
[8506] = Z 26
[8507] = CNOT 26 59
[8508] = CNOT 26 67
[8509] = Z 26
[8510] = CNOT 26 80
[8511] = CNOT 26 67
[8512] = CNOT 27 28
[8513] = CNOT 27 34
[8514] = Z 27
[8515] = CNOT 27 34
[8516] = CNOT 27 39
[8517] = Z 27
[8518] = CNOT 27 39
[8519] = CNOT 27 42
[8520] = Z 27
[8521] = CNOT 27 42
[8522] = CNOT 27 48
[8523] = Z 27
[8524] = CNOT 27 48
[8525] = CNOT 27 52
[8526] = Z 27
[8527] = CNOT 27 52
[8528] = CNOT 27 53
[8529] = Z 27
[8530] = CNOT 27 53
[8531] = CNOT 27 82
[8532] = Z 27
[8533] = CNOT 27 82
[8534] = CNOT 27 28
[8535] = CNOT 27 29
[8536] = CNOT 27 33
[8537] = S 27
[8538] = Z 27
[8539] = CNOT 27 33
[8540] = CNOT 27 34
[8541] = Z 27
[8542] = CNOT 27 34
[8543] = CNOT 27 43
[8544] = Z 27
[8545] = CNOT 27 43
[8546] = CNOT 27 48
[8547] = Z 27
[8548] = CNOT 27 48
[8549] = CNOT 27 52
[8550] = Z 27
[8551] = CNOT 27 52
[8552] = CNOT 27 29
[8553] = CNOT 27 32
[8554] = CNOT 27 34
[8555] = Z 27
[8556] = CNOT 27 34
[8557] = CNOT 27 36
[8558] = S 27
[8559] = Z 27
[8560] = CNOT 27 36
[8561] = CNOT 27 39
[8562] = Z 27
[8563] = CNOT 27 39
[8564] = CNOT 27 42
[8565] = Z 27
[8566] = CNOT 27 42
[8567] = CNOT 27 48
[8568] = Z 27
[8569] = CNOT 27 48
[8570] = CNOT 27 52
[8571] = Z 27
[8572] = CNOT 27 52
[8573] = CNOT 27 82
[8574] = Z 27
[8575] = CNOT 27 82
[8576] = CNOT 27 32
[8577] = CNOT 27 33
[8578] = CNOT 27 34
[8579] = Z 27
[8580] = CNOT 27 34
[8581] = CNOT 27 43
[8582] = Z 27
[8583] = CNOT 27 43
[8584] = CNOT 27 48
[8585] = Z 27
[8586] = CNOT 27 48
[8587] = CNOT 27 52
[8588] = Z 27
[8589] = CNOT 27 52
[8590] = CNOT 27 33
[8591] = CNOT 27 34
[8592] = CNOT 27 39
[8593] = S 27
[8594] = CNOT 27 39
[8595] = CNOT 27 40
[8596] = S 27
[8597] = CNOT 27 40
[8598] = CNOT 27 41
[8599] = S 27
[8600] = CNOT 27 41
[8601] = CNOT 27 42
[8602] = S 27
[8603] = Z 27
[8604] = CNOT 27 42
[8605] = CNOT 27 43
[8606] = S 27
[8607] = Z 27
[8608] = CNOT 27 43
[8609] = CNOT 27 44
[8610] = Z 27
[8611] = CNOT 27 44
[8612] = CNOT 27 45
[8613] = Z 27
[8614] = CNOT 27 45
[8615] = CNOT 27 46
[8616] = Z 27
[8617] = CNOT 27 46
[8618] = CNOT 27 48
[8619] = S 27
[8620] = Z 27
[8621] = CNOT 27 48
[8622] = CNOT 27 49
[8623] = Z 27
[8624] = CNOT 27 49
[8625] = CNOT 27 52
[8626] = S 27
[8627] = CNOT 27 52
[8628] = CNOT 27 53
[8629] = Z 27
[8630] = CNOT 27 53
[8631] = CNOT 27 54
[8632] = Z 27
[8633] = CNOT 27 54
[8634] = CNOT 27 56
[8635] = Z 27
[8636] = CNOT 27 56
[8637] = CNOT 27 60
[8638] = Z 27
[8639] = CNOT 27 60
[8640] = CNOT 27 61
[8641] = Z 27
[8642] = CNOT 27 61
[8643] = CNOT 27 62
[8644] = Z 27
[8645] = CNOT 27 62
[8646] = CNOT 27 64
[8647] = Z 27
[8648] = CNOT 27 64
[8649] = CNOT 27 68
[8650] = Z 27
[8651] = CNOT 27 68
[8652] = CNOT 27 69
[8653] = Z 27
[8654] = CNOT 27 69
[8655] = CNOT 27 70
[8656] = Z 27
[8657] = CNOT 27 70
[8658] = CNOT 27 72
[8659] = Z 27
[8660] = CNOT 27 72
[8661] = CNOT 27 77
[8662] = Z 27
[8663] = CNOT 27 77
[8664] = CNOT 27 79
[8665] = Z 27
[8666] = CNOT 27 79
[8667] = CNOT 27 84
[8668] = Z 27
[8669] = CNOT 27 84
[8670] = CNOT 27 34
[8671] = CNOT 27 36
[8672] = CNOT 27 39
[8673] = Z 27
[8674] = CNOT 27 39
[8675] = CNOT 27 41
[8676] = S 27
[8677] = Z 27
[8678] = CNOT 27 41
[8679] = CNOT 27 42
[8680] = S 27
[8681] = CNOT 27 42
[8682] = CNOT 27 43
[8683] = S 27
[8684] = Z 27
[8685] = CNOT 27 43
[8686] = CNOT 27 36
[8687] = CNOT 27 39
[8688] = CNOT 27 41
[8689] = S 27
[8690] = Z 27
[8691] = CNOT 27 41
[8692] = CNOT 27 42
[8693] = S 27
[8694] = CNOT 27 42
[8695] = CNOT 27 45
[8696] = Z 27
[8697] = CNOT 27 45
[8698] = CNOT 27 48
[8699] = S 27
[8700] = CNOT 27 48
[8701] = CNOT 27 49
[8702] = Z 27
[8703] = CNOT 27 49
[8704] = CNOT 27 52
[8705] = S 27
[8706] = CNOT 27 52
[8707] = CNOT 27 53
[8708] = Z 27
[8709] = CNOT 27 53
[8710] = CNOT 27 61
[8711] = Z 27
[8712] = CNOT 27 61
[8713] = CNOT 27 69
[8714] = Z 27
[8715] = CNOT 27 69
[8716] = CNOT 27 82
[8717] = S 27
[8718] = CNOT 27 82
[8719] = CNOT 27 39
[8720] = CNOT 27 40
[8721] = CNOT 27 41
[8722] = S 27
[8723] = Z 27
[8724] = CNOT 27 41
[8725] = CNOT 27 42
[8726] = S 27
[8727] = CNOT 27 42
[8728] = CNOT 27 43
[8729] = S 27
[8730] = Z 27
[8731] = CNOT 27 43
[8732] = CNOT 27 44
[8733] = S 27
[8734] = Z 27
[8735] = CNOT 27 44
[8736] = CNOT 27 46
[8737] = S 27
[8738] = Z 27
[8739] = CNOT 27 46
[8740] = CNOT 27 48
[8741] = S 27
[8742] = CNOT 27 48
[8743] = CNOT 27 52
[8744] = S 27
[8745] = CNOT 27 52
[8746] = CNOT 27 82
[8747] = S 27
[8748] = CNOT 27 82
[8749] = CNOT 27 40
[8750] = CNOT 27 41
[8751] = CNOT 27 42
[8752] = S 27
[8753] = CNOT 27 42
[8754] = CNOT 27 46
[8755] = S 27
[8756] = Z 27
[8757] = CNOT 27 46
[8758] = CNOT 27 48
[8759] = S 27
[8760] = CNOT 27 48
[8761] = CNOT 27 52
[8762] = S 27
[8763] = CNOT 27 52
[8764] = CNOT 27 82
[8765] = S 27
[8766] = CNOT 27 82
[8767] = CNOT 27 41
[8768] = CNOT 27 42
[8769] = CNOT 27 43
[8770] = Z 27
[8771] = CNOT 27 43
[8772] = CNOT 27 44
[8773] = Z 27
[8774] = CNOT 27 44
[8775] = CNOT 27 45
[8776] = Z 27
[8777] = CNOT 27 45
[8778] = CNOT 27 46
[8779] = Z 27
[8780] = CNOT 27 46
[8781] = CNOT 27 48
[8782] = S 27
[8783] = Z 27
[8784] = CNOT 27 48
[8785] = CNOT 27 49
[8786] = Z 27
[8787] = CNOT 27 49
[8788] = CNOT 27 52
[8789] = S 27
[8790] = Z 27
[8791] = CNOT 27 52
[8792] = CNOT 27 53
[8793] = Z 27
[8794] = CNOT 27 53
[8795] = CNOT 27 61
[8796] = Z 27
[8797] = CNOT 27 61
[8798] = CNOT 27 69
[8799] = Z 27
[8800] = CNOT 27 69
[8801] = CNOT 27 82
[8802] = S 27
[8803] = Z 27
[8804] = CNOT 27 82
[8805] = CNOT 27 42
[8806] = CNOT 27 43
[8807] = CNOT 27 44
[8808] = S 27
[8809] = Z 27
[8810] = CNOT 27 44
[8811] = CNOT 27 52
[8812] = S 27
[8813] = Z 27
[8814] = CNOT 27 52
[8815] = CNOT 27 54
[8816] = Z 27
[8817] = CNOT 27 54
[8818] = CNOT 27 56
[8819] = Z 27
[8820] = CNOT 27 56
[8821] = CNOT 27 60
[8822] = S 27
[8823] = Z 27
[8824] = CNOT 27 60
[8825] = CNOT 27 62
[8826] = Z 27
[8827] = CNOT 27 62
[8828] = CNOT 27 64
[8829] = Z 27
[8830] = CNOT 27 64
[8831] = CNOT 27 68
[8832] = S 27
[8833] = Z 27
[8834] = CNOT 27 68
[8835] = CNOT 27 70
[8836] = Z 27
[8837] = CNOT 27 70
[8838] = CNOT 27 72
[8839] = Z 27
[8840] = CNOT 27 72
[8841] = CNOT 27 77
[8842] = Z 27
[8843] = CNOT 27 77
[8844] = CNOT 27 79
[8845] = Z 27
[8846] = CNOT 27 79
[8847] = CNOT 27 81
[8848] = S 27
[8849] = CNOT 27 81
[8850] = CNOT 27 84
[8851] = Z 27
[8852] = CNOT 27 84
[8853] = CNOT 27 43
[8854] = CNOT 27 44
[8855] = CNOT 27 48
[8856] = Z 27
[8857] = CNOT 27 48
[8858] = CNOT 27 52
[8859] = Z 27
[8860] = CNOT 27 52
[8861] = CNOT 27 82
[8862] = Z 27
[8863] = CNOT 27 82
[8864] = CNOT 27 44
[8865] = CNOT 27 45
[8866] = CNOT 27 48
[8867] = Z 27
[8868] = CNOT 27 48
[8869] = CNOT 27 52
[8870] = Z 27
[8871] = CNOT 27 52
[8872] = CNOT 27 61
[8873] = S 27
[8874] = Z 27
[8875] = CNOT 27 61
[8876] = CNOT 27 69
[8877] = S 27
[8878] = Z 27
[8879] = CNOT 27 69
[8880] = CNOT 27 82
[8881] = Z 27
[8882] = CNOT 27 82
[8883] = CNOT 27 45
[8884] = CNOT 27 46
[8885] = CNOT 27 48
[8886] = Z 27
[8887] = CNOT 27 48
[8888] = CNOT 27 52
[8889] = Z 27
[8890] = CNOT 27 52
[8891] = CNOT 27 82
[8892] = Z 27
[8893] = CNOT 27 82
[8894] = CNOT 27 46
[8895] = CNOT 27 48
[8896] = CNOT 27 49
[8897] = Z 27
[8898] = CNOT 27 49
[8899] = CNOT 27 52
[8900] = S 27
[8901] = Z 27
[8902] = CNOT 27 52
[8903] = CNOT 27 53
[8904] = Z 27
[8905] = CNOT 27 53
[8906] = CNOT 27 54
[8907] = Z 27
[8908] = CNOT 27 54
[8909] = CNOT 27 56
[8910] = Z 27
[8911] = CNOT 27 56
[8912] = CNOT 27 61
[8913] = Z 27
[8914] = CNOT 27 61
[8915] = CNOT 27 62
[8916] = Z 27
[8917] = CNOT 27 62
[8918] = CNOT 27 64
[8919] = Z 27
[8920] = CNOT 27 64
[8921] = CNOT 27 69
[8922] = Z 27
[8923] = CNOT 27 69
[8924] = CNOT 27 70
[8925] = Z 27
[8926] = CNOT 27 70
[8927] = CNOT 27 72
[8928] = Z 27
[8929] = CNOT 27 72
[8930] = CNOT 27 77
[8931] = Z 27
[8932] = CNOT 27 77
[8933] = CNOT 27 79
[8934] = Z 27
[8935] = CNOT 27 79
[8936] = CNOT 27 84
[8937] = Z 27
[8938] = CNOT 27 84
[8939] = CNOT 27 48
[8940] = CNOT 27 49
[8941] = CNOT 27 52
[8942] = Z 27
[8943] = CNOT 27 52
[8944] = CNOT 27 82
[8945] = Z 27
[8946] = CNOT 27 82
[8947] = CNOT 27 49
[8948] = CNOT 27 52
[8949] = CNOT 27 53
[8950] = Z 27
[8951] = CNOT 27 53
[8952] = CNOT 27 54
[8953] = Z 27
[8954] = CNOT 27 54
[8955] = CNOT 27 56
[8956] = Z 27
[8957] = CNOT 27 56
[8958] = CNOT 27 60
[8959] = Z 27
[8960] = CNOT 27 60
[8961] = CNOT 27 61
[8962] = Z 27
[8963] = CNOT 27 61
[8964] = CNOT 27 62
[8965] = Z 27
[8966] = CNOT 27 62
[8967] = CNOT 27 64
[8968] = Z 27
[8969] = CNOT 27 64
[8970] = CNOT 27 68
[8971] = Z 27
[8972] = CNOT 27 68
[8973] = CNOT 27 69
[8974] = Z 27
[8975] = CNOT 27 69
[8976] = CNOT 27 70
[8977] = Z 27
[8978] = CNOT 27 70
[8979] = CNOT 27 72
[8980] = Z 27
[8981] = CNOT 27 72
[8982] = CNOT 27 77
[8983] = Z 27
[8984] = CNOT 27 77
[8985] = CNOT 27 79
[8986] = Z 27
[8987] = CNOT 27 79
[8988] = CNOT 27 84
[8989] = Z 27
[8990] = CNOT 27 84
[8991] = CNOT 27 52
[8992] = CNOT 27 53
[8993] = CNOT 27 82
[8994] = Z 27
[8995] = CNOT 27 82
[8996] = CNOT 27 53
[8997] = CNOT 27 54
[8998] = CNOT 27 62
[8999] = Z 27
[9000] = CNOT 27 62
[9001] = CNOT 27 70
[9002] = Z 27
[9003] = CNOT 27 70
[9004] = CNOT 27 77
[9005] = S 27
[9006] = Z 27
[9007] = CNOT 27 77
[9008] = CNOT 27 84
[9009] = S 27
[9010] = Z 27
[9011] = CNOT 27 84
[9012] = CNOT 27 54
[9013] = CNOT 27 56
[9014] = CNOT 27 64
[9015] = Z 27
[9016] = CNOT 27 64
[9017] = CNOT 27 72
[9018] = Z 27
[9019] = CNOT 27 72
[9020] = CNOT 27 79
[9021] = S 27
[9022] = Z 27
[9023] = CNOT 27 79
[9024] = CNOT 27 81
[9025] = Z 27
[9026] = CNOT 27 81
[9027] = CNOT 27 82
[9028] = S 27
[9029] = Z 27
[9030] = CNOT 27 82
[9031] = CNOT 27 56
[9032] = CNOT 27 60
[9033] = CNOT 27 68
[9034] = Z 27
[9035] = CNOT 27 68
[9036] = CNOT 27 60
[9037] = CNOT 27 61
[9038] = CNOT 27 69
[9039] = Z 27
[9040] = CNOT 27 69
[9041] = CNOT 27 82
[9042] = Z 27
[9043] = CNOT 27 82
[9044] = CNOT 27 61
[9045] = CNOT 27 62
[9046] = CNOT 27 70
[9047] = Z 27
[9048] = CNOT 27 70
[9049] = CNOT 27 77
[9050] = S 27
[9051] = Z 27
[9052] = CNOT 27 77
[9053] = CNOT 27 84
[9054] = S 27
[9055] = Z 27
[9056] = CNOT 27 84
[9057] = CNOT 27 62
[9058] = CNOT 27 64
[9059] = CNOT 27 72
[9060] = Z 27
[9061] = CNOT 27 72
[9062] = CNOT 27 79
[9063] = S 27
[9064] = Z 27
[9065] = CNOT 27 79
[9066] = CNOT 27 81
[9067] = Z 27
[9068] = CNOT 27 81
[9069] = CNOT 27 82
[9070] = S 27
[9071] = Z 27
[9072] = CNOT 27 64
[9073] = CNOT 27 69
[9074] = Z 27
[9075] = CNOT 27 82
[9076] = CNOT 27 69
[9077] = CNOT 27 70
[9078] = CNOT 27 77
[9079] = S 27
[9080] = Z 27
[9081] = CNOT 27 77
[9082] = CNOT 27 84
[9083] = S 27
[9084] = Z 27
[9085] = CNOT 27 84
[9086] = CNOT 27 70
[9087] = CNOT 27 72
[9088] = CNOT 27 79
[9089] = S 27
[9090] = Z 27
[9091] = CNOT 27 79
[9092] = CNOT 27 81
[9093] = Z 27
[9094] = CNOT 27 81
[9095] = CNOT 27 82
[9096] = S 27
[9097] = Z 27
[9098] = CNOT 27 82
[9099] = CNOT 27 72
[9100] = CNOT 27 77
[9101] = CNOT 27 84
[9102] = S 27
[9103] = Z 27
[9104] = CNOT 27 84
[9105] = CNOT 27 77
[9106] = CNOT 27 79
[9107] = CNOT 27 81
[9108] = Z 27
[9109] = CNOT 27 81
[9110] = CNOT 27 82
[9111] = S 27
[9112] = Z 27
[9113] = CNOT 27 79
[9114] = CNOT 27 81
[9115] = Z 27
[9116] = CNOT 27 82
[9117] = CNOT 27 81
[9118] = CNOT 28 34
[9119] = CNOT 28 39
[9120] = Z 28
[9121] = CNOT 28 39
[9122] = CNOT 28 42
[9123] = Z 28
[9124] = CNOT 28 42
[9125] = CNOT 28 48
[9126] = Z 28
[9127] = CNOT 28 48
[9128] = CNOT 28 52
[9129] = Z 28
[9130] = CNOT 28 52
[9131] = CNOT 28 53
[9132] = Z 28
[9133] = CNOT 28 53
[9134] = CNOT 28 82
[9135] = Z 28
[9136] = CNOT 28 82
[9137] = CNOT 28 34
[9138] = CNOT 28 39
[9139] = CNOT 28 42
[9140] = Z 28
[9141] = CNOT 28 42
[9142] = CNOT 28 48
[9143] = Z 28
[9144] = CNOT 28 48
[9145] = CNOT 28 52
[9146] = Z 28
[9147] = CNOT 28 52
[9148] = CNOT 28 53
[9149] = Z 28
[9150] = CNOT 28 53
[9151] = CNOT 28 82
[9152] = Z 28
[9153] = CNOT 28 82
[9154] = CNOT 28 39
[9155] = CNOT 28 42
[9156] = CNOT 28 48
[9157] = Z 28
[9158] = CNOT 28 48
[9159] = CNOT 28 52
[9160] = Z 28
[9161] = CNOT 28 52
[9162] = CNOT 28 53
[9163] = Z 28
[9164] = CNOT 28 53
[9165] = CNOT 28 82
[9166] = Z 28
[9167] = CNOT 28 82
[9168] = CNOT 28 42
[9169] = CNOT 28 48
[9170] = CNOT 28 52
[9171] = Z 28
[9172] = CNOT 28 52
[9173] = CNOT 28 53
[9174] = Z 28
[9175] = CNOT 28 53
[9176] = CNOT 28 82
[9177] = Z 28
[9178] = CNOT 28 82
[9179] = CNOT 28 48
[9180] = CNOT 28 52
[9181] = CNOT 28 53
[9182] = Z 28
[9183] = CNOT 28 53
[9184] = CNOT 28 82
[9185] = Z 28
[9186] = CNOT 28 52
[9187] = CNOT 28 53
[9188] = Z 28
[9189] = CNOT 28 82
[9190] = CNOT 28 53
[9191] = CNOT 29 33
[9192] = CNOT 29 34
[9193] = S 29
[9194] = Z 29
[9195] = CNOT 29 34
[9196] = CNOT 29 43
[9197] = S 29
[9198] = Z 29
[9199] = CNOT 29 43
[9200] = CNOT 29 48
[9201] = S 29
[9202] = Z 29
[9203] = CNOT 29 48
[9204] = CNOT 29 52
[9205] = S 29
[9206] = Z 29
[9207] = CNOT 29 52
[9208] = CNOT 29 33
[9209] = CNOT 29 34
[9210] = CNOT 29 43
[9211] = Z 29
[9212] = CNOT 29 43
[9213] = CNOT 29 48
[9214] = Z 29
[9215] = CNOT 29 48
[9216] = CNOT 29 52
[9217] = Z 29
[9218] = CNOT 29 52
[9219] = CNOT 29 34
[9220] = CNOT 29 43
[9221] = CNOT 29 48
[9222] = Z 29
[9223] = CNOT 29 48
[9224] = CNOT 29 52
[9225] = Z 29
[9226] = CNOT 29 43
[9227] = CNOT 29 48
[9228] = Z 29
[9229] = CNOT 29 52
[9230] = CNOT 29 48
[9231] = CNOT 30 34
[9232] = CNOT 30 50
[9233] = Z 30
[9234] = CNOT 30 50
[9235] = CNOT 30 58
[9236] = Z 30
[9237] = CNOT 30 58
[9238] = CNOT 30 66
[9239] = Z 30
[9240] = CNOT 30 66
[9241] = CNOT 30 74
[9242] = Z 30
[9243] = CNOT 30 74
[9244] = CNOT 30 90
[9245] = Z 30
[9246] = CNOT 30 90
[9247] = CNOT 30 34
[9248] = CNOT 30 50
[9249] = CNOT 30 58
[9250] = Z 30
[9251] = CNOT 30 58
[9252] = CNOT 30 66
[9253] = Z 30
[9254] = CNOT 30 66
[9255] = CNOT 30 74
[9256] = Z 30
[9257] = CNOT 30 74
[9258] = CNOT 30 90
[9259] = Z 30
[9260] = CNOT 30 90
[9261] = CNOT 30 50
[9262] = CNOT 30 58
[9263] = CNOT 30 66
[9264] = Z 30
[9265] = CNOT 30 66
[9266] = CNOT 30 74
[9267] = Z 30
[9268] = CNOT 30 74
[9269] = CNOT 30 90
[9270] = Z 30
[9271] = CNOT 30 90
[9272] = CNOT 30 58
[9273] = CNOT 30 66
[9274] = CNOT 30 74
[9275] = Z 30
[9276] = CNOT 30 74
[9277] = CNOT 30 90
[9278] = Z 30
[9279] = CNOT 30 66
[9280] = CNOT 30 74
[9281] = Z 30
[9282] = CNOT 30 90
[9283] = CNOT 30 74
[9284] = CNOT 31 34
[9285] = CNOT 31 35
[9286] = S 31
[9287] = Z 31
[9288] = CNOT 31 35
[9289] = CNOT 31 43
[9290] = Z 31
[9291] = CNOT 31 34
[9292] = CNOT 31 35
[9293] = S 31
[9294] = Z 31
[9295] = CNOT 31 43
[9296] = CNOT 31 35
[9297] = CNOT 32 34
[9298] = CNOT 32 36
[9299] = S 32
[9300] = Z 32
[9301] = CNOT 32 36
[9302] = CNOT 32 39
[9303] = Z 32
[9304] = CNOT 32 39
[9305] = CNOT 32 42
[9306] = Z 32
[9307] = CNOT 32 42
[9308] = CNOT 32 48
[9309] = Z 32
[9310] = CNOT 32 48
[9311] = CNOT 32 52
[9312] = Z 32
[9313] = CNOT 32 52
[9314] = CNOT 32 82
[9315] = Z 32
[9316] = CNOT 32 82
[9317] = CNOT 32 34
[9318] = CNOT 32 36
[9319] = CNOT 32 39
[9320] = S 32
[9321] = Z 32
[9322] = CNOT 32 39
[9323] = CNOT 32 42
[9324] = S 32
[9325] = Z 32
[9326] = CNOT 32 42
[9327] = CNOT 32 48
[9328] = S 32
[9329] = Z 32
[9330] = CNOT 32 48
[9331] = CNOT 32 52
[9332] = S 32
[9333] = Z 32
[9334] = CNOT 32 52
[9335] = CNOT 32 82
[9336] = S 32
[9337] = Z 32
[9338] = CNOT 32 82
[9339] = CNOT 32 36
[9340] = CNOT 32 39
[9341] = CNOT 32 42
[9342] = Z 32
[9343] = CNOT 32 42
[9344] = CNOT 32 48
[9345] = Z 32
[9346] = CNOT 32 48
[9347] = CNOT 32 52
[9348] = Z 32
[9349] = CNOT 32 52
[9350] = CNOT 32 82
[9351] = Z 32
[9352] = CNOT 32 82
[9353] = CNOT 32 39
[9354] = CNOT 32 42
[9355] = CNOT 32 48
[9356] = Z 32
[9357] = CNOT 32 48
[9358] = CNOT 32 52
[9359] = Z 32
[9360] = CNOT 32 52
[9361] = CNOT 32 82
[9362] = Z 32
[9363] = CNOT 32 82
[9364] = CNOT 32 42
[9365] = CNOT 32 48
[9366] = CNOT 32 52
[9367] = Z 32
[9368] = CNOT 32 52
[9369] = CNOT 32 82
[9370] = Z 32
[9371] = CNOT 32 48
[9372] = CNOT 32 52
[9373] = Z 32
[9374] = CNOT 32 82
[9375] = CNOT 32 52
[9376] = CNOT 33 34
[9377] = CNOT 33 43
[9378] = Z 33
[9379] = CNOT 33 43
[9380] = CNOT 33 48
[9381] = Z 33
[9382] = CNOT 33 48
[9383] = CNOT 33 52
[9384] = Z 33
[9385] = CNOT 33 52
[9386] = CNOT 33 34
[9387] = CNOT 33 43
[9388] = CNOT 33 48
[9389] = Z 33
[9390] = CNOT 33 48
[9391] = CNOT 33 52
[9392] = Z 33
[9393] = CNOT 33 43
[9394] = CNOT 33 48
[9395] = Z 33
[9396] = CNOT 33 52
[9397] = CNOT 33 48
[9398] = CNOT 34 35
[9399] = CNOT 34 43
[9400] = Z 34
[9401] = CNOT 34 43
[9402] = CNOT 34 35
[9403] = CNOT 34 36
[9404] = CNOT 34 39
[9405] = Z 34
[9406] = CNOT 34 39
[9407] = CNOT 34 41
[9408] = S 34
[9409] = Z 34
[9410] = CNOT 34 41
[9411] = CNOT 34 42
[9412] = S 34
[9413] = CNOT 34 42
[9414] = CNOT 34 43
[9415] = S 34
[9416] = Z 34
[9417] = CNOT 34 43
[9418] = CNOT 34 36
[9419] = CNOT 34 39
[9420] = CNOT 34 41
[9421] = S 34
[9422] = Z 34
[9423] = CNOT 34 41
[9424] = CNOT 34 42
[9425] = S 34
[9426] = CNOT 34 42
[9427] = CNOT 34 45
[9428] = Z 34
[9429] = CNOT 34 45
[9430] = CNOT 34 48
[9431] = S 34
[9432] = CNOT 34 48
[9433] = CNOT 34 49
[9434] = Z 34
[9435] = CNOT 34 49
[9436] = CNOT 34 52
[9437] = S 34
[9438] = CNOT 34 52
[9439] = CNOT 34 53
[9440] = Z 34
[9441] = CNOT 34 53
[9442] = CNOT 34 61
[9443] = Z 34
[9444] = CNOT 34 61
[9445] = CNOT 34 69
[9446] = Z 34
[9447] = CNOT 34 69
[9448] = CNOT 34 82
[9449] = S 34
[9450] = CNOT 34 82
[9451] = CNOT 34 39
[9452] = CNOT 34 40
[9453] = CNOT 34 41
[9454] = S 34
[9455] = Z 34
[9456] = CNOT 34 41
[9457] = CNOT 34 42
[9458] = S 34
[9459] = CNOT 34 42
[9460] = CNOT 34 43
[9461] = S 34
[9462] = Z 34
[9463] = CNOT 34 43
[9464] = CNOT 34 44
[9465] = S 34
[9466] = Z 34
[9467] = CNOT 34 44
[9468] = CNOT 34 46
[9469] = S 34
[9470] = Z 34
[9471] = CNOT 34 46
[9472] = CNOT 34 48
[9473] = S 34
[9474] = CNOT 34 48
[9475] = CNOT 34 52
[9476] = S 34
[9477] = CNOT 34 52
[9478] = CNOT 34 82
[9479] = S 34
[9480] = CNOT 34 82
[9481] = CNOT 34 40
[9482] = CNOT 34 41
[9483] = CNOT 34 42
[9484] = S 34
[9485] = CNOT 34 42
[9486] = CNOT 34 46
[9487] = S 34
[9488] = Z 34
[9489] = CNOT 34 46
[9490] = CNOT 34 48
[9491] = S 34
[9492] = CNOT 34 48
[9493] = CNOT 34 52
[9494] = S 34
[9495] = CNOT 34 52
[9496] = CNOT 34 82
[9497] = S 34
[9498] = CNOT 34 82
[9499] = CNOT 34 41
[9500] = CNOT 34 42
[9501] = CNOT 34 43
[9502] = Z 34
[9503] = CNOT 34 43
[9504] = CNOT 34 44
[9505] = Z 34
[9506] = CNOT 34 44
[9507] = CNOT 34 45
[9508] = Z 34
[9509] = CNOT 34 45
[9510] = CNOT 34 46
[9511] = Z 34
[9512] = CNOT 34 46
[9513] = CNOT 34 48
[9514] = S 34
[9515] = Z 34
[9516] = CNOT 34 48
[9517] = CNOT 34 49
[9518] = Z 34
[9519] = CNOT 34 49
[9520] = CNOT 34 52
[9521] = S 34
[9522] = Z 34
[9523] = CNOT 34 52
[9524] = CNOT 34 53
[9525] = Z 34
[9526] = CNOT 34 53
[9527] = CNOT 34 61
[9528] = Z 34
[9529] = CNOT 34 61
[9530] = CNOT 34 69
[9531] = Z 34
[9532] = CNOT 34 69
[9533] = CNOT 34 82
[9534] = S 34
[9535] = Z 34
[9536] = CNOT 34 82
[9537] = CNOT 34 42
[9538] = CNOT 34 43
[9539] = CNOT 34 44
[9540] = S 34
[9541] = Z 34
[9542] = CNOT 34 44
[9543] = CNOT 34 48
[9544] = S 34
[9545] = CNOT 34 48
[9546] = CNOT 34 52
[9547] = S 34
[9548] = Z 34
[9549] = CNOT 34 52
[9550] = CNOT 34 54
[9551] = Z 34
[9552] = CNOT 34 54
[9553] = CNOT 34 56
[9554] = S 34
[9555] = CNOT 34 56
[9556] = CNOT 34 60
[9557] = S 34
[9558] = Z 34
[9559] = CNOT 34 60
[9560] = CNOT 34 62
[9561] = Z 34
[9562] = CNOT 34 62
[9563] = CNOT 34 64
[9564] = S 34
[9565] = CNOT 34 64
[9566] = CNOT 34 68
[9567] = S 34
[9568] = Z 34
[9569] = CNOT 34 68
[9570] = CNOT 34 70
[9571] = Z 34
[9572] = CNOT 34 70
[9573] = CNOT 34 72
[9574] = S 34
[9575] = CNOT 34 72
[9576] = CNOT 34 76
[9577] = S 34
[9578] = Z 34
[9579] = CNOT 34 76
[9580] = CNOT 34 77
[9581] = Z 34
[9582] = CNOT 34 77
[9583] = CNOT 34 79
[9584] = Z 34
[9585] = CNOT 34 79
[9586] = CNOT 34 81
[9587] = S 34
[9588] = CNOT 34 81
[9589] = CNOT 34 84
[9590] = Z 34
[9591] = CNOT 34 84
[9592] = CNOT 34 86
[9593] = Z 34
[9594] = CNOT 34 86
[9595] = CNOT 34 92
[9596] = S 34
[9597] = Z 34
[9598] = CNOT 34 92
[9599] = CNOT 34 43
[9600] = CNOT 34 44
[9601] = CNOT 34 48
[9602] = Z 34
[9603] = CNOT 34 48
[9604] = CNOT 34 52
[9605] = Z 34
[9606] = CNOT 34 52
[9607] = CNOT 34 82
[9608] = Z 34
[9609] = CNOT 34 82
[9610] = CNOT 34 44
[9611] = CNOT 34 45
[9612] = CNOT 34 48
[9613] = Z 34
[9614] = CNOT 34 48
[9615] = CNOT 34 52
[9616] = Z 34
[9617] = CNOT 34 52
[9618] = CNOT 34 61
[9619] = S 34
[9620] = Z 34
[9621] = CNOT 34 61
[9622] = CNOT 34 69
[9623] = S 34
[9624] = Z 34
[9625] = CNOT 34 69
[9626] = CNOT 34 82
[9627] = Z 34
[9628] = CNOT 34 82
[9629] = CNOT 34 45
[9630] = CNOT 34 46
[9631] = CNOT 34 48
[9632] = Z 34
[9633] = CNOT 34 48
[9634] = CNOT 34 52
[9635] = Z 34
[9636] = CNOT 34 52
[9637] = CNOT 34 82
[9638] = Z 34
[9639] = CNOT 34 82
[9640] = CNOT 34 46
[9641] = CNOT 34 48
[9642] = CNOT 34 49
[9643] = Z 34
[9644] = CNOT 34 49
[9645] = CNOT 34 52
[9646] = S 34
[9647] = Z 34
[9648] = CNOT 34 52
[9649] = CNOT 34 53
[9650] = Z 34
[9651] = CNOT 34 53
[9652] = CNOT 34 54
[9653] = Z 34
[9654] = CNOT 34 54
[9655] = CNOT 34 56
[9656] = S 34
[9657] = CNOT 34 56
[9658] = CNOT 34 61
[9659] = Z 34
[9660] = CNOT 34 61
[9661] = CNOT 34 62
[9662] = Z 34
[9663] = CNOT 34 62
[9664] = CNOT 34 64
[9665] = S 34
[9666] = CNOT 34 64
[9667] = CNOT 34 69
[9668] = Z 34
[9669] = CNOT 34 69
[9670] = CNOT 34 70
[9671] = Z 34
[9672] = CNOT 34 70
[9673] = CNOT 34 72
[9674] = S 34
[9675] = CNOT 34 72
[9676] = CNOT 34 76
[9677] = Z 34
[9678] = CNOT 34 76
[9679] = CNOT 34 77
[9680] = Z 34
[9681] = CNOT 34 77
[9682] = CNOT 34 79
[9683] = Z 34
[9684] = CNOT 34 79
[9685] = CNOT 34 84
[9686] = Z 34
[9687] = CNOT 34 84
[9688] = CNOT 34 92
[9689] = Z 34
[9690] = CNOT 34 92
[9691] = CNOT 34 48
[9692] = CNOT 34 49
[9693] = CNOT 34 52
[9694] = Z 34
[9695] = CNOT 34 52
[9696] = CNOT 34 82
[9697] = Z 34
[9698] = CNOT 34 82
[9699] = CNOT 34 49
[9700] = CNOT 34 50
[9701] = CNOT 34 58
[9702] = Z 34
[9703] = CNOT 34 58
[9704] = CNOT 34 66
[9705] = Z 34
[9706] = CNOT 34 66
[9707] = CNOT 34 74
[9708] = Z 34
[9709] = CNOT 34 74
[9710] = CNOT 34 90
[9711] = Z 34
[9712] = CNOT 34 90
[9713] = CNOT 34 50
[9714] = CNOT 34 52
[9715] = CNOT 34 53
[9716] = Z 34
[9717] = CNOT 34 53
[9718] = CNOT 34 54
[9719] = Z 34
[9720] = CNOT 34 54
[9721] = CNOT 34 56
[9722] = Z 34
[9723] = CNOT 34 56
[9724] = CNOT 34 60
[9725] = Z 34
[9726] = CNOT 34 60
[9727] = CNOT 34 61
[9728] = Z 34
[9729] = CNOT 34 61
[9730] = CNOT 34 62
[9731] = Z 34
[9732] = CNOT 34 62
[9733] = CNOT 34 64
[9734] = Z 34
[9735] = CNOT 34 64
[9736] = CNOT 34 68
[9737] = Z 34
[9738] = CNOT 34 68
[9739] = CNOT 34 69
[9740] = Z 34
[9741] = CNOT 34 69
[9742] = CNOT 34 70
[9743] = Z 34
[9744] = CNOT 34 70
[9745] = CNOT 34 72
[9746] = Z 34
[9747] = CNOT 34 72
[9748] = CNOT 34 77
[9749] = Z 34
[9750] = CNOT 34 77
[9751] = CNOT 34 79
[9752] = Z 34
[9753] = CNOT 34 79
[9754] = CNOT 34 84
[9755] = Z 34
[9756] = CNOT 34 84
[9757] = CNOT 34 52
[9758] = CNOT 34 53
[9759] = CNOT 34 82
[9760] = Z 34
[9761] = CNOT 34 82
[9762] = CNOT 34 53
[9763] = CNOT 34 54
[9764] = CNOT 34 62
[9765] = Z 34
[9766] = CNOT 34 62
[9767] = CNOT 34 70
[9768] = Z 34
[9769] = CNOT 34 70
[9770] = CNOT 34 77
[9771] = S 34
[9772] = Z 34
[9773] = CNOT 34 77
[9774] = CNOT 34 84
[9775] = S 34
[9776] = Z 34
[9777] = CNOT 34 84
[9778] = CNOT 34 54
[9779] = CNOT 34 56
[9780] = CNOT 34 79
[9781] = S 34
[9782] = Z 34
[9783] = CNOT 34 79
[9784] = CNOT 34 81
[9785] = Z 34
[9786] = CNOT 34 81
[9787] = CNOT 34 82
[9788] = S 34
[9789] = Z 34
[9790] = CNOT 34 82
[9791] = CNOT 34 86
[9792] = S 34
[9793] = Z 34
[9794] = CNOT 34 86
[9795] = CNOT 34 56
[9796] = CNOT 34 58
[9797] = CNOT 34 66
[9798] = Z 34
[9799] = CNOT 34 66
[9800] = CNOT 34 74
[9801] = Z 34
[9802] = CNOT 34 74
[9803] = CNOT 34 90
[9804] = Z 34
[9805] = CNOT 34 90
[9806] = CNOT 34 58
[9807] = CNOT 34 60
[9808] = CNOT 34 68
[9809] = Z 34
[9810] = CNOT 34 68
[9811] = CNOT 34 60
[9812] = CNOT 34 61
[9813] = CNOT 34 69
[9814] = Z 34
[9815] = CNOT 34 69
[9816] = CNOT 34 82
[9817] = Z 34
[9818] = CNOT 34 82
[9819] = CNOT 34 61
[9820] = CNOT 34 62
[9821] = CNOT 34 70
[9822] = Z 34
[9823] = CNOT 34 70
[9824] = CNOT 34 77
[9825] = S 34
[9826] = Z 34
[9827] = CNOT 34 77
[9828] = CNOT 34 84
[9829] = S 34
[9830] = Z 34
[9831] = CNOT 34 84
[9832] = CNOT 34 62
[9833] = CNOT 34 64
[9834] = CNOT 34 79
[9835] = S 34
[9836] = Z 34
[9837] = CNOT 34 79
[9838] = CNOT 34 81
[9839] = Z 34
[9840] = CNOT 34 81
[9841] = CNOT 34 82
[9842] = S 34
[9843] = Z 34
[9844] = CNOT 34 82
[9845] = CNOT 34 86
[9846] = S 34
[9847] = Z 34
[9848] = CNOT 34 86
[9849] = CNOT 34 64
[9850] = CNOT 34 66
[9851] = CNOT 34 74
[9852] = Z 34
[9853] = CNOT 34 74
[9854] = CNOT 34 90
[9855] = Z 34
[9856] = CNOT 34 90
[9857] = CNOT 34 66
[9858] = CNOT 34 69
[9859] = CNOT 34 82
[9860] = Z 34
[9861] = CNOT 34 82
[9862] = CNOT 34 69
[9863] = CNOT 34 70
[9864] = CNOT 34 77
[9865] = S 34
[9866] = Z 34
[9867] = CNOT 34 77
[9868] = CNOT 34 84
[9869] = S 34
[9870] = Z 34
[9871] = CNOT 34 84
[9872] = CNOT 34 70
[9873] = CNOT 34 72
[9874] = CNOT 34 79
[9875] = S 34
[9876] = Z 34
[9877] = CNOT 34 79
[9878] = CNOT 34 81
[9879] = Z 34
[9880] = CNOT 34 81
[9881] = CNOT 34 82
[9882] = S 34
[9883] = Z 34
[9884] = CNOT 34 82
[9885] = CNOT 34 86
[9886] = S 34
[9887] = Z 34
[9888] = CNOT 34 86
[9889] = CNOT 34 72
[9890] = CNOT 34 74
[9891] = CNOT 34 90
[9892] = Z 34
[9893] = CNOT 34 90
[9894] = CNOT 34 74
[9895] = CNOT 34 76
[9896] = CNOT 34 86
[9897] = Z 34
[9898] = CNOT 34 86
[9899] = CNOT 34 92
[9900] = Z 34
[9901] = CNOT 34 92
[9902] = CNOT 34 76
[9903] = CNOT 34 77
[9904] = CNOT 34 84
[9905] = S 34
[9906] = Z 34
[9907] = CNOT 34 84
[9908] = CNOT 34 77
[9909] = CNOT 34 79
[9910] = CNOT 34 81
[9911] = Z 34
[9912] = CNOT 34 81
[9913] = CNOT 34 82
[9914] = S 34
[9915] = Z 34
[9916] = CNOT 34 79
[9917] = CNOT 34 81
[9918] = Z 34
[9919] = CNOT 34 82
[9920] = CNOT 34 81
[9921] = CNOT 34 86
[9922] = CNOT 34 92
[9923] = Z 34
[9924] = CNOT 34 92
[9925] = CNOT 34 86
[9926] = CNOT 36 39
[9927] = CNOT 36 42
[9928] = Z 36
[9929] = CNOT 36 42
[9930] = CNOT 36 48
[9931] = Z 36
[9932] = CNOT 36 48
[9933] = CNOT 36 52
[9934] = Z 36
[9935] = CNOT 36 52
[9936] = CNOT 36 82
[9937] = Z 36
[9938] = CNOT 36 82
[9939] = CNOT 36 39
[9940] = CNOT 36 41
[9941] = CNOT 36 42
[9942] = S 36
[9943] = Z 36
[9944] = CNOT 36 42
[9945] = CNOT 36 48
[9946] = S 36
[9947] = Z 36
[9948] = CNOT 36 48
[9949] = CNOT 36 52
[9950] = S 36
[9951] = Z 36
[9952] = CNOT 36 52
[9953] = CNOT 36 82
[9954] = S 36
[9955] = Z 36
[9956] = CNOT 36 82
[9957] = CNOT 36 41
[9958] = CNOT 36 42
[9959] = CNOT 36 48
[9960] = S 36
[9961] = CNOT 36 48
[9962] = CNOT 36 52
[9963] = S 36
[9964] = CNOT 36 52
[9965] = CNOT 36 82
[9966] = S 36
[9967] = CNOT 36 82
[9968] = CNOT 36 42
[9969] = CNOT 36 43
[9970] = CNOT 36 48
[9971] = S 36
[9972] = Z 36
[9973] = CNOT 36 48
[9974] = CNOT 36 52
[9975] = S 36
[9976] = Z 36
[9977] = CNOT 36 52
[9978] = CNOT 36 82
[9979] = S 36
[9980] = Z 36
[9981] = CNOT 36 82
[9982] = CNOT 36 43
[9983] = CNOT 37 47
[9984] = CNOT 37 78
[9985] = S 37
[9986] = Z 37
[9987] = CNOT 37 78
[9988] = CNOT 37 85
[9989] = S 37
[9990] = Z 37
[9991] = CNOT 37 85
[9992] = CNOT 37 47
[9993] = CNOT 37 55
[9994] = CNOT 37 63
[9995] = S 37
[9996] = Z 37
[9997] = CNOT 37 63
[9998] = CNOT 37 71
[9999] = S 37
[10000] = Z 37
[10001] = CNOT 37 71
[10002] = CNOT 37 78
[10003] = S 37
[10004] = Z 37
[10005] = CNOT 37 78
[10006] = CNOT 37 55
[10007] = CNOT 37 59
[10008] = CNOT 37 67
[10009] = S 37
[10010] = Z 37
[10011] = CNOT 37 67
[10012] = CNOT 37 80
[10013] = S 37
[10014] = Z 37
[10015] = CNOT 37 80
[10016] = CNOT 37 59
[10017] = CNOT 37 63
[10018] = CNOT 37 71
[10019] = S 37
[10020] = Z 37
[10021] = CNOT 37 71
[10022] = CNOT 37 78
[10023] = S 37
[10024] = Z 37
[10025] = CNOT 37 78
[10026] = CNOT 37 63
[10027] = CNOT 37 67
[10028] = CNOT 37 80
[10029] = S 37
[10030] = Z 37
[10031] = CNOT 37 80
[10032] = CNOT 37 67
[10033] = CNOT 37 71
[10034] = CNOT 37 78
[10035] = S 37
[10036] = Z 37
[10037] = CNOT 37 78
[10038] = CNOT 37 71
[10039] = CNOT 37 75
[10040] = CNOT 37 80
[10041] = S 37
[10042] = Z 37
[10043] = CNOT 37 80
[10044] = CNOT 37 91
[10045] = S 37
[10046] = Z 37
[10047] = CNOT 37 91
[10048] = CNOT 37 75
[10049] = CNOT 37 78
[10050] = CNOT 37 85
[10051] = S 37
[10052] = Z 37
[10053] = CNOT 37 85
[10054] = CNOT 37 78
[10055] = CNOT 37 80
[10056] = CNOT 37 91
[10057] = S 37
[10058] = Z 37
[10059] = CNOT 37 91
[10060] = CNOT 37 80
[10061] = CNOT 39 41
[10062] = CNOT 39 42
[10063] = S 39
[10064] = Z 39
[10065] = CNOT 39 42
[10066] = CNOT 39 48
[10067] = S 39
[10068] = Z 39
[10069] = CNOT 39 48
[10070] = CNOT 39 52
[10071] = S 39
[10072] = Z 39
[10073] = CNOT 39 52
[10074] = CNOT 39 82
[10075] = S 39
[10076] = Z 39
[10077] = CNOT 39 82
[10078] = CNOT 39 41
[10079] = CNOT 39 42
[10080] = CNOT 39 45
[10081] = Z 39
[10082] = CNOT 39 45
[10083] = CNOT 39 48
[10084] = S 39
[10085] = CNOT 39 48
[10086] = CNOT 39 49
[10087] = Z 39
[10088] = CNOT 39 49
[10089] = CNOT 39 52
[10090] = S 39
[10091] = CNOT 39 52
[10092] = CNOT 39 53
[10093] = Z 39
[10094] = CNOT 39 53
[10095] = CNOT 39 61
[10096] = Z 39
[10097] = CNOT 39 61
[10098] = CNOT 39 69
[10099] = Z 39
[10100] = CNOT 39 69
[10101] = CNOT 39 82
[10102] = S 39
[10103] = CNOT 39 82
[10104] = CNOT 39 42
[10105] = CNOT 39 45
[10106] = CNOT 39 48
[10107] = Z 39
[10108] = CNOT 39 48
[10109] = CNOT 39 52
[10110] = Z 39
[10111] = CNOT 39 52
[10112] = CNOT 39 61
[10113] = S 39
[10114] = Z 39
[10115] = CNOT 39 61
[10116] = CNOT 39 69
[10117] = S 39
[10118] = Z 39
[10119] = CNOT 39 69
[10120] = CNOT 39 82
[10121] = Z 39
[10122] = CNOT 39 82
[10123] = CNOT 39 45
[10124] = CNOT 39 48
[10125] = CNOT 39 49
[10126] = Z 39
[10127] = CNOT 39 49
[10128] = CNOT 39 52
[10129] = S 39
[10130] = CNOT 39 52
[10131] = CNOT 39 53
[10132] = Z 39
[10133] = CNOT 39 53
[10134] = CNOT 39 61
[10135] = Z 39
[10136] = CNOT 39 61
[10137] = CNOT 39 69
[10138] = Z 39
[10139] = CNOT 39 69
[10140] = CNOT 39 82
[10141] = S 39
[10142] = CNOT 39 82
[10143] = CNOT 39 48
[10144] = CNOT 39 49
[10145] = CNOT 39 52
[10146] = Z 39
[10147] = CNOT 39 52
[10148] = CNOT 39 82
[10149] = Z 39
[10150] = CNOT 39 82
[10151] = CNOT 39 49
[10152] = CNOT 39 52
[10153] = CNOT 39 53
[10154] = Z 39
[10155] = CNOT 39 53
[10156] = CNOT 39 61
[10157] = Z 39
[10158] = CNOT 39 61
[10159] = CNOT 39 69
[10160] = Z 39
[10161] = CNOT 39 69
[10162] = CNOT 39 82
[10163] = S 39
[10164] = CNOT 39 52
[10165] = CNOT 39 53
[10166] = Z 39
[10167] = CNOT 39 82
[10168] = CNOT 39 53
[10169] = CNOT 39 61
[10170] = CNOT 39 69
[10171] = Z 39
[10172] = CNOT 39 69
[10173] = CNOT 39 82
[10174] = Z 39
[10175] = CNOT 39 61
[10176] = CNOT 39 69
[10177] = Z 39
[10178] = CNOT 39 82
[10179] = CNOT 39 69
[10180] = CNOT 40 41
[10181] = CNOT 40 42
[10182] = S 40
[10183] = Z 40
[10184] = CNOT 40 42
[10185] = CNOT 40 48
[10186] = S 40
[10187] = Z 40
[10188] = CNOT 40 48
[10189] = CNOT 40 52
[10190] = S 40
[10191] = Z 40
[10192] = CNOT 40 52
[10193] = CNOT 40 82
[10194] = S 40
[10195] = Z 40
[10196] = CNOT 40 82
[10197] = CNOT 40 41
[10198] = CNOT 40 42
[10199] = CNOT 40 43
[10200] = S 40
[10201] = Z 40
[10202] = CNOT 40 43
[10203] = CNOT 40 44
[10204] = S 40
[10205] = Z 40
[10206] = CNOT 40 44
[10207] = CNOT 40 46
[10208] = S 40
[10209] = Z 40
[10210] = CNOT 40 46
[10211] = CNOT 40 48
[10212] = S 40
[10213] = CNOT 40 48
[10214] = CNOT 40 52
[10215] = S 40
[10216] = CNOT 40 52
[10217] = CNOT 40 82
[10218] = S 40
[10219] = CNOT 40 82
[10220] = CNOT 40 42
[10221] = CNOT 40 43
[10222] = CNOT 40 48
[10223] = S 40
[10224] = Z 40
[10225] = CNOT 40 48
[10226] = CNOT 40 52
[10227] = S 40
[10228] = Z 40
[10229] = CNOT 40 52
[10230] = CNOT 40 82
[10231] = S 40
[10232] = Z 40
[10233] = CNOT 40 82
[10234] = CNOT 40 43
[10235] = CNOT 40 44
[10236] = CNOT 40 48
[10237] = S 40
[10238] = Z 40
[10239] = CNOT 40 48
[10240] = CNOT 40 52
[10241] = S 40
[10242] = Z 40
[10243] = CNOT 40 52
[10244] = CNOT 40 82
[10245] = S 40
[10246] = Z 40
[10247] = CNOT 40 82
[10248] = CNOT 40 44
[10249] = CNOT 40 46
[10250] = CNOT 40 48
[10251] = S 40
[10252] = Z 40
[10253] = CNOT 40 48
[10254] = CNOT 40 52
[10255] = S 40
[10256] = Z 40
[10257] = CNOT 40 52
[10258] = CNOT 40 82
[10259] = S 40
[10260] = Z 40
[10261] = CNOT 40 82
[10262] = CNOT 40 46
[10263] = CNOT 40 48
[10264] = CNOT 40 52
[10265] = S 40
[10266] = CNOT 40 52
[10267] = CNOT 40 82
[10268] = S 40
[10269] = CNOT 40 48
[10270] = CNOT 40 52
[10271] = S 40
[10272] = CNOT 40 82
[10273] = CNOT 40 52
[10274] = CNOT 41 42
[10275] = CNOT 41 46
[10276] = S 41
[10277] = Z 41
[10278] = CNOT 41 46
[10279] = CNOT 41 48
[10280] = S 41
[10281] = CNOT 41 48
[10282] = CNOT 41 52
[10283] = S 41
[10284] = CNOT 41 52
[10285] = CNOT 41 82
[10286] = S 41
[10287] = CNOT 41 82
[10288] = CNOT 41 42
[10289] = CNOT 41 46
[10290] = CNOT 41 48
[10291] = S 41
[10292] = Z 41
[10293] = CNOT 41 48
[10294] = CNOT 41 52
[10295] = S 41
[10296] = Z 41
[10297] = CNOT 41 52
[10298] = CNOT 41 82
[10299] = S 41
[10300] = Z 41
[10301] = CNOT 41 82
[10302] = CNOT 41 46
[10303] = CNOT 41 48
[10304] = CNOT 41 52
[10305] = S 41
[10306] = CNOT 41 52
[10307] = CNOT 41 82
[10308] = S 41
[10309] = CNOT 41 48
[10310] = CNOT 41 52
[10311] = S 41
[10312] = CNOT 41 82
[10313] = CNOT 41 52
[10314] = CNOT 42 43
[10315] = CNOT 42 44
[10316] = S 42
[10317] = Z 42
[10318] = CNOT 42 44
[10319] = CNOT 42 48
[10320] = Z 42
[10321] = CNOT 42 48
[10322] = CNOT 42 52
[10323] = Z 42
[10324] = CNOT 42 52
[10325] = CNOT 42 82
[10326] = Z 42
[10327] = CNOT 42 82
[10328] = CNOT 42 43
[10329] = CNOT 42 44
[10330] = CNOT 42 48
[10331] = Z 42
[10332] = CNOT 42 48
[10333] = CNOT 42 52
[10334] = Z 42
[10335] = CNOT 42 52
[10336] = CNOT 42 82
[10337] = Z 42
[10338] = CNOT 42 82
[10339] = CNOT 42 44
[10340] = CNOT 42 45
[10341] = CNOT 42 48
[10342] = Z 42
[10343] = CNOT 42 48
[10344] = CNOT 42 52
[10345] = Z 42
[10346] = CNOT 42 52
[10347] = CNOT 42 61
[10348] = S 42
[10349] = Z 42
[10350] = CNOT 42 61
[10351] = CNOT 42 69
[10352] = S 42
[10353] = Z 42
[10354] = CNOT 42 69
[10355] = CNOT 42 82
[10356] = Z 42
[10357] = CNOT 42 82
[10358] = CNOT 42 45
[10359] = CNOT 42 46
[10360] = CNOT 42 48
[10361] = Z 42
[10362] = CNOT 42 48
[10363] = CNOT 42 52
[10364] = Z 42
[10365] = CNOT 42 52
[10366] = CNOT 42 82
[10367] = Z 42
[10368] = CNOT 42 82
[10369] = CNOT 42 46
[10370] = CNOT 42 48
[10371] = CNOT 42 49
[10372] = Z 42
[10373] = CNOT 42 49
[10374] = CNOT 42 52
[10375] = S 42
[10376] = Z 42
[10377] = CNOT 42 52
[10378] = CNOT 42 53
[10379] = Z 42
[10380] = CNOT 42 53
[10381] = CNOT 42 61
[10382] = Z 42
[10383] = CNOT 42 61
[10384] = CNOT 42 69
[10385] = Z 42
[10386] = CNOT 42 69
[10387] = CNOT 42 82
[10388] = S 42
[10389] = Z 42
[10390] = CNOT 42 82
[10391] = CNOT 42 48
[10392] = CNOT 42 49
[10393] = CNOT 42 52
[10394] = Z 42
[10395] = CNOT 42 52
[10396] = CNOT 42 82
[10397] = Z 42
[10398] = CNOT 42 82
[10399] = CNOT 42 49
[10400] = CNOT 42 52
[10401] = CNOT 42 53
[10402] = Z 42
[10403] = CNOT 42 53
[10404] = CNOT 42 61
[10405] = Z 42
[10406] = CNOT 42 61
[10407] = CNOT 42 69
[10408] = Z 42
[10409] = CNOT 42 69
[10410] = CNOT 42 82
[10411] = S 42
[10412] = Z 42
[10413] = CNOT 42 52
[10414] = CNOT 42 53
[10415] = Z 42
[10416] = CNOT 42 82
[10417] = CNOT 42 53
[10418] = CNOT 42 61
[10419] = CNOT 42 69
[10420] = Z 42
[10421] = CNOT 42 69
[10422] = CNOT 42 82
[10423] = Z 42
[10424] = CNOT 42 61
[10425] = CNOT 42 69
[10426] = Z 42
[10427] = CNOT 42 82
[10428] = CNOT 42 69
[10429] = CNOT 43 44
[10430] = CNOT 43 48
[10431] = S 43
[10432] = Z 43
[10433] = CNOT 43 48
[10434] = CNOT 43 52
[10435] = S 43
[10436] = Z 43
[10437] = CNOT 43 52
[10438] = CNOT 43 82
[10439] = S 43
[10440] = Z 43
[10441] = CNOT 43 82
[10442] = CNOT 43 44
[10443] = CNOT 43 48
[10444] = CNOT 43 54
[10445] = Z 43
[10446] = CNOT 43 54
[10447] = CNOT 43 56
[10448] = Z 43
[10449] = CNOT 43 56
[10450] = CNOT 43 62
[10451] = Z 43
[10452] = CNOT 43 62
[10453] = CNOT 43 64
[10454] = Z 43
[10455] = CNOT 43 64
[10456] = CNOT 43 70
[10457] = Z 43
[10458] = CNOT 43 70
[10459] = CNOT 43 72
[10460] = Z 43
[10461] = CNOT 43 72
[10462] = CNOT 43 76
[10463] = S 43
[10464] = Z 43
[10465] = CNOT 43 76
[10466] = CNOT 43 77
[10467] = Z 43
[10468] = CNOT 43 77
[10469] = CNOT 43 79
[10470] = Z 43
[10471] = CNOT 43 79
[10472] = CNOT 43 81
[10473] = S 43
[10474] = CNOT 43 81
[10475] = CNOT 43 84
[10476] = Z 43
[10477] = CNOT 43 84
[10478] = CNOT 43 86
[10479] = Z 43
[10480] = CNOT 43 86
[10481] = CNOT 43 92
[10482] = S 43
[10483] = Z 43
[10484] = CNOT 43 92
[10485] = CNOT 43 48
[10486] = CNOT 43 52
[10487] = CNOT 43 54
[10488] = Z 43
[10489] = CNOT 43 54
[10490] = CNOT 43 56
[10491] = Z 43
[10492] = CNOT 43 56
[10493] = CNOT 43 60
[10494] = S 43
[10495] = Z 43
[10496] = CNOT 43 60
[10497] = CNOT 43 62
[10498] = Z 43
[10499] = CNOT 43 62
[10500] = CNOT 43 64
[10501] = Z 43
[10502] = CNOT 43 64
[10503] = CNOT 43 68
[10504] = S 43
[10505] = Z 43
[10506] = CNOT 43 68
[10507] = CNOT 43 70
[10508] = Z 43
[10509] = CNOT 43 70
[10510] = CNOT 43 72
[10511] = Z 43
[10512] = CNOT 43 72
[10513] = CNOT 43 77
[10514] = Z 43
[10515] = CNOT 43 77
[10516] = CNOT 43 79
[10517] = Z 43
[10518] = CNOT 43 79
[10519] = CNOT 43 81
[10520] = S 43
[10521] = CNOT 43 81
[10522] = CNOT 43 84
[10523] = Z 43
[10524] = CNOT 43 84
[10525] = CNOT 43 52
[10526] = CNOT 43 54
[10527] = CNOT 43 62
[10528] = Z 43
[10529] = CNOT 43 62
[10530] = CNOT 43 70
[10531] = Z 43
[10532] = CNOT 43 70
[10533] = CNOT 43 77
[10534] = S 43
[10535] = Z 43
[10536] = CNOT 43 77
[10537] = CNOT 43 84
[10538] = S 43
[10539] = Z 43
[10540] = CNOT 43 84
[10541] = CNOT 43 54
[10542] = CNOT 43 56
[10543] = CNOT 43 64
[10544] = S 43
[10545] = CNOT 43 64
[10546] = CNOT 43 72
[10547] = S 43
[10548] = CNOT 43 72
[10549] = CNOT 43 79
[10550] = S 43
[10551] = Z 43
[10552] = CNOT 43 79
[10553] = CNOT 43 81
[10554] = Z 43
[10555] = CNOT 43 81
[10556] = CNOT 43 82
[10557] = S 43
[10558] = Z 43
[10559] = CNOT 43 82
[10560] = CNOT 43 56
[10561] = CNOT 43 60
[10562] = CNOT 43 68
[10563] = S 43
[10564] = Z 43
[10565] = CNOT 43 68
[10566] = CNOT 43 60
[10567] = CNOT 43 62
[10568] = CNOT 43 70
[10569] = Z 43
[10570] = CNOT 43 70
[10571] = CNOT 43 77
[10572] = S 43
[10573] = Z 43
[10574] = CNOT 43 77
[10575] = CNOT 43 84
[10576] = S 43
[10577] = Z 43
[10578] = CNOT 43 84
[10579] = CNOT 43 62
[10580] = CNOT 43 64
[10581] = CNOT 43 72
[10582] = S 43
[10583] = CNOT 43 72
[10584] = CNOT 43 79
[10585] = S 43
[10586] = Z 43
[10587] = CNOT 43 79
[10588] = CNOT 43 81
[10589] = Z 43
[10590] = CNOT 43 81
[10591] = CNOT 43 82
[10592] = S 43
[10593] = Z 43
[10594] = CNOT 43 82
[10595] = CNOT 43 64
[10596] = CNOT 43 70
[10597] = CNOT 43 77
[10598] = S 43
[10599] = Z 43
[10600] = CNOT 43 77
[10601] = CNOT 43 84
[10602] = S 43
[10603] = Z 43
[10604] = CNOT 43 84
[10605] = CNOT 43 70
[10606] = CNOT 43 72
[10607] = CNOT 43 79
[10608] = S 43
[10609] = Z 43
[10610] = CNOT 43 79
[10611] = CNOT 43 81
[10612] = Z 43
[10613] = CNOT 43 81
[10614] = CNOT 43 82
[10615] = S 43
[10616] = Z 43
[10617] = CNOT 43 82
[10618] = CNOT 43 72
[10619] = CNOT 43 76
[10620] = CNOT 43 86
[10621] = S 43
[10622] = Z 43
[10623] = CNOT 43 86
[10624] = CNOT 43 92
[10625] = S 43
[10626] = Z 43
[10627] = CNOT 43 92
[10628] = CNOT 43 76
[10629] = CNOT 43 77
[10630] = CNOT 43 84
[10631] = S 43
[10632] = Z 43
[10633] = CNOT 43 84
[10634] = CNOT 43 77
[10635] = CNOT 43 79
[10636] = CNOT 43 81
[10637] = Z 43
[10638] = CNOT 43 81
[10639] = CNOT 43 82
[10640] = S 43
[10641] = Z 43
[10642] = CNOT 43 79
[10643] = CNOT 43 81
[10644] = S 43
[10645] = Z 43
[10646] = CNOT 43 82
[10647] = CNOT 43 81
[10648] = CNOT 43 86
[10649] = CNOT 43 92
[10650] = S 43
[10651] = Z 43
[10652] = CNOT 43 92
[10653] = CNOT 43 86
[10654] = CNOT 44 48
[10655] = CNOT 44 52
[10656] = Z 44
[10657] = CNOT 44 52
[10658] = CNOT 44 82
[10659] = Z 44
[10660] = CNOT 44 48
[10661] = CNOT 44 52
[10662] = Z 44
[10663] = CNOT 44 82
[10664] = CNOT 44 52
[10665] = CNOT 45 48
[10666] = CNOT 45 52
[10667] = Z 45
[10668] = CNOT 45 52
[10669] = CNOT 45 61
[10670] = S 45
[10671] = Z 45
[10672] = CNOT 45 61
[10673] = CNOT 45 69
[10674] = S 45
[10675] = Z 45
[10676] = CNOT 45 69
[10677] = CNOT 45 82
[10678] = Z 45
[10679] = CNOT 45 82
[10680] = CNOT 45 48
[10681] = CNOT 45 52
[10682] = CNOT 45 61
[10683] = S 45
[10684] = Z 45
[10685] = CNOT 45 61
[10686] = CNOT 45 69
[10687] = S 45
[10688] = Z 45
[10689] = CNOT 45 69
[10690] = CNOT 45 82
[10691] = Z 45
[10692] = CNOT 45 82
[10693] = CNOT 45 52
[10694] = CNOT 45 61
[10695] = CNOT 45 69
[10696] = S 45
[10697] = Z 45
[10698] = CNOT 45 69
[10699] = CNOT 45 82
[10700] = S 45
[10701] = Z 45
[10702] = CNOT 45 61
[10703] = CNOT 45 69
[10704] = S 45
[10705] = Z 45
[10706] = CNOT 45 82
[10707] = CNOT 45 69
[10708] = CNOT 46 48
[10709] = CNOT 46 52
[10710] = Z 46
[10711] = CNOT 46 52
[10712] = CNOT 46 82
[10713] = Z 46
[10714] = CNOT 46 48
[10715] = CNOT 46 52
[10716] = Z 46
[10717] = CNOT 46 82
[10718] = CNOT 46 52
[10719] = CNOT 47 55
[10720] = CNOT 47 63
[10721] = S 47
[10722] = Z 47
[10723] = CNOT 47 63
[10724] = CNOT 47 71
[10725] = S 47
[10726] = Z 47
[10727] = CNOT 47 71
[10728] = CNOT 47 85
[10729] = S 47
[10730] = Z 47
[10731] = CNOT 47 85
[10732] = CNOT 47 55
[10733] = CNOT 47 59
[10734] = CNOT 47 67
[10735] = Z 47
[10736] = CNOT 47 67
[10737] = CNOT 47 80
[10738] = Z 47
[10739] = CNOT 47 80
[10740] = CNOT 47 59
[10741] = CNOT 47 63
[10742] = CNOT 47 71
[10743] = S 47
[10744] = Z 47
[10745] = CNOT 47 71
[10746] = CNOT 47 85
[10747] = S 47
[10748] = Z 47
[10749] = CNOT 47 85
[10750] = CNOT 47 63
[10751] = CNOT 47 67
[10752] = CNOT 47 80
[10753] = Z 47
[10754] = CNOT 47 80
[10755] = CNOT 47 67
[10756] = CNOT 47 71
[10757] = CNOT 47 85
[10758] = S 47
[10759] = Z 47
[10760] = CNOT 47 71
[10761] = CNOT 47 78
[10762] = Z 47
[10763] = CNOT 47 78
[10764] = CNOT 48 49
[10765] = CNOT 48 52
[10766] = Z 48
[10767] = CNOT 48 52
[10768] = CNOT 48 82
[10769] = Z 48
[10770] = CNOT 48 82
[10771] = CNOT 48 49
[10772] = CNOT 48 52
[10773] = CNOT 48 53
[10774] = Z 48
[10775] = CNOT 48 53
[10776] = CNOT 48 54
[10777] = Z 48
[10778] = CNOT 48 54
[10779] = CNOT 48 56
[10780] = Z 48
[10781] = CNOT 48 56
[10782] = CNOT 48 61
[10783] = Z 48
[10784] = CNOT 48 61
[10785] = CNOT 48 62
[10786] = Z 48
[10787] = CNOT 48 62
[10788] = CNOT 48 64
[10789] = Z 48
[10790] = CNOT 48 64
[10791] = CNOT 48 69
[10792] = Z 48
[10793] = CNOT 48 69
[10794] = CNOT 48 70
[10795] = Z 48
[10796] = CNOT 48 70
[10797] = CNOT 48 72
[10798] = Z 48
[10799] = CNOT 48 72
[10800] = CNOT 48 77
[10801] = Z 48
[10802] = CNOT 48 77
[10803] = CNOT 48 79
[10804] = Z 48
[10805] = CNOT 48 79
[10806] = CNOT 48 84
[10807] = Z 48
[10808] = CNOT 48 84
[10809] = CNOT 48 52
[10810] = CNOT 48 53
[10811] = CNOT 48 82
[10812] = Z 48
[10813] = CNOT 48 82
[10814] = CNOT 48 53
[10815] = CNOT 48 54
[10816] = CNOT 48 62
[10817] = Z 48
[10818] = CNOT 48 62
[10819] = CNOT 48 70
[10820] = Z 48
[10821] = CNOT 48 70
[10822] = CNOT 48 77
[10823] = S 48
[10824] = Z 48
[10825] = CNOT 48 77
[10826] = CNOT 48 84
[10827] = S 48
[10828] = Z 48
[10829] = CNOT 48 84
[10830] = CNOT 48 54
[10831] = CNOT 48 56
[10832] = CNOT 48 64
[10833] = S 48
[10834] = CNOT 48 64
[10835] = CNOT 48 72
[10836] = S 48
[10837] = CNOT 48 72
[10838] = CNOT 48 81
[10839] = Z 48
[10840] = CNOT 48 81
[10841] = CNOT 48 82
[10842] = S 48
[10843] = Z 48
[10844] = CNOT 48 82
[10845] = CNOT 48 86
[10846] = S 48
[10847] = Z 48
[10848] = CNOT 48 86
[10849] = CNOT 48 56
[10850] = CNOT 48 61
[10851] = CNOT 48 69
[10852] = Z 48
[10853] = CNOT 48 69
[10854] = CNOT 48 82
[10855] = Z 48
[10856] = CNOT 48 82
[10857] = CNOT 48 61
[10858] = CNOT 48 62
[10859] = CNOT 48 70
[10860] = Z 48
[10861] = CNOT 48 70
[10862] = CNOT 48 77
[10863] = S 48
[10864] = Z 48
[10865] = CNOT 48 77
[10866] = CNOT 48 84
[10867] = S 48
[10868] = Z 48
[10869] = CNOT 48 84
[10870] = CNOT 48 62
[10871] = CNOT 48 64
[10872] = CNOT 48 72
[10873] = S 48
[10874] = CNOT 48 72
[10875] = CNOT 48 81
[10876] = Z 48
[10877] = CNOT 48 81
[10878] = CNOT 48 82
[10879] = S 48
[10880] = Z 48
[10881] = CNOT 48 82
[10882] = CNOT 48 86
[10883] = S 48
[10884] = Z 48
[10885] = CNOT 48 86
[10886] = CNOT 48 64
[10887] = CNOT 48 69
[10888] = CNOT 48 82
[10889] = Z 48
[10890] = CNOT 48 82
[10891] = CNOT 48 69
[10892] = CNOT 48 70
[10893] = CNOT 48 77
[10894] = S 48
[10895] = Z 48
[10896] = CNOT 48 77
[10897] = CNOT 48 84
[10898] = S 48
[10899] = Z 48
[10900] = CNOT 48 84
[10901] = CNOT 48 70
[10902] = CNOT 48 72
[10903] = CNOT 48 81
[10904] = Z 48
[10905] = CNOT 48 81
[10906] = CNOT 48 82
[10907] = S 48
[10908] = Z 48
[10909] = CNOT 48 82
[10910] = CNOT 48 86
[10911] = S 48
[10912] = Z 48
[10913] = CNOT 48 72
[10914] = CNOT 48 76
[10915] = Z 48
[10916] = CNOT 48 86
[10917] = CNOT 48 92
[10918] = Z 48
[10919] = CNOT 48 92
[10920] = CNOT 48 76
[10921] = CNOT 48 77
[10922] = CNOT 48 84
[10923] = S 48
[10924] = Z 48
[10925] = CNOT 48 84
[10926] = CNOT 48 77
[10927] = CNOT 48 79
[10928] = CNOT 48 81
[10929] = Z 48
[10930] = CNOT 48 81
[10931] = CNOT 48 82
[10932] = S 48
[10933] = Z 48
[10934] = CNOT 48 79
[10935] = CNOT 48 81
[10936] = Z 48
[10937] = CNOT 48 82
[10938] = CNOT 48 81
[10939] = CNOT 48 86
[10940] = CNOT 48 92
[10941] = Z 48
[10942] = CNOT 48 92
[10943] = CNOT 49 52
[10944] = CNOT 49 82
[10945] = Z 49
[10946] = CNOT 49 82
[10947] = CNOT 49 52
[10948] = CNOT 50 58
[10949] = CNOT 50 66
[10950] = Z 50
[10951] = CNOT 50 66
[10952] = CNOT 50 74
[10953] = Z 50
[10954] = CNOT 50 74
[10955] = CNOT 50 90
[10956] = Z 50
[10957] = CNOT 50 90
[10958] = CNOT 50 58
[10959] = CNOT 50 66
[10960] = CNOT 50 74
[10961] = Z 50
[10962] = CNOT 50 74
[10963] = CNOT 50 90
[10964] = Z 50
[10965] = CNOT 50 66
[10966] = CNOT 50 74
[10967] = Z 50
[10968] = CNOT 50 90
[10969] = CNOT 50 74
[10970] = CNOT 51 59
[10971] = CNOT 51 67
[10972] = Z 51
[10973] = CNOT 51 67
[10974] = CNOT 51 80
[10975] = Z 51
[10976] = CNOT 51 59
[10977] = CNOT 51 67
[10978] = Z 51
[10979] = CNOT 51 80
[10980] = CNOT 51 67
[10981] = CNOT 52 53
[10982] = CNOT 52 82
[10983] = Z 52
[10984] = CNOT 52 82
[10985] = CNOT 52 53
[10986] = CNOT 52 54
[10987] = CNOT 52 62
[10988] = Z 52
[10989] = CNOT 52 62
[10990] = CNOT 52 70
[10991] = Z 52
[10992] = CNOT 52 70
[10993] = CNOT 52 77
[10994] = S 52
[10995] = Z 52
[10996] = CNOT 52 77
[10997] = CNOT 52 84
[10998] = S 52
[10999] = Z 52
[11000] = CNOT 52 84
[11001] = CNOT 52 54
[11002] = CNOT 52 56
[11003] = CNOT 52 64
[11004] = Z 52
[11005] = CNOT 52 64
[11006] = CNOT 52 72
[11007] = Z 52
[11008] = CNOT 52 72
[11009] = CNOT 52 79
[11010] = S 52
[11011] = Z 52
[11012] = CNOT 52 79
[11013] = CNOT 52 81
[11014] = Z 52
[11015] = CNOT 52 81
[11016] = CNOT 52 82
[11017] = S 52
[11018] = Z 52
[11019] = CNOT 52 82
[11020] = CNOT 52 56
[11021] = CNOT 52 60
[11022] = CNOT 52 68
[11023] = Z 52
[11024] = CNOT 52 68
[11025] = CNOT 52 60
[11026] = CNOT 52 61
[11027] = CNOT 52 69
[11028] = Z 52
[11029] = CNOT 52 69
[11030] = CNOT 52 82
[11031] = Z 52
[11032] = CNOT 52 82
[11033] = CNOT 52 61
[11034] = CNOT 52 62
[11035] = CNOT 52 70
[11036] = Z 52
[11037] = CNOT 52 70
[11038] = CNOT 52 77
[11039] = S 52
[11040] = Z 52
[11041] = CNOT 52 77
[11042] = CNOT 52 84
[11043] = S 52
[11044] = Z 52
[11045] = CNOT 52 84
[11046] = CNOT 52 62
[11047] = CNOT 52 64
[11048] = CNOT 52 72
[11049] = Z 52
[11050] = CNOT 52 72
[11051] = CNOT 52 79
[11052] = S 52
[11053] = Z 52
[11054] = CNOT 52 79
[11055] = CNOT 52 81
[11056] = Z 52
[11057] = CNOT 52 81
[11058] = CNOT 52 82
[11059] = S 52
[11060] = Z 52
[11061] = CNOT 52 64
[11062] = CNOT 52 69
[11063] = Z 52
[11064] = CNOT 52 82
[11065] = CNOT 52 69
[11066] = CNOT 52 70
[11067] = CNOT 52 77
[11068] = S 52
[11069] = Z 52
[11070] = CNOT 52 77
[11071] = CNOT 52 84
[11072] = S 52
[11073] = Z 52
[11074] = CNOT 52 84
[11075] = CNOT 52 70
[11076] = CNOT 52 72
[11077] = CNOT 52 79
[11078] = S 52
[11079] = Z 52
[11080] = CNOT 52 79
[11081] = CNOT 52 81
[11082] = Z 52
[11083] = CNOT 52 81
[11084] = CNOT 52 82
[11085] = S 52
[11086] = Z 52
[11087] = CNOT 52 82
[11088] = CNOT 52 72
[11089] = CNOT 52 77
[11090] = CNOT 52 84
[11091] = S 52
[11092] = Z 52
[11093] = CNOT 52 84
[11094] = CNOT 52 77
[11095] = CNOT 52 79
[11096] = CNOT 52 81
[11097] = Z 52
[11098] = CNOT 52 81
[11099] = CNOT 52 82
[11100] = S 52
[11101] = Z 52
[11102] = CNOT 52 79
[11103] = CNOT 52 81
[11104] = Z 52
[11105] = CNOT 52 82
[11106] = CNOT 52 81
[11107] = CNOT 54 62
[11108] = CNOT 54 70
[11109] = Z 54
[11110] = CNOT 54 70
[11111] = CNOT 54 77
[11112] = S 54
[11113] = Z 54
[11114] = CNOT 54 77
[11115] = CNOT 54 84
[11116] = S 54
[11117] = Z 54
[11118] = CNOT 54 84
[11119] = CNOT 54 62
[11120] = CNOT 54 70
[11121] = CNOT 54 77
[11122] = S 54
[11123] = Z 54
[11124] = CNOT 54 77
[11125] = CNOT 54 84
[11126] = S 54
[11127] = Z 54
[11128] = CNOT 54 84
[11129] = CNOT 54 70
[11130] = CNOT 55 63
[11131] = CNOT 55 71
[11132] = S 55
[11133] = CNOT 55 71
[11134] = CNOT 55 78
[11135] = Z 55
[11136] = CNOT 55 78
[11137] = CNOT 55 83
[11138] = S 55
[11139] = Z 55
[11140] = CNOT 55 83
[11141] = CNOT 55 85
[11142] = S 55
[11143] = Z 55
[11144] = CNOT 55 85
[11145] = CNOT 55 63
[11146] = CNOT 55 71
[11147] = CNOT 55 78
[11148] = Z 55
[11149] = CNOT 55 78
[11150] = CNOT 55 83
[11151] = S 55
[11152] = Z 55
[11153] = CNOT 55 83
[11154] = CNOT 55 85
[11155] = S 55
[11156] = Z 55
[11157] = CNOT 55 85
[11158] = CNOT 55 71
[11159] = CNOT 56 64
[11160] = CNOT 56 79
[11161] = S 56
[11162] = Z 56
[11163] = CNOT 56 79
[11164] = CNOT 56 81
[11165] = Z 56
[11166] = CNOT 56 81
[11167] = CNOT 56 82
[11168] = S 56
[11169] = Z 56
[11170] = CNOT 56 82
[11171] = CNOT 56 86
[11172] = S 56
[11173] = Z 56
[11174] = CNOT 56 86
[11175] = CNOT 56 64
[11176] = CNOT 56 72
[11177] = CNOT 56 79
[11178] = S 56
[11179] = Z 56
[11180] = CNOT 56 79
[11181] = CNOT 56 81
[11182] = Z 56
[11183] = CNOT 56 81
[11184] = CNOT 56 82
[11185] = S 56
[11186] = Z 56
[11187] = CNOT 56 82
[11188] = CNOT 56 86
[11189] = S 56
[11190] = Z 56
[11191] = CNOT 56 86
[11192] = CNOT 56 72
[11193] = CNOT 56 79
[11194] = CNOT 56 81
[11195] = S 56
[11196] = Z 56
[11197] = CNOT 56 81
[11198] = CNOT 56 86
[11199] = S 56
[11200] = CNOT 56 86
[11201] = CNOT 56 79
[11202] = CNOT 56 81
[11203] = CNOT 56 82
[11204] = S 56
[11205] = Z 56
[11206] = CNOT 56 82
[11207] = CNOT 56 81
[11208] = CNOT 58 66
[11209] = CNOT 58 74
[11210] = Z 58
[11211] = CNOT 58 74
[11212] = CNOT 58 90
[11213] = Z 58
[11214] = CNOT 58 66
[11215] = CNOT 58 74
[11216] = Z 58
[11217] = CNOT 58 90
[11218] = CNOT 58 74
[11219] = CNOT 59 67
[11220] = CNOT 59 80
[11221] = Z 59
[11222] = CNOT 59 80
[11223] = CNOT 59 67
[11224] = CNOT 61 69
[11225] = CNOT 61 82
[11226] = Z 61
[11227] = CNOT 61 82
[11228] = CNOT 61 69
[11229] = CNOT 62 70
[11230] = CNOT 62 77
[11231] = S 62
[11232] = Z 62
[11233] = CNOT 62 77
[11234] = CNOT 62 84
[11235] = S 62
[11236] = Z 62
[11237] = CNOT 62 84
[11238] = CNOT 62 70
[11239] = CNOT 63 71
[11240] = CNOT 63 78
[11241] = Z 63
[11242] = CNOT 63 78
[11243] = CNOT 63 83
[11244] = S 63
[11245] = Z 63
[11246] = CNOT 63 83
[11247] = CNOT 63 85
[11248] = S 63
[11249] = Z 63
[11250] = CNOT 63 85
[11251] = CNOT 63 71
[11252] = CNOT 64 72
[11253] = CNOT 64 79
[11254] = S 64
[11255] = Z 64
[11256] = CNOT 64 79
[11257] = CNOT 64 81
[11258] = Z 64
[11259] = CNOT 64 81
[11260] = CNOT 64 82
[11261] = S 64
[11262] = Z 64
[11263] = CNOT 64 82
[11264] = CNOT 64 86
[11265] = S 64
[11266] = Z 64
[11267] = CNOT 64 86
[11268] = CNOT 64 72
[11269] = CNOT 64 79
[11270] = CNOT 64 81
[11271] = S 64
[11272] = Z 64
[11273] = CNOT 64 81
[11274] = CNOT 64 86
[11275] = S 64
[11276] = CNOT 64 86
[11277] = CNOT 64 79
[11278] = CNOT 64 81
[11279] = CNOT 64 82
[11280] = S 64
[11281] = Z 64
[11282] = CNOT 64 82
[11283] = CNOT 64 81
[11284] = CNOT 66 74
[11285] = CNOT 66 90
[11286] = Z 66
[11287] = CNOT 66 90
[11288] = CNOT 66 74
[11289] = CNOT 72 79
[11290] = CNOT 72 81
[11291] = S 72
[11292] = Z 72
[11293] = CNOT 72 81
[11294] = CNOT 72 86
[11295] = S 72
[11296] = CNOT 72 86
[11297] = CNOT 72 79
[11298] = CNOT 72 81
[11299] = CNOT 72 82
[11300] = S 72
[11301] = Z 72
[11302] = CNOT 72 82
[11303] = CNOT 72 81
[11304] = CNOT 75 80
[11305] = CNOT 75 91
[11306] = Z 75
[11307] = CNOT 75 91
[11308] = CNOT 75 80
[11309] = CNOT 76 86
[11310] = CNOT 76 92
[11311] = Z 76
[11312] = CNOT 76 92
[11313] = CNOT 76 86
[11314] = CNOT 79 81
[11315] = CNOT 79 82
[11316] = S 79
[11317] = Z 79
[11318] = CNOT 79 82
[11319] = CNOT 79 81
[11320] = CNOT 92 95
[11321] = CNOT 89 95
[11322] = CNOT 79 95
[11323] = CNOT 76 95
[11324] = CNOT 72 95
[11325] = CNOT 68 95
[11326] = CNOT 64 95
[11327] = CNOT 60 95
[11328] = CNOT 56 95
[11329] = CNOT 52 95
[11330] = CNOT 31 95
[11331] = CNOT 27 95
[11332] = CNOT 16 95
[11333] = CNOT 15 95
[11334] = CNOT 14 95
[11335] = CNOT 91 94
[11336] = CNOT 88 94
[11337] = CNOT 78 94
[11338] = CNOT 75 94
[11339] = CNOT 71 94
[11340] = CNOT 67 94
[11341] = CNOT 63 94
[11342] = CNOT 59 94
[11343] = CNOT 55 94
[11344] = CNOT 51 94
[11345] = CNOT 30 94
[11346] = CNOT 26 94
[11347] = CNOT 10 94
[11348] = CNOT 9 94
[11349] = CNOT 8 94
[11350] = CNOT 90 93
[11351] = CNOT 87 93
[11352] = CNOT 77 93
[11353] = CNOT 74 93
[11354] = CNOT 70 93
[11355] = CNOT 66 93
[11356] = CNOT 62 93
[11357] = CNOT 58 93
[11358] = CNOT 54 93
[11359] = CNOT 50 93
[11360] = CNOT 29 93
[11361] = CNOT 25 93
[11362] = CNOT 5 93
[11363] = CNOT 4 93
[11364] = CNOT 3 93
[11365] = CNOT 95 92
[11366] = CNOT 92 95
[11367] = CNOT 94 91
[11368] = CNOT 91 94
[11369] = CNOT 93 90
[11370] = CNOT 90 93
[11371] = CNOT 82 89
[11372] = CNOT 45 89
[11373] = CNOT 44 89
[11374] = CNOT 39 89
[11375] = CNOT 35 89
[11376] = CNOT 19 89
[11377] = CNOT 16 89
[11378] = CNOT 83 88
[11379] = CNOT 43 88
[11380] = CNOT 34 88
[11381] = CNOT 12 88
[11382] = CNOT 10 88
[11383] = CNOT 84 87
[11384] = CNOT 37 87
[11385] = CNOT 33 87
[11386] = CNOT 6 87
[11387] = CNOT 5 87
[11388] = CNOT 81 86
[11389] = CNOT 40 86
[11390] = CNOT 17 86
[11391] = CNOT 80 85
[11392] = CNOT 38 85
[11393] = CNOT 11 85
[11394] = CNOT 87 84
[11395] = CNOT 84 87
[11396] = CNOT 88 83
[11397] = CNOT 83 88
[11398] = CNOT 89 82
[11399] = CNOT 82 89
[11400] = CNOT 86 81
[11401] = CNOT 81 86
[11402] = CNOT 85 80
[11403] = CNOT 80 85
[11404] = CNOT 92 79
[11405] = CNOT 79 92
[11406] = CNOT 91 78
[11407] = CNOT 78 91
[11408] = CNOT 90 77
[11409] = CNOT 77 90
[11410] = CNOT 79 76
[11411] = CNOT 76 79
[11412] = CNOT 78 75
[11413] = CNOT 75 78
[11414] = CNOT 77 74
[11415] = CNOT 74 77
[11416] = CNOT 69 73
[11417] = CNOT 65 73
[11418] = CNOT 61 73
[11419] = CNOT 57 73
[11420] = CNOT 53 73
[11421] = CNOT 32 73
[11422] = CNOT 28 73
[11423] = CNOT 23 73
[11424] = CNOT 22 73
[11425] = CNOT 21 73
[11426] = CNOT 76 72
[11427] = CNOT 14 72
[11428] = CNOT 72 76
[11429] = CNOT 75 71
[11430] = CNOT 8 71
[11431] = CNOT 71 75
[11432] = CNOT 74 70
[11433] = CNOT 3 70
[11434] = CNOT 70 74
[11435] = CNOT 73 69
[11436] = CNOT 69 73
[11437] = CNOT 72 68
[11438] = CNOT 68 72
[11439] = CNOT 71 67
[11440] = CNOT 67 71
[11441] = CNOT 70 66
[11442] = CNOT 66 70
[11443] = CNOT 69 65
[11444] = CNOT 21 65
[11445] = CNOT 65 69
[11446] = CNOT 68 64
[11447] = CNOT 14 64
[11448] = CNOT 64 68
[11449] = CNOT 67 63
[11450] = CNOT 8 63
[11451] = CNOT 63 67
[11452] = CNOT 66 62
[11453] = CNOT 3 62
[11454] = CNOT 62 66
[11455] = CNOT 65 61
[11456] = CNOT 61 65
[11457] = CNOT 64 60
[11458] = CNOT 60 64
[11459] = CNOT 63 59
[11460] = CNOT 59 63
[11461] = CNOT 62 58
[11462] = CNOT 58 62
[11463] = CNOT 61 57
[11464] = CNOT 21 57
[11465] = CNOT 57 61
[11466] = CNOT 60 56
[11467] = CNOT 14 56
[11468] = CNOT 56 60
[11469] = CNOT 59 55
[11470] = CNOT 8 55
[11471] = CNOT 55 59
[11472] = CNOT 58 54
[11473] = CNOT 3 54
[11474] = CNOT 54 58
[11475] = CNOT 57 53
[11476] = CNOT 53 57
[11477] = CNOT 56 52
[11478] = CNOT 52 56
[11479] = CNOT 55 51
[11480] = CNOT 51 55
[11481] = CNOT 54 50
[11482] = CNOT 50 54
[11483] = CNOT 41 49
[11484] = CNOT 24 49
[11485] = CNOT 81 48
[11486] = CNOT 48 81
[11487] = CNOT 80 47
[11488] = CNOT 47 80
[11489] = CNOT 42 46
[11490] = CNOT 18 46
[11491] = CNOT 82 45
[11492] = CNOT 19 45
[11493] = CNOT 45 82
[11494] = CNOT 45 44
[11495] = CNOT 44 45
[11496] = CNOT 83 43
[11497] = CNOT 12 43
[11498] = CNOT 43 83
[11499] = CNOT 46 42
[11500] = CNOT 42 46
[11501] = CNOT 49 41
[11502] = CNOT 41 49
[11503] = CNOT 48 40
[11504] = CNOT 40 48
[11505] = CNOT 44 39
[11506] = CNOT 39 44
[11507] = CNOT 47 38
[11508] = CNOT 38 47
[11509] = CNOT 84 37
[11510] = CNOT 6 37
[11511] = CNOT 37 84
[11512] = CNOT 23 36
[11513] = CNOT 39 35
[11514] = CNOT 35 39
[11515] = CNOT 43 34
[11516] = CNOT 34 43
[11517] = CNOT 37 33
[11518] = CNOT 33 37
[11519] = CNOT 53 32
[11520] = CNOT 32 53
[11521] = CNOT 52 31
[11522] = CNOT 31 52
[11523] = CNOT 51 30
[11524] = CNOT 30 51
[11525] = CNOT 50 29
[11526] = CNOT 29 50
[11527] = CNOT 32 28
[11528] = CNOT 28 32
[11529] = CNOT 31 27
[11530] = CNOT 27 31
[11531] = CNOT 30 26
[11532] = CNOT 26 30
[11533] = CNOT 29 25
[11534] = CNOT 25 29
[11535] = CNOT 41 24
[11536] = CNOT 24 41
[11537] = CNOT 36 23
[11538] = CNOT 23 36
[11539] = CNOT 36 22
[11540] = CNOT 28 22
[11541] = CNOT 21 22
[11542] = CNOT 22 28
[11543] = CNOT 61 20
[11544] = CNOT 22 20
[11545] = CNOT 19 20
[11546] = CNOT 42 18
[11547] = CNOT 18 42
[11548] = CNOT 40 17
[11549] = CNOT 17 40
[11550] = CNOT 35 16
[11551] = CNOT 16 35
[11552] = CNOT 35 15
[11553] = CNOT 27 15
[11554] = CNOT 14 15
[11555] = CNOT 15 27
[11556] = CNOT 76 13
[11557] = CNOT 60 13
[11558] = CNOT 14 13
[11559] = CNOT 12 13
[11560] = CNOT 38 11
[11561] = CNOT 11 38
[11562] = CNOT 34 10
[11563] = CNOT 10 34
[11564] = CNOT 34 9
[11565] = CNOT 26 9
[11566] = CNOT 8 9
[11567] = CNOT 9 26
[11568] = CNOT 75 7
[11569] = CNOT 59 7
[11570] = CNOT 8 7
[11571] = CNOT 6 7
[11572] = CNOT 33 5
[11573] = CNOT 5 33
[11574] = CNOT 33 4
[11575] = CNOT 25 4
[11576] = CNOT 3 4
[11577] = CNOT 4 25
[11578] = CNOT 1 2
[11579] = H 25
[11580] = M 25
[11581] = H 26
[11582] = M 26
[11583] = H 27
[11584] = M 27
[11585] = H 28
[11586] = M 28
[11587] = H 29
[11588] = M 29
[11589] = H 30
[11590] = M 30
[11591] = H 31
[11592] = M 31
[11593] = H 32
[11594] = M 32
[11595] = H 33
[11596] = M 33
[11597] = H 34
[11598] = M 34
[11599] = H 35
[11600] = M 35
[11601] = H 36
[11602] = M 36
[11603] = H 37
[11604] = M 37
[11605] = H 38
[11606] = M 38
[11607] = H 39
[11608] = M 39
[11609] = H 40
[11610] = M 40
[11611] = H 41
[11612] = M 41
[11613] = H 42
[11614] = M 42
[11615] = H 43
[11616] = M 43
[11617] = H 44
[11618] = M 44
[11619] = H 45
[11620] = M 45
[11621] = H 46
[11622] = M 46
[11623] = H 47
[11624] = M 47
[11625] = H 48
[11626] = M 48
[11627] = H 49
[11628] = M 49
[11629] = H 50
[11630] = M 50
[11631] = H 51
[11632] = M 51
[11633] = H 52
[11634] = M 52
[11635] = H 53
[11636] = M 53
[11637] = H 54
[11638] = M 54
[11639] = H 55
[11640] = M 55
[11641] = H 56
[11642] = M 56
[11643] = H 57
[11644] = M 57
[11645] = H 58
[11646] = M 58
[11647] = H 59
[11648] = M 59
[11649] = H 60
[11650] = M 60
[11651] = H 61
[11652] = M 61
[11653] = H 62
[11654] = M 62
[11655] = H 63
[11656] = M 63
[11657] = H 64
[11658] = M 64
[11659] = H 65
[11660] = M 65
[11661] = H 66
[11662] = M 66
[11663] = H 67
[11664] = M 67
[11665] = H 68
[11666] = M 68
[11667] = H 69
[11668] = M 69
[11669] = H 70
[11670] = M 70
[11671] = H 71
[11672] = M 71
[11673] = H 72
[11674] = M 72
[11675] = H 73
[11676] = M 73
[11677] = H 74
[11678] = M 74
[11679] = H 75
[11680] = M 75
[11681] = H 76
[11682] = M 76
[11683] = H 77
[11684] = M 77
[11685] = H 78
[11686] = M 78
[11687] = H 79
[11688] = M 79
[11689] = H 80
[11690] = M 80
[11691] = H 81
[11692] = M 81
[11693] = H 82
[11694] = M 82
[11695] = H 83
[11696] = M 83
[11697] = H 84
[11698] = M 84
[11699] = H 85
[11700] = M 85
[11701] = H 86
[11702] = M 86
[11703] = H 87
[11704] = M 87
[11705] = H 88
[11706] = M 88
[11707] = H 89
[11708] = M 89
[11709] = H 90
[11710] = M 90
[11711] = H 91
[11712] = M 91
[11713] = H 92
[11714] = M 92
[11715] = H 93
[11716] = M 93
[11717] = H 94
[11718] = M 94
[11719] = H 95
[11720] = M 95
[11721] = H 17
[11722] = H 11
[11723] = H 24
[11724] = H 18
[11725] = H 23
Gate distributions:
Input:
Operator distribution:
Total number of qubits = 24
Number of `data' qubits = 24
Number of `Toff_n' ancillas = 0
Number of Hadamard ancillas = 0
Hadamard ancilla cap = infinite
Number of {CNOT,T} partitions = 1
T count = 399
Cost estimation = 199647
	id	Count
	0	0
	1	0
	2	0
	3	80
	4	67
	5	0
	6	0
	7	0
	8	0
	9	0
	10	57
	11	0
	12	0
	13	0
	14	0
	15	0
	16	0
	17	0
	18	0
Output:
Operator distribution:
Total number of qubits = 95
Number of `data' qubits = 24
Number of `Toff_n' ancillas = 0
Number of Hadamard ancillas = 71
Hadamard ancilla cap = infinite
Number of {CNOT,T} partitions = 1
T count = 129
Cost estimation = 76132.5
	id	Count
	0	0
	1	0
	2	0
	3	151
	4	7485
	5	129
	6	0
	7	0
	8	0
	9	0
	10	0
	11	1597
	12	0
	13	2293
	14	0
	15	0
	16	0
	17	0
	18	71
Output T Count (SQC_Circuit) = 129
Output T Count (PhasePolynomial) = 129
Fail count = 0

Execution time: 4119.62s
Number of LCL errors: 0
Number of LCL warnings: 0
