Optimize a Clifford + T circuit.
Input filename = /home/ryo-mtmt/TOpt/forme/tpar_benchmark/gf2^8_mult.tfc
Number of unknown gates = 0
Number of unknown qubit labels = 0
Circuit filename: /home/ryo-mtmt/TOpt/forme/tpar_benchmark/gf2^8_mult.tfc

n 24
n_x 24
n_y 0
n_z 0
m 201
[0] = H 17
[1] = H 18
[2] = H 19
[3] = H 20
[4] = H 21
[5] = H 22
[6] = H 23
[7] = CCZ 8 10 17
[8] = CCZ 7 11 17
[9] = CCZ 6 12 17
[10] = CCZ 5 13 17
[11] = CCZ 4 14 17
[12] = CCZ 3 15 17
[13] = CCZ 2 16 17
[14] = CCZ 8 11 18
[15] = CCZ 7 12 18
[16] = CCZ 6 13 18
[17] = CCZ 5 14 18
[18] = CCZ 4 15 18
[19] = CCZ 3 16 18
[20] = CCZ 8 12 19
[21] = CCZ 7 13 19
[22] = CCZ 6 14 19
[23] = CCZ 5 15 19
[24] = CCZ 4 16 19
[25] = CCZ 8 13 20
[26] = CCZ 7 14 20
[27] = CCZ 6 15 20
[28] = CCZ 5 16 20
[29] = CCZ 8 14 21
[30] = CCZ 7 15 21
[31] = CCZ 6 16 21
[32] = CCZ 8 15 22
[33] = CCZ 7 16 22
[34] = CCZ 8 16 23
[35] = H 17
[36] = H 18
[37] = H 19
[38] = H 20
[39] = H 21
[40] = H 22
[41] = H 23
[42] = CNOT 19 23
[43] = CNOT 18 23
[44] = CNOT 17 23
[45] = CNOT 18 22
[46] = CNOT 17 22
[47] = CNOT 24 22
[48] = CNOT 17 21
[49] = CNOT 24 21
[50] = CNOT 23 21
[51] = CNOT 24 20
[52] = CNOT 23 20
[53] = CNOT 22 20
[54] = CNOT 23 19
[55] = CNOT 22 19
[56] = CNOT 21 19
[57] = CNOT 22 18
[58] = CNOT 21 18
[59] = CNOT 20 18
[60] = CNOT 21 17
[61] = CNOT 20 17
[62] = CNOT 19 17
[63] = H 17
[64] = H 18
[65] = H 19
[66] = H 20
[67] = H 21
[68] = H 22
[69] = H 23
[70] = H 24
[71] = CCZ 8 9 24
[72] = CCZ 7 10 24
[73] = CCZ 6 11 24
[74] = CCZ 5 12 24
[75] = CCZ 4 13 24
[76] = CCZ 3 14 24
[77] = CCZ 2 15 24
[78] = CCZ 1 16 24
[79] = CCZ 7 9 23
[80] = CCZ 6 10 23
[81] = CCZ 5 11 23
[82] = CCZ 4 12 23
[83] = CCZ 3 13 23
[84] = CCZ 2 14 23
[85] = CCZ 1 15 23
[86] = CCZ 6 9 22
[87] = CCZ 5 10 22
[88] = CCZ 4 11 22
[89] = CCZ 3 12 22
[90] = CCZ 2 13 22
[91] = CCZ 1 14 22
[92] = CCZ 5 9 21
[93] = CCZ 4 10 21
[94] = CCZ 3 11 21
[95] = CCZ 2 12 21
[96] = CCZ 1 13 21
[97] = CCZ 4 9 20
[98] = CCZ 3 10 20
[99] = CCZ 2 11 20
[100] = CCZ 1 12 20
[101] = CCZ 3 9 19
[102] = CCZ 2 10 19
[103] = CCZ 1 11 19
[104] = CCZ 2 9 18
[105] = CCZ 1 10 18
[106] = CCZ 1 9 17
[107] = H 17
[108] = H 18
[109] = H 19
[110] = H 20
[111] = H 21
[112] = H 22
[113] = H 23
[114] = H 24

Algorithm used: todd

UniversalOptimize begin.
	Gate synthesis begin.

in LempelX2
		Round = 0
Round 0 | Current Columns (m): 264
		Round = 1
Round 1 | Current Columns (m): 262
		Round = 2
Round 2 | Current Columns (m): 260
		Round = 3
Round 3 | Current Columns (m): 258
		Round = 4
Round 4 | Current Columns (m): 256
		Round = 5
Round 5 | Current Columns (m): 252
		Round = 6
Round 6 | Current Columns (m): 248
		Round = 7
Round 7 | Current Columns (m): 246
		Round = 8
Round 8 | Current Columns (m): 244
		Round = 9
Round 9 | Current Columns (m): 242
		Round = 10
Round 10 | Current Columns (m): 240
		Round = 11
Round 11 | Current Columns (m): 238
		Round = 12
Round 12 | Current Columns (m): 236
		Round = 13
Round 13 | Current Columns (m): 234
		Round = 14
Round 14 | Current Columns (m): 232
		Round = 15
Round 15 | Current Columns (m): 230
		Round = 16
Round 16 | Current Columns (m): 228
		Round = 17
Round 17 | Current Columns (m): 226
		Round = 18
Round 18 | Current Columns (m): 224
		Round = 19
Round 19 | Current Columns (m): 222
		Round = 20
Round 20 | Current Columns (m): 220
nullspace time: 7100847 ms, chi time: 1439805 ms
Total LempelX2 time: 8540900 ms
		TODD executed in 8526.04 seconds.
		Total time: 8526.04s
	Gate synthesis end.
	Total time: 8531.84s
UniversalOptimize end.
Output circuit:
n 39
n_x 24
n_y 0
n_z 15
m 13201
[0] = H 17
[1] = H 18
[2] = H 19
[3] = H 20
[4] = H 21
[5] = H 22
[6] = H 23
[7] = H 25
[8] = H 26
[9] = H 27
[10] = H 28
[11] = H 29
[12] = H 30
[13] = H 31
[14] = H 32
[15] = H 33
[16] = H 34
[17] = H 35
[18] = H 36
[19] = H 37
[20] = H 38
[21] = H 39
[22] = CNOT 2 5
[23] = CNOT 2 6
[24] = CNOT 2 10
[25] = CNOT 2 12
[26] = CNOT 2 15
[27] = CNOT 2 17
[28] = CNOT 2 19
[29] = CNOT 2 20
[30] = CNOT 2 32
[31] = CNOT 2 33
[32] = CNOT 2 34
[33] = CNOT 2 35
[34] = CNOT 2 36
[35] = CNOT 2 37
[36] = T 2
[37] = CNOT 2 36
[38] = CNOT 2 34
[39] = CNOT 2 33
[40] = CNOT 2 19
[41] = CNOT 2 12
[42] = CNOT 2 10
[43] = CNOT 2 5
[44] = CNOT 2 4
[45] = CNOT 2 7
[46] = CNOT 2 11
[47] = CNOT 2 38
[48] = T 2
[49] = CNOT 2 38
[50] = CNOT 2 6
[51] = CNOT 2 4
[52] = CNOT 2 10
[53] = CNOT 2 13
[54] = CNOT 2 14
[55] = CNOT 2 18
[56] = CNOT 2 33
[57] = CNOT 2 34
[58] = CNOT 2 36
[59] = T 2
[60] = CNOT 2 37
[61] = CNOT 2 34
[62] = CNOT 2 32
[63] = CNOT 2 18
[64] = CNOT 2 17
[65] = CNOT 2 14
[66] = CNOT 2 13
[67] = CNOT 2 11
[68] = CNOT 2 7
[69] = CNOT 4 5
[70] = CNOT 4 6
[71] = CNOT 4 7
[72] = CNOT 4 10
[73] = CNOT 4 15
[74] = CNOT 4 20
[75] = CNOT 4 32
[76] = CNOT 4 33
[77] = CNOT 4 34
[78] = CNOT 4 35
[79] = CNOT 4 36
[80] = CNOT 4 37
[81] = T 4
[82] = CNOT 4 37
[83] = CNOT 4 36
[84] = CNOT 4 35
[85] = CNOT 4 34
[86] = CNOT 4 33
[87] = CNOT 4 32
[88] = CNOT 4 20
[89] = CNOT 4 15
[90] = CNOT 4 10
[91] = CNOT 4 7
[92] = CNOT 4 6
[93] = CNOT 4 5
[94] = CNOT 2 4
[95] = CNOT 2 5
[96] = CNOT 2 12
[97] = CNOT 2 38
[98] = T 2
[99] = CNOT 2 38
[100] = CNOT 2 7
[101] = CNOT 2 14
[102] = CNOT 2 32
[103] = CNOT 2 34
[104] = CNOT 2 37
[105] = T 2
[106] = CNOT 2 14
[107] = CNOT 2 7
[108] = CNOT 2 4
[109] = CNOT 1 4
[110] = CNOT 1 6
[111] = CNOT 1 7
[112] = CNOT 1 11
[113] = CNOT 1 12
[114] = CNOT 1 15
[115] = CNOT 1 17
[116] = CNOT 1 20
[117] = CNOT 1 32
[118] = CNOT 1 33
[119] = CNOT 1 35
[120] = CNOT 1 37
[121] = CNOT 1 38
[122] = T 1
[123] = CNOT 2 6
[124] = CNOT 2 11
[125] = CNOT 2 17
[126] = CNOT 2 19
[127] = T 2
[128] = CNOT 2 37
[129] = CNOT 2 36
[130] = CNOT 2 35
[131] = CNOT 2 34
[132] = CNOT 2 33
[133] = CNOT 2 32
[134] = CNOT 2 20
[135] = CNOT 2 19
[136] = CNOT 2 17
[137] = CNOT 2 15
[138] = CNOT 2 12
[139] = CNOT 2 11
[140] = CNOT 2 10
[141] = CNOT 2 6
[142] = CNOT 2 5
[143] = CNOT 1 2
[144] = CNOT 1 9
[145] = T 1
[146] = CNOT 1 11
[147] = CNOT 1 9
[148] = CNOT 1 4
[149] = CNOT 1 2
[150] = CNOT 2 4
[151] = CNOT 2 5
[152] = CNOT 2 7
[153] = CNOT 2 10
[154] = CNOT 2 15
[155] = CNOT 2 17
[156] = CNOT 2 20
[157] = CNOT 2 32
[158] = CNOT 2 33
[159] = CNOT 2 34
[160] = CNOT 2 35
[161] = CNOT 2 36
[162] = CNOT 2 37
[163] = T 2
[164] = CNOT 2 17
[165] = T 2
[166] = CNOT 2 4
[167] = CNOT 4 5
[168] = CNOT 4 8
[169] = CNOT 4 12
[170] = CNOT 4 15
[171] = CNOT 4 20
[172] = CNOT 4 33
[173] = CNOT 4 35
[174] = CNOT 4 36
[175] = CNOT 4 38
[176] = T 4
[177] = CNOT 4 38
[178] = CNOT 4 36
[179] = CNOT 4 35
[180] = CNOT 4 33
[181] = CNOT 4 20
[182] = CNOT 4 15
[183] = CNOT 4 12
[184] = CNOT 4 8
[185] = CNOT 4 5
[186] = CNOT 2 6
[187] = CNOT 2 11
[188] = CNOT 2 12
[189] = CNOT 2 14
[190] = CNOT 2 19
[191] = T 2
[192] = CNOT 2 19
[193] = CNOT 2 12
[194] = CNOT 2 6
[195] = CNOT 2 5
[196] = T 2
[197] = CNOT 2 17
[198] = T 2
[199] = CNOT 2 5
[200] = T 2
[201] = CNOT 2 5
[202] = CNOT 2 13
[203] = T 2
[204] = CNOT 2 37
[205] = CNOT 2 34
[206] = CNOT 2 32
[207] = CNOT 2 14
[208] = CNOT 2 13
[209] = CNOT 2 10
[210] = CNOT 2 7
[211] = CNOT 2 4
[212] = CNOT 2 6
[213] = CNOT 2 12
[214] = CNOT 2 18
[215] = CNOT 2 19
[216] = CNOT 2 38
[217] = T 2
[218] = CNOT 2 17
[219] = T 2
[220] = CNOT 2 38
[221] = CNOT 2 19
[222] = CNOT 2 18
[223] = CNOT 2 11
[224] = CNOT 2 6
[225] = CNOT 2 3
[226] = CNOT 2 5
[227] = CNOT 2 8
[228] = CNOT 2 10
[229] = CNOT 2 17
[230] = T 2
[231] = CNOT 2 9
[232] = T 2
[233] = CNOT 2 15
[234] = CNOT 2 9
[235] = CNOT 2 8
[236] = CNOT 2 6
[237] = CNOT 2 7
[238] = CNOT 2 32
[239] = CNOT 2 34
[240] = CNOT 2 37
[241] = T 2
[242] = CNOT 2 17
[243] = T 2
[244] = CNOT 2 3
[245] = T 2
[246] = CNOT 2 3
[247] = CNOT 2 15
[248] = T 2
[249] = CNOT 2 37
[250] = CNOT 2 36
[251] = CNOT 2 35
[252] = CNOT 2 34
[253] = CNOT 2 33
[254] = CNOT 2 32
[255] = CNOT 2 20
[256] = CNOT 2 15
[257] = CNOT 2 12
[258] = CNOT 2 10
[259] = CNOT 2 7
[260] = CNOT 2 6
[261] = CNOT 2 5
[262] = CNOT 2 4
[263] = CNOT 2 3
[264] = CNOT 1 2
[265] = CNOT 1 4
[266] = CNOT 1 10
[267] = CNOT 1 34
[268] = CNOT 1 36
[269] = T 1
[270] = CNOT 1 36
[271] = CNOT 1 35
[272] = CNOT 1 34
[273] = CNOT 1 33
[274] = CNOT 1 10
[275] = CNOT 1 4
[276] = CNOT 1 2
[277] = CNOT 2 4
[278] = CNOT 2 5
[279] = CNOT 2 6
[280] = CNOT 2 7
[281] = CNOT 2 15
[282] = CNOT 2 16
[283] = CNOT 2 20
[284] = CNOT 2 32
[285] = CNOT 2 33
[286] = CNOT 2 34
[287] = CNOT 2 35
[288] = CNOT 2 36
[289] = CNOT 2 37
[290] = T 2
[291] = CNOT 2 16
[292] = CNOT 2 7
[293] = CNOT 2 4
[294] = CNOT 4 5
[295] = CNOT 4 6
[296] = CNOT 4 7
[297] = CNOT 4 15
[298] = CNOT 4 16
[299] = CNOT 4 20
[300] = CNOT 4 32
[301] = CNOT 4 33
[302] = CNOT 4 34
[303] = CNOT 4 35
[304] = CNOT 4 36
[305] = CNOT 4 37
[306] = T 4
[307] = CNOT 4 37
[308] = CNOT 4 34
[309] = CNOT 4 32
[310] = CNOT 4 16
[311] = CNOT 4 7
[312] = CNOT 4 6
[313] = CNOT 4 8
[314] = CNOT 4 10
[315] = CNOT 4 12
[316] = CNOT 4 38
[317] = T 4
[318] = CNOT 4 38
[319] = CNOT 4 36
[320] = CNOT 4 35
[321] = CNOT 4 33
[322] = CNOT 4 20
[323] = CNOT 4 15
[324] = CNOT 4 12
[325] = CNOT 4 10
[326] = CNOT 4 8
[327] = CNOT 4 5
[328] = CNOT 2 8
[329] = CNOT 2 10
[330] = CNOT 2 11
[331] = CNOT 2 12
[332] = CNOT 2 19
[333] = T 2
[334] = CNOT 2 37
[335] = CNOT 2 32
[336] = CNOT 2 19
[337] = CNOT 2 11
[338] = CNOT 2 6
[339] = CNOT 2 3
[340] = CNOT 2 4
[341] = CNOT 2 9
[342] = CNOT 2 17
[343] = T 2
[344] = CNOT 2 17
[345] = CNOT 2 15
[346] = CNOT 2 12
[347] = CNOT 2 9
[348] = CNOT 2 4
[349] = CNOT 2 3
[350] = CNOT 1 4
[351] = T 1
[352] = CNOT 1 38
[353] = CNOT 1 7
[354] = CNOT 2 6
[355] = CNOT 2 13
[356] = CNOT 2 32
[357] = CNOT 2 37
[358] = T 2
[359] = CNOT 2 13
[360] = CNOT 2 8
[361] = CNOT 2 7
[362] = CNOT 2 17
[363] = CNOT 2 18
[364] = CNOT 2 19
[365] = T 2
[366] = CNOT 2 18
[367] = T 2
[368] = CNOT 2 19
[369] = CNOT 2 17
[370] = CNOT 2 7
[371] = CNOT 2 12
[372] = CNOT 2 13
[373] = T 2
[374] = CNOT 2 13
[375] = CNOT 2 7
[376] = CNOT 2 15
[377] = CNOT 2 18
[378] = CNOT 2 19
[379] = T 2
[380] = CNOT 2 18
[381] = CNOT 2 11
[382] = CNOT 2 13
[383] = CNOT 2 14
[384] = CNOT 2 17
[385] = T 2
[386] = CNOT 2 18
[387] = T 2
[388] = CNOT 2 19
[389] = CNOT 2 17
[390] = CNOT 2 13
[391] = CNOT 2 12
[392] = CNOT 2 6
[393] = T 2
[394] = CNOT 2 6
[395] = CNOT 2 12
[396] = CNOT 2 17
[397] = CNOT 2 19
[398] = T 2
[399] = CNOT 2 37
[400] = CNOT 2 34
[401] = CNOT 2 32
[402] = CNOT 2 19
[403] = CNOT 2 11
[404] = CNOT 2 10
[405] = CNOT 2 7
[406] = CNOT 2 6
[407] = CNOT 2 4
[408] = CNOT 2 38
[409] = T 2
[410] = CNOT 2 38
[411] = CNOT 2 17
[412] = CNOT 2 14
[413] = CNOT 2 12
[414] = CNOT 2 5
[415] = CNOT 2 4
[416] = CNOT 2 7
[417] = CNOT 2 10
[418] = CNOT 2 11
[419] = CNOT 2 13
[420] = CNOT 2 32
[421] = CNOT 2 34
[422] = CNOT 2 37
[423] = T 2
[424] = CNOT 2 5
[425] = T 2
[426] = CNOT 2 37
[427] = CNOT 2 36
[428] = CNOT 2 35
[429] = CNOT 2 34
[430] = CNOT 2 33
[431] = CNOT 2 32
[432] = CNOT 2 20
[433] = CNOT 2 18
[434] = CNOT 2 15
[435] = CNOT 2 13
[436] = CNOT 2 11
[437] = CNOT 2 10
[438] = CNOT 2 7
[439] = CNOT 2 5
[440] = CNOT 1 2
[441] = CNOT 1 5
[442] = CNOT 1 8
[443] = CNOT 1 10
[444] = CNOT 1 16
[445] = CNOT 1 33
[446] = CNOT 1 34
[447] = CNOT 1 35
[448] = CNOT 1 36
[449] = T 1
[450] = CNOT 1 32
[451] = CNOT 1 16
[452] = CNOT 1 4
[453] = CNOT 1 2
[454] = CNOT 2 4
[455] = CNOT 2 6
[456] = CNOT 2 11
[457] = CNOT 2 12
[458] = CNOT 2 14
[459] = CNOT 2 15
[460] = CNOT 2 19
[461] = CNOT 2 20
[462] = CNOT 2 33
[463] = CNOT 2 35
[464] = CNOT 2 36
[465] = CNOT 2 38
[466] = T 2
[467] = CNOT 2 38
[468] = CNOT 2 19
[469] = CNOT 2 15
[470] = CNOT 2 14
[471] = CNOT 2 11
[472] = CNOT 2 4
[473] = CNOT 4 5
[474] = CNOT 4 6
[475] = CNOT 4 7
[476] = CNOT 4 14
[477] = CNOT 4 15
[478] = CNOT 4 17
[479] = CNOT 4 20
[480] = CNOT 4 32
[481] = CNOT 4 33
[482] = CNOT 4 34
[483] = CNOT 4 35
[484] = CNOT 4 36
[485] = CNOT 4 37
[486] = CNOT 4 38
[487] = T 4
[488] = CNOT 4 38
[489] = CNOT 4 37
[490] = CNOT 4 36
[491] = CNOT 4 35
[492] = CNOT 4 34
[493] = CNOT 4 33
[494] = CNOT 4 32
[495] = CNOT 4 20
[496] = CNOT 4 17
[497] = CNOT 4 15
[498] = CNOT 4 14
[499] = CNOT 4 7
[500] = CNOT 4 6
[501] = CNOT 4 5
[502] = CNOT 2 4
[503] = CNOT 2 5
[504] = CNOT 2 7
[505] = CNOT 2 10
[506] = CNOT 2 17
[507] = CNOT 2 18
[508] = CNOT 2 32
[509] = CNOT 2 34
[510] = CNOT 2 37
[511] = T 2
[512] = CNOT 2 37
[513] = CNOT 2 34
[514] = CNOT 2 32
[515] = CNOT 2 18
[516] = CNOT 2 10
[517] = CNOT 2 7
[518] = CNOT 2 5
[519] = CNOT 2 11
[520] = CNOT 2 14
[521] = CNOT 2 15
[522] = CNOT 2 19
[523] = CNOT 2 38
[524] = T 2
[525] = CNOT 2 38
[526] = CNOT 2 19
[527] = CNOT 2 14
[528] = CNOT 2 11
[529] = CNOT 2 3
[530] = CNOT 2 5
[531] = CNOT 2 7
[532] = CNOT 2 10
[533] = CNOT 2 16
[534] = CNOT 2 32
[535] = CNOT 2 34
[536] = CNOT 2 37
[537] = T 2
[538] = CNOT 2 18
[539] = T 2
[540] = CNOT 2 3
[541] = T 2
[542] = CNOT 2 16
[543] = CNOT 2 3
[544] = T 2
[545] = CNOT 2 17
[546] = CNOT 2 15
[547] = CNOT 2 12
[548] = CNOT 2 7
[549] = CNOT 2 4
[550] = CNOT 2 3
[551] = CNOT 2 13
[552] = CNOT 2 19
[553] = T 2
[554] = CNOT 2 18
[555] = CNOT 2 13
[556] = CNOT 2 8
[557] = CNOT 2 15
[558] = T 2
[559] = CNOT 2 15
[560] = CNOT 2 12
[561] = CNOT 2 13
[562] = CNOT 2 18
[563] = T 2
[564] = CNOT 2 19
[565] = CNOT 2 18
[566] = CNOT 2 13
[567] = CNOT 2 12
[568] = CNOT 2 8
[569] = CNOT 2 15
[570] = T 2
[571] = CNOT 2 8
[572] = CNOT 2 12
[573] = T 2
[574] = CNOT 2 15
[575] = CNOT 2 8
[576] = CNOT 2 7
[577] = CNOT 2 11
[578] = CNOT 2 13
[579] = CNOT 2 18
[580] = CNOT 2 19
[581] = CNOT 2 22
[582] = T 2
[583] = CNOT 2 19
[584] = T 2
[585] = CNOT 2 18
[586] = CNOT 2 13
[587] = CNOT 2 12
[588] = CNOT 2 7
[589] = CNOT 2 15
[590] = CNOT 2 19
[591] = T 2
[592] = CNOT 2 19
[593] = CNOT 2 15
[594] = CNOT 2 7
[595] = CNOT 2 12
[596] = CNOT 2 18
[597] = T 2
[598] = CNOT 2 37
[599] = CNOT 2 36
[600] = CNOT 2 35
[601] = CNOT 2 34
[602] = CNOT 2 33
[603] = CNOT 2 32
[604] = CNOT 2 22
[605] = CNOT 2 20
[606] = CNOT 2 18
[607] = CNOT 2 12
[608] = CNOT 2 11
[609] = CNOT 2 10
[610] = CNOT 2 7
[611] = CNOT 2 6
[612] = CNOT 2 5
[613] = CNOT 1 2
[614] = CNOT 1 4
[615] = CNOT 1 9
[616] = T 1
[617] = CNOT 1 36
[618] = CNOT 1 35
[619] = CNOT 1 34
[620] = CNOT 1 33
[621] = CNOT 1 9
[622] = CNOT 1 8
[623] = CNOT 1 5
[624] = CNOT 1 4
[625] = CNOT 1 2
[626] = CNOT 2 4
[627] = CNOT 2 5
[628] = CNOT 2 7
[629] = CNOT 2 10
[630] = CNOT 2 12
[631] = CNOT 2 14
[632] = CNOT 2 15
[633] = CNOT 2 17
[634] = CNOT 2 19
[635] = CNOT 2 20
[636] = CNOT 2 32
[637] = CNOT 2 33
[638] = CNOT 2 34
[639] = CNOT 2 35
[640] = CNOT 2 36
[641] = CNOT 2 37
[642] = T 2
[643] = CNOT 2 6
[644] = T 2
[645] = CNOT 2 14
[646] = CNOT 2 6
[647] = T 2
[648] = CNOT 2 17
[649] = CNOT 2 7
[650] = CNOT 2 5
[651] = CNOT 2 4
[652] = CNOT 2 6
[653] = CNOT 2 11
[654] = CNOT 2 18
[655] = CNOT 2 22
[656] = T 2
[657] = CNOT 2 19
[658] = T 2
[659] = CNOT 2 18
[660] = CNOT 2 15
[661] = CNOT 2 12
[662] = CNOT 2 5
[663] = CNOT 2 13
[664] = CNOT 2 19
[665] = T 2
[666] = CNOT 2 19
[667] = CNOT 2 13
[668] = CNOT 2 5
[669] = CNOT 2 12
[670] = CNOT 2 18
[671] = T 2
[672] = CNOT 2 37
[673] = CNOT 2 36
[674] = CNOT 2 35
[675] = CNOT 2 34
[676] = CNOT 2 33
[677] = CNOT 2 32
[678] = CNOT 2 22
[679] = CNOT 2 20
[680] = CNOT 2 18
[681] = CNOT 2 12
[682] = CNOT 2 11
[683] = CNOT 2 10
[684] = CNOT 2 6
[685] = CNOT 1 2
[686] = CNOT 1 7
[687] = CNOT 1 11
[688] = CNOT 1 32
[689] = CNOT 1 38
[690] = T 1
[691] = CNOT 1 38
[692] = CNOT 1 11
[693] = CNOT 1 2
[694] = CNOT 2 5
[695] = CNOT 2 6
[696] = CNOT 2 7
[697] = CNOT 2 10
[698] = CNOT 2 12
[699] = CNOT 2 15
[700] = CNOT 2 16
[701] = CNOT 2 17
[702] = CNOT 2 19
[703] = CNOT 2 20
[704] = CNOT 2 32
[705] = CNOT 2 33
[706] = CNOT 2 34
[707] = CNOT 2 35
[708] = CNOT 2 36
[709] = CNOT 2 37
[710] = T 2
[711] = CNOT 2 4
[712] = T 2
[713] = CNOT 2 37
[714] = CNOT 2 36
[715] = CNOT 2 35
[716] = CNOT 2 34
[717] = CNOT 2 33
[718] = CNOT 2 32
[719] = CNOT 2 20
[720] = CNOT 2 19
[721] = CNOT 2 17
[722] = CNOT 2 16
[723] = CNOT 2 15
[724] = CNOT 2 12
[725] = CNOT 2 10
[726] = CNOT 2 7
[727] = CNOT 2 6
[728] = CNOT 2 5
[729] = CNOT 2 4
[730] = CNOT 1 2
[731] = CNOT 1 4
[732] = CNOT 1 5
[733] = CNOT 1 9
[734] = CNOT 1 33
[735] = CNOT 1 34
[736] = CNOT 1 35
[737] = CNOT 1 36
[738] = T 1
[739] = CNOT 1 36
[740] = CNOT 1 35
[741] = CNOT 1 34
[742] = CNOT 1 33
[743] = CNOT 1 12
[744] = CNOT 1 10
[745] = CNOT 1 9
[746] = CNOT 1 5
[747] = CNOT 1 2
[748] = CNOT 2 5
[749] = CNOT 2 6
[750] = CNOT 2 8
[751] = CNOT 2 10
[752] = CNOT 2 11
[753] = CNOT 2 15
[754] = CNOT 2 20
[755] = CNOT 2 22
[756] = CNOT 2 32
[757] = CNOT 2 33
[758] = CNOT 2 34
[759] = CNOT 2 35
[760] = CNOT 2 36
[761] = CNOT 2 37
[762] = T 2
[763] = CNOT 2 20
[764] = CNOT 2 15
[765] = CNOT 2 12
[766] = CNOT 2 13
[767] = CNOT 2 18
[768] = CNOT 2 19
[769] = T 2
[770] = CNOT 2 8
[771] = T 2
[772] = CNOT 2 13
[773] = CNOT 2 8
[774] = T 2
[775] = CNOT 2 36
[776] = CNOT 2 35
[777] = CNOT 2 34
[778] = CNOT 2 33
[779] = CNOT 2 22
[780] = CNOT 2 19
[781] = CNOT 2 18
[782] = CNOT 2 11
[783] = CNOT 2 10
[784] = CNOT 2 8
[785] = CNOT 2 5
[786] = CNOT 2 4
[787] = CNOT 2 7
[788] = CNOT 2 13
[789] = CNOT 2 15
[790] = CNOT 2 17
[791] = CNOT 2 20
[792] = CNOT 2 38
[793] = T 2
[794] = CNOT 2 38
[795] = CNOT 2 20
[796] = CNOT 2 13
[797] = CNOT 2 7
[798] = CNOT 2 5
[799] = CNOT 2 8
[800] = CNOT 2 10
[801] = CNOT 2 16
[802] = CNOT 2 33
[803] = CNOT 2 34
[804] = CNOT 2 35
[805] = CNOT 2 36
[806] = T 2
[807] = CNOT 2 7
[808] = T 2
[809] = CNOT 2 7
[810] = CNOT 2 14
[811] = T 2
[812] = CNOT 2 15
[813] = CNOT 2 6
[814] = CNOT 2 7
[815] = CNOT 2 20
[816] = T 2
[817] = CNOT 2 20
[818] = T 2
[819] = CNOT 2 14
[820] = CNOT 2 10
[821] = CNOT 2 8
[822] = CNOT 2 4
[823] = CNOT 2 6
[824] = CNOT 2 15
[825] = CNOT 2 20
[826] = T 2
[827] = CNOT 2 20
[828] = CNOT 2 6
[829] = CNOT 2 4
[830] = CNOT 2 8
[831] = CNOT 2 10
[832] = CNOT 2 14
[833] = T 2
[834] = CNOT 2 17
[835] = CNOT 2 15
[836] = CNOT 2 14
[837] = CNOT 2 8
[838] = CNOT 2 7
[839] = CNOT 2 5
[840] = CNOT 2 4
[841] = CNOT 2 6
[842] = CNOT 2 11
[843] = CNOT 2 18
[844] = CNOT 2 19
[845] = CNOT 2 20
[846] = CNOT 2 22
[847] = T 2
[848] = CNOT 2 20
[849] = T 2
[850] = CNOT 2 5
[851] = T 2
[852] = CNOT 2 16
[853] = CNOT 2 5
[854] = T 2
[855] = CNOT 2 22
[856] = CNOT 2 19
[857] = CNOT 2 18
[858] = CNOT 2 11
[859] = CNOT 2 4
[860] = CNOT 2 5
[861] = CNOT 2 7
[862] = CNOT 2 15
[863] = CNOT 2 17
[864] = CNOT 2 20
[865] = CNOT 2 21
[866] = T 2
[867] = CNOT 2 37
[868] = CNOT 2 36
[869] = CNOT 2 35
[870] = CNOT 2 34
[871] = CNOT 2 33
[872] = CNOT 2 32
[873] = CNOT 2 21
[874] = CNOT 2 20
[875] = CNOT 2 17
[876] = CNOT 2 15
[877] = CNOT 2 12
[878] = CNOT 2 10
[879] = CNOT 2 7
[880] = CNOT 2 6
[881] = CNOT 2 5
[882] = CNOT 2 4
[883] = CNOT 1 11
[884] = CNOT 1 38
[885] = T 1
[886] = CNOT 1 4
[887] = CNOT 1 2
[888] = CNOT 1 9
[889] = CNOT 1 12
[890] = T 1
[891] = CNOT 1 2
[892] = CNOT 2 4
[893] = CNOT 2 5
[894] = CNOT 2 6
[895] = CNOT 2 7
[896] = CNOT 2 10
[897] = CNOT 2 12
[898] = CNOT 2 14
[899] = CNOT 2 15
[900] = CNOT 2 17
[901] = CNOT 2 20
[902] = CNOT 2 21
[903] = CNOT 2 32
[904] = CNOT 2 33
[905] = CNOT 2 34
[906] = CNOT 2 35
[907] = CNOT 2 36
[908] = CNOT 2 37
[909] = T 2
[910] = CNOT 2 14
[911] = CNOT 2 8
[912] = T 2
[913] = CNOT 2 21
[914] = CNOT 2 15
[915] = CNOT 2 7
[916] = CNOT 2 14
[917] = CNOT 2 16
[918] = T 2
[919] = CNOT 2 21
[920] = T 2
[921] = CNOT 2 7
[922] = T 2
[923] = CNOT 2 7
[924] = CNOT 2 15
[925] = T 2
[926] = CNOT 2 21
[927] = CNOT 2 16
[928] = CNOT 2 6
[929] = CNOT 2 7
[930] = T 2
[931] = CNOT 2 21
[932] = T 2
[933] = CNOT 2 37
[934] = CNOT 2 36
[935] = CNOT 2 35
[936] = CNOT 2 34
[937] = CNOT 2 33
[938] = CNOT 2 32
[939] = CNOT 2 21
[940] = CNOT 2 20
[941] = CNOT 2 17
[942] = CNOT 2 15
[943] = CNOT 2 14
[944] = CNOT 2 12
[945] = CNOT 2 10
[946] = CNOT 2 8
[947] = CNOT 2 7
[948] = CNOT 2 5
[949] = CNOT 2 4
[950] = CNOT 1 2
[951] = CNOT 1 35
[952] = T 1
[953] = CNOT 1 11
[954] = CNOT 1 9
[955] = CNOT 1 2
[956] = CNOT 2 4
[957] = CNOT 2 5
[958] = CNOT 2 7
[959] = CNOT 2 8
[960] = CNOT 2 10
[961] = CNOT 2 12
[962] = CNOT 2 14
[963] = CNOT 2 15
[964] = CNOT 2 16
[965] = CNOT 2 17
[966] = CNOT 2 20
[967] = CNOT 2 21
[968] = CNOT 2 32
[969] = CNOT 2 33
[970] = CNOT 2 34
[971] = CNOT 2 35
[972] = CNOT 2 36
[973] = CNOT 2 37
[974] = T 2
[975] = CNOT 2 21
[976] = CNOT 2 17
[977] = CNOT 2 16
[978] = CNOT 2 15
[979] = CNOT 2 14
[980] = CNOT 2 12
[981] = CNOT 2 7
[982] = CNOT 2 4
[983] = CNOT 2 6
[984] = CNOT 2 11
[985] = CNOT 2 13
[986] = CNOT 2 22
[987] = T 2
[988] = CNOT 2 36
[989] = CNOT 2 34
[990] = CNOT 2 22
[991] = CNOT 2 13
[992] = CNOT 2 10
[993] = CNOT 2 8
[994] = CNOT 2 5
[995] = CNOT 2 4
[996] = CNOT 2 7
[997] = CNOT 2 12
[998] = CNOT 2 15
[999] = CNOT 2 17
[1000] = CNOT 2 38
[1001] = T 2
[1002] = CNOT 2 38
[1003] = CNOT 2 17
[1004] = CNOT 2 15
[1005] = CNOT 2 7
[1006] = CNOT 2 4
[1007] = CNOT 1 4
[1008] = T 1
[1009] = CNOT 1 38
[1010] = CNOT 1 32
[1011] = CNOT 1 7
[1012] = CNOT 1 4
[1013] = CNOT 2 5
[1014] = CNOT 2 8
[1015] = CNOT 2 10
[1016] = CNOT 2 18
[1017] = CNOT 2 19
[1018] = CNOT 2 34
[1019] = CNOT 2 36
[1020] = T 2
[1021] = CNOT 2 8
[1022] = CNOT 2 7
[1023] = CNOT 2 16
[1024] = CNOT 2 22
[1025] = T 2
[1026] = CNOT 2 22
[1027] = T 2
[1028] = CNOT 2 7
[1029] = T 2
[1030] = CNOT 2 16
[1031] = CNOT 2 7
[1032] = T 2
[1033] = CNOT 2 19
[1034] = CNOT 2 18
[1035] = CNOT 2 11
[1036] = CNOT 2 4
[1037] = CNOT 2 15
[1038] = CNOT 2 17
[1039] = CNOT 2 23
[1040] = T 2
[1041] = CNOT 2 4
[1042] = CNOT 4 5
[1043] = CNOT 4 6
[1044] = CNOT 4 7
[1045] = CNOT 4 14
[1046] = CNOT 4 15
[1047] = CNOT 4 17
[1048] = CNOT 4 20
[1049] = CNOT 4 32
[1050] = CNOT 4 33
[1051] = CNOT 4 34
[1052] = CNOT 4 35
[1053] = CNOT 4 36
[1054] = CNOT 4 37
[1055] = T 4
[1056] = CNOT 4 37
[1057] = CNOT 4 36
[1058] = CNOT 4 35
[1059] = CNOT 4 34
[1060] = CNOT 4 33
[1061] = CNOT 4 32
[1062] = CNOT 4 20
[1063] = CNOT 4 17
[1064] = CNOT 4 15
[1065] = CNOT 4 14
[1066] = CNOT 4 7
[1067] = CNOT 4 6
[1068] = CNOT 4 5
[1069] = CNOT 2 4
[1070] = CNOT 2 8
[1071] = CNOT 2 16
[1072] = T 2
[1073] = CNOT 2 8
[1074] = T 2
[1075] = CNOT 2 16
[1076] = CNOT 2 8
[1077] = T 2
[1078] = CNOT 2 37
[1079] = CNOT 2 36
[1080] = CNOT 2 35
[1081] = CNOT 2 34
[1082] = CNOT 2 33
[1083] = CNOT 2 32
[1084] = CNOT 2 23
[1085] = CNOT 2 20
[1086] = CNOT 2 17
[1087] = CNOT 2 15
[1088] = CNOT 2 12
[1089] = CNOT 2 10
[1090] = CNOT 2 8
[1091] = CNOT 2 7
[1092] = CNOT 2 6
[1093] = CNOT 2 5
[1094] = CNOT 2 4
[1095] = CNOT 1 2
[1096] = CNOT 1 4
[1097] = CNOT 1 5
[1098] = CNOT 1 8
[1099] = CNOT 1 10
[1100] = CNOT 1 33
[1101] = CNOT 1 34
[1102] = CNOT 1 36
[1103] = T 1
[1104] = CNOT 1 35
[1105] = CNOT 1 34
[1106] = CNOT 1 33
[1107] = CNOT 1 10
[1108] = CNOT 1 8
[1109] = CNOT 1 5
[1110] = CNOT 1 2
[1111] = CNOT 2 4
[1112] = CNOT 2 6
[1113] = CNOT 2 7
[1114] = CNOT 2 10
[1115] = CNOT 2 12
[1116] = CNOT 2 15
[1117] = CNOT 2 17
[1118] = CNOT 2 20
[1119] = CNOT 2 32
[1120] = CNOT 2 33
[1121] = CNOT 2 35
[1122] = CNOT 2 37
[1123] = CNOT 2 38
[1124] = T 2
[1125] = CNOT 2 38
[1126] = CNOT 2 5
[1127] = CNOT 2 34
[1128] = T 2
[1129] = CNOT 2 37
[1130] = CNOT 2 35
[1131] = CNOT 2 34
[1132] = CNOT 2 33
[1133] = CNOT 2 32
[1134] = CNOT 2 20
[1135] = CNOT 2 17
[1136] = CNOT 2 15
[1137] = CNOT 2 12
[1138] = CNOT 2 10
[1139] = CNOT 2 7
[1140] = CNOT 2 6
[1141] = CNOT 2 5
[1142] = CNOT 2 4
[1143] = CNOT 1 2
[1144] = CNOT 1 7
[1145] = CNOT 1 32
[1146] = T 1
[1147] = CNOT 1 37
[1148] = CNOT 1 32
[1149] = CNOT 1 6
[1150] = CNOT 1 5
[1151] = CNOT 1 8
[1152] = CNOT 1 9
[1153] = CNOT 1 10
[1154] = CNOT 1 33
[1155] = CNOT 1 35
[1156] = CNOT 1 38
[1157] = T 1
[1158] = CNOT 1 9
[1159] = CNOT 1 2
[1160] = CNOT 2 4
[1161] = CNOT 2 5
[1162] = CNOT 2 9
[1163] = CNOT 2 10
[1164] = CNOT 2 12
[1165] = CNOT 2 15
[1166] = CNOT 2 17
[1167] = CNOT 2 20
[1168] = CNOT 2 33
[1169] = CNOT 2 35
[1170] = CNOT 2 36
[1171] = CNOT 2 38
[1172] = CNOT 2 39
[1173] = T 2
[1174] = CNOT 2 8
[1175] = T 2
[1176] = CNOT 2 39
[1177] = CNOT 2 38
[1178] = CNOT 2 36
[1179] = CNOT 2 35
[1180] = CNOT 2 33
[1181] = CNOT 2 20
[1182] = CNOT 2 17
[1183] = CNOT 2 15
[1184] = CNOT 2 12
[1185] = CNOT 2 10
[1186] = CNOT 2 9
[1187] = CNOT 2 8
[1188] = CNOT 2 5
[1189] = CNOT 2 4
[1190] = CNOT 1 2
[1191] = CNOT 1 39
[1192] = T 1
[1193] = CNOT 1 8
[1194] = CNOT 1 7
[1195] = CNOT 1 2
[1196] = CNOT 2 4
[1197] = CNOT 2 5
[1198] = CNOT 2 7
[1199] = CNOT 2 8
[1200] = CNOT 2 12
[1201] = CNOT 2 15
[1202] = CNOT 2 17
[1203] = CNOT 2 20
[1204] = CNOT 2 33
[1205] = CNOT 2 35
[1206] = CNOT 2 36
[1207] = CNOT 2 38
[1208] = T 2
[1209] = CNOT 2 39
[1210] = T 2
[1211] = CNOT 2 7
[1212] = T 2
[1213] = CNOT 2 39
[1214] = CNOT 2 38
[1215] = CNOT 2 36
[1216] = CNOT 2 35
[1217] = CNOT 2 33
[1218] = CNOT 2 20
[1219] = CNOT 2 17
[1220] = CNOT 2 15
[1221] = CNOT 2 12
[1222] = CNOT 2 8
[1223] = CNOT 2 5
[1224] = CNOT 2 4
[1225] = CNOT 1 2
[1226] = T 1
[1227] = CNOT 1 39
[1228] = CNOT 1 36
[1229] = CNOT 1 5
[1230] = CNOT 1 6
[1231] = CNOT 1 7
[1232] = CNOT 1 32
[1233] = CNOT 1 37
[1234] = T 1
[1235] = CNOT 1 11
[1236] = CNOT 1 34
[1237] = CNOT 1 36
[1238] = T 1
[1239] = CNOT 1 38
[1240] = CNOT 1 11
[1241] = CNOT 1 7
[1242] = CNOT 1 4
[1243] = CNOT 1 2
[1244] = CNOT 2 4
[1245] = CNOT 2 5
[1246] = CNOT 2 6
[1247] = CNOT 2 7
[1248] = CNOT 2 10
[1249] = CNOT 2 11
[1250] = CNOT 2 12
[1251] = CNOT 2 15
[1252] = CNOT 2 17
[1253] = CNOT 2 20
[1254] = CNOT 2 32
[1255] = CNOT 2 33
[1256] = CNOT 2 34
[1257] = CNOT 2 35
[1258] = CNOT 2 36
[1259] = CNOT 2 37
[1260] = CNOT 2 39
[1261] = T 2
[1262] = CNOT 2 11
[1263] = CNOT 2 6
[1264] = T 2
[1265] = CNOT 2 12
[1266] = CNOT 2 5
[1267] = CNOT 2 4
[1268] = CNOT 2 11
[1269] = CNOT 2 13
[1270] = T 2
[1271] = CNOT 2 39
[1272] = CNOT 2 37
[1273] = CNOT 2 34
[1274] = CNOT 2 32
[1275] = CNOT 2 17
[1276] = CNOT 2 13
[1277] = CNOT 2 11
[1278] = CNOT 2 10
[1279] = CNOT 2 7
[1280] = CNOT 2 4
[1281] = CNOT 2 5
[1282] = CNOT 2 12
[1283] = CNOT 2 14
[1284] = CNOT 2 18
[1285] = CNOT 2 38
[1286] = T 2
[1287] = CNOT 2 38
[1288] = CNOT 2 18
[1289] = CNOT 2 14
[1290] = CNOT 2 5
[1291] = CNOT 2 4
[1292] = CNOT 4 5
[1293] = CNOT 4 6
[1294] = CNOT 4 7
[1295] = CNOT 4 12
[1296] = CNOT 4 15
[1297] = CNOT 4 16
[1298] = CNOT 4 17
[1299] = CNOT 4 20
[1300] = CNOT 4 32
[1301] = CNOT 4 33
[1302] = CNOT 4 34
[1303] = CNOT 4 35
[1304] = CNOT 4 36
[1305] = CNOT 4 37
[1306] = T 4
[1307] = CNOT 4 37
[1308] = CNOT 4 36
[1309] = CNOT 4 35
[1310] = CNOT 4 34
[1311] = CNOT 4 33
[1312] = CNOT 4 32
[1313] = CNOT 4 20
[1314] = CNOT 4 17
[1315] = CNOT 4 16
[1316] = CNOT 4 15
[1317] = CNOT 4 12
[1318] = CNOT 4 7
[1319] = CNOT 4 6
[1320] = CNOT 4 5
[1321] = CNOT 2 7
[1322] = CNOT 2 10
[1323] = CNOT 2 11
[1324] = CNOT 2 13
[1325] = CNOT 2 17
[1326] = CNOT 2 32
[1327] = CNOT 2 34
[1328] = CNOT 2 37
[1329] = T 2
[1330] = CNOT 2 36
[1331] = CNOT 2 34
[1332] = CNOT 2 33
[1333] = CNOT 2 13
[1334] = CNOT 2 4
[1335] = CNOT 2 6
[1336] = CNOT 2 38
[1337] = T 2
[1338] = CNOT 2 35
[1339] = CNOT 2 10
[1340] = CNOT 2 36
[1341] = T 2
[1342] = CNOT 2 38
[1343] = CNOT 2 6
[1344] = CNOT 2 4
[1345] = CNOT 2 5
[1346] = CNOT 2 10
[1347] = CNOT 2 33
[1348] = CNOT 2 34
[1349] = CNOT 2 35
[1350] = T 2
[1351] = CNOT 2 4
[1352] = CNOT 2 13
[1353] = T 2
[1354] = CNOT 2 37
[1355] = CNOT 2 32
[1356] = CNOT 2 13
[1357] = CNOT 2 11
[1358] = CNOT 2 7
[1359] = CNOT 2 3
[1360] = CNOT 2 8
[1361] = CNOT 2 14
[1362] = T 2
[1363] = CNOT 2 39
[1364] = T 2
[1365] = CNOT 2 3
[1366] = T 2
[1367] = CNOT 2 14
[1368] = CNOT 2 3
[1369] = T 2
[1370] = CNOT 2 15
[1371] = CNOT 2 4
[1372] = CNOT 2 3
[1373] = CNOT 4 5
[1374] = CNOT 4 8
[1375] = CNOT 4 10
[1376] = CNOT 4 12
[1377] = CNOT 4 17
[1378] = CNOT 4 20
[1379] = CNOT 4 33
[1380] = CNOT 4 34
[1381] = CNOT 4 35
[1382] = CNOT 4 36
[1383] = T 4
[1384] = CNOT 4 39
[1385] = T 4
[1386] = CNOT 4 39
[1387] = CNOT 4 36
[1388] = CNOT 4 35
[1389] = CNOT 4 34
[1390] = CNOT 4 33
[1391] = CNOT 4 20
[1392] = CNOT 4 17
[1393] = CNOT 4 12
[1394] = CNOT 4 10
[1395] = CNOT 4 8
[1396] = CNOT 4 5
[1397] = CNOT 2 4
[1398] = T 2
[1399] = CNOT 2 39
[1400] = CNOT 2 35
[1401] = CNOT 2 34
[1402] = CNOT 2 33
[1403] = CNOT 2 10
[1404] = CNOT 2 8
[1405] = CNOT 2 5
[1406] = CNOT 2 4
[1407] = CNOT 4 5
[1408] = CNOT 4 8
[1409] = CNOT 4 10
[1410] = CNOT 4 12
[1411] = CNOT 4 15
[1412] = CNOT 4 17
[1413] = CNOT 4 20
[1414] = CNOT 4 33
[1415] = CNOT 4 34
[1416] = CNOT 4 35
[1417] = CNOT 4 36
[1418] = CNOT 4 39
[1419] = T 4
[1420] = CNOT 4 39
[1421] = CNOT 4 36
[1422] = CNOT 4 35
[1423] = CNOT 4 34
[1424] = CNOT 4 33
[1425] = CNOT 4 20
[1426] = CNOT 4 17
[1427] = CNOT 4 15
[1428] = CNOT 4 12
[1429] = CNOT 4 10
[1430] = CNOT 4 8
[1431] = CNOT 4 5
[1432] = CNOT 2 4
[1433] = CNOT 2 6
[1434] = CNOT 2 7
[1435] = CNOT 2 13
[1436] = CNOT 2 15
[1437] = CNOT 2 32
[1438] = CNOT 2 37
[1439] = CNOT 2 38
[1440] = T 2
[1441] = CNOT 2 38
[1442] = CNOT 2 13
[1443] = CNOT 2 7
[1444] = CNOT 2 5
[1445] = CNOT 2 8
[1446] = CNOT 2 10
[1447] = CNOT 2 16
[1448] = CNOT 2 33
[1449] = CNOT 2 34
[1450] = CNOT 2 35
[1451] = CNOT 2 39
[1452] = T 2
[1453] = CNOT 2 39
[1454] = CNOT 2 37
[1455] = CNOT 2 36
[1456] = CNOT 2 35
[1457] = CNOT 2 34
[1458] = CNOT 2 33
[1459] = CNOT 2 32
[1460] = CNOT 2 20
[1461] = CNOT 2 17
[1462] = CNOT 2 16
[1463] = CNOT 2 15
[1464] = CNOT 2 12
[1465] = CNOT 2 10
[1466] = CNOT 2 8
[1467] = CNOT 2 6
[1468] = CNOT 2 5
[1469] = CNOT 2 4
[1470] = CNOT 1 2
[1471] = CNOT 1 4
[1472] = CNOT 1 5
[1473] = CNOT 1 8
[1474] = CNOT 1 16
[1475] = CNOT 1 39
[1476] = T 1
[1477] = CNOT 1 16
[1478] = CNOT 1 8
[1479] = CNOT 1 7
[1480] = T 1
[1481] = CNOT 1 39
[1482] = CNOT 1 37
[1483] = CNOT 1 34
[1484] = CNOT 1 32
[1485] = CNOT 1 7
[1486] = CNOT 1 6
[1487] = CNOT 1 9
[1488] = CNOT 1 38
[1489] = T 1
[1490] = CNOT 1 36
[1491] = CNOT 1 35
[1492] = CNOT 1 33
[1493] = CNOT 1 9
[1494] = CNOT 1 5
[1495] = CNOT 1 4
[1496] = CNOT 1 2
[1497] = CNOT 2 4
[1498] = CNOT 2 5
[1499] = CNOT 2 7
[1500] = CNOT 2 8
[1501] = CNOT 2 9
[1502] = CNOT 2 10
[1503] = CNOT 2 12
[1504] = CNOT 2 15
[1505] = CNOT 2 17
[1506] = CNOT 2 20
[1507] = CNOT 2 33
[1508] = CNOT 2 35
[1509] = CNOT 2 36
[1510] = T 2
[1511] = CNOT 2 9
[1512] = CNOT 2 4
[1513] = CNOT 4 5
[1514] = CNOT 4 8
[1515] = CNOT 4 12
[1516] = CNOT 4 15
[1517] = CNOT 4 17
[1518] = CNOT 4 20
[1519] = CNOT 4 33
[1520] = CNOT 4 34
[1521] = CNOT 4 35
[1522] = CNOT 4 36
[1523] = T 4
[1524] = CNOT 4 36
[1525] = CNOT 4 35
[1526] = CNOT 4 34
[1527] = CNOT 4 33
[1528] = CNOT 4 20
[1529] = CNOT 4 17
[1530] = CNOT 4 15
[1531] = CNOT 4 12
[1532] = CNOT 4 8
[1533] = CNOT 4 5
[1534] = CNOT 2 4
[1535] = T 2
[1536] = CNOT 2 10
[1537] = CNOT 2 7
[1538] = CNOT 2 6
[1539] = CNOT 2 34
[1540] = T 2
[1541] = CNOT 2 38
[1542] = T 2
[1543] = CNOT 2 6
[1544] = T 2
[1545] = CNOT 2 6
[1546] = CNOT 2 10
[1547] = T 2
[1548] = CNOT 2 38
[1549] = CNOT 2 8
[1550] = CNOT 2 5
[1551] = CNOT 2 7
[1552] = CNOT 2 11
[1553] = CNOT 2 32
[1554] = CNOT 2 37
[1555] = T 2
[1556] = CNOT 2 37
[1557] = CNOT 2 36
[1558] = CNOT 2 35
[1559] = CNOT 2 34
[1560] = CNOT 2 33
[1561] = CNOT 2 32
[1562] = CNOT 2 20
[1563] = CNOT 2 17
[1564] = CNOT 2 15
[1565] = CNOT 2 12
[1566] = CNOT 2 11
[1567] = CNOT 2 10
[1568] = CNOT 2 7
[1569] = CNOT 2 6
[1570] = CNOT 2 4
[1571] = CNOT 1 2
[1572] = CNOT 1 3
[1573] = CNOT 1 4
[1574] = CNOT 1 6
[1575] = CNOT 1 7
[1576] = CNOT 1 11
[1577] = CNOT 1 32
[1578] = CNOT 1 37
[1579] = T 1
[1580] = CNOT 1 10
[1581] = CNOT 1 3
[1582] = CNOT 1 2
[1583] = CNOT 2 4
[1584] = CNOT 2 5
[1585] = CNOT 2 6
[1586] = CNOT 2 7
[1587] = CNOT 2 10
[1588] = CNOT 2 11
[1589] = CNOT 2 12
[1590] = CNOT 2 15
[1591] = CNOT 2 17
[1592] = CNOT 2 20
[1593] = CNOT 2 32
[1594] = CNOT 2 33
[1595] = CNOT 2 34
[1596] = CNOT 2 35
[1597] = CNOT 2 36
[1598] = CNOT 2 37
[1599] = CNOT 2 38
[1600] = T 2
[1601] = CNOT 2 38
[1602] = CNOT 2 20
[1603] = CNOT 2 15
[1604] = CNOT 2 11
[1605] = CNOT 2 8
[1606] = CNOT 2 14
[1607] = CNOT 2 16
[1608] = T 2
[1609] = CNOT 2 16
[1610] = CNOT 2 14
[1611] = CNOT 2 12
[1612] = CNOT 2 8
[1613] = CNOT 2 4
[1614] = CNOT 2 15
[1615] = CNOT 2 20
[1616] = T 2
[1617] = CNOT 2 38
[1618] = T 2
[1619] = CNOT 2 38
[1620] = CNOT 2 37
[1621] = CNOT 2 36
[1622] = CNOT 2 35
[1623] = CNOT 2 34
[1624] = CNOT 2 33
[1625] = CNOT 2 32
[1626] = CNOT 2 20
[1627] = CNOT 2 17
[1628] = CNOT 2 15
[1629] = CNOT 2 10
[1630] = CNOT 2 7
[1631] = CNOT 2 6
[1632] = CNOT 2 5
[1633] = CNOT 1 2
[1634] = CNOT 1 9
[1635] = T 1
[1636] = CNOT 1 11
[1637] = CNOT 1 9
[1638] = CNOT 1 2
[1639] = CNOT 2 5
[1640] = CNOT 2 6
[1641] = CNOT 2 7
[1642] = CNOT 2 10
[1643] = CNOT 2 12
[1644] = CNOT 2 15
[1645] = CNOT 2 17
[1646] = CNOT 2 20
[1647] = CNOT 2 32
[1648] = CNOT 2 33
[1649] = CNOT 2 34
[1650] = CNOT 2 35
[1651] = CNOT 2 36
[1652] = CNOT 2 37
[1653] = CNOT 2 38
[1654] = T 2
[1655] = CNOT 2 38
[1656] = CNOT 2 37
[1657] = CNOT 2 36
[1658] = CNOT 2 35
[1659] = CNOT 2 34
[1660] = CNOT 2 33
[1661] = CNOT 2 32
[1662] = CNOT 2 20
[1663] = CNOT 2 17
[1664] = CNOT 2 15
[1665] = CNOT 2 12
[1666] = CNOT 2 10
[1667] = CNOT 2 7
[1668] = CNOT 2 6
[1669] = CNOT 2 5
[1670] = CNOT 1 2
[1671] = CNOT 1 3
[1672] = CNOT 1 13
[1673] = CNOT 1 36
[1674] = T 1
[1675] = CNOT 1 38
[1676] = T 1
[1677] = CNOT 1 3
[1678] = T 1
[1679] = CNOT 1 13
[1680] = CNOT 1 3
[1681] = T 1
[1682] = CNOT 1 36
[1683] = CNOT 1 3
[1684] = CNOT 1 2
[1685] = CNOT 2 4
[1686] = CNOT 2 5
[1687] = CNOT 2 6
[1688] = CNOT 2 7
[1689] = CNOT 2 14
[1690] = CNOT 2 15
[1691] = CNOT 2 17
[1692] = CNOT 2 20
[1693] = CNOT 2 32
[1694] = CNOT 2 33
[1695] = CNOT 2 34
[1696] = CNOT 2 35
[1697] = CNOT 2 36
[1698] = CNOT 2 37
[1699] = T 2
[1700] = CNOT 2 38
[1701] = T 2
[1702] = CNOT 2 38
[1703] = CNOT 2 37
[1704] = CNOT 2 36
[1705] = CNOT 2 35
[1706] = CNOT 2 34
[1707] = CNOT 2 33
[1708] = CNOT 2 32
[1709] = CNOT 2 20
[1710] = CNOT 2 17
[1711] = CNOT 2 15
[1712] = CNOT 2 14
[1713] = CNOT 2 7
[1714] = CNOT 2 6
[1715] = CNOT 2 5
[1716] = CNOT 2 4
[1717] = CNOT 1 2
[1718] = CNOT 1 13
[1719] = CNOT 1 38
[1720] = T 1
[1721] = CNOT 1 38
[1722] = CNOT 1 37
[1723] = CNOT 1 32
[1724] = CNOT 1 15
[1725] = CNOT 1 13
[1726] = CNOT 1 7
[1727] = CNOT 1 6
[1728] = CNOT 1 4
[1729] = CNOT 4 5
[1730] = CNOT 4 6
[1731] = CNOT 4 7
[1732] = CNOT 4 10
[1733] = CNOT 4 15
[1734] = CNOT 4 17
[1735] = CNOT 4 20
[1736] = CNOT 4 32
[1737] = CNOT 4 33
[1738] = CNOT 4 34
[1739] = CNOT 4 35
[1740] = CNOT 4 36
[1741] = CNOT 4 37
[1742] = CNOT 4 38
[1743] = T 4
[1744] = CNOT 4 38
[1745] = CNOT 4 37
[1746] = CNOT 4 36
[1747] = CNOT 4 35
[1748] = CNOT 4 34
[1749] = CNOT 4 33
[1750] = CNOT 4 32
[1751] = CNOT 4 20
[1752] = CNOT 4 17
[1753] = CNOT 4 15
[1754] = CNOT 4 10
[1755] = CNOT 4 7
[1756] = CNOT 4 6
[1757] = CNOT 4 5
[1758] = CNOT 1 4
[1759] = CNOT 1 5
[1760] = CNOT 1 8
[1761] = CNOT 1 10
[1762] = CNOT 1 33
[1763] = CNOT 1 34
[1764] = CNOT 1 35
[1765] = CNOT 1 36
[1766] = T 1
[1767] = CNOT 1 38
[1768] = T 1
[1769] = CNOT 1 2
[1770] = CNOT 2 4
[1771] = CNOT 2 5
[1772] = CNOT 2 8
[1773] = CNOT 2 10
[1774] = CNOT 2 12
[1775] = CNOT 2 17
[1776] = CNOT 2 20
[1777] = CNOT 2 33
[1778] = CNOT 2 34
[1779] = CNOT 2 35
[1780] = CNOT 2 36
[1781] = CNOT 2 38
[1782] = T 2
[1783] = CNOT 2 38
[1784] = CNOT 2 36
[1785] = CNOT 2 35
[1786] = CNOT 2 34
[1787] = CNOT 2 33
[1788] = CNOT 2 20
[1789] = CNOT 2 17
[1790] = CNOT 2 12
[1791] = CNOT 2 10
[1792] = CNOT 2 8
[1793] = CNOT 2 5
[1794] = CNOT 2 4
[1795] = CNOT 1 2
[1796] = CNOT 1 15
[1797] = T 1
[1798] = CNOT 1 36
[1799] = CNOT 1 34
[1800] = CNOT 1 10
[1801] = CNOT 1 8
[1802] = CNOT 1 5
[1803] = CNOT 1 2
[1804] = CNOT 2 4
[1805] = CNOT 2 5
[1806] = CNOT 2 6
[1807] = CNOT 2 8
[1808] = CNOT 2 9
[1809] = CNOT 2 10
[1810] = CNOT 2 12
[1811] = CNOT 2 15
[1812] = CNOT 2 17
[1813] = CNOT 2 20
[1814] = CNOT 2 33
[1815] = CNOT 2 34
[1816] = CNOT 2 35
[1817] = CNOT 2 36
[1818] = T 2
[1819] = CNOT 2 6
[1820] = CNOT 1 6
[1821] = CNOT 1 7
[1822] = CNOT 1 9
[1823] = CNOT 1 11
[1824] = CNOT 1 32
[1825] = CNOT 1 37
[1826] = T 1
[1827] = CNOT 1 33
[1828] = CNOT 2 37
[1829] = T 2
[1830] = CNOT 2 10
[1831] = CNOT 2 9
[1832] = CNOT 2 8
[1833] = CNOT 2 5
[1834] = CNOT 2 4
[1835] = T 1
[1836] = CNOT 1 11
[1837] = CNOT 1 9
[1838] = CNOT 1 4
[1839] = CNOT 2 7
[1840] = CNOT 2 11
[1841] = CNOT 2 13
[1842] = CNOT 2 32
[1843] = CNOT 2 39
[1844] = T 2
[1845] = CNOT 2 37
[1846] = T 2
[1847] = CNOT 2 5
[1848] = T 2
[1849] = CNOT 2 5
[1850] = CNOT 2 10
[1851] = T 2
[1852] = CNOT 2 39
[1853] = CNOT 2 36
[1854] = CNOT 2 35
[1855] = CNOT 2 34
[1856] = CNOT 2 33
[1857] = CNOT 2 32
[1858] = CNOT 2 20
[1859] = CNOT 2 17
[1860] = CNOT 2 15
[1861] = CNOT 2 13
[1862] = CNOT 2 12
[1863] = CNOT 2 11
[1864] = CNOT 2 10
[1865] = CNOT 2 7
[1866] = CNOT 1 2
[1867] = T 1
[1868] = CNOT 1 37
[1869] = T 1
[1870] = CNOT 1 4
[1871] = T 1
[1872] = CNOT 1 4
[1873] = CNOT 1 11
[1874] = T 1
[1875] = CNOT 1 12
[1876] = CNOT 1 3
[1877] = CNOT 1 4
[1878] = CNOT 1 37
[1879] = T 1
[1880] = CNOT 1 37
[1881] = T 1
[1882] = CNOT 1 3
[1883] = T 1
[1884] = CNOT 1 3
[1885] = CNOT 1 12
[1886] = T 1
[1887] = CNOT 1 38
[1888] = CNOT 1 32
[1889] = CNOT 1 11
[1890] = CNOT 1 7
[1891] = CNOT 1 6
[1892] = CNOT 1 3
[1893] = CNOT 1 2
[1894] = CNOT 5 7
[1895] = CNOT 5 10
[1896] = CNOT 5 11
[1897] = CNOT 5 12
[1898] = CNOT 5 15
[1899] = CNOT 5 17
[1900] = CNOT 5 20
[1901] = CNOT 5 32
[1902] = CNOT 5 33
[1903] = CNOT 5 34
[1904] = CNOT 5 35
[1905] = CNOT 5 36
[1906] = CNOT 5 37
[1907] = CNOT 5 39
[1908] = T 5
[1909] = CNOT 5 37
[1910] = T 5
[1911] = CNOT 5 39
[1912] = CNOT 5 36
[1913] = CNOT 5 35
[1914] = CNOT 5 34
[1915] = CNOT 5 33
[1916] = CNOT 5 32
[1917] = CNOT 5 20
[1918] = CNOT 5 17
[1919] = CNOT 5 15
[1920] = CNOT 5 12
[1921] = CNOT 5 11
[1922] = CNOT 5 10
[1923] = CNOT 5 7
[1924] = CNOT 2 5
[1925] = CNOT 2 7
[1926] = CNOT 2 10
[1927] = CNOT 2 11
[1928] = CNOT 2 12
[1929] = CNOT 2 15
[1930] = CNOT 2 17
[1931] = CNOT 2 20
[1932] = CNOT 2 32
[1933] = CNOT 2 33
[1934] = CNOT 2 34
[1935] = CNOT 2 35
[1936] = CNOT 2 36
[1937] = CNOT 2 39
[1938] = T 2
[1939] = CNOT 2 39
[1940] = CNOT 2 36
[1941] = CNOT 2 35
[1942] = CNOT 2 34
[1943] = CNOT 2 33
[1944] = CNOT 2 32
[1945] = CNOT 2 20
[1946] = CNOT 2 17
[1947] = CNOT 2 15
[1948] = CNOT 2 12
[1949] = CNOT 2 11
[1950] = CNOT 2 10
[1951] = CNOT 2 7
[1952] = CNOT 2 5
[1953] = CNOT 5 7
[1954] = CNOT 5 10
[1955] = CNOT 5 11
[1956] = CNOT 5 12
[1957] = CNOT 5 13
[1958] = CNOT 5 15
[1959] = CNOT 5 17
[1960] = CNOT 5 20
[1961] = CNOT 5 32
[1962] = CNOT 5 33
[1963] = CNOT 5 34
[1964] = CNOT 5 35
[1965] = CNOT 5 36
[1966] = CNOT 5 39
[1967] = T 5
[1968] = CNOT 5 39
[1969] = CNOT 5 36
[1970] = CNOT 5 35
[1971] = CNOT 5 34
[1972] = CNOT 5 33
[1973] = CNOT 5 32
[1974] = CNOT 5 20
[1975] = CNOT 5 17
[1976] = CNOT 5 15
[1977] = CNOT 5 13
[1978] = CNOT 5 12
[1979] = CNOT 5 11
[1980] = CNOT 5 10
[1981] = CNOT 5 7
[1982] = CNOT 1 2
[1983] = CNOT 1 5
[1984] = CNOT 1 8
[1985] = CNOT 1 10
[1986] = CNOT 1 14
[1987] = CNOT 1 33
[1988] = CNOT 1 34
[1989] = CNOT 1 36
[1990] = T 1
[1991] = CNOT 1 37
[1992] = T 1
[1993] = CNOT 1 14
[1994] = CNOT 1 2
[1995] = CNOT 2 4
[1996] = CNOT 2 5
[1997] = CNOT 2 8
[1998] = CNOT 2 10
[1999] = CNOT 2 12
[2000] = CNOT 2 14
[2001] = CNOT 2 15
[2002] = CNOT 2 17
[2003] = CNOT 2 20
[2004] = CNOT 2 33
[2005] = CNOT 2 34
[2006] = CNOT 2 35
[2007] = CNOT 2 36
[2008] = CNOT 2 37
[2009] = T 2
[2010] = CNOT 2 37
[2011] = CNOT 2 36
[2012] = CNOT 2 35
[2013] = CNOT 2 34
[2014] = CNOT 2 33
[2015] = CNOT 2 20
[2016] = CNOT 2 17
[2017] = CNOT 2 15
[2018] = CNOT 2 14
[2019] = CNOT 2 12
[2020] = CNOT 2 10
[2021] = CNOT 2 8
[2022] = CNOT 2 5
[2023] = CNOT 2 4
[2024] = CNOT 1 2
[2025] = T 1
[2026] = CNOT 1 35
[2027] = CNOT 1 34
[2028] = CNOT 1 33
[2029] = CNOT 1 10
[2030] = CNOT 1 8
[2031] = CNOT 1 5
[2032] = CNOT 1 2
[2033] = CNOT 2 4
[2034] = CNOT 2 6
[2035] = CNOT 2 7
[2036] = CNOT 2 9
[2037] = CNOT 2 10
[2038] = CNOT 2 12
[2039] = CNOT 2 15
[2040] = CNOT 2 17
[2041] = CNOT 2 20
[2042] = CNOT 2 32
[2043] = CNOT 2 33
[2044] = CNOT 2 34
[2045] = CNOT 2 35
[2046] = CNOT 2 36
[2047] = CNOT 2 37
[2048] = T 2
[2049] = CNOT 2 36
[2050] = T 2
[2051] = CNOT 2 5
[2052] = T 2
[2053] = CNOT 2 9
[2054] = CNOT 2 5
[2055] = T 2
[2056] = CNOT 2 10
[2057] = CNOT 2 6
[2058] = CNOT 2 5
[2059] = CNOT 2 11
[2060] = CNOT 2 13
[2061] = CNOT 2 36
[2062] = CNOT 2 39
[2063] = T 2
[2064] = CNOT 2 39
[2065] = CNOT 2 37
[2066] = CNOT 2 36
[2067] = CNOT 2 35
[2068] = CNOT 2 34
[2069] = CNOT 2 33
[2070] = CNOT 2 32
[2071] = CNOT 2 20
[2072] = CNOT 2 17
[2073] = CNOT 2 15
[2074] = CNOT 2 13
[2075] = CNOT 2 12
[2076] = CNOT 2 11
[2077] = CNOT 2 7
[2078] = CNOT 2 5
[2079] = CNOT 2 4
[2080] = CNOT 1 2
[2081] = CNOT 1 7
[2082] = CNOT 1 13
[2083] = CNOT 1 16
[2084] = CNOT 1 32
[2085] = CNOT 1 38
[2086] = CNOT 1 39
[2087] = T 1
[2088] = CNOT 1 4
[2089] = T 1
[2090] = CNOT 1 4
[2091] = CNOT 1 10
[2092] = T 1
[2093] = CNOT 1 39
[2094] = CNOT 1 16
[2095] = CNOT 1 13
[2096] = CNOT 1 10
[2097] = CNOT 1 3
[2098] = CNOT 1 6
[2099] = CNOT 1 11
[2100] = T 1
[2101] = CNOT 1 36
[2102] = CNOT 1 2
[2103] = CNOT 2 4
[2104] = CNOT 2 6
[2105] = CNOT 2 7
[2106] = CNOT 2 11
[2107] = CNOT 2 15
[2108] = CNOT 2 17
[2109] = CNOT 2 20
[2110] = CNOT 2 32
[2111] = CNOT 2 37
[2112] = CNOT 2 38
[2113] = T 2
[2114] = CNOT 2 38
[2115] = CNOT 2 37
[2116] = CNOT 2 32
[2117] = CNOT 2 20
[2118] = CNOT 2 17
[2119] = CNOT 2 15
[2120] = CNOT 2 11
[2121] = CNOT 2 7
[2122] = CNOT 2 6
[2123] = CNOT 2 4
[2124] = CNOT 1 2
[2125] = CNOT 1 10
[2126] = CNOT 1 35
[2127] = T 1
[2128] = CNOT 1 35
[2129] = CNOT 1 11
[2130] = CNOT 1 10
[2131] = T 1
[2132] = CNOT 1 12
[2133] = CNOT 1 6
[2134] = CNOT 1 4
[2135] = CNOT 1 3
[2136] = CNOT 1 2
[2137] = CNOT 5 7
[2138] = CNOT 5 10
[2139] = CNOT 5 11
[2140] = CNOT 5 13
[2141] = CNOT 5 15
[2142] = CNOT 5 17
[2143] = CNOT 5 20
[2144] = CNOT 5 32
[2145] = CNOT 5 33
[2146] = CNOT 5 34
[2147] = CNOT 5 35
[2148] = CNOT 5 36
[2149] = CNOT 5 37
[2150] = CNOT 5 39
[2151] = T 5
[2152] = CNOT 5 39
[2153] = CNOT 5 37
[2154] = CNOT 5 36
[2155] = CNOT 5 35
[2156] = CNOT 5 34
[2157] = CNOT 5 33
[2158] = CNOT 5 32
[2159] = CNOT 5 20
[2160] = CNOT 5 17
[2161] = CNOT 5 15
[2162] = CNOT 5 13
[2163] = CNOT 5 11
[2164] = CNOT 5 10
[2165] = CNOT 5 7
[2166] = CNOT 1 10
[2167] = CNOT 1 13
[2168] = CNOT 1 16
[2169] = CNOT 1 36
[2170] = CNOT 1 39
[2171] = T 1
[2172] = CNOT 1 2
[2173] = T 1
[2174] = CNOT 1 2
[2175] = CNOT 1 12
[2176] = T 1
[2177] = CNOT 1 39
[2178] = CNOT 1 38
[2179] = CNOT 1 37
[2180] = CNOT 1 36
[2181] = CNOT 1 32
[2182] = CNOT 1 20
[2183] = CNOT 1 17
[2184] = CNOT 1 16
[2185] = CNOT 1 15
[2186] = CNOT 1 13
[2187] = CNOT 1 12
[2188] = CNOT 1 10
[2189] = CNOT 1 7
[2190] = Z 1
[2191] = Z 2
[2192] = S 3
[2193] = S 6
[2194] = Z 6
[2195] = S 7
[2196] = Z 7
[2197] = S 8
[2198] = Z 8
[2199] = S 9
[2200] = S 10
[2201] = S 11
[2202] = S 15
[2203] = Z 15
[2204] = Z 16
[2205] = Z 17
[2206] = S 18
[2207] = Z 18
[2208] = S 19
[2209] = Z 20
[2210] = Z 21
[2211] = S 23
[2212] = Z 23
[2213] = S 25
[2214] = Z 25
[2215] = S 26
[2216] = S 27
[2217] = S 28
[2218] = Z 32
[2219] = Z 35
[2220] = Z 37
[2221] = S 39
[2222] = Z 39
[2223] = CNOT 1 2
[2224] = S 1
[2225] = CNOT 1 2
[2226] = CNOT 1 3
[2227] = Z 1
[2228] = CNOT 1 3
[2229] = CNOT 1 4
[2230] = S 1
[2231] = CNOT 1 4
[2232] = CNOT 1 5
[2233] = S 1
[2234] = Z 1
[2235] = CNOT 1 5
[2236] = CNOT 1 7
[2237] = Z 1
[2238] = CNOT 1 7
[2239] = CNOT 1 8
[2240] = S 1
[2241] = CNOT 1 8
[2242] = CNOT 1 9
[2243] = Z 1
[2244] = CNOT 1 9
[2245] = CNOT 1 10
[2246] = S 1
[2247] = CNOT 1 10
[2248] = CNOT 1 11
[2249] = S 1
[2250] = CNOT 1 11
[2251] = CNOT 1 12
[2252] = S 1
[2253] = CNOT 1 12
[2254] = CNOT 1 13
[2255] = S 1
[2256] = CNOT 1 13
[2257] = CNOT 1 14
[2258] = Z 1
[2259] = CNOT 1 14
[2260] = CNOT 1 16
[2261] = S 1
[2262] = CNOT 1 16
[2263] = CNOT 1 17
[2264] = S 1
[2265] = CNOT 1 17
[2266] = CNOT 1 20
[2267] = S 1
[2268] = CNOT 1 20
[2269] = CNOT 1 33
[2270] = S 1
[2271] = Z 1
[2272] = CNOT 1 33
[2273] = CNOT 1 34
[2274] = S 1
[2275] = Z 1
[2276] = CNOT 1 34
[2277] = CNOT 1 35
[2278] = S 1
[2279] = Z 1
[2280] = CNOT 1 35
[2281] = CNOT 1 36
[2282] = S 1
[2283] = CNOT 1 36
[2284] = CNOT 1 38
[2285] = S 1
[2286] = Z 1
[2287] = CNOT 1 38
[2288] = CNOT 1 39
[2289] = S 1
[2290] = Z 1
[2291] = CNOT 1 39
[2292] = CNOT 2 3
[2293] = S 2
[2294] = Z 2
[2295] = CNOT 2 3
[2296] = CNOT 2 4
[2297] = S 2
[2298] = Z 2
[2299] = CNOT 2 4
[2300] = CNOT 2 5
[2301] = Z 2
[2302] = CNOT 2 5
[2303] = CNOT 2 7
[2304] = S 2
[2305] = CNOT 2 7
[2306] = CNOT 2 8
[2307] = Z 2
[2308] = CNOT 2 8
[2309] = CNOT 2 9
[2310] = Z 2
[2311] = CNOT 2 9
[2312] = CNOT 2 10
[2313] = Z 2
[2314] = CNOT 2 10
[2315] = CNOT 2 11
[2316] = S 2
[2317] = Z 2
[2318] = CNOT 2 11
[2319] = CNOT 2 12
[2320] = S 2
[2321] = CNOT 2 12
[2322] = CNOT 2 14
[2323] = S 2
[2324] = CNOT 2 14
[2325] = CNOT 2 15
[2326] = Z 2
[2327] = CNOT 2 15
[2328] = CNOT 2 16
[2329] = S 2
[2330] = Z 2
[2331] = CNOT 2 16
[2332] = CNOT 2 17
[2333] = Z 2
[2334] = CNOT 2 17
[2335] = CNOT 2 19
[2336] = S 2
[2337] = CNOT 2 19
[2338] = CNOT 2 21
[2339] = S 2
[2340] = CNOT 2 21
[2341] = CNOT 2 22
[2342] = S 2
[2343] = CNOT 2 22
[2344] = CNOT 2 23
[2345] = Z 2
[2346] = CNOT 2 23
[2347] = CNOT 2 32
[2348] = Z 2
[2349] = CNOT 2 32
[2350] = CNOT 2 33
[2351] = S 2
[2352] = CNOT 2 33
[2353] = CNOT 2 34
[2354] = S 2
[2355] = Z 2
[2356] = CNOT 2 34
[2357] = CNOT 2 35
[2358] = S 2
[2359] = CNOT 2 35
[2360] = CNOT 2 36
[2361] = S 2
[2362] = Z 2
[2363] = CNOT 2 36
[2364] = CNOT 2 39
[2365] = Z 2
[2366] = CNOT 2 39
[2367] = CNOT 3 4
[2368] = S 3
[2369] = Z 3
[2370] = CNOT 3 4
[2371] = CNOT 3 5
[2372] = S 3
[2373] = CNOT 3 5
[2374] = CNOT 3 6
[2375] = Z 3
[2376] = CNOT 3 6
[2377] = CNOT 3 7
[2378] = Z 3
[2379] = CNOT 3 7
[2380] = CNOT 3 8
[2381] = S 3
[2382] = CNOT 3 8
[2383] = CNOT 3 9
[2384] = S 3
[2385] = CNOT 3 9
[2386] = CNOT 3 10
[2387] = S 3
[2388] = Z 3
[2389] = CNOT 3 10
[2390] = CNOT 3 12
[2391] = Z 3
[2392] = CNOT 3 12
[2393] = CNOT 3 13
[2394] = S 3
[2395] = CNOT 3 13
[2396] = CNOT 3 14
[2397] = Z 3
[2398] = CNOT 3 14
[2399] = CNOT 3 16
[2400] = S 3
[2401] = CNOT 3 16
[2402] = CNOT 3 18
[2403] = S 3
[2404] = CNOT 3 18
[2405] = CNOT 3 20
[2406] = S 3
[2407] = Z 3
[2408] = CNOT 3 20
[2409] = CNOT 3 32
[2410] = Z 3
[2411] = CNOT 3 32
[2412] = CNOT 3 33
[2413] = S 3
[2414] = CNOT 3 33
[2415] = CNOT 3 35
[2416] = S 3
[2417] = Z 3
[2418] = CNOT 3 35
[2419] = CNOT 3 36
[2420] = S 3
[2421] = Z 3
[2422] = CNOT 3 36
[2423] = CNOT 3 37
[2424] = S 3
[2425] = CNOT 3 37
[2426] = CNOT 3 38
[2427] = S 3
[2428] = CNOT 3 38
[2429] = CNOT 3 39
[2430] = Z 3
[2431] = CNOT 3 39
[2432] = CNOT 4 5
[2433] = Z 4
[2434] = CNOT 4 5
[2435] = CNOT 4 6
[2436] = Z 4
[2437] = CNOT 4 6
[2438] = CNOT 4 7
[2439] = Z 4
[2440] = CNOT 4 7
[2441] = CNOT 4 8
[2442] = Z 4
[2443] = CNOT 4 8
[2444] = CNOT 4 9
[2445] = S 4
[2446] = Z 4
[2447] = CNOT 4 9
[2448] = CNOT 4 10
[2449] = S 4
[2450] = Z 4
[2451] = CNOT 4 10
[2452] = CNOT 4 12
[2453] = S 4
[2454] = CNOT 4 12
[2455] = CNOT 4 13
[2456] = S 4
[2457] = Z 4
[2458] = CNOT 4 13
[2459] = CNOT 4 14
[2460] = Z 4
[2461] = CNOT 4 14
[2462] = CNOT 4 16
[2463] = Z 4
[2464] = CNOT 4 16
[2465] = CNOT 4 18
[2466] = S 4
[2467] = CNOT 4 18
[2468] = CNOT 4 19
[2469] = S 4
[2470] = CNOT 4 19
[2471] = CNOT 4 20
[2472] = Z 4
[2473] = CNOT 4 20
[2474] = CNOT 4 21
[2475] = S 4
[2476] = CNOT 4 21
[2477] = CNOT 4 23
[2478] = Z 4
[2479] = CNOT 4 23
[2480] = CNOT 4 32
[2481] = S 4
[2482] = CNOT 4 32
[2483] = CNOT 4 33
[2484] = S 4
[2485] = CNOT 4 33
[2486] = CNOT 4 35
[2487] = Z 4
[2488] = CNOT 4 35
[2489] = CNOT 4 37
[2490] = S 4
[2491] = CNOT 4 37
[2492] = CNOT 4 38
[2493] = S 4
[2494] = CNOT 4 38
[2495] = CNOT 4 39
[2496] = S 4
[2497] = Z 4
[2498] = CNOT 4 39
[2499] = CNOT 5 6
[2500] = Z 5
[2501] = CNOT 5 6
[2502] = CNOT 5 7
[2503] = Z 5
[2504] = CNOT 5 7
[2505] = CNOT 5 8
[2506] = S 5
[2507] = CNOT 5 8
[2508] = CNOT 5 9
[2509] = S 5
[2510] = CNOT 5 9
[2511] = CNOT 5 11
[2512] = Z 5
[2513] = CNOT 5 11
[2514] = CNOT 5 12
[2515] = Z 5
[2516] = CNOT 5 12
[2517] = CNOT 5 13
[2518] = Z 5
[2519] = CNOT 5 13
[2520] = CNOT 5 14
[2521] = S 5
[2522] = Z 5
[2523] = CNOT 5 14
[2524] = CNOT 5 16
[2525] = Z 5
[2526] = CNOT 5 16
[2527] = CNOT 5 18
[2528] = S 5
[2529] = Z 5
[2530] = CNOT 5 18
[2531] = CNOT 5 19
[2532] = S 5
[2533] = Z 5
[2534] = CNOT 5 19
[2535] = CNOT 5 20
[2536] = Z 5
[2537] = CNOT 5 20
[2538] = CNOT 5 21
[2539] = S 5
[2540] = CNOT 5 21
[2541] = CNOT 5 22
[2542] = S 5
[2543] = Z 5
[2544] = CNOT 5 22
[2545] = CNOT 5 23
[2546] = Z 5
[2547] = CNOT 5 23
[2548] = CNOT 5 32
[2549] = S 5
[2550] = CNOT 5 32
[2551] = CNOT 5 34
[2552] = S 5
[2553] = CNOT 5 34
[2554] = CNOT 5 36
[2555] = S 5
[2556] = CNOT 5 36
[2557] = CNOT 5 37
[2558] = S 5
[2559] = CNOT 5 37
[2560] = CNOT 5 38
[2561] = S 5
[2562] = CNOT 5 38
[2563] = CNOT 5 39
[2564] = Z 5
[2565] = CNOT 5 39
[2566] = CNOT 6 7
[2567] = S 6
[2568] = Z 6
[2569] = CNOT 6 7
[2570] = CNOT 6 8
[2571] = S 6
[2572] = Z 6
[2573] = CNOT 6 8
[2574] = CNOT 6 9
[2575] = S 6
[2576] = CNOT 6 9
[2577] = CNOT 6 10
[2578] = Z 6
[2579] = CNOT 6 10
[2580] = CNOT 6 11
[2581] = Z 6
[2582] = CNOT 6 11
[2583] = CNOT 6 13
[2584] = S 6
[2585] = Z 6
[2586] = CNOT 6 13
[2587] = CNOT 6 14
[2588] = S 6
[2589] = Z 6
[2590] = CNOT 6 14
[2591] = CNOT 6 15
[2592] = Z 6
[2593] = CNOT 6 15
[2594] = CNOT 6 19
[2595] = S 6
[2596] = CNOT 6 19
[2597] = CNOT 6 20
[2598] = S 6
[2599] = Z 6
[2600] = CNOT 6 20
[2601] = CNOT 6 21
[2602] = S 6
[2603] = Z 6
[2604] = CNOT 6 21
[2605] = CNOT 6 22
[2606] = S 6
[2607] = CNOT 6 22
[2608] = CNOT 6 23
[2609] = Z 6
[2610] = CNOT 6 23
[2611] = CNOT 6 33
[2612] = S 6
[2613] = Z 6
[2614] = CNOT 6 33
[2615] = CNOT 6 34
[2616] = S 6
[2617] = CNOT 6 34
[2618] = CNOT 6 35
[2619] = S 6
[2620] = Z 6
[2621] = CNOT 6 35
[2622] = CNOT 6 37
[2623] = S 6
[2624] = CNOT 6 37
[2625] = CNOT 6 39
[2626] = Z 6
[2627] = CNOT 6 39
[2628] = CNOT 7 10
[2629] = Z 7
[2630] = CNOT 7 10
[2631] = CNOT 7 13
[2632] = S 7
[2633] = Z 7
[2634] = CNOT 7 13
[2635] = CNOT 7 14
[2636] = Z 7
[2637] = CNOT 7 14
[2638] = CNOT 7 15
[2639] = S 7
[2640] = CNOT 7 15
[2641] = CNOT 7 17
[2642] = S 7
[2643] = CNOT 7 17
[2644] = CNOT 7 18
[2645] = Z 7
[2646] = CNOT 7 18
[2647] = CNOT 7 19
[2648] = S 7
[2649] = CNOT 7 19
[2650] = CNOT 7 21
[2651] = S 7
[2652] = Z 7
[2653] = CNOT 7 21
[2654] = CNOT 7 23
[2655] = Z 7
[2656] = CNOT 7 23
[2657] = CNOT 7 34
[2658] = S 7
[2659] = Z 7
[2660] = CNOT 7 34
[2661] = CNOT 7 36
[2662] = S 7
[2663] = CNOT 7 36
[2664] = CNOT 7 37
[2665] = S 7
[2666] = CNOT 7 37
[2667] = CNOT 7 38
[2668] = S 7
[2669] = CNOT 7 38
[2670] = CNOT 7 39
[2671] = S 7
[2672] = Z 7
[2673] = CNOT 7 39
[2674] = CNOT 8 10
[2675] = Z 8
[2676] = CNOT 8 10
[2677] = CNOT 8 12
[2678] = Z 8
[2679] = CNOT 8 12
[2680] = CNOT 8 14
[2681] = Z 8
[2682] = CNOT 8 14
[2683] = CNOT 8 15
[2684] = S 8
[2685] = CNOT 8 15
[2686] = CNOT 8 16
[2687] = S 8
[2688] = CNOT 8 16
[2689] = CNOT 8 18
[2690] = Z 8
[2691] = CNOT 8 18
[2692] = CNOT 8 20
[2693] = Z 8
[2694] = CNOT 8 20
[2695] = CNOT 8 22
[2696] = S 8
[2697] = CNOT 8 22
[2698] = CNOT 8 23
[2699] = S 8
[2700] = CNOT 8 23
[2701] = CNOT 8 32
[2702] = Z 8
[2703] = CNOT 8 32
[2704] = CNOT 8 33
[2705] = S 8
[2706] = CNOT 8 33
[2707] = CNOT 8 34
[2708] = Z 8
[2709] = CNOT 8 34
[2710] = CNOT 8 35
[2711] = S 8
[2712] = CNOT 8 35
[2713] = CNOT 8 36
[2714] = S 8
[2715] = CNOT 8 36
[2716] = CNOT 8 37
[2717] = Z 8
[2718] = CNOT 8 37
[2719] = CNOT 8 38
[2720] = S 8
[2721] = CNOT 8 38
[2722] = CNOT 8 39
[2723] = S 8
[2724] = Z 8
[2725] = CNOT 8 39
[2726] = CNOT 9 32
[2727] = Z 9
[2728] = CNOT 9 32
[2729] = CNOT 9 33
[2730] = Z 9
[2731] = CNOT 9 33
[2732] = CNOT 9 34
[2733] = S 9
[2734] = Z 9
[2735] = CNOT 9 34
[2736] = CNOT 9 35
[2737] = S 9
[2738] = Z 9
[2739] = CNOT 9 35
[2740] = CNOT 9 36
[2741] = S 9
[2742] = CNOT 9 36
[2743] = CNOT 9 37
[2744] = S 9
[2745] = CNOT 9 37
[2746] = CNOT 9 38
[2747] = S 9
[2748] = Z 9
[2749] = CNOT 9 38
[2750] = CNOT 9 39
[2751] = S 9
[2752] = CNOT 9 39
[2753] = CNOT 10 11
[2754] = S 10
[2755] = Z 10
[2756] = CNOT 10 11
[2757] = CNOT 10 12
[2758] = S 10
[2759] = Z 10
[2760] = CNOT 10 12
[2761] = CNOT 10 14
[2762] = S 10
[2763] = Z 10
[2764] = CNOT 10 14
[2765] = CNOT 10 15
[2766] = Z 10
[2767] = CNOT 10 15
[2768] = CNOT 10 16
[2769] = S 10
[2770] = CNOT 10 16
[2771] = CNOT 10 17
[2772] = S 10
[2773] = CNOT 10 17
[2774] = CNOT 10 20
[2775] = Z 10
[2776] = CNOT 10 20
[2777] = CNOT 10 21
[2778] = S 10
[2779] = CNOT 10 21
[2780] = CNOT 10 22
[2781] = S 10
[2782] = CNOT 10 22
[2783] = CNOT 10 23
[2784] = Z 10
[2785] = CNOT 10 23
[2786] = CNOT 10 33
[2787] = S 10
[2788] = Z 10
[2789] = CNOT 10 33
[2790] = CNOT 10 34
[2791] = S 10
[2792] = CNOT 10 34
[2793] = CNOT 10 35
[2794] = S 10
[2795] = CNOT 10 35
[2796] = CNOT 10 38
[2797] = S 10
[2798] = Z 10
[2799] = CNOT 10 38
[2800] = CNOT 10 39
[2801] = S 10
[2802] = Z 10
[2803] = CNOT 10 39
[2804] = CNOT 11 12
[2805] = Z 11
[2806] = CNOT 11 12
[2807] = CNOT 11 14
[2808] = S 11
[2809] = CNOT 11 14
[2810] = CNOT 11 15
[2811] = S 11
[2812] = CNOT 11 15
[2813] = CNOT 11 16
[2814] = Z 11
[2815] = CNOT 11 16
[2816] = CNOT 11 17
[2817] = Z 11
[2818] = CNOT 11 17
[2819] = CNOT 11 18
[2820] = Z 11
[2821] = CNOT 11 18
[2822] = CNOT 11 22
[2823] = S 11
[2824] = CNOT 11 22
[2825] = CNOT 11 32
[2826] = S 11
[2827] = Z 11
[2828] = CNOT 11 32
[2829] = CNOT 11 33
[2830] = S 11
[2831] = CNOT 11 33
[2832] = CNOT 11 35
[2833] = S 11
[2834] = Z 11
[2835] = CNOT 11 35
[2836] = CNOT 11 36
[2837] = Z 11
[2838] = CNOT 11 36
[2839] = CNOT 11 37
[2840] = Z 11
[2841] = CNOT 11 37
[2842] = CNOT 11 39
[2843] = S 11
[2844] = CNOT 11 39
[2845] = CNOT 12 13
[2846] = Z 12
[2847] = CNOT 12 13
[2848] = CNOT 12 14
[2849] = Z 12
[2850] = CNOT 12 14
[2851] = CNOT 12 15
[2852] = Z 12
[2853] = CNOT 12 15
[2854] = CNOT 12 17
[2855] = Z 12
[2856] = CNOT 12 17
[2857] = CNOT 12 18
[2858] = Z 12
[2859] = CNOT 12 18
[2860] = CNOT 12 20
[2861] = Z 12
[2862] = CNOT 12 20
[2863] = CNOT 12 21
[2864] = S 12
[2865] = CNOT 12 21
[2866] = CNOT 12 22
[2867] = S 12
[2868] = CNOT 12 22
[2869] = CNOT 12 23
[2870] = Z 12
[2871] = CNOT 12 23
[2872] = CNOT 12 32
[2873] = S 12
[2874] = CNOT 12 32
[2875] = CNOT 12 33
[2876] = S 12
[2877] = Z 12
[2878] = CNOT 12 33
[2879] = CNOT 12 34
[2880] = Z 12
[2881] = CNOT 12 34
[2882] = CNOT 12 35
[2883] = S 12
[2884] = Z 12
[2885] = CNOT 12 35
[2886] = CNOT 12 36
[2887] = S 12
[2888] = Z 12
[2889] = CNOT 12 36
[2890] = CNOT 12 37
[2891] = S 12
[2892] = CNOT 12 37
[2893] = CNOT 12 38
[2894] = S 12
[2895] = CNOT 12 38
[2896] = CNOT 12 39
[2897] = S 12
[2898] = Z 12
[2899] = CNOT 12 39
[2900] = CNOT 13 14
[2901] = S 13
[2902] = CNOT 13 14
[2903] = CNOT 13 15
[2904] = S 13
[2905] = Z 13
[2906] = CNOT 13 15
[2907] = CNOT 13 17
[2908] = S 13
[2909] = CNOT 13 17
[2910] = CNOT 13 19
[2911] = S 13
[2912] = Z 13
[2913] = CNOT 13 19
[2914] = CNOT 13 20
[2915] = S 13
[2916] = Z 13
[2917] = CNOT 13 20
[2918] = CNOT 13 22
[2919] = Z 13
[2920] = CNOT 13 22
[2921] = CNOT 13 32
[2922] = S 13
[2923] = Z 13
[2924] = CNOT 13 32
[2925] = CNOT 13 33
[2926] = Z 13
[2927] = CNOT 13 33
[2928] = CNOT 13 34
[2929] = Z 13
[2930] = CNOT 13 34
[2931] = CNOT 13 35
[2932] = Z 13
[2933] = CNOT 13 35
[2934] = CNOT 13 36
[2935] = S 13
[2936] = Z 13
[2937] = CNOT 13 36
[2938] = CNOT 13 37
[2939] = S 13
[2940] = Z 13
[2941] = CNOT 13 37
[2942] = CNOT 14 15
[2943] = Z 14
[2944] = CNOT 14 15
[2945] = CNOT 14 16
[2946] = S 14
[2947] = Z 14
[2948] = CNOT 14 16
[2949] = CNOT 14 17
[2950] = S 14
[2951] = Z 14
[2952] = CNOT 14 17
[2953] = CNOT 14 20
[2954] = S 14
[2955] = Z 14
[2956] = CNOT 14 20
[2957] = CNOT 14 33
[2958] = S 14
[2959] = Z 14
[2960] = CNOT 14 33
[2961] = CNOT 14 34
[2962] = S 14
[2963] = Z 14
[2964] = CNOT 14 34
[2965] = CNOT 14 35
[2966] = S 14
[2967] = Z 14
[2968] = CNOT 14 35
[2969] = CNOT 14 36
[2970] = S 14
[2971] = Z 14
[2972] = CNOT 14 36
[2973] = CNOT 14 37
[2974] = Z 14
[2975] = CNOT 14 37
[2976] = CNOT 14 38
[2977] = Z 14
[2978] = CNOT 14 38
[2979] = CNOT 14 39
[2980] = Z 14
[2981] = CNOT 14 39
[2982] = CNOT 15 16
[2983] = Z 15
[2984] = CNOT 15 16
[2985] = CNOT 15 17
[2986] = Z 15
[2987] = CNOT 15 17
[2988] = CNOT 15 18
[2989] = Z 15
[2990] = CNOT 15 18
[2991] = CNOT 15 19
[2992] = S 15
[2993] = Z 15
[2994] = CNOT 15 19
[2995] = CNOT 15 20
[2996] = Z 15
[2997] = CNOT 15 20
[2998] = CNOT 15 21
[2999] = S 15
[3000] = Z 15
[3001] = CNOT 15 21
[3002] = CNOT 15 23
[3003] = Z 15
[3004] = CNOT 15 23
[3005] = CNOT 15 32
[3006] = S 15
[3007] = CNOT 15 32
[3008] = CNOT 15 33
[3009] = Z 15
[3010] = CNOT 15 33
[3011] = CNOT 15 34
[3012] = S 15
[3013] = CNOT 15 34
[3014] = CNOT 15 35
[3015] = Z 15
[3016] = CNOT 15 35
[3017] = CNOT 15 36
[3018] = S 15
[3019] = Z 15
[3020] = CNOT 15 36
[3021] = CNOT 15 37
[3022] = Z 15
[3023] = CNOT 15 37
[3024] = CNOT 15 38
[3025] = S 15
[3026] = Z 15
[3027] = CNOT 15 38
[3028] = CNOT 15 39
[3029] = Z 15
[3030] = CNOT 15 39
[3031] = CNOT 16 17
[3032] = Z 16
[3033] = CNOT 16 17
[3034] = CNOT 16 18
[3035] = S 16
[3036] = Z 16
[3037] = CNOT 16 18
[3038] = CNOT 16 19
[3039] = Z 16
[3040] = CNOT 16 19
[3041] = CNOT 16 20
[3042] = S 16
[3043] = Z 16
[3044] = CNOT 16 20
[3045] = CNOT 16 21
[3046] = S 16
[3047] = Z 16
[3048] = CNOT 16 21
[3049] = CNOT 16 22
[3050] = Z 16
[3051] = CNOT 16 22
[3052] = CNOT 16 23
[3053] = S 16
[3054] = CNOT 16 23
[3055] = CNOT 16 32
[3056] = S 16
[3057] = CNOT 16 32
[3058] = CNOT 16 33
[3059] = S 16
[3060] = CNOT 16 33
[3061] = CNOT 16 34
[3062] = S 16
[3063] = CNOT 16 34
[3064] = CNOT 16 35
[3065] = S 16
[3066] = CNOT 16 35
[3067] = CNOT 16 36
[3068] = S 16
[3069] = CNOT 16 36
[3070] = CNOT 16 37
[3071] = S 16
[3072] = CNOT 16 37
[3073] = CNOT 16 39
[3074] = S 16
[3075] = CNOT 16 39
[3076] = CNOT 17 18
[3077] = S 17
[3078] = Z 17
[3079] = CNOT 17 18
[3080] = CNOT 17 19
[3081] = S 17
[3082] = CNOT 17 19
[3083] = CNOT 17 21
[3084] = S 17
[3085] = CNOT 17 21
[3086] = CNOT 17 23
[3087] = Z 17
[3088] = CNOT 17 23
[3089] = CNOT 17 25
[3090] = S 17
[3091] = CNOT 17 25
[3092] = CNOT 17 32
[3093] = S 17
[3094] = Z 17
[3095] = CNOT 17 32
[3096] = CNOT 17 33
[3097] = S 17
[3098] = Z 17
[3099] = CNOT 17 33
[3100] = CNOT 17 34
[3101] = Z 17
[3102] = CNOT 17 34
[3103] = CNOT 17 35
[3104] = S 17
[3105] = Z 17
[3106] = CNOT 17 35
[3107] = CNOT 17 39
[3108] = Z 17
[3109] = CNOT 17 39
[3110] = CNOT 18 19
[3111] = Z 18
[3112] = CNOT 18 19
[3113] = CNOT 18 22
[3114] = S 18
[3115] = CNOT 18 22
[3116] = CNOT 18 26
[3117] = S 18
[3118] = CNOT 18 26
[3119] = CNOT 19 20
[3120] = S 19
[3121] = CNOT 19 20
[3122] = CNOT 19 22
[3123] = Z 19
[3124] = CNOT 19 22
[3125] = CNOT 19 27
[3126] = S 19
[3127] = CNOT 19 27
[3128] = CNOT 19 33
[3129] = S 19
[3130] = CNOT 19 33
[3131] = CNOT 19 35
[3132] = S 19
[3133] = CNOT 19 35
[3134] = CNOT 19 36
[3135] = S 19
[3136] = CNOT 19 36
[3137] = CNOT 19 38
[3138] = S 19
[3139] = CNOT 19 38
[3140] = CNOT 20 21
[3141] = S 20
[3142] = CNOT 20 21
[3143] = CNOT 20 22
[3144] = S 20
[3145] = CNOT 20 22
[3146] = CNOT 20 23
[3147] = Z 20
[3148] = CNOT 20 23
[3149] = CNOT 20 28
[3150] = S 20
[3151] = CNOT 20 28
[3152] = CNOT 20 32
[3153] = Z 20
[3154] = CNOT 20 32
[3155] = CNOT 20 33
[3156] = Z 20
[3157] = CNOT 20 33
[3158] = CNOT 20 34
[3159] = S 20
[3160] = CNOT 20 34
[3161] = CNOT 20 35
[3162] = Z 20
[3163] = CNOT 20 35
[3164] = CNOT 20 36
[3165] = S 20
[3166] = Z 20
[3167] = CNOT 20 36
[3168] = CNOT 20 37
[3169] = S 20
[3170] = Z 20
[3171] = CNOT 20 37
[3172] = CNOT 20 39
[3173] = Z 20
[3174] = CNOT 20 39
[3175] = CNOT 21 29
[3176] = S 21
[3177] = CNOT 21 29
[3178] = CNOT 21 32
[3179] = S 21
[3180] = CNOT 21 32
[3181] = CNOT 21 33
[3182] = S 21
[3183] = CNOT 21 33
[3184] = CNOT 21 34
[3185] = S 21
[3186] = CNOT 21 34
[3187] = CNOT 21 35
[3188] = S 21
[3189] = CNOT 21 35
[3190] = CNOT 21 36
[3191] = S 21
[3192] = CNOT 21 36
[3193] = CNOT 21 37
[3194] = S 21
[3195] = CNOT 21 37
[3196] = CNOT 22 30
[3197] = S 22
[3198] = CNOT 22 30
[3199] = CNOT 22 32
[3200] = S 22
[3201] = CNOT 22 32
[3202] = CNOT 22 33
[3203] = S 22
[3204] = CNOT 22 33
[3205] = CNOT 22 34
[3206] = S 22
[3207] = CNOT 22 34
[3208] = CNOT 22 35
[3209] = S 22
[3210] = CNOT 22 35
[3211] = CNOT 22 36
[3212] = S 22
[3213] = CNOT 22 36
[3214] = CNOT 22 37
[3215] = S 22
[3216] = CNOT 22 37
[3217] = CNOT 23 31
[3218] = S 23
[3219] = CNOT 23 31
[3220] = CNOT 23 32
[3221] = Z 23
[3222] = CNOT 23 32
[3223] = CNOT 23 33
[3224] = Z 23
[3225] = CNOT 23 33
[3226] = CNOT 23 34
[3227] = Z 23
[3228] = CNOT 23 34
[3229] = CNOT 23 35
[3230] = Z 23
[3231] = CNOT 23 35
[3232] = CNOT 23 36
[3233] = Z 23
[3234] = CNOT 23 36
[3235] = CNOT 23 37
[3236] = Z 23
[3237] = CNOT 23 37
[3238] = CNOT 24 28
[3239] = S 24
[3240] = CNOT 24 28
[3241] = CNOT 24 29
[3242] = S 24
[3243] = CNOT 24 29
[3244] = CNOT 24 30
[3245] = S 24
[3246] = CNOT 24 30
[3247] = CNOT 25 26
[3248] = Z 25
[3249] = CNOT 25 26
[3250] = CNOT 25 27
[3251] = Z 25
[3252] = CNOT 25 27
[3253] = CNOT 25 28
[3254] = S 25
[3255] = CNOT 25 28
[3256] = CNOT 25 29
[3257] = S 25
[3258] = Z 25
[3259] = CNOT 25 29
[3260] = CNOT 25 30
[3261] = Z 25
[3262] = CNOT 25 30
[3263] = CNOT 25 31
[3264] = Z 25
[3265] = CNOT 25 31
[3266] = CNOT 26 27
[3267] = Z 26
[3268] = CNOT 26 27
[3269] = CNOT 26 28
[3270] = Z 26
[3271] = CNOT 26 28
[3272] = CNOT 26 29
[3273] = S 26
[3274] = CNOT 26 29
[3275] = CNOT 26 30
[3276] = S 26
[3277] = CNOT 26 30
[3278] = CNOT 26 31
[3279] = Z 26
[3280] = CNOT 26 31
[3281] = CNOT 26 33
[3282] = S 26
[3283] = Z 26
[3284] = CNOT 26 33
[3285] = CNOT 26 37
[3286] = S 26
[3287] = Z 26
[3288] = CNOT 26 37
[3289] = CNOT 27 28
[3290] = Z 27
[3291] = CNOT 27 28
[3292] = CNOT 27 29
[3293] = Z 27
[3294] = CNOT 27 29
[3295] = CNOT 27 30
[3296] = S 27
[3297] = CNOT 27 30
[3298] = CNOT 27 31
[3299] = S 27
[3300] = CNOT 27 31
[3301] = CNOT 27 37
[3302] = S 27
[3303] = Z 27
[3304] = CNOT 27 37
[3305] = CNOT 27 38
[3306] = S 27
[3307] = Z 27
[3308] = CNOT 27 38
[3309] = CNOT 28 29
[3310] = S 28
[3311] = Z 28
[3312] = CNOT 28 29
[3313] = CNOT 28 30
[3314] = S 28
[3315] = CNOT 28 30
[3316] = CNOT 28 37
[3317] = S 28
[3318] = Z 28
[3319] = CNOT 28 37
[3320] = CNOT 28 38
[3321] = S 28
[3322] = Z 28
[3323] = CNOT 28 38
[3324] = CNOT 29 30
[3325] = S 29
[3326] = Z 29
[3327] = CNOT 29 30
[3328] = CNOT 29 31
[3329] = S 29
[3330] = CNOT 29 31
[3331] = CNOT 29 38
[3332] = S 29
[3333] = Z 29
[3334] = CNOT 29 38
[3335] = CNOT 30 31
[3336] = Z 30
[3337] = CNOT 30 31
[3338] = CNOT 30 33
[3339] = S 30
[3340] = Z 30
[3341] = CNOT 30 33
[3342] = CNOT 31 33
[3343] = S 31
[3344] = Z 31
[3345] = CNOT 31 33
[3346] = CNOT 32 33
[3347] = S 32
[3348] = CNOT 32 33
[3349] = CNOT 32 35
[3350] = S 32
[3351] = CNOT 32 35
[3352] = CNOT 32 36
[3353] = Z 32
[3354] = CNOT 32 36
[3355] = CNOT 32 37
[3356] = Z 32
[3357] = CNOT 32 37
[3358] = CNOT 32 38
[3359] = Z 32
[3360] = CNOT 32 38
[3361] = CNOT 32 39
[3362] = S 32
[3363] = Z 32
[3364] = CNOT 32 39
[3365] = CNOT 33 35
[3366] = S 33
[3367] = CNOT 33 35
[3368] = CNOT 33 39
[3369] = Z 33
[3370] = CNOT 33 39
[3371] = CNOT 34 37
[3372] = S 34
[3373] = Z 34
[3374] = CNOT 34 37
[3375] = CNOT 34 39
[3376] = Z 34
[3377] = CNOT 34 39
[3378] = CNOT 35 37
[3379] = Z 35
[3380] = CNOT 35 37
[3381] = CNOT 35 39
[3382] = Z 35
[3383] = CNOT 35 39
[3384] = CNOT 36 37
[3385] = S 36
[3386] = CNOT 36 37
[3387] = CNOT 36 38
[3388] = S 36
[3389] = CNOT 36 38
[3390] = CNOT 36 39
[3391] = Z 36
[3392] = CNOT 36 39
[3393] = CNOT 37 39
[3394] = Z 37
[3395] = CNOT 37 39
[3396] = CNOT 1 2
[3397] = CNOT 1 3
[3398] = S 1
[3399] = Z 1
[3400] = CNOT 1 3
[3401] = CNOT 1 4
[3402] = S 1
[3403] = CNOT 1 4
[3404] = CNOT 1 7
[3405] = S 1
[3406] = Z 1
[3407] = CNOT 1 7
[3408] = CNOT 1 8
[3409] = Z 1
[3410] = CNOT 1 8
[3411] = CNOT 1 11
[3412] = S 1
[3413] = CNOT 1 11
[3414] = CNOT 1 12
[3415] = S 1
[3416] = Z 1
[3417] = CNOT 1 12
[3418] = CNOT 1 14
[3419] = S 1
[3420] = Z 1
[3421] = CNOT 1 14
[3422] = CNOT 1 15
[3423] = Z 1
[3424] = CNOT 1 15
[3425] = CNOT 1 16
[3426] = S 1
[3427] = CNOT 1 16
[3428] = CNOT 1 17
[3429] = S 1
[3430] = CNOT 1 17
[3431] = CNOT 1 20
[3432] = S 1
[3433] = CNOT 1 20
[3434] = CNOT 1 32
[3435] = S 1
[3436] = Z 1
[3437] = CNOT 1 32
[3438] = CNOT 1 33
[3439] = Z 1
[3440] = CNOT 1 33
[3441] = CNOT 1 34
[3442] = S 1
[3443] = CNOT 1 34
[3444] = CNOT 1 35
[3445] = S 1
[3446] = CNOT 1 35
[3447] = CNOT 1 36
[3448] = Z 1
[3449] = CNOT 1 36
[3450] = CNOT 1 2
[3451] = CNOT 1 3
[3452] = CNOT 1 4
[3453] = S 1
[3454] = Z 1
[3455] = CNOT 1 4
[3456] = CNOT 1 6
[3457] = S 1
[3458] = Z 1
[3459] = CNOT 1 6
[3460] = CNOT 1 7
[3461] = S 1
[3462] = Z 1
[3463] = CNOT 1 7
[3464] = CNOT 1 10
[3465] = S 1
[3466] = Z 1
[3467] = CNOT 1 10
[3468] = CNOT 1 11
[3469] = S 1
[3470] = CNOT 1 11
[3471] = CNOT 1 13
[3472] = S 1
[3473] = Z 1
[3474] = CNOT 1 13
[3475] = CNOT 1 15
[3476] = S 1
[3477] = Z 1
[3478] = CNOT 1 15
[3479] = CNOT 1 17
[3480] = S 1
[3481] = Z 1
[3482] = CNOT 1 17
[3483] = CNOT 1 20
[3484] = S 1
[3485] = Z 1
[3486] = CNOT 1 20
[3487] = CNOT 1 32
[3488] = S 1
[3489] = Z 1
[3490] = CNOT 1 32
[3491] = CNOT 1 35
[3492] = Z 1
[3493] = CNOT 1 35
[3494] = CNOT 1 36
[3495] = Z 1
[3496] = CNOT 1 36
[3497] = CNOT 1 3
[3498] = CNOT 1 4
[3499] = CNOT 1 8
[3500] = Z 1
[3501] = CNOT 1 8
[3502] = CNOT 1 10
[3503] = S 1
[3504] = CNOT 1 10
[3505] = CNOT 1 11
[3506] = S 1
[3507] = CNOT 1 11
[3508] = CNOT 1 13
[3509] = S 1
[3510] = CNOT 1 13
[3511] = CNOT 1 14
[3512] = S 1
[3513] = Z 1
[3514] = CNOT 1 14
[3515] = CNOT 1 15
[3516] = S 1
[3517] = Z 1
[3518] = CNOT 1 15
[3519] = CNOT 1 16
[3520] = Z 1
[3521] = CNOT 1 16
[3522] = CNOT 1 17
[3523] = Z 1
[3524] = CNOT 1 17
[3525] = CNOT 1 20
[3526] = Z 1
[3527] = CNOT 1 20
[3528] = CNOT 1 33
[3529] = S 1
[3530] = CNOT 1 33
[3531] = CNOT 1 34
[3532] = S 1
[3533] = CNOT 1 34
[3534] = CNOT 1 35
[3535] = S 1
[3536] = CNOT 1 35
[3537] = CNOT 1 36
[3538] = S 1
[3539] = Z 1
[3540] = CNOT 1 36
[3541] = CNOT 1 38
[3542] = S 1
[3543] = CNOT 1 38
[3544] = CNOT 1 39
[3545] = S 1
[3546] = CNOT 1 39
[3547] = CNOT 1 4
[3548] = CNOT 1 5
[3549] = CNOT 1 6
[3550] = S 1
[3551] = CNOT 1 6
[3552] = CNOT 1 7
[3553] = Z 1
[3554] = CNOT 1 7
[3555] = CNOT 1 8
[3556] = Z 1
[3557] = CNOT 1 8
[3558] = CNOT 1 9
[3559] = Z 1
[3560] = CNOT 1 9
[3561] = CNOT 1 14
[3562] = S 1
[3563] = Z 1
[3564] = CNOT 1 14
[3565] = CNOT 1 15
[3566] = S 1
[3567] = CNOT 1 15
[3568] = CNOT 1 16
[3569] = S 1
[3570] = Z 1
[3571] = CNOT 1 16
[3572] = CNOT 1 32
[3573] = Z 1
[3574] = CNOT 1 32
[3575] = CNOT 1 34
[3576] = Z 1
[3577] = CNOT 1 34
[3578] = CNOT 1 38
[3579] = S 1
[3580] = CNOT 1 38
[3581] = CNOT 1 39
[3582] = Z 1
[3583] = CNOT 1 39
[3584] = CNOT 1 5
[3585] = CNOT 1 6
[3586] = CNOT 1 7
[3587] = S 1
[3588] = Z 1
[3589] = CNOT 1 7
[3590] = CNOT 1 8
[3591] = Z 1
[3592] = CNOT 1 8
[3593] = CNOT 1 10
[3594] = Z 1
[3595] = CNOT 1 10
[3596] = CNOT 1 11
[3597] = S 1
[3598] = Z 1
[3599] = CNOT 1 11
[3600] = CNOT 1 12
[3601] = S 1
[3602] = Z 1
[3603] = CNOT 1 12
[3604] = CNOT 1 13
[3605] = Z 1
[3606] = CNOT 1 13
[3607] = CNOT 1 15
[3608] = S 1
[3609] = CNOT 1 15
[3610] = CNOT 1 16
[3611] = S 1
[3612] = Z 1
[3613] = CNOT 1 16
[3614] = CNOT 1 17
[3615] = S 1
[3616] = CNOT 1 17
[3617] = CNOT 1 20
[3618] = S 1
[3619] = CNOT 1 20
[3620] = CNOT 1 32
[3621] = Z 1
[3622] = CNOT 1 32
[3623] = CNOT 1 33
[3624] = Z 1
[3625] = CNOT 1 33
[3626] = CNOT 1 36
[3627] = S 1
[3628] = CNOT 1 36
[3629] = CNOT 1 38
[3630] = Z 1
[3631] = CNOT 1 38
[3632] = CNOT 1 39
[3633] = S 1
[3634] = Z 1
[3635] = CNOT 1 39
[3636] = CNOT 1 6
[3637] = CNOT 1 7
[3638] = CNOT 1 8
[3639] = S 1
[3640] = Z 1
[3641] = CNOT 1 8
[3642] = CNOT 1 10
[3643] = S 1
[3644] = CNOT 1 10
[3645] = CNOT 1 11
[3646] = S 1
[3647] = Z 1
[3648] = CNOT 1 11
[3649] = CNOT 1 12
[3650] = Z 1
[3651] = CNOT 1 12
[3652] = CNOT 1 13
[3653] = S 1
[3654] = Z 1
[3655] = CNOT 1 13
[3656] = CNOT 1 15
[3657] = S 1
[3658] = Z 1
[3659] = CNOT 1 15
[3660] = CNOT 1 16
[3661] = S 1
[3662] = CNOT 1 16
[3663] = CNOT 1 17
[3664] = S 1
[3665] = Z 1
[3666] = CNOT 1 17
[3667] = CNOT 1 20
[3668] = S 1
[3669] = Z 1
[3670] = CNOT 1 20
[3671] = CNOT 1 33
[3672] = S 1
[3673] = Z 1
[3674] = CNOT 1 33
[3675] = CNOT 1 34
[3676] = Z 1
[3677] = CNOT 1 34
[3678] = CNOT 1 35
[3679] = S 1
[3680] = CNOT 1 35
[3681] = CNOT 1 36
[3682] = S 1
[3683] = Z 1
[3684] = CNOT 1 36
[3685] = CNOT 1 37
[3686] = S 1
[3687] = Z 1
[3688] = CNOT 1 37
[3689] = CNOT 1 38
[3690] = Z 1
[3691] = CNOT 1 38
[3692] = CNOT 1 7
[3693] = CNOT 1 8
[3694] = CNOT 1 9
[3695] = S 1
[3696] = Z 1
[3697] = CNOT 1 9
[3698] = CNOT 1 10
[3699] = Z 1
[3700] = CNOT 1 10
[3701] = CNOT 1 12
[3702] = Z 1
[3703] = CNOT 1 12
[3704] = CNOT 1 14
[3705] = S 1
[3706] = Z 1
[3707] = CNOT 1 14
[3708] = CNOT 1 15
[3709] = S 1
[3710] = Z 1
[3711] = CNOT 1 15
[3712] = CNOT 1 16
[3713] = S 1
[3714] = Z 1
[3715] = CNOT 1 16
[3716] = CNOT 1 17
[3717] = Z 1
[3718] = CNOT 1 17
[3719] = CNOT 1 20
[3720] = Z 1
[3721] = CNOT 1 20
[3722] = CNOT 1 32
[3723] = S 1
[3724] = Z 1
[3725] = CNOT 1 32
[3726] = CNOT 1 33
[3727] = Z 1
[3728] = CNOT 1 33
[3729] = CNOT 1 34
[3730] = S 1
[3731] = Z 1
[3732] = CNOT 1 34
[3733] = CNOT 1 35
[3734] = Z 1
[3735] = CNOT 1 35
[3736] = CNOT 1 36
[3737] = Z 1
[3738] = CNOT 1 36
[3739] = CNOT 1 37
[3740] = S 1
[3741] = CNOT 1 37
[3742] = CNOT 1 38
[3743] = Z 1
[3744] = CNOT 1 38
[3745] = CNOT 1 39
[3746] = S 1
[3747] = Z 1
[3748] = CNOT 1 39
[3749] = CNOT 1 8
[3750] = CNOT 1 9
[3751] = CNOT 1 10
[3752] = Z 1
[3753] = CNOT 1 10
[3754] = CNOT 1 11
[3755] = S 1
[3756] = CNOT 1 11
[3757] = CNOT 1 12
[3758] = S 1
[3759] = Z 1
[3760] = CNOT 1 12
[3761] = CNOT 1 15
[3762] = S 1
[3763] = Z 1
[3764] = CNOT 1 15
[3765] = CNOT 1 17
[3766] = S 1
[3767] = Z 1
[3768] = CNOT 1 17
[3769] = CNOT 1 20
[3770] = S 1
[3771] = Z 1
[3772] = CNOT 1 20
[3773] = CNOT 1 32
[3774] = S 1
[3775] = CNOT 1 32
[3776] = CNOT 1 33
[3777] = S 1
[3778] = CNOT 1 33
[3779] = CNOT 1 34
[3780] = S 1
[3781] = Z 1
[3782] = CNOT 1 34
[3783] = CNOT 1 36
[3784] = Z 1
[3785] = CNOT 1 36
[3786] = CNOT 1 9
[3787] = CNOT 1 10
[3788] = CNOT 1 11
[3789] = Z 1
[3790] = CNOT 1 11
[3791] = CNOT 1 13
[3792] = Z 1
[3793] = CNOT 1 13
[3794] = CNOT 1 14
[3795] = S 1
[3796] = Z 1
[3797] = CNOT 1 14
[3798] = CNOT 1 16
[3799] = S 1
[3800] = CNOT 1 16
[3801] = CNOT 1 17
[3802] = S 1
[3803] = Z 1
[3804] = CNOT 1 17
[3805] = CNOT 1 20
[3806] = S 1
[3807] = Z 1
[3808] = CNOT 1 20
[3809] = CNOT 1 32
[3810] = S 1
[3811] = CNOT 1 32
[3812] = CNOT 1 33
[3813] = S 1
[3814] = Z 1
[3815] = CNOT 1 33
[3816] = CNOT 1 34
[3817] = S 1
[3818] = CNOT 1 34
[3819] = CNOT 1 35
[3820] = Z 1
[3821] = CNOT 1 35
[3822] = CNOT 1 36
[3823] = S 1
[3824] = CNOT 1 36
[3825] = CNOT 1 37
[3826] = S 1
[3827] = Z 1
[3828] = CNOT 1 37
[3829] = CNOT 1 10
[3830] = CNOT 1 11
[3831] = CNOT 1 12
[3832] = S 1
[3833] = CNOT 1 12
[3834] = CNOT 1 15
[3835] = S 1
[3836] = Z 1
[3837] = CNOT 1 15
[3838] = CNOT 1 17
[3839] = S 1
[3840] = Z 1
[3841] = CNOT 1 17
[3842] = CNOT 1 20
[3843] = S 1
[3844] = Z 1
[3845] = CNOT 1 20
[3846] = CNOT 1 32
[3847] = S 1
[3848] = Z 1
[3849] = CNOT 1 32
[3850] = CNOT 1 33
[3851] = Z 1
[3852] = CNOT 1 33
[3853] = CNOT 1 35
[3854] = Z 1
[3855] = CNOT 1 35
[3856] = CNOT 1 36
[3857] = S 1
[3858] = Z 1
[3859] = CNOT 1 36
[3860] = CNOT 1 37
[3861] = S 1
[3862] = CNOT 1 37
[3863] = CNOT 1 38
[3864] = S 1
[3865] = Z 1
[3866] = CNOT 1 38
[3867] = CNOT 1 11
[3868] = CNOT 1 12
[3869] = CNOT 1 14
[3870] = S 1
[3871] = Z 1
[3872] = CNOT 1 14
[3873] = CNOT 1 15
[3874] = S 1
[3875] = CNOT 1 15
[3876] = CNOT 1 16
[3877] = S 1
[3878] = CNOT 1 16
[3879] = CNOT 1 32
[3880] = Z 1
[3881] = CNOT 1 32
[3882] = CNOT 1 33
[3883] = S 1
[3884] = CNOT 1 33
[3885] = CNOT 1 34
[3886] = S 1
[3887] = CNOT 1 34
[3888] = CNOT 1 35
[3889] = S 1
[3890] = CNOT 1 35
[3891] = CNOT 1 36
[3892] = Z 1
[3893] = CNOT 1 36
[3894] = CNOT 1 37
[3895] = Z 1
[3896] = CNOT 1 37
[3897] = CNOT 1 38
[3898] = S 1
[3899] = Z 1
[3900] = CNOT 1 38
[3901] = CNOT 1 12
[3902] = CNOT 1 13
[3903] = CNOT 1 15
[3904] = S 1
[3905] = Z 1
[3906] = CNOT 1 15
[3907] = CNOT 1 16
[3908] = S 1
[3909] = CNOT 1 16
[3910] = CNOT 1 17
[3911] = S 1
[3912] = Z 1
[3913] = CNOT 1 17
[3914] = CNOT 1 20
[3915] = S 1
[3916] = Z 1
[3917] = CNOT 1 20
[3918] = CNOT 1 32
[3919] = S 1
[3920] = Z 1
[3921] = CNOT 1 32
[3922] = CNOT 1 37
[3923] = S 1
[3924] = Z 1
[3925] = CNOT 1 37
[3926] = CNOT 1 39
[3927] = S 1
[3928] = CNOT 1 39
[3929] = CNOT 1 13
[3930] = CNOT 1 14
[3931] = CNOT 1 15
[3932] = S 1
[3933] = Z 1
[3934] = CNOT 1 15
[3935] = CNOT 1 17
[3936] = S 1
[3937] = Z 1
[3938] = CNOT 1 17
[3939] = CNOT 1 20
[3940] = S 1
[3941] = Z 1
[3942] = CNOT 1 20
[3943] = CNOT 1 33
[3944] = S 1
[3945] = Z 1
[3946] = CNOT 1 33
[3947] = CNOT 1 34
[3948] = S 1
[3949] = Z 1
[3950] = CNOT 1 34
[3951] = CNOT 1 35
[3952] = S 1
[3953] = Z 1
[3954] = CNOT 1 35
[3955] = CNOT 1 36
[3956] = S 1
[3957] = Z 1
[3958] = CNOT 1 36
[3959] = CNOT 1 14
[3960] = CNOT 1 15
[3961] = CNOT 1 17
[3962] = Z 1
[3963] = CNOT 1 17
[3964] = CNOT 1 20
[3965] = Z 1
[3966] = CNOT 1 20
[3967] = CNOT 1 32
[3968] = S 1
[3969] = Z 1
[3970] = CNOT 1 32
[3971] = CNOT 1 33
[3972] = Z 1
[3973] = CNOT 1 33
[3974] = CNOT 1 34
[3975] = Z 1
[3976] = CNOT 1 34
[3977] = CNOT 1 36
[3978] = Z 1
[3979] = CNOT 1 36
[3980] = CNOT 1 38
[3981] = S 1
[3982] = CNOT 1 38
[3983] = CNOT 1 39
[3984] = S 1
[3985] = Z 1
[3986] = CNOT 1 39
[3987] = CNOT 1 15
[3988] = CNOT 1 16
[3989] = CNOT 1 33
[3990] = S 1
[3991] = Z 1
[3992] = CNOT 1 33
[3993] = CNOT 1 34
[3994] = S 1
[3995] = Z 1
[3996] = CNOT 1 34
[3997] = CNOT 1 35
[3998] = S 1
[3999] = Z 1
[4000] = CNOT 1 35
[4001] = CNOT 1 38
[4002] = S 1
[4003] = CNOT 1 38
[4004] = CNOT 1 39
[4005] = S 1
[4006] = CNOT 1 39
[4007] = CNOT 1 16
[4008] = CNOT 1 17
[4009] = CNOT 1 20
[4010] = S 1
[4011] = CNOT 1 20
[4012] = CNOT 1 32
[4013] = S 1
[4014] = Z 1
[4015] = CNOT 1 32
[4016] = CNOT 1 33
[4017] = S 1
[4018] = CNOT 1 33
[4019] = CNOT 1 34
[4020] = S 1
[4021] = CNOT 1 34
[4022] = CNOT 1 35
[4023] = S 1
[4024] = Z 1
[4025] = CNOT 1 35
[4026] = CNOT 1 36
[4027] = S 1
[4028] = CNOT 1 36
[4029] = CNOT 1 39
[4030] = S 1
[4031] = Z 1
[4032] = CNOT 1 39
[4033] = CNOT 1 17
[4034] = CNOT 1 20
[4035] = CNOT 1 32
[4036] = S 1
[4037] = Z 1
[4038] = CNOT 1 32
[4039] = CNOT 1 33
[4040] = S 1
[4041] = CNOT 1 33
[4042] = CNOT 1 34
[4043] = S 1
[4044] = CNOT 1 34
[4045] = CNOT 1 35
[4046] = S 1
[4047] = Z 1
[4048] = CNOT 1 35
[4049] = CNOT 1 36
[4050] = S 1
[4051] = CNOT 1 36
[4052] = CNOT 1 39
[4053] = S 1
[4054] = Z 1
[4055] = CNOT 1 39
[4056] = CNOT 1 20
[4057] = CNOT 1 32
[4058] = CNOT 1 33
[4059] = S 1
[4060] = Z 1
[4061] = CNOT 1 33
[4062] = CNOT 1 34
[4063] = S 1
[4064] = CNOT 1 34
[4065] = CNOT 1 35
[4066] = S 1
[4067] = CNOT 1 35
[4068] = CNOT 1 36
[4069] = S 1
[4070] = Z 1
[4071] = CNOT 1 36
[4072] = CNOT 1 37
[4073] = Z 1
[4074] = CNOT 1 37
[4075] = CNOT 1 38
[4076] = S 1
[4077] = Z 1
[4078] = CNOT 1 38
[4079] = CNOT 1 32
[4080] = CNOT 1 33
[4081] = CNOT 1 34
[4082] = S 1
[4083] = CNOT 1 34
[4084] = CNOT 1 35
[4085] = S 1
[4086] = CNOT 1 35
[4087] = CNOT 1 36
[4088] = S 1
[4089] = Z 1
[4090] = CNOT 1 36
[4091] = CNOT 1 37
[4092] = S 1
[4093] = CNOT 1 37
[4094] = CNOT 1 38
[4095] = Z 1
[4096] = CNOT 1 38
[4097] = CNOT 1 39
[4098] = Z 1
[4099] = CNOT 1 39
[4100] = CNOT 1 33
[4101] = CNOT 1 34
[4102] = CNOT 1 35
[4103] = S 1
[4104] = CNOT 1 35
[4105] = CNOT 1 36
[4106] = S 1
[4107] = CNOT 1 36
[4108] = CNOT 1 37
[4109] = S 1
[4110] = Z 1
[4111] = CNOT 1 37
[4112] = CNOT 1 38
[4113] = Z 1
[4114] = CNOT 1 38
[4115] = CNOT 1 39
[4116] = S 1
[4117] = Z 1
[4118] = CNOT 1 39
[4119] = CNOT 1 34
[4120] = CNOT 1 35
[4121] = CNOT 1 36
[4122] = S 1
[4123] = Z 1
[4124] = CNOT 1 36
[4125] = CNOT 1 37
[4126] = Z 1
[4127] = CNOT 1 37
[4128] = CNOT 1 39
[4129] = Z 1
[4130] = CNOT 1 39
[4131] = CNOT 1 35
[4132] = CNOT 1 36
[4133] = CNOT 1 37
[4134] = S 1
[4135] = CNOT 1 37
[4136] = CNOT 1 39
[4137] = S 1
[4138] = Z 1
[4139] = CNOT 1 39
[4140] = CNOT 1 36
[4141] = CNOT 1 37
[4142] = CNOT 1 38
[4143] = Z 1
[4144] = CNOT 1 38
[4145] = CNOT 1 37
[4146] = CNOT 2 3
[4147] = CNOT 2 4
[4148] = S 2
[4149] = CNOT 2 4
[4150] = CNOT 2 5
[4151] = Z 2
[4152] = CNOT 2 5
[4153] = CNOT 2 8
[4154] = S 2
[4155] = CNOT 2 8
[4156] = CNOT 2 9
[4157] = S 2
[4158] = Z 2
[4159] = CNOT 2 9
[4160] = CNOT 2 10
[4161] = S 2
[4162] = CNOT 2 10
[4163] = CNOT 2 11
[4164] = S 2
[4165] = CNOT 2 11
[4166] = CNOT 2 12
[4167] = Z 2
[4168] = CNOT 2 12
[4169] = CNOT 2 13
[4170] = S 2
[4171] = Z 2
[4172] = CNOT 2 13
[4173] = CNOT 2 14
[4174] = S 2
[4175] = Z 2
[4176] = CNOT 2 14
[4177] = CNOT 2 15
[4178] = Z 2
[4179] = CNOT 2 15
[4180] = CNOT 2 16
[4181] = S 2
[4182] = Z 2
[4183] = CNOT 2 16
[4184] = CNOT 2 17
[4185] = Z 2
[4186] = CNOT 2 17
[4187] = CNOT 2 18
[4188] = S 2
[4189] = Z 2
[4190] = CNOT 2 18
[4191] = CNOT 2 20
[4192] = S 2
[4193] = CNOT 2 20
[4194] = CNOT 2 33
[4195] = Z 2
[4196] = CNOT 2 33
[4197] = CNOT 2 34
[4198] = S 2
[4199] = Z 2
[4200] = CNOT 2 34
[4201] = CNOT 2 37
[4202] = S 2
[4203] = CNOT 2 37
[4204] = CNOT 2 39
[4205] = S 2
[4206] = Z 2
[4207] = CNOT 2 39
[4208] = CNOT 2 3
[4209] = CNOT 2 4
[4210] = CNOT 2 5
[4211] = S 2
[4212] = Z 2
[4213] = CNOT 2 5
[4214] = CNOT 2 7
[4215] = Z 2
[4216] = CNOT 2 7
[4217] = CNOT 2 8
[4218] = Z 2
[4219] = CNOT 2 8
[4220] = CNOT 2 10
[4221] = S 2
[4222] = Z 2
[4223] = CNOT 2 10
[4224] = CNOT 2 12
[4225] = S 2
[4226] = CNOT 2 12
[4227] = CNOT 2 13
[4228] = S 2
[4229] = Z 2
[4230] = CNOT 2 13
[4231] = CNOT 2 14
[4232] = Z 2
[4233] = CNOT 2 14
[4234] = CNOT 2 15
[4235] = S 2
[4236] = Z 2
[4237] = CNOT 2 15
[4238] = CNOT 2 17
[4239] = S 2
[4240] = CNOT 2 17
[4241] = CNOT 2 20
[4242] = S 2
[4243] = Z 2
[4244] = CNOT 2 20
[4245] = CNOT 2 23
[4246] = Z 2
[4247] = CNOT 2 23
[4248] = CNOT 2 32
[4249] = S 2
[4250] = CNOT 2 32
[4251] = CNOT 2 36
[4252] = S 2
[4253] = Z 2
[4254] = CNOT 2 36
[4255] = CNOT 2 38
[4256] = S 2
[4257] = Z 2
[4258] = CNOT 2 38
[4259] = CNOT 2 39
[4260] = S 2
[4261] = Z 2
[4262] = CNOT 2 39
[4263] = CNOT 2 4
[4264] = CNOT 2 5
[4265] = CNOT 2 6
[4266] = S 2
[4267] = Z 2
[4268] = CNOT 2 6
[4269] = CNOT 2 7
[4270] = S 2
[4271] = Z 2
[4272] = CNOT 2 7
[4273] = CNOT 2 8
[4274] = S 2
[4275] = CNOT 2 8
[4276] = CNOT 2 9
[4277] = Z 2
[4278] = CNOT 2 9
[4279] = CNOT 2 12
[4280] = S 2
[4281] = Z 2
[4282] = CNOT 2 12
[4283] = CNOT 2 15
[4284] = Z 2
[4285] = CNOT 2 15
[4286] = CNOT 2 16
[4287] = Z 2
[4288] = CNOT 2 16
[4289] = CNOT 2 17
[4290] = S 2
[4291] = Z 2
[4292] = CNOT 2 17
[4293] = CNOT 2 18
[4294] = S 2
[4295] = Z 2
[4296] = CNOT 2 18
[4297] = CNOT 2 19
[4298] = S 2
[4299] = CNOT 2 19
[4300] = CNOT 2 20
[4301] = Z 2
[4302] = CNOT 2 20
[4303] = CNOT 2 22
[4304] = Z 2
[4305] = CNOT 2 22
[4306] = CNOT 2 23
[4307] = Z 2
[4308] = CNOT 2 23
[4309] = CNOT 2 33
[4310] = S 2
[4311] = CNOT 2 33
[4312] = CNOT 2 34
[4313] = S 2
[4314] = CNOT 2 34
[4315] = CNOT 2 35
[4316] = S 2
[4317] = CNOT 2 35
[4318] = CNOT 2 36
[4319] = Z 2
[4320] = CNOT 2 36
[4321] = CNOT 2 37
[4322] = Z 2
[4323] = CNOT 2 37
[4324] = CNOT 2 38
[4325] = S 2
[4326] = CNOT 2 38
[4327] = CNOT 2 39
[4328] = S 2
[4329] = Z 2
[4330] = CNOT 2 39
[4331] = CNOT 2 5
[4332] = CNOT 2 6
[4333] = CNOT 2 7
[4334] = S 2
[4335] = CNOT 2 7
[4336] = CNOT 2 8
[4337] = S 2
[4338] = CNOT 2 8
[4339] = CNOT 2 9
[4340] = S 2
[4341] = Z 2
[4342] = CNOT 2 9
[4343] = CNOT 2 10
[4344] = S 2
[4345] = CNOT 2 10
[4346] = CNOT 2 11
[4347] = S 2
[4348] = CNOT 2 11
[4349] = CNOT 2 12
[4350] = S 2
[4351] = CNOT 2 12
[4352] = CNOT 2 13
[4353] = S 2
[4354] = Z 2
[4355] = CNOT 2 13
[4356] = CNOT 2 15
[4357] = S 2
[4358] = Z 2
[4359] = CNOT 2 15
[4360] = CNOT 2 16
[4361] = S 2
[4362] = Z 2
[4363] = CNOT 2 16
[4364] = CNOT 2 17
[4365] = Z 2
[4366] = CNOT 2 17
[4367] = CNOT 2 18
[4368] = S 2
[4369] = CNOT 2 18
[4370] = CNOT 2 19
[4371] = Z 2
[4372] = CNOT 2 19
[4373] = CNOT 2 21
[4374] = S 2
[4375] = CNOT 2 21
[4376] = CNOT 2 22
[4377] = S 2
[4378] = Z 2
[4379] = CNOT 2 22
[4380] = CNOT 2 23
[4381] = Z 2
[4382] = CNOT 2 23
[4383] = CNOT 2 33
[4384] = S 2
[4385] = CNOT 2 33
[4386] = CNOT 2 34
[4387] = S 2
[4388] = CNOT 2 34
[4389] = CNOT 2 35
[4390] = S 2
[4391] = Z 2
[4392] = CNOT 2 35
[4393] = CNOT 2 36
[4394] = S 2
[4395] = CNOT 2 36
[4396] = CNOT 2 37
[4397] = Z 2
[4398] = CNOT 2 37
[4399] = CNOT 2 39
[4400] = Z 2
[4401] = CNOT 2 39
[4402] = CNOT 2 6
[4403] = CNOT 2 7
[4404] = CNOT 2 8
[4405] = S 2
[4406] = Z 2
[4407] = CNOT 2 8
[4408] = CNOT 2 9
[4409] = S 2
[4410] = Z 2
[4411] = CNOT 2 9
[4412] = CNOT 2 11
[4413] = S 2
[4414] = Z 2
[4415] = CNOT 2 11
[4416] = CNOT 2 12
[4417] = S 2
[4418] = CNOT 2 12
[4419] = CNOT 2 13
[4420] = S 2
[4421] = Z 2
[4422] = CNOT 2 13
[4423] = CNOT 2 15
[4424] = S 2
[4425] = CNOT 2 15
[4426] = CNOT 2 16
[4427] = S 2
[4428] = CNOT 2 16
[4429] = CNOT 2 17
[4430] = Z 2
[4431] = CNOT 2 17
[4432] = CNOT 2 18
[4433] = S 2
[4434] = Z 2
[4435] = CNOT 2 18
[4436] = CNOT 2 20
[4437] = S 2
[4438] = Z 2
[4439] = CNOT 2 20
[4440] = CNOT 2 21
[4441] = S 2
[4442] = CNOT 2 21
[4443] = CNOT 2 22
[4444] = Z 2
[4445] = CNOT 2 22
[4446] = CNOT 2 23
[4447] = Z 2
[4448] = CNOT 2 23
[4449] = CNOT 2 33
[4450] = S 2
[4451] = CNOT 2 33
[4452] = CNOT 2 34
[4453] = Z 2
[4454] = CNOT 2 34
[4455] = CNOT 2 35
[4456] = S 2
[4457] = Z 2
[4458] = CNOT 2 35
[4459] = CNOT 2 36
[4460] = S 2
[4461] = Z 2
[4462] = CNOT 2 36
[4463] = CNOT 2 37
[4464] = S 2
[4465] = CNOT 2 37
[4466] = CNOT 2 38
[4467] = S 2
[4468] = Z 2
[4469] = CNOT 2 38
[4470] = CNOT 2 7
[4471] = CNOT 2 8
[4472] = CNOT 2 11
[4473] = S 2
[4474] = CNOT 2 11
[4475] = CNOT 2 12
[4476] = S 2
[4477] = Z 2
[4478] = CNOT 2 12
[4479] = CNOT 2 13
[4480] = Z 2
[4481] = CNOT 2 13
[4482] = CNOT 2 14
[4483] = S 2
[4484] = Z 2
[4485] = CNOT 2 14
[4486] = CNOT 2 15
[4487] = S 2
[4488] = CNOT 2 15
[4489] = CNOT 2 17
[4490] = Z 2
[4491] = CNOT 2 17
[4492] = CNOT 2 18
[4493] = Z 2
[4494] = CNOT 2 18
[4495] = CNOT 2 19
[4496] = S 2
[4497] = CNOT 2 19
[4498] = CNOT 2 20
[4499] = S 2
[4500] = CNOT 2 20
[4501] = CNOT 2 21
[4502] = S 2
[4503] = CNOT 2 21
[4504] = CNOT 2 22
[4505] = Z 2
[4506] = CNOT 2 22
[4507] = CNOT 2 23
[4508] = S 2
[4509] = Z 2
[4510] = CNOT 2 23
[4511] = CNOT 2 32
[4512] = S 2
[4513] = CNOT 2 32
[4514] = CNOT 2 33
[4515] = S 2
[4516] = CNOT 2 33
[4517] = CNOT 2 34
[4518] = Z 2
[4519] = CNOT 2 34
[4520] = CNOT 2 35
[4521] = S 2
[4522] = CNOT 2 35
[4523] = CNOT 2 36
[4524] = S 2
[4525] = CNOT 2 36
[4526] = CNOT 2 37
[4527] = Z 2
[4528] = CNOT 2 37
[4529] = CNOT 2 38
[4530] = Z 2
[4531] = CNOT 2 38
[4532] = CNOT 2 39
[4533] = S 2
[4534] = Z 2
[4535] = CNOT 2 39
[4536] = CNOT 2 8
[4537] = CNOT 2 9
[4538] = CNOT 2 10
[4539] = S 2
[4540] = CNOT 2 10
[4541] = CNOT 2 11
[4542] = Z 2
[4543] = CNOT 2 11
[4544] = CNOT 2 12
[4545] = S 2
[4546] = Z 2
[4547] = CNOT 2 12
[4548] = CNOT 2 15
[4549] = S 2
[4550] = Z 2
[4551] = CNOT 2 15
[4552] = CNOT 2 17
[4553] = S 2
[4554] = Z 2
[4555] = CNOT 2 17
[4556] = CNOT 2 20
[4557] = S 2
[4558] = Z 2
[4559] = CNOT 2 20
[4560] = CNOT 2 33
[4561] = S 2
[4562] = CNOT 2 33
[4563] = CNOT 2 36
[4564] = Z 2
[4565] = CNOT 2 36
[4566] = CNOT 2 37
[4567] = S 2
[4568] = Z 2
[4569] = CNOT 2 37
[4570] = CNOT 2 39
[4571] = S 2
[4572] = Z 2
[4573] = CNOT 2 39
[4574] = CNOT 2 9
[4575] = CNOT 2 10
[4576] = CNOT 2 11
[4577] = S 2
[4578] = Z 2
[4579] = CNOT 2 11
[4580] = CNOT 2 12
[4581] = Z 2
[4582] = CNOT 2 12
[4583] = CNOT 2 13
[4584] = S 2
[4585] = CNOT 2 13
[4586] = CNOT 2 15
[4587] = S 2
[4588] = CNOT 2 15
[4589] = CNOT 2 16
[4590] = S 2
[4591] = CNOT 2 16
[4592] = CNOT 2 17
[4593] = S 2
[4594] = Z 2
[4595] = CNOT 2 17
[4596] = CNOT 2 19
[4597] = S 2
[4598] = Z 2
[4599] = CNOT 2 19
[4600] = CNOT 2 22
[4601] = S 2
[4602] = Z 2
[4603] = CNOT 2 22
[4604] = CNOT 2 23
[4605] = Z 2
[4606] = CNOT 2 23
[4607] = CNOT 2 32
[4608] = S 2
[4609] = CNOT 2 32
[4610] = CNOT 2 33
[4611] = S 2
[4612] = CNOT 2 33
[4613] = CNOT 2 36
[4614] = S 2
[4615] = Z 2
[4616] = CNOT 2 36
[4617] = CNOT 2 37
[4618] = S 2
[4619] = Z 2
[4620] = CNOT 2 37
[4621] = CNOT 2 39
[4622] = S 2
[4623] = Z 2
[4624] = CNOT 2 39
[4625] = CNOT 2 10
[4626] = CNOT 2 11
[4627] = CNOT 2 12
[4628] = S 2
[4629] = CNOT 2 12
[4630] = CNOT 2 13
[4631] = Z 2
[4632] = CNOT 2 13
[4633] = CNOT 2 14
[4634] = Z 2
[4635] = CNOT 2 14
[4636] = CNOT 2 15
[4637] = S 2
[4638] = CNOT 2 15
[4639] = CNOT 2 16
[4640] = S 2
[4641] = CNOT 2 16
[4642] = CNOT 2 17
[4643] = S 2
[4644] = Z 2
[4645] = CNOT 2 17
[4646] = CNOT 2 18
[4647] = S 2
[4648] = Z 2
[4649] = CNOT 2 18
[4650] = CNOT 2 19
[4651] = S 2
[4652] = Z 2
[4653] = CNOT 2 19
[4654] = CNOT 2 20
[4655] = S 2
[4656] = Z 2
[4657] = CNOT 2 20
[4658] = CNOT 2 22
[4659] = S 2
[4660] = Z 2
[4661] = CNOT 2 22
[4662] = CNOT 2 32
[4663] = Z 2
[4664] = CNOT 2 32
[4665] = CNOT 2 34
[4666] = S 2
[4667] = Z 2
[4668] = CNOT 2 34
[4669] = CNOT 2 37
[4670] = Z 2
[4671] = CNOT 2 37
[4672] = CNOT 2 11
[4673] = CNOT 2 12
[4674] = CNOT 2 14
[4675] = S 2
[4676] = CNOT 2 14
[4677] = CNOT 2 15
[4678] = Z 2
[4679] = CNOT 2 15
[4680] = CNOT 2 17
[4681] = Z 2
[4682] = CNOT 2 17
[4683] = CNOT 2 18
[4684] = S 2
[4685] = CNOT 2 18
[4686] = CNOT 2 22
[4687] = S 2
[4688] = CNOT 2 22
[4689] = CNOT 2 23
[4690] = Z 2
[4691] = CNOT 2 23
[4692] = CNOT 2 32
[4693] = S 2
[4694] = Z 2
[4695] = CNOT 2 32
[4696] = CNOT 2 33
[4697] = S 2
[4698] = Z 2
[4699] = CNOT 2 33
[4700] = CNOT 2 34
[4701] = S 2
[4702] = Z 2
[4703] = CNOT 2 34
[4704] = CNOT 2 35
[4705] = S 2
[4706] = Z 2
[4707] = CNOT 2 35
[4708] = CNOT 2 36
[4709] = Z 2
[4710] = CNOT 2 36
[4711] = CNOT 2 38
[4712] = Z 2
[4713] = CNOT 2 38
[4714] = CNOT 2 12
[4715] = CNOT 2 13
[4716] = CNOT 2 14
[4717] = Z 2
[4718] = CNOT 2 14
[4719] = CNOT 2 16
[4720] = Z 2
[4721] = CNOT 2 16
[4722] = CNOT 2 17
[4723] = S 2
[4724] = CNOT 2 17
[4725] = CNOT 2 18
[4726] = S 2
[4727] = Z 2
[4728] = CNOT 2 18
[4729] = CNOT 2 22
[4730] = S 2
[4731] = CNOT 2 22
[4732] = CNOT 2 32
[4733] = S 2
[4734] = Z 2
[4735] = CNOT 2 32
[4736] = CNOT 2 37
[4737] = S 2
[4738] = CNOT 2 37
[4739] = CNOT 2 39
[4740] = S 2
[4741] = Z 2
[4742] = CNOT 2 39
[4743] = CNOT 2 13
[4744] = CNOT 2 14
[4745] = CNOT 2 16
[4746] = S 2
[4747] = Z 2
[4748] = CNOT 2 16
[4749] = CNOT 2 18
[4750] = S 2
[4751] = CNOT 2 18
[4752] = CNOT 2 20
[4753] = S 2
[4754] = Z 2
[4755] = CNOT 2 20
[4756] = CNOT 2 21
[4757] = S 2
[4758] = CNOT 2 21
[4759] = CNOT 2 32
[4760] = Z 2
[4761] = CNOT 2 32
[4762] = CNOT 2 33
[4763] = S 2
[4764] = CNOT 2 33
[4765] = CNOT 2 34
[4766] = S 2
[4767] = Z 2
[4768] = CNOT 2 34
[4769] = CNOT 2 35
[4770] = S 2
[4771] = CNOT 2 35
[4772] = CNOT 2 36
[4773] = S 2
[4774] = CNOT 2 36
[4775] = CNOT 2 37
[4776] = S 2
[4777] = CNOT 2 37
[4778] = CNOT 2 38
[4779] = Z 2
[4780] = CNOT 2 38
[4781] = CNOT 2 39
[4782] = S 2
[4783] = Z 2
[4784] = CNOT 2 39
[4785] = CNOT 2 14
[4786] = CNOT 2 15
[4787] = CNOT 2 16
[4788] = S 2
[4789] = CNOT 2 16
[4790] = CNOT 2 19
[4791] = Z 2
[4792] = CNOT 2 19
[4793] = CNOT 2 20
[4794] = S 2
[4795] = Z 2
[4796] = CNOT 2 20
[4797] = CNOT 2 21
[4798] = S 2
[4799] = CNOT 2 21
[4800] = CNOT 2 22
[4801] = Z 2
[4802] = CNOT 2 22
[4803] = CNOT 2 23
[4804] = Z 2
[4805] = CNOT 2 23
[4806] = CNOT 2 33
[4807] = S 2
[4808] = CNOT 2 33
[4809] = CNOT 2 34
[4810] = S 2
[4811] = CNOT 2 34
[4812] = CNOT 2 35
[4813] = S 2
[4814] = Z 2
[4815] = CNOT 2 35
[4816] = CNOT 2 36
[4817] = S 2
[4818] = Z 2
[4819] = CNOT 2 36
[4820] = CNOT 2 37
[4821] = Z 2
[4822] = CNOT 2 37
[4823] = CNOT 2 38
[4824] = S 2
[4825] = Z 2
[4826] = CNOT 2 38
[4827] = CNOT 2 15
[4828] = CNOT 2 16
[4829] = CNOT 2 17
[4830] = S 2
[4831] = Z 2
[4832] = CNOT 2 17
[4833] = CNOT 2 20
[4834] = S 2
[4835] = Z 2
[4836] = CNOT 2 20
[4837] = CNOT 2 21
[4838] = Z 2
[4839] = CNOT 2 21
[4840] = CNOT 2 22
[4841] = Z 2
[4842] = CNOT 2 22
[4843] = CNOT 2 23
[4844] = S 2
[4845] = Z 2
[4846] = CNOT 2 23
[4847] = CNOT 2 32
[4848] = S 2
[4849] = Z 2
[4850] = CNOT 2 32
[4851] = CNOT 2 33
[4852] = S 2
[4853] = CNOT 2 33
[4854] = CNOT 2 34
[4855] = S 2
[4856] = CNOT 2 34
[4857] = CNOT 2 35
[4858] = S 2
[4859] = CNOT 2 35
[4860] = CNOT 2 36
[4861] = S 2
[4862] = Z 2
[4863] = CNOT 2 36
[4864] = CNOT 2 37
[4865] = S 2
[4866] = Z 2
[4867] = CNOT 2 37
[4868] = CNOT 2 38
[4869] = Z 2
[4870] = CNOT 2 38
[4871] = CNOT 2 39
[4872] = S 2
[4873] = CNOT 2 39
[4874] = CNOT 2 16
[4875] = CNOT 2 17
[4876] = CNOT 2 18
[4877] = S 2
[4878] = Z 2
[4879] = CNOT 2 18
[4880] = CNOT 2 19
[4881] = S 2
[4882] = CNOT 2 19
[4883] = CNOT 2 23
[4884] = Z 2
[4885] = CNOT 2 23
[4886] = CNOT 2 33
[4887] = S 2
[4888] = CNOT 2 33
[4889] = CNOT 2 34
[4890] = S 2
[4891] = Z 2
[4892] = CNOT 2 34
[4893] = CNOT 2 35
[4894] = S 2
[4895] = Z 2
[4896] = CNOT 2 35
[4897] = CNOT 2 36
[4898] = S 2
[4899] = Z 2
[4900] = CNOT 2 36
[4901] = CNOT 2 37
[4902] = Z 2
[4903] = CNOT 2 37
[4904] = CNOT 2 39
[4905] = S 2
[4906] = Z 2
[4907] = CNOT 2 39
[4908] = CNOT 2 17
[4909] = CNOT 2 18
[4910] = CNOT 2 19
[4911] = S 2
[4912] = CNOT 2 19
[4913] = CNOT 2 20
[4914] = S 2
[4915] = CNOT 2 20
[4916] = CNOT 2 22
[4917] = S 2
[4918] = CNOT 2 22
[4919] = CNOT 2 33
[4920] = Z 2
[4921] = CNOT 2 33
[4922] = CNOT 2 35
[4923] = Z 2
[4924] = CNOT 2 35
[4925] = CNOT 2 36
[4926] = Z 2
[4927] = CNOT 2 36
[4928] = CNOT 2 38
[4929] = Z 2
[4930] = CNOT 2 38
[4931] = CNOT 2 18
[4932] = CNOT 2 19
[4933] = CNOT 2 22
[4934] = Z 2
[4935] = CNOT 2 22
[4936] = CNOT 2 32
[4937] = S 2
[4938] = Z 2
[4939] = CNOT 2 32
[4940] = CNOT 2 33
[4941] = S 2
[4942] = CNOT 2 33
[4943] = CNOT 2 34
[4944] = S 2
[4945] = Z 2
[4946] = CNOT 2 34
[4947] = CNOT 2 35
[4948] = S 2
[4949] = CNOT 2 35
[4950] = CNOT 2 36
[4951] = S 2
[4952] = CNOT 2 36
[4953] = CNOT 2 37
[4954] = S 2
[4955] = Z 2
[4956] = CNOT 2 37
[4957] = CNOT 2 38
[4958] = Z 2
[4959] = CNOT 2 38
[4960] = CNOT 2 19
[4961] = CNOT 2 20
[4962] = CNOT 2 22
[4963] = Z 2
[4964] = CNOT 2 22
[4965] = CNOT 2 23
[4966] = Z 2
[4967] = CNOT 2 23
[4968] = CNOT 2 32
[4969] = S 2
[4970] = CNOT 2 32
[4971] = CNOT 2 35
[4972] = Z 2
[4973] = CNOT 2 35
[4974] = CNOT 2 36
[4975] = Z 2
[4976] = CNOT 2 36
[4977] = CNOT 2 37
[4978] = S 2
[4979] = Z 2
[4980] = CNOT 2 37
[4981] = CNOT 2 38
[4982] = Z 2
[4983] = CNOT 2 38
[4984] = CNOT 2 39
[4985] = S 2
[4986] = Z 2
[4987] = CNOT 2 39
[4988] = CNOT 2 20
[4989] = CNOT 2 22
[4990] = CNOT 2 32
[4991] = S 2
[4992] = Z 2
[4993] = CNOT 2 32
[4994] = CNOT 2 33
[4995] = S 2
[4996] = Z 2
[4997] = CNOT 2 33
[4998] = CNOT 2 34
[4999] = S 2
[5000] = Z 2
[5001] = CNOT 2 34
[5002] = CNOT 2 35
[5003] = S 2
[5004] = Z 2
[5005] = CNOT 2 35
[5006] = CNOT 2 36
[5007] = S 2
[5008] = Z 2
[5009] = CNOT 2 36
[5010] = CNOT 2 37
[5011] = S 2
[5012] = Z 2
[5013] = CNOT 2 37
[5014] = CNOT 2 22
[5015] = CNOT 2 23
[5016] = CNOT 2 32
[5017] = Z 2
[5018] = CNOT 2 32
[5019] = CNOT 2 33
[5020] = Z 2
[5021] = CNOT 2 33
[5022] = CNOT 2 34
[5023] = Z 2
[5024] = CNOT 2 34
[5025] = CNOT 2 35
[5026] = Z 2
[5027] = CNOT 2 35
[5028] = CNOT 2 36
[5029] = Z 2
[5030] = CNOT 2 36
[5031] = CNOT 2 37
[5032] = Z 2
[5033] = CNOT 2 37
[5034] = CNOT 2 23
[5035] = CNOT 2 32
[5036] = CNOT 2 33
[5037] = S 2
[5038] = Z 2
[5039] = CNOT 2 33
[5040] = CNOT 2 34
[5041] = S 2
[5042] = CNOT 2 34
[5043] = CNOT 2 35
[5044] = S 2
[5045] = CNOT 2 35
[5046] = CNOT 2 36
[5047] = S 2
[5048] = CNOT 2 36
[5049] = CNOT 2 38
[5050] = S 2
[5051] = CNOT 2 38
[5052] = CNOT 2 32
[5053] = CNOT 2 33
[5054] = CNOT 2 34
[5055] = Z 2
[5056] = CNOT 2 34
[5057] = CNOT 2 35
[5058] = Z 2
[5059] = CNOT 2 35
[5060] = CNOT 2 36
[5061] = Z 2
[5062] = CNOT 2 36
[5063] = CNOT 2 37
[5064] = Z 2
[5065] = CNOT 2 37
[5066] = CNOT 2 39
[5067] = S 2
[5068] = CNOT 2 39
[5069] = CNOT 2 33
[5070] = CNOT 2 34
[5071] = CNOT 2 35
[5072] = Z 2
[5073] = CNOT 2 35
[5074] = CNOT 2 38
[5075] = Z 2
[5076] = CNOT 2 38
[5077] = CNOT 2 34
[5078] = CNOT 2 35
[5079] = CNOT 2 36
[5080] = Z 2
[5081] = CNOT 2 36
[5082] = CNOT 2 37
[5083] = S 2
[5084] = Z 2
[5085] = CNOT 2 37
[5086] = CNOT 2 38
[5087] = Z 2
[5088] = CNOT 2 38
[5089] = CNOT 2 39
[5090] = S 2
[5091] = CNOT 2 39
[5092] = CNOT 2 35
[5093] = CNOT 2 36
[5094] = CNOT 2 38
[5095] = Z 2
[5096] = CNOT 2 38
[5097] = CNOT 2 39
[5098] = S 2
[5099] = Z 2
[5100] = CNOT 2 36
[5101] = CNOT 2 37
[5102] = Z 2
[5103] = CNOT 2 37
[5104] = CNOT 2 38
[5105] = S 2
[5106] = Z 2
[5107] = CNOT 2 39
[5108] = CNOT 2 38
[5109] = CNOT 3 4
[5110] = CNOT 3 5
[5111] = Z 3
[5112] = CNOT 3 5
[5113] = CNOT 3 8
[5114] = S 3
[5115] = CNOT 3 8
[5116] = CNOT 3 9
[5117] = S 3
[5118] = Z 3
[5119] = CNOT 3 9
[5120] = CNOT 3 10
[5121] = S 3
[5122] = CNOT 3 10
[5123] = CNOT 3 11
[5124] = S 3
[5125] = CNOT 3 11
[5126] = CNOT 3 12
[5127] = Z 3
[5128] = CNOT 3 12
[5129] = CNOT 3 13
[5130] = S 3
[5131] = Z 3
[5132] = CNOT 3 13
[5133] = CNOT 3 14
[5134] = S 3
[5135] = Z 3
[5136] = CNOT 3 14
[5137] = CNOT 3 15
[5138] = Z 3
[5139] = CNOT 3 15
[5140] = CNOT 3 16
[5141] = S 3
[5142] = Z 3
[5143] = CNOT 3 16
[5144] = CNOT 3 17
[5145] = Z 3
[5146] = CNOT 3 17
[5147] = CNOT 3 18
[5148] = S 3
[5149] = Z 3
[5150] = CNOT 3 18
[5151] = CNOT 3 20
[5152] = S 3
[5153] = CNOT 3 20
[5154] = CNOT 3 33
[5155] = Z 3
[5156] = CNOT 3 33
[5157] = CNOT 3 34
[5158] = S 3
[5159] = Z 3
[5160] = CNOT 3 34
[5161] = CNOT 3 37
[5162] = S 3
[5163] = CNOT 3 37
[5164] = CNOT 3 39
[5165] = S 3
[5166] = Z 3
[5167] = CNOT 3 39
[5168] = CNOT 3 4
[5169] = CNOT 3 5
[5170] = CNOT 3 6
[5171] = S 3
[5172] = CNOT 3 6
[5173] = CNOT 3 7
[5174] = S 3
[5175] = CNOT 3 7
[5176] = CNOT 3 8
[5177] = S 3
[5178] = CNOT 3 8
[5179] = CNOT 3 9
[5180] = S 3
[5181] = Z 3
[5182] = CNOT 3 9
[5183] = CNOT 3 10
[5184] = Z 3
[5185] = CNOT 3 10
[5186] = CNOT 3 12
[5187] = Z 3
[5188] = CNOT 3 12
[5189] = CNOT 3 14
[5190] = S 3
[5191] = Z 3
[5192] = CNOT 3 14
[5193] = CNOT 3 15
[5194] = S 3
[5195] = Z 3
[5196] = CNOT 3 15
[5197] = CNOT 3 16
[5198] = S 3
[5199] = Z 3
[5200] = CNOT 3 16
[5201] = CNOT 3 17
[5202] = S 3
[5203] = Z 3
[5204] = CNOT 3 17
[5205] = CNOT 3 18
[5206] = S 3
[5207] = Z 3
[5208] = CNOT 3 18
[5209] = CNOT 3 20
[5210] = Z 3
[5211] = CNOT 3 20
[5212] = CNOT 3 32
[5213] = S 3
[5214] = CNOT 3 32
[5215] = CNOT 3 33
[5216] = Z 3
[5217] = CNOT 3 33
[5218] = CNOT 3 34
[5219] = S 3
[5220] = Z 3
[5221] = CNOT 3 34
[5222] = CNOT 3 35
[5223] = Z 3
[5224] = CNOT 3 35
[5225] = CNOT 3 36
[5226] = Z 3
[5227] = CNOT 3 36
[5228] = CNOT 3 37
[5229] = S 3
[5230] = CNOT 3 37
[5231] = CNOT 3 39
[5232] = S 3
[5233] = Z 3
[5234] = CNOT 3 39
[5235] = CNOT 3 5
[5236] = CNOT 3 6
[5237] = CNOT 3 11
[5238] = S 3
[5239] = CNOT 3 11
[5240] = CNOT 3 12
[5241] = S 3
[5242] = CNOT 3 12
[5243] = CNOT 3 13
[5244] = S 3
[5245] = Z 3
[5246] = CNOT 3 13
[5247] = CNOT 3 15
[5248] = S 3
[5249] = CNOT 3 15
[5250] = CNOT 3 16
[5251] = S 3
[5252] = Z 3
[5253] = CNOT 3 16
[5254] = CNOT 3 17
[5255] = S 3
[5256] = CNOT 3 17
[5257] = CNOT 3 18
[5258] = S 3
[5259] = Z 3
[5260] = CNOT 3 18
[5261] = CNOT 3 33
[5262] = S 3
[5263] = CNOT 3 33
[5264] = CNOT 3 34
[5265] = S 3
[5266] = CNOT 3 34
[5267] = CNOT 3 35
[5268] = S 3
[5269] = Z 3
[5270] = CNOT 3 35
[5271] = CNOT 3 36
[5272] = S 3
[5273] = Z 3
[5274] = CNOT 3 36
[5275] = CNOT 3 37
[5276] = S 3
[5277] = CNOT 3 37
[5278] = CNOT 3 6
[5279] = CNOT 3 7
[5280] = CNOT 3 11
[5281] = S 3
[5282] = CNOT 3 11
[5283] = CNOT 3 12
[5284] = S 3
[5285] = CNOT 3 12
[5286] = CNOT 3 13
[5287] = S 3
[5288] = Z 3
[5289] = CNOT 3 13
[5290] = CNOT 3 15
[5291] = S 3
[5292] = CNOT 3 15
[5293] = CNOT 3 16
[5294] = S 3
[5295] = Z 3
[5296] = CNOT 3 16
[5297] = CNOT 3 17
[5298] = S 3
[5299] = CNOT 3 17
[5300] = CNOT 3 18
[5301] = S 3
[5302] = Z 3
[5303] = CNOT 3 18
[5304] = CNOT 3 33
[5305] = S 3
[5306] = CNOT 3 33
[5307] = CNOT 3 34
[5308] = S 3
[5309] = CNOT 3 34
[5310] = CNOT 3 35
[5311] = S 3
[5312] = Z 3
[5313] = CNOT 3 35
[5314] = CNOT 3 36
[5315] = S 3
[5316] = Z 3
[5317] = CNOT 3 36
[5318] = CNOT 3 37
[5319] = S 3
[5320] = CNOT 3 37
[5321] = CNOT 3 7
[5322] = CNOT 3 8
[5323] = CNOT 3 9
[5324] = S 3
[5325] = Z 3
[5326] = CNOT 3 9
[5327] = CNOT 3 10
[5328] = S 3
[5329] = CNOT 3 10
[5330] = CNOT 3 12
[5331] = S 3
[5332] = CNOT 3 12
[5333] = CNOT 3 14
[5334] = S 3
[5335] = Z 3
[5336] = CNOT 3 14
[5337] = CNOT 3 15
[5338] = S 3
[5339] = CNOT 3 15
[5340] = CNOT 3 17
[5341] = S 3
[5342] = CNOT 3 17
[5343] = CNOT 3 20
[5344] = S 3
[5345] = CNOT 3 20
[5346] = CNOT 3 33
[5347] = S 3
[5348] = CNOT 3 33
[5349] = CNOT 3 34
[5350] = Z 3
[5351] = CNOT 3 34
[5352] = CNOT 3 35
[5353] = S 3
[5354] = CNOT 3 35
[5355] = CNOT 3 36
[5356] = S 3
[5357] = CNOT 3 36
[5358] = CNOT 3 39
[5359] = S 3
[5360] = Z 3
[5361] = CNOT 3 39
[5362] = CNOT 3 8
[5363] = CNOT 3 9
[5364] = CNOT 3 10
[5365] = S 3
[5366] = Z 3
[5367] = CNOT 3 10
[5368] = CNOT 3 12
[5369] = S 3
[5370] = Z 3
[5371] = CNOT 3 12
[5372] = CNOT 3 15
[5373] = S 3
[5374] = Z 3
[5375] = CNOT 3 15
[5376] = CNOT 3 17
[5377] = S 3
[5378] = Z 3
[5379] = CNOT 3 17
[5380] = CNOT 3 20
[5381] = S 3
[5382] = Z 3
[5383] = CNOT 3 20
[5384] = CNOT 3 33
[5385] = S 3
[5386] = Z 3
[5387] = CNOT 3 33
[5388] = CNOT 3 35
[5389] = S 3
[5390] = Z 3
[5391] = CNOT 3 35
[5392] = CNOT 3 36
[5393] = S 3
[5394] = Z 3
[5395] = CNOT 3 36
[5396] = CNOT 3 9
[5397] = CNOT 3 10
[5398] = CNOT 3 11
[5399] = S 3
[5400] = Z 3
[5401] = CNOT 3 11
[5402] = CNOT 3 12
[5403] = S 3
[5404] = CNOT 3 12
[5405] = CNOT 3 14
[5406] = S 3
[5407] = Z 3
[5408] = CNOT 3 14
[5409] = CNOT 3 15
[5410] = Z 3
[5411] = CNOT 3 15
[5412] = CNOT 3 16
[5413] = S 3
[5414] = Z 3
[5415] = CNOT 3 16
[5416] = CNOT 3 17
[5417] = Z 3
[5418] = CNOT 3 17
[5419] = CNOT 3 18
[5420] = S 3
[5421] = Z 3
[5422] = CNOT 3 18
[5423] = CNOT 3 20
[5424] = S 3
[5425] = CNOT 3 20
[5426] = CNOT 3 33
[5427] = Z 3
[5428] = CNOT 3 33
[5429] = CNOT 3 34
[5430] = S 3
[5431] = Z 3
[5432] = CNOT 3 34
[5433] = CNOT 3 35
[5434] = Z 3
[5435] = CNOT 3 35
[5436] = CNOT 3 36
[5437] = Z 3
[5438] = CNOT 3 36
[5439] = CNOT 3 38
[5440] = S 3
[5441] = Z 3
[5442] = CNOT 3 38
[5443] = CNOT 3 39
[5444] = S 3
[5445] = Z 3
[5446] = CNOT 3 39
[5447] = CNOT 3 10
[5448] = CNOT 3 11
[5449] = CNOT 3 12
[5450] = Z 3
[5451] = CNOT 3 12
[5452] = CNOT 3 15
[5453] = S 3
[5454] = CNOT 3 15
[5455] = CNOT 3 17
[5456] = S 3
[5457] = CNOT 3 17
[5458] = CNOT 3 20
[5459] = S 3
[5460] = CNOT 3 20
[5461] = CNOT 3 32
[5462] = S 3
[5463] = CNOT 3 32
[5464] = CNOT 3 35
[5465] = Z 3
[5466] = CNOT 3 35
[5467] = CNOT 3 37
[5468] = Z 3
[5469] = CNOT 3 37
[5470] = CNOT 3 38
[5471] = S 3
[5472] = CNOT 3 38
[5473] = CNOT 3 11
[5474] = CNOT 3 12
[5475] = CNOT 3 13
[5476] = S 3
[5477] = Z 3
[5478] = CNOT 3 13
[5479] = CNOT 3 14
[5480] = S 3
[5481] = Z 3
[5482] = CNOT 3 14
[5483] = CNOT 3 15
[5484] = S 3
[5485] = Z 3
[5486] = CNOT 3 15
[5487] = CNOT 3 16
[5488] = S 3
[5489] = Z 3
[5490] = CNOT 3 16
[5491] = CNOT 3 17
[5492] = S 3
[5493] = Z 3
[5494] = CNOT 3 17
[5495] = CNOT 3 18
[5496] = S 3
[5497] = Z 3
[5498] = CNOT 3 18
[5499] = CNOT 3 20
[5500] = Z 3
[5501] = CNOT 3 20
[5502] = CNOT 3 32
[5503] = S 3
[5504] = CNOT 3 32
[5505] = CNOT 3 33
[5506] = Z 3
[5507] = CNOT 3 33
[5508] = CNOT 3 34
[5509] = S 3
[5510] = Z 3
[5511] = CNOT 3 34
[5512] = CNOT 3 35
[5513] = S 3
[5514] = CNOT 3 35
[5515] = CNOT 3 37
[5516] = Z 3
[5517] = CNOT 3 37
[5518] = CNOT 3 38
[5519] = S 3
[5520] = CNOT 3 38
[5521] = CNOT 3 39
[5522] = S 3
[5523] = Z 3
[5524] = CNOT 3 39
[5525] = CNOT 3 12
[5526] = CNOT 3 13
[5527] = CNOT 3 15
[5528] = S 3
[5529] = Z 3
[5530] = CNOT 3 15
[5531] = CNOT 3 17
[5532] = S 3
[5533] = Z 3
[5534] = CNOT 3 17
[5535] = CNOT 3 20
[5536] = S 3
[5537] = Z 3
[5538] = CNOT 3 20
[5539] = CNOT 3 32
[5540] = S 3
[5541] = Z 3
[5542] = CNOT 3 32
[5543] = CNOT 3 36
[5544] = S 3
[5545] = Z 3
[5546] = CNOT 3 36
[5547] = CNOT 3 37
[5548] = S 3
[5549] = Z 3
[5550] = CNOT 3 37
[5551] = CNOT 3 13
[5552] = CNOT 3 14
[5553] = CNOT 3 15
[5554] = S 3
[5555] = Z 3
[5556] = CNOT 3 15
[5557] = CNOT 3 17
[5558] = S 3
[5559] = Z 3
[5560] = CNOT 3 17
[5561] = CNOT 3 20
[5562] = S 3
[5563] = Z 3
[5564] = CNOT 3 20
[5565] = CNOT 3 33
[5566] = S 3
[5567] = Z 3
[5568] = CNOT 3 33
[5569] = CNOT 3 34
[5570] = S 3
[5571] = Z 3
[5572] = CNOT 3 34
[5573] = CNOT 3 35
[5574] = S 3
[5575] = Z 3
[5576] = CNOT 3 35
[5577] = CNOT 3 36
[5578] = S 3
[5579] = Z 3
[5580] = CNOT 3 36
[5581] = CNOT 3 14
[5582] = CNOT 3 15
[5583] = CNOT 3 16
[5584] = S 3
[5585] = Z 3
[5586] = CNOT 3 16
[5587] = CNOT 3 17
[5588] = S 3
[5589] = Z 3
[5590] = CNOT 3 17
[5591] = CNOT 3 18
[5592] = S 3
[5593] = Z 3
[5594] = CNOT 3 18
[5595] = CNOT 3 20
[5596] = Z 3
[5597] = CNOT 3 20
[5598] = CNOT 3 32
[5599] = S 3
[5600] = CNOT 3 32
[5601] = CNOT 3 33
[5602] = S 3
[5603] = Z 3
[5604] = CNOT 3 33
[5605] = CNOT 3 35
[5606] = S 3
[5607] = CNOT 3 35
[5608] = CNOT 3 36
[5609] = S 3
[5610] = CNOT 3 36
[5611] = CNOT 3 37
[5612] = Z 3
[5613] = CNOT 3 37
[5614] = CNOT 3 39
[5615] = S 3
[5616] = Z 3
[5617] = CNOT 3 39
[5618] = CNOT 3 15
[5619] = CNOT 3 16
[5620] = CNOT 3 17
[5621] = S 3
[5622] = Z 3
[5623] = CNOT 3 17
[5624] = CNOT 3 20
[5625] = S 3
[5626] = Z 3
[5627] = CNOT 3 20
[5628] = CNOT 3 32
[5629] = S 3
[5630] = Z 3
[5631] = CNOT 3 32
[5632] = CNOT 3 33
[5633] = S 3
[5634] = Z 3
[5635] = CNOT 3 33
[5636] = CNOT 3 34
[5637] = S 3
[5638] = Z 3
[5639] = CNOT 3 34
[5640] = CNOT 3 35
[5641] = S 3
[5642] = Z 3
[5643] = CNOT 3 35
[5644] = CNOT 3 36
[5645] = S 3
[5646] = Z 3
[5647] = CNOT 3 36
[5648] = CNOT 3 37
[5649] = S 3
[5650] = Z 3
[5651] = CNOT 3 37
[5652] = CNOT 3 16
[5653] = CNOT 3 17
[5654] = CNOT 3 18
[5655] = S 3
[5656] = Z 3
[5657] = CNOT 3 18
[5658] = CNOT 3 20
[5659] = Z 3
[5660] = CNOT 3 20
[5661] = CNOT 3 32
[5662] = S 3
[5663] = CNOT 3 32
[5664] = CNOT 3 33
[5665] = S 3
[5666] = Z 3
[5667] = CNOT 3 33
[5668] = CNOT 3 35
[5669] = S 3
[5670] = CNOT 3 35
[5671] = CNOT 3 36
[5672] = S 3
[5673] = CNOT 3 36
[5674] = CNOT 3 37
[5675] = Z 3
[5676] = CNOT 3 37
[5677] = CNOT 3 39
[5678] = S 3
[5679] = Z 3
[5680] = CNOT 3 39
[5681] = CNOT 3 17
[5682] = CNOT 3 18
[5683] = CNOT 3 20
[5684] = S 3
[5685] = Z 3
[5686] = CNOT 3 20
[5687] = CNOT 3 32
[5688] = S 3
[5689] = Z 3
[5690] = CNOT 3 32
[5691] = CNOT 3 33
[5692] = S 3
[5693] = Z 3
[5694] = CNOT 3 33
[5695] = CNOT 3 34
[5696] = S 3
[5697] = Z 3
[5698] = CNOT 3 34
[5699] = CNOT 3 35
[5700] = S 3
[5701] = Z 3
[5702] = CNOT 3 35
[5703] = CNOT 3 36
[5704] = S 3
[5705] = Z 3
[5706] = CNOT 3 36
[5707] = CNOT 3 37
[5708] = S 3
[5709] = Z 3
[5710] = CNOT 3 37
[5711] = CNOT 3 18
[5712] = CNOT 3 20
[5713] = CNOT 3 33
[5714] = Z 3
[5715] = CNOT 3 33
[5716] = CNOT 3 34
[5717] = S 3
[5718] = Z 3
[5719] = CNOT 3 34
[5720] = CNOT 3 37
[5721] = S 3
[5722] = CNOT 3 37
[5723] = CNOT 3 39
[5724] = S 3
[5725] = Z 3
[5726] = CNOT 3 39
[5727] = CNOT 3 20
[5728] = CNOT 3 32
[5729] = CNOT 3 33
[5730] = S 3
[5731] = CNOT 3 33
[5732] = CNOT 3 34
[5733] = S 3
[5734] = CNOT 3 34
[5735] = CNOT 3 35
[5736] = S 3
[5737] = Z 3
[5738] = CNOT 3 35
[5739] = CNOT 3 36
[5740] = S 3
[5741] = Z 3
[5742] = CNOT 3 36
[5743] = CNOT 3 37
[5744] = S 3
[5745] = CNOT 3 37
[5746] = CNOT 3 32
[5747] = CNOT 3 33
[5748] = CNOT 3 34
[5749] = S 3
[5750] = Z 3
[5751] = CNOT 3 34
[5752] = CNOT 3 35
[5753] = Z 3
[5754] = CNOT 3 35
[5755] = CNOT 3 36
[5756] = Z 3
[5757] = CNOT 3 36
[5758] = CNOT 3 37
[5759] = S 3
[5760] = CNOT 3 37
[5761] = CNOT 3 39
[5762] = S 3
[5763] = Z 3
[5764] = CNOT 3 39
[5765] = CNOT 3 33
[5766] = CNOT 3 34
[5767] = CNOT 3 35
[5768] = S 3
[5769] = Z 3
[5770] = CNOT 3 35
[5771] = CNOT 3 36
[5772] = S 3
[5773] = Z 3
[5774] = CNOT 3 36
[5775] = CNOT 3 37
[5776] = S 3
[5777] = CNOT 3 37
[5778] = CNOT 3 39
[5779] = S 3
[5780] = Z 3
[5781] = CNOT 3 39
[5782] = CNOT 3 34
[5783] = CNOT 3 35
[5784] = CNOT 3 36
[5785] = Z 3
[5786] = CNOT 3 36
[5787] = CNOT 3 38
[5788] = Z 3
[5789] = CNOT 3 38
[5790] = CNOT 3 39
[5791] = S 3
[5792] = Z 3
[5793] = CNOT 3 39
[5794] = CNOT 3 35
[5795] = CNOT 3 36
[5796] = CNOT 3 37
[5797] = S 3
[5798] = Z 3
[5799] = CNOT 3 37
[5800] = CNOT 3 38
[5801] = S 3
[5802] = Z 3
[5803] = CNOT 3 38
[5804] = CNOT 3 39
[5805] = S 3
[5806] = Z 3
[5807] = CNOT 3 39
[5808] = CNOT 3 36
[5809] = CNOT 3 37
[5810] = CNOT 3 38
[5811] = S 3
[5812] = CNOT 3 38
[5813] = CNOT 3 37
[5814] = CNOT 4 5
[5815] = CNOT 4 6
[5816] = S 4
[5817] = Z 4
[5818] = CNOT 4 6
[5819] = CNOT 4 8
[5820] = S 4
[5821] = Z 4
[5822] = CNOT 4 8
[5823] = CNOT 4 9
[5824] = Z 4
[5825] = CNOT 4 9
[5826] = CNOT 4 10
[5827] = Z 4
[5828] = CNOT 4 10
[5829] = CNOT 4 11
[5830] = Z 4
[5831] = CNOT 4 11
[5832] = CNOT 4 12
[5833] = Z 4
[5834] = CNOT 4 12
[5835] = CNOT 4 13
[5836] = S 4
[5837] = Z 4
[5838] = CNOT 4 13
[5839] = CNOT 4 14
[5840] = Z 4
[5841] = CNOT 4 14
[5842] = CNOT 4 15
[5843] = S 4
[5844] = CNOT 4 15
[5845] = CNOT 4 17
[5846] = S 4
[5847] = Z 4
[5848] = CNOT 4 17
[5849] = CNOT 4 18
[5850] = S 4
[5851] = CNOT 4 18
[5852] = CNOT 4 19
[5853] = Z 4
[5854] = CNOT 4 19
[5855] = CNOT 4 23
[5856] = Z 4
[5857] = CNOT 4 23
[5858] = CNOT 4 32
[5859] = S 4
[5860] = Z 4
[5861] = CNOT 4 32
[5862] = CNOT 4 33
[5863] = S 4
[5864] = CNOT 4 33
[5865] = CNOT 4 34
[5866] = Z 4
[5867] = CNOT 4 34
[5868] = CNOT 4 35
[5869] = S 4
[5870] = CNOT 4 35
[5871] = CNOT 4 36
[5872] = Z 4
[5873] = CNOT 4 36
[5874] = CNOT 4 39
[5875] = S 4
[5876] = Z 4
[5877] = CNOT 4 39
[5878] = CNOT 4 5
[5879] = CNOT 4 6
[5880] = CNOT 4 7
[5881] = S 4
[5882] = Z 4
[5883] = CNOT 4 7
[5884] = CNOT 4 8
[5885] = Z 4
[5886] = CNOT 4 8
[5887] = CNOT 4 9
[5888] = S 4
[5889] = Z 4
[5890] = CNOT 4 9
[5891] = CNOT 4 10
[5892] = Z 4
[5893] = CNOT 4 10
[5894] = CNOT 4 11
[5895] = S 4
[5896] = Z 4
[5897] = CNOT 4 11
[5898] = CNOT 4 12
[5899] = S 4
[5900] = CNOT 4 12
[5901] = CNOT 4 13
[5902] = S 4
[5903] = CNOT 4 13
[5904] = CNOT 4 14
[5905] = S 4
[5906] = CNOT 4 14
[5907] = CNOT 4 15
[5908] = Z 4
[5909] = CNOT 4 15
[5910] = CNOT 4 16
[5911] = Z 4
[5912] = CNOT 4 16
[5913] = CNOT 4 17
[5914] = Z 4
[5915] = CNOT 4 17
[5916] = CNOT 4 18
[5917] = S 4
[5918] = CNOT 4 18
[5919] = CNOT 4 19
[5920] = S 4
[5921] = CNOT 4 19
[5922] = CNOT 4 21
[5923] = S 4
[5924] = CNOT 4 21
[5925] = CNOT 4 23
[5926] = Z 4
[5927] = CNOT 4 23
[5928] = CNOT 4 32
[5929] = S 4
[5930] = Z 4
[5931] = CNOT 4 32
[5932] = CNOT 4 33
[5933] = S 4
[5934] = Z 4
[5935] = CNOT 4 33
[5936] = CNOT 4 35
[5937] = Z 4
[5938] = CNOT 4 35
[5939] = CNOT 4 39
[5940] = Z 4
[5941] = CNOT 4 39
[5942] = CNOT 4 6
[5943] = CNOT 4 7
[5944] = CNOT 4 8
[5945] = S 4
[5946] = Z 4
[5947] = CNOT 4 8
[5948] = CNOT 4 9
[5949] = S 4
[5950] = Z 4
[5951] = CNOT 4 9
[5952] = CNOT 4 10
[5953] = S 4
[5954] = Z 4
[5955] = CNOT 4 10
[5956] = CNOT 4 13
[5957] = S 4
[5958] = Z 4
[5959] = CNOT 4 13
[5960] = CNOT 4 16
[5961] = S 4
[5962] = Z 4
[5963] = CNOT 4 16
[5964] = CNOT 4 18
[5965] = Z 4
[5966] = CNOT 4 18
[5967] = CNOT 4 19
[5968] = Z 4
[5969] = CNOT 4 19
[5970] = CNOT 4 20
[5971] = Z 4
[5972] = CNOT 4 20
[5973] = CNOT 4 21
[5974] = S 4
[5975] = CNOT 4 21
[5976] = CNOT 4 23
[5977] = Z 4
[5978] = CNOT 4 23
[5979] = CNOT 4 32
[5980] = S 4
[5981] = Z 4
[5982] = CNOT 4 32
[5983] = CNOT 4 33
[5984] = Z 4
[5985] = CNOT 4 33
[5986] = CNOT 4 35
[5987] = S 4
[5988] = CNOT 4 35
[5989] = CNOT 4 36
[5990] = Z 4
[5991] = CNOT 4 36
[5992] = CNOT 4 37
[5993] = S 4
[5994] = CNOT 4 37
[5995] = CNOT 4 7
[5996] = CNOT 4 8
[5997] = CNOT 4 10
[5998] = S 4
[5999] = Z 4
[6000] = CNOT 4 10
[6001] = CNOT 4 12
[6002] = S 4
[6003] = Z 4
[6004] = CNOT 4 12
[6005] = CNOT 4 14
[6006] = S 4
[6007] = Z 4
[6008] = CNOT 4 14
[6009] = CNOT 4 15
[6010] = S 4
[6011] = CNOT 4 15
[6012] = CNOT 4 20
[6013] = Z 4
[6014] = CNOT 4 20
[6015] = CNOT 4 21
[6016] = S 4
[6017] = CNOT 4 21
[6018] = CNOT 4 23
[6019] = S 4
[6020] = Z 4
[6021] = CNOT 4 23
[6022] = CNOT 4 32
[6023] = Z 4
[6024] = CNOT 4 32
[6025] = CNOT 4 33
[6026] = S 4
[6027] = Z 4
[6028] = CNOT 4 33
[6029] = CNOT 4 34
[6030] = S 4
[6031] = CNOT 4 34
[6032] = CNOT 4 35
[6033] = S 4
[6034] = Z 4
[6035] = CNOT 4 35
[6036] = CNOT 4 36
[6037] = S 4
[6038] = Z 4
[6039] = CNOT 4 36
[6040] = CNOT 4 37
[6041] = S 4
[6042] = Z 4
[6043] = CNOT 4 37
[6044] = CNOT 4 38
[6045] = S 4
[6046] = CNOT 4 38
[6047] = CNOT 4 39
[6048] = Z 4
[6049] = CNOT 4 39
[6050] = CNOT 4 8
[6051] = CNOT 4 9
[6052] = CNOT 4 10
[6053] = S 4
[6054] = CNOT 4 10
[6055] = CNOT 4 11
[6056] = Z 4
[6057] = CNOT 4 11
[6058] = CNOT 4 12
[6059] = S 4
[6060] = Z 4
[6061] = CNOT 4 12
[6062] = CNOT 4 15
[6063] = S 4
[6064] = Z 4
[6065] = CNOT 4 15
[6066] = CNOT 4 17
[6067] = S 4
[6068] = Z 4
[6069] = CNOT 4 17
[6070] = CNOT 4 20
[6071] = S 4
[6072] = Z 4
[6073] = CNOT 4 20
[6074] = CNOT 4 36
[6075] = Z 4
[6076] = CNOT 4 36
[6077] = CNOT 4 37
[6078] = S 4
[6079] = Z 4
[6080] = CNOT 4 37
[6081] = CNOT 4 39
[6082] = S 4
[6083] = Z 4
[6084] = CNOT 4 39
[6085] = CNOT 4 9
[6086] = CNOT 4 10
[6087] = CNOT 4 12
[6088] = Z 4
[6089] = CNOT 4 12
[6090] = CNOT 4 13
[6091] = S 4
[6092] = Z 4
[6093] = CNOT 4 13
[6094] = CNOT 4 14
[6095] = S 4
[6096] = CNOT 4 14
[6097] = CNOT 4 16
[6098] = S 4
[6099] = CNOT 4 16
[6100] = CNOT 4 18
[6101] = Z 4
[6102] = CNOT 4 18
[6103] = CNOT 4 19
[6104] = Z 4
[6105] = CNOT 4 19
[6106] = CNOT 4 20
[6107] = S 4
[6108] = Z 4
[6109] = CNOT 4 20
[6110] = CNOT 4 23
[6111] = Z 4
[6112] = CNOT 4 23
[6113] = CNOT 4 32
[6114] = S 4
[6115] = CNOT 4 32
[6116] = CNOT 4 33
[6117] = Z 4
[6118] = CNOT 4 33
[6119] = CNOT 4 34
[6120] = S 4
[6121] = CNOT 4 34
[6122] = CNOT 4 35
[6123] = S 4
[6124] = CNOT 4 35
[6125] = CNOT 4 36
[6126] = S 4
[6127] = CNOT 4 36
[6128] = CNOT 4 37
[6129] = Z 4
[6130] = CNOT 4 37
[6131] = CNOT 4 38
[6132] = S 4
[6133] = CNOT 4 38
[6134] = CNOT 4 10
[6135] = CNOT 4 11
[6136] = CNOT 4 12
[6137] = S 4
[6138] = CNOT 4 12
[6139] = CNOT 4 13
[6140] = S 4
[6141] = Z 4
[6142] = CNOT 4 13
[6143] = CNOT 4 14
[6144] = S 4
[6145] = Z 4
[6146] = CNOT 4 14
[6147] = CNOT 4 15
[6148] = Z 4
[6149] = CNOT 4 15
[6150] = CNOT 4 17
[6151] = S 4
[6152] = Z 4
[6153] = CNOT 4 17
[6154] = CNOT 4 18
[6155] = S 4
[6156] = Z 4
[6157] = CNOT 4 18
[6158] = CNOT 4 19
[6159] = Z 4
[6160] = CNOT 4 19
[6161] = CNOT 4 20
[6162] = Z 4
[6163] = CNOT 4 20
[6164] = CNOT 4 33
[6165] = S 4
[6166] = CNOT 4 33
[6167] = CNOT 4 34
[6168] = S 4
[6169] = CNOT 4 34
[6170] = CNOT 4 35
[6171] = S 4
[6172] = CNOT 4 35
[6173] = CNOT 4 36
[6174] = Z 4
[6175] = CNOT 4 36
[6176] = CNOT 4 37
[6177] = Z 4
[6178] = CNOT 4 37
[6179] = CNOT 4 39
[6180] = S 4
[6181] = Z 4
[6182] = CNOT 4 39
[6183] = CNOT 4 11
[6184] = CNOT 4 12
[6185] = CNOT 4 13
[6186] = S 4
[6187] = Z 4
[6188] = CNOT 4 13
[6189] = CNOT 4 14
[6190] = S 4
[6191] = Z 4
[6192] = CNOT 4 14
[6193] = CNOT 4 15
[6194] = S 4
[6195] = Z 4
[6196] = CNOT 4 15
[6197] = CNOT 4 20
[6198] = Z 4
[6199] = CNOT 4 20
[6200] = CNOT 4 23
[6201] = Z 4
[6202] = CNOT 4 23
[6203] = CNOT 4 32
[6204] = S 4
[6205] = Z 4
[6206] = CNOT 4 32
[6207] = CNOT 4 33
[6208] = Z 4
[6209] = CNOT 4 33
[6210] = CNOT 4 35
[6211] = S 4
[6212] = Z 4
[6213] = CNOT 4 35
[6214] = CNOT 4 36
[6215] = Z 4
[6216] = CNOT 4 36
[6217] = CNOT 4 37
[6218] = S 4
[6219] = CNOT 4 37
[6220] = CNOT 4 38
[6221] = S 4
[6222] = Z 4
[6223] = CNOT 4 38
[6224] = CNOT 4 39
[6225] = Z 4
[6226] = CNOT 4 39
[6227] = CNOT 4 12
[6228] = CNOT 4 13
[6229] = CNOT 4 15
[6230] = S 4
[6231] = Z 4
[6232] = CNOT 4 15
[6233] = CNOT 4 16
[6234] = S 4
[6235] = Z 4
[6236] = CNOT 4 16
[6237] = CNOT 4 17
[6238] = S 4
[6239] = Z 4
[6240] = CNOT 4 17
[6241] = CNOT 4 20
[6242] = S 4
[6243] = Z 4
[6244] = CNOT 4 20
[6245] = CNOT 4 32
[6246] = S 4
[6247] = Z 4
[6248] = CNOT 4 32
[6249] = CNOT 4 33
[6250] = S 4
[6251] = Z 4
[6252] = CNOT 4 33
[6253] = CNOT 4 34
[6254] = S 4
[6255] = Z 4
[6256] = CNOT 4 34
[6257] = CNOT 4 35
[6258] = S 4
[6259] = Z 4
[6260] = CNOT 4 35
[6261] = CNOT 4 37
[6262] = S 4
[6263] = Z 4
[6264] = CNOT 4 37
[6265] = CNOT 4 38
[6266] = S 4
[6267] = CNOT 4 38
[6268] = CNOT 4 39
[6269] = S 4
[6270] = Z 4
[6271] = CNOT 4 39
[6272] = CNOT 4 13
[6273] = CNOT 4 14
[6274] = CNOT 4 16
[6275] = S 4
[6276] = Z 4
[6277] = CNOT 4 16
[6278] = CNOT 4 17
[6279] = S 4
[6280] = Z 4
[6281] = CNOT 4 17
[6282] = CNOT 4 18
[6283] = S 4
[6284] = Z 4
[6285] = CNOT 4 18
[6286] = CNOT 4 19
[6287] = Z 4
[6288] = CNOT 4 19
[6289] = CNOT 4 20
[6290] = S 4
[6291] = Z 4
[6292] = CNOT 4 20
[6293] = CNOT 4 21
[6294] = S 4
[6295] = CNOT 4 21
[6296] = CNOT 4 32
[6297] = Z 4
[6298] = CNOT 4 32
[6299] = CNOT 4 33
[6300] = S 4
[6301] = CNOT 4 33
[6302] = CNOT 4 34
[6303] = S 4
[6304] = Z 4
[6305] = CNOT 4 34
[6306] = CNOT 4 35
[6307] = S 4
[6308] = CNOT 4 35
[6309] = CNOT 4 36
[6310] = S 4
[6311] = CNOT 4 36
[6312] = CNOT 4 37
[6313] = S 4
[6314] = CNOT 4 37
[6315] = CNOT 4 38
[6316] = S 4
[6317] = CNOT 4 38
[6318] = CNOT 4 39
[6319] = S 4
[6320] = Z 4
[6321] = CNOT 4 39
[6322] = CNOT 4 14
[6323] = CNOT 4 15
[6324] = CNOT 4 16
[6325] = Z 4
[6326] = CNOT 4 16
[6327] = CNOT 4 17
[6328] = S 4
[6329] = CNOT 4 17
[6330] = CNOT 4 18
[6331] = S 4
[6332] = CNOT 4 18
[6333] = CNOT 4 20
[6334] = S 4
[6335] = CNOT 4 20
[6336] = CNOT 4 21
[6337] = S 4
[6338] = CNOT 4 21
[6339] = CNOT 4 23
[6340] = Z 4
[6341] = CNOT 4 23
[6342] = CNOT 4 33
[6343] = S 4
[6344] = CNOT 4 33
[6345] = CNOT 4 34
[6346] = S 4
[6347] = Z 4
[6348] = CNOT 4 34
[6349] = CNOT 4 36
[6350] = S 4
[6351] = CNOT 4 36
[6352] = CNOT 4 37
[6353] = S 4
[6354] = Z 4
[6355] = CNOT 4 37
[6356] = CNOT 4 38
[6357] = S 4
[6358] = Z 4
[6359] = CNOT 4 38
[6360] = CNOT 4 39
[6361] = S 4
[6362] = Z 4
[6363] = CNOT 4 39
[6364] = CNOT 4 15
[6365] = CNOT 4 16
[6366] = CNOT 4 18
[6367] = S 4
[6368] = Z 4
[6369] = CNOT 4 18
[6370] = CNOT 4 20
[6371] = Z 4
[6372] = CNOT 4 20
[6373] = CNOT 4 21
[6374] = Z 4
[6375] = CNOT 4 21
[6376] = CNOT 4 23
[6377] = S 4
[6378] = Z 4
[6379] = CNOT 4 23
[6380] = CNOT 4 32
[6381] = S 4
[6382] = Z 4
[6383] = CNOT 4 32
[6384] = CNOT 4 36
[6385] = S 4
[6386] = Z 4
[6387] = CNOT 4 36
[6388] = CNOT 4 37
[6389] = S 4
[6390] = Z 4
[6391] = CNOT 4 37
[6392] = CNOT 4 38
[6393] = S 4
[6394] = Z 4
[6395] = CNOT 4 38
[6396] = CNOT 4 39
[6397] = Z 4
[6398] = CNOT 4 39
[6399] = CNOT 4 16
[6400] = CNOT 4 17
[6401] = CNOT 4 18
[6402] = S 4
[6403] = CNOT 4 18
[6404] = CNOT 4 19
[6405] = S 4
[6406] = CNOT 4 19
[6407] = CNOT 4 20
[6408] = S 4
[6409] = CNOT 4 20
[6410] = CNOT 4 23
[6411] = Z 4
[6412] = CNOT 4 23
[6413] = CNOT 4 32
[6414] = S 4
[6415] = Z 4
[6416] = CNOT 4 32
[6417] = CNOT 4 34
[6418] = S 4
[6419] = Z 4
[6420] = CNOT 4 34
[6421] = CNOT 4 35
[6422] = S 4
[6423] = Z 4
[6424] = CNOT 4 35
[6425] = CNOT 4 37
[6426] = Z 4
[6427] = CNOT 4 37
[6428] = CNOT 4 38
[6429] = S 4
[6430] = CNOT 4 38
[6431] = CNOT 4 39
[6432] = Z 4
[6433] = CNOT 4 39
[6434] = CNOT 4 17
[6435] = CNOT 4 18
[6436] = CNOT 4 19
[6437] = S 4
[6438] = Z 4
[6439] = CNOT 4 19
[6440] = CNOT 4 32
[6441] = Z 4
[6442] = CNOT 4 32
[6443] = CNOT 4 34
[6444] = Z 4
[6445] = CNOT 4 34
[6446] = CNOT 4 37
[6447] = Z 4
[6448] = CNOT 4 37
[6449] = CNOT 4 38
[6450] = Z 4
[6451] = CNOT 4 38
[6452] = CNOT 4 18
[6453] = CNOT 4 19
[6454] = CNOT 4 32
[6455] = Z 4
[6456] = CNOT 4 32
[6457] = CNOT 4 34
[6458] = Z 4
[6459] = CNOT 4 34
[6460] = CNOT 4 37
[6461] = Z 4
[6462] = CNOT 4 37
[6463] = CNOT 4 38
[6464] = Z 4
[6465] = CNOT 4 38
[6466] = CNOT 4 19
[6467] = CNOT 4 20
[6468] = CNOT 4 23
[6469] = Z 4
[6470] = CNOT 4 23
[6471] = CNOT 4 32
[6472] = Z 4
[6473] = CNOT 4 32
[6474] = CNOT 4 34
[6475] = Z 4
[6476] = CNOT 4 34
[6477] = CNOT 4 35
[6478] = S 4
[6479] = Z 4
[6480] = CNOT 4 35
[6481] = CNOT 4 37
[6482] = S 4
[6483] = CNOT 4 37
[6484] = CNOT 4 38
[6485] = Z 4
[6486] = CNOT 4 38
[6487] = CNOT 4 39
[6488] = Z 4
[6489] = CNOT 4 39
[6490] = CNOT 4 20
[6491] = CNOT 4 23
[6492] = CNOT 4 32
[6493] = Z 4
[6494] = CNOT 4 32
[6495] = CNOT 4 33
[6496] = Z 4
[6497] = CNOT 4 33
[6498] = CNOT 4 34
[6499] = Z 4
[6500] = CNOT 4 34
[6501] = CNOT 4 35
[6502] = Z 4
[6503] = CNOT 4 35
[6504] = CNOT 4 36
[6505] = Z 4
[6506] = CNOT 4 36
[6507] = CNOT 4 37
[6508] = Z 4
[6509] = CNOT 4 37
[6510] = CNOT 4 23
[6511] = CNOT 4 32
[6512] = CNOT 4 33
[6513] = S 4
[6514] = CNOT 4 33
[6515] = CNOT 4 36
[6516] = S 4
[6517] = CNOT 4 36
[6518] = CNOT 4 37
[6519] = S 4
[6520] = CNOT 4 37
[6521] = CNOT 4 38
[6522] = Z 4
[6523] = CNOT 4 38
[6524] = CNOT 4 32
[6525] = CNOT 4 33
[6526] = CNOT 4 34
[6527] = S 4
[6528] = Z 4
[6529] = CNOT 4 34
[6530] = CNOT 4 35
[6531] = S 4
[6532] = CNOT 4 35
[6533] = CNOT 4 36
[6534] = Z 4
[6535] = CNOT 4 36
[6536] = CNOT 4 37
[6537] = Z 4
[6538] = CNOT 4 37
[6539] = CNOT 4 38
[6540] = Z 4
[6541] = CNOT 4 38
[6542] = CNOT 4 39
[6543] = S 4
[6544] = Z 4
[6545] = CNOT 4 39
[6546] = CNOT 4 33
[6547] = CNOT 4 34
[6548] = CNOT 4 35
[6549] = S 4
[6550] = Z 4
[6551] = CNOT 4 35
[6552] = CNOT 4 36
[6553] = S 4
[6554] = CNOT 4 36
[6555] = CNOT 4 37
[6556] = S 4
[6557] = CNOT 4 37
[6558] = CNOT 4 38
[6559] = Z 4
[6560] = CNOT 4 38
[6561] = CNOT 4 39
[6562] = Z 4
[6563] = CNOT 4 39
[6564] = CNOT 4 34
[6565] = CNOT 4 35
[6566] = CNOT 4 36
[6567] = Z 4
[6568] = CNOT 4 36
[6569] = CNOT 4 37
[6570] = S 4
[6571] = Z 4
[6572] = CNOT 4 37
[6573] = CNOT 4 38
[6574] = S 4
[6575] = CNOT 4 38
[6576] = CNOT 4 39
[6577] = S 4
[6578] = Z 4
[6579] = CNOT 4 39
[6580] = CNOT 4 35
[6581] = CNOT 4 36
[6582] = CNOT 4 37
[6583] = Z 4
[6584] = CNOT 4 37
[6585] = CNOT 4 38
[6586] = Z 4
[6587] = CNOT 4 38
[6588] = CNOT 4 39
[6589] = Z 4
[6590] = CNOT 4 39
[6591] = CNOT 4 36
[6592] = CNOT 5 6
[6593] = CNOT 5 7
[6594] = S 5
[6595] = CNOT 5 7
[6596] = CNOT 5 8
[6597] = S 5
[6598] = CNOT 5 8
[6599] = CNOT 5 9
[6600] = Z 5
[6601] = CNOT 5 9
[6602] = CNOT 5 10
[6603] = S 5
[6604] = CNOT 5 10
[6605] = CNOT 5 12
[6606] = Z 5
[6607] = CNOT 5 12
[6608] = CNOT 5 13
[6609] = Z 5
[6610] = CNOT 5 13
[6611] = CNOT 5 15
[6612] = Z 5
[6613] = CNOT 5 15
[6614] = CNOT 5 16
[6615] = S 5
[6616] = Z 5
[6617] = CNOT 5 16
[6618] = CNOT 5 18
[6619] = S 5
[6620] = CNOT 5 18
[6621] = CNOT 5 19
[6622] = Z 5
[6623] = CNOT 5 19
[6624] = CNOT 5 21
[6625] = S 5
[6626] = CNOT 5 21
[6627] = CNOT 5 22
[6628] = Z 5
[6629] = CNOT 5 22
[6630] = CNOT 5 23
[6631] = Z 5
[6632] = CNOT 5 23
[6633] = CNOT 5 32
[6634] = S 5
[6635] = Z 5
[6636] = CNOT 5 32
[6637] = CNOT 5 36
[6638] = S 5
[6639] = CNOT 5 36
[6640] = CNOT 5 37
[6641] = Z 5
[6642] = CNOT 5 37
[6643] = CNOT 5 39
[6644] = Z 5
[6645] = CNOT 5 39
[6646] = CNOT 5 6
[6647] = CNOT 5 7
[6648] = CNOT 5 8
[6649] = S 5
[6650] = Z 5
[6651] = CNOT 5 8
[6652] = CNOT 5 9
[6653] = Z 5
[6654] = CNOT 5 9
[6655] = CNOT 5 12
[6656] = S 5
[6657] = Z 5
[6658] = CNOT 5 12
[6659] = CNOT 5 13
[6660] = S 5
[6661] = Z 5
[6662] = CNOT 5 13
[6663] = CNOT 5 14
[6664] = S 5
[6665] = CNOT 5 14
[6666] = CNOT 5 15
[6667] = Z 5
[6668] = CNOT 5 15
[6669] = CNOT 5 16
[6670] = Z 5
[6671] = CNOT 5 16
[6672] = CNOT 5 17
[6673] = S 5
[6674] = Z 5
[6675] = CNOT 5 17
[6676] = CNOT 5 21
[6677] = S 5
[6678] = CNOT 5 21
[6679] = CNOT 5 22
[6680] = Z 5
[6681] = CNOT 5 22
[6682] = CNOT 5 23
[6683] = Z 5
[6684] = CNOT 5 23
[6685] = CNOT 5 32
[6686] = S 5
[6687] = CNOT 5 32
[6688] = CNOT 5 33
[6689] = Z 5
[6690] = CNOT 5 33
[6691] = CNOT 5 34
[6692] = S 5
[6693] = CNOT 5 34
[6694] = CNOT 5 35
[6695] = Z 5
[6696] = CNOT 5 35
[6697] = CNOT 5 36
[6698] = S 5
[6699] = Z 5
[6700] = CNOT 5 36
[6701] = CNOT 5 37
[6702] = S 5
[6703] = Z 5
[6704] = CNOT 5 37
[6705] = CNOT 5 38
[6706] = S 5
[6707] = Z 5
[6708] = CNOT 5 38
[6709] = CNOT 5 39
[6710] = Z 5
[6711] = CNOT 5 39
[6712] = CNOT 5 7
[6713] = CNOT 5 8
[6714] = CNOT 5 10
[6715] = Z 5
[6716] = CNOT 5 10
[6717] = CNOT 5 11
[6718] = S 5
[6719] = CNOT 5 11
[6720] = CNOT 5 13
[6721] = Z 5
[6722] = CNOT 5 13
[6723] = CNOT 5 14
[6724] = S 5
[6725] = Z 5
[6726] = CNOT 5 14
[6727] = CNOT 5 15
[6728] = S 5
[6729] = Z 5
[6730] = CNOT 5 15
[6731] = CNOT 5 18
[6732] = Z 5
[6733] = CNOT 5 18
[6734] = CNOT 5 19
[6735] = S 5
[6736] = CNOT 5 19
[6737] = CNOT 5 20
[6738] = Z 5
[6739] = CNOT 5 20
[6740] = CNOT 5 21
[6741] = S 5
[6742] = CNOT 5 21
[6743] = CNOT 5 22
[6744] = Z 5
[6745] = CNOT 5 22
[6746] = CNOT 5 23
[6747] = S 5
[6748] = Z 5
[6749] = CNOT 5 23
[6750] = CNOT 5 32
[6751] = S 5
[6752] = CNOT 5 32
[6753] = CNOT 5 33
[6754] = Z 5
[6755] = CNOT 5 33
[6756] = CNOT 5 35
[6757] = Z 5
[6758] = CNOT 5 35
[6759] = CNOT 5 36
[6760] = Z 5
[6761] = CNOT 5 36
[6762] = CNOT 5 37
[6763] = Z 5
[6764] = CNOT 5 37
[6765] = CNOT 5 38
[6766] = S 5
[6767] = CNOT 5 38
[6768] = CNOT 5 39
[6769] = Z 5
[6770] = CNOT 5 39
[6771] = CNOT 5 8
[6772] = CNOT 5 9
[6773] = CNOT 5 10
[6774] = Z 5
[6775] = CNOT 5 10
[6776] = CNOT 5 12
[6777] = Z 5
[6778] = CNOT 5 12
[6779] = CNOT 5 15
[6780] = Z 5
[6781] = CNOT 5 15
[6782] = CNOT 5 17
[6783] = Z 5
[6784] = CNOT 5 17
[6785] = CNOT 5 20
[6786] = Z 5
[6787] = CNOT 5 20
[6788] = CNOT 5 32
[6789] = S 5
[6790] = Z 5
[6791] = CNOT 5 32
[6792] = CNOT 5 33
[6793] = Z 5
[6794] = CNOT 5 33
[6795] = CNOT 5 34
[6796] = S 5
[6797] = CNOT 5 34
[6798] = CNOT 5 35
[6799] = Z 5
[6800] = CNOT 5 35
[6801] = CNOT 5 36
[6802] = S 5
[6803] = Z 5
[6804] = CNOT 5 36
[6805] = CNOT 5 37
[6806] = Z 5
[6807] = CNOT 5 37
[6808] = CNOT 5 38
[6809] = Z 5
[6810] = CNOT 5 38
[6811] = CNOT 5 39
[6812] = S 5
[6813] = Z 5
[6814] = CNOT 5 39
[6815] = CNOT 5 9
[6816] = CNOT 5 10
[6817] = CNOT 5 11
[6818] = S 5
[6819] = Z 5
[6820] = CNOT 5 11
[6821] = CNOT 5 12
[6822] = S 5
[6823] = CNOT 5 12
[6824] = CNOT 5 14
[6825] = Z 5
[6826] = CNOT 5 14
[6827] = CNOT 5 15
[6828] = S 5
[6829] = CNOT 5 15
[6830] = CNOT 5 16
[6831] = S 5
[6832] = Z 5
[6833] = CNOT 5 16
[6834] = CNOT 5 17
[6835] = S 5
[6836] = CNOT 5 17
[6837] = CNOT 5 19
[6838] = S 5
[6839] = CNOT 5 19
[6840] = CNOT 5 22
[6841] = Z 5
[6842] = CNOT 5 22
[6843] = CNOT 5 23
[6844] = Z 5
[6845] = CNOT 5 23
[6846] = CNOT 5 33
[6847] = S 5
[6848] = Z 5
[6849] = CNOT 5 33
[6850] = CNOT 5 34
[6851] = S 5
[6852] = CNOT 5 34
[6853] = CNOT 5 35
[6854] = S 5
[6855] = Z 5
[6856] = CNOT 5 35
[6857] = CNOT 5 37
[6858] = S 5
[6859] = Z 5
[6860] = CNOT 5 37
[6861] = CNOT 5 39
[6862] = Z 5
[6863] = CNOT 5 39
[6864] = CNOT 5 10
[6865] = CNOT 5 11
[6866] = CNOT 5 12
[6867] = Z 5
[6868] = CNOT 5 12
[6869] = CNOT 5 13
[6870] = S 5
[6871] = CNOT 5 13
[6872] = CNOT 5 14
[6873] = S 5
[6874] = CNOT 5 14
[6875] = CNOT 5 15
[6876] = S 5
[6877] = CNOT 5 15
[6878] = CNOT 5 16
[6879] = Z 5
[6880] = CNOT 5 16
[6881] = CNOT 5 19
[6882] = S 5
[6883] = Z 5
[6884] = CNOT 5 19
[6885] = CNOT 5 22
[6886] = Z 5
[6887] = CNOT 5 22
[6888] = CNOT 5 32
[6889] = Z 5
[6890] = CNOT 5 32
[6891] = CNOT 5 33
[6892] = Z 5
[6893] = CNOT 5 33
[6894] = CNOT 5 34
[6895] = Z 5
[6896] = CNOT 5 34
[6897] = CNOT 5 35
[6898] = Z 5
[6899] = CNOT 5 35
[6900] = CNOT 5 36
[6901] = Z 5
[6902] = CNOT 5 36
[6903] = CNOT 5 11
[6904] = CNOT 5 12
[6905] = CNOT 5 13
[6906] = Z 5
[6907] = CNOT 5 13
[6908] = CNOT 5 14
[6909] = Z 5
[6910] = CNOT 5 14
[6911] = CNOT 5 15
[6912] = S 5
[6913] = CNOT 5 15
[6914] = CNOT 5 16
[6915] = Z 5
[6916] = CNOT 5 16
[6917] = CNOT 5 17
[6918] = S 5
[6919] = Z 5
[6920] = CNOT 5 17
[6921] = CNOT 5 18
[6922] = S 5
[6923] = CNOT 5 18
[6924] = CNOT 5 20
[6925] = S 5
[6926] = Z 5
[6927] = CNOT 5 20
[6928] = CNOT 5 23
[6929] = Z 5
[6930] = CNOT 5 23
[6931] = CNOT 5 33
[6932] = Z 5
[6933] = CNOT 5 33
[6934] = CNOT 5 34
[6935] = S 5
[6936] = Z 5
[6937] = CNOT 5 34
[6938] = CNOT 5 35
[6939] = Z 5
[6940] = CNOT 5 35
[6941] = CNOT 5 36
[6942] = S 5
[6943] = Z 5
[6944] = CNOT 5 36
[6945] = CNOT 5 37
[6946] = S 5
[6947] = Z 5
[6948] = CNOT 5 37
[6949] = CNOT 5 38
[6950] = S 5
[6951] = CNOT 5 38
[6952] = CNOT 5 39
[6953] = S 5
[6954] = CNOT 5 39
[6955] = CNOT 5 12
[6956] = CNOT 5 13
[6957] = CNOT 5 14
[6958] = S 5
[6959] = Z 5
[6960] = CNOT 5 14
[6961] = CNOT 5 17
[6962] = S 5
[6963] = CNOT 5 17
[6964] = CNOT 5 22
[6965] = S 5
[6966] = CNOT 5 22
[6967] = CNOT 5 32
[6968] = S 5
[6969] = Z 5
[6970] = CNOT 5 32
[6971] = CNOT 5 33
[6972] = S 5
[6973] = Z 5
[6974] = CNOT 5 33
[6975] = CNOT 5 34
[6976] = S 5
[6977] = Z 5
[6978] = CNOT 5 34
[6979] = CNOT 5 35
[6980] = S 5
[6981] = Z 5
[6982] = CNOT 5 35
[6983] = CNOT 5 36
[6984] = S 5
[6985] = Z 5
[6986] = CNOT 5 36
[6987] = CNOT 5 39
[6988] = Z 5
[6989] = CNOT 5 39
[6990] = CNOT 5 13
[6991] = CNOT 5 14
[6992] = CNOT 5 15
[6993] = Z 5
[6994] = CNOT 5 15
[6995] = CNOT 5 16
[6996] = S 5
[6997] = Z 5
[6998] = CNOT 5 16
[6999] = CNOT 5 17
[7000] = S 5
[7001] = CNOT 5 17
[7002] = CNOT 5 18
[7003] = Z 5
[7004] = CNOT 5 18
[7005] = CNOT 5 19
[7006] = S 5
[7007] = CNOT 5 19
[7008] = CNOT 5 20
[7009] = S 5
[7010] = CNOT 5 20
[7011] = CNOT 5 21
[7012] = S 5
[7013] = CNOT 5 21
[7014] = CNOT 5 32
[7015] = S 5
[7016] = Z 5
[7017] = CNOT 5 32
[7018] = CNOT 5 33
[7019] = S 5
[7020] = Z 5
[7021] = CNOT 5 33
[7022] = CNOT 5 35
[7023] = S 5
[7024] = Z 5
[7025] = CNOT 5 35
[7026] = CNOT 5 36
[7027] = S 5
[7028] = Z 5
[7029] = CNOT 5 36
[7030] = CNOT 5 37
[7031] = Z 5
[7032] = CNOT 5 37
[7033] = CNOT 5 38
[7034] = Z 5
[7035] = CNOT 5 38
[7036] = CNOT 5 39
[7037] = S 5
[7038] = Z 5
[7039] = CNOT 5 39
[7040] = CNOT 5 14
[7041] = CNOT 5 15
[7042] = CNOT 5 16
[7043] = Z 5
[7044] = CNOT 5 16
[7045] = CNOT 5 17
[7046] = S 5
[7047] = CNOT 5 17
[7048] = CNOT 5 18
[7049] = S 5
[7050] = Z 5
[7051] = CNOT 5 18
[7052] = CNOT 5 19
[7053] = S 5
[7054] = CNOT 5 19
[7055] = CNOT 5 20
[7056] = S 5
[7057] = CNOT 5 20
[7058] = CNOT 5 21
[7059] = S 5
[7060] = CNOT 5 21
[7061] = CNOT 5 22
[7062] = S 5
[7063] = Z 5
[7064] = CNOT 5 22
[7065] = CNOT 5 23
[7066] = Z 5
[7067] = CNOT 5 23
[7068] = CNOT 5 32
[7069] = Z 5
[7070] = CNOT 5 32
[7071] = CNOT 5 33
[7072] = S 5
[7073] = Z 5
[7074] = CNOT 5 33
[7075] = CNOT 5 35
[7076] = S 5
[7077] = Z 5
[7078] = CNOT 5 35
[7079] = CNOT 5 37
[7080] = S 5
[7081] = CNOT 5 37
[7082] = CNOT 5 39
[7083] = S 5
[7084] = CNOT 5 39
[7085] = CNOT 5 15
[7086] = CNOT 5 16
[7087] = CNOT 5 18
[7088] = S 5
[7089] = CNOT 5 18
[7090] = CNOT 5 19
[7091] = S 5
[7092] = CNOT 5 19
[7093] = CNOT 5 20
[7094] = S 5
[7095] = CNOT 5 20
[7096] = CNOT 5 21
[7097] = Z 5
[7098] = CNOT 5 21
[7099] = CNOT 5 22
[7100] = S 5
[7101] = Z 5
[7102] = CNOT 5 22
[7103] = CNOT 5 23
[7104] = S 5
[7105] = Z 5
[7106] = CNOT 5 23
[7107] = CNOT 5 32
[7108] = S 5
[7109] = CNOT 5 32
[7110] = CNOT 5 33
[7111] = S 5
[7112] = CNOT 5 33
[7113] = CNOT 5 34
[7114] = S 5
[7115] = CNOT 5 34
[7116] = CNOT 5 35
[7117] = S 5
[7118] = CNOT 5 35
[7119] = CNOT 5 36
[7120] = S 5
[7121] = CNOT 5 36
[7122] = CNOT 5 37
[7123] = S 5
[7124] = CNOT 5 37
[7125] = CNOT 5 39
[7126] = S 5
[7127] = Z 5
[7128] = CNOT 5 39
[7129] = CNOT 5 16
[7130] = CNOT 5 17
[7131] = CNOT 5 19
[7132] = Z 5
[7133] = CNOT 5 19
[7134] = CNOT 5 23
[7135] = Z 5
[7136] = CNOT 5 23
[7137] = CNOT 5 32
[7138] = S 5
[7139] = CNOT 5 32
[7140] = CNOT 5 33
[7141] = S 5
[7142] = CNOT 5 33
[7143] = CNOT 5 35
[7144] = S 5
[7145] = CNOT 5 35
[7146] = CNOT 5 36
[7147] = Z 5
[7148] = CNOT 5 36
[7149] = CNOT 5 38
[7150] = S 5
[7151] = CNOT 5 38
[7152] = CNOT 5 17
[7153] = CNOT 5 18
[7154] = CNOT 5 20
[7155] = S 5
[7156] = CNOT 5 20
[7157] = CNOT 5 33
[7158] = S 5
[7159] = Z 5
[7160] = CNOT 5 33
[7161] = CNOT 5 35
[7162] = S 5
[7163] = Z 5
[7164] = CNOT 5 35
[7165] = CNOT 5 36
[7166] = S 5
[7167] = Z 5
[7168] = CNOT 5 36
[7169] = CNOT 5 38
[7170] = S 5
[7171] = Z 5
[7172] = CNOT 5 38
[7173] = CNOT 5 18
[7174] = CNOT 5 19
[7175] = CNOT 5 20
[7176] = S 5
[7177] = Z 5
[7178] = CNOT 5 20
[7179] = CNOT 5 32
[7180] = S 5
[7181] = CNOT 5 32
[7182] = CNOT 5 33
[7183] = S 5
[7184] = CNOT 5 33
[7185] = CNOT 5 34
[7186] = S 5
[7187] = CNOT 5 34
[7188] = CNOT 5 35
[7189] = S 5
[7190] = CNOT 5 35
[7191] = CNOT 5 36
[7192] = S 5
[7193] = CNOT 5 36
[7194] = CNOT 5 37
[7195] = S 5
[7196] = CNOT 5 37
[7197] = CNOT 5 19
[7198] = CNOT 5 20
[7199] = CNOT 5 23
[7200] = Z 5
[7201] = CNOT 5 23
[7202] = CNOT 5 33
[7203] = Z 5
[7204] = CNOT 5 33
[7205] = CNOT 5 34
[7206] = S 5
[7207] = Z 5
[7208] = CNOT 5 34
[7209] = CNOT 5 35
[7210] = Z 5
[7211] = CNOT 5 35
[7212] = CNOT 5 36
[7213] = S 5
[7214] = Z 5
[7215] = CNOT 5 36
[7216] = CNOT 5 37
[7217] = S 5
[7218] = Z 5
[7219] = CNOT 5 37
[7220] = CNOT 5 38
[7221] = S 5
[7222] = Z 5
[7223] = CNOT 5 38
[7224] = CNOT 5 20
[7225] = CNOT 5 22
[7226] = CNOT 5 32
[7227] = Z 5
[7228] = CNOT 5 32
[7229] = CNOT 5 33
[7230] = Z 5
[7231] = CNOT 5 33
[7232] = CNOT 5 34
[7233] = Z 5
[7234] = CNOT 5 34
[7235] = CNOT 5 35
[7236] = Z 5
[7237] = CNOT 5 35
[7238] = CNOT 5 36
[7239] = Z 5
[7240] = CNOT 5 36
[7241] = CNOT 5 37
[7242] = Z 5
[7243] = CNOT 5 37
[7244] = CNOT 5 22
[7245] = CNOT 5 23
[7246] = CNOT 5 32
[7247] = Z 5
[7248] = CNOT 5 32
[7249] = CNOT 5 33
[7250] = Z 5
[7251] = CNOT 5 33
[7252] = CNOT 5 34
[7253] = Z 5
[7254] = CNOT 5 34
[7255] = CNOT 5 35
[7256] = Z 5
[7257] = CNOT 5 35
[7258] = CNOT 5 36
[7259] = Z 5
[7260] = CNOT 5 36
[7261] = CNOT 5 37
[7262] = Z 5
[7263] = CNOT 5 37
[7264] = CNOT 5 23
[7265] = CNOT 5 32
[7266] = CNOT 5 33
[7267] = S 5
[7268] = Z 5
[7269] = CNOT 5 33
[7270] = CNOT 5 34
[7271] = S 5
[7272] = Z 5
[7273] = CNOT 5 34
[7274] = CNOT 5 35
[7275] = S 5
[7276] = Z 5
[7277] = CNOT 5 35
[7278] = CNOT 5 37
[7279] = S 5
[7280] = CNOT 5 37
[7281] = CNOT 5 38
[7282] = S 5
[7283] = CNOT 5 38
[7284] = CNOT 5 39
[7285] = Z 5
[7286] = CNOT 5 39
[7287] = CNOT 5 32
[7288] = CNOT 5 33
[7289] = CNOT 5 34
[7290] = Z 5
[7291] = CNOT 5 34
[7292] = CNOT 5 35
[7293] = S 5
[7294] = CNOT 5 35
[7295] = CNOT 5 36
[7296] = Z 5
[7297] = CNOT 5 36
[7298] = CNOT 5 37
[7299] = Z 5
[7300] = CNOT 5 37
[7301] = CNOT 5 38
[7302] = S 5
[7303] = Z 5
[7304] = CNOT 5 38
[7305] = CNOT 5 33
[7306] = CNOT 5 34
[7307] = CNOT 5 35
[7308] = Z 5
[7309] = CNOT 5 35
[7310] = CNOT 5 36
[7311] = S 5
[7312] = Z 5
[7313] = CNOT 5 36
[7314] = CNOT 5 37
[7315] = Z 5
[7316] = CNOT 5 37
[7317] = CNOT 5 38
[7318] = Z 5
[7319] = CNOT 5 38
[7320] = CNOT 5 39
[7321] = S 5
[7322] = Z 5
[7323] = CNOT 5 39
[7324] = CNOT 5 34
[7325] = CNOT 5 35
[7326] = CNOT 5 36
[7327] = Z 5
[7328] = CNOT 5 36
[7329] = CNOT 5 37
[7330] = Z 5
[7331] = CNOT 5 37
[7332] = CNOT 5 38
[7333] = S 5
[7334] = Z 5
[7335] = CNOT 5 38
[7336] = CNOT 5 35
[7337] = CNOT 5 36
[7338] = CNOT 5 37
[7339] = S 5
[7340] = Z 5
[7341] = CNOT 5 37
[7342] = CNOT 5 38
[7343] = S 5
[7344] = Z 5
[7345] = CNOT 5 36
[7346] = CNOT 5 37
[7347] = S 5
[7348] = CNOT 5 37
[7349] = CNOT 5 39
[7350] = S 5
[7351] = CNOT 5 39
[7352] = CNOT 5 38
[7353] = CNOT 6 7
[7354] = CNOT 6 8
[7355] = S 6
[7356] = CNOT 6 8
[7357] = CNOT 6 9
[7358] = S 6
[7359] = Z 6
[7360] = CNOT 6 9
[7361] = CNOT 6 10
[7362] = S 6
[7363] = Z 6
[7364] = CNOT 6 10
[7365] = CNOT 6 11
[7366] = Z 6
[7367] = CNOT 6 11
[7368] = CNOT 6 13
[7369] = S 6
[7370] = Z 6
[7371] = CNOT 6 13
[7372] = CNOT 6 14
[7373] = Z 6
[7374] = CNOT 6 14
[7375] = CNOT 6 15
[7376] = Z 6
[7377] = CNOT 6 15
[7378] = CNOT 6 17
[7379] = Z 6
[7380] = CNOT 6 17
[7381] = CNOT 6 18
[7382] = S 6
[7383] = CNOT 6 18
[7384] = CNOT 6 19
[7385] = S 6
[7386] = CNOT 6 19
[7387] = CNOT 6 21
[7388] = Z 6
[7389] = CNOT 6 21
[7390] = CNOT 6 22
[7391] = Z 6
[7392] = CNOT 6 22
[7393] = CNOT 6 23
[7394] = Z 6
[7395] = CNOT 6 23
[7396] = CNOT 6 32
[7397] = S 6
[7398] = Z 6
[7399] = CNOT 6 32
[7400] = CNOT 6 33
[7401] = S 6
[7402] = Z 6
[7403] = CNOT 6 33
[7404] = CNOT 6 34
[7405] = Z 6
[7406] = CNOT 6 34
[7407] = CNOT 6 37
[7408] = Z 6
[7409] = CNOT 6 37
[7410] = CNOT 6 38
[7411] = S 6
[7412] = Z 6
[7413] = CNOT 6 38
[7414] = CNOT 6 39
[7415] = S 6
[7416] = Z 6
[7417] = CNOT 6 39
[7418] = CNOT 6 7
[7419] = CNOT 6 8
[7420] = CNOT 6 9
[7421] = S 6
[7422] = Z 6
[7423] = CNOT 6 9
[7424] = CNOT 6 10
[7425] = Z 6
[7426] = CNOT 6 10
[7427] = CNOT 6 11
[7428] = S 6
[7429] = CNOT 6 11
[7430] = CNOT 6 12
[7431] = S 6
[7432] = Z 6
[7433] = CNOT 6 12
[7434] = CNOT 6 13
[7435] = Z 6
[7436] = CNOT 6 13
[7437] = CNOT 6 14
[7438] = S 6
[7439] = CNOT 6 14
[7440] = CNOT 6 15
[7441] = Z 6
[7442] = CNOT 6 15
[7443] = CNOT 6 16
[7444] = Z 6
[7445] = CNOT 6 16
[7446] = CNOT 6 17
[7447] = Z 6
[7448] = CNOT 6 17
[7449] = CNOT 6 18
[7450] = Z 6
[7451] = CNOT 6 18
[7452] = CNOT 6 19
[7453] = S 6
[7454] = CNOT 6 19
[7455] = CNOT 6 21
[7456] = Z 6
[7457] = CNOT 6 21
[7458] = CNOT 6 22
[7459] = Z 6
[7460] = CNOT 6 22
[7461] = CNOT 6 23
[7462] = S 6
[7463] = Z 6
[7464] = CNOT 6 23
[7465] = CNOT 6 33
[7466] = S 6
[7467] = CNOT 6 33
[7468] = CNOT 6 34
[7469] = S 6
[7470] = CNOT 6 34
[7471] = CNOT 6 35
[7472] = S 6
[7473] = CNOT 6 35
[7474] = CNOT 6 36
[7475] = S 6
[7476] = CNOT 6 36
[7477] = CNOT 6 37
[7478] = S 6
[7479] = Z 6
[7480] = CNOT 6 37
[7481] = CNOT 6 38
[7482] = S 6
[7483] = Z 6
[7484] = CNOT 6 38
[7485] = CNOT 6 39
[7486] = S 6
[7487] = Z 6
[7488] = CNOT 6 39
[7489] = CNOT 6 8
[7490] = CNOT 6 9
[7491] = CNOT 6 10
[7492] = S 6
[7493] = CNOT 6 10
[7494] = CNOT 6 11
[7495] = S 6
[7496] = CNOT 6 11
[7497] = CNOT 6 12
[7498] = Z 6
[7499] = CNOT 6 12
[7500] = CNOT 6 15
[7501] = Z 6
[7502] = CNOT 6 15
[7503] = CNOT 6 17
[7504] = Z 6
[7505] = CNOT 6 17
[7506] = CNOT 6 20
[7507] = Z 6
[7508] = CNOT 6 20
[7509] = CNOT 6 32
[7510] = S 6
[7511] = Z 6
[7512] = CNOT 6 32
[7513] = CNOT 6 34
[7514] = S 6
[7515] = CNOT 6 34
[7516] = CNOT 6 35
[7517] = S 6
[7518] = Z 6
[7519] = CNOT 6 35
[7520] = CNOT 6 36
[7521] = Z 6
[7522] = CNOT 6 36
[7523] = CNOT 6 37
[7524] = S 6
[7525] = Z 6
[7526] = CNOT 6 37
[7527] = CNOT 6 38
[7528] = S 6
[7529] = CNOT 6 38
[7530] = CNOT 6 9
[7531] = CNOT 6 10
[7532] = CNOT 6 11
[7533] = Z 6
[7534] = CNOT 6 11
[7535] = CNOT 6 12
[7536] = S 6
[7537] = Z 6
[7538] = CNOT 6 12
[7539] = CNOT 6 13
[7540] = Z 6
[7541] = CNOT 6 13
[7542] = CNOT 6 14
[7543] = Z 6
[7544] = CNOT 6 14
[7545] = CNOT 6 17
[7546] = Z 6
[7547] = CNOT 6 17
[7548] = CNOT 6 18
[7549] = Z 6
[7550] = CNOT 6 18
[7551] = CNOT 6 20
[7552] = S 6
[7553] = CNOT 6 20
[7554] = CNOT 6 21
[7555] = S 6
[7556] = CNOT 6 21
[7557] = CNOT 6 22
[7558] = S 6
[7559] = Z 6
[7560] = CNOT 6 22
[7561] = CNOT 6 23
[7562] = Z 6
[7563] = CNOT 6 23
[7564] = CNOT 6 32
[7565] = Z 6
[7566] = CNOT 6 32
[7567] = CNOT 6 33
[7568] = Z 6
[7569] = CNOT 6 33
[7570] = CNOT 6 34
[7571] = S 6
[7572] = Z 6
[7573] = CNOT 6 34
[7574] = CNOT 6 35
[7575] = S 6
[7576] = CNOT 6 35
[7577] = CNOT 6 36
[7578] = S 6
[7579] = CNOT 6 36
[7580] = CNOT 6 37
[7581] = S 6
[7582] = CNOT 6 37
[7583] = CNOT 6 38
[7584] = Z 6
[7585] = CNOT 6 38
[7586] = CNOT 6 39
[7587] = Z 6
[7588] = CNOT 6 39
[7589] = CNOT 6 10
[7590] = CNOT 6 11
[7591] = CNOT 6 14
[7592] = S 6
[7593] = CNOT 6 14
[7594] = CNOT 6 16
[7595] = S 6
[7596] = CNOT 6 16
[7597] = CNOT 6 18
[7598] = S 6
[7599] = CNOT 6 18
[7600] = CNOT 6 19
[7601] = S 6
[7602] = Z 6
[7603] = CNOT 6 19
[7604] = CNOT 6 20
[7605] = Z 6
[7606] = CNOT 6 20
[7607] = CNOT 6 22
[7608] = S 6
[7609] = Z 6
[7610] = CNOT 6 22
[7611] = CNOT 6 32
[7612] = S 6
[7613] = CNOT 6 32
[7614] = CNOT 6 35
[7615] = S 6
[7616] = Z 6
[7617] = CNOT 6 35
[7618] = CNOT 6 36
[7619] = S 6
[7620] = CNOT 6 36
[7621] = CNOT 6 37
[7622] = S 6
[7623] = Z 6
[7624] = CNOT 6 37
[7625] = CNOT 6 38
[7626] = Z 6
[7627] = CNOT 6 38
[7628] = CNOT 6 11
[7629] = CNOT 6 12
[7630] = CNOT 6 13
[7631] = S 6
[7632] = CNOT 6 13
[7633] = CNOT 6 14
[7634] = S 6
[7635] = CNOT 6 14
[7636] = CNOT 6 15
[7637] = S 6
[7638] = Z 6
[7639] = CNOT 6 15
[7640] = CNOT 6 16
[7641] = S 6
[7642] = Z 6
[7643] = CNOT 6 16
[7644] = CNOT 6 17
[7645] = S 6
[7646] = CNOT 6 17
[7647] = CNOT 6 18
[7648] = Z 6
[7649] = CNOT 6 18
[7650] = CNOT 6 19
[7651] = S 6
[7652] = CNOT 6 19
[7653] = CNOT 6 20
[7654] = S 6
[7655] = Z 6
[7656] = CNOT 6 20
[7657] = CNOT 6 21
[7658] = S 6
[7659] = CNOT 6 21
[7660] = CNOT 6 22
[7661] = S 6
[7662] = CNOT 6 22
[7663] = CNOT 6 23
[7664] = Z 6
[7665] = CNOT 6 23
[7666] = CNOT 6 32
[7667] = S 6
[7668] = Z 6
[7669] = CNOT 6 32
[7670] = CNOT 6 33
[7671] = S 6
[7672] = Z 6
[7673] = CNOT 6 33
[7674] = CNOT 6 35
[7675] = Z 6
[7676] = CNOT 6 35
[7677] = CNOT 6 38
[7678] = S 6
[7679] = CNOT 6 38
[7680] = CNOT 6 39
[7681] = Z 6
[7682] = CNOT 6 39
[7683] = CNOT 6 12
[7684] = CNOT 6 13
[7685] = CNOT 6 14
[7686] = S 6
[7687] = Z 6
[7688] = CNOT 6 14
[7689] = CNOT 6 18
[7690] = S 6
[7691] = CNOT 6 18
[7692] = CNOT 6 22
[7693] = S 6
[7694] = CNOT 6 22
[7695] = CNOT 6 32
[7696] = S 6
[7697] = Z 6
[7698] = CNOT 6 32
[7699] = CNOT 6 33
[7700] = Z 6
[7701] = CNOT 6 33
[7702] = CNOT 6 34
[7703] = Z 6
[7704] = CNOT 6 34
[7705] = CNOT 6 35
[7706] = Z 6
[7707] = CNOT 6 35
[7708] = CNOT 6 37
[7709] = S 6
[7710] = Z 6
[7711] = CNOT 6 37
[7712] = CNOT 6 38
[7713] = Z 6
[7714] = CNOT 6 38
[7715] = CNOT 6 13
[7716] = CNOT 6 14
[7717] = CNOT 6 15
[7718] = S 6
[7719] = CNOT 6 15
[7720] = CNOT 6 16
[7721] = S 6
[7722] = CNOT 6 16
[7723] = CNOT 6 18
[7724] = S 6
[7725] = Z 6
[7726] = CNOT 6 18
[7727] = CNOT 6 19
[7728] = S 6
[7729] = CNOT 6 19
[7730] = CNOT 6 21
[7731] = Z 6
[7732] = CNOT 6 21
[7733] = CNOT 6 33
[7734] = S 6
[7735] = Z 6
[7736] = CNOT 6 33
[7737] = CNOT 6 35
[7738] = S 6
[7739] = Z 6
[7740] = CNOT 6 35
[7741] = CNOT 6 36
[7742] = S 6
[7743] = Z 6
[7744] = CNOT 6 36
[7745] = CNOT 6 38
[7746] = Z 6
[7747] = CNOT 6 38
[7748] = CNOT 6 14
[7749] = CNOT 6 15
[7750] = CNOT 6 16
[7751] = S 6
[7752] = Z 6
[7753] = CNOT 6 16
[7754] = CNOT 6 17
[7755] = S 6
[7756] = CNOT 6 17
[7757] = CNOT 6 18
[7758] = S 6
[7759] = Z 6
[7760] = CNOT 6 18
[7761] = CNOT 6 19
[7762] = S 6
[7763] = Z 6
[7764] = CNOT 6 19
[7765] = CNOT 6 20
[7766] = S 6
[7767] = Z 6
[7768] = CNOT 6 20
[7769] = CNOT 6 21
[7770] = Z 6
[7771] = CNOT 6 21
[7772] = CNOT 6 22
[7773] = Z 6
[7774] = CNOT 6 22
[7775] = CNOT 6 23
[7776] = Z 6
[7777] = CNOT 6 23
[7778] = CNOT 6 32
[7779] = Z 6
[7780] = CNOT 6 32
[7781] = CNOT 6 33
[7782] = S 6
[7783] = CNOT 6 33
[7784] = CNOT 6 34
[7785] = Z 6
[7786] = CNOT 6 34
[7787] = CNOT 6 35
[7788] = Z 6
[7789] = CNOT 6 35
[7790] = CNOT 6 36
[7791] = Z 6
[7792] = CNOT 6 36
[7793] = CNOT 6 39
[7794] = Z 6
[7795] = CNOT 6 39
[7796] = CNOT 6 15
[7797] = CNOT 6 16
[7798] = CNOT 6 17
[7799] = Z 6
[7800] = CNOT 6 17
[7801] = CNOT 6 20
[7802] = S 6
[7803] = CNOT 6 20
[7804] = CNOT 6 21
[7805] = S 6
[7806] = Z 6
[7807] = CNOT 6 21
[7808] = CNOT 6 22
[7809] = Z 6
[7810] = CNOT 6 22
[7811] = CNOT 6 23
[7812] = S 6
[7813] = Z 6
[7814] = CNOT 6 23
[7815] = CNOT 6 32
[7816] = Z 6
[7817] = CNOT 6 32
[7818] = CNOT 6 33
[7819] = Z 6
[7820] = CNOT 6 33
[7821] = CNOT 6 34
[7822] = Z 6
[7823] = CNOT 6 34
[7824] = CNOT 6 35
[7825] = Z 6
[7826] = CNOT 6 35
[7827] = CNOT 6 36
[7828] = Z 6
[7829] = CNOT 6 36
[7830] = CNOT 6 37
[7831] = Z 6
[7832] = CNOT 6 37
[7833] = CNOT 6 39
[7834] = S 6
[7835] = Z 6
[7836] = CNOT 6 39
[7837] = CNOT 6 16
[7838] = CNOT 6 17
[7839] = CNOT 6 19
[7840] = Z 6
[7841] = CNOT 6 19
[7842] = CNOT 6 20
[7843] = S 6
[7844] = Z 6
[7845] = CNOT 6 20
[7846] = CNOT 6 21
[7847] = S 6
[7848] = CNOT 6 21
[7849] = CNOT 6 23
[7850] = Z 6
[7851] = CNOT 6 23
[7852] = CNOT 6 32
[7853] = S 6
[7854] = CNOT 6 32
[7855] = CNOT 6 33
[7856] = S 6
[7857] = CNOT 6 33
[7858] = CNOT 6 34
[7859] = S 6
[7860] = CNOT 6 34
[7861] = CNOT 6 35
[7862] = Z 6
[7863] = CNOT 6 35
[7864] = CNOT 6 36
[7865] = Z 6
[7866] = CNOT 6 36
[7867] = CNOT 6 37
[7868] = S 6
[7869] = Z 6
[7870] = CNOT 6 37
[7871] = CNOT 6 38
[7872] = S 6
[7873] = CNOT 6 38
[7874] = CNOT 6 39
[7875] = Z 6
[7876] = CNOT 6 39
[7877] = CNOT 6 17
[7878] = CNOT 6 18
[7879] = CNOT 6 19
[7880] = S 6
[7881] = CNOT 6 19
[7882] = CNOT 6 22
[7883] = S 6
[7884] = CNOT 6 22
[7885] = CNOT 6 32
[7886] = Z 6
[7887] = CNOT 6 32
[7888] = CNOT 6 33
[7889] = S 6
[7890] = CNOT 6 33
[7891] = CNOT 6 34
[7892] = Z 6
[7893] = CNOT 6 34
[7894] = CNOT 6 35
[7895] = S 6
[7896] = CNOT 6 35
[7897] = CNOT 6 36
[7898] = S 6
[7899] = CNOT 6 36
[7900] = CNOT 6 37
[7901] = Z 6
[7902] = CNOT 6 37
[7903] = CNOT 6 38
[7904] = S 6
[7905] = Z 6
[7906] = CNOT 6 38
[7907] = CNOT 6 18
[7908] = CNOT 6 19
[7909] = CNOT 6 20
[7910] = S 6
[7911] = CNOT 6 20
[7912] = CNOT 6 22
[7913] = Z 6
[7914] = CNOT 6 22
[7915] = CNOT 6 33
[7916] = Z 6
[7917] = CNOT 6 33
[7918] = CNOT 6 35
[7919] = Z 6
[7920] = CNOT 6 35
[7921] = CNOT 6 36
[7922] = Z 6
[7923] = CNOT 6 36
[7924] = CNOT 6 38
[7925] = Z 6
[7926] = CNOT 6 38
[7927] = CNOT 6 19
[7928] = CNOT 6 20
[7929] = CNOT 6 21
[7930] = S 6
[7931] = CNOT 6 21
[7932] = CNOT 6 22
[7933] = Z 6
[7934] = CNOT 6 22
[7935] = CNOT 6 23
[7936] = Z 6
[7937] = CNOT 6 23
[7938] = CNOT 6 32
[7939] = S 6
[7940] = Z 6
[7941] = CNOT 6 32
[7942] = CNOT 6 33
[7943] = Z 6
[7944] = CNOT 6 33
[7945] = CNOT 6 34
[7946] = S 6
[7947] = Z 6
[7948] = CNOT 6 34
[7949] = CNOT 6 35
[7950] = S 6
[7951] = Z 6
[7952] = CNOT 6 35
[7953] = CNOT 6 36
[7954] = S 6
[7955] = Z 6
[7956] = CNOT 6 36
[7957] = CNOT 6 37
[7958] = S 6
[7959] = CNOT 6 37
[7960] = CNOT 6 39
[7961] = Z 6
[7962] = CNOT 6 39
[7963] = CNOT 6 20
[7964] = CNOT 6 21
[7965] = CNOT 6 32
[7966] = S 6
[7967] = CNOT 6 32
[7968] = CNOT 6 33
[7969] = S 6
[7970] = CNOT 6 33
[7971] = CNOT 6 34
[7972] = S 6
[7973] = CNOT 6 34
[7974] = CNOT 6 35
[7975] = S 6
[7976] = CNOT 6 35
[7977] = CNOT 6 36
[7978] = S 6
[7979] = CNOT 6 36
[7980] = CNOT 6 37
[7981] = S 6
[7982] = CNOT 6 37
[7983] = CNOT 6 21
[7984] = CNOT 6 22
[7985] = CNOT 6 32
[7986] = S 6
[7987] = Z 6
[7988] = CNOT 6 32
[7989] = CNOT 6 33
[7990] = S 6
[7991] = Z 6
[7992] = CNOT 6 33
[7993] = CNOT 6 34
[7994] = S 6
[7995] = Z 6
[7996] = CNOT 6 34
[7997] = CNOT 6 35
[7998] = S 6
[7999] = Z 6
[8000] = CNOT 6 35
[8001] = CNOT 6 36
[8002] = S 6
[8003] = Z 6
[8004] = CNOT 6 36
[8005] = CNOT 6 37
[8006] = S 6
[8007] = Z 6
[8008] = CNOT 6 37
[8009] = CNOT 6 22
[8010] = CNOT 6 23
[8011] = CNOT 6 32
[8012] = Z 6
[8013] = CNOT 6 32
[8014] = CNOT 6 33
[8015] = Z 6
[8016] = CNOT 6 33
[8017] = CNOT 6 34
[8018] = Z 6
[8019] = CNOT 6 34
[8020] = CNOT 6 35
[8021] = Z 6
[8022] = CNOT 6 35
[8023] = CNOT 6 36
[8024] = Z 6
[8025] = CNOT 6 36
[8026] = CNOT 6 37
[8027] = Z 6
[8028] = CNOT 6 37
[8029] = CNOT 6 23
[8030] = CNOT 6 32
[8031] = CNOT 6 33
[8032] = Z 6
[8033] = CNOT 6 33
[8034] = CNOT 6 34
[8035] = S 6
[8036] = CNOT 6 34
[8037] = CNOT 6 35
[8038] = S 6
[8039] = Z 6
[8040] = CNOT 6 35
[8041] = CNOT 6 36
[8042] = S 6
[8043] = Z 6
[8044] = CNOT 6 36
[8045] = CNOT 6 37
[8046] = S 6
[8047] = CNOT 6 37
[8048] = CNOT 6 38
[8049] = S 6
[8050] = Z 6
[8051] = CNOT 6 38
[8052] = CNOT 6 39
[8053] = Z 6
[8054] = CNOT 6 39
[8055] = CNOT 6 32
[8056] = CNOT 6 33
[8057] = CNOT 6 34
[8058] = Z 6
[8059] = CNOT 6 34
[8060] = CNOT 6 35
[8061] = S 6
[8062] = CNOT 6 35
[8063] = CNOT 6 36
[8064] = Z 6
[8065] = CNOT 6 36
[8066] = CNOT 6 37
[8067] = S 6
[8068] = CNOT 6 37
[8069] = CNOT 6 38
[8070] = Z 6
[8071] = CNOT 6 38
[8072] = CNOT 6 39
[8073] = Z 6
[8074] = CNOT 6 39
[8075] = CNOT 6 33
[8076] = CNOT 6 34
[8077] = CNOT 6 35
[8078] = Z 6
[8079] = CNOT 6 35
[8080] = CNOT 6 38
[8081] = S 6
[8082] = Z 6
[8083] = CNOT 6 38
[8084] = CNOT 6 39
[8085] = Z 6
[8086] = CNOT 6 39
[8087] = CNOT 6 34
[8088] = CNOT 6 35
[8089] = CNOT 6 36
[8090] = Z 6
[8091] = CNOT 6 36
[8092] = CNOT 6 37
[8093] = S 6
[8094] = CNOT 6 37
[8095] = CNOT 6 38
[8096] = S 6
[8097] = Z 6
[8098] = CNOT 6 38
[8099] = CNOT 6 39
[8100] = Z 6
[8101] = CNOT 6 39
[8102] = CNOT 6 35
[8103] = CNOT 6 36
[8104] = CNOT 6 37
[8105] = Z 6
[8106] = CNOT 6 37
[8107] = CNOT 6 38
[8108] = S 6
[8109] = Z 6
[8110] = CNOT 6 38
[8111] = CNOT 6 39
[8112] = Z 6
[8113] = CNOT 6 39
[8114] = CNOT 6 36
[8115] = CNOT 6 37
[8116] = CNOT 6 38
[8117] = Z 6
[8118] = CNOT 6 38
[8119] = CNOT 6 39
[8120] = Z 6
[8121] = CNOT 6 39
[8122] = CNOT 6 37
[8123] = CNOT 7 8
[8124] = CNOT 7 9
[8125] = S 7
[8126] = Z 7
[8127] = CNOT 7 9
[8128] = CNOT 7 12
[8129] = S 7
[8130] = Z 7
[8131] = CNOT 7 12
[8132] = CNOT 7 15
[8133] = S 7
[8134] = CNOT 7 15
[8135] = CNOT 7 17
[8136] = S 7
[8137] = Z 7
[8138] = CNOT 7 17
[8139] = CNOT 7 20
[8140] = S 7
[8141] = CNOT 7 20
[8142] = CNOT 7 21
[8143] = Z 7
[8144] = CNOT 7 21
[8145] = CNOT 7 23
[8146] = S 7
[8147] = Z 7
[8148] = CNOT 7 23
[8149] = CNOT 7 32
[8150] = Z 7
[8151] = CNOT 7 32
[8152] = CNOT 7 33
[8153] = S 7
[8154] = Z 7
[8155] = CNOT 7 33
[8156] = CNOT 7 34
[8157] = Z 7
[8158] = CNOT 7 34
[8159] = CNOT 7 35
[8160] = S 7
[8161] = Z 7
[8162] = CNOT 7 35
[8163] = CNOT 7 36
[8164] = S 7
[8165] = Z 7
[8166] = CNOT 7 36
[8167] = CNOT 7 37
[8168] = Z 7
[8169] = CNOT 7 37
[8170] = CNOT 7 38
[8171] = Z 7
[8172] = CNOT 7 38
[8173] = CNOT 7 39
[8174] = S 7
[8175] = Z 7
[8176] = CNOT 7 39
[8177] = CNOT 7 8
[8178] = CNOT 7 9
[8179] = CNOT 7 10
[8180] = S 7
[8181] = CNOT 7 10
[8182] = CNOT 7 11
[8183] = S 7
[8184] = CNOT 7 11
[8185] = CNOT 7 12
[8186] = Z 7
[8187] = CNOT 7 12
[8188] = CNOT 7 15
[8189] = Z 7
[8190] = CNOT 7 15
[8191] = CNOT 7 17
[8192] = Z 7
[8193] = CNOT 7 17
[8194] = CNOT 7 20
[8195] = Z 7
[8196] = CNOT 7 20
[8197] = CNOT 7 32
[8198] = S 7
[8199] = Z 7
[8200] = CNOT 7 32
[8201] = CNOT 7 34
[8202] = Z 7
[8203] = CNOT 7 34
[8204] = CNOT 7 35
[8205] = S 7
[8206] = Z 7
[8207] = CNOT 7 35
[8208] = CNOT 7 36
[8209] = Z 7
[8210] = CNOT 7 36
[8211] = CNOT 7 37
[8212] = S 7
[8213] = Z 7
[8214] = CNOT 7 37
[8215] = CNOT 7 38
[8216] = S 7
[8217] = CNOT 7 38
[8218] = CNOT 7 9
[8219] = CNOT 7 10
[8220] = CNOT 7 11
[8221] = Z 7
[8222] = CNOT 7 11
[8223] = CNOT 7 12
[8224] = Z 7
[8225] = CNOT 7 12
[8226] = CNOT 7 13
[8227] = S 7
[8228] = Z 7
[8229] = CNOT 7 13
[8230] = CNOT 7 14
[8231] = S 7
[8232] = CNOT 7 14
[8233] = CNOT 7 16
[8234] = Z 7
[8235] = CNOT 7 16
[8236] = CNOT 7 17
[8237] = S 7
[8238] = CNOT 7 17
[8239] = CNOT 7 18
[8240] = S 7
[8241] = Z 7
[8242] = CNOT 7 18
[8243] = CNOT 7 20
[8244] = Z 7
[8245] = CNOT 7 20
[8246] = CNOT 7 21
[8247] = S 7
[8248] = CNOT 7 21
[8249] = CNOT 7 22
[8250] = Z 7
[8251] = CNOT 7 22
[8252] = CNOT 7 23
[8253] = Z 7
[8254] = CNOT 7 23
[8255] = CNOT 7 32
[8256] = Z 7
[8257] = CNOT 7 32
[8258] = CNOT 7 34
[8259] = S 7
[8260] = Z 7
[8261] = CNOT 7 34
[8262] = CNOT 7 35
[8263] = S 7
[8264] = Z 7
[8265] = CNOT 7 35
[8266] = CNOT 7 36
[8267] = S 7
[8268] = CNOT 7 36
[8269] = CNOT 7 38
[8270] = S 7
[8271] = Z 7
[8272] = CNOT 7 38
[8273] = CNOT 7 39
[8274] = S 7
[8275] = CNOT 7 39
[8276] = CNOT 7 10
[8277] = CNOT 7 11
[8278] = CNOT 7 12
[8279] = S 7
[8280] = Z 7
[8281] = CNOT 7 12
[8282] = CNOT 7 13
[8283] = S 7
[8284] = Z 7
[8285] = CNOT 7 13
[8286] = CNOT 7 14
[8287] = S 7
[8288] = Z 7
[8289] = CNOT 7 14
[8290] = CNOT 7 15
[8291] = Z 7
[8292] = CNOT 7 15
[8293] = CNOT 7 16
[8294] = S 7
[8295] = Z 7
[8296] = CNOT 7 16
[8297] = CNOT 7 17
[8298] = S 7
[8299] = CNOT 7 17
[8300] = CNOT 7 18
[8301] = Z 7
[8302] = CNOT 7 18
[8303] = CNOT 7 20
[8304] = S 7
[8305] = Z 7
[8306] = CNOT 7 20
[8307] = CNOT 7 22
[8308] = Z 7
[8309] = CNOT 7 22
[8310] = CNOT 7 32
[8311] = S 7
[8312] = Z 7
[8313] = CNOT 7 32
[8314] = CNOT 7 34
[8315] = Z 7
[8316] = CNOT 7 34
[8317] = CNOT 7 35
[8318] = S 7
[8319] = Z 7
[8320] = CNOT 7 35
[8321] = CNOT 7 36
[8322] = S 7
[8323] = CNOT 7 36
[8324] = CNOT 7 39
[8325] = Z 7
[8326] = CNOT 7 39
[8327] = CNOT 7 11
[8328] = CNOT 7 12
[8329] = CNOT 7 13
[8330] = S 7
[8331] = CNOT 7 13
[8332] = CNOT 7 15
[8333] = S 7
[8334] = Z 7
[8335] = CNOT 7 15
[8336] = CNOT 7 16
[8337] = S 7
[8338] = CNOT 7 16
[8339] = CNOT 7 17
[8340] = Z 7
[8341] = CNOT 7 17
[8342] = CNOT 7 18
[8343] = Z 7
[8344] = CNOT 7 18
[8345] = CNOT 7 19
[8346] = S 7
[8347] = CNOT 7 19
[8348] = CNOT 7 20
[8349] = Z 7
[8350] = CNOT 7 20
[8351] = CNOT 7 21
[8352] = S 7
[8353] = CNOT 7 21
[8354] = CNOT 7 22
[8355] = Z 7
[8356] = CNOT 7 22
[8357] = CNOT 7 23
[8358] = Z 7
[8359] = CNOT 7 23
[8360] = CNOT 7 32
[8361] = S 7
[8362] = Z 7
[8363] = CNOT 7 32
[8364] = CNOT 7 33
[8365] = S 7
[8366] = Z 7
[8367] = CNOT 7 33
[8368] = CNOT 7 34
[8369] = S 7
[8370] = CNOT 7 34
[8371] = CNOT 7 35
[8372] = Z 7
[8373] = CNOT 7 35
[8374] = CNOT 7 36
[8375] = Z 7
[8376] = CNOT 7 36
[8377] = CNOT 7 39
[8378] = S 7
[8379] = Z 7
[8380] = CNOT 7 39
[8381] = CNOT 7 12
[8382] = CNOT 7 13
[8383] = CNOT 7 14
[8384] = Z 7
[8385] = CNOT 7 14
[8386] = CNOT 7 15
[8387] = Z 7
[8388] = CNOT 7 15
[8389] = CNOT 7 16
[8390] = S 7
[8391] = CNOT 7 16
[8392] = CNOT 7 17
[8393] = S 7
[8394] = Z 7
[8395] = CNOT 7 17
[8396] = CNOT 7 18
[8397] = S 7
[8398] = CNOT 7 18
[8399] = CNOT 7 19
[8400] = S 7
[8401] = Z 7
[8402] = CNOT 7 19
[8403] = CNOT 7 20
[8404] = S 7
[8405] = CNOT 7 20
[8406] = CNOT 7 22
[8407] = S 7
[8408] = Z 7
[8409] = CNOT 7 22
[8410] = CNOT 7 32
[8411] = S 7
[8412] = CNOT 7 32
[8413] = CNOT 7 33
[8414] = S 7
[8415] = Z 7
[8416] = CNOT 7 33
[8417] = CNOT 7 34
[8418] = S 7
[8419] = Z 7
[8420] = CNOT 7 34
[8421] = CNOT 7 35
[8422] = S 7
[8423] = Z 7
[8424] = CNOT 7 35
[8425] = CNOT 7 36
[8426] = Z 7
[8427] = CNOT 7 36
[8428] = CNOT 7 37
[8429] = S 7
[8430] = Z 7
[8431] = CNOT 7 37
[8432] = CNOT 7 38
[8433] = S 7
[8434] = Z 7
[8435] = CNOT 7 38
[8436] = CNOT 7 39
[8437] = S 7
[8438] = CNOT 7 39
[8439] = CNOT 7 13
[8440] = CNOT 7 14
[8441] = CNOT 7 15
[8442] = S 7
[8443] = CNOT 7 15
[8444] = CNOT 7 16
[8445] = S 7
[8446] = CNOT 7 16
[8447] = CNOT 7 17
[8448] = S 7
[8449] = CNOT 7 17
[8450] = CNOT 7 18
[8451] = Z 7
[8452] = CNOT 7 18
[8453] = CNOT 7 19
[8454] = S 7
[8455] = CNOT 7 19
[8456] = CNOT 7 20
[8457] = S 7
[8458] = CNOT 7 20
[8459] = CNOT 7 21
[8460] = Z 7
[8461] = CNOT 7 21
[8462] = CNOT 7 32
[8463] = S 7
[8464] = Z 7
[8465] = CNOT 7 32
[8466] = CNOT 7 33
[8467] = S 7
[8468] = Z 7
[8469] = CNOT 7 33
[8470] = CNOT 7 34
[8471] = S 7
[8472] = Z 7
[8473] = CNOT 7 34
[8474] = CNOT 7 35
[8475] = S 7
[8476] = Z 7
[8477] = CNOT 7 35
[8478] = CNOT 7 36
[8479] = S 7
[8480] = Z 7
[8481] = CNOT 7 36
[8482] = CNOT 7 37
[8483] = S 7
[8484] = Z 7
[8485] = CNOT 7 37
[8486] = CNOT 7 38
[8487] = S 7
[8488] = Z 7
[8489] = CNOT 7 38
[8490] = CNOT 7 14
[8491] = CNOT 7 15
[8492] = CNOT 7 16
[8493] = Z 7
[8494] = CNOT 7 16
[8495] = CNOT 7 17
[8496] = Z 7
[8497] = CNOT 7 17
[8498] = CNOT 7 18
[8499] = S 7
[8500] = Z 7
[8501] = CNOT 7 18
[8502] = CNOT 7 19
[8503] = S 7
[8504] = Z 7
[8505] = CNOT 7 19
[8506] = CNOT 7 20
[8507] = S 7
[8508] = CNOT 7 20
[8509] = CNOT 7 21
[8510] = Z 7
[8511] = CNOT 7 21
[8512] = CNOT 7 23
[8513] = Z 7
[8514] = CNOT 7 23
[8515] = CNOT 7 32
[8516] = S 7
[8517] = Z 7
[8518] = CNOT 7 32
[8519] = CNOT 7 33
[8520] = S 7
[8521] = Z 7
[8522] = CNOT 7 33
[8523] = CNOT 7 34
[8524] = S 7
[8525] = CNOT 7 34
[8526] = CNOT 7 36
[8527] = S 7
[8528] = CNOT 7 36
[8529] = CNOT 7 37
[8530] = S 7
[8531] = CNOT 7 37
[8532] = CNOT 7 38
[8533] = Z 7
[8534] = CNOT 7 38
[8535] = CNOT 7 39
[8536] = S 7
[8537] = CNOT 7 39
[8538] = CNOT 7 15
[8539] = CNOT 7 16
[8540] = CNOT 7 17
[8541] = S 7
[8542] = CNOT 7 17
[8543] = CNOT 7 18
[8544] = Z 7
[8545] = CNOT 7 18
[8546] = CNOT 7 19
[8547] = Z 7
[8548] = CNOT 7 19
[8549] = CNOT 7 20
[8550] = S 7
[8551] = CNOT 7 20
[8552] = CNOT 7 21
[8553] = S 7
[8554] = Z 7
[8555] = CNOT 7 21
[8556] = CNOT 7 23
[8557] = S 7
[8558] = Z 7
[8559] = CNOT 7 23
[8560] = CNOT 7 32
[8561] = S 7
[8562] = Z 7
[8563] = CNOT 7 32
[8564] = CNOT 7 33
[8565] = Z 7
[8566] = CNOT 7 33
[8567] = CNOT 7 34
[8568] = Z 7
[8569] = CNOT 7 34
[8570] = CNOT 7 35
[8571] = Z 7
[8572] = CNOT 7 35
[8573] = CNOT 7 36
[8574] = S 7
[8575] = Z 7
[8576] = CNOT 7 36
[8577] = CNOT 7 37
[8578] = S 7
[8579] = Z 7
[8580] = CNOT 7 37
[8581] = CNOT 7 38
[8582] = S 7
[8583] = CNOT 7 38
[8584] = CNOT 7 39
[8585] = S 7
[8586] = CNOT 7 39
[8587] = CNOT 7 16
[8588] = CNOT 7 17
[8589] = CNOT 7 19
[8590] = S 7
[8591] = Z 7
[8592] = CNOT 7 19
[8593] = CNOT 7 21
[8594] = S 7
[8595] = CNOT 7 21
[8596] = CNOT 7 23
[8597] = Z 7
[8598] = CNOT 7 23
[8599] = CNOT 7 32
[8600] = S 7
[8601] = CNOT 7 32
[8602] = CNOT 7 33
[8603] = S 7
[8604] = CNOT 7 33
[8605] = CNOT 7 34
[8606] = S 7
[8607] = Z 7
[8608] = CNOT 7 34
[8609] = CNOT 7 35
[8610] = Z 7
[8611] = CNOT 7 35
[8612] = CNOT 7 36
[8613] = S 7
[8614] = Z 7
[8615] = CNOT 7 36
[8616] = CNOT 7 37
[8617] = S 7
[8618] = Z 7
[8619] = CNOT 7 37
[8620] = CNOT 7 38
[8621] = Z 7
[8622] = CNOT 7 38
[8623] = CNOT 7 39
[8624] = S 7
[8625] = CNOT 7 39
[8626] = CNOT 7 17
[8627] = CNOT 7 18
[8628] = CNOT 7 20
[8629] = S 7
[8630] = Z 7
[8631] = CNOT 7 20
[8632] = CNOT 7 22
[8633] = Z 7
[8634] = CNOT 7 22
[8635] = CNOT 7 32
[8636] = S 7
[8637] = Z 7
[8638] = CNOT 7 32
[8639] = CNOT 7 33
[8640] = S 7
[8641] = Z 7
[8642] = CNOT 7 33
[8643] = CNOT 7 34
[8644] = S 7
[8645] = Z 7
[8646] = CNOT 7 34
[8647] = CNOT 7 35
[8648] = S 7
[8649] = Z 7
[8650] = CNOT 7 35
[8651] = CNOT 7 36
[8652] = S 7
[8653] = Z 7
[8654] = CNOT 7 36
[8655] = CNOT 7 37
[8656] = S 7
[8657] = Z 7
[8658] = CNOT 7 37
[8659] = CNOT 7 18
[8660] = CNOT 7 19
[8661] = CNOT 7 22
[8662] = S 7
[8663] = Z 7
[8664] = CNOT 7 22
[8665] = CNOT 7 19
[8666] = CNOT 7 20
[8667] = CNOT 7 21
[8668] = S 7
[8669] = CNOT 7 21
[8670] = CNOT 7 22
[8671] = Z 7
[8672] = CNOT 7 22
[8673] = CNOT 7 23
[8674] = Z 7
[8675] = CNOT 7 23
[8676] = CNOT 7 32
[8677] = S 7
[8678] = CNOT 7 32
[8679] = CNOT 7 33
[8680] = S 7
[8681] = CNOT 7 33
[8682] = CNOT 7 34
[8683] = S 7
[8684] = Z 7
[8685] = CNOT 7 34
[8686] = CNOT 7 35
[8687] = Z 7
[8688] = CNOT 7 35
[8689] = CNOT 7 36
[8690] = S 7
[8691] = Z 7
[8692] = CNOT 7 36
[8693] = CNOT 7 37
[8694] = S 7
[8695] = Z 7
[8696] = CNOT 7 37
[8697] = CNOT 7 38
[8698] = Z 7
[8699] = CNOT 7 38
[8700] = CNOT 7 39
[8701] = S 7
[8702] = CNOT 7 39
[8703] = CNOT 7 20
[8704] = CNOT 7 21
[8705] = CNOT 7 32
[8706] = S 7
[8707] = CNOT 7 32
[8708] = CNOT 7 33
[8709] = S 7
[8710] = CNOT 7 33
[8711] = CNOT 7 34
[8712] = S 7
[8713] = CNOT 7 34
[8714] = CNOT 7 35
[8715] = S 7
[8716] = CNOT 7 35
[8717] = CNOT 7 36
[8718] = S 7
[8719] = CNOT 7 36
[8720] = CNOT 7 37
[8721] = S 7
[8722] = CNOT 7 37
[8723] = CNOT 7 21
[8724] = CNOT 7 22
[8725] = CNOT 7 32
[8726] = Z 7
[8727] = CNOT 7 32
[8728] = CNOT 7 33
[8729] = Z 7
[8730] = CNOT 7 33
[8731] = CNOT 7 34
[8732] = Z 7
[8733] = CNOT 7 34
[8734] = CNOT 7 35
[8735] = Z 7
[8736] = CNOT 7 35
[8737] = CNOT 7 36
[8738] = Z 7
[8739] = CNOT 7 36
[8740] = CNOT 7 37
[8741] = Z 7
[8742] = CNOT 7 37
[8743] = CNOT 7 22
[8744] = CNOT 7 23
[8745] = CNOT 7 32
[8746] = Z 7
[8747] = CNOT 7 32
[8748] = CNOT 7 33
[8749] = Z 7
[8750] = CNOT 7 33
[8751] = CNOT 7 34
[8752] = Z 7
[8753] = CNOT 7 34
[8754] = CNOT 7 35
[8755] = Z 7
[8756] = CNOT 7 35
[8757] = CNOT 7 36
[8758] = Z 7
[8759] = CNOT 7 36
[8760] = CNOT 7 37
[8761] = Z 7
[8762] = CNOT 7 37
[8763] = CNOT 7 23
[8764] = CNOT 7 32
[8765] = CNOT 7 33
[8766] = Z 7
[8767] = CNOT 7 33
[8768] = CNOT 7 34
[8769] = S 7
[8770] = CNOT 7 34
[8771] = CNOT 7 35
[8772] = S 7
[8773] = Z 7
[8774] = CNOT 7 35
[8775] = CNOT 7 37
[8776] = S 7
[8777] = CNOT 7 37
[8778] = CNOT 7 39
[8779] = Z 7
[8780] = CNOT 7 39
[8781] = CNOT 7 32
[8782] = CNOT 7 33
[8783] = CNOT 7 34
[8784] = S 7
[8785] = CNOT 7 34
[8786] = CNOT 7 35
[8787] = S 7
[8788] = Z 7
[8789] = CNOT 7 35
[8790] = CNOT 7 37
[8791] = S 7
[8792] = CNOT 7 37
[8793] = CNOT 7 38
[8794] = S 7
[8795] = Z 7
[8796] = CNOT 7 38
[8797] = CNOT 7 33
[8798] = CNOT 7 34
[8799] = CNOT 7 35
[8800] = S 7
[8801] = CNOT 7 35
[8802] = CNOT 7 36
[8803] = S 7
[8804] = Z 7
[8805] = CNOT 7 36
[8806] = CNOT 7 39
[8807] = S 7
[8808] = CNOT 7 39
[8809] = CNOT 7 34
[8810] = CNOT 7 35
[8811] = CNOT 7 37
[8812] = S 7
[8813] = CNOT 7 35
[8814] = CNOT 7 36
[8815] = S 7
[8816] = Z 7
[8817] = CNOT 7 37
[8818] = CNOT 7 38
[8819] = S 7
[8820] = CNOT 7 38
[8821] = CNOT 7 39
[8822] = S 7
[8823] = CNOT 7 39
[8824] = CNOT 7 36
[8825] = CNOT 7 37
[8826] = CNOT 7 38
[8827] = S 7
[8828] = Z 7
[8829] = CNOT 7 38
[8830] = CNOT 7 39
[8831] = S 7
[8832] = CNOT 7 39
[8833] = CNOT 7 37
[8834] = CNOT 8 9
[8835] = CNOT 8 34
[8836] = Z 8
[8837] = CNOT 8 34
[8838] = CNOT 8 37
[8839] = S 8
[8840] = Z 8
[8841] = CNOT 8 37
[8842] = CNOT 8 38
[8843] = S 8
[8844] = Z 8
[8845] = CNOT 8 38
[8846] = CNOT 8 9
[8847] = CNOT 8 10
[8848] = CNOT 8 11
[8849] = S 8
[8850] = CNOT 8 11
[8851] = CNOT 8 13
[8852] = Z 8
[8853] = CNOT 8 13
[8854] = CNOT 8 14
[8855] = S 8
[8856] = Z 8
[8857] = CNOT 8 14
[8858] = CNOT 8 15
[8859] = S 8
[8860] = Z 8
[8861] = CNOT 8 15
[8862] = CNOT 8 18
[8863] = Z 8
[8864] = CNOT 8 18
[8865] = CNOT 8 19
[8866] = S 8
[8867] = CNOT 8 19
[8868] = CNOT 8 20
[8869] = Z 8
[8870] = CNOT 8 20
[8871] = CNOT 8 21
[8872] = S 8
[8873] = CNOT 8 21
[8874] = CNOT 8 22
[8875] = Z 8
[8876] = CNOT 8 22
[8877] = CNOT 8 23
[8878] = S 8
[8879] = Z 8
[8880] = CNOT 8 23
[8881] = CNOT 8 32
[8882] = S 8
[8883] = CNOT 8 32
[8884] = CNOT 8 33
[8885] = Z 8
[8886] = CNOT 8 33
[8887] = CNOT 8 34
[8888] = Z 8
[8889] = CNOT 8 34
[8890] = CNOT 8 35
[8891] = Z 8
[8892] = CNOT 8 35
[8893] = CNOT 8 36
[8894] = Z 8
[8895] = CNOT 8 36
[8896] = CNOT 8 37
[8897] = Z 8
[8898] = CNOT 8 37
[8899] = CNOT 8 39
[8900] = S 8
[8901] = Z 8
[8902] = CNOT 8 39
[8903] = CNOT 8 10
[8904] = CNOT 8 11
[8905] = CNOT 8 12
[8906] = Z 8
[8907] = CNOT 8 12
[8908] = CNOT 8 13
[8909] = S 8
[8910] = Z 8
[8911] = CNOT 8 13
[8912] = CNOT 8 15
[8913] = S 8
[8914] = Z 8
[8915] = CNOT 8 15
[8916] = CNOT 8 18
[8917] = S 8
[8918] = Z 8
[8919] = CNOT 8 18
[8920] = CNOT 8 19
[8921] = Z 8
[8922] = CNOT 8 19
[8923] = CNOT 8 20
[8924] = Z 8
[8925] = CNOT 8 20
[8926] = CNOT 8 22
[8927] = Z 8
[8928] = CNOT 8 22
[8929] = CNOT 8 32
[8930] = S 8
[8931] = CNOT 8 32
[8932] = CNOT 8 33
[8933] = S 8
[8934] = CNOT 8 33
[8935] = CNOT 8 34
[8936] = S 8
[8937] = CNOT 8 34
[8938] = CNOT 8 35
[8939] = S 8
[8940] = CNOT 8 35
[8941] = CNOT 8 36
[8942] = S 8
[8943] = CNOT 8 36
[8944] = CNOT 8 37
[8945] = S 8
[8946] = CNOT 8 37
[8947] = CNOT 8 11
[8948] = CNOT 8 12
[8949] = CNOT 8 13
[8950] = S 8
[8951] = Z 8
[8952] = CNOT 8 13
[8953] = CNOT 8 14
[8954] = S 8
[8955] = Z 8
[8956] = CNOT 8 14
[8957] = CNOT 8 18
[8958] = Z 8
[8959] = CNOT 8 18
[8960] = CNOT 8 19
[8961] = Z 8
[8962] = CNOT 8 19
[8963] = CNOT 8 21
[8964] = S 8
[8965] = CNOT 8 21
[8966] = CNOT 8 22
[8967] = S 8
[8968] = Z 8
[8969] = CNOT 8 22
[8970] = CNOT 8 23
[8971] = S 8
[8972] = Z 8
[8973] = CNOT 8 23
[8974] = CNOT 8 32
[8975] = S 8
[8976] = Z 8
[8977] = CNOT 8 32
[8978] = CNOT 8 34
[8979] = Z 8
[8980] = CNOT 8 34
[8981] = CNOT 8 38
[8982] = S 8
[8983] = CNOT 8 38
[8984] = CNOT 8 39
[8985] = Z 8
[8986] = CNOT 8 39
[8987] = CNOT 8 12
[8988] = CNOT 8 13
[8989] = CNOT 8 18
[8990] = S 8
[8991] = Z 8
[8992] = CNOT 8 18
[8993] = CNOT 8 19
[8994] = S 8
[8995] = Z 8
[8996] = CNOT 8 19
[8997] = CNOT 8 20
[8998] = S 8
[8999] = Z 8
[9000] = CNOT 8 20
[9001] = CNOT 8 22
[9002] = S 8
[9003] = Z 8
[9004] = CNOT 8 22
[9005] = CNOT 8 32
[9006] = Z 8
[9007] = CNOT 8 32
[9008] = CNOT 8 33
[9009] = Z 8
[9010] = CNOT 8 33
[9011] = CNOT 8 34
[9012] = Z 8
[9013] = CNOT 8 34
[9014] = CNOT 8 35
[9015] = Z 8
[9016] = CNOT 8 35
[9017] = CNOT 8 36
[9018] = Z 8
[9019] = CNOT 8 36
[9020] = CNOT 8 37
[9021] = Z 8
[9022] = CNOT 8 37
[9023] = CNOT 8 13
[9024] = CNOT 8 14
[9025] = CNOT 8 15
[9026] = Z 8
[9027] = CNOT 8 15
[9028] = CNOT 8 16
[9029] = S 8
[9030] = Z 8
[9031] = CNOT 8 16
[9032] = CNOT 8 17
[9033] = S 8
[9034] = Z 8
[9035] = CNOT 8 17
[9036] = CNOT 8 20
[9037] = S 8
[9038] = CNOT 8 20
[9039] = CNOT 8 21
[9040] = Z 8
[9041] = CNOT 8 21
[9042] = CNOT 8 32
[9043] = Z 8
[9044] = CNOT 8 32
[9045] = CNOT 8 33
[9046] = S 8
[9047] = Z 8
[9048] = CNOT 8 33
[9049] = CNOT 8 34
[9050] = S 8
[9051] = Z 8
[9052] = CNOT 8 34
[9053] = CNOT 8 35
[9054] = S 8
[9055] = Z 8
[9056] = CNOT 8 35
[9057] = CNOT 8 36
[9058] = S 8
[9059] = Z 8
[9060] = CNOT 8 36
[9061] = CNOT 8 37
[9062] = S 8
[9063] = CNOT 8 37
[9064] = CNOT 8 39
[9065] = S 8
[9066] = Z 8
[9067] = CNOT 8 39
[9068] = CNOT 8 14
[9069] = CNOT 8 15
[9070] = CNOT 8 16
[9071] = S 8
[9072] = Z 8
[9073] = CNOT 8 16
[9074] = CNOT 8 17
[9075] = Z 8
[9076] = CNOT 8 17
[9077] = CNOT 8 19
[9078] = S 8
[9079] = Z 8
[9080] = CNOT 8 19
[9081] = CNOT 8 20
[9082] = S 8
[9083] = CNOT 8 20
[9084] = CNOT 8 21
[9085] = Z 8
[9086] = CNOT 8 21
[9087] = CNOT 8 23
[9088] = S 8
[9089] = Z 8
[9090] = CNOT 8 23
[9091] = CNOT 8 32
[9092] = S 8
[9093] = Z 8
[9094] = CNOT 8 32
[9095] = CNOT 8 33
[9096] = S 8
[9097] = Z 8
[9098] = CNOT 8 33
[9099] = CNOT 8 34
[9100] = S 8
[9101] = CNOT 8 34
[9102] = CNOT 8 35
[9103] = S 8
[9104] = Z 8
[9105] = CNOT 8 35
[9106] = CNOT 8 36
[9107] = S 8
[9108] = Z 8
[9109] = CNOT 8 36
[9110] = CNOT 8 38
[9111] = Z 8
[9112] = CNOT 8 38
[9113] = CNOT 8 39
[9114] = S 8
[9115] = Z 8
[9116] = CNOT 8 39
[9117] = CNOT 8 15
[9118] = CNOT 8 16
[9119] = CNOT 8 20
[9120] = S 8
[9121] = Z 8
[9122] = CNOT 8 20
[9123] = CNOT 8 21
[9124] = Z 8
[9125] = CNOT 8 21
[9126] = CNOT 8 39
[9127] = S 8
[9128] = Z 8
[9129] = CNOT 8 39
[9130] = CNOT 8 16
[9131] = CNOT 8 17
[9132] = CNOT 8 20
[9133] = S 8
[9134] = Z 8
[9135] = CNOT 8 20
[9136] = CNOT 8 21
[9137] = S 8
[9138] = CNOT 8 21
[9139] = CNOT 8 23
[9140] = S 8
[9141] = Z 8
[9142] = CNOT 8 23
[9143] = CNOT 8 32
[9144] = Z 8
[9145] = CNOT 8 32
[9146] = CNOT 8 34
[9147] = S 8
[9148] = CNOT 8 34
[9149] = CNOT 8 37
[9150] = S 8
[9151] = Z 8
[9152] = CNOT 8 37
[9153] = CNOT 8 38
[9154] = Z 8
[9155] = CNOT 8 38
[9156] = CNOT 8 39
[9157] = Z 8
[9158] = CNOT 8 39
[9159] = CNOT 8 17
[9160] = CNOT 8 18
[9161] = CNOT 8 19
[9162] = Z 8
[9163] = CNOT 8 19
[9164] = CNOT 8 20
[9165] = S 8
[9166] = Z 8
[9167] = CNOT 8 20
[9168] = CNOT 8 22
[9169] = S 8
[9170] = Z 8
[9171] = CNOT 8 22
[9172] = CNOT 8 32
[9173] = Z 8
[9174] = CNOT 8 32
[9175] = CNOT 8 33
[9176] = Z 8
[9177] = CNOT 8 33
[9178] = CNOT 8 34
[9179] = Z 8
[9180] = CNOT 8 34
[9181] = CNOT 8 35
[9182] = Z 8
[9183] = CNOT 8 35
[9184] = CNOT 8 36
[9185] = Z 8
[9186] = CNOT 8 36
[9187] = CNOT 8 37
[9188] = Z 8
[9189] = CNOT 8 37
[9190] = CNOT 8 18
[9191] = CNOT 8 19
[9192] = CNOT 8 20
[9193] = Z 8
[9194] = CNOT 8 20
[9195] = CNOT 8 22
[9196] = S 8
[9197] = Z 8
[9198] = CNOT 8 22
[9199] = CNOT 8 32
[9200] = S 8
[9201] = CNOT 8 32
[9202] = CNOT 8 33
[9203] = S 8
[9204] = CNOT 8 33
[9205] = CNOT 8 34
[9206] = S 8
[9207] = CNOT 8 34
[9208] = CNOT 8 35
[9209] = S 8
[9210] = CNOT 8 35
[9211] = CNOT 8 36
[9212] = S 8
[9213] = CNOT 8 36
[9214] = CNOT 8 37
[9215] = S 8
[9216] = CNOT 8 37
[9217] = CNOT 8 19
[9218] = CNOT 8 20
[9219] = CNOT 8 21
[9220] = S 8
[9221] = CNOT 8 21
[9222] = CNOT 8 22
[9223] = S 8
[9224] = Z 8
[9225] = CNOT 8 22
[9226] = CNOT 8 23
[9227] = S 8
[9228] = Z 8
[9229] = CNOT 8 23
[9230] = CNOT 8 32
[9231] = S 8
[9232] = CNOT 8 32
[9233] = CNOT 8 33
[9234] = Z 8
[9235] = CNOT 8 33
[9236] = CNOT 8 35
[9237] = Z 8
[9238] = CNOT 8 35
[9239] = CNOT 8 36
[9240] = Z 8
[9241] = CNOT 8 36
[9242] = CNOT 8 37
[9243] = Z 8
[9244] = CNOT 8 37
[9245] = CNOT 8 38
[9246] = S 8
[9247] = CNOT 8 38
[9248] = CNOT 8 39
[9249] = Z 8
[9250] = CNOT 8 39
[9251] = CNOT 8 20
[9252] = CNOT 8 21
[9253] = CNOT 8 32
[9254] = S 8
[9255] = CNOT 8 32
[9256] = CNOT 8 33
[9257] = S 8
[9258] = CNOT 8 33
[9259] = CNOT 8 34
[9260] = S 8
[9261] = CNOT 8 34
[9262] = CNOT 8 35
[9263] = S 8
[9264] = CNOT 8 35
[9265] = CNOT 8 36
[9266] = S 8
[9267] = CNOT 8 36
[9268] = CNOT 8 37
[9269] = S 8
[9270] = CNOT 8 37
[9271] = CNOT 8 21
[9272] = CNOT 8 22
[9273] = CNOT 8 32
[9274] = Z 8
[9275] = CNOT 8 32
[9276] = CNOT 8 33
[9277] = Z 8
[9278] = CNOT 8 33
[9279] = CNOT 8 34
[9280] = Z 8
[9281] = CNOT 8 34
[9282] = CNOT 8 35
[9283] = Z 8
[9284] = CNOT 8 35
[9285] = CNOT 8 36
[9286] = Z 8
[9287] = CNOT 8 36
[9288] = CNOT 8 37
[9289] = Z 8
[9290] = CNOT 8 37
[9291] = CNOT 8 22
[9292] = CNOT 8 23
[9293] = CNOT 8 32
[9294] = S 8
[9295] = Z 8
[9296] = CNOT 8 32
[9297] = CNOT 8 33
[9298] = S 8
[9299] = Z 8
[9300] = CNOT 8 33
[9301] = CNOT 8 34
[9302] = S 8
[9303] = Z 8
[9304] = CNOT 8 34
[9305] = CNOT 8 35
[9306] = S 8
[9307] = Z 8
[9308] = CNOT 8 35
[9309] = CNOT 8 36
[9310] = S 8
[9311] = Z 8
[9312] = CNOT 8 36
[9313] = CNOT 8 37
[9314] = S 8
[9315] = Z 8
[9316] = CNOT 8 37
[9317] = CNOT 8 23
[9318] = CNOT 8 32
[9319] = CNOT 8 33
[9320] = S 8
[9321] = CNOT 8 33
[9322] = CNOT 8 34
[9323] = S 8
[9324] = CNOT 8 34
[9325] = CNOT 8 35
[9326] = S 8
[9327] = CNOT 8 35
[9328] = CNOT 8 36
[9329] = S 8
[9330] = CNOT 8 36
[9331] = CNOT 8 37
[9332] = S 8
[9333] = CNOT 8 37
[9334] = CNOT 8 39
[9335] = S 8
[9336] = Z 8
[9337] = CNOT 8 39
[9338] = CNOT 8 32
[9339] = CNOT 8 33
[9340] = CNOT 8 35
[9341] = Z 8
[9342] = CNOT 8 35
[9343] = CNOT 8 36
[9344] = Z 8
[9345] = CNOT 8 36
[9346] = CNOT 8 37
[9347] = Z 8
[9348] = CNOT 8 37
[9349] = CNOT 8 38
[9350] = S 8
[9351] = CNOT 8 38
[9352] = CNOT 8 39
[9353] = Z 8
[9354] = CNOT 8 39
[9355] = CNOT 8 33
[9356] = CNOT 8 34
[9357] = CNOT 8 37
[9358] = Z 8
[9359] = CNOT 8 37
[9360] = CNOT 8 38
[9361] = S 8
[9362] = CNOT 8 38
[9363] = CNOT 8 34
[9364] = CNOT 8 35
[9365] = CNOT 8 36
[9366] = Z 8
[9367] = CNOT 8 36
[9368] = CNOT 8 37
[9369] = Z 8
[9370] = CNOT 8 37
[9371] = CNOT 8 38
[9372] = S 8
[9373] = CNOT 8 38
[9374] = CNOT 8 39
[9375] = Z 8
[9376] = CNOT 8 39
[9377] = CNOT 8 35
[9378] = CNOT 8 36
[9379] = CNOT 8 37
[9380] = Z 8
[9381] = CNOT 8 37
[9382] = CNOT 8 38
[9383] = S 8
[9384] = CNOT 8 38
[9385] = CNOT 8 39
[9386] = Z 8
[9387] = CNOT 8 36
[9388] = CNOT 8 37
[9389] = S 8
[9390] = Z 8
[9391] = CNOT 8 37
[9392] = CNOT 8 38
[9393] = Z 8
[9394] = CNOT 8 39
[9395] = CNOT 8 38
[9396] = CNOT 9 10
[9397] = CNOT 9 12
[9398] = S 9
[9399] = CNOT 9 12
[9400] = CNOT 9 15
[9401] = S 9
[9402] = CNOT 9 15
[9403] = CNOT 9 17
[9404] = S 9
[9405] = CNOT 9 17
[9406] = CNOT 9 20
[9407] = S 9
[9408] = CNOT 9 20
[9409] = CNOT 9 32
[9410] = Z 9
[9411] = CNOT 9 32
[9412] = CNOT 9 33
[9413] = S 9
[9414] = CNOT 9 33
[9415] = CNOT 9 35
[9416] = S 9
[9417] = CNOT 9 35
[9418] = CNOT 9 36
[9419] = Z 9
[9420] = CNOT 9 36
[9421] = CNOT 9 37
[9422] = S 9
[9423] = CNOT 9 37
[9424] = CNOT 9 38
[9425] = Z 9
[9426] = CNOT 9 38
[9427] = CNOT 9 39
[9428] = S 9
[9429] = Z 9
[9430] = CNOT 9 39
[9431] = CNOT 9 10
[9432] = CNOT 9 11
[9433] = CNOT 9 12
[9434] = S 9
[9435] = CNOT 9 12
[9436] = CNOT 9 15
[9437] = S 9
[9438] = CNOT 9 15
[9439] = CNOT 9 17
[9440] = S 9
[9441] = CNOT 9 17
[9442] = CNOT 9 20
[9443] = S 9
[9444] = CNOT 9 20
[9445] = CNOT 9 32
[9446] = S 9
[9447] = CNOT 9 32
[9448] = CNOT 9 33
[9449] = S 9
[9450] = Z 9
[9451] = CNOT 9 33
[9452] = CNOT 9 35
[9453] = Z 9
[9454] = CNOT 9 35
[9455] = CNOT 9 37
[9456] = S 9
[9457] = CNOT 9 37
[9458] = CNOT 9 38
[9459] = S 9
[9460] = CNOT 9 38
[9461] = CNOT 9 11
[9462] = CNOT 9 12
[9463] = CNOT 9 15
[9464] = Z 9
[9465] = CNOT 9 15
[9466] = CNOT 9 17
[9467] = Z 9
[9468] = CNOT 9 17
[9469] = CNOT 9 20
[9470] = Z 9
[9471] = CNOT 9 20
[9472] = CNOT 9 32
[9473] = S 9
[9474] = Z 9
[9475] = CNOT 9 32
[9476] = CNOT 9 35
[9477] = S 9
[9478] = Z 9
[9479] = CNOT 9 35
[9480] = CNOT 9 36
[9481] = Z 9
[9482] = CNOT 9 36
[9483] = CNOT 9 37
[9484] = Z 9
[9485] = CNOT 9 37
[9486] = CNOT 9 38
[9487] = S 9
[9488] = Z 9
[9489] = CNOT 9 38
[9490] = CNOT 9 39
[9491] = S 9
[9492] = Z 9
[9493] = CNOT 9 39
[9494] = CNOT 9 12
[9495] = CNOT 9 15
[9496] = CNOT 9 17
[9497] = Z 9
[9498] = CNOT 9 17
[9499] = CNOT 9 20
[9500] = Z 9
[9501] = CNOT 9 20
[9502] = CNOT 9 32
[9503] = S 9
[9504] = Z 9
[9505] = CNOT 9 32
[9506] = CNOT 9 35
[9507] = S 9
[9508] = Z 9
[9509] = CNOT 9 35
[9510] = CNOT 9 36
[9511] = Z 9
[9512] = CNOT 9 36
[9513] = CNOT 9 37
[9514] = Z 9
[9515] = CNOT 9 37
[9516] = CNOT 9 38
[9517] = S 9
[9518] = Z 9
[9519] = CNOT 9 38
[9520] = CNOT 9 39
[9521] = S 9
[9522] = Z 9
[9523] = CNOT 9 39
[9524] = CNOT 9 15
[9525] = CNOT 9 17
[9526] = CNOT 9 20
[9527] = Z 9
[9528] = CNOT 9 20
[9529] = CNOT 9 32
[9530] = S 9
[9531] = Z 9
[9532] = CNOT 9 32
[9533] = CNOT 9 35
[9534] = S 9
[9535] = Z 9
[9536] = CNOT 9 35
[9537] = CNOT 9 36
[9538] = Z 9
[9539] = CNOT 9 36
[9540] = CNOT 9 37
[9541] = Z 9
[9542] = CNOT 9 37
[9543] = CNOT 9 38
[9544] = S 9
[9545] = Z 9
[9546] = CNOT 9 38
[9547] = CNOT 9 39
[9548] = S 9
[9549] = Z 9
[9550] = CNOT 9 39
[9551] = CNOT 9 17
[9552] = CNOT 9 20
[9553] = CNOT 9 32
[9554] = S 9
[9555] = Z 9
[9556] = CNOT 9 32
[9557] = CNOT 9 35
[9558] = S 9
[9559] = Z 9
[9560] = CNOT 9 35
[9561] = CNOT 9 36
[9562] = Z 9
[9563] = CNOT 9 36
[9564] = CNOT 9 37
[9565] = Z 9
[9566] = CNOT 9 37
[9567] = CNOT 9 38
[9568] = S 9
[9569] = Z 9
[9570] = CNOT 9 38
[9571] = CNOT 9 39
[9572] = S 9
[9573] = Z 9
[9574] = CNOT 9 39
[9575] = CNOT 9 20
[9576] = CNOT 9 32
[9577] = CNOT 9 33
[9578] = S 9
[9579] = CNOT 9 33
[9580] = CNOT 9 34
[9581] = Z 9
[9582] = CNOT 9 34
[9583] = CNOT 9 36
[9584] = S 9
[9585] = Z 9
[9586] = CNOT 9 36
[9587] = CNOT 9 37
[9588] = S 9
[9589] = Z 9
[9590] = CNOT 9 37
[9591] = CNOT 9 38
[9592] = S 9
[9593] = CNOT 9 38
[9594] = CNOT 9 32
[9595] = CNOT 9 33
[9596] = CNOT 9 36
[9597] = Z 9
[9598] = CNOT 9 36
[9599] = CNOT 9 38
[9600] = S 9
[9601] = CNOT 9 38
[9602] = CNOT 9 39
[9603] = S 9
[9604] = Z 9
[9605] = CNOT 9 39
[9606] = CNOT 9 33
[9607] = CNOT 9 34
[9608] = CNOT 9 36
[9609] = S 9
[9610] = CNOT 9 36
[9611] = CNOT 9 37
[9612] = S 9
[9613] = CNOT 9 37
[9614] = CNOT 9 34
[9615] = CNOT 9 35
[9616] = CNOT 9 36
[9617] = Z 9
[9618] = CNOT 9 36
[9619] = CNOT 9 37
[9620] = S 9
[9621] = Z 9
[9622] = CNOT 9 37
[9623] = CNOT 9 39
[9624] = S 9
[9625] = Z 9
[9626] = CNOT 9 39
[9627] = CNOT 9 35
[9628] = CNOT 9 36
[9629] = CNOT 9 37
[9630] = Z 9
[9631] = CNOT 9 37
[9632] = CNOT 9 38
[9633] = Z 9
[9634] = CNOT 9 38
[9635] = CNOT 9 39
[9636] = S 9
[9637] = Z 9
[9638] = CNOT 9 39
[9639] = CNOT 9 36
[9640] = CNOT 9 37
[9641] = CNOT 9 38
[9642] = S 9
[9643] = CNOT 9 37
[9644] = CNOT 9 39
[9645] = S 9
[9646] = Z 9
[9647] = CNOT 9 39
[9648] = CNOT 9 38
[9649] = CNOT 10 11
[9650] = CNOT 10 13
[9651] = S 10
[9652] = Z 10
[9653] = CNOT 10 13
[9654] = CNOT 10 14
[9655] = S 10
[9656] = Z 10
[9657] = CNOT 10 14
[9658] = CNOT 10 15
[9659] = Z 10
[9660] = CNOT 10 15
[9661] = CNOT 10 16
[9662] = S 10
[9663] = CNOT 10 16
[9664] = CNOT 10 17
[9665] = S 10
[9666] = Z 10
[9667] = CNOT 10 17
[9668] = CNOT 10 19
[9669] = S 10
[9670] = CNOT 10 19
[9671] = CNOT 10 22
[9672] = S 10
[9673] = Z 10
[9674] = CNOT 10 22
[9675] = CNOT 10 32
[9676] = S 10
[9677] = CNOT 10 32
[9678] = CNOT 10 33
[9679] = S 10
[9680] = Z 10
[9681] = CNOT 10 33
[9682] = CNOT 10 34
[9683] = S 10
[9684] = Z 10
[9685] = CNOT 10 34
[9686] = CNOT 10 35
[9687] = Z 10
[9688] = CNOT 10 35
[9689] = CNOT 10 36
[9690] = S 10
[9691] = Z 10
[9692] = CNOT 10 36
[9693] = CNOT 10 37
[9694] = S 10
[9695] = Z 10
[9696] = CNOT 10 37
[9697] = CNOT 10 38
[9698] = S 10
[9699] = CNOT 10 38
[9700] = CNOT 10 11
[9701] = CNOT 10 12
[9702] = CNOT 10 13
[9703] = S 10
[9704] = CNOT 10 13
[9705] = CNOT 10 14
[9706] = S 10
[9707] = Z 10
[9708] = CNOT 10 14
[9709] = CNOT 10 15
[9710] = S 10
[9711] = Z 10
[9712] = CNOT 10 15
[9713] = CNOT 10 16
[9714] = S 10
[9715] = CNOT 10 16
[9716] = CNOT 10 17
[9717] = S 10
[9718] = CNOT 10 17
[9719] = CNOT 10 18
[9720] = S 10
[9721] = Z 10
[9722] = CNOT 10 18
[9723] = CNOT 10 19
[9724] = Z 10
[9725] = CNOT 10 19
[9726] = CNOT 10 22
[9727] = S 10
[9728] = CNOT 10 22
[9729] = CNOT 10 23
[9730] = Z 10
[9731] = CNOT 10 23
[9732] = CNOT 10 32
[9733] = S 10
[9734] = Z 10
[9735] = CNOT 10 32
[9736] = CNOT 10 33
[9737] = S 10
[9738] = CNOT 10 33
[9739] = CNOT 10 36
[9740] = S 10
[9741] = Z 10
[9742] = CNOT 10 36
[9743] = CNOT 10 37
[9744] = Z 10
[9745] = CNOT 10 37
[9746] = CNOT 10 39
[9747] = S 10
[9748] = CNOT 10 39
[9749] = CNOT 10 12
[9750] = CNOT 10 13
[9751] = CNOT 10 14
[9752] = Z 10
[9753] = CNOT 10 14
[9754] = CNOT 10 16
[9755] = Z 10
[9756] = CNOT 10 16
[9757] = CNOT 10 17
[9758] = S 10
[9759] = CNOT 10 17
[9760] = CNOT 10 18
[9761] = S 10
[9762] = Z 10
[9763] = CNOT 10 18
[9764] = CNOT 10 22
[9765] = S 10
[9766] = CNOT 10 22
[9767] = CNOT 10 32
[9768] = S 10
[9769] = Z 10
[9770] = CNOT 10 32
[9771] = CNOT 10 33
[9772] = S 10
[9773] = CNOT 10 33
[9774] = CNOT 10 34
[9775] = S 10
[9776] = CNOT 10 34
[9777] = CNOT 10 35
[9778] = S 10
[9779] = CNOT 10 35
[9780] = CNOT 10 36
[9781] = S 10
[9782] = Z 10
[9783] = CNOT 10 36
[9784] = CNOT 10 38
[9785] = Z 10
[9786] = CNOT 10 38
[9787] = CNOT 10 13
[9788] = CNOT 10 14
[9789] = CNOT 10 15
[9790] = S 10
[9791] = Z 10
[9792] = CNOT 10 15
[9793] = CNOT 10 16
[9794] = S 10
[9795] = Z 10
[9796] = CNOT 10 16
[9797] = CNOT 10 17
[9798] = Z 10
[9799] = CNOT 10 17
[9800] = CNOT 10 18
[9801] = Z 10
[9802] = CNOT 10 18
[9803] = CNOT 10 19
[9804] = S 10
[9805] = CNOT 10 19
[9806] = CNOT 10 20
[9807] = Z 10
[9808] = CNOT 10 20
[9809] = CNOT 10 21
[9810] = S 10
[9811] = CNOT 10 21
[9812] = CNOT 10 32
[9813] = S 10
[9814] = Z 10
[9815] = CNOT 10 32
[9816] = CNOT 10 37
[9817] = Z 10
[9818] = CNOT 10 37
[9819] = CNOT 10 39
[9820] = S 10
[9821] = Z 10
[9822] = CNOT 10 39
[9823] = CNOT 10 14
[9824] = CNOT 10 15
[9825] = CNOT 10 16
[9826] = Z 10
[9827] = CNOT 10 16
[9828] = CNOT 10 17
[9829] = Z 10
[9830] = CNOT 10 17
[9831] = CNOT 10 18
[9832] = Z 10
[9833] = CNOT 10 18
[9834] = CNOT 10 20
[9835] = Z 10
[9836] = CNOT 10 20
[9837] = CNOT 10 21
[9838] = S 10
[9839] = CNOT 10 21
[9840] = CNOT 10 22
[9841] = Z 10
[9842] = CNOT 10 22
[9843] = CNOT 10 23
[9844] = Z 10
[9845] = CNOT 10 23
[9846] = CNOT 10 32
[9847] = Z 10
[9848] = CNOT 10 32
[9849] = CNOT 10 34
[9850] = S 10
[9851] = Z 10
[9852] = CNOT 10 34
[9853] = CNOT 10 35
[9854] = S 10
[9855] = Z 10
[9856] = CNOT 10 35
[9857] = CNOT 10 36
[9858] = S 10
[9859] = CNOT 10 36
[9860] = CNOT 10 37
[9861] = S 10
[9862] = CNOT 10 37
[9863] = CNOT 10 38
[9864] = S 10
[9865] = Z 10
[9866] = CNOT 10 38
[9867] = CNOT 10 15
[9868] = CNOT 10 16
[9869] = CNOT 10 17
[9870] = S 10
[9871] = Z 10
[9872] = CNOT 10 17
[9873] = CNOT 10 21
[9874] = Z 10
[9875] = CNOT 10 21
[9876] = CNOT 10 22
[9877] = Z 10
[9878] = CNOT 10 22
[9879] = CNOT 10 23
[9880] = S 10
[9881] = Z 10
[9882] = CNOT 10 23
[9883] = CNOT 10 33
[9884] = Z 10
[9885] = CNOT 10 33
[9886] = CNOT 10 34
[9887] = Z 10
[9888] = CNOT 10 34
[9889] = CNOT 10 35
[9890] = Z 10
[9891] = CNOT 10 35
[9892] = CNOT 10 38
[9893] = Z 10
[9894] = CNOT 10 38
[9895] = CNOT 10 39
[9896] = S 10
[9897] = CNOT 10 39
[9898] = CNOT 10 16
[9899] = CNOT 10 17
[9900] = CNOT 10 19
[9901] = Z 10
[9902] = CNOT 10 19
[9903] = CNOT 10 20
[9904] = S 10
[9905] = CNOT 10 20
[9906] = CNOT 10 23
[9907] = Z 10
[9908] = CNOT 10 23
[9909] = CNOT 10 32
[9910] = Z 10
[9911] = CNOT 10 32
[9912] = CNOT 10 33
[9913] = Z 10
[9914] = CNOT 10 33
[9915] = CNOT 10 35
[9916] = S 10
[9917] = CNOT 10 35
[9918] = CNOT 10 36
[9919] = S 10
[9920] = Z 10
[9921] = CNOT 10 36
[9922] = CNOT 10 37
[9923] = S 10
[9924] = CNOT 10 37
[9925] = CNOT 10 38
[9926] = S 10
[9927] = Z 10
[9928] = CNOT 10 38
[9929] = CNOT 10 39
[9930] = S 10
[9931] = Z 10
[9932] = CNOT 10 39
[9933] = CNOT 10 17
[9934] = CNOT 10 18
[9935] = CNOT 10 19
[9936] = Z 10
[9937] = CNOT 10 19
[9938] = CNOT 10 20
[9939] = S 10
[9940] = Z 10
[9941] = CNOT 10 20
[9942] = CNOT 10 22
[9943] = S 10
[9944] = CNOT 10 22
[9945] = CNOT 10 18
[9946] = CNOT 10 19
[9947] = CNOT 10 20
[9948] = Z 10
[9949] = CNOT 10 20
[9950] = CNOT 10 22
[9951] = Z 10
[9952] = CNOT 10 22
[9953] = CNOT 10 32
[9954] = S 10
[9955] = Z 10
[9956] = CNOT 10 32
[9957] = CNOT 10 33
[9958] = S 10
[9959] = Z 10
[9960] = CNOT 10 33
[9961] = CNOT 10 34
[9962] = S 10
[9963] = Z 10
[9964] = CNOT 10 34
[9965] = CNOT 10 35
[9966] = S 10
[9967] = Z 10
[9968] = CNOT 10 35
[9969] = CNOT 10 36
[9970] = S 10
[9971] = Z 10
[9972] = CNOT 10 36
[9973] = CNOT 10 37
[9974] = S 10
[9975] = Z 10
[9976] = CNOT 10 37
[9977] = CNOT 10 19
[9978] = CNOT 10 20
[9979] = CNOT 10 22
[9980] = Z 10
[9981] = CNOT 10 22
[9982] = CNOT 10 23
[9983] = Z 10
[9984] = CNOT 10 23
[9985] = CNOT 10 32
[9986] = S 10
[9987] = Z 10
[9988] = CNOT 10 32
[9989] = CNOT 10 33
[9990] = Z 10
[9991] = CNOT 10 33
[9992] = CNOT 10 34
[9993] = S 10
[9994] = CNOT 10 34
[9995] = CNOT 10 35
[9996] = S 10
[9997] = CNOT 10 35
[9998] = CNOT 10 36
[9999] = S 10
[10000] = Z 10
[10001] = CNOT 10 36
[10002] = CNOT 10 37
[10003] = Z 10
[10004] = CNOT 10 37
[10005] = CNOT 10 38
[10006] = Z 10
[10007] = CNOT 10 38
[10008] = CNOT 10 39
[10009] = S 10
[10010] = Z 10
[10011] = CNOT 10 39
[10012] = CNOT 10 20
[10013] = CNOT 10 22
[10014] = CNOT 10 32
[10015] = S 10
[10016] = Z 10
[10017] = CNOT 10 32
[10018] = CNOT 10 33
[10019] = S 10
[10020] = Z 10
[10021] = CNOT 10 33
[10022] = CNOT 10 34
[10023] = S 10
[10024] = Z 10
[10025] = CNOT 10 34
[10026] = CNOT 10 35
[10027] = S 10
[10028] = Z 10
[10029] = CNOT 10 35
[10030] = CNOT 10 36
[10031] = S 10
[10032] = Z 10
[10033] = CNOT 10 36
[10034] = CNOT 10 37
[10035] = S 10
[10036] = Z 10
[10037] = CNOT 10 37
[10038] = CNOT 10 22
[10039] = CNOT 10 23
[10040] = CNOT 10 32
[10041] = Z 10
[10042] = CNOT 10 32
[10043] = CNOT 10 33
[10044] = Z 10
[10045] = CNOT 10 33
[10046] = CNOT 10 34
[10047] = Z 10
[10048] = CNOT 10 34
[10049] = CNOT 10 35
[10050] = Z 10
[10051] = CNOT 10 35
[10052] = CNOT 10 36
[10053] = Z 10
[10054] = CNOT 10 36
[10055] = CNOT 10 37
[10056] = Z 10
[10057] = CNOT 10 37
[10058] = CNOT 10 23
[10059] = CNOT 10 32
[10060] = CNOT 10 33
[10061] = S 10
[10062] = CNOT 10 33
[10063] = CNOT 10 34
[10064] = Z 10
[10065] = CNOT 10 34
[10066] = CNOT 10 36
[10067] = Z 10
[10068] = CNOT 10 36
[10069] = CNOT 10 37
[10070] = S 10
[10071] = Z 10
[10072] = CNOT 10 37
[10073] = CNOT 10 32
[10074] = CNOT 10 33
[10075] = CNOT 10 34
[10076] = S 10
[10077] = Z 10
[10078] = CNOT 10 34
[10079] = CNOT 10 36
[10080] = S 10
[10081] = Z 10
[10082] = CNOT 10 36
[10083] = CNOT 10 38
[10084] = Z 10
[10085] = CNOT 10 38
[10086] = CNOT 10 39
[10087] = S 10
[10088] = CNOT 10 39
[10089] = CNOT 10 33
[10090] = CNOT 10 34
[10091] = CNOT 10 35
[10092] = S 10
[10093] = Z 10
[10094] = CNOT 10 35
[10095] = CNOT 10 36
[10096] = S 10
[10097] = CNOT 10 36
[10098] = CNOT 10 37
[10099] = S 10
[10100] = CNOT 10 37
[10101] = CNOT 10 38
[10102] = S 10
[10103] = Z 10
[10104] = CNOT 10 38
[10105] = CNOT 10 39
[10106] = S 10
[10107] = Z 10
[10108] = CNOT 10 39
[10109] = CNOT 10 34
[10110] = CNOT 10 35
[10111] = CNOT 10 36
[10112] = S 10
[10113] = Z 10
[10114] = CNOT 10 36
[10115] = CNOT 10 37
[10116] = S 10
[10117] = Z 10
[10118] = CNOT 10 37
[10119] = CNOT 10 38
[10120] = S 10
[10121] = CNOT 10 38
[10122] = CNOT 10 39
[10123] = S 10
[10124] = CNOT 10 39
[10125] = CNOT 10 35
[10126] = CNOT 10 36
[10127] = CNOT 10 37
[10128] = S 10
[10129] = CNOT 10 37
[10130] = CNOT 10 38
[10131] = S 10
[10132] = CNOT 10 38
[10133] = CNOT 10 39
[10134] = S 10
[10135] = Z 10
[10136] = CNOT 10 36
[10137] = CNOT 10 37
[10138] = Z 10
[10139] = CNOT 10 39
[10140] = CNOT 10 37
[10141] = CNOT 11 12
[10142] = CNOT 11 13
[10143] = S 11
[10144] = CNOT 11 13
[10145] = CNOT 11 14
[10146] = S 11
[10147] = CNOT 11 14
[10148] = CNOT 11 15
[10149] = Z 11
[10150] = CNOT 11 15
[10151] = CNOT 11 16
[10152] = S 11
[10153] = CNOT 11 16
[10154] = CNOT 11 17
[10155] = S 11
[10156] = CNOT 11 17
[10157] = CNOT 11 18
[10158] = S 11
[10159] = CNOT 11 18
[10160] = CNOT 11 20
[10161] = S 11
[10162] = CNOT 11 20
[10163] = CNOT 11 22
[10164] = S 11
[10165] = CNOT 11 22
[10166] = CNOT 11 35
[10167] = S 11
[10168] = CNOT 11 35
[10169] = CNOT 11 36
[10170] = S 11
[10171] = CNOT 11 36
[10172] = CNOT 11 38
[10173] = S 11
[10174] = CNOT 11 38
[10175] = CNOT 11 39
[10176] = S 11
[10177] = Z 11
[10178] = CNOT 11 39
[10179] = CNOT 11 12
[10180] = CNOT 11 13
[10181] = CNOT 11 14
[10182] = Z 11
[10183] = CNOT 11 14
[10184] = CNOT 11 17
[10185] = S 11
[10186] = CNOT 11 17
[10187] = CNOT 11 19
[10188] = S 11
[10189] = CNOT 11 19
[10190] = CNOT 11 20
[10191] = Z 11
[10192] = CNOT 11 20
[10193] = CNOT 11 22
[10194] = S 11
[10195] = CNOT 11 22
[10196] = CNOT 11 32
[10197] = S 11
[10198] = CNOT 11 32
[10199] = CNOT 11 33
[10200] = S 11
[10201] = CNOT 11 33
[10202] = CNOT 11 34
[10203] = S 11
[10204] = CNOT 11 34
[10205] = CNOT 11 35
[10206] = S 11
[10207] = CNOT 11 35
[10208] = CNOT 11 36
[10209] = S 11
[10210] = CNOT 11 36
[10211] = CNOT 11 37
[10212] = S 11
[10213] = Z 11
[10214] = CNOT 11 37
[10215] = CNOT 11 13
[10216] = CNOT 11 14
[10217] = CNOT 11 15
[10218] = Z 11
[10219] = CNOT 11 15
[10220] = CNOT 11 18
[10221] = Z 11
[10222] = CNOT 11 18
[10223] = CNOT 11 19
[10224] = S 11
[10225] = CNOT 11 19
[10226] = CNOT 11 20
[10227] = Z 11
[10228] = CNOT 11 20
[10229] = CNOT 11 32
[10230] = S 11
[10231] = Z 11
[10232] = CNOT 11 32
[10233] = CNOT 11 33
[10234] = Z 11
[10235] = CNOT 11 33
[10236] = CNOT 11 34
[10237] = S 11
[10238] = Z 11
[10239] = CNOT 11 34
[10240] = CNOT 11 35
[10241] = Z 11
[10242] = CNOT 11 35
[10243] = CNOT 11 36
[10244] = Z 11
[10245] = CNOT 11 36
[10246] = CNOT 11 37
[10247] = S 11
[10248] = Z 11
[10249] = CNOT 11 37
[10250] = CNOT 11 38
[10251] = S 11
[10252] = Z 11
[10253] = CNOT 11 38
[10254] = CNOT 11 14
[10255] = CNOT 11 15
[10256] = CNOT 11 17
[10257] = S 11
[10258] = Z 11
[10259] = CNOT 11 17
[10260] = CNOT 11 18
[10261] = S 11
[10262] = Z 11
[10263] = CNOT 11 18
[10264] = CNOT 11 19
[10265] = Z 11
[10266] = CNOT 11 19
[10267] = CNOT 11 20
[10268] = S 11
[10269] = CNOT 11 20
[10270] = CNOT 11 22
[10271] = Z 11
[10272] = CNOT 11 22
[10273] = CNOT 11 32
[10274] = S 11
[10275] = Z 11
[10276] = CNOT 11 32
[10277] = CNOT 11 33
[10278] = Z 11
[10279] = CNOT 11 33
[10280] = CNOT 11 34
[10281] = Z 11
[10282] = CNOT 11 34
[10283] = CNOT 11 35
[10284] = S 11
[10285] = CNOT 11 35
[10286] = CNOT 11 36
[10287] = S 11
[10288] = Z 11
[10289] = CNOT 11 36
[10290] = CNOT 11 38
[10291] = Z 11
[10292] = CNOT 11 38
[10293] = CNOT 11 39
[10294] = Z 11
[10295] = CNOT 11 39
[10296] = CNOT 11 15
[10297] = CNOT 11 16
[10298] = CNOT 11 18
[10299] = S 11
[10300] = CNOT 11 18
[10301] = CNOT 11 19
[10302] = S 11
[10303] = CNOT 11 19
[10304] = CNOT 11 20
[10305] = Z 11
[10306] = CNOT 11 20
[10307] = CNOT 11 22
[10308] = Z 11
[10309] = CNOT 11 22
[10310] = CNOT 11 32
[10311] = S 11
[10312] = CNOT 11 32
[10313] = CNOT 11 33
[10314] = S 11
[10315] = CNOT 11 33
[10316] = CNOT 11 34
[10317] = S 11
[10318] = CNOT 11 34
[10319] = CNOT 11 35
[10320] = S 11
[10321] = CNOT 11 35
[10322] = CNOT 11 36
[10323] = S 11
[10324] = CNOT 11 36
[10325] = CNOT 11 37
[10326] = S 11
[10327] = CNOT 11 37
[10328] = CNOT 11 16
[10329] = CNOT 11 17
[10330] = CNOT 11 18
[10331] = Z 11
[10332] = CNOT 11 18
[10333] = CNOT 11 19
[10334] = S 11
[10335] = CNOT 11 19
[10336] = CNOT 11 20
[10337] = S 11
[10338] = Z 11
[10339] = CNOT 11 20
[10340] = CNOT 11 34
[10341] = S 11
[10342] = Z 11
[10343] = CNOT 11 34
[10344] = CNOT 11 35
[10345] = S 11
[10346] = Z 11
[10347] = CNOT 11 35
[10348] = CNOT 11 36
[10349] = S 11
[10350] = CNOT 11 36
[10351] = CNOT 11 37
[10352] = S 11
[10353] = CNOT 11 37
[10354] = CNOT 11 38
[10355] = S 11
[10356] = Z 11
[10357] = CNOT 11 38
[10358] = CNOT 11 39
[10359] = Z 11
[10360] = CNOT 11 39
[10361] = CNOT 11 17
[10362] = CNOT 11 18
[10363] = CNOT 11 19
[10364] = S 11
[10365] = Z 11
[10366] = CNOT 11 19
[10367] = CNOT 11 20
[10368] = Z 11
[10369] = CNOT 11 20
[10370] = CNOT 11 22
[10371] = S 11
[10372] = CNOT 11 22
[10373] = CNOT 11 33
[10374] = S 11
[10375] = Z 11
[10376] = CNOT 11 33
[10377] = CNOT 11 35
[10378] = S 11
[10379] = Z 11
[10380] = CNOT 11 35
[10381] = CNOT 11 36
[10382] = S 11
[10383] = Z 11
[10384] = CNOT 11 36
[10385] = CNOT 11 38
[10386] = S 11
[10387] = Z 11
[10388] = CNOT 11 38
[10389] = CNOT 11 18
[10390] = CNOT 11 19
[10391] = CNOT 11 20
[10392] = Z 11
[10393] = CNOT 11 20
[10394] = CNOT 11 22
[10395] = Z 11
[10396] = CNOT 11 22
[10397] = CNOT 11 32
[10398] = S 11
[10399] = CNOT 11 32
[10400] = CNOT 11 33
[10401] = S 11
[10402] = Z 11
[10403] = CNOT 11 33
[10404] = CNOT 11 34
[10405] = S 11
[10406] = CNOT 11 34
[10407] = CNOT 11 35
[10408] = S 11
[10409] = Z 11
[10410] = CNOT 11 35
[10411] = CNOT 11 36
[10412] = S 11
[10413] = Z 11
[10414] = CNOT 11 36
[10415] = CNOT 11 37
[10416] = S 11
[10417] = CNOT 11 37
[10418] = CNOT 11 38
[10419] = Z 11
[10420] = CNOT 11 38
[10421] = CNOT 11 19
[10422] = CNOT 11 20
[10423] = CNOT 11 22
[10424] = Z 11
[10425] = CNOT 11 22
[10426] = CNOT 11 32
[10427] = S 11
[10428] = CNOT 11 32
[10429] = CNOT 11 35
[10430] = S 11
[10431] = Z 11
[10432] = CNOT 11 35
[10433] = CNOT 11 36
[10434] = S 11
[10435] = CNOT 11 36
[10436] = CNOT 11 37
[10437] = Z 11
[10438] = CNOT 11 37
[10439] = CNOT 11 38
[10440] = Z 11
[10441] = CNOT 11 38
[10442] = CNOT 11 39
[10443] = Z 11
[10444] = CNOT 11 39
[10445] = CNOT 11 20
[10446] = CNOT 11 22
[10447] = CNOT 11 32
[10448] = S 11
[10449] = Z 11
[10450] = CNOT 11 32
[10451] = CNOT 11 33
[10452] = S 11
[10453] = Z 11
[10454] = CNOT 11 33
[10455] = CNOT 11 34
[10456] = S 11
[10457] = Z 11
[10458] = CNOT 11 34
[10459] = CNOT 11 35
[10460] = S 11
[10461] = Z 11
[10462] = CNOT 11 35
[10463] = CNOT 11 36
[10464] = S 11
[10465] = Z 11
[10466] = CNOT 11 36
[10467] = CNOT 11 37
[10468] = S 11
[10469] = Z 11
[10470] = CNOT 11 37
[10471] = CNOT 11 22
[10472] = CNOT 11 32
[10473] = CNOT 11 33
[10474] = S 11
[10475] = Z 11
[10476] = CNOT 11 33
[10477] = CNOT 11 34
[10478] = S 11
[10479] = CNOT 11 34
[10480] = CNOT 11 35
[10481] = Z 11
[10482] = CNOT 11 35
[10483] = CNOT 11 37
[10484] = S 11
[10485] = Z 11
[10486] = CNOT 11 37
[10487] = CNOT 11 39
[10488] = Z 11
[10489] = CNOT 11 39
[10490] = CNOT 11 32
[10491] = CNOT 11 33
[10492] = CNOT 11 34
[10493] = S 11
[10494] = CNOT 11 34
[10495] = CNOT 11 35
[10496] = S 11
[10497] = CNOT 11 35
[10498] = CNOT 11 36
[10499] = S 11
[10500] = Z 11
[10501] = CNOT 11 36
[10502] = CNOT 11 37
[10503] = Z 11
[10504] = CNOT 11 37
[10505] = CNOT 11 38
[10506] = S 11
[10507] = Z 11
[10508] = CNOT 11 38
[10509] = CNOT 11 39
[10510] = Z 11
[10511] = CNOT 11 39
[10512] = CNOT 11 33
[10513] = CNOT 11 34
[10514] = CNOT 11 35
[10515] = S 11
[10516] = CNOT 11 35
[10517] = CNOT 11 36
[10518] = S 11
[10519] = CNOT 11 36
[10520] = CNOT 11 38
[10521] = S 11
[10522] = Z 11
[10523] = CNOT 11 38
[10524] = CNOT 11 39
[10525] = Z 11
[10526] = CNOT 11 39
[10527] = CNOT 11 34
[10528] = CNOT 11 35
[10529] = CNOT 11 36
[10530] = S 11
[10531] = Z 11
[10532] = CNOT 11 36
[10533] = CNOT 11 37
[10534] = S 11
[10535] = Z 11
[10536] = CNOT 11 37
[10537] = CNOT 11 38
[10538] = Z 11
[10539] = CNOT 11 38
[10540] = CNOT 11 39
[10541] = Z 11
[10542] = CNOT 11 39
[10543] = CNOT 11 35
[10544] = CNOT 11 36
[10545] = CNOT 11 37
[10546] = S 11
[10547] = Z 11
[10548] = CNOT 11 37
[10549] = CNOT 11 39
[10550] = Z 11
[10551] = CNOT 11 39
[10552] = CNOT 11 36
[10553] = CNOT 11 37
[10554] = CNOT 11 38
[10555] = Z 11
[10556] = CNOT 11 38
[10557] = CNOT 11 39
[10558] = S 11
[10559] = CNOT 11 39
[10560] = CNOT 11 37
[10561] = CNOT 12 13
[10562] = CNOT 12 14
[10563] = S 12
[10564] = Z 12
[10565] = CNOT 12 14
[10566] = CNOT 12 15
[10567] = Z 12
[10568] = CNOT 12 15
[10569] = CNOT 12 16
[10570] = Z 12
[10571] = CNOT 12 16
[10572] = CNOT 12 17
[10573] = Z 12
[10574] = CNOT 12 17
[10575] = CNOT 12 18
[10576] = S 12
[10577] = CNOT 12 18
[10578] = CNOT 12 19
[10579] = S 12
[10580] = CNOT 12 19
[10581] = CNOT 12 22
[10582] = Z 12
[10583] = CNOT 12 22
[10584] = CNOT 12 32
[10585] = S 12
[10586] = Z 12
[10587] = CNOT 12 32
[10588] = CNOT 12 37
[10589] = S 12
[10590] = CNOT 12 37
[10591] = CNOT 12 39
[10592] = S 12
[10593] = Z 12
[10594] = CNOT 12 39
[10595] = CNOT 12 13
[10596] = CNOT 12 14
[10597] = CNOT 12 16
[10598] = S 12
[10599] = Z 12
[10600] = CNOT 12 16
[10601] = CNOT 12 17
[10602] = S 12
[10603] = Z 12
[10604] = CNOT 12 17
[10605] = CNOT 12 18
[10606] = Z 12
[10607] = CNOT 12 18
[10608] = CNOT 12 20
[10609] = S 12
[10610] = Z 12
[10611] = CNOT 12 20
[10612] = CNOT 12 21
[10613] = S 12
[10614] = CNOT 12 21
[10615] = CNOT 12 32
[10616] = Z 12
[10617] = CNOT 12 32
[10618] = CNOT 12 33
[10619] = S 12
[10620] = CNOT 12 33
[10621] = CNOT 12 34
[10622] = S 12
[10623] = Z 12
[10624] = CNOT 12 34
[10625] = CNOT 12 35
[10626] = S 12
[10627] = CNOT 12 35
[10628] = CNOT 12 36
[10629] = S 12
[10630] = CNOT 12 36
[10631] = CNOT 12 37
[10632] = S 12
[10633] = CNOT 12 37
[10634] = CNOT 12 38
[10635] = Z 12
[10636] = CNOT 12 38
[10637] = CNOT 12 39
[10638] = S 12
[10639] = Z 12
[10640] = CNOT 12 39
[10641] = CNOT 12 14
[10642] = CNOT 12 15
[10643] = CNOT 12 16
[10644] = S 12
[10645] = CNOT 12 16
[10646] = CNOT 12 17
[10647] = Z 12
[10648] = CNOT 12 17
[10649] = CNOT 12 18
[10650] = Z 12
[10651] = CNOT 12 18
[10652] = CNOT 12 19
[10653] = S 12
[10654] = Z 12
[10655] = CNOT 12 19
[10656] = CNOT 12 20
[10657] = S 12
[10658] = CNOT 12 20
[10659] = CNOT 12 21
[10660] = S 12
[10661] = CNOT 12 21
[10662] = CNOT 12 22
[10663] = S 12
[10664] = Z 12
[10665] = CNOT 12 22
[10666] = CNOT 12 23
[10667] = Z 12
[10668] = CNOT 12 23
[10669] = CNOT 12 33
[10670] = Z 12
[10671] = CNOT 12 33
[10672] = CNOT 12 35
[10673] = S 12
[10674] = CNOT 12 35
[10675] = CNOT 12 36
[10676] = S 12
[10677] = CNOT 12 36
[10678] = CNOT 12 37
[10679] = Z 12
[10680] = CNOT 12 37
[10681] = CNOT 12 38
[10682] = S 12
[10683] = Z 12
[10684] = CNOT 12 38
[10685] = CNOT 12 39
[10686] = Z 12
[10687] = CNOT 12 39
[10688] = CNOT 12 15
[10689] = CNOT 12 16
[10690] = CNOT 12 17
[10691] = Z 12
[10692] = CNOT 12 17
[10693] = CNOT 12 20
[10694] = S 12
[10695] = Z 12
[10696] = CNOT 12 20
[10697] = CNOT 12 21
[10698] = Z 12
[10699] = CNOT 12 21
[10700] = CNOT 12 22
[10701] = Z 12
[10702] = CNOT 12 22
[10703] = CNOT 12 23
[10704] = S 12
[10705] = Z 12
[10706] = CNOT 12 23
[10707] = CNOT 12 32
[10708] = S 12
[10709] = Z 12
[10710] = CNOT 12 32
[10711] = CNOT 12 33
[10712] = S 12
[10713] = CNOT 12 33
[10714] = CNOT 12 34
[10715] = S 12
[10716] = CNOT 12 34
[10717] = CNOT 12 35
[10718] = S 12
[10719] = CNOT 12 35
[10720] = CNOT 12 36
[10721] = S 12
[10722] = Z 12
[10723] = CNOT 12 36
[10724] = CNOT 12 37
[10725] = S 12
[10726] = Z 12
[10727] = CNOT 12 37
[10728] = CNOT 12 38
[10729] = Z 12
[10730] = CNOT 12 38
[10731] = CNOT 12 39
[10732] = S 12
[10733] = CNOT 12 39
[10734] = CNOT 12 16
[10735] = CNOT 12 17
[10736] = CNOT 12 19
[10737] = Z 12
[10738] = CNOT 12 19
[10739] = CNOT 12 20
[10740] = Z 12
[10741] = CNOT 12 20
[10742] = CNOT 12 23
[10743] = Z 12
[10744] = CNOT 12 23
[10745] = CNOT 12 33
[10746] = Z 12
[10747] = CNOT 12 33
[10748] = CNOT 12 34
[10749] = S 12
[10750] = CNOT 12 34
[10751] = CNOT 12 35
[10752] = S 12
[10753] = CNOT 12 35
[10754] = CNOT 12 36
[10755] = S 12
[10756] = CNOT 12 36
[10757] = CNOT 12 37
[10758] = Z 12
[10759] = CNOT 12 37
[10760] = CNOT 12 38
[10761] = S 12
[10762] = CNOT 12 38
[10763] = CNOT 12 39
[10764] = S 12
[10765] = CNOT 12 39
[10766] = CNOT 12 17
[10767] = CNOT 12 18
[10768] = CNOT 12 19
[10769] = Z 12
[10770] = CNOT 12 19
[10771] = CNOT 12 22
[10772] = S 12
[10773] = CNOT 12 22
[10774] = CNOT 12 32
[10775] = S 12
[10776] = Z 12
[10777] = CNOT 12 32
[10778] = CNOT 12 33
[10779] = S 12
[10780] = CNOT 12 33
[10781] = CNOT 12 34
[10782] = S 12
[10783] = Z 12
[10784] = CNOT 12 34
[10785] = CNOT 12 35
[10786] = S 12
[10787] = CNOT 12 35
[10788] = CNOT 12 36
[10789] = S 12
[10790] = CNOT 12 36
[10791] = CNOT 12 37
[10792] = S 12
[10793] = Z 12
[10794] = CNOT 12 37
[10795] = CNOT 12 38
[10796] = Z 12
[10797] = CNOT 12 38
[10798] = CNOT 12 18
[10799] = CNOT 12 19
[10800] = CNOT 12 20
[10801] = S 12
[10802] = Z 12
[10803] = CNOT 12 20
[10804] = CNOT 12 22
[10805] = S 12
[10806] = Z 12
[10807] = CNOT 12 22
[10808] = CNOT 12 32
[10809] = Z 12
[10810] = CNOT 12 32
[10811] = CNOT 12 34
[10812] = Z 12
[10813] = CNOT 12 34
[10814] = CNOT 12 37
[10815] = Z 12
[10816] = CNOT 12 37
[10817] = CNOT 12 38
[10818] = Z 12
[10819] = CNOT 12 38
[10820] = CNOT 12 19
[10821] = CNOT 12 20
[10822] = CNOT 12 23
[10823] = Z 12
[10824] = CNOT 12 23
[10825] = CNOT 12 33
[10826] = S 12
[10827] = Z 12
[10828] = CNOT 12 33
[10829] = CNOT 12 34
[10830] = S 12
[10831] = CNOT 12 34
[10832] = CNOT 12 35
[10833] = Z 12
[10834] = CNOT 12 35
[10835] = CNOT 12 36
[10836] = Z 12
[10837] = CNOT 12 36
[10838] = CNOT 12 37
[10839] = Z 12
[10840] = CNOT 12 37
[10841] = CNOT 12 38
[10842] = Z 12
[10843] = CNOT 12 38
[10844] = CNOT 12 39
[10845] = S 12
[10846] = CNOT 12 39
[10847] = CNOT 12 20
[10848] = CNOT 12 22
[10849] = CNOT 12 32
[10850] = S 12
[10851] = CNOT 12 32
[10852] = CNOT 12 33
[10853] = S 12
[10854] = CNOT 12 33
[10855] = CNOT 12 34
[10856] = S 12
[10857] = CNOT 12 34
[10858] = CNOT 12 35
[10859] = S 12
[10860] = CNOT 12 35
[10861] = CNOT 12 36
[10862] = S 12
[10863] = CNOT 12 36
[10864] = CNOT 12 37
[10865] = S 12
[10866] = CNOT 12 37
[10867] = CNOT 12 22
[10868] = CNOT 12 23
[10869] = CNOT 12 32
[10870] = Z 12
[10871] = CNOT 12 32
[10872] = CNOT 12 33
[10873] = Z 12
[10874] = CNOT 12 33
[10875] = CNOT 12 34
[10876] = Z 12
[10877] = CNOT 12 34
[10878] = CNOT 12 35
[10879] = Z 12
[10880] = CNOT 12 35
[10881] = CNOT 12 36
[10882] = Z 12
[10883] = CNOT 12 36
[10884] = CNOT 12 37
[10885] = Z 12
[10886] = CNOT 12 37
[10887] = CNOT 12 23
[10888] = CNOT 12 32
[10889] = CNOT 12 33
[10890] = S 12
[10891] = CNOT 12 33
[10892] = CNOT 12 37
[10893] = S 12
[10894] = Z 12
[10895] = CNOT 12 37
[10896] = CNOT 12 38
[10897] = Z 12
[10898] = CNOT 12 38
[10899] = CNOT 12 39
[10900] = S 12
[10901] = Z 12
[10902] = CNOT 12 39
[10903] = CNOT 12 32
[10904] = CNOT 12 33
[10905] = CNOT 12 34
[10906] = S 12
[10907] = Z 12
[10908] = CNOT 12 34
[10909] = CNOT 12 35
[10910] = S 12
[10911] = CNOT 12 35
[10912] = CNOT 12 36
[10913] = Z 12
[10914] = CNOT 12 36
[10915] = CNOT 12 37
[10916] = S 12
[10917] = CNOT 12 37
[10918] = CNOT 12 38
[10919] = S 12
[10920] = Z 12
[10921] = CNOT 12 38
[10922] = CNOT 12 39
[10923] = S 12
[10924] = Z 12
[10925] = CNOT 12 39
[10926] = CNOT 12 33
[10927] = CNOT 12 34
[10928] = CNOT 12 35
[10929] = S 12
[10930] = Z 12
[10931] = CNOT 12 35
[10932] = CNOT 12 36
[10933] = S 12
[10934] = CNOT 12 36
[10935] = CNOT 12 38
[10936] = S 12
[10937] = Z 12
[10938] = CNOT 12 38
[10939] = CNOT 12 39
[10940] = Z 12
[10941] = CNOT 12 39
[10942] = CNOT 12 34
[10943] = CNOT 12 35
[10944] = CNOT 12 36
[10945] = Z 12
[10946] = CNOT 12 36
[10947] = CNOT 12 37
[10948] = Z 12
[10949] = CNOT 12 37
[10950] = CNOT 12 38
[10951] = Z 12
[10952] = CNOT 12 38
[10953] = CNOT 12 39
[10954] = S 12
[10955] = Z 12
[10956] = CNOT 12 39
[10957] = CNOT 12 35
[10958] = CNOT 12 36
[10959] = CNOT 12 38
[10960] = Z 12
[10961] = CNOT 12 38
[10962] = CNOT 12 39
[10963] = S 12
[10964] = CNOT 12 36
[10965] = CNOT 12 37
[10966] = Z 12
[10967] = CNOT 12 37
[10968] = CNOT 12 38
[10969] = S 12
[10970] = Z 12
[10971] = CNOT 12 39
[10972] = CNOT 12 38
[10973] = CNOT 13 14
[10974] = CNOT 13 15
[10975] = Z 13
[10976] = CNOT 13 15
[10977] = CNOT 13 17
[10978] = Z 13
[10979] = CNOT 13 17
[10980] = CNOT 13 18
[10981] = S 13
[10982] = Z 13
[10983] = CNOT 13 18
[10984] = CNOT 13 19
[10985] = S 13
[10986] = Z 13
[10987] = CNOT 13 19
[10988] = CNOT 13 20
[10989] = Z 13
[10990] = CNOT 13 20
[10991] = CNOT 13 32
[10992] = Z 13
[10993] = CNOT 13 32
[10994] = CNOT 13 33
[10995] = Z 13
[10996] = CNOT 13 33
[10997] = CNOT 13 34
[10998] = Z 13
[10999] = CNOT 13 34
[11000] = CNOT 13 35
[11001] = Z 13
[11002] = CNOT 13 35
[11003] = CNOT 13 36
[11004] = Z 13
[11005] = CNOT 13 36
[11006] = CNOT 13 37
[11007] = Z 13
[11008] = CNOT 13 37
[11009] = CNOT 13 14
[11010] = CNOT 13 15
[11011] = CNOT 13 16
[11012] = S 13
[11013] = CNOT 13 16
[11014] = CNOT 13 17
[11015] = S 13
[11016] = Z 13
[11017] = CNOT 13 17
[11018] = CNOT 13 18
[11019] = Z 13
[11020] = CNOT 13 18
[11021] = CNOT 13 19
[11022] = S 13
[11023] = Z 13
[11024] = CNOT 13 19
[11025] = CNOT 13 20
[11026] = Z 13
[11027] = CNOT 13 20
[11028] = CNOT 13 32
[11029] = Z 13
[11030] = CNOT 13 32
[11031] = CNOT 13 36
[11032] = S 13
[11033] = Z 13
[11034] = CNOT 13 36
[11035] = CNOT 13 38
[11036] = S 13
[11037] = Z 13
[11038] = CNOT 13 38
[11039] = CNOT 13 39
[11040] = S 13
[11041] = CNOT 13 39
[11042] = CNOT 13 15
[11043] = CNOT 13 16
[11044] = CNOT 13 17
[11045] = S 13
[11046] = CNOT 13 17
[11047] = CNOT 13 20
[11048] = S 13
[11049] = CNOT 13 20
[11050] = CNOT 13 32
[11051] = S 13
[11052] = CNOT 13 32
[11053] = CNOT 13 36
[11054] = S 13
[11055] = CNOT 13 36
[11056] = CNOT 13 37
[11057] = S 13
[11058] = CNOT 13 37
[11059] = CNOT 13 38
[11060] = S 13
[11061] = CNOT 13 38
[11062] = CNOT 13 39
[11063] = S 13
[11064] = CNOT 13 39
[11065] = CNOT 13 16
[11066] = CNOT 13 17
[11067] = CNOT 13 18
[11068] = S 13
[11069] = Z 13
[11070] = CNOT 13 18
[11071] = CNOT 13 19
[11072] = S 13
[11073] = Z 13
[11074] = CNOT 13 19
[11075] = CNOT 13 20
[11076] = S 13
[11077] = Z 13
[11078] = CNOT 13 20
[11079] = CNOT 13 32
[11080] = S 13
[11081] = Z 13
[11082] = CNOT 13 32
[11083] = CNOT 13 33
[11084] = S 13
[11085] = CNOT 13 33
[11086] = CNOT 13 34
[11087] = S 13
[11088] = CNOT 13 34
[11089] = CNOT 13 35
[11090] = S 13
[11091] = CNOT 13 35
[11092] = CNOT 13 37
[11093] = S 13
[11094] = CNOT 13 37
[11095] = CNOT 13 38
[11096] = S 13
[11097] = Z 13
[11098] = CNOT 13 38
[11099] = CNOT 13 39
[11100] = S 13
[11101] = CNOT 13 39
[11102] = CNOT 13 17
[11103] = CNOT 13 18
[11104] = CNOT 13 19
[11105] = S 13
[11106] = CNOT 13 19
[11107] = CNOT 13 22
[11108] = Z 13
[11109] = CNOT 13 22
[11110] = CNOT 13 32
[11111] = S 13
[11112] = Z 13
[11113] = CNOT 13 32
[11114] = CNOT 13 33
[11115] = S 13
[11116] = Z 13
[11117] = CNOT 13 33
[11118] = CNOT 13 34
[11119] = S 13
[11120] = Z 13
[11121] = CNOT 13 34
[11122] = CNOT 13 35
[11123] = S 13
[11124] = Z 13
[11125] = CNOT 13 35
[11126] = CNOT 13 36
[11127] = S 13
[11128] = Z 13
[11129] = CNOT 13 36
[11130] = CNOT 13 37
[11131] = S 13
[11132] = Z 13
[11133] = CNOT 13 37
[11134] = CNOT 13 18
[11135] = CNOT 13 19
[11136] = CNOT 13 20
[11137] = S 13
[11138] = CNOT 13 20
[11139] = CNOT 13 22
[11140] = Z 13
[11141] = CNOT 13 19
[11142] = CNOT 13 20
[11143] = Z 13
[11144] = CNOT 13 22
[11145] = CNOT 13 32
[11146] = Z 13
[11147] = CNOT 13 32
[11148] = CNOT 13 36
[11149] = S 13
[11150] = Z 13
[11151] = CNOT 13 36
[11152] = CNOT 13 38
[11153] = S 13
[11154] = Z 13
[11155] = CNOT 13 38
[11156] = CNOT 13 39
[11157] = S 13
[11158] = CNOT 13 39
[11159] = CNOT 13 20
[11160] = CNOT 13 22
[11161] = CNOT 13 32
[11162] = S 13
[11163] = CNOT 13 32
[11164] = CNOT 13 33
[11165] = S 13
[11166] = CNOT 13 33
[11167] = CNOT 13 34
[11168] = S 13
[11169] = CNOT 13 34
[11170] = CNOT 13 35
[11171] = S 13
[11172] = CNOT 13 35
[11173] = CNOT 13 36
[11174] = S 13
[11175] = CNOT 13 36
[11176] = CNOT 13 37
[11177] = S 13
[11178] = CNOT 13 37
[11179] = CNOT 13 22
[11180] = CNOT 13 32
[11181] = CNOT 13 33
[11182] = S 13
[11183] = Z 13
[11184] = CNOT 13 33
[11185] = CNOT 13 34
[11186] = S 13
[11187] = Z 13
[11188] = CNOT 13 34
[11189] = CNOT 13 35
[11190] = S 13
[11191] = Z 13
[11192] = CNOT 13 35
[11193] = CNOT 13 36
[11194] = Z 13
[11195] = CNOT 13 36
[11196] = CNOT 13 37
[11197] = S 13
[11198] = Z 13
[11199] = CNOT 13 37
[11200] = CNOT 13 38
[11201] = S 13
[11202] = Z 13
[11203] = CNOT 13 38
[11204] = CNOT 13 39
[11205] = S 13
[11206] = CNOT 13 39
[11207] = CNOT 13 32
[11208] = CNOT 13 33
[11209] = CNOT 13 34
[11210] = S 13
[11211] = Z 13
[11212] = CNOT 13 34
[11213] = CNOT 13 35
[11214] = S 13
[11215] = Z 13
[11216] = CNOT 13 35
[11217] = CNOT 13 36
[11218] = S 13
[11219] = Z 13
[11220] = CNOT 13 36
[11221] = CNOT 13 37
[11222] = S 13
[11223] = CNOT 13 37
[11224] = CNOT 13 33
[11225] = CNOT 13 34
[11226] = CNOT 13 35
[11227] = S 13
[11228] = Z 13
[11229] = CNOT 13 35
[11230] = CNOT 13 36
[11231] = S 13
[11232] = Z 13
[11233] = CNOT 13 36
[11234] = CNOT 13 37
[11235] = S 13
[11236] = CNOT 13 37
[11237] = CNOT 13 34
[11238] = CNOT 13 35
[11239] = CNOT 13 36
[11240] = S 13
[11241] = Z 13
[11242] = CNOT 13 36
[11243] = CNOT 13 37
[11244] = S 13
[11245] = CNOT 13 37
[11246] = CNOT 13 35
[11247] = CNOT 13 36
[11248] = CNOT 13 39
[11249] = S 13
[11250] = CNOT 13 39
[11251] = CNOT 13 36
[11252] = CNOT 13 37
[11253] = CNOT 13 38
[11254] = S 13
[11255] = Z 13
[11256] = CNOT 13 38
[11257] = CNOT 13 39
[11258] = S 13
[11259] = Z 13
[11260] = CNOT 13 37
[11261] = CNOT 13 38
[11262] = S 13
[11263] = CNOT 13 39
[11264] = CNOT 13 38
[11265] = CNOT 14 15
[11266] = CNOT 14 16
[11267] = Z 14
[11268] = CNOT 14 16
[11269] = CNOT 14 17
[11270] = Z 14
[11271] = CNOT 14 17
[11272] = CNOT 14 18
[11273] = S 14
[11274] = CNOT 14 18
[11275] = CNOT 14 21
[11276] = Z 14
[11277] = CNOT 14 21
[11278] = CNOT 14 33
[11279] = S 14
[11280] = Z 14
[11281] = CNOT 14 33
[11282] = CNOT 14 34
[11283] = S 14
[11284] = CNOT 14 34
[11285] = CNOT 14 35
[11286] = S 14
[11287] = Z 14
[11288] = CNOT 14 35
[11289] = CNOT 14 36
[11290] = S 14
[11291] = Z 14
[11292] = CNOT 14 36
[11293] = CNOT 14 37
[11294] = S 14
[11295] = Z 14
[11296] = CNOT 14 37
[11297] = CNOT 14 38
[11298] = S 14
[11299] = CNOT 14 38
[11300] = CNOT 14 39
[11301] = S 14
[11302] = Z 14
[11303] = CNOT 14 39
[11304] = CNOT 14 15
[11305] = CNOT 14 16
[11306] = CNOT 14 17
[11307] = S 14
[11308] = Z 14
[11309] = CNOT 14 17
[11310] = CNOT 14 20
[11311] = S 14
[11312] = CNOT 14 20
[11313] = CNOT 14 21
[11314] = Z 14
[11315] = CNOT 14 21
[11316] = CNOT 14 32
[11317] = S 14
[11318] = Z 14
[11319] = CNOT 14 32
[11320] = CNOT 14 33
[11321] = S 14
[11322] = Z 14
[11323] = CNOT 14 33
[11324] = CNOT 14 34
[11325] = S 14
[11326] = Z 14
[11327] = CNOT 14 34
[11328] = CNOT 14 35
[11329] = S 14
[11330] = Z 14
[11331] = CNOT 14 35
[11332] = CNOT 14 36
[11333] = S 14
[11334] = Z 14
[11335] = CNOT 14 36
[11336] = CNOT 14 37
[11337] = S 14
[11338] = Z 14
[11339] = CNOT 14 37
[11340] = CNOT 14 16
[11341] = CNOT 14 17
[11342] = CNOT 14 18
[11343] = Z 14
[11344] = CNOT 14 18
[11345] = CNOT 14 19
[11346] = S 14
[11347] = CNOT 14 19
[11348] = CNOT 14 20
[11349] = S 14
[11350] = CNOT 14 20
[11351] = CNOT 14 21
[11352] = S 14
[11353] = CNOT 14 21
[11354] = CNOT 14 32
[11355] = S 14
[11356] = Z 14
[11357] = CNOT 14 32
[11358] = CNOT 14 33
[11359] = S 14
[11360] = Z 14
[11361] = CNOT 14 33
[11362] = CNOT 14 35
[11363] = S 14
[11364] = Z 14
[11365] = CNOT 14 35
[11366] = CNOT 14 36
[11367] = S 14
[11368] = Z 14
[11369] = CNOT 14 36
[11370] = CNOT 14 37
[11371] = Z 14
[11372] = CNOT 14 37
[11373] = CNOT 14 38
[11374] = Z 14
[11375] = CNOT 14 38
[11376] = CNOT 14 39
[11377] = S 14
[11378] = Z 14
[11379] = CNOT 14 39
[11380] = CNOT 14 17
[11381] = CNOT 14 18
[11382] = CNOT 14 19
[11383] = S 14
[11384] = Z 14
[11385] = CNOT 14 19
[11386] = CNOT 14 20
[11387] = S 14
[11388] = CNOT 14 20
[11389] = CNOT 14 32
[11390] = Z 14
[11391] = CNOT 14 32
[11392] = CNOT 14 33
[11393] = S 14
[11394] = CNOT 14 33
[11395] = CNOT 14 34
[11396] = Z 14
[11397] = CNOT 14 34
[11398] = CNOT 14 35
[11399] = S 14
[11400] = CNOT 14 35
[11401] = CNOT 14 36
[11402] = S 14
[11403] = CNOT 14 36
[11404] = CNOT 14 37
[11405] = Z 14
[11406] = CNOT 14 37
[11407] = CNOT 14 38
[11408] = S 14
[11409] = Z 14
[11410] = CNOT 14 38
[11411] = CNOT 14 18
[11412] = CNOT 14 19
[11413] = CNOT 14 32
[11414] = S 14
[11415] = CNOT 14 32
[11416] = CNOT 14 34
[11417] = S 14
[11418] = CNOT 14 34
[11419] = CNOT 14 37
[11420] = S 14
[11421] = CNOT 14 37
[11422] = CNOT 14 38
[11423] = S 14
[11424] = Z 14
[11425] = CNOT 14 38
[11426] = CNOT 14 19
[11427] = CNOT 14 20
[11428] = CNOT 14 21
[11429] = S 14
[11430] = CNOT 14 21
[11431] = CNOT 14 32
[11432] = S 14
[11433] = Z 14
[11434] = CNOT 14 32
[11435] = CNOT 14 33
[11436] = Z 14
[11437] = CNOT 14 33
[11438] = CNOT 14 35
[11439] = Z 14
[11440] = CNOT 14 35
[11441] = CNOT 14 36
[11442] = Z 14
[11443] = CNOT 14 36
[11444] = CNOT 14 37
[11445] = Z 14
[11446] = CNOT 14 37
[11447] = CNOT 14 38
[11448] = S 14
[11449] = CNOT 14 38
[11450] = CNOT 14 39
[11451] = S 14
[11452] = Z 14
[11453] = CNOT 14 39
[11454] = CNOT 14 20
[11455] = CNOT 14 21
[11456] = CNOT 14 32
[11457] = S 14
[11458] = CNOT 14 32
[11459] = CNOT 14 33
[11460] = S 14
[11461] = CNOT 14 33
[11462] = CNOT 14 34
[11463] = S 14
[11464] = CNOT 14 34
[11465] = CNOT 14 35
[11466] = S 14
[11467] = CNOT 14 35
[11468] = CNOT 14 36
[11469] = S 14
[11470] = CNOT 14 36
[11471] = CNOT 14 37
[11472] = S 14
[11473] = CNOT 14 37
[11474] = CNOT 14 21
[11475] = CNOT 14 32
[11476] = CNOT 14 33
[11477] = S 14
[11478] = CNOT 14 33
[11479] = CNOT 14 34
[11480] = S 14
[11481] = CNOT 14 34
[11482] = CNOT 14 35
[11483] = S 14
[11484] = CNOT 14 35
[11485] = CNOT 14 36
[11486] = S 14
[11487] = CNOT 14 36
[11488] = CNOT 14 37
[11489] = S 14
[11490] = CNOT 14 37
[11491] = CNOT 14 38
[11492] = S 14
[11493] = Z 14
[11494] = CNOT 14 38
[11495] = CNOT 14 32
[11496] = CNOT 14 33
[11497] = CNOT 14 34
[11498] = Z 14
[11499] = CNOT 14 34
[11500] = CNOT 14 38
[11501] = S 14
[11502] = CNOT 14 38
[11503] = CNOT 14 39
[11504] = S 14
[11505] = Z 14
[11506] = CNOT 14 39
[11507] = CNOT 14 33
[11508] = CNOT 14 34
[11509] = CNOT 14 35
[11510] = Z 14
[11511] = CNOT 14 35
[11512] = CNOT 14 36
[11513] = Z 14
[11514] = CNOT 14 36
[11515] = CNOT 14 38
[11516] = S 14
[11517] = Z 14
[11518] = CNOT 14 38
[11519] = CNOT 14 39
[11520] = S 14
[11521] = Z 14
[11522] = CNOT 14 39
[11523] = CNOT 14 34
[11524] = CNOT 14 35
[11525] = CNOT 14 38
[11526] = S 14
[11527] = CNOT 14 38
[11528] = CNOT 14 39
[11529] = S 14
[11530] = Z 14
[11531] = CNOT 14 39
[11532] = CNOT 14 35
[11533] = CNOT 14 36
[11534] = CNOT 14 38
[11535] = S 14
[11536] = CNOT 14 38
[11537] = CNOT 14 39
[11538] = S 14
[11539] = Z 14
[11540] = CNOT 14 39
[11541] = CNOT 14 36
[11542] = CNOT 14 37
[11543] = CNOT 14 38
[11544] = S 14
[11545] = Z 14
[11546] = CNOT 14 38
[11547] = CNOT 14 37
[11548] = CNOT 15 16
[11549] = CNOT 15 18
[11550] = S 15
[11551] = Z 15
[11552] = CNOT 15 18
[11553] = CNOT 15 19
[11554] = S 15
[11555] = Z 15
[11556] = CNOT 15 19
[11557] = CNOT 15 20
[11558] = S 15
[11559] = CNOT 15 20
[11560] = CNOT 15 21
[11561] = S 15
[11562] = Z 15
[11563] = CNOT 15 21
[11564] = CNOT 15 23
[11565] = S 15
[11566] = Z 15
[11567] = CNOT 15 23
[11568] = CNOT 15 32
[11569] = S 15
[11570] = Z 15
[11571] = CNOT 15 32
[11572] = CNOT 15 33
[11573] = Z 15
[11574] = CNOT 15 33
[11575] = CNOT 15 34
[11576] = Z 15
[11577] = CNOT 15 34
[11578] = CNOT 15 35
[11579] = Z 15
[11580] = CNOT 15 35
[11581] = CNOT 15 36
[11582] = S 15
[11583] = Z 15
[11584] = CNOT 15 36
[11585] = CNOT 15 37
[11586] = S 15
[11587] = Z 15
[11588] = CNOT 15 37
[11589] = CNOT 15 38
[11590] = S 15
[11591] = CNOT 15 38
[11592] = CNOT 15 16
[11593] = CNOT 15 17
[11594] = CNOT 15 19
[11595] = Z 15
[11596] = CNOT 15 19
[11597] = CNOT 15 20
[11598] = S 15
[11599] = CNOT 15 20
[11600] = CNOT 15 21
[11601] = S 15
[11602] = CNOT 15 21
[11603] = CNOT 15 23
[11604] = Z 15
[11605] = CNOT 15 23
[11606] = CNOT 15 32
[11607] = S 15
[11608] = CNOT 15 32
[11609] = CNOT 15 33
[11610] = Z 15
[11611] = CNOT 15 33
[11612] = CNOT 15 34
[11613] = S 15
[11614] = CNOT 15 34
[11615] = CNOT 15 35
[11616] = S 15
[11617] = Z 15
[11618] = CNOT 15 35
[11619] = CNOT 15 17
[11620] = CNOT 15 18
[11621] = CNOT 15 19
[11622] = S 15
[11623] = CNOT 15 19
[11624] = CNOT 15 22
[11625] = S 15
[11626] = Z 15
[11627] = CNOT 15 22
[11628] = CNOT 15 32
[11629] = Z 15
[11630] = CNOT 15 32
[11631] = CNOT 15 34
[11632] = Z 15
[11633] = CNOT 15 34
[11634] = CNOT 15 37
[11635] = Z 15
[11636] = CNOT 15 37
[11637] = CNOT 15 38
[11638] = Z 15
[11639] = CNOT 15 38
[11640] = CNOT 15 18
[11641] = CNOT 15 19
[11642] = CNOT 15 20
[11643] = Z 15
[11644] = CNOT 15 20
[11645] = CNOT 15 22
[11646] = S 15
[11647] = Z 15
[11648] = CNOT 15 22
[11649] = CNOT 15 33
[11650] = Z 15
[11651] = CNOT 15 33
[11652] = CNOT 15 35
[11653] = Z 15
[11654] = CNOT 15 35
[11655] = CNOT 15 36
[11656] = Z 15
[11657] = CNOT 15 36
[11658] = CNOT 15 38
[11659] = Z 15
[11660] = CNOT 15 38
[11661] = CNOT 15 19
[11662] = CNOT 15 20
[11663] = CNOT 15 21
[11664] = S 15
[11665] = CNOT 15 21
[11666] = CNOT 15 22
[11667] = Z 15
[11668] = CNOT 15 22
[11669] = CNOT 15 23
[11670] = Z 15
[11671] = CNOT 15 23
[11672] = CNOT 15 32
[11673] = S 15
[11674] = CNOT 15 32
[11675] = CNOT 15 33
[11676] = S 15
[11677] = Z 15
[11678] = CNOT 15 33
[11679] = CNOT 15 34
[11680] = S 15
[11681] = CNOT 15 34
[11682] = CNOT 15 36
[11683] = S 15
[11684] = CNOT 15 36
[11685] = CNOT 15 38
[11686] = S 15
[11687] = CNOT 15 38
[11688] = CNOT 15 20
[11689] = CNOT 15 21
[11690] = CNOT 15 32
[11691] = S 15
[11692] = CNOT 15 32
[11693] = CNOT 15 33
[11694] = S 15
[11695] = CNOT 15 33
[11696] = CNOT 15 34
[11697] = S 15
[11698] = CNOT 15 34
[11699] = CNOT 15 35
[11700] = S 15
[11701] = CNOT 15 35
[11702] = CNOT 15 36
[11703] = S 15
[11704] = CNOT 15 36
[11705] = CNOT 15 37
[11706] = S 15
[11707] = CNOT 15 37
[11708] = CNOT 15 21
[11709] = CNOT 15 22
[11710] = CNOT 15 32
[11711] = Z 15
[11712] = CNOT 15 32
[11713] = CNOT 15 33
[11714] = Z 15
[11715] = CNOT 15 33
[11716] = CNOT 15 34
[11717] = Z 15
[11718] = CNOT 15 34
[11719] = CNOT 15 35
[11720] = Z 15
[11721] = CNOT 15 35
[11722] = CNOT 15 36
[11723] = Z 15
[11724] = CNOT 15 36
[11725] = CNOT 15 37
[11726] = Z 15
[11727] = CNOT 15 37
[11728] = CNOT 15 22
[11729] = CNOT 15 23
[11730] = CNOT 15 32
[11731] = Z 15
[11732] = CNOT 15 32
[11733] = CNOT 15 33
[11734] = Z 15
[11735] = CNOT 15 33
[11736] = CNOT 15 34
[11737] = Z 15
[11738] = CNOT 15 34
[11739] = CNOT 15 35
[11740] = Z 15
[11741] = CNOT 15 35
[11742] = CNOT 15 36
[11743] = Z 15
[11744] = CNOT 15 36
[11745] = CNOT 15 37
[11746] = Z 15
[11747] = CNOT 15 37
[11748] = CNOT 15 23
[11749] = CNOT 15 32
[11750] = CNOT 15 33
[11751] = Z 15
[11752] = CNOT 15 33
[11753] = CNOT 15 34
[11754] = S 15
[11755] = CNOT 15 34
[11756] = CNOT 15 35
[11757] = S 15
[11758] = Z 15
[11759] = CNOT 15 35
[11760] = CNOT 15 37
[11761] = S 15
[11762] = CNOT 15 37
[11763] = CNOT 15 39
[11764] = S 15
[11765] = CNOT 15 39
[11766] = CNOT 15 32
[11767] = CNOT 15 33
[11768] = CNOT 15 34
[11769] = S 15
[11770] = Z 15
[11771] = CNOT 15 34
[11772] = CNOT 15 35
[11773] = S 15
[11774] = CNOT 15 35
[11775] = CNOT 15 36
[11776] = Z 15
[11777] = CNOT 15 36
[11778] = CNOT 15 37
[11779] = Z 15
[11780] = CNOT 15 37
[11781] = CNOT 15 38
[11782] = Z 15
[11783] = CNOT 15 38
[11784] = CNOT 15 39
[11785] = S 15
[11786] = Z 15
[11787] = CNOT 15 39
[11788] = CNOT 15 33
[11789] = CNOT 15 34
[11790] = CNOT 15 35
[11791] = S 15
[11792] = Z 15
[11793] = CNOT 15 35
[11794] = CNOT 15 36
[11795] = S 15
[11796] = CNOT 15 36
[11797] = CNOT 15 37
[11798] = S 15
[11799] = CNOT 15 37
[11800] = CNOT 15 38
[11801] = Z 15
[11802] = CNOT 15 38
[11803] = CNOT 15 39
[11804] = Z 15
[11805] = CNOT 15 39
[11806] = CNOT 15 34
[11807] = CNOT 15 35
[11808] = CNOT 15 36
[11809] = Z 15
[11810] = CNOT 15 36
[11811] = CNOT 15 37
[11812] = Z 15
[11813] = CNOT 15 37
[11814] = CNOT 15 38
[11815] = S 15
[11816] = Z 15
[11817] = CNOT 15 38
[11818] = CNOT 15 39
[11819] = S 15
[11820] = Z 15
[11821] = CNOT 15 39
[11822] = CNOT 15 35
[11823] = CNOT 15 37
[11824] = CNOT 15 38
[11825] = S 15
[11826] = Z 15
[11827] = CNOT 15 37
[11828] = CNOT 15 39
[11829] = Z 15
[11830] = CNOT 15 39
[11831] = CNOT 15 38
[11832] = CNOT 16 17
[11833] = CNOT 16 18
[11834] = S 16
[11835] = Z 16
[11836] = CNOT 16 18
[11837] = CNOT 16 19
[11838] = S 16
[11839] = Z 16
[11840] = CNOT 16 19
[11841] = CNOT 16 21
[11842] = Z 16
[11843] = CNOT 16 21
[11844] = CNOT 16 23
[11845] = S 16
[11846] = Z 16
[11847] = CNOT 16 23
[11848] = CNOT 16 32
[11849] = S 16
[11850] = CNOT 16 32
[11851] = CNOT 16 36
[11852] = S 16
[11853] = CNOT 16 36
[11854] = CNOT 16 37
[11855] = S 16
[11856] = CNOT 16 37
[11857] = CNOT 16 38
[11858] = S 16
[11859] = CNOT 16 38
[11860] = CNOT 16 17
[11861] = CNOT 16 18
[11862] = CNOT 16 19
[11863] = S 16
[11864] = CNOT 16 19
[11865] = CNOT 16 20
[11866] = S 16
[11867] = CNOT 16 20
[11868] = CNOT 16 22
[11869] = Z 16
[11870] = CNOT 16 22
[11871] = CNOT 16 18
[11872] = CNOT 16 19
[11873] = CNOT 16 20
[11874] = S 16
[11875] = CNOT 16 20
[11876] = CNOT 16 22
[11877] = Z 16
[11878] = CNOT 16 22
[11879] = CNOT 16 19
[11880] = CNOT 16 20
[11881] = CNOT 16 21
[11882] = Z 16
[11883] = CNOT 16 21
[11884] = CNOT 16 22
[11885] = S 16
[11886] = Z 16
[11887] = CNOT 16 22
[11888] = CNOT 16 23
[11889] = S 16
[11890] = Z 16
[11891] = CNOT 16 23
[11892] = CNOT 16 32
[11893] = S 16
[11894] = CNOT 16 32
[11895] = CNOT 16 36
[11896] = S 16
[11897] = CNOT 16 36
[11898] = CNOT 16 37
[11899] = S 16
[11900] = CNOT 16 37
[11901] = CNOT 16 38
[11902] = S 16
[11903] = CNOT 16 38
[11904] = CNOT 16 20
[11905] = CNOT 16 21
[11906] = CNOT 16 32
[11907] = Z 16
[11908] = CNOT 16 32
[11909] = CNOT 16 33
[11910] = Z 16
[11911] = CNOT 16 33
[11912] = CNOT 16 34
[11913] = Z 16
[11914] = CNOT 16 34
[11915] = CNOT 16 35
[11916] = Z 16
[11917] = CNOT 16 35
[11918] = CNOT 16 36
[11919] = Z 16
[11920] = CNOT 16 36
[11921] = CNOT 16 37
[11922] = Z 16
[11923] = CNOT 16 37
[11924] = CNOT 16 21
[11925] = CNOT 16 22
[11926] = CNOT 16 32
[11927] = Z 16
[11928] = CNOT 16 32
[11929] = CNOT 16 33
[11930] = Z 16
[11931] = CNOT 16 33
[11932] = CNOT 16 34
[11933] = Z 16
[11934] = CNOT 16 34
[11935] = CNOT 16 35
[11936] = Z 16
[11937] = CNOT 16 35
[11938] = CNOT 16 36
[11939] = Z 16
[11940] = CNOT 16 36
[11941] = CNOT 16 37
[11942] = Z 16
[11943] = CNOT 16 37
[11944] = CNOT 16 22
[11945] = CNOT 16 23
[11946] = CNOT 16 32
[11947] = S 16
[11948] = Z 16
[11949] = CNOT 16 32
[11950] = CNOT 16 33
[11951] = S 16
[11952] = Z 16
[11953] = CNOT 16 33
[11954] = CNOT 16 34
[11955] = S 16
[11956] = Z 16
[11957] = CNOT 16 34
[11958] = CNOT 16 35
[11959] = S 16
[11960] = Z 16
[11961] = CNOT 16 35
[11962] = CNOT 16 36
[11963] = S 16
[11964] = Z 16
[11965] = CNOT 16 36
[11966] = CNOT 16 37
[11967] = S 16
[11968] = Z 16
[11969] = CNOT 16 37
[11970] = CNOT 16 23
[11971] = CNOT 16 32
[11972] = CNOT 16 36
[11973] = S 16
[11974] = CNOT 16 36
[11975] = CNOT 16 37
[11976] = S 16
[11977] = CNOT 16 37
[11978] = CNOT 16 38
[11979] = S 16
[11980] = CNOT 16 38
[11981] = CNOT 16 32
[11982] = CNOT 16 33
[11983] = CNOT 16 39
[11984] = S 16
[11985] = Z 16
[11986] = CNOT 16 33
[11987] = CNOT 16 34
[11988] = S 16
[11989] = Z 16
[11990] = CNOT 16 34
[11991] = CNOT 16 35
[11992] = S 16
[11993] = Z 16
[11994] = CNOT 16 39
[11995] = CNOT 16 35
[11996] = CNOT 16 36
[11997] = CNOT 16 37
[11998] = S 16
[11999] = CNOT 16 37
[12000] = CNOT 16 38
[12001] = S 16
[12002] = CNOT 16 36
[12003] = CNOT 16 37
[12004] = S 16
[12005] = CNOT 16 37
[12006] = CNOT 16 39
[12007] = S 16
[12008] = CNOT 16 39
[12009] = CNOT 16 38
[12010] = CNOT 17 18
[12011] = CNOT 17 19
[12012] = Z 17
[12013] = CNOT 17 19
[12014] = CNOT 17 20
[12015] = S 17
[12016] = Z 17
[12017] = CNOT 17 20
[12018] = CNOT 17 33
[12019] = S 17
[12020] = Z 17
[12021] = CNOT 17 33
[12022] = CNOT 17 35
[12023] = S 17
[12024] = Z 17
[12025] = CNOT 17 35
[12026] = CNOT 17 36
[12027] = S 17
[12028] = Z 17
[12029] = CNOT 17 36
[12030] = CNOT 17 38
[12031] = S 17
[12032] = Z 17
[12033] = CNOT 17 38
[12034] = CNOT 17 18
[12035] = CNOT 17 19
[12036] = CNOT 17 20
[12037] = S 17
[12038] = CNOT 17 20
[12039] = CNOT 17 32
[12040] = Z 17
[12041] = CNOT 17 32
[12042] = CNOT 17 33
[12043] = S 17
[12044] = CNOT 17 33
[12045] = CNOT 17 34
[12046] = Z 17
[12047] = CNOT 17 34
[12048] = CNOT 17 35
[12049] = S 17
[12050] = CNOT 17 35
[12051] = CNOT 17 36
[12052] = S 17
[12053] = CNOT 17 36
[12054] = CNOT 17 37
[12055] = Z 17
[12056] = CNOT 17 37
[12057] = CNOT 17 38
[12058] = S 17
[12059] = Z 17
[12060] = CNOT 17 38
[12061] = CNOT 17 19
[12062] = CNOT 17 20
[12063] = CNOT 17 23
[12064] = Z 17
[12065] = CNOT 17 23
[12066] = CNOT 17 32
[12067] = S 17
[12068] = Z 17
[12069] = CNOT 17 32
[12070] = CNOT 17 33
[12071] = S 17
[12072] = CNOT 17 33
[12073] = CNOT 17 35
[12074] = Z 17
[12075] = CNOT 17 35
[12076] = CNOT 17 36
[12077] = S 17
[12078] = Z 17
[12079] = CNOT 17 36
[12080] = CNOT 17 37
[12081] = Z 17
[12082] = CNOT 17 37
[12083] = CNOT 17 38
[12084] = S 17
[12085] = Z 17
[12086] = CNOT 17 38
[12087] = CNOT 17 39
[12088] = S 17
[12089] = Z 17
[12090] = CNOT 17 39
[12091] = CNOT 17 20
[12092] = CNOT 17 23
[12093] = CNOT 17 32
[12094] = Z 17
[12095] = CNOT 17 32
[12096] = CNOT 17 33
[12097] = Z 17
[12098] = CNOT 17 33
[12099] = CNOT 17 34
[12100] = Z 17
[12101] = CNOT 17 34
[12102] = CNOT 17 35
[12103] = Z 17
[12104] = CNOT 17 35
[12105] = CNOT 17 36
[12106] = Z 17
[12107] = CNOT 17 36
[12108] = CNOT 17 37
[12109] = Z 17
[12110] = CNOT 17 37
[12111] = CNOT 17 23
[12112] = CNOT 17 32
[12113] = CNOT 17 33
[12114] = S 17
[12115] = Z 17
[12116] = CNOT 17 33
[12117] = CNOT 17 34
[12118] = Z 17
[12119] = CNOT 17 34
[12120] = CNOT 17 36
[12121] = S 17
[12122] = CNOT 17 36
[12123] = CNOT 17 37
[12124] = Z 17
[12125] = CNOT 17 37
[12126] = CNOT 17 39
[12127] = S 17
[12128] = CNOT 17 39
[12129] = CNOT 17 32
[12130] = CNOT 17 33
[12131] = CNOT 17 34
[12132] = S 17
[12133] = CNOT 17 34
[12134] = CNOT 17 35
[12135] = Z 17
[12136] = CNOT 17 35
[12137] = CNOT 17 36
[12138] = S 17
[12139] = Z 17
[12140] = CNOT 17 36
[12141] = CNOT 17 37
[12142] = S 17
[12143] = Z 17
[12144] = CNOT 17 37
[12145] = CNOT 17 39
[12146] = Z 17
[12147] = CNOT 17 39
[12148] = CNOT 17 33
[12149] = CNOT 17 34
[12150] = CNOT 17 35
[12151] = S 17
[12152] = CNOT 17 35
[12153] = CNOT 17 36
[12154] = S 17
[12155] = Z 17
[12156] = CNOT 17 36
[12157] = CNOT 17 37
[12158] = Z 17
[12159] = CNOT 17 37
[12160] = CNOT 17 38
[12161] = S 17
[12162] = CNOT 17 38
[12163] = CNOT 17 39
[12164] = S 17
[12165] = CNOT 17 39
[12166] = CNOT 17 34
[12167] = CNOT 17 35
[12168] = CNOT 17 36
[12169] = S 17
[12170] = Z 17
[12171] = CNOT 17 36
[12172] = CNOT 17 37
[12173] = S 17
[12174] = Z 17
[12175] = CNOT 17 37
[12176] = CNOT 17 38
[12177] = S 17
[12178] = CNOT 17 38
[12179] = CNOT 17 39
[12180] = Z 17
[12181] = CNOT 17 39
[12182] = CNOT 17 35
[12183] = CNOT 17 36
[12184] = CNOT 17 37
[12185] = S 17
[12186] = CNOT 17 37
[12187] = CNOT 17 38
[12188] = Z 17
[12189] = CNOT 17 38
[12190] = CNOT 17 39
[12191] = S 17
[12192] = Z 17
[12193] = CNOT 17 39
[12194] = CNOT 17 36
[12195] = CNOT 17 37
[12196] = CNOT 17 38
[12197] = S 17
[12198] = Z 17
[12199] = CNOT 17 37
[12200] = CNOT 17 39
[12201] = Z 17
[12202] = CNOT 17 39
[12203] = CNOT 17 38
[12204] = CNOT 18 19
[12205] = CNOT 18 22
[12206] = S 18
[12207] = Z 18
[12208] = CNOT 18 22
[12209] = CNOT 18 32
[12210] = Z 18
[12211] = CNOT 18 32
[12212] = CNOT 18 33
[12213] = S 18
[12214] = CNOT 18 33
[12215] = CNOT 18 34
[12216] = Z 18
[12217] = CNOT 18 34
[12218] = CNOT 18 35
[12219] = S 18
[12220] = CNOT 18 35
[12221] = CNOT 18 36
[12222] = S 18
[12223] = CNOT 18 36
[12224] = CNOT 18 37
[12225] = Z 18
[12226] = CNOT 18 37
[12227] = CNOT 18 38
[12228] = S 18
[12229] = Z 18
[12230] = CNOT 18 38
[12231] = CNOT 18 19
[12232] = CNOT 18 20
[12233] = CNOT 18 32
[12234] = S 18
[12235] = Z 18
[12236] = CNOT 18 32
[12237] = CNOT 18 33
[12238] = S 18
[12239] = CNOT 18 33
[12240] = CNOT 18 34
[12241] = S 18
[12242] = Z 18
[12243] = CNOT 18 34
[12244] = CNOT 18 35
[12245] = S 18
[12246] = CNOT 18 35
[12247] = CNOT 18 36
[12248] = S 18
[12249] = CNOT 18 36
[12250] = CNOT 18 37
[12251] = S 18
[12252] = Z 18
[12253] = CNOT 18 37
[12254] = CNOT 18 38
[12255] = Z 18
[12256] = CNOT 18 38
[12257] = CNOT 18 20
[12258] = CNOT 18 22
[12259] = CNOT 18 32
[12260] = S 18
[12261] = CNOT 18 32
[12262] = CNOT 18 33
[12263] = S 18
[12264] = CNOT 18 33
[12265] = CNOT 18 34
[12266] = S 18
[12267] = CNOT 18 34
[12268] = CNOT 18 35
[12269] = S 18
[12270] = CNOT 18 35
[12271] = CNOT 18 36
[12272] = S 18
[12273] = CNOT 18 36
[12274] = CNOT 18 37
[12275] = S 18
[12276] = CNOT 18 37
[12277] = CNOT 18 22
[12278] = CNOT 18 33
[12279] = CNOT 18 35
[12280] = Z 18
[12281] = CNOT 18 35
[12282] = CNOT 18 36
[12283] = Z 18
[12284] = CNOT 18 36
[12285] = CNOT 18 38
[12286] = Z 18
[12287] = CNOT 18 38
[12288] = CNOT 18 33
[12289] = CNOT 18 35
[12290] = CNOT 18 36
[12291] = Z 18
[12292] = CNOT 18 36
[12293] = CNOT 18 38
[12294] = Z 18
[12295] = CNOT 18 35
[12296] = CNOT 18 36
[12297] = Z 18
[12298] = CNOT 18 38
[12299] = CNOT 18 36
[12300] = CNOT 19 20
[12301] = CNOT 19 22
[12302] = S 19
[12303] = CNOT 19 22
[12304] = CNOT 19 32
[12305] = Z 19
[12306] = CNOT 19 32
[12307] = CNOT 19 34
[12308] = Z 19
[12309] = CNOT 19 34
[12310] = CNOT 19 37
[12311] = Z 19
[12312] = CNOT 19 37
[12313] = CNOT 19 38
[12314] = Z 19
[12315] = CNOT 19 38
[12316] = CNOT 19 20
[12317] = CNOT 19 22
[12318] = CNOT 19 32
[12319] = Z 19
[12320] = CNOT 19 32
[12321] = CNOT 19 33
[12322] = Z 19
[12323] = CNOT 19 33
[12324] = CNOT 19 34
[12325] = Z 19
[12326] = CNOT 19 34
[12327] = CNOT 19 35
[12328] = Z 19
[12329] = CNOT 19 35
[12330] = CNOT 19 36
[12331] = Z 19
[12332] = CNOT 19 36
[12333] = CNOT 19 37
[12334] = Z 19
[12335] = CNOT 19 37
[12336] = CNOT 19 22
[12337] = CNOT 19 32
[12338] = CNOT 19 33
[12339] = S 19
[12340] = Z 19
[12341] = CNOT 19 33
[12342] = CNOT 19 34
[12343] = S 19
[12344] = Z 19
[12345] = CNOT 19 34
[12346] = CNOT 19 35
[12347] = S 19
[12348] = Z 19
[12349] = CNOT 19 35
[12350] = CNOT 19 36
[12351] = S 19
[12352] = Z 19
[12353] = CNOT 19 36
[12354] = CNOT 19 37
[12355] = S 19
[12356] = Z 19
[12357] = CNOT 19 37
[12358] = CNOT 19 32
[12359] = CNOT 19 33
[12360] = CNOT 19 34
[12361] = S 19
[12362] = Z 19
[12363] = CNOT 19 34
[12364] = CNOT 19 35
[12365] = S 19
[12366] = CNOT 19 35
[12367] = CNOT 19 36
[12368] = S 19
[12369] = CNOT 19 36
[12370] = CNOT 19 37
[12371] = S 19
[12372] = Z 19
[12373] = CNOT 19 37
[12374] = CNOT 19 38
[12375] = Z 19
[12376] = CNOT 19 38
[12377] = CNOT 19 33
[12378] = CNOT 19 34
[12379] = CNOT 19 35
[12380] = S 19
[12381] = Z 19
[12382] = CNOT 19 35
[12383] = CNOT 19 36
[12384] = S 19
[12385] = Z 19
[12386] = CNOT 19 36
[12387] = CNOT 19 37
[12388] = S 19
[12389] = Z 19
[12390] = CNOT 19 37
[12391] = CNOT 19 34
[12392] = CNOT 19 35
[12393] = CNOT 19 36
[12394] = S 19
[12395] = CNOT 19 36
[12396] = CNOT 19 37
[12397] = S 19
[12398] = Z 19
[12399] = CNOT 19 37
[12400] = CNOT 19 38
[12401] = Z 19
[12402] = CNOT 19 38
[12403] = CNOT 19 35
[12404] = CNOT 19 36
[12405] = CNOT 19 37
[12406] = S 19
[12407] = Z 19
[12408] = CNOT 19 37
[12409] = CNOT 19 38
[12410] = Z 19
[12411] = CNOT 19 38
[12412] = CNOT 19 36
[12413] = CNOT 20 22
[12414] = CNOT 20 32
[12415] = Z 20
[12416] = CNOT 20 32
[12417] = CNOT 20 33
[12418] = Z 20
[12419] = CNOT 20 33
[12420] = CNOT 20 34
[12421] = Z 20
[12422] = CNOT 20 34
[12423] = CNOT 20 35
[12424] = Z 20
[12425] = CNOT 20 35
[12426] = CNOT 20 36
[12427] = Z 20
[12428] = CNOT 20 36
[12429] = CNOT 20 37
[12430] = Z 20
[12431] = CNOT 20 37
[12432] = CNOT 20 22
[12433] = CNOT 20 23
[12434] = CNOT 20 32
[12435] = Z 20
[12436] = CNOT 20 32
[12437] = CNOT 20 33
[12438] = Z 20
[12439] = CNOT 20 33
[12440] = CNOT 20 34
[12441] = Z 20
[12442] = CNOT 20 34
[12443] = CNOT 20 35
[12444] = Z 20
[12445] = CNOT 20 35
[12446] = CNOT 20 36
[12447] = Z 20
[12448] = CNOT 20 36
[12449] = CNOT 20 37
[12450] = Z 20
[12451] = CNOT 20 37
[12452] = CNOT 20 23
[12453] = CNOT 20 32
[12454] = CNOT 20 33
[12455] = S 20
[12456] = Z 20
[12457] = CNOT 20 33
[12458] = CNOT 20 34
[12459] = Z 20
[12460] = CNOT 20 34
[12461] = CNOT 20 36
[12462] = S 20
[12463] = CNOT 20 36
[12464] = CNOT 20 37
[12465] = Z 20
[12466] = CNOT 20 37
[12467] = CNOT 20 39
[12468] = S 20
[12469] = CNOT 20 39
[12470] = CNOT 20 32
[12471] = CNOT 20 33
[12472] = CNOT 20 34
[12473] = S 20
[12474] = CNOT 20 34
[12475] = CNOT 20 35
[12476] = S 20
[12477] = Z 20
[12478] = CNOT 20 35
[12479] = CNOT 20 37
[12480] = S 20
[12481] = Z 20
[12482] = CNOT 20 37
[12483] = CNOT 20 38
[12484] = S 20
[12485] = CNOT 20 38
[12486] = CNOT 20 39
[12487] = Z 20
[12488] = CNOT 20 39
[12489] = CNOT 20 33
[12490] = CNOT 20 34
[12491] = CNOT 20 35
[12492] = S 20
[12493] = CNOT 20 35
[12494] = CNOT 20 36
[12495] = S 20
[12496] = Z 20
[12497] = CNOT 20 36
[12498] = CNOT 20 37
[12499] = Z 20
[12500] = CNOT 20 37
[12501] = CNOT 20 38
[12502] = S 20
[12503] = CNOT 20 38
[12504] = CNOT 20 39
[12505] = S 20
[12506] = CNOT 20 39
[12507] = CNOT 20 34
[12508] = CNOT 20 35
[12509] = CNOT 20 37
[12510] = S 20
[12511] = Z 20
[12512] = CNOT 20 37
[12513] = CNOT 20 38
[12514] = Z 20
[12515] = CNOT 20 38
[12516] = CNOT 20 39
[12517] = Z 20
[12518] = CNOT 20 39
[12519] = CNOT 20 35
[12520] = CNOT 20 36
[12521] = CNOT 20 37
[12522] = S 20
[12523] = CNOT 20 37
[12524] = CNOT 20 38
[12525] = S 20
[12526] = Z 20
[12527] = CNOT 20 38
[12528] = CNOT 20 39
[12529] = S 20
[12530] = Z 20
[12531] = CNOT 20 39
[12532] = CNOT 20 36
[12533] = CNOT 20 37
[12534] = CNOT 20 38
[12535] = S 20
[12536] = Z 20
[12537] = CNOT 20 37
[12538] = CNOT 20 39
[12539] = Z 20
[12540] = CNOT 20 39
[12541] = CNOT 20 38
[12542] = CNOT 22 32
[12543] = CNOT 22 33
[12544] = S 22
[12545] = Z 22
[12546] = CNOT 22 33
[12547] = CNOT 22 34
[12548] = S 22
[12549] = Z 22
[12550] = CNOT 22 34
[12551] = CNOT 22 35
[12552] = S 22
[12553] = Z 22
[12554] = CNOT 22 35
[12555] = CNOT 22 36
[12556] = S 22
[12557] = Z 22
[12558] = CNOT 22 36
[12559] = CNOT 22 37
[12560] = S 22
[12561] = Z 22
[12562] = CNOT 22 37
[12563] = CNOT 22 32
[12564] = CNOT 22 33
[12565] = CNOT 22 34
[12566] = S 22
[12567] = Z 22
[12568] = CNOT 22 34
[12569] = CNOT 22 35
[12570] = S 22
[12571] = Z 22
[12572] = CNOT 22 35
[12573] = CNOT 22 36
[12574] = S 22
[12575] = Z 22
[12576] = CNOT 22 36
[12577] = CNOT 22 37
[12578] = S 22
[12579] = Z 22
[12580] = CNOT 22 37
[12581] = CNOT 22 33
[12582] = CNOT 22 34
[12583] = CNOT 22 35
[12584] = S 22
[12585] = Z 22
[12586] = CNOT 22 35
[12587] = CNOT 22 36
[12588] = S 22
[12589] = Z 22
[12590] = CNOT 22 36
[12591] = CNOT 22 37
[12592] = S 22
[12593] = Z 22
[12594] = CNOT 22 37
[12595] = CNOT 22 34
[12596] = CNOT 22 35
[12597] = CNOT 22 36
[12598] = S 22
[12599] = Z 22
[12600] = CNOT 22 36
[12601] = CNOT 22 37
[12602] = S 22
[12603] = Z 22
[12604] = CNOT 22 35
[12605] = CNOT 22 36
[12606] = S 22
[12607] = Z 22
[12608] = CNOT 22 37
[12609] = CNOT 22 36
[12610] = CNOT 23 32
[12611] = CNOT 23 33
[12612] = Z 23
[12613] = CNOT 23 33
[12614] = CNOT 23 34
[12615] = Z 23
[12616] = CNOT 23 34
[12617] = CNOT 23 35
[12618] = Z 23
[12619] = CNOT 23 35
[12620] = CNOT 23 36
[12621] = Z 23
[12622] = CNOT 23 36
[12623] = CNOT 23 37
[12624] = Z 23
[12625] = CNOT 23 37
[12626] = CNOT 23 32
[12627] = CNOT 23 33
[12628] = CNOT 23 34
[12629] = Z 23
[12630] = CNOT 23 34
[12631] = CNOT 23 35
[12632] = Z 23
[12633] = CNOT 23 35
[12634] = CNOT 23 36
[12635] = Z 23
[12636] = CNOT 23 36
[12637] = CNOT 23 37
[12638] = Z 23
[12639] = CNOT 23 37
[12640] = CNOT 23 33
[12641] = CNOT 23 34
[12642] = CNOT 23 35
[12643] = Z 23
[12644] = CNOT 23 35
[12645] = CNOT 23 36
[12646] = Z 23
[12647] = CNOT 23 36
[12648] = CNOT 23 37
[12649] = Z 23
[12650] = CNOT 23 37
[12651] = CNOT 23 34
[12652] = CNOT 23 35
[12653] = CNOT 23 36
[12654] = Z 23
[12655] = CNOT 23 36
[12656] = CNOT 23 37
[12657] = Z 23
[12658] = CNOT 23 35
[12659] = CNOT 23 36
[12660] = Z 23
[12661] = CNOT 23 37
[12662] = CNOT 23 36
[12663] = CNOT 24 28
[12664] = CNOT 24 39
[12665] = S 24
[12666] = Z 24
[12667] = CNOT 24 28
[12668] = CNOT 24 29
[12669] = S 24
[12670] = Z 24
[12671] = CNOT 24 29
[12672] = CNOT 24 30
[12673] = S 24
[12674] = Z 24
[12675] = CNOT 24 30
[12676] = CNOT 25 26
[12677] = CNOT 25 35
[12678] = S 25
[12679] = Z 25
[12680] = CNOT 25 35
[12681] = CNOT 25 36
[12682] = S 25
[12683] = Z 25
[12684] = CNOT 25 36
[12685] = CNOT 25 26
[12686] = CNOT 25 27
[12687] = CNOT 25 34
[12688] = S 25
[12689] = Z 25
[12690] = CNOT 25 34
[12691] = CNOT 25 36
[12692] = S 25
[12693] = Z 25
[12694] = CNOT 25 36
[12695] = CNOT 25 27
[12696] = CNOT 25 28
[12697] = CNOT 25 35
[12698] = S 25
[12699] = Z 25
[12700] = CNOT 25 35
[12701] = CNOT 25 28
[12702] = CNOT 25 29
[12703] = CNOT 25 32
[12704] = S 25
[12705] = Z 25
[12706] = CNOT 25 32
[12707] = CNOT 25 34
[12708] = S 25
[12709] = Z 25
[12710] = CNOT 25 34
[12711] = CNOT 25 35
[12712] = S 25
[12713] = Z 25
[12714] = CNOT 25 35
[12715] = CNOT 25 29
[12716] = CNOT 25 30
[12717] = CNOT 25 32
[12718] = S 25
[12719] = Z 25
[12720] = CNOT 25 32
[12721] = CNOT 25 34
[12722] = S 25
[12723] = Z 25
[12724] = CNOT 25 34
[12725] = CNOT 25 30
[12726] = CNOT 25 31
[12727] = CNOT 25 32
[12728] = S 25
[12729] = Z 25
[12730] = CNOT 25 32
[12731] = CNOT 25 36
[12732] = S 25
[12733] = Z 25
[12734] = CNOT 25 36
[12735] = CNOT 25 31
[12736] = CNOT 26 27
[12737] = CNOT 26 36
[12738] = S 26
[12739] = Z 26
[12740] = CNOT 26 36
[12741] = CNOT 26 37
[12742] = S 26
[12743] = Z 26
[12744] = CNOT 26 37
[12745] = CNOT 26 27
[12746] = CNOT 26 28
[12747] = CNOT 26 35
[12748] = S 26
[12749] = Z 26
[12750] = CNOT 26 35
[12751] = CNOT 26 37
[12752] = S 26
[12753] = Z 26
[12754] = CNOT 26 37
[12755] = CNOT 26 28
[12756] = CNOT 26 29
[12757] = CNOT 26 35
[12758] = S 26
[12759] = Z 26
[12760] = CNOT 26 35
[12761] = CNOT 26 29
[12762] = CNOT 26 30
[12763] = CNOT 26 33
[12764] = S 26
[12765] = Z 26
[12766] = CNOT 26 30
[12767] = CNOT 26 31
[12768] = S 26
[12769] = Z 26
[12770] = CNOT 26 33
[12771] = CNOT 26 36
[12772] = S 26
[12773] = Z 26
[12774] = CNOT 26 36
[12775] = CNOT 26 31
[12776] = CNOT 27 28
[12777] = CNOT 27 37
[12778] = S 27
[12779] = Z 27
[12780] = CNOT 27 37
[12781] = CNOT 27 38
[12782] = S 27
[12783] = Z 27
[12784] = CNOT 27 38
[12785] = CNOT 27 28
[12786] = CNOT 27 29
[12787] = CNOT 27 34
[12788] = S 27
[12789] = Z 27
[12790] = CNOT 27 34
[12791] = CNOT 27 38
[12792] = S 27
[12793] = Z 27
[12794] = CNOT 27 38
[12795] = CNOT 27 29
[12796] = CNOT 27 30
[12797] = CNOT 27 34
[12798] = S 27
[12799] = Z 27
[12800] = CNOT 27 34
[12801] = CNOT 27 30
[12802] = CNOT 27 31
[12803] = CNOT 27 36
[12804] = S 27
[12805] = Z 27
[12806] = CNOT 27 36
[12807] = CNOT 27 31
[12808] = CNOT 28 29
[12809] = CNOT 28 35
[12810] = S 28
[12811] = Z 28
[12812] = CNOT 28 35
[12813] = CNOT 28 38
[12814] = S 28
[12815] = Z 28
[12816] = CNOT 28 38
[12817] = CNOT 28 39
[12818] = S 28
[12819] = Z 28
[12820] = CNOT 28 29
[12821] = CNOT 28 30
[12822] = S 28
[12823] = Z 28
[12824] = CNOT 28 39
[12825] = CNOT 28 30
[12826] = CNOT 29 30
[12827] = CNOT 29 32
[12828] = S 29
[12829] = Z 29
[12830] = CNOT 29 32
[12831] = CNOT 29 34
[12832] = S 29
[12833] = Z 29
[12834] = CNOT 29 34
[12835] = CNOT 29 39
[12836] = S 29
[12837] = Z 29
[12838] = CNOT 29 39
[12839] = CNOT 29 30
[12840] = CNOT 29 31
[12841] = CNOT 29 32
[12842] = S 29
[12843] = Z 29
[12844] = CNOT 29 32
[12845] = CNOT 29 31
[12846] = CNOT 30 31
[12847] = CNOT 30 32
[12848] = S 30
[12849] = Z 30
[12850] = CNOT 30 32
[12851] = CNOT 30 33
[12852] = S 30
[12853] = Z 30
[12854] = CNOT 30 33
[12855] = CNOT 30 31
[12856] = CNOT 32 33
[12857] = CNOT 32 35
[12858] = S 32
[12859] = CNOT 32 35
[12860] = CNOT 32 36
[12861] = Z 32
[12862] = CNOT 32 36
[12863] = CNOT 32 38
[12864] = S 32
[12865] = CNOT 32 38
[12866] = CNOT 32 33
[12867] = CNOT 32 34
[12868] = CNOT 32 36
[12869] = Z 32
[12870] = CNOT 32 36
[12871] = CNOT 32 37
[12872] = S 32
[12873] = Z 32
[12874] = CNOT 32 37
[12875] = CNOT 32 34
[12876] = CNOT 32 35
[12877] = CNOT 32 36
[12878] = Z 32
[12879] = CNOT 32 36
[12880] = CNOT 32 38
[12881] = Z 32
[12882] = CNOT 32 38
[12883] = CNOT 32 35
[12884] = CNOT 32 36
[12885] = CNOT 32 37
[12886] = Z 32
[12887] = CNOT 32 37
[12888] = CNOT 32 38
[12889] = S 32
[12890] = Z 32
[12891] = CNOT 32 38
[12892] = CNOT 32 39
[12893] = S 32
[12894] = CNOT 32 39
[12895] = CNOT 32 36
[12896] = CNOT 32 37
[12897] = CNOT 32 38
[12898] = S 32
[12899] = Z 32
[12900] = CNOT 32 37
[12901] = CNOT 32 39
[12902] = S 32
[12903] = CNOT 32 39
[12904] = CNOT 32 38
[12905] = CNOT 33 34
[12906] = CNOT 33 35
[12907] = S 33
[12908] = Z 33
[12909] = CNOT 33 35
[12910] = CNOT 33 36
[12911] = S 33
[12912] = CNOT 33 36
[12913] = CNOT 33 38
[12914] = S 33
[12915] = CNOT 33 38
[12916] = CNOT 33 39
[12917] = S 33
[12918] = CNOT 33 39
[12919] = CNOT 33 34
[12920] = CNOT 33 35
[12921] = CNOT 33 36
[12922] = Z 33
[12923] = CNOT 33 36
[12924] = CNOT 33 37
[12925] = S 33
[12926] = CNOT 33 37
[12927] = CNOT 33 38
[12928] = S 33
[12929] = CNOT 33 38
[12930] = CNOT 33 39
[12931] = Z 33
[12932] = CNOT 33 39
[12933] = CNOT 33 35
[12934] = CNOT 33 36
[12935] = CNOT 33 37
[12936] = Z 33
[12937] = CNOT 33 37
[12938] = CNOT 33 39
[12939] = Z 33
[12940] = CNOT 33 39
[12941] = CNOT 33 36
[12942] = CNOT 33 37
[12943] = CNOT 33 38
[12944] = S 33
[12945] = CNOT 33 38
[12946] = CNOT 33 39
[12947] = S 33
[12948] = Z 33
[12949] = CNOT 33 37
[12950] = CNOT 33 38
[12951] = S 33
[12952] = CNOT 33 39
[12953] = CNOT 33 38
[12954] = CNOT 34 35
[12955] = CNOT 34 36
[12956] = S 34
[12957] = CNOT 34 36
[12958] = CNOT 34 38
[12959] = S 34
[12960] = CNOT 34 38
[12961] = CNOT 34 39
[12962] = S 34
[12963] = CNOT 34 39
[12964] = CNOT 34 35
[12965] = CNOT 34 36
[12966] = CNOT 34 37
[12967] = Z 34
[12968] = CNOT 34 37
[12969] = CNOT 34 38
[12970] = S 34
[12971] = CNOT 34 38
[12972] = CNOT 34 39
[12973] = S 34
[12974] = CNOT 34 36
[12975] = CNOT 34 37
[12976] = S 34
[12977] = Z 34
[12978] = CNOT 34 39
[12979] = CNOT 34 37
[12980] = CNOT 35 36
[12981] = CNOT 35 37
[12982] = Z 35
[12983] = CNOT 35 37
[12984] = CNOT 35 39
[12985] = Z 35
[12986] = CNOT 35 39
[12987] = CNOT 35 36
[12988] = CNOT 35 37
[12989] = CNOT 35 38
[12990] = S 35
[12991] = CNOT 35 38
[12992] = CNOT 35 39
[12993] = S 35
[12994] = Z 35
[12995] = CNOT 35 37
[12996] = CNOT 35 38
[12997] = S 35
[12998] = CNOT 35 39
[12999] = CNOT 35 38
[13000] = CNOT 36 37
[13001] = CNOT 36 38
[13002] = S 36
[13003] = Z 36
[13004] = CNOT 36 37
[13005] = CNOT 36 39
[13006] = Z 36
[13007] = CNOT 36 39
[13008] = CNOT 36 38
[13009] = CNOT 37 38
[13010] = CNOT 37 39
[13011] = S 37
[13012] = CNOT 37 39
[13013] = CNOT 37 38
[13014] = CNOT 31 38
[13015] = CNOT 27 38
[13016] = CNOT 26 38
[13017] = CNOT 25 38
[13018] = CNOT 23 38
[13019] = CNOT 30 37
[13020] = CNOT 26 37
[13021] = CNOT 25 37
[13022] = CNOT 24 37
[13023] = CNOT 22 37
[13024] = CNOT 31 36
[13025] = CNOT 29 36
[13026] = CNOT 27 36
[13027] = CNOT 26 36
[13028] = CNOT 24 36
[13029] = CNOT 21 36
[13030] = CNOT 31 35
[13031] = CNOT 30 35
[13032] = CNOT 28 35
[13033] = CNOT 27 35
[13034] = CNOT 20 35
[13035] = CNOT 30 34
[13036] = CNOT 29 34
[13037] = CNOT 27 34
[13038] = CNOT 26 34
[13039] = CNOT 19 34
[13040] = CNOT 29 33
[13041] = CNOT 28 33
[13042] = CNOT 26 33
[13043] = CNOT 25 33
[13044] = CNOT 18 33
[13045] = CNOT 28 32
[13046] = CNOT 27 32
[13047] = CNOT 25 32
[13048] = CNOT 24 32
[13049] = CNOT 17 32
[13050] = CNOT 38 31
[13051] = CNOT 27 31
[13052] = CNOT 26 31
[13053] = CNOT 25 31
[13054] = CNOT 31 38
[13055] = CNOT 37 30
[13056] = CNOT 26 30
[13057] = CNOT 25 30
[13058] = CNOT 24 30
[13059] = CNOT 30 37
[13060] = CNOT 38 29
[13061] = CNOT 36 29
[13062] = CNOT 25 29
[13063] = CNOT 24 29
[13064] = CNOT 29 36
[13065] = CNOT 38 28
[13066] = CNOT 37 28
[13067] = CNOT 35 28
[13068] = CNOT 24 28
[13069] = CNOT 28 35
[13070] = CNOT 38 27
[13071] = CNOT 37 27
[13072] = CNOT 36 27
[13073] = CNOT 34 27
[13074] = CNOT 27 34
[13075] = CNOT 37 26
[13076] = CNOT 36 26
[13077] = CNOT 35 26
[13078] = CNOT 33 26
[13079] = CNOT 26 33
[13080] = CNOT 36 25
[13081] = CNOT 35 25
[13082] = CNOT 34 25
[13083] = CNOT 32 25
[13084] = CNOT 25 32
[13085] = CNOT 39 24
[13086] = CNOT 24 39
[13087] = CNOT 31 23
[13088] = CNOT 23 31
[13089] = CNOT 30 22
[13090] = CNOT 22 30
[13091] = CNOT 29 21
[13092] = CNOT 21 29
[13093] = CNOT 28 20
[13094] = CNOT 20 28
[13095] = CNOT 27 19
[13096] = CNOT 19 27
[13097] = CNOT 26 18
[13098] = CNOT 18 26
[13099] = CNOT 25 17
[13100] = CNOT 17 25
[13101] = H 25
[13102] = M 25
[13103] = H 26
[13104] = M 26
[13105] = H 27
[13106] = M 27
[13107] = H 28
[13108] = M 28
[13109] = H 29
[13110] = M 29
[13111] = H 30
[13112] = M 30
[13113] = H 31
[13114] = M 31
[13115] = H 32
[13116] = M 32
[13117] = H 33
[13118] = M 33
[13119] = H 34
[13120] = M 34
[13121] = H 35
[13122] = M 35
[13123] = H 36
[13124] = M 36
[13125] = H 37
[13126] = M 37
[13127] = H 38
[13128] = M 38
[13129] = H 39
[13130] = M 39
[13131] = H 24
[13132] = H 23
[13133] = H 22
[13134] = H 21
[13135] = H 20
[13136] = H 19
[13137] = H 18
[13138] = H 17
Gate distributions:
Input:
Operator distribution:
Total number of qubits = 24
Number of `data' qubits = 24
Number of `Toff_n' ancillas = 0
Number of Hadamard ancillas = 0
Hadamard ancilla cap = infinite
Number of {CNOT,T} partitions = 1
T count = 448
Cost estimation = 224051
	id	Count
	0	0
	1	0
	2	0
	3	30
	4	21
	5	0
	6	0
	7	0
	8	0
	9	0
	10	64
	11	0
	12	0
	13	0
	14	0
	15	0
	16	0
	17	0
	18	0
Output:
Operator distribution:
Total number of qubits = 39
Number of `data' qubits = 24
Number of `Toff_n' ancillas = 0
Number of Hadamard ancillas = 15
Hadamard ancilla cap = infinite
Number of {CNOT,T} partitions = 1
T count = 220
Cost estimation = 122926
	id	Count
	0	0
	1	0
	2	0
	3	45
	4	8766
	5	220
	6	0
	7	0
	8	0
	9	0
	10	0
	11	1989
	12	0
	13	2104
	14	0
	15	0
	16	0
	17	0
	18	15
Output T Count (SQC_Circuit) = 220
Output T Count (PhasePolynomial) = 220
Fail count = 0

Execution time: 8531.84s
Number of LCL errors: 0
Number of LCL warnings: 0
